"ensembl","gene","baseMean","log2FoldChange","lfcSE","stat","pvalue","padj"
"ENSGALG00010008727","ENSGALG00010008727",183.375997772572,-2.6106612657662,0.427682612058835,-6.10420249071772,1.03315238394129e-09,6.61217525722428e-06
"ENSGALG00010002289","ENSGALG00010002289",19.0699963388489,-3.78734773492252,0.734037454305999,-5.15961101535793,2.47463451737567e-07,0.000791883045560214
"ENSGALG00010006726","ENSGALG00010006726",68.01967184528,-2.67598656430271,0.557062300845819,-4.803747373031,1.55723286115626e-06,0.00332209677046669
"ENSGALG00010001032","ENSGALG00010001032",28.4213328755947,-2.3857709546741,0.572530656230395,-4.16706237248897,3.08550095171936e-05,0.0436464702831369
"ENSGALG00010021806","ENSGALG00010021806",111.122718891063,1.85630558191551,0.448414089553217,4.13971287959542,3.47740777551714e-05,0.0436464702831369
"ENSGALG00010001419","KCND2",189.001545829457,1.50308845947611,0.366407572712765,4.10223088007629,4.09185658904408e-05,0.0436464702831369
"ENSGALG00010029584","TRIM25",17.9240337143353,4.69678330003612,1.16497093979443,4.03167421572326,5.53809211018877e-05,0.0502600011882594
NA,"PALM2AKAP2.1",135.560539299504,1.16166167885709,0.290274573494075,4.00194086886085,6.28250014853242e-05,0.0502600011882594
"ENSGALG00010002366","ENSGALG00010002366",17.5823579700172,-3.17352043423354,0.814937939992221,-3.89418663495263,9.85287704076619e-05,0.070064903401004
"ENSGALG00010029263","TOB1",71.5586662969782,-1.6944467302949,0.448740668746928,-3.77600437915846,0.000159364189922854,0.101993081550626
"ENSGALG00010024208","SERPIND1",13.8401921987439,-2.667222897315,0.714830941432736,-3.73126391530994,0.000190521503048659,0.108021575570886
"ENSGALG00010013434","CORIN",60.2245622382346,-1.61387710154759,0.43432519200797,-3.7158266000789,0.000202540454195412,0.108021575570886
"ENSGALG00010018402","ENSGALG00010018402",84.3066514898288,-1.55793860873279,0.439724710824147,-3.54298626022825,0.000395623314074677,0.194768400775226
"ENSGALG00010006820","ENSGALG00010006820",26.3973219501902,-2.62009285659812,0.7650608051001,-3.42468577547285,0.000615510865068719,0.251541163453592
"ENSGALG00010004132","ST18",10.917255261973,3.88239744866758,1.13494293044913,3.42078649464005,0.000624403305479038,0.251541163453592
"ENSGALG00010025505","SCN9A",97.5425308054631,-1.45979017438029,0.428610921311669,-3.40586322418692,0.000659552131813993,0.251541163453592
"ENSGALG00010008876","ENSGALG00010008876",39.1922560192322,-1.829519822107,0.539939251047383,-3.38838085684282,0.000703065659177712,0.251541163453592
"ENSGALG00010025843","ENSGALG00010025843",95.5515081409583,-1.58756472368524,0.468768393536473,-3.38667185240107,0.000707459522213228,0.251541163453592
"ENSGALG00010018219","SLC24A5",14.2754658999336,-2.42396737532086,0.722298638432453,-3.355907440974,0.000791050387863615,0.266459078017218
"ENSGALG00010008844","ENSGALG00010008844",157.790805746751,-1.29394832871511,0.387352928850725,-3.34048933760291,0.000836308919283707,0.267618854170786
"ENSGALG00010016388","ENSGALG00010016388",955.942813205562,0.839641935049238,0.255129384301121,3.29104363007531,0.0009981643073148,0.295750782709718
"ENSGALG00010007287","ENSGALG00010007287",11.8280287756967,-3.47988386786417,1.05904169631149,-3.28587994220074,0.00101664331556466,0.295750782709718
"ENSGALG00010022660","METAP1D",446.594234693902,-1.23673433394882,0.381607416513615,-3.24085507888626,0.0011917175165545,0.331608352432557
"ENSGALG00010011798","ENSGALG00010011798",11.5735190121636,-2.50137261437989,0.787000884224017,-3.17836061498995,0.00148110412165736,0.374563518339403
"ENSGALG00010008515","TAFA5",1523.15205442925,0.704795080629837,0.222053791188786,3.17398355081736,0.0015036221185288,0.374563518339403
"ENSGALG00010024688","CADM1",251.398902554464,0.826069899998619,0.260547145533534,3.17051986237285,0.00152166429325382,0.374563518339403
NA,"NCBP2.1",27.9997557153251,-1.49570609496342,0.474055974267265,-3.1551255044835,0.00160429077534665,0.38027633193402
"ENSGALG00010004366","UNC5C",91.4020467420325,1.01102784640668,0.321900125143503,3.14081221918124,0.00168480019166316,0.385097186665864
"ENSGALG00010016396","ENSGALG00010016396",89.1255154734492,-1.20504287862111,0.385289957925743,-3.12762597060306,0.00176224284408533,0.388908765591246
"ENSGALG00010007567","TRIP13",69.4088620102661,-1.69380837796389,0.545106841866408,-3.10729612595653,0.00188807165664119,0.402788620083454
"ENSGALG00010021964","ENSGALG00010021964",89.0017031252396,1.53380832259584,0.497935111478173,3.08033775333208,0.00206765973229643,0.42687168666765
"ENSGALG00010022691","ASIC2",26.5545402568035,1.67419073058212,0.548455482366442,3.05255537488371,0.00226901862205307,0.453803724410615
"ENSGALG00010002197","GSTA2",10.4405743600391,-2.56782614863947,0.846997874339346,-3.0316795666605,0.00243197221265264,0.4716552169993
"ENSGALG00010010126","ENSGALG00010010126",15.6996352566022,-2.05809159410273,0.683586793838117,-3.01072462583313,0.00260625096257781,0.490588416485236
"ENSGALG00010021246","PECR",12.2025997637413,-2.31936979956336,0.774510508214903,-2.99462663832549,0.00274780963365228,0.501514476929804
"ENSGALG00010011737","ENSGALG00010011737",162.554213204583,-0.985998935010718,0.330865315905049,-2.98006133496833,0.00288190673058121,0.501514476929804
"ENSGALG00010016949","LUC7L",267.910522764701,0.990436764199663,0.332561184454541,2.97820915517893,0.00289938056975043,0.501514476929804
"ENSGALG00010010988","ANKRD44",202.785867773324,0.89759709977553,0.305156467555739,2.94143233130583,0.00326698213599923,0.550228570273554
"ENSGALG00010007072","ENSGALG00010007072",241.508160531973,-3.36015488464901,1.14549378036223,-2.93336807432203,0.00335306119800389,0.550245940185253
"ENSGALG00010011710","ENSGALG00010011710",31.5510455513275,-1.48596101077736,0.508001996002035,-2.92510860680044,0.00344336025036523,0.550937640058437
"ENSGALG00010016391","ENSGALG00010016391",219.24045616179,0.758314550183474,0.266312644227832,2.84745980568137,0.00440696589273679,0.687916627158913
"ENSGALG00010022528","SIDT1",12.4212351253735,-2.08652429901846,0.743497547469509,-2.80636339167485,0.00501041523943107,0.750936325514553
"ENSGALG00010016702","WDR25",37.4776831121753,-1.33888216772563,0.481394786438509,-2.78125606143567,0.0054149008299566,0.750936325514553
"ENSGALG00010006001","NOP56",41.1483917724902,1.21396457543939,0.437648812201854,2.77383267495189,0.00554001645847974,0.750936325514553
"ENSGALG00010017647","ITGA9",43.0698736304987,1.24962315125155,0.451202021142377,2.76954245038106,0.00561350887010002,0.750936325514553
"ENSGALG00010026565","RSPH14",20.8981663526675,-1.58981175469407,0.574823849146957,-2.76573728987299,0.00567942682708274,0.750936325514553
"ENSGALG00010007014","ENSGALG00010007014",59.210342993907,-1.17075624907188,0.424846498592542,-2.75571589491836,0.00585638409483201,0.750936325514553
"ENSGALG00010026154","ZNF385B",61.8850836395207,1.01346916174679,0.369465007622502,2.74307212005933,0.0060867315630537,0.750936325514553
"ENSGALG00010012494","ENSGALG00010012494",42.7507281429253,1.37222634626315,0.500306464380638,2.74277156894609,0.00609230502493131,0.750936325514553
"ENSGALG00010021045","DPP4",113.656564565214,-0.903234134291452,0.329880751324869,-2.73806255946695,0.00618023182777357,0.750936325514553
"ENSGALG00010002566","TMSB4X",100.154981258478,-0.990525416878763,0.362044963808479,-2.73591823087131,0.00622064813924184,0.750936325514553
"ENSGALG00010020535","LMLN",24.8870853971816,-1.48664396028521,0.545315358584863,-2.72620959025099,0.00640663025641424,0.750936325514553
"ENSGALG00010009625","ENSGALG00010009625",63.5001733721383,-1.48041459300495,0.546223808038813,-2.71027108525404,0.00672282369124777,0.750936325514553
"ENSGALG00010007536","GABBR2",2172.24814306152,0.676757187984482,0.249933407775405,2.7077500123258,0.00677410268061823,0.750936325514553
"ENSGALG00010025791","FIGN",111.207478035311,1.03466871724939,0.383353458609676,2.6989940849937,0.0069549412481137,0.750936325514553
"ENSGALG00010013413","WRB",18.3960662096676,-1.55191580761613,0.575186399930883,-2.69810935690173,0.00697345286572581,0.750936325514553
"ENSGALG00010003541","CNR1",372.048796808586,0.737813552427936,0.273542084410273,2.69725791560952,0.00699130978178918,0.750936325514553
"ENSGALG00010023368","ENSGALG00010023368",57.9564461259402,-1.05814702214029,0.392473392409663,-2.69609874861478,0.00701568650970491,0.750936325514553
"ENSGALG00010001209","CDH7",1348.63417801235,0.732608396158771,0.271814108620806,2.6952552237853,0.00703347338716347,0.750936325514553
"ENSGALG00010025220","NHLH2",43.087728064917,-1.1939772081988,0.443043279528805,-2.69494485836382,0.00704002805169894,0.750936325514553
"ENSGALG00010027355","ADCYAP1R1",1048.94788072044,0.569828547801458,0.213265322494562,2.67192312906843,0.00754179229573857,0.791270011356177
"ENSGALG00010005555","PRSS12",104.147992696891,-0.989768835896643,0.37146103843063,-2.66452934089205,0.00770961405457353,0.795831128214042
"ENSGALG00010021628","REC114",89.2117691921333,-1.01291639562092,0.381835472977846,-2.65275614054771,0.00798375274633783,0.811047898040668
"ENSGALG00010001618","ENSGALG00010001618",197.318304401964,0.770131810561861,0.291989686135338,2.63753086882974,0.00835120244179375,0.835120244179375
"ENSGALG00010006288","ARF5",19.9371658495322,-1.72116549438479,0.654581886585396,-2.62941204096433,0.0085532655503781,0.840482060752569
"ENSGALG00010004715","WDR27",35.0593694112364,1.29758284063621,0.494336321654642,2.62489884678702,0.00866747125151087,0.840482060752569
"ENSGALG00010016778","MTIF2",15.8593575420802,1.80880476523381,0.694993356289456,2.60262166373928,0.00925139835142179,0.883715663419395
"ENSGALG00010000814","CDH18",123.110992442706,0.792921755956499,0.306118057676928,2.59024822636675,0.00959067483734587,0.902651749397259
"ENSGALG00010015035","SLC35F1",214.431091264316,0.68894692562972,0.267820163566876,2.57242366091561,0.0100989225010631,0.936711652272521
"ENSGALG00010019852","ENSGALG00010019852",101.54017376214,0.789401395668587,0.307991291117926,2.56306401652875,0.0103752916390743,0.948598092715368
"ENSGALG00010027909","TIMP4",290.459459175222,-1.04382040584828,0.40821010788658,-2.55706653432085,0.0105559025207613,0.95151797370243
"ENSGALG00010022748","ENSGALG00010022748",10.8101087706767,-2.27755136178204,0.892558347250085,-2.55171145819097,0.0107195253366963,0.952846696595224
"ENSGALG00010009044","ENSGALG00010009044",575.087997805733,0.628191505492636,0.246892616419405,2.5443916250031,0.0109468275341097,0.959721866004139
"ENSGALG00010010239","ENSGALG00010010239",110.039388620506,0.855453831714178,0.33935373123745,2.52083225546033,0.0117077649458987,0.990981089744417
"ENSGALG00010014107","ENSGALG00010014107",17.8756693597089,-1.77937069510552,0.708564268501449,-2.51123401814874,0.0120309911766791,0.990981089744417
"ENSGALG00010016066","C14orf2",25.3907744038499,-1.30383641759069,0.519460343237397,-2.50998258974859,0.0120737114188524,0.990981089744417
"ENSGALG00010016389","ENSGALG00010016389",40.1759828841724,1.11621854117104,0.445148713039321,2.50751829326852,0.0121582288027745,0.990981089744417
"ENSGALG00010017434","FGF13",227.121541314954,0.743055728394915,0.296772219492909,2.50379139147378,0.0122870455920932,0.990981089744417
"ENSGALG00010008269","ENSGALG00010008269",106.941248548919,-1.03715764720827,0.414249648999681,-2.50370193363535,0.012290152420526,0.990981089744417
"ENSGALG00010003070","ENSGALG00010003070",20.3505556096885,1.46645475101701,0.586367109629271,2.50091576920843,0.0123872636218052,0.990981089744417
"ENSGALG00010026053","ENSGALG00010026053",34.1724443874973,1.16601883175691,0.470016495130771,2.48080406504136,0.013108640713985,0.998861670134564
"ENSGALG00010001521","TBC1D5",217.594985868966,0.653383346658813,0.264433423665657,2.47088033578136,0.0134780911003167,0.998861670134564
"ENSGALG00010007360","ROBO1",586.365493251464,0.816302728665733,0.33162983946148,2.46148757298587,0.013836219090425,0.998861670134564
"ENSGALG00010016404","ESRRG",419.589209300078,0.687198077961931,0.279206456180611,2.46125425379634,0.0138452210537469,0.998861670134564
"ENSGALG00010021453","ENSGALG00010021453",12.7577197263351,1.78291373385298,0.724665988504843,2.46032484225119,0.0138811311277204,0.998861670134564
"ENSGALG00010017904","MEGF11",253.919428544279,0.898553225799066,0.367116499179622,2.44759695575388,0.0143812426660101,0.998861670134564
"ENSGALG00010001223","GRM8",24.7633583910695,1.33439475471909,0.546070062274024,2.44363287224026,0.0145402142895731,0.998861670134564
"ENSGALG00010012582","CD24",23.7728643861308,-1.44169979051912,0.590540000937725,-2.44132453048029,0.0146334977985381,0.998861670134564
"ENSGALG00010016779","CTNNA2",851.20105819538,0.540066168169482,0.222220232830088,2.43031951362603,0.0150855174273039,0.998861670134564
"ENSGALG00010022290","NEXN",21.4446833957426,-1.29843151971657,0.537880309975329,-2.4139785294913,0.0157793921633899,0.998861670134564
"ENSGALG00010013519","ENSGALG00010013519",115.636000404373,-0.914557912403334,0.380840487381807,-2.40141986659747,0.0163315856113,0.998861670134564
"ENSGALG00010003485","RNGTT",89.9275911208001,0.79164825038954,0.330277234662566,2.39692042716279,0.0165335137853835,0.998861670134564
"ENSGALG00010015461","ENSGALG00010015461",14.0737093736888,-1.65441371789292,0.69432346352267,-2.38277086229984,0.0171828859511361,0.998861670134564
"ENSGALG00010016220","ENSGALG00010016220",12.8429002538646,-1.89737274502023,0.800463664869678,-2.37034212580922,0.0177716318668268,0.998861670134564
"ENSGALG00010023622","ENSGALG00010023622",132.930159247426,0.891495029584578,0.377081980895677,2.36419419317524,0.0180693382697438,0.998861670134564
"ENSGALG00010003372","ENOX1",160.885070831389,0.87732846904271,0.37239239425813,2.35592477872836,0.0184766587354492,0.998861670134564
"ENSGALG00010005561","CLYBL",16.6266651739797,1.46378353054419,0.624118432565404,2.34536180020735,0.0190086240684239,0.998861670134564
"ENSGALG00010024545","PHACTR3",153.576884674701,0.652098852013953,0.279947586583583,2.32936050627197,0.0198399754526985,0.998861670134564
"ENSGALG00010015218","PLCL1",16.8101784039548,1.48991302829105,0.641036788342288,2.32422390631269,0.0201134966621977,0.998861670134564
"ENSGALG00010011129","MSRA",208.507239720419,0.607971627899977,0.262246374765916,2.31832233502812,0.0204318094405428,0.998861670134564
"ENSGALG00010001504","RBMS3",590.196038576458,0.642108483390971,0.27737922579958,2.31491194605513,0.0206177514611027,0.998861670134564
"ENSGALG00010028712","FBXW2",75.7181143900497,-0.949708450402751,0.410325108851258,-2.31452677381003,0.0206388443600442,0.998861670134564
"ENSGALG00010013465","CALD1",305.048793051838,0.740785247962598,0.321146295783252,2.30669093086028,0.0210720562017734,0.998861670134564
"ENSGALG00010015483","SGCD",226.532761343165,0.840217555469187,0.364255091342727,2.30667346988055,0.0210730303283015,0.998861670134564
"ENSGALG00010009841","GABRA1",414.106665742989,0.613542361246814,0.26815215941641,2.28803811456186,0.0221353016023477,0.998861670134564
"ENSGALG00010013336","MTNR1A",17.720814157356,1.3304201530947,0.581514297018759,2.28785458915687,0.022145990573789,0.998861670134564
"ENSGALG00010029524","ENSGALG00010029524",36.077888744506,1.10039985942825,0.48126097356378,2.28649302535314,0.022225431695171,0.998861670134564
"ENSGALG00010020282","MAGI1",384.388202383172,0.563637486980216,0.24777910413237,2.27475795004532,0.0229204540233332,0.998861670134564
"ENSGALG00010005368","CCDC3",41.4054807441014,1.00398618336552,0.441725793320049,2.27287199105914,0.0230338951190502,0.998861670134564
"ENSGALG00010001857","HNRNPA2B1",70.2439555417124,-1.00229911506738,0.441680809282367,-2.2692838221699,0.0232510716960457,0.998861670134564
"ENSGALG00010014910","CACNG2",176.02731874814,0.615978510839357,0.271809698030191,2.26621241001834,0.0234383811785853,0.998861670134564
"ENSGALG00010003334","TAC1",17.350759307556,-1.57914756887292,0.699383266098734,-2.25791443035468,0.0239509947814124,0.998861670134564
"ENSGALG00010029174","CALN1",140.223788106828,0.673105578360463,0.298124540035891,2.25779997272089,0.0239581329327196,0.998861670134564
"ENSGALG00010005396","MICU2",157.546627050118,0.606745838807597,0.268903873686736,2.25636704480663,0.0240476537449707,0.998861670134564
"ENSGALG00010009386","TMEM60",19.3166896109515,-1.65335335961061,0.733953182054143,-2.25266869881715,0.0242800459599047,0.998861670134564
"ENSGALG00010008160","TXNL4A",26.0311053858895,-1.12080262978388,0.49810853691627,-2.25011728713311,0.0244415009868738,0.998861670134564
"ENSGALG00010016315","RPS4Y1",31.5945784100725,-1.05289537251649,0.46820590804953,-2.24878702813187,0.0245260490681739,0.998861670134564
"ENSGALG00010005010","NKAIN2",1280.93507795905,0.607083030014994,0.270747365842364,2.24224907277012,0.0249452791746038,0.998861670134564
"ENSGALG00010021773","ENSGALG00010021773",34.6524791420001,1.01772265451656,0.454129066601747,2.24104275494232,0.0250233056791794,0.998861670134564
"ENSGALG00010018048","GFRA4",85.159490197005,0.892269115163647,0.39844227215887,2.239393702704,0.0251303107524584,0.998861670134564
"ENSGALG00010011658","TENM1",791.225877661512,0.637916379615708,0.285069026044384,2.23776110813381,0.0252366378833187,0.998861670134564
"ENSGALG00010011878","ENSGALG00010011878",67.6168493775825,1.00993886757423,0.453091055889103,2.22899758105448,0.0258140657323261,0.998861670134564
"ENSGALG00010003069","ENSGALG00010003069",13.1593750478325,1.60150921644729,0.72387563234176,2.21240934891862,0.0269383935025797,0.998861670134564
"ENSGALG00010016287","BCL11B",460.519382834482,0.603987329018873,0.273065925374352,2.21187366454036,0.0269753953859083,0.998861670134564
"ENSGALG00010024751","MTMR10",54.0050886928182,-0.912810825103694,0.413032069086115,-2.2100240960064,0.0271034900292721,0.998861670134564
"ENSGALG00010010178","LGI2",117.351505646781,-0.668404623565746,0.302965144167132,-2.20620964633812,0.0273693241790558,0.998861670134564
"ENSGALG00010006803","COX4I1",67.5590205451685,-0.802349671704621,0.36417668461046,-2.20318791842166,0.0275815064895251,0.998861670134564
"ENSGALG00010024570","TPM1",38.4636471046261,-0.957545566560079,0.436561367002278,-2.19338136385092,0.0282799138873939,0.998861670134564
"ENSGALG00010003356","ENSGALG00010003356",14.627483017232,-4.1005918553541,1.86997019389604,-2.1928648214497,0.0283171199461759,0.998861670134564
"ENSGALG00010003196","ENSGALG00010003196",76.2671655374063,0.770254639580902,0.352678784624537,2.18401183502126,0.0289613784145633,0.998861670134564
"ENSGALG00010018429","ENSGALG00010018429",35.6905815616423,-1.15434794914,0.529002445269586,-2.18212214227427,0.0291005194408378,0.998861670134564
"ENSGALG00010013358","RPS16",36.0556351743656,-0.970267463992581,0.445535918421573,-2.17775363079593,0.0294243837546616,0.998861670134564
"ENSGALG00010018760","ENSGALG00010018760",14.3932406298165,-1.73421606786514,0.797610962919115,-2.17426307872978,0.0296853835312445,0.998861670134564
"ENSGALG00010019124","BMPER",176.111635074999,0.774196657182145,0.357277366745451,2.16693451430898,0.030239847769572,0.998861670134564
"ENSGALG00010018849","KCNH1",148.883725624944,0.798260839326918,0.368758752665699,2.16472377552103,0.0304088451962939,0.998861670134564
"ENSGALG00010018579","FNDC3B",47.4921267287569,0.882503940043628,0.408116260696305,2.16238367600926,0.0305886147653661,0.998861670134564
"ENSGALG00010005069","ENSGALG00010005069",110.551120707051,-1.02432597095114,0.473732589525184,-2.16224510113988,0.0305992888376036,0.998861670134564
"ENSGALG00010020773","ZCCHC24",61.751457237168,0.833990409179758,0.385980053626372,2.16070856860147,0.0307178586015991,0.998861670134564
"ENSGALG00010003753","SLCO5A1",26.0749142274757,1.10006117729152,0.50940548772471,2.15950005211961,0.0308113932924819,0.998861670134564
"ENSGALG00010024646","RORA",376.555400926398,0.518191490025602,0.240360987416489,2.15588850584849,0.031092372205218,0.998861670134564
"ENSGALG00010016919","ARHGDIG",47.7464586868598,0.851817388112662,0.396654579646779,2.14750423119079,0.0317531607017067,0.998861670134564
"ENSGALG00010007037","ENSGALG00010007037",17.5282380106765,-1.40873317380728,0.657554498774107,-2.1423823826521,0.032162724375938,0.998861670134564
"ENSGALG00010020993","ENSGALG00010020993",22.7317271823435,-1.19982957335112,0.561727688348614,-2.13596302663736,0.0326824276072899,0.998861670134564
"ENSGALG00010024642","RAB3B",22.1336627198472,1.19073681222888,0.5605756531736,2.12413222994566,0.0336590881331347,0.998861670134564
"ENSGALG00010007900","FHOD3",263.625838741582,0.673156124212912,0.317005832303865,2.12348182782852,0.0337134966866166,0.998861670134564
"ENSGALG00010025219","NACA",13.2372539086287,-1.39175259384638,0.655447944589664,-2.12336098592493,0.0337236138418734,0.998861670134564
"ENSGALG00010024248","ENSGALG00010024248",42.8835935372105,-1.03515606480301,0.48772532621044,-2.12241605914959,0.0338028147984185,0.998861670134564
"ENSGALG00010029563","ADPRM",20.7408832304514,1.29042270088593,0.608387357755895,2.12105443092342,0.0339172221318838,0.998861670134564
"ENSGALG00010007117","ENSGALG00010007117",68.8266979054027,-1.02783989734156,0.484753507828173,-2.12033514093907,0.0339777921565256,0.998861670134564
"ENSGALG00010013589","DSCAM",182.147443224608,0.67222002052896,0.317150275167955,2.11956310040396,0.0340429070728436,0.998861670134564
"ENSGALG00010014833","ENSGALG00010014833",18.6575625116144,-1.43492793340496,0.677810455544825,-2.11700471963295,0.0342594472406173,0.998861670134564
"ENSGALG00010026433","VPS11",46.5481072261,-0.84820584797078,0.401346164504622,-2.11340215252266,0.0345663618902016,0.998861670134564
"ENSGALG00010013523","TMEM178B",670.588792713264,0.478063871951585,0.226265022250406,2.11284920310182,0.0346136767856616,0.998861670134564
"ENSGALG00010008999","TRAPPC9",204.52790632786,0.620904292109933,0.293968396513171,2.11214640578589,0.0346738937293255,0.998861670134564
"ENSGALG00010002324","SNTG2",57.2820406469332,1.21756753072427,0.576559534410004,2.11178110508607,0.0347052286785723,0.998861670134564
"ENSGALG00010018165","DACH2",42.1996700066286,0.947102580525235,0.450070474901701,2.10434283815683,0.0353485517935586,0.998861670134564
"ENSGALG00010009729","ENSGALG00010009729",12.714089831986,-1.53165882527886,0.728604428698268,-2.10218160218343,0.0355373707922337,0.998861670134564
"ENSGALG00010011738","FGD6",34.4248144749471,-1.05730008467988,0.503173423124215,-2.10126377127607,0.0356178181329854,0.998861670134564
"ENSGALG00010018017","ENSGALG00010018017",79.8842228858979,0.803790613415348,0.382850056836275,2.09949195269178,0.035773556467941,0.998861670134564
NA,"UHRF1BP1L",27.5892863000132,-1.00610931026764,0.480873649520608,-2.09225294684092,0.0364158944100786,0.998861670134564
"ENSGALG00010018906","ENSGALG00010018906",111.129148883565,0.69946426234969,0.335101142978396,2.08732281881469,0.0368589634460977,0.998861670134564
"ENSGALG00010017477","MCF2",40.0253949407073,-0.923286319341442,0.443291786124147,-2.08279591059887,0.0372698305035063,0.998861670134564
"ENSGALG00010028463","RPS28",41.0978009982239,-0.895763978847306,0.43021173362408,-2.08214678688896,0.0373290640805862,0.998861670134564
"ENSGALG00010018443","PLCB1",494.866489368938,0.571798292484736,0.275037369156978,2.07898400947248,0.0376188202274985,0.998861670134564
"ENSGALG00010024544","ZNF536",328.187026854314,0.53806618345821,0.259460506707294,2.07378837838015,0.0380989689697604,0.998861670134564
"ENSGALG00010024155","SNX7",52.1067356040161,-0.916571246888995,0.442003416555038,-2.07367457480923,0.0381095440618245,0.998861670134564
"ENSGALG00010010298","KCNIP4",1144.38773704802,0.517622549470699,0.249731926330501,2.07271275674087,0.0381990198531967,0.998861670134564
"ENSGALG00010004312","PDLIM5",19.3605238464885,-1.49509888639151,0.72223085502722,-2.07011217533093,0.0384418409853577,0.998861670134564
"ENSGALG00010005249","PDGFD",143.825231794701,0.837624525393526,0.404983015063546,2.06829544508699,0.038612249825121,0.998861670134564
"ENSGALG00010024401","KCNC1",588.686639293752,0.473899952602197,0.22963312264167,2.06372646572285,0.0390436585599519,0.998861670134564
"ENSGALG00010022834","CHRNA7",77.5859481740736,0.713804255671714,0.346349928253017,2.06093374776236,0.0393093611365086,0.998861670134564
"ENSGALG00010023783","VPS35",18.4894182158584,-1.19804141107737,0.582358978847027,-2.05722149841202,0.0396649244905559,0.998861670134564
"ENSGALG00010025907","ARHGEF12",52.2055467233939,0.797833846595511,0.388454078090004,2.05386914849342,0.039988358051268,0.998861670134564
"ENSGALG00010009990","ENSGALG00010009990",14.0606146519547,1.5132166496067,0.740904232477758,2.04239169284557,0.0411126931144008,0.998861670134564
"ENSGALG00010003986","FNDC3A",134.170947735413,0.590188962921572,0.289425463759434,2.03917428430598,0.0414326364559025,0.998861670134564
"ENSGALG00010005999","PDE10A",1182.81840404259,0.70633654218958,0.346732712470952,2.03712115062911,0.0416379028604932,0.998861670134564
"ENSGALG00010029634","DDX5",624.950857321092,-0.576948904522496,0.283357132323929,-2.0361192244949,0.0417383847437763,0.998861670134564
"ENSGALG00010024337","ENSGALG00010024337",261.812300081147,0.570332534096884,0.28076694711727,2.03133787631586,0.0422207316404258,0.998861670134564
"ENSGALG00010005643","ENSGALG00010005643",628.401808964121,0.623716584911879,0.307057739039634,2.03126808287796,0.0422278072439454,0.998861670134564
"ENSGALG00010003834","MAPK10",350.831556180748,0.469817970905004,0.231393720394881,2.03038340929582,0.0423175817364372,0.998861670134564
"ENSGALG00010017985","ABCC5",121.821494181452,-0.608295895862871,0.29988167199234,-2.02845306224119,0.0425140291992006,0.998861670134564
"ENSGALG00010021427","RPLP0",40.8805563498453,-0.844927919185956,0.416760158721055,-2.02737210240742,0.0426243727555903,0.998861670134564
"ENSGALG00010015887","SLC9A9",129.079024197555,-0.766277166505949,0.378716639979729,-2.02335225235143,0.0430368432368469,0.998861670134564
"ENSGALG00010006244","EPHA3",449.917831563359,0.534598924036891,0.264440554121323,2.02162231059167,0.0432153853770466,0.998861670134564
"ENSGALG00010016745","BEGAIN",368.688790973637,0.57846820772526,0.286140620887782,2.0216221168826,0.0432154054041766,0.998861670134564
"ENSGALG00010012775","KCNE2",85.4698605129289,0.760083274099127,0.376487854983377,2.01887860136335,0.0434998388436954,0.998861670134564
"ENSGALG00010007080","ENSGALG00010007080",62.0433616105398,-2.66347547054621,1.32371230994655,-2.0121256337442,0.0442066951546354,0.998861670134564
"ENSGALG00010023309","PIK3R3",53.9615109458562,0.778439399559299,0.387725387550207,2.00770809587107,0.0446743198283347,0.998861670134564
"ENSGALG00010018484","NLGN1",971.917141211272,0.484184315088056,0.241914321979894,2.00147023593046,0.0453417382201033,0.998861670134564
"ENSGALG00010021346","RPS21",28.7158696280427,-0.991627040408007,0.495882291744028,-1.99972262957896,0.0455302231992591,0.998861670134564
"ENSGALG00010012653","CBX7",18.8062908056035,-1.20342866757805,0.601889406112342,-1.999418257502,0.0455631181301603,0.998861670134564
"ENSGALG00010017538","H3F3C",33.4041454216445,-0.891254189721452,0.446022049715716,-1.99822898955223,0.0456918400108701,0.998861670134564
"ENSGALG00010025292","ATP1A1",19.8974359063365,1.15281486107147,0.57830052495502,1.99345290437205,0.0462118756937282,0.998861670134564
"ENSGALG00010007049","ENSGALG00010007049",319.149396221078,-0.74698760000665,0.374866656715677,-1.99267549307063,0.0462969926126338,0.998861670134564
"ENSGALG00010024870","TPD52L2",19.6637847585759,-1.13169421209121,0.568840301109985,-1.98947614977863,0.0466486717768915,0.998861670134564
"ENSGALG00010021874","TMCC1",68.0157060377736,0.702344996407573,0.35358003455353,1.98638194403265,0.0469909299705501,0.998861670134564
"ENSGALG00010011739","ENSGALG00010011739",212.480246927972,0.532600647072717,0.26824175558244,1.98552475887383,0.0470861182986522,0.998861670134564
"ENSGALG00010002247","RFTN1",11.7786857581068,-1.45993343021164,0.735475458963238,-1.9850199111601,0.0471422562671164,0.998861670134564
"ENSGALG00010020663","ENSGALG00010020663",493.007307380915,0.523269809692023,0.26380495269226,1.98354808866095,0.0473062411299124,0.998861670134564
"ENSGALG00010009091","EXT1",153.107161606849,0.597818004723443,0.302165147475438,1.97844791074734,0.0478781993703839,0.998861670134564
"ENSGALG00010009798","YIPF4",11.5994028392383,-1.41671401233581,0.716941660200091,-1.97605201508366,0.0481488863367503,0.998861670134564
"ENSGALG00010020125","NAV2",459.067928075416,0.473176731191206,0.240322203510449,1.96892640080438,0.0489615433488939,0.998861670134564
"ENSGALG00010012879","RCAN1",46.6365648917632,0.799750379104223,0.406510879221423,1.96735295408565,0.0491425340949354,0.998861670134564
"ENSGALG00010020714","PGAM1",17.6559304684394,-1.3165718236539,0.669870996871053,-1.96541099674947,0.0493666877419251,0.998861670134564
"ENSGALG00010011625","ERBB4",1654.66252557486,0.464973490947042,0.236794798258931,1.96361361974937,0.0495749167317049,0.998861670134564
"ENSGALG00010014295","CACNA1C",1126.87445779262,0.43911009807157,0.22452142473527,1.95576034041882,0.0504933928367,0.998861670134564
"ENSGALG00010010920","UBN2",41.1236264077675,0.857778018398601,0.438596744334568,1.95573275332905,0.0504966442321421,0.998861670134564
"ENSGALG00010006139","GAREM1",99.242090258365,0.62694037610119,0.321096065517202,1.95250095977151,0.0508787571160295,0.998861670134564
"ENSGALG00010027311","NFASC",97.3632722282852,0.615537660650405,0.315863210804228,1.94874755778987,0.0513255792912644,0.998861670134564
"ENSGALG00010019282","IGFBP2",32.2453536796263,0.921241837263628,0.473332876604261,1.94628744969653,0.0516202203031016,0.998861670134564
"ENSGALG00010017439","PPP4R4",86.0203881107138,-0.675449234726758,0.347270940313613,-1.94502089382076,0.0517724636705716,0.998861670134564
"ENSGALG00010028314","MEF2D",111.1653062451,0.677581331753498,0.348427495850997,1.94468387203076,0.0518130378078936,0.998861670134564
"ENSGALG00010020350","PDZRN3",651.267428489181,0.45161933617933,0.232331200439251,1.94386003827935,0.0519123313723375,0.998861670134564
"ENSGALG00010012018","ENSGALG00010012018",58.1742404320431,0.706245978033103,0.363340643565698,1.9437571616053,0.0519247418817081,0.998861670134564
"ENSGALG00010011691","ENSGALG00010011691",18.4226348363203,-1.28651500865944,0.662531918979069,-1.94181589113759,0.052159392401508,0.998861670134564
"ENSGALG00010011703","YWHAZ",84.1599200369846,-0.650481347674325,0.335040585603923,-1.9415001513975,0.0521976410792185,0.998861670134564
"ENSGALG00010019735","ENSGALG00010019735",20.3159566720236,-1.0730376275224,0.554286322177672,-1.93589050385848,0.0528811130499328,0.998861670134564
"ENSGALG00010001639","ZNF385D",978.504362963123,0.597675015610145,0.309088115833014,1.93367193688236,0.0531534763357584,0.998861670134564
"ENSGALG00010001633","B3GAT2",32.9233252640227,-0.896854741401938,0.464410288909406,-1.93116897454632,0.0534621594393846,0.998861670134564
"ENSGALG00010016185","ENSGALG00010016185",24.732740845954,0.994024599364937,0.515083564491841,1.92983171642372,0.0536276922916241,0.998861670134564
"ENSGALG00010029407","UBE2O",39.0373487229471,0.862520659788281,0.44710163005515,1.92913781075209,0.0537137561024063,0.998861670134564
"ENSGALG00010028751","EHMT1",129.149516915815,0.578075412801952,0.299671590935244,1.92902974552189,0.053727169601102,0.998861670134564
"ENSGALG00010008586","ENSGALG00010008586",11.0283502345241,-1.54143387346291,0.799210644868019,-1.92869537381783,0.0537686909004781,0.998861670134564
"ENSGALG00010011040","CDH6",36.3787922680281,1.01172986980199,0.52614022178775,1.92292820032704,0.0544890675922211,0.998861670134564
"ENSGALG00010028547","ZNF618",144.743055400439,0.534153111176524,0.277815524251092,1.92268993108446,0.054519002120551,0.998861670134564
"ENSGALG00010010826","NCOA1",118.264391888851,0.567363337864756,0.295137757283481,1.9223678565796,0.0545594871752214,0.998861670134564
"ENSGALG00010001281","LRRN3",67.8640956441704,-0.677357002670756,0.353266810636803,-1.91740911479837,0.055185977176722,0.998861670134564
"ENSGALG00010004986","ENSGALG00010004986",33.4167833062496,0.898069607833464,0.469497144700114,1.91283294897799,0.0557694415897407,0.998861670134564
"ENSGALG00010003718","SIAH3",111.792120688023,0.578732138189813,0.303483593517343,1.90696350824889,0.0565253131427133,0.998861670134564
"ENSGALG00010004069","ENSGALG00010004069",329.639134521991,0.551543785066753,0.28937875069046,1.90595813877406,0.0566556370195053,0.998861670134564
"ENSGALG00010023397","ENSGALG00010023397",16.8784759355571,1.35260113374684,0.710032098796978,1.90498589576243,0.0567819045270115,0.998861670134564
"ENSGALG00010021623","FAR1",78.2984220732723,-0.647335067453767,0.340902348568596,-1.89888708649806,0.0575793235764962,0.998861670134564
"ENSGALG00010013268","PTPRR",102.741278065916,0.611564436940748,0.322723963632223,1.89500782668153,0.05809136477907,0.998861670134564
"ENSGALG00010025368","LRP1",12.0935231268512,-1.38625628829872,0.73170653421487,-1.89455228766843,0.0581517409375105,0.998861670134564
"ENSGALG00010001525","EEF1A1",69.6715960457823,-0.72570961753306,0.383349573972168,-1.89307532029695,0.0583478536801857,0.998861670134564
"ENSGALG00010025216","DPP6",1209.65372161405,0.433573186443996,0.229491809725854,1.88927520752019,0.0588549618236805,0.998861670134564
"ENSGALG00010011213","XKR6",131.749732187508,0.534585965585783,0.283491141636999,1.88572370374205,0.0593321969462632,0.998861670134564
"ENSGALG00010021118","USMG5",23.1286988809887,-0.983393114531705,0.522008166509679,-1.88386538300157,0.0595831867486777,0.998861670134564
"ENSGALG00010002819","BMP3",14.5680386657562,1.24480854838877,0.661075273321794,1.88300576140718,0.0596995871792489,0.998861670134564
"ENSGALG00010016752","TLR5",77.7669825120039,0.677163852832336,0.360247553528543,1.87971811661084,0.060146505181801,0.998861670134564
"ENSGALG00010001382","BNIP3",11.1358780794882,-1.41162894809886,0.751050654047356,-1.87953893720976,0.0601709420869515,0.998861670134564
"ENSGALG00010011853","NRG2",84.0093327140304,0.639637017251274,0.340807783716378,1.8768263162193,0.0605419023815684,0.998861670134564
"ENSGALG00010003133","SAT1",302.442068199164,-0.675353213000539,0.360390286744181,-1.87394954259667,0.0609373800208107,0.998861670134564
"ENSGALG00010009601","ZHX2",16.4158387984725,1.1835770064778,0.634488587993002,1.86540314337513,0.0621249170981072,0.998861670134564
"ENSGALG00010001123","CP",21.1296359458404,-1.03727064022812,0.55637063383604,-1.86435188549833,0.0622723049254074,0.998861670134564
"ENSGALG00010028762","CACNA1B",426.811064466507,0.446851659076158,0.240185343523538,1.86044515673108,0.062822570905694,0.998861670134564
"ENSGALG00010025113","SDHD",17.6102014640484,-1.13901183336407,0.612669455217491,-1.85909681585111,0.0630134165412937,0.998861670134564
"ENSGALG00010013221","C2orf49",13.6593891863947,-1.22399731875168,0.659239313253759,-1.85668132064285,0.0633565065911343,0.998861670134564
"ENSGALG00010027574","GNG7",10.8533141839936,-1.45899732170334,0.786503394365896,-1.85504262556887,0.0635901398478083,0.998861670134564
"ENSGALG00010013650","BACE2",66.2063728777933,0.761247025101069,0.41070931181148,1.85349346413282,0.0638116620797993,0.998861670134564
"ENSGALG00010027133","CELF5",50.9871618668969,0.738929489268255,0.398748511608724,1.85312162366975,0.0638649281280519,0.998861670134564
"ENSGALG00010004583","XKR4",1049.57634577995,0.402916215147693,0.217766281925181,1.85022314559296,0.0642813943108807,0.998861670134564
"ENSGALG00010022317","PSME3",14.3271490953322,-1.16319197165624,0.629089300838622,-1.84900930615991,0.0644564689521669,0.998861670134564
"ENSGALG00010008223","ENSGALG00010008223",12.9580929138117,-1.39831206167656,0.757537909265265,-1.84586414036069,0.0649119346033419,0.998861670134564
"ENSGALG00010011312","VPS13B",187.523579575138,0.482624267229248,0.26190746421324,1.84272818905346,0.0653687061253803,0.998861670134564
"ENSGALG00010008154","KCNQ3",438.460001887422,0.617787662975895,0.335628789317702,1.84068733862728,0.0656673904348093,0.998861670134564
"ENSGALG00010020015","ATP6V1D",33.0183223111683,-0.868451265765176,0.472520078598715,-1.83791399582557,0.0660750794222559,0.998861670134564
"ENSGALG00010019120","DAGLB",10.4318702704998,1.42369742201699,0.77555920992263,1.83570435861243,0.0664013929881396,0.998861670134564
"ENSGALG00010022076","YWHAB",57.9807725212379,-0.739031819142695,0.402757813618194,-1.83492857035738,0.0665162737871088,0.998861670134564
"ENSGALG00010016652","FXR1",134.215384569388,-0.58219463674365,0.317455376898046,-1.83394164695666,0.0666626565840859,0.998861670134564
"ENSGALG00010015127","RPL11",34.6864378626783,-0.816475471172003,0.44527832457908,-1.83362949890681,0.0667090103012829,0.998861670134564
"ENSGALG00010022828","PRKG1",165.295607729729,0.494186781100321,0.270279134566127,1.82843112137986,0.0674848742180985,0.998861670134564
"ENSGALG00010024424","SAMHD1",20.3988564937105,1.07339835868212,0.587128378317926,1.82821747052547,0.0675169200443048,0.998861670134564
"ENSGALG00010003965","SNTG1",1028.1714410482,0.504450238783324,0.275927353017371,1.82819946361594,0.0675196215008661,0.998861670134564
"ENSGALG00010020307","SHQ1",14.8329700435484,-1.21259201873669,0.664041419625319,-1.82607889041151,0.0678383794421464,0.998861670134564
"ENSGALG00010023015","METTL2B",10.6721652608639,1.51502457459186,0.83122523784064,1.82264024914306,0.0683578954202544,0.998861670134564
"ENSGALG00010017385","ENSGALG00010017385",56.3814321422896,0.746961208199067,0.409921297671182,1.82220639045264,0.0684236753103689,0.998861670134564
"ENSGALG00010002485","ENSGALG00010002485",16.1164279785567,-1.2209212904943,0.671721561773142,-1.81760026769342,0.069125250697721,0.998861670134564
"ENSGALG00010008051","ENSGALG00010008051",62.4957101792657,-0.648366715166779,0.356830766731961,-1.81701460640531,0.0692148768482256,0.998861670134564
"ENSGALG00010002747","FUT9",729.869386887106,0.593579450620296,0.327704595431668,1.81132476899936,0.070090593744946,0.998861670134564
"ENSGALG00010009041","ENSGALG00010009041",2242.15159021819,0.494389371901001,0.273045068263703,1.81065116848596,0.070194866196915,0.998861670134564
"ENSGALG00010019676","NEUROD6",48.6738275258542,-0.746032380763591,0.412494324441797,-1.8085882315427,0.0705149981513531,0.998861670134564
"ENSGALG00010001259","ENSGALG00010001259",64.3992321149078,-0.873019183931345,0.482932897992365,-1.80774427992095,0.0706463095095534,0.998861670134564
"ENSGALG00010009018","ENSGALG00010009018",11.8126301818796,1.61754016870833,0.89522444978245,1.80685432474662,0.0707849957936686,0.998861670134564
"ENSGALG00010024920","VIPR2",26.8755666814547,0.918027960597487,0.509394486700336,1.80219453599532,0.0715148040758945,0.998861670134564
"ENSGALG00010001364","SMCHD1",97.6973366064396,0.577386926460656,0.320545012160352,1.80126629508064,0.0716609175863183,0.998861670134564
"ENSGALG00010027663","COPA",19.676784443434,-0.988806910416964,0.549235374019609,-1.80033362232357,0.071807974970568,0.998861670134564
"ENSGALG00010018035","ITM2A",30.5674808495679,-0.866505551572437,0.481522298763516,-1.79951282380381,0.071937597236834,0.998861670134564
"ENSGALG00010005542","KCTD1",20.6182020124103,0.982873437111614,0.546483991582254,1.79854021755672,0.0720914413512167,0.998861670134564
"ENSGALG00010015914","SRRM1",64.7528945033975,-0.621808388349406,0.345755439278324,-1.7984052243611,0.0721128154736746,0.998861670134564
"ENSGALG00010001531","ENSGALG00010001531",11.2525645644338,1.63927978980015,0.911706292868166,1.79803496216208,0.072171467510846,0.998861670134564
"ENSGALG00010005296","PAN3",122.841348241448,0.519517126382886,0.289123198930855,1.79687112035285,0.0723560823624694,0.998861670134564
"ENSGALG00010023267","DSCAML1",191.35204013023,0.50591757264432,0.28181545277423,1.79520877107341,0.0726204435412992,0.998861670134564
"ENSGALG00010021075","DHRS3",40.3987298966462,0.780390000128771,0.434910117572367,1.79437076443483,0.0727540100544356,0.998861670134564
"ENSGALG00010002086","ENSGALG00010002086",11.8140608463891,1.51076187280091,0.842531644084937,1.79312181733154,0.0729534477872595,0.998861670134564
"ENSGALG00010002364","VSNL1",229.575764020055,0.499746718711988,0.279215684166629,1.78982323361804,0.0734823328956357,0.998861670134564
"ENSGALG00010005562","HECTD1",59.4887615722463,0.683975654918108,0.382851385898871,1.78653044003549,0.0740134130910452,0.998861670134564
"ENSGALG00010000621","UPP1",92.3729609429902,-0.570961400576512,0.319927970100059,-1.78465609117559,0.0743171172043626,0.998861670134564
"ENSGALG00010028700","ANGPTL2",18.3777497182221,-1.10021241651376,0.617410814176123,-1.78197788450125,0.0747528382598245,0.998861670134564
"ENSGALG00010016341","SLX4",12.7198970092098,-1.2026819543508,0.67499278337363,-1.78177009291828,0.0747867312010007,0.998861670134564
"ENSGALG00010006103","NXPE3",13.0490766848216,-1.18389493232898,0.664512936648082,-1.7815980201992,0.074814807528517,0.998861670134564
"ENSGALG00010000798","ENSGALG00010000798",685.173942627638,0.447171027152596,0.251130077023935,1.78063508940021,0.0749720835231794,0.998861670134564
"ENSGALG00010024148","UGGT1",15.8068314269191,-1.10414071582809,0.621307181739916,-1.77712530657708,0.0755476253011193,0.998861670134564
"ENSGALG00010005860","ABI3BP",290.573539737432,0.64662223616163,0.364585331304615,1.77358269968731,0.0761322014185753,0.998861670134564
"ENSGALG00010005184","FGF14",2906.35929070593,0.476978626771814,0.26973323925748,1.76833462603585,0.0770049784959812,0.998861670134564
"ENSGALG00010006922","SMYD3",25.1846890235641,0.909379686021046,0.514643930838783,1.76700750077614,0.0772269721358228,0.998861670134564
"ENSGALG00010024833","MAPT",50.8981752861164,-0.654717129519226,0.370751426955104,-1.76591937864209,0.0774093755666316,0.998861670134564
"ENSGALG00010025974","EEF1B2",26.635040028828,-0.938077937987845,0.531271371796571,-1.76572273189801,0.0774423771517089,0.998861670134564
"ENSGALG00010005799","UFSP2",23.8882237899963,-0.900895829925997,0.511345456703475,-1.76181448004616,0.0781006474267775,0.998861670134564
"ENSGALG00010022456","ATP5G3",60.4983826813036,-0.725450243644768,0.411873082996373,-1.76134414603432,0.0781801723867634,0.998861670134564
"ENSGALG00010007903","PSMA2",19.8592586940463,-1.0821279580288,0.614428064812996,-1.76119552474895,0.0782053152551744,0.998861670134564
"ENSGALG00010027730","ENSGALG00010027730",55.5286596293256,-0.750437724224522,0.426244384697899,-1.76058090420686,0.0783093630231474,0.998861670134564
"ENSGALG00010006966","PGBD5",304.010998338617,0.500095950612148,0.284239743974978,1.75941599024298,0.078506877920546,0.998861670134564
"ENSGALG00010005800","FRMD4A",1184.02158643624,0.400546657135224,0.227696822248098,1.75912273689437,0.0785566637908287,0.998861670134564
"ENSGALG00010000840","ENSGALG00010000840",42.4538980607698,-1.10375740929253,0.628523034975313,-1.75611289940373,0.0790691329874678,0.998861670134564
"ENSGALG00010015093","ENSGALG00010015093",40.2733349137264,0.744562008776517,0.424935135936897,1.7521780286182,0.0797432004211947,0.998861670134564
"ENSGALG00010018601","CPNE4",72.3245750046078,0.823390800562047,0.469932301594618,1.75214769822811,0.0797484142864928,0.998861670134564
"ENSGALG00010016218","N4BP2",34.4756919344684,-0.849946470725156,0.485794851301535,-1.74959958601453,0.080187431229296,0.998861670134564
"ENSGALG00010003713","SPERT",42.5305960772248,-1.02704151898544,0.58778758022712,-1.74730047645544,0.0805852304960986,0.998861670134564
"ENSGALG00010020116","GNA12",21.8051528667943,0.956843446794173,0.548115054582255,1.74569816828591,0.0808634135598824,0.998861670134564
"ENSGALG00010029546","WSB1",81.9950987170151,-0.584826653452056,0.335035550096947,-1.74556596541122,0.0808864006018534,0.998861670134564
"ENSGALG00010010146","PHACTR1",640.90566555824,0.434662407700899,0.249192360407263,1.74428464416211,0.0811094679371748,0.998861670134564
"ENSGALG00010010456","BMP6",88.3959356027516,0.643942395873211,0.369175074067896,1.74427376360405,0.0811113642875985,0.998861670134564
"ENSGALG00010001477","NLGN4Y",535.360135878457,0.43177289476993,0.248183264228438,1.7397341279729,0.0819057137959128,0.998861670134564
"ENSGALG00010010897","CEP170",96.0355681039194,0.535400593855722,0.30790907927248,1.73882691319383,0.0820652131026698,0.998861670134564
"ENSGALG00010029180","CA4",10.4850567071447,-1.40424377823474,0.808095503847106,-1.73772007336948,0.0822601499430511,0.998861670134564
"ENSGALG00010012122","GRIP1",618.770827061829,0.451602353450375,0.260009821599964,1.73686651785479,0.0824107345795405,0.998861670134564
"ENSGALG00010007867","ZNF516",34.1042565910916,0.809169006510642,0.466506983640618,1.73452710224377,0.0828246012361197,0.998861670134564
"ENSGALG00010006061","RPL24",43.6092420851848,-0.723168536994465,0.417663642831243,-1.73146154664619,0.0833694775767951,0.998861670134564
"ENSGALG00010013648","NAV3",179.483590930244,0.496456198726404,0.286770685790814,1.73119577183194,0.0834168532359725,0.998861670134564
"ENSGALG00010021695","FNBP4",130.117961099602,0.571036091932189,0.32992232900419,1.73081977705406,0.0834839133845215,0.998861670134564
"ENSGALG00010022226","FBRSL1",416.096020779776,0.456669101495257,0.264198810936209,1.72850551399915,0.0838976333111623,0.998861670134564
"ENSGALG00010003823","PTPN13",63.4141106342375,0.612823787885081,0.354987826466908,1.72632338969012,0.0842892497278071,0.998861670134564
"ENSGALG00010017685","PHC2",21.1337212519852,0.947133544984894,0.550410988427445,1.72077513875751,0.0852916354417392,0.998861670134564
"ENSGALG00010006589","ENSGALG00010006589",25.2023872438891,-0.868197020527603,0.505199725719699,-1.71852235131518,0.0857013811525574,0.998861670134564
"ENSGALG00010019470","TGFB2",32.9381790242932,0.795563577975852,0.463210988289809,1.71749720556738,0.0858883645834065,0.998861670134564
"ENSGALG00010022151","PIP4K2B",14.6305492202523,-1.10665107421182,0.644707163062747,-1.71651741692238,0.0860673829758921,0.998861670134564
"ENSGALG00010003355","ENSGALG00010003355",16.9575426182179,-1.16340134019199,0.677768971420744,-1.7165160832802,0.0860676268525821,0.998861670134564
"ENSGALG00010024586","DLGAP4",176.837688344292,0.485361308032688,0.283025290620759,1.71490437115406,0.0863627611183998,0.998861670134564
"ENSGALG00010028124","SUGP2",29.3139050370183,-0.830997522801121,0.484747036063651,-1.71429108581904,0.0864752794654493,0.998861670134564
"ENSGALG00010022776","CDH4",186.376761139669,0.614021586416037,0.358549411983335,1.71251594869322,0.086801628036976,0.998861670134564
"ENSGALG00010019804","ELFN1",156.640466986816,0.555746213462555,0.324568708634415,1.71226060516059,0.0868486531450041,0.998861670134564
"ENSGALG00010010992","PCDHA6",353.938439471503,0.405377019447193,0.237038634704969,1.71017277395201,0.0872339287075762,0.998861670134564
"ENSGALG00010004306","PNISR",413.566711973154,0.44747486683602,0.261686004094069,1.70996866410618,0.0872716677824883,0.998861670134564
"ENSGALG00010000584","RBM14",11.2296440995518,1.38905025698019,0.812567779457461,1.70945771183252,0.0873661985405455,0.998861670134564
"ENSGALG00010005004","CDK6",85.69216158384,0.555131853305701,0.324853151314134,1.70887014966614,0.0874750049300161,0.998861670134564
"ENSGALG00010020912","PDE8A",126.7793996472,0.523885955989373,0.306584894732097,1.70877941148131,0.0874918178199905,0.998861670134564
"ENSGALG00010017485","LBH",64.6210263002869,0.620359401579862,0.363215576589169,1.70796475031561,0.0876428833016511,0.998861670134564
"ENSGALG00010014267","SCFD2",98.1515435868323,0.565028517571624,0.330894596076997,1.70757855906521,0.0877145695805522,0.998861670134564
"ENSGALG00010023822","CHEK2",18.3433041486521,-0.949913121737832,0.557037262901809,-1.70529547123902,0.0881393318025446,0.998861670134564
"ENSGALG00010023646","DPH5",13.7589346555308,-1.14426177390349,0.671877277126944,-1.70308151928659,0.08855281390642,0.998861670134564
"ENSGALG00010002907","GABRG3",1001.93190645194,0.467341811371402,0.274707220133021,1.70123599643687,0.0888986810080181,0.998861670134564
"ENSGALG00010006068","PACRG",362.435792649981,0.525927901593826,0.309610371862189,1.69867662517431,0.0893801300243653,0.998861670134564
"ENSGALG00010027903","NDUFA8",32.5133432700057,-0.775912757980036,0.45682141225818,-1.69850347895146,0.0894127766344198,0.998861670134564
"ENSGALG00010025186","TMEM120B",14.120042188992,1.1342176926517,0.669643723149399,1.69376289725732,0.0903103471052948,0.998861670134564
"ENSGALG00010027745","BICD2",71.0714715328116,0.602744304327796,0.355877364245929,1.69368542336193,0.0903250758193861,0.998861670134564
"ENSGALG00010013429","PDE4DIP",59.1781428055895,0.67674503045915,0.400463019835908,1.6899064256581,0.0910458581021661,0.998861670134564
"ENSGALG00010010748","SF3B1",78.6044723640596,-0.657210276469685,0.389128835907167,-1.68892720308827,0.0912333814005697,0.998861670134564
"ENSGALG00010008505","PTPN3",59.5931411284023,-0.656478076311259,0.388818891208113,-1.68839038214294,0.0913363155043552,0.998861670134564
"ENSGALG00010012670","ENSGALG00010012670",105.479602309965,0.509265953627887,0.301651332593907,1.68826024817692,0.0913612824279201,0.998861670134564
"ENSGALG00010009135","TENM4",301.701544364608,0.448442608461683,0.265880976383033,1.68662916227465,0.0916746808531919,0.998861670134564
"ENSGALG00010000301","UQCR10",30.1095438004484,-0.848983126141248,0.503402357396883,-1.68649016768888,0.0917014273065059,0.998861670134564
"ENSGALG00010003560","ADGRL3",232.000647761199,0.473063785335557,0.280510505481215,1.68643874682703,0.0917113237101958,0.998861670134564
"ENSGALG00010012450","PPFIA2",713.955672882997,0.435821489016692,0.258553092774324,1.68561700167747,0.0918695923771621,0.998861670134564
"ENSGALG00010028372","PTGS1",18.7024577474611,-1.02586444563917,0.608990655232014,-1.68453232709841,0.0920788373572572,0.998861670134564
"ENSGALG00010009131","CDKL2",142.182581587623,0.547424667713713,0.325702975984911,1.6807481296673,0.0928118476729173,0.998861670134564
"ENSGALG00010009686","MAT2B",33.5789894405023,0.775754189830601,0.461599513038187,1.68057844065885,0.0928448263601101,0.998861670134564
"ENSGALG00010016534","TRIT1",14.1305073429065,1.11851200823119,0.665618564691901,1.68040987370736,0.0928775962909563,0.998861670134564
"ENSGALG00010007926","EIF3E",23.0998247309454,-0.938434074895329,0.55915783211094,-1.67829907944335,0.0932887276781802,0.998861670134564
"ENSGALG00010016192","ENSGALG00010016192",26.9531939052899,-0.857990709212227,0.511281787030796,-1.67811709897765,0.0933242413166344,0.998861670134564
"ENSGALG00010010014","GLUL",46.6346150933379,-0.742524620227714,0.44248761731471,-1.67806869881199,0.0933336884750093,0.998861670134564
"ENSGALG00010017307","TMEM186",15.9426119650278,-1.14390558733491,0.681741814654632,-1.67791613004464,0.0933634731740184,0.998861670134564
"ENSGALG00010012870","KCNC2",184.927488517843,0.502073349060547,0.299535280867813,1.67617433113702,0.0937040505141838,0.998861670134564
"ENSGALG00010029405","POLDIP2",10.4530668558164,-1.24768307231083,0.744406052568686,-1.67607862403255,0.0937227931551991,0.998861670134564
"ENSGALG00010023411","ADPRHL",20.9801758272301,0.923484257544091,0.551211987186134,1.67537041830015,0.0938615769076144,0.998861670134564
"ENSGALG00010002571","BCOR",23.5940677251921,1.00513858063716,0.600461077841156,1.67394460312223,0.0941414871237073,0.998861670134564
"ENSGALG00010025197","ENSGALG00010025197",14.8526183055877,1.07337210758732,0.641351172938892,1.6736105785365,0.0942071581313555,0.998861670134564
"ENSGALG00010029686","KCTD2",14.8674652758457,1.07171822075347,0.640588700968776,1.67302079966863,0.0943232014597677,0.998861670134564
"ENSGALG00010022911","SMPD3",130.598566691185,0.478168191759133,0.285822147373975,1.6729571034028,0.0943357410213296,0.998861670134564
"ENSGALG00010015024","CRACD",237.576628530163,0.443408153071277,0.265086590007916,1.67269175350604,0.0943879934926969,0.998861670134564
"ENSGALG00010013110","ANKRD10",252.278618700891,0.411678234419062,0.246143847596671,1.67251076327382,0.0944236472390788,0.998861670134564
"ENSGALG00010015942","AP3S2",52.7105063394714,0.728624301474901,0.435857532090242,1.67170290250724,0.094582921526001,0.998861670134564
"ENSGALG00010009170","RPL26L1",40.4616574765058,-0.760332551514966,0.455112178912603,-1.6706486592638,0.0947910952554464,0.998861670134564
"ENSGALG00010011751","ZNF706",14.2816006259131,-1.07040775496564,0.640755204969601,-1.67054086594025,0.0948124010896336,0.998861670134564
"ENSGALG00010027733","RPL35",32.1401740951467,-0.751990271773856,0.450335034638214,-1.66984625652762,0.0949497858018377,0.998861670134564
"ENSGALG00010005785","RPL21",69.0119142178784,-0.653438392829902,0.391576686156588,-1.66873671475068,0.0951695695505401,0.998861670134564
"ENSGALG00010001880","MTCL1",110.867400505335,0.58481188979493,0.350613062504999,1.66796948640951,0.0953217842652608,0.998861670134564
"ENSGALG00010007108","MBOAT1",30.0627314849365,0.791908012259112,0.475041463345106,1.66702924557937,0.0955085897131914,0.998861670134564
"ENSGALG00010028193","BRINP1",125.116809859191,0.535546393822176,0.321375452308299,1.66641972800219,0.0956298441600949,0.998861670134564
"ENSGALG00010021236","BTBD9",98.0591521505939,0.513065889238485,0.308101362749178,1.66525030808178,0.095862827909281,0.998861670134564
"ENSGALG00010020845","RAB35",12.4468029617384,-1.1717143935239,0.704473014255891,-1.66324950681261,0.096262501455414,0.998861670134564
"ENSGALG00010018039","TTC14",103.861451244531,-0.655934510519955,0.394378041575768,-1.66321255589971,0.0962698951700749,0.998861670134564
"ENSGALG00010020602","DENND2B",19.9966344708751,0.978265915931941,0.588346131099516,1.66273875907662,0.0963647400990846,0.998861670134564
"ENSGALG00010012763","SMPDL3B",14.1015614718792,1.26925820721399,0.763884090498252,1.66158481764701,0.0965960495738176,0.998861670134564
"ENSGALG00010009046","ENSGALG00010009046",28.1795916192306,-0.991944527499805,0.597188174176456,-1.66102506779832,0.0967084122251955,0.998861670134564
"ENSGALG00010004619","ENSGALG00010004619",11.8158507817591,1.56104396310414,0.940423152826375,1.65993782523594,0.0969269610463778,0.998861670134564
"ENSGALG00010011432","ENSGALG00010011432",13.4742708656074,1.09343459934621,0.659205983234452,1.65871461600087,0.0971733127508739,0.998861670134564
"ENSGALG00010016529","DCUN1D1",58.9032648428535,-0.667521102452897,0.40262468817973,-1.65792392282442,0.0973328228587634,0.998861670134564
"ENSGALG00010023862","TRMT13",10.4493141128814,-1.29598333745838,0.781935424229277,-1.65740455963583,0.0974377101883475,0.998861670134564
"ENSGALG00010006351","IGF2R",29.145263039943,-0.768780924010129,0.464505920115172,-1.6550508631182,0.0979141809169776,0.998861670134564
"ENSGALG00010024592","COMT",28.5320427694241,-0.844761692744321,0.51077972048369,-1.65386693885255,0.0981545514138242,0.998861670134564
"ENSGALG00010004006","NKAIN3",40.0362618792678,0.797881560190791,0.482700782917473,1.65295269539102,0.0983404913320677,0.998861670134564
"ENSGALG00010007789","WWOX",952.327674528536,0.445284543601486,0.269529003471582,1.65208396078396,0.0985174361582811,0.998861670134564
"ENSGALG00010021793","ARHGEF1",11.1510670687849,1.20438354316724,0.729027063865715,1.65204229426123,0.098525929226721,0.998861670134564
"ENSGALG00010005756","TET2",99.4046313363303,0.549458952363557,0.333074923854674,1.64965571711215,0.0990133721973319,0.998861670134564
"ENSGALG00010016505","KCTD16",38.9416741893179,0.706228160380989,0.428289443821961,1.64895065841167,0.099157743611329,0.998861670134564
"ENSGALG00010009394","BANP",93.7394655742102,0.525562054553822,0.318839985961759,1.64835678614305,0.099279478225887,0.998861670134564
"ENSGALG00010025427","SLC35G2",30.0781370279071,-0.781634578035544,0.474606339625774,-1.64691137217396,0.0995762640686405,0.998861670134564
"ENSGALG00010028019","RPL29",23.0871123684232,-0.930082880032993,0.565210251883035,-1.645552034724,0.0998560212616603,0.998861670134564
"ENSGALG00010008826","ENSGALG00010008826",31.1495344237931,0.870332298120308,0.529134003728006,1.64482398029307,0.100006115403303,0.998861670134564
"ENSGALG00010011067","TMTC2",106.257479290699,0.507147322628526,0.308532065180983,1.64374267657087,0.100229366613501,0.998861670134564
"ENSGALG00010019585","PDE1C",62.4324327934296,0.628701635363743,0.382847787001587,1.6421712667785,0.100554515590852,0.998861670134564
"ENSGALG00010022454","ABLIM1",230.242015081374,0.473433642066227,0.288752796909611,1.63958114737994,0.101092285618264,0.998861670134564
"ENSGALG00010019595","GRIN2A",172.011848065077,0.619817910628199,0.378116407978821,1.63922511043984,0.101166386085409,0.998861670134564
"ENSGALG00010024758","SPATA6",19.3496432069714,-0.890873950427571,0.543875077436951,-1.63801208657304,0.10141917248951,0.998861670134564
"ENSGALG00010018258","OSCP1",29.2984430930687,-0.933320301428379,0.569937556746494,-1.63758343415069,0.101508621101665,0.998861670134564
"ENSGALG00010013666","COX7B",48.2991752520907,-0.809678338027973,0.495387614411283,-1.6344339552982,0.102167763365881,0.998861670134564
"ENSGALG00010012120","ENSGALG00010012120",35.2350431724508,0.738527244433,0.451968711311344,1.6340229443986,0.102254032948917,0.998861670134564
"ENSGALG00010008190","TSNARE1",179.354439130784,0.437519284557288,0.268295326732761,1.63073762739477,0.102945693376617,0.998861670134564
"ENSGALG00010002704","KCNB2",89.3521096612842,0.552351863512714,0.338791347126511,1.63036000829872,0.103025431669938,0.998861670134564
"ENSGALG00010015606","TMEM131",147.035167644931,0.472257145018776,0.289807276459004,1.62955585791022,0.103195400244121,0.998861670134564
"ENSGALG00010020733","TMEM229B",24.5910252410534,0.811124168079827,0.497829556572271,1.6293210344213,0.103245075550058,0.998861670134564
"ENSGALG00010005167","GUCY1A2",57.4547703258424,0.61609870728104,0.378381648897629,1.62824679546689,0.103472565928857,0.998861670134564
"ENSGALG00010021741","RPL19",59.5838923398376,-0.604185722931251,0.371783319943228,-1.62510174750043,0.104140880617696,0.998861670134564
"ENSGALG00010008730","ENSGALG00010008730",1300.86483793079,-0.565638831648783,0.348085561858882,-1.62499940712307,0.104162685158663,0.998861670134564
"ENSGALG00010020723","RPS24",45.7420292149114,-0.673023838023393,0.414354283343128,-1.62427146304183,0.104317884873265,0.998861670134564
"ENSGALG00010005025","THOC1",15.1132577742918,-1.03677054538417,0.638727604900383,-1.62318105156245,0.10455070720946,0.998861670134564
"ENSGALG00010013604","FYN",240.821115973994,0.414380138637598,0.255624195615935,1.62105209813623,0.105006465977911,0.998861670134564
"ENSGALG00010002399","CSMD1",1053.91057900567,0.420906866952609,0.259992205833236,1.6189210965139,0.105464241098455,0.998861670134564
"ENSGALG00010007521","SLC12A7",46.687625155115,-0.627758171130464,0.387773882703942,-1.61887687420595,0.105473757540569,0.998861670134564
"ENSGALG00010022820","SHTN1",16.0266957857596,-1.01811084376564,0.629831648949504,-1.61648092067737,0.105990375213476,0.998861670134564
"ENSGALG00010009383","ASXL2",39.8945707768887,0.678376292539213,0.42000099882934,1.6151778077434,0.10627219497973,0.998861670134564
"ENSGALG00010003466","TSC22D1",25.7288682201769,0.802277069315183,0.497055591501312,1.61405903692176,0.10651462141078,0.998861670134564
"ENSGALG00010023995","ENSGALG00010023995",11.9143508234887,-1.22251760705029,0.758059156091472,-1.61269420364705,0.106810960470092,0.998861670134564
"ENSGALG00010004224","NT5E",93.3300893212406,0.494235311550025,0.307077785083586,1.60947921197066,0.107511596959279,0.998861670134564
"ENSGALG00010015095","RBFOX2",404.731004863453,0.408623292399039,0.253983009229046,1.60886074087946,0.107646795600947,0.998861670134564
"ENSGALG00010018377","RAP1GAP",42.9637716928245,0.73398902667537,0.456299759118289,1.60856764003922,0.10771091485501,0.998861670134564
"ENSGALG00010012493","ENSGALG00010012493",12.2086450654519,1.13191112961017,0.704826556630584,1.60594279395665,0.108286479743715,0.998861670134564
"ENSGALG00010008973","KCNK9",97.2895741883685,0.618786824286848,0.385313257141971,1.60593183031554,0.108288888897999,0.998861670134564
"ENSGALG00010008015","ARHGAP39",123.872062466752,0.564494430361297,0.351545932191625,1.60574871921316,0.108329132065625,0.998861670134564
"ENSGALG00010015876","SKP1",35.8927269665417,-0.708250123025975,0.441460781909639,-1.60433305074638,0.108640659613636,0.998861670134564
"ENSGALG00010023857","ACBD4",19.7539107572581,1.07110928220024,0.667666186470218,1.60425869080314,0.108657042600775,0.998861670134564
"ENSGALG00010024022","ENSGALG00010024022",23.8956761311972,0.863411693065831,0.538562788464093,1.60317740393495,0.108895492707332,0.998861670134564
"ENSGALG00010018998","RPS29",34.2366642461994,-0.931578530135506,0.581887465280852,-1.60095995483572,0.109385788908858,0.998861670134564
"ENSGALG00010010575","PAXBP1",108.830952157861,0.501304055347617,0.313286830508131,1.60014404223291,0.109566632511783,0.998861670134564
"ENSGALG00010019540","UNC5D",48.4330794177071,-0.703085875765647,0.440288248311393,-1.59687631560039,0.110293280197323,0.998861670134564
"ENSGALG00010007819","NRIP1",125.51779712005,0.58159166588382,0.364254403850834,1.59666337519968,0.11034076377881,0.998861670134564
"ENSGALG00010010651","NUAK1",113.185106037881,0.479509472853846,0.300530368793433,1.59554415342109,0.110590604599326,0.998861670134564
"ENSGALG00010025913","EIF2B3",54.0668581024711,0.680007894313327,0.426248648366789,1.59533149704718,0.11063812577038,0.998861670134564
"ENSGALG00010025653","IGSF11",21.2676243685705,-0.866526026054617,0.543272579966687,-1.59501152461579,0.110709658665796,0.998861670134564
"ENSGALG00010018366","MARCH4",148.65583143724,0.45489335570073,0.28582703919362,1.59149868040506,0.111497392163936,0.998861670134564
"ENSGALG00010008202","KCNG2",199.729120435327,0.527097603400639,0.331284029508206,1.59107459596866,0.111592788927621,0.998861670134564
"ENSGALG00010017778","PPP3R1",49.9365688541704,-0.670706714920513,0.421773233663692,-1.5902069201843,0.111788171160645,0.998861670134564
"ENSGALG00010013964","SLC38A1",192.041719600023,0.41567752095361,0.261410724799618,1.59013185580754,0.111805086746023,0.998861670134564
"ENSGALG00010021659","SPOCK2",293.10017493387,0.442591246309007,0.278397112545573,1.58978389632743,0.111883524994196,0.998861670134564
"ENSGALG00010000196","KSR2",24.6120615635648,0.804056445562578,0.506335771425761,1.58799060018707,0.112288464680172,0.998861670134564
"ENSGALG00010020890","RPS15A",36.5597524398001,-0.690384631528404,0.434765008715609,-1.58794893261523,0.112297887249751,0.998861670134564
"ENSGALG00010023836","NDUFS3",27.5130069651237,-0.803857200587067,0.506267349342314,-1.58781166044255,0.112328933944315,0.998861670134564
"ENSGALG00010024169","FAM168B",17.0632121889775,-1.03184101501691,0.649877747056852,-1.58774634104627,0.112343709535805,0.998861670134564
"ENSGALG00010011825","TAFA2",49.8376536858607,0.6054049262084,0.381389913574875,1.58736480609508,0.112430045372466,0.998861670134564
"ENSGALG00010027254","INSR",11.9294880506319,-1.1463404139794,0.722216275391363,-1.5872536427654,0.112455209863618,0.998861670134564
"ENSGALG00010007283","STOX2",72.3827164933256,0.546540524854804,0.344353098337703,1.58715146601881,0.112478343942278,0.998861670134564
"ENSGALG00010021153","PTPRF",52.598895431261,0.598457679580346,0.377142144666531,1.58682260268075,0.112552828141299,0.998861670134564
"ENSGALG00010009435","GTDC1",256.805119633039,0.400946962876413,0.252802058187002,1.58601146585534,0.112736708613238,0.998861670134564
"ENSGALG00010020603","VPS39",22.0725857877117,-0.876570438616111,0.55389028932224,-1.58257051173205,0.113519389058678,0.998861670134564
"ENSGALG00010001912","TMEM117",157.99510270972,0.508113380874748,0.321158239616431,1.58212780553787,0.113620397143481,0.998861670134564
"ENSGALG00010001353","GLRX3",22.3001799248781,-0.914880345076233,0.57894988148282,-1.58024100934785,0.114051683528925,0.998861670134564
"ENSGALG00010029787","H3F3B",58.9374261693552,-0.602312720504406,0.381284932712469,-1.57969190185287,0.114177441084278,0.998861670134564
"ENSGALG00010013086","CXCL14",48.1226179267459,-0.625657608978555,0.39628095204368,-1.57882332156503,0.114376587720324,0.998861670134564
"ENSGALG00010008221","ENSGALG00010008221",12.6632559466559,1.24833016565571,0.791441815777606,1.57728608821256,0.114729711986434,0.998861670134564
"ENSGALG00010004584","EIF4E",23.6658957071388,-0.814835937167814,0.516864539323292,-1.57649804769861,0.11491106833838,0.998861670134564
"ENSGALG00010029724","CACNA1G",158.602349875455,0.479295992260881,0.304216302002341,1.57551054662808,0.115138645992324,0.998861670134564
"ENSGALG00010005407","DPH6",67.1306193281064,0.565270065736746,0.359103407449461,1.57411501537005,0.115460861813054,0.998861670134564
"ENSGALG00010015695","ASAH1",15.5537499761677,-1.00410720825036,0.637896571705242,-1.57409093070708,0.11546642896615,0.998861670134564
"ENSGALG00010011412","KANSL1L",16.3075764540098,-1.01634170876277,0.64812334145951,-1.56813008226809,0.116850777333401,0.998861670134564
"ENSGALG00010027956","RAB8A",14.0568329130432,-1.0087085157084,0.643694215899508,-1.56706164323508,0.117100283676188,0.998861670134564
"ENSGALG00010010181","ENSGALG00010010181",54.4773466779817,-0.591832407122326,0.37804253880621,-1.56551802077943,0.117461495317243,0.998861670134564
"ENSGALG00010018835","CAMK2B",108.148790119762,0.559706010698533,0.357605107326461,1.56515105414189,0.1175474949896,0.998861670134564
"ENSGALG00010024285","CCND2",15.9783692690436,1.11444871777287,0.712790034073098,1.56350210370447,0.117934541262657,0.998861670134564
"ENSGALG00010015086","FOXN3",94.9021965908544,0.505898037154008,0.323593836673335,1.56337352514136,0.1179647635563,0.998861670134564
"ENSGALG00010021103","RBMS1",32.9411317539181,0.732243457638212,0.468578945784485,1.56268962621081,0.118125615601176,0.998861670134564
"ENSGALG00010005360","CAMK1D",525.024813244745,0.423980466251426,0.271401008076096,1.56219193604671,0.118242779733009,0.998861670134564
"ENSGALG00010015227","FYTTD1",20.8791071813485,-0.850194065395606,0.544499444120187,-1.5614232017617,0.118423931037469,0.998861670134564
"ENSGALG00010020009","ENSGALG00010020009",185.394888118879,0.431997119599889,0.276704047009249,1.56122443552641,0.118470805454782,0.998861670134564
"ENSGALG00010016431","B3GNT5",15.817576868904,-1.15709254156368,0.74161496078097,-1.5602335480735,0.118704700425577,0.998861670134564
"ENSGALG00010024151","LEPROT",11.7341893789845,-1.12230090574919,0.719370404660661,-1.56011548220224,0.118732593518399,0.998861670134564
"ENSGALG00010005223","GRIA4",3767.44615062029,0.474658462074306,0.304478355506948,1.55892349485405,0.119014488740263,0.998861670134564
"ENSGALG00010018502","ARHGEF10L",60.0363293131159,0.623341724802617,0.400009533159976,1.55831717278929,0.119158080073552,0.998861670134564
"ENSGALG00010026321","GPBP1L1",26.5670399241872,-0.762186416389236,0.489261545556379,-1.55783021026615,0.119273502539369,0.998861670134564
"ENSGALG00010029536","BAZ1B",70.6005464036404,0.548481796966169,0.352182757797316,1.55737833503429,0.119380686780175,0.998861670134564
"ENSGALG00010023720","SCAMP5",147.118664374023,0.42895620731736,0.275441973122028,1.55733783945601,0.119390295964401,0.998861670134564
"ENSGALG00010024282","HIC2",66.009992207128,0.547997278499341,0.352553685952927,1.55436547775169,0.12009726302964,0.998861670134564
"ENSGALG00010008942","ENSGALG00010008942",10.9307575443314,1.27877043112886,0.822774899533091,1.55421662942627,0.120132752148777,0.998861670134564
"ENSGALG00010015858","CHST2",300.603789739638,0.510049378920133,0.328328637998508,1.5534721004826,0.120310389523699,0.998861670134564
"ENSGALG00010000753","TRIO",377.905982226691,0.40009887374311,0.257612149861412,1.55310560452351,0.120397907395458,0.998861670134564
"ENSGALG00010002653","EIF1AX",26.600734734487,-0.747474990803061,0.481788544303074,-1.55145862150855,0.120791816169642,0.998861670134564
"ENSGALG00010025250","GLIS1",22.7188663364608,-1.11858124088287,0.721263323749597,-1.55086388569955,0.120934306670836,0.998861670134564
"ENSGALG00010027973","GAPVD1",41.7165276623952,0.647355739759029,0.417575010101907,1.55027414021027,0.121075731397071,0.998861670134564
"ENSGALG00010013137","TMEM121",48.7418421343734,0.626580892794582,0.404203110401818,1.55016346156193,0.121102287256707,0.998861670134564
"ENSGALG00010005219","NALCN",198.677888523523,0.44394488497643,0.28649004188738,1.54959970703256,0.121237623331578,0.998861670134564
"ENSGALG00010004281","VIM",10.9250754207496,-1.17121677906726,0.755898880485549,-1.54943579002913,0.121276995778128,0.998861670134564
"ENSGALG00010027692","PHF2",53.2982178321392,0.588513332564842,0.379903120138607,1.54911423825665,0.121354260748137,0.998861670134564
"ENSGALG00010009634","TBC1D31",20.0168190926869,-0.876670477563436,0.565944721114148,-1.54903905780335,0.121372331246515,0.998861670134564
"ENSGALG00010002409","CYCS",34.7112152981875,-0.738513911301414,0.477256370876683,-1.54741551159353,0.121763083209322,0.998861670134564
"ENSGALG00010025984","NDUFS1",12.9960420206012,-1.02580409321027,0.663032346567281,-1.54714034469233,0.121829407220111,0.998861670134564
"ENSGALG00010015813","ENSGALG00010015813",11.7876182094613,-1.09288188529193,0.706402990159299,-1.54710823781405,0.121837147842876,0.998861670134564
"ENSGALG00010000597","CDH9",89.3885981086612,0.630560378248508,0.407665623177365,1.54675877091105,0.121921425423325,0.998861670134564
"ENSGALG00010019417","ENSGALG00010019417",28.273431383307,0.886658859361144,0.573255891879671,1.54670692778027,0.121933931814869,0.998861670134564
"ENSGALG00010022247","GALNT9",37.4176628717749,0.685588446178596,0.443320018712681,1.54648654976019,0.121987105958642,0.998861670134564
"ENSGALG00010011370","MGAT4C",29.4357636793554,-0.983351282085466,0.635954594278684,-1.54626020620357,0.122041738371314,0.998861670134564
"ENSGALG00010025115","MGAT4C",29.4357636793554,-0.983351282085466,0.635954594278684,-1.54626020620357,0.122041738371314,0.998861670134564
"ENSGALG00010014949","AGO3",20.0339935938508,0.906247173896514,0.58613457459054,1.54614181313156,0.122070322455739,0.998861670134564
"ENSGALG00010001818","ADGRB3",2735.35353949206,0.393945723281947,0.254813136986602,1.54601810542704,0.122100195262371,0.998861670134564
"ENSGALG00010012431","LAMP2",49.977420550114,-0.620266133800682,0.401377703680189,-1.54534277343641,0.122263374476703,0.998861670134564
"ENSGALG00010016097","FNIP1",12.9388951933011,1.05518383341807,0.682882813350261,1.54519020363287,0.122300263226017,0.998861670134564
"ENSGALG00010005545","RPL34",53.5177058406183,-0.567706423270572,0.367743790828424,-1.54375529221496,0.122647625804182,0.998861670134564
"ENSGALG00010022408","RAD51AP1",14.9837342972382,-1.04349767180337,0.676021746607988,-1.54358595272893,0.122688670213997,0.998861670134564
"ENSGALG00010006171","ENSGALG00010006171",61.7791095656385,-0.858647268051437,0.55720447265146,-1.5409913419495,0.123318893194396,0.998861670134564
"ENSGALG00010021085","AMPD3",53.0889080924614,-0.654767438114812,0.426004759392461,-1.53699559377833,0.124294388383414,0.998861670134564
"ENSGALG00010018619","MAPK1IP1L",14.9333640816447,-1.02483343275285,0.667753667834168,-1.53474774025106,0.124845804152618,0.998861670134564
"ENSGALG00010017847","ENSGALG00010017847",10.9323942143447,-1.20520222695616,0.786049255562126,-1.53324008441976,0.125216711171379,0.998861670134564
"ENSGALG00010016184","ENSGALG00010016184",119.255486339057,-0.520941368652414,0.340209200781346,-1.53123833058009,0.125710500700991,0.998861670134564
"ENSGALG00010028131","TMEM161A",15.1730767971908,1.04607252113706,0.683469720022546,1.53053235643352,0.125885010749578,0.998861670134564
"ENSGALG00010004621","ENSGALG00010004621",13.4608438876425,1.20257587953167,0.785787566292287,1.53040838404454,0.125915675007596,0.998861670134564
"ENSGALG00010017789","IMMT",24.0959233827778,-0.806249838614059,0.527261076706245,-1.5291283089786,0.126232638671474,0.998861670134564
"ENSGALG00010015249","ENSGALG00010015249",10.7512088978489,1.19253605319841,0.779943955694721,1.52900223726483,0.126263889292396,0.998861670134564
"ENSGALG00010017888","MPLKIP",22.4465336277291,0.860551659410376,0.563328068066534,1.52762077409702,0.126606720838525,0.998861670134564
"ENSGALG00010028671","CADM3",77.5820692444534,0.533696820098165,0.350307343757898,1.52351022497264,0.127631104536661,0.998861670134564
"ENSGALG00010027079","PM20D1",12.4512202922692,-1.02192449305738,0.671557488828228,-1.52172302454775,0.12807849592287,0.998861670134564
"ENSGALG00010011587","ENSGALG00010011587",36.7230768308154,-0.715920401074742,0.470500155605967,-1.52161565207708,0.128105413343508,0.998861670134564
"ENSGALG00010019288","RPL37A",33.5136296590023,-0.734195558507687,0.482626536935499,-1.5212498740114,0.128197143996673,0.998861670134564
"ENSGALG00010000876","KLHL1",111.807408639019,0.606161694922612,0.398534693135012,1.52097597866408,0.128265865521985,0.998861670134564
"ENSGALG00010016347","ANO10",26.1407299278828,-0.770059563998025,0.506570623125424,-1.52014256027508,0.12847514994932,0.998861670134564
"ENSGALG00010029513","WBSCR22",10.6881101322757,-1.22169845146105,0.803677094914556,-1.52013595907065,0.128476808674071,0.998861670134564
"ENSGALG00010024104","PLPPR5",405.504501000839,0.441267202070002,0.290504535501594,1.51896837448027,0.12877045667349,0.998861670134564
"ENSGALG00010002619","RAB6A",292.512561988453,-0.399967399780816,0.263477354379472,-1.51803330773075,0.129006002199064,0.998861670134564
"ENSGALG00010020393","SHISA9",551.115641840555,0.430068204725278,0.283313408708396,1.51799453010688,0.12901577759778,0.998861670134564
"ENSGALG00010023921","GRK7",17.2258653989567,0.958407253319005,0.631382881324814,1.5179493801099,0.129027160124459,0.998861670134564
"ENSGALG00010025352","ENSGALG00010025352",271.218308637063,-0.427674777419704,0.282295603415115,-1.51498915408473,0.129775150796324,0.998861670134564
"ENSGALG00010008623","TRPS1",1154.91399799423,0.448032849805647,0.295832633620056,1.51448082087207,0.129903934564615,0.998861670134564
"ENSGALG00010027007","ENSGALG00010027007",15.4104635379432,-0.984911158081786,0.650625864112629,-1.51379035542198,0.130079019520602,0.998861670134564
"ENSGALG00010025032","FSTL1",183.215711705831,0.570775426659796,0.377089303600514,1.51363462503427,0.130118534195735,0.998861670134564
"ENSGALG00010020027","RER1",12.954623887255,-1.07634500623318,0.711600696875713,-1.51256879168174,0.13038922644967,0.998861670134564
"ENSGALG00010002844","ENSGALG00010002844",11.7086323266178,1.22621738153498,0.811056715377628,1.51187624525623,0.13056534819252,0.998861670134564
"ENSGALG00010001367","IMMP2L",58.9887695917318,0.554501259494638,0.366964001372505,1.51105083174565,0.130775500418853,0.998861670134564
"ENSGALG00010002270","IMMP2L",58.9887695917318,0.554501259494638,0.366964001372505,1.51105083174565,0.130775500418853,0.998861670134564
"ENSGALG00010015680","FRG1BP",12.2807031035288,-1.03303176042301,0.684679035267113,-1.50878252029433,0.13135436913943,0.998861670134564
"ENSGALG00010019315","PRRT3",11.6333382092777,1.17773467230856,0.780659678246161,1.50864032705579,0.131390722641258,0.998861670134564
"ENSGALG00010019848","MAD1L1",31.4528544042654,0.699893054861367,0.464900781041527,1.50546758233742,0.132203905256533,0.998861670134564
"ENSGALG00010003915","MIOS",10.8019298476241,-1.11731428422685,0.742391225433486,-1.50502086494146,0.132318712518837,0.998861670134564
"ENSGALG00010003222","ITGA8",54.7355416524862,-0.608872183913743,0.405019066403154,-1.50331733594901,0.132757231770784,0.998861670134564
"ENSGALG00010001701","NDUFA5",10.100729190108,-1.12439086320611,0.747970642658914,-1.50325534062283,0.132773211687651,0.998861670134564
"ENSGALG00010006496","UBE2H",43.8508762361216,-0.60066270913893,0.399584740123821,-1.50321733746088,0.132783008119942,0.998861670134564
"ENSGALG00010026740","DAB1",423.691802075127,0.498686937980022,0.332148681214607,1.501396712329,0.133252983740676,0.998861670134564
"ENSGALG00010012344","ENSGALG00010012344",17.8169061174852,-1.03254559682815,0.687797185699123,-1.50123556521768,0.133294644149833,0.998861670134564
"ENSGALG00010026249","YPEL4",15.3429770233406,0.943197931637598,0.628708426331443,1.50021519059514,0.133558669596548,0.998861670134564
"ENSGALG00010020992","KCNH7",146.866776842498,0.489200435159472,0.326337505119207,1.49906286432132,0.133857324320004,0.998861670134564
"ENSGALG00010028586","BABAM1",10.2841431605933,1.19764550399081,0.798990358339603,1.4989486312196,0.133886958862132,0.998861670134564
"ENSGALG00010020787","TMEM132C",280.87429009288,0.380483312183489,0.254057058789153,1.49762936718582,0.134229572394793,0.998861670134564
"ENSGALG00010017911","ENSGALG00010017911",10.0000015087466,-1.18429063376983,0.791074270999294,-1.49706630235088,0.134376006886939,0.998861670134564
"ENSGALG00010022216","ROMO1",23.3921255325215,-0.821057920918975,0.548963780152836,-1.49565044289513,0.134744770777443,0.998861670134564
"ENSGALG00010012764","ENSGALG00010012764",24.244137455229,1.0916867893293,0.73016283473181,1.49512785011891,0.134881078751662,0.998861670134564
"ENSGALG00010019277","IGFBP5",34.0688961356899,0.660513741848829,0.44178478904082,1.49510295110636,0.134887575824631,0.998861670134564
"ENSGALG00010018310","APOOL",30.4643907919072,-0.713080230189777,0.477064791574051,-1.49472407686387,0.134986467966841,0.998861670134564
"ENSGALG00010002365","RAI2",110.057525439734,0.508073513775947,0.340001501565519,1.49432726454604,0.135090102290365,0.998861670134564
"ENSGALG00010007423","HEATR5B",60.2093876425438,-0.53146182475826,0.355755052763663,-1.49389817693278,0.135202235032872,0.998861670134564
"ENSGALG00010011843","BCL2",87.2011139442668,0.548700995966703,0.367517242438263,1.49299388601849,0.135438787322497,0.998861670134564
"ENSGALG00010005385","PDSS1",31.7654991659982,-0.669642101126804,0.448804987989823,-1.49205583504341,0.135684508570361,0.998861670134564
"ENSGALG00010004297","SULF1",19.5024007804263,0.905847652818821,0.608287261603483,1.489177416655,0.136440655991105,0.998861670134564
"ENSGALG00010025538","ANO1",564.836985054879,0.35575447987812,0.239112657013256,1.48781116115655,0.136800701408101,0.998861670134564
"ENSGALG00010015886","AFF3",163.294214376613,0.484467293934004,0.325651487909885,1.48768641299151,0.136833612424507,0.998861670134564
"ENSGALG00010008906","DBN1",20.4575476407178,0.833803850885982,0.561635982123755,1.48459834737272,0.137650253518601,0.998861670134564
"ENSGALG00010019921","CALM2",375.355262592912,-0.504700721269529,0.339978846085875,-1.48450624819771,0.137674666789433,0.998861670134564
"ENSGALG00010007188","MAB21L1",11.6068763421328,-1.04025442218297,0.70074553967378,-1.48449667288248,0.137677205166206,0.998861670134564
"ENSGALG00010026408","ENSGALG00010026408",24.3534136696976,0.78529084416146,0.529335007248554,1.48354224339581,0.137930401594202,0.998861670134564
"ENSGALG00010027711","WNK2",134.239122288854,0.446950205716496,0.301418238526326,1.48282402518738,0.138121171115107,0.998861670134564
"ENSGALG00010012130","TMEM67",20.4696372171156,-0.799896221232655,0.539510550364206,-1.48263313978322,0.138171907327006,0.998861670134564
"ENSGALG00010011212","NCKAP1",54.3125997095058,-0.542345196889587,0.365893981625591,-1.48224683685711,0.138274628302821,0.998861670134564
"ENSGALG00010005433","GPC5",162.169337044414,0.46505969107428,0.313766218664387,1.48218534504417,0.138290984885398,0.998861670134564
"ENSGALG00010012410","CACNA1I",154.675239928734,0.42143625348227,0.284359827326527,1.48205271273547,0.13832626963838,0.998861670134564
"ENSGALG00010006551","ENSGALG00010006551",25.7741639984747,-0.871529198928333,0.588191952886048,-1.4817088106222,0.138417791733493,0.998861670134564
"ENSGALG00010000034","CYTB",760.869976576298,0.418862013000057,0.282860321441067,1.48080865801931,0.138657568721901,0.998861670134564
"ENSGALG00010003910","THAP9",12.2562951326631,1.00510130274005,0.680076260562819,1.47792440498989,0.139428013222808,0.998861670134564
"ENSGALG00010003268","SMS",40.9042194542735,-0.611827276480671,0.414201322578863,-1.47712535699154,0.139642037576072,0.998861670134564
"ENSGALG00010006740","BRCA2",15.0272763584574,-1.08415378551417,0.733980992702795,-1.47708700401342,0.139652316745834,0.998861670134564
"ENSGALG00010024693","ANXA2",12.1402509729402,1.00679977853102,0.682126077365118,1.47597315502148,0.139951098989792,0.998861670134564
"ENSGALG00010000696","ENSGALG00010000696",212.252786510506,0.51565355149349,0.349500070550704,1.47540328298355,0.14010415327201,0.998861670134564
"ENSGALG00010006341","HHIP",10.3565283658664,-1.21530727913197,0.824337536189396,-1.47428356198589,0.140405259154616,0.998861670134564
"ENSGALG00010028428","RABGAP1",129.679724980827,0.439462430449891,0.298124152316707,1.47409200842955,0.140456819932927,0.998861670134564
"ENSGALG00010013205","KCNJ6",480.765614044384,0.394143820280513,0.267392458072276,1.47402743937518,0.140474203370237,0.998861670134564
"ENSGALG00010007932","NPY5R",38.287547734004,-0.782779330266664,0.531630706743809,-1.47241180830415,0.140909706359393,0.998861670134564
"ENSGALG00010023441","CCDC9B",24.0693078880732,-0.774933062567642,0.527592515033953,-1.46880981152238,0.141884382089397,0.998861670134564
"ENSGALG00010008135","WWC1",21.8798612218764,0.793797265836005,0.540476622917579,1.46869861188623,0.14191455414819,0.998861670134564
"ENSGALG00010004054","ENSGALG00010004054",75.525273260619,0.513470782569285,0.349848529204217,1.46769455837717,0.142187209536608,0.998861670134564
"ENSGALG00010007886","GRM5",1211.89287792678,0.342718699142939,0.233668676233399,1.46668652669824,0.142461349701899,0.998861670134564
"ENSGALG00010018455","RBM20",160.299409231474,0.523038262507143,0.356689278431032,1.46636945413058,0.142547663299405,0.998861670134564
"ENSGALG00010015156","CNOT6",21.270950281297,-0.795386665573001,0.54250912609631,-1.46612587201307,0.142613998565276,0.998861670134564
"ENSGALG00010024459","AHCYL1",27.0281239672068,-0.787364706525147,0.537160771700663,-1.46578966299481,0.142705598046615,0.998861670134564
"ENSGALG00010018721","LRCH2",105.872980415596,0.453199950231727,0.309644216352956,1.46361509854631,0.143299144814336,0.998861670134564
"ENSGALG00010025404","CERS6",77.4112854754809,0.479621344477489,0.327744714372829,1.46339917455356,0.143358184422328,0.998861670134564
"ENSGALG00010009542","WDR1",39.5407816906042,-0.608451823722785,0.415900571791821,-1.46297424189969,0.143474427288842,0.998861670134564
"ENSGALG00010017787","CNRIP1",11.6076098229851,-1.10972026291644,0.759157483309228,-1.46177873144197,0.143801854166298,0.998861670134564
"ENSGALG00010029418","ABCA5",18.0711299461815,-0.821198725917567,0.561897368952857,-1.46147458822941,0.143885244390757,0.998861670134564
"ENSGALG00010009868","LTN1",25.7404205828698,-0.715637300554515,0.48987749467078,-1.46084951511287,0.14405674383475,0.998861670134564
"ENSGALG00010022334","PDE1A",170.921876607342,0.409346738110054,0.280366287253385,1.46004265391616,0.144278351589706,0.998861670134564
"ENSGALG00010005118","PRTFDC1",76.8363516141432,-0.530687634988706,0.363592094963289,-1.45956868243323,0.144408651594487,0.998861670134564
"ENSGALG00010011688","PDE3A",552.580223515526,0.36898008512488,0.252853520173435,1.45926418137977,0.144492409875003,0.998861670134564
"ENSGALG00010017563","ALK",528.958115100783,0.346189430568664,0.237262286494684,1.45910011946387,0.144537553373294,0.998861670134564
"ENSGALG00010011352","NTS",66.2305417929943,0.677366788078096,0.465051971199981,1.45653997838194,0.14524340633991,0.998861670134564
"ENSGALG00010025606","CCDC12",24.4793172888944,0.74759158111654,0.513598049768018,1.45559661189176,0.145504165206841,0.998861670134564
"ENSGALG00010012933","ZCCHC17",15.9756955632376,-0.890050657501402,0.61214509426159,-1.4539864255141,0.145950069705406,0.998861670134564
"ENSGALG00010003558","TPT1",75.0577868074646,-0.592843710511559,0.407746092835791,-1.45395313634633,0.145959299406257,0.998861670134564
"ENSGALG00010012738","RAB21",12.9142447820069,-1.03274998708484,0.710758269209066,-1.45302563730153,0.146216635954138,0.998861670134564
"ENSGALG00010028252","ENSGALG00010028252",22.1460761679079,-0.938540318824923,0.646823858113901,-1.45099830046722,0.146780333456748,0.998861670134564
"ENSGALG00010006081","ZDHHC14",127.597400838667,0.441948443667062,0.30461654038583,1.45083534566864,0.146825714827632,0.998861670134564
"ENSGALG00010015362","ATP9A",61.7795150175687,0.564366551336927,0.389179034839805,1.45014633578408,0.147017716185999,0.998861670134564
"ENSGALG00010010932","GHITM",28.8586666008003,-0.773228252077905,0.533500148716557,-1.44934964673967,0.147239962991865,0.998861670134564
"ENSGALG00010008884","FAM135B",170.355469301133,0.460193270650466,0.31752984993951,1.44929136815998,0.147256230638908,0.998861670134564
"ENSGALG00010012842","DDX17",331.460516322162,0.355821049430806,0.245552719453061,1.44906173396635,0.147320343173484,0.998861670134564
"ENSGALG00010008067","MPC2",61.5893556209303,-0.550601969317851,0.380374253479762,-1.4475269140348,0.1477494040771,0.998861670134564
"ENSGALG00010016835","CCDC88A",149.290462893247,0.405105893839448,0.280009969132952,1.44675525337135,0.147965483257127,0.998861670134564
"ENSGALG00010015374","LIMS1",35.6572895781274,0.694275941687321,0.480013076707115,1.44636880822091,0.148073785703669,0.998861670134564
"ENSGALG00010021790","PHF21A",80.0151749578207,0.491560265092653,0.339909031197155,1.44615241131247,0.14813445805118,0.998861670134564
"ENSGALG00010022622","MPPED2",40.8370370005119,0.602651816670427,0.416855271885559,1.44570995574665,0.148258570773756,0.998861670134564
"ENSGALG00010020742","THAP10",14.7141627901195,0.921530335811726,0.637511760809319,1.44551111440179,0.14831437340283,0.998861670134564
"ENSGALG00010004495","MRPL15",15.397645118567,-0.924171921893099,0.63957657470404,-1.44497462609658,0.148465012960341,0.998861670134564
"ENSGALG00010008431","SH3RF1",89.4426113833909,0.53004728765396,0.366993873094507,1.44429465043811,0.148656109940824,0.998861670134564
"ENSGALG00010002455","NYX",13.5848583808061,-1.06093096099778,0.735246445340555,-1.44295966028965,0.149031835220576,0.998861670134564
"ENSGALG00010016932","OGT",171.213591135493,-0.405570598206411,0.281187738645605,-1.44234809156303,0.149204199630915,0.998861670134564
"ENSGALG00010015141","PFDN4",11.5684200016408,-1.04484618813415,0.7245009569093,-1.44215984557347,0.149257285456616,0.998861670134564
"ENSGALG00010011424","ACADL",41.4774651837855,-0.670435293136369,0.464901250225338,-1.44210258159428,0.149273436896774,0.998861670134564
"ENSGALG00010024791","SHANK2",586.095756873211,0.347179011384517,0.240753051329296,1.4420544598193,0.14928701078813,0.998861670134564
"ENSGALG00010007555","NDUFS6",16.2846334495335,-0.901009257808461,0.624897713452377,-1.44185078359568,0.149344472943376,0.998861670134564
"ENSGALG00010010659","ADAMTS1",18.8972476667743,0.802881451815989,0.556952627420912,1.44156147630348,0.149426122777397,0.998861670134564
"ENSGALG00010008168","CAVIN4",15.7973720405758,0.919234626306749,0.637852114403373,1.4411406743812,0.149544944521776,0.998861670134564
"ENSGALG00010002946","GDPD5",151.618754491168,0.449356208886489,0.311958814454679,1.44043440372726,0.149744536032177,0.998861670134564
"ENSGALG00010013436","NPAS2",62.2670019451934,0.55740723975012,0.38698039546084,1.44040175235835,0.149753768194659,0.998861670134564
"ENSGALG00010012939","GJA1",22.0601255129856,-0.802638501004004,0.557256956526722,-1.44033823463901,0.149771729050245,0.998861670134564
"ENSGALG00010020762","TTBK2",43.8774380266807,0.60926603404857,0.42309954567552,1.44000635376674,0.149865601469633,0.998861670134564
"ENSGALG00010021367","GRIP2",582.627824907618,0.322404826704371,0.224227039535849,1.43784990147375,0.150476646997427,0.998861670134564
"ENSGALG00010029262","CLTC",32.0926774352269,-0.707257892598595,0.492138390726922,-1.4371118082333,0.15068622651501,0.998861670134564
"ENSGALG00010024174","PLEKHB2",10.2056489285982,-1.08462881513433,0.754879635131842,-1.43682352080527,0.150768145323228,0.998861670134564
"ENSGALG00010009647","GALNT2",234.539429988052,0.408279335868746,0.284249939069492,1.436339220354,0.15090583895008,0.998861670134564
"ENSGALG00010010061","CYP2D6",21.854811698987,-0.820444575211447,0.571778332837577,-1.43489972965539,0.151315672765359,0.998861670134564
"ENSGALG00010008839","ZNF512",16.6114254639955,-0.919516166398704,0.6412956081112,-1.43384135922425,0.151617539288227,0.998861670134564
"ENSGALG00010028442","CHTOP",27.0892871184758,-0.690964090987433,0.482065800062523,-1.43333978659722,0.151760757025368,0.998861670134564
"ENSGALG00010021545","CYB5R2",34.5806783785603,-0.661392250589619,0.462006324045435,-1.43156536213252,0.152268248544925,0.998861670134564
"ENSGALG00010024680","BRSK1",999.614029815831,0.310020625856247,0.216598588390821,1.43131415656717,0.152340198466778,0.998861670134564
"ENSGALG00010023209","PIK3C2A",37.433713119106,0.603198553034386,0.421654306681974,1.43055233511308,0.152558556465465,0.998861670134564
"ENSGALG00010006616","COPG2",17.3825760719551,-0.814554648336997,0.569420373832685,-1.43049789886222,0.152574168435038,0.998861670134564
"ENSGALG00010029547","HIP1",72.0298634249691,0.551973692464918,0.385907245222326,1.43032736311265,0.152623084870856,0.998861670134564
"ENSGALG00010011894","VWC2L",216.710705184123,0.370197072165164,0.258831424514311,1.43026324125761,0.152641480656181,0.998861670134564
"ENSGALG00010011671","SLC41A2",15.0532617680337,-0.861081557831769,0.602287077643227,-1.42968625725993,0.152807086296712,0.998861670134564
"ENSGALG00010002870","FABP5",33.8807669052349,-0.733403735884364,0.513252897521985,-1.42893248031386,0.153023640858449,0.998861670134564
"ENSGALG00010012195","ITSN1",130.390491633937,0.397705946050548,0.278643364634182,1.42729379747721,0.15349522768967,0.998861670134564
"ENSGALG00010004901","CUL5",32.2961590909257,-0.647386017348987,0.453793380968207,-1.42660965210144,0.153692440517095,0.998861670134564
"ENSGALG00010003384","WDR17",48.6737721532896,-0.558227659749485,0.391784477199037,-1.42483353026233,0.154205327379441,0.998861670134564
"ENSGALG00010021145","EIF4G3",83.1761589871664,0.466814157112849,0.328097470931146,1.42279108640497,0.154796726086019,0.998861670134564
"ENSGALG00010020736","LRRTM4",982.820427863439,0.351091769904618,0.246820319949166,1.42245893683683,0.154893064107496,0.998861670134564
"ENSGALG00010027414","PBX3",132.723646598076,0.449688403865059,0.316909887709531,1.41897877379335,0.155905204483437,0.998861670134564
"ENSGALG00010029695","TAOK1",74.0682300982377,0.467594579738026,0.329530786611254,1.41897084805507,0.155907515250113,0.998861670134564
"ENSGALG00010018089","TASP1",25.7580295621017,-0.679032144647369,0.478927073213037,-1.41781950243878,0.156243468799692,0.998861670134564
"ENSGALG00010023569","LPCAT3",11.0500697661042,1.01285463381431,0.714670166549362,1.41723368516231,0.156414616301057,0.998861670134564
"ENSGALG00010003818","GAB2",65.2564990887288,0.527251598804259,0.372170800624126,1.4166925452509,0.156572837537841,0.998861670134564
"ENSGALG00010029341","SLC43A2",26.1335463502782,0.715241033596528,0.505185399133771,1.4157991003361,0.156834333082879,0.998861670134564
"ENSGALG00010001274","DLGAP1",788.73248958041,0.366718238922645,0.259224144847066,1.41467624143961,0.157163443452874,0.998861670134564
"ENSGALG00010014698","ENSGALG00010014698",137.814316787298,0.425251437829796,0.300972854149451,1.41292289974641,0.157678395069232,0.998861670134564
"ENSGALG00010023203","COG4",11.8978229776427,-0.966317693488337,0.684200126819823,-1.41233194150343,0.157852245599247,0.998861670134564
"ENSGALG00010004101","ARID1B",518.049405375027,0.33728379931288,0.238911010657477,1.41175493914945,0.158022130587541,0.998861670134564
"ENSGALG00010004094","DGKB",1050.4903087976,0.452488213594678,0.320549087359582,1.411603499863,0.158066741314016,0.998861670134564
"ENSGALG00010008744","ENSGALG00010008744",38.1916254647651,0.604074114650829,0.427994557640299,1.41140606549141,0.158124915516874,0.998861670134564
"ENSGALG00010025198","ENSGALG00010025198",58.9008508211204,0.512392740981466,0.363047450997006,1.41136575831706,0.158136794052325,0.998861670134564
"ENSGALG00010016500","ENSGALG00010016500",63.5997385320721,-0.521832070428467,0.369883786677349,-1.41080006538287,0.158303575220082,0.998861670134564
"ENSGALG00010028338","ENSGALG00010028338",11.1472397972667,-1.02578471712208,0.727423384596214,-1.41016186562587,0.158491893163016,0.998861670134564
"ENSGALG00010002817","SHFM1",20.5267760136577,-0.805665715322845,0.571662405917888,-1.40933828599281,0.15873516300372,0.998861670134564
"ENSGALG00010010948","PRDM15",14.9227056718519,-0.868873314167448,0.616960011087765,-1.40831382675116,0.159038163197517,0.998861670134564
"ENSGALG00010023696","LRRC4C",1325.34740803179,0.372557098936039,0.264897854702154,1.40641795440335,0.159600051889154,0.998861670134564
"ENSGALG00010001496","PTP4A1",16.7888419322325,-0.914509951282089,0.650313299505157,-1.40626057006364,0.159646764044918,0.998861670134564
"ENSGALG00010023530","ENSGALG00010023530",15.9691050717714,-0.923479929984876,0.656917853766037,-1.40577687863204,0.159790389872128,0.998861670134564
"ENSGALG00010009144","CREBZF",31.2099882937386,0.689000747813026,0.49016328877693,1.40565555109653,0.159826431817272,0.998861670134564
"ENSGALG00010008257","DESI2",10.2259491381985,-1.07574757229295,0.765326907620667,-1.40560531921889,0.15984135565863,0.998861670134564
"ENSGALG00010021473","SLC8A3",167.202518629116,0.37787265721885,0.26902478093054,1.40460167242516,0.160139759043165,0.998861670134564
"ENSGALG00010023866","AMBRA1",40.1857208591293,0.618719575484982,0.440812501770897,1.40358899305117,0.160441274650348,0.998861670134564
"ENSGALG00010002275","IL1RAPL1",3685.11319063766,0.383386919986491,0.273483105549182,1.40186692416195,0.160954989114321,0.998861670134564
"ENSGALG00010021502","DNAJB12",18.7643235755019,-0.785992695982703,0.560901008274266,-1.40130376730999,0.161123255122472,0.998861670134564
"ENSGALG00010029399","PRKAR1A",28.1080026260149,-0.646971070994769,0.461867672007423,-1.4007714984312,0.161282414202805,0.998861670134564
"ENSGALG00010013125","POU3F3",19.2068479691802,-0.872721634465013,0.623632169999258,-1.39941727904455,0.161687888319504,0.998861670134564
"ENSGALG00010001966","ARHGAP6",108.732730084557,0.536670552766141,0.383853937644456,1.39811136511834,0.162079627515567,0.998861670134564
"ENSGALG00010025980","HECTD4",42.0569392018899,-0.569104473044866,0.407079184500171,-1.39801909484425,0.16210733319667,0.998861670134564
"ENSGALG00010016624","MDH1",71.271287473046,-0.516567183516528,0.369727986209502,-1.39715467258089,0.162367063944312,0.998861670134564
"ENSGALG00010003255","CALCR",12.6877076413903,0.962498903189053,0.688993261574191,1.39696417493252,0.162424344486147,0.998861670134564
"ENSGALG00010011273","RUNX1T1",83.297520240839,0.456772963871107,0.327377582845622,1.39524814100207,0.162941024427828,0.998861670134564
"ENSGALG00010012071","ENSGALG00010012071",15.3043564798725,-0.860630187113497,0.617061542146155,-1.3947234243771,0.163099258332272,0.998861670134564
"ENSGALG00010004340","SLC4A4",78.8639299064884,0.541631721388816,0.38836029150542,1.39466297980482,0.163117493478949,0.998861670134564
"ENSGALG00010018983","MDGA2",110.145309718786,0.49528336539746,0.355157484031022,1.39454576537714,0.16315285955095,0.998861670134564
"ENSGALG00010018424","ENSGALG00010018424",10.7717666452814,-1.01530875784643,0.729242752934801,-1.39227815944742,0.163838182577024,0.998861670134564
"ENSGALG00010029217","CEP112",120.135904503226,0.455417103564793,0.327227516462232,1.39174452224697,0.163999774971341,0.998861670134564
"ENSGALG00010006577","ENSGALG00010006577",13.5790048593753,3.5083073138864,2.5219666041024,1.39109982986276,0.164195156480983,0.998861670134564
"ENSGALG00010020826","ENSGALG00010020826",18.6515161953588,0.965278605260608,0.694615397490116,1.38965909588024,0.164632421374658,0.998861670134564
"ENSGALG00010013015","PLA2G6",14.3584490941292,1.00234171653269,0.72177622666726,1.38871533793918,0.164919328292463,0.998861670134564
"ENSGALG00010015494","CHRDL1",11.4294784501692,1.05401745936487,0.758998285477548,1.38869544178443,0.164925380867465,0.998861670134564
"ENSGALG00010021043","PTPRG",250.405258020655,0.439135225726527,0.316277380054657,1.38844967556845,0.165000158777193,0.998861670134564
"ENSGALG00010006586","ENSGALG00010006586",75.4549907586426,-0.661539757161105,0.476774937764643,-1.38753047771917,0.165280064219559,0.998861670134564
"ENSGALG00010019871","TAFA1",69.3883920057856,0.551724594801782,0.397971226758336,1.38634292558243,0.165642215285498,0.998861670134564
"ENSGALG00010004076","COX7A2",45.2878453030056,-0.551824981006159,0.398295616929289,-1.3854658639242,0.165910063505532,0.998861670134564
"ENSGALG00010000650","BCKDK",18.909423023018,-0.837911277681182,0.604959115453976,-1.38507091847421,0.166030783292476,0.998861670134564
"ENSGALG00010003171","PAQR3",13.5761620413696,-0.88487834140498,0.638939098707642,-1.38491812943486,0.16607750280361,0.998861670134564
"ENSGALG00010023927","KPNB1",24.2611091893246,0.741478927854157,0.535475267817705,1.38471181101605,0.166140606105488,0.998861670134564
"ENSGALG00010011981","SCUBE1",70.9737955516875,0.473935500401617,0.342311195633647,1.38451650558587,0.166200357653995,0.998861670134564
"ENSGALG00010018222","ENSGALG00010018222",13.8959082976798,-0.967612529458003,0.699412928701152,-1.38346388771353,0.166522672809087,0.998861670134564
"ENSGALG00010023695","CLSTN3",155.097278403001,0.397059068663564,0.287305709049765,1.38200897565453,0.166968945172204,0.998861670134564
"ENSGALG00010028030","PFDN2",15.6379741728235,-0.86012184402962,0.62284547738261,-1.38095542997939,0.16729266510562,0.998861670134564
"ENSGALG00010027107","KIF21B",14.5545042611206,-0.928738629161591,0.672761851149946,-1.38048646422817,0.167436914431114,0.998861670134564
"ENSGALG00010009470","ZNF469",94.2083269647321,0.491207784703494,0.356055143860778,1.37958345265632,0.167714935195535,0.998861670134564
"ENSGALG00010023528","ENSGALG00010023528",12.443123332296,1.10454493825844,0.801227559085958,1.37856583405407,0.16802865671861,0.998861670134564
"ENSGALG00010005037","THNSL1",21.2238976735234,0.841812951303612,0.6111334114578,1.37746183651708,0.168369506079832,0.998861670134564
"ENSGALG00010010006","PPARGC1A",69.6482010374119,0.604136374766341,0.438690924290747,1.37713442725782,0.168470690472777,0.998861670134564
"ENSGALG00010026114","CWC22",30.2411225362925,-0.654309221740345,0.475796607540311,-1.37518681590202,0.169073534628669,0.998861670134564
"ENSGALG00010003666","SLC25A13",93.360934749571,-0.434328003771575,0.315881117415284,-1.37497298770338,0.169139819332783,0.998861670134564
"ENSGALG00010008264","CNTNAP2",1583.97589059746,0.314458953564063,0.228786378041503,1.37446536920576,0.169297254293257,0.998861670134564
"ENSGALG00010012445","SOBP",127.711749243437,0.429347923318388,0.312530880374788,1.37377760176375,0.169510736715293,0.998861670134564
"ENSGALG00010009416","COL14A1",128.887242498814,0.481348040020623,0.350453827114151,1.37349916816242,0.169597219645817,0.998861670134564
"ENSGALG00010020272","MTA3",170.550626545043,0.426109948742571,0.310341713440886,1.37303472362163,0.169741552159233,0.998861670134564
"ENSGALG00010016472","TFDP1",42.9670151160668,0.574374062043132,0.418515892692093,1.37240681195757,0.169936830709654,0.998861670134564
"ENSGALG00010022427","RPL27",28.1377326112822,-0.686747305185835,0.500576373365816,-1.37191314198117,0.170090478727046,0.998861670134564
"ENSGALG00010024145","RAP1GAP3",41.2500518504456,0.568760927069968,0.414579755380502,1.37189749303595,0.17009535094889,0.998861670134564
"ENSGALG00010010823","TMEFF2",173.18236187747,0.403963864794991,0.294514671619359,1.37162560552191,0.170180018481456,0.998861670134564
"ENSGALG00010012399","ERC1",469.522998385724,0.350199386133152,0.255618603063957,1.37000743269664,0.17068458146969,0.998861670134564
"ENSGALG00010000870","DACH1",54.7044371249728,0.714508296450987,0.521854111594679,1.36917249586785,0.170945361278149,0.998861670134564
"ENSGALG00010011551","GMDS",363.289362718595,0.373519045775433,0.273131140423413,1.36754470836389,0.171454633720676,0.998861670134564
"ENSGALG00010023405","DNAJA2",44.7086347057038,-0.542621767513335,0.396792271083518,-1.36752101050659,0.171462056252549,0.998861670134564
"ENSGALG00010022597","SLCO4A1",42.0856609067123,-0.784104703332739,0.573634702198467,-1.36690597749341,0.171654778156627,0.998861670134564
"ENSGALG00010001491","PHF3",97.8301081653171,0.424989541625188,0.311208400930578,1.36561076228784,0.172061166772408,0.998861670134564
"ENSGALG00010027202","CHAF1A",21.3342289151743,-0.748487665867481,0.548110549102093,-1.36557792418636,0.172071479451976,0.998861670134564
"ENSGALG00010012954","RIMS2",2379.05738609605,0.35229643890348,0.258102148791657,1.36494965482778,0.172268874105773,0.998861670134564
"ENSGALG00010024848","ESYT1",10.9145481675607,-0.994422913764339,0.729202186161965,-1.36371356618981,0.172657732666148,0.998861670134564
"ENSGALG00010015043","COQ10B",10.2113269322329,1.03005912868453,0.756593052152826,1.36144407585237,0.173373395299722,0.998861670134564
"ENSGALG00010002378","ENSGALG00010002378",177.477430783475,1.09747208843457,0.806499800100764,1.3607840799185,0.173581934403244,0.998861670134564
"ENSGALG00010018469","KLHDC7A",285.638345532601,0.392024028367664,0.28810593855181,1.36069402226906,0.173610404470957,0.998861670134564
"ENSGALG00010029706","SSH2",19.5439438640624,0.82195747844279,0.604110921839383,1.36060688315337,0.17363795521915,0.998861670134564
"ENSGALG00010008740","ENSGALG00010008740",21.3655264741236,-0.78631147341909,0.578347938625647,-1.35958204552027,0.17396222300724,0.998861670134564
"ENSGALG00010013517","STMN1",225.975874150397,-0.464706181846965,0.341882873119515,-1.35925551814499,0.174065634150918,0.998861670134564
"ENSGALG00010009126","JPH3",56.6547837785949,0.51459117442745,0.378651878801145,1.35900863890258,0.174143851225286,0.998861670134564
"ENSGALG00010026219","ENSGALG00010026219",32.1118731330511,-0.736492025790819,0.542087714691164,-1.35862150318313,0.174266557658625,0.998861670134564
"ENSGALG00010009461","ZEB2",1120.04820228026,0.301322136944557,0.2218347841791,1.35831780421452,0.174362863187152,0.998861670134564
"ENSGALG00010002705","JADE3",36.5045854855725,0.600398614550762,0.442135022474675,1.35795307775048,0.174478573570403,0.998861670134564
"ENSGALG00010024259","ATP5L",54.0672796604539,-0.60316711345639,0.444465572038052,-1.35706149452842,0.17476167194279,0.998861670134564
"ENSGALG00010013175","HIPK2",160.102324275347,0.441970133580936,0.325897816917745,1.35616168822784,0.175047728827711,0.998861670134564
"ENSGALG00010005203","ENSGALG00010005203",30.9297317139585,0.618354916111073,0.456048609983664,1.3558969429448,0.175131960336518,0.998861670134564
"ENSGALG00010013363","HS3ST5",39.8274849904727,0.591065125989737,0.436076633274552,1.35541572487239,0.175285142396416,0.998861670134564
"ENSGALG00010003814","TPP1",26.405471634932,0.68309703007926,0.504068603325625,1.355166787958,0.175364423591425,0.998861670134564
"ENSGALG00010026229","CRHR2",320.542440886294,0.32899201956993,0.242960227207012,1.3540982544835,0.175705033022034,0.998861670134564
"ENSGALG00010018092","PCDH11X",803.079002735926,0.340636918357566,0.251612235562479,1.35381698587142,0.175794773161897,0.998861670134564
"ENSGALG00010028462","EDF1",14.9356177691257,-0.89411919519085,0.660836249102565,-1.35301172779957,0.176051883743606,0.998861670134564
"ENSGALG00010011530","ARPC5",16.3479229818578,-0.824207307229248,0.609242746725382,-1.35283893269026,0.176107091956535,0.998861670134564
"ENSGALG00010025544","CSDE1",71.7465303992305,-0.485822559650725,0.359440065557552,-1.35160936746751,0.176500312066745,0.998861670134564
"ENSGALG00010026112","ZFP91",21.3064960897241,0.711287671097452,0.527050848502188,1.34956176072734,0.177156597006923,0.998861670134564
"ENSGALG00010011428","UQCRB",27.9739803625128,-0.727645953650879,0.539274114061873,-1.34930628909696,0.177238606410919,0.998861670134564
"ENSGALG00010011178","RSPO2",29.9828099746277,-0.685587919829664,0.508518171357637,-1.34820731774302,0.177591711642755,0.998861670134564
"ENSGALG00010023920","ENSGALG00010023920",26.3527040091952,0.678822510885277,0.503518871170304,1.34815703988914,0.17760787870137,0.998861670134564
"ENSGALG00010025577","PTH2R",23.6623851932863,-0.766904870351813,0.569109835333823,-1.34755160205933,0.17780264588331,0.998861670134564
"ENSGALG00010015921","SNX21",25.0096755462329,0.720450434802264,0.534835790999743,1.34704978037382,0.177964200606421,0.998861670134564
"ENSGALG00010014641","DOCK11",43.6790703999103,-0.559509608327112,0.415400401780267,-1.34691638700695,0.178007163179482,0.998861670134564
"ENSGALG00010001877","OAT",12.3604141184137,-0.940725401703583,0.698775436821589,-1.34624852582471,0.178222380185072,0.998861670134564
"ENSGALG00010005015","NRXN3",475.434282052054,0.369455003633894,0.274550470555649,1.34567244735066,0.178408175894547,0.998861670134564
"ENSGALG00010016482","EML1",372.388531726939,0.444088954848648,0.330122681394011,1.34522400270527,0.178552907125569,0.998861670134564
"ENSGALG00010002809","SH3KBP1",333.088101815731,0.333938838393004,0.248279410099142,1.34501221128106,0.178621291149582,0.998861670134564
"ENSGALG00010015580","GEMIN5",11.910746575748,-1.00361329244558,0.746208866080785,-1.34494956849914,0.178641521223648,0.998861670134564
"ENSGALG00010001057","ENSGALG00010001057",10.5860425773917,1.09418841651316,0.813617567952303,1.34484364597362,0.178675732083775,0.998861670134564
"ENSGALG00010016623","DNAJA3",25.5050707153209,0.73358743480589,0.54561490491824,1.34451502001364,0.178781902722698,0.998861670134564
"ENSGALG00010005169","ENSGALG00010005169",93.434282132398,-0.529997945593743,0.394334527669875,-1.34403129425542,0.178938267504992,0.998861670134564
"ENSGALG00010022044","PXMP4",14.526727910442,0.922285238426925,0.686245067037176,1.34395900637776,0.178961643359089,0.998861670134564
"ENSGALG00010018960","RBFOX1",2302.32948731976,0.338061818854235,0.251544554581324,1.3439440953787,0.178966465436795,0.998861670134564
"ENSGALG00010018148","XRN2",30.3486593429309,-0.650980398464706,0.484643175917774,-1.34321585614393,0.179202088821524,0.998861670134564
"ENSGALG00010004079","AP1AR",19.0522126780044,-0.798901532078846,0.595009199451741,-1.34267089116433,0.179378564265637,0.998861670134564
NA,"JAKMIP1",289.115418199355,0.349751346766344,0.260666611435049,1.34175736908097,0.179674678953907,0.998861670134564
"ENSGALG00010000046","TUBGCP4",17.9333181145365,-0.755299134561061,0.563025527376388,-1.34150069195022,0.179757945213175,0.998861670134564
"ENSGALG00010029274","VMP1",36.3199209763854,0.560796619412141,0.418434244674537,1.34022639530456,0.180171752690455,0.998861670134564
"ENSGALG00010018007","DNAAF9",346.189729666613,-0.31553813333535,0.235853833872277,-1.33785458626984,0.180943843648204,0.998861670134564
"ENSGALG00010011965","ATIC",29.5674132912175,-0.724841256924392,0.542564108902111,-1.33595504205231,0.181563968465209,0.998861670134564
"ENSGALG00010008767","ENSGALG00010008767",103.439206787768,0.532319841197984,0.398517914908294,1.33574883658738,0.181631381036696,0.998861670134564
"ENSGALG00010026117","LZTR1",19.3609016911474,0.752672442520934,0.563490098034684,1.33573321899723,0.181636487486732,0.998861670134564
"ENSGALG00010012175","PACSIN2",66.6100054851279,-0.53413757853415,0.399911569899356,-1.33563922311269,0.181667223369964,0.998861670134564
"ENSGALG00010013391","HMGN1",14.476279587091,-0.901898711280884,0.67551131492896,-1.33513486946659,0.181832208784745,0.998861670134564
"ENSGALG00010007125","ENSGALG00010007125",30.9608406267652,0.618263912348452,0.463169301747199,1.33485511672772,0.181923770110233,0.998861670134564
"ENSGALG00010001476","IGF2BP3",53.2439402221743,0.496716628508286,0.372220104652904,1.33447017584253,0.182049814764109,0.998861670134564
"ENSGALG00010024078","KIRREL3",36.3055152353866,-0.727880568007442,0.545862385562079,-1.33345067778931,0.182383951116857,0.998861670134564
"ENSGALG00010005381","FGF9",124.184672033323,0.379018196459912,0.284490902907678,1.33226824684412,0.182772057405072,0.998861670134564
"ENSGALG00010001621","DLGAP2",1338.7301653592,0.305692664282879,0.229461761321524,1.33221615018696,0.182789171027753,0.998861670134564
"ENSGALG00010016888","ENSGALG00010016888",17.0944001579886,-0.817017242738437,0.61344971672923,-1.33184060642261,0.182912571367606,0.998861670134564
"ENSGALG00010001811","ACADSB",10.5825803860679,-0.973097896014743,0.73076458744831,-1.33161610829093,0.182986368939146,0.998861670134564
"ENSGALG00010001248","PTPRZ1",99.5907424098681,0.428079210456491,0.321536186056611,1.33135624859692,0.183071818201305,0.998861670134564
"ENSGALG00010009088","ENSGALG00010009088",39.9825168700865,0.59962012972647,0.450592512809947,1.3307370022355,0.183275563217767,0.998861670134564
"ENSGALG00010029549","KSR1",51.2097867147532,0.499288849996333,0.375363014605362,1.3301492969979,0.183469085894277,0.998861670134564
"ENSGALG00010027041","MAPK14",30.1725407679329,-0.626648637518961,0.47111310357304,-1.33014478427006,0.183470572454513,0.998861670134564
"ENSGALG00010028768","NTNG2",10.1979502093763,1.05204158596168,0.791158876543125,1.32974756038692,0.183601458923813,0.998861670134564
"ENSGALG00010011326","COX6C",46.0681763211091,-0.575571373884952,0.433273268299978,-1.32842576728379,0.184037491749331,0.998861670134564
"ENSGALG00010013150","GNS",12.3451808465584,-0.940582053821687,0.708290338093144,-1.32796115270175,0.184190940697531,0.998861670134564
"ENSGALG00010012867","A4GALT",21.520429546552,-0.714816035843033,0.53868607032845,-1.32696216816446,0.184521197568794,0.998861670134564
"ENSGALG00010003300","CASP8AP2",36.5013080419336,0.616699486902475,0.464959200642704,1.32635183054776,0.184723186224557,0.998861670134564
"ENSGALG00010008007","CBR4",11.7788086364632,-0.953755752834643,0.719915567771262,-1.3248161250177,0.185232145224864,0.998861670134564
"ENSGALG00010002336","PRIM2",37.6651431962577,-0.567619215319476,0.428679250507875,-1.32411170973867,0.185465947176382,0.998861670134564
"ENSGALG00010010085","TDG",17.0350841504788,-0.837201906523186,0.632289821050347,-1.32407936780074,0.185476687002788,0.998861670134564
"ENSGALG00010021062","MYO9A",106.298053022832,0.431800110357491,0.326286124190398,1.32337871072176,0.185709467970117,0.998861670134564
"ENSGALG00010020666","TMCO4",17.1180696104409,-0.860068710367901,0.650175522459155,-1.3228254227641,0.185893440729997,0.998861670134564
"ENSGALG00010029613","SRRM3",51.9913466542471,0.525943617539054,0.397594910499662,1.32281275149648,0.185897655607451,0.998861670134564
"ENSGALG00010026232","PSMC5",22.8360770391648,-0.698615920199668,0.528509143492981,-1.32186155869023,0.186214255143567,0.998861670134564
"ENSGALG00010028201","ENSGALG00010028201",25.142421886003,-0.674034322214243,0.510521920685161,-1.32028478093484,0.186739954883359,0.998861670134564
"ENSGALG00010023917","ZRANB2",127.731524638695,-0.459183888693391,0.34811571851381,-1.31905531486414,0.187150620558774,0.998861670134564
"ENSGALG00010023744","MT4",25.4313329267154,0.808313163744237,0.612824217588046,1.31899677027386,0.187170192216551,0.998861670134564
"ENSGALG00010017153","SLC35F4",80.8986596768222,0.671191965851487,0.509094314094323,1.31840397205287,0.187368451839076,0.998861670134564
"ENSGALG00010024501","ARL8A",26.6721645837896,0.682623530328374,0.518400518244022,1.31678790106272,0.187909729492128,0.998861670134564
"ENSGALG00010007991","PCF11",58.9478297576773,0.473683716906813,0.359732574041673,1.31676626218436,0.187916984916126,0.998861670134564
"ENSGALG00010013549","PCP4",54.3531312961482,0.480890523556309,0.365310359982049,1.31638895644771,0.188043527158262,0.998861670134564
"ENSGALG00010022079","ABI2",314.021017548217,0.333146296055389,0.253309914368719,1.31517274752404,0.188451851954613,0.998861670134564
"ENSGALG00010004251","CCN2",11.4967557660615,-0.903857506192656,0.687514371441233,-1.31467434534918,0.188619372167774,0.998861670134564
"ENSGALG00010009210","PCDH15",998.924936315055,0.353947738322786,0.269244893150099,1.31459406409416,0.188646366131041,0.998861670134564
"ENSGALG00010021242","BCAR3",82.6483525115258,0.431088444135384,0.328047262380305,1.31410468420743,0.188810978028766,0.998861670134564
"ENSGALG00010015867","ENSGALG00010015867",42.4619845846149,-0.529954335703111,0.403458570870998,-1.31352851064493,0.189004920305207,0.998861670134564
"ENSGALG00010023240","PIWIL1",40.089794260241,-0.565610670435146,0.430652373896524,-1.31338105794594,0.189054577056172,0.998861670134564
"ENSGALG00010018999","THUMPD3",53.7452994226565,-0.48840743152128,0.372154320963521,-1.31237877409773,0.189392365017024,0.998861670134564
"ENSGALG00010005909","BRMS1L",12.1522066500795,-0.882557650823238,0.672731189698474,-1.3119023829099,0.189553073417428,0.998861670134564
"ENSGALG00010014051","ENSGALG00010014051",20.7608076229422,-0.98122867589982,0.748092817936843,-1.31164028362943,0.18964153426016,0.998861670134564
"ENSGALG00010015078","GABRQ",62.987215244801,0.504907017686774,0.384998111813729,1.31145323105133,0.189704684771356,0.998861670134564
"ENSGALG00010022664","TRPC4AP",63.7498618324352,-0.57908225935147,0.441633135830226,-1.31122919085963,0.18978034300145,0.998861670134564
"ENSGALG00010004245","ARFGEF3",124.483999066364,0.444068654707001,0.338722164774988,1.31101150408032,0.189853876980799,0.998861670134564
"ENSGALG00010003660","IGFBP7",23.4792795962127,-0.747373495399439,0.57030684943366,-1.31047609921153,0.190034824533276,0.998861670134564
"ENSGALG00010014303","GABRA2",120.685994546226,0.401206202721836,0.306165670034629,1.31042191202057,0.190053144927919,0.998861670134564
"ENSGALG00010014845","ENSGALG00010014845",66.021920886988,0.480453646216122,0.366698988315895,1.31021263086287,0.190123913964796,0.998861670134564
"ENSGALG00010005260","ANXA5",140.143503536837,-0.432253155649656,0.329915203845761,-1.31019471249267,0.190129974016134,0.998861670134564
"ENSGALG00010008022","SLC35F3",42.2035080436891,0.541092612026348,0.41317761290584,1.30958840732172,0.190335112267903,0.998861670134564
"ENSGALG00010013369","MTMR8",20.5358985389423,-0.696008698512758,0.531607718674002,-1.3092524319414,0.190448856871687,0.998861670134564
"ENSGALG00010002613","CMC1",30.5444460420097,0.616137553721863,0.470708335132454,1.30895823960391,0.190548496904774,0.998861670134564
"ENSGALG00010001925","FRMPD4",802.706665821402,0.333028095445706,0.254430668747135,1.3089149082758,0.190563176039167,0.998861670134564
"ENSGALG00010014166","FGF12",361.042635695281,0.312484112619473,0.238744842440923,1.30886225404763,0.190581014565713,0.998861670134564
"ENSGALG00010012271","ENSGALG00010012271",11.4874201532113,0.951793676568282,0.727391732657118,1.30850219192269,0.190703031599556,0.998861670134564
"ENSGALG00010021017","COQ7",28.8052845872202,-0.766977491012659,0.586568154756345,-1.30756756021175,0.191020025843049,0.998861670134564
"ENSGALG00010003868","HBBA",87.1039449471503,0.614080796533094,0.469671559047663,1.30746855904634,0.191053626261856,0.998861670134564
"ENSGALG00010007671","FAM206A",18.9819507542465,-0.780856800805737,0.597264171501824,-1.30738932295615,0.191080521662947,0.998861670134564
"ENSGALG00010027563","WDR77",12.8250684105395,0.922583987296297,0.705830191505905,1.30709056993998,0.191181953570355,0.998861670134564
"ENSGALG00010008761","ENSGALG00010008761",134.173971487394,-0.516573118230344,0.395246948090758,-1.30696295246719,0.19122529402413,0.998861670134564
"ENSGALG00010006627","SF3B5",13.7308462377297,-0.906840549634539,0.694123113858618,-1.30645490912041,0.191397903436894,0.998861670134564
"ENSGALG00010010259","IGF1",172.524906264496,0.392636575811069,0.30057149120956,1.30630012257989,0.191450515453749,0.998861670134564
"ENSGALG00010005552","WDR37",40.9591781289756,-0.560182302335812,0.428928176969124,-1.30600490341798,0.191550890080985,0.998861670134564
"ENSGALG00010021330","COMMD4",15.4779654136987,-0.817985770826271,0.626596418749391,-1.30544277999365,0.191742119283785,0.998861670134564
"ENSGALG00010021960","CDKN1B",27.2799313534096,0.640430423407065,0.490589388011859,1.30543064945299,0.191746247529017,0.998861670134564
"ENSGALG00010019679","RHOBTB2",17.6725675330612,0.793124494983662,0.60757134108879,1.30540142588417,0.191756193113348,0.998861670134564
"ENSGALG00010010568","ENSGALG00010010568",19.3649480459896,-0.783496262670365,0.600959169818716,-1.30374291968407,0.192321250360021,0.998861670134564
"ENSGALG00010016791","LRRTM1",85.3363296624426,0.422257421526983,0.323889436712227,1.30370853033455,0.192332979838176,0.998861670134564
"ENSGALG00010013805","HSPA4",21.6745768751876,-0.674689187303867,0.517611710670853,-1.30346584784458,0.192415768641992,0.998861670134564
"ENSGALG00010000485","MED13L",138.688940832147,0.383758618546904,0.294742057903168,1.30201512901488,0.19291121385353,0.998861670134564
"ENSGALG00010014031","RPL22L1",20.112345857875,-0.710296239943717,0.54667211584338,-1.29930943861643,0.193837756486067,0.998861670134564
"ENSGALG00010022862","ACADS",17.0482795930506,0.805430458074473,0.620490886101234,1.29805364770993,0.194268900716132,0.998861670134564
"ENSGALG00010015848","UBE2B",11.7993413724882,-0.898703938946096,0.692466325545188,-1.29783053094825,0.194345575818459,0.998861670134564
"ENSGALG00010000271","RTN4R",65.5805375025828,0.514818761694918,0.396687459019494,1.29779439704853,0.194357995488714,0.998861670134564
"ENSGALG00010015203","HMGXB4",22.1380096340877,-0.704131830788523,0.542947200528263,-1.2968698063153,0.194675986962269,0.998861670134564
"ENSGALG00010018000","MAP2K1",19.1975098877363,-0.733787805710661,0.566254235418433,-1.29586281181355,0.19502275334519,0.998861670134564
"ENSGALG00010011126","ATXN1",99.1657584300208,0.427466127990378,0.329920319791359,1.2956647479631,0.195091011452642,0.998861670134564
"ENSGALG00010013314","KIT",15.9756580127553,-0.81878907339597,0.632543586878732,-1.29443897682413,0.195513834791314,0.998861670134564
"ENSGALG00010016800","RPL14",43.6924525706412,-0.580300738892234,0.448507737214767,-1.29384777728898,0.19571800595921,0.998861670134564
"ENSGALG00010009335","PTP4A3",16.8371776848626,0.786661706039356,0.608095322345745,1.29364867173256,0.195786802367095,0.998861670134564
"ENSGALG00010010271","HUNK",20.3323015134516,0.685003969930866,0.529741712036839,1.29309048988619,0.195979763931063,0.998861670134564
"ENSGALG00010015895","RBMXL1",126.237298728353,0.409585568105913,0.316774241675883,1.2929888678417,0.19601490931648,0.998861670134564
"ENSGALG00010011097","ENSGALG00010011097",10.5508977804875,0.940506549035343,0.727564784182549,1.29267739379668,0.196122659551504,0.998861670134564
"ENSGALG00010008011","ADNP2",29.109628388265,-0.619135808629015,0.479169899773116,-1.2921007954009,0.196322240492577,0.998861670134564
"ENSGALG00010018480","EME2",12.9590069318755,0.910829292786394,0.705506499737532,1.29102891769991,0.196693650294442,0.998861670134564
"ENSGALG00010016612","GRIA1",264.450077781068,-0.36488884656648,0.282696177953599,-1.29074559552896,0.196791908460099,0.998861670134564
"ENSGALG00010002492","RPL8",47.4876982492879,-0.637633020076629,0.494223493123529,-1.29017140817556,0.196991150990164,0.998861670134564
"ENSGALG00010022494","FAM160B1",18.6429059478301,-0.759488333766562,0.589407428403597,-1.28856254123506,0.197550213095425,0.998861670134564
"ENSGALG00010011496","ACTR6",18.9908500936664,-0.733473690111994,0.569220690823113,-1.28855767532161,0.197551905701721,0.998861670134564
"ENSGALG00010020070","ARL6IP5",32.5117163198162,-0.676437940280318,0.525009075554098,-1.28843094677249,0.197595991920905,0.998861670134564
"ENSGALG00010016847","EPHB2",15.0283253305696,0.924597201395843,0.717743279900982,1.28820042943962,0.19767620255086,0.998861670134564
"ENSGALG00010007850","ENSGALG00010007850",21.5560055768164,0.753039231719765,0.585074157012502,1.28708339394945,0.198065222803851,0.998861670134564
"ENSGALG00010023186","MIER1",18.7358609136413,0.755153322912277,0.587159522191822,1.28611270765626,0.198403729793491,0.998861670134564
"ENSGALG00010012730","CAP2",120.933093569934,0.40832978652201,0.317736933635958,1.28511905068564,0.198750685327244,0.998861670134564
"ENSGALG00010009995","SEPTIN3",50.6260478167147,-0.534714551161163,0.416136647710698,-1.28494943692847,0.198809953709428,0.998861670134564
"ENSGALG00010005179","ENSGALG00010005179",53.1645470776219,0.633480900146725,0.493041363157338,1.28484331637013,0.198847042140459,0.998861670134564
"ENSGALG00010024506","RAB8B",13.3827246012474,-0.835100287275182,0.649995085608704,-1.28477938643664,0.19886938766904,0.998861670134564
"ENSGALG00010022811","GIGYF2",74.777534569558,0.424995043989758,0.330830258144127,1.28463172133611,0.198921008296177,0.998861670134564
"ENSGALG00010019020","KCNK2",73.9977673949804,0.483517942605328,0.376478679313166,1.28431693260144,0.199031084537861,0.998861670134564
"ENSGALG00010016931","SLC30A4",16.0546193608265,0.812100226979213,0.63236262831128,1.28423184834297,0.199060844690358,0.998861670134564
"ENSGALG00010000341","EWSR1",62.1045837211898,0.458401529233986,0.357209048722028,1.28328644213799,0.199391740840937,0.998861670134564
"ENSGALG00010013831","TCERG1",103.463923669592,0.385857087295428,0.300699387343185,1.28319878103062,0.199422442944584,0.998861670134564
"ENSGALG00010006651","ENSGALG00010006651",29.8825501395987,-0.596665772337595,0.465924288814689,-1.28060671371203,0.200331840660175,0.998861670134564
"ENSGALG00010023869","DOCK7",60.5626859158522,-0.451120704980923,0.352377302265754,-1.28022066710954,0.200467539380423,0.998861670134564
"ENSGALG00010020745","ABCC1",31.6222231312357,-0.599278989394973,0.468121851102856,-1.2801773469517,0.200482770976572,0.998861670134564
"ENSGALG00010024747","TULP3",31.3428860168573,0.60663358321214,0.474479311652697,1.27852483409472,0.201064434106392,0.998861670134564
"ENSGALG00010021186","SWT1",36.0222752082807,-0.555281457340445,0.434773082197509,-1.2771753360025,0.201540352450829,0.998861670134564
"ENSGALG00010028649","ENSGALG00010028649",10.9836865468784,0.946715858638691,0.741887177270354,1.27609141611258,0.20192320562818,0.998861670134564
"ENSGALG00010023219","TEX9",74.0697071117049,0.431982655551114,0.338592303760592,1.27581947596941,0.202019341207465,0.998861670134564
"ENSGALG00010020747","DBI",19.1849804147186,-0.733427272274695,0.575560850143053,-1.27428276626599,0.202563221885902,0.998861670134564
"ENSGALG00010007692","ENSGALG00010007692",48.6521671717092,-0.591402795193271,0.464160548310483,-1.2741341273961,0.202615885497603,0.998861670134564
"ENSGALG00010007068","NCAM2",476.230133215925,0.320904216262493,0.251976907881828,1.27354613150896,0.202824313625571,0.998861670134564
"ENSGALG00010015151","ENSGALG00010015151",15.1994539271519,0.813257083317278,0.638649008779058,1.27340224777304,0.202875340169988,0.998861670134564
"ENSGALG00010002308","GXYLT1",11.9079110165446,0.874033613050024,0.686512732048499,1.27314989547532,0.20296485629616,0.998861670134564
"ENSGALG00010012193","TTLL1",19.0699951770914,-0.725600152946205,0.5700357762692,-1.27290283023138,0.203052524829483,0.998861670134564
"ENSGALG00010025486","B3GALT1",116.421362134845,0.38153012758534,0.299965484042868,1.27191342964918,0.203403879698395,0.998861670134564
"ENSGALG00010016295","UBE2K",65.9245898360651,0.451696914094572,0.355274724237205,1.27140177242946,0.203585752406258,0.998861670134564
"ENSGALG00010021243","DYL1",35.8708629567174,-0.700786660997126,0.551799898710753,-1.27000143101597,0.204084120411224,0.998861670134564
"ENSGALG00010007162","ENSGALG00010007162",31.7035871773611,0.604757043454365,0.476340221907022,1.26959054818681,0.204230517953069,0.998861670134564
"ENSGALG00010017820","FLRT2",534.985832885592,0.373318737560226,0.294112249827139,1.26930700023423,0.204331590627612,0.998861670134564
"ENSGALG00010005497","MKX",70.7742546430877,0.445578115654083,0.351141563330506,1.26894153864289,0.204461915667082,0.998861670134564
"ENSGALG00010019586","GLYR1",26.0994431974174,-0.60802053040071,0.47939001799086,-1.26832121567517,0.204683263668407,0.998861670134564
"ENSGALG00010005228","ZNF521",29.4052212563769,0.639897692530831,0.504804799843213,1.26761412080387,0.204935786710812,0.998861670134564
"ENSGALG00010021245","ZFAND3",145.280678157941,0.3603205490003,0.284344599513916,1.2671967380997,0.205084951840792,0.998861670134564
"ENSGALG00010027982","ENTPD2",10.5053003526557,-0.978801298385675,0.772436183714656,-1.26716137723974,0.205097592806956,0.998861670134564
"ENSGALG00010012172","CNOT2",76.3229754004782,0.421045471735021,0.332318921252463,1.26699217170109,0.205158089037187,0.998861670134564
"ENSGALG00010003201","MBOAT2",55.2359700418205,0.46082914089549,0.363813006706876,1.26666483165837,0.205275160078392,0.998861670134564
"ENSGALG00010024812","SBNO1",29.8166470190844,-0.594866625451772,0.470116592859536,-1.26535977348391,0.205742388382401,0.998861670134564
"ENSGALG00010012390","MMP16",500.492174079752,0.399247821586808,0.31555554066787,1.26522202950962,0.205791747614307,0.998861670134564
"ENSGALG00010005351","DTNA",132.264580553473,0.357283877134711,0.282590743413077,1.26431557106049,0.206116782917407,0.998861670134564
"ENSGALG00010021749","CLASP1",70.8052493422059,0.464794343876028,0.368034037005592,1.26291129933986,0.20662105871641,0.998861670134564
"ENSGALG00010002415","PCDH17",41.6465502799242,0.531442819606126,0.421165339780324,1.26183892502484,0.207006752469585,0.998861670134564
"ENSGALG00010015364","CLOCK",37.3023287149846,0.523563385148792,0.414973344341648,1.26167955674219,0.207064115970241,0.998861670134564
"ENSGALG00010011090","GRIN2B",370.429598189831,0.303623917167181,0.240702078563552,1.26140961880815,0.20716130456185,0.998861670134564
"ENSGALG00010025930","ENSGALG00010025930",22.3979415740314,-0.695849321045537,0.551736520612188,-1.2611985885463,0.207237307057084,0.998861670134564
"ENSGALG00010023168","SPHKAP",574.992782030636,0.378597501927471,0.300210295446715,1.26110765576549,0.20727006271179,0.998861670134564
"ENSGALG00010026305","ATP5MC1",63.0550092228554,-0.533015866492483,0.422763785942116,-1.26078884761776,0.20738493292465,0.998861670134564
"ENSGALG00010014077","SLITRK2",11.378622062226,-0.991772534718957,0.786676028785259,-1.26071279463084,0.207412342505674,0.998861670134564
"ENSGALG00010006434","MMAA",10.5684945164135,-0.992431456049639,0.787399674999739,-1.26039099019182,0.207528350272235,0.998861670134564
"ENSGALG00010017662","GOLGA4",70.4171183587613,0.436209994169148,0.34635231785506,1.25944008941696,0.207871416943513,0.998861670134564
"ENSGALG00010005311","YME1L1",19.1522995191458,-0.699482973972741,0.555799237256948,-1.25851733338987,0.208204722562485,0.998861670134564
"ENSGALG00010007158","ENSGALG00010007158",95.7321221982313,0.442827903571359,0.351955920017473,1.25819137677632,0.208322552820062,0.998861670134564
"ENSGALG00010000020","COX2",1413.85455231329,0.41233742222636,0.327877415646771,1.25759629223923,0.208537794971711,0.998861670134564
"ENSGALG00010008323","AKT3",130.055066957702,0.379695195395853,0.302218367602945,1.25636042047152,0.208985324837609,0.998861670134564
"ENSGALG00010029739","P2RX5",11.196829961215,-0.932155748313455,0.742516511464369,-1.25540070008017,0.209333335341076,0.998861670134564
"ENSGALG00010013254","SAR1B",13.7539482222287,-0.836372135996714,0.66751493465457,-1.25296393020708,0.210218833845324,0.998861670134564
"ENSGALG00010018786","DSTN",73.1715490381934,-0.452084595211821,0.361021193502223,-1.2522383819803,0.210483014026732,0.998861670134564
"ENSGALG00010005082","ENSGALG00010005082",10.6618720768879,-0.921275194695384,0.736378525267845,-1.25108916553519,0.210901947953296,0.998861670134564
"ENSGALG00010017574","DYNC1LI1",34.978400111454,-0.556430954659176,0.444783175923674,-1.25101619121192,0.210928570271353,0.998861670134564
"ENSGALG00010020405","UBE2I",15.5310360878398,0.809140301362674,0.646852752194854,1.25088793178534,0.210975367458651,0.998861670134564
"ENSGALG00010002041","GCLC",19.2631666250269,-0.721668871427789,0.576959036665565,-1.25081474691609,0.211002073313023,0.998861670134564
"ENSGALG00010021881","PHF20",67.6326535507672,0.448353093526502,0.358466825613033,1.2507519845379,0.211024977848667,0.998861670134564
"ENSGALG00010025166","ENSGALG00010025166",13.6729502191611,-0.835838257096754,0.669211158185459,-1.24899031773932,0.211668615205727,0.998861670134564
"ENSGALG00010027891","CCDC66",52.085332359894,0.478487764048248,0.383506380072831,1.24766572059995,0.212153499800101,0.998861670134564
"ENSGALG00010016904","EAF1",13.7543413582593,-0.875252116236882,0.702208978816121,-1.24642683679793,0.212607733837366,0.998861670134564
"ENSGALG00010010111","CNOT4",61.2300334416901,0.444775546942579,0.356859517994803,1.24636033092735,0.212632137918737,0.998861670134564
"ENSGALG00010029517","MSI2",145.904801569571,0.349345972151717,0.280312827585365,1.24627179983524,0.212664627211896,0.998861670134564
"ENSGALG00010029269","WSCD1",22.0193912363034,0.684454223835949,0.549582382190932,1.24540786971253,0.212981861984264,0.998861670134564
"ENSGALG00010024322","IDH3A",20.9186219779386,-0.668954193991468,0.537184701223348,-1.24529643615694,0.213022805201222,0.998861670134564
"ENSGALG00010011345","CRMP1",68.210657833115,-0.439248831442801,0.352892162590806,-1.24471121211079,0.213237923080358,0.998861670134564
"ENSGALG00010013957","ENSGALG00010013957",35.5408192172276,-0.579270057424022,0.465483411818897,-1.24444833632309,0.213334602530871,0.998861670134564
"ENSGALG00010016292","PHKA1",22.9528935049482,0.667487614114258,0.536417716471704,1.24434296932747,0.213373362881371,0.998861670134564
"ENSGALG00010016823","HSF3",34.9560621301926,0.550676251803041,0.442803248686115,1.24361384754291,0.213641717227493,0.998861670134564
"ENSGALG00010026010","ZSWIM5",98.6451262090749,0.395679197260761,0.318222267174124,1.24340512301188,0.213718583414394,0.998861670134564
"ENSGALG00010014091","CHIC2",17.8436681544979,-0.708076832427098,0.569579500454845,-1.24315715692305,0.213809926871012,0.998861670134564
"ENSGALG00010001162","ENSGALG00010001162",22.669111580414,-0.723305982349514,0.581922504268097,-1.24295928932881,0.213882835709015,0.998861670134564
"ENSGALG00010024400","KCNA1",60.3044710673246,-0.455764322793,0.366967973499602,-1.24197302136911,0.214246516188264,0.998861670134564
"ENSGALG00010007651","CTNNAL1",785.14876804722,0.333456345123443,0.26872020520242,1.24090536799144,0.214640709508759,0.998861670134564
"ENSGALG00010029296","FBXO39",28.3787269160389,-0.593890767209356,0.478946791880449,-1.23999320441757,0.214977907672837,0.998861670134564
"ENSGALG00010021438","GOT2",17.5876724821937,-0.772475976164103,0.62350793584945,-1.23891923702896,0.215375408780939,0.998861670134564
"ENSGALG00010026198","ENSGALG00010026198",30.4453341923272,0.595811557633212,0.481186490031444,1.23821339538082,0.215636945925216,0.998861670134564
"ENSGALG00010023794","MT3",28.2519741094149,-0.710425619221634,0.574123348777265,-1.23740938377556,0.215935136813782,0.998861670134564
"ENSGALG00010009524","FAM185A",16.9140810614415,-0.831210301647881,0.67186845220668,-1.23716227323646,0.216026844509746,0.998861670134564
"ENSGALG00010005534","ENSGALG00010005534",11.7412284217239,-0.872557190555089,0.705468286379971,-1.2368482147263,0.216143438411196,0.998861670134564
"ENSGALG00010027397","RFX5",14.9749450360276,0.819708137725784,0.663290729974094,1.23582028314763,0.216525373767198,0.998861670134564
"ENSGALG00010012026","SYT1",2217.29790136859,0.295937279519934,0.23949373490923,1.23567858521266,0.216578060722059,0.998861670134564
"ENSGALG00010022751","SLC25A12",208.364292965428,0.366507218155376,0.296668306957038,1.23541075861686,0.216677670772873,0.998861670134564
"ENSGALG00010012682","SLC5A3",49.1969043626258,-0.480314651589081,0.388910099551979,-1.23502745786854,0.216820285310916,0.998861670134564
"ENSGALG00010028009","RRP9",12.5049876825333,0.870751810811729,0.705224470192839,1.23471582115355,0.216936285613642,0.998861670134564
"ENSGALG00010002868","PPP1R9A",95.684192962261,0.391186574415572,0.316870969837128,1.23452954562749,0.217005644131504,0.998861670134564
"ENSGALG00010003388","PXDN",76.4341634107747,0.409321022786184,0.332063247692288,1.23265981896764,0.217702708900073,0.998861670134564
"ENSGALG00010008624","ENSGALG00010008624",14.3073167087452,-0.779813509604433,0.633138796376481,-1.23166281085188,0.218075067298072,0.998861670134564
"ENSGALG00010021257","RGS6",33.6673261758559,0.598881249267531,0.48636373307231,1.23134437982137,0.218194089970995,0.998861670134564
"ENSGALG00010008192","HNRNPU",62.577485106329,0.451828512776257,0.366999400260217,1.23114237368206,0.218269619720468,0.998861670134564
"ENSGALG00010027707","HIGD1C",13.8447891967136,-0.8121626645935,0.659923436515508,-1.23069225860781,0.218437984545539,0.998861670134564
"ENSGALG00010011389","RC3H1",60.3580889679484,0.433077263424571,0.35190053558988,1.23068088742354,0.218442239126974,0.998861670134564
"ENSGALG00010001407","FOXP2",13.0558838324376,0.904300300657268,0.734951474479328,1.23042177893161,0.218539201909418,0.998861670134564
"ENSGALG00010013378","SH3RF3",407.462119327227,0.336128113603908,0.273323544752562,1.22978104176207,0.218779109367386,0.998861670134564
"ENSGALG00010000714","FBXL7",17.4975731031139,0.76213506771645,0.619893380200785,1.22946153654616,0.21889881049,0.998861670134564
"ENSGALG00010023053","MAN1A2",87.1686860630768,0.40250260307853,0.327734702039513,1.22813544178792,0.219396128385871,0.998861670134564
"ENSGALG00010005367","H2AFZ",16.4717925623121,-0.739752331342021,0.602690972895276,-1.22741564850111,0.219666407811293,0.998861670134564
"ENSGALG00010004222","SPAG6",10.9303520891769,-0.919694765184751,0.749577832289322,-1.22695032532628,0.21984126188719,0.998861670134564
"ENSGALG00010004728","ENSGALG00010004728",37.849706897433,0.575673070210335,0.469288883401516,1.22669232230203,0.219938254486053,0.998861670134564
"ENSGALG00010024143","UBE2Q2",31.1089088785384,-0.635189436590916,0.518009357665493,-1.22621228205899,0.220118800553676,0.998861670134564
"ENSGALG00010025599","COPS9",14.9326635228778,-0.756975300067491,0.617627925203887,-1.22561702471209,0.220342828121274,0.998861670134564
"ENSGALG00010020319","NTRK3",177.772239724039,0.347819652446075,0.283805426151319,1.2255567385122,0.220365526199591,0.998861670134564
"ENSGALG00010016832","DYNC1H1",180.420807411732,-0.388765973147443,0.317237839868645,-1.22547163134264,0.220397572361389,0.998861670134564
"ENSGALG00010012944","NCK1",84.4234111287835,0.442208253377063,0.361161770718003,1.22440493216637,0.220799509639334,0.998861670134564
"ENSGALG00010024776","MPHOSPH10",30.3489991189348,-0.570121049758535,0.46592042644595,-1.22364467706949,0.221086297943931,0.998861670134564
"ENSGALG00010008069","DLG2",4898.19360610741,0.30026612749238,0.245394044297131,1.2236080478335,0.22110012219853,0.998861670134564
"ENSGALG00010008447","FRRS1L",18.2317525908947,-0.696535463471595,0.569336414328648,-1.22341632458717,0.221172490654976,0.998861670134564
"ENSGALG00010028180","ODF2",20.7465003723759,-0.696467415358538,0.56929926322024,-1.22337663221092,0.221187475184607,0.998861670134564
"ENSGALG00010013405","RPS14",52.3677038797942,-0.515299179511681,0.421472502324045,-1.22261636683358,0.221474628419689,0.998861670134564
"ENSGALG00010022954","ADRM1",54.8962879689607,0.498971410121395,0.408218150116261,1.22231559272729,0.221588304911025,0.998861670134564
"ENSGALG00010021747","AKTIP",32.0976345121407,0.563512296861977,0.46126319926128,1.22167191695425,0.221831720306123,0.998861670134564
"ENSGALG00010021484","MARCH5",33.1983454494176,0.537988658201477,0.440388247474092,1.2216235589555,0.22185001532247,0.998861670134564
"ENSGALG00010015936","RPL36AL",34.5770311552277,-0.628617081697092,0.514761884371724,-1.22118031808888,0.222017754564519,0.998861670134564
"ENSGALG00010004029","ARL4A",20.6890339964453,-0.71302951244797,0.584192091258888,-1.22053948199033,0.222260431951512,0.998861670134564
NA,"LRRFIP1",111.906682737162,0.352019676443589,0.288539880334226,1.22000354348187,0.222463531613086,0.998861670134564
"ENSGALG00010012150","ENSGALG00010012150",35.7063673140725,0.538659904458749,0.441943183986974,1.21884424056334,0.222903316419775,0.998861670134564
"ENSGALG00010009381","INPP4B",14.0505226905903,0.77584230654264,0.636865557830023,1.21821991628209,0.223140413186691,0.998861670134564
"ENSGALG00010004647","ENSGALG00010004647",25.9272243795639,0.661003494321622,0.542707429102478,1.21797391905023,0.223233883967378,0.998861670134564
"ENSGALG00010025569","PPTC7",15.5151964072264,-0.78880588429998,0.64930356240683,-1.21484915526421,0.224423628993607,0.998861670134564
"ENSGALG00010022990","SLC25A22",36.516422277046,-0.549436274121734,0.452428843450141,-1.21441477941997,0.224589374480938,0.998861670134564
"ENSGALG00010024720","BUD13",39.7848707551851,0.557443392306252,0.459108218775377,1.21418735171671,0.224676189315267,0.998861670134564
"ENSGALG00010006039","PCNP",18.2702588959393,-0.749503957807284,0.617297848435818,-1.21416907527941,0.224683166928618,0.998861670134564
"ENSGALG00010019093","RPL32",39.9121726715219,-0.522463617062968,0.430363679997638,-1.21400490177479,0.224745852347295,0.998861670134564
"ENSGALG00010012837","PKIB",105.302289982897,0.390432395382663,0.321849127407084,1.21309135907282,0.225094893297634,0.998861670134564
"ENSGALG00010018019","NAPB",18.5716646668263,-0.663728672539556,0.547682138245612,-1.21188665138081,0.225555772566549,0.998861670134564
"ENSGALG00010029895","FASN",44.8536614308133,-0.478391827458821,0.394794365242598,-1.21174938037642,0.225608330407842,0.998861670134564
"ENSGALG00010005238","TMEM63C",26.7925168465902,-0.621436551595526,0.512951760688858,-1.21149121461437,0.225707199694721,0.998861670134564
"ENSGALG00010011726","WDR55",13.2032177802011,0.908452356667778,0.750769651440363,1.21002807575519,0.226268119833477,0.998861670134564
"ENSGALG00010022107","ENSGALG00010022107",19.729186531981,0.660694163789488,0.546092122994505,1.20985843957346,0.226333217150867,0.998861670134564
"ENSGALG00010006075","SOX21",44.2577050120652,0.511505216936677,0.422782532872792,1.20985418546272,0.226334849823373,0.998861670134564
"ENSGALG00010012945","CLINT1",26.3504926889651,-0.626073004727729,0.517803210229577,-1.2090944829217,0.226626548558081,0.998861670134564
"ENSGALG00010024523","TOX3",64.8025431021741,0.493626135287894,0.408559452238226,1.20821127153868,0.226966007274113,0.998861670134564
"ENSGALG00010017352","GPCPD1",49.7149792254715,-0.484989185592857,0.401487113942242,-1.20798194699376,0.227054206498277,0.998861670134564
"ENSGALG00010017140","UQCRC2",24.4027043967665,-0.622101128262836,0.515660324020106,-1.20641650963742,0.227656933421486,0.998861670134564
"ENSGALG00010024659","BEND5",301.948443247757,0.301550713528178,0.250057016809135,1.205927821487,0.227845322155519,0.998861670134564
"ENSGALG00010018922","EEF2K",22.3038955116095,-0.657679482038037,0.545758436864389,-1.20507432888565,0.228174608958816,0.998861670134564
"ENSGALG00010024327","PPP1R1B",10.6939429041524,1.02361455096358,0.850143393641568,1.20404929170708,0.2285705274075,0.998861670134564
"ENSGALG00010016059","EPDR1",56.9034508847883,0.438700532086964,0.364407818053459,1.20387244826511,0.22863888226251,0.998861670134564
"ENSGALG00010022149","NBEAL1",35.4736985133307,-0.520555839152747,0.432471254421963,-1.20367731688553,0.228714322798055,0.998861670134564
"ENSGALG00010013184","LDHB",74.0507502668329,-0.445193064592838,0.36998051483466,-1.20328786717806,0.22886494251234,0.998861670134564
"ENSGALG00010009106","THSD7B",32.5609005698838,0.608500107465778,0.505925542218774,1.2027463661889,0.229074485404541,0.998861670134564
"ENSGALG00010004809","ENSGALG00010004809",52.5709441054609,0.58184536194886,0.483967887622407,1.20223960479547,0.229270708887816,0.998861670134564
"ENSGALG00010026609","ENSGALG00010026609",17.9765229280809,0.820580321445159,0.683003105566073,1.20142985406349,0.229584501332472,0.998861670134564
"ENSGALG00010010310","NT5DC3",11.8467751094096,0.851880924975537,0.709324336304863,1.20097518352931,0.22976082793324,0.998861670134564
"ENSGALG00010002458","ENSGALG00010002458",27.549005394087,-0.645482920700953,0.537647324301805,-1.20056939098355,0.229918280408042,0.998861670134564
"ENSGALG00010003052","ZFX",17.9270548588041,0.699047474238621,0.582418324094097,1.20024979524113,0.230042341478223,0.998861670134564
"ENSGALG00010023762","BBS5",13.0253279913175,-0.813881225823902,0.678128120225695,-1.20018799036534,0.230066338463518,0.998861670134564
"ENSGALG00010021512","CPNE9",13.3137668530616,0.826159828756357,0.688460186181975,1.20001104688134,0.230135050171237,0.998861670134564
"ENSGALG00010025429","SCN3B",24.8507435120283,-0.595059525661052,0.496062896900594,-1.1995646708895,0.230308454291514,0.998861670134564
"ENSGALG00010022266","COA3",24.3290932763824,-0.679979988240058,0.566992261721795,-1.19927560594064,0.230420797181718,0.998861670134564
"ENSGALG00010017264","PIAS1",51.6013345727879,0.442998683083143,0.36948638145853,1.19895808157916,0.23054424549977,0.998861670134564
"ENSGALG00010020938","SMG1",28.6242530547285,-0.558265889715365,0.466582364931263,-1.19650019305296,0.231501423288381,0.998861670134564
"ENSGALG00010011349","ENSGALG00010011349",20.53498637843,0.718886085616969,0.600850306963356,1.19644789606609,0.231521819972306,0.998861670134564
"ENSGALG00010003898","NDST4",30.2899315192304,0.602622730611026,0.50368002367068,1.19643960905831,0.231525052158606,0.998861670134564
"ENSGALG00010025472","ZCCHC8",24.4277342779523,-0.63932428930546,0.534471175964566,-1.19618104409777,0.231625916495028,0.998861670134564
"ENSGALG00010027076","VDHAP",26.3109500878701,-0.63129501039083,0.527927599551693,-1.19579845972613,0.231775217153516,0.998861670134564
"ENSGALG00010015172","PPP4R3A",31.6233078225423,0.538836372940052,0.450797725374342,1.19529523467006,0.231971700959886,0.998861670134564
"ENSGALG00010029730","TTC19",16.7407883597718,0.707734862820062,0.592101461892428,1.19529321977699,0.231972487910826,0.998861670134564
"ENSGALG00010027937","ALAD",11.8031007841458,-0.871848281649744,0.729496239600638,-1.19513745831923,0.232033328947978,0.998861670134564
"ENSGALG00010007915","HECW1",139.64551949349,0.361770277250695,0.302758318646122,1.19491440852381,0.232120472798008,0.998861670134564
"ENSGALG00010000777","MYCBP2",526.855668265364,0.266627732518046,0.223162628612441,1.19476873962213,0.23217739706322,0.998861670134564
"ENSGALG00010029349","MYH10",110.417802110843,0.352283407015383,0.294921891388277,1.19449731370259,0.232283490889948,0.998861670134564
"ENSGALG00010005820","ENSGALG00010005820",10.0916731007574,0.91449334748364,0.765708163399657,1.19431056268669,0.232356507323141,0.998861670134564
"ENSGALG00010006111","WBP1",32.2456432733656,0.599882264894301,0.502476444770781,1.19385151510526,0.232536056252064,0.998861670134564
"ENSGALG00010024462","ZBTB32",68.4955470623113,0.419468936399355,0.351386612113941,1.19375332451009,0.23257447466996,0.998861670134564
"ENSGALG00010008936","IFT172",21.9417896437238,-0.654959041346346,0.549020022725666,-1.19296020952885,0.232884956902659,0.998861670134564
"ENSGALG00010020653","NDUFAF3",26.7224800106506,-0.599839839744033,0.502942843808813,-1.19266005497049,0.233002535635943,0.998861670134564
"ENSGALG00010015409","FAM13B",30.4939916921233,0.581264912476082,0.487372313777218,1.19265066160854,0.233006215951545,0.998861670134564
"ENSGALG00010010945","PI4K2B",14.9694005560639,-0.770253790142312,0.645857095080752,-1.19260715103858,0.233023263913945,0.998861670134564
"ENSGALG00010023545","PTPRT",1193.3374855568,0.294253304700018,0.246976296336484,1.19142326233252,0.233487465243591,0.998861670134564
"ENSGALG00010026388","SNRPD3",17.7903874540761,-0.738333039881579,0.620239310879273,-1.19040026475409,0.23388910905322,0.998861670134564
"ENSGALG00010015996","ENSGALG00010015996",17.1068286862558,-0.835408840710736,0.701993708993923,-1.19005174833834,0.234026053453931,0.998861670134564
"ENSGALG00010029148","RALGDS",17.4399679850657,-0.717440599675016,0.602987432341394,-1.18981020365416,0.234120998215771,0.998861670134564
"ENSGALG00010019680","CCDC34",28.3847980345739,-0.636039940966717,0.53488494780645,-1.1891154229991,0.234394250081537,0.998861670134564
"ENSGALG00010010321","NUP133",13.8311482932437,-0.781141972894433,0.657095182749168,-1.18878055021843,0.23452603361683,0.998861670134564
"ENSGALG00010005255","BZW2",126.767312410315,-0.396281628606909,0.333460874577959,-1.18839017953293,0.234679723654007,0.998861670134564
"ENSGALG00010023414","SUDS3",35.4654233048445,-0.52813189511088,0.444676503752602,-1.18767663830673,0.234960831160406,0.998861670134564
"ENSGALG00010012061","AZIN1",25.3286476152582,-0.602152354303527,0.5072531445444,-1.18708451742446,0.235194284713693,0.998861670134564
"ENSGALG00010010880","ELP3",21.4100203448397,0.635883013351019,0.535834043816111,1.18671633631633,0.235339529034679,0.998861670134564
"ENSGALG00010020679","OTUD3",11.9629240382737,0.849890835964278,0.716548398718068,1.1860899242602,0.235586789142696,0.998861670134564
"ENSGALG00010007580","BRD9",49.9578247706423,-0.455048273015308,0.383729784976366,-1.18585601334891,0.235679166604477,0.998861670134564
"ENSGALG00010010867","QSOX1",12.0522397055795,0.904748313038912,0.763108662882167,1.18560875671597,0.235776842499184,0.998861670134564
"ENSGALG00010026643","YWHAH",57.6431705844657,-0.494368648978425,0.417651266638493,-1.1836876563488,0.23653672698663,0.998861670134564
"ENSGALG00010020083","CFAP74",12.0550327000473,0.932737891891205,0.788100632286144,1.18352638442313,0.23660059622086,0.998861670134564
"ENSGALG00010021454","ATP5J2",58.9167426721294,-0.48072256913122,0.406355038820086,-1.18301121730168,0.236804701815343,0.998861670134564
"ENSGALG00010009514","PRELID1",21.7607298485164,-0.622855824454372,0.526692019637764,-1.18258071364504,0.236975359775478,0.998861670134564
"ENSGALG00010017757","SVBP",12.3211759938619,-0.80925747371961,0.685108890697429,-1.18121000137044,0.237519309134537,0.998861670134564
"ENSGALG00010005814","UPF2",69.0065944760853,0.429226827398331,0.36390193152076,1.17951236368704,0.238194216469306,0.998861670134564
"ENSGALG00010021728","TMED5",24.1558340726434,-0.596153223708933,0.50591977889142,-1.17835524243633,0.238655013069964,0.998861670134564
"ENSGALG00010008274","NFAT5",54.9872251140777,0.453116672022529,0.384637439442301,1.17803579568208,0.238782336038158,0.998861670134564
"ENSGALG00010028277","ENSGALG00010028277",26.7318588890943,0.664636711325121,0.564375639241102,1.17764953891142,0.238936351705401,0.998861670134564
"ENSGALG00010016910","NSD2",125.511130977916,-0.353258509195548,0.299975148699828,-1.1776259157689,0.238945773449176,0.998861670134564
"ENSGALG00010018829","PTPN4",166.926702421096,0.335261279877015,0.284692763728225,1.17762487351826,0.238946189141589,0.998861670134564
"ENSGALG00010021516","SRSF5",312.392140882968,-0.339576147503144,0.28840787164974,-1.17741636370988,0.239029361688398,0.998861670134564
"ENSGALG00010016876","MTURN",36.829661176021,-0.505169095445374,0.429351203624359,-1.17658711838001,0.239360341756135,0.998861670134564
"ENSGALG00010009411","SMARCA5",26.5421310826985,-0.574427929845486,0.488328514092271,-1.17631453676888,0.239469208917219,0.998861670134564
"ENSGALG00010023137","ETV6",14.9032350988616,0.739439432257502,0.628667749640271,1.17620067624053,0.239514694341672,0.998861670134564
"ENSGALG00010001820","PGM2L1",17.8760433984677,-0.669968556326321,0.569620920907336,-1.17616564233481,0.239528691041327,0.998861670134564
"ENSGALG00010006446","LSAMP",2268.54549076701,0.253775788012758,0.215814620086136,1.1758971098041,0.239635993956054,0.998861670134564
"ENSGALG00010027951","FAM32A",19.7784393629807,-0.711995767786451,0.605641598400123,-1.17560578676774,0.239752442053319,0.998861670134564
"ENSGALG00010005619","CELF2",1093.53139418036,0.340339506270118,0.28959536105866,1.17522430271658,0.239904989767995,0.998861670134564
NA,"MTERF4",20.0936617746279,0.665752402832441,0.567147029465136,1.1738620996751,0.240450265372147,0.998861670134564
"ENSGALG00010004977","RNF217",18.2072798872995,0.677281175337324,0.577185586424808,1.17342011177467,0.240627375979026,0.998861670134564
"ENSGALG00010029696","SUMO2",44.7257900700272,-0.521085130953837,0.444226741354679,-1.17301612542454,0.24078933921379,0.998861670134564
"ENSGALG00010006047","ZBTB11",12.1318933288277,-0.866778693708519,0.738983248113682,-1.17293415773774,0.240822210463685,0.998861670134564
"ENSGALG00010021275","MAP3K2",43.7934674523922,-0.501319975524413,0.427511008703987,-1.1726481080433,0.240936948855187,0.998861670134564
"ENSGALG00010010120","ENSGALG00010010120",14.5655387918153,-0.715621723938768,0.6103456630638,-1.17248596532415,0.241002003580906,0.998861670134564
"ENSGALG00010020530","SRSF5A",18.9558831239523,-0.658971579617753,0.562634835796184,-1.17122427850605,0.241508638826455,0.998861670134564
"ENSGALG00010010216","ATXN7L1",106.94310112463,0.369548158172036,0.31615291754959,1.16889055156061,0.242447730750319,0.998861670134564
"ENSGALG00010008046","RHOB",12.5296803276493,-0.835167098203773,0.714547920722951,-1.16880488205575,0.242482252967092,0.998861670134564
"ENSGALG00010018730","IGF1R",128.868735819909,0.351786952959884,0.301019760885966,1.16865069563706,0.242544394135515,0.998861670134564
"ENSGALG00010027292","KDM4B",95.3567868993642,0.367048885347001,0.314105541834294,1.16855272022115,0.242583886614991,0.998861670134564
"ENSGALG00010017110","BRF1",106.254111599155,0.352119762722507,0.301341442616622,1.16850758948044,0.242602079687904,0.998861670134564
"ENSGALG00010015158","PIN4",20.37753596906,-0.737729601886801,0.631392002069668,-1.1684177174696,0.242638311688315,0.998861670134564
"ENSGALG00010008765","ENSGALG00010008765",13.6115852619959,0.796713826141396,0.682082134465701,1.16806141941467,0.242781991086814,0.998861670134564
"ENSGALG00010004003","HNRNPDL",101.955625199607,-0.369196263547459,0.316127721523141,-1.16787057385739,0.24285897533744,0.998861670134564
"ENSGALG00010009215","ENSGALG00010009215",30.1795927242232,-0.795949932315247,0.681796363183466,-1.16743059261679,0.243036522592472,0.998861670134564
"ENSGALG00010008099","PANK3",24.9298071948199,-0.601307962790883,0.515240843008148,-1.16704250245428,0.243193205765604,0.998861670134564
"ENSGALG00010023693","SRSF11",85.2106091439632,0.400304947742846,0.343087865862508,1.16677092830577,0.243302890282423,0.998861670134564
"ENSGALG00010001890","KLHL34",39.7172649570676,-0.536500804503879,0.459962769911057,-1.16640049934394,0.243452556743583,0.998861670134564
"ENSGALG00010009695","ATAD2B",82.8638204404974,0.410144054856954,0.351829663755558,1.1657460899656,0.243717119451961,0.998861670134564
"ENSGALG00010006998","POLH",13.1829596692681,0.790127909121433,0.677894784979945,1.16556127385581,0.243791872928824,0.998861670134564
"ENSGALG00010020533","UNKL",48.6355227018561,0.494598931650505,0.424669791525166,1.16466709316477,0.244153774039276,0.998861670134564
"ENSGALG00010016681","SUSD4",217.982935485354,0.322182326282996,0.276998603957014,1.16311895323846,0.244781243272938,0.998861670134564
"ENSGALG00010003920","LPAR6",10.9190406304365,-0.87385356534262,0.751315282494224,-1.1630983499252,0.244789601527996,0.998861670134564
"ENSGALG00010004866","SLC25A21",10.2333425309289,-0.841689804099672,0.723679117229079,-1.16307046045829,0.244800915914616,0.998861670134564
"ENSGALG00010028021","ATP5D",26.6753047033828,0.617612926712521,0.531067011550957,1.16296609143319,0.24484326029973,0.998861670134564
"ENSGALG00010016564","SPEN",62.9152590431005,0.406062760897714,0.34924660015965,1.1626820725301,0.244958517888034,0.998861670134564
"ENSGALG00010015670","PTMA",83.1771838731117,-0.390899028652261,0.3364260776501,-1.16191655350456,0.245269362416261,0.998861670134564
"ENSGALG00010013323","NOTCH2",75.0284296246596,0.382818563150462,0.329881450306381,1.16047314207851,0.245856222584377,0.998861670134564
"ENSGALG00010006804","PSMA6",32.0631513878871,-0.535686246792766,0.461875533208648,-1.15980650256868,0.246127596025789,0.998861670134564
"ENSGALG00010017738","NDUFS5",27.4154003664225,-0.574549020542763,0.495391246837779,-1.15978839797891,0.246134968910698,0.998861670134564
"ENSGALG00010022274","CCDC91",320.931325551967,0.302675937345656,0.260991037480309,1.15971774459302,0.246163743166369,0.998861670134564
"ENSGALG00010005321","HS6ST3",30.3603644911277,-0.574149056709272,0.495206775522751,-1.15941276470458,0.246287976148853,0.998861670134564
"ENSGALG00010007858","VSTM2A",304.562396196144,-0.303126759859033,0.261472038596515,-1.15930851148025,0.246330453579528,0.998861670134564
"ENSGALG00010008273","TMEM144",16.1701580405152,-0.712055271781137,0.614253830342447,-1.15921991301896,0.246366556594571,0.998861670134564
"ENSGALG00010003472","FAM110B",159.202077495676,0.333589269766107,0.288525444746921,1.15618665819478,0.247604815855411,0.998861670134564
"ENSGALG00010014047","HM13",15.366207317477,0.717369980187234,0.620589287183016,1.1559496675225,0.247701745231567,0.998861670134564
"ENSGALG00010029522","AKAP1",17.7219621599366,-0.648476702821036,0.561020666540289,-1.15588737010362,0.247727229334179,0.998861670134564
"ENSGALG00010018465","NAALADL2",37.2433171135365,0.487297667680859,0.421739348978383,1.15544747925771,0.247907228401711,0.998861670134564
"ENSGALG00010005416","PPP3CA",229.905320986711,0.323008012254463,0.279577903950519,1.15534170508564,0.247950523814316,0.998861670134564
"ENSGALG00010016451","USP46",24.1988728883557,-0.593344734361856,0.51368331285716,-1.15507885794773,0.248058135138935,0.998861670134564
"ENSGALG00010017818","SLC38A6",43.4000747493812,-0.493686077618493,0.427472806186247,-1.15489469850252,0.248133550678691,0.998861670134564
"ENSGALG00010023202","PID1",38.8011334795191,-0.534683217551932,0.463125407010569,-1.15451065620274,0.248290872293983,0.998861670134564
"ENSGALG00010010825","MAK",16.5715524285175,-0.767197072221044,0.664582333438364,-1.15440485492863,0.248334225681985,0.998861670134564
"ENSGALG00010005596","PARD3",289.331116545232,0.30517927645137,0.264589742829293,1.15340554470497,0.248743966709819,0.998861670134564
"ENSGALG00010024942","DNAJB6",41.0468227575342,-0.491834364049314,0.42643863307873,-1.15335320465327,0.248765440401461,0.998861670134564
"ENSGALG00010002392","DFNA5",19.1466757754693,0.68438610831753,0.593737502900727,1.15267454889397,0.249043991681208,0.998861670134564
"ENSGALG00010018090","ENSGALG00010018090",10.5784482079015,0.972632636215529,0.844429864239232,1.15182169343549,0.249394351567686,0.998861670134564
"ENSGALG00010001458","JAZF1",155.544694551143,0.408713140346601,0.354989120361915,1.15133990565658,0.249592426064392,0.998861670134564
"ENSGALG00010011915","RRM2B",12.7538054603732,-0.756414872554923,0.657384654507429,-1.15064272852809,0.249879246871772,0.998861670134564
"ENSGALG00010027255","ENSGALG00010027255",13.1094528592974,0.913966282975159,0.794351482666421,1.15058170459659,0.24990436325918,0.998861670134564
"ENSGALG00010018030","POLB",29.8123422431124,-0.560052063108513,0.48690871005842,-1.15021984930464,0.250053332829823,0.998861670134564
"ENSGALG00010015734","TSHZ2",424.526736315538,0.274466670329727,0.238624013194114,1.1502055751047,0.250059210542665,0.998861670134564
"ENSGALG00010017272","NRXN1",1178.06429997406,0.274440473097704,0.238610716562313,1.15015987987293,0.250078027198924,0.998861670134564
"ENSGALG00010008438","SYBU",21.9155640477457,-0.635901662247666,0.553017957238979,-1.14987525074682,0.25019525575138,0.998861670134564
"ENSGALG00010018753","SYNM",35.881294832534,-0.597845576681364,0.520080732200626,-1.1495245635263,0.250339744035763,0.998861670134564
"ENSGALG00010024086","GABARAPL1",15.7369688520851,-0.718960907433488,0.625930795262953,-1.14862683362855,0.250709887406338,0.998861670134564
"ENSGALG00010028682","ENSGALG00010028682",19.3740726401503,-0.669543605742714,0.582977930567869,-1.14848876884674,0.250766846829764,0.998861670134564
"ENSGALG00010003571","RPL7",35.2524962307703,-0.502392567221503,0.437494565971662,-1.14834013104987,0.250828178308245,0.998861670134564
"ENSGALG00010018367","PAK5",109.340360703287,0.345925843959567,0.301282075076425,1.14817930629234,0.25089455020774,0.998861670134564
"ENSGALG00010023226","ENSGALG00010023226",43.1724141781022,0.482189650629644,0.420148250986549,1.14766549544694,0.251106680553517,0.998861670134564
"ENSGALG00010013470","RPL31",39.071418988929,-0.517364971262842,0.450811683956537,-1.14762990773043,0.251121377820549,0.998861670134564
"ENSGALG00010014095","ENSGALG00010014095",76.2327047408314,0.562787888253669,0.490459075321204,1.14747165782404,0.251186740256372,0.998861670134564
"ENSGALG00010020117","AKAP13",43.9071442098537,0.467308942278524,0.407284328909805,1.14737766495801,0.251225568031983,0.998861670134564
"ENSGALG00010022813","USP24",60.5515008526314,0.413823750825597,0.360706095119938,1.14726021108126,0.251274093268008,0.998861670134564
"ENSGALG00010012180","DDX59",30.2340739743592,0.568484998963326,0.495621709579031,1.14701391802668,0.251375868729765,0.998861670134564
"ENSGALG00010006259","PPA2",22.4991694746043,0.617376377482095,0.538278725950992,1.14694552787937,0.251404134630978,0.998861670134564
"ENSGALG00010013331","KIF3B",14.8501369366196,-0.745172481749576,0.649781924271445,-1.14680395670453,0.251462653567518,0.998861670134564
"ENSGALG00010012405","MSRB3",42.3833851900086,0.468979981465935,0.409028280229209,1.14657104199037,0.251558950348414,0.998861670134564
"ENSGALG00010022711","LRRC49",37.9000806528847,-0.501780754856396,0.437881266997215,-1.14592880005435,0.251824613535401,0.998861670134564
"ENSGALG00010024840","BTF3L4",13.2867102518995,-0.767896817155083,0.670252406052737,-1.14568304450766,0.251926321983824,0.998861670134564
"ENSGALG00010009266","PCDH7",803.55337052393,0.383777415247063,0.335287538316337,1.14462176904701,0.252365870619825,0.998861670134564
"ENSGALG00010020062","ENSGALG00010020062",62.7876153912335,-0.503192326367796,0.439755018858683,-1.14425601707459,0.252517477960263,0.998861670134564
"ENSGALG00010022478","ATP6V1A",46.7000734069276,-0.451911293702649,0.395182914652819,-1.14354967521728,0.252810442369221,0.998861670134564
"ENSGALG00010009654","NDUFA12",25.3916618336256,-0.620062610433887,0.542312355871395,-1.14336803084186,0.252885819985742,0.998861670134564
"ENSGALG00010003585","PNPLA6",10.0416997800031,-0.870884444071226,0.762000410354348,-1.14289235574853,0.253083286767186,0.998861670134564
"ENSGALG00010022867","ATPAF1",18.3362996956508,-0.728008295573435,0.637257995854394,-1.14240747124306,0.253284687167407,0.998861670134564
"ENSGALG00010023966","PEAK1",50.9178326252047,0.45233220442914,0.396033791354401,1.14215557940701,0.253389356365228,0.998861670134564
"ENSGALG00010008346","NR4A3",57.0591998601018,1.33151019510868,1.16630882263837,1.14164462213069,0.253601768136751,0.998861670134564
"ENSGALG00010018037","GZF1",80.0340302503517,0.510619315491047,0.447353640006756,1.14142206484189,0.253694326926459,0.998861670134564
"ENSGALG00010019279","ENSGALG00010019279",17.7544301483031,0.708411449842517,0.620831146129098,1.14106944256822,0.253841026261378,0.998861670134564
"ENSGALG00010017190","STK26",21.8830896200851,-0.614030369188228,0.538129296694811,-1.14104616299391,0.253850713200824,0.998861670134564
"ENSGALG00010013360","PRR5",40.0011720480088,-0.492723316467327,0.432008354650855,-1.14054117510191,0.254060908691497,0.998861670134564
"ENSGALG00010027569","ATP5PB",38.800953111104,-0.489183484998222,0.428910030296037,-1.14052703468041,0.254066796224672,0.998861670134564
"ENSGALG00010020921","LDB1",18.5101947321502,0.690057660924122,0.605221997498024,1.14017280233833,0.2542143160701,0.998861670134564
"ENSGALG00010022558","NYAP2",298.643587887751,0.270606428151096,0.237347790343484,1.14012617416611,0.254233738782666,0.998861670134564
"ENSGALG00010017791","CCNL2",39.9590032575788,-0.53109286016463,0.466046853828499,-1.13956967159372,0.254465626621326,0.998861670134564
"ENSGALG00010010466","CRADD",15.0766459447006,0.710883595225296,0.62403477869114,1.13917303890709,0.254630988410726,0.998861670134564
"ENSGALG00010021532","DPP10",2502.31863239952,0.277606934999537,0.243703131171575,1.13911927871002,0.254653407549951,0.998861670134564
"ENSGALG00010027942","KHDC4",25.1935254380225,-0.55938421940404,0.491156156451062,-1.13891317874538,0.254739368315668,0.998861670134564
"ENSGALG00010023211","TLK1",100.595391471441,0.342365166231715,0.300685317959813,1.13861617372842,0.254863279516321,0.998861670134564
"ENSGALG00010019793","ENSGALG00010019793",18.6302276737644,-0.633231002870537,0.556195479784573,-1.13850440337236,0.254909921228702,0.998861670134564
"ENSGALG00010002837","DNMT1",10.8821713587705,-0.795484494828033,0.698873606449557,-1.13823799824017,0.255021115888388,0.998861670134564
"ENSGALG00010011449","DUSP22",34.8542710730296,0.513630644629614,0.451291543451046,1.13813487552162,0.255064167264088,0.998861670134564
"ENSGALG00010009042","ENSGALG00010009042",170.522330196564,0.352142963731733,0.309721355514595,1.13696701070759,0.255552076796979,0.998861670134564
"ENSGALG00010001180","SPIRE1",64.7893072116246,-0.420523807484092,0.369883148143221,-1.13690988517612,0.255575959280496,0.998861670134564
"ENSGALG00010002334","OSBPL10",67.5323705448045,0.392679867155068,0.345547397125827,1.13639943585533,0.255789431798031,0.998861670134564
"ENSGALG00010015866","ARHGEF6",66.8100116561206,0.434774842560044,0.382704244479156,1.13605963046413,0.255931608824675,0.998861670134564
"ENSGALG00010027153","ENSGALG00010027153",49.4970380732627,0.45825695543346,0.403580321233851,1.13547894018333,0.256174700892589,0.998861670134564
"ENSGALG00010011293","NDUFV3",13.9945356887669,-0.713766331720134,0.628890167048258,-1.13496182500396,0.256391313735456,0.998861670134564
"ENSGALG00010001066","SLC33A1",24.3954090589618,0.603967060410918,0.532264991754432,1.13471122423465,0.256496332893557,0.998861670134564
"ENSGALG00010028122","SEC16A",15.3106348816266,-0.692426224350433,0.610490747346136,-1.13421247964933,0.256705430448939,0.998861670134564
"ENSGALG00010019675","MAFK",28.6920708135612,0.54273451168722,0.478528901312816,1.13417289989854,0.256722029238294,0.998861670134564
"ENSGALG00010010077","CCT8",27.6161141745759,-0.55161404654853,0.486567356591863,-1.133684862076,0.256926761729221,0.998861670134564
"ENSGALG00010008368","SNCA",141.62672839329,0.394056557006736,0.347705353181497,1.13330598278435,0.257085780201828,0.998861670134564
"ENSGALG00010005839","RPS6KA2",27.8287660532912,0.536758968127943,0.473697908482719,1.13312505399742,0.257161741460324,0.998861670134564
"ENSGALG00010014494","KLHL9",41.5153751518906,-0.478371579770441,0.422187599237463,-1.13307823497055,0.257181400527311,0.998861670134564
"ENSGALG00010015776","SPOCK1",347.763655117871,0.337166602326478,0.297744837641547,1.13240116939455,0.257465813459058,0.998861670134564
"ENSGALG00010007624","TPPP",74.1084756765973,-0.379592491981968,0.335220446893689,-1.1323667619307,0.257480272724812,0.998861670134564
"ENSGALG00010016489","CCK",43.2511714615611,-0.578267037113326,0.510900284364068,-1.13185890634826,0.257693757610345,0.998861670134564
"ENSGALG00010027568","NELFB",10.0890971135555,-0.926283532724822,0.818478141526882,-1.13171444138609,0.257754508098144,0.998861670134564
"ENSGALG00010016903","PPM1A",16.9603557755506,-0.646416559908519,0.571292826092289,-1.13149777204465,0.257845640633257,0.998861670134564
"ENSGALG00010006608","KL",16.5320099277229,0.73026693301573,0.645447171479141,1.13141239947215,0.257881555029548,0.998861670134564
"ENSGALG00010003668","ENSGALG00010003668",11.1133206205879,-0.907727576455645,0.802296919522985,-1.13141102049269,0.257882135164876,0.998861670134564
"ENSGALG00010010313","GRID1",921.859431093138,0.29680501460466,0.262384808905935,1.13118215891479,0.257978429550724,0.998861670134564
"ENSGALG00010015306","BCAT1",16.3358423453435,-0.732654597527157,0.647754624933209,-1.13106810715972,0.258026426571962,0.998861670134564
"ENSGALG00010019334","ATL1",20.6030761645034,0.642409696024157,0.568398827867212,1.13020939616405,0.258388001425949,0.998861670134564
"ENSGALG00010011282","CRY1",11.1784877247157,-0.805560129892696,0.712827210344746,-1.13009172237281,0.258437577325499,0.998861670134564
"ENSGALG00010006091","RTKN",39.1761086780249,0.565532298805567,0.500854686484167,1.12913448564376,0.258841105577317,0.998861670134564
"ENSGALG00010023207","MNS1",28.0621148002126,0.557239814508049,0.493661550866373,1.12878917454701,0.25898678041259,0.998861670134564
"ENSGALG00010009652","FAM96B",12.2607669217831,-0.842994503656396,0.746938214956642,-1.12860004586233,0.259066591348847,0.998861670134564
"ENSGALG00010009055","ENSGALG00010009055",13.0675398132285,-0.83281842516188,0.738062168024218,-1.12838519740325,0.259157276514293,0.998861670134564
"ENSGALG00010012850","CALB1",122.165287886522,0.471328024143026,0.417733592144032,1.1282981139341,0.259194039748517,0.998861670134564
"ENSGALG00010012702","PTPRO",260.677133874042,0.354858978067738,0.314541835851926,1.12817736027583,0.25924502319698,0.998861670134564
"ENSGALG00010000024","COX3",1476.53900406382,0.336787784855763,0.298595199458873,1.12790756671944,0.259358957934779,0.998861670134564
"ENSGALG00010001883","KBTBD11",19.9084444790439,0.617208103772239,0.547306786144261,1.12771871169445,0.259438732687018,0.998861670134564
"ENSGALG00010019655","RTRAF",11.5270914803176,-0.783830991137721,0.695195466100079,-1.1274972714291,0.259532293499648,0.998861670134564
"ENSGALG00010025465","ENSGALG00010025465",13.5060578028248,-0.793035477065401,0.703996915834767,-1.12647578310063,0.259964185402086,0.998861670134564
"ENSGALG00010023068","CDPF1",27.5704491495018,0.576150402036225,0.511524953124324,1.12633880032084,0.2600221404212,0.998861670134564
"ENSGALG00010024321","UBE2L3",20.3977266208201,-0.615394787663925,0.546401101295492,-1.12626930327346,0.260051546826172,0.998861670134564
"ENSGALG00010015881","GAB3",28.6656220334623,0.550263814489752,0.488659896160476,1.12606706384812,0.260137133836958,0.998861670134564
"ENSGALG00010010697","NEDD9",13.9445776157825,-0.724624175092968,0.643584058053075,-1.12592001934456,0.260199374790862,0.998861670134564
"ENSGALG00010025506","R3HDM2",23.7091566249425,0.574594457113066,0.51040379593914,1.12576446665295,0.260265228305265,0.998861670134564
"ENSGALG00010000037","ND6",315.354867339937,-0.371095080363395,0.329689074873631,-1.12559107548722,0.260338647362794,0.998861670134564
"ENSGALG00010028170","COPE",15.0012993443567,-0.783632620801326,0.696472371388254,-1.12514530797444,0.260527464573958,0.998861670134564
"ENSGALG00010017012","SYNGR3",34.5512936334951,-0.514657406312249,0.457815564418458,-1.12415882357777,0.260945654221565,0.998861670134564
"ENSGALG00010029227","UTP18",11.1025083202523,-0.832091983890441,0.740528469421897,-1.12364617735767,0.261163157997892,0.998861670134564
"ENSGALG00010010333","WAPL",88.5565026232553,0.350796571948201,0.312208897098276,1.12359569252691,0.261184584306793,0.998861670134564
"ENSGALG00010003431","PM20D2",12.3501358115922,-0.87973526758198,0.783277823612189,-1.12314588906011,0.261375539427379,0.998861670134564
"ENSGALG00010019023","AP2M1",31.5418881671433,-0.535236176479089,0.476600995606399,-1.12302781868529,0.261425679846431,0.998861670134564
"ENSGALG00010029021","ENSGALG00010029021",12.7939298084447,0.783474489244497,0.697787744090637,1.12279772162741,0.261523413241588,0.998861670134564
"ENSGALG00010005914","ENSGALG00010005914",10.9953077129546,0.85112812254494,0.758049971186263,1.12278630023957,0.261528265117524,0.998861670134564
"ENSGALG00010023127","CERS5",42.0179097442291,-0.463640462947227,0.413412079410683,-1.12149713575893,0.26207631003279,0.998861670134564
"ENSGALG00010019811","UBXN4",46.1246982600626,-0.445426198346127,0.397332921478988,-1.12104025180728,0.262270729170328,0.998861670134564
"ENSGALG00010002434","GPR34",31.9863561168103,-0.540351689537478,0.482065626989759,-1.12090897853822,0.262326608680991,0.998861670134564
"ENSGALG00010020913","TMEM132B",324.533424779162,0.302720861833896,0.270486500467577,1.11917179345586,0.263066856306786,0.998861670134564
"ENSGALG00010028132","CACNA2D2",98.2332827107244,0.368218420903839,0.329014883176237,1.11915429888502,0.263074318402339,0.998861670134564
"ENSGALG00010016672","DCTN4",13.300150260867,-0.749211048089957,0.669455326659897,-1.11913524062611,0.263082447636222,0.998861670134564
"ENSGALG00010005425","ELAPOR2",48.8815334649056,0.463707569738106,0.414373805517396,1.11905618444947,0.263116170624075,0.998861670134564
"ENSGALG00010014294","TMPO",11.4619856847104,-0.782795249442544,0.699650176184772,-1.11883806520448,0.26320922920734,0.998861670134564
"ENSGALG00010025331","ENSGALG00010025331",10.46688990198,-0.876679762449088,0.783663430852101,-1.1186942352227,0.263270605381575,0.998861670134564
"ENSGALG00010016084","ENSGALG00010016084",30.6606135413678,-0.526721098763601,0.470858334871904,-1.11864027830557,0.263293632816525,0.998861670134564
"ENSGALG00010015814","PAQR9",18.1848823679023,0.648819610508711,0.580125681038429,1.11841215053145,0.263391007288979,0.998861670134564
"ENSGALG00010000729","EDNRB",23.0734954940677,-0.664251632297668,0.593974288353766,-1.11831714827031,0.263431565554528,0.998861670134564
"ENSGALG00010027163","SAFB",81.5817043634877,0.375988256582344,0.336225149528403,1.11826333369087,0.263454541930111,0.998861670134564
"ENSGALG00010014547","DHDDS",33.4527478192273,0.517025337812889,0.462403704903183,1.11812542228904,0.263513430132837,0.998861670134564
"ENSGALG00010020662","BFAR",15.5479877639175,-0.728848452821844,0.652055747725188,-1.11777015288119,0.263665172088458,0.998861670134564
"ENSGALG00010021786","FAM162A",15.3475166684629,-0.693623544237073,0.621338037155103,-1.11633845468876,0.264277287028591,0.998861670134564
"ENSGALG00010022873","NGEF",34.2225807546991,0.508453973726799,0.456154249835278,1.11465359340707,0.264998894628278,0.998861670134564
"ENSGALG00010019294","SMARCAL1",10.7185238916773,-0.899303368011041,0.80751400698776,-1.11366906360631,0.265421185814866,0.998861670134564
"ENSGALG00010025346","PXYLP1",44.8639699524436,-0.479271581356794,0.4305487838065,-1.11316440641066,0.265637826383669,0.998861670134564
"ENSGALG00010001713","PNPLA4",11.7331473364498,-0.789659614395512,0.710285493516065,-1.11174960153913,0.266245826622577,0.998861670134564
"ENSGALG00010029338","INPP5K",10.7179517816375,-0.802622455536542,0.722341517856017,-1.1111398634801,0.266508151416592,0.998861670134564
"ENSGALG00010005272","MBNL2",66.0084575653028,0.400183619678013,0.360255660490181,1.1108322881964,0.266640545572154,0.998861670134564
"ENSGALG00010015391","SYN3",196.08415001794,0.292442247663539,0.263271506190355,1.11080098220767,0.266654023606317,0.998861670134564
"ENSGALG00010015142","HNRNPAB",50.5353520743287,-0.478633595440053,0.430968631357206,-1.11059961355596,0.26674072919903,0.998861670134564
"ENSGALG00010014795","THRAP3",130.760557322829,0.317645002003179,0.286136272610181,1.11011791376735,0.266948218843526,0.998861670134564
"ENSGALG00010024672","DYNLRB1",25.535261873917,-0.547589873448771,0.493830540475248,-1.10886190417018,0.267489760353854,0.998861670134564
"ENSGALG00010008001","ALDH5A1",33.4980370689573,-0.503732924347341,0.45431339736496,-1.10877849358838,0.267525750411076,0.998861670134564
"ENSGALG00010007119","ENSGALG00010007119",116.106548291171,0.401589300676624,0.36233538345527,1.10833586509555,0.267716791769504,0.998861670134564
"ENSGALG00010002930","ENSGALG00010002930",16.8751523193855,-0.716841572785468,0.646834623854149,-1.10823005811622,0.267762472637662,0.998861670134564
"ENSGALG00010013866","KCTD8",60.2963340241403,0.493079681833095,0.444966957424703,1.10812651053204,0.267807183226044,0.998861670134564
"ENSGALG00010005292","TAF3",63.6553517631449,0.388847426229176,0.351093901873069,1.10753113100141,0.268064360433758,0.998861670134564
"ENSGALG00010001599","TBL1X",175.55704515577,0.316488080129823,0.285811339347569,1.10733213333062,0.268150356311154,0.998861670134564
"ENSGALG00010012747","TOB2",13.3964655694894,0.751672622458458,0.679624575633262,1.106011538441,0.26872152521844,0.998861670134564
"ENSGALG00010009538","CRIM1",26.5711336866934,-0.555637536348738,0.502453716966372,-1.10584819573725,0.268792230387501,0.998861670134564
"ENSGALG00010012600","NUP107",11.2588504052126,-0.771634637374035,0.697945937315584,-1.10557938103612,0.268908618389688,0.998861670134564
"ENSGALG00010026715","WDR48",17.7724880030515,-0.6585547813553,0.595676600902865,-1.10555757999749,0.268918059045289,0.998861670134564
"ENSGALG00010012034","ARHGEF9",243.031756468818,0.280905465025015,0.254252717057551,1.1048277803121,0.269234220594629,0.998861670134564
"ENSGALG00010011130","DNM1L",30.0426167074128,-0.51001848308024,0.46195703180183,-1.10403879142385,0.269576310796007,0.998861670134564
"ENSGALG00010018707","SLC45A1",29.9182101034322,0.541070200815199,0.490323180724294,1.10349708536305,0.269811356586939,0.998861670134564
"ENSGALG00010021802","ENSGALG00010021802",27.1834712931119,0.743474057128385,0.674118462028883,1.10288339365571,0.270077806689916,0.998861670134564
"ENSGALG00010017600","MXD4",52.4720850035312,0.418666248467197,0.379750982925244,1.10247574671746,0.270254896850366,0.998861670134564
"ENSGALG00010021765","EIF2AK1",35.6242188923218,0.535694795450638,0.486154923101941,1.10190141042408,0.270504535362667,0.998861670134564
"ENSGALG00010027543","TUBB4B",89.6269664841451,-0.474635500666496,0.430769882701665,-1.1018307447348,0.270535261521651,0.998861670134564
"ENSGALG00010003764","HDAC9",572.280635878497,0.294423366289636,0.26725840086724,1.10164307402217,0.270616874266565,0.998861670134564
"ENSGALG00010028176","UPF1",13.8985346511753,0.720886543039294,0.654722211866786,1.10105710478931,0.270871804503031,0.998861670134564
"ENSGALG00010013872","GLS2",123.961600520259,0.312383003273426,0.283969567059408,1.10005803265557,0.2713068376191,0.998861670134564
"ENSGALG00010026094","C6orf106",15.898774480328,0.654275243508378,0.594972877797592,1.09967238495023,0.271474890917615,0.998861670134564
"ENSGALG00010012819","RANGAP1",15.8735306496619,0.658729828442905,0.59963232717159,1.09855622953164,0.271961678535557,0.998861670134564
"ENSGALG00010005758","HIVEP2",35.8011293861993,-0.50236453151532,0.457382615527453,-1.09834636136311,0.272053274809025,0.998861670134564
"ENSGALG00010020665","ENSGALG00010020665",301.755956078094,-0.441240553812883,0.401773658157737,-1.09823166565004,0.27210334230012,0.998861670134564
"ENSGALG00010027897","AP3D1",53.1099488021324,0.424836870336121,0.386932057695293,1.09796245073774,0.27222088598662,0.998861670134564
"ENSGALG00010026021","ENSGALG00010026021",212.29857804389,-0.280766510483376,0.255741881254224,-1.09785111889545,0.272269505468147,0.998861670134564
"ENSGALG00010027830","CACNA1D",203.029231784963,0.284121476185408,0.25890112512276,1.09741306087677,0.272460866509185,0.998861670134564
"ENSGALG00010004777","CDK14",528.885678597835,0.29487171187171,0.268745480231614,1.09721552011807,0.272547190215578,0.998861670134564
"ENSGALG00010019977","ZMIZ1",266.2640078162,0.272406982890088,0.248290757937509,1.09712896747711,0.272585018911877,0.998861670134564
"ENSGALG00010006323","ANAPC10",72.514930089659,-0.393524506057622,0.358729263353236,-1.09699583016767,0.272643214915812,0.998861670134564
"ENSGALG00010022976","FAM63B",27.4429864843263,0.544664422300453,0.49657729445734,1.09683714575726,0.272712588984414,0.998861670134564
"ENSGALG00010010404","COP1",72.8723952150925,0.383428852030331,0.349660240786179,1.09657549616801,0.272827004012384,0.998861670134564
"ENSGALG00010008858","ENSGALG00010008858",11.6005544797589,0.795837271126549,0.725775142360705,1.09653420829205,0.272845061515291,0.998861670134564
"ENSGALG00010022662","GFRA1",88.0579109640556,0.535497768296375,0.488436373334275,1.09635112684348,0.272925143147258,0.998861670134564
"ENSGALG00010009569","ZC3H18",19.222782099784,0.626407842804467,0.571764257511897,1.09557013152651,0.273266938767135,0.998861670134564
"ENSGALG00010002391","REPS2",25.7683651200622,-0.557243018273993,0.508883054939569,-1.09503158508622,0.273502799236256,0.998861670134564
"ENSGALG00010005895","MLLT10",107.993376544496,0.34928162429809,0.319056281212627,1.09473357794614,0.273633373503251,0.998861670134564
"ENSGALG00010006209","ENSGALG00010006209",19.5070235896004,-0.66401638010937,0.606593972033025,-1.09466366420341,0.273664012951817,0.998861670134564
"ENSGALG00010005275","L3MBTL3",78.167635335261,0.366008603363516,0.33448224101995,1.09425421884113,0.27384349800411,0.998861670134564
"ENSGALG00010029355","MCRIP1",12.0577182245368,0.830763429557453,0.759325939659121,1.0940801389327,0.273919832288769,0.998861670134564
"ENSGALG00010021167","KIAA1671",11.0644007342274,-0.780897304108939,0.713751135417591,-1.09407504290983,0.273922067121012,0.998861670134564
"ENSGALG00010000707","ENSGALG00010000707",129.280946374227,0.336951551602033,0.308095226570443,1.09366040932475,0.274103944105716,0.998861670134564
"ENSGALG00010002959","DLX5",45.7978402306844,0.457069323875924,0.417953260311246,1.09358956438227,0.274135028143151,0.998861670134564
"ENSGALG00010017300","TRPM7",85.6385640109892,0.36494437716126,0.333864461276254,1.0930914172961,0.274353663941032,0.998861670134564
"ENSGALG00010001463","DSEL",23.95473983523,0.579909921505302,0.530781351216062,1.09255896081632,0.274587489735232,0.998861670134564
"ENSGALG00010005163","GPC6",877.338853660882,0.308855215920574,0.282942670462462,1.09158231742055,0.275016731837542,0.998861670134564
"ENSGALG00010017811","HACD3",15.187535784407,-0.667532184158536,0.61206311827531,-1.09062638186651,0.275437316081792,0.998861670134564
"ENSGALG00010018715","DNAJC13",32.9313113758395,-0.489659276105959,0.449256355094404,-1.08993288698847,0.275742708529893,0.998861670134564
"ENSGALG00010008180","POU2F1",127.559080764229,0.308179674379154,0.282786590827739,1.08979592517837,0.275803049334259,0.998861670134564
"ENSGALG00010024242","KMT2A",34.7073287851421,0.487522388977359,0.447500996752194,1.08943307951407,0.275962950569222,0.998861670134564
"ENSGALG00010000044","MAP1A",304.295737221245,0.282742030712722,0.25958459899414,1.08920957486813,0.276061477544546,0.998861670134564
"ENSGALG00010003344","ZFAND1",10.5167893739316,0.859982621410835,0.789556569619272,1.08919696764163,0.276067035870337,0.998861670134564
"ENSGALG00010023687","ENSGALG00010023687",12.962665943036,0.73445949049903,0.674818632054026,1.08838057459005,0.276427133100332,0.998861670134564
"ENSGALG00010004001","LARP7",16.5786010396674,-0.700535344280919,0.643792271017345,-1.08813879230626,0.276533840632299,0.998861670134564
"ENSGALG00010002369","GEMIN8",18.2322867619947,0.7350725334193,0.675774961714073,1.08774751221149,0.276706586606067,0.998861670134564
"ENSGALG00010009361","LRRK2",28.6481047564952,-0.601495251109717,0.553341713235274,-1.08702314812469,0.277026579686374,0.998861670134564
"ENSGALG00010009192","LSM14A",28.6886058284992,0.533602635354544,0.490966763737685,1.08684064740406,0.27710724045302,0.998861670134564
"ENSGALG00010024593","SRSF6",41.4747190767561,-0.451205232162878,0.415407212605815,-1.08617572943066,0.277401252961921,0.998861670134564
"ENSGALG00010017042","HNRNPLL",40.8550278051164,0.450036217614801,0.414715231232502,1.08516925283243,0.277846699515444,0.998861670134564
"ENSGALG00010023115","RPLP2",50.0025249951858,-0.486063429541382,0.448338670654475,-1.08414344190261,0.278301203958365,0.998861670134564
"ENSGALG00010016109","MLH1",16.999135068246,-0.640724514812758,0.591194152745769,-1.08378019612838,0.278462267942807,0.998861670134564
"ENSGALG00010010958","LCORL",48.1360345490828,-0.464139695430826,0.428576223224521,-1.08298050680164,0.278817075471472,0.998861670134564
"ENSGALG00010010971","LCORL",48.1360345490828,-0.464139695430826,0.428576223224521,-1.08298050680164,0.278817075471472,0.998861670134564
"ENSGALG00010011378","TUBB2B",166.949305858118,-0.398047702490839,0.367575823450356,-1.08289957362933,0.278853001169542,0.998861670134564
"ENSGALG00010008298","ENSGALG00010008298",17.6990783372875,-0.630863323239719,0.582655494961551,-1.08273813376007,0.278924672660962,0.998861670134564
"ENSGALG00010018340","DNPEP",31.4885012135807,0.507488288432658,0.469078627668077,1.08188320358045,0.279304429163736,0.998861670134564
"ENSGALG00010003695","NOA1",11.449009996514,-0.796089090048495,0.736001198193922,-1.08164102450108,0.279412067994353,0.998861670134564
"ENSGALG00010018486","ENSGALG00010018486",12.9419563572262,-0.704828241779792,0.651733237893798,-1.0814673869597,0.27948926023395,0.998861670134564
"ENSGALG00010003042","TOX",107.339530451568,0.419952635968865,0.388379936021776,1.0812933342296,0.279566651598504,0.998861670134564
"ENSGALG00010025167","PTGES3",28.6128073863685,-0.531553858427353,0.491650900707801,-1.08116116061642,0.279625431428982,0.998861670134564
"ENSGALG00010017283","INF2",47.562934376427,-0.42724516750396,0.395322703373552,-1.08075039419187,0.279808159792007,0.998861670134564
"ENSGALG00010023442","STK25",12.5046868523758,-0.733061171631938,0.678755108579593,-1.08000833049491,0.28013847056655,0.998861670134564
"ENSGALG00010027915","GSTM3",17.1692255918287,0.672525120248229,0.622850545158233,1.07975360297289,0.280251917097097,0.998861670134564
"ENSGALG00010018852","NDUFB10",25.1057569593909,-0.556101722766737,0.515160895085931,-1.07947192434701,0.280377403020066,0.998861670134564
"ENSGALG00010018531","ADCY6",145.028650416451,0.363337887616668,0.336669199910288,1.07921332784076,0.280492639613776,0.998861670134564
"ENSGALG00010022807","ADCY6",145.028650416451,0.363337887616668,0.336669199910288,1.07921332784076,0.280492639613776,0.998861670134564
"ENSGALG00010012101","GPSM2",12.8592833247768,-0.717543391615218,0.664936381139754,-1.07911585524211,0.280536084008519,0.998861670134564
"ENSGALG00010028140","HEMK1",14.8865899687042,0.66419214998247,0.615982107922402,1.07826532855422,0.280915365156817,0.998861670134564
"ENSGALG00010006310","ALG5",17.8652382172067,-0.627272285442602,0.58222436842849,-1.07737209133947,0.281314067148811,0.998861670134564
"ENSGALG00010016260","INTS6L",23.6799252778656,-0.550117459040783,0.510672876186228,-1.07724041102228,0.281372875943529,0.998861670134564
"ENSGALG00010022275","VDAC2",82.461052271123,-0.36854842133652,0.342255021532248,-1.07682400008789,0.281558901126778,0.998861670134564
"ENSGALG00010016918","RCOR1",32.1762529135262,0.483786329850538,0.449996048215117,1.07509017416808,0.28233435817911,0.998861670134564
"ENSGALG00010004053","ENSGALG00010004053",46.1568308582704,0.421570383404324,0.392231022628516,1.07480122449059,0.282463732131469,0.998861670134564
"ENSGALG00010010850","ENSGALG00010010850",12.829424563044,-0.731161144049149,0.680547441330075,-1.07437204174944,0.28265596802514,0.998861670134564
"ENSGALG00010009092","EED",33.5347697666591,0.480151674711099,0.447098030373995,1.07392929982146,0.282854370141469,0.998861670134564
"ENSGALG00010014205","DPM1",11.6609945962734,-0.739019920463089,0.688509395610467,-1.07336214316703,0.283108663011346,0.998861670134564
"ENSGALG00010018021","ATRN",65.7212944689318,0.372836654591976,0.347406593408068,1.07319970796881,0.283181521701732,0.998861670134564
"ENSGALG00010014042","SGCZ",949.629447508291,0.312158391582034,0.291305209412622,1.07158533900393,0.28390632131917,0.998861670134564
"ENSGALG00010002379","NHS",389.548216008915,0.333923116679929,0.311675304341648,1.07138137679941,0.283997983058904,0.998861670134564
"ENSGALG00010005651","USP6NL",21.4267227460046,-0.577628884748392,0.539276920765348,-1.07111738423483,0.284116652517384,0.998861670134564
"ENSGALG00010010933","ANAPC4",15.5321500359532,-0.647659835557159,0.604909391759372,-1.07067247488661,0.284316723301205,0.998861670134564
"ENSGALG00010012797","ZC3H7B",34.4149931022109,-0.491005407198149,0.458673923467807,-1.07048903823854,0.284399240474693,0.998861670134564
"ENSGALG00010004142","RBBP8",16.805076192143,0.649542883963805,0.606879855512091,1.0702989694982,0.284484758124387,0.998861670134564
"ENSGALG00010004211","RNF146",16.3143207588912,-0.682260109439304,0.637542667606266,-1.07014031233538,0.284556156082646,0.998861670134564
"ENSGALG00010022193","GDAP2",11.1368055683675,0.771245044386446,0.720898751338986,1.06983823033949,0.284692130752544,0.998861670134564
"ENSGALG00010026898","PNPLA2",10.3442550015162,-0.885669436135219,0.828567625865751,-1.06891629420086,0.285107389056222,0.998861670134564
"ENSGALG00010020866","LCOR",58.3516680308306,0.375000941843528,0.350988260642083,1.06841448530933,0.28533358579457,0.998861670134564
"ENSGALG00010001940","PTPRM",364.979418434234,0.305262942127004,0.285730856130376,1.06835833644693,0.285358903154076,0.998861670134564
"ENSGALG00010023485","BARX2",32.8505353884956,0.589956174201044,0.552365191479154,1.06805458291321,0.285495891075324,0.998861670134564
"ENSGALG00010012259","IL1RAPL2",43.8499585919608,-0.498184474811164,0.466510490489698,-1.06789554568905,0.285567632014796,0.998861670134564
"ENSGALG00010013576","CAMK2A",79.5422758755044,0.403757217170346,0.378172689760744,1.06765302757793,0.285677054245686,0.998861670134564
"ENSGALG00010023612","GPT2",13.7925594667004,-0.67839287284589,0.635445351967891,-1.06758648992395,0.28570708045624,0.998861670134564
"ENSGALG00010020030","MRPL33",12.1244042711022,0.742056808034373,0.69518564448086,1.06742251357695,0.28578108658484,0.998861670134564
"ENSGALG00010003305","CALR",13.9712362355526,0.688345491246195,0.645554664976934,1.06628536449472,0.286294663392678,0.998861670134564
"ENSGALG00010023050","RUFY2",29.8845745421718,0.492127721642154,0.4616453142543,1.06602992913963,0.286410112747575,0.998861670134564
"ENSGALG00010029721","EXOC7",20.8587918769998,-0.571821892105883,0.536592398219285,-1.06565410543181,0.2865800312996,0.998861670134564
"ENSGALG00010008871","PRR7",19.7402494396747,0.642911484724578,0.60346363474642,1.06536905905645,0.286708952719342,0.998861670134564
"ENSGALG00010017544","SDE2",17.2471731721727,-0.639314261767081,0.600127566991456,-1.06529727499784,0.286741425547906,0.998861670134564
"ENSGALG00010011225","ENSGALG00010011225",42.3533688725877,0.458437150207099,0.430344858345502,1.06527855815357,0.286749892862051,0.998861670134564
"ENSGALG00010000475","RNFT2",10.151579949934,-0.82312199148414,0.772690274920505,-1.06526769936224,0.28675480534861,0.998861670134564
"ENSGALG00010025592","HSPA8",99.1965896759508,-0.471089330879345,0.442269420561597,-1.06516369655662,0.286801858802942,0.998861670134564
NA,"SPATA5",71.9958384700519,0.381878681539894,0.358749923760115,1.06447041866201,0.287115648148918,0.998861670134564
"ENSGALG00010002374","DST",780.040697359855,0.255111009039848,0.239753620353206,1.06405487710266,0.287303840350282,0.998861670134564
"ENSGALG00010002539","SNAP91",110.642188017448,-0.315939793766184,0.297052162076814,-1.06358355232064,0.287517396629876,0.998861670134564
"ENSGALG00010022255","NOC4L",13.2913974689225,-0.710516339682466,0.668059198800418,-1.06355296201038,0.287531260736306,0.998861670134564
"ENSGALG00010009172","SPOPL",29.5883294912913,-0.512332718138443,0.481723939061397,-1.06354008301245,0.28753709787637,0.998861670134564
"ENSGALG00010002309","GADL1",45.5865616066069,0.461081102126011,0.433595428335406,1.06339013742862,0.287605063502613,0.998861670134564
"ENSGALG00010008134","SLC2A13",498.988552033411,0.269500555676447,0.254064466142051,1.06075658579412,0.288800536759882,0.998861670134564
"ENSGALG00010001501","CAPZA2",35.5584978417932,0.495046671278093,0.466782555698238,1.06055092512525,0.28889403503846,0.998861670134564
"ENSGALG00010021933","PRR14L",41.7964279143661,-0.452012944683756,0.426378827827799,-1.06012052002336,0.289089773539223,0.998861670134564
"ENSGALG00010027979","RPL12",41.0216642390789,-0.437694361242583,0.412925180700151,-1.05998466962086,0.289151573775905,0.998861670134564
"ENSGALG00010007642","ZNF318",30.5766199459562,0.474252855846535,0.447547092306061,1.05967140441661,0.289294116396022,0.998861670134564
"ENSGALG00010005414","ENSGALG00010005414",17.4157774896486,-0.637172740409297,0.601577243633298,-1.05917028470195,0.289522235393061,0.998861670134564
"ENSGALG00010011300","EVC",24.2685737342731,-0.560199151178832,0.528995318550708,-1.05898697310519,0.289605712489146,0.998861670134564
"ENSGALG00010008498","ENSGALG00010008498",13.9682008392406,0.71918794979765,0.679409011078204,1.05854932459067,0.289805075983193,0.998861670134564
"ENSGALG00010000590","DNAH5",11.2955369010994,0.808719240253695,0.76412738903114,1.05835656706285,0.289892912769806,0.998861670134564
"ENSGALG00010014984","LPP",86.7213156415263,0.342099806893776,0.323375072308974,1.05790407544745,0.290099176994998,0.998861670134564
"ENSGALG00010025356","ENSGALG00010025356",21.6010130767363,-0.72144703462869,0.681972403386841,-1.05788303316353,0.290108771333591,0.998861670134564
"ENSGALG00010019239","CYTH3",34.2740324533045,-0.473995414689552,0.448102223830332,-1.0577841159499,0.290153876012483,0.998861670134564
"ENSGALG00010013416","NDUFB2",35.8190847644526,-0.507035173123722,0.479345291183499,-1.05776604558242,0.290162116323002,0.998861670134564
"ENSGALG00010018435","ENSGALG00010018435",89.46528846898,-0.40193068542202,0.379995558752872,-1.05772469220729,0.290180974564935,0.998861670134564
"ENSGALG00010016508","CREBBP",72.409981598248,0.353713507687597,0.33471578477637,1.05675777413342,0.290622150132803,0.998861670134564
"ENSGALG00010027693","RAB14",27.9742012693276,-0.509039348721904,0.482036106158304,-1.05601912848149,0.29095947574737,0.998861670134564
"ENSGALG00010024263","PHKB",125.467175790476,0.336191806637241,0.318573652239053,1.05530323764806,0.291286660849119,0.998861670134564
"ENSGALG00010008241","HERC3",24.8642629276756,-0.513357831194128,0.486537343248152,-1.05512524026814,0.291368049751809,0.998861670134564
"ENSGALG00010023793","RBM45",28.0017542437877,0.543709748483782,0.515532612119001,1.05465636063054,0.291582517087843,0.998861670134564
"ENSGALG00010014236","WDR44",20.7074674168847,-0.641884706294167,0.608642803099182,-1.05461644009544,0.291600781793311,0.998861670134564
NA,"KIAA1109",76.3358740025671,0.376343164517597,0.356987807100023,1.05421853921232,0.291782874050034,0.998861670134564
"ENSGALG00010023114","UQCRHL",31.0795898342596,-0.5147439508124,0.488362208831852,-1.0540208507199,0.291873371077372,0.998861670134564
"ENSGALG00010027386","RHOA",26.6968025039513,-0.552164152503718,0.523970617094807,-1.0538074741008,0.291971070913899,0.998861670134564
"ENSGALG00010002530","STAG3",55.6899618801061,0.395323173076872,0.375167568188562,1.05372427309116,0.292009172536611,0.998861670134564
"ENSGALG00010006155","TNFRSF19",19.5941900513929,0.615770723139611,0.584562891671056,1.05338661059949,0.292163838229043,0.998861670134564
"ENSGALG00010024185","CHRNA5",19.4405972895237,-0.627939915496611,0.596142659847337,-1.0533383329041,0.292185956235746,0.998861670134564
"ENSGALG00010022194","ENSGALG00010022194",140.551687548075,0.303869100925022,0.288727138174533,1.05244385008705,0.292595959253033,0.998861670134564
"ENSGALG00010027648","NFYA",16.286755539325,-0.626152425074846,0.59535191994189,-1.0517349555805,0.292921168664367,0.998861670134564
"ENSGALG00010017930","TSC2",16.7058945214442,-0.615637862365732,0.585618605396107,-1.05126076373431,0.293138842277302,0.998861670134564
"ENSGALG00010029145","RC3H2",13.6607024030516,-0.668229750146371,0.637037211010987,-1.0489650189914,0.294194218618885,0.998861670134564
"ENSGALG00010010534","SYNJ1",109.317083611543,-0.308325116756203,0.294010307684391,-1.04868811976204,0.294321683859965,0.998861670134564
"ENSGALG00010006929","ENSGALG00010006929",20.883377074846,0.58717632362067,0.56000331192304,1.04852294820243,0.294397735041393,0.998861670134564
"ENSGALG00010010690","MTPN",33.3391414678991,-0.52295273246913,0.498779688835428,-1.04846437049219,0.294424709580452,0.998861670134564
"ENSGALG00010010103","ENSGALG00010010103",37.7901778765664,-0.459676506681571,0.438631368817063,-1.04797909898981,0.294648236707115,0.998861670134564
"ENSGALG00010012000","ENSGALG00010012000",24.3289847217828,-2.08070188356672,1.98563337989925,-1.04787817561382,0.294694738599503,0.998861670134564
"ENSGALG00010029722","SPECC1",23.9513424775543,-0.547863788832063,0.522868126784119,-1.04780490675857,0.294728501356261,0.998861670134564
"ENSGALG00010000535","ENSGALG00010000535",12.5869865796936,-0.780565764590718,0.745151867255005,-1.04752574460582,0.294857164813405,0.998861670134564
"ENSGALG00010023350","ZNRF1",46.2780993560843,0.441076139013962,0.421106073286778,1.04742288699689,0.294904580495529,0.998861670134564
"ENSGALG00010017528","RAI1",34.992811933048,0.52117447040061,0.497700810401633,1.04716419886886,0.295023854089397,0.998861670134564
"ENSGALG00010000029","ND4",323.530074604355,0.389553714654908,0.372107095234722,1.04688601653559,0.295152151954727,0.998861670134564
"ENSGALG00010023447","C12orf57",39.869149163677,-0.487440398484861,0.465822434124725,-1.04640816494971,0.29537262463241,0.998861670134564
"ENSGALG00010019471","NUBP1",11.7611797458677,-0.754266692765344,0.721005485050358,-1.04613169858571,0.295500231912972,0.998861670134564
"ENSGALG00010021743","SYT13",24.2497411650868,0.539047914603326,0.515340938132739,1.04600250963272,0.295559873705113,0.998861670134564
"ENSGALG00010028024","RBM3",104.818969724041,-0.322622081541,0.308565118487401,-1.04555590444736,0.295766117001701,0.998861670134564
"ENSGALG00010016191","ENSGALG00010016191",55.843445708445,-0.42289882040756,0.404535266512911,-1.04539419777401,0.295840817266866,0.998861670134564
"ENSGALG00010005991","FARP1",65.7378314984631,0.413688036179224,0.3957976841497,1.04520074964046,0.295930197064206,0.998861670134564
"ENSGALG00010014469","TMCO3",39.4823065865402,-0.47917300864736,0.458503701816115,-1.04507991265801,0.295986037143377,0.998861670134564
"ENSGALG00010029595","CLUH",51.1858986288867,0.406631621376017,0.389118192619662,1.04500799265758,0.296019275502759,0.998861670134564
"ENSGALG00010012772","TOMM22",16.1515657377716,-0.632770943301167,0.605586651512297,-1.04488918591746,0.296074188387217,0.998861670134564
"ENSGALG00010029422","EIF4H",29.477140661483,-0.488395051672365,0.467770017408324,-1.04409225366413,0.296442709458413,0.998861670134564
"ENSGALG00010009643","PSMC2",16.1730486206117,-0.650995712180573,0.623657501079596,-1.04383529590144,0.296561598447147,0.998861670134564
"ENSGALG00010028054","RPS15",47.961604558481,-0.43799108222152,0.419703176298744,-1.04357342749715,0.296682792300105,0.998861670134564
"ENSGALG00010018693","ENSGALG00010018693",113.322430866337,0.317942315173371,0.304894312596946,1.04279516552896,0.297043170883302,0.998861670134564
"ENSGALG00010001982","DMD",844.28534882281,0.246510653098865,0.236438751734894,1.04259835280836,0.297134352472277,0.998861670134564
"ENSGALG00010002752","NDUFA4",74.8786901964253,-0.396895889332698,0.380814838878628,-1.04222800377586,0.297305982631177,0.998861670134564
"ENSGALG00010013080","ARHGEF7",135.224345982568,0.313347592743899,0.3007672958859,1.04182734303258,0.297491734706157,0.998861670134564
"ENSGALG00010012798","MFSD6",19.5965157057616,-0.613063875420126,0.588786581757448,-1.04123275634138,0.297767536578452,0.998861670134564
"ENSGALG00010002622","AZI2",12.1404356559983,-0.747240410768548,0.717682848495834,-1.04118471318447,0.297789829083867,0.998861670134564
"ENSGALG00010021812","TEAD1",218.272661757255,0.269291857497954,0.258850403445521,1.04033779323288,0.2981829915156,0.998861670134564
"ENSGALG00010023113","MYZAP",13.2626321834032,-0.703158462496169,0.67605081627911,-1.04009705419225,0.298294812141292,0.998861670134564
"ENSGALG00010010965","BAZ2B",160.821503535513,0.29923809515775,0.287731756192377,1.03998981244767,0.298344633762818,0.998861670134564
"ENSGALG00010016366","KIF3A",45.3501963044492,-0.408290300738144,0.392693157497786,-1.03971839830299,0.298470750281475,0.998861670134564
"ENSGALG00010008436","ENSGALG00010008436",46.2664349490286,0.562649529528783,0.541903977433937,1.03828270866931,0.299138456425654,0.998861670134564
"ENSGALG00010027468","BSG",23.8000157538827,-0.526572439574067,0.507268235113108,-1.03805522034443,0.299244347415364,0.998861670134564
"ENSGALG00010026287","NASP",34.4183035367435,0.452487884619416,0.436033933673999,1.03773548266479,0.299393220799802,0.998861670134564
"ENSGALG00010026128","PRDX1",79.8620194691814,-0.396776438015897,0.382353315877604,-1.03772197477924,0.299399511307737,0.998861670134564
"ENSGALG00010016317","CTDSPL2",18.6722171223546,-0.576791627825392,0.556305147040112,-1.03682597742315,0.299816966602993,0.998861670134564
"ENSGALG00010007941","MRPL19",11.2083658707589,0.792413026951367,0.76461939532902,1.03634962936088,0.300039060515397,0.998861670134564
"ENSGALG00010008408","SMARCA4",41.9647232392173,0.440685008585365,0.425292920357858,1.03619173395728,0.30011270232987,0.998861670134564
"ENSGALG00010000470","FBXW8",25.1924783080623,0.505695771466991,0.488109769780201,1.03602878445705,0.300188713989988,0.998861670134564
"ENSGALG00010001267","BCHE",10.1235056394733,-0.811229657138742,0.783042423793644,-1.03599707051444,0.300203509202779,0.998861670134564
"ENSGALG00010028081","UBQLN4",10.0789947740412,-0.769200543432101,0.742623560314892,-1.03578796113867,0.300301075238622,0.998861670134564
"ENSGALG00010017482","CORO2B",45.4028098393391,-0.501681238310756,0.484679993931147,-1.03507725631858,0.300632833139022,0.998861670134564
"ENSGALG00010015923","RCAN3",21.2568105773488,-0.552385297733666,0.534400171463886,-1.03365479135329,0.301297574912272,0.998861670134564
"ENSGALG00010018010","ENSGALG00010018010",23.2820490075959,-0.572670578440554,0.554821880980616,-1.03217013977241,0.301992420726403,0.998861670134564
"ENSGALG00010008058","USP25",82.4910318307496,0.327772305329418,0.31766966117184,1.03180235758212,0.302164714624366,0.998861670134564
"ENSGALG00010013740","GNPDA2",13.4072577037479,-0.730153849506674,0.707696121505436,-1.03173357507381,0.302196944232977,0.998861670134564
"ENSGALG00010022471","ST6GALNAC5",49.1746304690615,0.396023085648235,0.384330438774168,1.03042342134378,0.302811283284928,0.998861670134564
"ENSGALG00010024835","FAM189A1",117.710117602869,0.304965223476989,0.295991229366308,1.03031844602252,0.302860542763325,0.998861670134564
"ENSGALG00010029241","STXBP4",19.3054365283986,0.58458836033524,0.567609780715655,1.02991241552987,0.30305112199249,0.998861670134564
"ENSGALG00010018323","GOT1",16.2522330636421,-0.675152122892968,0.655772546399277,-1.02955228394372,0.303220224278309,0.998861670134564
"ENSGALG00010005066","ENSGALG00010005066",12.2476231917902,0.793758047583798,0.771064568357943,1.02943136042962,0.303277018817056,0.998861670134564
"ENSGALG00010003843","LRCH1",82.1127405198562,0.350425091497379,0.340497098201666,1.0291573506739,0.303405740029635,0.998861670134564
"ENSGALG00010007901","FSTL5",728.338953823355,-0.244261324968678,0.237498037697327,-1.02847723432549,0.303725394304899,0.998861670134564
"ENSGALG00010017657","DIS3L2",46.7522295666841,0.406954116654719,0.395772120739005,1.02825362204602,0.303830540800862,0.998861670134564
"ENSGALG00010010279","CCSAP",31.1999704042667,-0.514942880403416,0.500897715030578,-1.02803998691026,0.303931018450239,0.998861670134564
"ENSGALG00010023997","ARFGEF2",19.5290580812566,0.58399573507144,0.568083326958115,1.02801069378066,0.303944797421399,0.998861670134564
"ENSGALG00010008756","ITSN2",61.1344641124261,0.360356120977682,0.350656965435156,1.02765995402512,0.304109811440142,0.998861670134564
"ENSGALG00010008425","MAGI2",1702.59783212558,0.247151675814118,0.240528913672077,1.02753416227984,0.304169007709055,0.998861670134564
"ENSGALG00010009010","ENSGALG00010009010",12.806975082013,0.705646574286115,0.686743445728362,1.02752575022788,0.304172966604967,0.998861670134564
"ENSGALG00010020369","CNTN3",188.120027219861,0.290419551544323,0.282669426930608,1.02741762594516,0.304223855307459,0.998861670134564
"ENSGALG00010012778","TBC1D15",21.4019068807334,-0.595293497686328,0.579688567020538,-1.02691950739342,0.304458367861108,0.998861670134564
"ENSGALG00010023231","ASIC1",20.8873104261856,-0.563413671874631,0.548861254897121,-1.02651383541408,0.304649445529547,0.998861670134564
"ENSGALG00010007135","TK2",34.0761412811746,-0.449945122283124,0.43844154385253,-1.02623742798074,0.304779683219315,0.998861670134564
"ENSGALG00010013484","TCOF1",16.0262257621375,-0.647625794502284,0.631503855825267,-1.02552943822639,0.305113442448267,0.998861670134564
"ENSGALG00010022936","ENSGALG00010022936",14.9421879341039,0.639709100992104,0.623814847914456,1.02547911953488,0.305137172820178,0.998861670134564
"ENSGALG00010004974","MTPAP",17.6883115791679,-0.625200563364423,0.609986968378812,-1.02494085246779,0.305391097004235,0.998861670134564
"ENSGALG00010002445","EDRF1",22.8344695847195,-0.5446530017975,0.532124554880313,-1.02354419994771,0.306050612765365,0.998861670134564
"ENSGALG00010005211","ESRRB",12.0205428650011,-0.719714526834096,0.703348130190438,-1.02326926871793,0.306180549668016,0.998861670134564
"ENSGALG00010027987","TMEM141",27.4552710802855,-0.502760104028441,0.491871545715203,-1.02213699574226,0.306716065350824,0.998861670134564
"ENSGALG00010014249","ENSGALG00010014249",38.9465213242382,0.458916799131766,0.449021227102252,1.02203809404151,0.306762870986113,0.998861670134564
"ENSGALG00010024402","GPC1",106.317643548985,0.311538983755025,0.304830641987389,1.02200678292674,0.306777690085588,0.998861670134564
"ENSGALG00010024649","NCOR2",87.1301155845724,0.348164433469267,0.340690646785608,1.02193716426962,0.306810641292324,0.998861670134564
"ENSGALG00010015918","BICD1",311.903046517723,0.273838945475592,0.268017112704399,1.02172186959425,0.306912557251034,0.998861670134564
"ENSGALG00010008303","TEX10",39.7623579774632,0.429367775063253,0.420277432680141,1.02162938496398,0.306956344408909,0.998861670134564
"ENSGALG00010006855","DCLK2",35.753199259576,-0.453130283801206,0.443670314413443,-1.02132206974512,0.307101873544195,0.998861670134564
"ENSGALG00010004309","MRPS28",36.058820111355,0.438067005248384,0.429015483657465,1.02109835643635,0.307207841723979,0.998861670134564
"ENSGALG00010024876","CFLAR",15.4939297104498,-0.634523501214201,0.622134268152314,-1.01991408237113,0.307769210161046,0.998861670134564
"ENSGALG00010024872","RUNDC3A",21.3435225298282,0.578410653301511,0.567271159778589,1.01963698194576,0.307900658980006,0.998861670134564
"ENSGALG00010017476","ATP6V0C",264.728156453023,0.393777186176176,0.386312099670097,1.0193239779765,0.308049184128616,0.998861670134564
"ENSGALG00010014903","MCF2L",292.955133476652,0.274832737220636,0.26962298275307,1.01932236790191,0.308049948256043,0.998861670134564
"ENSGALG00010008211","ADGRB1",267.05086140474,0.244644457696951,0.240164224571137,1.01865487307202,0.308366843541176,0.998861670134564
"ENSGALG00010024010","ENSGALG00010024010",21.0197691936154,0.583145673014347,0.572795489456202,1.01806959682586,0.30864488264875,0.998861670134564
"ENSGALG00010002471","OGFRL1",58.6209255925633,-0.417990816254544,0.410598924467803,-1.01800270615984,0.30867667002636,0.998861670134564
"ENSGALG00010024947","MPP4",24.7596696023914,0.504294590055166,0.495677539008225,1.0173843887786,0.308970605556234,0.998861670134564
"ENSGALG00010006720","SRP54",13.7411995067804,-0.666866337345707,0.655522054455926,-1.01730572268724,0.309008015081916,0.998861670134564
"ENSGALG00010003875","AKAP8",43.9806106220221,0.437203875842452,0.429829425556246,1.01715669018393,0.309078895443585,0.998861670134564
"ENSGALG00010014089","FIG4",43.7347201125657,0.4194305848659,0.412509822107874,1.01677720720118,0.309259427347436,0.998861670134564
"ENSGALG00010016640","OCIAD1",21.8902005545022,-0.553868667061958,0.544827331875042,-1.0165948634695,0.309346198735928,0.998861670134564
"ENSGALG00010001710","LCMT2",30.9427125545772,-0.49851939839452,0.490427666794272,-1.0164993375132,0.309391662819758,0.998861670134564
"ENSGALG00010013123","PPFIBP1",50.1215757941806,-0.430208299658213,0.423244054309644,-1.01645444342964,0.309413030981171,0.998861670134564
"ENSGALG00010028183","CRTC1",30.413143699953,0.49320854288815,0.485559932404036,1.01575214504674,0.309747429702131,0.998861670134564
"ENSGALG00010011720","IKZF2",32.5547097674185,0.551412364617094,0.543104528217178,1.01529693819197,0.309964303485708,0.998861670134564
"ENSGALG00010000802","SEMA5A",23.9593174817945,0.609993171066658,0.600823382145016,1.0152620373876,0.309980935381832,0.998861670134564
"ENSGALG00010002146","CACUL1",15.9109017907796,-0.660223365600477,0.650372861845715,-1.015145932945,0.310036268921847,0.998861670134564
"ENSGALG00010002390","MYT1L",647.811580268394,0.21886807934292,0.215830270806317,1.01407498830101,0.310546971733021,0.998861670134564
"ENSGALG00010019617","ANO3",120.710973698847,-0.299588312332869,0.295447184131323,-1.01401647544457,0.310574890825481,0.998861670134564
"ENSGALG00010021599","ARPC4",24.1342724996255,-0.550523069006957,0.542933291303445,-1.01397920854198,0.310592673389692,0.998861670134564
"ENSGALG00010022863","FAM81A",12.925237692797,-0.756094849636397,0.745797176929877,-1.01380760483555,0.310674565816133,0.998861670134564
"ENSGALG00010021114","SBF2",202.657026055633,0.268600004319015,0.265051145357874,1.01338933644806,0.310874230827588,0.998861670134564
"ENSGALG00010010940","NRG3",489.253272263279,0.234846968937119,0.231868695678258,1.01284465438575,0.311134367687555,0.998861670134564
"ENSGALG00010027419","PTBP1",49.0578945192146,0.408098987698318,0.403058650922577,1.01250521918883,0.311296552488955,0.998861670134564
"ENSGALG00010025703","UBASH3B",40.6966635044795,0.421133680951634,0.416082436654624,1.0121400084503,0.311471115306548,0.998861670134564
"ENSGALG00010003117","ID2",15.2242018687018,-0.639845829777423,0.632758328532859,-1.01120096081706,0.311920256036796,0.998861670134564
"ENSGALG00010011622","BACH1",10.0610998432852,-0.845667410920231,0.836826851589863,-1.01056438295876,0.312224969994397,0.998861670134564
"ENSGALG00010023831","SATB2",68.8771121751327,-0.359989481468539,0.356545044631115,-1.0096605937715,0.312657928183219,0.998861670134564
"ENSGALG00010029534","NF1",78.7850457953851,-0.352024063876753,0.348768265509093,-1.00933513363926,0.312813935927928,0.998861670134564
"ENSGALG00010015234","TRIP11",32.4057508999582,0.461946196057156,0.457776026592292,1.00910962833923,0.312922060867069,0.998861670134564
"ENSGALG00010019932","KALRN",125.229455439444,0.348784914159216,0.345652034263174,1.00906368134856,0.312944094478155,0.998861670134564
"ENSGALG00010018349","KCNMB2",33.6179646086699,-0.453856862993495,0.450400265719458,-1.0076745009653,0.313610750188716,0.998861670134564
"ENSGALG00010024826","RBM33",135.66480300893,0.287786252796455,0.285611634202459,1.00761390060341,0.313639853038338,0.998861670134564
"ENSGALG00010001465","TACC2",85.6822961024976,-0.333282570553101,0.330781954970261,-1.00755970978848,0.313665879258309,0.998861670134564
"ENSGALG00010029279","ENSGALG00010029279",10.6906439170872,-0.781788969357544,0.776868129723455,-1.00633420196532,0.314254833297602,0.998861670134564
"ENSGALG00010003595","SNX13",58.7345064874828,-0.38070051162042,0.378307732857853,-1.00632495335079,0.314259280756052,0.998861670134564
"ENSGALG00010010416","SLC35B3",21.8277220201334,-0.561830389321301,0.558505150019877,-1.00595382030283,0.314437784760118,0.998861670134564
"ENSGALG00010011868","SNRPF",10.202498362711,-0.771332204952791,0.767239702317999,-1.00533406003682,0.314736019685424,0.998861670134564
"ENSGALG00010023208","BACE1",20.0084945568522,0.56488339890114,0.562182920703942,1.00480355787724,0.314991450355028,0.998861670134564
"ENSGALG00010020701","PTPN11",16.886204369449,-0.621097517486446,0.61821637640507,-1.00466040886547,0.315060398286007,0.998861670134564
"ENSGALG00010004337","BMPR1B",17.399635873216,-0.6735171179814,0.670559243819633,-1.0044110556808,0.315180523293834,0.998861670134564
"ENSGALG00010014729","MRPS15",12.504368770098,-0.687155094507759,0.684174683245115,-1.00435621389629,0.315206947164644,0.998861670134564
"ENSGALG00010028190","ILF2",45.4524004524208,0.409168520072656,0.407591077465392,1.00387015981084,0.315441201377657,0.998861670134564
"ENSGALG00010024144","HNRNPA3",157.217606000536,-0.27136537077464,0.270379912582829,-1.00364471673357,0.315549892687869,0.998861670134564
"ENSGALG00010011770","CHST11",208.599218968604,0.311077105290636,0.309950095559457,1.00363610060886,0.315554047208401,0.998861670134564
"ENSGALG00010027571","RBM10",417.80657383112,0.257522597944388,0.25669471418916,1.00322516869053,0.315752231959116,0.998861670134564
"ENSGALG00010001614","ENSGALG00010001614",41.9858416601148,-0.491680482841126,0.490104940641939,-1.00321470376757,0.315757280062076,0.998861670134564
"ENSGALG00010012885","PMS1",14.4826633267213,-0.681687329685461,0.679564090448837,-1.00312441352694,0.315800836757956,0.998861670134564
"ENSGALG00010009142","LGALS8",13.8081707806684,0.682825815958629,0.681482213124019,1.00197158899929,0.31635731480477,0.998861670134564
"ENSGALG00010016588","ATP11B",67.3626447635886,-0.337589137917408,0.336936268865255,-1.00193766332829,0.316373700752067,0.998861670134564
"ENSGALG00010006761","PPP2R3C",13.8088669589161,-0.644826688593306,0.643651689269663,-1.00182552045342,0.316427869222458,0.998861670134564
"ENSGALG00010007002","EXOC4",188.611438848277,0.307550483299379,0.307031097743343,1.0016916382733,0.31649254641847,0.998861670134564
"ENSGALG00010021734","PARD3B",166.614605060124,0.273360763599339,0.272931610510353,1.00157238323617,0.316550164686681,0.998861670134564
"ENSGALG00010016587","AVP",28.0516412976978,0.543827977313173,0.543356236989488,1.00086819712662,0.31689053367675,0.998861670134564
"ENSGALG00010017672","SPRED2",100.149821653914,0.321517529671481,0.32150804694054,1.00002949453686,0.317296234444505,0.998861670134564
"ENSGALG00010023144","C11orf58",43.2697654794369,-0.404373781073869,0.404390720136555,-0.999958112137982,0.317330779560116,0.998861670134564
"ENSGALG00010021255","EIF3F",10.0178373694264,-0.757651194209748,0.757900638037657,-0.999670875289729,0.31746981116313,0.998861670134564
"ENSGALG00010025400","SLC22A15",18.140095024198,-0.584874978001111,0.585196123878213,-0.999451216670791,0.31757615973512,0.998861670134564
"ENSGALG00010027169","ABCB8",14.3027381930047,0.676102211335926,0.676474845198694,0.999449153408418,0.317577158782291,0.998861670134564
"ENSGALG00010021360","PTPRN",27.2560254095765,0.531635508479041,0.532040860649125,0.999238118347547,0.317679354428995,0.998861670134564
"ENSGALG00010022166","SDHB",12.2780170974912,-0.727987761349301,0.728751396400717,-0.998952132297533,0.317817880167519,0.998861670134564
"ENSGALG00010004841","AKAP9",147.425244213197,0.306301747967612,0.306727010050712,0.998613548630654,0.317981934275063,0.998861670134564
"ENSGALG00010004087","NCOA7",121.045647370756,-0.298929386255208,0.299440015085167,-0.998294720798041,0.318136466795923,0.998861670134564
"ENSGALG00010002345","SCML2",19.4939640740252,-0.549021468079159,0.549994594138091,-0.998230662502315,0.318167521117692,0.998861670134564
"ENSGALG00010011353","ENSGALG00010011353",29.0088154294534,-0.497083500231986,0.498063211012309,-0.998032958952476,0.318263376802509,0.998861670134564
"ENSGALG00010019284","CHD5",106.722476401004,0.312477493273461,0.313322884372399,0.997301853324149,0.318618014418586,0.998861670134564
"ENSGALG00010017109","ITGB1BP3",31.0106449810128,-0.521116296350221,0.522572200466706,-0.997213965620092,0.318660663549121,0.998861670134564
"ENSGALG00010003274","BACH2",182.496729193234,0.326629647993795,0.327659074492096,0.996858239009871,0.318833324636342,0.998861670134564
"ENSGALG00010027173","TLE5",20.4972632811035,-0.580470446961616,0.582380688936339,-0.99671994279513,0.318900466803542,0.998861670134564
"ENSGALG00010013278","SAMM50",21.0138252820366,-0.554107755160207,0.555973291553199,-0.996644557533007,0.318937069894411,0.998861670134564
"ENSGALG00010018752","PLS3",18.562662375995,0.581933999900904,0.584322947642279,0.995911596915687,0.319293100114798,0.998861670134564
"ENSGALG00010001892","RAB12",40.3293753316605,0.413129395511608,0.414839946715394,0.995876599596229,0.319310106308133,0.998861670134564
"ENSGALG00010011064","MYLIP",50.5426170162753,-0.421139379776184,0.423303160764807,-0.99488834199888,0.319790573479963,0.998861670134564
"ENSGALG00010004212","RSPO3",39.2538856647893,-0.447832604474741,0.450167538642063,-0.994813188497852,0.319827130649616,0.998861670134564
"ENSGALG00010005359","MEIS2",57.92251209834,0.444257217417507,0.446704384025702,0.994521731382752,0.319968930966148,0.998861670134564
"ENSGALG00010006146","CCDC142",14.9050147696751,0.703478467077565,0.707598566801506,0.994177348687173,0.320136533728476,0.998861670134564
"ENSGALG00010029777","ENSGALG00010029777",19.0755988636992,0.654528817198583,0.658528695679821,0.993926037684495,0.320258876962672,0.998861670134564
"ENSGALG00010008527","CHUK",44.6907992326985,0.416761526928641,0.419390573325983,0.993731269693328,0.320353714947439,0.998861670134564
"ENSGALG00010011746","SOD1",37.3441508615533,-0.463218798473403,0.466193490830761,-0.993619189422708,0.320408298288804,0.998861670134564
"ENSGALG00010001487","CDH19",14.033133888999,-1.93192376038598,1.94539195257811,-0.993076874727338,0.32067249262188,0.998861670134564
"ENSGALG00010012466","PDSS2",65.4060289925809,0.351229235106344,0.353798605746014,0.992737759284687,0.320837768615548,0.998861670134564
"ENSGALG00010003775","NCOA2",65.5688638682644,0.401073572707196,0.404337904604739,0.991926723019614,0.321233272171472,0.998861670134564
"ENSGALG00010029778","DOC2B",88.9267036813221,0.349356162546221,0.352653215689857,0.990650721453976,0.321856161382561,0.998861670134564
"ENSGALG00010020928","AACS",55.1303464247891,-0.379680597435869,0.383515041919855,-0.990001840697589,0.322173219325022,0.998861670134564
"ENSGALG00010017956","TIPIN",12.973786341506,-0.659764760763248,0.666430404597616,-0.989997989604941,0.322175101664948,0.998861670134564
"ENSGALG00010007895","GOLGB1",26.8417571574081,0.478933263364078,0.484118345545783,0.989289639135943,0.322521451791961,0.998861670134564
"ENSGALG00010029285","CUX1",196.504761345585,0.260283629684712,0.26313987887201,0.989145509986775,0.322591953906954,0.998861670134564
"ENSGALG00010002193","ENSGALG00010002193",71.8120436969988,0.33734777027594,0.341090174236196,0.989028109740669,0.322649388758699,0.998861670134564
"ENSGALG00010022173","RPL23",49.4552678520692,-0.402506475408846,0.407033011427919,-0.988879191878827,0.322722252335132,0.998861670134564
"ENSGALG00010007319","ATP9B",140.781562297247,0.28484097980088,0.288159441181856,0.988483940115355,0.322915695929012,0.998861670134564
"ENSGALG00010017807","MRPL35",15.5768192714213,-0.636130169875924,0.64366209270229,-0.988298327784466,0.323006564154602,0.998861670134564
"ENSGALG00010008448","TNS3",25.8977944258111,0.482694964091116,0.488469688493436,0.988177926822581,0.32306551646809,0.998861670134564
"ENSGALG00010009989","TBC1D7",13.3213399439914,-0.652262395866291,0.660362913120474,-0.987733234115307,0.323283313597581,0.998861670134564
"ENSGALG00010011306","ECI2",12.3158682909248,-0.743139199541539,0.752497216252714,-0.987564051389085,0.323366199341291,0.998861670134564
"ENSGALG00010008995","ECD",11.2750845778236,0.705498110736433,0.714611542333711,0.987247013156944,0.323521559523506,0.998861670134564
"ENSGALG00010017958","CAPN10",14.3605976134422,0.635739614871149,0.644061847684898,0.987078519176903,0.323604147450395,0.998861670134564
"ENSGALG00010005371","GRM1",126.946820816503,0.337224117975059,0.341740940010634,0.986782906269779,0.323749076365807,0.998861670134564
"ENSGALG00010009502","ARID5B",152.701557556801,0.275295135622329,0.279262290625413,0.985794161488117,0.324234131397336,0.998861670134564
"ENSGALG00010001373","IMPA2",22.0916730581909,-0.550565649858794,0.558505647741485,-0.98578349580743,0.324239366309231,0.998861670134564
"ENSGALG00010015998","ENSGALG00010015998",33.6880915490668,-0.500107521856806,0.508367251052231,-0.983752436494819,0.325237250704685,0.998861670134564
"ENSGALG00010018064","TTC8",18.8887605843,-0.56224843968778,0.571585872323011,-0.983663989809121,0.325280750997612,0.998861670134564
"ENSGALG00010004250","MOB1B",42.2140840890277,0.405997678114937,0.412785860877268,0.983555195548838,0.325334263927787,0.998861670134564
"ENSGALG00010013828","PTN",138.831117557693,-0.330439751202884,0.336123124317486,-0.983091395076902,0.325562458976001,0.998861670134564
"ENSGALG00010008389","GALNT1",30.2003974010361,-0.444700585497842,0.452670167453885,-0.982394285002546,0.325905640738295,0.998861670134564
"ENSGALG00010018594","BICRAL",59.3020480380427,-0.373355888624583,0.3804454552535,-0.981365090498471,0.326412734806658,0.998861670134564
"ENSGALG00010025230","CHST8",19.2908215641975,0.607680305803087,0.619564551409719,0.98081838998117,0.326682307826061,0.998861670134564
"ENSGALG00010006123","MLH3",12.8616385719279,-0.646623518785104,0.659606649337919,-0.980316859198058,0.326929735224999,0.998861670134564
"ENSGALG00010007765","NUDT7",10.0080495177064,-0.764982185220982,0.780347385658664,-0.980309794432498,0.326933221456558,0.998861670134564
"ENSGALG00010009015","TMEM231",29.4647555038039,-0.492099178419962,0.501994531602069,-0.980287926343487,0.326944012798827,0.998861670134564
"ENSGALG00010025549","DHCR24",19.2352495833752,-0.564596228716403,0.576019955247986,-0.980167828514439,0.3270032821278,0.998861670134564
"ENSGALG00010013310","MYO16",72.2171528666509,0.335423926592161,0.342256584838189,0.980036444735583,0.327068129163399,0.998861670134564
"ENSGALG00010022415","DIP2B",24.6923323417734,-0.472434119695667,0.482061957095121,-0.980027800871344,0.327072395804538,0.998861670134564
"ENSGALG00010016994","ATL2",32.1567272538087,0.441534702309909,0.450620522514598,0.979837091852835,0.327166539628083,0.998861670134564
"ENSGALG00010006066","ARHGAP18",40.7106301798521,0.430878618011547,0.44003837558277,0.979184184654139,0.327488981573322,0.998861670134564
"ENSGALG00010020141","THOC7",17.6584379221265,-0.561097681536726,0.573868850348668,-0.977745492190102,0.328200215860005,0.998861670134564
"ENSGALG00010006653","CFL2",15.675807759803,-0.619685689846255,0.633826697747399,-0.977689472609152,0.328227930040102,0.998861670134564
"ENSGALG00010021726","ARNTL",26.2692122915276,-0.500216194191089,0.511748637949318,-0.977464632237339,0.328339179035666,0.998861670134564
"ENSGALG00010008656","CCDC6",51.7149823809738,0.369612546356241,0.378193512081314,0.977310647985872,0.328415383167272,0.998861670134564
"ENSGALG00010006202","SACS",81.6642994493073,-0.333612392215947,0.341387973901195,-0.977223621569344,0.328458456101849,0.998861670134564
"ENSGALG00010029700","GGA3",14.3300023197966,-0.686652388822107,0.702854666378058,-0.976947897864227,0.328594947234764,0.998861670134564
"ENSGALG00010018312","PRPF39",50.8792850581879,-0.393248532072584,0.40259207083684,-0.976791547968557,0.328672361249733,0.998861670134564
"ENSGALG00010026481","DIXDC1",22.5438281538126,-0.526270577172346,0.538858841532594,-0.976639031616434,0.32874788854261,0.998861670134564
"ENSGALG00010028588","ABHD8",10.0719514811122,-0.751665657448301,0.769993401906347,-0.976197530507833,0.328966586775636,0.998861670134564
"ENSGALG00010018288","CRNKL1",27.5556639554634,-0.478407078295887,0.490122491053046,-0.976096969694272,0.329016412907117,0.998861670134564
"ENSGALG00010000808","ADCY2",87.6100512866039,0.317000561258455,0.324838959033527,0.975869896276008,0.329128941822043,0.998861670134564
"ENSGALG00010029390","RPA1",11.8022633834598,0.718364695508137,0.736214956932573,0.975754008722114,0.329186380879878,0.998861670134564
"ENSGALG00010016657","SLC25A29",11.383883806021,-0.709939555608265,0.728776028562113,-0.974153275882287,0.329980440199266,0.998861670134564
"ENSGALG00010000599","RETREG1",67.8186291019554,0.336427203611602,0.345470512581903,0.973823210256891,0.330144326614498,0.998861670134564
"ENSGALG00010029495","RPL38",76.0401079493526,-0.414115607188057,0.425267404094449,-0.973776977028984,0.330167286856109,0.998861670134564
"ENSGALG00010027114","FLNB",60.5983513207282,0.492465758007226,0.505930298710297,0.973386569775729,0.330361211247049,0.998861670134564
"ENSGALG00010023123","RNF214",16.1273108793695,0.612790228396729,0.629922726953725,0.972802221885456,0.330651608203685,0.998861670134564
"ENSGALG00010006353","ABCE1",43.9087314486249,-0.403950257084286,0.415642073135086,-0.971870470275996,0.331114992130536,0.998861670134564
"ENSGALG00010011466","MTMR1",42.3668934960001,0.401692141901581,0.413631798663108,0.97113457717681,0.331481267318949,0.998861670134564
"ENSGALG00010009395","ENSGALG00010009395",12.794115391894,-0.685305710494313,0.705706718993266,-0.971091378401418,0.331502776730523,0.998861670134564
"ENSGALG00010010604","HIVEP1",82.9827075127578,0.314898849420985,0.324339101506598,0.970893882230783,0.331601124955649,0.998861670134564
"ENSGALG00010019587","CCNT2",41.7566574842059,-0.413810684302915,0.426286724341017,-0.970733219390333,0.33168114500199,0.998861670134564
"ENSGALG00010020987","NADSYN1",11.5948473972606,-0.661066259968808,0.681079701940983,-0.970615124903679,0.33173997133009,0.998861670134564
"ENSGALG00010024742","PAK2",27.0337528789178,-0.472728181926241,0.487291926868171,-0.970112895086256,0.331990222053604,0.998861670134564
"ENSGALG00010009300","ENSGALG00010009300",19.6322760540467,0.532971009398002,0.549544402383891,0.969841576196583,0.332125465379772,0.998861670134564
"ENSGALG00010007777","KIF13A",132.816272128233,0.269543881957673,0.277962122518857,0.969714432725945,0.33218885436408,0.998861670134564
"ENSGALG00010008394","CD2AP",37.234106632172,-0.408554064318036,0.421523175758122,-0.969232744043645,0.332429077240825,0.998861670134564
"ENSGALG00010003819","PHIP",168.100078109877,0.25754819019725,0.265761114280496,0.969096592232913,0.332496997821333,0.998861670134564
"ENSGALG00010010263","RAB4A",20.4260094887872,-0.57545358965117,0.593807552352998,-0.969091058830258,0.332499758399561,0.998861670134564
"ENSGALG00010029289","PITPNM3",50.6659695024293,-0.373376631137557,0.38573466067731,-0.967962356511977,0.333063170038278,0.998861670134564
"ENSGALG00010024566","MTSS2",39.9687898356886,0.448530076622354,0.463625627758562,0.967440214189219,0.333324014932975,0.998861670134564
"ENSGALG00010015792","MARK3",143.092042586994,0.285536319863612,0.2953179146607,0.966877746619854,0.333605152434176,0.998861670134564
"ENSGALG00010019716","VEGFA",21.5223965367824,0.510863952714238,0.528575520151506,0.966491888553237,0.333798103859979,0.998861670134564
"ENSGALG00010018060","CASKIN1",16.7007419471972,-0.551268986396919,0.570611291203347,-0.966102484993527,0.33399290120362,0.998861670134564
"ENSGALG00010002942","GABRB3",40.9191761823664,0.45405035338624,0.470137056554538,0.965782950005703,0.334152801865026,0.998861670134564
"ENSGALG00010024112","NAP1L4",40.7866763280161,-0.403990517572221,0.418316933924787,-0.965752243835432,0.334168170346308,0.998861670134564
"ENSGALG00010028008","NTMT1",13.5908624289556,0.686340758346799,0.710911339520533,0.9654379107382,0.334325520714472,0.998861670134564
"ENSGALG00010021050","CTR9",33.436598950969,0.4349374965904,0.45055850165013,0.965329685262802,0.334379707793982,0.998861670134564
"ENSGALG00010004734","ENSGALG00010004734",72.83848270745,0.449241330356231,0.46554587769158,0.964977571241324,0.334556045851092,0.998861670134564
"ENSGALG00010002835","CYFIP1",52.7276392130702,-0.371957790214344,0.385477375810275,-0.964927680729607,0.334581035775024,0.998861670134564
"ENSGALG00010002987","PCDH8",12.8630207401234,-0.648701332616558,0.672571242266074,-0.964509470299249,0.334790562733181,0.998861670134564
"ENSGALG00010011361","NUP37",11.9366500018707,0.680142685188601,0.705173947301175,0.964503421874314,0.334793593665299,0.998861670134564
"ENSGALG00010009357","LYST",37.8331609089594,-0.407569652946673,0.422570912152523,-0.964500019347203,0.334795298716749,0.998861670134564
"ENSGALG00010005502","SCFD1",47.5925197430056,0.363143686137831,0.376586977095855,0.964302294620767,0.334894390809177,0.998861670134564
"ENSGALG00010017797","PPP1R21",16.853309000989,-0.555652354992175,0.57630571007232,-0.964162501396085,0.334964461244348,0.998861670134564
"ENSGALG00010025057","SCP2",11.1843692149245,-0.732313420187606,0.759756249728791,-0.96387942902611,0.335106378336028,0.998861670134564
"ENSGALG00010014111","GORAB",22.6546474845284,-0.529493206498534,0.549571203154652,-0.963466068562424,0.335313684358128,0.998861670134564
"ENSGALG00010026825","ADAM23",184.429832060662,0.266150563031113,0.276350077444013,0.963092051548397,0.335501330255396,0.998861670134564
"ENSGALG00010005335","AHSA1",17.0026933216178,-0.621472356852601,0.645299792940042,-0.963075401002562,0.335509685475572,0.998861670134564
"ENSGALG00010019346","POU3F4",49.0996317912596,0.39355648818201,0.40921684302439,0.961730913305916,0.336184789674768,0.998861670134564
"ENSGALG00010005362","ATP1B1",181.100114364307,0.309809328939584,0.322273245478738,0.961325003815821,0.33638877964829,0.998861670134564
"ENSGALG00010008344","MFAP3L",14.8439983655625,0.623334733047878,0.648482701489468,0.961220294105258,0.336441414472328,0.998861670134564
"ENSGALG00010024340","NETO2",157.691319759683,0.294082654227795,0.306032057651856,0.96095375263707,0.336575421782011,0.998861670134564
"ENSGALG00010007795","ZNF236",47.6790766058079,0.368012056185495,0.383144839532523,0.960503752665724,0.336801743223836,0.998861670134564
"ENSGALG00010029245","SKA2",13.5330248280625,-0.615348174209506,0.640845797825207,-0.960212544574325,0.336948254568378,0.998861670134564
"ENSGALG00010002603","INSYN2A",56.4092064651781,0.359406805272122,0.374638356905366,0.959343320424898,0.337385818505242,0.998861670134564
"ENSGALG00010007643","COTL1",19.510709975873,-0.585365830081195,0.610288295953537,-0.959162798897524,0.337476738093186,0.998861670134564
"ENSGALG00010009033","ENSGALG00010009033",14.3699349240882,0.803583938484156,0.83779746537506,0.959162532348331,0.33747687235221,0.998861670134564
"ENSGALG00010012955","RPL39L",49.4531298483649,-0.414209474913408,0.431859426355276,-0.95913033185167,0.337493091776999,0.998861670134564
"ENSGALG00010002661","ACBD7",50.9895847790681,-0.423770060817657,0.441830346122049,-0.959123936454553,0.337496313205029,0.998861670134564
"ENSGALG00010024519","MIEN1",10.3602993802745,0.738442245531858,0.770270462540562,0.958679167180154,0.337720396585505,0.998861670134564
"ENSGALG00010001397","KLHL7",24.4687028006344,-0.482921396119389,0.504085063914495,-0.95801568165746,0.338054851065587,0.998861670134564
"ENSGALG00010000818","KLF12",222.336299928058,0.273849456243207,0.285991258544221,0.957544848178861,0.338292321139638,0.998861670134564
"ENSGALG00010015861","PPP2CA",20.7672340187789,-0.517875647178406,0.540947772832692,-0.957348700164771,0.338391282159387,0.998861670134564
"ENSGALG00010010270","SSR1",34.9594113294337,-0.413885688803436,0.432376138035546,-0.957235269004161,0.338448519174927,0.998861670134564
"ENSGALG00010025048","ESYT2",45.6328263549819,0.384861862170814,0.402160420312098,0.956985925845563,0.338574358814422,0.998861670134564
"ENSGALG00010000606","UBE2QL1",40.3127576636321,0.403861226749381,0.422183970088853,0.956600097024963,0.338769139846386,0.998861670134564
"ENSGALG00010018004","CDC42BPA",143.787781469251,0.263753076759521,0.275763373651869,0.95644709181898,0.338846402592529,0.998861670134564
"ENSGALG00010005720","COL25A1",28.4878377244734,-0.517906510325863,0.541786481181851,-0.955923649471844,0.339110809784701,0.998861670134564
"ENSGALG00010021058","CCP110",17.718335933168,-0.592601792719372,0.620497033884268,-0.955043715535151,0.339555590303136,0.998861670134564
"ENSGALG00010008145","ENSGALG00010008145",10.6468788926301,0.738798338785581,0.773751197758511,0.954826746537925,0.339665319169615,0.998861670134564
"ENSGALG00010007328","NOVA1",148.412136177236,0.306348991626002,0.321000436178079,0.954356932574546,0.339902998556178,0.998861670134564
"ENSGALG00010023910","RNF7",10.204170686873,-0.724661825236782,0.759502452695248,-0.954127037595696,0.340019341513179,0.998861670134564
"ENSGALG00010014045","GOLT1B",12.0844476720214,-0.666078298560534,0.698361708642633,-0.953772651503408,0.340198735686233,0.998861670134564
"ENSGALG00010021652","BORCS5",19.5693729970585,0.529573264209852,0.555764357044899,0.952873744954947,0.340654044164148,0.998861670134564
"ENSGALG00010008361","MATR3",165.560437491177,0.269644222038616,0.282996622483944,0.952817809880097,0.340682388940287,0.998861670134564
"ENSGALG00010004935","SVIL",92.2961272628653,0.345345578986813,0.362622169334986,0.952356497177609,0.340916214094179,0.998861670134564
"ENSGALG00010016544","ADCY9",32.2381024816849,0.432466297052992,0.454241323686767,0.952062867250734,0.3410650995459,0.998861670134564
"ENSGALG00010006833","LTV1",14.9389736496554,-0.633489190614875,0.665394011808232,-0.952051234866609,0.341070998619233,0.998861670134564
"ENSGALG00010009941","CACNA1E",105.699261971732,0.361575429780574,0.379845707723409,0.951900791370428,0.34114729817038,0.998861670134564
"ENSGALG00010009705","DTNBP1",81.3084013334345,-0.314152928592649,0.330249262508658,-0.95126004584011,0.341472383723715,0.998861670134564
"ENSGALG00010028162","CARD9",12.4501785450391,0.664656253430832,0.6987176065752,0.951251617500635,0.341476661206034,0.998861670134564
"ENSGALG00010008388","ADCY1",186.052192661403,0.257762658866257,0.271111290098569,0.950763277960654,0.341724557876042,0.998861670134564
"ENSGALG00010010119","SRPK2",260.833589694117,0.246606828080099,0.259389602913794,0.950719787184596,0.341746640759128,0.998861670134564
"ENSGALG00010006343","SEC23A",12.8044398993863,-0.658730624612002,0.693252768011342,-0.950202660570157,0.342009287023368,0.998861670134564
"ENSGALG00010023740","PPP1R16B",10.9305589201716,-0.659194644604678,0.693918357463523,-0.949959944876266,0.342132605738083,0.998861670134564
"ENSGALG00010025273","ENSGALG00010025273",17.7103305091718,-0.61934358799386,0.652037132304341,-0.949859382708866,0.342183707581946,0.998861670134564
"ENSGALG00010002644","KCNF1",125.775019773601,0.84188785580204,0.886332366398523,0.949855706187199,0.342185575942012,0.998861670134564
"ENSGALG00010020771","LINGO1",69.2387757915923,0.350452262446497,0.368997482302623,0.949741608694998,0.342243562033516,0.998861670134564
"ENSGALG00010017391","CRAMP1",33.4695350454233,0.421321557539702,0.443631958013278,0.949709663448303,0.342259798222715,0.998861670134564
"ENSGALG00010015017","FAM184A",106.552680005126,0.284109545089439,0.29920033973356,0.949562909395224,0.342334392380203,0.998861670134564
"ENSGALG00010011283","LONRF3",16.1919673588801,-0.590573120283341,0.622215033421793,-0.949146337779012,0.342546189734271,0.998861670134564
"ENSGALG00010027427","UBAC1",18.0564965897012,-0.555682307517874,0.585487452264495,-0.94909345259007,0.34257308412326,0.998861670134564
"ENSGALG00010021817","EVI5",129.12741644049,0.268454108249114,0.282884551110606,0.948988225744961,0.342626600506698,0.998861670134564
"ENSGALG00010020944","MYO5A",96.3981460558914,-0.315948673828797,0.333203443979742,-0.948215510785675,0.343019752436558,0.998861670134564
"ENSGALG00010012744","ARL4C",53.5077751981237,0.372287336119655,0.393055131348777,0.947163149459832,0.343555649935462,0.998861670134564
"ENSGALG00010025717","ENSGALG00010025717",17.7585694833609,-0.58528286002465,0.617952197405189,-0.947132905234873,0.343571059204444,0.998861670134564
"ENSGALG00010022196","PLXNA1",42.4086896248513,0.42183717121427,0.445812832058196,0.946220343785896,0.34403621191087,0.998861670134564
"ENSGALG00010022928","RNF111",46.1750378115979,0.378072676392749,0.399860713643571,0.945510932913895,0.344398091890942,0.998861670134564
"ENSGALG00010002624","ENSGALG00010002624",26.294776372436,0.518904962623447,0.548901630873575,0.945351468163087,0.344479470420168,0.998861670134564
"ENSGALG00010027698","FAM120A",68.0860536501882,0.316920538398318,0.335488061435665,0.944655189940619,0.344834940941687,0.998861670134564
"ENSGALG00010004216","SNX14",23.5909559206085,-0.494721938866629,0.523785369910246,-0.944512709378275,0.344907710289068,0.998861670134564
"ENSGALG00010029257","YPEL2",40.6184616273996,-0.381022235764122,0.403557655752038,-0.944158115533899,0.345088855140493,0.998861670134564
"ENSGALG00010015016","ARGLU1",228.298565826003,-0.311147006265364,0.329613539165078,-0.943975199118061,0.3451823220089,0.998861670134564
"ENSGALG00010003531","PPM1K",69.641393228859,0.336733831209854,0.356839571535427,0.943656079848263,0.34534542463092,0.998861670134564
"ENSGALG00010005544","AQP4",32.8282105270476,-0.467167687257742,0.495215653896459,-0.943362116245659,0.345495713599329,0.998861670134564
"ENSGALG00010009239","STX18",24.6721468879072,-0.478649328160339,0.507739407957735,-0.942706673262954,0.345830959075121,0.998861670134564
"ENSGALG00010019337","XPO1",71.8210989683863,0.324978400571534,0.344745163503396,0.94266268239709,0.345853466909986,0.998861670134564
"ENSGALG00010005372","CDIN1",56.7929662692409,0.346646840289332,0.367754907635937,0.942602894187611,0.345884058919142,0.998861670134564
"ENSGALG00010016520","CHMP1B",14.0061138970663,-0.597187281308093,0.633579478168779,-0.942560960203651,0.345905516432858,0.998861670134564
"ENSGALG00010025426","SMARCD3",35.4514482495889,0.457066463053269,0.485361270607192,0.941703614879436,0.346344403795551,0.998861670134564
"ENSGALG00010005836","NEBL",160.372028041564,0.270920645417424,0.287730272795791,0.941578523472582,0.346408469514854,0.998861670134564
"ENSGALG00010020290","NELL1",674.615285912655,0.221831590716665,0.235607037141206,0.941532109602124,0.346432242355676,0.998861670134564
"ENSGALG00010027752","SCAI",44.3874167109217,-0.408954798905853,0.434386087866269,-0.941454642147181,0.346471922926613,0.998861670134564
"ENSGALG00010022117","FAM20C",11.4827932404248,-0.638927586385326,0.678700886355026,-0.941397895937188,0.346500991446773,0.998861670134564
"ENSGALG00010027207","NOL8",21.3395556738184,-0.542290695373026,0.576165250840109,-0.941206875253774,0.346598854126517,0.998861670134564
"ENSGALG00010001803","PPP4R1",57.9881522255709,0.367966021094497,0.390958498814551,0.941189466938893,0.346607773534792,0.998861670134564
"ENSGALG00010017332","FGFR1",15.0326211585276,0.588155293740994,0.624912327204241,0.941180495466153,0.346612370258951,0.998861670134564
"ENSGALG00010017529","MFN2",18.6628558702297,-0.53272809584705,0.56613749444005,-0.940987129591118,0.346711454796058,0.998861670134564
"ENSGALG00010007590","FBXW7",38.4694325422127,0.403110334173125,0.428477510734487,0.940796947504018,0.346808925484309,0.998861670134564
"ENSGALG00010023863","EYA2",17.816546731311,0.552661314158805,0.58772381186068,0.940341879988034,0.347042224049755,0.998861670134564
"ENSGALG00010004125","MANEA",25.9488338003114,-0.504021878954272,0.536021760417637,-0.940301152254653,0.347063108724845,0.998861670134564
"ENSGALG00010029350","MRPL12",12.0150489804543,-0.650682291020555,0.692020104910839,-0.940265010225953,0.347081642577423,0.998861670134564
"ENSGALG00010005610","MTHFD1L",75.9468279566768,0.358544827521978,0.381393689963639,0.940091136683881,0.347170814793097,0.998861670134564
"ENSGALG00010017112","LZIC",10.1559568483783,-0.688708103113735,0.732610229990713,-0.940074373684988,0.34717941258027,0.998861670134564
"ENSGALG00010024536","URI1",79.7021952416391,0.323499975865359,0.344454088036075,0.939167183962928,0.347644914696547,0.998861670134564
"ENSGALG00010008734","ENSGALG00010008734",35.8439413290582,-0.491154812115421,0.523518333143203,-0.938180730303231,0.348151539447585,0.998861670134564
"ENSGALG00010023799","NMT1",12.5030417848827,-0.610577941183969,0.650910691379837,-0.938036429989545,0.348225688807245,0.998861670134564
"ENSGALG00010022328","ENSGALG00010022328",28.3148429270884,0.470582886357651,0.502140573118814,0.937153680760833,0.348679511946292,0.998861670134564
"ENSGALG00010013423","ZNF804A",37.6752047306085,-0.448722470680755,0.478852812909587,-0.937078071974235,0.348718400037523,0.998861670134564
"ENSGALG00010029167","ENSGALG00010029167",71.7581428977597,0.331888638052131,0.354217174937665,0.936963709087613,0.348777225875591,0.998861670134564
"ENSGALG00010003002","PHKA2",23.9360704307982,-0.53551256484453,0.571691003393276,-0.936716795727048,0.348904254357197,0.998861670134564
"ENSGALG00010025971","TRAFD1",39.8784388975442,-0.384891935669822,0.410900338858187,-0.936703865320145,0.348910907419116,0.998861670134564
"ENSGALG00010021107","CHRM5",15.4367237245612,-0.58943228401652,0.629801083076551,-0.935902302894064,0.34932349139666,0.998861670134564
"ENSGALG00010016182","ELMO2",26.7728314951647,-0.483245460667553,0.516670443632026,-0.935306957507563,0.349630130762242,0.998861670134564
"ENSGALG00010020127","FRMD4B",312.323172005682,-0.309359996581863,0.330837048185439,-0.93508268883013,0.349745687165928,0.998861670134564
"ENSGALG00010011539","LANCL1",18.2413228328246,0.568756383198013,0.608594437298909,0.934540883617493,0.350024957054988,0.998861670134564
"ENSGALG00010011250","ENSGALG00010011250",21.9678547132965,-0.515581423779782,0.551756525702541,-0.934436476529756,0.350078789247608,0.998861670134564
"ENSGALG00010023060","ALDH1A2",37.8906461997229,0.404331512377443,0.432872188499958,0.934066736369879,0.350269469147033,0.998861670134564
"ENSGALG00010016560","DCUN1D4",58.01086894916,-0.329183424860845,0.352456956487506,-0.933967733652928,0.350320537339325,0.998861670134564
"ENSGALG00010028680","ENSGALG00010028680",19.4037650695274,0.598620206673422,0.641019719766894,0.933856148592604,0.350378101494231,0.998861670134564
"ENSGALG00010023388","FARP2",23.7989018057694,0.484614656326717,0.518955033979056,0.933827835932073,0.35039270829589,0.998861670134564
"ENSGALG00010027988","HDAC11",70.7976070056094,-0.321904925247974,0.344760675360613,-0.933705460784551,0.350455847373655,0.998861670134564
"ENSGALG00010024515","C3orf70",15.1515615004916,0.613817507337314,0.657615622608345,0.933398608905744,0.350614198375172,0.998861670134564
"ENSGALG00010025988","NSF",58.4013846556,-0.382857801057228,0.410638173582068,-0.932348295136549,0.351156556445117,0.998861670134564
"ENSGALG00010006193","RBM17",22.1254767536499,-0.509500041258168,0.546636058476331,-0.932064457435036,0.351303214964081,0.998861670134564
"ENSGALG00010016466","TMEM164",12.7248465184999,0.649378377602942,0.696720920328752,0.93204948876306,0.35131095033185,0.998861670134564
"ENSGALG00010012129","CRYZL1",51.2128802839421,-0.398612723276299,0.427760651051256,-0.931859258902557,0.351409264908424,0.998861670134564
"ENSGALG00010023131","SOX6",390.684089684435,0.236161779384778,0.253467482688518,0.931724167849147,0.351479093236199,0.998861670134564
"ENSGALG00010025938","ERP29",24.873875431349,0.531465900491708,0.570490955630388,0.931593910905112,0.351546431144856,0.998861670134564
"ENSGALG00010007028","KATNAL1",15.9770162826154,0.55591911626822,0.596920348947923,0.931312054025351,0.351692168452908,0.998861670134564
"ENSGALG00010016483","WDR26",41.7279974917193,0.385493703639716,0.414223605093151,0.930641563879551,0.352039006775166,0.998861670134564
"ENSGALG00010007699","SLC39A6",15.5475846052668,-0.559218305979526,0.601001237591954,-0.930477794388842,0.352123756108812,0.998861670134564
"ENSGALG00010008905","GABARAPL2",30.5294187571367,-0.425689386109967,0.45765767273223,-0.930148037437216,0.352294441741439,0.998861670134564
"ENSGALG00010013506","RNF149",12.6369800552953,-0.668509876209445,0.718757814764617,-0.930090584724108,0.352324185220289,0.998861670134564
"ENSGALG00010014210","ENSGALG00010014210",13.3058764225638,-0.842163723359156,0.905911480649053,-0.929631361726177,0.352561983763411,0.998861670134564
"ENSGALG00010000722","ANKH",145.522733732682,0.323013625956127,0.347556528301876,0.929384430021605,0.352689893902813,0.998861670134564
"ENSGALG00010027450","CAMSAP1",30.0572818666791,-0.433328026009333,0.46647883605509,-0.928933946229787,0.352923319257522,0.998861670134564
"ENSGALG00010004302","CRPPA",25.2851092369778,0.462051090030203,0.497432261843692,0.928872382176517,0.352955227241263,0.998861670134564
"ENSGALG00010029232","CA10",17.8782762612635,0.586503907678902,0.632019500442835,0.927983879085943,0.3534159319865,0.998861670134564
"ENSGALG00010022945","KCNA4",30.0601292003458,0.447808729229583,0.482656763001128,0.927799553548443,0.35351155567227,0.998861670134564
"ENSGALG00010018296","PIK3CA",19.7201937201158,-0.50372404111658,0.543342013146923,-0.927084651891938,0.35388258429406,0.998861670134564
"ENSGALG00010015101","CAP1",11.2702309437902,-0.669926114516632,0.722702337459259,-0.926973775775836,0.353940150205229,0.998861670134564
"ENSGALG00010018294","FKBP3",15.5384576375882,-0.54880242968556,0.592257085607361,-0.926628727662688,0.354119334029885,0.998861670134564
"ENSGALG00010009355","GARRE1",12.6175303512466,-0.646580260166896,0.697802653786283,-0.926594727977238,0.354136993201265,0.998861670134564
"ENSGALG00010019557","TRIM9",24.8109333619319,-0.489315326778526,0.528149634100261,-0.926471013488646,0.354201254236675,0.998861670134564
"ENSGALG00010017974","MXRA8",13.984910745353,0.595328256528345,0.642738663231613,0.926236883798318,0.354322888417452,0.998861670134564
"ENSGALG00010022174","KCNMA1",475.083116509023,0.239130426150779,0.258267768891241,0.925901157459098,0.354497349743998,0.998861670134564
"ENSGALG00010025652","KMT5B",50.5784461934806,0.361267259048546,0.3902308985698,0.925778200477191,0.354561258325316,0.998861670134564
"ENSGALG00010025130","ATP2A2",167.57429035962,-0.247796980036797,0.267688223696144,-0.92569249635006,0.354605808526151,0.998861670134564
"ENSGALG00010012618","B3GALT2",22.3983576940338,-0.507472031357578,0.5482267628109,-0.925660813703509,0.354622278502631,0.998861670134564
"ENSGALG00010005412","MTFR2",40.1107070402246,0.436941833898348,0.472278882012215,0.925177581594781,0.35487354280808,0.998861670134564
"ENSGALG00010018823","RAB40C",15.9316740675971,0.582046302006378,0.629130371665257,0.92516007527303,0.354882647610615,0.998861670134564
"ENSGALG00010011963","ZCCHC2",43.0963481382605,-0.388945206678904,0.420436163233695,-0.925099315166933,0.354914249268841,0.998861670134564
"ENSGALG00010028669","ZBTB34",12.6765501804362,0.656534070754885,0.710983105143037,0.923417259855706,0.355789800497267,0.998861670134564
"ENSGALG00010011204","ENSGALG00010011204",15.8616137611355,-0.62487929233954,0.677037760362328,-0.922960769581191,0.356027649745686,0.998861670134564
"ENSGALG00010023620","IRS1",76.9557945482726,0.331768123674405,0.359572234232461,0.922674478419039,0.356176869757424,0.998861670134564
"ENSGALG00010013791","AEBP2",55.2966392764265,0.3425639662888,0.371373641654351,0.922424016854797,0.356307447080123,0.998861670134564
"ENSGALG00010001442","LDLRAD4",53.1038991612609,0.379374975526254,0.411463133149626,0.92201450132908,0.356521011662779,0.998861670134564
"ENSGALG00010008473","CSMD3",1537.22186552951,0.23818913258521,0.258456138089981,0.921584352166885,0.356745423650173,0.998861670134564
"ENSGALG00010005172","OSBPL1A",68.4110747607585,-0.324248128554826,0.351879159686033,-0.921475795395608,0.35680207257922,0.998861670134564
"ENSGALG00010013053","MRTFA",36.2651704733356,0.389588519364909,0.422831488604403,0.921380100263546,0.356852014529986,0.998861670134564
"ENSGALG00010008301","FAM91A1",30.8254498937034,-0.412922716159132,0.448671680646295,-0.920322663477071,0.357404169162977,0.998861670134564
"ENSGALG00010002385","PALS2",35.2386072015473,0.421673750822957,0.458202708461913,0.920277735237367,0.357427640945654,0.998861670134564
"ENSGALG00010028168","PTGES2",15.3903454782463,-0.565107363265258,0.614629824515964,-0.919427175064752,0.357872180720034,0.998861670134564
"ENSGALG00010002161","CDKL5",97.6279512976004,0.311705518842822,0.339173802455519,0.91901413548501,0.358088178636751,0.998861670134564
"ENSGALG00010005355","FDX1",11.163662238277,-0.684954153606233,0.745399127904747,-0.918909250043772,0.358143041247277,0.998861670134564
"ENSGALG00010000812","ENSGALG00010000812",13.316741083871,-0.618553902691117,0.67320421354523,-0.918820604870678,0.358189413155602,0.998861670134564
"ENSGALG00010020865","BICDL1",33.7397948250504,0.404724322160208,0.440592007009689,0.918592066404209,0.358308983221018,0.998861670134564
"ENSGALG00010022806","SPPL3",42.7864732180438,0.362175252420501,0.394565166888518,0.917909848141337,0.358666065373473,0.998861670134564
"ENSGALG00010003703","TDRP",15.7079274437829,-0.572890111575636,0.624328581657166,-0.91760993875213,0.358823112735499,0.998861670134564
"ENSGALG00010013661","GABRA4",84.2842176692376,0.304256459017932,0.331710086861978,0.917236077733538,0.359018945348434,0.998861670134564
"ENSGALG00010013359","BTG1",14.1870830017268,-0.606112866377806,0.661133041083979,-0.916778966883938,0.359258476426034,0.998861670134564
"ENSGALG00010007962","ADCY8",443.47692552343,0.255291390554597,0.278567101391279,0.9164448683264,0.359433611228073,0.998861670134564
"ENSGALG00010001832","BUB3",10.3004996319087,-0.705269860008476,0.769661079546378,-0.916338215288406,0.359489530151655,0.998861670134564
"ENSGALG00010008488","CCSER1",707.744302721858,0.200439584737337,0.218744458303272,0.916318458040402,0.359499889613071,0.998861670134564
"ENSGALG00010004798","PTPRK",82.7911268096834,0.345243896531188,0.376945957344229,0.915897597001975,0.359720607287007,0.998861670134564
"ENSGALG00010017775","PRPSAP2",22.3430377976683,-0.481020288764111,0.525206474124646,-0.915868924818227,0.359735647312581,0.998861670134564
"ENSGALG00010029614","MDH2",35.5670658531528,-0.437030307518159,0.477210441050319,-0.915802065345166,0.359770720057122,0.998861670134564
"ENSGALG00010003009","TNKS",113.774782698679,-0.318962656464907,0.34843946977822,-0.915403345860689,0.359979922542444,0.998861670134564
"ENSGALG00010015896","LONRF2",29.0627396717928,0.430975394228811,0.470834632484087,0.915343444374553,0.360011358605416,0.998861670134564
"ENSGALG00010004654","NKX2-1",17.5997104926746,0.540959489386779,0.591153885303742,0.915090812790357,0.360143957625698,0.998861670134564
"ENSGALG00010010588","SLC25A3",42.7385544153829,-0.393466132771194,0.430023511029588,-0.914987489472688,0.360198197883769,0.998861670134564
"ENSGALG00010017996","ZC3H14",18.356433621529,-0.520092134064095,0.568419895730115,-0.914978764766943,0.360202778210471,0.998861670134564
"ENSGALG00010002598","NMT2",26.7958951184986,-0.451036320234782,0.49305399047526,-0.914780792667398,0.360306720127364,0.998861670134564
"ENSGALG00010009515","MBD5",50.9040739093924,0.365872494759799,0.400152010365316,0.914333766374879,0.360541493000635,0.998861670134564
"ENSGALG00010014134","RPAP3",36.738925377491,-0.396846374885162,0.434623017702624,-0.913081817393965,0.36119951243925,0.998861670134564
"ENSGALG00010010546","MICALL1",11.526440634772,-0.621244839415245,0.680496815862907,-0.912928356068018,0.361280222891769,0.998861670134564
"ENSGALG00010009141","MAML3",276.720992528297,0.235934176904425,0.258520735878859,0.912631538442557,0.361436361312343,0.998861670134564
"ENSGALG00010022052","IFFO1",18.2434515547864,-0.512227668016112,0.561741245484411,-0.911856966412353,0.361844017651244,0.998861670134564
"ENSGALG00010024628","TANGO2",10.5067453795547,-0.724055471401127,0.794600516704123,-0.9112194822178,0.362179740901684,0.998861670134564
"ENSGALG00010019443","NCKAP5",57.0932979561657,0.334859272617313,0.36764946244606,0.910811266768661,0.362394825027947,0.998861670134564
"ENSGALG00010005504","LATS1",18.6369849857748,0.519456909406304,0.570497254641864,0.910533583079903,0.36254117914872,0.998861670134564
"ENSGALG00010002347","ZNF451",34.507089550192,0.411940464219673,0.452506711207544,0.910352164988632,0.362636816150947,0.998861670134564
"ENSGALG00010019733","ENSGALG00010019733",43.7678419952809,0.36546655178991,0.401705748686529,0.909786710757532,0.362935004345104,0.998861670134564
"ENSGALG00010027929","CDK5RAP2",40.5602894429052,-0.392743941972142,0.431696983064983,-0.909767631878546,0.362945068129814,0.998861670134564
"ENSGALG00010021057","ZDHHC8",71.3396884393485,0.32770212385195,0.360290213484808,0.909550444577278,0.363059643055848,0.998861670134564
"ENSGALG00010010973","PGAP1",27.2297097833922,-0.454946363627106,0.500226037269518,-0.909481573790978,0.363095979857543,0.998861670134564
"ENSGALG00010011701","ENSGALG00010011701",77.0257564135752,0.34041138054432,0.374383015065233,0.909259680183425,0.363213068256966,0.998861670134564
"ENSGALG00010022825","SS18L1",28.320936415578,0.446969844909052,0.492207760750148,0.908091827377628,0.363829707993341,0.998861670134564
"ENSGALG00010023676","ENSGALG00010023676",12.3748876437908,0.620470462596058,0.683482654031031,0.907807182723158,0.363980102828588,0.998861670134564
"ENSGALG00010017810","HIF1A",28.6403661025805,-0.436700079541756,0.481192167709566,-0.907537796428423,0.364122471555723,0.998861670134564
"ENSGALG00010009385","GPI",33.0149526778276,-0.412610167123897,0.454988966274593,-0.906857523386359,0.364482145926642,0.998861670134564
"ENSGALG00010023684","SLC32A1",75.6089615636217,0.313622214680584,0.345955337383343,0.906539604368262,0.364650312365088,0.998861670134564
"ENSGALG00010013753","PLEKHA5",131.90359625821,0.27279403098746,0.30113098893839,0.905898233686177,0.364989719324167,0.998861670134564
"ENSGALG00010017049","TRAF3",82.9923539786496,-0.33342767299265,0.368221090226743,-0.90550943941677,0.365195561401468,0.998861670134564
"ENSGALG00010017694","ATP6V1B2",26.7202145971222,-0.466119565910209,0.514827827650517,-0.905389221164297,0.365259224065183,0.998861670134564
"ENSGALG00010027077","ARF4",17.546002867535,-0.530773005343729,0.586363425294105,-0.905194598516281,0.365362302940139,0.998861670134564
"ENSGALG00010015514","ENSGALG00010015514",27.692705983968,0.512631274596565,0.566430727266794,0.905020243287597,0.365454662912728,0.998861670134564
"ENSGALG00010017921","SPATA7",15.9365207256572,0.573721492974937,0.633992079038722,0.904934796417064,0.36549993140597,0.998861670134564
"ENSGALG00010019042","PEX6",16.3685847848106,0.572832663639906,0.633023210530641,0.904915734700661,0.365510030500063,0.998861670134564
"ENSGALG00010026407","ENSGALG00010026407",16.2086081751007,0.555322826861861,0.613698821852572,0.904878430734979,0.365529795030156,0.998861670134564
"ENSGALG00010005029","FAT4",15.3676176036775,0.668203600325196,0.738586056945392,0.904706491601967,0.365620901104935,0.998861670134564
"ENSGALG00010019996","ITGB5",12.0933556566176,-0.730244407735636,0.807398575709878,-0.904441040280005,0.365761584688002,0.998861670134564
"ENSGALG00010014703","PCID2",13.833309937321,-0.633987468520186,0.701151642863437,-0.904208775623832,0.365884707749875,0.998861670134564
"ENSGALG00010019323","LRIG1",41.2554806718449,0.395786238287164,0.437821612985065,0.903989722180903,0.366000851268134,0.998861670134564
"ENSGALG00010003884","TYMS",13.4206785686961,-0.653867409036878,0.723858755596975,-0.903308005852089,0.366362448741183,0.998861670134564
"ENSGALG00010018045","PSEN2",15.8104354930931,0.551790421234462,0.611008553635038,0.903081336507855,0.366482728537194,0.998861670134564
"ENSGALG00010021750","HELLS",10.9705187412284,-0.749140267025721,0.829590607455306,-0.903024046190254,0.366513132963433,0.998861670134564
"ENSGALG00010003858","SUCLA2",31.3228391738997,-0.399331510726128,0.442288813672873,-0.902874995661731,0.366592242631611,0.998861670134564
"ENSGALG00010013614","ATRX",223.858286214995,0.259628387727159,0.287570702759602,0.902833234525279,0.366614409572456,0.998861670134564
"ENSGALG00010021753","MTF2",48.9960371461993,0.3540008653139,0.392602505055487,0.901677551099345,0.367228181495813,0.998861670134564
"ENSGALG00010006327","DENND6B",30.8497691072219,0.410879092053372,0.455753254004127,0.901538471625814,0.367302088356855,0.998861670134564
"ENSGALG00010021842","ENSGALG00010021842",66.395543659906,0.326618137986249,0.362380273406407,0.901313239034812,0.367421796658831,0.998861670134564
"ENSGALG00010002459","G3BP2",45.0606773894927,-0.384259225980885,0.426482943716,-0.900995530167715,0.367590696263855,0.998861670134564
"ENSGALG00010021642","NPTN",236.817638370467,0.240766279446129,0.267279283196963,0.900804119819133,0.367692476703948,0.998861670134564
"ENSGALG00010021562","LRP6",56.87129735305,0.336780799100649,0.373885311109118,0.900759642312773,0.367716129663223,0.998861670134564
"ENSGALG00010016667","WARS",16.7052596910843,-0.549386949050968,0.60993438116073,-0.900731236047821,0.367731236496736,0.998861670134564
"ENSGALG00010006982","ENSGALG00010006982",26.3746913776866,1.14993126264883,1.27676892433512,0.900657308249936,0.367770554105317,0.998861670134564
"ENSGALG00010022737","CYLD",22.5815595394412,-0.493184365815817,0.54826618130129,-0.899534537485536,0.368368007994691,0.998861670134564
"ENSGALG00010019135","KIAA1841",61.9449498020583,0.331729898921024,0.368979171007357,0.89904776471626,0.368627219351813,0.998861670134564
"ENSGALG00010011899","PHLPP1",60.7678313769854,-0.329523071880896,0.36655065322928,-0.898983725653811,0.368661329237333,0.998861670134564
"ENSGALG00010011485","MTM1",42.5254423701699,-0.374753728802043,0.416872054568592,-0.89896582103558,0.36867086633782,0.998861670134564
"ENSGALG00010029209","PRKCA",240.778628242746,0.327507825566663,0.364592042348637,0.898285720820774,0.369033243178813,0.998861670134564
"ENSGALG00010017973","PKD1",90.2100591939068,0.289013951085618,0.32209952034717,0.89728153203739,0.369568708556221,0.998861670134564
"ENSGALG00010023798","ARCN1",14.7031286191363,-0.570681966318657,0.636152934765209,-0.897082973498007,0.369674643441451,0.998861670134564
"ENSGALG00010007009","ENSGALG00010007009",10.3166206674939,0.760312390584549,0.848237738124272,0.896343508915137,0.370069328336336,0.998861670134564
"ENSGALG00010008852","KHDRBS3",81.1782536437316,0.29863438318798,0.333196177503689,0.896271936326981,0.370107543677424,0.998861670134564
"ENSGALG00010009303","TTC1",26.6131740496086,-0.427710324040394,0.477405129675128,-0.895906427171088,0.370302741216096,0.998861670134564
"ENSGALG00010008360","ZC3H3",66.6121163982991,0.317173319570124,0.354123886813218,0.895656382924026,0.370436312376756,0.998861670134564
"ENSGALG00010025116","ANAPC7",10.4080061141536,-0.697066352494109,0.778509803914107,-0.895385451781692,0.370581074880055,0.998861670134564
"ENSGALG00010004394","CCNY",119.850835883557,0.293674136418767,0.328013291991333,0.895311694949624,0.370620490324975,0.998861670134564
"ENSGALG00010014400","RIPOR3",40.9411900889036,0.377526127385715,0.421765127687476,0.895109867085686,0.370728359877617,0.998861670134564
"ENSGALG00010023103","DGKD",36.2722346526712,0.401744974619892,0.448872984549411,0.895008139158057,0.370782737091901,0.998861670134564
"ENSGALG00010026293","ENSGALG00010026293",20.8104185439452,-0.49945079868995,0.558147444341121,-0.894836666822938,0.370874406391892,0.998861670134564
"ENSGALG00010006748","FAM177A1",10.0198910223563,-0.693492132715841,0.775018136167432,-0.894807618496842,0.370889937052503,0.998861670134564
"ENSGALG00010020975","HCCS",23.0413843916679,-0.473149964878354,0.528970075475708,-0.894473972753271,0.37106834938604,0.998861670134564
"ENSGALG00010023276","ABCC8",32.0480351025063,-0.416913422334575,0.46621394821119,-0.894253430070517,0.371186310694995,0.998861670134564
"ENSGALG00010021003","KAZN",62.1774864937126,0.335084950730505,0.374836018569906,0.893950778820401,0.371348227153325,0.998861670134564
"ENSGALG00010002860","NIPA2",20.1908383203667,-0.488465645137012,0.546488860472097,-0.893825438116048,0.371415296448168,0.998861670134564
"ENSGALG00010026438","TOMM6",18.4023890057623,-0.533871771072391,0.597370455227739,-0.893703005229576,0.371480817036542,0.998861670134564
"ENSGALG00010010035","ATP10B",56.2454003508466,0.364593405143387,0.407965981284387,0.893685801927771,0.371490024046397,0.998861670134564
"ENSGALG00010012610","RPL3",38.2997305071644,-0.404609509506447,0.452817882810348,-0.893536949104787,0.371569694281514,0.998861670134564
"ENSGALG00010015296","RPL35A",46.531532601782,-0.355166796901514,0.397641445996966,-0.89318354632536,0.371758887876873,0.998861670134564
"ENSGALG00010010205","ARL5A",30.2159334901463,-0.406790975590032,0.455489815935314,-0.893084677984989,0.371811827572423,0.998861670134564
"ENSGALG00010014740","KIAA1456",21.2021959567564,-0.495174125485141,0.555152621466779,-0.891960348087401,0.372414186148365,0.998861670134564
"ENSGALG00010017077","CTNNBIP1",12.4632377355217,0.633266849957971,0.710294200639948,0.891555709433389,0.372631118792911,0.998861670134564
"ENSGALG00010029617","POR",15.5493299369718,0.593563856951899,0.666131007400823,0.891061743646984,0.372896047107594,0.998861670134564
"ENSGALG00010000901","PCDH9",460.869480117857,0.324608130048407,0.364295508625561,0.891057183968891,0.372898493139768,0.998861670134564
"ENSGALG00010007952","EMC2",86.2299445062123,0.290588353014477,0.326828193787874,0.88911654054877,0.373940450354236,0.998861670134564
"ENSGALG00010011699","TIAM1",88.641739300862,-0.285064580603658,0.320713613437994,-0.88884465348326,0.3740865738573,0.998861670134564
"ENSGALG00010016549","PTPRA",43.8816881566156,0.364197842408381,0.409757226464475,0.888813714283465,0.374103204118006,0.998861670134564
"ENSGALG00010017937","PTPN21",19.7838988497832,0.492381331395039,0.554039786864443,0.888711141453655,0.374158341746821,0.998861670134564
"ENSGALG00010023174","KCNQ2",138.93364673482,0.273805616750482,0.308104229290078,0.888678540315315,0.374175867415596,0.998861670134564
"ENSGALG00010002416","SH3BGRL2",18.9095320823922,-0.559022603745104,0.629304255513649,-0.888318486403402,0.374369458402333,0.998861670134564
"ENSGALG00010015869","SLC7A2",15.231031298749,0.565517283951992,0.636661316674486,0.888254506973809,0.374403864844402,0.998861670134564
"ENSGALG00010020324","PLEKHH2",25.8793789743004,-0.448257468986551,0.504730038250003,-0.888113318043734,0.374479799428877,0.998861670134564
"ENSGALG00010003978","ANK2",621.379492984361,0.201160135009642,0.226527832649016,0.888015095793198,0.374532631182431,0.998861670134564
"ENSGALG00010027722","GNAI3",16.5305780696321,0.535642114801226,0.604153580943704,0.886599255051239,0.375294695086192,0.998861670134564
"ENSGALG00010011961","AGPAT3",23.7263952536305,-0.45682996361483,0.515307952809201,-0.886518364648599,0.375338262547449,0.998861670134564
"ENSGALG00010029812","SAP30BP",18.3590753124148,-0.506034315901482,0.570981453642923,-0.886253507312591,0.375480936212429,0.998861670134564
"ENSGALG00010024637","DUSP8",33.7728033718892,0.427650572931796,0.482944232993781,0.885507153239581,0.375883163282019,0.998861670134564
"ENSGALG00010003528","GDAP1",17.9006518209538,-0.529799249381683,0.598408286151537,-0.885347448627274,0.375969266245541,0.998861670134564
"ENSGALG00010006974","ENSGALG00010006974",30.5118358058394,-0.630330742752269,0.712091861934781,-0.885181781237657,0.376058596839719,0.998861670134564
"ENSGALG00010011487","MAN2B2",18.6250037838861,0.520377642055749,0.588721055931849,0.883912061259771,0.37674368578029,0.998861670134564
"ENSGALG00010004066","ENSGALG00010004066",34.6646552326895,0.469173479530755,0.530900764597098,0.883731030010499,0.376841425502437,0.998861670134564
"ENSGALG00010009069","GRID2",298.411733734746,0.310588501730926,0.351493248115875,0.883625797638466,0.376898248199929,0.998861670134564
"ENSGALG00010018265","PDCD4",15.1400505526797,-0.540570213233325,0.612303465922485,-0.882846894258408,0.37731899971243,0.998861670134564
"ENSGALG00010002853","CEP162",64.6274044771513,-0.322150272762891,0.364919917559167,-0.88279717620691,0.377345866459426,0.998861670134564
"ENSGALG00010008081","TOP1MT",11.8291794726945,-0.680860395489023,0.771266036432423,-0.88278280557824,0.377353632310165,0.998861670134564
"ENSGALG00010012498","KCNT2",159.320753563147,0.23932403900183,0.271139384960258,0.882660551276641,0.377419702204124,0.998861670134564
"ENSGALG00010007898","GAB1",42.882101848839,0.38077628893245,0.431505872502955,0.882435937021559,0.377541109072607,0.998861670134564
"ENSGALG00010008151","SIPA1L2",289.81352336224,0.224285696904171,0.254168237287953,0.882430075832302,0.377544277442321,0.998861670134564
"ENSGALG00010002408","OFD1",16.4012097759751,0.543121841157256,0.615880643846434,0.881862170184844,0.377851346616264,0.998861670134564
"ENSGALG00010012565","SYNGR1",55.5629911826132,0.39034848204476,0.442735531582028,0.881674169339711,0.377953033421503,0.998861670134564
"ENSGALG00010005821","DOCK9",154.68139418807,-0.259389639309755,0.294223709120945,-0.881606856513148,0.377989446006503,0.998861670134564
"ENSGALG00010020386","PPM1B",32.743620786774,-0.397198766371674,0.450589753128,-0.881508653080357,0.378042572608479,0.998861670134564
"ENSGALG00010021193","USP37",11.732311165418,0.605060966588205,0.686650052171746,0.881178068325356,0.378221447862469,0.998861670134564
"ENSGALG00010013386","ITGAV",15.3812905745879,-0.556029278312841,0.63120972728886,-0.880894660323233,0.378374837858514,0.998861670134564
"ENSGALG00010000760","CDH10",63.4584569779809,0.312172057699797,0.354644905954849,0.880238380583254,0.378730185675436,0.998861670134564
"ENSGALG00010011531","MTDH",55.890544388524,0.337047366720355,0.383039787606621,0.879927823755218,0.378898410683796,0.998861670134564
"ENSGALG00010019243","SERTAD2",59.5306622762167,0.344975324385918,0.392320515948953,0.879320123117917,0.379227728030137,0.998861670134564
"ENSGALG00010022930","GTF2B",26.0620311605965,-0.448015995336994,0.509563227140621,-0.879215711563422,0.379284327122924,0.998861670134564
"ENSGALG00010013876","ENSGALG00010013876",22.011380079566,0.503036736732359,0.572334399400733,0.878921024595179,0.3794440981512,0.998861670134564
"ENSGALG00010015472","LGMN",11.7765715248748,-0.640027332117753,0.728227387178698,-0.878883908221785,0.379464224545004,0.998861670134564
"ENSGALG00010025982","SERPINE2",26.0596082991004,-0.440704058855906,0.501737445130127,-0.878355927255156,0.379750593891736,0.998861670134564
"ENSGALG00010019602","SLC29A1",17.3194237704507,0.574378209591445,0.654788251293206,0.877196877703668,0.380379711694033,0.998861670134564
"ENSGALG00010026869","ENSGALG00010026869",16.3503647346351,0.550171036909236,0.627259822986704,0.877102305532006,0.380431072544005,0.998861670134564
"ENSGALG00010017822","VWA3A",22.4585906112363,-0.585897480110095,0.66814711369352,-0.876898916574302,0.380541544732851,0.998861670134564
"ENSGALG00010024618","VPS13C",104.886828051765,-0.288997584284373,0.329675641905234,-0.876611880132309,0.380697484186702,0.998861670134564
"ENSGALG00010010300","DENND1B",77.667075171925,0.313201607399417,0.357486898918222,0.876120518953801,0.380964519054886,0.998861670134564
"ENSGALG00010017751","ST3GAL5",11.238641466033,-0.675196692712812,0.770670046919038,-0.876116433241559,0.380966739955784,0.998861670134564
"ENSGALG00010003742","ZFHX4",15.2611912949726,0.542281090408131,0.619115529455665,0.875896443568314,0.381086333111364,0.998861670134564
"ENSGALG00010004445","EPHA6",802.077885598912,0.227494081679958,0.259783942873808,0.875704938355121,0.381190460001516,0.998861670134564
"ENSGALG00010021387","SLC2A14",32.9181138358456,-0.386996953866558,0.442002219535079,-0.875554322495533,0.381272366443254,0.998861670134564
"ENSGALG00010005269","KIN",11.1613137629939,-0.619225243991134,0.707475859555016,-0.875259891384295,0.381432512283739,0.998861670134564
"ENSGALG00010028917","NR6A1",19.8631521953365,0.471309512799429,0.538498451271042,0.875229096178412,0.381449264678354,0.998861670134564
"ENSGALG00010008152","ENSGALG00010008152",11.8253237725996,-0.618607746163574,0.707105193702698,-0.874845428477601,0.381658015303024,0.998861670134564
"ENSGALG00010008026","PURG",99.5121868828651,0.287698806196799,0.328924899463968,0.8746641153213,0.38175669077189,0.998861670134564
"ENSGALG00010018543","MRPL3",14.3886203706141,-0.569928759007939,0.651722015736822,-0.874496710631435,0.381847810776641,0.998861670134564
"ENSGALG00010017768","FOXN2",10.8532042928786,0.634118799227684,0.725959838386722,0.873490192841613,0.382395949434596,0.998861670134564
"ENSGALG00010013257","STX12",17.0170477226159,-0.514930435004569,0.589574102963489,-0.873393916754952,0.382448405611868,0.998861670134564
"ENSGALG00010001827","PDZRN4",883.079924142942,0.23699482719272,0.271361728238818,0.873353912988595,0.382470203024113,0.998861670134564
"ENSGALG00010003218","MAP3K7",55.1514409084976,0.324326905944362,0.371450635496285,0.873135956574789,0.382588977364661,0.998861670134564
"ENSGALG00010001451","HCRTR2",27.5201582993184,0.488640439861358,0.559779874462135,0.872915340750448,0.382709223959676,0.998861670134564
"ENSGALG00010008966","NRBP1",15.1220782843044,-0.636452795404063,0.729335974409085,-0.87264692506046,0.382855555087801,0.998861670134564
"ENSGALG00010023681","OIP5-AS1",17.5331348813377,-0.49458272061319,0.567051309063013,-0.872201003169239,0.383098732352969,0.998861670134564
"ENSGALG00010007375","CHORDC1",22.0691893225992,-0.44911394230476,0.51492362107646,-0.872195261436786,0.383101864143333,0.998861670134564
"ENSGALG00010023926","ZYX",30.5339831462573,0.445633242745668,0.510973796080251,0.872125432192769,0.383139953302403,0.998861670134564
NA,"RBM4B",13.5395336306312,-0.607296122390429,0.696583795835992,-0.871820628071881,0.383306239353957,0.998861670134564
"ENSGALG00010014707","KPNA5",16.3045708386908,-0.570863140946258,0.655382034411561,-0.871038739197073,0.38373300132848,0.998861670134564
"ENSGALG00010029668","CRCP",17.3797900715741,0.510158694610589,0.585868535048415,0.870773328983149,0.383877930708975,0.998861670134564
"ENSGALG00010025200","PEPD",50.8377378098897,0.338820486620731,0.389230459885871,0.870488108048066,0.384033715235664,0.998861670134564
"ENSGALG00010019132","ENSGALG00010019132",16.1832444683156,-0.530223007795371,0.609528022761345,-0.869891109178709,0.384359914647073,0.998861670134564
"ENSGALG00010020460","MAPK8",43.3757982723121,-0.350029811935404,0.402595738320321,-0.869432481813571,0.384610623136035,0.998861670134564
"ENSGALG00010017364","AKT1",30.9398243738582,-0.41567194491217,0.478146658646097,-0.869339850850722,0.38466127195698,0.998861670134564
"ENSGALG00010029206","CACNG4",39.8884117288698,0.37153682981625,0.427632247529618,0.868823228282186,0.38494382600418,0.998861670134564
"ENSGALG00010010255","CACNB4",79.8881365685385,0.286939305597718,0.330273816459202,0.868792169703116,0.38496081677506,0.998861670134564
"ENSGALG00010018036","RPL4",37.0006926085084,-0.448531903193152,0.51627833779965,-0.868779242423321,0.384967888851521,0.998861670134564
"ENSGALG00010025238","IGSF9B",10.1515340760048,-0.637589737224687,0.734017381360103,-0.868630298703908,0.385049376639678,0.998861670134564
"ENSGALG00010009612","DERL1",14.2904176698995,0.557808914561811,0.642576356391445,0.868081915889861,0.385349490245359,0.998861670134564
"ENSGALG00010024648","MMP24",48.6005866170837,0.350510251858891,0.403859919722246,0.867900563393253,0.385448770517635,0.998861670134564
"ENSGALG00010023169","RAN",18.7325938230823,-0.548991150750242,0.632717623752694,-0.86767165974315,0.385574104677857,0.998861670134564
"ENSGALG00010028026","ANKMY1",29.4374106394236,0.436730192815948,0.503349199909766,0.867648528882612,0.385586771160055,0.998861670134564
NA,"LCORL.1",153.88311489235,-0.241759612504247,0.278689775253874,-0.867486481281973,0.385675515715762,0.998861670134564
"ENSGALG00010013814","AMD1",17.0771841653893,-0.527118171359653,0.607769740406724,-0.86729913701676,0.385778129412373,0.998861670134564
"ENSGALG00010017362","ENO1",59.2817761780198,-0.317388499386013,0.366152903599659,-0.866819561625097,0.386040882247279,0.998861670134564
"ENSGALG00010017742","DGLUCY",10.8438481800114,0.618294313840612,0.713627834967862,0.8664100299121,0.386265345584892,0.998861670134564
"ENSGALG00010020843","HMG20A",18.0416402281235,-0.482733752487353,0.557324124049385,-0.866163389770254,0.386400566881919,0.998861670134564
"ENSGALG00010005261","ATG3",25.1821703538829,0.503589333911477,0.581654221641125,0.865788152436357,0.386606347438975,0.998861670134564
"ENSGALG00010009498","ORC4",11.0191326734011,-0.606457984512507,0.700628775761406,-0.865591031218265,0.386714475715944,0.998861670134564
"ENSGALG00010016993","TMEM201",11.6417142513292,-0.61694552544793,0.713199510586695,-0.865039187899072,0.387017280308587,0.998861670134564
"ENSGALG00010011883","HCFC2",39.9886551472171,-0.358909445914016,0.414930329063359,-0.864987253942604,0.387045784682741,0.998861670134564
"ENSGALG00010022182","CNTNAP1",17.4111964216797,0.499117791217469,0.577110242378565,0.864856927786191,0.387117320891624,0.998861670134564
"ENSGALG00010009348","ERGIC2",16.8555769703505,-0.580272681504737,0.671113411373749,-0.864641760499073,0.387235444161361,0.998861670134564
"ENSGALG00010001142","PPM1L",31.0721485563762,0.399187135987658,0.461740601634496,0.864526824313462,0.387298551225482,0.998861670134564
"ENSGALG00010021670","BLCAP",12.1532800790376,0.648411334769848,0.751111204389731,0.863269421332456,0.387989352640089,0.998861670134564
"ENSGALG00010001702","PLEKHA1",21.0304957316826,-0.495157675852106,0.573943565198269,-0.862728856766699,0.388286562643997,0.998861670134564
"ENSGALG00010015072","ENSGALG00010015072",36.3146429653144,0.373970346494929,0.433578821677918,0.862519864433625,0.388401506732197,0.998861670134564
"ENSGALG00010006261","PCLO",1312.37517966111,0.232037428165126,0.269201685461902,0.861946416743234,0.388717004740998,0.998861670134564
"ENSGALG00010028483","EXD3",32.910809172495,-0.383797387152625,0.445355132293015,-0.861778296292566,0.388809530397812,0.998861670134564
"ENSGALG00010013275","MAPRE1",15.0668980616024,0.545322010332568,0.633282808472255,0.861103448628449,0.389181069991622,0.998861670134564
"ENSGALG00010022643","SP3",58.6843194521614,0.320479436921528,0.372482847339087,0.860387100267685,0.389575694228897,0.998861670134564
"ENSGALG00010010305","URB1",24.224684857742,0.439744756922866,0.511511322828399,0.859697014117499,0.38995608113826,0.998861670134564
"ENSGALG00010005453","UST",12.9385609868487,-0.551603109847015,0.6416455216412,-0.859669539087759,0.389971230502429,0.998861670134564
"ENSGALG00010005256","OPRM1",31.3358217822374,0.493456672965343,0.574654216082072,0.858701910045445,0.390504996414303,0.998861670134564
"ENSGALG00010028543","ANP32B",12.1893755821798,0.646755048893605,0.753414135678993,0.858432325948777,0.390653784088934,0.998861670134564
"ENSGALG00010018029","ENSGALG00010018029",18.0769357648341,0.560598170137168,0.653213052572956,0.858216424073301,0.39077296854032,0.998861670134564
"ENSGALG00010027916","ADAR",10.7614322343712,0.657198165685624,0.766079211084803,0.857872340322357,0.390962958961288,0.998861670134564
"ENSGALG00010023108","TET1",122.635253782728,0.251380000395574,0.293045672825242,0.857818503075065,0.390992690988438,0.998861670134564
"ENSGALG00010021462","SETD5",35.4061660849141,0.385573661466218,0.449500880805637,0.857781770694548,0.391012977511539,0.998861670134564
"ENSGALG00010022038","GAPDH",233.476879130316,-0.281631464416605,0.328341296181873,-0.857740003135656,0.391036045634657,0.998861670134564
"ENSGALG00010000442","DGCR6",12.547318818418,-0.581074810178384,0.677454607445842,-0.857732464716962,0.391040209173356,0.998861670134564
"ENSGALG00010024767","CTTN",90.9736635113212,-0.30433243597307,0.354923414935907,-0.857459449464686,0.391191016176809,0.998861670134564
"ENSGALG00010006516","NBEA",706.155140290056,0.21068350480271,0.245779812880828,0.857204268866721,0.391332003673439,0.998861670134564
"ENSGALG00010007678","CDH8",17.6861955430399,-0.490519369250326,0.572395119111548,-0.856959384999112,0.391467331219385,0.998861670134564
"ENSGALG00010023048","ARFGAP1",19.0015858038396,-0.468780909451943,0.547702735917573,-0.85590390317585,0.392050935820508,0.998861670134564
"ENSGALG00010027999","ENSGALG00010027999",15.1040156983659,0.553414172235015,0.646775051019458,0.855651700483366,0.392190463628669,0.998861670134564
"ENSGALG00010016677","MEAF6",65.5093127115486,0.350971961623992,0.410495713912779,0.854995435344705,0.39255367476999,0.998861670134564
"ENSGALG00010014492","CPLX2",26.1020895549428,-0.452986985488175,0.529821386720453,-0.854980559188303,0.39256191036899,0.998861670134564
"ENSGALG00010021752","CSTB",10.1922301750341,-0.662681105698265,0.775225801847126,-0.85482333549696,0.392648957486639,0.998861670134564
"ENSGALG00010016402","SEPTIN8",31.7828891461187,0.392443511636777,0.459367430916264,0.854312877284314,0.392931654047336,0.998861670134564
"ENSGALG00010014728","INTS13",12.2531593796572,0.577036285148014,0.675463934968715,0.854281413521715,0.392949083009784,0.998861670134564
"ENSGALG00010004109","AGMO",88.6684295596466,0.378846861530109,0.443950538488371,0.853353760578967,0.393463155393756,0.998861670134564
"ENSGALG00010017141","AFTPH",37.1024739887904,-0.352708199943049,0.413589588144004,-0.852797580146633,0.393771566099328,0.998861670134564
"ENSGALG00010016526","EIF1B",22.3209201477512,-0.439900971812914,0.515856486842376,-0.852758437730628,0.393793276689512,0.998861670134564
"ENSGALG00010015386","SLC24A4",15.1070177915552,0.600903186735995,0.704712517665269,0.852692653632439,0.393829765890718,0.998861670134564
"ENSGALG00010002912","RPS3",24.4575292028287,-0.430056725735001,0.504534287601996,-0.852383547169847,0.394001248832467,0.998861670134564
"ENSGALG00010007154","ENSGALG00010007154",51.862600658963,0.343848703940643,0.403510826205968,0.852142449742175,0.39413503378158,0.998861670134564
"ENSGALG00010004403","ENSGALG00010004403",11.1067455889949,-0.622939454766996,0.731098085825241,-0.852060027026115,0.39418077644728,0.998861670134564
"ENSGALG00010023166","KDM2A",27.1205069467699,0.41967276111725,0.492591533222779,0.851969091656005,0.394231247162842,0.998861670134564
"ENSGALG00010026266","ENSGALG00010026266",35.4325691207897,0.370974217252539,0.435474016655233,0.851885997933699,0.394277369046248,0.998861670134564
"ENSGALG00010022049","EPHX3",25.3651541689668,0.433867143206347,0.509452876627739,0.851633513345292,0.394417532815147,0.998861670134564
"ENSGALG00010013635","BCL6",114.353315311474,0.307420041066092,0.361102441610548,0.851337475578877,0.394581912993897,0.998861670134564
"ENSGALG00010024852","CEP89",14.7784072748294,0.537743331413356,0.631681595553512,0.851288584626495,0.39460906454203,0.998861670134564
"ENSGALG00010001906","SKAP2",58.3429202108249,-0.320119033009546,0.376196700797025,-0.850935248319107,0.394805323149276,0.998861670134564
"ENSGALG00010019732","HBA1",43.4216912785896,0.453481407461259,0.533190780898459,0.850504966903432,0.395044400165625,0.998861670134564
"ENSGALG00010024582","TLN2",155.846879739231,0.233478588824124,0.274554952442061,0.850389281808327,0.395108693135611,0.998861670134564
"ENSGALG00010018858","EPB41L5",41.3015070346411,0.377565339531112,0.444534458846946,0.84934999304769,0.395686570289017,0.998861670134564
"ENSGALG00010001115","PFN2",20.9992235170274,-0.519752020878727,0.612184228014802,-0.849012433012502,0.395874374061865,0.998861670134564
"ENSGALG00010025420","STK39",56.6232952454884,-0.3450328496301,0.406504416638263,-0.848780075954587,0.396003678738316,0.998861670134564
"ENSGALG00010013348","MKRN4P",104.010841735644,-0.262635142538358,0.309487135085068,-0.848614086870424,0.396096065833574,0.998861670134564
"ENSGALG00010015862","PDGFRL",10.1950882360013,-0.620510965372357,0.731310565426212,-0.848491728012598,0.396164177316227,0.998861670134564
"ENSGALG00010013403","CPNE3",55.6117368848023,0.39718277510085,0.468361482485756,0.848026129289846,0.396423419110025,0.998861670134564
"ENSGALG00010027282","ENSGALG00010027282",24.5385327481099,-0.418070798915094,0.493012948292204,-0.847991519012413,0.396442693934982,0.998861670134564
"ENSGALG00010020163","CDC2L1",65.8404412705135,-0.324289371008744,0.382428166418807,-0.847974598852131,0.396452117154833,0.998861670134564
"ENSGALG00010008939","RANBP9",15.4491960866847,-0.518153794769745,0.611301081294386,-0.847624534987884,0.396647105970272,0.998861670134564
"ENSGALG00010005462","AHI1",53.5206691447531,-0.353105249914767,0.416783732145524,-0.847214568805381,0.396875534497781,0.998861670134564
"ENSGALG00010006041","QKI",716.038685327936,0.236696683009659,0.279401707362606,0.847155463880096,0.396908473639893,0.998861670134564
"ENSGALG00010010022","KMT2E",170.053228818726,0.255214643358597,0.301284782447497,0.847087733025718,0.396946222035474,0.998861670134564
"ENSGALG00010017711","LRRFIP2",79.1290103239137,0.278771943395616,0.329302361423123,0.846553125798633,0.397244250364682,0.998861670134564
"ENSGALG00010027327","RBM6",35.0552769390917,0.38370899717051,0.453438242579917,0.846221075195005,0.397429427056833,0.998861670134564
"ENSGALG00010008209","PPARGC1B",23.1125854021831,0.468567716761878,0.554055851323516,0.845704843009192,0.397717420760288,0.998861670134564
"ENSGALG00010025554","DIP2C",221.349241903865,0.220304070806791,0.260605120631057,0.845355878937926,0.397912170786527,0.998861670134564
"ENSGALG00010016008","TAF7",11.438673750945,-0.597556284283598,0.706880235992676,-0.845343035294297,0.397919339669315,0.998861670134564
"ENSGALG00010018576","PTK7",17.3044494796121,0.497934036340237,0.589232830269899,0.845054808151402,0.398080238678756,0.998861670134564
"ENSGALG00010002034","WWC3",40.639985630672,0.399884351308117,0.47329280967409,0.844898428910167,0.398167551733868,0.998861670134564
NA,"RASAL3.1",10.0973050587499,-0.645099918323452,0.763595568394779,-0.844818834765599,0.398211996896231,0.998861670134564
"ENSGALG00010018887","ADAMTS17",12.6713959355779,0.580970382989342,0.687888086500214,0.844571078335082,0.398350362569977,0.998861670134564
"ENSGALG00010008407","GNAI1",30.7566496846012,0.421897266479872,0.499594224087573,0.844479872141032,0.398401306204703,0.998861670134564
"ENSGALG00010009306","TBC1D9",69.2548698964421,0.2996580095791,0.354879380476531,0.844393971767875,0.398449289837183,0.998861670134564
"ENSGALG00010004566","ENSGALG00010004566",32.3004881978432,0.475143744244333,0.562737899458717,0.844342889827326,0.398477825671578,0.998861670134564
"ENSGALG00010027313","BSN",23.5950541026206,0.476104819123851,0.563951703619778,0.844229773698574,0.398541019959828,0.998861670134564
"ENSGALG00010019855","TTC7A",59.2724626277803,0.32363866921845,0.383436433392408,0.84404777698117,0.398642708250618,0.998861670134564
"ENSGALG00010015477","ARMC9",11.2295373234092,-0.618755549086101,0.733112212174404,-0.844012060924313,0.398662665965009,0.998861670134564
"ENSGALG00010022316","INO80",49.5417163716893,0.329205793912318,0.39021002855187,0.843663078404345,0.398857704968956,0.998861670134564
"ENSGALG00010021123","RYR3",38.7811961653501,-0.382299361756634,0.453218859568477,-0.843520417752767,0.39893745155022,0.998861670134564
"ENSGALG00010025642","RPS8",82.4779247429696,-0.33310691622575,0.395123743554074,-0.843044544044624,0.399203531938136,0.998861670134564
"ENSGALG00010029857","ENSGALG00010029857",11.4113301792598,0.593880475732746,0.704859782748271,0.842551228298467,0.399479477590257,0.998861670134564
"ENSGALG00010001776","LMBRD1",50.1730733305066,-0.346238389634195,0.41095513554995,-0.842521140831713,0.399496311305488,0.998861670134564
"ENSGALG00010016307","RAD50",44.1869918539172,0.331421642004581,0.39357875171108,0.842071988296444,0.399747659560041,0.998861670134564
"ENSGALG00010028013","CBARP",12.4146430837665,0.571908267295847,0.679229785914313,0.841995270460644,0.399790600794989,0.998861670134564
"ENSGALG00010029921","STX8",28.239444993366,0.417731672973567,0.496186247687235,0.841884826354315,0.399852424489206,0.998861670134564
"ENSGALG00010029625","PECAM1",28.2160408595176,0.41466991779784,0.492685385090227,0.841652564388327,0.39998245736079,0.998861670134564
NA,"SON",120.380160488454,0.246299211690435,0.292686330629442,0.841512520112409,0.400060874043044,0.998861670134564
"ENSGALG00010007413","GPATCH11",38.7295637883868,-0.388722699939924,0.461974792054975,-0.841437036446927,0.400103144356397,0.998861670134564
"ENSGALG00010005511","AHCYL2",12.4182770547538,-0.58535303071004,0.695675341427258,-0.841416959682833,0.400114387652869,0.998861670134564
"ENSGALG00010021804","ENSGALG00010021804",13.3278366711096,0.706220552072133,0.839514637690818,0.841224822493475,0.40022199703848,0.998861670134564
"ENSGALG00010002239","AGPAT5",51.4413343441294,0.350827149594475,0.417321904883441,0.840663155921474,0.40053666677477,0.998861670134564
"ENSGALG00010009216","NSG1",108.438473733421,0.272701993898452,0.324452768768353,0.840498279406427,0.400629065896696,0.998861670134564
"ENSGALG00010003790","ELOVL6",25.8797348107015,0.441913192221437,0.526177647648171,0.839855501647844,0.400989409875176,0.998861670134564
"ENSGALG00010021004","PSD",21.1221897862434,0.448260038637218,0.533750476493484,0.839830704381001,0.401003315228089,0.998861670134564
"ENSGALG00010009405","ENSGALG00010009405",33.9125678890216,0.380122021794813,0.452680765165468,0.839713217449978,0.401069201313756,0.998861670134564
"ENSGALG00010021606","RNF8",10.4301915155202,-0.683277841280504,0.813991370008106,-0.839416566877975,0.401235590404051,0.998861670134564
"ENSGALG00010004379","ZBTB10",15.2388382851012,0.537331239509775,0.640152557901968,0.839379977283573,0.401256116105125,0.998861670134564
"ENSGALG00010003190","ENSGALG00010003190",13.1260698079545,0.622889911144629,0.742559253485118,0.838842029401917,0.401557962024684,0.998861670134564
"ENSGALG00010026673","DEPDC5",15.7364734603523,0.533536312316091,0.636109844757063,0.838748710955503,0.401610337455814,0.998861670134564
"ENSGALG00010026076","C2H1orf35",14.5852269826849,-0.556594870170632,0.663729936387115,-0.838586358181082,0.401701468509219,0.998861670134564
"ENSGALG00010002401","ZRANB1",23.6290638057844,0.432369984347855,0.515681065615301,0.83844456036399,0.401781071907116,0.998861670134564
"ENSGALG00010011930","TSPO",15.592264137194,-0.527920961370712,0.629653910856555,-0.83843036987184,0.401789038780592,0.998861670134564
"ENSGALG00010000633","VWC2",76.77037484341,-0.329426191417228,0.393037900760216,-0.838153752551726,0.401944357132156,0.998861670134564
"ENSGALG00010012113","WDR47",15.7013505739384,-0.526250763552024,0.628053685443009,-0.837907293197115,0.402082772372863,0.998861670134564
"ENSGALG00010016137","STARD3NL",36.395470914199,-0.365149418550305,0.436227059152042,-0.837062742646223,0.402557301335436,0.998861670134564
"ENSGALG00010029633","POLG2",13.3393814054339,-0.580724747010337,0.693877835860302,-0.836926497717466,0.4026338849284,0.998861670134564
"ENSGALG00010013371","FAT1",32.6834945841522,0.414428999891092,0.495230434149877,0.83684073375359,0.402682097531932,0.998861670134564
"ENSGALG00010010928","HECW2",182.221133197932,0.225126689377539,0.26912188328806,0.836523164251826,0.402860650804378,0.998861670134564
"ENSGALG00010012090","HELB",14.8187759638386,-0.526051894524396,0.628874314635057,-0.836497663018198,0.402874990916298,0.998861670134564
"ENSGALG00010019064","DPY19L1",37.8196860346118,-0.385538011477384,0.460987182989471,-0.836331303133409,0.402968547598146,0.998861670134564
"ENSGALG00010021110","PKLR",59.7512701532745,-0.293006204048566,0.35047831466664,-0.836018069555206,0.403144737739689,0.998861670134564
"ENSGALG00010013697","HDAC4",333.285574809393,0.195562147515887,0.233955322601353,0.835895269837967,0.403213823703635,0.998861670134564
"ENSGALG00010022304","ADAP1",69.380708269258,-0.294580739117512,0.352582602697846,-0.835494255426891,0.403439480025403,0.998861670134564
"ENSGALG00010028692","RALGPS1",84.7565488431031,-0.265896640287564,0.318392606868853,-0.835121904690106,0.403649074607262,0.998861670134564
"ENSGALG00010015919","ENSGALG00010015919",450.027793042353,0.193090698358708,0.231318856793631,0.834738252796104,0.403865098743376,0.998861670134564
"ENSGALG00010020362","CDS2",17.3936410720473,-0.52873831534681,0.633641080197551,-0.834444501581186,0.404030548979936,0.998861670134564
"ENSGALG00010026252","ENO2",48.5922751593177,-0.349294932124865,0.41863471519922,-0.83436685836874,0.40407428693935,0.998861670134564
"ENSGALG00010002290","ENSGALG00010002290",15.9419512225262,-0.520164823100028,0.623470653330864,-0.834305224024692,0.404109008803555,0.998861670134564
"ENSGALG00010012320","DPY19L4",29.6749961117165,-0.382366076375249,0.458674770031268,-0.833632240877743,0.404488251744898,0.998861670134564
"ENSGALG00010022171","FOXP1",78.159543188715,0.32915647568276,0.394915572426581,0.833485683180938,0.404570868917631,0.998861670134564
"ENSGALG00010027732","EEF2",82.6948940771227,-0.285326809244391,0.342338979317853,-0.833462814584933,0.404583761261047,0.998861670134564
"ENSGALG00010014611","TMEM189",24.0883756255097,0.438397705135681,0.526022037729556,0.833420795501109,0.404607450476916,0.998861670134564
"ENSGALG00010022770","HAT1",10.4800076385954,-0.6314745158791,0.75772363958826,-0.833383680918596,0.404628375358433,0.998861670134564
"ENSGALG00010016921","EFL1",42.3865857103328,-0.345117634327014,0.414236333884516,-0.833141871188992,0.404764721443327,0.998861670134564
"ENSGALG00010001559","HDAC10",12.7723490614601,-0.565434834328888,0.678785300931412,-0.833009839124408,0.404839180229272,0.998861670134564
"ENSGALG00010002478","PPME1",46.6525229050336,-0.336667541423427,0.404236065072064,-0.83284884876219,0.404929980975343,0.998861670134564
"ENSGALG00010010662","MGST3",32.8516012587001,-0.449198355957714,0.539507001982738,-0.832608945401763,0.405065312311852,0.998861670134564
"ENSGALG00010001910","FAM53B",18.338559520053,0.484276156144645,0.582109648846214,0.831932879148314,0.405446831934568,0.998861670134564
"ENSGALG00010021158","ACTG1",28.4821330078047,-0.459297663455232,0.552526881644762,-0.831267543197165,0.405822505762814,0.998861670134564
"ENSGALG00010029521","ACTG1",28.4821330078047,-0.459297663455232,0.552526881644762,-0.831267543197165,0.405822505762814,0.998861670134564
"ENSGALG00010002504","USP9Y",120.676990411674,0.240558750682113,0.289484025665566,0.830991451528398,0.405978458574059,0.998861670134564
"ENSGALG00010029440","FOXK2",59.6148613310631,0.296305980385949,0.356620906678029,0.830871030938928,0.406046490412671,0.998861670134564
"ENSGALG00010016423","TRMT44",13.3592247716833,-0.592024073135824,0.712626878344507,-0.830763041819509,0.406107504858265,0.998861670134564
"ENSGALG00010002362","TRPC4",215.190266087444,0.254517033470143,0.306391366697937,0.830692575359228,0.406147321746796,0.998861670134564
"ENSGALG00010006387","OTUD4",15.9625891819019,-0.514869950748965,0.619849517142605,-0.830637011903185,0.406178719375384,0.998861670134564
"ENSGALG00010011998","MPPED1",412.229860005946,0.199826743620343,0.240646756559477,0.830373724862376,0.406327516516598,0.998861670134564
"ENSGALG00010016877","UBE2D3",28.4734049287254,-0.400742518256792,0.48273609058789,-0.830148244703968,0.406454972893106,0.998861670134564
"ENSGALG00010027365","PLEKHA6",19.023441360541,0.500885882663972,0.603387643886328,0.830122869997541,0.406469317857876,0.998861670134564
"ENSGALG00010008372","CLCN3",59.3273313004754,0.301876901585727,0.363710800791819,0.829991578277366,0.406543545221815,0.998861670134564
"ENSGALG00010025595","ERI3",34.9441217053706,0.388089917524528,0.468006617099625,0.829240235810417,0.406968481373289,0.998861670134564
"ENSGALG00010022028","FGD5",22.5383293670298,-0.447973699653966,0.540227786763163,-0.829231132922748,0.406973631310006,0.998861670134564
"ENSGALG00010001995","LRRC1",10.4004886997808,-0.669705447681217,0.808539713194634,-0.828290109628794,0.407506222667298,0.998861670134564
"ENSGALG00010021019","VSIG10",11.8106806795367,-0.587954508496607,0.70998799056497,-0.828118948925805,0.407603139205243,0.998861670134564
"ENSGALG00010024212","RIMS4",60.1098798990678,0.321368150688611,0.388174569214237,0.827895942125063,0.407729433233923,0.998861670134564
"ENSGALG00010012899","ENSGALG00010012899",15.1867076913638,-0.520172546135912,0.628501756634585,-0.827638969413962,0.40787499187878,0.998861670134564
"ENSGALG00010011420","HMGB3",27.9009406600839,0.397437886582389,0.480401656420931,0.827303322689112,0.408065160962323,0.998861670134564
"ENSGALG00010013508","TUBE1",10.9797144549742,-0.616236396942832,0.744879834264077,-0.827296388754649,0.408069090113894,0.998861670134564
"ENSGALG00010027167","ENSGALG00010027167",24.828907556844,0.469293041142426,0.567588737463946,0.82681880412089,0.408339770272719,0.998861670134564
"ENSGALG00010021953","PITPNM1",16.4227810862819,0.492558371288688,0.595789179899075,0.826732656293164,0.408388607571533,0.998861670134564
"ENSGALG00010004967","SLC35F2",14.7766959847628,0.516842416675387,0.625271787675663,0.826588416209625,0.408470385221955,0.998861670134564
"ENSGALG00010013766","DNM3",114.069253520262,0.243281928887511,0.294336071518272,0.826544730425297,0.408495155023833,0.998861670134564
"ENSGALG00010029337","MYO1C",18.2618123848422,0.511729941569473,0.61914085437583,0.826516192483146,0.408511336495298,0.998861670134564
"ENSGALG00010002331","ENSGALG00010002331",10.3041731093215,-0.638034606091298,0.772054544137354,-0.826411308548412,0.408570810649619,0.998861670134564
"ENSGALG00010023645","ENSGALG00010023645",23.4929914145214,0.457111487457984,0.553148039374909,0.826381827140793,0.408587528931067,0.998861670134564
"ENSGALG00010008386","SESN3",120.18170800029,0.234829384225889,0.284262069455638,0.826101719007347,0.408746392635856,0.998861670134564
"ENSGALG00010013400","BBS10",10.566824108137,0.631248092572044,0.764378045612256,0.825832317131012,0.408899218956549,0.998861670134564
"ENSGALG00010016894","BTBD7",26.6204353964827,-0.418437167960449,0.506826316129083,-0.825602686056812,0.409029510938419,0.998861670134564
"ENSGALG00010010642","CC2D2A",22.7019695825793,-0.447574147151572,0.542301033349316,-0.825324164306493,0.409187576495875,0.998861670134564
"ENSGALG00010025364","EPHA4",13.5760544338685,0.54214118052453,0.65698022240385,0.825201675844775,0.409257102166023,0.998861670134564
"ENSGALG00010009086","UBE2D1",26.4868810269953,-0.471050910972055,0.570916856141415,-0.825077952953936,0.409327335644871,0.998861670134564
"ENSGALG00010002864","RNASEH2B",36.1297281988791,0.381943840063541,0.462936127172355,0.825046518612578,0.409345181044837,0.998861670134564
"ENSGALG00010001711","CREB5",11.7975716743666,0.659154976312729,0.799541589368603,0.824416121784563,0.409703157520438,0.998861670134564
"ENSGALG00010027186","PLXNA2",22.8497420949524,0.443174596889224,0.537643905412368,0.824290189896811,0.409774691370975,0.998861670134564
"ENSGALG00010021945","C1QTNF4",43.5322617634913,0.36992380635687,0.448845569160465,0.824167223147123,0.409844548081942,0.998861670134564
"ENSGALG00010011630","DELE1",21.6353152812282,0.446885809704668,0.542232374878738,0.824159217355118,0.409849096372318,0.998861670134564
"ENSGALG00010021302","P4HA1",51.7089848596529,-0.32423362463868,0.393425148336937,-0.824130399414629,0.409865468812452,0.998861670134564
"ENSGALG00010021509","DDIT4",12.9490680331287,-0.600483634996316,0.729078473120678,-0.823620031498205,0.41015549039098,0.998861670134564
"ENSGALG00010003057","DDX1",27.3256742647121,-0.408647043631209,0.496288986415806,-0.823405424695103,0.410277479231704,0.998861670134564
"ENSGALG00010021682","MYL4",10.8008690182495,-0.613404603852875,0.74586611727686,-0.822405777182105,0.41084599244183,0.998861670134564
"ENSGALG00010022771","SGMS1",17.8786256869045,0.471512365253627,0.573383046339058,0.822333984696869,0.410886839808052,0.998861670134564
"ENSGALG00010014278","G3BP1",18.069097792958,-0.450272642231339,0.548055340223634,-0.82158243736409,0.411314588211787,0.998861670134564
"ENSGALG00010016911","AXIN1",32.0488981751422,-0.371508710293577,0.452233626834792,-0.821497315212464,0.411363052735765,0.998861670134564
"ENSGALG00010024055","ENSGALG00010024055",40.6329005124302,-0.346675473617643,0.422037245299068,-0.821433362763939,0.411399466462481,0.998861670134564
"ENSGALG00010016941","SLC8A1",53.9187863765931,0.315917548996354,0.384668384776654,0.821272455701765,0.411491093398608,0.998861670134564
"ENSGALG00010004955","ENSGALG00010004955",282.608959041908,-0.275856903007796,0.336102421461047,-0.820752501004418,0.411787259244078,0.998861670134564
"ENSGALG00010008618","EIF4EBP3",100.395309130932,0.251628906171705,0.306619158447114,0.82065617636579,0.411842139573193,0.998861670134564
"ENSGALG00010003081","DOP1A",75.5987111751237,0.279570042462715,0.340722914910831,0.820520223994562,0.41191960492499,0.998861670134564
"ENSGALG00010016186","ENSGALG00010016186",66.3684034550867,-0.390654736963619,0.476110796008387,-0.820512242609885,0.411924152968386,0.998861670134564
"ENSGALG00010009080","TLL1",60.1661622916577,0.407564160567718,0.496770390533047,0.820427642900358,0.411972362368102,0.998861670134564
"ENSGALG00010017407","EPN2",54.2559611308548,0.309683018663286,0.377712452878494,0.819890941649487,0.412278281141689,0.998861670134564
"ENSGALG00010019004","ECE2",15.6916939007409,-0.541375028186646,0.660549426265849,-0.819582920913417,0.412453913235911,0.998861670134564
"ENSGALG00010018504","SLCO3A1",42.6006797009088,0.355208537064939,0.433473557634364,0.819446840087436,0.412531520058657,0.998861670134564
"ENSGALG00010015025","TRAF3IP1",41.3803841401249,0.333286170538868,0.406868905825921,0.819148786664628,0.412701530003471,0.998861670134564
"ENSGALG00010000788","GATD3AL1",10.069147899641,-0.692557303736239,0.84564612958911,-0.818968217914915,0.412804546776705,0.998861670134564
"ENSGALG00010018798","ENSGALG00010018798",15.8251225954421,-0.495921946600521,0.605621840783367,-0.818864038917503,0.412863989153329,0.998861670134564
"ENSGALG00010021575","ADGRL2",80.4333423575198,0.26376353657958,0.322116837045374,0.81884430195875,0.412875251224293,0.998861670134564
"ENSGALG00010005198","TRPC3",16.7857255579885,0.490322170916899,0.598985739750676,0.818587385938425,0.413021866222646,0.998861670134564
"ENSGALG00010005829","NPAS3",515.500600987538,0.212054107538148,0.259327261401309,0.817708506202882,0.413523652192837,0.998861670134564
"ENSGALG00010017375","BDH1A",17.2054342201214,-0.485164684891097,0.59334152481947,-0.817682000326394,0.413538791013452,0.998861670134564
"ENSGALG00010023210","ZNHIT6",28.8663506761629,0.380251130002991,0.465048210556018,0.817659591783737,0.413551589899463,0.998861670134564
"ENSGALG00010011967","MTMR9",14.2740101752815,-0.517221794684714,0.633214776097556,-0.816818896539819,0.414031931667516,0.998861670134564
"ENSGALG00010021730","ARL8B",23.3723330136377,-0.469010088585656,0.574316764658683,-0.816640079911978,0.41413414334923,0.998861670134564
NA,"POC1A",14.5568256520066,0.509895802011785,0.624500605619975,0.816485680595273,0.414222410091367,0.998861670134564
"ENSGALG00010013532","WDR19",24.864017751992,-0.404430354629764,0.495502804457698,-0.81620194879097,0.414384642426499,0.998861670134564
"ENSGALG00010029292","FAM64A",13.7266066169237,0.53291549320342,0.653542197779793,0.81542629536981,0.414828337740118,0.998861670134564
"ENSGALG00010008780","KARS",45.9638563305237,-0.327242825185739,0.40146208350688,-0.815127601409289,0.414999273856898,0.998861670134564
"ENSGALG00010010646","MCM3AP",28.0451003807522,-0.44845074281101,0.550207689303504,-0.815057207540474,0.415039564811897,0.998861670134564
"ENSGALG00010013247","ATG5",77.9135693053221,-0.289542315162155,0.355423905973587,-0.814639393399924,0.415278754392633,0.998861670134564
"ENSGALG00010017533","FAM193A",48.561485826114,0.32903406650358,0.404037647034945,0.81436487148714,0.415435956591905,0.998861670134564
"ENSGALG00010029322","BPTF",78.5407178667001,0.271987641553471,0.334031216268047,0.814258154049923,0.415497076741663,0.998861670134564
"ENSGALG00010028429","REXO1",43.1169299728418,0.32970213744453,0.404990910941403,0.814097621791401,0.41558902819351,0.998861670134564
"ENSGALG00010005333","PLXNA4",272.369263246941,-0.274751967133213,0.337591987615081,-0.813858080798064,0.415726257492188,0.998861670134564
"ENSGALG00010025316","SLC25A36",35.2084686004465,-0.360459226911508,0.442970849137883,-0.813731259321102,0.415798922370901,0.998861670134564
"ENSGALG00010026066","SELENOP2",15.9188738581312,0.534847099996012,0.65755176255321,0.813391630066129,0.415993556615719,0.998861670134564
"ENSGALG00010021238","NDUFS8",18.8951367607196,-0.513715529317086,0.631863096383203,-0.813017142886812,0.416208229526934,0.998861670134564
"ENSGALG00010029312","SMURF2",52.2469517196636,0.301603472912994,0.371051671246664,0.812834158379245,0.41631314826017,0.998861670134564
"ENSGALG00010011340","PKNOX1",16.1358232811315,-0.522495340196165,0.642949253489594,-0.812654089510691,0.416416410474371,0.998861670134564
"ENSGALG00010014338","BHLHE41",11.0226809308722,0.60700572737027,0.747534850491698,0.812009937691876,0.416785929205816,0.998861670134564
"ENSGALG00010027382","PALM",19.1044166277559,-0.503470593009769,0.620075530195636,-0.811950429411272,0.416820075983053,0.998861670134564
"ENSGALG00010028328","HNRNPM",77.2182266998057,-0.277561645202397,0.341926329514781,-0.811758619455475,0.416930150749589,0.998861670134564
"ENSGALG00010011357","UNC80",145.1690112824,-0.23654573581006,0.291429239502853,-0.811674683753702,0.416978324666741,0.998861670134564
"ENSGALG00010024220","SIAH1",43.358842552683,0.33800972314773,0.416503602493124,0.811540935359161,0.417055094779767,0.998861670134564
"ENSGALG00010003882","ENSGALG00010003882",19.8144504785141,-0.462409603214776,0.569819824164465,-0.81150143186544,0.417077770946477,0.998861670134564
"ENSGALG00010017763","POLR1A",11.3578074153533,-0.587926117721122,0.724548216079577,-0.811438224087147,0.417114055581507,0.998861670134564
"ENSGALG00010005358","SHPRH",31.9992100318755,-0.387793339792284,0.477956276484814,-0.811357353949521,0.417160482066339,0.998861670134564
"ENSGALG00010020719","RPH3A",78.4259001816346,-0.270518955448353,0.333452462743813,-0.811266929092046,0.417212397397956,0.998861670134564
"ENSGALG00010002432","RAVER1",143.730603445761,-0.234891152746357,0.289590100200685,-0.811115962125701,0.417299080062245,0.998861670134564
"ENSGALG00010010882","CEP350",35.9367326032303,-0.353822962645324,0.436267475155933,-0.811023014078368,0.417352454529814,0.998861670134564
"ENSGALG00010024662","MOB2",37.480812158194,0.351183418846036,0.433042332845194,0.810967871290261,0.417384121614762,0.998861670134564
"ENSGALG00010016629","LARS1",29.3151135283373,-0.371500839607349,0.459140926088113,-0.809121597528978,0.418445206421571,0.998861670134564
"ENSGALG00010018969","DIEXF",13.6906344079529,0.518966202808996,0.641452501208783,0.809048529440656,0.418487232529835,0.998861670134564
"ENSGALG00010029753","AKAP10",10.8096582295319,-0.576311329734658,0.712398174098531,-0.808973619933716,0.418530320334329,0.998861670134564
"ENSGALG00010003990","ICA1",92.3308167181483,0.258696759624905,0.319920694267052,0.808627776385603,0.418729282734035,0.998861670134564
"ENSGALG00010027709","PSMA5",12.6343811540562,0.569120149637333,0.704028308241681,0.808376798169831,0.41887370433664,0.998861670134564
"ENSGALG00010015904","MTMR7",46.3290137955099,0.325187094522913,0.402412359824934,0.808094201342083,0.419036355463271,0.998861670134564
"ENSGALG00010014300","ELFN2",24.1973391811234,0.406164640327946,0.502634062853935,0.808072254438468,0.419048988754112,0.998861670134564
"ENSGALG00010027923","AMPD2",11.4465698776731,0.620137119271744,0.767447654748387,0.808051357554882,0.419061017830405,0.998861670134564
"ENSGALG00010002330","KHDRBS2",88.8929880055869,0.282790702182636,0.35009786910721,0.807747567569563,0.419235914353094,0.998861670134564
"ENSGALG00010001527","STK32C",16.4645824940694,0.488075287910616,0.60427983104734,0.807697465369119,0.41926476307653,0.998861670134564
"ENSGALG00010005132","LNX2",17.0238172950153,0.533981736246103,0.661352574821175,0.807408569310384,0.419431131487643,0.998861670134564
"ENSGALG00010002528","MED14",35.3214029183025,-0.367009330383363,0.454701481298627,-0.807143467699258,0.419583831386828,0.998861670134564
"ENSGALG00010018581","SUFU",24.0436111713093,-0.419876309899102,0.520360840516926,-0.806894518584444,0.41972725711625,0.998861670134564
"ENSGALG00010016194","ENSGALG00010016194",15.6671088831834,-0.514264414477123,0.637374188187957,-0.806848510667129,0.419753766567597,0.998861670134564
"ENSGALG00010000900","ENSGALG00010000900",66.9127998513321,0.410192011775119,0.508428252966338,0.806784456571647,0.419790675743752,0.998861670134564
"ENSGALG00010007935","LARP1B",39.4869445241773,0.335177679447669,0.41562063647426,0.806451003710993,0.419982848371792,0.998861670134564
"ENSGALG00010018882","HHAT",42.2955350855926,0.345805637300784,0.428898751927521,0.806264032587395,0.420090624545289,0.998861670134564
"ENSGALG00010015143","EXOC1",63.1312679173713,-0.300597496416855,0.372955151003912,-0.805988322209021,0.420249582526845,0.998861670134564
"ENSGALG00010014367","OPHN1",25.6456818343569,-0.399258327883447,0.495403072403674,-0.80592622477342,0.420285389038882,0.998861670134564
"ENSGALG00010016741","NELFA",35.4189668184932,0.36374570933679,0.451510838037887,0.805618998909319,0.42046256743023,0.998861670134564
"ENSGALG00010005543","SEC24D",14.0568283517756,-0.550122929432463,0.682993478925777,-0.805458538634519,0.420555122951637,0.998861670134564
"ENSGALG00010018005","ENSGALG00010018005",19.4614831490721,0.454276330597719,0.564047303373972,0.805386938081906,0.42059642691851,0.998861670134564
"ENSGALG00010003254","DGKH",50.1503301059834,0.340649310984469,0.423040660905471,0.805240116293662,0.420681130953146,0.998861670134564
"ENSGALG00010009653","ABLIM2",192.420148078673,-0.241246643590301,0.299654975872602,-0.805081386977758,0.420772715913027,0.998861670134564
"ENSGALG00010018188","UBP1",38.6467926768145,-0.33163030825384,0.411954664077521,-0.805016515582971,0.420810149318813,0.998861670134564
"ENSGALG00010005265","DYNC2H1",50.8225225799082,-0.323156565314305,0.40169252047026,-0.804487384868373,0.421115552036469,0.998861670134564
"ENSGALG00010028051","GNL3",33.62948759934,-0.356917615074208,0.443660210137228,-0.804484168106512,0.421117409079001,0.998861670134564
"ENSGALG00010022382","CALB2",10.0976107016755,-0.801451176194318,0.996531590801701,-0.804240611729687,0.421258028579137,0.998861670134564
"ENSGALG00010024193","GSTK1",11.5917176852998,-0.550392025352644,0.684518218349271,-0.804057526299191,0.421363752762745,0.998861670134564
"ENSGALG00010010399","FGF18",53.2031860597866,0.305942113139461,0.380806262971941,0.803406201231525,0.421739991935965,0.998861670134564
"ENSGALG00010004609","CFAP69",41.1911425189491,-0.335297141368917,0.417530527545902,-0.803048206653715,0.421946872060169,0.998861670134564
"ENSGALG00010029755","ACOX1",11.4821688096804,-0.548843736891871,0.683637196030803,-0.80282895676019,0.422073602918156,0.998861670134564
"ENSGALG00010009200","ADGRA3",61.5649537142476,-0.280975521551059,0.350011168231872,-0.802761588924276,0.422112547365917,0.998861670134564
"ENSGALG00010024013","PTPRJ",52.1589053902116,0.303514969398935,0.37829288460841,0.80232798910061,0.422363256043714,0.998861670134564
"ENSGALG00010028568","MLLT1",14.1321268828879,0.575321492986978,0.717076953094022,0.802314856870798,0.422370850498246,0.998861670134564
"ENSGALG00010028653","ENSGALG00010028653",24.9663460113971,0.414642609655796,0.51691607917551,0.802146859732355,0.422468011403196,0.998861670134564
"ENSGALG00010021237","FSCN1",34.4626168923143,-0.358022347513229,0.446348232985477,-0.802114405424069,0.422486782815168,0.998861670134564
"ENSGALG00010000762","ENSGALG00010000762",14.7754219125623,-0.668556420446104,0.833984583303306,-0.801641221949258,0.422760525303062,0.998861670134564
"ENSGALG00010008332","DHX38",12.4053967098419,-0.563863836359933,0.704111751989565,-0.800815828974105,0.423238273910665,0.998861670134564
"ENSGALG00010007302","CDH11",39.2835664016963,-0.341602332278959,0.426646120894383,-0.800669021818021,0.423323280969085,0.998861670134564
"ENSGALG00010018428","PPP2R5D",26.0515220831752,0.390317834876974,0.487563481357482,0.800547723119553,0.423393525176643,0.998861670134564
"ENSGALG00010018407","ENSGALG00010018407",64.033144055695,-0.357128207179038,0.446191266031605,-0.800392644067895,0.423483341558725,0.998861670134564
"ENSGALG00010007183","VOPP1",21.7484423369636,-0.431965202293396,0.539953531134375,-0.800004402945361,0.423708246179129,0.998861670134564
"ENSGALG00010015731","PHF6",21.8867122942065,-0.439878697978882,0.549881998278076,-0.799951079243068,0.423739141581506,0.998861670134564
"ENSGALG00010017695","FNDC5",13.7840761749869,0.518443393144796,0.648675469869194,0.799233849939387,0.424154827588448,0.998861670134564
"ENSGALG00010007660","FAM98A",10.5720973471009,-0.588174250562486,0.736568713295193,-0.798532764080036,0.424561387674655,0.998861670134564
"ENSGALG00010001349","ING3",13.9545626989018,-0.50201200657206,0.62867985140645,-0.798517727980282,0.424570109611453,0.998861670134564
"ENSGALG00010024540","PTPN5",84.1786614704229,0.255261610985405,0.31970517885981,0.798428138999078,0.424622079343301,0.998861670134564
"ENSGALG00010007973","CARMIL1",278.011073951672,0.193797002094729,0.242726262707293,0.798417937693176,0.424627997261403,0.998861670134564
"ENSGALG00010027912","RGS3",17.9631862545064,-0.468567344769416,0.586881389175624,-0.798402119085083,0.424637173949218,0.998861670134564
"ENSGALG00010024509","SEPTIN5",109.229322935118,-0.268644391673782,0.33652303940468,-0.798294203419244,0.424699781056349,0.998861670134564
"ENSGALG00010029731","NCOR1",56.3350811763474,0.291403597191398,0.365138814879504,0.798062504769757,0.42483421889241,0.998861670134564
"ENSGALG00010001301","GMPS",14.2248489937125,-0.484749106325902,0.607424216340285,-0.798040468729584,0.424847006094861,0.998861670134564
"ENSGALG00010026532","ENSGALG00010026532",34.6756374583855,0.416889859448077,0.522575873606724,0.797759484322877,0.425010077086177,0.998861670134564
"ENSGALG00010010824","PKP4",109.730302375294,0.253326374303293,0.317550781736724,0.797750750030656,0.425015146671106,0.998861670134564
"ENSGALG00010010663","EFR3B",15.9149609933666,0.479145983585726,0.601079138356841,0.797142926795893,0.42536802806968,0.998861670134564
"ENSGALG00010024599","ENSGALG00010024599",11.80165697611,-0.567562157570171,0.712052496384406,-0.797079092415356,0.425405098053903,0.998861670134564
"ENSGALG00010018534","NCEH1",11.2931225186867,-0.552245078142392,0.693227325236604,-0.796629125884365,0.425666456706797,0.998861670134564
"ENSGALG00010014165","LUZP1",33.800346525252,0.354258853301924,0.444862866616679,0.796332712586629,0.425838676663048,0.998861670134564
"ENSGALG00010025214","LRP8",36.0770995462066,0.40904421581949,0.51369192879468,0.796283127864722,0.425867489996746,0.998861670134564
"ENSGALG00010005489","G2E3",33.6748832921791,-0.37904981197777,0.476189712174899,-0.796005882291195,0.426028616416087,0.998861670134564
"ENSGALG00010018554","PPIA",209.755079136269,-0.272047222633371,0.34179884908381,-0.795927848682321,0.426073973512199,0.998861670134564
"ENSGALG00010016731","C4orf48",10.9212943225944,0.582183629213415,0.731926391275507,0.795412812207605,0.426373409519246,0.998861670134564
"ENSGALG00010002886","HERC2",180.874570901955,-0.20435726013179,0.257031844086496,-0.795065922115937,0.426575156392929,0.998861670134564
"ENSGALG00010027083","DENND6A",26.4929409686669,0.383660308777966,0.482578479468703,0.795021587370325,0.426600944929037,0.998861670134564
"ENSGALG00010016909","MRPS5",54.0206861260059,0.299122276033866,0.376454875549525,0.794576708821278,0.426859771214155,0.998861670134564
"ENSGALG00010011401","ANKRD46",27.3472305040157,-0.384010415258666,0.483507653111991,-0.794217863537562,0.427068610805603,0.998861670134564
"ENSGALG00010028346","DENND1A",152.767607462697,0.241950105372197,0.304679127539441,0.794114474877761,0.427128791642519,0.998861670134564
"ENSGALG00010010661","CPEB2",26.5199142736739,0.395850747097742,0.49850857299572,0.794070089344563,0.427154629246735,0.998861670134564
"ENSGALG00010029326","NCBP3",13.5898470991303,-0.518871666682184,0.653732383549883,-0.793706537627246,0.427366293409565,0.998861670134564
"ENSGALG00010018670","MRAS",26.2298918157628,-0.382279068683846,0.481653866942592,-0.793680057237888,0.427381712996143,0.998861670134564
"ENSGALG00010008931","FNIP2",89.3637690844088,0.256081993301885,0.32279616004747,0.793324162419484,0.427588982745005,0.998861670134564
"ENSGALG00010001181","MFSD1",23.2632078897578,0.429035586760319,0.541142773883968,0.792832515679703,0.427875409390788,0.998861670134564
"ENSGALG00010016938","PSME4",46.60744038059,0.304500866290073,0.384160211422891,0.792640302758664,0.427987420366156,0.998861670134564
"ENSGALG00010024350","PGM1",10.8395878955343,-0.582956288292833,0.735584858988919,-0.792507188217715,0.428065002102555,0.998861670134564
"ENSGALG00010005319","NOL4",245.895324431194,0.200929209386225,0.25377491659612,0.79176150299362,0.428499753247813,0.998861670134564
"ENSGALG00010021705","CCDC18",13.3003572290075,0.520226356184666,0.657229446574563,0.791544503819863,0.428626316848454,0.998861670134564
"ENSGALG00010008041","ENSGALG00010008041",784.322810858726,0.194124822568844,0.245288421859043,0.791414535988166,0.428702130297369,0.998861670134564
"ENSGALG00010016598","AIFM1",10.9372050263088,-0.564395144415776,0.713534012337747,-0.790985621787884,0.428952381884825,0.998861670134564
"ENSGALG00010007748","CSGALNACT1",54.8491680220408,0.338476073205408,0.428050968386632,0.790737781720618,0.429097023805972,0.998861670134564
"ENSGALG00010004991","FAM133B",37.4185644985941,-0.336691059024083,0.425933426980269,-0.790478130376181,0.429248589313493,0.998861670134564
"ENSGALG00010024233","FAIM2",81.6371969509711,0.293789214908015,0.371810455538034,0.790158562063251,0.429435172683717,0.998861670134564
"ENSGALG00010029607","ZNF207",67.182009790038,-0.267267134451169,0.338308667062307,-0.790009717374299,0.429522093329012,0.998861670134564
"ENSGALG00010024433","ENSGALG00010024433",21.1139379318087,0.489646564937056,0.619964038344211,0.789798334504685,0.429645551882279,0.998861670134564
"ENSGALG00010019067","GTF3C1",30.4354545952702,0.361162216093174,0.45742480577867,0.789555379442903,0.429787475693443,0.998861670134564
"ENSGALG00010027374","NKTR",27.9918887838486,0.372904630643934,0.472396310601549,0.789389379796548,0.429884461145241,0.998861670134564
"ENSGALG00010013289","TM9SF4",14.4443890844968,-0.526791784456663,0.668125492798775,-0.788462332502737,0.430426323067488,0.998861670134564
"ENSGALG00010028889","FUBP3",49.1578207613835,0.307943032822568,0.390654705959622,0.788274217934027,0.430536324959237,0.998861670134564
"ENSGALG00010008210","CTDP1",78.422781551863,0.269129958238682,0.341533913576037,0.788003614108924,0.430694591886716,0.998861670134564
"ENSGALG00010016339","SETD3",51.2015396475115,0.312258127911177,0.396285426859266,0.787962682317032,0.43071853443156,0.998861670134564
"ENSGALG00010029270","TIMP2",17.3198375810367,0.469878396951867,0.59632689632874,0.787954391869044,0.430723383920501,0.998861670134564
"ENSGALG00010023293","COL11A1",148.439185244287,0.222249766053967,0.282062454030794,0.787945232972067,0.430728741444608,0.998861670134564
"ENSGALG00010015507","AMMECR1",86.7284287322845,0.253206126101662,0.321356951239681,0.787927957135772,0.430738847101826,0.998861670134564
"ENSGALG00010013582","MAP4K4",148.721668737357,0.25008734115422,0.317505752275932,0.787662394654441,0.43089420759427,0.998861670134564
"ENSGALG00010024440","PKNOX2",13.5126417457561,0.526076889042125,0.668135970230077,0.787379983240488,0.431059460780044,0.998861670134564
"ENSGALG00010023238","NUCB2",34.0914150133156,0.350647331396281,0.445430651636038,0.787209703931187,0.431159117566397,0.998861670134564
"ENSGALG00010005508","SS18",29.113861811842,-0.374849051460116,0.476346204364868,-0.786925660423636,0.431325385126717,0.998861670134564
"ENSGALG00010018961","ASB7",20.714091678449,0.439227385216799,0.558290176885813,0.786736724738458,0.43143600100581,0.998861670134564
"ENSGALG00010016820","EIF2AK3",53.2007667112065,0.290298341560912,0.369053432289763,0.786602470433018,0.431514612656997,0.998861670134564
"ENSGALG00010011018","QDPR",12.7450411076663,-0.517467603024761,0.658010139898752,-0.786412809845732,0.43162568120994,0.998861670134564
"ENSGALG00010020396","CHL1",218.501209902967,0.212634166834654,0.270416293515571,0.786321578741741,0.431679113639489,0.998861670134564
"ENSGALG00010010987","MARCH7",33.2265232935443,-0.343686285476497,0.437135484366426,-0.786223717286707,0.431736433608536,0.998861670134564
"ENSGALG00010021480","ENSGALG00010021480",35.8476792573199,0.33232671054435,0.422726825199828,0.786150040010485,0.431779591192783,0.998861670134564
"ENSGALG00010022186","DNAJB4",24.8980114267175,-0.387733564985456,0.49321546113727,-0.786134246666576,0.431788842709359,0.998861670134564
"ENSGALG00010011359","RNF19A",22.2060654577116,-0.400293621839495,0.509255463303065,-0.786036970999121,0.431845827946421,0.998861670134564
"ENSGALG00010022719","MSL2",11.7112815635321,0.550778412662802,0.7007450665066,0.785989711506038,0.431873514689421,0.998861670134564
"ENSGALG00010027391","TPM3",26.460877401847,-0.400293818996712,0.509535767557557,-0.785604945685181,0.432098966134792,0.998861670134564
"ENSGALG00010011997","DENND5B",18.5601425072793,0.470812937127159,0.599524780089423,0.785310220299708,0.432271704975859,0.998861670134564
"ENSGALG00010012315","ATP6V1E1",58.6797303870749,-0.418910777991523,0.533647862090633,-0.784994764806865,0.432456638056036,0.998861670134564
"ENSGALG00010011239","RALGPS2",49.3462098183562,0.318170744112166,0.405628555560529,0.784389411816665,0.432811649330322,0.998861670134564
"ENSGALG00010023948","SULF2",45.2835772246644,0.320456231958987,0.408671031417591,0.784142274159717,0.432956632503277,0.998861670134564
"ENSGALG00010029352","AATF",10.7668987072836,-0.575900447806647,0.734705670556602,-0.783851916333181,0.433127006665083,0.998861670134564
"ENSGALG00010021023","MGEA5",27.6506959463699,-0.376894542108705,0.48089968110364,-0.783727993422146,0.433199733103824,0.998861670134564
"ENSGALG00010002052","ENSGALG00010002052",21.5844772707076,0.516946362777971,0.659609108305512,0.783716228700918,0.433206637813915,0.998861670134564
"ENSGALG00010007539","RPS3A",47.0315680837655,-0.338868409043027,0.432570752364467,-0.783382619353585,0.433402459500983,0.998861670134564
"ENSGALG00010005872","STK24",32.4428327471174,-0.348658349831077,0.445171367062163,-0.783200303586441,0.433509496660358,0.998861670134564
"ENSGALG00010023588","FARSB",17.0274681224781,-0.465432587219735,0.594285297270189,-0.783180383828559,0.43352119242977,0.998861670134564
"ENSGALG00010002730","E2F6",13.160361325932,-0.545828299671273,0.697013727317631,-0.783095480446022,0.433571045000821,0.998861670134564
"ENSGALG00010006673","BAZ1A",27.7039727091899,0.369923297458185,0.472407149894355,0.783060327391132,0.43359168672907,0.998861670134564
"ENSGALG00010011802","VPS4B",13.77053860691,-0.519656341804743,0.664222085478835,-0.782353301953403,0.434006969766424,0.998861670134564
"ENSGALG00010004851","SOGA3",119.783004642469,0.235467224803391,0.301016078078594,0.782241355034569,0.434072744706248,0.998861670134564
"ENSGALG00010022759","THSD4",48.0100462229604,-0.318061221988941,0.406852117120368,-0.781761255760756,0.43435489461634,0.998861670134564
"ENSGALG00010006883","LRBA",82.3632883544624,0.270677947683478,0.346267730773849,0.781701335780147,0.434390116470737,0.998861670134564
"ENSGALG00010016449","FMR1",72.3943418663244,0.261404643596197,0.334610855910273,0.781219852790113,0.434673199209198,0.998861670134564
"ENSGALG00010019287","AHSA2",30.0674844742216,-0.372935934752144,0.477578483069574,-0.780889315521811,0.434867596689434,0.998861670134564
"ENSGALG00010024437","HERC1",122.628008463343,-0.233377861140049,0.29888954627509,-0.780816405419727,0.43491048375405,0.998861670134564
"ENSGALG00010027231","ATP2B2",709.349815319526,0.182472567556127,0.233849977265086,0.780297563806395,0.435215746448695,0.998861670134564
"ENSGALG00010013263","ATP11A",54.6736894623963,0.296744186114629,0.380309250974242,0.78027075427289,0.435231523311936,0.998861670134564
"ENSGALG00010002448","RAB9A",11.9947772451366,-0.55315016207706,0.709153882854844,-0.78001428949418,0.435382464278319,0.998861670134564
"ENSGALG00010016340","RGS12",304.354044171764,-0.256861142439883,0.329335372994944,-0.779937909809117,0.435427422967401,0.998861670134564
"ENSGALG00010025097","LMBR1",52.334297269832,0.303604806239112,0.38953727477475,0.779398599054922,0.435744948836436,0.998861670134564
"ENSGALG00010016935","PRIMA1",24.3242429602502,0.424690203541201,0.54534243487525,0.778758769502966,0.436121829523837,0.998861670134564
"ENSGALG00010025353","SLC12A4",51.0059370533239,0.298736180924192,0.383717243095807,0.778532073549802,0.436255405978307,0.998861670134564
"ENSGALG00010011050","SYT10",17.0651237826153,0.532190482216749,0.684002024874336,0.778053957244531,0.436537204584694,0.998861670134564
"ENSGALG00010026081","KPNA1",33.2138174622927,-0.354005240060074,0.455112550957163,-0.777841084179184,0.436662704304362,0.998861670134564
"ENSGALG00010024101","CNEP1R1",10.8362564319055,-0.581387580842799,0.747688201766326,-0.777580252663261,0.43681650635196,0.998861670134564
"ENSGALG00010027130","NCKIPSD",36.6978820118843,0.335207715743561,0.431117475331925,0.777532192322937,0.436844849041128,0.998861670134564
"ENSGALG00010002134","ANKRD28",113.73859148514,-0.262965177120965,0.338289554156206,-0.777337561536235,0.436959639746286,0.998861670134564
"ENSGALG00010020712","ZC3H7A",35.8022038646928,-0.355317692139192,0.457171236950037,-0.777209201763546,0.437035354174346,0.998861670134564
"ENSGALG00010029648","NIPSNAP2",81.7209094354973,-0.266590065026679,0.343075626602415,-0.777059179828085,0.43712385584166,0.998861670134564
"ENSGALG00010023199","RPS13",38.2728491463451,-0.379403207625339,0.48831841641266,-0.776958629601877,0.437183178693646,0.998861670134564
"ENSGALG00010000823","PIBF1",105.921106642131,-0.256081979849507,0.329665016004106,-0.776794526011572,0.437280006858865,0.998861670134564
"ENSGALG00010014626","C2CD5",89.4985135441717,-0.248112358771712,0.319464077196583,-0.776651825610536,0.437364216257344,0.998861670134564
"ENSGALG00010007115","ENSGALG00010007115",10.3845664877839,-0.664410338094091,0.855528252833234,-0.776608295393844,0.437389905873136,0.998861670134564
"ENSGALG00010014120","SOX5",135.562754679025,0.257193662547737,0.331185823480972,0.776584154008978,0.437404153429109,0.998861670134564
"ENSGALG00010021645","ASCC1",11.0995497614336,-0.542737141126238,0.698984861294406,-0.776464800855884,0.437474596176519,0.998861670134564
"ENSGALG00010006183","PRKN",425.074237330943,0.267138729838265,0.344461720228052,0.775525157516502,0.438029405728866,0.998861670134564
"ENSGALG00010023252","GLG1",49.7727476461452,-0.297090496285957,0.383126116299037,-0.775437861443182,0.438080969965522,0.998861670134564
"ENSGALG00010016581","H2AFY",56.6638157641787,-0.280540089976826,0.361842016145755,-0.775310985067638,0.43815591980557,0.998861670134564
"ENSGALG00010021088","ANKLE2",15.7253282385035,0.46633177883619,0.601842785627752,0.774839858468658,0.43843429352753,0.998861670134564
"ENSGALG00010013199","RALYL",319.847194125376,0.233340440981884,0.301268214338295,0.774527248068279,0.438619061166463,0.998861670134564
"ENSGALG00010007455","TRPC6",168.353214921842,0.22310075302266,0.288068820913611,0.774470323845168,0.43865271090974,0.998861670134564
"ENSGALG00010016796","BROX",10.1928197317926,-0.603768662034113,0.779922564119719,-0.774139241266309,0.438848453900005,0.998861670134564
"ENSGALG00010012900","RBX1",27.9736697876327,0.394192283573193,0.509238227854278,0.774082270363242,0.438882141357306,0.998861670134564
"ENSGALG00010011342","RASAL2",26.8374073738975,0.385020306103868,0.497479913853935,0.773941410259458,0.438965439704607,0.998861670134564
"ENSGALG00010005539","IFT88",38.2283434400996,-0.336406658958301,0.434798068050648,-0.773707805249756,0.439103603248068,0.998861670134564
"ENSGALG00010022168","ENSGALG00010022168",99.5631885349334,-0.800178625435639,1.0344847091467,-0.773504546138407,0.439223839306592,0.998861670134564
"ENSGALG00010023544","SSB",43.6244986502477,-0.341916765757718,0.442118333814681,-0.773360296569461,0.439309180282135,0.998861670134564
"ENSGALG00010010351","NAMPTP1",12.0410663577082,-0.522016554681097,0.675676232541789,-0.772583864193878,0.439768696974679,0.998861670134564
"ENSGALG00010028739","GARNL3",87.8814863617086,0.247459076223728,0.320556569398128,0.771966947014542,0.440134004222222,0.998861670134564
"ENSGALG00010016189","ENSGALG00010016189",36.9062319294946,-0.335397761912305,0.434574504119024,-0.771784259622474,0.440242215882369,0.998861670134564
"ENSGALG00010016810","SH3GL3",17.0415570403999,-0.469026476764187,0.607968974517774,-0.771464493128465,0.440431660661628,0.998861670134564
"ENSGALG00010011647","FBXO38",32.0680464142991,-0.383708551579579,0.497451634215685,-0.771348459201584,0.440500416200097,0.998861670134564
"ENSGALG00010008262","CYB5B",12.8562564554393,-0.626086070009003,0.81243409301474,-0.770629981425021,0.440926284960413,0.998861670134564
"ENSGALG00010000063","SERF2",34.7192319062641,-0.397209192864613,0.515554174418098,-0.770450929454581,0.44103245250456,0.998861670134564
"ENSGALG00010003261","PEX2",31.3342570156596,0.34408366807434,0.446999037167478,0.769763779033425,0.441440029227749,0.998861670134564
"ENSGALG00010029319","BRIP1",25.4392145168631,-0.41345521418411,0.537153713492279,-0.769714895008453,0.441469032538267,0.998861670134564
"ENSGALG00010017085","SRSF7L",24.4623055736532,0.392771528826227,0.510335512146398,0.769633935867575,0.441517068689982,0.998861670134564
"ENSGALG00010017147","SRSF7L",24.4623055736532,0.392771528826227,0.510335512146398,0.769633935867575,0.441517068689982,0.998861670134564
"ENSGALG00010019336","DEXI",13.0874024313191,0.519636731625233,0.675452669093229,0.769316275443588,0.441705577668972,0.998861670134564
"ENSGALG00010006015","CDC123",30.0857043217,-0.363402948171006,0.472479010359585,-0.769140935794025,0.441809649076099,0.998861670134564
"ENSGALG00010025207","BMPR2",91.3618541733874,0.290115670742702,0.377400122363862,0.768721718810131,0.442058528763983,0.998861670134564
"ENSGALG00010008027","C2H6ORF62",23.2579708978299,-0.426231133776256,0.554639103245099,-0.768483742459645,0.4421998456615,0.998861670134564
"ENSGALG00010018917","DNAJC11",13.3319919882244,-0.492033477220519,0.640756111720605,-0.767895098026103,0.442549509933725,0.998861670134564
"ENSGALG00010013772","KIAA0319L",17.0752533829578,0.451279512793943,0.587686782947943,0.767891206486291,0.442551822097115,0.998861670134564
"ENSGALG00010020550","HECTD2",21.5716263953032,-0.419296163918592,0.546373449425474,-0.767416799552565,0.442833743346005,0.998861670134564
"ENSGALG00010009469","DNMT3A",222.207978876986,0.21649516707724,0.282225768078375,0.767099221843978,0.443022524562145,0.998861670134564
"ENSGALG00010016980","NPHP1",30.5189458734824,-0.366357524410227,0.477690316642592,-0.766935212304787,0.443120036570514,0.998861670134564
"ENSGALG00010007007","ACSL1",16.8047571122017,-0.504809675413535,0.658220188536282,-0.766931316002485,0.443122353269467,0.998861670134564
"ENSGALG00010029140","NPDC1",17.110753577362,0.470922820812985,0.614294850214696,0.766607144188817,0.443315126549547,0.998861670134564
"ENSGALG00010015719","XRN1",28.5785986456264,-0.364941453233003,0.476144034094392,-0.766451802608654,0.443407519563145,0.998861670134564
NA,"FCHSD2",65.6107021114809,-0.273549305516043,0.357264764866457,-0.765676698115734,0.443868695341841,0.998861670134564
"ENSGALG00010013177","OXR1",397.315210569042,0.184110433565886,0.240536431196587,0.765416002266266,0.444023867071846,0.998861670134564
"ENSGALG00010010964","INTS9",20.2610396099645,0.427670920359343,0.559307294958,0.764643916170373,0.444483610829082,0.998861670134564
"ENSGALG00010017866","RALA",23.0176563490388,-0.438630374518188,0.57364842046163,-0.764632759147512,0.44449025634219,0.998861670134564
"ENSGALG00010012216","BRD8",10.7466952033147,-0.552480134770292,0.722732794171252,-0.764432082266052,0.444609796192973,0.998861670134564
"ENSGALG00010023408","ZBTB44",13.5452007012519,-0.495757057192077,0.648636177035756,-0.764306825218521,0.444684419010265,0.998861670134564
"ENSGALG00010012373","WNT7B",103.147440224197,-0.250334296215488,0.327553365016039,-0.764254997664974,0.444715297750262,0.998861670134564
"ENSGALG00010000215","SF3A1",10.5872798031411,-0.579654921255743,0.758532815489565,-0.764179096037694,0.444760521976586,0.998861670134564
"ENSGALG00010022727","ACP2",12.4287377728949,-0.51404385869233,0.67340110125362,-0.763354645151861,0.445251920910719,0.998861670134564
"ENSGALG00010021708","CNTNAP5",44.7911494518836,-0.396531883681482,0.519950240271894,-0.762634292608703,0.445681527161791,0.998861670134564
"ENSGALG00010010596","SHLD2",24.9559591822864,0.409650353869187,0.537335779272839,0.762373118766733,0.445837345205866,0.998861670134564
"ENSGALG00010012372","LEMD3",32.9131905907815,0.379136734181335,0.498005302796793,0.761310636758499,0.446471548826769,0.998861670134564
"ENSGALG00010023422","WLS",11.230432362485,0.612195892771878,0.804596023230779,0.760873624895216,0.446732553515079,0.998861670134564
"ENSGALG00010014460","ENSGALG00010014460",21.87597908519,0.411498635687996,0.540879055980642,0.760796024800642,0.446778909132381,0.998861670134564
"ENSGALG00010024687","RYK",25.5841813114924,0.369439209092689,0.485656719470262,0.760700293605864,0.446836099413642,0.998861670134564
"ENSGALG00010008148","ABCD2",17.9127364396095,-0.42844015199424,0.563500912957886,-0.760318470018628,0.44706424411285,0.998861670134564
"ENSGALG00010019263","SNRPB2",12.6115853579625,-0.510607172623474,0.671657240080462,-0.760219859406719,0.447123176035684,0.998861670134564
"ENSGALG00010019237","SORCS3",61.8763056481187,0.304476761161977,0.400714439482875,0.759834763017041,0.447353360625995,0.998861670134564
"ENSGALG00010029657","CHCHD2",79.7680663831357,-0.29419361568779,0.387194115984841,-0.759809107479589,0.447368698165628,0.998861670134564
"ENSGALG00010016922","ENSGALG00010016922",14.3848730084654,-0.472103800071898,0.621531329689976,-0.759581661486617,0.447504684299609,0.998861670134564
"ENSGALG00010029757","ULK2",31.4588485885825,-0.343688943903407,0.45252727318457,-0.759487801662792,0.447560808358416,0.998861670134564
"ENSGALG00010023979","FAM118B",14.044112572073,-0.521971207174493,0.687537864001549,-0.759189034530493,0.447739484638499,0.998861670134564
"ENSGALG00010014399","GAS6",29.252659478818,0.368348294877273,0.485439782265431,0.758792971516012,0.447976410743511,0.998861670134564
"ENSGALG00010003820","SH3YL1",19.6598192121577,0.408436202795944,0.538745973603675,0.758123907755471,0.448376808482254,0.998861670134564
"ENSGALG00010022798","ENSGALG00010022798",10.1497203830344,0.625097585603929,0.824569472387167,0.758089653494256,0.448397313234454,0.998861670134564
"ENSGALG00010020764","PRKAR2A",44.7961483290725,0.318271932253439,0.420015177578762,0.757762931540149,0.448592917199572,0.998861670134564
"ENSGALG00010000800","LMO7",93.9443849382461,-0.240357447934996,0.317234700722658,-0.757664427590875,0.448651899669424,0.998861670134564
"ENSGALG00010008313","PSMD7",21.5378649377967,-0.402420420495794,0.531148379880402,-0.757642187643321,0.448665217176502,0.998861670134564
"ENSGALG00010008449","SRA1",15.6502785413477,0.491788364594041,0.649273051760342,0.75744459632304,0.44878354672431,0.998861670134564
"ENSGALG00010002135","ELOVL5",93.6838442709924,0.247233797308172,0.326408518948203,0.757436717965701,0.448788265124953,0.998861670134564
"ENSGALG00010011886","NTNG1",27.2358043989581,0.42818111592949,0.565321597072924,0.757411565640675,0.448803329208248,0.998861670134564
"ENSGALG00010004018","HNRNPD",22.7891523501133,0.41546077729286,0.54862481711038,0.757276674943547,0.448884122051529,0.998861670134564
"ENSGALG00010021625","HCN4",18.2828421814083,0.445113855598088,0.58804083655258,0.756943783373261,0.449083542921926,0.998861670134564
NA,"RPL23A",44.0887443310469,-0.331348155555759,0.437793233555738,-0.756859928748928,0.449133784507125,0.998861670134564
"ENSGALG00010028078","LAMTOR2",39.3467279668415,-0.308557640074714,0.407867392473249,-0.756514606876674,0.44934071806799,0.998861670134564
"ENSGALG00010024755","PIGX",10.5913895993544,0.549757819587405,0.726942553702167,0.756260335548665,0.449493124303874,0.998861670134564
"ENSGALG00010020316","PDPK1",32.6816692024678,0.353107736516301,0.4670895455879,0.755974394742369,0.449664547739833,0.998861670134564
"ENSGALG00010022708","SPRED1",54.0438840671886,0.286413692779378,0.379152077503377,0.75540583785098,0.450005511517104,0.998861670134564
"ENSGALG00010018309","DPYSL2",133.019330343707,-0.257809204780037,0.341297878870741,-0.755378866206421,0.450021690061707,0.998861670134564
"ENSGALG00010017187","ZNF839",34.8897466242557,-0.370295343367984,0.490430501216146,-0.755041422688318,0.450224128454415,0.998861670134564
"ENSGALG00010004146","NAAA",17.6643670666531,-0.440486022064961,0.58372731685251,-0.754609231653035,0.450483482917281,0.998861670134564
"ENSGALG00010006936","ENSGALG00010006936",30.2651010157304,1.0735024795947,1.42304638112791,0.754369283975016,0.45062751016725,0.998861670134564
"ENSGALG00010009649","TENM2",590.091298242691,0.208243592937065,0.276352635354371,0.753542996505287,0.451123684054121,0.998861670134564
"ENSGALG00010027166","CDK5",23.5482543973644,0.442609983843757,0.587487597407085,0.753394600664328,0.451212826386827,0.998861670134564
"ENSGALG00010020320","PDE6C",12.7545617375454,-0.490633338747317,0.651736015082403,-0.752809922105169,0.45156414353018,0.998861670134564
"ENSGALG00010012606","ATP5PO",38.9996058033981,-0.326987795214391,0.434411853049584,-0.752713796640048,0.451621917464188,0.998861670134564
"ENSGALG00010016076","RAB3GAP2",68.3617043462674,-0.275747974550979,0.366542143338223,-0.75229541694619,0.45187342335986,0.998861670134564
"ENSGALG00010019498","ENSGALG00010019498",14.4062940426306,0.518401598744397,0.68937102624509,0.751992147926582,0.452055780810614,0.998861670134564
"ENSGALG00010018379","SRBD1",29.3355606843572,0.345695488427997,0.459879229500406,0.75170928855288,0.452225903308962,0.998861670134564
"ENSGALG00010020641","ENSGALG00010020641",14.7016583717348,-0.494704398560308,0.65815436085692,-0.75165406169489,0.452259123085242,0.998861670134564
"ENSGALG00010007102","CMTM3",10.517488609124,-0.560864493335647,0.74715255125633,-0.750669314308783,0.452851694760423,0.998861670134564
"ENSGALG00010003583","RSAD2",13.4558721068363,0.513788984227363,0.68510758203832,0.749939130287754,0.453291365888223,0.998861670134564
"ENSGALG00010021810","ANKRD13A",16.2974088011716,-0.453207685400264,0.604368265611089,-0.749886635662473,0.453322984147219,0.998861670134564
"ENSGALG00010009943","DHX15",43.7757657965188,-0.301864633789032,0.402551139314665,-0.749878970167493,0.453327601287955,0.998861670134564
"ENSGALG00010002280","ST7",60.7341521424346,-0.276917828587903,0.369432974943397,-0.74957528799461,0.45351053885523,0.998861670134564
"ENSGALG00010005456","RPL7L1",16.1943074507853,-0.442125164300656,0.590025446670321,-0.749332366588073,0.453656904233714,0.998861670134564
"ENSGALG00010024616","ARVCF",223.021552012403,0.213106858757091,0.284467921718817,0.749141968167986,0.453771642008409,0.998861670134564
"ENSGALG00010017895","MNAT1",45.7868895515204,-0.301032880108302,0.401906112477982,-0.7490129429788,0.453849404389455,0.998861670134564
"ENSGALG00010000028","ND4L",12.3136891454225,-0.568991457301273,0.760106229616885,-0.74856833838615,0.454117421349772,0.998861670134564
"ENSGALG00010017098","DAAM1",70.6977029261817,0.258706566952325,0.345611210405498,0.7485479613025,0.454129707220914,0.998861670134564
"ENSGALG00010002628","TRIM7.2",12.5005296784881,-0.509599259202655,0.680844607163625,-0.74848100997029,0.454170075231341,0.998861670134564
"ENSGALG00010009441","ZNF518B",61.4431214648823,-0.307322008192322,0.410646338313556,-0.748386091677898,0.454227309264035,0.998861670134564
"ENSGALG00010022228","FUBP1",200.748485692992,0.197877608265305,0.264427488061743,0.748324653067464,0.454264357814882,0.998861670134564
"ENSGALG00010028764","ARNT",26.7521419221922,0.356600650967448,0.476707716802957,0.748048832435506,0.454430703442051,0.998861670134564
"ENSGALG00010020922","INSIG2",10.9144846617112,-0.548712695906019,0.733559806460238,-0.748013578543526,0.454451967308877,0.998861670134564
"ENSGALG00010027975","IQSEC1",776.391202947123,0.183594018623035,0.245867199471497,0.746720257999764,0.455232438802749,0.998861670134564
"ENSGALG00010008897","NSMCE2",41.9105227655844,-0.304604135080496,0.407935425516266,-0.746696942769805,0.455246515610091,0.998861670134564
"ENSGALG00010028516","GATAD2A",18.4381339807832,0.440499845715615,0.590278794965021,0.74625727617696,0.455512014670692,0.998861670134564
"ENSGALG00010026964","SRPK1",30.213120056371,0.348830218755602,0.467933011772444,0.745470419866933,0.455987386762421,0.998861670134564
"ENSGALG00010007653","ENSGALG00010007653",11.0470514834007,-0.623050586192773,0.835917718199217,-0.745349180461189,0.456060657250731,0.998861670134564
"ENSGALG00010025904","RPL10A",37.9105911374453,-0.337002916445634,0.452238231356675,-0.745188913893136,0.456157523790242,0.998861670134564
"ENSGALG00010002937","GALNT7",112.232769508451,0.268237303014141,0.359988675698401,0.745127058493558,0.456194912838392,0.998861670134564
"ENSGALG00010019144","IFT122",24.1187305084314,-0.373987841567524,0.502663689029268,-0.744012049666368,0.456869185326653,0.998861670134564
"ENSGALG00010001647","ARL8BL",29.0525886300439,0.350762272488944,0.471460828595857,0.743990277057826,0.456882357314905,0.998861670134564
"ENSGALG00010014902","AASDH",11.9600339569784,-0.499220231426066,0.671645085029727,-0.743279810353962,0.457312292378469,0.998861670134564
"ENSGALG00010001308","MGMT",14.1026984672775,0.485719314167408,0.65376050794334,0.7429621524485,0.457504594807448,0.998861670134564
"ENSGALG00010013305","THOC2",116.107939965422,0.230004735184961,0.309684083807167,0.742707640500438,0.457658702950954,0.998861670134564
"ENSGALG00010022698","SEMA6D",88.2108217318713,-0.234521354692438,0.315916349005371,-0.742352700108127,0.457873669619155,0.998861670134564
"ENSGALG00010017579","P3H2",20.7269808755099,-0.394646828628764,0.532031431832132,-0.741773521293164,0.45822456603732,0.998861670134564
"ENSGALG00010009372","RAB28",73.4501741028666,-0.263193796149219,0.354879608095062,-0.741642489862976,0.458303972557561,0.998861670134564
"ENSGALG00010021827","CCZ1",33.1097224971075,0.350559811060317,0.472686208883137,0.741633253672917,0.458309570083762,0.998861670134564
"ENSGALG00010011663","UTP20",16.7599567094972,0.427675376100882,0.576771423833941,0.741498899612639,0.458390998725909,0.998861670134564
"ENSGALG00010024430","ZNF652",36.754711973124,-0.313138079753289,0.422385096966144,-0.741356837640482,0.45847710776511,0.998861670134564
"ENSGALG00010016235","DDX27",18.2697234406787,-0.470518656271132,0.634718539652137,-0.741302840356616,0.458509839903765,0.998861670134564
"ENSGALG00010028884","VAV2",34.2895080709203,0.36966673467758,0.499479437228242,0.740104010545397,0.459236885388662,0.998861670134564
"ENSGALG00010020140","SECISBP2L",10.025703294216,-0.549073590001369,0.742125938440156,-0.739865784984479,0.459381437168542,0.998861670134564
"ENSGALG00010027245","LRIG2",17.1131213815118,-0.472506659131566,0.639080038771736,-0.739354432098502,0.459691804649282,0.998861670134564
"ENSGALG00010002649","UFL1",25.8936174144037,0.353512303220247,0.478258956149389,0.739165045787086,0.459806783139651,0.998861670134564
"ENSGALG00010016882","ENSGALG00010016882",32.5022102758296,0.343147338471605,0.46441572808587,0.738879666900853,0.459980070168674,0.998861670134564
"ENSGALG00010024681","ATP6V0A2",49.1771599371838,-0.276430310543598,0.374154335314336,-0.738813597633079,0.460020193788247,0.998861670134564
"ENSGALG00010004568","RSU1",34.9230455173938,0.31711796013972,0.429270777622485,0.73873642621582,0.46006706218166,0.998861670134564
"ENSGALG00010003795","LCP1",14.1148750632609,-0.48280582252764,0.653654364911488,-0.738625561833458,0.460134397946224,0.998861670134564
"ENSGALG00010028104","GOLGA1",50.5758030613134,0.303568459771217,0.411137686405878,0.738362037362666,0.460294477088468,0.998861670134564
"ENSGALG00010014262","ENSGALG00010014262",14.5042852200221,0.476113394605142,0.645024051772859,0.738132777059299,0.460433767644579,0.998861670134564
"ENSGALG00010013412","COMMD7",11.073560552031,-0.53569413873014,0.726450116218841,-0.737413521961312,0.460870914904603,0.998861670134564
"ENSGALG00010029632","TMEM132E",10.4911236187458,0.563028860843307,0.763545088068017,0.737387836870154,0.460886530021538,0.998861670134564
"ENSGALG00010010757","ENSGALG00010010757",18.1493890343681,0.535487059154605,0.726403759929809,0.737175505818345,0.461015626902394,0.998861670134564
"ENSGALG00010008276","DNAJC18",18.8686937409241,-0.402782700645811,0.546500873184551,-0.737021147466296,0.461109489176232,0.998861670134564
"ENSGALG00010023624","PSMA1",17.1052647145308,-0.465216676260374,0.631251224526459,-0.736975483270328,0.461137258721374,0.998861670134564
"ENSGALG00010020152","ATXN7",23.2118679974045,0.376708804455011,0.51145853305479,0.736538311727915,0.461403161020381,0.998861670134564
"ENSGALG00010027316","TRAIP",27.2193318280267,0.399712170583823,0.542918294826171,0.736228958193056,0.461591371887005,0.998861670134564
"ENSGALG00010024873","HYOU1",27.9040143237874,0.491863938049857,0.668177506961101,0.736127650101355,0.461653017106631,0.998861670134564
"ENSGALG00010029147","RABL6",53.1918076642834,0.284331786224712,0.386267752261207,0.736100242798517,0.461669695036507,0.998861670134564
"ENSGALG00010002341","FAM49A",197.131448461609,0.203255948477254,0.276171029566601,0.735978530391932,0.461743763703595,0.998861670134564
"ENSGALG00010010855","ATP5PF",32.0979721647836,-0.359693723095458,0.488834775979002,-0.73581860532547,0.461841096954497,0.998861670134564
"ENSGALG00010006254","PROS1",11.8767615377741,-0.517842815416484,0.704122176076503,-0.735444547851053,0.462068799737894,0.998861670134564
"ENSGALG00010003101","KLHL15",15.5941503669622,0.461898919380763,0.628682759720131,0.73470905991821,0.462516701450284,0.998861670134564
"ENSGALG00010006454","SOD2",19.3573604124229,-0.416204092203113,0.566560137806957,-0.734615911762091,0.462573444629848,0.998861670134564
"ENSGALG00010007975","ANKRD11",164.681024432523,0.220428709850594,0.300586315473822,0.733329158724762,0.463357694807253,0.998861670134564
"ENSGALG00010020065","TTYH3",104.86786701401,0.247041673250526,0.336905912384032,0.733266066785221,0.463396167125388,0.998861670134564
"ENSGALG00010021001","ENSGALG00010021001",25.7383607779103,0.384366367988783,0.524791189629272,0.732417722676157,0.463913644785121,0.998861670134564
"ENSGALG00010027539","DDR1",10.8031401337992,-0.558349503006735,0.762896196898229,-0.731881355912985,0.464240986738853,0.998861670134564
"ENSGALG00010023913","ZMYND8",95.1136646761517,-0.235954688538952,0.322541820659989,-0.731547580577735,0.464444753035278,0.998861670134564
"ENSGALG00010009650","KLHL29",816.799134086589,0.224510798064127,0.307245974419373,0.730720063911018,0.464950157762913,0.998861670134564
"ENSGALG00010029332","YWHAE",77.460539814309,-0.310826247035897,0.425722328004503,-0.7301149753945,0.465319908287131,0.998861670134564
"ENSGALG00010006750","ENSGALG00010006750",11.597464393225,-0.498856015263155,0.683684209393344,-0.729658530077515,0.465598935750699,0.998861670134564
"ENSGALG00010023991","TSPAN3",46.4369066521428,0.302773267568427,0.41495684727082,0.72965000953659,0.465604145286731,0.998861670134564
"ENSGALG00010002953","WDFY2",31.5153919725245,0.356475067341528,0.488592160020604,0.729596372005838,0.465636940503373,0.998861670134564
"ENSGALG00010015436","SLC30A9",24.8806948890407,0.365949791443363,0.501585808848559,0.729585616234714,0.465643516983041,0.998861670134564
"ENSGALG00010007980","MARCH1",79.449685585385,0.287834966074084,0.394596783799476,0.729440730110854,0.465732110793271,0.998861670134564
"ENSGALG00010027188","KCNH2",13.411105571607,-0.483897598158258,0.663589177296439,-0.729212613336657,0.465871616793771,0.998861670134564
"ENSGALG00010024754","EIF2S2",35.7586591945146,-0.339469905974459,0.465614061486796,-0.729080012941332,0.465952719922019,0.998861670134564
"ENSGALG00010026343","ENSGALG00010026343",14.5952139577738,-0.48524209679259,0.665961250920817,-0.728634130171464,0.466225495227034,0.998861670134564
"ENSGALG00010015059","ENSGALG00010015059",21.724103094304,0.40066401338709,0.550049776159834,0.728414101327922,0.466360133752422,0.998861670134564
"ENSGALG00010002760","RAB2A",70.9867783761237,-0.248529503924367,0.341220510071198,-0.728354529077135,0.466396590503891,0.998861670134564
"ENSGALG00010008823","ENSGALG00010008823",12.3955388584139,-0.522469944836402,0.717380861590632,-0.728302039836889,0.466428713938157,0.998861670134564
"ENSGALG00010009567","NSD1",43.4174168278539,0.310624020709356,0.42655459830494,0.728216321998934,0.466481175926617,0.998861670134564
"ENSGALG00010011932","VAV3",129.33453711066,0.223730689874682,0.307241927925188,0.728190619638214,0.466496907210667,0.998861670134564
"ENSGALG00010025121","WDR60",49.0404355400889,0.282154621335169,0.387524921804379,0.728094131395242,0.466555966045884,0.998861670134564
"ENSGALG00010012865","EP300",57.443446816015,0.265676818815454,0.365005145729704,0.727871433933685,0.466692291266098,0.998861670134564
"ENSGALG00010022553","PRPF6",18.217646142813,-0.418692445204803,0.575359847262924,-0.727705360734831,0.466793968082791,0.998861670134564
"ENSGALG00010018608","TRIM8",20.7319628291534,0.418730048249117,0.575706209077998,0.727332868130292,0.467022068007164,0.998861670134564
"ENSGALG00010009482","ARID4B",88.7211156361458,0.234030436420328,0.322013024763168,0.726773199911561,0.467364903159315,0.998861670134564
"ENSGALG00010018319","STUB1",12.1501203265656,-0.501500906282951,0.69004236788402,-0.726768282099516,0.467367916274587,0.998861670134564
"ENSGALG00010029165","RAC3",16.6361147520328,-0.444350119996739,0.611440841845038,-0.726726266200833,0.467393659614095,0.998861670134564
"ENSGALG00010005146","TGFB3",11.953513953389,-0.522489754214159,0.719114020029309,-0.72657428399583,0.467486786392865,0.998861670134564
"ENSGALG00010018315","CLASP2",117.403497484058,-0.239848637973114,0.330203851754818,-0.726365354911745,0.467614824038985,0.998861670134564
"ENSGALG00010016700","CLUAP1",19.5061514626955,0.413193696148938,0.568886820357902,0.726319684975276,0.467642814454689,0.998861670134564
"ENSGALG00010024449","CACHD1",10.2233081781656,0.550841501753307,0.758405411193322,0.72631536329175,0.467645463197472,0.998861670134564
"ENSGALG00010001116","RNF13",45.0062515650188,-0.286383121440179,0.394389820083412,-0.726142275628742,0.467751554777794,0.998861670134564
"ENSGALG00010006220","SGCG",30.6582880554651,-0.345987933777285,0.476503705302524,-0.726097047991732,0.467779278601466,0.998861670134564
"ENSGALG00010007878","PSMB1",28.5805906687895,-0.334925569778585,0.461362304785102,-0.725949143015899,0.467869948361195,0.998861670134564
"ENSGALG00010028771","SETX",25.9078848109442,-0.370981373690239,0.511275873861413,-0.725599216893222,0.468084501323614,0.998861670134564
"ENSGALG00010023590","S1PR1",45.544558756847,-0.330887578152087,0.456094280657984,-0.725480656487804,0.46815720755745,0.998861670134564
"ENSGALG00010022062","MITF",43.4011563168261,0.297443390214699,0.410011920004989,0.72545059229273,0.468175645182059,0.998861670134564
"ENSGALG00010022749","HSPA12A",23.467641164073,-0.368085505039832,0.50752437141209,-0.725256806910976,0.468294498596087,0.998861670134564
"ENSGALG00010017387","HS6ST2",27.728495054401,0.362410598440715,0.499720339558548,0.725226831393071,0.46831288482173,0.998861670134564
"ENSGALG00010008630","ENSGALG00010008630",31.4873252267414,-0.329344009986693,0.454181997232836,-0.725136645647044,0.468368204890976,0.998861670134564
"ENSGALG00010008128","RARS",15.1464266778569,-0.489156273883486,0.674655977323932,-0.725045490330876,0.468424123372407,0.998861670134564
"ENSGALG00010008731","NDUFB9",13.4058045713518,-0.483733399424722,0.667236893300895,-0.72497999478362,0.468464303360713,0.998861670134564
"ENSGALG00010018819","LRRC28",50.527353063108,0.290945395389111,0.40133178936706,0.72494978742641,0.468482835511639,0.998861670134564
"ENSGALG00010024596","EPS15",39.4174149247851,-0.327707672906925,0.452302597874127,-0.724531927181466,0.468739233536883,0.998861670134564
"ENSGALG00010019319","ACTR3",32.1313800413073,-0.347797910148167,0.480184887329649,-0.72429999220155,0.468881581780955,0.998861670134564
"ENSGALG00010015002","ADAM19",18.4557765482434,-0.441772830921534,0.61013361474712,-0.724059157279237,0.46902941760294,0.998861670134564
"ENSGALG00010001785","CNTN1",741.599733507521,0.172382505680503,0.23820976549588,0.723658433237004,0.469275458035605,0.998861670134564
"ENSGALG00010018337","TMEM151B",19.0146691640629,0.415141006185715,0.573799383652015,0.723495036790559,0.469375802251645,0.998861670134564
"ENSGALG00010029333","ENSGALG00010029333",16.2276438546442,0.454675173043824,0.628575727875133,0.723341918691053,0.469469845147376,0.998861670134564
"ENSGALG00010024839","PA2G4",17.3823461752263,0.450035021532188,0.622192551796328,0.723305060841527,0.469492484254641,0.998861670134564
"ENSGALG00010006972","ENSGALG00010006972",18.1929345731636,0.407140605558788,0.563013424146536,0.723145467048085,0.46959051812665,0.998861670134564
"ENSGALG00010005540","PCMT1",27.7709075764284,-0.350048325476241,0.484073221389218,-0.723130943851128,0.469599439870056,0.998861670134564
"ENSGALG00010008988","PPM1G",10.0295578842668,0.551871798241252,0.763493329213558,0.722824649705468,0.469787621215012,0.998861670134564
"ENSGALG00010017421","GPR157",11.6194633105923,-0.51027179949163,0.706409810895359,-0.722345289690798,0.470082214595727,0.998861670134564
"ENSGALG00010022345","USP33",75.542754830078,-0.241004871851412,0.333675290035835,-0.722273656600493,0.470126245875358,0.998861670134564
"ENSGALG00010028151","DOCK3",183.91500132295,0.187055909618863,0.259087350558506,0.721980093646534,0.470306716341863,0.998861670134564
"ENSGALG00010019873","LGR4",37.3408964336502,0.302480831846123,0.419005706631261,0.7219014611472,0.470355062874026,0.998861670134564
"ENSGALG00010027438","ST7L",17.4559340089063,-0.425938597024359,0.59003337700514,-0.721888987342234,0.470362732540521,0.998861670134564
"ENSGALG00010016027","COPS2",45.3562416040151,-0.282571792592561,0.391900543683346,-0.721029345702765,0.470891459721149,0.998861670134564
"ENSGALG00010020237","MIB2",12.2883970325203,0.475529939323214,0.659604244482979,0.720932200331657,0.470951230120094,0.998861670134564
"ENSGALG00010011484","CHPT1",14.0831948637606,-0.454527052192195,0.630484536843045,-0.720917049715601,0.470960552180564,0.998861670134564
"ENSGALG00010010909","SLIT3",51.2336292517417,0.316732492359405,0.439382996771885,0.720857417529618,0.470997244406565,0.998861670134564
"ENSGALG00010025251","ENSGALG00010025251",49.2361931112586,0.28412866906405,0.394341953028854,0.720513419588559,0.471208940257846,0.998861670134564
"ENSGALG00010012571","AGAP1",93.9055748251054,0.230176333543908,0.31952549090508,0.720369235305502,0.471297686671557,0.998861670134564
"ENSGALG00010021513","SDF4",31.4131755557468,0.334752120805697,0.465002057085515,0.71989384929567,0.471590355312277,0.998861670134564
"ENSGALG00010029256","RABEP1",56.6300133883658,0.277952391160495,0.386322754462611,0.719482318734079,0.471843792613739,0.998861670134564
"ENSGALG00010019972","PPP1CB",42.8349581720959,0.287881887763547,0.400342461425961,0.719089068739184,0.472086042121445,0.998861670134564
"ENSGALG00010027579","C26H6ORF125",10.860762219874,-0.55699450614154,0.774908886191895,-0.718787093639817,0.472272111056714,0.998861670134564
"ENSGALG00010003474","RPS7",49.8605218567869,0.288474586729236,0.401697551464197,0.718138773009045,0.472671725232128,0.998861670134564
"ENSGALG00010017550","TM2D2",10.6147957636956,-0.581211419011332,0.809377354958323,-0.718096961140283,0.472697503769289,0.998861670134564
"ENSGALG00010018515","SEMA4G",21.7861133932974,0.427559634420315,0.595412836882445,0.71808937922635,0.472702178377772,0.998861670134564
"ENSGALG00010016873","ENTPD6",11.485048815875,0.520695565282876,0.725678578050827,0.71752919409784,0.473047629398853,0.998861670134564
"ENSGALG00010027184","MPND",12.5183611485941,0.578330053466035,0.806021677591789,0.717511786027834,0.473058366710147,0.998861670134564
"ENSGALG00010001411","FGFR2",24.7529782341042,0.414796973858571,0.578117083506785,0.717496482446885,0.473067806081708,0.998861670134564
"ENSGALG00010021200","FTO",36.9235727859588,0.319209214241979,0.444953559367788,0.717398945398993,0.473127970151106,0.998861670134564
"ENSGALG00010012948","ST13P5",10.1837877629661,-0.538777378204238,0.751071411860542,-0.717345074910503,0.473161201050622,0.998861670134564
"ENSGALG00010022547","SMARCE1",32.7510893390227,0.326983291993187,0.455906429819694,0.717215793869162,0.473240955432545,0.998861670134564
"ENSGALG00010001914","ENSGALG00010001914",11.2836600883114,0.543805880492519,0.758721239567576,0.716740025364855,0.47353452404399,0.998861670134564
"ENSGALG00010011966","SLC25A24",33.8388286940365,0.327927464172883,0.457533011627855,0.716729625707554,0.473540942175902,0.998861670134564
"ENSGALG00010020096","GPHN",319.335705453279,0.180130479647332,0.251368069708553,0.716600480944869,0.473620647645776,0.998861670134564
"ENSGALG00010001470","GPR85",57.8841370344117,0.264345337020998,0.369132938110699,0.716125031740528,0.473914148601021,0.998861670134564
"ENSGALG00010027285","PTPRS",398.260693549197,0.20337505614787,0.284156387165967,0.715715237571221,0.474167200052075,0.998861670134564
"ENSGALG00010012742","ENSGALG00010012742",32.6265282004351,-0.34211315969814,0.478575823060343,-0.714856754589968,0.474697561345805,0.998861670134564
"ENSGALG00010021655","USP22",118.147349495898,0.216656297291622,0.30309934525734,0.714802920830047,0.474730830097772,0.998861670134564
"ENSGALG00010016760","DLK1",19.8000030309187,-0.45412248539476,0.635371368977218,-0.714735519363705,0.474772485368211,0.998861670134564
"ENSGALG00010010868","SLC39A10",65.128694661576,0.26288728148816,0.367869847546125,0.714620356198665,0.474843662837013,0.998861670134564
"ENSGALG00010026336","ENSGALG00010026336",49.8098977753599,-0.268851112346387,0.376338530427379,-0.71438635858272,0.474988304884084,0.998861670134564
"ENSGALG00010025723","SETD2",23.7473111702067,-0.354313890836876,0.49604559856694,-0.71427685652383,0.475056000212684,0.998861670134564
"ENSGALG00010018555","UBN1",28.3767779825747,0.336155887082145,0.471141687547739,0.713492131914316,0.475541280162029,0.998861670134564
"ENSGALG00010006053","TMEM243",15.903297095266,0.463409337174554,0.649505309859734,0.713480444485713,0.475548509815396,0.998861670134564
"ENSGALG00010013563","FKBP1A",33.519244220719,-0.337060856354142,0.472474848356511,-0.713394284429315,0.475601808886223,0.998861670134564
"ENSGALG00010022667","PTEN",32.477074252093,-0.331869177378008,0.46576300741255,-0.712527985469775,0.476137888085426,0.998861670134564
"ENSGALG00010018189","MIS18BP1",17.1598810720342,0.459751089378448,0.645380779827519,0.712371833417969,0.47623455260606,0.998861670134564
"ENSGALG00010014393","ATP8A1",181.511430812179,0.20647138062634,0.28983911773529,0.712365474473015,0.476238489281514,0.998861670134564
"ENSGALG00010010336","FMNL2",67.75463763382,-0.267090762144893,0.375631133961553,-0.711045326110349,0.477056148566934,0.998861670134564
"ENSGALG00010008185","PDGFC",53.3720628978618,0.333295000679475,0.468742111507267,0.711041300743698,0.477058642929846,0.998861670134564
"ENSGALG00010013277","YRDC",10.6144368369691,-0.52800048650024,0.742845412946605,-0.710781109094891,0.477219888703527,0.998861670134564
"ENSGALG00010009138","ENSGALG00010009138",44.3671871162211,0.288770168411737,0.406754327148169,0.70993754494601,0.477742866702316,0.998861670134564
"ENSGALG00010022436","AFAP1L2",40.1395597742678,-0.327154038000931,0.460903561966198,-0.709810175051162,0.477821858467551,0.998861670134564
"ENSGALG00010017655","ENSGALG00010017655",39.179553130111,0.292915944460687,0.412719919578969,0.709720879863277,0.477877241467945,0.998861670134564
"ENSGALG00010008104","TCF25",76.3282762255097,-0.24106528147915,0.33971538466947,-0.709609550694023,0.477946295383886,0.998861670134564
"ENSGALG00010013042","SLC25A48",10.6594960896183,-0.524543443456275,0.739556732737677,-0.709267349260049,0.478158586121646,0.998861670134564
"ENSGALG00010005213","ENSGALG00010005213",16.8279147132441,-0.420521487174888,0.592906997272935,-0.709253709450333,0.478167048887895,0.998861670134564
"ENSGALG00010020326","ENSGALG00010020326",21.3555916003556,0.508202474109454,0.716666021104871,0.70912037007973,0.478249783087544,0.998861670134564
"ENSGALG00010022122","PSMB3",11.3625647193425,-0.497258235276372,0.701454037386709,-0.70889639060162,0.478388775123569,0.998861670134564
"ENSGALG00010027217","SEMA6B",10.7845385248089,0.535642137141547,0.755888717187052,0.70862565475891,0.47855681161178,0.998861670134564
"ENSGALG00010019283","NT5C3A",31.0718960941055,-0.338630913023844,0.478115157672099,-0.708262240989406,0.478782420806827,0.998861670134564
"ENSGALG00010008016","GSR",10.4689547804948,-0.5343674563549,0.754635016853892,-0.708113782716713,0.478874601199177,0.998861670134564
"ENSGALG00010028178","ENSGALG00010028178",10.0886666988249,-0.556335003910795,0.78590934836583,-0.707886991123852,0.479015438858536,0.998861670134564
"ENSGALG00010020770","B4GALNT4",17.942366709132,0.441185617185366,0.623282100229661,0.707842591697727,0.479043013564725,0.998861670134564
"ENSGALG00010001469","ARHGEF26",20.376427224147,-0.395484331674513,0.55885837392606,-0.707664678791836,0.479153516842141,0.998861670134564
"ENSGALG00010025351","CREB1",19.6091154013548,-0.400560315873968,0.56615063679216,-0.707515438194267,0.479246222226435,0.998861670134564
"ENSGALG00010021012","KCNIP2",18.3258761137582,0.478641346147234,0.67682968529999,0.707181373014226,0.479453772560765,0.998861670134564
"ENSGALG00010023531","CPLX3",29.1338212975693,0.377077863964772,0.533456192737037,0.706858162110885,0.479654625949168,0.998861670134564
"ENSGALG00010001557","THRB",30.112399568506,0.329430026822804,0.46616670339908,0.706678586052472,0.479766239974973,0.998861670134564
"ENSGALG00010009166","CLGN",30.1612734498343,-0.326085339085043,0.46155485663885,-0.706493138128093,0.479881518478213,0.998861670134564
"ENSGALG00010016226","ENSGALG00010016226",21.3546477951138,0.412373377470471,0.584135203174344,0.705955359700162,0.480215898764765,0.998861670134564
"ENSGALG00010011094","CSGALNACT2",17.8181194722679,0.441712226160853,0.625885871953501,0.705739250483783,0.48035030708714,0.998861670134564
"ENSGALG00010002102","PAK1",10.6534845832163,-0.500325994363112,0.709072472711511,-0.705606286547625,0.4804330136994,0.998861670134564
"ENSGALG00010005535","AP4S1",10.6161375437087,-0.54228527765105,0.769221433053306,-0.704979417303197,0.480823045241465,0.998861670134564
"ENSGALG00010001656","GLRA2",25.904407820913,0.415598135345321,0.589785280797539,0.704660066767565,0.481021808123777,0.998861670134564
"ENSGALG00010005875","CDK8",183.239584729104,0.221261326657358,0.314044124739866,0.704554899222,0.481087273902577,0.998861670134564
"ENSGALG00010020059","PRKCZ",34.5057164569834,-0.319021926227073,0.452990870699899,-0.704256855627496,0.481272829507013,0.998861670134564
"ENSGALG00010014131","CDC23",30.7828101603046,0.361322865686768,0.513242756469786,0.703999932063413,0.481432815916849,0.998861670134564
"ENSGALG00010009608","AFAP1",100.391572003115,0.22865852389621,0.324973258525712,0.703622584004459,0.481667843174101,0.998861670134564
"ENSGALG00010007989","SPG7",26.2820268238079,-0.337028909242887,0.479058201671245,-0.7035239310529,0.481729298415906,0.998861670134564
"ENSGALG00010028896","ATP6V1G1",44.7280771165088,-0.334811458092615,0.475935319258136,-0.703481007911963,0.481756038450925,0.998861670134564
"ENSGALG00010025373","CYB5RL",11.3994266851126,0.490748077335218,0.697747304953446,0.703332100104579,0.481848810521312,0.998861670134564
"ENSGALG00010018342","BNIP3L",18.0791865267376,-0.398604747004097,0.5669057227494,-0.703123519499732,0.481978776086308,0.998861670134564
"ENSGALG00010001836","TWSG1",18.5901324543508,0.418838526984687,0.595770182182176,0.703020291231382,0.482043104172089,0.998861670134564
"ENSGALG00010003727","FBXO25",17.8623147805345,-0.440062777011331,0.626126558311956,-0.702833590381065,0.482159461178874,0.998861670134564
"ENSGALG00010008816","ENSGALG00010008816",15.6414560841249,-0.56857062260661,0.809052907921617,-0.702760742887898,0.482204865843267,0.998861670134564
"ENSGALG00010023328","TCEA2",13.0564580527774,-0.49531688383298,0.705071182826479,-0.702506209156585,0.482363530851298,0.998861670134564
"ENSGALG00010022657","MRPS35",24.7679526713242,-0.352699194487318,0.502354893119951,-0.70209168720708,0.482621986127124,0.998861670134564
"ENSGALG00010001698","RPL15",47.0079661477262,-0.31375542826401,0.44701891170723,-0.701884014404967,0.482751498827596,0.998861670134564
"ENSGALG00010028740","DAZAP1",52.3172279136982,0.27691300131388,0.395226129868247,0.700644467525949,0.48352492020427,0.998861670134564
"ENSGALG00010023826","DBT",28.2191321297578,-0.35107704718199,0.501384066767581,-0.700215803516416,0.483792543632428,0.998861670134564
"ENSGALG00010015769","TMEM50A",23.840526309914,0.366957979644807,0.524086324027717,0.700186138849522,0.483811066843867,0.998861670134564
"ENSGALG00010014324","COL4A2",10.3963136315855,-0.630087592602265,0.899958140709743,-0.700129888380534,0.483846191818445,0.998861670134564
"ENSGALG00010018427","PIGF",13.190575142789,-0.457822244478438,0.654015258713016,-0.700017680595633,0.483916262843413,0.998861670134564
"ENSGALG00010019483","SCUBE2",14.7124819736321,0.452520385036334,0.646703976006501,0.699733420274788,0.48409380111382,0.998861670134564
"ENSGALG00010012674","ENSGALG00010012674",15.9998792434792,0.46296903855975,0.661722430535175,0.699642353343409,0.484150685552797,0.998861670134564
"ENSGALG00010018458","SEMA5B",12.0427900023077,0.528766963825003,0.755871446843223,0.699546154353777,0.484210779639274,0.998861670134564
"ENSGALG00010017546","NFU1",10.2683396009152,-0.49994388847846,0.71481347064194,-0.699404682496378,0.484299162363753,0.998861670134564
"ENSGALG00010014102","TRIM2",80.4594234268366,-0.231335872870831,0.330779421528359,-0.699365975676326,0.484323345475825,0.998861670134564
"ENSGALG00010009750","ENSGALG00010009750",53.3491254740885,0.280678115630403,0.401526091045621,0.699028336862205,0.484534322036427,0.998861670134564
"ENSGALG00010023140","CCAR1",63.5260650466343,0.250976536290784,0.359079728042042,0.698943762877638,0.484587176628986,0.998861670134564
"ENSGALG00010004408","SERAC1",16.8911801783244,-0.409175449754241,0.585675811903343,-0.698638122726109,0.484778212781259,0.998861670134564
"ENSGALG00010003189","ANTXR2",46.9940254639197,0.294459953888968,0.421511227564652,0.69858151961991,0.484813596247995,0.998861670134564
"ENSGALG00010018615","HTR2C",29.1153176913175,0.348950814423748,0.499600136707154,0.698460206043317,0.484889435931487,0.998861670134564
"ENSGALG00010016924","LETM1",28.7928632124248,-0.322194523125599,0.461371039807702,-0.69834145476467,0.484963680008046,0.998861670134564
"ENSGALG00010002565","MRPS18C",12.7918654712391,-0.471917844581174,0.676045278462902,-0.698056564575314,0.485141820322389,0.998861670134564
"ENSGALG00010009073","PRKAR2B",98.23800858394,0.238769116451158,0.342373329929948,0.697394030370334,0.485556236417311,0.998861670134564
"ENSGALG00010011329","PCDHGC3",154.183363948824,0.201685482621426,0.289232224498634,0.697313319672576,0.485606734163316,0.998861670134564
"ENSGALG00010006024","AMER2",11.0635470797021,-0.494548866485828,0.709607577579968,-0.696932899409597,0.485844787541388,0.998861670134564
"ENSGALG00010021989","NCAPD2",12.064127441096,-0.485126841897489,0.696202682689291,-0.696818403548147,0.48591644731037,0.998861670134564
"ENSGALG00010015742","HPRT1",39.3716414856323,-0.320375159784594,0.459788123040749,-0.696788680981655,0.485935050771225,0.998861670134564
"ENSGALG00010022223","DOK4",12.4379495863217,-0.477974311807915,0.686097351005053,-0.696656693263337,0.486017667011179,0.998861670134564
"ENSGALG00010009243","BCAP29",30.1377698115853,-0.315894980323987,0.453707115334213,-0.696253088495846,0.486270346043705,0.998861670134564
"ENSGALG00010018909","TTBK1",74.8717996030472,0.244074011653263,0.350791582604477,0.695780696449779,0.486566179938967,0.998861670134564
"ENSGALG00010006504","ENSGALG00010006504",23.5692204862024,0.396004281939188,0.569363947448162,0.695520472825938,0.486729185632686,0.998861670134564
"ENSGALG00010022981","HNRNPH3",52.5847978882319,-0.266236908206976,0.382929435452526,-0.69526362707623,0.4868901043383,0.998861670134564
"ENSGALG00010022435","PIGK",27.8739647175936,-0.360303172252099,0.518266293677735,-0.695208576454599,0.486924598330989,0.998861670134564
"ENSGALG00010004236","DBF4",26.6470964848984,-0.336564205718035,0.484133571033487,-0.69518873685947,0.486937029882978,0.998861670134564
"ENSGALG00010021101","TMEM240",21.0717511157162,0.384606278796325,0.553535029130203,0.69481831962952,0.487169165953614,0.998861670134564
"ENSGALG00010016696","DOK7",13.5554139142355,-0.447269810902946,0.643944877093034,-0.694577792003035,0.487319933753734,0.998861670134564
"ENSGALG00010001697","TAF10",13.5433871705386,-0.461094480593324,0.663942485943867,-0.694479552604361,0.487381519530807,0.998861670134564
"ENSGALG00010021910","ENSGALG00010021910",158.982053044194,0.271902511445924,0.392143270616059,0.693375436530542,0.488073973176228,0.998861670134564
"ENSGALG00010000048","MAN2A2",18.891223732219,0.443536455263602,0.640219461135544,0.692788148734046,0.488442510664142,0.998861670134564
"ENSGALG00010000649","PAPD7",26.6439192005829,0.333673788630868,0.481676762602653,0.692733830106154,0.488476604512784,0.998861670134564
"ENSGALG00010027965","ACAD9",71.6845213738369,-0.244599119217302,0.353149538909432,-0.692621941324497,0.488546837118873,0.998861670134564
"ENSGALG00010024726","TMED2",15.3559691176305,-0.437691074243369,0.632064507204634,-0.692478487961774,0.48863689078032,0.998861670134564
"ENSGALG00010005557","CMSS1",41.4457477221215,-0.318111204450602,0.459685838445452,-0.692018717666784,0.48892557446868,0.998861670134564
"ENSGALG00010003734","ZC3H13",127.006082884204,0.200876537049986,0.290281112871381,0.692006913791152,0.488932987175754,0.998861670134564
"ENSGALG00010024549","GNB1L",33.1707288780222,0.306229489369082,0.442736776819391,0.691673936755438,0.489142118120092,0.998861670134564
"ENSGALG00010016415","RASGRF1",38.9087815228904,-0.293861549075619,0.424950038306782,-0.691520231993656,0.489238670824059,0.998861670134564
"ENSGALG00010022312","ZNF592",17.9359074740742,0.40774887924836,0.589759751737556,0.69138132611974,0.48932593614071,0.998861670134564
"ENSGALG00010004370","ATP6V1H",30.4421272849165,-0.318523255168738,0.46090145948964,-0.691087538584586,0.489510530905476,0.998861670134564
"ENSGALG00010023024","PRMT7",13.4329205367383,-0.465547090220433,0.673884534684986,-0.690841036199263,0.489665444033124,0.998861670134564
"ENSGALG00010012988","RPL18A",38.01272249885,-0.317039503228011,0.458958607890776,-0.690780165743095,0.489703701813216,0.998861670134564
"ENSGALG00010014900","UBLCP1",11.2292453533477,-0.469689946783221,0.680132214751118,-0.690586236905564,0.489825599039129,0.998861670134564
"ENSGALG00010001168","DOK6",233.327240912384,0.209638458974914,0.303653623738255,0.690386817697324,0.489950964355675,0.998861670134564
"ENSGALG00010004996","GPR158",233.442347120269,0.181517503652355,0.263061973950051,0.690018024751918,0.490182852313881,0.998861670134564
"ENSGALG00010024482","USP3",31.7299441900908,-0.328108154107145,0.47565198478165,-0.689807179628955,0.490315453072204,0.998861670134564
"ENSGALG00010011124","CACYBP",10.3054765846477,-0.524212675917329,0.760438107250656,-0.689356136836181,0.490599179198946,0.998861670134564
"ENSGALG00010016897","TMEM179",48.0351700542821,0.263270955705389,0.382416491913764,0.688440381814802,0.49117550153083,0.998861670134564
"ENSGALG00010023726","PNPO",17.8787974723891,0.430860693620112,0.626340028078718,0.687902216535268,0.491514360668019,0.998861670134564
"ENSGALG00010023940","ATP1B3",101.084526339406,-0.232652236047788,0.338400273201819,-0.687506052659232,0.491763887913502,0.998861670134564
"ENSGALG00010013971","ENSGALG00010013971",11.660418986218,-0.473799453271835,0.689232074963283,-0.687430940147519,0.491811205845046,0.998861670134564
"ENSGALG00010018855","SYNDIG1",21.5927759834931,0.37231170437773,0.541653265250405,0.687361691072999,0.491854832206167,0.998861670134564
"ENSGALG00010013152","TBXAS1",28.3692779081997,0.339861746529316,0.49470603705788,0.686997370298015,0.492084385568999,0.998861670134564
"ENSGALG00010021531","RAB15",29.300290055268,0.34886135491834,0.508324654565255,0.686296349754477,0.492526250334118,0.998861670134564
"ENSGALG00010015121","UNC79",113.618163184618,-0.213102723537075,0.310608169870369,-0.686082158193109,0.492661301209402,0.998861670134564
"ENSGALG00010002551","WDR35",13.9702800236939,-0.494576173154639,0.720917908853838,-0.686036741604809,0.492689939575257,0.998861670134564
"ENSGALG00010027831","ATCAY",33.4109709850611,-0.317929621524937,0.463583895921912,-0.685808166163067,0.492834086077122,0.998861670134564
"ENSGALG00010023230","ENSGALG00010023230",15.0168670820239,0.436695750340568,0.636902434271349,0.685655646520133,0.492930282090615,0.998861670134564
"ENSGALG00010002404","OSBPL3",115.811635643407,0.21170843089401,0.30887319728429,0.685421826028989,0.493077775081582,0.998861670134564
"ENSGALG00010005342","MAP3K5",42.2922459261025,0.324445335159711,0.473542875473418,0.68514458133353,0.493252690512353,0.998861670134564
"ENSGALG00010019461","MGAT5",73.0683706054069,-0.237356858620971,0.346449344687413,-0.685112736567962,0.493272783703922,0.998861670134564
"ENSGALG00010016533","CNIH4",15.4854097273747,-0.456856830770407,0.668356074378802,-0.683553046473063,0.494257442581143,0.998861670134564
"ENSGALG00010008880","FMN2",241.390087305472,-0.183933723970289,0.26938214187737,-0.682798505826792,0.494734173973105,0.998861670134564
"ENSGALG00010017955","IKBKB",33.898837621602,-0.321947837773387,0.471589646979695,-0.682686398726749,0.49480502607863,0.998861670134564
"ENSGALG00010002079","ARX",86.8596487719436,-0.301794708698414,0.442281636063436,-0.682358669431909,0.495012183312163,0.998861670134564
"ENSGALG00010021229","GLO1",14.817926237578,-0.424856622167994,0.623657775097895,-0.681233585360665,0.495723699864531,0.998861670134564
"ENSGALG00010009225","HNRNPL",13.8307118793156,-0.42874200239607,0.629527936035587,-0.681053179460225,0.495837841467348,0.998861670134564
"ENSGALG00010013236","MON2",46.9967019842518,-0.259686025564595,0.381479714463046,-0.68073351142699,0.496040127729247,0.998861670134564
"ENSGALG00010021761","MAFB",11.5206879429472,-0.54032693671721,0.793769474174189,-0.680710148597422,0.496054913478399,0.998861670134564
"ENSGALG00010006273","ARL13B",19.2862575702041,0.398214006662404,0.585025057574808,0.68067854787824,0.496074913155505,0.998861670134564
"ENSGALG00010029550","CHMP6",10.5771746259266,-0.508814445341312,0.748281990934647,-0.679976869022029,0.496519107229474,0.998861670134564
"ENSGALG00010008971","ANXA11",15.399404929542,0.490463059548315,0.721293930097767,0.679976690614652,0.496519220196278,0.998861670134564
"ENSGALG00010000056","UNC45A",14.0690779879064,0.478836769402628,0.704345436331794,0.679832287827963,0.496610659930631,0.998861670134564
"ENSGALG00010028085","ENSGALG00010028085",22.5309822764967,0.389593255305903,0.573084560082759,0.679818097436862,0.496619646152974,0.998861670134564
"ENSGALG00010009050","PIK3CG",17.4012533028862,0.389304796669488,0.573405939154259,0.678934015304568,0.497179671858271,0.998861670134564
"ENSGALG00010013911","TNIK",306.595741203586,0.175435821346294,0.258602273621875,0.678400150506078,0.497518013702143,0.998861670134564
"ENSGALG00010015066","RUFY1",16.0322114231337,-0.409738466812099,0.603992101596816,-0.678383816160584,0.497528367680026,0.998861670134564
"ENSGALG00010022474","VCL",11.737228474839,0.470790720675979,0.694019774826976,0.678353467368203,0.497547605408339,0.998861670134564
"ENSGALG00010027174","SHISA5",30.7962578493592,-0.342144839893555,0.50533343548976,-0.677067488245567,0.498363135674141,0.998861670134564
"ENSGALG00010008065","CHMP5",18.5601026844497,-0.399853034615186,0.590925459512626,-0.676655622428199,0.498624479131619,0.998861670134564
"ENSGALG00010016733","PHC3",12.4948199054082,-0.4589081313976,0.678370160931923,-0.67648631650774,0.498731930866306,0.998861670134564
"ENSGALG00010005245","KIAA1217",253.561284032835,-0.223308010475887,0.330181498968928,-0.676318967517019,0.498838152710446,0.998861670134564
"ENSGALG00010021639","SCG5",116.372097223143,-0.21848224111249,0.323046178377873,-0.676318915795771,0.498838185541462,0.998861670134564
"ENSGALG00010008184","PQLC1",24.5315874025261,0.343260332425375,0.507858105757787,0.675898107234478,0.499105339546543,0.998861670134564
"ENSGALG00010021970","ERGIC3",24.0033223409517,0.35207547633111,0.521023466199318,0.675738232865741,0.499206857113676,0.998861670134564
"ENSGALG00010026237","KLHL22",19.6905009163529,0.383587476539502,0.567798651190948,0.675569545181085,0.499313982881375,0.998861670134564
"ENSGALG00010022891","NTM",93.3555179128263,0.250995836735827,0.371819590049091,0.675047370964743,0.499645669022718,0.998861670134564
"ENSGALG00010003874","YES1",22.2742998460105,0.356252330352192,0.527767540246231,0.675017509007813,0.499664640934851,0.998861670134564
"ENSGALG00010010745","ATVR1",27.8258611144929,0.332097594647737,0.492190592641211,0.674733730414519,0.499844950364304,0.998861670134564
"ENSGALG00010007011","HMGB1",107.079360574871,-0.207226912022944,0.307152858961263,-0.674670301698475,0.499885256912233,0.998861670134564
"ENSGALG00010001395","GNAL",215.598671206171,0.173280695028543,0.256950776639883,0.674373112603573,0.500074132304607,0.998861670134564
"ENSGALG00010007168","MINA",13.5622523338726,-0.430192243711338,0.638085076043164,-0.674192611397539,0.500188866420641,0.998861670134564
"ENSGALG00010012085","IPO8",16.3666489529944,-0.407484732343418,0.604604012992963,-0.673969612484463,0.500330633137953,0.998861670134564
"ENSGALG00010019094","SNRNP25",11.4186716714947,-0.468783994790809,0.695786816513385,-0.673746589709624,0.500472436336641,0.998861670134564
"ENSGALG00010016350","CASC4",35.096451617676,0.287569891471787,0.426826809108326,0.673739056064782,0.500477226779773,0.998861670134564
"ENSGALG00010021051","GDE1",24.9556565357253,0.333930237935771,0.495697857158977,0.673656811529598,0.500529525460211,0.998861670134564
"ENSGALG00010011962","CPSF6",48.2690687069994,0.263512720380118,0.391219689748936,0.673567121709101,0.500586561844505,0.998861670134564
"ENSGALG00010005866","DNAJC1",78.6999834229103,0.232651451163701,0.345503434703008,0.673369430795056,0.500712291455638,0.998861670134564
"ENSGALG00010025553","UBE2G2",10.7017936424992,-0.479921210601765,0.712944381311238,-0.673153787563485,0.500849457663357,0.998861670134564
"ENSGALG00010004214","REPS1",59.245904516525,0.24839139638055,0.369039143143581,0.673076016448231,0.500898931150092,0.998861670134564
"ENSGALG00010013749","NELL2",522.138424325272,0.20594793213619,0.306059637280067,0.672901314157058,0.501010076089147,0.998861670134564
"ENSGALG00010003412","ASB5",12.8687534884977,-0.487573743699322,0.724774443028285,-0.672724802025468,0.501122385712273,0.998861670134564
"ENSGALG00010021656","SETD6",10.3825705636947,-0.499706833039412,0.742981746066198,-0.672569461746761,0.501221235324023,0.998861670134564
"ENSGALG00010021634","PLCD4",21.4478134687593,-0.418057398529148,0.622914470793061,-0.671131299930951,0.502136888984527,0.998861670134564
"ENSGALG00010012637","ENSGALG00010012637",10.3306097149348,0.589652591322224,0.878640914887245,0.671096213858757,0.502159238755151,0.998861670134564
"ENSGALG00010005150","ALCAM",75.3651510798535,0.255990943834007,0.381501658210945,0.671008731743076,0.502214967011678,0.998861670134564
"ENSGALG00010009127","SCOC",16.5684812540122,-0.41282320960725,0.61548833923888,-0.670724664122398,0.50239594762071,0.998861670134564
"ENSGALG00010009720","RELN",552.407989314055,0.212360742486093,0.316841701191203,0.670242400819395,0.502703278452411,0.998861670134564
"ENSGALG00010013720","SLC16A10",14.1256440214304,-0.432404367150954,0.645214381317123,-0.670171619963361,0.502748393168753,0.998861670134564
"ENSGALG00010022019","BTBD8",189.97034477414,-0.190471933402482,0.284376076589631,-0.669788878469347,0.502992384253759,0.998861670134564
"ENSGALG00010015839","U2SURP",352.641478465353,-0.172861516197965,0.258284918484554,-0.669266781863232,0.503325312677565,0.998861670134564
"ENSGALG00010027240","SLC6A1",1913.45056720586,0.14357634345871,0.214682584675171,0.668784306262896,0.503633079185064,0.998861670134564
"ENSGALG00010011925","RRP1B",30.1655218622867,0.324829609072263,0.485823961693461,0.668615866413809,0.503740548724283,0.998861670134564
"ENSGALG00010007070","UBL3",62.6566885889983,0.260113831406024,0.38961225469488,0.667622304667313,0.504374716328134,0.998861670134564
"ENSGALG00010006953","MAP1LC3B",12.4487950347777,0.452431510138111,0.677848439469167,0.667452314993035,0.504483258992141,0.998861670134564
"ENSGALG00010018061","NDUFAF5",11.9697401849564,-0.467944110612287,0.701118874684896,-0.667424779888568,0.504500842004986,0.998861670134564
"ENSGALG00010014691","FAM122B",17.3518704880737,-0.391095842001602,0.586146496580628,-0.667232243616771,0.504623798369957,0.998861670134564
"ENSGALG00010029935","SYNRG",24.1205868426925,-0.34397042047144,0.515693638853288,-0.66700535852314,0.504768710649786,0.998861670134564
"ENSGALG00010004102","PCMTD1",34.2797576643277,-0.295912903262314,0.443669334208862,-0.666967221861248,0.504793070818423,0.998861670134564
"ENSGALG00010024735","OTUD7A",53.8920051538836,0.253647592667163,0.380345897351826,0.666886627233776,0.50484455346939,0.998861670134564
"ENSGALG00010015804","CKB",104.710350811643,-0.227767843454935,0.341575145656898,-0.666816208237003,0.504889538343747,0.998861670134564
"ENSGALG00010027088","AGBL4",43.8962547287734,0.262793819534033,0.394427411941189,0.666266622394939,0.505240695861502,0.998861670134564
"ENSGALG00010000605","MARCHF11",16.0245457217026,0.476876131051017,0.716628247058286,0.66544422859211,0.505766404041046,0.998861670134564
"ENSGALG00010014260","ADNP",164.193724337995,0.180608974225823,0.271444294796173,0.665362940714749,0.505818382250274,0.998861670134564
"ENSGALG00010029212","SUPT6H",13.4251982823266,-0.442662672167221,0.665355236860039,-0.66530275504593,0.505856868807314,0.998861670134564
"ENSGALG00010024792","BZW1",20.7391016356227,-0.373583688940654,0.561905784231021,-0.664851118149478,0.506145723424662,0.998861670134564
"ENSGALG00010019026","CHSY1",63.6417060906794,0.237174320071114,0.356745617053453,0.664827565451426,0.506160789466901,0.998861670134564
"ENSGALG00010027124","IP6K2",26.294521174962,0.322323623033551,0.484880928389683,0.664747991025356,0.506211692881861,0.998861670134564
"ENSGALG00010015840","MTUS1",16.5628156070662,0.406574964451248,0.611690475550485,0.664674342175027,0.506258808131144,0.998861670134564
"ENSGALG00010024517","LACTB",14.9375114417771,-0.426991646565021,0.642422275049291,-0.664658843799056,0.506268723173658,0.998861670134564
"ENSGALG00010003132","TPBG",14.4240943897717,-0.441601990535209,0.664420316265488,-0.664642515775743,0.506279169091214,0.998861670134564
"ENSGALG00010019872","VTI1A",172.967323607432,0.177537667999863,0.267174337322555,0.664501200897617,0.506369580580047,0.998861670134564
"ENSGALG00010029429","UBE2G1",18.2377349824888,-0.381103115948456,0.573565374939601,-0.664445820127457,0.506405014818784,0.998861670134564
"ENSGALG00010014246","KRAS",26.8844015542072,-0.323755343264154,0.487258996871609,-0.664442001774802,0.506407457960695,0.998861670134564
"ENSGALG00010022644","ARMC8",64.564666815607,0.260251168736628,0.391712282482262,0.664393689897668,0.506438370457954,0.998861670134564
"ENSGALG00010023887","RASA2",45.7257485098759,-0.272669516076331,0.410444594139995,-0.664327219725372,0.506480903215739,0.998861670134564
"ENSGALG00010028903","ASTN2",98.4585933789518,0.209607519254734,0.315567480785581,0.664224078897269,0.506546904413878,0.998861670134564
"ENSGALG00010005448","MRPL57",37.8251819261186,-0.287405436179662,0.432795820261984,-0.664067032823208,0.506647408985451,0.998861670134564
"ENSGALG00010010129","ENSGALG00010010129",29.9753122452064,0.310273487843528,0.467335858479845,0.663919710447191,0.506741700223326,0.998861670134564
"ENSGALG00010016222","ENSGALG00010016222",29.172048107849,0.355823179921922,0.536115608462644,0.663706063216988,0.506878457967487,0.998861670134564
"ENSGALG00010019252","TATDN3",17.2480886640229,-0.380460876784867,0.573283893530533,-0.663651780694244,0.506913207846902,0.998861670134564
"ENSGALG00010018351","RIN2",25.006099642026,0.331588519457468,0.499858298563093,0.663365038473227,0.507096791523751,0.998861670134564
"ENSGALG00010010781","NAPA",10.7666133301268,-0.483071590852514,0.728252096333564,-0.663330175477107,0.50711911456996,0.998861670134564
"ENSGALG00010011219","ENSGALG00010011219",49.7459152825994,0.315754686142654,0.476287852504404,0.662949274230618,0.507363042214511,0.998861670134564
"ENSGALG00010012293","SRGAP1",87.541709648495,-0.227240205407134,0.342858839841555,-0.662780651979538,0.507471046907465,0.998861670134564
"ENSGALG00010024542","ZNFX1",35.0180456972328,-0.358222959878516,0.540491266343032,-0.662772892339696,0.507476017345855,0.998861670134564
"ENSGALG00010014676","UBE2V1",21.7448132406501,0.358326794073829,0.540824987039059,0.662555914872976,0.507615012642921,0.998861670134564
"ENSGALG00010022429","ADK",123.027636071269,0.192950305977193,0.291393128034432,0.662164915414179,0.507865536501505,0.998861670134564
"ENSGALG00010029357","ARHGDIA",10.2553539946514,-0.502945933768083,0.759741191728738,-0.661996399884104,0.507973528934547,0.998861670134564
"ENSGALG00010027084","OSBPL9",38.5598980382951,0.288245192383258,0.435435227656809,0.661970309417503,0.507990249971922,0.998861670134564
"ENSGALG00010023119","NDRG4",68.7869249370528,-0.236337040982747,0.357299772985567,-0.661453095835841,0.508321784963361,0.998861670134564
"ENSGALG00010017746","MSH6",22.3916237256549,-0.390010625579176,0.589738494101123,-0.661328079276272,0.508401937866316,0.998861670134564
"ENSGALG00010003169","MTRF1",14.2748331004909,0.428760154167931,0.648343940666224,0.661315896200628,0.508409749256964,0.998861670134564
"ENSGALG00010019356","AVL9",22.7137987444016,-0.357958031474556,0.541412048026285,-0.661156383164154,0.508512029618257,0.998861670134564
"ENSGALG00010020692","TUB",155.247373778758,0.179082791409861,0.271000419996977,0.660821084380086,0.508727059632324,0.998861670134564
"ENSGALG00010025417","B3GAT1",20.5568321192013,-0.35882620651231,0.543095657095637,-0.660705350566119,0.508801291792314,0.998861670134564
"ENSGALG00010027176","ENSGALG00010027176",93.9236029018825,-0.211465851570649,0.320662376394387,-0.659465740722148,0.50959673870782,0.998861670134564
"ENSGALG00010012058","ENSGALG00010012058",15.0714893802833,-0.446403226475114,0.677157875349669,-0.65923065022998,0.509747667648977,0.998861670134564
"ENSGALG00010009190","ZBTB49",19.801346575249,-0.369508323441294,0.560537432420681,-0.659203653617872,0.509765001068481,0.998861670134564
"ENSGALG00010004591","RRS1",10.1702882461776,0.47815970410852,0.725473447233999,0.659100213704019,0.509831418458025,0.998861670134564
"ENSGALG00010027118","ABHD6",26.9166590389381,-0.316603783397031,0.480586631488386,-0.658786080704124,0.51003314682453,0.998861670134564
"ENSGALG00010021658","STRADA",10.1376790627415,-0.479683224637985,0.728230379945613,-0.658697079726075,0.51009030862043,0.998861670134564
"ENSGALG00010024813","RNF168",10.4094472221828,-0.499378977772474,0.758597439101333,-0.65829246453041,0.510350219146767,0.998861670134564
"ENSGALG00010026095","MIF",50.5330430370922,-0.279853938283567,0.425457366228707,-0.65777198962194,0.510684655676649,0.998861670134564
"ENSGALG00010017430","CACNA1H",21.1938759576251,0.364508249138274,0.554349753895274,0.657542005885215,0.510832470586102,0.998861670134564
"ENSGALG00010018466","DYSF",49.1077614096898,-0.28032515028547,0.426401749843691,-0.657420262436142,0.51091072645905,0.998861670134564
"ENSGALG00010028112","SWI5",10.895252834871,0.517596050943928,0.787580871665812,0.657197336254701,0.511054038149113,0.998861670134564
"ENSGALG00010025891","NUP93",29.7488919670944,-0.315897963424014,0.48098222958828,-0.656776787147463,0.511324452089928,0.998861670134564
"ENSGALG00010006958","KIF26B",49.0572242184587,0.300214236985516,0.457490815764288,0.656219155971418,0.511683125271336,0.998861670134564
"ENSGALG00010027263","TAMM41",40.0841765338757,0.278588545980335,0.424843453524191,0.65574400092403,0.511988852682786,0.998861670134564
"ENSGALG00010008107","TUBB3",28.3777682596918,0.353545875710606,0.539157250118861,0.655737960739032,0.511992739712012,0.998861670134564
"ENSGALG00010020779","SLC15A4",15.0867598742597,-0.400652936886935,0.611500315935784,-0.655196614696449,0.512341173655572,0.998861670134564
"ENSGALG00010027943","RAB43",10.3386139831809,-0.50896485534247,0.776819528759319,-0.655190602835838,0.512345043845571,0.998861670134564
"ENSGALG00010010132","ENSGALG00010010132",11.6253654717525,0.453861711143751,0.692894030708942,0.655023266226407,0.512452774428506,0.998861670134564
"ENSGALG00010011374","ENSGALG00010011374",17.3863315633769,0.387424013823959,0.591657093352735,0.65481174514202,0.512588967682174,0.998861670134564
"ENSGALG00010026498","ENSGALG00010026498",205.142657136352,-0.170635341066602,0.260735597072782,-0.654438223941362,0.512829514917259,0.998861670134564
"ENSGALG00010024830","ORC2",11.5961660817208,-0.478501393855581,0.731794968750192,-0.653873577011328,0.513193258545661,0.998861670134564
"ENSGALG00010014209","CCDC50",21.0692705980296,0.37119179480727,0.567691761896756,0.653861513802939,0.513201031089128,0.998861670134564
"ENSGALG00010021688","ITPR1",134.352668920289,0.212851318585948,0.32572542738612,0.653468537270904,0.513454266505614,0.998861670134564
"ENSGALG00010027399","MAPKAP1",47.1719286285731,0.253975864061237,0.388742368674547,0.653326944853456,0.513545525081796,0.998861670134564
"ENSGALG00010021485","SMOC1",38.3843071134337,0.276090360693125,0.422769285513607,0.653052078647844,0.513722704845378,0.998861670134564
"ENSGALG00010013624","SST1",70.762901039258,0.289210481042717,0.442971635005021,0.652887133595899,0.513829044301481,0.998861670134564
"ENSGALG00010028123","RASSF1",17.3603176409503,-0.389483310687535,0.59664390480507,-0.6527902280587,0.513891524278408,0.998861670134564
"ENSGALG00010025139","COPB2",15.7078955006697,-0.418007125079403,0.640521880942694,-0.652603974222078,0.514011622791684,0.998861670134564
"ENSGALG00010024073","RABGGTB",37.1876316222686,-0.271156808027005,0.415540817048517,-0.652539526569169,0.5140531827438,0.998861670134564
"ENSGALG00010029239","RBFOX3",49.4436064460846,0.25190045095165,0.38626055604723,0.652151629277024,0.514303360542742,0.998861670134564
"ENSGALG00010024816","NFIA",1841.89423892656,0.142941662450415,0.219235121638324,0.652001656405348,0.514400103844302,0.998861670134564
"ENSGALG00010004891","ANKIB1",50.1903644599466,-0.272252398918905,0.417647620630596,-0.65187106419483,0.514484352929354,0.998861670134564
"ENSGALG00010014186","MOCS3",10.2218294078203,0.540114544502427,0.828816498210408,0.651669634555598,0.514614315499582,0.998861670134564
"ENSGALG00010005629","NRP1",23.5357853883908,-0.373790844036785,0.573895305924669,-0.651322358238367,0.514838418527938,0.998861670134564
"ENSGALG00010023212","RIMBP2",643.270484968419,0.153223117673457,0.235362654257296,0.651008623933834,0.515040919940149,0.998861670134564
"ENSGALG00010008132","TDO2",18.2226793618045,-0.378042003909813,0.580748733598613,-0.650956226055412,0.515074744450257,0.998861670134564
"ENSGALG00010022245","PIKFYVE",25.5916277717193,-0.32325397878409,0.496811694241694,-0.650656944131494,0.515267962638253,0.998861670134564
"ENSGALG00010017708","MEIS1",27.988799128764,-0.353105701686019,0.542894110900482,-0.650413578994867,0.515425108356731,0.998861670134564
"ENSGALG00010021042","LRRC38",22.4933496718554,0.341704517026404,0.525417884946004,0.650348088286946,0.515467401260046,0.998861670134564
"ENSGALG00010028087","STIMATE",16.0263863854329,-0.406244245410957,0.624791559347249,-0.650207640185441,0.515558106582082,0.998861670134564
"ENSGALG00010017890","ANAPC1",17.2871960016852,-0.396102263388931,0.609205412755472,-0.650194917995454,0.515566323338276,0.998861670134564
"ENSGALG00010029305","SMTNL2",10.3917707218912,-0.482147834454545,0.741577130729806,-0.650165457475812,0.515585350976372,0.998861670134564
"ENSGALG00010025289","KDM2B",52.361688729799,-0.259613715596246,0.399503764142896,-0.649840474352542,0.515795271703492,0.998861670134564
"ENSGALG00010028609","MRPS21",13.2097055169508,-0.450983974902526,0.694272281149645,-0.649577964074473,0.515964870876421,0.998861670134564
"ENSGALG00010006311","ABCD4",27.0839634082879,0.347856705231475,0.535735871014251,0.649306354216892,0.516140379429295,0.998861670134564
"ENSGALG00010002396","SEC23IP",11.8537980293826,0.462524794970489,0.712386887136279,0.649260680288194,0.516169895997848,0.998861670134564
"ENSGALG00010005966","PLXDC2",25.3762342730738,0.311126608947581,0.479452883524542,0.648920091293298,0.516390027683156,0.998861670134564
"ENSGALG00010012780","FABP7",36.9792594569625,-0.324333001384713,0.499912877254387,-0.64877904959362,0.516481200915901,0.998861670134564
"ENSGALG00010005447","MYO3A",11.9281943465839,0.467553306007011,0.721537499953513,0.647995850578984,0.516987634061923,0.998861670134564
"ENSGALG00010020074","ENSGALG00010020074",13.252226559029,0.442790911261068,0.683360370048046,0.647961062228318,0.517010134914192,0.998861670134564
"ENSGALG00010019916","NOC3L",19.479878701806,-0.386030121790105,0.595850824495644,-0.647863703330207,0.517073108637572,0.998861670134564
"ENSGALG00010002586","GPR63",36.3407055348446,-0.317543313797462,0.490174195901478,-0.647817278944008,0.517103138277219,0.998861670134564
"ENSGALG00010018948","POLR3E",19.0901148009601,-0.376224270085633,0.581236744101503,-0.647282323259198,0.517449239809985,0.998861670134564
"ENSGALG00010024682","ENSGALG00010024682",217.091819720333,-0.235944296245835,0.364774342077769,-0.646822621629272,0.517746749810508,0.998861670134564
"ENSGALG00010027906","LHX6",29.3225875835972,-0.380026413878999,0.587592530003394,-0.646751608426343,0.51779271607182,0.998861670134564
"ENSGALG00010006352","GEMIN2",12.9615754083277,-0.443273068518924,0.685488263277648,-0.64665303881269,0.517856522869768,0.998861670134564
"ENSGALG00010016661","UBE4B",50.5969547265308,-0.241213241905995,0.373156382762902,-0.646413281530972,0.518011741271377,0.998861670134564
"ENSGALG00010018911","CNIH1",10.9700783744712,-0.461930135048721,0.714966332956835,-0.646086555066656,0.518223302083852,0.998861670134564
"ENSGALG00010007232","ENSGALG00010007232",13.0386171949575,0.42497252608881,0.658024003685327,0.645831343094949,0.518388587144787,0.998861670134564
"ENSGALG00010021133","ENSGALG00010021133",15.8654274490444,0.390214239701661,0.604366205936687,0.645658602133255,0.518500476278438,0.998861670134564
"ENSGALG00010013663","OPA1",50.1903044194748,-0.243481130297925,0.377123023332801,-0.645627859434768,0.518520390488993,0.998861670134564
"ENSGALG00010007680","CHMP2B",21.0916568671075,-0.343474413226412,0.532100079131075,-0.645507164342673,0.518598577020868,0.998861670134564
"ENSGALG00010024842","ZFYVE9",66.8880111201431,0.21880362679589,0.339032347834768,0.645376844402253,0.518683005389262,0.998861670134564
"ENSGALG00010005692","SEC24B",24.4425136185863,0.321517375800525,0.498186541683256,0.645375474644884,0.518683892830541,0.998861670134564
"ENSGALG00010003925","SEC31A",18.4930085653762,-0.362861573333211,0.562468854105359,-0.64512296224893,0.518847504493196,0.998861670134564
"ENSGALG00010016504","SNRK",27.6161597292449,0.313520557773981,0.486056079299303,0.64502959869559,0.51890800477308,0.998861670134564
"ENSGALG00010025161","ENSGALG00010025161",12.9426617739615,-0.431135697770336,0.668637492521187,-0.644797371659015,0.519058505429147,0.998861670134564
"ENSGALG00010013215","SF3A3",13.5196275426656,-0.434665447269669,0.674130275234454,-0.644779597116444,0.519070025603541,0.998861670134564
"ENSGALG00010019919","LIN7C",34.1063534553554,0.300217105319415,0.465855601798202,0.644442406961681,0.519288592909011,0.998861670134564
"ENSGALG00010007920","FAT3",60.2251922598877,-0.248993899453512,0.386483997693044,-0.644254098332086,0.519410675595678,0.998861670134564
"ENSGALG00010028596","DDA1",18.142726054135,-0.400140814388398,0.621483181835618,-0.643848178170388,0.519673888756993,0.998861670134564
"ENSGALG00010029248","C1QBP",18.1887051206,-0.39884188083038,0.619577871479491,-0.643731642445502,0.519749467404288,0.998861670134564
"ENSGALG00010020160","SYT7",34.5556484794729,0.287317648465839,0.446494257385394,0.64349685066126,0.519901757632091,0.998861670134564
"ENSGALG00010020900","PDHB",19.6553729419237,-0.374525545156149,0.582355115262274,-0.643122272545808,0.520144763457298,0.998861670134564
"ENSGALG00010026553","PLPP3",45.3362552011505,0.256471475503671,0.398927859724568,0.642901891286175,0.520287762140551,0.998861670134564
"ENSGALG00010021766","AGRN",81.5930517071084,0.225680401566988,0.351168774647432,0.642655093106065,0.520447926008997,0.998861670134564
"ENSGALG00010026268","GARS1",21.5794447982441,-0.336788737130002,0.524334160269607,-0.642316985330173,0.520667388031098,0.998861670134564
"ENSGALG00010023274","ZBTB38",85.1751034602022,-0.199535715932143,0.310668197104957,-0.642279183358866,0.5206919278359,0.998861670134564
"ENSGALG00010011636","GRIK1",222.211839388084,0.194072774862611,0.302205190566674,0.642188754265602,0.520750633866387,0.998861670134564
"ENSGALG00010022848","SGIP1",43.4682999136608,-0.253984206625874,0.395634679195626,-0.641966490759241,0.520894940502504,0.998861670134564
"ENSGALG00010023161","ODF2L",17.6108050537675,0.367721493407234,0.573175887338406,0.641550877366427,0.521164836589729,0.998861670134564
"ENSGALG00010024786","PDCD5",13.5503933565323,-0.414267410716348,0.645756255665155,-0.641522876599369,0.521183022657063,0.998861670134564
"ENSGALG00010007365","MEMO1",38.1696893056061,0.292872490982956,0.456667014878275,0.641326133574638,0.521310813435453,0.998861670134564
"ENSGALG00010029626","AP2B1",29.7717975735021,-0.315026068023139,0.491761179731515,-0.640607841788432,0.521777503409003,0.998861670134564
"ENSGALG00010020328","SLC17A6",105.767039553453,-0.239512393157992,0.374272147255661,-0.639941804150294,0.522210434639622,0.998861670134564
"ENSGALG00010005468","PPIL4",11.91950599402,-0.438348983088316,0.684997190730138,-0.639928147181275,0.522219313739644,0.998861670134564
"ENSGALG00010025839","ENSGALG00010025839",33.3607591720961,-0.291137905418564,0.455017409821922,-0.639839046010361,0.522277244911547,0.998861670134564
"ENSGALG00010029756","ELAC2",11.2104966143851,-0.439394924551766,0.686745445905142,-0.639822116290318,0.522288252531113,0.998861670134564
"ENSGALG00010009205","SIRT2",16.0016995394398,0.402601830722986,0.62944341014103,0.639615609976409,0.52242253150388,0.998861670134564
"ENSGALG00010002441","USO1",15.4135103367467,-0.384624472785214,0.601886512335259,-0.639031553129359,0.522802405510766,0.998861670134564
"ENSGALG00010006619","LIN52",11.9622467355015,0.453179438760321,0.709444745213534,0.638780457277078,0.522965763321344,0.998861670134564
"ENSGALG00010021166","NEURL1",31.9761161395391,0.298561357437458,0.467761372074106,0.638277068740422,0.523293336494994,0.998861670134564
"ENSGALG00010010967","PRXL2A",40.4672498464429,0.267327539234244,0.41885906677217,0.638227892007531,0.523325343223159,0.998861670134564
"ENSGALG00010017596","TDP1",10.6457823141025,-0.454999356942232,0.713020316187994,-0.638129582863481,0.523389330844068,0.998861670134564
"ENSGALG00010004246","C8orf34",180.555791709765,0.184847652937467,0.289713157188168,0.63803679036023,0.523449731467295,0.998861670134564
"ENSGALG00010018396","TBL1XR1",103.914808785751,0.213242101472605,0.334409252614425,0.63766806631536,0.523689777162573,0.998861670134564
"ENSGALG00010015972","FSTL4",26.2072047610672,0.331327695895487,0.519883499256427,0.637311429136287,0.523922007802361,0.998861670134564
"ENSGALG00010002790","CXorf23",19.6607559905662,0.363723352963,0.570758997278634,0.637262583151952,0.52395381884411,0.998861670134564
"ENSGALG00010004096","COL12A1",45.4421928838775,0.336762787471318,0.528562861791108,0.637129113328453,0.524040746374151,0.998861670134564
"ENSGALG00010027003","SEPTIN2L",11.3967667639226,-0.44758545969323,0.704324262065267,-0.63548209794845,0.525114038799949,0.998861670134564
"ENSGALG00010014192","KDM1A",17.7336265467837,-0.361749572782762,0.569665977593295,-0.635020497996157,0.525415046289936,0.998861670134564
"ENSGALG00010017765","SYT16",30.3478280360225,-0.336759749961591,0.530377600696129,-0.634943386597754,0.52546533892884,0.998861670134564
"ENSGALG00010022801","LSM14B",11.1752835772736,-0.48188421916734,0.759767286270445,-0.634252392640935,0.525916120307002,0.998861670134564
"ENSGALG00010019767","SUCLG2",23.4688586504772,-0.340999033117986,0.537691140620556,-0.634191280749826,0.525955997176445,0.998861670134564
"ENSGALG00010025320","JAM3",11.8484004509641,0.434855895533147,0.685759482377371,0.634123051460551,0.526000520132642,0.998861670134564
"ENSGALG00010023860","TRIP4",10.4575206828699,-0.45395743019953,0.716223502022605,-0.633820907743967,0.526197706872248,0.998861670134564
"ENSGALG00010009619","ENSGALG00010009619",12.5520780489251,-0.456746037828885,0.72108040773464,-0.633419009765925,0.526460054326828,0.998861670134564
"ENSGALG00010003877","CLVS1",86.2097383577781,0.229505093211582,0.362340653599816,0.633395924336597,0.526475125860708,0.998861670134564
"ENSGALG00010019101","POLE2",47.8284581730652,0.297812314301268,0.470234089619544,0.633327784768267,0.526519612686913,0.998861670134564
"ENSGALG00010015449","HDX",12.0036508819168,-0.462100812109478,0.729742497285403,-0.633238181726382,0.526578115465349,0.998861670134564
"ENSGALG00010001807","ASMTL",10.1556752640193,-0.502465378541506,0.794044991220518,-0.632792076138119,0.526869431944853,0.998861670134564
"ENSGALG00010001923","RAPGEF5",27.8524272074793,-0.327196256198418,0.517240193008949,-0.632580879484663,0.527007376559708,0.998861670134564
"ENSGALG00010022769","FXYD6",14.1657534641905,-0.41645598332413,0.65901920240234,-0.631933002568077,0.527430657005547,0.998861670134564
"ENSGALG00010021293","PCNX1",104.887974706386,0.196843662391913,0.311698801850364,0.631518829149721,0.527701341684656,0.998861670134564
"ENSGALG00010027497","KCNT1",94.3282400319575,0.238498195345726,0.377742949122188,0.631376961237679,0.527794076303437,0.998861670134564
"ENSGALG00010005349","ACBD5",32.9630373340303,0.285011267731941,0.451446089823594,0.631329574353632,0.527825053478824,0.998861670134564
"ENSGALG00010016746","HDGFL3",40.9024511225866,0.273801712591747,0.433886862210483,0.631044026539163,0.528011737926905,0.998861670134564
"ENSGALG00010002922","TMEM106B",15.9763126002387,-0.392307365171789,0.621885456612433,-0.630835407068026,0.528148149701178,0.998861670134564
"ENSGALG00010021251","RNF216",18.8458138106255,0.350158454937731,0.556334783348212,0.629402412752908,0.529085638805906,0.998861670134564
"ENSGALG00010017770","PTCD3",11.3847005279275,-0.458765889820696,0.728990265008457,-0.629316894671254,0.529141612940134,0.998861670134564
"ENSGALG00010010816","AP2S1",27.3937810089275,-0.319740095234945,0.508087529674631,-0.62930120611246,0.529151881896656,0.998861670134564
"ENSGALG00010015123","CEP85L",65.9860744516373,0.227072731695564,0.360871915911975,0.62923359143013,0.529196140291673,0.998861670134564
"ENSGALG00010017658","WHAMM",18.8274156031664,0.350685375357295,0.55749547488735,0.629037169186272,0.52932472265136,0.998861670134564
"ENSGALG00010007891","GDI1",32.0469486284491,-0.330724728147938,0.525907605297818,-0.628864699457334,0.529437638263486,0.998861670134564
"ENSGALG00010004241","PREX2",149.145265290343,0.198230157900751,0.315296459961391,0.628710382365299,0.529538679759657,0.998861670134564
"ENSGALG00010008189","EXOC3",21.292778768517,0.33388293925789,0.531140895171873,0.628614633693095,0.529601377608182,0.998861670134564
"ENSGALG00010017838","B3GNT2",13.3384204120032,-0.412378648330846,0.656175272536941,-0.628458074527077,0.529703903325593,0.998861670134564
"ENSGALG00010025572","ENSGALG00010025572",10.7747210515907,0.471909403894624,0.750979323612192,0.628392006353453,0.529747172339909,0.998861670134564
"ENSGALG00010004081","RPS20",27.7802109529347,0.315473065617439,0.502073010150197,0.628341016624384,0.529780567488329,0.998861670134564
"ENSGALG00010010338","CNST",24.3969990506429,-0.33051847036987,0.527058302066619,-0.627100396813582,0.530593427044355,0.998861670134564
"ENSGALG00010009342","ENSGALG00010009342",15.0301789987141,-0.577816960530763,0.921421560431423,-0.62709294566563,0.530598310981262,0.998861670134564
"ENSGALG00010023490","PHB2",14.7590695853204,-0.388272143460855,0.620089159241477,-0.626155348266058,0.531213051562478,0.998861670134564
"ENSGALG00010012529","BEND3",13.0044298574678,-0.413184513283346,0.660047544184258,-0.625992046972911,0.531320157822719,0.998861670134564
"ENSGALG00010021178","NDST2",22.5366230101606,-0.328500608262281,0.525043100190022,-0.625664080041031,0.531535298267833,0.998861670134564
"ENSGALG00010010528","GPD2",11.9674009775554,-0.427018920909054,0.682564883739016,-0.62560927331903,0.531571254803713,0.998861670134564
"ENSGALG00010022105","DLG5",47.5164130941452,-0.240623415481917,0.384704829614033,-0.625475421567569,0.531659074858396,0.998861670134564
"ENSGALG00010013596","SDCBP2",13.7251415554583,0.443168303637899,0.709142994715435,0.624935036995936,0.532013695607614,0.998861670134564
"ENSGALG00010018001","TRAF7",10.1737770497564,-0.450308813848873,0.720869284951194,-0.624674713223994,0.532184572644048,0.998861670134564
"ENSGALG00010002623","MID1IP1",19.2416027197616,0.408455328757537,0.654277097071306,0.624284925432781,0.532440482072573,0.998861670134564
"ENSGALG00010002476","DDX3X",56.7248403442126,-0.233204158105793,0.373666763679937,-0.624096603639983,0.53256414428493,0.998861670134564
"ENSGALG00010021779","UNC13C",63.0200293118919,0.287450380288316,0.460812862185038,0.623789837213551,0.532765614731979,0.998861670134564
"ENSGALG00010025245","RAP1A",22.9971121442994,0.342221726869614,0.548861955011626,0.623511474506126,0.532948464255981,0.998861670134564
"ENSGALG00010008291","PTGFRN",33.3377884833028,0.281328468852389,0.451327693435102,0.623335268241947,0.533064226163565,0.998861670134564
"ENSGALG00010025586","TCTN1",10.5681317811721,-0.462362866239195,0.742023757925367,-0.623110596258968,0.533211846948192,0.998861670134564
"ENSGALG00010012093","ENSGALG00010012093",34.2735337113798,0.304522866263635,0.488820168139527,0.622975249615137,0.533300786471423,0.998861670134564
"ENSGALG00010012366","INTS8",50.6533088706043,-0.260460974860796,0.41813639862864,-0.622909117013082,0.533344246516579,0.998861670134564
"ENSGALG00010012354","DCBLD1",49.9195336347905,0.264189551157863,0.424182177531616,0.622820960312911,0.533402182816725,0.998861670134564
"ENSGALG00010017571","ADAM9",19.9994231592342,0.342716203260578,0.550277274776223,0.622806390469145,0.533411758377571,0.998861670134564
"ENSGALG00010022125","CBFA2T2",12.4600687419586,0.419274984448966,0.673491873083361,0.622539040492729,0.53358748096846,0.998861670134564
"ENSGALG00010002925","INTS6",62.0590823679147,0.227704475421354,0.366211351730001,0.621784317568712,0.534083699664615,0.998861670134564
"ENSGALG00010013387","NDST1",10.7973481977247,0.449799619606783,0.723538567038498,0.621666404664301,0.53416124662462,0.998861670134564
"ENSGALG00010004034","NEDD8",11.9703297286322,0.425491829243979,0.68462259226432,0.621498375969025,0.534271762710362,0.998861670134564
"ENSGALG00010002914","SLC27A1",15.7408927168232,0.378993291710653,0.610235370218597,0.621060840139258,0.534559593584717,0.998861670134564
"ENSGALG00010027268","UQCRC1",28.4185258500468,-0.309781958236435,0.499177723623805,-0.620584500421128,0.534873040350896,0.998861670134564
"ENSGALG00010022647","SVIP",17.7293244780996,-0.371233826789876,0.598225672693716,-0.620558166817329,0.534890371407853,0.998861670134564
"ENSGALG00010006174","ENSGALG00010006174",25.5402197784301,0.321156064004823,0.517582518484434,0.620492486773356,0.534933598954301,0.998861670134564
"ENSGALG00010011447","LAMC1",16.0862156264206,-0.367959989832283,0.593238279052,-0.620256653734965,0.535088827796971,0.998861670134564
"ENSGALG00010021474","PPFIBP2",215.796253218455,-0.222464080203718,0.35875808521014,-0.620094959179556,0.535195270700715,0.998861670134564
"ENSGALG00010010706","SREBF2",30.6042788033767,0.329222386866221,0.530989196703791,0.62001710940623,0.535246522713493,0.998861670134564
"ENSGALG00010014831","VAPB",91.2370742378302,0.191853603871886,0.30950401957076,0.619874352966274,0.535340512136343,0.998861670134564
"ENSGALG00010024762","FAN1",34.0601108951493,-0.27572610086195,0.445029554457441,-0.61956806710984,0.535542195768677,0.998861670134564
"ENSGALG00010010915","APP",1130.7823244097,0.16974698815394,0.274195233060668,0.619073447262968,0.535867974698622,0.998861670134564
"ENSGALG00010014680","ENSGALG00010014680",60.3607830112242,-0.273046566487434,0.441660188313937,-0.618227709248156,0.536425247002547,0.998861670134564
"ENSGALG00010011434","NPL",11.5290067702994,-0.424586572014742,0.68680129348186,-0.618208754183071,0.536437740183092,0.998861670134564
"ENSGALG00010022808","PSMA7",27.1892930229248,-0.333530982995389,0.539733623678594,-0.617954799114023,0.536605134709902,0.998861670134564
"ENSGALG00010020132","SHC4",13.4505412461887,0.416492551551655,0.674077832184495,0.617870120727632,0.536660956323442,0.998861670134564
"ENSGALG00010011096","LDB2",59.102197828276,-0.240205947612581,0.388988398553748,-0.61751442589461,0.536895469065716,0.998861670134564
"ENSGALG00010024049","RCN2",41.1650063028896,-0.275113635752411,0.445590987426903,-0.617412926911008,0.536962397689569,0.998861670134564
"ENSGALG00010024665","MAP1LC3A",14.0235911555232,-0.432366338197859,0.701185387805777,-0.616622002849867,0.53748407818083,0.998861670134564
"ENSGALG00010004522","TSPAN5",64.8914082411607,0.224736866432856,0.364517525696002,0.616532404042161,0.537543192130777,0.998861670134564
"ENSGALG00010020828","CAMK2N1",42.6068958460293,-0.253171687814308,0.410894403658101,-0.616147812090837,0.537796968637443,0.998861670134564
"ENSGALG00010029411","SARM1",13.7624253484758,0.409037781671026,0.663907262676597,0.616106803865883,0.537824031837477,0.998861670134564
"ENSGALG00010024654","CCDC92",18.8850458514845,0.355997278657236,0.578031905474354,0.615878250466281,0.53797487718578,0.998861670134564
"ENSGALG00010022573","AP4E1",17.7950880741255,-0.347464367249654,0.564416832084171,-0.615616593088842,0.538147597245182,0.998861670134564
"ENSGALG00010014881","ENSGALG00010014881",18.5112402188798,0.347230810969404,0.564344922930954,0.615281181526439,0.538369043141729,0.998861670134564
"ENSGALG00010021091","TANK",32.3707382245584,0.285148909779862,0.463745032372729,0.614882941863358,0.538632028843428,0.998861670134564
"ENSGALG00010029199","APPBP2",31.4811982593894,-0.34314285728549,0.55815180666673,-0.614784102079203,0.538697309692329,0.998861670134564
"ENSGALG00010015200","TBC1D1",20.8918241179153,-0.347896550392992,0.565899359805407,-0.614767527767872,0.538708256939038,0.998861670134564
"ENSGALG00010021530","MLF2",11.0740991243372,-0.469507931633924,0.763816573400082,-0.614686755936623,0.538761607911167,0.998861670134564
"ENSGALG00010016758","NR3C1",12.6625179349846,0.410396414672643,0.668010641295731,0.614356103484523,0.538980036291242,0.998861670134564
"ENSGALG00010005250","SLC35A5",15.5822083321204,-0.368615117923474,0.600677207411035,-0.613665898049025,0.539436127663108,0.998861670134564
"ENSGALG00010004872","KIAA0408",25.3256968691958,-0.309725240704861,0.504792502066146,-0.613569416021706,0.539499898888644,0.998861670134564
"ENSGALG00010013477","RFC1",33.3179324903841,-0.312321488944009,0.50907812210276,-0.613504048561264,0.539543106625547,0.998861670134564
"ENSGALG00010001552","TUBGCP6",10.7629796850506,0.453936517641852,0.740135690530717,0.61331526563238,0.539667901423662,0.998861670134564
"ENSGALG00010007640","TMEM123",38.9377610866174,0.261285246458876,0.426071239820193,0.61324309655151,0.539715612552594,0.998861670134564
"ENSGALG00010013051","XPOT",20.5612906413876,-0.324763679739046,0.529627628564417,-0.613192481327561,0.539749075641864,0.998861670134564
"ENSGALG00010018236","ENSGALG00010018236",10.4916382707559,-0.448670852170174,0.732109708249833,-0.612846472481233,0.539977859234599,0.998861670134564
"ENSGALG00010027103","ACVR2B",40.1633073367155,0.267513493095254,0.436570155080378,0.612761751993791,0.540033884438662,0.998861670134564
"ENSGALG00010029592","MNT",13.3506220887811,0.41637232831118,0.679596873026939,0.612675462229026,0.540090950387251,0.998861670134564
"ENSGALG00010027260","LEMD2",13.2489404353835,-0.402336135896882,0.65677349422297,-0.612594965289955,0.540144188090571,0.998861670134564
"ENSGALG00010020732","ARIH2",16.0618400174809,0.383362657696923,0.626132081473748,0.612271226854548,0.54035832324698,0.998861670134564
"ENSGALG00010026436","PLCD1",10.1947021716493,-0.461044427270503,0.753174350489921,-0.612135061384665,0.54044840189346,0.998861670134564
"ENSGALG00010022864","CSTPP1",33.8669628985681,-0.269223971136225,0.439831447759848,-0.612107143560194,0.540466871525649,0.998861670134564
"ENSGALG00010008267","MAML2",14.7038137931882,0.40022248668605,0.653962156572213,0.611996401724289,0.540540138258059,0.998861670134564
"ENSGALG00010012883","DCAF13",12.0618002413565,-0.457456141339477,0.747490762322394,-0.611989023005712,0.540545020190318,0.998861670134564
"ENSGALG00010008121","MPZL1",68.7195437811263,-0.210654577882727,0.344239838679208,-0.611941310137064,0.540576588668891,0.998861670134564
"ENSGALG00010010939","ZCCHC4",17.3074949556707,-0.405558394977329,0.662953612181425,-0.61174475487486,0.54070664612495,0.998861670134564
"ENSGALG00010008467","ENSGALG00010008467",14.994393589003,0.387522717020019,0.633700606971528,0.611523348339527,0.540853165998896,0.998861670134564
"ENSGALG00010011650","RPL30",22.1913206524522,-0.322696266832072,0.528541004258679,-0.610541593238692,0.541503099577633,0.998861670134564
"ENSGALG00010025968","FADS2",18.1104867583557,0.362707221406845,0.594533564584625,0.610070218088112,0.541815294039019,0.998861670134564
"ENSGALG00010002682","UBL5",16.5409571840886,0.365320905933181,0.598838382661907,0.610049249530878,0.541829183720835,0.998861670134564
"ENSGALG00010024163","HS6ST1",252.407743948006,0.174462223879451,0.286106086983995,0.609781587377448,0.542006500137322,0.998861670134564
"ENSGALG00010029681","SEZ6",18.8417977819612,-0.340846857081575,0.559111642960967,-0.609622177203293,0.542112117317191,0.998861670134564
"ENSGALG00010020311","SGPL1",25.054117742642,0.322837299108584,0.529867315998845,0.609279510852652,0.542339185585504,0.998861670134564
"ENSGALG00010024663","ICE2",25.6967631653662,-0.343656305608219,0.564157579997148,-0.609149496156653,0.542425352387987,0.998861670134564
"ENSGALG00010024423","SERGEF",30.8796504837477,-0.273419708313878,0.448891439579875,-0.609099849553327,0.542458257307949,0.998861670134564
"ENSGALG00010024473","RAVER2",14.4009148868862,-0.378991555954319,0.622635994054295,-0.608688799833937,0.542730732255024,0.998861670134564
NA,"EPPK1",11.0105628001726,0.54025504706453,0.887676919858781,0.608616755689084,0.542778495604564,0.998861670134564
"ENSGALG00010002926","GALNTL6",5141.28621340532,0.150812362770885,0.247924766556514,0.608298899966929,0.542989250485508,0.998861670134564
"ENSGALG00010021916","MRPS25",22.2951192471173,0.316446647094631,0.520559781584507,0.607896841610418,0.543255894469784,0.998861670134564
"ENSGALG00010029230","PPM1E",32.1739287821822,-0.276156571106708,0.454282993533147,-0.607895463924201,0.54325680825952,0.998861670134564
"ENSGALG00010008312","ZBTB18",24.856021924817,-0.299404021573992,0.492741312621292,-0.607629224310862,0.543433413651057,0.998861670134564
"ENSGALG00010009163","SAMD12",125.38495546492,0.171972348732682,0.283243884544018,0.607152909972027,0.54374943971757,0.998861670134564
"ENSGALG00010027490","ATP2B4",92.5129262627035,0.20740202962568,0.341906580770172,0.606604380525495,0.544113492461573,0.998861670134564
"ENSGALG00010008314","INVS",12.0618222463449,-0.403747549910462,0.665884489850517,-0.606332713953285,0.544293839335332,0.998861670134564
"ENSGALG00010019174","ENSGALG00010019174",11.915586792246,-0.413583135952355,0.682129521401371,-0.606311738425698,0.544307765253656,0.998861670134564
"ENSGALG00010009268","ENSGALG00010009268",23.9856308900672,0.326419920023483,0.538579967328699,0.606075123147435,0.544464869399036,0.998861670134564
"ENSGALG00010013893","CSNK2A1",33.7931291517309,-0.266014443850983,0.439234069985756,-0.60563253633674,0.544758791814124,0.998861670134564
"ENSGALG00010026492","SPECC1L",22.2188071232713,-0.325678959384793,0.537970953256958,-0.605383910438069,0.544923939129025,0.998861670134564
"ENSGALG00010024700","TOLLIP",28.7448341141458,-0.301235867390498,0.497890102134899,-0.605024815915863,0.54516250802252,0.998861670134564
"ENSGALG00010014632","NWD2",335.335086209044,0.217805995402005,0.359996086973994,0.605023230204553,0.545163561624443,0.998861670134564
"ENSGALG00010009227","ENSGALG00010009227",26.8797256501796,-0.309345927585144,0.511414574138798,-0.604882893894978,0.545256809968135,0.998861670134564
"ENSGALG00010008078","GUCY1B1",69.1813101159474,-0.210820231696737,0.348561856844648,-0.604828748633556,0.545292789629844,0.998861670134564
"ENSGALG00010025597","SCN2A",305.673898720692,-0.148606417804563,0.245856592408603,-0.604443494269152,0.54554882613348,0.998861670134564
"ENSGALG00010001187","GFM1",13.9127905408415,-0.37890206545343,0.626982394601279,-0.604326483033687,0.545626602530079,0.998861670134564
"ENSGALG00010005313","MPHOSPH8",41.6569751795307,0.260917042017889,0.431968960402602,0.604018033552019,0.545831652696041,0.998861670134564
"ENSGALG00010009235","KLHDC4",14.6990454870291,-0.379266830080217,0.628640980688854,-0.603312290688754,0.546300958117518,0.998861670134564
"ENSGALG00010011775","VEZT",43.8709195384424,-0.244922320057652,0.406291365384626,-0.60282432983972,0.546625559567764,0.998861670134564
"ENSGALG00010014288","ARMC2",45.0674250592599,0.246285636287126,0.40867817457301,0.60263956240004,0.546748495543636,0.998861670134564
"ENSGALG00010020894","PSMD13",13.0624577296627,0.398037158520599,0.661139248868883,0.60204738896017,0.547142593449878,0.998861670134564
"ENSGALG00010005984","IDH3B",13.5106035701368,-0.421166316954835,0.699606125598568,-0.602004901821713,0.547170874509606,0.998861670134564
"ENSGALG00010015855","NIPAL3",25.7388347306155,-0.302097546142183,0.501925082048192,-0.601877764126515,0.547255506529101,0.998861670134564
"ENSGALG00010022066","DAD1",10.8767220515393,-0.439701222439174,0.73076359170273,-0.60170105275037,0.547373149122523,0.998861670134564
"ENSGALG00010012959","TBC1D32",49.2152124673721,-0.241045092418993,0.400659761055845,-0.601620416744061,0.547426835328977,0.998861670134564
"ENSGALG00010013662","RAD21L1",23.0701255164644,0.318552434804494,0.529550942553306,0.60155201172629,0.547472380374231,0.998861670134564
"ENSGALG00010001903","NARS2",11.4620468496352,0.422291491367775,0.702112975797539,0.601458035849699,0.547534953921276,0.998861670134564
"ENSGALG00010005087","ENPP1",12.9863263498657,-0.42618303055918,0.708749733355844,-0.601316671459268,0.547629087625622,0.998861670134564
"ENSGALG00010002402","TXLNG",15.5419748131236,-0.377583754588401,0.628071576668849,-0.601179497074236,0.547720438880273,0.998861670134564
"ENSGALG00010017622","RAB1B",38.63043616447,-0.256016687977645,0.426084924701239,-0.60085835742055,0.547934331231303,0.998861670134564
"ENSGALG00010015964","KLC1",99.2803965386445,-0.18053599301892,0.300858753423403,-0.600068939210318,0.548460291968419,0.998861670134564
"ENSGALG00010012452","ENSGALG00010012452",25.210537091389,0.302514611961985,0.504174047273652,0.600020198575966,0.548492774256807,0.998861670134564
"ENSGALG00010011061","KIF13B",85.7879996268442,0.200776878452843,0.33473367290884,0.599810818876061,0.548632322265029,0.998861670134564
"ENSGALG00010014889","PVALB",23.5451632715911,-0.344595878125378,0.574567173173611,-0.599748635519862,0.548673769789866,0.998861670134564
"ENSGALG00010017039","MAP2K5",62.2483415341565,-0.210140599062035,0.350440532334982,-0.599646957678868,0.54874154519119,0.998861670134564
"ENSGALG00010029548","BAIAP2",10.7626542196619,-0.448819982421146,0.748633231842768,-0.599519181530816,0.548826722801354,0.998861670134564
"ENSGALG00010024897","ADAL",13.4361827886386,-0.395362321799803,0.659730731844134,-0.599278315707157,0.548987305528873,0.998861670134564
"ENSGALG00010017713","ALKBH5",11.162450195618,0.443282790817342,0.739802715681453,0.599190542858473,0.549045828532939,0.998861670134564
"ENSGALG00010011973","TRAPPC10",23.1650372821728,-0.30135346256339,0.503266098454492,-0.598795475174731,0.549309280070325,0.998861670134564
"ENSGALG00010027537","SGTA",12.7089379880143,-0.403464405922798,0.673853438575881,-0.598742074798161,0.549344894982168,0.998861670134564
"ENSGALG00010004060","ETV1",47.1585798520387,-0.273901281947342,0.457690423695281,-0.598442239048679,0.549544888945506,0.998861670134564
"ENSGALG00010022783","STAG1",82.2535612141912,0.203091637377448,0.339446656771099,0.598302069931419,0.549638395702707,0.998861670134564
"ENSGALG00010013442","ENSGALG00010013442",16.0837802604169,-0.377272738417168,0.630767440568604,-0.59811701453245,0.549761858089878,0.998861670134564
"ENSGALG00010021405","IDE",32.9209321378748,0.258571455299562,0.432848665899398,0.597371496484314,0.550259379642904,0.998861670134564
"ENSGALG00010014687","CUL4A",22.9178919587373,0.314522437008057,0.526511775111274,0.597370185959441,0.55026025441701,0.998861670134564
"ENSGALG00010028050","PBRM1",56.4113615428587,0.21855870551789,0.365881228146987,0.597348780708935,0.550274542498305,0.998861670134564
"ENSGALG00010000561","ENSGALG00010000561",100.981541128249,-0.281784837838847,0.471801057485235,-0.597253510496139,0.550338137922248,0.998861670134564
"ENSGALG00010023019","CABP5",14.8959007828279,0.385067745058342,0.644787442550688,0.597201061383994,0.55037315065677,0.998861670134564
"ENSGALG00010028146","MAPKAPK3",14.0594595105889,0.369483496844043,0.618769928437857,0.597125813429297,0.550423384817348,0.998861670134564
"ENSGALG00010021159","MMD2",16.106763034747,-0.357874112224447,0.599772153673795,-0.596683440590487,0.550718750481564,0.998861670134564
"ENSGALG00010002646","FOXO1",13.2863781236205,0.413141552758458,0.69251986413195,0.596577187394207,0.550789705751049,0.998861670134564
"ENSGALG00010027785","ENSGALG00010027785",10.2695582411557,-0.436130698069319,0.731096673654004,-0.596543130048107,0.550812450001583,0.998861670134564
"ENSGALG00010016343","ENSGALG00010016343",16.5958153662758,0.386918455763482,0.648988746786017,0.596186694576164,0.551050513231125,0.998861670134564
"ENSGALG00010026581","DNER",125.988271329806,-0.184610238687941,0.309707395931648,-0.596079528978004,0.551122099020941,0.998861670134564
"ENSGALG00010010577","PBX1",151.264366392278,0.182927459405244,0.307207912667051,0.595451652977112,0.55154160719595,0.998861670134564
"ENSGALG00010007414","ROBO2",460.568962308784,0.22015055108787,0.369924455905143,0.595122997610954,0.551761257076605,0.998861670134564
"ENSGALG00010027724","TTLL11",19.7369660439634,-0.324724620648486,0.545649059429728,-0.595116247406097,0.551765768883966,0.998861670134564
"ENSGALG00010015889","SH3BP5",26.665814402021,-0.301263483456817,0.506311370138327,-0.595016231562231,0.551832621159642,0.998861670134564
"ENSGALG00010004501","TAGLN3",55.3019875631272,-0.251939994188107,0.42344828259713,-0.59497228951523,0.551861994022452,0.998861670134564
"ENSGALG00010009364","ENSGALG00010009364",19.9892108933772,0.350461748563646,0.589176173629178,0.594833539185554,0.551954746094071,0.998861670134564
"ENSGALG00010023336","GPR162",13.9012070169412,0.43139275480968,0.725295797912657,0.594781820122484,0.551989321305676,0.998861670134564
"ENSGALG00010016773","RPS27A",53.4376825038576,-0.232903548388732,0.391733716999915,-0.594545575939747,0.552147268716022,0.998861670134564
"ENSGALG00010019185","ANKDD1A",10.7696144106262,-0.450534783667233,0.757808132371111,-0.594523553419191,0.552161993595792,0.998861670134564
"ENSGALG00010024624","CTSD",17.225122729463,-0.355308090253103,0.598108645287017,-0.594052757894178,0.552476826899972,0.998861670134564
"ENSGALG00010016413","ENSGALG00010016413",112.445332859352,0.233292765808327,0.392731021410595,0.594026835390787,0.552494164515613,0.998861670134564
"ENSGALG00010018137","NDUFB5",33.6232865559119,-0.287709337283862,0.484401032483699,-0.593948645833127,0.552546461255489,0.998861670134564
"ENSGALG00010027097","ENSGALG00010027097",70.6493534119496,-0.210382555374035,0.354225472529376,-0.593922717843472,0.552563803612949,0.998861670134564
"ENSGALG00010014244","SESN1",20.3631462042046,-0.333294774328942,0.561262696169018,-0.593830262734178,0.552625645890049,0.998861670134564
"ENSGALG00010020228","TM9SF3",42.0750989138697,-0.234077310421681,0.394466958312384,-0.593401565046448,0.552912441756423,0.998861670134564
"ENSGALG00010018527","CCT4",22.9933332214409,-0.305114736423583,0.514238476214236,-0.593333152878412,0.552958215788264,0.998861670134564
"ENSGALG00010011589","RERG",10.6778342242839,0.463200271475065,0.780726485698453,0.593293912733954,0.552984471892105,0.998861670134564
"ENSGALG00010024893","ARL6IP4",24.7799431571407,0.301084971549567,0.507753422076198,0.592974775666569,0.5531980334585,0.998861670134564
"ENSGALG00010029708","TMEM94",13.196476239904,-0.418979621350536,0.706744175688483,-0.592830667394438,0.553294481722001,0.998861670134564
"ENSGALG00010027877","OAZ1",96.2425546563248,-0.187364142062284,0.316152029342344,-0.592639378124621,0.55342251984132,0.998861670134564
"ENSGALG00010019912","ARG2",32.2289667469933,-0.285389372779867,0.48166224383563,-0.592509328751243,0.55350957575849,0.998861670134564
"ENSGALG00010022284","ENSGALG00010022284",16.7135027734824,0.342795495107711,0.578936532662153,0.592112391891071,0.553775329418928,0.998861670134564
"ENSGALG00010024554","ST6GALNAC3",70.3867913049607,0.213997812215331,0.361433302154243,0.59208105877307,0.553796309951818,0.998861670134564
"ENSGALG00010005402","ABCC4",124.702963463279,-0.183741450999597,0.310367638233348,-0.592012273075492,0.553842369950197,0.998861670134564
"ENSGALG00010003077","EIF2S3",20.9555545278575,-0.315418577151501,0.53329553588508,-0.591451748471922,0.554217776056394,0.998861670134564
"ENSGALG00010019944","ENSGALG00010019944",11.9130986772886,-0.445593508773869,0.753398828308206,-0.591444387794538,0.554222706629368,0.998861670134564
"ENSGALG00010016707","KIF1B",170.540622291446,0.157385559467521,0.266300460280427,0.591007463155666,0.554515420424684,0.998861670134564
"ENSGALG00010002413","TSSC1",53.2850062093195,-0.231067586477664,0.391102140462369,-0.590811357371991,0.554646824340588,0.998861670134564
"ENSGALG00010020760","TXNDC11",19.4139067732368,-0.332840427785565,0.564026271565686,-0.590115114428322,0.555113476376184,0.998861670134564
"ENSGALG00010003454","BPNT2",22.3085541767581,0.308794731661836,0.523368242502076,0.590014270230794,0.555181082407761,0.998861670134564
"ENSGALG00010026097","ARF1",25.8041373513027,-0.295158778492896,0.50065588319244,-0.589544212705166,0.555496262421154,0.998861670134564
"ENSGALG00010024398","PHB1",11.7391146201939,-0.401091470958158,0.681192731287423,-0.588807620128467,0.555990333518468,0.998861670134564
"ENSGALG00010015913","CHST10",18.5246807799476,-0.345166255640219,0.58634734751688,-0.588671982745317,0.5560813359653,0.998861670134564
"ENSGALG00010014656","ENSGALG00010014656",11.9291577294194,0.411077536052021,0.700145166057592,0.587131863477304,0.557115149170621,0.998861670134564
"ENSGALG00010020486","MRTFB",70.9491905174351,-0.20084077944113,0.342431423787152,-0.586513869609022,0.557530243848678,0.998861670134564
"ENSGALG00010002405","KCNQ5",380.48927958105,0.145078234166549,0.24765633099574,0.58580466561561,0.558006788056612,0.998861670134564
"ENSGALG00010008164","TG",17.2618195259792,0.352370903481269,0.601537967387575,0.585783313082604,0.558021138799685,0.998861670134564
"ENSGALG00010020684","P4HTM",20.8780334324704,0.324411974434489,0.5539953669934,0.585586078445227,0.558153705966658,0.998861670134564
"ENSGALG00010000790","MARCH6",47.3407758714995,-0.233704868248741,0.399311046429233,-0.585270230660045,0.558366028390738,0.998861670134564
"ENSGALG00010018198","BTBD3",45.6511932398062,-0.237322464824511,0.405515550341266,-0.585236409860954,0.558388766080597,0.998861670134564
"ENSGALG00010016407","RPL9",46.6979580824248,-0.229771759685122,0.392810493080377,-0.584943029101073,0.558586024559077,0.998861670134564
"ENSGALG00010026770","ENSGALG00010026770",763.16275539268,0.132621943208407,0.226885556711467,0.584532330442982,0.55886222016153,0.998861670134564
"ENSGALG00010011104","ABCG1",34.6191388463685,0.260067047420433,0.445069210224144,0.584329451344116,0.558998681200165,0.998861670134564
"ENSGALG00010017388","PLPBP",10.5745894767922,-0.435881849754318,0.746646465952497,-0.583786128550496,0.559364211982322,0.998861670134564
"ENSGALG00010017870","RAB11A",15.001137750118,-0.357759075824919,0.613157433660143,-0.583470176149272,0.559576828319516,0.998861670134564
"ENSGALG00010015124","UXS1",27.6079383693196,0.285530038390095,0.489478506245079,0.583335191938197,0.559667676259311,0.998861670134564
"ENSGALG00010004951","AFDN",123.982908701462,0.167229442927492,0.286895583526832,0.582893054231529,0.559965296700923,0.998861670134564
"ENSGALG00010029477","FAM104A",15.0306316798168,-0.391119703649479,0.671061341099179,-0.582837483990415,0.560002708663658,0.998861670134564
"ENSGALG00010020705","EXOSC1",18.3507775789266,0.375419593347203,0.644211154588272,0.582758604338574,0.560055815473388,0.998861670134564
"ENSGALG00010024203","SPOP",42.8302858848012,0.232867221960953,0.399616838688158,0.582726250288647,0.560077598988215,0.998861670134564
"ENSGALG00010024338","NDUFA9",34.8807322586035,-0.27069833693857,0.464543091456297,-0.582719540807199,0.560082116436647,0.998861670134564
"ENSGALG00010001188","PSMG2",24.0448769843193,-0.306825237853891,0.527443920048736,-0.58172106301944,0.560754581585533,0.998861670134564
"ENSGALG00010023637","RHBDD1",11.609862913744,0.404697994165573,0.695725377789517,0.581692154814582,0.560774056804163,0.998861670134564
"ENSGALG00010019221","VASH2",11.6535849424233,-0.393661158428737,0.676811706636204,-0.581640587136498,0.560808798335724,0.998861670134564
"ENSGALG00010002065","CLNS1A",15.3732285016832,0.358824855736665,0.617705092853146,0.58089994705932,0.561307888042155,0.998861670134564
"ENSGALG00010026167","CABIN1",71.9208895199455,-0.198423560943784,0.341629263786681,-0.580815468629418,0.561364828552413,0.998861670134564
"ENSGALG00010001398","WDR11",22.2716665005014,0.309968938808175,0.533914259212804,0.580559394059244,0.561537446091577,0.998861670134564
"ENSGALG00010015490","RANBP2",67.4703392570193,0.223816203880071,0.38566699823459,0.580335379756632,0.561688473141939,0.998861670134564
"ENSGALG00010021113","SYP",107.939441767579,0.200124893045323,0.344931365460477,0.580187576673869,0.561788130493839,0.998861670134564
"ENSGALG00010023571","APLP2",119.681101891971,0.196800301228376,0.339373028387096,0.579893759276301,0.561986264486889,0.998861670134564
"ENSGALG00010021212","MYO18B",84.5550270664078,0.197176047613912,0.340064929131026,0.579818824945457,0.562036801405394,0.998861670134564
"ENSGALG00010005490","DCBLD2",18.9719022564771,-0.321795684526791,0.55502085686,-0.579790255716393,0.562056069531365,0.998861670134564
"ENSGALG00010011427","TMTC3",59.8625129212885,0.207310876040886,0.357608756168526,0.579714205720367,0.562107361967069,0.998861670134564
"ENSGALG00010022431","LARP4",21.4759205379041,-0.306484990276504,0.529289381156,-0.579049951100705,0.562555469117134,0.998861670134564
NA,"RABGAP1L.1",20.1541916216198,-0.310451116262314,0.536227229021618,-0.57895440488681,0.562619938919359,0.998861670134564
"ENSGALG00010001745","CADPS2",52.5214794688551,-0.222446017595954,0.384238493105199,-0.578926946642618,0.56263846702776,0.998861670134564
"ENSGALG00010005081","GREB1L",27.4140550990311,0.286066111410578,0.494148509986963,0.578907161772328,0.562651817525771,0.998861670134564
"ENSGALG00010001678","SYAP1",14.7380000435474,-0.371990405033631,0.642618222060306,-0.578866879686336,0.562678999673103,0.998861670134564
"ENSGALG00010010197","SCCPDH",10.8740828393017,-0.419397860072254,0.724864078435198,-0.578588279581504,0.56286701496081,0.998861670134564
"ENSGALG00010024095","RBM12",18.249446815378,-0.328535183061866,0.568018181190714,-0.578388498715253,0.563001857178247,0.998861670134564
"ENSGALG00010007938","BCL9",37.7045383820913,0.272917333170459,0.471879695344861,0.57836210344038,0.563019673850547,0.998861670134564
"ENSGALG00010015640","ENSGALG00010015640",33.2457698561577,0.275331582914683,0.476101965333378,0.578303815070138,0.563059019158682,0.998861670134564
"ENSGALG00010028366","MRRFP1",10.351886271244,0.4343733873257,0.751228126103733,0.578217684125581,0.563117160946755,0.998861670134564
"ENSGALG00010018440","MEA1",15.1492525296481,0.368889179416481,0.63804609329831,0.578154436319089,0.563159857557104,0.998861670134564
"ENSGALG00010004507","CUL2",39.1398485672474,-0.242490770614298,0.41952249776336,-0.578016130021899,0.563253229240158,0.998861670134564
"ENSGALG00010001834","ZCRB1",27.8821101596557,-0.270210240077965,0.467792870255975,-0.577627957283971,0.563515327619645,0.998861670134564
"ENSGALG00010016299","SRSF4",48.6828310044699,-0.2347709834861,0.406643876111489,-0.577338052477479,0.563711112782499,0.998861670134564
"ENSGALG00010022628","SVOP",29.0987682401697,-0.26495715907277,0.458970788777438,-0.577285451604748,0.56374663992313,0.998861670134564
"ENSGALG00010005752","RMND1",19.8255587006148,-0.318221647124589,0.551452059989847,-0.577061308158768,0.563898040677175,0.998861670134564
"ENSGALG00010028149","SNAPC4",26.2664189208947,-0.305468066200278,0.529385687214283,-0.577023658889803,0.563923473311642,0.998861670134564
"ENSGALG00010017823","PPIE",15.879306442252,-0.356151091362305,0.617503050213098,-0.576760052018202,0.564101559103259,0.998861670134564
"ENSGALG00010016912","CCDC88C",16.9029545865599,0.343386302518553,0.595416018055617,0.576716601679462,0.564130915596196,0.998861670134564
"ENSGALG00010021576","ERH",16.4481091196905,-0.334296728366468,0.579678140836645,-0.576693693993671,0.56414639308622,0.998861670134564
"ENSGALG00010001528","NR1D2",29.6527929443409,-0.258229924365677,0.447990498744827,-0.576418305944394,0.564332473967725,0.998861670134564
"ENSGALG00010015540","ACSL4",38.2951796650333,-0.236975950808076,0.411131919948636,-0.576398813397126,0.56434564628478,0.998861670134564
"ENSGALG00010015980","EXOSC7",12.5917156734478,-0.409649418563708,0.710811714594416,-0.576312137451829,0.564404220361848,0.998861670134564
"ENSGALG00010028034","MUM1L1",10.1522741232536,0.468493572672859,0.813064495361227,0.576207146352784,0.564475175415908,0.998861670134564
"ENSGALG00010018488","ENSGALG00010018488",15.9824061254918,0.355765017170559,0.618439138641557,0.575262778406976,0.565113590779974,0.998861670134564
"ENSGALG00010009029","IGSF3",30.6215089907712,0.304018778488787,0.528659414179697,0.575074935458252,0.565240618492809,0.998861670134564
"ENSGALG00010008320","GPRIN3",14.0014752274711,-0.405683231455622,0.707495165430915,-0.573407778989602,0.566368624482807,0.998861670134564
"ENSGALG00010027930","RAF1",83.182048947864,0.185451421532899,0.32344968669738,0.573354772504101,0.566404506629944,0.998861670134564
"ENSGALG00010021432","SYT9",24.0259975256793,-0.28611425716485,0.499023322158279,-0.573348467817905,0.566408774589276,0.998861670134564
"ENSGALG00010028885","BRD3",12.6118907940093,0.397465000452742,0.693266486468332,0.57332210370867,0.566426621948576,0.998861670134564
"ENSGALG00010024019","MAP3K14",10.7620385559116,-0.409877640123292,0.714974768409702,-0.573275671021189,0.566458055521494,0.998861670134564
"ENSGALG00010026899","HOOK1",30.456364023872,-0.257205827995357,0.448793352917957,-0.573105252836436,0.566573430824658,0.998861670134564
"ENSGALG00010018523","TEX11",17.273524235117,-0.374672047774111,0.65437702241238,-0.572562964379268,0.566940642057863,0.998861670134564
"ENSGALG00010011106","USP40",26.1721235344503,0.282977016225955,0.494288011505117,0.572494192938819,0.566987218864684,0.998861670134564
"ENSGALG00010004346","CEP128",11.4241822459768,-0.42093854855209,0.735355056519043,-0.572428984910624,0.567031383974426,0.998861670134564
"ENSGALG00010029718","ABR",22.0414269127913,-0.31428418218417,0.549082331465279,-0.572380796419861,0.567064022885882,0.998861670134564
"ENSGALG00010011888","CAND1",57.6774843106355,0.210093094928452,0.367103957082127,0.572298638778909,0.567119671775433,0.998861670134564
"ENSGALG00010010394","MRPL42",15.5976708969426,-0.36574316384232,0.639085481121475,-0.572291461230679,0.567124533560595,0.998861670134564
"ENSGALG00010003403","GCDH",24.6667297178098,0.333358248649729,0.582510052760924,0.572278962516972,0.567132999738882,0.998861670134564
"ENSGALG00010014082","HNRNPR",67.6155738021785,-0.206282875143189,0.360497062266275,-0.572217908923823,0.567174356113242,0.998861670134564
"ENSGALG00010019213","RHBDF1",21.6135210921486,0.30493997738334,0.533026563195176,0.572091521209387,0.567259972989734,0.998861670134564
"ENSGALG00010009289","GPR137B",26.653554937302,-0.287921953811268,0.503528617190827,-0.571808520869334,0.567451703986491,0.998861670134564
"ENSGALG00010013228","RTFDC1",29.5587752805423,0.27646024737205,0.483630980294724,0.571634693880808,0.567569486089655,0.998861670134564
"ENSGALG00010007529","CDH13",48.1155387072985,0.230016047394485,0.402598181835688,0.57132907641486,0.567776595474074,0.998861670134564
"ENSGALG00010025558","GALNT3",37.0098118490109,0.247975181394032,0.434078910088605,0.571267517565907,0.567818316757228,0.998861670134564
"ENSGALG00010023714","EIF3M",26.9423235658779,0.267332868252389,0.468081602635961,0.571124493564643,0.567915256411653,0.998861670134564
"ENSGALG00010016814","HMGXB3",23.643645786573,0.300383008989734,0.526218807202662,0.570832902355858,0.568112917355825,0.998861670134564
"ENSGALG00010000145","PRODH",23.2615423179834,0.309872929509782,0.542936313053703,0.57073531841502,0.568179073934471,0.998861670134564
"ENSGALG00010020704","PROX1",65.7974388798593,0.212093081190883,0.371684326752924,0.570626916243016,0.568252569002618,0.998861670134564
"ENSGALG00010012072","CAPRIN2",44.0325094236925,0.228607927630333,0.400715191051831,0.57049977823467,0.568338772483355,0.998861670134564
"ENSGALG00010025413","NECAB3",14.0504977475195,0.365375610178118,0.640574877518723,0.570387042953365,0.568415215702495,0.998861670134564
"ENSGALG00010019761","MRPS18A",12.6524013972659,-0.392274012235914,0.687832087144804,-0.570304903721846,0.568470915534744,0.998861670134564
"ENSGALG00010023181","PLEKHA7",28.4201084970305,-0.302517740849294,0.530484482027877,-0.570266899594994,0.568496687580268,0.998861670134564
"ENSGALG00010013880","ZMYM4",33.9502410570629,0.253901139626971,0.445476016995263,0.569954677559378,0.568708438372802,0.998861670134564
"ENSGALG00010017185","NAA30",12.3373649735202,0.380898324484743,0.668512886354612,0.569769606928258,0.568833972136754,0.998861670134564
"ENSGALG00010027866","KCNA2",22.8981591049314,0.30051683798148,0.527518780372685,0.569679884703193,0.56889483565877,0.998861670134564
"ENSGALG00010012911","CSNK1E",21.8843014755987,-0.312760023079232,0.549052373761301,-0.569636045713926,0.568924575188732,0.998861670134564
"ENSGALG00010008745","GRAMD4",34.3370772069868,-0.244831780289585,0.430004439722516,-0.569370354519075,0.569104830890942,0.998861670134564
"ENSGALG00010024910","UBTF",21.6174050868152,-0.33773310042699,0.593262119141793,-0.569281417993705,0.569165175135902,0.998861670134564
"ENSGALG00010009494","UBA2",40.0946011238123,0.247618643244051,0.435049368718509,0.569173664068154,0.569238291252127,0.998861670134564
"ENSGALG00010024961","LSM12",19.8386114676489,0.317054312865,0.557430041861394,0.568778661096699,0.569506357727907,0.998861670134564
"ENSGALG00010021067","SLC4A10",310.762358108921,-0.14955085311866,0.263131083952548,-0.56835114602283,0.569796556226196,0.998861670134564
"ENSGALG00010029211","SDF2",13.2121227189612,-0.417284333347324,0.73425826263918,-0.568307303546656,0.569826320616315,0.998861670134564
"ENSGALG00010005935","ATP8A2",180.501234606684,0.159758953921428,0.281481880956436,0.567563899241365,0.570331126141917,0.998861670134564
"ENSGALG00010008385","CTNNA1",14.1238860454684,-0.362366277774175,0.638879749867107,-0.567190113397007,0.57058502432547,0.998861670134564
"ENSGALG00010020476","TMEM132A",12.4170812953285,-0.370062643490362,0.652549976996472,-0.567102377650321,0.570644627607099,0.998861670134564
"ENSGALG00010027864","ACTR8",10.4191671298298,-0.40696030400191,0.717637572737898,-0.567083329331954,0.570657568474484,0.998861670134564
"ENSGALG00010027609","RPL36",30.311700569951,-0.281431968021852,0.496460372174044,-0.566877003273063,0.57079774928868,0.998861670134564
"ENSGALG00010017852","LETM2",11.356432851627,-0.39891761899004,0.703840759272019,-0.566772545827895,0.570868725392163,0.998861670134564
"ENSGALG00010024940","RABL3",13.9205111045844,-0.376687048815367,0.664821655954021,-0.566598644075184,0.570986896408339,0.998861670134564
"ENSGALG00010004440","GTF2H5",12.6531227998744,-0.398015608646148,0.702574545437494,-0.566510146476063,0.571047037427796,0.998861670134564
"ENSGALG00010019990","MARCH8",23.1322358630294,0.29649609561443,0.523390312478762,0.566491370866673,0.571059797306184,0.998861670134564
"ENSGALG00010020620","MARF1",12.8312913061758,-0.367631270931889,0.648986702688932,-0.566469650932278,0.571074558313118,0.998861670134564
"ENSGALG00010004835","HHLA2",20.6136929366133,-0.336149451606234,0.593450394160719,-0.566432266140171,0.571099965683302,0.998861670134564
"ENSGALG00010022448","C12orf4",12.5102840083728,-0.381977269291872,0.674642825529463,-0.566191849727438,0.571263369811287,0.998861670134564
"ENSGALG00010008240","RCAN2",31.8162121754972,-0.248269193791152,0.438666100580304,-0.565963938090318,0.571418295341657,0.998861670134564
"ENSGALG00010012824","HIBCH",27.25094630412,-0.28766799453379,0.508298522359753,-0.565943007660743,0.571432524041509,0.998861670134564
"ENSGALG00010000054","VPS33B",13.0617745579354,-0.365925325416484,0.648049600946713,-0.564656354825181,0.572307526030759,0.998861670134564
"ENSGALG00010013640","SNPH",10.0050811311179,0.472195839388569,0.836419544630325,0.564544243878551,0.572383798410244,0.998861670134564
"ENSGALG00010002260","ENSGALG00010002260",23.7664691456285,0.298907986158981,0.529588960628619,0.564415062210095,0.572471690490733,0.998861670134564
"ENSGALG00010025149","IFT81",27.8191230834778,-0.265618279184709,0.470756728260739,-0.564236819654314,0.572592972932897,0.998861670134564
"ENSGALG00010011982","STK3",26.8672562309996,0.274195277272493,0.486056813895709,0.564121866896255,0.572671197262997,0.998861670134564
"ENSGALG00010013226","DUSP6",11.4737192386642,-0.39705941644501,0.703854192035781,-0.564121690170775,0.572671317527021,0.998861670134564
"ENSGALG00010017252","EXOC5",20.6997318974943,-0.324394021347316,0.575073594986151,-0.564091316616838,0.572691987309855,0.998861670134564
"ENSGALG00010005305","SCAF8",62.8735701687303,0.202356954867816,0.35880600300306,0.563973158682327,0.572772399406611,0.998861670134564
"ENSGALG00010005157","IMPA1",13.8757684073938,-0.350101414327447,0.620792501107036,-0.563958832787323,0.572782149224085,0.998861670134564
"ENSGALG00010029525","SLC38A10",37.7303395520874,0.248507064784595,0.441256308748312,0.563180763328964,0.573311800579328,0.998861670134564
"ENSGALG00010016242","PDS5A",29.2457845338933,-0.262700945085668,0.467339309732486,-0.562120368680399,0.574034011487925,0.998861670134564
"ENSGALG00010022603","ATRNL1",390.818928633764,0.145845814428397,0.259471890606016,0.562087145886067,0.574056645744742,0.998861670134564
"ENSGALG00010019040","HMGN5",14.6430570934642,-0.345562632347822,0.614940664798197,-0.561944675526092,0.57415371373687,0.998861670134564
"ENSGALG00010006568","ENTPD5",14.8563848444308,0.347100114287126,0.618402563574263,0.561285050761991,0.574603230947601,0.998861670134564
"ENSGALG00010017045","GLB1",17.7202702700673,0.337127338431144,0.600660384987106,0.561261149989742,0.574619521831329,0.998861670134564
"ENSGALG00010001185","PTPN2",22.1249707582789,-0.287388048115708,0.512350876507696,-0.560920379554365,0.5748518164006,0.998861670134564
"ENSGALG00010006728","ENSGALG00010006728",11.6102660113083,-0.409003123609638,0.729412885485355,-0.560729227229768,0.574982139537851,0.998861670134564
"ENSGALG00010004493","ENSGALG00010004493",29.287311449877,0.265758540802322,0.473998503002418,0.560673797741859,0.575019932665546,0.998861670134564
"ENSGALG00010003025","MFHAS1",14.9199809334672,-0.359862385530911,0.642241394828343,-0.56032262701954,0.5752593964074,0.998861670134564
"ENSGALG00010011682","USP15",78.3417047187613,-0.178709883272771,0.318967174105669,-0.560276723690592,0.575290701426042,0.998861670134564
"ENSGALG00010021600","FMN1",47.1188601232149,0.217877229887616,0.389064221084013,0.560003254168591,0.575477218059089,0.998861670134564
"ENSGALG00010006615","GRAMD1C",11.8282857045434,-0.386192691016511,0.689927144052611,-0.559758656179299,0.575644067408591,0.998861670134564
"ENSGALG00010024107","NFE2L2",13.4951552294906,0.38862480520014,0.694313354953329,0.559725378213793,0.57566676930733,0.998861670134564
"ENSGALG00010023478","TAOK3",86.2750454216029,0.180879810306985,0.323425161488179,0.559263260392916,0.575982065211653,0.998861670134564
"ENSGALG00010002054","RSF1",59.7243440574766,0.198196235077759,0.354430888748354,0.559195717330602,0.576028155634971,0.998861670134564
"ENSGALG00010021129","TXNRD3",14.8237327344029,0.357344668717103,0.63950119979273,0.558786549318317,0.576307403267141,0.998861670134564
"ENSGALG00010027894","RSBN1",11.5617849422953,-0.388645731341683,0.695710845353774,-0.558631123745173,0.576413494334617,0.998861670134564
"ENSGALG00010027455","R3HDM4",17.7325835843782,0.341345641946888,0.61140636192949,0.558295862132775,0.576642370035948,0.998861670134564
"ENSGALG00010021788","RPL5",26.6783079344749,-0.273450864989849,0.489880300293525,-0.558199349567647,0.576708264976295,0.998861670134564
"ENSGALG00010030102","GPS1",22.5731451986885,-0.310527669025808,0.556696297793405,-0.557804444284354,0.57697792757184,0.998861670134564
"ENSGALG00010025336","ADAM10",54.1487491387949,0.209777614159657,0.376150558949877,0.557695872486024,0.577052076655999,0.998861670134564
"ENSGALG00010027158","XRCC2",11.8358967229812,-0.385804148359938,0.691975612646389,-0.557540094345912,0.577158473142544,0.998861670134564
"ENSGALG00010024894","TUT4",110.450346957194,0.163480902895361,0.293482057401412,0.557038833456723,0.577500897085713,0.998861670134564
"ENSGALG00010024205","ANKRD13D",36.9104301896968,0.264504714368101,0.474913595395229,0.556953342529554,0.577559307639057,0.998861670134564
"ENSGALG00010017727","AZIN2",27.2701296578904,0.305626884346381,0.548831856954276,0.556867974177824,0.577617637219617,0.998861670134564
"ENSGALG00010009325","ENSGALG00010009325",19.3358095182976,-0.345175701195901,0.619952926141463,-0.556777275565497,0.577679611842117,0.998861670134564
"ENSGALG00010005318","SLC35D3",15.4794793418829,0.351886226845736,0.632143690797782,0.556655443957127,0.577762864655806,0.998861670134564
"ENSGALG00010005696","NUBPL",43.6484315840303,0.241925081205412,0.434683962787858,0.556553960845066,0.577832216771286,0.998861670134564
NA,"IMMP2L.1",23.5069371199503,-0.321754634460029,0.578259387595261,-0.556419214909891,0.577924306280403,0.998861670134564
"ENSGALG00010006506","ZNF827",56.4259382306971,0.217776708934172,0.391608914638674,0.556107639007933,0.578137273258018,0.998861670134564
"ENSGALG00010017415","HDAC1",15.842960650129,0.383671986703876,0.689934300957479,0.556099307095506,0.578142968756506,0.998861670134564
"ENSGALG00010008959","ENSGALG00010008959",17.7781899120791,-0.43850032070833,0.788958773441058,-0.555796241159475,0.578350155405599,0.998861670134564
"ENSGALG00010017941","DIS3L",22.4345899421634,-0.298236405489945,0.536625076292571,-0.555763080529887,0.578372827309586,0.998861670134564
"ENSGALG00010004454","SRI",15.0490331479894,-0.347907428045362,0.62624435457928,-0.555545811313686,0.578521384488394,0.998861670134564
"ENSGALG00010001520","KCNAB1",27.914469990983,0.279368946367814,0.502915558830052,0.555498714372087,0.57855358924685,0.998861670134564
"ENSGALG00010014738","BRWD1",62.2325189143248,0.214614181684033,0.386389052467061,0.555435461521851,0.578596842696632,0.998861670134564
"ENSGALG00010021181","DAGLA",26.5944010286644,-0.278776925159323,0.50215799963576,-0.55515778970271,0.578786737714816,0.998861670134564
"ENSGALG00010028502","PLEKHO1",22.8008864525747,0.30237561426272,0.544864496866927,0.554955619243751,0.578925017058861,0.998861670134564
"ENSGALG00010016455","RBM27",13.6173069303257,0.354743095072787,0.639250257166674,0.554936178899798,0.578938314567055,0.998861670134564
"ENSGALG00010010780","PARG",26.9806212497065,-0.273761776546833,0.493348820501235,-0.554905099942663,0.578959573372002,0.998861670134564
"ENSGALG00010023746","TTC28",39.0889546656693,-0.251684105381723,0.453698515183925,-0.554738657850121,0.579073430277418,0.998861670134564
"ENSGALG00010003719","RPGR",74.3152389442139,0.188184351495053,0.339285003885003,0.55464977626549,0.579134235202112,0.998861670134564
"ENSGALG00010024003","ERICH3",10.5334713862837,-0.407903103908491,0.735715459930659,-0.554430518487318,0.579284244813106,0.998861670134564
"ENSGALG00010016460","LBR",23.7631274505375,-0.294850064997602,0.5323602469571,-0.553854399690672,0.57967849495624,0.998861670134564
"ENSGALG00010022637","DMXL2",148.077202244195,0.150703242404709,0.272551127261374,0.552935678230332,0.580307455530593,0.998861670134564
"ENSGALG00010018344","SFXN5",42.1233017387317,-0.228281098174291,0.41343426638246,-0.552158146376558,0.580840006812718,0.998861670134564
"ENSGALG00010023063","ENSGALG00010023063",36.4289249187733,0.235745547886897,0.427129297702242,0.551930174668652,0.580996193780557,0.998861670134564
"ENSGALG00010021751","MTCH2",13.5157141273254,0.399656292737651,0.724136495182486,0.55190740336452,0.58101179583538,0.998861670134564
"ENSGALG00010028159","DCAF1",16.5915013871723,0.340391545226072,0.616765319444145,0.551897998306467,0.581018239890295,0.998861670134564
"ENSGALG00010013209","KIAA1549",57.6525523341274,0.217021444636147,0.393617778431113,0.55135071769663,0.581393277229137,0.998861670134564
"ENSGALG00010014243","HIGD2A",16.1578964942308,0.344806126378197,0.625587162520516,0.551171998141648,0.581515773666811,0.998861670134564
"ENSGALG00010018276","ARHGAP17",54.592922226317,-0.213140659709106,0.387032443379592,-0.55070489142447,0.581835990959197,0.998861670134564
"ENSGALG00010020392","SLC23A2",68.7057691247388,0.204020374405054,0.370588527458234,0.550530735002441,0.581955402103314,0.998861670134564
"ENSGALG00010004038","SENP6",86.1112727094215,-0.172385397403475,0.313330002068828,-0.55017201118713,0.58220139879869,0.998861670134564
"ENSGALG00010013464","ABCB7",36.0660005557027,0.245396213190882,0.446158990785241,0.550019652767692,0.582305894057716,0.998861670134564
"ENSGALG00010027315","RAB3A",25.347534200424,-0.281710980261464,0.512200878250438,-0.550000970759216,0.582318707745055,0.998861670134564
"ENSGALG00010025951","TBRG4",13.237280389182,0.375390907879975,0.682834756013476,0.549753662323197,0.582488345006372,0.998861670134564
"ENSGALG00010027600","KIRREL",14.6503893763707,0.375997417641082,0.684438714394114,0.549351475499054,0.582764267869984,0.998861670134564
"ENSGALG00010013678","ATP7A",12.5115421789125,-0.3594537501782,0.654418885982183,-0.549271663574798,0.582819030606223,0.998861670134564
"ENSGALG00010021966","ADGRA1",247.522137142425,-0.155662953109578,0.283407646116606,-0.54925459931145,0.582830739515956,0.998861670134564
"ENSGALG00010029699","ANKRD13B",29.4683059722833,0.293329526747065,0.534212662869653,0.549087558447929,0.582945362997557,0.998861670134564
"ENSGALG00010011617","MAMLD1",49.4784547693641,0.217339635292456,0.395844327935025,0.549053301903397,0.582968871146073,0.998861670134564
"ENSGALG00010005262","ENSGALG00010005262",30.9706460571771,-0.260470212709807,0.474491392146595,-0.548946128467035,0.583042420504655,0.998861670134564
"ENSGALG00010005216","ENSGALG00010005216",22.166170392711,0.292423649753949,0.532818901588912,0.548823716429571,0.583126432872849,0.998861670134564
"ENSGALG00010025056","RBMS2",14.2653681098583,0.349296087900833,0.636553218341571,0.54873037765933,0.58319049581613,0.998861670134564
"ENSGALG00010009857","ORC5",18.9829255391093,0.326915271849444,0.595843486152262,0.548659638725838,0.583239049576652,0.998861670134564
"ENSGALG00010022170","RSPRY1",13.4671981166193,-0.365507159767941,0.666229601045795,-0.548620414334932,0.583265973210383,0.998861670134564
"ENSGALG00010015291","ZFP64",28.7397401658357,-0.283226456656483,0.516405247575235,-0.5484577431898,0.583377636916953,0.998861670134564
"ENSGALG00010004434","TCP1",23.5477094131432,-0.298995221222793,0.545576331608891,-0.548035543149506,0.583667497680545,0.998861670134564
"ENSGALG00010019256","BBS9",114.251753552661,0.169882327139229,0.310182986798799,0.54768421986156,0.583908749255067,0.998861670134564
"ENSGALG00010007549","SH3D19",29.0818866263533,0.280465688380833,0.512596091251063,0.547147536174763,0.584277376313253,0.998861670134564
"ENSGALG00010005411","STXBP5",118.679335484426,0.182092610780374,0.332807351201325,0.547141191812862,0.584281734655204,0.998861670134564
"ENSGALG00010007239","ENSGALG00010007239",109.603539029066,0.172795577220383,0.315993259320404,0.546833111541711,0.584493392608146,0.998861670134564
"ENSGALG00010024504","CASC3",17.5761913467184,-0.345881498171207,0.632571042440054,-0.546786803324126,0.584525210460069,0.998861670134564
"ENSGALG00010006052","RALGAPA1",181.6159658744,0.15581250337296,0.285019698420115,0.546672753625942,0.584603576151636,0.998861670134564
"ENSGALG00010025088","ENSGALG00010025088",100.645974329092,0.162418832054041,0.297192090733889,0.546511287204726,0.584714531120277,0.998861670134564
"ENSGALG00010023079","SLC25A16",42.4052122305793,0.240021651690291,0.439386113977414,0.546265901572459,0.584883171645516,0.998861670134564
"ENSGALG00010004673","RAB18",18.58569623933,0.309240320892274,0.566120049095071,0.54624513190548,0.584897446573441,0.998861670134564
"ENSGALG00010022325","MIGA1",19.5083297258901,-0.316414396505625,0.579285288945047,-0.546215142252026,0.58491805865533,0.998861670134564
"ENSGALG00010008418","TMEM245",63.5590127837839,0.186501107044691,0.341456090806372,0.546193528439501,0.584932914177188,0.998861670134564
"ENSGALG00010013440","EEA1",33.2084808225796,-0.248315901741884,0.454736095265979,-0.546065958535009,0.58502059860165,0.998861670134564
"ENSGALG00010011441","CD99L2",22.3677296240442,0.287798766874212,0.527054821238734,0.546050914016497,0.585030939765759,0.998861670134564
"ENSGALG00010015811","CTNNBL1",11.9504577504181,-0.379556941781842,0.695121738940569,-0.546029451417133,0.585045692678875,0.998861670134564
"ENSGALG00010001199","AFG3L2",33.3917896801509,-0.247895558131229,0.454046816202194,-0.545969158433296,0.58508713765908,0.998861670134564
"ENSGALG00010008455","FKBP1B",28.9841940006989,-0.254578785979383,0.466513172332094,-0.545705461448702,0.585268417173592,0.998861670134564
"ENSGALG00010011953","CDK17",63.6699113767533,0.200007549766731,0.366644650938344,0.545507889600616,0.585404255802624,0.998861670134564
"ENSGALG00010006279","HACD1",10.2936865329156,0.400480129367945,0.734311181517102,0.545382038906918,0.585490790873554,0.998861670134564
"ENSGALG00010016884","SBK1",14.771297201972,0.374385833030024,0.686611166643763,0.5452661582247,0.585570475806505,0.998861670134564
"ENSGALG00010013757","DGKI",256.840976708502,-0.154690585195131,0.284169997441567,-0.544359315155849,0.586194236990502,0.998861670134564
"ENSGALG00010023062","STX2",54.8933562877536,-0.207498851803252,0.381381291371236,-0.544071920930365,0.586391981967717,0.998861670134564
"ENSGALG00010019204","ARF6",16.0400915475238,0.334698926192082,0.615680300640556,0.54362454969545,0.586699862536185,0.998861670134564
"ENSGALG00010014985","ENSGALG00010014985",58.6821145323831,0.196988349497363,0.362462718452793,0.543472030277285,0.586804843411643,0.998861670134564
"ENSGALG00010001358","TCERG1L",16.4140381937134,-0.36764768846363,0.67681661939462,-0.543201330949104,0.586991190310779,0.998861670134564
"ENSGALG00010000017","COX1",1083.61045738792,0.183822495532623,0.338474376400135,0.543091319017051,0.587066929333169,0.998861670134564
"ENSGALG00010020314","THADA",61.4726256668582,-0.199448194321491,0.368113256556409,-0.541812039553453,0.587947996591687,0.998861670134564
"ENSGALG00010023087","SH3GLB1",55.9313765992273,0.201945482412934,0.372797199927242,0.541703324092422,0.588022899444186,0.998861670134564
"ENSGALG00010022957","SLTM",63.239799214937,-0.19867094047417,0.366799357930304,-0.54163382835561,0.588070782975617,0.998861670134564
"ENSGALG00010013556","RASL11B",16.3012914963382,-0.333706894544611,0.616203832614846,-0.541552773420013,0.588126633233192,0.998861670134564
"ENSGALG00010028867","REXO4",14.9479530518434,-0.345107561327392,0.637533075501973,-0.541317109007506,0.588289029844322,0.998861670134564
"ENSGALG00010016400","ENSGALG00010016400",16.7874827524329,-0.327122323196297,0.604383777153811,-0.541249344475782,0.588335730294695,0.998861670134564
"ENSGALG00010007532","DCUN1D5",10.1234076155219,-0.420135644679481,0.776889524029785,-0.540792006693828,0.588650952940856,0.998861670134564
"ENSGALG00010002587","DOCK1",22.3366786706908,-0.325976652758596,0.603203929504771,-0.540408702287835,0.588915207727485,0.998861670134564
"ENSGALG00010013252","PPM1H",496.435173260807,0.131341762268761,0.243058933221932,0.540370026839689,0.588941874099554,0.998861670134564
"ENSGALG00010008330","EZH2",35.615157200048,-0.241063345455237,0.446345626750577,-0.540082238981913,0.589140318728003,0.998861670134564
"ENSGALG00010012997","UBE2A",15.2236714789376,-0.334598503623259,0.619759432061519,-0.539884487937967,0.589276696192511,0.998861670134564
"ENSGALG00010029203","ALDOC",57.8949823949791,0.244575663170189,0.453223375754075,0.539636029944976,0.589448063948308,0.998861670134564
"ENSGALG00010013480","TBC1D8",11.3815171431115,-0.394638024439466,0.731345551005754,-0.539605421673456,0.589469176836462,0.998861670134564
"ENSGALG00010015407","TIMP3",76.854164670646,-0.190618680161294,0.353381037970335,-0.539414002675764,0.589601221207732,0.998861670134564
"ENSGALG00010001654","RPS11",37.2391266566655,-0.246970695965503,0.458057744232768,-0.539169349443422,0.589770007389865,0.998861670134564
"ENSGALG00010013047","CTPS1",13.3869886762957,-0.351383041422041,0.652179193481678,-0.538782967831544,0.590036617280457,0.998861670134564
"ENSGALG00010024631","EPB41L1",57.6498279473435,0.192731666146819,0.357804405791506,0.538650902636243,0.590127757243755,0.998861670134564
"ENSGALG00010017605","GFPT1",17.5451691536859,-0.31664702387061,0.58871378654458,-0.537862423316346,0.590672032274463,0.998861670134564
"ENSGALG00010010167","PUS7",15.041403544054,0.33053979650134,0.615160463303453,0.537322887635397,0.591044598432196,0.998861670134564
"ENSGALG00010025103","GSK3A",25.2282848843145,0.281734473535614,0.524679148884186,0.536965256070814,0.591291613681761,0.998861670134564
"ENSGALG00010025557","VPS29",15.2751372330001,-0.330696819717299,0.616013387192993,-0.536833819836604,0.591382408290887,0.998861670134564
"ENSGALG00010012552","ENSGALG00010012552",12.707736436271,0.398729299600071,0.743254193724165,0.536464244624291,0.591637740843309,0.998861670134564
"ENSGALG00010023170","TCF12",624.483969877256,0.125797567780431,0.234502311996265,0.53644489348333,0.591651111577156,0.998861670134564
"ENSGALG00010006614","TMEM184C",28.9814390675742,-0.258808079186005,0.482832217398361,-0.536020733207361,0.591944221358772,0.998861670134564
"ENSGALG00010018298","ENSGALG00010018298",12.3148324902417,-0.363703859774989,0.678616780255299,-0.535948815822329,0.591993925429614,0.998861670134564
"ENSGALG00010008366","RPRD1A",79.4665804508837,-0.188770343482398,0.352249910788119,-0.535898910691122,0.592028417356073,0.998861670134564
"ENSGALG00010019634","GNG2",44.175440541601,-0.226380333564193,0.422433111884774,-0.535896280843491,0.592030235000588,0.998861670134564
"ENSGALG00010005769","TFG",12.0343533781637,0.367863689771696,0.686560143041483,0.535806940586513,0.592091984901144,0.998861670134564
"ENSGALG00010010678","KCNIP1",114.767105609973,0.432945043144397,0.808218282429679,0.535678358874623,0.592180862768103,0.998861670134564
"ENSGALG00010014200","DCP1B",19.5289457812263,0.29933928991285,0.559109568871751,0.535385739358563,0.592383149173586,0.998861670134564
"ENSGALG00010007992","LAPTM4A",28.9977872080224,0.249002840117957,0.465149594014442,0.535317762978044,0.59243014544176,0.998861670134564
"ENSGALG00010006245","PFKFB3",30.1235958841793,0.268189976807932,0.501471461794516,0.53480606024561,0.592783972009219,0.998861670134564
"ENSGALG00010011086","OTUD6A",14.226264459033,-0.355345123229619,0.664943490129669,-0.534398980521373,0.593065524180606,0.998861670134564
"ENSGALG00010017597","CNOT10",13.2865075193156,-0.343175182657878,0.642514917029028,-0.534112397335008,0.593263773003328,0.998861670134564
"ENSGALG00010022256","PSMC3",20.5369853355593,-0.283404372285455,0.530784816921058,-0.533934587521567,0.593386791240792,0.998861670134564
"ENSGALG00010002087","POLA1",195.037936158183,0.146183507331334,0.273797187301176,0.533911647421464,0.593402663266575,0.998861670134564
"ENSGALG00010000843","DIS3",42.4509494782446,0.220580328815572,0.413365162718835,0.533620993517558,0.593603780628554,0.998861670134564
"ENSGALG00010005379","DZIP1",34.0855873193995,0.235983579278018,0.442340126056219,0.533488972348002,0.593695142704841,0.998861670134564
"ENSGALG00010002474","HPCAL1",30.3631593590858,0.276009879566031,0.517927167232803,0.532912534866062,0.594094127777891,0.998861670134564
"ENSGALG00010013355","FAM171B",47.1448370157316,-0.208358017335137,0.391073392050748,-0.532784949245792,0.594182453593437,0.998861670134564
"ENSGALG00010015300","ATXN3",37.7579737433436,-0.227340790072558,0.426707983952942,-0.532778383864572,0.594186998881336,0.998861670134564
"ENSGALG00010008112","ENSGALG00010008112",12.5967734152708,-0.362974268268222,0.681704769631809,-0.532450826864928,0.594413790489443,0.998861670134564
"ENSGALG00010011731","ENSGALG00010011731",108.054401789507,0.235112994077011,0.441818278665073,0.532148635378759,0.594623054783796,0.998861670134564
"ENSGALG00010022816","METTL8",14.8338103968265,-0.33945465414695,0.637900807214823,-0.532143321199206,0.594626735096093,0.998861670134564
"ENSGALG00010020450","ANKRD39",10.6832317506296,-0.388526305522336,0.730163297314015,-0.532108785735428,0.594650652737255,0.998861670134564
"ENSGALG00010017356","NSMCE1",17.007714002395,-0.354406159006175,0.666273198143481,-0.531923181052008,0.594779201357059,0.998861670134564
"ENSGALG00010010155","BRINP3",54.6722447690966,-0.201005050052157,0.37836993320509,-0.531239489220209,0.59525283141725,0.998861670134564
"ENSGALG00010027775","MVB12B",24.1697759618958,-0.268987652787768,0.506608784621258,-0.530957340167057,0.595448341386261,0.998861670134564
"ENSGALG00010006621","DACT2",11.1741489302924,0.389279475270033,0.733321452925346,0.530844248067651,0.595526714689239,0.998861670134564
"ENSGALG00010023260","ENSGALG00010023260",197.283374623825,0.144334924299449,0.271929506732613,0.530780664568971,0.59557078038903,0.998861670134564
"ENSGALG00010008198","GLRB",56.6129818872544,-0.188347245298909,0.354984031160257,-0.530579487430183,0.595710213330875,0.998861670134564
"ENSGALG00010027143","GALNT11",23.3501311082569,0.273202099519608,0.515077558128439,0.53040963483694,0.595827947275136,0.998861670134564
"ENSGALG00010025940","HECTD3",10.8168348444656,-0.36896637086426,0.695703363692312,-0.530350132139712,0.595869194295638,0.998861670134564
"ENSGALG00010029707","NSRP1",23.6194757485771,-0.262507403624272,0.495144925234882,-0.530162766991394,0.59599908353376,0.998861670134564
"ENSGALG00010007124","ENSGALG00010007124",30.0336170071744,-0.254347471017933,0.479914316063758,-0.529985171319919,0.596122212079622,0.998861670134564
"ENSGALG00010028171","RNF123",12.7649030892321,0.356788337544032,0.673254170499772,0.52994597460745,0.596149389045471,0.998861670134564
"ENSGALG00010024009","CSE1L",18.9644887780965,0.294848035387778,0.556769079169486,0.52956970208833,0.596410305595686,0.998861670134564
"ENSGALG00010004187","ARFGEF1",117.863787535522,0.158861194230911,0.300058801737045,0.529433542063292,0.596504735094485,0.998861670134564
"ENSGALG00010015746","PAPOLB",65.1896753421302,-0.189491022668391,0.358271459447798,-0.528903482740301,0.596872405872253,0.998861670134564
"ENSGALG00010003865","AKAP8L",18.9085574725643,-0.320327080480649,0.606193848179295,-0.528423509150996,0.597205424082721,0.998861670134564
"ENSGALG00010024288","CHID1",18.0488196108537,-0.302992136597986,0.574883237068738,-0.527049872149529,0.598158955934984,0.998861670134564
"ENSGALG00010002206","DPH3P1",43.7941418290971,-0.233456499806866,0.443043086069937,-0.526938591633983,0.598236233321212,0.998861670134564
"ENSGALG00010020963","CCDC93",40.724479427034,-0.223948684344104,0.425191112203703,-0.526701236023986,0.59840107714704,0.998861670134564
"ENSGALG00010015519","ENSGALG00010015519",18.3412255169071,0.337018621631783,0.640011982427485,0.52658173735047,0.59848407695468,0.998861670134564
"ENSGALG00010008584","ENSGALG00010008584",19.2438835853186,-0.337714596901648,0.64145235891799,-0.526484301143282,0.598551756771958,0.998861670134564
"ENSGALG00010014994","ENSGALG00010014994",29.5012199828318,0.251988534598543,0.478751658627314,0.52634498504099,0.598648532665246,0.998861670134564
"ENSGALG00010001617","TRIM3",14.0300286963073,0.353170237527822,0.671909367321448,0.525621839349744,0.599150979618065,0.998861670134564
"ENSGALG00010008038","WRN",29.4359474132467,-0.251712188036599,0.478988581897374,-0.525507700078181,0.599230301883704,0.998861670134564
"ENSGALG00010021931","ITGA6",50.9632200684544,-0.205883784954743,0.392004895024485,-0.525207178705979,0.59943917506895,0.998861670134564
"ENSGALG00010025229","ENSGALG00010025229",36.1558873072054,0.230034421045006,0.438056333925225,0.525125202468302,0.59949615723281,0.998861670134564
"ENSGALG00010009173","LYAR",10.9704309487506,0.383719032510464,0.730947724455507,0.524960978291985,0.59961031780055,0.998861670134564
"ENSGALG00010024058","SLC44A5",66.0277295660655,-0.191127519291371,0.364198560146045,-0.524789332540821,0.599729648001549,0.998861670134564
"ENSGALG00010009000","FAM149B1",32.7271685992776,0.270071315376239,0.514783204719149,0.524631170753876,0.599839613503683,0.998861670134564
"ENSGALG00010001164","KPNA4",35.3453623919615,0.236620764835821,0.451194969187231,0.524431301310966,0.599978590233163,0.998861670134564
"ENSGALG00010022059","NPTX2",22.9871411423788,-0.317427906016984,0.605360383464552,-0.524361875483666,0.60002686802728,0.998861670134564
"ENSGALG00010012107","CLCC1",14.0935407781111,-0.357008919797262,0.680959215370282,-0.524273571366726,0.600088276071539,0.998861670134564
"ENSGALG00010002742","PROSER1",26.6567730947603,0.257929745299388,0.492272959692778,0.523956760615815,0.600308614546377,0.998861670134564
"ENSGALG00010020708","FAM214A",34.8161731246831,-0.229457803779269,0.437997574401308,-0.523879165524857,0.600362586676014,0.998861670134564
"ENSGALG00010013146","TNRC6B",137.660959163182,0.15440768727216,0.294813991638284,0.523746130277317,0.600455125929266,0.998861670134564
"ENSGALG00010028818","TSC1",27.1425342439218,-0.262073557207972,0.500477105081363,-0.523647444702523,0.600523775732649,0.998861670134564
"ENSGALG00010015109","PPT1",12.7638714862579,-0.369413323726459,0.705650548731521,-0.523507456191337,0.600621163667396,0.998861670134564
"ENSGALG00010014344","LSG1",15.0049028604561,-0.350383861425898,0.669394425046373,-0.523434089552843,0.600672206602229,0.998861670134564
"ENSGALG00010000799","ENSGALG00010000799",296.773025770005,0.151010504816544,0.288679617942246,0.523107609373224,0.600899370482028,0.998861670134564
"ENSGALG00010016392","STMN3",128.19875048284,0.16585588332434,0.317077096308911,0.523077463667561,0.600920347725942,0.998861670134564
"ENSGALG00010021829","ERCC6",61.2461557669425,0.198623704717215,0.379725466696108,0.523071856215985,0.600924249773574,0.998861670134564
"ENSGALG00010021566","ENSGALG00010021566",38.1330897017647,0.232682550837714,0.445234025282942,0.522607297790967,0.601247560984274,0.998861670134564
"ENSGALG00010023128","IWS1",67.8596886821876,-0.187520136517112,0.358880172844702,-0.522514618265795,0.601312071048486,0.998861670134564
"ENSGALG00010029716","GOSR1",12.8533149584969,0.353520820528735,0.67746211489716,0.521831129379685,0.601787913480328,0.998861670134564
"ENSGALG00010019854","CCDC14",10.9875945289404,-0.371442493987577,0.713342383080299,-0.520707170634729,0.602570778405421,0.998861670134564
"ENSGALG00010007588","TTC27",45.3276246572647,0.224948010882565,0.43207951435909,0.520617162829933,0.602633490886475,0.998861670134564
"ENSGALG00010003691","ERICH1",27.1812754060769,-0.255678648679324,0.491185120054081,-0.520534190146422,0.602691304285681,0.998861670134564
"ENSGALG00010012133","RAB3IP",16.0589008854497,-0.306357017174386,0.588682131910535,-0.52041161191715,0.602776718459688,0.998861670134564
"ENSGALG00010004928","HDDC2",14.4810207244398,-0.346400272441905,0.665654681994361,-0.52039034924844,0.602791535130446,0.998861670134564
"ENSGALG00010002527","LRRC3B",22.8934598414267,-0.274801232040823,0.528139425443797,-0.520319481564753,0.602840919726585,0.998861670134564
"ENSGALG00010024035","OSBPL5",53.2111316492193,0.197377062328369,0.379493308687702,0.520106831424524,0.602989117259099,0.998861670134564
"ENSGALG00010020170","SORCS1",44.4639206289034,0.250319009826021,0.481465484961533,0.519910601371603,0.603125886047467,0.998861670134564
"ENSGALG00010013783","NDUFA10",40.511668897182,-0.218773867273947,0.420806126051294,-0.519892306052787,0.603138638264115,0.998861670134564
"ENSGALG00010007575","MMP27",13.297856835154,-0.42810125970521,0.823453623163016,-0.519885088441053,0.603143669122547,0.998861670134564
"ENSGALG00010001681","NAPG",19.2625845012255,-0.289561355252515,0.557017663622252,-0.519842321282086,0.603173479304329,0.998861670134564
"ENSGALG00010015201","GCC2",57.2925524232114,0.199196948426311,0.383216978482524,0.519801991068084,0.603201591458776,0.998861670134564
"ENSGALG00010016915","PLOD2",25.3071187120361,0.272119917198113,0.523860781985007,0.519450828456751,0.603446394074831,0.998861670134564
"ENSGALG00010001704","ENSGALG00010001704",12.1027487600907,-0.358664775436827,0.690483692384962,-0.519439893211645,0.603454017974257,0.998861670134564
"ENSGALG00010021798","RANBP10",18.7404164002407,0.308461890920317,0.593940161063558,0.519348431276242,0.603517785647848,0.998861670134564
"ENSGALG00010001200","CTTNBP2",149.150737179854,-0.142111557213438,0.273747562625375,-0.519133598306839,0.603667580075218,0.998861670134564
"ENSGALG00010017380","MARCKSL1",18.7616501411012,-0.335362542195933,0.646375365555701,-0.518835586977569,0.603875399103453,0.998861670134564
"ENSGALG00010003366","CASD1",37.3021727588756,-0.223205458579434,0.430403013531247,-0.518596412111853,0.604042211605868,0.998861670134564
"ENSGALG00010027099","GNA11",19.2132850757407,0.289924322296738,0.559073770807517,0.518579724958257,0.604053850832884,0.998861670134564
"ENSGALG00010029602","MTMR4",15.991955180355,-0.31721359452543,0.611784431210862,-0.518505503478719,0.604105621256614,0.998861670134564
"ENSGALG00010009028","PDLIM7",12.442375829976,-0.410042428571566,0.791167653292982,-0.518275016508696,0.604266401542106,0.998861670134564
"ENSGALG00010020429","ZNF148",44.2853756060547,0.213329449443447,0.411880047552246,0.517940722575028,0.604499628350948,0.998861670134564
"ENSGALG00010009352","HSF1",15.0602611607819,0.331128602777821,0.639569822748333,0.517736439400641,0.604642170450161,0.998861670134564
"ENSGALG00010029385","CLIP2",22.2793910152009,0.281418908706206,0.544003670017103,0.51731068045434,0.604939299530002,0.998861670134564
"ENSGALG00010029669","HID1",28.5745726436406,-0.248624921781004,0.480610657237611,-0.517310463338489,0.60493945106773,0.998861670134564
"ENSGALG00010027112","XYLB",14.6895329234641,0.323021170236158,0.624485933113619,0.517259321800268,0.604975146183464,0.998861670134564
"ENSGALG00010001871","ENSGALG00010001871",31.290663307828,0.255935891414249,0.494952344710546,0.517091987035485,0.605091946958179,0.998861670134564
"ENSGALG00010020254","ENSGALG00010020254",10.2414141083013,-0.386964188207621,0.748392715391794,-0.51706033510099,0.605114041354967,0.998861670134564
"ENSGALG00010002701","TMEM196",28.4870139111142,0.25353534264802,0.490398754927139,0.516998340841402,0.605157317033156,0.998861670134564
"ENSGALG00010017714","ATAD3A",22.7463483349437,0.293452188095947,0.56766748585122,0.516943801450798,0.605195389916559,0.998861670134564
"ENSGALG00010007896","TIMMDC1",17.2948339164612,-0.303206070101588,0.586599072049578,-0.516888083443749,0.605234286677564,0.998861670134564
"ENSGALG00010013767","PGK2",28.2799156608044,-0.284173085486675,0.550163293115156,-0.516524982751247,0.605487794836653,0.998861670134564
"ENSGALG00010005649","TOMM70",26.1699967514811,-0.260086913277997,0.5035406302969,-0.516516240456393,0.60549389908269,0.998861670134564
"ENSGALG00010014922","MAN1A1",426.217695374827,-0.131166095147593,0.253974455709277,-0.516453888172668,0.605537436926623,0.998861670134564
"ENSGALG00010005885","SLITRK5",13.4446451846084,-0.342083825484428,0.66240510076463,-0.516426919251606,0.60555626856661,0.998861670134564
"ENSGALG00010001249","PDCD10",28.705289235397,-0.242969896981041,0.470694761156412,-0.516194181520329,0.60571879368365,0.998861670134564
"ENSGALG00010003906","ENSGALG00010003906",11.0338366321437,-0.413507070868404,0.80109163058558,-0.516179491934199,0.605729052351974,0.998861670134564
"ENSGALG00010003900","RB1",53.1901913028938,-0.193511375851238,0.375022517108582,-0.515999352100795,0.605854861731706,0.998861670134564
"ENSGALG00010010303","ETF1",15.9126774923114,-0.312762776946652,0.606291598380251,-0.515861967710288,0.605950818637335,0.998861670134564
"ENSGALG00010019800","EXT2",28.0329628151826,-0.253133811836903,0.49089405199921,-0.515658747149193,0.606092771659071,0.998861670134564
"ENSGALG00010007877","MSMO1",35.1019320249971,-0.273721991371131,0.531271905254074,-0.515220151233534,0.606399189067507,0.998861670134564
"ENSGALG00010018834","SAMD4A",35.7774130264113,0.234786421541478,0.456102941151733,0.514766295846732,0.606716340145454,0.998861670134564
"ENSGALG00010007741","ENSGALG00010007741",56.4817214576628,0.203648127876924,0.395693055999191,0.514661869318577,0.606789323186365,0.998861670134564
"ENSGALG00010017927","PCSK2",215.704213456776,0.146551374716251,0.284779121555796,0.514614182091777,0.606822652792617,0.998861670134564
"ENSGALG00010024038","NKD1",39.2378319872656,0.265422921312745,0.515791140501735,0.514593796734383,0.606836900797415,0.998861670134564
"ENSGALG00010008382","NRBP2",12.2003680142073,0.408096273015364,0.79324718844034,0.514462930297618,0.606928371265298,0.998861670134564
"ENSGALG00010003303","MTHFD2L",13.7413462050507,0.33317358122707,0.647618817654892,0.51445938898677,0.606930846587226,0.998861670134564
"ENSGALG00010021457","USB1",14.9794763443796,0.346403971461929,0.673675776451668,0.514199832575962,0.607112284811329,0.998861670134564
"ENSGALG00010029373","GATSL2",37.8021139888177,-0.232377452697141,0.452114703233334,-0.513978977094253,0.607266688919795,0.998861670134564
"ENSGALG00010028069","NEK4",13.2165177646106,0.370748786377951,0.721338103456967,0.513973661728337,0.607270405205393,0.998861670134564
"ENSGALG00010018509","ENSGALG00010018509",19.7206048091476,0.311157095399412,0.605399896055908,0.513969522338136,0.607273299304089,0.998861670134564
"ENSGALG00010023142","TLK2",46.7296277122056,0.19572342173059,0.380897184825777,0.513848433456168,0.607357962608491,0.998861670134564
"ENSGALG00010021073","NDUFB8",25.9295211193008,0.25883524590909,0.50387404864414,0.513690368864168,0.607468486632306,0.998861670134564
"ENSGALG00010001264","FAM3C",36.1312575834559,-0.223215554241955,0.434539607979749,-0.513682872960013,0.607473728240895,0.998861670134564
"ENSGALG00010013901","NFXL1",43.5132751178077,-0.218703204251147,0.425982881913562,-0.513408433852338,0.607665647255163,0.998861670134564
"ENSGALG00010016793","SLC9A1",13.9710083869776,0.3453693484459,0.672826806613169,0.513310921995509,0.607733845139759,0.998861670134564
"ENSGALG00010021074","TTC17",29.2904495014245,0.238162000877291,0.464124476639064,0.513142514271021,0.607851634245388,0.998861670134564
"ENSGALG00010007207","EPM2A",28.4640515777705,0.247552340210034,0.48259574214456,0.512960058681746,0.607979260311769,0.998861670134564
"ENSGALG00010028049","MAN1B1",16.5708517308308,-0.296805683766653,0.578693119716542,-0.512889601853285,0.60802854743557,0.998861670134564
"ENSGALG00010028036","NDUFS7",21.6402872582506,0.277235039644604,0.54090390821623,0.512540278288722,0.608272938325293,0.998861670134564
"ENSGALG00010001567","INPP5A",55.3846067386475,0.19448976793871,0.379480914926234,0.512515281503724,0.608290428049167,0.998861670134564
"ENSGALG00010018313","MYEF2",46.7880485868892,-0.197455241792675,0.385463841885532,-0.512253602897756,0.608473532506102,0.998861670134564
"ENSGALG00010001225","SOCS6",27.547113833073,-0.279916255879984,0.546550152701332,-0.512151088965018,0.608545271306034,0.998861670134564
"ENSGALG00010003652","MYCN",23.5284889083412,0.276333418136499,0.539577625924679,0.512129126301233,0.608560641171637,0.998861670134564
"ENSGALG00010024135","FBXO22",11.7646129961034,-0.345507409121267,0.674736851896686,-0.512062455385451,0.608607299731904,0.998861670134564
"ENSGALG00010013392","HDAC2",32.0201766844371,0.244604256586379,0.477805949327321,0.511932212084728,0.608698452991136,0.998861670134564
"ENSGALG00010004639","HBS1L",71.2626190134989,0.16989475074228,0.332142141284183,0.511512179952249,0.608992461895324,0.998861670134564
"ENSGALG00010024513","SPTY2D1",22.6968719946885,0.280224542584747,0.547886130141036,0.511464932526421,0.609025537518407,0.998861670134564
"ENSGALG00010009741","C2H6orf52",22.8282857060715,-0.258489876158977,0.505534628848184,-0.511319821449073,0.609127127717505,0.998861670134564
"ENSGALG00010015603","ENSGALG00010015603",26.2885472584396,0.249209242422291,0.487603707920565,0.511089719733816,0.609288234104959,0.998861670134564
"ENSGALG00010016474","MAPK8IP3",131.38195180584,0.146899950452354,0.287678608506689,0.510639116390674,0.609603780227989,0.998861670134564
"ENSGALG00010020268","CPLANE2",12.8985744317002,0.36075858430554,0.706797025633062,0.510413274564104,0.609761958866756,0.998861670134564
"ENSGALG00010015327","LARGE1",156.18246992965,0.155385902164764,0.304601593801434,0.510128329354895,0.609961559275678,0.998861670134564
"ENSGALG00010019626","ENSGALG00010019626",16.2324380572929,0.312569590428219,0.612917995718252,0.509969673939712,0.610072707904592,0.998861670134564
"ENSGALG00010011453","GNPTAB",37.2801101594999,0.215320108991568,0.422244964579026,0.509941211983997,0.610092648341566,0.998861670134564
"ENSGALG00010017710","RAB41",32.7771705061896,-0.251062864697103,0.492446684162401,-0.509827505741325,0.610172313785996,0.998861670134564
"ENSGALG00010017673","WDR89",42.8937319230661,-0.200911286835675,0.394102282410882,-0.509794781209131,0.610195242269595,0.998861670134564
"ENSGALG00010024651","PSMD3",15.5568080206136,-0.312727742629449,0.61394406885604,-0.509374971586832,0.610489416319034,0.998861670134564
"ENSGALG00010028569","ZER1",12.7614277988639,-0.341587709269769,0.670727710277802,-0.509279256001351,0.610556496104283,0.998861670134564
"ENSGALG00010022517","HNRNPA1",28.6098668164841,0.265518679484939,0.521650178775154,0.50899758169044,0.610753919207512,0.998861670134564
"ENSGALG00010029691","NUFIP2",33.7081257990623,0.245896571649888,0.483141646539151,0.508953375084303,0.610784905807932,0.998861670134564
"ENSGALG00010005588","PLAGL1",12.5813440477803,-0.342380917092567,0.673192493076202,-0.508592892246959,0.611037612106772,0.998861670134564
"ENSGALG00010021201","TRMT1L",38.519100607121,0.219551084486419,0.431688221096207,0.508587155630288,0.611041633974274,0.998861670134564
"ENSGALG00010022037","DRG1",12.7320763559066,-0.331358430530119,0.651751481613923,-0.508412239753688,0.611164270858494,0.998861670134564
"ENSGALG00010020624","MINOS1",35.2499750567524,-0.246802854986801,0.485441565325977,-0.508408988054147,0.611166550790833,0.998861670134564
"ENSGALG00010006077","TBCK",74.2302675252335,0.168335929987313,0.331251410581293,0.508181775564095,0.611325870384412,0.998861670134564
"ENSGALG00010029208","CACNG5",10.079224624363,-0.401355506677704,0.790175536872035,-0.507932083377952,0.611500973779311,0.998861670134564
"ENSGALG00010009991","LHFPL3",431.08173712846,0.126635819450384,0.249364433983369,0.507834326762211,0.611569534298625,0.998861670134564
"ENSGALG00010018399","ABHD12",11.1622128073786,-0.353958621981114,0.697390267725445,-0.507547406899667,0.611770782018991,0.998861670134564
"ENSGALG00010021222","NTN4L",10.0458631260087,-0.377182497421634,0.743257518210715,-0.507472158949224,0.611823566341473,0.998861670134564
"ENSGALG00010008399","INO80C",11.0162128782843,0.377902911419326,0.745042953842491,0.507222985561203,0.611998368857605,0.998861670134564
"ENSGALG00010027980","NUP210",35.7008808526635,-0.232896251092248,0.459196397417491,-0.507182226171744,0.612026964880111,0.998861670134564
"ENSGALG00010003275","MBTPS2",11.1773920161308,-0.379983969148536,0.749475130526941,-0.507000104034642,0.61215474557412,0.998861670134564
"ENSGALG00010003913","PSMB5",23.6223946326703,-0.252107940933713,0.49728234251224,-0.506971431280023,0.612174864052568,0.998861670134564
"ENSGALG00010004481","ZNF704",15.5455365126642,0.327685200921901,0.646500934040622,0.506859593958934,0.612253338440536,0.998861670134564
"ENSGALG00010024194","NKAIN4",10.4119457294634,-0.411368940590527,0.812293964093137,-0.506428656095935,0.612555761959982,0.998861670134564
"ENSGALG00010021797","SLC25A34",13.7007238804136,-0.338092935701276,0.66771517272324,-0.506343047923238,0.612615847912891,0.998861670134564
"ENSGALG00010007767","VAT1L",54.1846657825353,-0.194719833114642,0.384750099881005,-0.506094301664549,0.612790450647874,0.998861670134564
"ENSGALG00010027667","PTPDC1",16.9946828074211,-0.307909241111262,0.608935521151894,-0.505651633737518,0.613101227395196,0.998861670134564
"ENSGALG00010023392","TPI1",34.7192692146701,-0.238311721265839,0.471607609916869,-0.505317802882456,0.61333564066934,0.998861670134564
"ENSGALG00010009508","TOMM20",15.3684442142975,-0.33062510174726,0.654408331607036,-0.505227525045932,0.613399039816031,0.998861670134564
"ENSGALG00010013181","DYRK1A",43.7466878331599,0.216821333295944,0.429236931635641,0.505132054853084,0.613466088529304,0.998861670134564
"ENSGALG00010021044","EIF4G2",77.5637943447082,-0.177785716718804,0.352071909522871,-0.504969899358743,0.613579977737544,0.998861670134564
"ENSGALG00010024230","LONP2",60.8172757967957,0.206057793691558,0.40833817118652,0.504625352787397,0.61382199948525,0.998861670134564
"ENSGALG00010021239","USP54",27.0149875977163,0.262445971430946,0.520247670613079,0.504463520464532,0.613935690782607,0.998861670134564
"ENSGALG00010005364","MAP7",255.045472408009,0.125910938444267,0.24969479580215,0.504259362073507,0.614079130453301,0.998861670134564
"ENSGALG00010024332","EFCAB7",15.500404528285,-0.312131266536793,0.619149608742795,-0.504128989390119,0.614170736740579,0.998861670134564
"ENSGALG00010027293","ELP6",11.3520522231203,0.361263967111199,0.717117708917886,0.503772201716142,0.614421464166387,0.998861670134564
"ENSGALG00010016970","SYNE3",14.2745411684305,0.320301909451279,0.636239302083079,0.503429933364057,0.614662030702976,0.998861670134564
"ENSGALG00010024454","HPS5",14.5066220760194,0.31875757786834,0.633241280785152,0.503374602289216,0.614700924563397,0.998861670134564
"ENSGALG00010002578","ENSGALG00010002578",10.1476154162877,-0.3740924871132,0.743190943229975,-0.503359857276194,0.614711289455009,0.998861670134564
"ENSGALG00010028783","DDX31",29.4906996492891,0.228530191880141,0.45412154218111,0.5032357434147,0.614798537372378,0.998861670134564
"ENSGALG00010029555","LYRM9",28.283371197655,0.243275919008204,0.484157902295933,0.502472267527931,0.615335355360747,0.998861670134564
"ENSGALG00010006992","SLC35B4",17.4275963076159,-0.305771132879815,0.608616819977177,-0.5024033560086,0.615383818821285,0.998861670134564
"ENSGALG00010019280","MESDC1",24.4962563568708,-0.263125197779828,0.523930362552132,-0.502214066194048,0.615516949457925,0.998861670134564
"ENSGALG00010010931","CYYR1",22.4175612190927,-0.288405650333459,0.574441074336726,-0.502063071771921,0.615623155390761,0.998861670134564
"ENSGALG00010022544","SPICE1",33.5236038883378,-0.222616800495885,0.443438325646246,-0.502024267233677,0.615650450892827,0.998861670134564
"ENSGALG00010018888","ENSGALG00010018888",32.0079436602272,0.250008037667727,0.498062725092592,0.501960948033703,0.615694991395981,0.998861670134564
"ENSGALG00010001258","ENSGALG00010001258",17.9713405397234,0.290845372666463,0.579429421855489,0.501951336428685,0.615701752592589,0.998861670134564
"ENSGALG00010007141","PRKD3",21.8039160202362,0.262314133746414,0.523963678412942,0.500634193845172,0.616628592948413,0.998861670134564
"ENSGALG00010011605","APPL2",19.4405482504931,0.294402786188779,0.588069469397476,0.500625863965388,0.616634456423575,0.998861670134564
"ENSGALG00010012219","KDM5A",26.0124038484734,0.248968148342114,0.497470439286556,0.500468226210928,0.616745423625766,0.998861670134564
"ENSGALG00010020291","SNX29",60.7232257424839,0.19131541258884,0.382288597882303,0.500447603325435,0.616759941505727,0.998861670134564
"ENSGALG00010016553","SLC25A14",16.9759312647176,-0.295572012703371,0.590697537366783,-0.500377932877415,0.616808988476079,0.998861670134564
"ENSGALG00010025327","TMEM59",27.2294729430007,-0.250714293354256,0.501485630702987,-0.49994312499603,0.617115125455097,0.998861670134564
"ENSGALG00010003517","GTF2F2",60.1236280322128,-0.178341924543377,0.35676600704861,-0.499884857357158,0.617156155250004,0.998861670134564
"ENSGALG00010003733","STAU2",91.6455392160102,0.155343307187335,0.3108239358836,0.499779100813876,0.617230627929084,0.998861670134564
"ENSGALG00010022682","EIF1",36.1734386001315,-0.229326075142893,0.459002792494039,-0.499618039133981,0.617344053483408,0.998861670134564
"ENSGALG00010004969","YTHDC1",126.421174754749,0.15759562467301,0.315724420687161,0.499155638103666,0.61766974399481,0.998861670134564
"ENSGALG00010002796","PRDM8",11.6867408804663,0.351561241666225,0.704477537470819,0.499038255965383,0.617752433650957,0.998861670134564
"ENSGALG00010027700","TCF3",210.712917668423,0.141437563819875,0.283510650779187,0.498879190009808,0.617864495133738,0.998861670134564
"ENSGALG00010000023","ATP6",946.503246903095,0.180790404686713,0.362434295939506,0.498822563736874,0.617904390317633,0.998861670134564
"ENSGALG00010029187","SRSF1",68.9118202624527,-0.169139915696302,0.339104013003062,-0.498784765766765,0.617931020932789,0.998861670134564
"ENSGALG00010016412","TMSB15B",16.891806434079,-0.303312302422685,0.608281435192943,-0.498638105446167,0.61803435542951,0.998861670134564
"ENSGALG00010017263","COG7",18.3426106257894,-0.281322884419219,0.564411136123947,-0.498436098109586,0.618176698913998,0.998861670134564
"ENSGALG00010029421","TBCD",66.9501305322747,0.171502674756556,0.344187175775849,0.498283163426886,0.618284473125624,0.998861670134564
"ENSGALG00010020981","CIT",247.23695504473,-0.136314623890406,0.273687784171074,-0.498066160692066,0.618437410666006,0.998861670134564
"ENSGALG00010010749","NCOA4",24.2756027117559,-0.251283455542178,0.50457964231122,-0.498005536630803,0.618480139786166,0.998861670134564
"ENSGALG00010022148","TALDO1",10.5743833738462,-0.370656061641746,0.744587072099922,-0.497800828849208,0.618624431690752,0.998861670134564
"ENSGALG00010015404","BEND4",22.7296292874461,-0.252673400163348,0.507704734066074,-0.497677849366803,0.618711123027253,0.998861670134564
"ENSGALG00010011477","SDC2",15.1552746791381,-0.30396390679137,0.610973270729083,-0.497507700179168,0.618831074226631,0.998861670134564
"ENSGALG00010019403","TMEM206",27.0007681433156,-0.232070030680148,0.466790879204095,-0.497160593788467,0.619075807601252,0.998861670134564
"ENSGALG00010013399","FGF1",20.0257084473224,0.279731027101741,0.563086764839265,0.496781392440633,0.61934321835602,0.998861670134564
"ENSGALG00010024512","CCNDBP1",30.4595657458822,-0.23376470225607,0.470590617453626,-0.496747477714229,0.619367137293841,0.998861670134564
"ENSGALG00010005564","TM9SF2",31.6740840085968,-0.224286642925018,0.451807154802543,-0.496421184438835,0.619597281763297,0.998861670134564
"ENSGALG00010006118","NPNT",11.7995299127,-0.37807356183303,0.76229239897674,-0.495969213835184,0.619916131818107,0.998861670134564
"ENSGALG00010018991","RYBP",19.6059207425045,0.27326361706175,0.551008277624057,0.495933778418103,0.619941133335196,0.998861670134564
"ENSGALG00010002446","RIMS1",678.641690750293,0.117647503661207,0.237226800640165,0.495928383065198,0.619944940073898,0.998861670134564
"ENSGALG00010008290","FAM13A",31.0616810471281,0.24034803522112,0.485019701342778,0.495542829612315,0.620216997070033,0.998861670134564
"ENSGALG00010026536","BCR",54.4225163427366,-0.185821358450817,0.375085151498919,-0.49541112920156,0.620309940372455,0.998861670134564
"ENSGALG00010024063","BRD7",40.2624133972607,-0.208340434605811,0.420621047676042,-0.495316237161468,0.62037691111751,0.998861670134564
"ENSGALG00010004883","KRIT1",32.0097955291787,0.224509317891135,0.453388273981018,0.495181130115719,0.620472269325699,0.998861670134564
"ENSGALG00010018376","PYGB",16.6061207423551,-0.310532741348639,0.62765436025226,-0.494751189530227,0.620775762742012,0.998861670134564
"ENSGALG00010019302","USP34",174.860743210091,0.131390527999111,0.26557386174192,0.494741941610181,0.620782291522898,0.998861670134564
"ENSGALG00010023732","TM2D1",12.4629046630181,-0.339402292515659,0.686094419921775,-0.494687440475549,0.620820768453436,0.998861670134564
NA,"EEF1D",30.8329702308494,-0.222916115942467,0.450688350473634,-0.494612553681943,0.620873639025585,0.998861670134564
"ENSGALG00010024610","PFKL",15.1440414466917,-0.326674990651168,0.660542253400809,-0.494555781964405,0.62091372153916,0.998861670134564
"ENSGALG00010007921","FAM120B",11.075372947558,-0.356018965489626,0.71988586222571,-0.494549183656564,0.620918380212874,0.998861670134564
"ENSGALG00010008351","IST1",27.5623592366948,-0.23839819102926,0.482238543536909,-0.494357396820176,0.621053796162001,0.998861670134564
"ENSGALG00010010949","FZD3",34.3902026562221,-0.215932978948668,0.436860938465618,-0.494283100034274,0.621106258738435,0.998861670134564
"ENSGALG00010020364","MRPL16",10.1799266324085,-0.389035928545758,0.787341542194292,-0.494113301149497,0.621226164656805,0.998861670134564
"ENSGALG00010024946","KIF1A",108.001544050121,-0.147375818026211,0.298284195580956,-0.494078533859877,0.621250717318084,0.998861670134564
"ENSGALG00010016421","ENSGALG00010016421",10.396692208304,0.358873076684085,0.726356906853014,0.494072642936549,0.621254877530154,0.998861670134564
"ENSGALG00010027995","POLR2E",11.7331949620328,-0.375889487961239,0.7611486074289,-0.49384507084755,0.621415599830392,0.998861670134564
"ENSGALG00010021180","TMEM198",11.9779043816202,0.335382607054372,0.679205530513775,0.493786625678206,0.621456879521562,0.998861670134564
"ENSGALG00010013212","CRIP2",20.5478350720105,0.280235972553936,0.567720410533808,0.493616166257682,0.621577281429313,0.998861670134564
"ENSGALG00010010629","ENSGALG00010010629",31.4969495217717,-0.229105774228465,0.464496872827238,-0.493234266215775,0.621847068581996,0.998861670134564
"ENSGALG00010004083","PHF11",12.3854024351198,0.340932554050695,0.691323554893855,0.493159175088489,0.621900121483165,0.998861670134564
"ENSGALG00010009679","ANK3",779.624014061437,0.105225461837281,0.213555470405168,0.492731287274645,0.62220246752193,0.998861670134564
"ENSGALG00010003676","POLR2B",23.3100274623217,0.270908552660745,0.550017445885946,0.49254538140036,0.622333848702774,0.998861670134564
"ENSGALG00010016604","TP53BP2",15.0800829249988,0.317858066673893,0.645375390863132,0.49251655884924,0.62235421890942,0.998861670134564
"ENSGALG00010008810","ENSGALG00010008810",10.6415385768134,0.366970754543749,0.745255974737736,0.492409007083627,0.622430233182241,0.998861670134564
"ENSGALG00010025753","SORL1",27.8223617343731,-0.226541164202016,0.460233914025729,-0.49223048823245,0.622556413690107,0.998861670134564
"ENSGALG00010009522","TAF5L",12.0347180278824,0.39215019203247,0.796805741494365,0.492152819201596,0.622611315095085,0.998861670134564
"ENSGALG00010021173","KLF15",22.6195743450732,0.268361038637865,0.545334541321615,0.492103504002321,0.622646175300018,0.998861670134564
"ENSGALG00010010720","ENSGALG00010010720",29.6436150464804,0.229124968102461,0.465873461312437,0.491818030280112,0.62284798918882,0.998861670134564
"ENSGALG00010024358","MAPK3",71.3515064299382,0.167036797785839,0.339695466390012,0.491725131221093,0.622913669717869,0.998861670134564
"ENSGALG00010019649","TMEM63B",48.3751723818601,0.192350770954433,0.391363163608106,0.49148920706049,0.623080483854985,0.998861670134564
"ENSGALG00010017315","HS3ST4",15.5557611759431,0.30032977926014,0.611114043389948,0.491446371603838,0.623110773458624,0.998861670134564
"ENSGALG00010018121","FERMT2",15.5197513863472,-0.307875473628519,0.626650359883565,-0.491303433841041,0.623211851540852,0.998861670134564
"ENSGALG00010005174","TPP2",58.8554343875653,-0.193320015015868,0.394019503757418,-0.490635649180674,0.623684167820299,0.998861670134564
"ENSGALG00010014340","EFNB1",39.6295712712397,0.211396992988849,0.43097168971895,0.490512481519858,0.623771299777008,0.998861670134564
"ENSGALG00010016087","IARS2",13.5166626416131,-0.317796871346675,0.648047867224195,-0.490391045815651,0.623857211657016,0.998861670134564
"ENSGALG00010023058","PPARA",45.3351586195129,0.197769332202662,0.403326959197019,0.49034493651602,0.62388983385319,0.998861670134564
"ENSGALG00010010822","OGDHL",38.0771292118449,-0.207827334174133,0.424021421974075,-0.49013404371546,0.624039049300591,0.998861670134564
"ENSGALG00010023334","RPS17",52.7308484453231,-0.20328266023241,0.41477636101785,-0.490101846049182,0.624061831848983,0.998861670134564
"ENSGALG00010013890","SFPQ",96.8603816974223,-0.17813634165454,0.363845165936415,-0.489593811686564,0.624421356332678,0.998861670134564
"ENSGALG00010015899","SMARCA1",42.2661430657967,-0.216990922242259,0.443249082996519,-0.489546240626882,0.624455025881345,0.998861670134564
"ENSGALG00010021099","HMCN1",14.4354868774759,-0.308950523243174,0.631182597485284,-0.489478836194272,0.624502734313933,0.998861670134564
"ENSGALG00010024082","ENSGALG00010024082",20.9352455160664,0.259822438016505,0.530864881472911,0.489432334072683,0.624535649140095,0.998861670134564
"ENSGALG00010017343","DLG1",144.428836398642,-0.137113944739076,0.280204055837925,-0.489336045936412,0.62460380555753,0.998861670134564
"ENSGALG00010018491","TIA1",91.3508337393216,0.165562166125988,0.338352507187134,0.489318573408471,0.62461617362386,0.998861670134564
"ENSGALG00010024387","PPIL2",44.3242829637301,-0.211505207905927,0.43241778337743,-0.489122362762118,0.624755070133569,0.998861670134564
"ENSGALG00010014777","APCDD1L",10.2128110513492,0.378524056621352,0.774342909847973,0.488832598332524,0.624960217265324,0.998861670134564
"ENSGALG00010021745","RSL24D1",28.5874432895475,0.282837986981085,0.578664336337083,0.48877729146302,0.624999376670716,0.998861670134564
"ENSGALG00010017644","RBBP6",89.6685001216242,0.167204649458908,0.342117263206852,0.488734908877758,0.625029385898811,0.998861670134564
"ENSGALG00010026951","RUVBL1",10.1861662360824,-0.367185803194502,0.751416526284269,-0.488658141457473,0.625083743085543,0.998861670134564
"ENSGALG00010004736","CD47",144.321842732034,0.140551382418804,0.2876642854114,0.48859517690142,0.625128328314147,0.998861670134564
"ENSGALG00010005383","OPTN",21.3920266129551,0.274759677380254,0.56269659993827,0.48829098560467,0.62534374561728,0.998861670134564
"ENSGALG00010013677","GABRG1",14.1458371537113,-0.328049727485535,0.672080977171966,-0.488110419172892,0.625471631386381,0.998861670134564
"ENSGALG00010013402","MARCKS",48.1710993808847,-0.199524247652,0.409106271765149,-0.487707623721151,0.625756950971915,0.998861670134564
"ENSGALG00010027287","DHX30",18.7591566214838,0.276432439736933,0.567313921500822,0.487265390924365,0.626070270500124,0.998861670134564
"ENSGALG00010016605","WDPCP",12.9835312426477,0.335880502893139,0.689381986212131,0.487219726669481,0.626102627222952,0.998861670134564
"ENSGALG00010027289","SMARCC1",20.2834626402499,-0.256708722721304,0.527008558101451,-0.48710541560482,0.62618362877628,0.998861670134564
"ENSGALG00010013435","SDC3",46.8276232561733,0.222924071730805,0.457692872190316,0.487060396339555,0.626215530954295,0.998861670134564
"ENSGALG00010017628","NRDE2",16.4495988875591,0.293769502381426,0.603312342176051,0.486927718604009,0.626309554965471,0.998861670134564
"ENSGALG00010007988","TARBP1",42.2166351018603,0.201037429623414,0.412912801168012,0.486876234049264,0.626346041881626,0.998861670134564
"ENSGALG00010013427","KIAA2022",27.3467912525461,0.23392989467777,0.480556169620572,0.486789910246021,0.626407221298468,0.998861670134564
"ENSGALG00010021719","BHLHE40",16.3616623872232,-0.294673846307995,0.605441230636961,-0.486709248390599,0.626464390302437,0.998861670134564
"ENSGALG00010027052","APPL1",47.6064454037826,-0.188904056518714,0.388178479096191,-0.486642270737279,0.626511862348362,0.998861670134564
"ENSGALG00010014940","VAMP4",14.7481534042775,0.316880370033016,0.65121039179204,0.48660213968792,0.626540306950041,0.998861670134564
"ENSGALG00010015539","ENSGALG00010015539",25.9542554052931,-0.25056298087056,0.515123642504738,-0.486413280610112,0.626674176375377,0.998861670134564
"ENSGALG00010000720","RBM26",101.113939046041,0.152857203209022,0.314450479493884,0.486108984330536,0.626889897294373,0.998861670134564
"ENSGALG00010008215","SELENOW",61.895093141766,0.183740803725421,0.378195598239443,0.485835384073116,0.627083884516132,0.998861670134564
"ENSGALG00010021420","PLXNB3",13.1361385916329,-0.32274216634875,0.664648128085676,-0.485583503076003,0.627262495212342,0.998861670134564
"ENSGALG00010020827","ENSGALG00010020827",35.4803631814854,-0.214961524660386,0.442814994328688,-0.485443192785893,0.627361999762093,0.998861670134564
"ENSGALG00010016942","ZBTB40",10.8815060483806,0.335747442510049,0.692012748703375,0.485175227102592,0.627552053156403,0.998861670134564
"ENSGALG00010002917","PGLS",14.8036279572919,-0.300626455603213,0.619963177492096,-0.484910179374396,0.627740061313237,0.998861670134564
"ENSGALG00010023978","TFDP2",21.7714243184832,-0.271490268522059,0.560107697001494,-0.484710833247726,0.627881480816888,0.998861670134564
"ENSGALG00010024520","MAP3K13",26.6632623257782,0.234185665428938,0.48360585674328,0.484249026688802,0.628209146666872,0.998861670134564
"ENSGALG00010021148","GPATCH8",40.3248934139406,0.203562078393801,0.420675303215657,0.483893579769873,0.62846139701877,0.998861670134564
"ENSGALG00010020451","ENSGALG00010020451",31.9255978130574,0.221603021739848,0.458110117157757,0.483733088268679,0.628575307394861,0.998861670134564
"ENSGALG00010024882","MYL6",13.7559312095312,0.352986572414322,0.729953848199221,0.483573822215105,0.62868835674055,0.998861670134564
"ENSGALG00010011597","TBC1D14",39.1337716304752,0.214829343609977,0.444272990450272,0.483552563914018,0.628703446848477,0.998861670134564
"ENSGALG00010003215","ENSGALG00010003215",19.0595586912564,0.2640716317198,0.54634302884904,0.483344012416722,0.628851494400923,0.998861670134564
"ENSGALG00010016583","VPS41",65.5484845347636,-0.184479940492169,0.381680497075361,-0.483336041285191,0.628857153282736,0.998861670134564
"ENSGALG00010022264","SCN8A",130.24607964187,-0.143293107320544,0.296685241080692,-0.482980234536072,0.629109770531911,0.998861670134564
"ENSGALG00010024142","DNAJC6",35.4210761452886,-0.203646004572907,0.422118219054768,-0.482438320309706,0.62949460460011,0.998861670134564
"ENSGALG00010020514","CAMKMT",65.9859397447189,-0.195224657742615,0.404839467482563,-0.482227335582155,0.629644460163139,0.998861670134564
"ENSGALG00010005621","CDH2",362.496680713563,0.133243004018717,0.276313925670916,0.482216029087897,0.629652491227327,0.998861670134564
"ENSGALG00010022466","NEDD4",74.4497463047231,0.158740333631891,0.329334360684798,0.48200355803086,0.629803418713325,0.998861670134564
"ENSGALG00010021637","ATP6V0D1",16.9532939099718,-0.297978043164472,0.618389874110671,-0.481861129425843,0.629904600636028,0.998861670134564
"ENSGALG00010021711","ENSGALG00010021711",12.1176619386551,-0.328197070656498,0.681231012545087,-0.481770595602144,0.629968919882392,0.998861670134564
"ENSGALG00010011077","RASGEF1A",38.9271790348827,0.211625855684924,0.43932056801688,0.481711695494286,0.630010766639415,0.998861670134564
"ENSGALG00010009578","KIF5C",188.201684509655,0.127641039216898,0.265134768512586,0.481419468042489,0.63021840302079,0.998861670134564
"ENSGALG00010021709","DLX1",191.657330073605,-0.157871121526965,0.32795604643252,-0.48137890197261,0.630247228741234,0.998861670134564
"ENSGALG00010001499","TIPARP",13.8234136209342,0.30693537131879,0.637759407837768,0.481271412928913,0.630323611776243,0.998861670134564
"ENSGALG00010024399","ROR1",84.5168262649755,0.156084406338287,0.324400172139795,0.481147729696718,0.630411507489856,0.998861670134564
"ENSGALG00010029925","GGNBP2",20.2025442081051,0.267231308006476,0.555578607650107,0.480996396057736,0.630519060130793,0.998861670134564
"ENSGALG00010008159","SUPT3H",62.474528201277,0.179689030860066,0.37372396273766,0.48080682208275,0.630653801180359,0.998861670134564
"ENSGALG00010006232","ZNF654",18.6151950342777,-0.300938794280847,0.625947896994659,-0.480772913729294,0.630677903078476,0.998861670134564
"ENSGALG00010028153","MANF",11.4133080100207,0.349252440820651,0.726917721336393,0.480456632944059,0.630902732894751,0.998861670134564
"ENSGALG00010002805","FAM171A1",66.308437650035,0.172539424891211,0.359136310810922,0.480428794575578,0.630922523577863,0.998861670134564
"ENSGALG00010019059","BRWD3",62.4305812802895,0.167987290190113,0.349908385440403,0.480089352470592,0.631163858975406,0.998861670134564
"ENSGALG00010019316","CLEC16A",37.8944657334424,0.199124401382396,0.414869087625404,0.47996924167604,0.631249264363275,0.998861670134564
"ENSGALG00010024712","LRIF1",14.5855114831964,-0.30299159059936,0.631274787494319,-0.479967831127878,0.631250267369932,0.998861670134564
"ENSGALG00010005267","CYP51A1",35.7641884071448,-0.208191178041857,0.433764215028017,-0.479963931622182,0.631253040217581,0.998861670134564
"ENSGALG00010028032","ENSGALG00010028032",22.686323906883,-0.257510597378107,0.536598370733142,-0.479894482397097,0.631302424812735,0.998861670134564
"ENSGALG00010017383","ENSGALG00010017383",14.7685081099093,-0.312684297491786,0.651723372528799,-0.479780702475833,0.631383336045076,0.998861670134564
"ENSGALG00010016946","TAF1",28.6388067460301,0.2231316084926,0.46508676560806,0.479763401138441,0.631395639767355,0.998861670134564
"ENSGALG00010008059","ENSGALG00010008059",36.6636599959186,-0.23796054509872,0.49600720050738,-0.479752198869902,0.631403606234934,0.998861670134564
"ENSGALG00010005988","NUP58",16.6976486467161,0.27931312148409,0.582691258294969,0.479350114675474,0.631689575829297,0.998861670134564
"ENSGALG00010021746","MTOR",41.301630223558,0.201977843997728,0.421481408019794,0.479209379475743,0.631789682289061,0.998861670134564
"ENSGALG00010027361","FANCD2",39.5743866354253,-0.201493739352974,0.420474194310773,-0.479205958604084,0.631792115675886,0.998861670134564
"ENSGALG00010029181","MYO19",37.0829708855019,-0.217338835018466,0.453562572379857,-0.479181590928197,0.631809449379737,0.998861670134564
"ENSGALG00010028374","FDPS",21.1000676745805,-0.267090779504814,0.55752706241368,-0.479063345102045,0.631893565245874,0.998861670134564
"ENSGALG00010024575","TXNRD2",10.7813391217792,-0.384610962493418,0.802966377830764,-0.478987630257265,0.631947428590264,0.998861670134564
"ENSGALG00010025661","SNRPE",10.9380679957882,-0.36640965851842,0.764999496610827,-0.478967189052702,0.631961970745121,0.998861670134564
"ENSGALG00010007914","PAQR8",13.0522654809604,0.318567616417552,0.665313351990685,0.478823422774194,0.632064252080325,0.998861670134564
"ENSGALG00010016704","CSTF2",13.4933640561969,0.308968032176465,0.645436186592409,0.478696482463536,0.632154568572548,0.998861670134564
"ENSGALG00010001896","ARHGEF10",23.3812690241204,-0.243295245391963,0.508323493379509,-0.47862286233212,0.632206950918184,0.998861670134564
"ENSGALG00010017649","ENSGALG00010017649",24.1229396139996,0.242290958073491,0.506353077349869,0.478501995764662,0.632292954146704,0.998861670134564
"ENSGALG00010017646","MAEA",39.1825230910276,0.217482330213754,0.454546123579664,0.478460422236199,0.63232253715473,0.998861670134564
"ENSGALG00010020612","RPL27A",35.7355892195683,-0.219312541984935,0.458401507671215,-0.478428928166256,0.632344948185126,0.998861670134564
"ENSGALG00010006478","ENSGALG00010006478",64.4659801789838,0.177359540023971,0.370913942636406,0.478168975701814,0.632529942017629,0.998861670134564
"ENSGALG00010001173","IFT80",29.349354358957,-0.229369869248684,0.479752202019922,-0.478100711748602,0.632578525521106,0.998861670134564
"ENSGALG00010028196","ENSGALG00010028196",29.5979274548796,0.226609358300261,0.474195798790102,0.477881412864577,0.632734611419212,0.998861670134564
"ENSGALG00010024853","TJP1",320.950318805989,0.140768136078926,0.29485618755419,0.477412860983474,0.633068157850822,0.998861670134564
"ENSGALG00010022013","ENSGALG00010022013",18.6422878534353,0.278277293388402,0.582940910574842,0.477367925874323,0.633100149576078,0.998861670134564
"ENSGALG00010004015","ENSGALG00010004015",20.7949774273342,-0.361131682100561,0.756547229488354,-0.477341886962948,0.633118688394088,0.998861670134564
"ENSGALG00010014847","PAICS",29.2438234984395,0.236918454325442,0.496718314186201,0.476967423102967,0.633385319387856,0.998861670134564
"ENSGALG00010009133","BOD1L1",86.7986097248263,0.164348087321846,0.344661769764564,0.476838749577915,0.633476950306345,0.998861670134564
"ENSGALG00010002097","PCYT1B",50.6734272695971,0.187634070861156,0.393612632464991,0.476697278962063,0.633577700770791,0.998861670134564
"ENSGALG00010029653","CCT6A",34.84345385496,-0.205714056678856,0.432580756416762,-0.475550642573347,0.634394546007484,0.998861670134564
"ENSGALG00010027120","ENSGALG00010027120",49.3921235603933,-0.18362453515558,0.386200254672175,-0.475464562578937,0.63445588599398,0.998861670134564
"ENSGALG00010029184","DYNLL2",23.0048456734058,-0.237796044328495,0.500213503218112,-0.475389094453948,0.634509666103865,0.998861670134564
"ENSGALG00010001692","ALDH18A1",28.048064350965,-0.233894507836118,0.492287397463645,-0.475117805251943,0.634703008200664,0.998861670134564
"ENSGALG00010005145","AKAP7",32.9513947128695,0.218198769288033,0.459854126680823,0.474495620737315,0.635146520096301,0.998861670134564
"ENSGALG00010027872","KDM5B",15.9143254034189,-0.287717917708914,0.60658536452324,-0.474323870202594,0.635268972129499,0.998861670134564
"ENSGALG00010020147","ABHD2",24.9308123570323,-0.231512761933295,0.488102007689101,-0.474312250894813,0.635277256643709,0.998861670134564
"ENSGALG00010027983","POGZ",23.6331846307578,-0.259804595020421,0.548162998413411,-0.473955002020189,0.635531995763558,0.998861670134564
"ENSGALG00010019786","R3HDM1",73.9853075433747,0.161221645465889,0.340212323550633,0.473885377764378,0.635581646910148,0.998861670134564
"ENSGALG00010010724","ADCY3",18.5433910365277,-0.288383999546808,0.608793504693495,-0.473697563005372,0.635715591421547,0.998861670134564
"ENSGALG00010007906","NAF1",17.7654209449159,-0.278565932708401,0.588784773326045,-0.473120137150936,0.636127470871971,0.998861670134564
"ENSGALG00010030108","LLGL2",20.6972128714534,-0.261677461107804,0.553129556124649,-0.473085298390444,0.636152325056521,0.998861670134564
"ENSGALG00010026262","NAV1",30.5101294374892,-0.245900178205581,0.520091571014382,-0.472801698604689,0.636354662113871,0.998861670134564
"ENSGALG00010005239","ENSGALG00010005239",22.4810301779756,-0.249814330452374,0.52847955957637,-0.472703865127018,0.636424468666084,0.998861670134564
"ENSGALG00010016724","PGD",10.7297693553589,-0.347532081623009,0.735714447387645,-0.472373599372714,0.636660145109891,0.998861670134564
"ENSGALG00010029859","CSNK1D",94.1389005611646,0.143282242516957,0.303325253062337,0.472371624420966,0.636661554538911,0.998861670134564
"ENSGALG00010011643","C8H1ORF21",40.6670816178711,-0.19085971859604,0.404140233260533,-0.472261118513783,0.636740419437793,0.998861670134564
"ENSGALG00010007849","TSTD1",28.2186541666591,0.236485465846191,0.501247330727814,0.471793965471722,0.637073858643587,0.998861670134564
"ENSGALG00010005491","GGACT",20.0643093887144,0.283654802827009,0.601624364566109,0.471481574772292,0.637296874349093,0.998861670134564
"ENSGALG00010003121","ARMC1",19.7300468019893,-0.263395186868073,0.559166606885438,-0.471049564878678,0.637605340313911,0.998861670134564
"ENSGALG00010014362","NAXD",33.3158412629855,-0.209791550766621,0.445382573917388,-0.471036728988714,0.637614506423802,0.998861670134564
"ENSGALG00010022213","IDH1",13.1491440939511,-0.313352999602184,0.665618317284532,-0.470769796240801,0.637805135675266,0.998861670134564
"ENSGALG00010004689","BBX",65.7087852220612,0.171194231415287,0.364036152760921,0.470267115276646,0.638164188863203,0.998861670134564
"ENSGALG00010013340","LIN28B",23.9249389470592,-0.23732411347508,0.504674747421723,-0.470251611929305,0.638175263889285,0.998861670134564
"ENSGALG00010009452","TBCE",27.2903467416222,0.230990199384349,0.491500453875262,0.469969452852168,0.638376842151416,0.998861670134564
"ENSGALG00010004948","ENSGALG00010004948",22.306651638614,-0.27388486310833,0.583347164980154,-0.469505775549021,0.638708157544267,0.998861670134564
"ENSGALG00010016900","CISD2",13.6387015784054,-0.315339223502926,0.671943135948495,-0.469294508169658,0.638859140194537,0.998861670134564
"ENSGALG00010022799","DCAF17",22.5005034570576,-0.244346382866541,0.520800962672479,-0.469174215064202,0.638945114589068,0.998861670134564
"ENSGALG00010000636","ENSGALG00010000636",11.5872766120588,0.332461707895667,0.70875328054097,0.469079603613134,0.639012737519594,0.998861670134564
"ENSGALG00010012755","CLVS2",58.2487588764368,0.178600505112388,0.380789610105891,0.469026728598825,0.639050530905789,0.998861670134564
"ENSGALG00010018631","KAT14",12.6475597602616,-0.347166971228134,0.741113375559515,-0.468439759255505,0.639470140944874,0.998861670134564
"ENSGALG00010026700","C8B",13.1809194286189,0.349699118908995,0.746859611485749,0.46822604078607,0.639622951717965,0.998861670134564
"ENSGALG00010005181","IMPACT",10.1128721281295,-0.336617026708738,0.719344650192282,-0.467949579688623,0.63982064676175,0.998861670134564
"ENSGALG00010002387","MCMBP",11.9117425766877,-0.345426022644857,0.738200773913943,-0.467929640351645,0.63983490620571,0.998861670134564
"ENSGALG00010024068","CASP2",11.1747738849801,-0.344070273275708,0.736204803795173,-0.467356734840643,0.640244671425929,0.998861670134564
"ENSGALG00010025102","ARPC3",33.5840261584358,-0.236986116295309,0.507087826664341,-0.467347279571312,0.640251435138155,0.998861670134564
"ENSGALG00010023273","HDAC7",31.2527710525734,0.233908646685777,0.500908791051334,0.466968539711265,0.640522386674097,0.998861670134564
"ENSGALG00010011545","USP12-like",28.9447088769623,0.243364576959022,0.521290068361715,0.466850591886118,0.640606776659863,0.998861670134564
"ENSGALG00010028600","PSMD4",17.4127412788489,-0.273550402928406,0.586028400470366,-0.466786938497939,0.640652321681463,0.998861670134564
"ENSGALG00010016767","SLAIN2",14.3731393276212,-0.287374640614226,0.615852081794938,-0.466629324003672,0.640765103207406,0.998861670134564
"ENSGALG00010028056","SLC25A25",12.1336484963012,-0.330258635093756,0.707783437096868,-0.466609725212538,0.640779127761321,0.998861670134564
"ENSGALG00010005915","PAPSS1",43.1632073970423,0.186755092527806,0.400465156911935,0.466345421828734,0.640968271189441,0.998861670134564
"ENSGALG00010016286","ULK4",28.7978215592724,-0.223046166904813,0.478510503024172,-0.466125958563433,0.641125343401437,0.998861670134564
"ENSGALG00010012561","OSGIN2",11.9274834545943,-0.330808184350645,0.70971002232359,-0.466117391533487,0.641131475242541,0.998861670134564
"ENSGALG00010012690","NT5DC1",49.7246150075908,0.179335959025291,0.38512065770687,0.465661748951909,0.641457636131681,0.998861670134564
"ENSGALG00010004477","TULP4",104.982657651126,0.14048430464074,0.30169303326631,0.465653128014832,0.641463807891449,0.998861670134564
"ENSGALG00010016597","FRYL",65.6242227490364,-0.160778417722373,0.345503308686154,-0.465345522547281,0.641684039959617,0.998861670134564
"ENSGALG00010010374","CMTM4",19.5659859999854,0.268751069324165,0.577802244237318,0.465126385375863,0.641840951825921,0.998861670134564
"ENSGALG00010001443","ANKRD26",73.5506900839961,0.161798880401258,0.348031075192144,0.46489779773812,0.642004647686067,0.998861670134564
"ENSGALG00010004433","AHR1A",46.3596104976554,-0.206380219592503,0.444151444696985,-0.464661822125339,0.642173652461866,0.998861670134564
"ENSGALG00010021771","ANKRD61",11.9255970852466,0.331949646121013,0.714776669556378,0.464410298012435,0.64235381341421,0.998861670134564
"ENSGALG00010021707","DLX2",53.9663414162437,-0.216891915594312,0.467079577291604,-0.46435752308413,0.642391617556246,0.998861670134564
"ENSGALG00010002251","GRK5",63.7603314513544,0.168989202078995,0.363988878615591,0.464270234633912,0.642454146722768,0.998861670134564
"ENSGALG00010020965","DHX37",29.1702476643922,0.245794681137653,0.529506372038112,0.464195889072249,0.642507406236766,0.998861670134564
"ENSGALG00010019046","SELENOS",17.2725452460946,-0.281429537474197,0.606544392044498,-0.463988359575091,0.642656085498592,0.998861670134564
"ENSGALG00010020126","NADK",11.6869519676933,-0.32021915250982,0.69068225783182,-0.463627303117713,0.64291478938932,0.998861670134564
"ENSGALG00010011019","NECAB1",15.778036525734,0.285568582583894,0.616120071076659,0.463495016620491,0.643009586049305,0.998861670134564
"ENSGALG00010021352","CFAP43",14.4784261997028,-0.283296399449607,0.611801403828068,-0.463052875781272,0.643326466868478,0.998861670134564
"ENSGALG00010002763","SEPTIN11",10.7938145868653,-0.370272043999186,0.800593043163921,-0.462497203992532,0.643724806935576,0.998861670134564
"ENSGALG00010005214","BBS7",13.9352446935139,-0.300163040356398,0.649124177121607,-0.462412356426782,0.643785639955819,0.998861670134564
"ENSGALG00010009463","MRPL13",10.4904373095076,-0.328833981434533,0.71112740790011,-0.462412189125923,0.643785759907601,0.998861670134564
"ENSGALG00010003280","ENSGALG00010003280",11.5314772754507,-0.321472178535897,0.695323907695254,-0.462334424256257,0.643841516959414,0.998861670134564
"ENSGALG00010024911","CAT",18.430068693164,-0.289186006804689,0.626118158567771,-0.461871298328409,0.64417361761838,0.998861670134564
"ENSGALG00010004244","TMEM241",34.7477498576024,0.199974497926251,0.433201626616944,0.4616199146987,0.644353910801372,0.998861670134564
"ENSGALG00010029697","GIT1",12.4966697862621,-0.322225069005868,0.698151561678643,-0.461540282501277,0.64441102764482,0.998861670134564
"ENSGALG00010015989","ENAH",61.998509979973,0.163218040802172,0.353717497222095,0.461436151968725,0.644485719286384,0.998861670134564
"ENSGALG00010018284","ENSGALG00010018284",12.5719202799882,-0.304422116857696,0.659840256439972,-0.461357296537409,0.644542283774579,0.998861670134564
"ENSGALG00010009159","PTK2",107.538963095261,0.143838484156482,0.311835061652612,0.461264629430027,0.644608758268613,0.998861670134564
"ENSGALG00010015157","CDC42BPB",99.3744119634675,0.145655550300496,0.315870696250831,0.461123972655036,0.644709663448005,0.998861670134564
"ENSGALG00010021320","SLC6A6",270.262190531176,0.125146662449214,0.271433934949866,0.46105754047418,0.644757323229873,0.998861670134564
"ENSGALG00010028501","USP20",25.8832913448533,-0.228061906685058,0.494938088007244,-0.460788757647037,0.644950168332539,0.998861670134564
NA,"NOVA1.1",571.949119415094,0.113200787028601,0.245672287197134,0.460779635831558,0.644956713431107,0.998861670134564
"ENSGALG00010026729","ENSGALG00010026729",26.6413253407514,0.229803493202359,0.498950714082833,0.460573533048814,0.64510460393745,0.998861670134564
"ENSGALG00010021618","NEO1",88.2895730800934,-0.150657115587788,0.327120817178766,-0.460554962191405,0.645117930276816,0.998861670134564
"ENSGALG00010021477","ZFAND2B",21.8471941465233,0.304811051656924,0.662128339469262,0.460350408655291,0.645264724246917,0.998861670134564
"ENSGALG00010011028","HMBOX1",54.6506887975178,0.190953396924016,0.41491802714011,0.460219572141015,0.645358623841794,0.998861670134564
"ENSGALG00010021401","PDAP1",25.3697007741866,-0.24320121970593,0.528674595253091,-0.460020628737614,0.645501413663658,0.998861670134564
"ENSGALG00010026724","OLA1",60.2040789223279,-0.175368469887968,0.381304737917728,-0.459916839338636,0.645575912750269,0.998861670134564
"ENSGALG00010023312","UBR3",116.941459696548,0.147171740454323,0.320251962872552,0.459549846733937,0.645839365218832,0.998861670134564
"ENSGALG00010002848","TRIB2",11.154131749443,-0.313200282826351,0.681866986286995,-0.459327536198572,0.645998976585551,0.998861670134564
"ENSGALG00010020775","UBR1",78.8730428783612,-0.150498312195441,0.327783191528549,-0.459139809743212,0.646133770458099,0.998861670134564
"ENSGALG00010005191","MSANTD4",11.7178893010646,-0.344477626865447,0.750648093004711,-0.45890694997514,0.646300987702643,0.998861670134564
"ENSGALG00010003442","SPCS3",15.6904310551258,-0.277664808491173,0.605315449825156,-0.458710922662515,0.646441769312829,0.998861670134564
"ENSGALG00010014515","ETNK1",48.6719832176107,-0.175297811572546,0.382543592391196,-0.458242707652735,0.646778080121482,0.998861670134564
"ENSGALG00010022850","ULK1",19.2418365442074,-0.249557741073327,0.544761371781092,-0.458104693174922,0.646877227326803,0.998861670134564
"ENSGALG00010022619","MADD",205.106481309558,0.123496764384859,0.269597466875477,0.458078355913858,0.646896148270334,0.998861670134564
"ENSGALG00010024964","ITM2C",39.8565699983146,-0.20423180183963,0.446204344826301,-0.457709128581286,0.647161428791106,0.998861670134564
"ENSGALG00010018022","XPO6",25.8493740287638,-0.231289138206539,0.505451305675118,-0.457589357490356,0.647247490929732,0.998861670134564
"ENSGALG00010022082","TGFBR3",13.8754512614403,0.296545848631049,0.649477899772202,0.456591130714471,0.647964955344118,0.998861670134564
"ENSGALG00010002779","FBXO8",12.9624188068452,-0.298033346309842,0.652937409917258,-0.456450100397234,0.648066345701685,0.998861670134564
"ENSGALG00010022359","ZZZ3",27.405799250792,-0.218432271921985,0.479137447695801,-0.455886453819125,0.648471631020056,0.998861670134564
"ENSGALG00010024431","FEZ1",56.8274146795909,-0.166609684617293,0.365519473465361,-0.455816164971255,0.648522178929531,0.998861670134564
"ENSGALG00010011471","NMNAT2",32.107813560272,0.211068819723677,0.463368709308281,0.455509436618544,0.648742780199023,0.998861670134564
"ENSGALG00010005323","DNAJB14",24.020048431788,-0.22910803129574,0.503321277777413,-0.455192421642584,0.648970812074804,0.998861670134564
"ENSGALG00010018393","PRKCE",264.668379255371,0.128244791696833,0.28188540755179,0.454953638113642,0.649142593059233,0.998861670134564
"ENSGALG00010017435","ACTR10",12.430021027663,-0.303931755188338,0.668641251757597,-0.454551307430434,0.649432072153677,0.998861670134564
"ENSGALG00010014306","ENSGALG00010014306",11.8018924737759,0.327616132495765,0.721027819683237,0.454373775258344,0.64955982434591,0.998861670134564
"ENSGALG00010027185","ATRIP",11.7954507175348,-0.3117779816282,0.686198223717798,-0.454355564983829,0.649572929046496,0.998861670134564
"ENSGALG00010022520","TMOD2",55.0018205839769,-0.168398347476664,0.370749480791912,-0.454210609053233,0.64967724787355,0.998861670134564
"ENSGALG00010024195","PSMA4",33.7520948244047,-0.211595860247291,0.466112130677172,-0.453959136270242,0.649858238795391,0.998861670134564
"ENSGALG00010016417","NOP14",42.9780401727423,-0.179980386736162,0.396490864662699,-0.453933249860054,0.64987687103145,0.998861670134564
"ENSGALG00010004226","RUNDC3B",23.8329719030736,-0.259804060083184,0.572758062034533,-0.453601751427673,0.65011549268359,0.998861670134564
"ENSGALG00010015100","MOB4",26.0722985092214,-0.23434957716286,0.517010923998465,-0.453277805719162,0.650348712345146,0.998861670134564
"ENSGALG00010001749","VAPA",41.7787701512389,0.189496246646684,0.418484909950806,0.452815005131151,0.650681957821087,0.998861670134564
"ENSGALG00010026584","OXSR1",25.1764574257563,0.246685935114487,0.544885778437502,0.452729626788712,0.65074344321992,0.998861670134564
"ENSGALG00010018241","RALGAPA2",57.4996344421481,0.164065410632586,0.36242893969423,0.452682974960563,0.650777040639474,0.998861670134564
"ENSGALG00010005861","MPC1L",19.7510720266365,-0.257165540820501,0.568360412249265,-0.452469129232239,0.650931055787864,0.998861670134564
"ENSGALG00010023182","EPHB6",38.1645760224685,0.201673778039489,0.445752497585834,0.452434431958858,0.650956046730068,0.998861670134564
"ENSGALG00010012849","TRHDE",21.29418965303,-0.292367383962608,0.646273313672613,-0.452389689899395,0.650988273075452,0.998861670134564
"ENSGALG00010024621","THRA",19.9885180674601,-0.249989993758333,0.552879840951761,-0.452159719421103,0.651153924112101,0.998861670134564
"ENSGALG00010010459","ENSGALG00010010459",13.1473716339059,0.32099485995146,0.709957126517314,0.452132738671273,0.651173359862682,0.998861670134564
"ENSGALG00010024183","MTX2",32.7089320611282,-0.220276479271784,0.487804894937377,-0.451566766873183,0.651581115793839,0.998861670134564
"ENSGALG00010013910","ADIPOR2",31.3650502197063,0.206582863823462,0.457485449190333,0.451561605268706,0.651584834965667,0.998861670134564
"ENSGALG00010009285","ENSGALG00010009285",17.8072481381783,-0.298127385025981,0.660518555972467,-0.451353534780041,0.651734766475282,0.998861670134564
"ENSGALG00010001194","POT1",22.9552555201201,-0.244352241120199,0.542591833332077,-0.450342644524565,0.652463394447898,0.998861670134564
"ENSGALG00010020335","ENSGALG00010020335",20.6429951266319,0.254439478111494,0.565053208209493,0.450292953680852,0.652499219100342,0.998861670134564
"ENSGALG00010017843","WHSC1L1",52.7088747396524,-0.172604457283266,0.383459445607248,-0.450124411487448,0.652620735695836,0.998861670134564
"ENSGALG00010007917","POGLUT1",12.8611718489041,-0.308691966861552,0.68622858185822,-0.449838399364907,0.652826967584424,0.998861670134564
"ENSGALG00010023185","FBXW4",13.837710424813,-0.301556066432085,0.670436635598412,-0.449790555020797,0.652861468816158,0.998861670134564
"ENSGALG00010003929","RCBTB2",11.2356260252309,0.340807066280151,0.757789997293511,0.449738143149635,0.652899264608283,0.998861670134564
"ENSGALG00010021539","HEXA",12.6224411028776,0.306757609007828,0.682156134031808,0.449688265932275,0.652935233411903,0.998861670134564
"ENSGALG00010002093","ENSGALG00010002093",28.2929732089763,0.540877349929117,1.20338938044821,0.449461627896088,0.653098682903021,0.998861670134564
"ENSGALG00010024775","ITFG2",14.9045077030605,-0.27798324568771,0.618643799193254,-0.44934297579676,0.653184260463822,0.998861670134564
"ENSGALG00010001369","PPP2R2D",25.8097796331229,-0.214768107344857,0.478018742530021,-0.449288047176035,0.653223879153567,0.998861670134564
"ENSGALG00010003674","AKIRIN2",35.8464017723734,-0.196443435692289,0.437259824763064,-0.449260198552966,0.653243966067457,0.998861670134564
"ENSGALG00010018709","SNX5",19.6668220363951,0.25122382046462,0.559267121413443,0.449201840847892,0.653286059670902,0.998861670134564
"ENSGALG00010021016","FHIT",35.3337704301603,0.205315086443388,0.457221493853847,0.449049507084237,0.653395943712027,0.998861670134564
"ENSGALG00010022184","PRKAR1B",69.0603814778713,0.153648497877568,0.342426496606008,0.448705048822068,0.653644442052263,0.998861670134564
"ENSGALG00010020095","LRFN2",21.9248683180226,0.241874050565368,0.539218975451314,0.448563684842369,0.653746435668936,0.998861670134564
"ENSGALG00010019510","ENSGALG00010019510",11.8642696292532,-0.325002330974144,0.724589255914305,-0.448533190799314,0.653768437862407,0.998861670134564
"ENSGALG00010005475","TMEM181",37.3036191114058,0.192370820128572,0.429396100312372,0.44800318398008,0.654150898724626,0.998861670134564
"ENSGALG00010006522","ENSGALG00010006522",22.5535312830172,0.249850901074952,0.557834125257251,0.447894615553916,0.654229254538399,0.998861670134564
"ENSGALG00010021903","MORC1",11.7006401623872,-0.307417067431095,0.686493565914701,-0.44780764554069,0.654292025132262,0.998861670134564
"ENSGALG00010027471","SDHC",15.1934711428989,0.283558542377038,0.633337127087745,0.447721332366723,0.654354324069565,0.998861670134564
"ENSGALG00010012147","ARFGAP3",16.9984583014766,-0.262924927202103,0.587519933025252,-0.447516607391093,0.654502099649475,0.998861670134564
"ENSGALG00010027040","CLIP1",116.386016233372,0.134492513714718,0.300714425161686,0.447243306144709,0.654699396388607,0.998861670134564
"ENSGALG00010012016","WDR91",10.4771832430714,-0.340648604706118,0.762013765649445,-0.447037337200585,0.654848101735893,0.998861670134564
"ENSGALG00010021335","NFATC3",37.7899195011611,0.191805799357329,0.429185027466646,0.446907014649376,0.654942199014351,0.998861670134564
"ENSGALG00010007110","ARL6",82.0879923805494,0.149799726966248,0.335427560685631,0.446593376704197,0.655168678655248,0.998861670134564
"ENSGALG00010021805","FUT8",115.60309506602,0.133785691730767,0.299587162437896,0.446566837651132,0.655187844103737,0.998861670134564
"ENSGALG00010024565","FAM217B",30.490685060939,-0.222681274982013,0.498706976818198,-0.446517264311686,0.655223644606024,0.998861670134564
"ENSGALG00010013842","CDK19",28.7756924727091,-0.208513684168185,0.467068532042712,-0.446430598217045,0.655286234379608,0.998861670134564
"ENSGALG00010022205","GALNT18",385.69252790538,0.129023545460675,0.289119961114316,0.446263014713328,0.655407269126321,0.998861670134564
"ENSGALG00010010168","SNCB",43.1049012089473,-0.209674818660034,0.469959253585574,-0.446155314658263,0.655485058701967,0.998861670134564
"ENSGALG00010004177","CSPP1",53.1313172398514,0.162222640173363,0.36379002573168,0.445923826105703,0.655652270861037,0.998861670134564
"ENSGALG00010023808","DHX35",17.1211614327416,0.260876055636207,0.585435234814755,0.445610445225003,0.655878664171044,0.998861670134564
"ENSGALG00010016787","PPP2R5C",99.3859724880402,-0.140363677281174,0.315563932304847,-0.444802662509534,0.65646237009061,0.998861670134564
"ENSGALG00010005695","KIF5B",72.8668104583133,-0.155064057369564,0.348890333761082,-0.444449279227527,0.656717791755888,0.998861670134564
"ENSGALG00010029644","MYCBPAP",14.0506360198461,0.310604100955076,0.69892917570463,0.444399964620076,0.656753439018519,0.998861670134564
"ENSGALG00010013452","LSS",11.6197035044451,0.326033813268823,0.734220077230946,0.444054614385423,0.657003098714875,0.998861670134564
"ENSGALG00010001210","PANX2",19.874009508506,-0.241953999267347,0.544903297922067,-0.444031078890537,0.657020114327713,0.998861670134564
"ENSGALG00010024818","FBXO3",15.2218141104503,0.31494377494432,0.709528599440611,0.443877491608683,0.657131158709767,0.998861670134564
"ENSGALG00010007787","C1orf198",12.094715767457,-0.319687826053094,0.720517233423789,-0.443692130074371,0.657265186118873,0.998861670134564
"ENSGALG00010002592","RPS6KA3",42.2427057086157,-0.185818034155048,0.418866217228574,-0.443621439285584,0.657316302665544,0.998861670134564
"ENSGALG00010022919","ACLY",10.8961073427155,-0.317159767494957,0.715286761852549,-0.443402261036584,0.657474800762438,0.998861670134564
"ENSGALG00010020517","UBR4",47.2477974434609,-0.176555437730286,0.398330178217948,-0.443238919331095,0.657592930847478,0.998861670134564
"ENSGALG00010029590","UTP6",19.5095933176675,0.251427494370724,0.567397232695894,0.44312428732884,0.657675838776006,0.998861670134564
"ENSGALG00010018977","NPHP3",12.0004357663053,0.316306048948724,0.714074406180872,0.442959509836577,0.657795021953536,0.998861670134564
"ENSGALG00010029347","PRPF8",16.4066333833521,-0.259383761467765,0.58579338158033,-0.442790529261375,0.657917254246327,0.998861670134564
"ENSGALG00010023648","SCN2B",17.1890708990635,0.274485197604038,0.620306732661761,0.442499143006574,0.658128050309777,0.998861670134564
"ENSGALG00010024970","CAB39",13.9284400963532,0.284729583071453,0.643621318306887,0.442386811891911,0.658209320691644,0.998861670134564
"ENSGALG00010024368","DPAGT1",15.1623598983918,-0.288379573634992,0.652174616979269,-0.442181535630295,0.658357846344573,0.998861670134564
"ENSGALG00010025488","SLC4A8",15.0441216568589,0.280602511883625,0.634689217326194,0.442110097703789,0.658409537727725,0.998861670134564
"ENSGALG00010013981","RLF",19.05927475931,-0.249739447873133,0.565254759283747,-0.441817505773125,0.65862126977634,0.998861670134564
"ENSGALG00010003183","NAA16",53.1077976210658,0.172439733851335,0.390758699021256,0.441294676953447,0.658999679242497,0.998861670134564
"ENSGALG00010007551","FEZ2",40.4479948356615,-0.187281251437614,0.424552217995883,-0.44112654109236,0.659121390025008,0.998861670134564
"ENSGALG00010024802","CD59",12.8389964255246,-0.306112953885027,0.694418733860347,-0.4408189741416,0.659344056037577,0.998861670134564
"ENSGALG00010017551","FAM155B",10.4298032346837,0.354385145245551,0.804055276923707,0.44074724141034,0.659395991971523,0.998861670134564
"ENSGALG00010005748","AIG1",63.6585671664428,0.162104406900227,0.367917481983689,0.440599903071237,0.659502673029508,0.998861670134564
"ENSGALG00010022885","M6PR",18.7068850481321,-0.246805671415505,0.560890989260242,-0.440024311570803,0.659919499279698,0.998861670134564
"ENSGALG00010009026","RAPGEF2",245.438136802529,0.109372482668251,0.248613589194335,0.4399296234075,0.659988079748439,0.998861670134564
"ENSGALG00010011372","VMA21",14.8885237050939,0.286251311089944,0.651096792418952,0.439644787722674,0.660194396934149,0.998861670134564
"ENSGALG00010022296","CIAPIN1",10.6694667895843,-0.325202641952395,0.739860875272422,-0.439545667058895,0.66026619981504,0.998861670134564
"ENSGALG00010013994","CHRM2",22.3989245656464,0.270282794735939,0.615047442559456,0.439450318842373,0.660335272892065,0.998861670134564
"ENSGALG00010025312","PLEKHM3",33.6380266844772,0.209919815041556,0.477818769189985,0.439329362045403,0.66042290174919,0.998861670134564
"ENSGALG00010024314","ITFG1",129.454471277813,0.142852676594759,0.325203401764117,0.439271778277324,0.660464620758162,0.998861670134564
"ENSGALG00010019992","CHAC2",12.3936085495017,-0.311675865319183,0.70953416177356,-0.439268300401652,0.660467140486849,0.998861670134564
"ENSGALG00010026104","DDX51",10.3202163682027,0.354049393170775,0.80658899937059,0.438946468953894,0.660700324745466,0.998861670134564
"ENSGALG00010024733","MBTPS1",20.2224421202321,-0.243045116974418,0.553764183445919,-0.438896418800539,0.660736591744133,0.998861670134564
"ENSGALG00010009371","PHTF2",55.9012943793536,0.16331034164657,0.372500414148248,0.438416537119809,0.661084360742586,0.998861670134564
"ENSGALG00010001668","UBE2E1",18.1190396965164,0.25757646521161,0.587631401820259,0.438329987835463,0.66114709057317,0.998861670134564
"ENSGALG00010010423","C21orf59",13.0848095299373,0.281692090394796,0.643040873760424,0.438062496319239,0.661340980095135,0.998861670134564
"ENSGALG00010017587","MB21D2",20.2805266596615,0.245440512955132,0.560581647900141,0.437831873152675,0.661508164068363,0.998861670134564
"ENSGALG00010017547","RNF4",14.9083498810976,0.282883193188031,0.64654804356785,0.437528496145461,0.661728114663274,0.998861670134564
"ENSGALG00010014171","DLC1",112.57136139323,-0.150441217383336,0.343883092021821,-0.437477796593123,0.661764875065032,0.998861670134564
"ENSGALG00010022875","SPON1",86.1656153150242,-0.171269325136473,0.391592113061685,-0.43736663590437,0.661845476491721,0.998861670134564
"ENSGALG00010021905","RBSN",14.205822304748,-0.274272528218305,0.62710763752978,-0.437361167053687,0.661849441998015,0.998861670134564
NA,"UBB.1",284.92940020227,-0.304889216628937,0.697322447946732,-0.437228455109518,0.661945675371666,0.998861670134564
"ENSGALG00010012508","MDM1",12.7476525931797,0.292519105734721,0.669251039239242,0.43708427568112,0.662050230487564,0.998861670134564
"ENSGALG00010026334","ENSGALG00010026334",10.1822428313863,0.329074809990806,0.752903005645671,0.43707463979188,0.662057218415023,0.998861670134564
"ENSGALG00010020982","TLCD4",26.1763850318754,0.223628119092865,0.511682802773105,0.437044430418406,0.662079126382554,0.998861670134564
"ENSGALG00010007982","RECK",32.4028253062798,-0.200993766736669,0.459894663518593,-0.437043050682285,0.662080126980028,0.998861670134564
"ENSGALG00010007614","BIRC6",159.019764764609,0.118648185277448,0.271508968044112,0.436995455922369,0.662114643512205,0.998861670134564
"ENSGALG00010028129","CYB561D2",49.4651580708095,0.204493500212184,0.468437718129313,0.436543626394604,0.662442353745274,0.998861670134564
"ENSGALG00010013006","GRIK2",2143.26493979,0.123372798483379,0.28270713480324,0.436397894836451,0.662548066078844,0.998861670134564
"ENSGALG00010022373","AK5",40.5563654699568,-0.191640964074124,0.439266249148357,-0.436275184915015,0.662637083942656,0.998861670134564
"ENSGALG00010016258","CTNNB1",33.6286681651626,-0.2102472390333,0.481957045542184,-0.436236467498425,0.66266517183523,0.998861670134564
"ENSGALG00010021535","SUSD6",21.0103251505467,0.236320821568275,0.542246370081772,0.435818171604611,0.662968658536542,0.998861670134564
"ENSGALG00010021065","CNNM2",40.04379923206,0.189155530329229,0.434516580198732,0.435324079561512,0.663327208980413,0.998861670134564
"ENSGALG00010005578","HEATR5A",35.7734397055427,-0.226100872496747,0.520064136028344,-0.434755748057245,0.663739728554048,0.998861670134564
"ENSGALG00010028551","NCS1",25.6932311624707,0.21061320123707,0.484758546361104,0.434470320983636,0.663946942323329,0.998861670134564
"ENSGALG00010019422","IMMP1L",30.7460908407295,-0.20250312725875,0.466451395362509,-0.434135537533062,0.664190020482182,0.998861670134564
"ENSGALG00010008025","TBC1D22A",46.48447354133,0.16684083543673,0.384467606488698,0.433952906879384,0.664322639074338,0.998861670134564
"ENSGALG00010003180","IBTK",48.995844809614,0.172636466060161,0.397897764660239,0.433871414702653,0.66438181860937,0.998861670134564
"ENSGALG00010008165","MRPL1",31.2737096720727,0.194446210103132,0.448382076522725,0.433661870722161,0.664533998839624,0.998861670134564
"ENSGALG00010016398","SEPTIN6",34.4068635156976,0.197659169709361,0.455792257142747,0.433660657046786,0.664534880305365,0.998861670134564
"ENSGALG00010011318","PRPF4B",107.178533392936,-0.14850311089714,0.342510507669641,-0.433572423536782,0.664598963606544,0.998861670134564
"ENSGALG00010001234","AASS",47.0351505606376,0.169251946634568,0.390592805264454,0.433320697036328,0.664781804047903,0.998861670134564
"ENSGALG00010006010","IPO5",13.6156530865722,0.285454461816033,0.659083770849754,0.43310801212416,0.664936302347774,0.998861670134564
"ENSGALG00010006557","COQ6",12.1895074191827,-0.301275086784158,0.69563598533721,-0.433093015793475,0.664947196500193,0.998861670134564
"ENSGALG00010010657","TMEM170B",12.9544329669236,0.307474520645273,0.710172703862315,0.432957390467213,0.665045725346712,0.998861670134564
"ENSGALG00010005334","NME7",56.4543841158292,-0.156916496187876,0.362638257261252,-0.432708058363601,0.665226874785421,0.998861670134564
"ENSGALG00010020916","ARL6IP1",29.2742035650181,-0.201005406490879,0.464750890579988,-0.432501390669814,0.665377041691301,0.998861670134564
"ENSGALG00010022743","ZNF326",63.8557619705399,-0.152739745006421,0.353289898709927,-0.432335443396954,0.665497630430556,0.998861670134564
"ENSGALG00010029324","BCAS3",151.669388604826,0.117094589739839,0.270889552088611,0.432259527312949,0.665552799180108,0.998861670134564
"ENSGALG00010028155","CIZ1",21.9673018648287,-0.258586842177953,0.598244661267721,-0.432242623995993,0.665565083185277,0.998861670134564
"ENSGALG00010029937","PMP22",10.0148170851467,0.33112165830602,0.766323912822135,0.432090990200998,0.665675282749522,0.998861670134564
"ENSGALG00010029250","SPAG9",97.683739948564,-0.133619070727133,0.309311195466114,-0.431989118679577,0.665749321733729,0.998861670134564
"ENSGALG00010029371","AUTS2",578.572931133984,0.109426039719632,0.253415888087896,0.431804179861359,0.665883741346584,0.998861670134564
"ENSGALG00010006716","ENSGALG00010006716",22.7740007783655,-0.219705452941615,0.509115618329377,-0.431543337174689,0.666073348633217,0.998861670134564
"ENSGALG00010000711","SPRY2",43.6194125946683,-0.188096210660089,0.436062579811288,-0.431351414610009,0.666212871318805,0.998861670134564
"ENSGALG00010017499","SNRPD1",11.0723299985969,-0.32454522164689,0.752558176392759,-0.431255990337564,0.666282246569065,0.998861670134564
"ENSGALG00010028556","SPTAN1",191.447321939883,-0.113745081416625,0.2637822592791,-0.431208231089852,0.666316969517208,0.998861670134564
"ENSGALG00010003791","ITGB8",79.3717819067571,0.162871045462101,0.378145327224297,0.430710189274647,0.666679109111938,0.998861670134564
"ENSGALG00010024824","DNAJC5",50.3556512681179,0.175836522371482,0.40872662222396,0.430205699385867,0.667046016480819,0.998861670134564
"ENSGALG00010002424","CASK",283.110355262002,0.103992363219313,0.241746816457859,0.430170559195104,0.667071576343202,0.998861670134564
"ENSGALG00010020847","MIDEAS",10.9431615724971,0.311960430687833,0.725291208893988,0.430117485035491,0.667110181539283,0.998861670134564
"ENSGALG00010008143","DCTN6",12.8278987701463,-0.29090324418175,0.676649881257582,-0.429916936719318,0.667256064759671,0.998861670134564
"ENSGALG00010013171","SLC9A8",108.33558785655,-0.174723015843457,0.406856238564261,-0.429446569284595,0.667598269632371,0.998861670134564
"ENSGALG00010005998","YLPM1",65.3735014554772,0.151981488383743,0.354019459230615,0.429302639787207,0.667702996002447,0.998861670134564
"ENSGALG00010008637","RGS7",1496.39187289268,-0.100142141860735,0.233301584575221,-0.429239012855683,0.667749294465188,0.998861670134564
"ENSGALG00010006932","ENSGALG00010006932",46.5036068171671,-0.460257372316514,1.07271746478255,-0.429057405539505,0.667881448914111,0.998861670134564
"ENSGALG00010017643","CALM1",410.238038185209,-0.131097261712057,0.306045922358781,-0.428358138875544,0.668390396795276,0.998861670134564
"ENSGALG00010028597","NUP188",10.4909643974472,0.320667434638909,0.748895320194532,0.428187259276253,0.668514791436795,0.998861670134564
"ENSGALG00010015618","NCL",53.0439904814936,-0.170990502450906,0.399346856381162,-0.428175406213044,0.668523420408576,0.998861670134564
"ENSGALG00010018529","UBR2",56.028629133817,0.160102443225739,0.373960392985604,0.428126738095235,0.668558851018285,0.998861670134564
"ENSGALG00010022150","CPNE2",15.7824093780066,-0.272176959634377,0.635991662805038,-0.427956804392596,0.668682569310479,0.998861670134564
"ENSGALG00010000717","NDFIP2",65.7484364295169,-0.148212072281543,0.34651136383928,-0.427726440597449,0.668850297407128,0.998861670134564
"ENSGALG00010002438","RARB",56.4366774173334,-0.174284126471109,0.407662876293463,-0.427520229596888,0.669000453850543,0.998861670134564
"ENSGALG00010011414","PABPC1",37.4261144833273,-0.204315169238082,0.478059806303238,-0.427384119192156,0.669099572471259,0.998861670134564
"ENSGALG00010007098","NDUFAF7",35.6384358719612,0.193835208186426,0.453567982989657,0.427356461337454,0.669119714240458,0.998861670134564
"ENSGALG00010015636","APBB2",40.2968714055344,0.171157831556383,0.400939705952711,0.426891697218361,0.669458213246694,0.998861670134564
"ENSGALG00010001899","TWF1",21.063926203041,-0.224858808480381,0.527363318402399,-0.426383103704616,0.669828711230371,0.998861670134564
"ENSGALG00010008938","ZBED4",12.431145737267,0.287222187895783,0.673809466444362,0.42626618087073,0.669913898028846,0.998861670134564
"ENSGALG00010001619","ENSGALG00010001619",11.545605460484,-0.302368373635163,0.709576400692617,-0.426125183052905,0.670016630853305,0.998861670134564
"ENSGALG00010027074","BRPF3",11.9387348043556,-0.306421413793549,0.719242271557062,-0.426033655016116,0.670083322662836,0.998861670134564
"ENSGALG00010029717","TRARG1",18.0300755816734,0.255779246361855,0.601187269522611,0.425456857336589,0.670503665512659,0.998861670134564
"ENSGALG00010017991","RAB26",19.7593520372473,-0.236743653207572,0.556595603344746,-0.425342298402844,0.670587162925066,0.998861670134564
"ENSGALG00010023189","RMDN3",21.2597474770085,0.235677106012293,0.554302541720592,0.425177747301565,0.670707104742557,0.998861670134564
"ENSGALG00010004801","ENSGALG00010004801",12.0884615952046,0.319936874638794,0.752510681460816,0.425159246932833,0.670720590244594,0.998861670134564
"ENSGALG00010005227","EXOSC9",13.1133378775691,-0.276024790826288,0.649437972503371,-0.425021022042032,0.670821350081989,0.998861670134564
"ENSGALG00010001817","SLC25A6",35.3754095650298,0.193543143841693,0.455575524188287,0.424832181637799,0.670959015959781,0.998861670134564
"ENSGALG00010029328","ENSGALG00010029328",161.107869773174,-0.127967275238538,0.301273740058696,-0.424754162820851,0.671015895407057,0.998861670134564
"ENSGALG00010024551","RNF11",14.6691185530487,0.273630683377865,0.644567562986154,0.424518233759993,0.671187910438527,0.998861670134564
"ENSGALG00010023556","IVD",16.8032950545407,0.250984569564313,0.59178255658071,0.424116200745236,0.671481070956791,0.998861670134564
"ENSGALG00010021540","STK4",15.4899213936238,0.258805636752406,0.610413628194313,0.423984040982158,0.671577452132646,0.998861670134564
"ENSGALG00010017240","MELTF",19.2777958624206,0.236727719805028,0.558416221848994,0.423927010968967,0.67161904452106,0.998861670134564
"ENSGALG00010001829","POLD3",11.981905119289,0.310663474694755,0.732825946566411,0.423925321081139,0.671620276983441,0.998861670134564
"ENSGALG00010010461","SLC7A5",13.8503668662327,-0.279285617459583,0.659602123294999,-0.423415279599813,0.67199229877615,0.998861670134564
"ENSGALG00010016221","TMEM200B",89.1758113919246,-0.170494892148728,0.402871900547661,-0.423198768434727,0.67215024527241,0.998861670134564
"ENSGALG00010028052","ENSGALG00010028052",49.706430685196,-0.176117415024643,0.416203463737516,-0.423152208881456,0.672184212701885,0.998861670134564
"ENSGALG00010018255","MFN1",59.5211192525906,-0.152609575543549,0.36089492348554,-0.422864289887037,0.672394278294175,0.998861670134564
"ENSGALG00010004494","WTAP",36.9415764459654,-0.177814718616996,0.420696238037439,-0.422667717321428,0.672537712258864,0.998861670134564
"ENSGALG00010013356","AMER1",10.0490301238679,-0.337475381936214,0.798584708655156,-0.422591840638339,0.672593080718648,0.998861670134564
"ENSGALG00010011450","PTDSS1",35.4618293844534,0.180208562161602,0.42646259567014,0.422565927214376,0.672611990575731,0.998861670134564
"ENSGALG00010000674","GRB10",34.9022004057582,-0.186958910113528,0.442552615697758,-0.422455779226964,0.672692371407597,0.998861670134564
"ENSGALG00010029605","C17orf75",10.4059606730896,-0.305005541397063,0.722448994616599,-0.422182802758176,0.672891592943164,0.998861670134564
"ENSGALG00010008325","AADAT",17.8016901263428,-0.261970736350296,0.621984212134728,-0.421185507990918,0.673619625836495,0.998861670134564
"ENSGALG00010022731","LRRC8B",10.7700420854766,-0.322244174263954,0.765197795378175,-0.421125330222228,0.673663565864177,0.998861670134564
"ENSGALG00010018355","PRKCB",27.244584943828,-0.263727322351164,0.626807274080667,-0.420747067330976,0.673939787738189,0.998861670134564
"ENSGALG00010027739","FGD3",36.3133096137089,0.185914209989364,0.442109568915577,0.420516141384094,0.67410844021628,0.998861670134564
"ENSGALG00010005470","SEMA3A",102.870928356649,0.168580196289661,0.401383457348809,0.419997867882138,0.674487011263333,0.998861670134564
"ENSGALG00010027898","TASOR",43.9854670460481,0.173341407466106,0.412954937394979,0.419758651051822,0.674661774154828,0.998861670134564
"ENSGALG00010013206","AFF2",128.19033709931,0.135197971095552,0.322094747890641,0.419745965995866,0.6746710418735,0.998861670134564
"ENSGALG00010006564","SLC10A7",40.3031914485069,0.191007114710559,0.455103252621921,0.419700614333421,0.674704176261686,0.998861670134564
"ENSGALG00010006229","INTS12",13.1150998509819,-0.279858485904476,0.6668299274041,-0.419684951744647,0.674715619655677,0.998861670134564
"ENSGALG00010016452","GLCE",13.6946031690969,-0.277308002857227,0.661076963523322,-0.419479150172269,0.674865989300401,0.998861670134564
"ENSGALG00010004430","TCEA1",26.5956468976463,-0.217762494680202,0.51969267780312,-0.419021671809468,0.675200293974735,0.998861670134564
"ENSGALG00010023335","WDR59",30.3807185344861,0.192664619079572,0.460288723015564,0.418573407180905,0.67552792783254,0.998861670134564
"ENSGALG00010023380","USP5",19.27424989079,-0.236032728776473,0.564147073536172,-0.418388643402825,0.675662988436489,0.998861670134564
"ENSGALG00010009363","TAF2",27.4187582520811,0.207918080376254,0.497654194378178,0.417796298564406,0.676096057381107,0.998861670134564
"ENSGALG00010020179","PSMD6",24.9730895769324,-0.215287008808623,0.515688686017434,-0.417474756856202,0.676331184474779,0.998861670134564
"ENSGALG00010022033","RAPH1",50.1004658626642,0.176081892823523,0.421791517907736,0.417461910322339,0.676340579147335,0.998861670134564
"ENSGALG00010017494","TBC1D24",10.3823654936089,0.319497473496193,0.765529136916471,0.417355079106616,0.676418706786368,0.998861670134564
"ENSGALG00010029655","PHKG1",13.6017635027263,-0.271028465843632,0.649743158200151,-0.417131696460501,0.67658208189325,0.998861670134564
"ENSGALG00010003347","GPM6A",445.940523129178,-0.110711220594629,0.265481330905515,-0.417020738207883,0.676663238961354,0.998861670134564
"ENSGALG00010016940","FGFR3",10.6796376292319,0.311125043664143,0.74606748711998,0.417019973441235,0.676663798339891,0.998861670134564
"ENSGALG00010018082","RAB11FIP3",25.2785627333554,-0.202552917094367,0.486206502869164,-0.416598535599745,0.676972080651937,0.998861670134564
"ENSGALG00010027833","ENSGALG00010027833",16.0003171989017,0.275258880777578,0.661076360179097,0.416379857696025,0.677132065147557,0.998861670134564
"ENSGALG00010005291","IFNGR1",10.0408930230122,-0.31823869535662,0.764639969297508,-0.416194167366105,0.677267927410642,0.998861670134564
"ENSGALG00010012161","ENSGALG00010012161",20.9831027201258,0.229584828064416,0.551982929374603,0.415927406169129,0.677463124394166,0.998861670134564
"ENSGALG00010018272","ENSGALG00010018272",18.4268603767589,0.233528761943176,0.561684307423748,0.415765152874383,0.67758186047765,0.998861670134564
"ENSGALG00010016491","DNAJC8",26.5590121460521,-0.228950328631629,0.550989213145124,-0.415525972504522,0.677756905984875,0.998861670134564
"ENSGALG00010018548","RGMA",35.6113381163263,-0.175434119269599,0.422331730410647,-0.415394124185314,0.677853407362661,0.998861670134564
"ENSGALG00010016789","DISP3",43.7287654259783,0.19841898599039,0.477945004267403,0.41515024577886,0.678031918843643,0.998861670134564
"ENSGALG00010017473","EIF3I",10.8048048090289,0.303799558405726,0.732011678533204,0.415020097786522,0.678127190562015,0.998861670134564
"ENSGALG00010018747","FLRT3",40.1872718914142,0.185249589001845,0.446501813038872,0.414891011843925,0.678221689915662,0.998861670134564
"ENSGALG00010016939","FAM234A",12.4709850606949,-0.283191663460504,0.682973899896681,-0.414644927871101,0.678401853500257,0.998861670134564
"ENSGALG00010008343","TNFRSF21",21.6245428603423,-0.227709601260269,0.549295349998364,-0.414548568927348,0.678472405049062,0.998861670134564
"ENSGALG00010017601","ENSGALG00010017601",61.9871098462627,0.180104456965003,0.435438821683583,0.413615984602949,0.679155364935966,0.998861670134564
"ENSGALG00010027301","SCAP",26.7126226580547,0.20096436706636,0.486210378636352,0.413328007579751,0.679366312543076,0.998861670134564
"ENSGALG00010029542","AATK",19.46237288718,0.23560222446222,0.570229775509985,0.413170680628716,0.679481567566364,0.998861670134564
"ENSGALG00010023884","C2orf69",13.7179712389551,-0.279617585402324,0.676986416133596,-0.413032785796908,0.679582593114023,0.998861670134564
"ENSGALG00010012228","NHP2",12.3081200951492,0.294584861927285,0.71327788375621,0.413001536478272,0.679605488024408,0.998861670134564
"ENSGALG00010007441","STRN",51.9716501409143,-0.16211697607874,0.393083274813136,-0.412423998848099,0.680028675938721,0.998861670134564
"ENSGALG00010003308","MDN1",50.267656863443,0.158162860550319,0.383972007042166,0.411912477080524,0.680403575236612,0.998861670134564
"ENSGALG00010024850","CDK2AP1",11.4967856270317,-0.287619086668542,0.698453412062408,-0.411794232373,0.680490249181966,0.998861670134564
"ENSGALG00010022237","SUN1",24.3155305538679,-0.216782730618227,0.526460554748535,-0.411773928099463,0.680505132737767,0.998861670134564
"ENSGALG00010008208","ILDR2",22.2435496349372,-0.215449975409193,0.523230886187094,-0.411768458431855,0.680509142166368,0.998861670134564
"ENSGALG00010000153","NF2",20.8473527058504,-0.226411514893332,0.550032133875221,-0.411633250039706,0.680608256798819,0.998861670134564
"ENSGALG00010007800","MAF",360.839169664111,0.123681957218226,0.300526955350518,0.411550295293714,0.680669069579993,0.998861670134564
"ENSGALG00010012347","ENSGALG00010012347",12.127854644919,-0.297542297119516,0.722999375822286,-0.411538802203133,0.680677495142372,0.998861670134564
"ENSGALG00010010977","FARS2",125.210679511203,0.117454133069407,0.28561985200553,0.411225383126147,0.680907277417334,0.998861670134564
"ENSGALG00010012712","EEF1E1",25.2996094057948,0.201221469144353,0.489401953582119,0.41115787885916,0.680956771849364,0.998861670134564
"ENSGALG00010011304","COMMD5",11.087844538985,-0.289497727163608,0.704517211883995,-0.410916471990008,0.681133783690478,0.998861670134564
"ENSGALG00010014225","ZMPSTE24",10.3729873100201,-0.303022704366893,0.73822945451592,-0.410472248856007,0.681459556652076,0.998861670134564
"ENSGALG00010022655","NRIP3",16.3012331884654,-0.235818779684025,0.574582352915971,-0.410417720779727,0.681499549148,0.998861670134564
"ENSGALG00010009541","PMPCB",10.8556665610221,-0.304061163223077,0.741001183752372,-0.410338296199926,0.681557803073564,0.998861670134564
"ENSGALG00010018244","CHM",44.7752423838327,-0.161309986873883,0.393224780257423,-0.410223350543376,0.681642113280367,0.998861670134564
NA,"FAM126B",73.3339001255737,0.151551645244115,0.36952079421097,0.410130221677296,0.681710424248407,0.998861670134564
"ENSGALG00010014284","TMEM131L",124.772078479557,0.123641068078743,0.301652874028445,0.409878634430262,0.68189497909037,0.998861670134564
"ENSGALG00010016869","HSP90AA1",325.082110455825,-0.146121128587424,0.356500182070634,-0.409876729203109,0.681896376765217,0.998861670134564
"ENSGALG00010029365","PIK3R5",19.9411474193658,0.232866747420751,0.568151198627717,0.409867563393697,0.681903100819255,0.998861670134564
"ENSGALG00010010512","PLXNC1",13.3840432937364,0.276639989768246,0.675301923987114,0.409653785872414,0.682059935552214,0.998861670134564
"ENSGALG00010022022","STAMBPL1",14.3837561707076,0.274704851353656,0.670829692387922,0.409500137621819,0.682172665814486,0.998861670134564
"ENSGALG00010021783","GIT2",35.7558739882394,0.173074255863187,0.422661197483505,0.409486976551572,0.682182322296576,0.998861670134564
"ENSGALG00010021772","TSN",12.2701461836723,-0.30161694510941,0.736730314892543,-0.409399394883599,0.682246583654955,0.998861670134564
"ENSGALG00010002484","ENSGALG00010002484",10.198243639139,-0.325910438752581,0.79711679402402,-0.408861588660445,0.682641239092002,0.998861670134564
"ENSGALG00010007679","TMEM135",78.3969147125604,0.137450363654382,0.336219729617331,0.40881111828512,0.68267827995106,0.998861670134564
"ENSGALG00010008161","TMEFF1",90.2019398178759,0.152685504248053,0.373527579839292,0.408766346821687,0.682711138944911,0.998861670134564
"ENSGALG00010014512","HMGN4",17.2388749000917,-0.243734803038917,0.59627625026969,-0.408761547904478,0.682714661036364,0.998861670134564
"ENSGALG00010015983","CNOT7",34.4270628257279,-0.186556539950463,0.456418673424156,-0.408739937283621,0.682730521904668,0.998861670134564
"ENSGALG00010019227","CLCN5",25.1683217267845,-0.218149305289865,0.534070627632048,-0.408465274072627,0.682932120034571,0.998861670134564
"ENSGALG00010011952","UBE2D2",34.1190633233536,0.18335494610574,0.450244411758186,0.407234251702862,0.683835947222406,0.998861670134564
"ENSGALG00010010214","FAF2",10.0768785384847,-0.305803850160641,0.751005663952677,-0.407192468497695,0.683866632769208,0.998861670134564
"ENSGALG00010004451","CLDND1",53.3942681743053,0.155061952077464,0.381093764745142,0.406886615374467,0.684091266912062,0.998861670134564
"ENSGALG00010021321","ENSGALG00010021321",11.2719491752931,0.297313198312479,0.731280290310685,0.406565310527055,0.684327279700576,0.998861670134564
"ENSGALG00010000734","SLAIN1",52.2798539699642,0.148724491268708,0.366380745924295,0.405928785623027,0.684794926750693,0.998861670134564
"ENSGALG00010028893","STXBP1",58.5552422104811,0.163777518286312,0.403690800128247,0.405700398013237,0.684962749797675,0.998861670134564
"ENSGALG00010020556","EMC1",11.0877726032634,0.291164144862119,0.718919371524201,0.405002502916028,0.685475671154116,0.998861670134564
"ENSGALG00010001497","LEKR1",24.2562609511341,0.20285956019305,0.501248518955773,0.404708547799119,0.68569175829109,0.998861670134564
"ENSGALG00010001556","EPB41L3",230.149887467246,-0.112811217258569,0.278962483358442,-0.40439565887294,0.685921791963711,0.998861670134564
"ENSGALG00010015911","TM9SF2L",31.4370681582592,0.190157414904785,0.470666927192808,0.404016946843786,0.68620025724085,0.998861670134564
"ENSGALG00010025562","GRAMD1B",28.553546383695,-0.211726434053921,0.5242553608279,-0.403861266615499,0.686314740583155,0.998861670134564
"ENSGALG00010024917","TRAK2",27.589390399011,0.193557378849759,0.479280240976111,0.403850111691557,0.686322943911341,0.998861670134564
"ENSGALG00010011898","RRAGA",12.4588795907472,0.290502525461136,0.719520437563434,0.403744647538973,0.686400504048152,0.998861670134564
"ENSGALG00010029340","NDEL1",24.173423451519,0.225924236850257,0.559686879609262,0.403661842149994,0.686461402858239,0.998861670134564
"ENSGALG00010009571","DNAJC2",23.3922079238914,0.204369093484213,0.506350886727697,0.403611603812828,0.686498351384762,0.998861670134564
"ENSGALG00010021097","KATNBL1",26.3088986469487,0.215613163925121,0.534464513626758,0.403419045470423,0.686639978198046,0.998861670134564
"ENSGALG00010020103","PSAP",98.9287501562297,-0.144044255257613,0.357165379013975,-0.403298482219288,0.686728658165839,0.998861670134564
"ENSGALG00010027934","CNBP",60.2388623809867,-0.14419195325527,0.357677659732711,-0.403133797517639,0.686849798512765,0.998861670134564
"ENSGALG00010024030","STAU1",25.3487645708831,0.199810300077179,0.495750639798727,0.403045975207014,0.68691440297573,0.998861670134564
"ENSGALG00010004443","ANKRD17",82.3377909281712,0.135795098091393,0.337092041579973,0.402842788737795,0.687063881193762,0.998861670134564
"ENSGALG00010024799","ENSGALG00010024799",186.863250495926,0.121338468085077,0.302205771141404,0.401509433876106,0.688045093908423,0.998861670134564
"ENSGALG00010013220","CSTF1",10.5763867176512,0.285325502814299,0.710763405288855,0.401435274651404,0.68809968294615,0.998861670134564
"ENSGALG00010013180","C5orf24",30.7235567766618,0.191074532476916,0.476010864321499,0.401407923218879,0.688119816905358,0.998861670134564
"ENSGALG00010021467","LHFPL4",25.9917270329702,0.213959439389607,0.533240682902444,0.401243652725481,0.688240744487471,0.998861670134564
"ENSGALG00010012517","MGAT3",16.7713888918144,-0.238494930977481,0.594877604321075,-0.400914287653628,0.688483230311209,0.998861670134564
"ENSGALG00010021182","ZSWIM8",14.2368156113057,0.27846564135903,0.694858702526663,0.400751462630412,0.688603117510711,0.998861670134564
"ENSGALG00010028083","ELAVL1",99.0634565122185,0.130310586132076,0.325420007138606,0.400438151538032,0.688833828810979,0.998861670134564
"ENSGALG00010020329","PPP4R2",21.2419159829159,-0.213369854485053,0.53315256307414,-0.400204124040537,0.689006177339962,0.998861670134564
"ENSGALG00010025419","CCND1",38.1576074308311,-0.171622181402404,0.428956584665374,-0.400092194729416,0.689088612899657,0.998861670134564
"ENSGALG00010002689","COG6",34.1641852586872,0.175402674503095,0.438738848666611,0.399788336583753,0.689312422009978,0.998861670134564
"ENSGALG00010020880","PXK",29.3153139637878,-0.189472453259845,0.474108298455148,-0.39963960529109,0.689421981127565,0.998861670134564
"ENSGALG00010027902","UBE2Q1",14.8549216210583,-0.241133699758051,0.603552506847643,-0.399523980138022,0.689507157950199,0.998861670134564
"ENSGALG00010020120","DAAM2",27.6899026621089,0.21206940648037,0.530813746671034,0.399517547935317,0.689511896434294,0.998861670134564
"ENSGALG00010003115","UBE3D",34.9709425239709,-0.181733550433539,0.455109880097348,-0.399317963377692,0.689658932715679,0.998861670134564
"ENSGALG00010015782","ATG4A",27.7738232950236,0.201120903125376,0.50376545674753,0.399235200491666,0.689719908540863,0.998861670134564
"ENSGALG00010004072","SGK3",54.8886544131689,0.172132358357358,0.431487017140018,0.398928244697339,0.689946076810513,0.998861670134564
"ENSGALG00010026295","SMPD4",11.6840259246519,-0.274099009653815,0.68710922042854,-0.398916215216648,0.689954940822974,0.998861670134564
"ENSGALG00010019392","NIN",15.9103044518015,0.25090894583781,0.629027891755935,0.398883657030528,0.689978931778315,0.998861670134564
"ENSGALG00010002375","NPY",28.6946332076151,-0.20521433021143,0.514620082711793,-0.398768600576277,0.690063715233586,0.998861670134564
"ENSGALG00010010857","SEL1L3",27.2186535900856,0.189579304051773,0.476152459240757,0.398148324916907,0.690520854484793,0.998861670134564
"ENSGALG00010021169","CAMK2G",82.4584945900636,0.134059915651196,0.337100445614878,0.397685370622006,0.690862122475479,0.998861670134564
"ENSGALG00010009030","ZDHHC7",20.6671450775507,-0.222132138578233,0.558594030215937,-0.397662929717245,0.69087866644542,0.998861670134564
"ENSGALG00010021218","DPF3",52.3714281651115,0.147024940402831,0.370204092750183,0.397145637452596,0.691260067546171,0.998861670134564
"ENSGALG00010006342","RFXAP",12.0845482289742,-0.277328365365568,0.698731139428313,-0.39690282816431,0.691439118574182,0.998861670134564
"ENSGALG00010001238","GOLIM4",19.8889441148164,0.224571097975723,0.565978435294604,0.396783841876995,0.691526867058057,0.998861670134564
"ENSGALG00010018848","MEF2A",99.0147691682546,-0.142099639331541,0.358148759756077,-0.39676150052375,0.691543343535229,0.998861670134564
"ENSGALG00010029600","RHOT1",17.4064840207472,-0.234425347164611,0.590897466834777,-0.396727622510115,0.691568328438227,0.998861670134564
"ENSGALG00010008237","GRIA2",801.776410414548,0.0872243926896191,0.219872250631984,0.396704870391366,0.691585108225611,0.998861670134564
"ENSGALG00010016866","ZNRF2",11.4872765765649,-0.275963600688744,0.695971250124184,-0.396515805271414,0.691724550438622,0.998861670134564
"ENSGALG00010008864","ADAT1",18.2549162269393,-0.225019256822466,0.56767509492113,-0.396387403350378,0.691819257357825,0.998861670134564
"ENSGALG00010017803","ENSGALG00010017803",30.3339096998027,0.183611665405077,0.463418618326268,0.396211239997711,0.691949200082614,0.998861670134564
"ENSGALG00010014418","RAC2",12.3839474525714,-0.286064458601596,0.722326429948607,-0.396032107840702,0.692081341976206,0.998861670134564
"ENSGALG00010008028","KCNK7",10.7278938098664,-0.287996774610966,0.727307494735526,-0.395976635323539,0.692122264746046,0.998861670134564
"ENSGALG00010023162","CHRNA4",16.0625863584834,-0.236588069689263,0.597507875376899,-0.395958077606972,0.692135955206371,0.998861670134564
"ENSGALG00010014198","KDM3B",55.9404429361798,0.153826275600246,0.38899344382638,0.39544696200305,0.692513056634529,0.998861670134564
"ENSGALG00010021533","SSX2IP",21.1949623440877,0.2149741131509,0.543739175595023,0.395362561315636,0.692575334852328,0.998861670134564
"ENSGALG00010021325","ARPC1A",27.7817744712917,0.182904103831149,0.462644917184942,0.395344457568165,0.692588693653188,0.998861670134564
"ENSGALG00010029693","HN1",29.885028473382,-0.182707958762122,0.462854720662491,-0.394741482814757,0.693033684844853,0.998861670134564
"ENSGALG00010005251","MTRF1L",21.9461883697713,0.208438480629854,0.528046542471398,0.394735054327421,0.693038429594915,0.998861670134564
"ENSGALG00010026183","SESTD1",89.2379066936538,-0.1228515505036,0.311248188334689,-0.394706074149086,0.693059819489097,0.998861670134564
"ENSGALG00010020646","CEP70",20.1124596362866,0.215080151375449,0.54545526549435,0.394313090332936,0.693349899901131,0.998861670134564
"ENSGALG00010016548","EVL",111.858800383677,0.130701145457972,0.331585390391973,0.394170398471017,0.693455238810829,0.998861670134564
"ENSGALG00010012486","RADX",31.6005091699864,0.182091319030529,0.4620064447445,0.394131556176082,0.693483914247162,0.998861670134564
"ENSGALG00010011696","ZFC3H1",145.330882073435,0.114833317679227,0.291853532271375,0.393462147898388,0.693978175784937,0.998861670134564
"ENSGALG00010020038","SKI",199.797075111689,0.111165781470358,0.282544260705431,0.393445547939319,0.693990434117461,0.998861670134564
"ENSGALG00010001414","CCDC126",34.5290770349249,-0.178971261292689,0.454912215657886,-0.393419334835544,0.694009791493436,0.998861670134564
"ENSGALG00010017545","DICER1",53.1437209847719,0.146983024340205,0.373875682483314,0.393133416337568,0.694220944345542,0.998861670134564
"ENSGALG00010013375","PSMG1",13.1444001084096,-0.26978258601883,0.686249727276432,-0.393125964639047,0.694226447795531,0.998861670134564
"ENSGALG00010014931","RNF145",17.4288975107083,-0.22466130511508,0.571931610762181,-0.392811484603354,0.694458721637571,0.998861670134564
"ENSGALG00010005848","WASF3",43.5405095969663,0.181521944648343,0.46226676497589,0.39267790462464,0.694557392021421,0.998861670134564
"ENSGALG00010005888","IMPG2",10.3478353549333,-0.276773050390959,0.705010487844717,-0.392580046911189,0.69462967902895,0.998861670134564
"ENSGALG00010017881","KCNK10",10.1442827230047,-0.302035713431826,0.769814162169955,-0.39234886583594,0.694800462371356,0.998861670134564
"ENSGALG00010005114","PHLDB2",46.6834767283528,0.156229464375743,0.398307450175746,0.392233347146304,0.694885806770312,0.998861670134564
"ENSGALG00010018157","FBXL2",93.1017019693041,-0.12194694247351,0.311223217171296,-0.391831122311133,0.695182997829487,0.998861670134564
"ENSGALG00010022116","CYP20A1",13.0770763251758,0.26977110455378,0.689090513496259,0.391488635048877,0.695436087632774,0.998861670134564
"ENSGALG00010028174","GMPPB",18.6487356440707,-0.220486560160847,0.563265414156908,-0.391443455641368,0.695469476656396,0.998861670134564
"ENSGALG00010008509","ENSGALG00010008509",29.0962381708591,-0.191758340827431,0.49021090086886,-0.391175187021657,0.695667747886679,0.998861670134564
"ENSGALG00010006913","HSPH1",35.7036419407817,0.199524997570168,0.510335246698421,0.390968483680053,0.695820531814785,0.998861670134564
"ENSGALG00010020186","MGA",61.7559031154009,0.136358547695972,0.3490476333509,0.390658851879078,0.696049417991546,0.998861670134564
"ENSGALG00010002368","UVRAG",41.4188731866503,-0.158165216649569,0.404902622387909,-0.390625320519762,0.696074206721871,0.998861670134564
"ENSGALG00010009678","JARID2",219.119855353424,-0.114861131096938,0.294094071569427,-0.39055915164826,0.696123124340615,0.998861670134564
"ENSGALG00010021069","PGAM5",11.4135314135672,0.27910888033307,0.715318644428976,0.390188180479871,0.696397400968871,0.998861670134564
"ENSGALG00010023319","EIF2AK4",24.8410827265604,0.193991630484283,0.497288144307258,0.390099045603673,0.696463308539347,0.998861670134564
"ENSGALG00010007983","RCHY1",42.9885644352862,0.164057968149769,0.420696158338333,0.389967830459318,0.696560335016806,0.998861670134564
"ENSGALG00010007931","GBE1",46.8621024207876,-0.161029641641897,0.413109924443517,-0.389798530884518,0.696685530198953,0.998861670134564
"ENSGALG00010000592","CCT5",24.6118253670492,-0.215107548700937,0.552013532521689,-0.389678035098687,0.696774640546533,0.998861670134564
"ENSGALG00010004532","ENSGALG00010004532",11.113286787479,-0.297756676715676,0.764621021026811,-0.389417330321128,0.696967454083667,0.998861670134564
"ENSGALG00010001686","WASL",24.5463596327431,-0.201877109581743,0.518662211520859,-0.389226562293374,0.697108555801403,0.998861670134564
"ENSGALG00010020669","ENSGALG00010020669",25.8862317418941,0.19971542949638,0.513332389916455,0.389056746504703,0.697234168994139,0.998861670134564
"ENSGALG00010022958","SFSWAP",65.2137940816072,-0.13311145613799,0.342817503818081,-0.388286638387715,0.69780392414052,0.998861670134564
"ENSGALG00010017993","REXO5",24.3843656444372,-0.210521861272037,0.542405315032691,-0.388126471915837,0.697922442775485,0.998861670134564
"ENSGALG00010012876","KDELR3",17.6529876969985,0.29439161329049,0.758572640416416,0.388086252529336,0.697952205135362,0.998861670134564
"ENSGALG00010017106","CRYM",12.4466737023587,0.267936648991004,0.690594366562843,0.387979777947728,0.698030998605157,0.998861670134564
"ENSGALG00010013537","LMO3",73.1895765732862,0.132603665535959,0.341798422363501,0.387958682252008,0.698046610257975,0.998861670134564
"ENSGALG00010029734","SEC14L1",46.8087495491886,0.160737288471387,0.414341816178183,0.387934024989319,0.698064857773775,0.998861670134564
"ENSGALG00010026009","ENSGALG00010026009",30.1020583437097,-0.190140940025935,0.490499724812088,-0.387647393887486,0.698276990862942,0.998861670134564
"ENSGALG00010023628","ENSGALG00010023628",12.4612096215663,0.28114211439121,0.725341104166308,0.387599865465158,0.69831216849772,0.998861670134564
"ENSGALG00010017556","TOM1L2",47.3944040014221,0.155031980966359,0.400055087200795,0.387526583029165,0.698366408950041,0.998861670134564
"ENSGALG00010020984","PSEN1",25.147287357412,-0.19357635992966,0.49976104716648,-0.38733783080372,0.698506122180376,0.998861670134564
"ENSGALG00010012986","TMEM184B",13.6250714981423,0.254043258349276,0.656014188418229,0.387252688789888,0.698569147115977,0.998861670134564
"ENSGALG00010021605","MAP3K3",20.4568772788867,-0.221040815395734,0.57091505174256,-0.387169360347162,0.69863083159838,0.998861670134564
"ENSGALG00010025929","NELFE",10.4439653472938,-0.287312882520591,0.742213414276428,-0.387102788758793,0.698680113128218,0.998861670134564
"ENSGALG00010017621","SYNE2",29.3630018383191,-0.185667412858193,0.479660821926534,-0.387080629417406,0.698696517498704,0.998861670134564
"ENSGALG00010010771","ENSGALG00010010771",16.7257411595346,-0.235166837325727,0.607591480293804,-0.387047621556528,0.698720953196077,0.998861670134564
"ENSGALG00010005660","UBAC2",47.6167093516918,0.161708705761056,0.417900458355187,0.386955081115548,0.698789462487196,0.998861670134564
"ENSGALG00010026824","ENSGALG00010026824",10.5934067111399,0.278484887351783,0.719799248864427,0.38689243951161,0.698835838543869,0.998861670134564
"ENSGALG00010012877","SLC25A32",15.1253237331981,0.263020908408067,0.680129653798491,0.386721718335773,0.698962235887159,0.998861670134564
"ENSGALG00010017313","MAP4K3",100.793363103686,-0.127516511321501,0.32983685435153,-0.386604800643647,0.699048803400442,0.998861670134564
"ENSGALG00010018014","LYRM1",13.5963861563589,0.254807130698975,0.659807629448406,0.386183971397832,0.699360423709891,0.998861670134564
"ENSGALG00010021978","NR2C2",67.8059786143931,0.14342942091967,0.371674214521155,0.385900918912163,0.699570050047683,0.998861670134564
"ENSGALG00010021687","ZNF384",13.7157107764962,0.258920474706226,0.671016583063779,0.385863004344881,0.699598131003072,0.998861670134564
"ENSGALG00010023953","SLC35A3",16.1855860679259,0.232937703088952,0.604310784364338,0.385460112769581,0.699896553036614,0.998861670134564
"ENSGALG00010001132","SELENOT",20.3847303988069,-0.225281243324088,0.584475971452136,-0.385441411328467,0.699910406331305,0.998861670134564
"ENSGALG00010020436","CNTN4",66.5808970380456,0.144929935915068,0.376016374245892,0.385435172087194,0.699915028138947,0.998861670134564
"ENSGALG00010008285","ADSS2",84.1732297926429,-0.130822183380237,0.339425770337086,-0.385422071077034,0.69992473293668,0.998861670134564
"ENSGALG00010029531","CEP131",10.9855788861111,-0.268089172799314,0.695648802336791,-0.38538005369773,0.699955858360877,0.998861670134564
"ENSGALG00010023499","PEBP1",64.2005545542226,-0.13636831074172,0.354194291581929,-0.385009905531401,0.700230076640816,0.998861670134564
NA,"KIAA0895",15.1204901301384,-0.244205644160425,0.634336818798496,-0.384977880714819,0.700253803545402,0.998861670134564
"ENSGALG00010020765","GLT1D1",131.645026594161,0.113769759134935,0.295537584141583,0.384958682887628,0.700268027186749,0.998861670134564
"ENSGALG00010024204","PTBP2",60.5949009026135,0.145967462983433,0.379253166755218,0.38488132935656,0.700325339366836,0.998861670134564
"ENSGALG00010028658","PTPA",11.1826888540437,0.289343291528773,0.752141208482842,0.384692778783405,0.700465045947537,0.998861670134564
"ENSGALG00010003273","NFIX",11.6668878987458,-0.262421389832034,0.682368473616793,-0.384574317217658,0.700552825249492,0.998861670134564
"ENSGALG00010007252","NFATC1",13.3740420417388,0.33952160350756,0.882870472146715,0.3845655894256,0.700559292648673,0.998861670134564
"ENSGALG00010005485","PITRM1",16.6890687422723,-0.221218106542994,0.575314822766547,-0.384516612103285,0.700595585837907,0.998861670134564
"ENSGALG00010010246","CLTB",29.006364540716,-0.182189419379406,0.473842671982812,-0.384493483073249,0.700612725155893,0.998861670134564
"ENSGALG00010004476","ENSGALG00010004476",23.0623415157752,-0.206804700645047,0.538390942661134,-0.384116232756187,0.700892300680259,0.998861670134564
"ENSGALG00010029610","ERN1",10.7391751754045,0.30670554388372,0.79856050386401,0.384073019388835,0.700924328157022,0.998861670134564
"ENSGALG00010027211","HDGFRP2",24.7341053664243,0.195867923329473,0.510172768036384,0.38392469296892,0.701034263947331,0.998861670134564
"ENSGALG00010003982","GLCCI1",36.8373406552249,0.168325713199105,0.43845797153053,0.38390387250009,0.701049696053268,0.998861670134564
"ENSGALG00010014918","PLRG1",14.7744232876753,-0.244171424601755,0.636140378109526,-0.383832614630407,0.701102513232271,0.998861670134564
"ENSGALG00010020204","GSPT2",29.3740634620175,-0.181528416866662,0.472970135134664,-0.383805241349916,0.701122803016829,0.998861670134564
"ENSGALG00010003680","TRAPPC5",10.9143523633003,-0.277015646296151,0.721819641546529,-0.383774048739701,0.701145924047365,0.998861670134564
"ENSGALG00010025291","DUS2",12.0733846477343,0.264025190498608,0.688036040979727,0.383737442187839,0.701173058429799,0.998861670134564
"ENSGALG00010029670","TPST1",14.6821748207582,-0.280324624623647,0.730664122543969,-0.383657300221112,0.701232464502599,0.998861670134564
"ENSGALG00010017323","ENSGALG00010017323",17.4822753550841,-0.222107834125738,0.579369565471274,-0.383361238426581,0.70145193924613,0.998861670134564
"ENSGALG00010018169","ENSGALG00010018169",17.2936014270135,0.226294288058286,0.590307088487323,0.383350111275422,0.701460188444535,0.998861670134564
"ENSGALG00010008866","WASHC5",21.9575987079799,0.203865137285249,0.532278207415668,0.38300485431305,0.701716164807928,0.998861670134564
"ENSGALG00010029310","LRWD1",14.7501733284812,0.234187991573909,0.611512444849425,0.382965209533183,0.701745559942328,0.998861670134564
"ENSGALG00010002855","RACK1",40.9376787946583,-0.172310208496993,0.450305718205119,-0.382651610962896,0.701978097379884,0.998861670134564
"ENSGALG00010018372","NLGN3",22.5474830319433,-0.22199528510792,0.580258940112675,-0.382579689448324,0.70203143205733,0.998861670134564
"ENSGALG00010024590","MRPL23",12.3906715547144,-0.261246208651655,0.683020618739322,-0.382486562607506,0.702100494101709,0.998861670134564
"ENSGALG00010025571","SRSF3",68.5958043770964,0.130663174257842,0.342123633334778,0.381918001350069,0.70252218745706,0.998861670134564
"ENSGALG00010017368","ERLIN2",51.5872410411526,-0.148480259606114,0.389416972412015,-0.381288618948578,0.702989097734383,0.998861670134564
"ENSGALG00010024522","DNTTIP2",72.1847846187457,-0.142286598059443,0.373358166009148,-0.381099466981945,0.703129442912365,0.998861670134564
"ENSGALG00010023498","DISP2",16.1414503080713,0.242448500713243,0.636260017024358,0.381052548055934,0.70316425693724,0.998861670134564
"ENSGALG00010004237","RUFY3",56.324515101556,0.141676034539627,0.371854779662763,0.380998288278327,0.703204518678561,0.998861670134564
"ENSGALG00010016542","ENOX2",17.8256602282561,-0.225490624078282,0.592002885630466,-0.380894467833785,0.703281557655496,0.998861670134564
"ENSGALG00010020945","NUMB",74.1587340015142,-0.136363783423047,0.358087920068932,-0.380810900844678,0.70334356996083,0.998861670134564
NA,"DHRSX.1",24.2476545482241,0.196509223416965,0.516170463611974,0.380706059858336,0.703421371788536,0.998861670134564
"ENSGALG00010027278","H1-10",21.8798027829006,-0.20694848959063,0.543628293414647,-0.380680130334537,0.703440614401896,0.998861670134564
"ENSGALG00010013317","PREP",27.6697642911911,0.192039498210425,0.504855801240813,0.380384849967929,0.703659758929709,0.998861670134564
"ENSGALG00010004762","IFT57",49.796029181266,0.165391384463494,0.435181779884562,0.38005126158399,0.703907363650782,0.998861670134564
"ENSGALG00010010786","NABP1",25.4400798863089,-0.201983183606433,0.531695769941409,-0.37988487970986,0.704030871705208,0.998861670134564
"ENSGALG00010028375","LMNB2",14.6762082619639,0.240173864229109,0.632571673677659,0.379678500039025,0.704184081641666,0.998861670134564
"ENSGALG00010022718","C12orf43",16.1007278815102,0.237909907781603,0.626857026405258,0.379528182280908,0.704295680490989,0.998861670134564
"ENSGALG00010021892","NDUFV1",28.8675477057645,-0.190006876080001,0.500729207580787,-0.379460341444823,0.704346048942428,0.998861670134564
"ENSGALG00010023320","ENSGALG00010023320",22.3352256480719,-0.202932607208208,0.534824332344616,-0.379437873214504,0.704362730773383,0.998861670134564
"ENSGALG00010026203","TMX2",13.1514737170547,-0.264557147675182,0.698313348193901,-0.378851626364332,0.704798047647154,0.998861670134564
"ENSGALG00010007769","ENSGALG00010007769",118.998022560191,0.122149983918076,0.322705951680431,0.378517914782801,0.705045887964527,0.998861670134564
"ENSGALG00010021778","RBL2",10.2857414025235,0.294857918418507,0.779003386826603,0.37850659368717,0.705054296444685,0.998861670134564
"ENSGALG00010022199","RBM23",137.893270747029,0.110255265336386,0.291317954851445,0.378470545670999,0.705081070509306,0.998861670134564
"ENSGALG00010026360","CTDSPL",107.656906484004,0.122736467796856,0.324602149643111,0.378113539703297,0.705346250473567,0.998861670134564
"ENSGALG00010017701","PPP2R5E",44.5130791093396,0.148809852010072,0.39364327882285,0.378032243952121,0.705406641036234,0.998861670134564
"ENSGALG00010009114","SETD7",11.7165313536935,0.259323227762341,0.686119216990195,0.377956514466854,0.705462898367034,0.998861670134564
"ENSGALG00010010465","BMPR1A",50.9787422360614,0.154341103182899,0.408621177671056,0.377711953312281,0.705644587050068,0.998861670134564
"ENSGALG00010021932","RPAP2",72.3760818431323,0.134797323518656,0.35688498767215,0.377705222060185,0.705649588050267,0.998861670134564
"ENSGALG00010021617","SORBS1",179.924730413195,0.120532082622755,0.319327779378342,0.377455675348394,0.705834998361324,0.998861670134564
"ENSGALG00010005949","SLITRK1",236.768263030891,0.101692529654539,0.269416928145994,0.377454120475431,0.705836153668652,0.998861670134564
"ENSGALG00010005310","LAMTOR3",11.536995886104,-0.270448155418432,0.716741593676113,-0.377330069588015,0.705928328592129,0.998861670134564
"ENSGALG00010028453","ENSGALG00010028453",19.4303401709649,-0.214992251760324,0.570042272969222,-0.377151418333377,0.70606108142026,0.998861670134564
"ENSGALG00010007817","CDYL2",11.6811431247193,0.255751392665415,0.678629987235225,0.376864266943699,0.706274477667801,0.998861670134564
"ENSGALG00010001388","MPPE1",32.4736060416022,0.184612331127137,0.489910020272097,0.376829057353435,0.706300645226871,0.998861670134564
"ENSGALG00010025448","CHD1L",12.7094450162454,-0.252433699764309,0.670010046942385,-0.376761066369525,0.706351176706178,0.998861670134564
"ENSGALG00010018892","APMAP",18.1743277543215,0.216251017847429,0.574794807280516,0.376222984460422,0.706751129414281,0.998861670134564
"ENSGALG00010018472","LMF1",44.9261004777795,0.151214984655037,0.402045960997954,0.376113676853494,0.706832386930967,0.998861670134564
"ENSGALG00010018206","KIZ",36.9492827155579,0.16746092218591,0.445257697160082,0.376098882184407,0.706843385306682,0.998861670134564
"ENSGALG00010020433","GNPTG",24.6308044468955,-0.194180264411583,0.517268789192231,-0.375395284750924,0.7073665111532,0.998861670134564
"ENSGALG00010023421","OLFM3",290.607825857634,0.105008564674905,0.280011400253592,0.375015319304158,0.707649073564707,0.998861670134564
"ENSGALG00010028760","SSR2",14.0487756543036,-0.250439693895092,0.668103945178731,-0.374851392066088,0.707770990968195,0.998861670134564
"ENSGALG00010017830","DENND4A",26.1607426319598,-0.197880206020466,0.527978307400025,-0.374788515450393,0.707817756104444,0.998861670134564
"ENSGALG00010000047","IQGAP3",39.0643892632995,0.159153493464153,0.424664468076807,0.374774687849251,0.707828040674306,0.998861670134564
"ENSGALG00010028108","IQGAP3",39.0643892632995,0.159153493464153,0.424664468076807,0.374774687849251,0.707828040674306,0.998861670134564
"ENSGALG00010025890","SCG2",93.9729625425085,-0.130633285855914,0.348714074744212,-0.374614319630591,0.707947321810832,0.998861670134564
"ENSGALG00010029929","GDPD1",10.2038147860649,0.283838602354115,0.758113314632491,0.374401289194757,0.708105783941999,0.998861670134564
"ENSGALG00010002355","UFM1",12.0248451357338,0.26520713393038,0.708679925641138,0.374226959639712,0.708235467928339,0.998861670134564
"ENSGALG00010014001","CDC16",12.6373536970012,0.276379839540347,0.738733632269538,0.374126515251855,0.70831019248321,0.998861670134564
"ENSGALG00010028046","SMIM4",14.6315676564034,-0.257509296548614,0.688775090206651,-0.3738655770367,0.708504327868775,0.998861670134564
"ENSGALG00010029725","TSEN54",52.4834369986506,-0.172874248020976,0.462579648323854,-0.37371779897231,0.708614281651111,0.998861670134564
"ENSGALG00010029204","HELZ",46.0198142064004,0.144714726789934,0.387340244700373,0.373611388875633,0.70869345949403,0.998861670134564
"ENSGALG00010020973","GNB5",29.0970344100325,-0.184082575978551,0.49279871717144,-0.373545160659399,0.708742740310287,0.998861670134564
"ENSGALG00010001380","SCRN1",73.916253484076,0.126661783249636,0.33916982401608,0.37344649871809,0.708816157518465,0.998861670134564
"ENSGALG00010018874","ENSGALG00010018874",40.9962089468247,-0.154303133751402,0.413591049050353,-0.373081414855803,0.709087850514755,0.998861670134564
"ENSGALG00010019610","CORO7",12.3774721314281,0.268945178749077,0.721228179966877,0.372898877525042,0.709223707469086,0.998861670134564
"ENSGALG00010014096","JAKMIP2",54.9815012063708,-0.13559591445106,0.363669978516885,-0.37285429774557,0.709256888241155,0.998861670134564
"ENSGALG00010023329","ENSGALG00010023329",23.8575093086378,0.199341595923606,0.534684364213944,0.372821068401101,0.709281621232477,0.998861670134564
"ENSGALG00010010942","NRN1",44.0268289160155,-0.170507279105684,0.458006952136288,-0.372280984623453,0.709683654875621,0.998861670134564
"ENSGALG00010007821","FAM89A",12.0438275833793,0.261530980734844,0.702512762999707,0.372279330012618,0.709684886677729,0.998861670134564
"ENSGALG00010018264","CFAP61",13.6494980963953,0.249076663346088,0.669403768716472,0.37208733351423,0.709827826763824,0.998861670134564
"ENSGALG00010019979","ENSGALG00010019979",19.2622812292135,0.234279467831894,0.629732697346448,0.372030019751388,0.709870498449523,0.998861670134564
"ENSGALG00010021373","CEP250",26.5170769393885,0.20646315445736,0.555290235851922,0.371811245952498,0.710033389973357,0.998861670134564
"ENSGALG00010023384","AP3B2",12.8552758311158,-0.250607671050965,0.674054225090993,-0.371791558783175,0.710048049019457,0.998861670134564
"ENSGALG00010020098","GABRD",20.8896206001639,0.218257457313961,0.587857706169107,0.371275999316704,0.710431972251867,0.998861670134564
"ENSGALG00010006877","GSE1",19.8884200067773,0.222554585877533,0.599611221851147,0.371164811076171,0.710514780773793,0.998861670134564
"ENSGALG00010025131","SUMO1",11.3847197703439,-0.26227810707102,0.707046326217024,-0.370948970874809,0.71067553961525,0.998861670134564
"ENSGALG00010018055","PEX5L",70.7095579957502,0.168587636748766,0.454515323805104,0.370917388081412,0.710699063714486,0.998861670134564
"ENSGALG00010005109","ABHD3",11.6657836718636,-0.248208157501014,0.670078445356942,-0.370416567225643,0.71107213148667,0.998861670134564
"ENSGALG00010024514","FAF1",75.5760355085455,-0.129419087221151,0.349780675768587,-0.370000678101422,0.71138198514788,0.998861670134564
"ENSGALG00010019391","GANC",19.4202380191024,-0.204633839240546,0.553095958639005,-0.369978908802887,0.711398205440298,0.998861670134564
"ENSGALG00010013285","ATP2B1",235.388877591064,-0.101535945389612,0.274493871351323,-0.369902413083958,0.711455203394636,0.998861670134564
"ENSGALG00010008031","MAP3K21",23.8764765444464,-0.197901005900807,0.535422723528204,-0.369616374510079,0.711668348742045,0.998861670134564
"ENSGALG00010008296","PALLD",21.9900456049025,0.261729303448022,0.708208198506294,0.369565480885485,0.711706275147467,0.998861670134564
"ENSGALG00010002393","GPM6B",364.403130664548,0.110374143619292,0.298733213448482,0.369473960880239,0.711774478506748,0.998861670134564
"ENSGALG00010021116","FAM21C",63.2152586561279,-0.128442122551032,0.347672901022075,-0.36943380451408,0.711804404922154,0.998861670134564
"ENSGALG00010010963","TSPAN14",14.5936998627542,-0.24710717575437,0.669015352687506,-0.369359499392225,0.711859781769478,0.998861670134564
"ENSGALG00010016355","MCF2L2",151.705632325866,-0.0987737398345638,0.267453367442612,-0.369312006721164,0.711895177089326,0.998861670134564
"ENSGALG00010004154","COPS5",12.0068848111592,-0.262312152716389,0.711301344546218,-0.36877781087808,0.712293345112033,0.998861670134564
"ENSGALG00010008996","CHRM3",11.2682600578175,0.274946251660833,0.746163193091069,0.368480051289901,0.712515317147945,0.998861670134564
"ENSGALG00010018327","SNAP25",214.122494585175,-0.098201612297293,0.266835302774902,-0.368023313542341,0.712855850597953,0.998861670134564
"ENSGALG00010025600","ENSGALG00010025600",11.5076297766475,0.258001016311606,0.701721965460554,0.367668434238445,0.713120480192553,0.998861670134564
"ENSGALG00010011117","SLC6A15",111.469815146775,0.112132887908215,0.305062052894518,0.36757402910085,0.713190882881478,0.998861670134564
"ENSGALG00010001206","RSRC1",56.7447749902963,0.135651821965374,0.369197308153418,0.367423648465509,0.713303034377139,0.998861670134564
NA,"SRSF7L.1",40.9643457732421,0.152655255851279,0.41552798970784,0.367376589862483,0.713338131210944,0.998861670134564
"ENSGALG00010001674","ENSGALG00010001674",12.1607056602261,0.271524455473115,0.739094347222493,0.367374553050636,0.713339650301757,0.998861670134564
"ENSGALG00010002430","NUMA1",10.7996315610563,-0.28122890852734,0.765583626718954,-0.367339241217315,0.713365986681189,0.998861670134564
"ENSGALG00010009562","HADHB",12.936399168485,0.246957597567263,0.672410661657558,0.367271983698903,0.713416149834073,0.998861670134564
NA,"FAM167A",18.6585068621938,0.232810804997456,0.634465602721591,0.366939994853614,0.713663777583842,0.998861670134564
"ENSGALG00010003489","SGCE",33.1468757618471,-0.162366767089986,0.442613068449771,-0.366836812249278,0.713740746786229,0.998861670134564
"ENSGALG00010027036","NUCKS1",47.1377054369586,-0.157853484875764,0.430523935929306,-0.366654375522767,0.713876842836669,0.998861670134564
"ENSGALG00010003665","RDH14",22.2221193856413,-0.189314285686494,0.516524503902759,-0.366515594625371,0.713980378153797,0.998861670134564
"ENSGALG00010014173","MND1",65.5338528291511,0.162253602278663,0.442890158500724,0.366351789861227,0.714102588911582,0.998861670134564
"ENSGALG00010020142","SLC35E2B",22.5322005475705,-0.192042433566902,0.525171837196868,-0.365675422718664,0.714607287648026,0.998861670134564
"ENSGALG00010018561","ACTR1A",20.141717709974,-0.201525118591973,0.552162128089276,-0.364974539795655,0.715130411537037,0.998861670134564
NA,"TSPOAP1",76.799446110974,-0.119125230693899,0.326458396127166,-0.364901721343679,0.71518476933673,0.998861670134564
"ENSGALG00010019659","MRPL14",16.0035237165097,-0.244314480769269,0.669581531386559,-0.36487637325263,0.715203691616703,0.998861670134564
"ENSGALG00010013325","CA2",23.2281515534371,-0.190023175399335,0.520940116156153,-0.364769710579124,0.715283316925461,0.998861670134564
"ENSGALG00010008029","LY6E",54.5840032938277,0.157411336994695,0.431569163243544,0.364741854611758,0.715304112339185,0.998861670134564
"ENSGALG00010017198","TOPBP1",13.6719798589863,-0.247076712196942,0.677626106641991,-0.364621005264013,0.715394332876184,0.998861670134564
"ENSGALG00010017384","ARID4A",80.5548264355743,0.117097063174945,0.32122451100847,0.364533400042618,0.715459737370718,0.998861670134564
"ENSGALG00010018263","SLX4IP",11.3282610929784,-0.275473977145672,0.756170450129723,-0.364301431110424,0.715632931321404,0.998861670134564
"ENSGALG00010023636","PDE3B",20.2574584903278,-0.221246698194221,0.60747703353733,-0.364205864550804,0.715704288021999,0.998861670134564
"ENSGALG00010008120","CDC5L",44.7364694394442,0.146622315481785,0.402909938984586,0.363908410527927,0.715926403965276,0.998861670134564
"ENSGALG00010004275","ADARB2",176.994657557772,-0.291533899641005,0.802449522036295,-0.363304970138444,0.716377081003978,0.998861670134564
"ENSGALG00010002609","PDIA6",19.3184525314916,-0.221561402868786,0.609889195096149,-0.363281403655391,0.716394683543286,0.998861670134564
"ENSGALG00010027887","ERC2",2431.89603596123,0.0898817476693849,0.247467340544318,0.36320650422672,0.716450629257118,0.998861670134564
"ENSGALG00010010094","SLC2A9",15.6626724839758,0.246222617341822,0.678334294258424,0.36298123126887,0.716618904818176,0.998861670134564
"ENSGALG00010013379","ZNF593",14.3034273299403,-0.240501975080259,0.662660087954983,-0.362934148972914,0.716654076334271,0.998861670134564
"ENSGALG00010003511","UBXN2B",17.4956943481201,-0.208340621557609,0.574047840795555,-0.362932506233063,0.716655303508113,0.998861670134564
"ENSGALG00010011116","TAPT1",31.6491599092835,0.162421485321913,0.447631949538212,0.362846051291628,0.716719888864432,0.998861670134564
"ENSGALG00010009439","B3GALNT2",18.6883733190173,0.202749123287315,0.558803655704379,0.362827124013259,0.716734028581261,0.998861670134564
"ENSGALG00010017879","ENSGALG00010017879",10.3985050334763,0.278879711636537,0.7688329902263,0.362731198038798,0.716805692047537,0.998861670134564
"ENSGALG00010007801","TTC13",31.137587964558,0.163588060528305,0.451563148749708,0.362270617036064,0.71714981324985,0.998861670134564
"ENSGALG00010029576","ATP2A3",22.3969083685073,0.197578153483292,0.545874381028428,0.36194802384947,0.717390871621165,0.998861670134564
"ENSGALG00010025406","ENSGALG00010025406",18.5395770942904,0.208798806413784,0.577012872847918,0.361861608707673,0.717455450280916,0.998861670134564
"ENSGALG00010005159","ARHGAP21",171.394249919153,-0.0987354223863815,0.273210141037794,-0.361390034833016,0.71780789641226,0.998861670134564
"ENSGALG00010004088","ENSGALG00010004088",29.6982701485406,0.183225005221155,0.507169278508991,0.361269921080022,0.717897676948462,0.998861670134564
"ENSGALG00010023221","AMY1A",18.8790993432143,-0.201573731970322,0.558248361409186,-0.361082532264832,0.718037750856322,0.998861670134564
"ENSGALG00010024806","ANKRD27",15.301713448329,-0.217019186729133,0.601344455746141,-0.360889976876661,0.718181696672341,0.998861670134564
"ENSGALG00010017008","RTN1",353.595074920512,-0.101246528316764,0.2805558072071,-0.360878391093243,0.718190358006141,0.998861670134564
"ENSGALG00010010743","KLHL20",11.7448623760359,-0.268791277669809,0.744867867861134,-0.360857662502795,0.718205854436677,0.998861670134564
"ENSGALG00010016565","NVL",33.801186463121,-0.160172485156552,0.44426072188998,-0.360537128907422,0.718445496026311,0.998861670134564
"ENSGALG00010000033","ND5",366.954894119091,0.11358137684981,0.315041968623541,0.360527765065912,0.718452497162501,0.998861670134564
"ENSGALG00010028517","RNF208",17.0137337171987,0.216736206406831,0.601242235396165,0.360480674256062,0.718487706272753,0.998861670134564
"ENSGALG00010006735","NR3C2",109.376812235512,0.13399640655071,0.3719479903831,0.360255761599077,0.718655878422383,0.998861670134564
"ENSGALG00010013923","FMR1NB",20.6929309193814,0.228074144394199,0.633787930589422,0.359858768818918,0.718952751921464,0.998861670134564
"ENSGALG00010018546","SNRPGP15",12.4388789398019,-0.242577622885358,0.674275292508572,-0.35976050966197,0.71902623723759,0.998861670134564
"ENSGALG00010024407","HIRA",21.6537484044905,-0.198403192753399,0.552174585525818,-0.359312431166071,0.719361375722575,0.998861670134564
"ENSGALG00010016313","ENSGALG00010016313",35.1524368056875,0.177136775334491,0.493008520851249,0.359297593941459,0.719372474087582,0.998861670134564
"ENSGALG00010029701","MRPS7",13.9770043884768,0.234027793900149,0.651661853624957,0.359124586775085,0.719501889225453,0.998861670134564
"ENSGALG00010023160","DDX21",10.9976760525294,-0.26124380387728,0.727804502502056,-0.358947770973074,0.719634161658373,0.998861670134564
"ENSGALG00010021375","TUBG1",10.1204326558334,0.31783417439651,0.885767014039264,0.358823674125238,0.719727001089837,0.998861670134564
"ENSGALG00010018644","ESF1",42.3092273749072,0.167347301778743,0.466753665278128,0.3585345209427,0.719943338633026,0.998861670134564
"ENSGALG00010021404","UQCC1",29.2132899893864,0.166080983499555,0.463279642424513,0.358489707491553,0.719976869000583,0.998861670134564
"ENSGALG00010023818","ALOX5",11.6342708846399,-0.274906962060035,0.767223716462864,-0.358313952190425,0.720108378015469,0.998861670134564
"ENSGALG00010029579","GALNT17",273.599532225629,0.100443990528512,0.28042061807626,0.358190461234904,0.720200785155039,0.998861670134564
"ENSGALG00010017625","YBX1",43.3517553801205,0.14952236858745,0.417661412650287,0.357999001245172,0.720344060975033,0.998861670134564
"ENSGALG00010007190","ENSGALG00010007190",44.033321461929,0.14466264205213,0.404288022232965,0.357820746835705,0.720477463452332,0.998861670134564
"ENSGALG00010013244","TRIM24",11.4743658692472,0.268191710193859,0.749539008751555,0.357808875939043,0.720486347725676,0.998861670134564
"ENSGALG00010010831","DESI1",16.2692075714374,-0.210418637955916,0.58827768034902,-0.357685910896835,0.720578377959662,0.998861670134564
"ENSGALG00010012970","UNC5A",12.4299139282183,0.248871714954008,0.695879351992262,0.357636297501144,0.720615511060816,0.998861670134564
"ENSGALG00010004285","SLC18B1",10.7443360777452,-0.254135522674733,0.711315895319536,-0.357275191440184,0.720885800410547,0.998861670134564
"ENSGALG00010024192","ALG6",10.682611317336,-0.267241459378515,0.748226177855333,-0.357166679391677,0.720967028934163,0.998861670134564
"ENSGALG00010011146","BMS1",34.2710114634838,-0.180211227486278,0.505489232656981,-0.356508538350147,0.721459758930498,0.998861670134564
"ENSGALG00010022815","LRRC8D",21.4964909814446,-0.182919251037885,0.513139175904589,-0.35647103091559,0.721487843079711,0.998861670134564
"ENSGALG00010003962","UMAD1",34.7274951700478,-0.158037233871454,0.44370504563288,-0.356176328006451,0.721708518541416,0.998861670134564
NA,"ACTG1.1",84.2012267747853,0.13765764045522,0.386596609937843,0.356075653320791,0.721783909712274,0.998861670134564
"ENSGALG00010023434","ATN1",18.0391720013623,0.201804441108047,0.567616065513098,0.35552982617859,0.722192704454756,0.998861670134564
"ENSGALG00010011324","ENSGALG00010011324",37.0178589935954,0.162168570731073,0.45688938255378,0.35494055437365,0.72263412593662,0.998861670134564
"ENSGALG00010018150","AAGAB",18.9648239820116,0.19529581102752,0.550332652263856,0.354868660298727,0.722687987863429,0.998861670134564
"ENSGALG00010002647","FAM168A",47.3891814506346,-0.140761046248289,0.396705847431211,-0.354824732631895,0.722720898467033,0.998861670134564
"ENSGALG00010010784","CCDC148",25.0743438106686,0.194864852950547,0.549292833126517,0.354755862808907,0.722772496764072,0.998861670134564
"ENSGALG00010027746","UQCR11",18.464706073137,-0.220903398564008,0.62274399267002,-0.354725860328066,0.722794975463772,0.998861670134564
"ENSGALG00010002753","SLC9A7",38.2421945877214,0.148680035622239,0.419160894936334,0.354708746494164,0.722807797735033,0.998861670134564
"ENSGALG00010019640","MGRN1",26.3649536115773,0.170107402104919,0.47969067100968,0.354618950055601,0.722875077581879,0.998861670134564
"ENSGALG00010027570","NDUFS2",20.0672146976914,0.196748175416929,0.554898253185507,0.354566218739121,0.722914587440119,0.998861670134564
"ENSGALG00010028536","GPR107",23.0999487805454,-0.20210714275416,0.570101939793366,-0.35451053337481,0.722956311472144,0.998861670134564
"ENSGALG00010012875","HSF2",27.9716900773386,-0.173004891062417,0.488186492312044,-0.354382789747148,0.723052030563986,0.998861670134564
"ENSGALG00010006704","ENSGALG00010006704",22.4724729697523,0.222777388799872,0.628847289251386,0.354263097905818,0.723141720334682,0.998861670134564
"ENSGALG00010017493","YPEL5",20.6897481882035,0.203000266661883,0.573183923565873,0.354162526748804,0.723217085170347,0.998861670134564
"ENSGALG00010024209","RWDD3",15.653372780391,0.218985027819071,0.618482967204348,0.354068000949035,0.723287922254259,0.998861670134564
"ENSGALG00010014474","PTPN1",32.7251396374117,0.16026725201359,0.45279503422241,0.353950993055432,0.723375610572057,0.998861670134564
"ENSGALG00010028128","DNM1",105.916175045605,-0.116643354800983,0.329566838190618,-0.353929283180844,0.723391880834373,0.998861670134564
"ENSGALG00010003729","RARS2",16.4938693287373,-0.205129624343495,0.579718360071663,-0.353843587631308,0.723456105782546,0.998861670134564
"ENSGALG00010003271","AKAP11",30.0264935498411,-0.170861651244492,0.483067915652296,-0.353701096074192,0.723562901087166,0.998861670134564
"ENSGALG00010020399","ATP13A2",19.8890826862638,0.212048716240665,0.599823299556347,0.353518638568233,0.723699658135108,0.998861670134564
"ENSGALG00010018944","NEFL",38.8692645844677,0.163145307262284,0.46154761304749,0.353474490280805,0.723732749847602,0.998861670134564
"ENSGALG00010003911","ENSGALG00010003911",118.664022465093,-0.11745881677774,0.332408115592396,-0.353357247516092,0.723820632634177,0.998861670134564
"ENSGALG00010021684","BIN1",137.443034701295,-0.102967674122476,0.29170308004423,-0.352987956475684,0.724097469460933,0.998861670134564
"ENSGALG00010023332","PPP1R7",24.0984095140908,-0.175435080923048,0.497023371496862,-0.352971491852986,0.724109812907806,0.998861670134564
"ENSGALG00010001605","APBB1",17.3474586579392,0.214932007889058,0.609571617643453,0.35259516957165,0.724391959427799,0.998861670134564
"ENSGALG00010015643","ENSGALG00010015643",12.3674700215586,-0.235344081361748,0.667760076395916,-0.35243808319893,0.724509745550373,0.998861670134564
"ENSGALG00010016890","UBR7",23.2342099127517,-0.187961896608139,0.533835980854862,-0.352096717623163,0.724765729937576,0.998861670134564
"ENSGALG00010027247","ATG7",34.0394063304142,-0.152409843126017,0.432934624531875,-0.352038932646736,0.724809064979454,0.998861670134564
"ENSGALG00010011655","SORCS2",505.952443837151,0.101775103650334,0.289224262813243,0.351889923274011,0.724920816559827,0.998861670134564
"ENSGALG00010002952","NBAS",104.837986611215,-0.115323112363081,0.32788706794931,-0.351715952337923,0.725051295814228,0.998861670134564
"ENSGALG00010020261","SSU72",27.8183419346474,-0.172167215773499,0.489745695706218,-0.351544112144228,0.725180184836933,0.998861670134564
"ENSGALG00010014301","ARID1A",28.7325492068941,0.171955638337438,0.489905144248117,0.350997821427957,0.725589982802701,0.998861670134564
"ENSGALG00010003977","MYO6",83.2329249582324,-0.117826764363209,0.335881302865144,-0.350798818981944,0.725739283286728,0.998861670134564
"ENSGALG00010006085","DLST",10.6638839456107,0.255136404476811,0.727454500204789,0.350724896752974,0.725794745685269,0.998861670134564
"ENSGALG00010012808","EYA3",17.8491922836309,-0.198407149985024,0.565708305459661,-0.350723417121851,0.72579585583816,0.998861670134564
"ENSGALG00010017558","ANP32A",49.2135164249056,-0.136335091727205,0.389358573523196,-0.350153049138093,0.726223840302185,0.998861670134564
"ENSGALG00010005436","AQR",36.3074961866167,0.15091315443262,0.431012033080052,0.350136754545299,0.726236068459187,0.998861670134564
"ENSGALG00010013476","ZDHHC17",44.4950991402118,0.156445233504784,0.446888004179622,0.350077048481039,0.726280875030964,0.998861670134564
"ENSGALG00010002559","NEK10",11.4798144389228,0.272242303016091,0.777909314049716,0.349966632484224,0.726363739471375,0.998861670134564
"ENSGALG00010015044","ZC3H12B",29.8708083821621,-0.16379241845623,0.468035847206429,-0.34995699460599,0.726370972609586,0.998861670134564
"ENSGALG00010027190","IPPK",10.3850451507921,-0.258968231804498,0.740256193326678,-0.349835954280513,0.726461814327991,0.998861670134564
"ENSGALG00010009387","DEPTOR",72.6268493184189,-0.120794958430667,0.345320034364159,-0.349805821875028,0.726484429533887,0.998861670134564
"ENSGALG00010023069","DEPTOR",72.6268493184189,-0.120794958430667,0.345320034364159,-0.349805821875028,0.726484429533887,0.998861670134564
"ENSGALG00010004043","CAB39L",28.3046913757164,-0.162441045299548,0.464673836208508,-0.349580786869732,0.726653332082155,0.998861670134564
"ENSGALG00010004933","SPTLC2",16.2911905992719,0.220264502735003,0.630090253607058,0.34957611465034,0.726656839009676,0.998861670134564
"ENSGALG00010003507","WDFY3",109.507150130375,0.104479534195224,0.298904033868929,0.349542068211228,0.726682394145752,0.998861670134564
"ENSGALG00010008877","FNDC4",46.8133070875776,0.202208312173126,0.578541437665733,0.349513965652979,0.726703488055117,0.998861670134564
"ENSGALG00010022354","FAR2",150.361117513578,0.0984421334410904,0.281752646105144,0.349392045831413,0.726795004032532,0.998861670134564
"ENSGALG00010011027","FAM234B",10.6031265741651,0.252565044900091,0.723506749332749,0.34908457334091,0.727025817657587,0.998861670134564
"ENSGALG00010021396","ADAM20",39.5303867904507,-0.166874784775246,0.478154284633347,-0.348997781967399,0.727090974740094,0.998861670134564
"ENSGALG00010014226","SLC16A7",39.0762066020551,-0.146146791112253,0.418852898598773,-0.348921522570744,0.72714822675693,0.998861670134564
"ENSGALG00010027905","SYN2",966.887058849981,0.0832293140772635,0.23858682132672,0.348842880819849,0.727207268930338,0.998861670134564
"ENSGALG00010029735","SRP68",10.5408607369417,-0.256809459806652,0.73620748639407,-0.34882755819898,0.7272187729426,0.998861670134564
"ENSGALG00010008459","EPB41L4B",22.5770691639629,-0.182398438361528,0.522978776770567,-0.348768337193054,0.72726323583452,0.998861670134564
"ENSGALG00010030065","ENSGALG00010030065",12.1846664227338,0.233875353031091,0.671107876568219,0.34849144406863,0.727471138256297,0.998861670134564
"ENSGALG00010008807","BRD1",130.329588254634,0.0989339442633067,0.284049608569632,0.348298118633225,0.727616306612599,0.998861670134564
"ENSGALG00010013737","AFF4",28.6854171255331,-0.174180507188689,0.501240746702838,-0.347498698648201,0.728216695996912,0.998861670134564
"ENSGALG00010008293","PLA2G7",11.7010018675728,-0.249319591407216,0.718004707239678,-0.347239494244695,0.72841140243012,0.998861670134564
"ENSGALG00010020131","SNRNP200",17.660572876156,-0.214823251062746,0.618768632254782,-0.347178638128332,0.728457118227287,0.998861670134564
"ENSGALG00010013037","MORC4",27.9280562089077,0.162809046962031,0.469338562382386,0.346890411338895,0.728673650542272,0.998861670134564
"ENSGALG00010013046","SLC12A5",36.5010792955717,-0.157327322129817,0.453727957089536,-0.346743725334894,0.728783857703897,0.998861670134564
"ENSGALG00010018172","ACTL6A",10.4484823868782,0.24522938475958,0.707282258828518,0.346720678623774,0.728801173516581,0.998861670134564
"ENSGALG00010020586","C11orf16",44.0690324394544,-0.175632184209478,0.506595698462665,-0.346691029439172,0.728823450205617,0.998861670134564
NA,"TTC26",54.7487366408604,0.136781511105619,0.394583254163963,0.346648038562686,0.728855751479962,0.998861670134564
"ENSGALG00010007910","ANKS6",44.6204952162177,-0.141712900611816,0.408880244189542,-0.346587790986847,0.728901019417184,0.998861670134564
"ENSGALG00010005246","ENSGALG00010005246",19.2112221338173,0.211387209932759,0.610009116210862,0.346531230952438,0.728943517524019,0.998861670134564
"ENSGALG00010012786","TEF",82.0785696611381,-0.133895719397378,0.386708235871654,-0.346244809334283,0.729158741929176,0.998861670134564
"ENSGALG00010009059","MED29",13.0801580777837,-0.236297796753577,0.682619232050667,-0.346163403635306,0.72921991611425,0.998861670134564
"ENSGALG00010029031","ENSGALG00010029031",10.9706641507432,-0.246463650021617,0.712020224780015,-0.346146979318971,0.729232258753572,0.998861670134564
"ENSGALG00010001929","POLR2I",27.8504334199734,0.171580653992556,0.49739780535281,0.344956596402454,0.730127001183662,0.998861670134564
"ENSGALG00010018727","PARK7",21.5787419411883,-0.190156408778617,0.551403620415805,-0.344858832510426,0.73020050102797,0.998861670134564
"ENSGALG00010017018","HP1BP3",16.2856950163818,-0.209219942042767,0.606731073659039,-0.344831427177473,0.730221105068388,0.998861670134564
"ENSGALG00010024626","TSHZ3",14.6455651217593,-0.235952440503251,0.684723602785064,-0.344595161527266,0.730398743788615,0.998861670134564
"ENSGALG00010014716","TMEM35A",35.5322965703317,-0.149166804473078,0.433053487008393,-0.344453535066874,0.730505234010145,0.998861670134564
"ENSGALG00010002919","ENSGALG00010002919",27.370950676,-0.166313961523251,0.482961764155856,-0.344362584922106,0.730573622989278,0.998861670134564
"ENSGALG00010024394","ENSGALG00010024394",70.7716579246381,0.121454364745364,0.352705729438982,0.344350416247989,0.730582773254838,0.998861670134564
"ENSGALG00010010849","ACBD6",37.880681113588,0.143353312064723,0.416419077238043,0.344252508832048,0.730656396381349,0.998861670134564
"ENSGALG00010021252","XPC",29.9976768417706,-0.170554328850883,0.495700001241691,-0.344067638538748,0.730795419470707,0.998861670134564
"ENSGALG00010009575","RHOBTB1",18.3226091316103,0.19791360402049,0.57522589952629,0.344062400847172,0.730799358361428,0.998861670134564
"ENSGALG00010016385","HTT",109.44770129306,0.0991830739356073,0.288875898141214,0.343341464531329,0.731341590345539,0.998861670134564
"ENSGALG00010013196","MRPS9",35.8357166812214,-0.143423798148793,0.417741093651201,-0.343331791697147,0.73134886640901,0.998861670134564
"ENSGALG00010020183","XPNPEP1",23.5320993174795,-0.188560063701094,0.549689865107856,-0.343029907717321,0.731575960599388,0.998861670134564
"ENSGALG00010020375","LRPPRC",87.0011208652495,0.110014830097854,0.320757139945413,0.342984820592229,0.731609879701927,0.998861670134564
"ENSGALG00010005401","BCLAF1",24.1003575466169,-0.177986623725743,0.519106560556348,-0.342871073590339,0.731695454049376,0.998861670134564
"ENSGALG00010011991","CSNK1A1",73.4377939457669,-0.118211841410054,0.344837808734462,-0.34280417754621,0.731745782959337,0.998861670134564
"ENSGALG00010006028","ARL5B",22.4933234305221,0.196982273834588,0.574755107434619,0.342723833658138,0.731806230814082,0.998861670134564
"ENSGALG00010024641","TRA2B",55.537841019533,0.128644658583066,0.375438476362148,0.342651770350185,0.731860450073879,0.998861670134564
"ENSGALG00010016127","ENSGALG00010016127",47.87032020004,0.132666936768104,0.387258452467432,0.34257983505024,0.731914574357803,0.998861670134564
"ENSGALG00010021714","TSPAN18",29.1544980232513,0.169395631844628,0.494709335861,0.342414463535056,0.732039005320762,0.998861670134564
"ENSGALG00010017453","PPP1R2",25.7949932266315,-0.164151202511633,0.479910300564548,-0.34204559126681,0.732316582321303,0.998861670134564
"ENSGALG00010020351","CROCC",10.203194264924,0.256437516991392,0.750002267843451,0.341915655440282,0.73241436759205,0.998861670134564
"ENSGALG00010023993","C19orf12",20.0359394243411,-0.203847770227897,0.596308881990773,-0.341849293854809,0.732464310733681,0.998861670134564
"ENSGALG00010001958","RAB11FIP2",17.0824610358653,0.196293687268091,0.574244942282537,0.341829196593101,0.732479435978421,0.998861670134564
"ENSGALG00010007963","LDAH",80.0750140889104,-0.116722777823704,0.341723862383428,-0.34157046279881,0.732674168896711,0.998861670134564
"ENSGALG00010017502","NAT8B",10.5908501060218,-0.261001958558416,0.764525830130806,-0.341390634916495,0.732809524355697,0.998861670134564
"ENSGALG00010027119","NUB1",15.7530763861342,-0.219556461878893,0.644871548587992,-0.340465418825862,0.733506060703208,0.998861670134564
"ENSGALG00010027360","SMIM7",17.8428517512219,-0.208113968484815,0.611864649553687,-0.340130727664393,0.733758082468616,0.998861670134564
"ENSGALG00010025957","ENSGALG00010025957",16.5750423401148,0.205822961928508,0.605470800148729,0.339938708651102,0.73390268534997,0.998861670134564
"ENSGALG00010018780","WDHD1",16.5169855452593,-0.216882296425027,0.638816892515096,-0.339506201176266,0.734228426346478,0.998861670134564
"ENSGALG00010013129","RASSF3",45.6080790918562,0.135670133763864,0.399695552374528,0.339433683857299,0.734283047112573,0.998861670134564
"ENSGALG00010012848","SERINC1",105.163343419165,-0.134831349124827,0.397271346727854,-0.339393591396339,0.734313245730196,0.998861670134564
"ENSGALG00010017449","TRMT6",20.5825367856974,-0.197048877982495,0.581062382988436,-0.33911828359816,0.734520625362663,0.998861670134564
"ENSGALG00010003852","TCEB1",10.3525419375753,0.276131608163286,0.814310432347791,0.339098698965643,0.734535378511882,0.998861670134564
"ENSGALG00010004191","CABLES1",26.1279775024596,0.181017983167227,0.534270861250418,0.338813130747144,0.734750508842362,0.998861670134564
"ENSGALG00010002335","TMEM47",27.2124553224822,0.170288163787484,0.503214399004967,0.338400817075592,0.735061158476285,0.998861670134564
"ENSGALG00010007041","NAE1",27.3153223708975,-0.16863062859986,0.498345182819745,-0.338381175163992,0.735075958370667,0.998861670134564
"ENSGALG00010002673","SLC66A3",10.875154746653,0.260020356184186,0.768723020878257,0.338249732507186,0.735175001030049,0.998861670134564
"ENSGALG00010011692","ARL1",35.513820020238,0.147727765103171,0.436841100105073,0.338172770528318,0.735232994286794,0.998861670134564
"ENSGALG00010023703","PITPNB",32.5932479186851,-0.15345379010348,0.453937731915841,-0.338050308036367,0.735325276713969,0.998861670134564
"ENSGALG00010006049","AIMP1",36.9355098381921,0.155164178220513,0.459009673778261,0.338041194084877,0.735332144745628,0.998861670134564
"ENSGALG00010016852","AHDC1",40.0462025121554,0.158780243026709,0.469815628527222,0.337962880299349,0.735391160805403,0.998861670134564
"ENSGALG00010017496","PARP1",58.6884407535701,0.126230480051661,0.373768832480241,0.337723397678788,0.735571640901483,0.998861670134564
"ENSGALG00010015042","EFNB2",33.5472659651302,-0.15085382955831,0.44680487883707,-0.337627981930162,0.735643552664661,0.998861670134564
"ENSGALG00010006382","PNN",241.112386407768,0.103405943137644,0.306372776822611,0.337516747441028,0.735727389425434,0.998861670134564
"ENSGALG00010021938","CABP2",14.4385547988203,0.248021486421056,0.735007194610082,0.337440896143378,0.735784559894118,0.998861670134564
"ENSGALG00010022623","TOP1",84.0913333826297,0.107680160106376,0.319126725673939,0.337421317124018,0.735799317185972,0.998861670134564
"ENSGALG00010007719","LTBP1",16.8500239514027,0.202778974220842,0.601428180753321,0.337162408929442,0.735994473194457,0.998861670134564
"ENSGALG00010008850","CYSTM1",54.1828030254035,0.128095540479939,0.380191416177165,0.336923810032175,0.736174335844518,0.998861670134564
"ENSGALG00010016925","PHACTR4",24.6375782642042,0.185223306746508,0.549796279722952,0.336894434498255,0.736196480959228,0.998861670134564
"ENSGALG00010025348","HIPK1",12.2887169030448,-0.223500745452928,0.663573109247802,-0.336814048577524,0.736257082014258,0.998861670134564
"ENSGALG00010004380","ISCA2",14.3920257869385,0.230209816171964,0.683853785721456,0.336636019246564,0.736391299980117,0.998861670134564
"ENSGALG00010019325","SLITRK4",32.0221999902019,0.165533366642467,0.49219702165143,0.336315254584567,0.736633147738473,0.998861670134564
"ENSGALG00010022498","NAA50",23.0756609754523,-0.172776603532803,0.514389263275935,-0.335886877639046,0.736956172893351,0.998861670134564
"ENSGALG00010009474","ACVR2A",72.2917832192174,0.111249037020791,0.331248948120455,0.335847215974665,0.73698608281937,0.998861670134564
"ENSGALG00010017826","PABPC4",11.9941812128569,-0.240481311548869,0.716489099709207,-0.335638478863768,0.737143503644387,0.998861670134564
"ENSGALG00010009791","GABRG2",165.05565120027,0.0907250933521527,0.270429323055066,0.335485413812461,0.737258945933017,0.998861670134564
"ENSGALG00010018559","DLG3",45.3364597649539,-0.137863587699909,0.411632158026748,-0.334919381325281,0.737685901430411,0.998861670134564
"ENSGALG00010017143","FAM149A",11.6410596310993,0.237657424072452,0.710409664341295,0.334535741842437,0.737975324821332,0.998861670134564
"ENSGALG00010025976","NAA25",32.5027918979415,-0.153223706090166,0.458553003445979,-0.334146118199435,0.738269300773381,0.998861670134564
"ENSGALG00010014713","ST8SIA1",16.1196990767684,-0.234457440158977,0.701906140153694,-0.334029618415418,0.738357208764677,0.998861670134564
"ENSGALG00010025513","RSRC2",76.0785049039008,-0.123452120977488,0.369623737950437,-0.33399402771594,0.738384065349923,0.998861670134564
"ENSGALG00010024136","SAP130",12.8743896415842,0.220259399312246,0.659704874555383,0.333875658355099,0.738473388645217,0.998861670134564
"ENSGALG00010017684","TRMT61B",13.793168657156,0.236031563371548,0.707917879587226,0.333416587117667,0.738819844071798,0.998861670134564
"ENSGALG00010015645","TMEM57",18.4955441595345,-0.188631248913214,0.565875576187275,-0.333344036836089,0.738874601733104,0.998861670134564
"ENSGALG00010019371","TMEM87A",34.0830599328124,0.148907600150308,0.446761594380832,0.333304388790804,0.738904526838681,0.998861670134564
"ENSGALG00010017312","PTP4A2",11.6685649232538,-0.245157636055911,0.737284383817811,-0.332514347837444,0.73950090745683,0.998861670134564
"ENSGALG00010024250","AP2A2",113.778160384613,-0.104654577235668,0.314776050242525,-0.332473125433256,0.739532029442506,0.998861670134564
"ENSGALG00010024391","TBC1D2B",15.702584564275,-0.216414112840647,0.651006563622359,-0.332430001375818,0.739564587590018,0.998861670134564
"ENSGALG00010007994","FAM65B",24.5386877159504,-0.167853184582983,0.505051219501555,-0.332348835329297,0.739625868250153,0.998861670134564
"ENSGALG00010023304","ENSGALG00010023304",10.5444050666958,0.247266861863002,0.744779304550692,0.332000178243637,0.739889124414737,0.998861670134564
"ENSGALG00010024334","USP28",28.0229121538847,-0.16401099596483,0.494108939027483,-0.331932865427694,0.739939952975175,0.998861670134564
"ENSGALG00010018526","ENSGALG00010018526",17.2275515376767,0.186828345433972,0.563112305388015,0.331778126044034,0.740056802491009,0.998861670134564
"ENSGALG00010020632","BLOC1S2",18.4111047937057,0.193268947427424,0.582631636045256,0.331717221432191,0.740102795494536,0.998861670134564
"ENSGALG00010014990","AGO1",18.545685942101,-0.196011799247834,0.59101498899653,-0.331652839432445,0.740151415508421,0.998861670134564
"ENSGALG00010021195","GCLM",15.6836216039265,0.206912781508117,0.624017820731989,0.331581526414427,0.740205270902157,0.998861670134564
"ENSGALG00010003125","APOO",40.0270502005594,-0.136136163022419,0.410879144545233,-0.331328968213017,0.740396012396256,0.998861670134564
"ENSGALG00010008066","PCNX2",101.783304560203,0.0986162782691966,0.297881130909373,0.33105916433223,0.740599796112616,0.998861670134564
"ENSGALG00010012407","ATF4",62.1841632460778,-0.11826878636379,0.357900513343865,-0.330451569512445,0.741058781017367,0.998861670134564
"ENSGALG00010004265","PIP4K2A",52.9241284592403,0.133185231091108,0.403335989967698,0.330209141767326,0.741241939770632,0.998861670134564
"ENSGALG00010028392","ASH1L",32.7150103678111,-0.15421863996086,0.467109431433757,-0.330155268943078,0.741282643701336,0.998861670134564
"ENSGALG00010001104","MBNL1",16.8784815584189,0.200190143025281,0.606487890147358,0.330081022683965,0.741338742087565,0.998861670134564
"ENSGALG00010004975","SNW1",15.0239017874696,-0.207749477843475,0.630389006195221,-0.329557583970839,0.741734276661952,0.998861670134564
"ENSGALG00010010768","TIMM23B",18.9495484120605,0.189102317254401,0.5743366388608,0.32925344555675,0.741964129105817,0.998861670134564
"ENSGALG00010014876","PCNT",28.0148705556843,-0.160266527626693,0.487011253645539,-0.329081774655129,0.742093879462341,0.998861670134564
"ENSGALG00010024623","NRDC",51.4202646763493,0.122314398164608,0.371894055582877,0.328895814085822,0.742234438344479,0.998861670134564
"ENSGALG00010006381","SPART",13.3959097493152,-0.224041776169262,0.681789071533636,-0.328608635021527,0.742451520433043,0.998861670134564
"ENSGALG00010017841","GALC",14.9527932098067,0.210267695880661,0.640023566998507,0.328531177167031,0.742510075260161,0.998861670134564
"ENSGALG00010028031","NISCH",33.6518746845854,0.148197155668502,0.452112215313828,0.327788435368049,0.743071631916291,0.998861670134564
"ENSGALG00010021411","MCU",127.361174910214,0.0918572937076252,0.280623230119274,0.327333177900429,0.743415901051211,0.998861670134564
"ENSGALG00010023180","EEF1A2",159.855740941943,0.109446590795336,0.334409968859671,0.327282679904985,0.74345409117904,0.998861670134564
"ENSGALG00010000783","DAP",12.0001216275901,0.226665549578286,0.693180985492099,0.326993316784898,0.743672940044508,0.998861670134564
"ENSGALG00010025836","ENSGALG00010025836",16.1949994500155,0.199776313922219,0.611598421748601,0.326646222125696,0.743935479295346,0.998861670134564
"ENSGALG00010021092","VPS13D",67.9413378630806,-0.111965648795509,0.342990915009668,-0.326439109305133,0.744092151736088,0.998861670134564
"ENSGALG00010023064","ATG13",24.2082545961166,-0.164196407708022,0.503146141663201,-0.326339395479123,0.744167584975466,0.998861670134564
"ENSGALG00010024903","CASP8",10.9968209700469,-0.236923925835979,0.726245666659768,-0.326231104311667,0.744249509730887,0.998861670134564
"ENSGALG00010001245","SERPINI1",21.6145913337194,0.193907292316043,0.595126698534103,0.325825228129858,0.744556590130352,0.998861670134564
"ENSGALG00010029152","HEXD",21.8219365374548,0.178520838671859,0.547955708303402,0.325794285864091,0.744580002294482,0.998861670134564
"ENSGALG00010022169","TOX2",30.4868550390668,0.163810377188386,0.503238940238493,0.325512125732467,0.74479350689736,0.998861670134564
"ENSGALG00010013119","RNF114",27.110813750707,-0.156929675794496,0.482310555201327,-0.325370602202537,0.744900602144472,0.998861670134564
"ENSGALG00010025722","ENSGALG00010025722",16.206780634949,-0.214062302429054,0.658689672466523,-0.324982023215088,0.745194677277027,0.998861670134564
"ENSGALG00010020305","XPO7",27.5972967478584,-0.16089721663077,0.495246904470854,-0.32488283152962,0.745269751127402,0.998861670134564
"ENSGALG00010029410","VTN",12.9927919194113,0.217588861766309,0.671186698827592,0.32418530067176,0.74579775002856,0.998861670134564
"ENSGALG00010001198","IFRD1",15.5230481836879,-0.216115338135307,0.666968011586249,-0.324026541574791,0.745917940081236,0.998861670134564
"ENSGALG00010023677","MN1",52.4690219520552,0.130532324937984,0.402991316119233,0.323908530325164,0.746007285603019,0.998861670134564
"ENSGALG00010011621","WASHC4",22.5741381430913,-0.166153218489251,0.512966020175786,-0.323906870931358,0.746008541943238,0.998861670134564
"ENSGALG00010006760","TASOR2",11.9275144660488,0.243157974590747,0.750776521421459,0.323875304638418,0.746032441162729,0.998861670134564
"ENSGALG00010014179","CTBPL",24.7618638743748,-0.161484663828792,0.499212892645155,-0.323478552352968,0.746332847911108,0.998861670134564
"ENSGALG00010005415","PRKDC",33.928406615279,-0.143226807392614,0.442997454003805,-0.323312935770018,0.746458258318488,0.998861670134564
"ENSGALG00010021215","SH3PXD2A",113.615295921099,0.106500116275686,0.32946602583698,0.323250678139366,0.746505403612369,0.998861670134564
"ENSGALG00010028322","STRBP",123.568434239982,0.111499531566601,0.345211074707727,0.322989439608803,0.74670323978134,0.998861670134564
"ENSGALG00010026148","RPS10",30.3122362425694,-0.155732282146582,0.48229427548216,-0.322898881581982,0.746771823351719,0.998861670134564
"ENSGALG00010016419","ENSGALG00010016419",13.2077112173722,0.222531016940662,0.689217687229076,0.322874791323658,0.746790068299954,0.998861670134564
"ENSGALG00010018308","ACAP3",177.169199321641,0.0917896882079971,0.284306938426452,0.322854196651069,0.746805665951122,0.998861670134564
"ENSGALG00010024857","SLC37A4",38.6274942405844,-0.150951160206468,0.467809738043933,-0.322676395830589,0.74694033009636,0.998861670134564
"ENSGALG00010021919","PARVA",22.0834565628547,-0.176306875093875,0.547413293470294,-0.322072695707091,0.74739762274284,0.998861670134564
"ENSGALG00010009410","JMJD1C",100.199476609197,0.101370338420745,0.314747716721297,0.322068542630626,0.747400768936254,0.998861670134564
"ENSGALG00010005441","UBE2V2",31.2244800600213,-0.153585859267769,0.476949590260797,-0.322016964484209,0.747439842688496,0.998861670134564
"ENSGALG00010024091","ETFA",24.5609899800111,-0.161276152443204,0.501459216033689,-0.321613697159309,0.747745365903819,0.998861670134564
"ENSGALG00010022221","CUTC",13.6266008041683,0.256029412282954,0.79694161076102,0.321264956962738,0.748009610254246,0.998861670134564
"ENSGALG00010018131","ENSGALG00010018131",18.5436597049871,-0.200606813353203,0.624585524625098,-0.321183897871497,0.748071033876653,0.998861670134564
"ENSGALG00010013408","RLIM",10.4394196971417,-0.245227072703967,0.764180712516116,-0.32090193940716,0.748284704169024,0.998861670134564
"ENSGALG00010008429","IGFBP3",12.3854950083813,-0.247214631331393,0.770663782626995,-0.320781431415788,0.748376031949891,0.998861670134564
"ENSGALG00010013095","ADSL",10.2144175341035,-0.242406813257573,0.7561395236345,-0.320584767335541,0.74852508270968,0.998861670134564
"ENSGALG00010020090","MORF4L2",43.4123226664515,0.128624410777692,0.402017542798796,0.319947258724644,0.749008311997425,0.998861670134564
"ENSGALG00010011593","WRNIP1",10.179611362549,-0.277719805195455,0.868307703669092,-0.319840310090457,0.749089388346763,0.998861670134564
"ENSGALG00010003824","SP4",13.6137912836775,-0.210294318859784,0.657623794219703,-0.319779060168141,0.74913582235426,0.998861670134564
"ENSGALG00010022438","RPN2",24.5190879800741,0.162739854833426,0.508942140611931,0.319761013772124,0.749149503630596,0.998861670134564
"ENSGALG00010009065","EIF2B4",12.9390191224193,-0.21368162081114,0.668559351751327,-0.319615035301487,0.749260175266223,0.998861670134564
"ENSGALG00010002381","TDRD3",71.6361910039422,-0.11169693135214,0.349861688912151,-0.319260253100151,0.749529170193634,0.998861670134564
"ENSGALG00010004869","ENSGALG00010004869",14.2427073927491,0.214038518400454,0.671228620790645,0.318875732903547,0.749820746797785,0.998861670134564
"ENSGALG00010013976","CDC40",29.757131843614,-0.1524072004446,0.478363275659668,-0.318601381417562,0.750028805776391,0.998861670134564
"ENSGALG00010016017","RAPGEF6",44.9575536749843,0.129132040623206,0.405334345093666,0.318581541846315,0.750043852148086,0.998861670134564
"ENSGALG00010028447","OLFM1",97.8456153348229,0.111555282625456,0.350183577992474,0.318562290284936,0.750058452662801,0.998861670134564
"ENSGALG00010002935","SYTL5",28.4653733977675,0.146384007371235,0.459551405528168,0.318536741723147,0.750077829003598,0.998861670134564
"ENSGALG00010024469","GTF2H1",37.8433051940676,0.1390045919878,0.43645582946834,0.318484901798941,0.750117145518826,0.998861670134564
"ENSGALG00010024886","ABTB2",38.3833827639377,-0.13646623389198,0.428616922376254,-0.318387414886494,0.750191083451324,0.998861670134564
"ENSGALG00010028118","ENSGALG00010028118",14.4345928787114,-0.197078715432781,0.619393682211343,-0.318180054289827,0.750348361565878,0.998861670134564
"ENSGALG00010024869","NDUFB3",17.2898165028895,-0.194514949485195,0.6117639379853,-0.317957528071668,0.750517153989369,0.998861670134564
"ENSGALG00010021210","SEC24C",22.2819394366215,-0.16865255466757,0.530698980627967,-0.317793251586816,0.750641770007707,0.998861670134564
"ENSGALG00010007201","ENSGALG00010007201",52.6504827869944,-0.122024550218266,0.384103230294571,-0.317686862786039,0.750722477352967,0.998861670134564
"ENSGALG00010006914","ENSGALG00010006914",13.4983081314723,0.210103608845426,0.661394239220231,0.31766773338264,0.750736989351769,0.998861670134564
"ENSGALG00010004669","ELMOD1",40.7347048487451,-0.133755136973859,0.421102697504076,-0.317630681937306,0.750765097668429,0.998861670134564
"ENSGALG00010002084","HACL1",15.4899476102229,-0.202103587891948,0.636583027486056,-0.31748189814309,0.750877972763553,0.998861670134564
"ENSGALG00010021018","F3",23.5738776983223,-0.187932304796486,0.592283980924022,-0.317301009058684,0.751015211776915,0.998861670134564
"ENSGALG00010019043","METTL9",12.464039825548,-0.215724233647686,0.680033407041147,-0.317225935393838,0.751072171842651,0.998861670134564
"ENSGALG00010017148","MOK",15.1618323743561,-0.192785483766457,0.607809725777694,-0.317180649782771,0.75110653170285,0.998861670134564
"ENSGALG00010001540","TRABD",10.8458328359505,0.228310253450953,0.720206917951313,0.317006471001973,0.75123869215497,0.998861670134564
"ENSGALG00010020691","BOLA3",17.7676440556613,0.220829066334963,0.697022753671073,0.316817586186251,0.751382019253112,0.998861670134564
"ENSGALG00010018149","ENSGALG00010018149",12.628681729904,0.246103532836465,0.777643550823027,0.316473444132597,0.751643178658781,0.998861670134564
"ENSGALG00010019361","ENSGALG00010019361",15.8100688009342,-0.281170565484054,0.88886263968812,-0.316326227394044,0.751754905852692,0.998861670134564
"ENSGALG00010017534","ATP11C",27.7209241905881,0.153445282180252,0.485087633828455,0.316324868909182,0.751755936871789,0.998861670134564
"ENSGALG00010007130","IRF2",41.1850670725755,0.135031020670904,0.42705729690382,0.316189470710097,0.751858699259485,0.998861670134564
"ENSGALG00010015877","REV1",64.1177608164651,0.114445362747188,0.362202311365876,0.315970823917746,0.752024653638157,0.998861670134564
"ENSGALG00010002361","TIAL1",81.3193348997438,-0.10218052791777,0.323480836056635,-0.315878149578792,0.752094997541811,0.998861670134564
"ENSGALG00010017755","C1D",12.3339604396433,-0.220604767551499,0.698425827048676,-0.315859979697063,0.752108789523519,0.998861670134564
"ENSGALG00010020989","MAPK4",31.269071723075,0.148215995561114,0.469600581885195,0.315621405250619,0.752289888544482,0.998861670134564
"ENSGALG00010002225","PRDX3",15.2793632114786,-0.198309387919883,0.62845108334342,-0.315552623228618,0.752342102691198,0.998861670134564
"ENSGALG00010002978","DYNLT3",22.2714430651922,-0.161087925293471,0.510721623826601,-0.315412384708746,0.752448564756545,0.998861670134564
"ENSGALG00010019830","JAG2",12.3384736361757,0.221987086254478,0.703938499666393,0.315350114192762,0.752495838925529,0.998861670134564
"ENSGALG00010029368","DDX52",13.7553334495955,-0.199133981745164,0.632298224122946,-0.314936803786506,0.752809637042869,0.998861670134564
"ENSGALG00010023984","FMNL1",10.25987920727,-0.236333064255476,0.751628624771099,-0.314427972095193,0.753196013986732,0.998861670134564
"ENSGALG00010021800","TMEM82",17.863862125171,0.203938212952571,0.648700523897086,0.314379602666893,0.753232746112878,0.998861670134564
"ENSGALG00010025481","TMEM39A",15.5410439365584,0.20354060761582,0.647462112014047,0.314366823693622,0.753242450659463,0.998861670134564
"ENSGALG00010010998","SOAT1",14.0206496015362,-0.201708467904977,0.642140367250341,-0.314118965559972,0.753430685603964,0.998861670134564
"ENSGALG00010017248","TECPR2",35.1699998778312,-0.136162858296491,0.433807270348122,-0.31387869130737,0.753613174988274,0.998861670134564
"ENSGALG00010014967","HNRNPH1",121.636073663418,-0.0946158896880361,0.301927017525174,-0.313373378982712,0.753997006887986,0.998861670134564
"ENSGALG00010008997","CHST6",15.7937069284386,-0.209385329594147,0.668579996310635,-0.313179171901013,0.754144541477691,0.998861670134564
"ENSGALG00010023930","SRPRA",11.9064856116912,-0.231741475308884,0.74017495870131,-0.313090131710874,0.75421218623365,0.998861670134564
"ENSGALG00010006246","SUPT20H",34.6276216493242,-0.148922751346097,0.475949513377148,-0.312896110113445,0.754359592984597,0.998861670134564
"ENSGALG00010010410","CACNA2D1",877.876632617354,0.0920451415426473,0.294633160587504,0.312405913031335,0.754732057148696,0.998861670134564
"ENSGALG00010022158","CWC25",13.237801358314,0.209606700041307,0.671100278809799,0.312332905617393,0.754787534914263,0.998861670134564
"ENSGALG00010008375","ENSGALG00010008375",18.758288096354,0.174132871799421,0.557766943281192,0.312196471836507,0.754891213273161,0.998861670134564
"ENSGALG00010001849","NDUFV2",22.1110163531966,0.175150833229362,0.561464767609348,0.311953382177717,0.755075952197134,0.998861670134564
"ENSGALG00010028500","VPS45",20.0367395823844,-0.166635703829405,0.534305621760947,-0.311873386771062,0.755136748737387,0.998861670134564
"ENSGALG00010019172","NEMF",30.6393309540164,0.141406601627574,0.453526121699779,0.31179373108123,0.755197288599872,0.998861670134564
"ENSGALG00010017437","DRG2",12.0135344923116,0.230504582851787,0.739322086767958,0.311778299305878,0.755209017221012,0.998861670134564
"ENSGALG00010029171","ENSGALG00010029171",12.6374633673244,-0.213741214933151,0.685643472611951,-0.3117381313628,0.755239546350608,0.998861670134564
"ENSGALG00010019139","DPCD",12.8071952114806,-0.206275966664705,0.661845195966344,-0.311667997171947,0.755292851858646,0.998861670134564
"ENSGALG00010024828","TIMM17B",22.0513853111995,-0.187517319724098,0.601793037098228,-0.311597689179461,0.755346290634186,0.998861670134564
"ENSGALG00010001135","GYG1",18.7509184022786,-0.179639139995508,0.576882488472387,-0.311396417095622,0.7554992773484,0.998861670134564
"ENSGALG00010013280","FRS2",15.7135086445139,-0.187836647918764,0.603453997417178,-0.311269208129729,0.755595973704734,0.998861670134564
"ENSGALG00010016240","EIF4A2",148.036478665853,-0.0954985336090888,0.306828547069948,-0.31124396514291,0.755615162311079,0.998861670134564
"ENSGALG00010025822","KLF7",22.0682177373228,0.164258559352159,0.527975661025074,0.311110097448901,0.755716925153146,0.998861670134564
"ENSGALG00010015596","UCHL1",94.2929644868573,-0.114761316546387,0.368957132327103,-0.311042412495346,0.755768379159722,0.998861670134564
"ENSGALG00010029286","MAFG",11.2111748436488,-0.221904538815512,0.71418854394339,-0.310708622670236,0.756022141555168,0.998861670134564
"ENSGALG00010001628","MAPK11",10.9885639361156,0.224713596333631,0.72349687950028,0.310593732607169,0.756109492361499,0.998861670134564
"ENSGALG00010020957","RPF1",13.3145939731755,-0.215729439876267,0.694904513326731,-0.310444724043453,0.756222788074512,0.998861670134564
"ENSGALG00010008075","SDHA",26.5731477516197,-0.161343439293395,0.520194381457799,-0.310159903767597,0.756439360116949,0.998861670134564
"ENSGALG00010013686","UQCRQ",18.6756915801216,-0.183501223678284,0.59163859925426,-0.310157626479376,0.756441091801694,0.998861670134564
"ENSGALG00010028007","STK11",14.6392560091807,0.199040628832451,0.643174085308732,0.309466182451846,0.756966932927828,0.998861670134564
"ENSGALG00010021027","PLA2G4A",13.2847412732057,-0.200451424882318,0.647780411715593,-0.309443480008046,0.756984199978088,0.998861670134564
"ENSGALG00010012288","MCTS1",12.0598523226382,-0.211124787062845,0.682491838871374,-0.309344046387395,0.75705982874224,0.998861670134564
"ENSGALG00010028042","DPP7",17.4092752860689,-0.186383369321603,0.602664586684273,-0.309265507613519,0.757119566624456,0.998861670134564
"ENSGALG00010016262","SPG11",20.1023987876607,-0.164564983805258,0.532226531382657,-0.309201015172504,0.757168621720014,0.998861670134564
"ENSGALG00010001174","ENSGALG00010001174",26.4272052708773,-0.159118588246842,0.514786990836451,-0.309095977713613,0.757248518798574,0.998861670134564
"ENSGALG00010008837","ENSGALG00010008837",36.0171808663826,-0.136096814007621,0.440354688386453,-0.309061803125809,0.757274514367258,0.998861670134564
"ENSGALG00010018438","PPP2R2A",29.7854372366853,0.147110803782895,0.476625710868679,0.308650583525544,0.757587338121332,0.998861670134564
"ENSGALG00010017824","YAE1",12.4287192607538,0.224086014956351,0.726209053787006,0.308569569310374,0.757648972092139,0.998861670134564
"ENSGALG00010001823","RALBP1",84.3225961824541,-0.109342273270793,0.354493803505452,-0.30844621877604,0.757742817634204,0.998861670134564
"ENSGALG00010001254","NETO1",79.3235396765312,0.115846475623917,0.375876455610149,0.308203596939497,0.75792741564083,0.998861670134564
"ENSGALG00010001203","TMX3",56.3518063237369,0.11907233475684,0.386728831207376,0.307896192753701,0.758161322903335,0.998861670134564
"ENSGALG00010024081","CARS",43.8228538465503,-0.127596018072876,0.415052735771492,-0.307421219223392,0.75852277906847,0.998861670134564
"ENSGALG00010005515","PCCA",157.23392208374,-0.0857847595913209,0.279312922383826,-0.307127786495453,0.758746108564297,0.998861670134564
"ENSGALG00010008144","NTPCR",19.2403660235334,0.176122925482769,0.574153919847719,0.30675210844068,0.759032063752992,0.998861670134564
"ENSGALG00010009274","ENSGALG00010009274",49.4928113953004,0.138892651023284,0.453775696357176,0.306082172620278,0.759542081139208,0.998861670134564
"ENSGALG00010019458","ELP4",57.2330342856419,0.114710419490175,0.374875006205776,0.305996445725189,0.75960735196878,0.998861670134564
"ENSGALG00010022088","DKK3",33.502922013566,0.135757577386732,0.443953034108164,0.30579265588183,0.759762520556866,0.998861670134564
"ENSGALG00010003611","ENSGALG00010003611",44.8588716946241,0.140091294174876,0.458148603414729,0.305776975266826,0.759774460408799,0.998861670134564
"ENSGALG00010020072","ENSGALG00010020072",12.8645029599896,0.22487171148733,0.735890144400894,0.305577827340525,0.759926104641919,0.998861670134564
NA,"ZNF292",26.4927176833335,0.164875857583927,0.539783573415332,0.305448082720859,0.760024905631245,0.998861670134564
"ENSGALG00010019671","ENSGALG00010019671",133.002111918124,0.0856187439833773,0.280849306883897,0.304856525847764,0.760475427896452,0.998861670134564
"ENSGALG00010011797","SCAF4",47.4046520430636,0.129741115987924,0.425712790964347,0.304762080777577,0.760547363598215,0.998861670134564
"ENSGALG00010025334","RHOF",22.3014234351647,0.195108029372188,0.640471754983665,0.304631746605538,0.760646638247921,0.998861670134564
"ENSGALG00010024552","CD81",55.6603294246762,-0.1240215698513,0.407302216817036,-0.304495199708211,0.760750649316055,0.998861670134564
"ENSGALG00010021665","CNOT1",49.3902745135257,-0.115759419429863,0.380780225691172,-0.304005858549359,0.761123427797107,0.998861670134564
"ENSGALG00010005177","AASDHPPT",10.0785685709514,0.230493161060104,0.758672463333278,0.303811159887651,0.761271764022995,0.998861670134564
"ENSGALG00010015050","HIVEP3",36.6932524726712,-0.13254045036537,0.437119996194535,-0.303212965591226,0.761727568737123,0.998861670134564
"ENSGALG00010024732","AHCY",13.2608880844106,0.203158702930757,0.670027336446607,0.30320957352006,0.761730153621578,0.998861670134564
"ENSGALG00010024859","TARSL2",20.3594003045502,0.163023945519864,0.537690122233638,0.303193119566044,0.761742692184549,0.998861670134564
"ENSGALG00010012586","CDC73",65.8796732268058,-0.113198658828346,0.373536067431653,-0.303046127798779,0.761854708493196,0.998861670134564
"ENSGALG00010010430","ASTN1",24.1859116225263,0.161590120857445,0.533680137320699,0.302784588665218,0.762054028919117,0.998861670134564
"ENSGALG00010002295","YAF2",44.1160156519319,-0.118929688141943,0.393001650925113,-0.302618800358692,0.76218038528317,0.998861670134564
"ENSGALG00010008383","PLD5",13.4587907481056,0.231984013247074,0.767123592718711,0.302407611301479,0.762341353231081,0.998861670134564
"ENSGALG00010009850","RIF1",12.1366375970667,-0.208517443341713,0.6895248722149,-0.302407428280158,0.762341492734087,0.998861670134564
"ENSGALG00010008948","ENSGALG00010008948",16.4902254569358,-0.209641491861364,0.695322707067854,-0.301502438695571,0.763031390664908,0.998861670134564
"ENSGALG00010021048","API5",19.6419091280996,-0.163126066249795,0.541126854859278,-0.301456238560211,0.763066615327511,0.998861670134564
"ENSGALG00010027288","DAG1",12.8810300577296,0.201396226803771,0.668237418124216,0.301384240602843,0.76312151016534,0.998861670134564
"ENSGALG00010015613","PWP1",13.0052776318277,-0.194797158039207,0.646392333302651,-0.301360563860525,0.763139562756237,0.998861670134564
"ENSGALG00010024950","NCAM1",205.320705204979,-0.0851684336874372,0.282683187728661,-0.301285811766025,0.763196559152782,0.998861670134564
"ENSGALG00010012081","CHIC1",16.3223149275143,0.182687413353569,0.606407295028345,0.301261899141615,0.763214792135966,0.998861670134564
"ENSGALG00010012891","CAPS2",13.3859030108532,0.231008355200573,0.767312372907591,0.301061684076863,0.763367457985959,0.998861670134564
"ENSGALG00010001705","HTRA1",21.1182842102616,0.157693906442633,0.524641842612977,0.30057439882652,0.763739055966561,0.998861670134564
"ENSGALG00010012896","STK38L",19.0367754613346,0.163965623114777,0.54552701362209,0.300563709991387,0.763747207756441,0.998861670134564
"ENSGALG00010016558","NR2F2",28.66449942792,0.143402013969779,0.477738266619623,0.300168573441817,0.76404857516058,0.998861670134564
"ENSGALG00010009038","RAD21",29.3215881188165,-0.141368567069624,0.471648527772807,-0.299732870443139,0.764380923700706,0.998861670134564
"ENSGALG00010002194","SHROOM2",39.5216160288568,-0.126242833092548,0.421204587614059,-0.299718561489699,0.764391839119424,0.998861670134564
"ENSGALG00010023126","CGNL1",25.340174271696,0.181021320016289,0.604255535774394,0.299577429248203,0.764499502716048,0.998861670134564
"ENSGALG00010003762","EVI5L",24.9864617627315,0.159983518216769,0.534353888931715,0.299396189548858,0.764637769209169,0.998861670134564
"ENSGALG00010018873","ENSGALG00010018873",10.677060962998,-0.275882323947402,0.921647627483955,-0.299336010553779,0.764683681001094,0.998861670134564
"ENSGALG00010029941","COX10",27.54480707528,0.145275937586782,0.485364318048755,0.299313180191769,0.764701098969804,0.998861670134564
"ENSGALG00010024124","DIDO1",77.8781792907658,0.096900681198868,0.323969078618795,0.299104722006165,0.764860143482954,0.998861670134564
"ENSGALG00010017859","EXOC6",91.3570052689749,0.0922656891357135,0.308603842329481,0.298977771758286,0.764957005849934,0.998861670134564
"ENSGALG00010023830","AGFG1",28.3090258556252,-0.142521416510543,0.476726546349465,-0.29895842302448,0.764971769154292,0.998861670134564
"ENSGALG00010021807","CDC42",46.6859564480872,0.124186950836372,0.415776194362211,0.298687016044465,0.765178864770638,0.998861670134564
"ENSGALG00010022685","ATAD1",18.3409452718096,-0.172821521684691,0.578685020778706,-0.298645230961973,0.765210750141734,0.998861670134564
"ENSGALG00010017318","ADSS1",59.1726916985554,0.114065616914367,0.382087779765112,0.298532491629249,0.765296781284574,0.998861670134564
"ENSGALG00010010037","NAA15",21.1669860112965,0.160242208995174,0.536892007218122,0.298462645822316,0.765350081922634,0.998861670134564
"ENSGALG00010021691","PIGB",10.0702369373069,-0.229587618922972,0.769729627469327,-0.298270471513222,0.765496739456077,0.998861670134564
"ENSGALG00010009389","CPEB4",80.5286212849879,-0.0955183223460888,0.320318087917454,-0.298198340802733,0.765551788068838,0.998861670134564
"ENSGALG00010017565","ENSGALG00010017565",18.0466150379581,-0.194306954563663,0.652187611411599,-0.297931072537708,0.765755771802125,0.998861670134564
"ENSGALG00010020118","GNB1",122.295745037706,-0.0901203038086448,0.302645456924476,-0.297775174702635,0.765874763210756,0.998861670134564
"ENSGALG00010014603","TSC22D4",15.0554428360422,0.190358973650865,0.63927446844248,0.297773465151289,0.765876068082611,0.998861670134564
"ENSGALG00010013076","RTN4IP1",11.6193917699678,-0.221247784022701,0.743270189904978,-0.297668044578763,0.765956535119852,0.998861670134564
"ENSGALG00010011702","NUP205",17.0655159008714,0.173285519267318,0.582145747793231,0.297666898580296,0.765957409869078,0.998861670134564
"ENSGALG00010021147","ARID3B",16.9916681610605,-0.184031053708165,0.618506594418532,-0.29754097267334,0.766053531875949,0.998861670134564
"ENSGALG00010017162","BCL11A",36.6184571353335,0.146677148492977,0.492989609592408,0.29752584159785,0.766065082000166,0.998861670134564
"ENSGALG00010012938","UPF3B",34.5700048051158,0.135982744540589,0.457645760961256,0.297135374432325,0.766363158385092,0.998861670134564
"ENSGALG00010006281","TRMT11",20.3256355596979,0.160954755838608,0.541844247300597,0.297049856375638,0.766428446119163,0.998861670134564
"ENSGALG00010003437","PNRC1",47.8162355468213,0.131563135408903,0.443176665629683,0.296863859521964,0.766570448910702,0.998861670134564
"ENSGALG00010003214","PRDX4",19.6739482565531,0.173937258015483,0.585942402810771,0.296850436461168,0.766580697302002,0.998861670134564
"ENSGALG00010017677","WDR43",18.5332579311866,0.191496909786511,0.645349608451734,0.296733595679919,0.766669905956681,0.998861670134564
"ENSGALG00010018103","BTRC",61.289019952949,0.112293358279139,0.378612312381392,0.29659193482863,0.76677806903559,0.998861670134564
"ENSGALG00010018326","LCMT1",10.3077150895443,-0.222832284399568,0.75159511192294,-0.296479155950678,0.766864182953913,0.998861670134564
"ENSGALG00010012339","WNK1",146.536614301062,0.082274599745767,0.277513420467893,0.296470706198822,0.766870634998235,0.998861670134564
"ENSGALG00010025548","B3GAT1L",18.7504476664949,0.170347936274477,0.575037135877098,0.296238148193068,0.767048217509493,0.998861670134564
"ENSGALG00010008300","CUL1",58.7360365465443,-0.10588496171873,0.357452948616819,-0.296220697376974,0.767061543537649,0.998861670134564
"ENSGALG00010018347","CTXN2",20.8212734534848,0.170929493648832,0.577817576679617,0.295819131413526,0.767368211792058,0.998861670134564
"ENSGALG00010015505","CHGA",51.6300176635197,0.10937593377974,0.369798590168159,0.295771635392129,0.767404486006406,0.998861670134564
"ENSGALG00010010080","CDC42EP3",25.4772857452144,0.149591665284813,0.506001611052925,0.295634760872662,0.767509024257727,0.998861670134564
"ENSGALG00010001991","TOMM7",57.2020515590066,-0.122430692944647,0.414293720684624,-0.295516651187301,0.767599234220905,0.998861670134564
"ENSGALG00010023215","TRIP12",118.053318273164,0.0875672421546119,0.296332908253963,0.295502928346942,0.767609715673268,0.998861670134564
"ENSGALG00010001627","ARFIP2",18.6144262406977,0.178653341909611,0.604706573168646,0.295438068373347,0.767659256045276,0.998861670134564
"ENSGALG00010027969","HSPA5",39.136262859734,-0.14272098856211,0.483113823625514,-0.295418970815333,0.767673843036456,0.998861670134564
"ENSGALG00010026124","PACSIN1",10.235552646616,-0.232553967994724,0.788339830052882,-0.294992031519103,0.767999966925263,0.998861670134564
"ENSGALG00010003299","RAD23A",10.9057065850677,0.220277482671153,0.746832402074683,0.294949016752925,0.768032826668491,0.998861670134564
"ENSGALG00010023879","EI24",10.4500653770266,0.223973748006285,0.759422424196439,0.294926434708952,0.768050077659512,0.998861670134564
"ENSGALG00010002832","LPIN1",13.7269521100994,-0.19789718807054,0.671520673676302,-0.294700067813451,0.768223011368012,0.998861670134564
"ENSGALG00010022472","QSER1",19.6014078220489,0.169418825201998,0.57587043319947,0.294196082026172,0.768608074334836,0.998861670134564
"ENSGALG00010013044","ENSGALG00010013044",17.4281224505426,-0.168520471688569,0.57322626385359,-0.293985956881437,0.76876863424779,0.998861670134564
"ENSGALG00010003242","ASAP2",28.2189560101662,0.138998786862958,0.472904485498244,0.293925710424403,0.768814671338776,0.998861670134564
"ENSGALG00010010099","TNR",162.709158261844,0.101728738811866,0.346112813039726,0.293917864289498,0.76882066699162,0.998861670134564
"ENSGALG00010020340","DCAF5",43.5786039028855,0.125514248175329,0.427709695790638,0.293456635214478,0.769173141170243,0.998861670134564
"ENSGALG00010028498","C17H9orf78",18.6725562539868,-0.172781212034348,0.588971551168123,-0.293360879131881,0.769246324557815,0.998861670134564
"ENSGALG00010013021","SLC25A5",35.7050028905602,-0.133693105951285,0.456602435515172,-0.292799809095286,0.769675174182152,0.998861670134564
"ENSGALG00010028451","TMEM59L",19.2767696987563,0.15788299439671,0.54000674086192,0.292372265843771,0.770002010929328,0.998861670134564
"ENSGALG00010005178","EPHA5",438.127278716281,0.0913378523778722,0.313089792875325,0.291730533720222,0.770492661686169,0.998861670134564
"ENSGALG00010008434","PTCHD4",264.155189476642,0.0870745936105319,0.298833101472822,0.291382022879588,0.770759162006951,0.998861670134564
"ENSGALG00010002507","C2CD3",16.1902369375712,0.178251764102891,0.612154113723243,0.291187725618191,0.770907749575033,0.998861670134564
"ENSGALG00010006558","USP10",44.992573571909,0.116154447179184,0.398921155886091,0.291171439431884,0.770920204712121,0.998861670134564
"ENSGALG00010006682","ARHGAP10",22.1392868226876,-0.162764481604004,0.559279368598481,-0.291025363606531,0.771031921316378,0.998861670134564
"ENSGALG00010021529","BTAF1",42.2693278101853,-0.115743235714561,0.397834432890591,-0.290933177587452,0.771102426248126,0.998861670134564
"ENSGALG00010019953","ENSGALG00010019953",18.0534773388475,-0.174855901676871,0.602801041126123,-0.29007232859156,0.771760904702313,0.998861670134564
"ENSGALG00010008158","CLPTM1L",39.0543282257378,-0.125163596969592,0.43177304136708,-0.28988284348022,0.771905867276362,0.998861670134564
"ENSGALG00010013958","TUSC3",77.4896895742787,0.097418139436699,0.33613891718223,0.289815116480208,0.771957682673672,0.998861670134564
"ENSGALG00010001778","KAT2B",27.2866895120765,0.14248908090281,0.491961247644027,0.289634766122702,0.772095666953579,0.998861670134564
"ENSGALG00010016626","CAPN2",33.5598923467292,-0.132826236753256,0.458613245844958,-0.289625818610047,0.772102512794974,0.998861670134564
"ENSGALG00010018936","SYT14",87.866268253617,-0.0927197922285754,0.320178454357494,-0.289587856292945,0.772131558383088,0.998861670134564
"ENSGALG00010029705","GRB2",56.9733055409052,0.106433326449921,0.367947945009477,0.289261912978423,0.772380956066808,0.998861670134564
"ENSGALG00010016118","EPRS",70.5787934108622,0.107250672252758,0.370856594164286,0.289197155829047,0.772430508228929,0.998861670134564
"ENSGALG00010019794","RSPH9",12.3153858552891,-0.20670303003941,0.715010836008156,-0.289090765663657,0.772511919984018,0.998861670134564
"ENSGALG00010028888","WDR5B",10.017845433514,-0.2225576051276,0.770681930283624,-0.288780100301165,0.772749661289196,0.998861670134564
"ENSGALG00010021162","WIPI2",12.2874802366054,-0.191370683316463,0.663695323998826,-0.288341165587,0.773085598983007,0.998861670134564
"ENSGALG00010003099","ENSGALG00010003099",25.7840391850703,0.156226231089666,0.542012944752016,0.288233394796767,0.773168087618159,0.998861670134564
"ENSGALG00010024738","NBR1",25.1907205336419,0.152907747360143,0.531494225835058,0.287694089469931,0.773580914757882,0.998861670134564
"ENSGALG00010024794","DDX6",26.7719581140412,0.144708612567678,0.502995597612612,0.287693596632881,0.773581292043824,0.998861670134564
"ENSGALG00010024803","CLK1",37.4657954185071,-0.124044775149094,0.431225718656377,-0.287656254677007,0.773609878919863,0.998861670134564
"ENSGALG00010021930","ENSGALG00010021930",55.5649967581548,0.108146957720445,0.376600905214336,0.287165952665184,0.773985254705338,0.998861670134564
"ENSGALG00010021635","FOXJ3",23.4914978907307,0.150528060942591,0.524211807402377,0.287151221733255,0.773996533542091,0.998861670134564
"ENSGALG00010005170","GPATCH2L",16.2954782555918,0.172886279314614,0.602888928908824,0.286763068659302,0.774293742728531,0.998861670134564
"ENSGALG00010016224","MOSPD1",19.4931840295784,-0.157909277547892,0.550716251486934,-0.286734370234284,0.774315718454455,0.998861670134564
"ENSGALG00010016193","TCAIM",18.5663770394847,-0.171826849191971,0.599863502907408,-0.286443246437171,0.774538655777175,0.998861670134564
"ENSGALG00010028433","MSTO1",15.322013604619,0.192912192196403,0.673823732696308,0.286294742728137,0.774652384385399,0.998861670134564
"ENSGALG00010024788","SIK3",42.0572389992173,0.114420318387162,0.399877605608712,0.286138350290925,0.774772159646439,0.998861670134564
"ENSGALG00010020970","C6H10orf76",43.6732349999353,-0.114407691452902,0.399883669005534,-0.286102435084238,0.774799666549627,0.998861670134564
"ENSGALG00010023070","SIDT2",13.0673615342789,-0.202849397234996,0.709114126342686,-0.286060296501507,0.774831940200948,0.998861670134564
"ENSGALG00010017913","ENSGALG00010017913",13.731539356837,0.209667151999458,0.732981166089682,0.286047120580183,0.774842031628509,0.998861670134564
"ENSGALG00010000822","BASP1",284.550213835475,0.0895995575670846,0.313453184656251,0.285846697220014,0.774995540407664,0.998861670134564
"ENSGALG00010003506","DYNC1I1",127.657240986911,0.0855771848152306,0.299618222489744,0.285620761327893,0.775168600356448,0.998861670134564
"ENSGALG00010007781","MBP",30.6622359311201,-0.135610554617723,0.475020561237951,-0.285483546784393,0.775273707930675,0.998861670134564
"ENSGALG00010029685","ATP5H",27.2036158193279,-0.141646852506151,0.49617783043329,-0.285475980219546,0.775279504107192,0.998861670134564
"ENSGALG00010021095","NT5C2",34.1810482638265,0.127083623533909,0.44520321299368,0.285450822960959,0.775298775281827,0.998861670134564
"ENSGALG00010000263","MTMR3",59.0165377460501,0.102436734524555,0.359044260101452,0.285303919064492,0.77541131060229,0.998861670134564
"ENSGALG00010021821","PPP1R19L",81.4429184995924,0.104447995661998,0.366127744249334,0.285277467502897,0.775431574248501,0.998861670134564
"ENSGALG00010005148","TTC39C",59.9782251187643,-0.10519717430501,0.369033459485236,-0.285061344984136,0.77559714412394,0.998861670134564
"ENSGALG00010002137","PDK3",31.3885706146264,0.134132407400434,0.470646307099466,0.284996196458175,0.775647055932793,0.998861670134564
"ENSGALG00010003894","COPS4",15.3927837670232,-0.177544944640785,0.623454316484443,-0.284776189604287,0.77581561517502,0.998861670134564
"ENSGALG00010003358","DNAJC15",20.6664183261713,0.154477288634789,0.542654962162732,0.284669448186975,0.77589739939818,0.998861670134564
"ENSGALG00010024439","UFD1L",19.1558696165552,-0.157870966677181,0.554829296669002,-0.284539709105092,0.775996807551414,0.998861670134564
"ENSGALG00010009902","ENSGALG00010009902",11.696821931902,0.212474006892203,0.747854290204703,0.284111503638021,0.776324931444127,0.998861670134564
"ENSGALG00010018388","SMC3",54.9153928054383,-0.106744007828884,0.375918899092632,-0.283954885180116,0.776444954500628,0.998861670134564
"ENSGALG00010021241","TMEM43",10.479610624724,0.209143192440939,0.736611772709428,0.283925943338731,0.776467134388239,0.998861670134564
"ENSGALG00010005442","SASH1",258.184241289675,0.116688261913292,0.411151522935018,0.283808414669874,0.776557205604865,0.998861670134564
"ENSGALG00010015778","PABIR3",18.5027859887459,-0.159330551993062,0.56160636250367,-0.283705033687222,0.776636436850186,0.998861670134564
"ENSGALG00010022971","CKAP5",54.7283210222806,-0.105612762427279,0.372734080306597,-0.283346138728194,0.776911512188001,0.998861670134564
"ENSGALG00010007942","PGRMC2",15.5169430060089,-0.178827292544706,0.631129181533628,-0.283344991448756,0.776912391566147,0.998861670134564
NA,"ERGIC1",25.7849865130992,0.137964977341305,0.487027213639732,0.283279811635662,0.776962351706504,0.998861670134564
"ENSGALG00010027715","NINJ1",12.0617781101563,0.205618635176961,0.725953424425167,0.283239431427404,0.776993303483453,0.998861670134564
"ENSGALG00010020754","SLC25A20",11.0356352917049,0.215874297814448,0.76259143587975,0.283079887417578,0.777115598801308,0.998861670134564
"ENSGALG00010001972","FAM204A",28.976727177431,-0.145952549715512,0.515772410640072,-0.282978590371643,0.777193248923343,0.998861670134564
"ENSGALG00010002456","ELOVL4",27.991665191506,-0.134963418330795,0.477250601627572,-0.282793605436071,0.777335056460521,0.998861670134564
"ENSGALG00010008157","CTSO",17.4242081833733,-0.17515906821325,0.619628572769634,-0.282683975385962,0.777419101223697,0.998861670134564
"ENSGALG00010010836","DIP2A",140.173463678633,0.0791294246845932,0.279981479496962,0.282623782211465,0.777465247718466,0.998861670134564
"ENSGALG00010012880","CLK4",107.696953242033,-0.102795306863617,0.363796276297152,-0.282562834094685,0.777511973782062,0.998861670134564
"ENSGALG00010020108","RPAP1",20.4285390700876,-0.15027315044562,0.532207842288073,-0.282358015995338,0.777669004111035,0.998861670134564
"ENSGALG00010006641","PLA2G10L",18.1906449178515,-0.17366189955154,0.615405840149229,-0.28219085394027,0.777797170963442,0.998861670134564
"ENSGALG00010012097","GART",13.2137768243008,-0.192712935251031,0.683868025784521,-0.281798428914634,0.778098075678704,0.998861670134564
"ENSGALG00010022090","TRRAP",61.8764470028674,0.102281769916974,0.363039247397424,0.281737499871481,0.77814479799962,0.998861670134564
"ENSGALG00010000412","RFC5",11.6829333089561,0.216600696576449,0.768947743831032,0.281684546595203,0.778185404901208,0.998861670134564
"ENSGALG00010028772","TTF1",16.7921518004796,0.168752263635011,0.59927834845258,0.281592458781054,0.778256023330415,0.998861670134564
"ENSGALG00010017377","USP8",64.4294972310171,-0.0980661436293133,0.348532717592764,-0.281368544986634,0.778427741423827,0.998861670134564
"ENSGALG00010010991","C2CD2",17.2406648869567,-0.166544634862233,0.592436674319732,-0.281118036882961,0.778619867349628,0.998861670134564
"ENSGALG00010010291","TCF20",157.908243038124,0.0798357773690562,0.284137386788382,0.280975968250583,0.778728832183505,0.998861670134564
"ENSGALG00010027985","PSMB4",19.5838347801575,-0.169770747358378,0.60438357306861,-0.280899010038291,0.778787859969834,0.998861670134564
"ENSGALG00010022452","AP3M1",28.5233878630897,0.137837292517216,0.490967667868456,0.280746170344859,0.778905093461295,0.998861670134564
"ENSGALG00010020778","SLIT1",23.364826238919,0.152970223475164,0.545249562452612,0.280550841319491,0.779054925106761,0.998861670134564
"ENSGALG00010027192","SH3GL1",30.5664692896268,-0.138286496810031,0.493021668261454,-0.28048766557801,0.779103387277633,0.998861670134564
"ENSGALG00010023076","DNAJC7",29.6909142665016,-0.134928016057078,0.482022729462517,-0.279920443186425,0.779538542556715,0.998861670134564
"ENSGALG00010011708","IK",26.9053229683753,-0.145758215335683,0.520811870460121,-0.279867306417018,0.779579310966078,0.998861670134564
"ENSGALG00010003136","NUP98",11.8043360494189,-0.195408553703154,0.698478281483245,-0.279763249457373,0.779659148902892,0.998861670134564
"ENSGALG00010025242","CLSTN2",141.820614524035,-0.118307515922621,0.422948442110931,-0.279720893005656,0.779691647651569,0.998861670134564
"ENSGALG00010017687","TTC7B",119.927967830403,0.0828134187359853,0.296069265117499,0.279709610192465,0.779700304657676,0.998861670134564
"ENSGALG00010028015","DUSP7",16.0951842751657,0.174270498414419,0.623784466098197,0.279376143340808,0.779956177343096,0.998861670134564
"ENSGALG00010023002","ATG16L1",22.61098315734,0.14259034988359,0.511013249511974,0.279034545620425,0.78021831364879,0.998861670134564
"ENSGALG00010006404","SMAD1",11.2957958640026,-0.206966536073404,0.742463215436787,-0.278756619547336,0.780431607847131,0.998861670134564
"ENSGALG00010028865","STKLD1",27.0022517615739,0.146733704429106,0.527673974232583,0.278076447947821,0.780953674812083,0.998861670134564
"ENSGALG00010018431","ENSGALG00010018431",112.289861091974,-0.105920328442025,0.381446899578007,-0.277680402066982,0.781257706063559,0.998861670134564
"ENSGALG00010019083","OTOA",13.9732514719039,-0.201358569237086,0.725565715667249,-0.277519409874419,0.781381303976942,0.998861670134564
"ENSGALG00010018542","ZMIZ2",14.0629277708432,-0.200776680937083,0.723495462089692,-0.277509247061722,0.781389106419166,0.998861670134564
"ENSGALG00010025541","TTC21B",69.6826557901785,-0.0981700646395455,0.354264917181712,-0.277109191111892,0.781696264596835,0.998861670134564
"ENSGALG00010015348","CPSF2",14.2315379213412,-0.175848314900088,0.634803012387741,-0.277012414037946,0.78177057399474,0.998861670134564
"ENSGALG00010013561","AGK",23.197442290577,0.142708660431986,0.515221287584695,0.276985178739391,0.781791486730788,0.998861670134564
"ENSGALG00010021111","AVEN",20.5691735190947,-0.1590001303548,0.575636282443794,-0.2762163108965,0.782381930105671,0.998861670134564
"ENSGALG00010019682","TMEM158",30.3649501670592,0.145789017231215,0.527960925808291,0.276135998148,0.782443612613195,0.998861670134564
"ENSGALG00010012024","UBR5",87.3730959969282,-0.0862437336145349,0.312328548632648,-0.276131445531008,0.782447109195342,0.998861670134564
"ENSGALG00010017660","CLIP4",37.9651007434117,0.118602080156862,0.429800037661785,0.275947114388556,0.782588686180146,0.998861670134564
"ENSGALG00010019807","ZDHHC6",13.0124349597233,-0.179300312840266,0.650936242819979,-0.275449884405734,0.782970623483471,0.998861670134564
"ENSGALG00010004323","TRDMT1",23.5408217763419,-0.141181639806769,0.512623250554748,-0.275410137277202,0.783001156707469,0.998861670134564
"ENSGALG00010026612","MFF",49.7047263586691,0.116739775525357,0.42411213204351,0.275256864176148,0.783118902227128,0.998861670134564
"ENSGALG00010008347","PUF60",19.1653028570523,0.159209296025971,0.578720896727985,0.275105490273672,0.783235193644305,0.998861670134564
"ENSGALG00010018066","ENSGALG00010018066",37.9065572351506,0.122495884356809,0.445874039202448,0.274732039963399,0.783522113645639,0.998861670134564
"ENSGALG00010013267","PNPLA3",24.0169814401473,-0.140905446723709,0.513103445773595,-0.274614111217416,0.78361272382775,0.998861670134564
"ENSGALG00010016879","RNF130",13.4801107652052,0.182283111275326,0.66399823973148,0.274523485708398,0.78368235764744,0.998861670134564
"ENSGALG00010027870","HAX1",25.3174272754725,-0.137327132336597,0.500339354693994,-0.274467980678006,0.783725006840248,0.998861670134564
"ENSGALG00010010301","ENSGALG00010010301",21.1049380959034,0.149952477573826,0.546381177297557,0.274446638728484,0.783741405831713,0.998861670134564
"ENSGALG00010008170","PICALM",64.9864748880348,0.102627698550448,0.373998788869137,0.274406499712912,0.783772248605768,0.998861670134564
"ENSGALG00010013550","KLHL5",10.5822804849544,-0.211128069851741,0.769459206347811,-0.274385007171266,0.783788763590054,0.998861670134564
"ENSGALG00010021341","L3MBTL1",28.2064314594418,0.140433624939209,0.511839910132831,0.274370212558775,0.783800131906246,0.998861670134564
"ENSGALG00010008324","SCRIB",43.8049635768558,-0.110211394424572,0.401856848151426,-0.274255359667388,0.7838883874929,0.998861670134564
"ENSGALG00010023096","SPATS2",14.9259404774989,-0.180145206588406,0.657944576348334,-0.273799972010153,0.784238345129431,0.998861670134564
"ENSGALG00010015788","TRPC1",56.6078712532753,0.10105567480259,0.369229541179566,0.273693362886812,0.784320278725965,0.998861670134564
"ENSGALG00010013381","DENND2A",31.6154105051022,-0.124148566374138,0.454004141448841,-0.273452497543192,0.784505402677351,0.998861670134564
"ENSGALG00010028468","PHPT1",12.1083326887446,0.197462749249109,0.722111492422996,0.27345188564516,0.784505872984623,0.998861670134564
"ENSGALG00010023890","SASS6",10.4811175401603,-0.212326824725677,0.776650540077584,-0.2733878543424,0.784555088134674,0.998861670134564
"ENSGALG00010015959","TRNAU1AP",24.6846693031782,0.134593769572245,0.492511343291418,0.27328054755605,0.784637567219863,0.998861670134564
"ENSGALG00010016569","YY2",20.843998767178,0.152007158084181,0.556527378734125,0.273135094323546,0.784749370622879,0.998861670134564
"ENSGALG00010022497","CORO1C",48.0036580604165,-0.109059809587628,0.399399610331308,-0.273059379044365,0.784807571334129,0.998861670134564
"ENSGALG00010001741","SATB1",44.1759002711466,0.129543391472033,0.474642204246629,0.272928513969062,0.784908167347885,0.998861670134564
"ENSGALG00010006853","NET1",21.4899291914216,0.160376839312152,0.588279801459861,0.272619999724901,0.78514533653608,0.998861670134564
"ENSGALG00010022110","ENSGALG00010022110",11.3653754979329,0.208666660085364,0.766519059245332,0.272226316578227,0.785448007970509,0.998861670134564
"ENSGALG00010024472","LDHA",15.2105652208159,-0.176077722722382,0.647741413410068,-0.271833356764101,0.785750155642476,0.998861670134564
"ENSGALG00010029254","MMD",14.9925483679153,0.170861950937743,0.62856317095215,0.271829402093223,0.7857531965618,0.998861670134564
"ENSGALG00010021301","SMURF1",17.7490742748209,-0.156903668000766,0.5776163936086,-0.271639914893215,0.785898905383701,0.998861670134564
"ENSGALG00010017341","TA3",43.3766066426147,-0.112537757353197,0.41439766487676,-0.271569477561282,0.785953071063694,0.998861670134564
"ENSGALG00010028514","FNBP1",248.965185359826,0.069187107787964,0.254822046172477,0.271511467815208,0.785997680819058,0.998861670134564
"ENSGALG00010017586","ZFYVE28",76.5601073932073,0.104670789147462,0.386044832141251,0.271136356279893,0.7862861602303,0.998861670134564
"ENSGALG00010005215","VASH1",13.9882517341667,0.184554171672988,0.680748331212256,0.27110484625697,0.78631039434019,0.998861670134564
"ENSGALG00010018470","IQCB1",11.3361446915357,-0.200056110491737,0.737951876158014,-0.271096418283108,0.786316876263449,0.998861670134564
"ENSGALG00010007758","DEK",26.4111160117542,-0.136849788548803,0.504847075563214,-0.271071766427747,0.786335835998463,0.998861670134564
"ENSGALG00010010689","POFUT2",12.6472333406238,-0.184473380705356,0.681419987468258,-0.270719063276596,0.786607113761337,0.998861670134564
"ENSGALG00010008716","TATDN1",37.6815995268739,-0.12079892618682,0.446258102202096,-0.270692959053805,0.786627192568104,0.998861670134564
"ENSGALG00010029413","B3GNTL1",12.663018397397,0.181038846623304,0.668813226478328,0.270686702140407,0.786632005272406,0.998861670134564
"ENSGALG00010004958","TPD52L1",22.0028447048294,0.155460465080594,0.574620115885314,0.270544766503827,0.786741181779108,0.998861670134564
"ENSGALG00010023623","OSBPL6",75.7638542495273,-0.0953789272263754,0.352758611528245,-0.270380152629494,0.786867807575407,0.998861670134564
"ENSGALG00010018261","PRNP",53.2102547270392,0.114948586700936,0.425613419506908,0.270077449235761,0.787100670568675,0.998861670134564
"ENSGALG00010014030","WASF1",43.8048245220449,0.110742763517753,0.411170206334721,0.269335573958393,0.787671459197612,0.998861670134564
"ENSGALG00010022734","ENSGALG00010022734",36.9376941410356,-0.124546708374905,0.462587133622985,-0.269239456358101,0.787745419109035,0.998861670134564
"ENSGALG00010024164","SNAP29",16.9981179808114,0.162371116712775,0.603074289345531,0.269238996888731,0.78774577266297,0.998861670134564
"ENSGALG00010029223","NME2",69.0554499766967,-0.0911879459054159,0.33878164385207,-0.269164364599498,0.787803201531893,0.998861670134564
"ENSGALG00010001119","COMMD2",12.5391071085121,0.188238484373762,0.699858850275676,0.268966355572433,0.78795557327033,0.998861670134564
"ENSGALG00010016069","GALK2",12.6537648790038,-0.177943002003359,0.661897196733285,-0.268837823881981,0.788054485211584,0.998861670134564
"ENSGALG00010008181","DISC1",42.212022084636,-0.125735142622541,0.467748582305291,-0.268809243638661,0.788076479686624,0.998861670134564
"ENSGALG00010010156","IFNAR2",24.8059349915737,0.131685768032545,0.490240904366843,0.268614403366892,0.788226427260815,0.998861670134564
"ENSGALG00010001918","CNKSR2",356.061233142678,-0.0666489143935115,0.248281316973911,-0.268441118348486,0.788359792671695,0.998861670134564
"ENSGALG00010016557","ENSGALG00010016557",39.0841170543141,-0.11441516467691,0.426281520968588,-0.268402825477722,0.788389264864638,0.998861670134564
"ENSGALG00010017970","AMPH",187.377622949896,-0.0786022286907439,0.292919473112207,-0.268340741759542,0.788437048379734,0.998861670134564
"ENSGALG00010021262","MDGA1",30.1595016019056,0.40399896164655,1.5072554956853,0.268036151006279,0.788671492016815,0.998861670134564
"ENSGALG00010017289","ADGRB2",15.0959684528213,0.168881751109888,0.630492245502885,0.267856983673427,0.788809406134279,0.998861670134564
"ENSGALG00010024004","EIF4B",13.0928153797211,0.172179924513048,0.642916443818641,0.267810733678509,0.788845008159107,0.998861670134564
"ENSGALG00010025160","MRPS22",11.0773762481374,0.185937876957703,0.694589651039071,0.267694568555045,0.788934430948339,0.998861670134564
"ENSGALG00010007730","COG2",22.763005922974,-0.158907962998719,0.593969642962967,-0.267535495932116,0.789056888026907,0.998861670134564
"ENSGALG00010021078","ENSGALG00010021078",816.069936313651,0.0606278288535823,0.226621570901138,0.267528940923416,0.789061934306956,0.998861670134564
"ENSGALG00010005618","PHACTR2",337.097918815847,-0.0644543169253309,0.241003598829402,-0.267441304770539,0.789129400600514,0.998861670134564
"ENSGALG00010021417","STK16",10.8882974580718,0.207414702806661,0.775758492385708,0.267370199414503,0.789184141897343,0.998861670134564
"ENSGALG00010014018","DPYSL3",11.2819418556832,0.20255068019355,0.758231451105906,0.267135687787842,0.789364690813482,0.998861670134564
"ENSGALG00010021481","MICU1",45.2285485918303,-0.106060946590492,0.397069781284383,-0.267109086587807,0.789385171612037,0.998861670134564
"ENSGALG00010015997","SOX1",22.5885410873054,-0.145604184817929,0.545268978161569,-0.26703185152555,0.789444637263387,0.998861670134564
"ENSGALG00010016475","MCCC1",14.6778024618216,-0.174433902451057,0.653240139464666,-0.267028756980559,0.789447019874368,0.998861670134564
"ENSGALG00010003068","BRD2",22.8229484819064,0.146851114469687,0.550953618779301,0.266539885508062,0.78982344581331,0.998861670134564
"ENSGALG00010023245","TANC2",90.122320367203,-0.0842503414102263,0.316484223037217,-0.266207081672816,0.790079729366137,0.998861670134564
"ENSGALG00010007480","TENM3",186.413081233555,0.0867919350414448,0.326072217211251,0.266173965337302,0.790105232634897,0.998861670134564
"ENSGALG00010021083","SCD",12.8928742423287,0.177734760638922,0.668448513585544,0.265891474102555,0.790322791501063,0.998861670134564
"ENSGALG00010020295","LGI1",34.1531401387511,0.133809573790427,0.503334597133688,0.265846167842275,0.790357685356483,0.998861670134564
"ENSGALG00010021504","ODR4",30.704417404062,-0.13360718115259,0.502950524928912,-0.265646767485677,0.790511263988898,0.998861670134564
"ENSGALG00010017057","NDUFAB1",33.9735121379135,-0.148797268014254,0.561937295360962,-0.264793366168504,0.791168647573947,0.998861670134564
"ENSGALG00010012343","BCL2L13",19.9391341946762,0.145016169082615,0.548289850474692,0.264488151580892,0.791403793521145,0.998861670134564
"ENSGALG00010016547","SGCB",13.6716261986493,-0.207989905242813,0.786512534586252,-0.264445760361883,0.791436454416573,0.998861670134564
"ENSGALG00010007271","CADM2",931.241439465423,-0.0754309491267681,0.285586510485561,-0.264126442801932,0.791682488767726,0.998861670134564
"ENSGALG00010019257","SLC1A4",19.9632128052294,0.142338789383677,0.53958597186614,0.263792605451553,0.791939732813123,0.998861670134564
"ENSGALG00010018919","RALB",16.6056255522473,0.162980935439056,0.617912798485459,0.263760413829478,0.791964539812802,0.998861670134564
"ENSGALG00010028090","ENSGALG00010028090",18.572582255469,-0.157178803161767,0.596083115740013,-0.263686051510847,0.792021844534243,0.998861670134564
"ENSGALG00010003841","UBE2W",54.8702029742873,-0.102047786376571,0.387126389585923,-0.263603280793446,0.792085630215685,0.998861670134564
"ENSGALG00010013527","ADARB1",53.4411729535136,-0.099021187364497,0.375649585200086,-0.263599884748321,0.792088247343091,0.998861670134564
"ENSGALG00010021015","RBM25",107.949976849924,-0.0886442612531046,0.336479300200006,-0.26344640279629,0.792206529083188,0.998861670134564
"ENSGALG00010029238","CAMKK1",43.7645636910377,-0.112696560900657,0.428225452465805,-0.263171094225551,0.792418709182678,0.998861670134564
"ENSGALG00010010127","FAM13C",38.4927344308497,-0.111292373786686,0.42378746963894,-0.262613648963017,0.792848378872588,0.998861670134564
"ENSGALG00010017886","DDRGK1",43.4953195908626,-0.108075553679229,0.411594499087197,-0.262577740759196,0.792876058486597,0.998861670134564
"ENSGALG00010013367","C20H20ORF112",18.2624633731652,0.150927251928074,0.574964582752755,0.262498345907639,0.792937260437059,0.998861670134564
"ENSGALG00010004127","EPHA7",637.155161373733,0.0645770195888172,0.246120504767188,0.262379681245585,0.793028736110978,0.998861670134564
"ENSGALG00010010722","TBC1D19",17.4360800462586,-0.149116920918201,0.568435135678606,-0.26232882444922,0.793067941238367,0.998861670134564
"ENSGALG00010010471","KCNJ3",22.370244488969,0.135571436994096,0.517003385774359,0.262225433574365,0.793147646109956,0.998861670134564
"ENSGALG00010003024","SUGT1",19.4117992707151,-0.140252042587579,0.535101111904197,-0.262103814526719,0.793241405995099,0.998861670134564
"ENSGALG00010020137","NTAN1",42.2171430497096,0.112799661125786,0.430404302094891,0.262078377415748,0.793261016628618,0.998861670134564
"ENSGALG00010023788","RTCA",37.6151787225167,-0.110807303304844,0.423022123447406,-0.261942099864241,0.793366081458813,0.998861670134564
"ENSGALG00010027672","CNTRL",64.578922614467,0.101692143336579,0.388846226273865,0.261522772925041,0.793689390162753,0.998861670134564
"ENSGALG00010021722","AARS1",17.6483076550633,0.1507128507283,0.576370276784768,0.261486160544293,0.793717620658673,0.998861670134564
"ENSGALG00010019145","RAC1",18.571889866637,-0.167530204706856,0.641495721290605,-0.261155607351218,0.793972510621713,0.998861670134564
"ENSGALG00010016016","ZDHHC2",10.6878922737585,-0.192266771318155,0.736488028721927,-0.261058922643736,0.794047068475961,0.998861670134564
"ENSGALG00010001512","PLCL2",191.021741628543,0.0771600723752918,0.295963563153414,0.260708012679573,0.794317686475029,0.998861670134564
"ENSGALG00010012934","NDUFA1",27.6019460194305,-0.129496203104217,0.498491202098313,-0.259776306099536,0.795036328647325,0.998861670134564
"ENSGALG00010008188","VPS4A",12.5064033221514,-0.184151804942699,0.708956838228824,-0.259750375499251,0.795056331880119,0.998861670134564
"ENSGALG00010019818","ENSGALG00010019818",23.1702452377031,-0.147607415380834,0.56890542670278,-0.259458617289566,0.79528140758393,0.998861670134564
"ENSGALG00010021029","PRDM2",77.6408959965383,0.0860924941918061,0.33188949781291,0.25940108005568,0.79532579646484,0.998861670134564
"ENSGALG00010023852","LRRC39",15.2026873162924,-0.180557051018662,0.696146077709497,-0.259366613991049,0.795352386695059,0.998861670134564
"ENSGALG00010003737","SRP72",14.0502351981196,-0.176803663394924,0.681678582920543,-0.259365143375103,0.7953535212661,0.998861670134564
"ENSGALG00010014797","ZDHHC9",16.4867891854584,-0.158936379734231,0.613080547888639,-0.259242248480375,0.795448335440689,0.998861670134564
"ENSGALG00010021776","PMS2",15.8636436215202,-0.17163915820236,0.662271004389992,-0.259167556883234,0.795505961947763,0.998861670134564
"ENSGALG00010022276","BECN1",21.1922691224094,-0.144754772030927,0.55863659124887,-0.259121536788913,0.795541468201173,0.998861670134564
"ENSGALG00010002350","BEND6",50.815815721409,0.0966631545533833,0.373049774627935,0.259115970917799,0.79554576251117,0.998861670134564
"ENSGALG00010021348","SLC4A3",25.940649023378,-0.13862923098417,0.535221029354232,-0.259013049527281,0.795625171925905,0.998861670134564
"ENSGALG00010002824","NXPH1",70.3218182009023,0.268716168421152,1.03767422816983,0.258960048468286,0.795666065932952,0.998861670134564
"ENSGALG00010027366","USP4",28.7783072075672,0.120269044962994,0.464754502585985,0.258779730575591,0.795805197943692,0.998861670134564
"ENSGALG00010001136","SERP1",21.4668641185998,0.141426149915048,0.5468645221111,0.258612771896576,0.795934027868458,0.998861670134564
"ENSGALG00010007579","GATB",19.6328355652395,0.146755958134281,0.568418782343363,0.258182809387939,0.796265824407462,0.998861670134564
"ENSGALG00010019062","PUS10",31.6265276937954,0.119988093024588,0.464742496966219,0.258181883102698,0.796266539249655,0.998861670134564
"ENSGALG00010028512","NDUFA13",90.7134527334651,-0.0867954519173267,0.336281844474966,-0.258103294433988,0.796327189112507,0.998861670134564
"ENSGALG00010005763","AKAP6",312.412313695854,0.0603818024686922,0.233996532148332,0.258045715098101,0.796371626055532,0.998861670134564
"ENSGALG00010012295","CUL4B",17.9318128498241,0.15771092931863,0.611717407159621,0.257816644536776,0.796548418158495,0.998861670134564
"ENSGALG00010027151","C19orf70",11.3912770059436,-0.201432917578898,0.781506750769694,-0.257749427475207,0.796600296931474,0.998861670134564
"ENSGALG00010018277","ENSGALG00010018277",23.063677105161,-0.13145602985137,0.510375536336225,-0.257567262716075,0.796740897958254,0.998861670134564
"ENSGALG00010001131","HPS3",100.827353303297,0.0803255787890608,0.311873105005632,0.25755853101732,0.796747637549409,0.998861670134564
"ENSGALG00010011549","KIAA0232",87.4705592942603,0.0820440229775972,0.318570212450384,0.257538274989772,0.796763272291002,0.998861670134564
"ENSGALG00010007835","GUCY1A1",29.2651845062182,0.119326652741274,0.463341696853703,0.257534889589164,0.796765885341597,0.998861670134564
"ENSGALG00010020737","POLR3A",35.651995785046,0.111385407938197,0.432641836962694,0.257454084237817,0.796828256323561,0.998861670134564
"ENSGALG00010009623","XPO5",21.7232414555097,-0.136079226104043,0.52870443390588,-0.257382418941976,0.796883573484263,0.998861670134564
"ENSGALG00010004721","LAMA2",12.4638796857747,-0.185536804959681,0.721151910432717,-0.257278393464079,0.796963870706407,0.998861670134564
"ENSGALG00010017693","MTFMT",10.5439177419067,-0.192429773688396,0.74801842926007,-0.25725271752829,0.796983690281035,0.998861670134564
"ENSGALG00010004533","PAG1",28.589175049458,0.119834146813804,0.466888200930507,0.256665614112705,0.797436918416163,0.998861670134564
"ENSGALG00010007784","INTS10",11.37814257335,-0.177829957794823,0.693383295354172,-0.256467034880022,0.797590231738219,0.998861670134564
"ENSGALG00010025193","ENSGALG00010025193",21.8443862318462,0.142422517222665,0.555587963798391,0.256345577123313,0.797684007185981,0.998861670134564
"ENSGALG00010025590","HRAS",17.5824106332984,-0.15072484351346,0.588526021215425,-0.256105657320271,0.797869253723874,0.998861670134564
"ENSGALG00010023223","CEP164",82.1308812719556,0.0982600417295172,0.383877719416087,0.25596703522929,0.797976291605098,0.998861670134564
"ENSGALG00010027234","SLC6A11",209.922791671096,-0.0716379171594861,0.280054734077945,-0.255799700709747,0.79810550502009,0.998861670134564
"ENSGALG00010019713","NUDT14",13.6875252478811,-0.173181769538194,0.677051911377407,-0.255788022495749,0.798114522982865,0.998861670134564
"ENSGALG00010020036","TMF1",19.4735980729048,-0.138021311956623,0.539600549275762,-0.255784231765278,0.798117450205633,0.998861670134564
"ENSGALG00010011509","EXOC2",64.5064600120507,0.09337939355877,0.365177803283126,0.255709390656398,0.798175243499703,0.998861670134564
"ENSGALG00010021774","FBXL20",13.4987589784,0.168063371080091,0.657562651141244,0.25558533591956,0.798271042644109,0.998861670134564
"ENSGALG00010021756","USP42",18.393861628944,0.148955877349154,0.583359472763642,0.255341490630951,0.798459356841095,0.998861670134564
"ENSGALG00010019426","GRM7",43.0587805440462,0.114095434568247,0.447373135480286,0.255034166156976,0.798696710755675,0.998861670134564
"ENSGALG00010022992","SLC7A6",12.004870442606,-0.175957003912569,0.690919858959513,-0.254670641798531,0.798977493178632,0.998861670134564
"ENSGALG00010024313","SERINC3",15.338347943338,-0.172949773939335,0.679879437555915,-0.254383004376583,0.799199679747161,0.998861670134564
"ENSGALG00010013949","PRRC2C",123.942450501584,-0.0757043266328438,0.297693896346012,-0.254302582491822,0.799261804832401,0.998861670134564
"ENSGALG00010019018","SH3BGRL",20.0648625521068,0.138990327353919,0.547304659431708,0.253954219023532,0.799530926723684,0.998861670134564
"ENSGALG00010017406","IFT140",28.6982799796823,-0.11889568269715,0.468408850881672,-0.253828855866741,0.799627779588552,0.998861670134564
"ENSGALG00010016464","PANK2",10.1332023442403,0.194435189022683,0.76645197802129,0.253682154392303,0.799741121889761,0.998861670134564
"ENSGALG00010021721","TP53I11",14.9997464524124,0.165502026044011,0.652706817872412,0.253562582023407,0.799833507227122,0.998861670134564
"ENSGALG00010024527","ATP6V0B",60.4405420517351,0.126521639058306,0.499162541554858,0.253467815642174,0.799906728675378,0.998861670134564
"ENSGALG00010019598","KCNAB2",13.0621138284872,-0.169853098972905,0.670705661820269,-0.253245363266996,0.800078613890359,0.998861670134564
"ENSGALG00010025833","ENSGALG00010025833",512.825415488872,0.0618893548626127,0.244421027902911,0.253207980481926,0.800107499891258,0.998861670134564
"ENSGALG00010012419","HACE1",29.4116682375784,-0.114688791941121,0.453281090429575,-0.25301914057882,0.800253422293845,0.998861670134564
"ENSGALG00010025578","ORMDL2",14.8338813515201,0.164928467205941,0.652303214340837,0.252840187783843,0.800391711058225,0.998861670134564
"ENSGALG00010008412","NEK1",143.788971376604,0.0728247130089515,0.288066508658498,0.252805205811984,0.80041874469314,0.998861670134564
"ENSGALG00010029115","ENSGALG00010029115",28.7884894969324,0.127280243705388,0.503593891430218,0.252743819715344,0.800466183686749,0.998861670134564
"ENSGALG00010028165","NFIC",26.4775711604633,0.129903532244021,0.514410225035799,0.252529063229606,0.800632152653156,0.998861670134564
"ENSGALG00010020202","MAPKBP1",50.9579125109871,0.0974797236953957,0.386074516667095,0.252489401623601,0.800662805079055,0.998861670134564
"ENSGALG00010013048","WDR75",19.0495514055243,0.141038025535119,0.558903684212543,0.252347639707962,0.800772368119104,0.998861670134564
"ENSGALG00010024403","HMBS",20.7829418768381,-0.148626751020734,0.589621916245954,-0.252071279790652,0.800985968716309,0.998861670134564
"ENSGALG00010005632","ITGB1",44.0314342597981,-0.102814545385752,0.408184452620446,-0.251882561243348,0.801131839210091,0.998861670134564
"ENSGALG00010020484","TRNT1",15.5820641675991,0.170998092141706,0.678980110478041,0.251845509909434,0.801160478949845,0.998861670134564
"ENSGALG00010020599","PARN",24.5847032011643,-0.129613471476841,0.514973246895505,-0.251689718365393,0.801280904779052,0.998861670134564
"ENSGALG00010019752","GPAM",17.6600741701456,0.148336993245174,0.590330061150127,0.251278061219129,0.801599135736667,0.998861670134564
"ENSGALG00010011796","METAP2",27.5476470443264,-0.122545182146969,0.487833708749953,-0.251202776579306,0.801657337980083,0.998861670134564
"ENSGALG00010029339","PITPNA",41.6788721070049,0.10557582382152,0.420325839933809,0.251176144293546,0.801677927553544,0.998861670134564
"ENSGALG00010016111","EPB41",70.1036092643758,-0.0887259895393019,0.353298404774069,-0.251136117062406,0.80170887309546,0.998861670134564
"ENSGALG00010015174","ST6GAL2",47.6954673909801,0.0977488897334696,0.389602822402755,0.250893689965164,0.801896303094907,0.998861670134564
"ENSGALG00010014954","ENSGALG00010014954",15.5000182938171,0.160075733150939,0.638025844090853,0.250892239920214,0.801897424216451,0.998861670134564
"ENSGALG00010014010","EIF5A2",10.3225614644464,-0.192423851242303,0.767743029420851,-0.25063575163614,0.80209573796029,0.998861670134564
"ENSGALG00010027277","KCND3",56.0017851366467,0.0936461125058534,0.373960549409802,0.250417089860545,0.802264814757669,0.998861670134564
"ENSGALG00010011895","PHF21B",427.00211886741,-0.0638891448709388,0.2552027652651,-0.250346601082367,0.802319321076416,0.998861670134564
"ENSGALG00010002706","ROCK2",107.985625453816,0.0742518696978575,0.296652126593611,0.250299468776694,0.802355767250795,0.998861670134564
"ENSGALG00010015388","PSMD1",38.5369837483052,0.108603833783602,0.434258235431992,0.250090441406516,0.802517407808267,0.998861670134564
"ENSGALG00010021254","FNBP1L",140.830837220051,0.0771927658258465,0.308751386110677,0.250015932878032,0.802575027186805,0.998861670134564
"ENSGALG00010027917","PPARG",178.057085712262,-0.0734792378822319,0.294471993329951,-0.249528782181671,0.802951779898892,0.998861670134564
"ENSGALG00010028877","FAM163B",16.7675470636042,-0.163230331480049,0.654202174923705,-0.24951053013403,0.802965896562154,0.998861670134564
"ENSGALG00010009119","CISD1",14.9220267039072,-0.163092066738982,0.655045390285961,-0.248978268006411,0.803377591791137,0.998861670134564
"ENSGALG00010021627","NCOA6",56.2039424010652,0.0936104094543737,0.376148832604686,0.248865346214576,0.80346494179539,0.998861670134564
"ENSGALG00010005316","PARP4",10.5772569539834,0.183669887124167,0.738641699604244,0.248658973928192,0.803624586235449,0.998861670134564
"ENSGALG00010028440","PSMB7",47.3107368521558,0.0974344385562083,0.391878001699997,0.248634621319722,0.803643425344923,0.998861670134564
"ENSGALG00010023196","DGKZ",28.95740068224,0.11533928765568,0.463901397572369,0.248628885921144,0.80364786224974,0.998861670134564
"ENSGALG00010016387","CCDC85C",17.2349232000762,0.148967653189134,0.599210786667286,0.248606427827623,0.803665235893651,0.998861670134564
"ENSGALG00010007663","ARFIP1",19.9993916678804,0.136253637724715,0.548073573503778,0.248604647827955,0.803666612910518,0.998861670134564
"ENSGALG00010010947","LUC7L2",42.3458240127499,0.100495515837431,0.404240047348825,0.248603562404374,0.803667452600063,0.998861670134564
"ENSGALG00010026872","ENSGALG00010026872",13.1799029437199,0.166109985506156,0.66860828669235,0.248441410033837,0.803792897094495,0.998861670134564
"ENSGALG00010024524","TMEM41A",11.9740742285165,0.187564753756659,0.756034440804382,0.248090223981198,0.804064599353876,0.998861670134564
"ENSGALG00010002678","CCNI",39.3776202270401,0.107297246327018,0.432727469693435,0.247955708480981,0.804168676288994,0.998861670134564
"ENSGALG00010009359","REEP3",14.156882443752,-0.160249198077309,0.646405841049543,-0.247908029137111,0.804205567443353,0.998861670134564
"ENSGALG00010024493","JAK1",34.0812124160815,0.108806475884021,0.438978620437472,0.247862813399861,0.804240552823066,0.998861670134564
"ENSGALG00010024121","NRG4",18.2832504182302,-0.145891180557541,0.588599074469024,-0.24786172266606,0.804241396776024,0.998861670134564
"ENSGALG00010015029","TFRC",15.448224116396,0.150985274516618,0.610019856733069,0.247508786558542,0.80451449231452,0.998861670134564
"ENSGALG00010000045","TP53BP1",30.0446028044798,0.126438356796707,0.510952566678913,0.247456153549694,0.8045552208241,0.998861670134564
"ENSGALG00010018510","ENSGALG00010018510",11.6144240457136,-0.174040161799174,0.703352263178126,-0.247443807193804,0.804564774766164,0.998861670134564
NA,"SYNJ2BP.1",31.8421289843355,-0.114670797761958,0.463773471932268,-0.247256052150187,0.804710068261999,0.998861670134564
"ENSGALG00010017876","COMMD1",24.3495075943066,0.132005792127736,0.53389372787498,0.247251063714777,0.804713928634964,0.998861670134564
"ENSGALG00010008147","CDKAL1",187.786701375711,-0.0701888004521661,0.28406249629812,-0.247089289740325,0.804839122347717,0.998861670134564
"ENSGALG00010022108","USP47",45.6679700900788,0.0984172367831671,0.398591799865286,0.246912346958542,0.804976060633767,0.998861670134564
"ENSGALG00010005843","GPR12",45.8560999223804,-0.105763921186124,0.428392304563457,-0.246885670119356,0.804996706700532,0.998861670134564
"ENSGALG00010023692","ENSGALG00010023692",46.2829082654299,-0.105989965075495,0.429321868397567,-0.246877629297338,0.805002929778857,0.998861670134564
"ENSGALG00010013444","OSBPL8",21.4534896064375,-0.135886556283493,0.550955205467125,-0.246638120368211,0.805188299925577,0.998861670134564
"ENSGALG00010022760","ELAVL4",268.788686693727,0.0721093557125476,0.292452355092961,0.246567874926589,0.805242669110845,0.998861670134564
"ENSGALG00010017608","RBBP4",10.5033397439031,-0.192362554890955,0.780641638073867,-0.246415955169372,0.805360256522122,0.998861670134564
"ENSGALG00010017223","NOC2L",15.8685657211198,-0.148152949525938,0.601304835066673,-0.246385761241236,0.80538362744891,0.998861670134564
"ENSGALG00010025341","VPS26B",13.6399171695601,0.160415573538331,0.651352586416594,0.246280704005267,0.805464945979757,0.998861670134564
"ENSGALG00010009269","ENSGALG00010009269",65.9858389363528,0.108719777797233,0.441601695945186,0.246194203499454,0.805531902433686,0.998861670134564
"ENSGALG00010008832","MTSS1",315.198994012861,-0.0605683076755036,0.246077600079633,-0.24613499016531,0.805577737841934,0.998861670134564
"ENSGALG00010010635","ALDH9A1",14.2473228224772,-0.179893760283252,0.731039904986448,-0.246079261961202,0.805620876117392,0.998861670134564
"ENSGALG00010018837","RCOR3",53.6328915583711,0.0915681713780256,0.372244659353271,0.245989214558817,0.805690581563329,0.998861670134564
"ENSGALG00010013271","GULP1",10.588048747516,0.205658296358589,0.836152235171448,0.245957958022345,0.805714777523065,0.998861670134564
"ENSGALG00010006177","NEK9",25.3620865329536,-0.132048368640808,0.536881528406243,-0.245954389663582,0.805717539832792,0.998861670134564
"ENSGALG00010015865","VRK1",27.3550287847016,0.119409140163393,0.485907657751345,0.24574451186052,0.805880013045058,0.998861670134564
"ENSGALG00010014928","SUCO",17.6123442521298,-0.140221966510874,0.571191128981032,-0.245490448636731,0.806076702835556,0.998861670134564
"ENSGALG00010007090","CEBPZ",30.5076441643422,-0.117118828302872,0.47720052103462,-0.24542896149599,0.806124306582389,0.998861670134564
"ENSGALG00010013135","TTC3",70.1666387152867,0.0812613431299823,0.331264454685716,0.245306557889159,0.806219074394341,0.998861670134564
"ENSGALG00010023764","COX5A",45.3806632240187,-0.108683136998689,0.443438537095486,-0.245091772380815,0.806385373369705,0.998861670134564
"ENSGALG00010017010","NONO",13.3299581643895,-0.158413477995938,0.646520005174001,-0.245024866559703,0.806437177393863,0.998861670134564
"ENSGALG00010002800","TUBGCP5",37.1702356483759,0.103617324860591,0.422991274655094,0.244963267729529,0.806484873057296,0.998861670134564
"ENSGALG00010014080","MYO1B",35.3214054647295,-0.106532061925541,0.434943324233161,-0.244933203914245,0.806508151579154,0.998861670134564
"ENSGALG00010009491","RBM34",42.2018591972992,0.103579707122666,0.423117540495063,0.244801260192318,0.806610318111158,0.998861670134564
"ENSGALG00010017101","CSMD2",198.115084030997,0.0646181735182066,0.264044144626971,0.244724887232384,0.806669456653821,0.998861670134564
"ENSGALG00010022805","ENSGALG00010022805",22.5903024010371,0.130457499657112,0.533244822380787,0.244648413227261,0.806728674547215,0.998861670134564
"ENSGALG00010023163","CRTAC1",119.455848211522,0.117267809912828,0.479422032313304,0.244602462984414,0.806764256799371,0.998861670134564
"ENSGALG00010006847","SEL1L",21.5677487304476,-0.129384360908114,0.529235336206091,-0.244474153664089,0.80686361714218,0.998861670134564
"ENSGALG00010000059","MFAP1",10.343665466447,0.183169206855938,0.749247382185286,0.244470933380773,0.806866110909575,0.998861670134564
"ENSGALG00010002431","BCKDHB",101.912756664569,0.0835960482015466,0.34224197765267,0.244260066444524,0.807029409227188,0.998861670134564
"ENSGALG00010005045","UTRN",174.351042460105,0.0756575179829533,0.309785371439304,0.244225599263898,0.807056101896008,0.998861670134564
"ENSGALG00010024683","SHISA4",10.1209312349535,0.193051245032808,0.791103304688198,0.244027858168152,0.807209244309223,0.998861670134564
"ENSGALG00010000626","ABCA13",21.6778986400658,-0.337812218772717,1.38528545612311,-0.243857478817489,0.807341202093976,0.998861670134564
"ENSGALG00010007852","SLC20A2",223.298717340952,-0.0740319353039364,0.303604743862209,-0.24384314408979,0.807352304504664,0.998861670134564
"ENSGALG00010027363","VIPR1",17.2769741180479,-0.195699571574272,0.802703583115671,-0.243800545669261,0.80738529769798,0.998861670134564
"ENSGALG00010009007","TMEM65",96.6864270406875,0.0772173922204298,0.316863373071986,0.243693019713223,0.807468579883734,0.998861670134564
"ENSGALG00010017817","REEP1",97.5755546489995,0.0748875790410856,0.307471703371452,0.24355925511173,0.80757218775963,0.998861670134564
"ENSGALG00010004976","ENSGALG00010004976",28.7204938269095,-0.124284479280611,0.511125951448838,-0.243158225342138,0.80788282710118,0.998861670134564
"ENSGALG00010014155","ENSGALG00010014155",14.8531957312283,-0.148831745666008,0.612474645979453,-0.24300066401606,0.808004883056844,0.998861670134564
"ENSGALG00010002356","WNT11",18.3123263198293,0.14637703012758,0.603049743573999,0.242727953518512,0.808216151146098,0.998861670134564
"ENSGALG00010005547","LRP11",31.1228209810377,0.118313556829544,0.487491045734155,0.242698933375003,0.808238633796806,0.998861670134564
"ENSGALG00010020596","SUMF1",11.6276681760103,0.178440041728042,0.735459392502063,0.242623921248706,0.808296748351722,0.998861670134564
"ENSGALG00010006524","TAB2",10.2685329985177,0.180125292696828,0.742888925295951,0.242465981876187,0.808419113043277,0.998861670134564
"ENSGALG00010023242","MYT1",45.5113698781273,0.102075515787771,0.421453144851806,0.242198965732391,0.808625996422861,0.998861670134564
"ENSGALG00010000757","SCEL",13.8602884722373,0.161820679720867,0.668209620125104,0.242170532789651,0.808648026977775,0.998861670134564
"ENSGALG00010016141","RRP15",27.5625317221,0.115361805701585,0.476854946497295,0.241922216701256,0.808840434937054,0.998861670134564
"ENSGALG00010018052","PPP1RL",13.8428140380437,0.153794489360331,0.635889406717538,0.241857291119564,0.808890744492975,0.998861670134564
"ENSGALG00010024941","PDHX",24.7067864104606,-0.124162927237308,0.513385689106619,-0.241851165452962,0.808895491192298,0.998861670134564
"ENSGALG00010018724","RRBP1",11.9178090513322,0.173018730065402,0.715892797532619,0.241682456733362,0.809026224146624,0.998861670134564
"ENSGALG00010024162","SRCIN1",26.8790108220672,-0.123891877112977,0.512892012768557,-0.241555481521766,0.809124621181154,0.998861670134564
"ENSGALG00010001898","LHPP",35.0426216794231,-0.117361171084128,0.486137763555454,-0.241415458502517,0.809233132866126,0.998861670134564
"ENSGALG00010018736","EEF2KMT",10.0176210737556,-0.183448202103508,0.760310811090106,-0.241280538731899,0.809337693227817,0.998861670134564
"ENSGALG00010006561","ENSGALG00010006561",11.5159660694804,0.171819974843725,0.713010016187554,0.240978346647136,0.809571898929717,0.998861670134564
"ENSGALG00010009330","EIF3K",13.6902920855108,-0.161385165111761,0.669989868938972,-0.240877023062063,0.809650430819413,0.998861670134564
"ENSGALG00010015703","GK5",29.0922504564469,0.111630765488278,0.463493937708338,0.240846225605918,0.809674301085321,0.998861670134564
"ENSGALG00010008374","ZNF821",17.9103221042989,0.160036028187787,0.664509688494944,0.240833250377816,0.809684357882748,0.998861670134564
"ENSGALG00010023244","PPIB",44.6079610552768,0.0980490905746808,0.407216839470847,0.240778575616101,0.809726735363708,0.998861670134564
"ENSGALG00010029611","YWHAG",167.87187338713,-0.0875178426901945,0.363507423196288,-0.240759437374505,0.809741569222162,0.998861670134564
"ENSGALG00010024110","CPNE1",22.8072409718016,0.128523287850893,0.535116153415116,0.240178299665702,0.810192035736735,0.998861670134564
"ENSGALG00010029314","MED13",13.939236387546,-0.151865162429662,0.63246561371248,-0.240116077676121,0.810240270586241,0.998861670134564
"ENSGALG00010008764","ETFDH",11.8695915179717,-0.162087105817427,0.675943792833929,-0.239793763232692,0.810490142155472,0.998861670134564
"ENSGALG00010021309","ST3GAL3",84.5404874791252,0.0842567583268775,0.351742082648926,0.239541307347561,0.810685869952289,0.998861670134564
"ENSGALG00010007326","RWDD4",18.6046714978844,-0.159608033533879,0.667067493314475,-0.239268192699409,0.810897627714626,0.998861670134564
"ENSGALG00010024457","CHD6",45.3482559934807,0.0967474366113523,0.404445190727152,0.239210253526344,0.810942552275783,0.998861670134564
"ENSGALG00010014314","ENSGALG00010014314",284.255609470007,0.0591837899775548,0.24763823453095,0.238992941011934,0.811111056418385,0.998861670134564
"ENSGALG00010022234","COX15",35.327248569798,-0.109692703972038,0.459209733456257,-0.238872776381354,0.811204235841508,0.998861670134564
"ENSGALG00010027968","FKBP15",25.8775123220439,-0.124096482560757,0.519835744356848,-0.238722488608959,0.811320777457801,0.998861670134564
"ENSGALG00010014346","AFG1L",39.6948447788504,-0.100763016859984,0.422208073745668,-0.238657247754771,0.81137137019798,0.998861670134564
"ENSGALG00010019113","KLHDC1",62.3005316023334,-0.0862972491045022,0.36159993813583,-0.238653937689796,0.81137393709612,0.998861670134564
"ENSGALG00010007204","LANCL2",39.9470160829186,-0.111240871650565,0.466598332989623,-0.238408206342732,0.811564503166941,0.998861670134564
"ENSGALG00010001418","RNMT",14.5419009604116,-0.161934129104224,0.68011837119296,-0.2380969783542,0.811805878282709,0.998861670134564
"ENSGALG00010018451","PIK3R4",20.0346359735792,-0.128657228896239,0.540426475067015,-0.238066110436734,0.811829819094555,0.998861670134564
"ENSGALG00010002343","GPD1L",11.6195437704133,-0.164383593312403,0.690600857612221,-0.238029813459493,0.811857970849561,0.998861670134564
"ENSGALG00010001728","STS",20.1963808987121,-0.132463549544391,0.556642735905568,-0.237968702365071,0.811905368859889,0.998861670134564
"ENSGALG00010018274","ZNF711",52.1425542288458,-0.0945295449529526,0.398422056208248,-0.237259819028552,0.812455231953004,0.998861670134564
"ENSGALG00010018898","ENSGALG00010018898",38.6641373210199,0.119607556130737,0.504858150991331,0.236913192142937,0.81272413545347,0.998861670134564
"ENSGALG00010015614","ATG2A",64.8821873464495,0.0824365858574861,0.348021613061364,0.236872029677509,0.812756069617215,0.998861670134564
"ENSGALG00010018233","RASSF2",10.224134929143,-0.186152761162402,0.786598483091751,-0.236655377761119,0.812924155005438,0.998861670134564
"ENSGALG00010001845","ANKRD12",103.271981639862,-0.0702359790920773,0.296927600131897,-0.236542440180293,0.813011778959523,0.998861670134564
"ENSGALG00010001513","ZRSR2",25.987379316546,-0.117227021757248,0.495849410224854,-0.236416579993689,0.813109431827623,0.998861670134564
"ENSGALG00010010917","TANC1",18.5235853042139,0.132326078237041,0.559933182385581,0.236324765882367,0.813180670733742,0.998861670134564
"ENSGALG00010018410","EXOC6B",82.0353770230415,-0.0815303044588173,0.344997415097088,-0.236321493701259,0.813183209659609,0.998861670134564
"ENSGALG00010021693","PPA1",20.5479198912205,-0.128121251751658,0.542210005695907,-0.236294517632921,0.813204140800099,0.998861670134564
"ENSGALG00010005180","WAC",62.1258245271903,-0.0838280160701717,0.355334376669921,-0.235913048593217,0.813500142689301,0.998861670134564
"ENSGALG00010006828","GTF2A1",13.7954953608384,-0.15870687478072,0.6733244223634,-0.235706398742602,0.813660504303025,0.998861670134564
"ENSGALG00010022733","PCCB",52.5449195658992,-0.090813848824769,0.385857874126487,-0.235355696784354,0.813932669152304,0.998861670134564
"ENSGALG00010022560","SAMD10",10.5782612482271,-0.182181554800851,0.774087915049969,-0.235349953485698,0.813937126468768,0.998861670134564
"ENSGALG00010009728","CCDC149",27.618007692987,0.11300498716864,0.480199782135595,0.235329109617818,0.813953303236111,0.998861670134564
"ENSGALG00010018287","MKKS",13.1188157622281,-0.160951598954723,0.684008597239449,-0.235306397615905,0.813970929938407,0.998861670134564
"ENSGALG00010022235","RAMP2",17.2765884302151,-0.139914442584595,0.596055761845462,-0.234733814419313,0.814415340781008,0.998861670134564
"ENSGALG00010017089","CRTAP",11.2129815491839,-0.164094426379509,0.699989030411457,-0.234424282739193,0.814655608890927,0.998861670134564
"ENSGALG00010022900","MMP17",33.3116757690027,-0.10556614840125,0.450335039122694,-0.234416910145178,0.8146613319402,0.998861670134564
"ENSGALG00010021770","RALGAPB",23.575181669789,0.118827086969022,0.507299272820775,0.23423468815222,0.814802786713306,0.998861670134564
"ENSGALG00010002589","SLC4A7",122.523328784183,0.0678418136461334,0.289748263332468,0.234140535877135,0.814875877341077,0.998861670134564
"ENSGALG00010024106","WDR33",50.4214419317527,-0.0876361883764631,0.374637309579436,-0.233922746441999,0.815044953953999,0.998861670134564
"ENSGALG00010027607","ABL1",17.7351192591855,0.138116204665991,0.590520620300765,0.233888876895857,0.815071248694801,0.998861670134564
"ENSGALG00010001843","PRICKLE1",39.1287644082202,-0.104870761902381,0.4484157513691,-0.233869487372357,0.815086301913056,0.998861670134564
"ENSGALG00010013333","PPP1R12A",218.348897229412,-0.0658321399771775,0.281567348136482,-0.233806016261755,0.81513557871647,0.998861670134564
"ENSGALG00010004355","ANKMY2",16.1180148234086,-0.140653300800178,0.601929953282123,-0.233670545938514,0.815240755696386,0.998861670134564
"ENSGALG00010024336","TSPAN4",19.6110410223326,0.128571213304064,0.550640816683417,0.233493793791869,0.815377988225641,0.998861670134564
"ENSGALG00010016620","ENSGALG00010016620",12.8789372715534,0.158629596617829,0.679855685358427,0.233328337225271,0.815506455860835,0.998861670134564
"ENSGALG00010009326","DLD",24.384840433421,-0.126077365805789,0.540516321800887,-0.233253577589897,0.815564504102462,0.998861670134564
"ENSGALG00010009034","SNX17",25.6421061581296,-0.130188637484749,0.558457538536252,-0.23312181947795,0.81566681213114,0.998861670134564
"ENSGALG00010008242","CNTN5",238.550362639687,-0.0812651824633168,0.348845181018129,-0.232954866184875,0.815796453158474,0.998861670134564
"ENSGALG00010029621","TAF15",47.7461966443035,-0.0920700324091486,0.395643686529126,-0.232709469514992,0.81598701546278,0.998861670134564
"ENSGALG00010029598","SUPT4H1",15.2638014044308,-0.148527328753745,0.638353706585507,-0.232672462337852,0.816015754258438,0.998861670134564
"ENSGALG00010029235","TRIM37",14.3961723310051,-0.152741820737295,0.656902989793996,-0.232518078179542,0.816135647584417,0.998861670134564
"ENSGALG00010028674","ENSGALG00010028674",23.781287380018,0.123383440441306,0.530776656306215,0.232458302329943,0.81618207011872,0.998861670134564
"ENSGALG00010023237","GAD1",137.655748006509,-0.0701476327861417,0.301844525363702,-0.232396571385943,0.816230011676325,0.998861670134564
"ENSGALG00010017524","ACBD3",14.8103849701513,-0.143454812152058,0.617299786272862,-0.23239083398718,0.816234467496568,0.998861670134564
"ENSGALG00010024708","BNIP2",18.2893873522011,0.129438531439554,0.557320492110663,0.232251520035357,0.816342664331544,0.998861670134564
"ENSGALG00010027351","TMEM38A",11.1294211075226,-0.183462435425627,0.790075174685832,-0.232208834429685,0.816375816395618,0.998861670134564
"ENSGALG00010017739","MRPL20",12.6918752581071,-0.161917401670421,0.697938134551573,-0.231993917017378,0.81654273844725,0.998861670134564
"ENSGALG00010027460","WDR82",22.7430555091941,0.12268245931255,0.528875946938401,0.231968309435784,0.816562627898287,0.998861670134564
"ENSGALG00010008358","HPF1",16.0271655634778,-0.150252194874282,0.648270224179699,-0.231774018410928,0.816713537907043,0.998861670134564
"ENSGALG00010013081","NCOA5",23.3168259175074,0.119905219856426,0.51735492477635,0.231765880856862,0.816719858668245,0.998861670134564
"ENSGALG00010023190","SF3B3",30.2962328549972,0.11092427246566,0.478711901386972,0.231714047936305,0.816760119634532,0.998861670134564
"ENSGALG00010013273","STAG2",74.9055669654231,0.0781288884018113,0.337594943443781,0.231427898785522,0.816982393281633,0.998861670134564
"ENSGALG00010027147","KMT2C",127.529945699563,0.0657042561342476,0.283948886597197,0.231394660220852,0.817008213138591,0.998861670134564
"ENSGALG00010016984","RNF103",11.4991289955374,0.179833179617035,0.777303330104343,0.23135521572112,0.817038854049693,0.998861670134564
"ENSGALG00010013787","ZCCHC10",15.0338171773123,0.146310550978188,0.632670154962687,0.231258816036323,0.817113739537017,0.998861670134564
"ENSGALG00010027501","BAP1",11.6775534521776,-0.169220476901078,0.732023591402853,-0.23116806464773,0.817184238823846,0.998861670134564
"ENSGALG00010003755","SLC35A1",15.1286777756047,-0.141058257749934,0.610460918289705,-0.231068449304058,0.81726162568613,0.998861670134564
"ENSGALG00010021096","ZFAND4",14.6031944302633,-0.154560368280635,0.669394499679717,-0.230895784704815,0.817395765582352,0.998861670134564
"ENSGALG00010011440","FUNDC1",31.8317552447622,-0.105668346764342,0.457903909683309,-0.230765329864563,0.817497117053546,0.998861670134564
"ENSGALG00010011556","LAPTM4B",87.0985960479282,-0.0821595824060836,0.356609245244719,-0.230391061089015,0.817787906565905,0.998861670134564
"ENSGALG00010017335","THUMPD2",10.3729524806559,-0.164664771814478,0.71541751460498,-0.230165977842181,0.817962797905906,0.998861670134564
"ENSGALG00010026102","IPO9",13.1245568905163,0.150748483420686,0.655644671908583,0.229924057770281,0.818150781685459,0.998861670134564
"ENSGALG00010006988","USPL1",24.1866361481549,0.118541603787241,0.515955768083739,0.229751484759062,0.818284885783043,0.998861670134564
"ENSGALG00010009040","CRELD2",11.867908774148,-0.15621207336529,0.680453182210608,-0.229570641227364,0.818425422493042,0.998861670134564
"ENSGALG00010020111","ADRA2B",13.5037022383573,0.165333318802717,0.720378252382603,0.2295090367538,0.8184732977526,0.998861670134564
"ENSGALG00010019295","MAP4K5",38.9676418931819,-0.0968810243052977,0.423115892922345,-0.228970421404328,0.818891905738728,0.998861670134564
"ENSGALG00010011926","DYRK2",15.1407673945984,0.152000512658642,0.664485130200692,0.22874930641824,0.81906376967439,0.998861670134564
"ENSGALG00010015758","PCDH19",71.8017311605329,0.0758714196160193,0.332102348484743,0.228457943649576,0.819290247706966,0.998861670134564
"ENSGALG00010009076","TMEM214",12.9729188065886,0.157179876639548,0.688820287503604,0.228187060530975,0.819500820308309,0.998861670134564
"ENSGALG00010019591","HSP90AB1",48.1793290265499,0.0872351095836019,0.382306442886178,0.228181112839822,0.819505443927446,0.998861670134564
"ENSGALG00010015796","LARP1",30.1920230842016,0.105569738662859,0.464152359604371,0.227446303952529,0.820076718256966,0.998861670134564
"ENSGALG00010024691","TCTN2",12.3999524753169,-0.155685783865734,0.684524484498792,-0.227436399122708,0.820084419381504,0.998861670134564
"ENSGALG00010017700","VPS35L",55.7969286458584,-0.0836719548992504,0.36816802340439,-0.227265676485289,0.820217161015215,0.998861670134564
"ENSGALG00010024243","MPP3",39.5821323698478,-0.0964904771001567,0.424608002603043,-0.227246016345961,0.820232447655134,0.998861670134564
"ENSGALG00010029275","PCYT2",34.00356538094,-0.103077566875304,0.453992189331776,-0.227047004987073,0.820387191754398,0.998861670134564
"ENSGALG00010026223","ENSGALG00010026223",54.6324282861555,-0.0969741167620593,0.427423911953378,-0.226880420234039,0.820516727463615,0.998861670134564
"ENSGALG00010024930","TMEM237",12.9672235351165,0.15785182831434,0.696005637544183,0.22679676686429,0.820581777872058,0.998861670134564
"ENSGALG00010003103","YTHDF3",23.4053604562639,0.117982833551479,0.521238738357541,0.226350853973845,0.820928548800632,0.998861670134564
"ENSGALG00010011033","DROSHA",42.6639979079851,-0.0937068839669876,0.41421015750786,-0.226230289790055,0.821022313382437,0.998861670134564
"ENSGALG00010006016","MTMR6",12.4176006909516,-0.146679411175311,0.64897984929095,-0.226015355231087,0.821189477569417,0.998861670134564
"ENSGALG00010011002","RPRM",200.042492484756,-0.187198367012288,0.829642885465089,-0.225637283573337,0.821483540450838,0.998861670134564
"ENSGALG00010021577","ARIH1",32.7235017268101,0.104195124606391,0.462598246981812,0.22523890932619,0.821793421761812,0.998861670134564
"ENSGALG00010017115","LGALSL",14.1260287451248,0.145372938050346,0.645454613703025,0.225225654854847,0.821803732426975,0.998861670134564
"ENSGALG00010003617","COG3",20.3030843180015,-0.125547666123498,0.557755557012455,-0.225094424510941,0.821905818290096,0.998861670134564
"ENSGALG00010024415","SIK2",38.4911375130417,0.0971269076303177,0.43152599360575,0.225077768360472,0.821918775550988,0.998861670134564
"ENSGALG00010007581","LPCAT1",62.8210078360281,0.0827501286606375,0.368021288855402,0.224851472364553,0.822094822015644,0.998861670134564
"ENSGALG00010024240","WDR61",24.4432318675555,-0.114598625719694,0.50977402211679,-0.224802796430923,0.822132690520457,0.998861670134564
"ENSGALG00010017795","MACF1",88.8642072285832,0.0749802018779915,0.333817529451456,0.224614333468953,0.822279313301855,0.998861670134564
"ENSGALG00010004248","GRSF1",11.8289551221913,-0.155082635442085,0.690642994149496,-0.224548191693545,0.822330772582396,0.998861670134564
"ENSGALG00010027283","RAB7A",20.2762837549436,-0.127640185314589,0.568618886576007,-0.224474051650282,0.822388455542236,0.998861670134564
"ENSGALG00010023188","KIF1BP",16.0925921371991,-0.13682410964379,0.609620801484543,-0.224441340109453,0.822413906311395,0.998861670134564
"ENSGALG00010015693","COA5",10.0746745363807,-0.173980640935867,0.775189633078125,-0.224436232777036,0.82241788001874,0.998861670134564
"ENSGALG00010005437","PDE7B",120.087390059658,0.0727339588505555,0.324086630103135,0.224427520590434,0.82242465845624,0.998861670134564
"ENSGALG00010023026","PHRF1",32.5956655942451,-0.102587530302594,0.457124563809459,-0.224419203045398,0.822431129858826,0.998861670134564
"ENSGALG00010023282","SERBP1",59.3501838887193,0.0814315596465496,0.362995813292543,0.224331952779088,0.822499014992109,0.998861670134564
"ENSGALG00010007569","GPR89A",11.386857742852,-0.15646647704955,0.698461906183613,-0.224015763299791,0.822745037575963,0.998861670134564
"ENSGALG00010003165","BMP2K",15.898534175936,-0.146972982185068,0.656794827147705,-0.223773050746053,0.822933900622142,0.998861670134564
"ENSGALG00010029772","VPS53",28.7388895324235,-0.117283128760211,0.524144662313337,-0.223760990415464,0.822943285450778,0.998861670134564
"ENSGALG00010013041","LRP12",27.8758425517846,-0.105209585823266,0.470966149178841,-0.223390971955639,0.823231230145093,0.998861670134564
"ENSGALG00010004950","SLIRP",13.3510080234383,-0.169737839458206,0.760185647689222,-0.223284719955142,0.823313918798108,0.998861670134564
"ENSGALG00010017322","KHDRBS1",36.4423283523121,0.109539338526447,0.490716203933956,0.223223398062457,0.823361642319104,0.998861670134564
"ENSGALG00010018414","EPAS1",44.012878445707,-0.101103346692772,0.453007184351624,-0.223182656225372,0.823393349854247,0.998861670134564
"ENSGALG00010018958","PELI3",43.9330710358995,0.089155639492833,0.399611377366978,0.223105858697707,0.823453118691866,0.998861670134564
"ENSGALG00010024707","ENSGALG00010024707",16.0581810925359,-0.165599593685053,0.742459390743509,-0.223041954549487,0.823502853842531,0.998861670134564
"ENSGALG00010001838","PPHLN1",81.2034726246943,-0.075951168390453,0.340603770610471,-0.222989804999293,0.823543441181182,0.998861670134564
"ENSGALG00010024718","ENSGALG00010024718",11.9247246583603,-0.153441056445568,0.688789037860422,-0.222769306727354,0.823715057426981,0.998861670134564
"ENSGALG00010001480","JAKMIP3",25.5942771125265,0.110253450862385,0.495439805358155,0.222536521430049,0.823896245948231,0.998861670134564
"ENSGALG00010007251","SPAST",29.7668629993536,0.104904447949039,0.472066732481304,0.222223767808492,0.824139692619195,0.998861670134564
"ENSGALG00010009407","PTPN12",52.7501343073239,0.0834108975833307,0.375451562835949,0.222161540501502,0.824188132225054,0.998861670134564
"ENSGALG00010022695","PIK3IP1",11.5350647445905,-0.151488253588805,0.682086850479205,-0.222095255878889,0.824239730903898,0.998861670134564
"ENSGALG00010011685","NDUFA2",14.0832001220506,-0.169173663483662,0.762416650412937,-0.221891354801912,0.824398460657196,0.998861670134564
"ENSGALG00010020886","GBF1",75.0613008866618,0.072056823537076,0.324790090556806,0.221856594865764,0.82442552075076,0.998861670134564
"ENSGALG00010012509","MICAL3",219.353303390557,0.0555802977879669,0.250704109314062,0.221696796035922,0.824549924448653,0.998861670134564
"ENSGALG00010023057","PAFAH1B2",24.5642661141766,-0.113175099547484,0.510830284579563,-0.221551272436075,0.824663218686806,0.998861670134564
"ENSGALG00010000026","ND3",323.733135589605,-0.0747031879524584,0.337367311574732,-0.221429834454814,0.824757764385749,0.998861670134564
"ENSGALG00010010578","GLUD2",32.8929852949424,-0.100932673066177,0.45627883637398,-0.221208316099609,0.824930234338209,0.998861670134564
"ENSGALG00010002372","SMC6",35.3853211369438,-0.104176513066335,0.470965348084338,-0.22119783013777,0.824938398717008,0.998861670134564
"ENSGALG00010023200","VPS26A",14.3546210393082,0.142077196968073,0.642983576973535,0.220965514604304,0.825119284644539,0.998861670134564
"ENSGALG00010021120","PDCD11",14.9641093781707,-0.141771273207741,0.641788921872512,-0.220900156384911,0.825170175649871,0.998861670134564
"ENSGALG00010022724","LUZP2",917.373606943064,0.0644273368513285,0.291659839078812,0.220898897341567,0.825171156007868,0.998861670134564
"ENSGALG00010002927","GABRA5",22.4353203106469,0.119758599447991,0.542258352173924,0.220851553448419,0.825208020674682,0.998861670134564
"ENSGALG00010008032","PUM2",67.4612329660812,0.077324952884403,0.350632228311998,0.220530078642965,0.825458349561386,0.998861670134564
"ENSGALG00010008824","GREM2",32.6610356317935,0.0971909852805434,0.440776571602298,0.220499435637511,0.825482211858758,0.998861670134564
"ENSGALG00010021518","CPEB3",109.400060098976,0.0732277623693819,0.332129430464686,0.220479595159418,0.825497662106421,0.998861670134564
"ENSGALG00010004230","TAF1B",10.0166341916936,0.163811894589746,0.743483953863159,0.220330100923599,0.825614078962168,0.998861670134564
"ENSGALG00010029264","COL26A1",75.1890933825437,-0.0954683208312044,0.433565852598203,-0.220193357615913,0.825720569542507,0.998861670134564
"ENSGALG00010021781","RAPGEF4",218.263961636804,0.0566066428027121,0.257080826252237,0.220190060954495,0.825723136898872,0.998861670134564
"ENSGALG00010007638","ENSGALG00010007638",22.1711359894528,0.130479841249918,0.593221006043131,0.219951485063277,0.825908938702635,0.998861670134564
"ENSGALG00010016797","SEC62",34.9213133815116,0.100258596362323,0.45638912061444,0.21967788414269,0.826122029839555,0.998861670134564
"ENSGALG00010005193","EPB41L2",38.7180247787147,-0.104984991134011,0.478000574020107,-0.219633608911931,0.826156514331681,0.998861670134564
"ENSGALG00010018338","PDCD6IP",26.9580591694234,0.108044028735512,0.492184263369601,0.219519470199676,0.826245414692514,0.998861670134564
"ENSGALG00010000653","NSUN2",10.557648009986,0.160053007263089,0.729162614848563,0.219502486830499,0.826258642889598,0.998861670134564
"ENSGALG00010016955","ENSGALG00010016955",19.2148570763376,-0.121985133398338,0.556138174904043,-0.219343211638701,0.826382703336911,0.998861670134564
"ENSGALG00010017094","SORBS2",311.57105401369,0.0549017995012517,0.250333459924626,0.219314667395172,0.826404937085552,0.998861670134564
"ENSGALG00010001495","CCNL1",93.8737441051673,-0.0693656988767737,0.316294699992213,-0.21930718054549,0.826410768782982,0.998861670134564
"ENSGALG00010007401","SEC61G",21.505872592511,-0.121265507193191,0.552984020875749,-0.219292967997783,0.826421839323821,0.998861670134564
"ENSGALG00010026900","ENSGALG00010026900",13.4598356754123,0.145416965411722,0.663996922906168,0.219002468829621,0.826648124601888,0.998861670134564
"ENSGALG00010021435","GCN1",20.9893150158996,-0.117500531338441,0.536820565764591,-0.218882320894479,0.826741718438862,0.998861670134564
"ENSGALG00010026106","TESK2",18.7050396123067,-0.121393560089059,0.55508045899859,-0.21869543076343,0.826887308557879,0.998861670134564
"ENSGALG00010009323","RNF150",72.9724079261647,-0.0742319093963887,0.339453571069889,-0.21868059647281,0.826898864940108,0.998861670134564
"ENSGALG00010011025","POLR3B",20.4806766498528,0.118050814055825,0.54051672230385,0.218403629683566,0.827114637722639,0.998861670134564
"ENSGALG00010020562","LRRN1",13.6797713390282,-0.147540444375738,0.675808498993777,-0.2183169412569,0.827182175589268,0.998861670134564
"ENSGALG00010021131","EDC3",13.635611963365,0.15227508176064,0.697566370407827,0.218294757632329,0.82719945877853,0.998861670134564
"ENSGALG00010015716","MGAT4A",26.889663728214,0.119965684930601,0.549877873957608,0.218167870744058,0.827298317545917,0.998861670134564
"ENSGALG00010011144","ATF7IP",128.212613205685,0.0667099375374001,0.306387634708911,0.21773051513903,0.827639086372707,0.998861670134564
"ENSGALG00010027359","ENSGALG00010027359",26.2619770799552,-0.11267410260748,0.517577081167752,-0.217695308983284,0.827666518919228,0.998861670134564
"ENSGALG00010004717","ALKBH8",12.9252150007891,-0.150823596391414,0.693691141528829,-0.217421828479767,0.827879621385675,0.998861670134564
"ENSGALG00010010728","ELOVL2",67.2449536123809,0.0761149789646042,0.350083452655958,0.217419527793008,0.827881414188897,0.998861670134564
"ENSGALG00010019878","MCFD2",10.0590097046358,0.169394716255234,0.78004708184514,0.217159605102994,0.828083963933254,0.998861670134564
"ENSGALG00010009554","ABCB10",19.8078532019131,0.126993744034862,0.58587112394747,0.216760544843388,0.828394961545982,0.998861670134564
"ENSGALG00010006926","ID4",15.4137103425631,-0.132310781202349,0.610698240139433,-0.216654924651724,0.828477278499883,0.998861670134564
"ENSGALG00010004421","RAP1GDS1",97.267216322096,-0.0705960395114619,0.326112175615114,-0.216477779090288,0.828615344237231,0.998861670134564
"ENSGALG00010024931","UBE3C",69.3471209838137,0.0738884436030608,0.341625015797434,0.216285225572804,0.828765424809238,0.998861670134564
"ENSGALG00010019310","CRELD1",19.5407187105027,0.127693703412401,0.590424645044112,0.216274345056956,0.82877390551631,0.998861670134564
"ENSGALG00010020357","RBP4A",21.1359118313294,0.113714102687512,0.526616125178874,0.215933575237346,0.829039525170878,0.998861670134564
"ENSGALG00010005712","ADAT2",21.4568122698192,-0.112837951812586,0.52259380183337,-0.215919039637912,0.829050855661037,0.998861670134564
"ENSGALG00010020449","PRPF19",10.5140825039648,-0.159258810560811,0.738366647181943,-0.215690688587627,0.829228859819945,0.998861670134564
"ENSGALG00010027135","PRKAG2",18.6577830283329,-0.121034183724611,0.561147462568262,-0.2156905123845,0.829228997177153,0.998861670134564
"ENSGALG00010023338","HDLBP",17.3614220248658,-0.124585133965843,0.577732957919516,-0.215644844660566,0.82926459712462,0.998861670134564
"ENSGALG00010021100","EMC7",20.3644767055751,-0.114830701256557,0.532539397220471,-0.215628556039051,0.829277294887815,0.998861670134564
"ENSGALG00010016180","ENSGALG00010016180",12.1804437152773,-0.163334702888299,0.757992682314124,-0.215483218636945,0.829390594350619,0.998861670134564
"ENSGALG00010011407","CEP290",64.534975912147,0.0769667627464193,0.357222351654449,0.215458977832584,0.82940949189703,0.998861670134564
"ENSGALG00010007374","CMIP",105.744933958978,0.0651000718015419,0.302171840696705,0.215440564056013,0.829423846899083,0.998861670134564
"ENSGALG00010028199","DPP9",16.972446623481,-0.130559431449928,0.606724983958831,-0.215187168654302,0.829621394532207,0.998861670134564
"ENSGALG00010018395","MED12",18.5780018547629,0.117644274108043,0.546715759533564,0.215183616086744,0.829624164198577,0.998861670134564
"ENSGALG00010015701","UNC50",12.514041933791,-0.140698007348455,0.65545357218785,-0.214657472807443,0.830034381402831,0.998861670134564
"ENSGALG00010024723","ITCH",52.3743779530784,0.0854049450178986,0.39792211751055,0.214627288254803,0.830057916746167,0.998861670134564
"ENSGALG00010023205","DNAJC17",13.3016108009383,-0.146284837724936,0.682162604822506,-0.214442768763319,0.830201792644314,0.998861670134564
"ENSGALG00010017183","NFYC",67.3811763507161,0.0825908520572297,0.385586475659592,0.214195406921231,0.830394677714754,0.998861670134564
"ENSGALG00010018539","CHD2",102.049188212011,0.0711932863580546,0.332390683016893,0.214185565347018,0.830402352079681,0.998861670134564
"ENSGALG00010016403","GRK4",21.3932688626072,0.111820512183929,0.522656912898287,0.213946299043193,0.830588934618204,0.998861670134564
"ENSGALG00010024679","MSL1",25.4537821945601,0.138098765121406,0.645962322610443,0.21378764718556,0.830712658377419,0.998861670134564
"ENSGALG00010006843","STON2",15.8796829767724,0.152962437114792,0.716855967752692,0.213379596454113,0.831030893715979,0.998861670134564
"ENSGALG00010021205","CDK5R2",19.3499153360792,0.123493321590062,0.578939082547974,0.213309699263271,0.831085408729325,0.998861670134564
"ENSGALG00010007324","GAN",12.5896417964957,0.141671002906002,0.664561306742817,0.213179734463277,0.831186774517202,0.998861670134564
"ENSGALG00010026396","ENSGALG00010026396",16.6365056470146,-0.124691054233115,0.585813995031334,-0.212850930996357,0.831443236665659,0.998861670134564
"ENSGALG00010021259","CEP104",11.6024918798294,0.163336296674291,0.767745008158958,0.212748106387522,0.831523442121403,0.998861670134564
"ENSGALG00010023606","LRRC7",80.5426277780942,0.0719318987858119,0.338136098308592,0.212730610974771,0.831537089102716,0.998861670134564
"ENSGALG00010024773","APOA1",73.9702654655979,0.107052385527421,0.50366664806007,0.212546107509294,0.831681010796208,0.998861670134564
"ENSGALG00010009555","EPC2",23.5886679126801,0.116534343302246,0.548345817967174,0.212519799520423,0.831701532769327,0.998861670134564
"ENSGALG00010027332","HDGF",17.0574846663421,0.12965528076478,0.610185954947199,0.212484865824221,0.831728783542587,0.998861670134564
"ENSGALG00010006157","SNX9",54.1320582801193,-0.0876107101411148,0.412658595056006,-0.212307973687606,0.83186677512354,0.998861670134564
"ENSGALG00010008036","SPOCK3",91.4944536480513,0.0830026768242351,0.390989653552142,0.212288678409149,0.831881827468407,0.998861670134564
"ENSGALG00010003889","ITM2B",96.6656151873752,0.0817525110722035,0.38537239999753,0.212138988346668,0.831998603541675,0.998861670134564
"ENSGALG00010009699","POLR1C",15.1737521368213,-0.147057942622487,0.694043212059748,-0.211885859651383,0.832196082501721,0.998861670134564
"ENSGALG00010019166","PNPT1",14.4699008432925,0.141775510410132,0.669234559454658,0.211847264023037,0.832226193904866,0.998861670134564
"ENSGALG00010027388","URM1",12.4819371782899,0.152086439387872,0.718628642736781,0.211634257728269,0.832392380843122,0.998861670134564
"ENSGALG00010021102","GOLGA3",14.1912292886606,-0.135294538338044,0.639468491634864,-0.211573424035562,0.832439844502207,0.998861670134564
"ENSGALG00010005363","RDX",71.085162522144,-0.079513303672107,0.375964403383478,-0.211491574618581,0.832503706011968,0.998861670134564
"ENSGALG00010003525","NOL10",28.5829529499835,-0.103117422157262,0.488187531737923,-0.211225022052836,0.832711686433571,0.998861670134564
"ENSGALG00010019146","KLHDC2",21.4918205561354,-0.111882047650226,0.529849942802492,-0.21115798759637,0.832763992611249,0.998861670134564
"ENSGALG00010014906","IFT27",40.4339236244752,-0.106994030135486,0.506984800927947,-0.211039916659537,0.832856123739233,0.998861670134564
"ENSGALG00010027269","CDC25A",10.0988915157852,-0.160038360641002,0.758360416024468,-0.211032059769109,0.832862254577333,0.998861670134564
"ENSGALG00010022315","ENSGALG00010022315",14.5811724487234,-0.131293796023314,0.623127127283105,-0.210701460865246,0.833120234591508,0.998861670134564
"ENSGALG00010023165","CSNK2A2",14.6740701770441,-0.138333518777942,0.656933873574138,-0.210574495154771,0.833219315970408,0.998861670134564
"ENSGALG00010024264","AMER3",57.8062743201488,-0.0763224646673471,0.363337678310354,-0.210059317333322,0.833621377108433,0.998861670134564
"ENSGALG00010029596","ATAD5",10.7023647902731,0.151302546007146,0.720656689524903,0.209950935315529,0.833705967421565,0.998861670134564
"ENSGALG00010027093","SLMAP",95.9101639951341,0.0689564530600353,0.328475203540763,0.209928945371604,0.833723130432012,0.998861670134564
"ENSGALG00010003383","UBE2J1",11.0714963659745,0.169139579832741,0.806068072864164,0.209832873335059,0.833798114970566,0.998861670134564
"ENSGALG00010000457","CATSPER4",26.4406928000738,-0.102579561314453,0.489222406968126,-0.209678787916057,0.83391838229992,0.998861670134564
"ENSGALG00010029383","GNA13",14.3723420224474,0.135263418295259,0.645811525058582,0.209447204094087,0.834099146281377,0.998861670134564
"ENSGALG00010019130","RPS6KC1",87.2858783942588,0.0664835676596469,0.317829594107134,0.209179915565813,0.834307790660315,0.998861670134564
"ENSGALG00010027776","TKTL1",27.9792673638388,0.104365403479189,0.499169136708501,0.209078237824096,0.834387162971238,0.998861670134564
"ENSGALG00010028871","PIP5K1A",13.3414110176581,-0.139283440783877,0.666371723424945,-0.2090176336835,0.834434472954928,0.998861670134564
"ENSGALG00010019810","ZFAND6",13.6482206454381,0.142474235899183,0.681667707898759,0.20900833976478,0.834441728207638,0.998861670134564
"ENSGALG00010029507","VPS37D",13.8114520036677,0.14230033960515,0.681132565210179,0.208917245883318,0.834512840951674,0.998861670134564
"ENSGALG00010029545","OMG",20.594048948514,-0.117050231466299,0.560764870783502,-0.20873317421392,0.834656541247425,0.998861670134564
"ENSGALG00010024191","DPYD",181.635986124991,0.0630016854870928,0.302190410968836,0.208483403841659,0.834851539758021,0.998861670134564
"ENSGALG00010019509","ZNF106",18.563785591342,-0.121355247522056,0.582459553860934,-0.208349655727392,0.834955962575358,0.998861670134564
"ENSGALG00010028876","ADAMTSL2",15.9017256320492,0.140716561676154,0.676202638919356,0.208098214317877,0.835152281408937,0.998861670134564
"ENSGALG00010020053","LFNG",13.0798227846252,-0.140590214781556,0.675992083466705,-0.207976126082075,0.835247608395199,0.998861670134564
"ENSGALG00010027996","GPX4",20.122526857825,-0.132253834973745,0.63805661583159,-0.207276018604362,0.835794301830357,0.998861670134564
"ENSGALG00010025047","PER2",20.1204327634136,-0.117233410799374,0.565677192995055,-0.207244365251259,0.83581902088378,0.998861670134564
"ENSGALG00010017376","GALNT14",15.1746619121301,-0.142753124395648,0.689216712474161,-0.207123712777061,0.835913243508748,0.998861670134564
"ENSGALG00010016276","ACTR2",21.0498868678273,-0.112573217072726,0.543852007086195,-0.206992372200411,0.836015815602134,0.998861670134564
"ENSGALG00010015131","DOK5",24.1429642987773,0.111219873846934,0.537671519725769,0.206854686860967,0.836123345712606,0.998861670134564
"ENSGALG00010025954","TUBA1A",240.882997081555,-0.0821743257132022,0.397309829692794,-0.206826812658374,0.836145115404498,0.998861670134564
"ENSGALG00010006064","DMTF1",11.9913727480233,-0.145269349200311,0.702389310996498,-0.2068216969222,0.836149110797008,0.998861670134564
"ENSGALG00010005035","NECTIN3",32.9686289966594,-0.0941949381207469,0.455877192681332,-0.206623493416551,0.836303911087743,0.998861670134564
"ENSGALG00010009490","SNTB1",19.0469173418108,0.127553266699796,0.617428327142253,0.206587973198723,0.836331653648777,0.998861670134564
"ENSGALG00010026003","NECTIN1",32.2234932867164,-0.103483836903752,0.500990694097426,-0.206558401429365,0.836354750414017,0.998861670134564
"ENSGALG00010022167","WDR3",24.5933873552113,0.106872843773656,0.518127540214374,0.206267444748136,0.836582007040233,0.998861670134564
"ENSGALG00010002383","INPP5F",26.4900470248401,0.102907688456518,0.499548485135737,0.206001402303433,0.836789815919341,0.998861670134564
"ENSGALG00010008226","COX20",13.5348601269124,0.14180004004829,0.688413737908533,0.205980840067329,0.836805877797868,0.998861670134564
"ENSGALG00010020057","RBKS",21.5027134520297,0.11143497773947,0.541160455345572,0.205918552693045,0.836854533049682,0.998861670134564
"ENSGALG00010019312","KBTBD2",12.1065734804939,-0.148015167262923,0.71931403257289,-0.205772667514205,0.836968492456553,0.998861670134564
"ENSGALG00010002725","TSPAN7",175.289630515573,-0.0551488426905483,0.268200055196558,-0.205625769353891,0.837083246618959,0.998861670134564
"ENSGALG00010010267","CCSER2",96.8983731614382,-0.0699590133414409,0.340538790094437,-0.205436253890607,0.837231297761116,0.998861670134564
"ENSGALG00010022400","NHLRC2",32.2144835137994,0.0947277659881425,0.461309792431335,0.205345231214104,0.837302407523778,0.998861670134564
"ENSGALG00010015617","SRSF10",29.4981106172886,0.0984839750765888,0.480598412000406,0.204919476672149,0.837635037931346,0.998861670134564
"ENSGALG00010021861","ENSGALG00010021861",13.1988520755791,0.135008166705873,0.659491023123914,0.204715700399316,0.837794253046548,0.998861670134564
"ENSGALG00010016011","ADD1",60.8990674520724,-0.0811753724668984,0.397038691615383,-0.204452045055433,0.838000262920349,0.998861670134564
"ENSGALG00010008348","ENSGALG00010008348",20.1400652911328,-0.113574816125484,0.555635535605399,-0.204405242011271,0.838036834131822,0.998861670134564
"ENSGALG00010000449","PLBD2",21.5982195088431,0.118165380597465,0.578464027259534,0.204274380132629,0.838139089538742,0.998861670134564
"ENSGALG00010012043","NUP50",13.265865822679,-0.131226892705238,0.644588940420038,-0.203582290164218,0.838679933713026,0.998861670134564
"ENSGALG00010025585","SARNP",51.4209072768884,-0.0766733219773962,0.377297809486919,-0.203216981518294,0.83896544042479,0.998861670134564
"ENSGALG00010021492","PARP6",15.29014492805,0.127208890204969,0.626403595969753,0.20307816082702,0.839073941196804,0.998861670134564
"ENSGALG00010028890","ENSGALG00010028890",11.8069277311191,0.148680751194753,0.732542141428603,0.202965457939111,0.839162030822039,0.998861670134564
"ENSGALG00010004238","CCNC",43.9103655880754,-0.0926355107872109,0.457350612648332,-0.202548128777605,0.839488236712655,0.998861670134564
"ENSGALG00010013265","PACS2",34.2338019507192,0.0913451666664331,0.451099458372072,0.20249451638909,0.839530144906903,0.998861670134564
"ENSGALG00010017280","SOS1",19.1907573778926,-0.113825200423008,0.564193743098453,-0.201748427407046,0.840113401346879,0.998861670134564
"ENSGALG00010022422","RPS6KB2",14.5596590019239,0.141523206367683,0.70169154399186,0.20168863025279,0.840160151687276,0.998861670134564
"ENSGALG00010023289","NFRKB",12.9303149925106,-0.144964722101398,0.719797891577836,-0.201396425020956,0.840388610365078,0.998861670134564
"ENSGALG00010015487","RPS6KA6",19.6635629892177,0.110768523155835,0.552184391578072,0.200600605242159,0.841010884776987,0.998861670134564
"ENSGALG00010013390","SLC16A2",51.1096562201676,0.0791081705078123,0.395848913586594,0.199844354228616,0.841602311299467,0.998861670134564
"ENSGALG00010020995","ENSGALG00010020995",26.0188781456038,0.0977522461013847,0.490443121172021,0.199314134262469,0.842017023443056,0.998861670134564
"ENSGALG00010006835","FRY",209.664919530324,-0.0545185675935957,0.273605390126984,-0.199259844874741,0.842059488424285,0.998861670134564
"ENSGALG00010021247","GNAO1",171.578791476159,0.0548115933319666,0.275095622000886,0.199245603886019,0.842070627755069,0.998861670134564
"ENSGALG00010029760","SHISA6",19.6861934351084,-0.11800339928829,0.592370812239752,-0.199205289744307,0.842102161731341,0.998861670134564
"ENSGALG00010010955","GTF3C3",10.770291406967,-0.150422637403874,0.756220190596086,-0.198913807478883,0.842330168532219,0.998861670134564
"ENSGALG00010029177","ASPSCR1",26.6916804211564,0.0986700482151118,0.496094085752784,0.198893820847285,0.84234580320268,0.998861670134564
"ENSGALG00010018796","PER3",27.7240374345498,0.100656422676052,0.507522444924526,0.198329007283649,0.842787657899814,0.998861670134564
"ENSGALG00010020990","UBB",73.5647178006176,-0.0802067221499359,0.404987883987093,-0.198047214055649,0.84300812378088,0.998861670134564
"ENSGALG00010000039","PDIA3",39.2882113487925,-0.0879725930566822,0.44431244572437,-0.197997138957607,0.843047302201292,0.998861670134564
"ENSGALG00010021689","MPRIP",57.4889268552044,0.0711518812993775,0.359749177972887,0.197781914889434,0.843215696488291,0.998861670134564
"ENSGALG00010005482","XPO4",23.679120599006,-0.102786705696027,0.519815173242059,-0.19773702459463,0.843250820179408,0.998861670134564
"ENSGALG00010000724","OBI1",38.8851891510798,-0.086504832529233,0.438193741977041,-0.197412295618237,0.84350490843906,0.998861670134564
"ENSGALG00010013917","TRPC5",16.677531817322,-0.116225341977202,0.58957596938177,-0.197133784301072,0.843722846089077,0.998861670134564
"ENSGALG00010001482","TRA2A",117.288250931223,0.060841233718536,0.308985792723345,0.196906249903248,0.843900902715897,0.998861670134564
"ENSGALG00010016236","GPATCH2",83.0771531064597,-0.0646881524833019,0.328681877306082,-0.196810828188929,0.843975577178735,0.998861670134564
"ENSGALG00010019017","IRAK2",18.4106137382764,0.116353074859812,0.593072041462214,0.196187084747656,0.844463736506478,0.998861670134564
"ENSGALG00010014328","RASSF8",186.614957159743,0.0599249047814221,0.305455599298909,0.19618204714192,0.8444676793232,0.998861670134564
NA,"SCN3A",180.625468159284,-0.0532522118572122,0.271916064806835,-0.195840624183208,0.844734912200438,0.998861670134564
"ENSGALG00010026973","MGLL",68.3517919638518,-0.0705603358833195,0.360483905491261,-0.195737825762737,0.84481537636499,0.998861670134564
"ENSGALG00010026871","ENSGALG00010026871",16.9079186033299,0.12289642451532,0.628477196429551,0.195546354288601,0.844965252557437,0.998861670134564
"ENSGALG00010009104","MTR",29.4148725868993,-0.10408404640848,0.532324353591444,-0.195527493165123,0.844980016592319,0.998861670134564
"ENSGALG00010029588","RAB11FIP4",31.0082379616837,-0.0881296895825737,0.451518959440801,-0.195184914697095,0.845248188267548,0.998861670134564
"ENSGALG00010011908","ENSGALG00010011908",31.4413035003252,-0.0967319447956872,0.496036370471822,-0.19500978265702,0.845385289196535,0.998861670134564
"ENSGALG00010004362","FBXL4",24.8023080411505,-0.0967521646066369,0.496559624105959,-0.194845009359825,0.845514285129205,0.998861670134564
"ENSGALG00010000043","PPIP5K1",11.3506514108623,-0.131613652790863,0.675565286207345,-0.194820035129023,0.845533837045793,0.998861670134564
"ENSGALG00010029200","GAS7",258.569770065114,0.0486581004860943,0.249808608586092,0.19478151998643,0.845563990107099,0.998861670134564
"ENSGALG00010024002","DGCR2",23.1900645678934,-0.110085545367022,0.565227495294429,-0.194763252466474,0.845578291617059,0.998861670134564
"ENSGALG00010004137","CROT",16.1727108616939,-0.127748743074766,0.656023239979326,-0.194732038881415,0.845602728626003,0.998861670134564
"ENSGALG00010029282","LUC7L3",246.025105255876,-0.0526858079939875,0.270994024189882,-0.194416862702003,0.845849487296655,0.998861670134564
"ENSGALG00010013250","E2F5",16.7022500816553,0.112603127365625,0.580797175917852,0.193876850705541,0.846272310228116,0.998861670134564
"ENSGALG00010022755","MINPP1",11.9068997998504,0.13004232534652,0.671088127711438,0.19377831312557,0.84634946875369,0.998861670134564
"ENSGALG00010000011","ND2",175.119817059743,0.0771679768011535,0.398952141487111,0.193426651411136,0.846624844731732,0.998861670134564
"ENSGALG00010001620","MOSPD2",33.0378449748997,0.0886488245660633,0.458563021780858,0.193318737786118,0.846709352485116,0.998861670134564
"ENSGALG00010020211","ADD3",163.045220280418,0.0575829697845692,0.298174387865445,0.193118430448675,0.846866218935583,0.998861670134564
"ENSGALG00010004113","ECHDC1",11.0778279210457,0.139999258341299,0.725116933530405,0.193071285288677,0.84690314055191,0.998861670134564
"ENSGALG00010013947","ENSGALG00010013947",37.1082971197901,-0.0918441726904467,0.476531191311077,-0.192734860519322,0.847166620535397,0.998861670134564
"ENSGALG00010013100","ZFPM2",77.6056198014869,-0.0844813422059964,0.438877333353677,-0.192494202333106,0.847355108862247,0.998861670134564
"ENSGALG00010024413","AMFR",17.6448731371723,0.118663320103869,0.61671921689167,0.192410608999578,0.847420582884508,0.998861670134564
"ENSGALG00010021022","ZFYVE1",19.4018462051196,-0.104730667596634,0.545187737027552,-0.192100189501036,0.847663726475444,0.998861670134564
"ENSGALG00010024371","YPEL1",19.697871445634,0.104863216618387,0.545984897550765,0.192062485773495,0.847693259821227,0.998861670134564
"ENSGALG00010018087","ENSGALG00010018087",37.121908748308,0.0873802246372884,0.454966832045687,0.192058450160855,0.847696420930992,0.998861670134564
"ENSGALG00010022135","CHST1",22.6579248651552,0.106675591600755,0.555847711613581,0.191915140373762,0.847808677585993,0.998861670134564
"ENSGALG00010021265","SIPA1L1",57.5080988072603,-0.0729399844523675,0.380113739125058,-0.191889892273455,0.847828455112674,0.998861670134564
"ENSGALG00010022521","RTF1",64.8155487417437,-0.0701638054395268,0.365771818611802,-0.191823978418612,0.847880087687335,0.998861670134564
"ENSGALG00010022041","MAPK8IP1",27.3044054562162,0.0968345997815259,0.505133152547283,0.191701137201565,0.847976315151823,0.998861670134564
"ENSGALG00010014917","EIF3D",11.4816696461084,-0.153207947485067,0.799356711884794,-0.191664053365887,0.848005365158621,0.998861670134564
"ENSGALG00010005849","SNX25",34.5672777378049,-0.0850334922049699,0.443779073315608,-0.191612217245078,0.848045971866796,0.998861670134564
"ENSGALG00010015984","PDCL3",14.8244836460981,0.120634610560555,0.629690328084301,0.191577677439577,0.848073029435679,0.998861670134564
"ENSGALG00010003914","CAMK2D",244.047557472024,0.0531876480356575,0.278171300537588,0.191204656745208,0.84836525537017,0.998861670134564
"ENSGALG00010005317","CHCHD3",74.5569561984702,0.0645010668390625,0.337856644175588,0.190912530361666,0.84859412292655,0.998861670134564
"ENSGALG00010011452","KITLG",10.5247408486023,-0.156966341442427,0.822900899873553,-0.190747563244306,0.848723372699691,0.998861670134564
"ENSGALG00010008516","MRE11",17.4775510196744,-0.109825096788779,0.576091192927132,-0.190638388743205,0.848808911858681,0.998861670134564
"ENSGALG00010007885","USP38",11.4686383572442,0.135850684637002,0.712647728276859,0.190628103123939,0.848816970821469,0.998861670134564
"ENSGALG00010008859","LRFN3",18.6532055175061,0.112396592869092,0.590089825760057,0.190473700718905,0.84893794970782,0.998861670134564
"ENSGALG00010021980","GLMN",52.5248371929164,0.0725258257421975,0.381127734372035,0.190292700324458,0.849079773441589,0.998861670134564
"ENSGALG00010009573","ENSGALG00010009573",32.986296190945,-0.0943179082449034,0.495655907134142,-0.190289083389009,0.849082607558638,0.998861670134564
"ENSGALG00010027218","IARS1",50.3528380695267,-0.0763993817791678,0.40151609689301,-0.190277257550463,0.849091873928013,0.998861670134564
"ENSGALG00010025349","SETD1A",22.9327090559958,0.100191109875499,0.527146558737143,0.190063101456115,0.849259683772266,0.998861670134564
"ENSGALG00010024907","PHLDB1",14.1342828634814,-0.122891814733643,0.646863488704313,-0.189981065370993,0.849323967958512,0.998861670134564
"ENSGALG00010013524","ZDHHC15",12.2131864042709,0.143416529043547,0.755952624169239,0.189716292341938,0.849531453228462,0.998861670134564
"ENSGALG00010004104","SCARB2",11.850574421982,0.13538116009188,0.713744228446191,0.189677414816512,0.849561919875036,0.998861670134564
"ENSGALG00010008426","AP1G1",90.2406486826076,0.0644358858524166,0.340009062600839,0.189512259936619,0.849691347163541,0.998861670134564
"ENSGALG00010004650","GTPBP10",14.2479475632576,0.115612017907488,0.610382334702288,0.189409180663588,0.849772129577914,0.998861670134564
"ENSGALG00010024392","CHMP4B",21.0031492039713,-0.105071555809033,0.554743602575898,-0.189405619679332,0.849774920321418,0.998861670134564
"ENSGALG00010019390","TVP23A",22.6391298424228,0.110828672561318,0.585643832545136,0.189242448058696,0.849902799945635,0.998861670134564
"ENSGALG00010008935","ENSGALG00010008935",155.402706669424,0.0561857874049403,0.296900230702674,0.189241305983378,0.849903695018156,0.998861670134564
"ENSGALG00010020071","ENSGALG00010020071",12.6327573918835,-0.131315165087849,0.69522939800392,-0.188880340021393,0.850186602609079,0.998861670134564
"ENSGALG00010005398","SEPHS1",14.5834611740792,-0.118331864189159,0.626623834152979,-0.188840350046868,0.850217945996528,0.998861670134564
"ENSGALG00010018216","FANCM",17.5139749899785,0.115020198006526,0.609465204869992,0.188723157757728,0.85030980046445,0.998861670134564
"ENSGALG00010014390","SPARC",14.0448717700445,-0.135451432047369,0.717927603927892,-0.188670043199751,0.850351431939624,0.998861670134564
"ENSGALG00010011418","RIPK1",16.111193644441,0.111819348539794,0.593671738733848,0.188352150261146,0.850600606845108,0.998861670134564
"ENSGALG00010011660","ENSGALG00010011660",13.7083087781991,0.12115971963775,0.643444421823824,0.188298655685484,0.850642539114279,0.998861670134564
"ENSGALG00010002211","ACER3",13.1384527262985,0.120687724118912,0.641231130915474,0.188212515425769,0.850710061923756,0.998861670134564
"ENSGALG00010022142","TMEM208",13.8010448691383,0.125251260574395,0.666020479107036,0.188059173108798,0.8508302651529,0.998861670134564
"ENSGALG00010021217","FBXO2",10.9822000456377,0.14244485528525,0.758076987126002,0.187902888102807,0.850952778687977,0.998861670134564
"ENSGALG00010025835","PPP6R3",59.9787857867219,0.0675098490739458,0.35952240562337,0.187776472392288,0.851051879986067,0.998861670134564
"ENSGALG00010007871","HSPA4L",44.3944620162496,0.0794346435316102,0.423077352878035,0.187754421245303,0.851069166822877,0.998861670134564
"ENSGALG00010005512","SMARCAD1",23.3883671974446,-0.0998066194162066,0.531782483829795,-0.18768316454769,0.851125028483639,0.998861670134564
"ENSGALG00010015057","LAS1L",30.0672116590833,-0.0873735669093773,0.466049110989519,-0.187477166781554,0.85128652455414,0.998861670134564
"ENSGALG00010021358","MMP15",11.2359135748282,0.130744504524518,0.698242205660819,0.187248068742537,0.851466137870901,0.998861670134564
"ENSGALG00010011885","NCALD",118.416758383334,0.0730372904664753,0.390187497345867,0.187185112191676,0.851515497281611,0.998861670134564
"ENSGALG00010021171","ENSGALG00010021171",18.2394470731421,0.122974560185045,0.657161237396449,0.187129966265582,0.851558733457446,0.998861670134564
"ENSGALG00010001133","EIF2A",15.3923860720053,0.116547762672318,0.624031794805544,0.186765744377873,0.851844306305255,0.998861670134564
"ENSGALG00010026697","CHN1",97.9664151492306,0.0601102211189965,0.32208706003689,0.18662724641006,0.851952902515298,0.998861670134564
"ENSGALG00010001861","CBX3",40.9192995185375,-0.0772086962288228,0.41378042094651,-0.186593401524921,0.851979440705229,0.998861670134564
"ENSGALG00010001758","COL19A1",483.37467440714,0.060096401824472,0.322156437945394,0.186544159128859,0.852018052571801,0.998861670134564
"ENSGALG00010029783","RAD51C",17.3697736432304,-0.113165449882172,0.606949809689891,-0.186449436305107,0.852092327473768,0.998861670134564
"ENSGALG00010009540","RAB10",43.5116753124533,-0.0840035892508463,0.451175049383789,-0.186188463580993,0.852296970508148,0.998861670134564
"ENSGALG00010005516","LARP4B",27.6872160199098,-0.088984381895426,0.478651299938057,-0.185906487472073,0.852518094625266,0.998861670134564
"ENSGALG00010013179","TBC1D30",47.6060076934531,0.0738032137225412,0.397737683852488,0.185557508676782,0.852791777930276,0.998861670134564
"ENSGALG00010013165","NUDC",16.3538436959646,0.111807768056313,0.602568771037825,0.18555187960329,0.852796192623017,0.998861670134564
"ENSGALG00010007951","TGFBR1",24.7058224038885,0.0962326589811229,0.518730888484123,0.185515574872246,0.852824665311527,0.998861670134564
"ENSGALG00010017418","CHGB",65.6057026980113,0.078133988197814,0.421249340605933,0.18548156796026,0.852851336064879,0.998861670134564
"ENSGALG00010005755","ZMYM2",67.1847767847312,0.0672079569261698,0.363091308222963,0.185099327370568,0.853151129171691,0.998861670134564
"ENSGALG00010016896","SPTBN1",318.374217838159,-0.0489001344568862,0.264915108575321,-0.184587941095035,0.853552245017437,0.998861670134564
"ENSGALG00010005551","METTL14",61.478825467773,-0.0707532314093268,0.384005895265591,-0.184250378136491,0.853817039891552,0.998861670134564
"ENSGALG00010015875","DNTTIP1",11.535816095186,-0.129060376654617,0.700868622624527,-0.184143464963987,0.853900909341875,0.998861670134564
"ENSGALG00010023175","GRK2",14.6609136162482,0.122759532675129,0.667913685615991,0.183795504297704,0.854173883109779,0.998861670134564
"ENSGALG00010021666","CCDC47",13.9800969595433,0.11444406380447,0.623142816204327,0.183656235502431,0.854283143823326,0.998861670134564
"ENSGALG00010013320","CALCRL",59.0034843460312,0.0832694827472133,0.453627356157653,0.183563626877639,0.854355799725012,0.998861670134564
"ENSGALG00010005757","ARHGAP12",60.2353723498215,-0.065526821279695,0.357216529598003,-0.183437259617959,0.854454942885093,0.998861670134564
"ENSGALG00010013251","MTA1",59.3732907931742,0.0645858027464925,0.352161064800177,0.183398476441852,0.854485371216764,0.998861670134564
"ENSGALG00010006592","STARD13",421.621622368387,0.0440069518447145,0.240267116166819,0.183158446926879,0.854673697318261,0.998861670134564
"ENSGALG00010005969","HECA",23.1978163838724,0.10358195212132,0.565798579534935,0.183072131793722,0.854741421816585,0.998861670134564
"ENSGALG00010005077","C5H14orf1",13.5478258869679,0.122725581524174,0.671432360896779,0.182781749393579,0.854969269234831,0.998861670134564
"ENSGALG00010011425","WASHC3",27.0910498341104,-0.0945970965481855,0.517589233788747,-0.182764807250213,0.854982563195139,0.998861670134564
"ENSGALG00010015046","PSMB2",18.1265058282573,-0.115577248565103,0.632706112396792,-0.182671300783358,0.855055935482027,0.998861670134564
"ENSGALG00010007995","KIAA0319",49.3303456028938,0.0690840317196622,0.378666274426472,0.182440413591881,0.85523711250257,0.998861670134564
"ENSGALG00010003438","KCNS3",27.1462735309571,-0.0961031195851164,0.528383652144704,-0.181881326560795,0.855675859308656,0.998861670134564
"ENSGALG00010025579","CSRNP3",114.262966237676,-0.0523966664318405,0.288191995298031,-0.181811664746812,0.855730529951873,0.998861670134564
"ENSGALG00010022579","TNFAIP8L3",35.4393462669187,-0.0867485055755397,0.477195052527776,-0.181788359112316,0.85574882038568,0.998861670134564
"ENSGALG00010025155","C8H1orf123",19.7962722191965,-0.102977510134294,0.566535393097564,-0.181767125918222,0.855765484420439,0.998861670134564
"ENSGALG00010015753","RPRD1B",22.3728468862232,-0.1032595188869,0.568106051191052,-0.181760991051607,0.855770299140464,0.998861670134564
"ENSGALG00010023059","SELENOF",23.3193011109867,-0.0967383451422307,0.532841347524195,-0.181551873914661,0.855934420093529,0.998861670134564
"ENSGALG00010003948","SCD5",74.1804522634642,-0.0628518405204344,0.346865558771403,-0.181199427072136,0.856211044288612,0.998861670134564
"ENSGALG00010012685","NPTXR",54.1321663009492,0.0854072968679225,0.471424506723611,0.18116855540986,0.856235275305755,0.998861670134564
"ENSGALG00010018756","EML4",150.119590958775,0.0497770385416967,0.274979205636455,0.181021100946469,0.856351013464031,0.998861670134564
"ENSGALG00010008825","PPID",33.9892039430823,-0.0881852982355755,0.487293182455452,-0.180969694242823,0.856391363713018,0.998861670134564
"ENSGALG00010002389","COL21A1",326.377147699615,0.0727642238732819,0.402430749656682,0.180811789196918,0.85651530919323,0.998861670134564
"ENSGALG00010001012","ENSGALG00010001012",12.5911299152893,0.137269981221479,0.759800168954244,0.18066589983839,0.856629826263552,0.998861670134564
"ENSGALG00010008321","ZFHX3",14.9503604328889,0.112592914127104,0.625907350792602,0.17988750888534,0.857240881700264,0.998861670134564
"ENSGALG00010009403","ENSGALG00010009403",72.5161564117509,0.0661724350713146,0.368286559546245,0.179676486572966,0.857406553999446,0.998861670134564
"ENSGALG00010017905","EIF4E2",14.5251383744306,0.124047592067762,0.690581290001856,0.179627791635404,0.85744478498301,0.998861670134564
"ENSGALG00010020153","AXL",76.1323031365416,0.0642224093572738,0.358065380659823,0.1793594489334,0.857655470075716,0.998861670134564
"ENSGALG00010006263","EXOSC8",13.404986991732,-0.115863782903582,0.64619299442512,-0.17930213404226,0.85770047128449,0.998861670134564
"ENSGALG00010013823","GUF1",15.7702404490277,-0.106174725539551,0.592313973359708,-0.179254129253966,0.857738162953357,0.998861670134564
"ENSGALG00010021713","RAB27A",16.8790371399508,-0.107710512665665,0.601306911099232,-0.179127348576059,0.857837708235167,0.998861670134564
"ENSGALG00010008860","SQLE",16.7186995977257,0.103188496212889,0.576521175263832,0.178984746164211,0.857949679081152,0.998861670134564
"ENSGALG00010019335","HIPK3",33.9191390970424,-0.0857618240930536,0.479287580915479,-0.17893604488821,0.857987919783952,0.998861670134564
"ENSGALG00010015574","C14orf132",43.2950235712664,0.0827268356357495,0.462338691788252,0.17893124046308,0.857991692282091,0.998861670134564
"ENSGALG00010029593","PAFAH1B1",44.8510780214056,0.0738370394023664,0.412664316714458,0.178927608740782,0.857994543960613,0.998861670134564
"ENSGALG00010008289","MTMR2",20.8651155776674,0.0977453279049511,0.546475339146142,0.178865029953001,0.858043681980355,0.998861670134564
"ENSGALG00010029382","GTF2IRD1",17.6447591560937,0.106185291974255,0.59370943025141,0.178850606986805,0.858055007237744,0.998861670134564
"ENSGALG00010024752","MPP2",12.6840450231994,0.121769914959895,0.681134724170448,0.178775080228361,0.858114313128575,0.998861670134564
"ENSGALG00010013281","BIRC8",12.2848693782107,0.125542764798524,0.703284380380338,0.178509246473852,0.858323060185192,0.998861670134564
"ENSGALG00010003375","YWHAQ",50.0600631944686,-0.0803642172702782,0.451206131912128,-0.178109763113612,0.858636774772219,0.998861670134564
"ENSGALG00010021080","TTLL7",88.3334608554395,-0.0557127890465358,0.313268876405544,-0.177843358350137,0.858845995045441,0.998861670134564
"ENSGALG00010017598","ENSGALG00010017598",21.8127517585082,-0.100575989967763,0.565734416031032,-0.177779514764833,0.858896135908524,0.998861670134564
"ENSGALG00010008171","KIF21A",234.695112663662,-0.0493125148092079,0.277465156113397,-0.177725071861111,0.858938894203998,0.998861670134564
"ENSGALG00010008867","ENSGALG00010008867",292.484263672498,-0.0440896713473277,0.248190519624495,-0.177644462060976,0.8590022041816,0.998861670134564
"ENSGALG00010024919","ANKRD52",22.0477530645987,0.0997759982580029,0.562046459072174,0.17752268811143,0.859097845711333,0.998861670134564
"ENSGALG00010024199","SLC35B1",17.5563946134196,-0.10494737820601,0.593359697931871,-0.176869744561013,0.859610704252851,0.998861670134564
"ENSGALG00010027935","ISY1",10.8668988306248,0.127520517083825,0.721203130792414,0.176816366484313,0.859652633014505,0.998861670134564
"ENSGALG00010024937","ILKAP",12.8164522005768,-0.116074299499253,0.656755378702999,-0.17673901617446,0.859713392794321,0.998861670134564
"ENSGALG00010017006","DNAH3",10.2712434934165,0.12674810692998,0.71732343083997,0.176695896830751,0.859747264018985,0.998861670134564
"ENSGALG00010009391","RSBN1L",64.0296237356604,-0.0735775742947352,0.416750670243178,-0.176550584194146,0.859861412298168,0.998861670134564
"ENSGALG00010010906","ATP6V1C1",33.4863936178041,-0.0848650003904408,0.480728904290663,-0.176534008321515,0.859874433425768,0.998861670134564
"ENSGALG00010023030","HS2ST1",39.7197811576376,0.0741785862127584,0.420478211453121,0.176414815779411,0.859968065895687,0.998861670134564
"ENSGALG00010020720","ENSGALG00010020720",10.1100287706488,0.134348393230958,0.762146006623708,0.176276451051839,0.860076761668791,0.998861670134564
"ENSGALG00010028186","CCT3",24.6014230631496,0.0925075652732901,0.525740424629452,0.175956728719292,0.860327937451852,0.998861670134564
"ENSGALG00010012932","ATF6",23.6012337199515,0.0892250380565368,0.507116898783786,0.175945700627458,0.86033660143923,0.998861670134564
"ENSGALG00010022983","PKN2",42.8117971062234,0.0728069030624998,0.414492508335667,0.175653121825639,0.860566465930228,0.998861670134564
"ENSGALG00010006850","C5H14orf4",16.6510033687224,0.113893633303494,0.648550641361477,0.175612552112201,0.860598340452454,0.998861670134564
"ENSGALG00010024251","ENSGALG00010024251",10.8760100337885,0.127092013805967,0.724740838539599,0.175362015009483,0.86079518568053,0.998861670134564
"ENSGALG00010029446","PRPSAP1",16.2201609135817,0.101705970046688,0.582098205103694,0.174723043560271,0.861297260153037,0.998861670134564
"ENSGALG00010022210","EZH1",21.9679685964844,0.0900073367395145,0.517037377553189,0.174082843227819,0.861800356443592,0.998861670134564
"ENSGALG00010019344","DNAJC24",22.2926882218412,-0.0900780166263633,0.517448083274184,-0.174081264455342,0.861801597178657,0.998861670134564
"ENSGALG00010029260","DHX40",10.0220779279651,0.131070241093262,0.753258576593581,0.174004312949204,0.861862072697384,0.998861670134564
"ENSGALG00010021553","SLC39A9",10.9598085254381,-0.122625506213416,0.704889085133079,-0.173964257355843,0.861893552359958,0.998861670134564
"ENSGALG00010019149","COX5B",47.7812061994575,-0.0774769118697042,0.445443176048067,-0.173932200639086,0.861918745869079,0.998861670134564
"ENSGALG00010029573","MAP2K4",57.7696709813162,0.0627832795442385,0.360991229641336,0.173919127084104,0.861929020471494,0.998861670134564
"ENSGALG00010001082","P2RY1",37.1068905966557,0.0882884951423894,0.509123396757432,0.17341276339821,0.862326993352452,0.998861670134564
"ENSGALG00010027893","DOT1L",41.8682138180565,-0.0750604529977972,0.433523043528148,-0.173140630280992,0.862540888854087,0.998861670134564
"ENSGALG00010024822","RPS26",28.0196199692126,0.0932630287361757,0.539640828534821,0.172824263481683,0.862789564514206,0.998861670134564
"ENSGALG00010002700","LHFPL1",22.5772948344067,0.095364112801657,0.552752469154633,0.172525892010043,0.86302410766007,0.998861670134564
"ENSGALG00010023806","PATJ",10.4406671208704,-0.133759852618425,0.77591153383019,-0.172390597106008,0.863130463940456,0.998861670134564
"ENSGALG00010027954","CFAP92",15.4957658985634,-0.107713468833411,0.625137719259987,-0.17230358289837,0.863198867734997,0.998861670134564
"ENSGALG00010013232","FHL2",23.1501972860268,-0.104398536174746,0.606147838438235,-0.172232794632631,0.863254516714042,0.998861670134564
"ENSGALG00010009039","SLC36A4",13.1827013613691,0.112478077881583,0.653426144645247,0.172135869988258,0.863330713458587,0.998861670134564
"ENSGALG00010005048","ROCK1",84.8290564556814,-0.057552689505759,0.334709928230017,-0.171947960462672,0.86347844105835,0.998861670134564
"ENSGALG00010013869","ENSGALG00010013869",19.4946339858283,-0.0963582491539685,0.560924318917091,-0.171784759377158,0.863606747659011,0.998861670134564
"ENSGALG00010021253","TMEM169",38.6156585603806,-0.0837006351586238,0.487717819754755,-0.171616930463422,0.86373869635048,0.998861670134564
"ENSGALG00010016673","LRPAP1",39.630467089364,0.082399564578904,0.480216059568679,0.171588523409471,0.863761030623208,0.998861670134564
"ENSGALG00010012671","NBN",20.0354273985876,-0.0910269433922972,0.530514403739981,-0.171582416519857,0.863765832013112,0.998861670134564
"ENSGALG00010009054","RYR2",1053.33938339782,0.0474367834587418,0.277031102412877,0.171232699309133,0.864040796850513,0.998861670134564
"ENSGALG00010011321","MAP2",734.710653103717,0.0394976152851709,0.230771072584146,0.171154966880733,0.864101916139217,0.998861670134564
"ENSGALG00010027244","ARHGEF18",15.8152298722548,0.103273999566506,0.603903176520252,0.171010856676696,0.864215228955285,0.998861670134564
"ENSGALG00010027592","MAP1S",12.4522851804225,-0.114302583357815,0.669614113391446,-0.170699184906509,0.864460303772368,0.998861670134564
"ENSGALG00010013353","NDFIP1",57.2400499615825,0.0679491052188965,0.398157411075128,0.170658898538185,0.864491982840023,0.998861670134564
"ENSGALG00010011049","ABL2",10.8395875263977,-0.134651159678968,0.789324241915325,-0.170590427265013,0.864545825524637,0.998861670134564
"ENSGALG00010021764","FAM222A",10.4859123880112,-0.129578973181182,0.760647125709726,-0.170353596038738,0.864732063641611,0.998861670134564
"ENSGALG00010005307","TIAM2",85.5069564210055,0.0585707522025415,0.344029161317206,0.170249382285757,0.864814017095885,0.998861670134564
"ENSGALG00010028529","GRIN1",348.457956121407,0.0522238867950927,0.30686747505242,0.170183844951869,0.864865556248444,0.998861670134564
"ENSGALG00010026001","ANKS1A",43.7351473881065,-0.0708257363312548,0.416334823227707,-0.170117252701002,0.864917925586056,0.998861670134564
"ENSGALG00010018069","HEXDCL",15.7606653396526,-0.108975426072002,0.640615218737871,-0.17011057946251,0.864923173572918,0.998861670134564
"ENSGALG00010004249","USP45",69.6679862190426,-0.0647461411440252,0.380894839571748,-0.169984295972141,0.865022486911129,0.998861670134564
"ENSGALG00010023201","ZNF280D",71.5794819942124,0.0565550738965309,0.333515574026099,0.169572512653053,0.865346341162673,0.998861670134564
"ENSGALG00010007872","KLHL2",180.245811604915,0.0505218947013401,0.298162479286362,0.169444172929679,0.865447280825891,0.998861670134564
"ENSGALG00010024809","KANSL1",27.0693154478436,0.0838412970239598,0.495463501592613,0.169217907584436,0.865625244695372,0.998861670134564
"ENSGALG00010012993","DOP1B",32.5368872241141,0.0766415841412766,0.454123912679406,0.168767999220915,0.865979130139081,0.998861670134564
"ENSGALG00010027101","RNF220",20.6780245810518,-0.0910508815786423,0.540250006902002,-0.168534716178464,0.866162634695116,0.998861670134564
"ENSGALG00010011062","TMEM55A",25.359462461129,0.0846046886106517,0.502279021785588,0.168441613010005,0.866235873304518,0.998861670134564
"ENSGALG00010002983","NSMAF",16.0952477522804,-0.102331439744141,0.608425033114273,-0.168190712371497,0.866433247318664,0.998861670134564
"ENSGALG00010017894","KAT6A",36.5843481343642,0.0713020492497302,0.424241997565666,0.168069285122329,0.866528772520829,0.998861670134564
"ENSGALG00010028002","ABCA2",38.8535231696714,-0.0734458302485504,0.437729175559189,-0.16778829091007,0.866749834404164,0.998861670134564
"ENSGALG00010001279","LPIN2",77.2728399966879,-0.0567146686419153,0.338353292223234,-0.167619674303322,0.866882492335725,0.998861670134564
"ENSGALG00010017520","ZBTB1",16.0426488309841,0.106002096220294,0.633439732978729,0.167343617240149,0.867099686384602,0.998861670134564
"ENSGALG00010004871","C11orf87",28.0314552706725,0.0997405466212446,0.596917383404803,0.167092715665821,0.867297097496223,0.998861670134564
"ENSGALG00010011386","CTSB",13.6936551138498,-0.107274517128269,0.64242235868645,-0.166984407808613,0.867382317433162,0.998861670134564
"ENSGALG00010002731","ENSGALG00010002731",13.2958052157449,-0.136577604229431,0.81851706725526,-0.166859812327943,0.867480354877061,0.998861670134564
"ENSGALG00010018511","SOCS5",10.2223754635895,-0.137934077582937,0.829246248316789,-0.16633669174014,0.867891992396284,0.998861670134564
"ENSGALG00010006531","FAM161B",13.1576791625384,0.11438016993879,0.687961518259037,0.166259546359862,0.867952700234017,0.998861670134564
"ENSGALG00010001492","ENSGALG00010001492",14.7660336798453,-0.108656021150895,0.653988181974897,-0.166143707402751,0.868043858582012,0.998861670134564
"ENSGALG00010024861","ORC1",28.703262200796,-0.0827324425873413,0.498893486740694,-0.165831875512823,0.868289260389622,0.998861670134564
"ENSGALG00010029564","NLK",28.3431583892438,0.0865227243303391,0.522077991781158,0.165727584177897,0.868371337195645,0.998861670134564
"ENSGALG00010017167","SMAP2",13.9562892743853,0.111652388491531,0.674208791448451,0.165605061677794,0.868467763657923,0.998861670134564
"ENSGALG00010010982","ZBTB21",12.3692920100603,-0.11601606457414,0.701623113238086,-0.165353823705593,0.86866549663269,0.998861670134564
"ENSGALG00010028001","SBNO2",13.19888480263,0.122028385421,0.738896347755607,0.165149531178033,0.868826287974776,0.998861670134564
"ENSGALG00010023228","GORASP2",13.5721287694322,0.106373371199808,0.644512203242897,0.165044774427209,0.868908740371361,0.998861670134564
"ENSGALG00010018985","NOL9",23.0484078015431,0.102387431047743,0.62086797976629,0.164910148992197,0.869014704034201,0.998861670134564
"ENSGALG00010022780","DYNC1I2",41.8311902124848,-0.0692135890812084,0.419800499187393,-0.164872574509047,0.869044279325138,0.998861670134564
"ENSGALG00010026282","ENSGALG00010026282",19.7733034070628,-0.0930000150187737,0.564218723439817,-0.16482972144524,0.869078009668881,0.998861670134564
"ENSGALG00010019212","RPL22",26.3337758959282,-0.0936777180426804,0.568631177157132,-0.164742493563265,0.869146668889981,0.998861670134564
"ENSGALG00010021232","ACTB",89.041124164398,0.0681589208074998,0.414159196491247,0.164571791197543,0.869281035793952,0.998861670134564
"ENSGALG00010009113","RPLP1",122.060377151561,-0.0568648386510085,0.345847111928277,-0.164421898260065,0.869399025847576,0.998861670134564
"ENSGALG00010016159","ASPG",23.1870967359682,-0.0884231035962018,0.537860158583055,-0.164397942820574,0.869417882933476,0.998861670134564
"ENSGALG00010009188","GPR22",44.2464380565533,0.0685146405985206,0.41702736698441,0.164292912222909,0.869500561107621,0.998861670134564
"ENSGALG00010006132","MIPEP",30.4712341235595,-0.0765400362443558,0.465936783264753,-0.164271289568621,0.869517582244502,0.998861670134564
"ENSGALG00010026958","CLTCL1",50.72635955649,0.0631757315656337,0.384729858811134,0.164208028357495,0.869567381183439,0.998861670134564
"ENSGALG00010015092","HSPE1",21.6436569374513,-0.0909428282756826,0.554047101256013,-0.164142774268681,0.869618749448681,0.998861670134564
"ENSGALG00010027258","ENSGALG00010027258",18.106249144928,0.118325924212489,0.721105512432569,0.164089612646739,0.869660598885039,0.998861670134564
"ENSGALG00010013808","HRASLS",18.6019193325561,-0.098173742446801,0.598571391129098,-0.164013422461795,0.869720577305875,0.998861670134564
"ENSGALG00010012116","RBM12B",17.9954621014327,-0.0927201413963524,0.565410263729586,-0.1639873687201,0.86974108749874,0.998861670134564
"ENSGALG00010009317","LRRTM3",21.7086266410608,0.0933956811855594,0.570491096147862,0.163711023390544,0.869958639224623,0.998861670134564
"ENSGALG00010006657","PDS5B",164.196505554912,-0.0441021281988359,0.269493318845046,-0.163648317471625,0.870008005572438,0.998861670134564
"ENSGALG00010027899","PMVK",12.4140790523043,-0.132619392281618,0.811185615097141,-0.163488343251422,0.870133950411451,0.998861670134564
"ENSGALG00010024814","APBA2",226.048928114108,0.0431404155280035,0.263901108542729,0.16347189963023,0.870146896366719,0.998861670134564
"ENSGALG00010022279","EP400",30.6359974973294,0.0734585182553352,0.449784924436658,0.163319209391777,0.870267110052817,0.998861670134564
"ENSGALG00010020315","ANO5",73.770045228194,0.059758764714008,0.366759832719518,0.162937048669964,0.870567999979578,0.998861670134564
"ENSGALG00010003829","ENSGALG00010003829",17.9274594347194,-0.100375796484151,0.618426008113779,-0.162308497972621,0.871062923000375,0.998861670134564
"ENSGALG00010026839","FGGY",67.0036622079905,-0.055252866225298,0.340791020884088,-0.162131226585606,0.871202516248394,0.998861670134564
"ENSGALG00010001760","RAB5A",24.4063714959303,0.0836405467227319,0.516045206467061,0.162079883069451,0.871242947708706,0.998861670134564
"ENSGALG00010016683","RBM22",10.4830664105121,0.119703228759435,0.738701269301349,0.16204551654913,0.87127001048816,0.998861670134564
"ENSGALG00010001218","ENSGALG00010001218",11.976675905581,-0.115728820779464,0.714436066139673,-0.161986252184585,0.87131668005432,0.998861670134564
"ENSGALG00010001773","NRCAM",124.077583273011,0.0510961686140637,0.31544577698438,0.161980829486882,0.871320950348573,0.998861670134564
"ENSGALG00010021240","SLK",23.7318107012446,0.085623140916324,0.529361842233764,0.161747852008028,0.871504420208764,0.998861670134564
"ENSGALG00010005033","USP14",22.8731794701878,-0.0832817150686798,0.51585749773308,-0.161443257943635,0.871744298586534,0.998861670134564
"ENSGALG00010024657","DPY19L3",37.7500305988527,-0.0734779113998588,0.455756813555679,-0.161221750754763,0.871918750581139,0.998861670134564
"ENSGALG00010021558","CHURC1",20.4182771122217,-0.0883185755325705,0.548025252479909,-0.1611578574763,0.871969072046771,0.998861670134564
NA,"RMND5A.1",15.9986061411086,0.104728633695829,0.649959738030565,0.161130955608368,0.871990259742256,0.998861670134564
"ENSGALG00010009409","ENSGALG00010009409",18.5444614576395,0.0919079955699934,0.570793342832369,0.161017987900719,0.872079233205454,0.998861670134564
"ENSGALG00010021383","MSI1",17.0843521236839,-0.0914163204887089,0.569067368751464,-0.160642351870002,0.872375096096479,0.998861670134564
"ENSGALG00010024438","RBL1",13.266927698155,0.109859427513668,0.684180334875141,0.160570864016015,0.872431404228572,0.998861670134564
"ENSGALG00010026960","SEC61A1",11.2394476837713,-0.114154508735044,0.711162593213771,-0.160518156922702,0.87247291991831,0.998861670134564
"ENSGALG00010002177","FBXO9",10.1008631080465,-0.117611781289688,0.735217281182463,-0.159968738901963,0.872905699793646,0.998861670134564
"ENSGALG00010008295","DMAC2",11.5904839503109,0.115429566536708,0.722910069158031,0.159673480092964,0.873138292653068,0.998861670134564
"ENSGALG00010002253","GK2",27.3452591272285,0.0769306679206479,0.481914873528525,0.159635388211554,0.873168300684229,0.998861670134564
"ENSGALG00010028357","SPPL2C",12.8799121891795,0.10359919016025,0.649407494905226,0.159528787353108,0.873252279702923,0.998861670134564
"ENSGALG00010029586","COIL",32.6286938875561,0.0832251501689074,0.521983530746601,0.159440183964941,0.873322081593462,0.998861670134564
"ENSGALG00010021478","SLC13A3",27.2270009874146,0.0779835168112631,0.489202484864347,0.159409486304812,0.873346265489114,0.998861670134564
"ENSGALG00010003833","ACP1",45.8008018161647,0.0671842096367709,0.421679397543208,0.159325331112215,0.873412564321552,0.998861670134564
"ENSGALG00010025055","ALS2",35.4154873932334,0.0701404764416729,0.440469695107849,0.159240186602393,0.873479643458906,0.998861670134564
"ENSGALG00010002023","CLCN4",68.993062666507,-0.0563587491184255,0.354087316172765,-0.159166246697544,0.873537896044636,0.998861670134564
"ENSGALG00010020797","DGCR8",36.3774665001832,-0.0707039906320248,0.444328459316057,-0.159125505354434,0.873569993871229,0.998861670134564
"ENSGALG00010026893","FKBP5",29.6324826973169,-0.086998482483752,0.5468173906337,-0.159099699413236,0.873590325037268,0.998861670134564
"ENSGALG00010006472","DCLK1",512.601467222917,0.041520092091125,0.26105730508342,0.159045892540174,0.873632716957399,0.998861670134564
"ENSGALG00010020611","LPGAT1",41.4102232858806,0.0697610797473887,0.438955376414286,0.158925219955726,0.873727790564917,0.998861670134564
"ENSGALG00010001649","UBE2E2",10.8569544135688,0.117712736241118,0.741437985248739,0.158762753707079,0.873855794783335,0.998861670134564
"ENSGALG00010002546","ATP6AP2",52.7935804638074,0.0760286396261213,0.479486733846777,0.158562550868022,0.874013535519513,0.998861670134564
"ENSGALG00010011198","PINX1",24.4954748701,0.0797852394668199,0.504150315959604,0.158256847097191,0.874254410583188,0.998861670134564
"ENSGALG00010018857","ENSGALG00010018857",44.1675612406594,-0.0636716775829371,0.402712236370956,-0.158107134157916,0.874372379078244,0.998861670134564
"ENSGALG00010025000","ENSGALG00010025000",14.4567473170917,-0.105584040700453,0.669945871233941,-0.157600852895746,0.874771331459384,0.998861670134564
"ENSGALG00010023710","CDC14A",22.4690538053205,0.0942794469658463,0.598331374081334,0.157570622317108,0.874795154327504,0.998861670134564
"ENSGALG00010016107","UVSSA",28.1177305424952,0.0795386057543766,0.504788688066801,0.15756812233449,0.874797124415821,0.998861670134564
"ENSGALG00010004588","MINDY3",38.4312667667687,-0.0665306477832543,0.422649464858577,-0.157413301837531,0.874919130796727,0.998861670134564
"ENSGALG00010003113","WBP4",38.9295941899469,0.0682283658341938,0.433728169028949,0.157306743500075,0.875003105883033,0.998861670134564
"ENSGALG00010025390","BCL7A",32.6100872718479,-0.0770349000908956,0.491206944431426,-0.156827791146283,0.875380569693243,0.998861670134564
"ENSGALG00010015180","PITHD1",10.0185675502694,-0.13375799982595,0.855362828702918,-0.156375745283183,0.875736854426562,0.998861670134564
"ENSGALG00010009101","HIKESHI",12.029772391957,-0.108949474070383,0.696933227810083,-0.156326990481895,0.875775282545387,0.998861670134564
"ENSGALG00010020721","PTDSS2",25.065698299895,0.0776015295817367,0.497254477405544,0.156059991629693,0.875985733956551,0.998861670134564
"ENSGALG00010015829","SMAD5",18.6327195686607,-0.0893726598458584,0.573216102202436,-0.155914426518144,0.876100473661807,0.998861670134564
"ENSGALG00010003810","HMGN2P46",63.6501226907637,0.0655016352505654,0.42036383474308,0.155821290598415,0.876173888141045,0.998861670134564
"ENSGALG00010027272","DDX20",10.1773546167158,0.118971989541418,0.764158603595962,0.155690178690082,0.876277239035719,0.998861670134564
"ENSGALG00010003272","CPSF3",11.8140327290438,-0.108415154675369,0.696450120838823,-0.155668225808893,0.876294543924199,0.998861670134564
"ENSGALG00010027267","MYO9B",33.889273877732,0.0676663657282905,0.434768485162685,0.155637696929598,0.876318609148489,0.998861670134564
"ENSGALG00010005119","MIB1",43.5095143322395,-0.0615940946397181,0.395923224364947,-0.155570804765277,0.876371339126723,0.998861670134564
"ENSGALG00010011348","SLC22A23",28.6659391972353,0.0801194354330818,0.515576725313943,0.155397696403568,0.876507800109966,0.998861670134564
"ENSGALG00010027027","ARHGEF3",48.9819492182342,0.063838321433677,0.411324999493464,0.155201656870582,0.876662342123064,0.998861670134564
"ENSGALG00010029221","AXIN2",21.5291054157196,0.082976139182595,0.53534257500916,0.154996338897901,0.876824203562928,0.998861670134564
"ENSGALG00010015481","GOLGA5",10.6691048803235,0.114456618238938,0.741149914533027,0.154431129241988,0.87726981047456,0.998861670134564
"ENSGALG00010008387","PHF20L1",202.422394928071,-0.0390312422236284,0.253745541369248,-0.15382040611634,0.877751343570044,0.998861670134564
"ENSGALG00010019297","SLC25A26",23.7667341755191,-0.0789513427803039,0.513617302409628,-0.153716283329835,0.877833445139873,0.998861670134564
"ENSGALG00010005553","PPP1R14C",67.8056293224293,-0.0549643805966265,0.357641503399219,-0.153685688249868,0.877857569831417,0.998861670134564
"ENSGALG00010020313","FRA10AC1",48.4881250365168,0.0586637795775841,0.382158682491589,0.153506337197704,0.877998993177852,0.998861670134564
"ENSGALG00010016643","BTBD1",15.0975831354121,-0.0956079582148186,0.623152005743577,-0.153426382862612,0.878062040673757,0.998861670134564
"ENSGALG00010007339","ENSGALG00010007339",21.9077454465319,-0.0873262050051766,0.569887826503101,-0.153234024213187,0.878213727063714,0.998861670134564
"ENSGALG00010012329","ATXN10",62.9922296356927,0.0540586607416857,0.353217253944249,0.153046489484962,0.878361613805448,0.998861670134564
"ENSGALG00010022293","DNAJC10",33.4924716172666,0.0723077020779981,0.472496272786318,0.153033380880654,0.878371951189752,0.998861670134564
"ENSGALG00010007457","SHANK3",80.2804674387204,-0.0520134532163005,0.340873865615229,-0.152588562700234,0.878722745014886,0.998861670134564
"ENSGALG00010004855","ZEB1",42.6297269029365,-0.0628429506164185,0.411903188556527,-0.152567283678102,0.878739526737373,0.998861670134564
"ENSGALG00010018384","LAMP5",193.609211523005,-0.0464346524426645,0.304507907487325,-0.152490793509516,0.878799851236627,0.998861670134564
"ENSGALG00010002226","OXNAD1",23.8344262057707,-0.0786848606386643,0.516158353206983,-0.152443257286802,0.878837341361224,0.998861670134564
"ENSGALG00010017703","RPS6KA5",30.0964809568767,-0.0703893022769722,0.463328896598762,-0.151920812178327,0.879249393080283,0.998861670134564
"ENSGALG00010024866","TRAPPC4",12.3852929973539,0.102803101332611,0.677727125786457,0.151688042902687,0.87943298841773,0.998861670134564
"ENSGALG00010025705","ACSL3",15.8005381531832,-0.0902092032080318,0.5971890389913,-0.151056361249366,0.879931256083187,0.998861670134564
"ENSGALG00010024944","ENSGALG00010024944",15.4691846367959,-0.102819555381362,0.680799435941914,-0.151027674162372,0.879953885459357,0.998861670134564
"ENSGALG00010014204","KIFAP3",117.019106000607,-0.0437242687117426,0.289523807880475,-0.151021323710254,0.879958894931044,0.998861670134564
"ENSGALG00010002898","ENSGALG00010002898",10.2322766228054,0.112069408994454,0.744064367165543,0.150617895359475,0.880277143985398,0.998861670134564
"ENSGALG00010012693","UCHL5",11.4047772224001,-0.104103395518761,0.69186327803701,-0.150468161591302,0.880395268099133,0.998861670134564
"ENSGALG00010006031","ERCC5",18.7714896285743,-0.085058799248716,0.565441097520214,-0.150429106801306,0.880426078637414,0.998861670134564
"ENSGALG00010009560","RAB24",10.0286943181362,-0.125743139570714,0.835922500488821,-0.150424398789581,0.880429792825943,0.998861670134564
"ENSGALG00010023453","ARHGAP32",73.1035594895831,0.0510593718802549,0.340261902871075,0.150059032320175,0.880718041405415,0.998861670134564
"ENSGALG00010018556","MRPL2",12.5899341602581,-0.101413806604305,0.676852909539775,-0.14983138164134,0.880897649855889,0.998861670134564
"ENSGALG00010028518","MAU2",15.9472897089386,0.0892550573173272,0.596009393124795,0.14975444740791,0.880958349669906,0.998861670134564
"ENSGALG00010016410","TRAK1",86.801129656626,0.046745273705226,0.31296282867401,0.149363660544866,0.881266684711729,0.998861670134564
"ENSGALG00010027876","ANAPC2",10.7692911990633,-0.115048362503127,0.771163308405665,-0.149188065937659,0.881405236610318,0.998861670134564
"ENSGALG00010017500","ACAP2",44.7803934696438,0.0582662625295668,0.390612406869546,0.149166440965164,0.881422299919591,0.998861670134564
"ENSGALG00010010517","STMN4",15.4931461440576,0.0911782747701075,0.611556642237176,0.149092117512717,0.881480945688047,0.998861670134564
"ENSGALG00010005302","PSPC1",110.495227874498,0.0487787676946221,0.327474593416171,0.148954357606093,0.881589648433045,0.998861670134564
"ENSGALG00010024770","CDC27",20.0505357682256,-0.0830214792579092,0.557400086940082,-0.148944144794928,0.881597707184485,0.998861670134564
"ENSGALG00010020285","ADAMTS14",10.3993430598849,0.108945154964946,0.731521124134103,0.148929608962289,0.881609177178028,0.998861670134564
"ENSGALG00010011210","NUP153",21.9139156756538,0.0793887585872624,0.533214312670744,0.148887148564379,0.881642682142541,0.998861670134564
"ENSGALG00010015937","ENSGALG00010015937",14.4588169723595,0.101337476007275,0.680700241727564,0.148872396093307,0.881654323181002,0.998861670134564
"ENSGALG00010013453","PUM1",74.3448970028441,0.0501136688180339,0.337199694056697,0.148617183530445,0.881855713098353,0.998861670134564
"ENSGALG00010005567","NDST3",621.00590304665,0.0359923446476582,0.242686567099033,0.148307939239879,0.882099750042995,0.998861670134564
"ENSGALG00010021108","PCGF6",28.3354840837362,0.0698736084742431,0.47139415127789,0.148227567704912,0.882163176244849,0.998861670134564
"ENSGALG00010001696","FAM135A",43.8216075135448,0.0607690030482679,0.410044617049255,0.148200953070842,0.882184179682697,0.998861670134564
"ENSGALG00010022467","SART3",13.0131927417962,-0.10823302118825,0.732141695480569,-0.147830702521602,0.882476378436873,0.998861670134564
"ENSGALG00010017428","PSMA3",26.4350798770404,0.0738846499320309,0.50025504975377,0.147693961247163,0.882584297596604,0.998861670134564
"ENSGALG00010021674","ING4",13.3297808517366,-0.106947501313013,0.724232609083286,-0.147670099318483,0.882603130168209,0.998861670134564
"ENSGALG00010020171","RRN3",12.2844009021371,0.0987425836235493,0.66937345040317,0.14751493887915,0.882725589200598,0.998861670134564
"ENSGALG00010025491","ZMYND11",126.951228530531,0.0435963128214536,0.295621075017426,0.14747362926978,0.882758192924458,0.998861670134564
"ENSGALG00010024925","GTF2E1",17.9285744862045,0.091268568324218,0.61975636971352,0.1472652364451,0.882922670567019,0.998861670134564
"ENSGALG00010020619","QARS",10.6278911660596,0.107016884248737,0.726746912451568,0.147254680295417,0.882931002325184,0.998861670134564
"ENSGALG00010024024","AGL",19.9872956878908,0.0813415410255736,0.552530349605654,0.147216421837511,0.882961199070605,0.998861670134564
"ENSGALG00010023265","RAB5C",11.2529991163646,-0.105684104964063,0.718215281778212,-0.147148226507242,0.88301502489828,0.998861670134564
"ENSGALG00010016706","RTN4",198.93702412214,-0.0427318038285658,0.290438831667679,-0.147128411112257,0.883030665073916,0.998861670134564
"ENSGALG00010005204","ITGBL1",30.3587733458059,-0.0814242672314037,0.553500385730853,-0.147107878025938,0.883046871767239,0.998861670134564
"ENSGALG00010001952","MSL3",14.2928114677999,-0.0954588981306533,0.652676175013029,-0.146257672311614,0.883717979068518,0.998861670134564
"ENSGALG00010024888","PITPNM2",41.8932096227927,0.0634171155256606,0.43359925335715,0.146257437102699,0.88371816474153,0.998861670134564
"ENSGALG00010013198","CAMLG",12.8482178664632,0.0942360847963308,0.646209369134856,0.145829028945362,0.884056359083575,0.998861670134564
"ENSGALG00010018072","ENSGALG00010018072",12.7655439581869,-0.100943124846792,0.692922759802732,-0.145677311675444,0.884176132932874,0.998861670134564
"ENSGALG00010029166","ZZEF1",25.4186366921976,-0.0738693056193711,0.508600612976813,-0.145240300020517,0.884521148442866,0.998861670134564
"ENSGALG00010018485","ATP2C1",52.8700599420662,-0.0577422348447562,0.397566012151325,-0.14523936423111,0.884521887261006,0.998861670134564
"ENSGALG00010016397","LIAS",12.4724635424698,0.104079534298779,0.717891713969244,0.144979433908382,0.884727109581423,0.998861670134564
"ENSGALG00010016348","ENSGALG00010016348",13.5460594878665,-0.101363488310867,0.699400132247956,-0.144929180932627,0.884766786615589,0.998861670134564
"ENSGALG00010007584","ELP2",11.0485541029836,0.100162092283632,0.691583898046258,0.144829994692752,0.884845099558882,0.998861670134564
"ENSGALG00010015991","ENSGALG00010015991",11.4875364579728,0.10263479720764,0.711107555762581,0.144330905185751,0.885239174988362,0.998861670134564
"ENSGALG00010012075","PIGN",17.6628786855022,0.0833297512268081,0.578263863504308,0.144103334975535,0.885418871281136,0.998861670134564
"ENSGALG00010021176","DDI2",13.7356386231735,-0.0963099310435149,0.669733599846091,-0.143803343696132,0.885655762434541,0.998861670134564
"ENSGALG00010017569","CLMN",11.3388148148454,0.10339188255947,0.719239936900982,0.143751587272752,0.885696633452937,0.998861670134564
"ENSGALG00010016600","GNL2",20.9295298547924,-0.0766706093621754,0.533751722061633,-0.143644706317823,0.885781036180023,0.998861670134564
"ENSGALG00010016312","MECR",15.8376489128655,-0.0959438160001173,0.668307334852914,-0.143562416565776,0.885846020384746,0.998861670134564
"ENSGALG00010027457","CAPZA1",15.0138927668011,-0.0902218789657519,0.628906977105668,-0.143458225540711,0.885928301122784,0.998861670134564
"ENSGALG00010021759","NIFK",16.3301496673816,0.0959519440619192,0.669170011773281,0.14338948604055,0.885982586095654,0.998861670134564
"ENSGALG00010004365","TPD52",10.2798978152282,-0.108358985422137,0.75606799230413,-0.143319101621946,0.886038170648291,0.998861670134564
"ENSGALG00010003960","ASPH",72.5137881898403,0.0485628353147427,0.339232103110795,0.143155187464324,0.886167620436243,0.998861670134564
"ENSGALG00010023102","RNF10",18.1920170737644,-0.085394034205708,0.596847091184079,-0.143075228927221,0.886230768101693,0.998861670134564
"ENSGALG00010008592","KIAA0513",22.4797441721283,0.0785453318197054,0.549145822046051,0.143031829919155,0.886265042993758,0.998861670134564
"ENSGALG00010016591","HOMER2",12.7596607806613,-0.093997007760358,0.657340659793227,-0.142995882515354,0.886293433052239,0.998861670134564
"ENSGALG00010008409","CWC15",13.6375045893259,-0.0982196503025394,0.687082917215371,-0.142951669793519,0.88632835098287,0.998861670134564
"ENSGALG00010023071","POLR2M",12.1144163443797,-0.105219310395394,0.736392468931581,-0.142884826820751,0.88638114205104,0.998861670134564
"ENSGALG00010028136","C3orf18",15.8667980730131,-0.0914482430231107,0.640546483922342,-0.142765974552126,0.886475010129977,0.998861670134564
"ENSGALG00010003204","PKD2",13.6569634407344,0.102418318335647,0.717442951999188,0.142754651154149,0.886483953295361,0.998861670134564
"ENSGALG00010023665","C16orf87",12.7033391063473,-0.0913192675206363,0.641314832564962,-0.142393817955842,0.886768945187965,0.998861670134564
"ENSGALG00010004181","BBS12",20.8269123339278,0.0805886363622302,0.567067179368401,0.142114795731944,0.886989331492114,0.998861670134564
"ENSGALG00010013192","B4GALT5",29.4601982683552,0.0690021659534567,0.485809331217616,0.142035489068339,0.887051973626785,0.998861670134564
"ENSGALG00010009453","GSAP",36.784062851139,0.0637897826429986,0.44934551907665,0.141961541697531,0.887110383240391,0.998861670134564
"ENSGALG00010019931","ZFYVE26",30.1446532433966,-0.0689718108523208,0.48594752492667,-0.141932631229532,0.887133219232754,0.998861670134564
"ENSGALG00010021139","ARHGAP29",18.4287258252208,0.0825022862409105,0.58188786979466,0.14178382214777,0.887250763020061,0.998861670134564
"ENSGALG00010009589","ENSGALG00010009589",23.7680222617355,0.0817076457386452,0.576422817499313,0.141749499253198,0.887277874909761,0.998861670134564
"ENSGALG00010009130","HEATR1",23.0761635232884,-0.0736334487759144,0.520088501470837,-0.141578690103079,0.887412800189305,0.998861670134564
"ENSGALG00010016692","PRKCI",18.7292933994133,0.0805049264068384,0.570038497900182,0.141227174486267,0.887690479082875,0.998861670134564
"ENSGALG00010023992","FAM131B",12.9615183339555,0.0928350587766721,0.657638226503124,0.141164328707451,0.88774012540427,0.998861670134564
"ENSGALG00010016408","ENSGALG00010016408",36.5557689350442,-0.0746581945545676,0.529089473694894,-0.14110693609758,0.887785464266972,0.998861670134564
"ENSGALG00010009250","ERO1B",25.8989226845405,0.0744339995696493,0.528326238022588,0.140886433822102,0.887959659487483,0.998861670134564
"ENSGALG00010011850","SPAG16",38.3415124012603,0.0704642713330441,0.501019906936517,0.140641659857185,0.888153035506589,0.998861670134564
"ENSGALG00010004342","ZNF438",40.6764368550814,-0.0593813252951391,0.422391396387712,-0.140583652515103,0.888198863370013,0.998861670134564
"ENSGALG00010003246","VWA8",58.5787385926795,0.0538018783224142,0.382965840769705,0.140487408000359,0.88827490078421,0.998861670134564
"ENSGALG00010014477","ITPR2",29.1624210996272,-0.064998511449652,0.462732425282832,-0.140466731740106,0.888291236076498,0.998861670134564
"ENSGALG00010015573","MAN1C1",36.1170480167869,0.067102165588376,0.47845414933493,0.140247849624986,0.888464166936013,0.998861670134564
"ENSGALG00010017133","WDR20",53.5163217556783,-0.0545908845411028,0.389705353741205,-0.140082459778973,0.888594839005863,0.998861670134564
"ENSGALG00010020168","COX7A2L",28.0930732874608,0.0727679830096803,0.519614380317597,0.14004228090301,0.888626584198392,0.998861670134564
"ENSGALG00010027252","MAGI3",26.5680825832195,-0.0698836766424789,0.499552469365816,-0.139892565702251,0.888744875239093,0.998861670134564
"ENSGALG00010025007","ZYG11A",13.4150706049151,-0.0923028742085398,0.65986518738094,-0.139881412103126,0.888753687875966,0.998861670134564
"ENSGALG00010001878","XK",25.9309605841694,-0.0796173587935931,0.569716737389836,-0.139749025381212,0.888858289789969,0.998861670134564
"ENSGALG00010011874","KCNS2",26.0138788361057,0.0693694793759563,0.497508138098754,0.13943385859185,0.889107318389317,0.998861670134564
"ENSGALG00010029966","RABGEF1",14.2460003474458,0.0863418873754748,0.620181336106107,0.139220389825956,0.889275996655166,0.998861670134564
"ENSGALG00010024496","UEVLD",33.7285451756885,0.0621592495786235,0.447800529623414,0.13881012965951,0.889600189172949,0.998861670134564
"ENSGALG00010015018","MAP7D3",48.0246645712676,-0.0527515877132541,0.380629319300926,-0.138590447551805,0.889773792210027,0.998861670134564
"ENSGALG00010009497","HS3ST1",47.1345316912074,-0.0624016209881236,0.451177711646383,-0.138308297101856,0.889996768394324,0.998861670134564
"ENSGALG00010027868","CACNA2D3",82.4623933560926,0.0505186319060611,0.365320107076125,0.138285933151591,0.890014442416725,0.998861670134564
"ENSGALG00010023942","NEGR1",81.7287115718097,0.0478178278797249,0.346251381127347,0.138101479116232,0.890160216813254,0.998861670134564
"ENSGALG00010021408","TTC9",29.1058664893006,0.0653319099618212,0.473078733611381,0.138099443750286,0.890161825387794,0.998861670134564
"ENSGALG00010014411","ATP13A3",41.5728044711164,0.0576494257043132,0.418222513039035,0.137843908223402,0.890363781821909,0.998861670134564
"ENSGALG00010002329","STT3B",61.378216207446,0.0517627083778237,0.375745494333421,0.137760024161172,0.890430079149599,0.998861670134564
"ENSGALG00010001866","PUS7L",13.1498204845442,0.0967365350404162,0.7034347265397,0.137520272159831,0.890619570106237,0.998861670134564
"ENSGALG00010012149","SFXN1",46.1420528950577,-0.0546851466036313,0.398679439153491,-0.137165705660025,0.890899817569412,0.998861670134564
"ENSGALG00010026894","IP6K1",28.9024100505229,0.065620916010795,0.478973531970347,0.137003219657778,0.891028250192048,0.998861670134564
"ENSGALG00010024234","ENSGALG00010024234",53.2448578727738,-0.0533594870291865,0.390635428170999,-0.136596640194725,0.891349632344503,0.998861670134564
"ENSGALG00010007548","HSBP1",13.8270734920345,0.0879524576764848,0.644191833963547,0.136531469415463,0.891401148475111,0.998861670134564
"ENSGALG00010023184","SMARCD1",10.5829634930278,0.0973931538078486,0.714283012974732,0.136350930987762,0.891543862699006,0.998861670134564
"ENSGALG00010021269","NUDT13",13.8038841692373,-0.0860403508123678,0.631756508262866,-0.136192266620176,0.891669288549025,0.998861670134564
"ENSGALG00010020878","XYLT1",55.8221419443097,0.0573877219933188,0.42169803265566,0.13608724146024,0.891752313532688,0.998861670134564
"ENSGALG00010011499","SMG7",21.2178304514903,0.0726214946583589,0.534317515183783,0.135914493900467,0.891888877327254,0.998861670134564
"ENSGALG00010004896","UBA6",31.7457228189086,0.0640057767858657,0.47121401410862,0.135831649461749,0.891954370278231,0.998861670134564
"ENSGALG00010018299","SHOC2",28.0693466174363,0.06428867490701,0.475310763908823,0.135256088834004,0.892409401999747,0.998861670134564
"ENSGALG00010021738","PRDM11",19.9336812458895,-0.0721200529627464,0.533266275869745,-0.135242103665979,0.892420458956824,0.998861670134564
"ENSGALG00010014504","SEC63",59.7155917716145,-0.049020639245089,0.362512057353595,-0.135224851837891,0.892434098630315,0.998861670134564
"ENSGALG00010022230","NFS1",15.4631577704951,-0.0862027166026703,0.638237976590058,-0.135063596596413,0.892561592097569,0.998861670134564
"ENSGALG00010002880","RASGEF1B",13.7457786303299,0.0879925037326384,0.651788329769917,0.135001655773278,0.892610565199432,0.998861670134564
"ENSGALG00010026502","ENSGALG00010026502",18.086823048953,0.080410192421026,0.595653095104332,0.134995004780327,0.892615823787341,0.998861670134564
"ENSGALG00010010943","WDSUB1",33.4739638143742,-0.0657449047094596,0.487264773180307,-0.134926447238022,0.892670028880549,0.998861670134564
"ENSGALG00010024800","ENSGALG00010024800",17.0991205039764,-0.0775885212215872,0.576604239738054,-0.134561135479744,0.892958871456131,0.998861670134564
"ENSGALG00010021086","PSMD14",48.1600028314104,0.0508408777835472,0.378461700275923,0.134335595243801,0.893137207389316,0.998861670134564
"ENSGALG00010021523","CELF6",13.4477303127916,0.0879970142296587,0.655221651183169,0.134301139272119,0.893164452395944,0.998861670134564
"ENSGALG00010011421","ENSGALG00010011421",164.945590057032,-0.0367014105009275,0.273314684045589,-0.134282615034345,0.893179099922973,0.998861670134564
"ENSGALG00010023817","BBS2",12.3359254236907,0.0931515704347585,0.693956979697667,0.134232485816832,0.893218738393488,0.998861670134564
"ENSGALG00010005559","FILIP1L",90.7604635880198,-0.0525776131541438,0.392431884693105,-0.133978953303606,0.893419217201372,0.998861670134564
"ENSGALG00010029402","SMG6",32.5442843507647,-0.0627785371154003,0.468847355670282,-0.133899735929298,0.893481859103699,0.998861670134564
"ENSGALG00010003993","ENSGALG00010003993",10.2118142922187,0.102405203155271,0.765072168656198,0.133850383467928,0.893520885374197,0.998861670134564
"ENSGALG00010029582","SCPEP1",10.414357906024,0.101044524632487,0.757868986205418,0.133327166662945,0.893934643503758,0.998861670134564
"ENSGALG00010007889","DCAF6",181.784594225521,-0.0359948226755475,0.2705430516046,-0.133046561211094,0.894156557270988,0.998861670134564
"ENSGALG00010004890","ACAT1",32.4289284270273,0.0600109209373443,0.451468189778676,0.132923918663602,0.894253550397586,0.998861670134564
"ENSGALG00010025260","ENSGALG00010025260",40.7932561757489,0.0635415912750615,0.478133841601612,0.132894988278209,0.894276430522508,0.998861670134564
"ENSGALG00010011993","RELCH",73.1121336441748,-0.0450162409753401,0.338854738057186,-0.132848196939607,0.894313436495447,0.998861670134564
"ENSGALG00010011950","PDXK",36.6336192398256,-0.0571808411459658,0.431041486517823,-0.132657395945579,0.894464338094452,0.998861670134564
"ENSGALG00010021134","CHFR",15.1903454211905,-0.0815076883477698,0.614616755410814,-0.132615467492892,0.894497499180915,0.998861670134564
"ENSGALG00010016655","TRANK1",20.440696695142,-0.0724310243419779,0.546533602741042,-0.13252803483393,0.894566649999623,0.998861670134564
"ENSGALG00010000564","NAA40",24.9196275242354,0.0674363964570199,0.50955764114779,0.13234301875077,0.894712982556582,0.998861670134564
"ENSGALG00010024821","NECAP1",13.3744828508605,-0.0852175853315179,0.643944481655729,-0.132336851637278,0.894717860299603,0.998861670134564
"ENSGALG00010001112","TSC22D2",11.4363783107659,-0.0947452912352919,0.716789148610332,-0.132180141704124,0.894841807916052,0.998861670134564
"ENSGALG00010015637","ENSGALG00010015637",25.3411144342556,-0.0685310888300153,0.52030926286661,-0.131712221405492,0.895211918456995,0.998861670134564
"ENSGALG00010027865","SELENOK",10.7706099434544,-0.101606918993667,0.771687271785837,-0.13166851742744,0.895246488123241,0.998861670134564
"ENSGALG00010013488","UPRT",19.9164590857363,-0.0764278457951262,0.582289727288638,-0.131253982705488,0.895574393260059,0.998861670134564
"ENSGALG00010023263","SRP14",28.680608860177,0.0626588512693678,0.477623671140348,0.131188747659359,0.89562599709373,0.998861670134564
"ENSGALG00010019789","ARNT2",140.997934039252,-0.0382268411501969,0.291660324972185,-0.131066305140552,0.895722855784318,0.998861670134564
"ENSGALG00010018903","CAMTA1",106.868583624423,-0.0387045848142336,0.295351243360021,-0.131045951843359,0.895738956499881,0.998861670134564
"ENSGALG00010002765","MAP7D2",257.981077797069,-0.0343687426129398,0.262614104146632,-0.130871655673717,0.895876837296408,0.998861670134564
"ENSGALG00010009197","FH",12.3397600702609,-0.0935304734015721,0.71486233782204,-0.130837041557581,0.89590421992438,0.998861670134564
"ENSGALG00010005879","FAM107B",46.9412561296412,-0.0540416686746591,0.413486288358579,-0.130697607626093,0.896014524949032,0.998861670134564
"ENSGALG00010022552","GPR155",36.140122351505,0.0576542653356631,0.44155715679904,0.13057033375614,0.896115212004958,0.998861670134564
"ENSGALG00010024179","ATG4C",22.0044769298331,-0.0720263767316041,0.552060927663381,-0.130468165962149,0.896196038717403,0.998861670134564
"ENSGALG00010013934","STAT1",42.8652417772744,-0.0650207909851837,0.498661172138906,-0.130390723437099,0.896257305558974,0.998861670134564
"ENSGALG00010028472","RPRD2",14.2227735686343,0.0821202858239503,0.631229021328236,0.130095865445401,0.896490581218482,0.998861670134564
"ENSGALG00010021188","TNRC18",32.588084969976,0.0601947983698065,0.462839264552892,0.130055513824989,0.896522505929743,0.998861670134564
"ENSGALG00010029169","SBDS",11.4653833934091,0.0910484587657775,0.702131745168569,0.129674323077243,0.896824098226025,0.998861670134564
"ENSGALG00010015620","PDRG1",10.7286416005154,0.0967254695055241,0.747270223622719,0.129438409892214,0.897010756605112,0.998861670134564
"ENSGALG00010022485","ATF2",41.3514578030836,-0.0545522070040804,0.421463514462065,-0.129435182719691,0.897013310036455,0.998861670134564
"ENSGALG00010024213","ENSGALG00010024213",11.8779506895632,0.0900143069451736,0.696113445157638,0.129309823810097,0.8971124984218,0.998861670134564
"ENSGALG00010019474","TMEM163",20.9020463687341,0.0742201932473729,0.574472530467262,0.129197114415556,0.897201679437959,0.998861670134564
"ENSGALG00010015040","ZC4H2",25.6803247746684,-0.06404174673672,0.495790403452991,-0.129171009141552,0.897222335353587,0.998861670134564
"ENSGALG00010018573","SEC23B",17.2520351290753,-0.0751358319104831,0.582053387287976,-0.129087526250077,0.897288392034919,0.998861670134564
"ENSGALG00010011161","RABGAP1L",39.7075051391288,0.055347116297626,0.429361194055799,0.128905725677745,0.897432246037044,0.998861670134564
"ENSGALG00010014886","RABGAP1L",39.7075051391288,0.055347116297626,0.429361194055799,0.128905725677745,0.897432246037044,0.998861670134564
"ENSGALG00010002186","CILK1",11.5616001820222,-0.0913747904375612,0.708987170792135,-0.128880738893301,0.897452017684752,0.998861670134564
"ENSGALG00010026259","MED15",25.4542545493049,-0.0682203755261989,0.530583661227054,-0.128576095555655,0.897693082260901,0.998861670134564
"ENSGALG00010020617","DGUOK",17.6571213763064,-0.0796538028984494,0.619549785479943,-0.128567235055605,0.897700093724825,0.998861670134564
"ENSGALG00010009093","SLU7",14.2138206663206,0.0883568529104341,0.687345222992274,0.128547998814603,0.897715315715982,0.998861670134564
"ENSGALG00010021414","BUD31",12.9440121727826,-0.0903181257619708,0.704564636674654,-0.128189978691305,0.897998630485301,0.998861670134564
"ENSGALG00010009985","USP16",50.8764877045011,-0.0544337546262364,0.425021459328844,-0.128072955921316,0.898091237819496,0.998861670134564
"ENSGALG00010024451","PHOSPHO1",14.5572234984793,0.0885204736376997,0.691254323189341,0.12805775048072,0.898103270924211,0.998861670134564
"ENSGALG00010021862","PDK1",10.1293433652645,-0.0995486847398506,0.779394503943668,-0.127725669396106,0.898366075229266,0.998861670134564
"ENSGALG00010028000","MRPL9",21.0670400700908,0.0748860754959391,0.586461033860175,0.127691476794336,0.898393135407399,0.998861670134564
"ENSGALG00010011247","ENSGALG00010011247",82.5970620617067,0.0416632239096563,0.326281672461804,0.127690972022137,0.898393534887263,0.998861670134564
"ENSGALG00010026566","ENSGALG00010026566",22.1454053897036,0.069418161442183,0.54437108967493,0.127519926680228,0.898528902718561,0.998861670134564
"ENSGALG00010001483","ENSGALG00010001483",22.531115833957,0.0656129295966886,0.515347909642331,0.12731773694828,0.89868892249174,0.998861670134564
"ENSGALG00010017552","LARS2",25.4944778708287,0.0605284985270495,0.476834007407251,0.126938300512937,0.898989232397868,0.998861670134564
"ENSGALG00010006903","B3GLCT",22.3191245581938,0.0725696105511355,0.572821125225061,0.126688083514069,0.899187277815981,0.998861670134564
"ENSGALG00010027608","GNAI2",11.0378948551808,0.0906473830370714,0.717425025632372,0.126351018989295,0.899454072509496,0.998861670134564
"ENSGALG00010001957","NDUFC2",28.8823655020012,0.0645058606826428,0.511523371864466,0.126105402471687,0.899648491060103,0.998861670134564
"ENSGALG00010019624","SRGAP3",109.410141194914,-0.0378659084828818,0.30045784660089,-0.12602735761859,0.899710268977821,0.998861670134564
"ENSGALG00010003160","KIDINS220",69.5859077680009,0.0449843919599519,0.356989208074892,0.12601050940037,0.899723605591607,0.998861670134564
"ENSGALG00010028254","ENSGALG00010028254",14.1959948627977,-0.0812886973536548,0.64539139819034,-0.125952557752685,0.899769478833238,0.998861670134564
"ENSGALG00010018867","RPS2",34.3361735678515,-0.0551888741609607,0.4381728216009,-0.12595229881973,0.899769683799586,0.998861670134564
"ENSGALG00010009592","ENSGALG00010009592",10.5859739941593,0.0990491293519274,0.787188110642885,0.125826505777679,0.899869259942709,0.998861670134564
"ENSGALG00010021611","GREM1",21.4586255612305,-0.0703710211721916,0.560037327179164,-0.125654162244223,0.900005687410617,0.998861670134564
"ENSGALG00010025621","PPP1CC",21.8463993049112,-0.067056153523536,0.53702809920371,-0.124865260538443,0.900630221151353,0.998861670134564
"ENSGALG00010018163","CCT7",20.4057576071175,0.0730810028924772,0.586652872021233,0.124572820449487,0.900861746889194,0.998861670134564
"ENSGALG00010027098","EXOG",15.6475749985175,0.0800521975197004,0.642694970631437,0.124557062335575,0.900874222877191,0.998861670134564
"ENSGALG00010011465","PPP2R2C",227.017804119939,-0.0320500528900537,0.25742421910777,-0.124502865352526,0.900917131810285,0.998861670134564
"ENSGALG00010017559","DUSP10",28.5045612011238,-0.0633317569595269,0.509420862559931,-0.124321090112552,0.901061049344232,0.998861670134564
"ENSGALG00010015069","HSPD1",29.4562858465487,0.0643114115650207,0.517556373882493,0.124259722825135,0.901109636611663,0.998861670134564
"ENSGALG00010003606","ENSGALG00010003606",12.2923835619,-0.0822415836048984,0.663129680869902,-0.124020362799947,0.901299152349417,0.998861670134564
"ENSGALG00010010685","STIM2",33.9653436695796,0.0550027237007869,0.443911364469732,0.12390474338608,0.901390697213657,0.998861670134564
"ENSGALG00010006492","GAP43",81.0141290808307,0.0438257602435484,0.35439623871578,0.123663164153093,0.901581978475037,0.998861670134564
"ENSGALG00010022888","OSBPL2",18.5957302628303,-0.0719499135178398,0.582172878352176,-0.123588569981982,0.901641042932004,0.998861670134564
"ENSGALG00010020497","OSBPL11",15.3449126856704,-0.0745641274287507,0.605119145815684,-0.123222224820271,0.901931126819847,0.998861670134564
"ENSGALG00010000143","SCARF2",10.0230215920605,0.104221302239493,0.849472461155279,0.122689441983502,0.902353024775126,0.998861670134564
"ENSGALG00010029423","MYBBP1A",16.0447828426464,0.0719764352001619,0.587417982510558,0.122530186925063,0.902479140397126,0.998861670134564
"ENSGALG00010021070","RNF141",17.1125098089626,-0.0721492378924701,0.58888765307412,-0.122517830889874,0.902488925363887,0.998861670134564
"ENSGALG00010008146","SOX4",16.231328473611,-0.0799677188031582,0.652848523404039,-0.122490464382451,0.902510597446638,0.998861670134564
"ENSGALG00010010682","SMIM13",28.0156833233657,-0.0571977497178613,0.467124032351151,-0.122446600381425,0.902545334374967,0.998861670134564
"ENSGALG00010024915","STXBP5L",80.4338326311064,0.0411646375591462,0.336763399166721,0.122236079280002,0.902712053554314,0.998861670134564
"ENSGALG00010010262","HSPA9",33.0633910956651,0.0551199964289988,0.455956507978611,0.120888715183301,0.903779180593706,0.998861670134564
"ENSGALG00010000435","P2RX6",21.0698560430532,0.069847741370911,0.579377087308522,0.120556616581761,0.904042233079813,0.998861670134564
"ENSGALG00010006270","STAM",12.5282002185188,-0.0841425836109253,0.69845796713271,-0.120469072686428,0.904111577612192,0.998861670134564
"ENSGALG00010015684","PDE6D",20.4487685318739,-0.0650792405633867,0.541561772755315,-0.120169561142179,0.904348829699778,0.998861670134564
"ENSGALG00010011588","COLGALT2",17.9043749861939,-0.0680485216828589,0.566299014240858,-0.120163588442901,0.904353560941128,0.998861670134564
"ENSGALG00010011944","ENSGALG00010011944",11.3602619811256,-0.0860129032098546,0.715940650191523,-0.120139711562467,0.904372474916429,0.998861670134564
"ENSGALG00010024354","C2CD2L",60.8880105514088,0.0451220630292359,0.377356794305426,0.119574004523461,0.904820613331217,0.998861670134564
"ENSGALG00010013897","AMOT",28.4384649417179,-0.0565281934535067,0.473193137833694,-0.119461143735719,0.904910022346028,0.998861670134564
"ENSGALG00010025892","ZC3H11A",73.5984291731875,-0.0398321454411124,0.333632142900633,-0.119389412227514,0.904966849117572,0.998861670134564
"ENSGALG00010009719","YIPF3",15.4441049088056,-0.0732252593334246,0.614502901327457,-0.119161779668155,0.905147186250271,0.998861670134564
"ENSGALG00010026919","NICN1",11.5242323758578,-0.0866199717115392,0.727261846448396,-0.119104243037842,0.90519276921672,0.998861670134564
"ENSGALG00010012135","CAMSAP2",80.6758739410474,-0.0408558524730731,0.343414920925631,-0.118969357426146,0.905299632561346,0.998861670134564
"ENSGALG00010027362","ENSGALG00010027362",59.4792029437867,-0.0447698619942429,0.378184531125128,-0.118380997395766,0.9057657817785,0.998861670134564
"ENSGALG00010027368","EMC3",12.6866575741352,-0.0805364372181835,0.681875793611137,-0.118110127933522,0.905980398694645,0.998861670134564
"ENSGALG00010022513","NDUFAF1",15.4510863225922,0.0730857994700743,0.618822053661629,0.118104710453706,0.905984691174819,0.998861670134564
"ENSGALG00010005413","GAD2",260.207054220439,-0.0297904761244284,0.253428579378695,-0.1175497893626,0.906424391286308,0.998861670134564
"ENSGALG00010029281","KIAA0753",15.124573435166,0.0732202093930129,0.62292867113187,0.117541883663776,0.906430655693771,0.998861670134564
"ENSGALG00010018378","ARPP21",588.71819751894,0.0340234787017897,0.289782196636633,0.117410521062662,0.906534747135947,0.998861670134564
"ENSGALG00010016040","RPSAP58",22.4076539317321,-0.0641500453365069,0.547959349776144,-0.117070810750312,0.906803940295635,0.998861670134564
"ENSGALG00010020716","RRAS",14.5511441648099,-0.0780949006031272,0.667377225207537,-0.117017629091016,0.906846083462617,0.998861670134564
"ENSGALG00010012732","MGST1",24.3234259139685,0.0635958507870237,0.543480435137951,0.117015897308026,0.906847455797651,0.998861670134564
"ENSGALG00010025996","CUL3",45.8251181307258,-0.0475835539062492,0.406728130847823,-0.116991056918196,0.906867140359993,0.998861670134564
"ENSGALG00010013389","NAP1L1",71.3115230290473,0.0463144331952446,0.396581694740132,0.116784092179527,0.907031150085382,0.998861670134564
"ENSGALG00010016735","ENSGALG00010016735",12.1612947332388,-0.08053746440321,0.689676529040468,-0.116775707178639,0.907037794883934,0.998861670134564
"ENSGALG00010018895","SEPTIN7",123.877516495449,0.0367439185332212,0.314761834599258,0.116735621966373,0.90706956100033,0.998861670134564
"ENSGALG00010020389","ACTN1",66.9708255710772,-0.0412341549375983,0.354810647564067,-0.116214536459627,0.907482516386315,0.998861670134564
"ENSGALG00010022085","MLLT6",16.8493820270801,-0.0672842841626396,0.579419644311636,-0.116123581282052,0.907554600079764,0.998861670134564
"ENSGALG00010029728","TNRC6C",123.361024459883,0.0340390080086939,0.293297406108216,0.116056287235404,0.907607932370815,0.998861670134564
"ENSGALG00010019373","DENND5A",59.6313756902999,-0.0423719085284862,0.36553637616381,-0.115917077728805,0.907718260865551,0.998861670134564
"ENSGALG00010001453","TAX1BP1",83.3093716488767,-0.036656214228723,0.316370107343985,-0.115864973895486,0.907759555468183,0.998861670134564
"ENSGALG00010020873","PINK1",12.7583165859615,-0.0782249719517723,0.675468862968359,-0.115808405450418,0.907804388756219,0.998861670134564
"ENSGALG00010016281","SLC22A4",14.92959889553,-0.0751533046043552,0.649873037596659,-0.11564305680735,0.90793543740995,0.998861670134564
"ENSGALG00010026982","ABTB1",14.0811253094529,-0.0802739690581394,0.694271381854434,-0.115623329948764,0.907951072288403,0.998861670134564
"ENSGALG00010018767","NDUFB6",23.7141393261962,0.0710169995456961,0.614419164066381,0.115583959126027,0.907982276452428,0.998861670134564
"ENSGALG00010018815","CST3",149.089675515773,-0.0912500447302166,0.789571822171756,-0.11556902382766,0.907994113770787,0.998861670134564
"ENSGALG00010010280","HSP90B1",40.6407850092996,0.0582998083740369,0.506023518600619,0.115211657622677,0.908277358762155,0.998861670134564
"ENSGALG00010004385","ADAMTS3",24.71964104835,0.0597016421404209,0.520227341431596,0.114760677468681,0.908634817902807,0.998861670134564
"ENSGALG00010022809","MYO1E",12.6267158809449,-0.0809773188898911,0.705987819076691,-0.114700730949998,0.908682334539193,0.998861670134564
"ENSGALG00010011211","SLC37A1",13.8542340570743,0.0719668846090583,0.628763089992702,0.114457870944514,0.908874840978677,0.998861670134564
"ENSGALG00010020926","ENSGALG00010020926",11.8672543282045,-0.0770695665071766,0.674257454960974,-0.11430287635698,0.9089977024423,0.998861670134564
"ENSGALG00010024739","ASIP",16.4034889457795,0.0738650554773211,0.646273816083315,0.114293746147683,0.909004939865373,0.998861670134564
"ENSGALG00010020437","SNX4",28.7374909223411,0.0534087679748751,0.467439125780898,0.114258231776493,0.909033091814228,0.998861670134564
"ENSGALG00010024326","KLHL24",18.4844878255065,-0.0658374284894687,0.577219384601071,-0.11405962835945,0.90919052520801,0.998861670134564
"ENSGALG00010018560","ENSGALG00010018560",42.2645168785291,0.0488025687719647,0.428274476398034,0.113951616221482,0.909276148180326,0.998861670134564
"ENSGALG00010009740","LRRC73",11.5449133814354,-0.0825149181974376,0.724297410671698,-0.113924082816912,0.909297974524961,0.998861670134564
"ENSGALG00010025470","ORAOV1",47.2359147900748,0.0454981486602678,0.399566571832467,0.113868756466806,0.90934183316514,0.998861670134564
"ENSGALG00010024178","N4BP1",70.6244215617131,-0.0403360364229334,0.354628363064781,-0.113741709981514,0.909442547271864,0.998861670134564
"ENSGALG00010005590","TBC1D23",17.3477258452431,-0.066182235370635,0.583114887263729,-0.113497763161554,0.909635936362511,0.998861670134564
"ENSGALG00010001738","PUDP",38.2192373730836,-0.0519753427171658,0.45831902878108,-0.113404287086653,0.909710041035944,0.998861670134564
"ENSGALG00010010125","AHCTF1",47.1949989904755,-0.043172861571595,0.380712420140634,-0.113400192081065,0.909713287435961,0.998861670134564
"ENSGALG00010028270","RAPGEF1",30.4620840336499,0.051194245080813,0.452077491713802,0.113242189711189,0.909838548219491,0.998861670134564
"ENSGALG00010015759","EIF5",107.18304895586,-0.0363304212608289,0.321329165825876,-0.11306294331376,0.909980653511469,0.998861670134564
"ENSGALG00010015520","UBE3A",56.4250179724135,-0.0406455294486432,0.359529011664195,-0.113052154707912,0.909989206734767,0.998861670134564
"ENSGALG00010012720","ACO2",33.0833940730563,-0.0526465298445468,0.466386479589972,-0.112881766836019,0.910124291884257,0.998861670134564
"ENSGALG00010027741","RAB11B",27.6809014469671,0.0565715560478637,0.502965904008365,0.112475926493266,0.910446056482602,0.998861670134564
"ENSGALG00010018027","EML5",62.4362855744923,-0.0420684497239256,0.374240176567433,-0.11241029787283,0.910498090558431,0.998861670134564
"ENSGALG00010018251","USP48",22.4774212105377,-0.0582621384743578,0.518435443227229,-0.112380700886651,0.910521556845798,0.998861670134564
"ENSGALG00010021924","NRN1L",28.8405390699162,-0.0639476735318439,0.570151891400775,-0.112159013231955,0.910697326756692,0.998861670134564
"ENSGALG00010028861","SURF4",13.3795606178551,0.0744729568288415,0.664540079239584,0.112066915383131,0.910770349838086,0.998861670134564
"ENSGALG00010001232","TSPAN12",16.3913185635614,0.0689795934366491,0.615728812779577,0.112029179088202,0.910800270630177,0.998861670134564
"ENSGALG00010003066","ENSGALG00010003066",15.2638763753372,0.0674934046488007,0.602586824737508,0.112006107465428,0.91081856398889,0.998861670134564
"ENSGALG00010005905","CITED2",26.1475719080744,-0.0677066995976034,0.604630156375717,-0.111980355071027,0.910838982972039,0.998861670134564
"ENSGALG00010004356","TRAPPC8",23.3686343502594,-0.0580155078469366,0.51834076641019,-0.111925419736378,0.910882541202865,0.998861670134564
"ENSGALG00010001886","NEU3",27.8907366222741,-0.0528781441854095,0.473847666358712,-0.111593129901329,0.911146019542023,0.998861670134564
"ENSGALG00010017665","CTBP1",81.8116427258447,0.037615935499012,0.337282901024123,0.111526363728476,0.911198960771287,0.998861670134564
"ENSGALG00010008094","PIM3",14.6615288857199,-0.0720559665442982,0.648766020572178,-0.111066184509399,0.9115638636486,0.998861670134564
"ENSGALG00010007979","RAB30",13.7243552783962,-0.0757074382341166,0.682545062275797,-0.110919325944117,0.911680320279099,0.998861670134564
"ENSGALG00010005356","DNAJC3",43.4560184214758,0.0441880748919897,0.398572487008875,0.110865843308963,0.911722731674654,0.998861670134564
"ENSGALG00010002626","CHD7",13.9562544737558,0.0699525785713467,0.631282552068984,0.110810251831105,0.911766815635842,0.998861670134564
"ENSGALG00010005429","ZDHHC20",31.4858826079386,0.0523835335248862,0.473352559281002,0.110664942013737,0.911882047392221,0.998861670134564
"ENSGALG00010001661","TCTN3",38.3525874549989,-0.0525121508691387,0.476228068864558,-0.110266811854119,0.912197777030366,0.998861670134564
"ENSGALG00010028114","PFKFB4",40.6656763513483,-0.0442940819792562,0.403312251999526,-0.109825778313594,0.912547546568101,0.998861670134564
"ENSGALG00010004957","ENSGALG00010004957",16.3806397627404,0.0676281431291244,0.619958545094737,0.109084943927646,0.913135116625939,0.998861670134564
"ENSGALG00010029226","MBTD1",24.5190372312184,0.0552027286359648,0.506166946320199,0.109060319005982,0.913154647944041,0.998861670134564
"ENSGALG00010017531","SACM1L",20.5318282652001,0.0619313704921719,0.567935122391425,0.109046558401592,0.913165562224617,0.998861670134564
"ENSGALG00010018897","CCDC85A",96.8270038619504,0.0402259369612378,0.369367408995494,0.108904943916502,0.913277885293348,0.998861670134564
"ENSGALG00010029574","SGSM2",42.8045206400478,0.0435510057066411,0.400096481480513,0.108851258940057,0.913320466569123,0.998861670134564
"ENSGALG00010019967","CEP170B",70.9761653009474,0.0377675036181799,0.347030570703835,0.108830480097419,0.913336947776221,0.998861670134564
"ENSGALG00010023353","ENSGALG00010023353",26.6435888172949,-0.0526264769255993,0.483755208021154,-0.108787411593713,0.913371108648765,0.998861670134564
"ENSGALG00010008437","SHKBP1",23.6297229454645,0.0562087008845152,0.518023630668552,0.108506055625249,0.913594277183475,0.998861670134564
"ENSGALG00010016422","SHKBP1",23.6297229454645,0.0562087008845152,0.518023630668552,0.108506055625249,0.913594277183475,0.998861670134564
"ENSGALG00010013293","TUBGCP3",26.4089764383986,0.0543678696685012,0.501104094971434,0.108496159209396,0.913602127038463,0.998861670134564
"ENSGALG00010022310","DCLRE1A",13.1216579404786,0.0700416908811393,0.646089494712473,0.108408651517093,0.913671538665251,0.998861670134564
"ENSGALG00010006854","FOXG1",27.2096747140676,0.0529630227913595,0.488927728476573,0.10832484988402,0.913738011240863,0.998861670134564
"ENSGALG00010018419","USP7",60.8747698435614,0.0404011676907508,0.374164169071487,0.107977115475832,0.914013845263724,0.998861670134564
"ENSGALG00010026013","RABIF",15.1648921936119,0.0688744950308712,0.638134394133374,0.107931018393715,0.914050411717637,0.998861670134564
"ENSGALG00010009345","ZFAT",33.0939951516392,0.0489651757457719,0.454180362178548,0.107809979962371,0.914146426170811,0.998861670134564
"ENSGALG00010022518","ECHS1",18.4134179920469,-0.0661785838594666,0.616608215922654,-0.107326795444075,0.914529727624477,0.998861670134564
"ENSGALG00010020008","EIF2S1",12.1751384855505,0.0726516208832379,0.677416026629279,0.107248157745457,0.914592111357734,0.998861670134564
"ENSGALG00010019024","CNPY3",22.2362267839604,-0.0575313351013012,0.537013349569823,-0.107132038984481,0.914684229992724,0.998861670134564
"ENSGALG00010003851","PHF14",157.241200408566,-0.0388723953949945,0.363822857013609,-0.106844291516133,0.914912509014317,0.998861670134564
"ENSGALG00010007121","ENSGALG00010007121",41.8384952211978,-0.0464999473410702,0.435725655615402,-0.106718405817522,0.915012380264656,0.998861670134564
"ENSGALG00010006108","MKLN1",49.7357447020291,0.0400726891175881,0.376729801082898,0.1063698412029,0.915288920530712,0.998861670134564
"ENSGALG00010025067","SLC1A2",69.6876146708706,0.0380897678409984,0.358099103333279,0.106366554639341,0.91529152803632,0.998861670134564
"ENSGALG00010001466","PRKX",10.5416184830702,-0.0846050495928255,0.797009931938717,-0.106153068114251,0.915460906694255,0.998861670134564
"ENSGALG00010020614","FAIM",14.9231384168041,0.0711868779551805,0.672166186259864,0.105906663278148,0.915656407272491,0.998861670134564
"ENSGALG00010002659","ENSGALG00010002659",12.1278420807331,0.0735887526838269,0.69617468278646,0.105704436692937,0.915816860104239,0.998861670134564
"ENSGALG00010022250","SLC25A28",16.015632058566,-0.0649881566590776,0.615136541444636,-0.10564834354736,0.915861366749973,0.998861670134564
"ENSGALG00010027165","ENSGALG00010027165",10.8845804050186,0.0763562245355268,0.723039738506599,0.1056044646913,0.915896182251855,0.998861670134564
"ENSGALG00010019233","ARPC2",15.067980817513,-0.0678792229336207,0.642926921593476,-0.105578442360734,0.915916829641607,0.998861670134564
"ENSGALG00010026328","ENSGALG00010026328",23.7223507719951,0.055406761160161,0.527324719183179,0.105071427802561,0.916319131091642,0.998861670134564
"ENSGALG00010026720","ENSGALG00010026720",12.1825066859355,-0.0742061563051876,0.708171401769019,-0.104785587387206,0.916545946683113,0.998861670134564
"ENSGALG00010010593","EIF3L",11.7354788882978,-0.0764845880588551,0.73163053743152,-0.104539906613745,0.916740900856746,0.998861670134564
"ENSGALG00010019820","BBOX1",22.0005947420743,-0.0565786730558681,0.542607119218644,-0.104271895911247,0.916953580128118,0.998861670134564
"ENSGALG00010026184","NUDT3",11.0143271378404,0.0742026244863713,0.711910349381358,0.104230293253712,0.916986594353812,0.998861670134564
"ENSGALG00010009702","ENSGALG00010009702",17.0515650609022,-0.0773996104689421,0.743908859285388,-0.104044480050007,0.917134050119359,0.998861670134564
"ENSGALG00010029367","DUSP14",15.7664937917595,-0.0668046499892124,0.642376077966659,-0.103996167168416,0.917172390235164,0.998861670134564
"ENSGALG00010005166","CBLB",68.0765961859796,0.0370962270184657,0.356732166501986,0.103989016135609,0.917178065165075,0.998861670134564
"ENSGALG00010007960","TSNAX",19.6466569529332,-0.0631064073026664,0.607901737679022,-0.103810210419216,0.917319963509134,0.998861670134564
"ENSGALG00010020341","DYNC2LI1",11.912578756326,0.0731226561979239,0.706333331188759,0.103524289410013,0.91754687289934,0.998861670134564
"ENSGALG00010028603","SH3GLB2",10.4689477066197,0.0761668203913393,0.736635792104655,0.10339820737426,0.917646934830334,0.998861670134564
"ENSGALG00010003700","REST",11.5804193869317,-0.070383983890921,0.681037853404901,-0.103348123072794,0.917686683376127,0.998861670134564
"ENSGALG00010010438","LDB3",28.1533483476996,0.0510485811839451,0.49437713721913,0.103258377745972,0.917757908728196,0.998861670134564
"ENSGALG00010021795","NDRG3",38.1776282221337,0.044436638837178,0.430921103001861,0.10312012692724,0.917867631200446,0.998861670134564
"ENSGALG00010007924","ABHD18",22.3609259213596,0.0547392654332069,0.53084163021045,0.103117883598364,0.917869411626605,0.998861670134564
"ENSGALG00010020548","CMTR1",24.4054985264507,0.0547877570560135,0.532306019978141,0.102925300484603,0.918022257452881,0.998861670134564
"ENSGALG00010029379","GTF2I",36.2092135226444,-0.0442540036242797,0.430383007532047,-0.102824699976066,0.918102101420612,0.998861670134564
"ENSGALG00010002422","TRAPPC12",32.4038945376109,0.0482757201846951,0.47031554749525,0.102645384448369,0.918244421468553,0.998861670134564
"ENSGALG00010018049","SUGCT",156.122131403332,0.039367115599424,0.384837316836392,0.102295473638177,0.918522147975607,0.998861670134564
"ENSGALG00010007984","EIF3H",55.2694248548915,-0.0374102772219815,0.366320045254372,-0.102124570322118,0.918657798675046,0.998861670134564
"ENSGALG00010029514","MRPS23",16.6395198616731,-0.0644029624226877,0.631497089689132,-0.101984575185282,0.918768918460064,0.998861670134564
"ENSGALG00010025452","TRIM33",11.8012379607031,-0.0715456272444778,0.702114243606705,-0.101900264659144,0.918835839889817,0.998861670134564
"ENSGALG00010015570","LIMCH1",123.347852463694,-0.0292885444313863,0.287442011336413,-0.101893749960955,0.918841010951548,0.998861670134564
"ENSGALG00010027861","PNPLA7",17.3233165097737,-0.0587694705864195,0.577492146086509,-0.101766701044651,0.918941857105699,0.998861670134564
"ENSGALG00010009804","XPR1",41.96359690485,0.0407864538052907,0.401615550384984,0.10155596257713,0.919109135424788,0.998861670134564
"ENSGALG00010018359","CACNG3",50.5908358590153,-0.0433181524510194,0.427107596704358,-0.101422107181587,0.919215387964856,0.998861670134564
"ENSGALG00010016845","MIA3",71.2002115280081,-0.0355129164476787,0.352303382511909,-0.100802087662267,0.919707569569588,0.998861670134564
"ENSGALG00010009128","ENSGALG00010009128",31.4700788926241,0.0476663393790895,0.472988983733877,0.100776848971833,0.919727605106465,0.998861670134564
"ENSGALG00010011469","CPS1",22.4470659945059,0.0533687921569011,0.529734856341678,0.100746234683259,0.919751908088249,0.998861670134564
"ENSGALG00010002929","PDHA2",24.1870042828439,-0.050506592283354,0.502838490127671,-0.100442971799017,0.919992655678329,0.998861670134564
"ENSGALG00010020638","IMPDH2",20.5323499464938,0.0567090837278696,0.564970078665393,0.100375375385952,0.920046318614769,0.998861670134564
"ENSGALG00010011619","PCDH1",24.5210328135208,-0.0531502056780302,0.529975985103121,-0.100287951099687,0.920115722895296,0.998861670134564
"ENSGALG00010018324","ENSGALG00010018324",15.3440236215106,-0.069302733627704,0.691572557440878,-0.100210358091933,0.920177322842747,0.998861670134564
"ENSGALG00010025897","MAPKAPK5",22.456209853197,0.0521249259103425,0.521437945089016,0.0999638142971051,0.920373053511806,0.998861670134564
"ENSGALG00010015031","MYH9",20.9752861542357,0.0531533364736301,0.532138119211762,0.0998863538518239,0.920434550214491,0.998861670134564
"ENSGALG00010018551","FBXO34",36.3240756836534,0.0425675045653919,0.427449881160505,0.0995847851210607,0.920673973488052,0.998861670134564
"ENSGALG00010002703","PIN1",18.8571648387082,-0.0623433496918331,0.628417644131792,-0.0992068734447539,0.920974017564026,0.998861670134564
"ENSGALG00010007650","KLHL36",18.0976757140616,0.0596953702904676,0.602914100667807,0.099011401830455,0.92112921723825,0.998861670134564
"ENSGALG00010011657","ALDH1L2",40.2321697278279,-0.0408545943282898,0.413463109231888,-0.0988107364746216,0.92128854374052,0.998861670134564
"ENSGALG00010005253","POMT2",11.3962396341656,-0.0672212263211661,0.681861742745396,-0.0985848334158061,0.921467912533591,0.998861670134564
"ENSGALG00010028386","NCAN",36.9335081497005,-0.0416420720430913,0.424165383532961,-0.0981741407001343,0.921794015983844,0.998861670134564
"ENSGALG00010013062","ENSGALG00010013062",91.0413162291261,-0.0319189021509756,0.326472283207099,-0.09776910259401,0.92211564236765,0.998861670134564
"ENSGALG00010009094","DARS",65.8649132775409,0.0386278014571055,0.396862823399698,0.0973328797245432,0.922462045709084,0.998861670134564
"ENSGALG00010006939","FBXO31",15.0111093552234,0.0601375131880872,0.618034543081844,0.097304453062138,0.922484619752115,0.998861670134564
"ENSGALG00010021514","TPR",77.2184311481981,0.0342653795915636,0.352202271880803,0.0972889226653259,0.922496952701749,0.998861670134564
"ENSGALG00010021597","GGT7",15.2750781409941,0.0632426574457788,0.650329480251892,0.0972471022246802,0.922530163110548,0.998861670134564
"ENSGALG00010020061","UBA3",17.5417217983477,0.0603245735768915,0.620469527555199,0.0972240712845076,0.922548452476666,0.998861670134564
"ENSGALG00010012855","ENSGALG00010012855",34.4861359041816,0.0417261384534474,0.429351262812573,0.097184152155766,0.922580153214423,0.998861670134564
"ENSGALG00010028157","PRRC2B",50.4303078948063,0.0420110026979597,0.433426761739983,0.0969275697912777,0.922783914358758,0.998861670134564
"ENSGALG00010018544","HACD2",25.3517143162135,0.0495276751840648,0.511063777738091,0.0969109479902266,0.922797114494671,0.998861670134564
"ENSGALG00010012992","HARS1",15.5140800329446,0.0605909799790389,0.625789429581115,0.0968232717187261,0.922866742602011,0.998861670134564
"ENSGALG00010029244","HLF",30.3873872141769,0.0448315725201928,0.464537881336608,0.0965078938044829,0.923117204842674,0.998861670134564
"ENSGALG00010008093","EFR3A",78.0021895859142,-0.035075937925499,0.363491853730283,-0.0964971774897765,0.923125715503537,0.998861670134564
"ENSGALG00010015756","PCM1",83.2405674816012,-0.0327028008477737,0.339336905102158,-0.0963726619653364,0.923224603632654,0.998861670134564
"ENSGALG00010027281","ENSGALG00010027281",24.2918837479006,-0.0492931004661873,0.511680946729099,-0.0963356184772788,0.923254023175098,0.998861670134564
"ENSGALG00010024011","AGPS",30.2027057094245,0.0464721704255663,0.48245049760614,0.096325261671727,0.923262248458197,0.998861670134564
"ENSGALG00010012413","NEK7",18.2507624660615,-0.0540887700264465,0.56381495492184,-0.0959335497476201,0.923573348609996,0.998861670134564
"ENSGALG00010007713","SCLT1",41.3843486547278,-0.0483690279959693,0.504849734922124,-0.0958087617960828,0.923672458468481,0.998861670134564
"ENSGALG00010022569","KIAA1549L",359.672145664461,0.0232585246770667,0.243153088010061,0.095653832190296,0.923795509266642,0.998861670134564
"ENSGALG00010024102","SGF29",104.553852149515,0.0300849823001863,0.315582682005803,0.0953315375513318,0.924051493376488,0.998861670134564
"ENSGALG00010005237","RAP2A",14.2650427922366,0.06214667094365,0.651912770090458,0.095329733968897,0.924052925902905,0.998861670134564
"ENSGALG00010022161","CELF1",81.8725769798329,-0.0333945113531246,0.350917523615668,-0.0951634190537004,0.924185025447185,0.998861670134564
"ENSGALG00010017631","NAT8L",38.3793761163149,-0.0399486436831063,0.419910958345073,-0.0951359874973243,0.924206813808827,0.998861670134564
"ENSGALG00010025726","ENSGALG00010025726",37.3651246604566,0.0422369048165507,0.444158762517842,0.0950941608741852,0.924240036006682,0.998861670134564
"ENSGALG00010011871","CCT2",22.045844037273,-0.0514154293640198,0.542238771817889,-0.0948206436652369,0.924457289475558,0.998861670134564
"ENSGALG00010008750","PFDN1",72.0310655688817,0.0335627639867135,0.354100897955023,0.0947830524591794,0.924487148439481,0.998861670134564
"ENSGALG00010026780","MYSM1",77.7642042394221,-0.0375249964880923,0.396197069354091,-0.0947129582489549,0.924542825056267,0.998861670134564
"ENSGALG00010027869","NSMF",18.6090651716497,-0.0602243052700981,0.637004823081928,-0.0945429345082876,0.92467787835424,0.998861670134564
"ENSGALG00010019253","HBAD",30.8967280879624,0.118243652238924,1.25123769779786,0.0945013505004124,0.92471090970379,0.998861670134564
"ENSGALG00010027617","ENSGALG00010027617",36.9407204452609,-0.0407035528832509,0.430830508816835,-0.0944769510289157,0.924730290952157,0.998861670134564
"ENSGALG00010017393","VDAC1",18.9084172556476,0.0548808058001398,0.583261182191277,0.094093019518213,0.925035265398672,0.998861670134564
"ENSGALG00010015793","RSRP1",179.738296325982,-0.027031783805589,0.287640871496723,-0.0939775479921564,0.925126991896662,0.998861670134564
"ENSGALG00010019731","PANK4",17.6212323877548,-0.0550417429687039,0.585999954617733,-0.0939278962992572,0.925166433752243,0.998861670134564
"ENSGALG00010024855","CAPRIN1",77.9412239532187,-0.0315482314039065,0.336956860491113,-0.0936269152019194,0.92540552828444,0.998861670134564
"ENSGALG00010028068","POLE4",16.4020089443837,0.0553810315525127,0.592212345903457,0.0935154964863582,0.925494039226032,0.998861670134564
"ENSGALG00010010347","FBXW11",72.3903538189418,-0.0323638112985883,0.346342162575668,-0.0934446186335095,0.925550345017601,0.998861670134564
"ENSGALG00010001657","SMAP1",82.6952585509653,0.0309715978353634,0.332656095673284,0.0931039540179715,0.925820976230874,0.998861670134564
"ENSGALG00010029202","PSMD12",25.946977133028,-0.0480102768629993,0.517021362022271,-0.0928593678899698,0.926015285946606,0.998861670134564
"ENSGALG00010010161","SEPSECS",10.3253468962924,0.0718726107441642,0.774052097561367,0.0928524203611064,0.926020805426181,0.998861670134564
"ENSGALG00010024367","ENSGALG00010024367",16.6789936747249,-0.0546834048991686,0.589630641522152,-0.0927417963862961,0.926108691365637,0.998861670134564
"ENSGALG00010002464","NGLY1",21.4527118323633,-0.0509181006813595,0.549523453958751,-0.0926586487156226,0.926174749169389,0.998861670134564
"ENSGALG00010021315","COX6A1",149.886835440909,-0.0321927569428049,0.34845934073321,-0.0923859778735348,0.926391379816468,0.998861670134564
"ENSGALG00010013186","DDX46",131.636078294884,-0.0310745882546701,0.336470710262028,-0.0923545120182102,0.926416379058763,0.998861670134564
"ENSGALG00010015818","ENSGALG00010015818",15.0893181033106,0.0580443514388696,0.630325123448494,0.0920863682559729,0.92662941898655,0.998861670134564
"ENSGALG00010017516","AAK1",94.0594458991095,0.0300050415115801,0.326287462281869,0.0919589165386309,0.926730681082871,0.998861670134564
"ENSGALG00010012125","RNF152",18.2067382419916,0.0546857330096922,0.596967287533529,0.0916059123367306,0.927011153839708,0.998861670134564
"ENSGALG00010021755","MAP3K20",46.6393549819484,0.0359737201674302,0.394040746693505,0.0912944168066238,0.927258654206896,0.998861670134564
"ENSGALG00010017337","ABAT",55.4449288985513,-0.0334635535349789,0.36660058762055,-0.0912806871155793,0.92726956336529,0.998861670134564
"ENSGALG00010018519","OGDH",20.175274844923,0.0542283454516055,0.595577933640803,0.0910516363830077,0.927451561516583,0.998861670134564
"ENSGALG00010005438","GPR180",19.8824108326528,0.0516401182413191,0.567221339882631,0.0910405067834796,0.927460404922941,0.998861670134564
"ENSGALG00010001114","MED12L",57.9250650681974,0.0324929660749036,0.356935774666402,0.0910330888106468,0.927466299133541,0.998861670134564
"ENSGALG00010002972","ME1",53.3597677363988,0.0354286325956816,0.390624218094491,0.0906974809921067,0.927732972260345,0.998861670134564
"ENSGALG00010012335","ENSGALG00010012335",12.3789749361836,-0.0667920344204346,0.736891549972896,-0.0906402501465667,0.927778448556944,0.998861670134564
"ENSGALG00010007304","F5",30.7772096225766,0.0448073045556991,0.49565459459701,0.0904002606737249,0.927969149554932,0.998861670134564
"ENSGALG00010013241","SEC24A",10.9641088742425,-0.0686580042755811,0.765070682936323,-0.0897407335124557,0.92849324585076,0.998861670134564
"ENSGALG00010001229","ZNF407",138.71249768804,0.0275146201762056,0.307327200745808,0.0895287501706142,0.928661705987972,0.998861670134564
"ENSGALG00010020215","PRMT3",28.7733822556758,0.0416110945463869,0.46515871014431,0.0894556925172434,0.928719764603916,0.998861670134564
"ENSGALG00010021657","JAGN1",16.1816015668011,0.0561349086781984,0.630911856584312,0.0889742490846609,0.929102375189817,0.998861670134564
"ENSGALG00010016878","SUCLG1",17.8780837975464,-0.0507855963121924,0.572488771470415,-0.0887102050608811,0.929312222048391,0.998861670134564
"ENSGALG00010004233","NHSL1",16.5663045896083,0.0519507606058882,0.585699052633445,0.0886987273964418,0.929321343941226,0.998861670134564
"ENSGALG00010023699","PPIG",56.6693462780993,-0.0321916594615871,0.364221914897713,-0.0883847405794561,0.92957088908227,0.998861670134564
"ENSGALG00010028316","TIMM44",35.5125197696922,-0.0385430912938167,0.437667819284859,-0.0880647139120152,0.929825241600012,0.998861670134564
"ENSGALG00010023736","KIF5A",11.7195598364022,0.0660962328335907,0.750664322479932,0.0880503187033478,0.929836682870129,0.998861670134564
"ENSGALG00010022585","CIR1",27.5863559834864,0.044211065792392,0.502431354638075,0.0879942411719892,0.929881253267746,0.998861670134564
"ENSGALG00010026943","EEFSEC",31.966080032329,0.0386752740405278,0.44206233107305,0.0874882823574869,0.930283399041423,0.998861670134564
"ENSGALG00010024344","YEATS2",30.2911384479136,0.040534623970237,0.463776501454891,0.0874012026117705,0.930352613492526,0.998861670134564
"ENSGALG00010012538","RAP1B",23.4458223983151,0.0456508502745156,0.522402669994644,0.0873863264806506,0.930364437686894,0.998861670134564
"ENSGALG00010014942","PMEPA1",26.4335320291382,-0.0505768036094956,0.579647180741914,-0.0872544632146062,0.930469249002916,0.998861670134564
"ENSGALG00010022554","SCG3",67.1606311472292,0.0310572969186059,0.356343020733011,0.0871556200391406,0.930547815141143,0.998861670134564
"ENSGALG00010007169","QPCT",14.5589034817877,0.0564280968585414,0.647525424246994,0.0871442181967782,0.930556878012949,0.998861670134564
"ENSGALG00010011118","GMPR2",16.4349903277375,-0.0542802341660113,0.622916004775266,-0.0871389300481922,0.930561081355362,0.998861670134564
"ENSGALG00010022021","TECPR1",23.5765269118278,-0.046186605680473,0.531485219355841,-0.0869010162435957,0.93075019173232,0.998861670134564
"ENSGALG00010021234","ISLR2",15.818066590549,0.0540571315981976,0.625203523516173,0.0864632548680753,0.931098165014084,0.998861670134564
"ENSGALG00010019065","CAND2",14.4452584926519,0.0535579225631244,0.621069488281376,0.0862349923377011,0.931279614440979,0.998861670134564
"ENSGALG00010015085","PSMD2",16.6335564724758,0.0566984275800498,0.657673995557247,0.0862105358628469,0.931299055484291,0.998861670134564
"ENSGALG00010026023","THY1",128.478234176598,0.0349882308676475,0.408011135598366,0.0857531273413305,0.931662668119781,0.998861670134564
"ENSGALG00010016614","DNAJC19",12.9369096241937,-0.0605048679109843,0.70667372767712,-0.0856192405933464,0.931769102842376,0.998861670134564
"ENSGALG00010027713","ENSGALG00010027713",34.2618909704969,0.0384956071653572,0.450623181950532,0.085427489546206,0.931921539541787,0.998861670134564
"ENSGALG00010013316","KDM7A",49.8931579024314,0.0332683266541248,0.389523639425999,0.0854077218603442,0.93193725443918,0.998861670134564
"ENSGALG00010012912","NKAPL",18.1339777417671,-0.0478310934060216,0.560336971029161,-0.0853613020004214,0.931974157362588,0.998861670134564
"ENSGALG00010018971","POLR1B",10.6135453034161,0.0606357494737174,0.710624808645235,0.0853273749185818,0.932001128852773,0.998861670134564
"ENSGALG00010015140","ASCC3",62.1753935759804,0.0296418929022784,0.347490525853069,0.0853027369005507,0.932020715733987,0.998861670134564
"ENSGALG00010020525","GPD1L2",17.6332159315573,-0.0518444633275703,0.608533766199356,-0.0851957051641832,0.932105804951522,0.998861670134564
"ENSGALG00010005526","STRN3",141.483036903774,0.0232369567754568,0.273740837532068,0.0848867015420549,0.932351464257064,0.998861670134564
"ENSGALG00010003400","PKIA",33.7144250454877,-0.0363331879039497,0.428430886453616,-0.0848052487641629,0.932416220665475,0.998861670134564
"ENSGALG00010013242","SULT4A1",56.3513975785865,-0.0354485199974113,0.418026189121618,-0.0847997587708508,0.932420585323984,0.998861670134564
"ENSGALG00010012207","GRIA3",1460.54328805081,0.0184253350223869,0.21777381062034,0.0846076714638066,0.932573299994087,0.998861670134564
"ENSGALG00010015870","EIF5B",66.0102576138009,0.029563563702426,0.349533790051186,0.0845799878120417,0.932595309460214,0.998861670134564
"ENSGALG00010023946","ZNRF3",22.4609097741561,0.0445430519922008,0.527029803239327,0.0845171406216918,0.932645275353946,0.998861670134564
"ENSGALG00010005154","CWF19L2",38.930040872772,0.0368358163790775,0.43660864952113,0.0843680408518678,0.932763816372506,0.998861670134564
"ENSGALG00010009253","SLC45A4",30.9985642773994,-0.0387566644487248,0.459866051638748,-0.0842781595001723,0.93283527680755,0.998861670134564
"ENSGALG00010024129","GID8",10.4580332533148,-0.0603817959659357,0.719073044278962,-0.0839717139257841,0.933078921335226,0.998861670134564
"ENSGALG00010012159","WASHC1",11.7332603399644,-0.0578683672450329,0.689759642731954,-0.0838964237104852,0.9331387830032,0.998861670134564
"ENSGALG00010011267","EVC2",31.665053664281,0.0382340087075698,0.456114152498925,0.0838255259085826,0.93319515270127,0.998861670134564
"ENSGALG00010006547","ENSGALG00010006547",79.1627247882753,-0.0315820534945724,0.377124711163342,-0.0837443226596026,0.933259716505566,0.998861670134564
"ENSGALG00010022506","EBNA1BP2",16.9835856308167,-0.0550178693348688,0.658502010375223,-0.0835500400424273,0.933414190244733,0.998861670134564
"ENSGALG00010025645","NBEAL2",11.0144895047495,-0.0669767181221595,0.802535457917357,-0.0834563974231984,0.933488646208982,0.998861670134564
"ENSGALG00010000583","CCS",20.1664218903043,0.0537418711881525,0.644052448769283,0.0834433147344562,0.93349904840141,0.998861670134564
"ENSGALG00010012662","SLC35E3",24.1879663760943,0.0419882587896587,0.504089382693759,0.0832952651477826,0.933616765077818,0.998861670134564
"ENSGALG00010006523","ENSGALG00010006523",22.6030540334564,-0.046976418573964,0.564524966261948,-0.0832140673689287,0.933681327392088,0.998861670134564
"ENSGALG00010003503","NUFIP1",12.5179787713317,-0.0592990948147169,0.712974829640179,-0.0831713720449903,0.93371527564994,0.998861670134564
"ENSGALG00010010888","GNPAT",14.3465592338738,-0.0535133051992383,0.64341621202551,-0.0831705888025038,0.933715898429287,0.998861670134564
"ENSGALG00010009218","ENSGALG00010009218",147.40664072394,0.0894004238130906,1.07642238475227,0.0830532930933659,0.933809164186665,0.998861670134564
"ENSGALG00010007654","HTR1F",23.2983699932483,-0.044346613563587,0.536252837715257,-0.0826972100558551,0.934092303328347,0.998861670134564
"ENSGALG00010017762","FBXO11",85.1595596011009,0.0285844216980354,0.345670350548129,0.0826927205434575,0.934095873213828,0.998861670134564
"ENSGALG00010022796","RIMKLB",52.0517880431645,0.0333067979166478,0.404931939068358,0.0822528299281059,0.934445663521692,0.998861670134564
"ENSGALG00010016774","PEX14",17.9151182537643,0.0464020682180945,0.564866405807092,0.0821469780129592,0.934529836279315,0.998861670134564
"ENSGALG00010005283","ATP5C1",63.8201827800209,-0.0341444916282073,0.415871751998897,-0.0821034164116487,0.93456447639529,0.998861670134564
"ENSGALG00010017390","DDX24",23.5487346744726,0.0446266628024072,0.543635526302604,0.0820893055057013,0.934575697391792,0.998861670134564
"ENSGALG00010010148","ENSGALG00010010148",21.6957269998446,-0.0444497280756502,0.546395245185079,-0.0813508691141589,0.935162920309156,0.998861670134564
"ENSGALG00010012648","MRPS6",26.4799856859775,0.0399364348058292,0.491322706145989,0.0812835114401626,0.935216486561153,0.998861670134564
"ENSGALG00010025949","GPATCH1",12.9563841954953,0.0541767043334892,0.667334110305969,0.0811837781057669,0.935295800125298,0.998861670134564
"ENSGALG00010006227","AGPAT4",20.1571833922497,-0.0434193556880963,0.534848783189755,-0.0811806197429299,0.935298311843789,0.998861670134564
"ENSGALG00010017038","ZNF598",12.9833783802883,-0.0547561506502362,0.676149214156172,-0.0809823475408034,0.9354559910119,0.998861670134564
"ENSGALG00010025846","GRIK4",32.0075763969409,-0.0385042410646802,0.476211430246652,-0.080855348316056,0.935556990525279,0.998861670134564
"ENSGALG00010015430","HMGCL",17.1256786086112,0.0489425590961626,0.606092672201347,0.0807509500459751,0.935640016804737,0.998861670134564
"ENSGALG00010003253","ITGB1BP1",31.1783255218006,0.0405739341364532,0.502542788507832,0.0807372726547859,0.935650894267725,0.998861670134564
"ENSGALG00010018923","VPS54",15.0499943129442,0.0496545319596648,0.615037412496292,0.0807341650292927,0.935653365726187,0.998861670134564
"ENSGALG00010018886","ENSGALG00010018886",11.4960217525774,0.0692771652178008,0.859369803211621,0.0806139161032881,0.93574899877641,0.998861670134564
"ENSGALG00010013104","HLCS",33.7613829904246,-0.0354712655539115,0.44002753480302,-0.0806114680295867,0.935750945720315,0.998861670134564
"ENSGALG00010007912","TRAPPC2L",12.9737557577418,0.0544319224995092,0.677370817065497,0.0803576432998973,0.93595281366634,0.998861670134564
"ENSGALG00010014878","TMCO1",11.2646293701334,-0.0585706880264236,0.729252924973057,-0.0803160138556696,0.935985922143433,0.998861670134564
"ENSGALG00010022416","CCDC186",52.1412768386097,0.0320149735067155,0.398669548885924,0.0803045369183096,0.935995049931113,0.998861670134564
"ENSGALG00010008166","RUNX2",31.410714025454,0.0420803662225054,0.524663366669648,0.0802045061571853,0.936074606315095,0.998861670134564
"ENSGALG00010021675","DDX42",15.5447614213135,0.0489437932236634,0.612846492580797,0.0798630551307442,0.93634617367219,0.998861670134564
"ENSGALG00010016732","ARHGAP26",14.5449610270695,-0.0550887518546236,0.690017604090412,-0.0798367339152776,0.936367108118063,0.998861670134564
"ENSGALG00010006347","PPP6R2",26.8468181065879,-0.0390479473136595,0.492320169846821,-0.0793141327640684,0.936782765394998,0.998861670134564
"ENSGALG00010010226","BICC1",40.6963514903025,-0.0337741709451109,0.426063837219302,-0.0792702125708144,0.93681769864928,0.998861670134564
"ENSGALG00010018314","SLC24A3",114.827249405024,-0.0238165921871855,0.300463864214581,-0.0792660783001062,0.936820986972813,0.998861670134564
"ENSGALG00010024339","TOP3B",19.5788049831784,-0.0439812700308738,0.555505928111444,-0.0791733585641419,0.936894734843035,0.998861670134564
"ENSGALG00010018350","CNNM1",17.4610365779983,-0.054387931585591,0.689395000636217,-0.0788922628324812,0.937118317426079,0.998861670134564
"ENSGALG00010007869","GCSH",16.9324788481025,-0.0493962128853898,0.626215742861861,-0.0788805031627675,0.937127671135303,0.998861670134564
"ENSGALG00010027336","RAD54L2",15.0401368119916,-0.0494500965141582,0.627878958738672,-0.0787573716652284,0.937225611160571,0.998861670134564
"ENSGALG00010028561","SET",32.1499111226457,-0.0394714894996204,0.502023431606252,-0.0786247952079233,0.937331064863162,0.998861670134564
"ENSGALG00010016370","TMEM255A",37.9111899835514,-0.0346161769957977,0.441821310014162,-0.0783488170697067,0.937550586369846,0.998861670134564
"ENSGALG00010018606","DZANK1",11.7810346270201,0.0559780610652994,0.714742641048283,0.0783191849071698,0.93757415698659,0.998861670134564
"ENSGALG00010005158","IFT43",11.5472576292322,0.0551424444986748,0.705830592839833,0.0781241916375644,0.937729263858054,0.998861670134564
"ENSGALG00010021534","KIFC3",12.7801210556132,-0.0510003466651274,0.654377374101057,-0.0779372097563559,0.9378780003115,0.998861670134564
"ENSGALG00010027787","DCP1A",16.7723204798928,0.0445572214593505,0.572702101245218,0.0778017425856661,0.93798576027002,0.998861670134564
"ENSGALG00010010585","FBXL5",27.4993304630015,-0.0369606147839458,0.475585959152078,-0.0777159503401717,0.938054005944297,0.998861670134564
"ENSGALG00010012047","LMAN2",13.9971696587601,0.0526321624049592,0.677865340497467,0.0776439792102865,0.938111257603485,0.998861670134564
"ENSGALG00010018185","GNB4",46.7612433494346,-0.0345289492157241,0.444961234992181,-0.0775999042171186,0.938146318576699,0.998861670134564
"ENSGALG00010025473","PARS2",15.1054386159644,0.0495742141201599,0.639244972266334,0.0775511991035346,0.938185062878336,0.998861670134564
"ENSGALG00010002150","EIF3A",35.3968094581581,-0.0351129141081682,0.453553720513334,-0.0774173213008312,0.938291561730266,0.998861670134564
"ENSGALG00010018462","KTN1",64.754261796441,-0.0292403506551447,0.377854561928341,-0.0773851994955934,0.938317114565031,0.998861670134564
"ENSGALG00010020608","CAPZB",36.3762127300502,0.0322682628127901,0.418600023306458,0.0770861467180723,0.938555013523746,0.998861670134564
"ENSGALG00010023923","CSNK1G1",27.0742076227822,0.0390257968748802,0.506491560563934,0.0770512283194381,0.938582791756729,0.998861670134564
"ENSGALG00010021338","PDIA5",11.249858988094,0.0532305129040422,0.691196917469992,0.0770120808681893,0.938613934368273,0.998861670134564
"ENSGALG00010025983","RNF26",17.45635098016,-0.0479555242476219,0.624030880678378,-0.0768479986046362,0.93874446624197,0.998861670134564
"ENSGALG00010016609","SOX2",50.7667519867494,0.0306712081002629,0.399256193013412,0.0768208700002119,0.938766047938384,0.998861670134564
"ENSGALG00010025422","SSBP3",41.7357554192052,0.0314916405250935,0.410418435150394,0.0767305701400906,0.938837884768787,0.998861670134564
"ENSGALG00010005092","ESCO1",17.2730031357425,0.0442612095633332,0.576927513960611,0.0767188398755325,0.938847216658385,0.998861670134564
"ENSGALG00010016519","MEX3B",22.6520415599088,0.0395981475466217,0.516281180786442,0.0766988010027841,0.938863158393978,0.998861670134564
"ENSGALG00010024716","GTF2A2",12.3845380636437,0.0532432806419159,0.695411161484515,0.076563741841957,0.938970604070108,0.998861670134564
"ENSGALG00010029752","ENSGALG00010029752",36.7192059791094,0.0332696177707676,0.434587710674207,0.0765544375821259,0.938978006070907,0.998861670134564
"ENSGALG00010017344","RERE",102.943221526221,-0.0243184150782897,0.31773829716499,-0.0765359898232915,0.938992682194871,0.998861670134564
"ENSGALG00010020138","ENSGALG00010020138",10.3591900048795,0.0570946196070332,0.746959025844744,0.0764360796664373,0.939072166131072,0.998861670134564
"ENSGALG00010020342","CPPED1",152.050028009039,-0.0248185642774162,0.325608076163631,-0.0762222011500226,0.939242320103985,0.998861670134564
"ENSGALG00010016762","EML6",111.049246470917,0.0256330772381515,0.336622632909208,0.076147812809322,0.939301501414307,0.998861670134564
"ENSGALG00010025674","GRB14",20.9280244030879,-0.047085951339817,0.619087472121089,-0.0760570249927581,0.939373730149113,0.998861670134564
"ENSGALG00010018446","FBN1",25.2823611873961,-0.0371077778189948,0.488918264319511,-0.0758977124134284,0.939500476841443,0.998861670134564
"ENSGALG00010018142","DDHD1",11.4287127788729,-0.0552051156763526,0.734738020323307,-0.0751357819377044,0.940106678406317,0.998861670134564
"ENSGALG00010025243","PAXIP1",19.2246194936359,0.0425794825416779,0.569044749437627,0.0748262462376785,0.940352958874249,0.998861670134564
"ENSGALG00010001472","ENSGALG00010001472",61.0824736626437,0.0369272978902277,0.494017314194054,0.074748995286676,0.940414424081527,0.998861670134564
"ENSGALG00010018002","ZC3H8",24.8958147631027,-0.0369360048818496,0.495088871168182,-0.0746047973057798,0.940529157065453,0.998861670134564
"ENSGALG00010012021","PRPF38B",21.5565313726183,-0.0401987397321467,0.539780827060655,-0.0744723371355123,0.940634551796639,0.998861670134564
"ENSGALG00010014379","CARS2",13.8019111080197,0.0488803326716019,0.656807409171728,0.0744211042522234,0.940675316600872,0.998861670134564
"ENSGALG00010024633","NRGN",150.4890341327,0.0299823489860331,0.402989470989852,0.0743998321156835,0.940692242386926,0.998861670134564
"ENSGALG00010002612","JPH1",13.6410127749886,-0.0502837287910863,0.677194319447232,-0.0742530280409484,0.940809051992931,0.998861670134564
"ENSGALG00010022588","TCP11L1",16.5247167534984,0.0445053628595081,0.604618928563179,0.0736089473170663,0.941321551526338,0.998861670134564
"ENSGALG00010016916","ACYP2",22.0574162065014,0.0390290918320567,0.533652359985438,0.0731357991804285,0.941698054298518,0.998861670134564
"ENSGALG00010010042","METTL25",10.4021319225604,-0.0541524458855259,0.741280518427173,-0.0730525685477678,0.941764285569868,0.998861670134564
"ENSGALG00010004441","ENSGALG00010004441",27.3738140325977,0.0367794007213726,0.505582637655168,0.0727465660054133,0.942007792372808,0.998861670134564
"ENSGALG00010020934","ABCD3",52.9842361933289,0.0271484491655252,0.373427055640958,0.0727008093158303,0.942044204514476,0.998861670134564
"ENSGALG00010021353","IPO13",13.4402976390366,-0.0484031451575727,0.666209945094109,-0.0726544920471507,0.942081062875708,0.998861670134564
"ENSGALG00010002427","CYB5R4",15.904632172737,-0.0436732499146483,0.601431249070181,-0.0726155316707729,0.942112066864415,0.998861670134564
"ENSGALG00010012858","ENSGALG00010012858",10.745970367231,-0.0632846322958887,0.87332804872289,-0.0724637579068173,0.942232846617365,0.998861670134564
"ENSGALG00010025805","ATXN2",107.847872695403,-0.0219542264766476,0.303796277244676,-0.0722662788226526,0.942390000107756,0.998861670134564
"ENSGALG00010018348","TOGARAM1",12.1642459407093,-0.0498498102377119,0.692239002973541,-0.0720124263781439,0.942592018707817,0.998861670134564
"ENSGALG00010018611","NUDCD3",11.9365072477408,-0.0528115196117155,0.733936173914328,-0.0719565562902479,0.942636481241748,0.998861670134564
"ENSGALG00010021298","RPGRIP1L",17.9126383659819,0.0423761108106998,0.589237000444462,0.071916920999081,0.94266802390797,0.998861670134564
"ENSGALG00010000281","OSBP2",33.614730614907,-0.0323506051406063,0.450180137424005,-0.0718614671134118,0.94271215552238,0.998861670134564
"ENSGALG00010022366","AARSD1",12.0792004349189,0.0484555298298291,0.675435431397645,0.0717396920229111,0.942809067857479,0.998861670134564
"ENSGALG00010007965","EGLN1",39.5420095693324,-0.0312635532108205,0.43607969641646,-0.0716922926422226,0.94284678996083,0.998861670134564
"ENSGALG00010007803","ME3",53.425314664813,-0.0271560424818233,0.379857265921059,-0.0714901225226709,0.943007685529726,0.998861670134564
"ENSGALG00010015009","AGO4",18.3653331377156,0.0406613720711554,0.569734479700467,0.0713689859397886,0.943104092282558,0.998861670134564
"ENSGALG00010021678","DNAAF4",36.6180447113743,0.0383096088250654,0.537901391314134,0.0712205051774863,0.943222262083263,0.998861670134564
"ENSGALG00010015321","ENSGALG00010015321",27.6558370901271,0.0353497820421246,0.497379138615439,0.0710721043518799,0.943340369514231,0.998861670134564
"ENSGALG00010027936","ENSGALG00010027936",18.1963721891563,-0.0416529636641382,0.586868350967889,-0.0709749701026514,0.943417676205164,0.998861670134564
"ENSGALG00010004283","DCK",19.2546061899665,-0.0393641689838625,0.555214691453118,-0.0708990046369952,0.943478135568369,0.998861670134564
"ENSGALG00010016572","RAB33A",26.1744407985979,0.0367817842625617,0.519463467748163,0.0708072589243054,0.943551154542102,0.998861670134564
"ENSGALG00010009214","PCDH10",30.6404239241174,0.0348082991322162,0.496360702466488,0.0701270244788695,0.944092557223885,0.998861670134564
"ENSGALG00010020080","SLC4A1AP",12.2572206336664,-0.0501659871937851,0.716961275360616,-0.0699702883793168,0.944217308097271,0.998861670134564
"ENSGALG00010002627","MRPS31",22.4499566144759,0.0369350739601642,0.528991704108475,0.0698216506484009,0.944335614504748,0.998861670134564
"ENSGALG00010013139","TMEM185A",35.2235743013643,-0.0317432174219677,0.454822868389009,-0.0697924832460663,0.944358830090698,0.998861670134564
"ENSGALG00010017163","CDV3",16.3293365779596,-0.043298659676934,0.623415320264955,-0.069453955123419,0.944628282588781,0.998861670134564
"ENSGALG00010001689","ILK",11.2739165465187,-0.0517454404663633,0.745914770821845,-0.0693717868186877,0.944693685659761,0.998861670134564
"ENSGALG00010020685","RPL6",64.4334453407203,-0.0237684284142921,0.343349799176031,-0.0692251123237336,0.944810434308255,0.998861670134564
"ENSGALG00010006260","MAP3K4",73.3895800225363,0.0237467051388965,0.34306461511654,0.0692193368028635,0.944815031479812,0.998861670134564
"ENSGALG00010000042","CKMT1B",15.390264002849,0.0461787613412222,0.667982108483779,0.0691317338514368,0.944884761484548,0.998861670134564
"ENSGALG00010024123","PLPPR4",137.84229244672,0.0208983292890148,0.302322545409548,0.0691259372029445,0.944889375502976,0.998861670134564
"ENSGALG00010027276","ENSGALG00010027276",31.1173134266247,-0.0343546426401668,0.497049585689346,-0.0691171336407438,0.944896382969236,0.998861670134564
"ENSGALG00010000770","CDH12",531.087485486087,0.0255492282460048,0.369694934873154,0.0691089485842455,0.944902898120672,0.998861670134564
"ENSGALG00010022093","CHD4",62.4721653955731,0.0245805727407062,0.357508131729056,0.0687552829129355,0.945184412874994,0.998861670134564
"ENSGALG00010010981","RIC8B",24.4678028164914,-0.0342251075004958,0.497995014004645,-0.0687258035482591,0.945207878498773,0.998861670134564
"ENSGALG00010022165","FAM192A",11.5294161796489,-0.0503672723580336,0.733485058644556,-0.0686684367519494,0.945253542701212,0.998861670134564
"ENSGALG00010026569","GNAZ",50.5681823636723,-0.0274984776750472,0.402817890266164,-0.0682652839894412,0.945574459000275,0.998861670134564
"ENSGALG00010025124","ENSGALG00010025124",17.1284511310084,0.0404697915494443,0.593703067036668,0.0681650370301099,0.945654258619094,0.998861670134564
"ENSGALG00010016756","NUDT16L1",20.931815581727,0.0381570571160573,0.560809306954457,0.068039272249731,0.945754371968171,0.998861670134564
"ENSGALG00010019291","ADD2",32.1346038319254,0.0331170978846672,0.49106104392672,0.0674398800194976,0.946231521773842,0.998861670134564
"ENSGALG00010004468","LYPLA1",14.9400763323411,-0.0431075328244071,0.639869025577781,-0.0673693070007295,0.94628770312425,0.998861670134564
"ENSGALG00010015523","MRPL22",11.4834844669846,-0.0488197436273708,0.725230673757777,-0.0673161593874838,0.946330012737472,0.998861670134564
"ENSGALG00010024673","REXO2",16.3650592354043,-0.0408044153798564,0.606244154721558,-0.0673069011256653,0.946337383045858,0.998861670134564
"ENSGALG00010018012","DVL1",44.6883066162043,-0.0259230697376765,0.386640036579906,-0.0670470393262521,0.946544255454711,0.998861670134564
"ENSGALG00010012127","WBP11",15.2675731093225,-0.0422048056722662,0.6298418035241,-0.067008581259804,0.94657487169964,0.998861670134564
"ENSGALG00010010201","RIOK1",20.9447799730386,-0.0354858258613275,0.533313313021678,-0.0665384212148574,0.946949169764868,0.998861670134564
"ENSGALG00010026355","PPP1R12B",29.6948756877792,0.0314914613919805,0.477322355472993,0.0659752492857257,0.947397530720233,0.998861670134564
"ENSGALG00010029682","CDR2L",10.33126029367,-0.048976732144027,0.742723851584186,-0.0659420483663781,0.947423963659776,0.998861670134564
"ENSGALG00010022923","CD63",12.4852302115676,-0.0569233886205566,0.867263460168665,-0.0656356358072392,0.947667917001356,0.998861670134564
"ENSGALG00010007909","GALNS",17.4231844370301,-0.0401540548179638,0.611777632529754,-0.0656350488852025,0.947668384289763,0.998861670134564
"ENSGALG00010002511","VPS36",22.6176988795691,0.0374105439021576,0.570289863491628,0.0655991738536429,0.947696946867733,0.998861670134564
"ENSGALG00010003323","STMN2",250.023795874585,0.0203072318282453,0.309955402456182,0.0655166248670761,0.94776267004396,0.998861670134564
"ENSGALG00010014217","RASA3",23.0589089252325,-0.036812976397288,0.56458770434584,-0.0652032910279926,0.948012140845867,0.998861670134564
"ENSGALG00010023243","HK1",47.0612676695121,0.027538046102645,0.424384951161877,0.0648893086978027,0.948262133077459,0.998861670134564
"ENSGALG00010004939","DDX10",41.0194170544767,-0.0285405419759139,0.440813787177859,-0.0647451209696361,0.948376936825201,0.998861670134564
"ENSGALG00010017471","CRLS1",12.3464992476725,-0.0467912590006363,0.722723935336857,-0.0647429214847121,0.948378688085957,0.998861670134564
"ENSGALG00010027329","MINDY4",79.084924326855,0.0251204032948596,0.388279427611044,0.064696714552757,0.948415478751122,0.998861670134564
"ENSGALG00010016966","KDM3A",21.648662402474,0.0332678229118932,0.516056320371733,0.064465488743417,0.948599585923837,0.998861670134564
"ENSGALG00010010451","RANBP17",75.9275299093611,0.0213363143920626,0.33235892804248,0.0641966037071089,0.948813681667772,0.998861670134564
"ENSGALG00010024757","PPFIA1",66.5988352063487,-0.0235643989324184,0.367229805020013,-0.0641679912967145,0.94883646409532,0.998861670134564
"ENSGALG00010023399","SRRM4",62.6823858834093,0.0241201631357911,0.376947365852109,0.0639881461467869,0.948979665469259,0.998861670134564
"ENSGALG00010021686","CCPG1",48.8591019850246,-0.0252686279455841,0.394943600900497,-0.0639803452644125,0.948985876945004,0.998861670134564
"ENSGALG00010024190","WARS2",14.0552345701831,0.0425698932121945,0.666482277289523,0.063872505935671,0.949071744648081,0.998861670134564
"ENSGALG00010009948","WBP2NL",15.8393482091837,-0.039351314328279,0.616478116575443,-0.0638324593691611,0.949103632114083,0.998861670134564
"ENSGALG00010020130","PDXDC1",70.2371860718377,-0.0215475123428984,0.337645850592803,-0.0638169025476472,0.949116019405699,0.998861670134564
"ENSGALG00010018535","FAM174B",11.463957411891,0.048696090427476,0.763620346982173,0.0637700273701754,0.94915334435983,0.998861670134564
"ENSGALG00010027241","LRRN2",16.0737995107449,0.0410038405607166,0.643112098977257,0.0637584654773641,0.949162550680667,0.998861670134564
"ENSGALG00010022433","LNPK",33.7308546275025,-0.028011972508039,0.439909963734252,-0.0636766038901563,0.949227734322488,0.998861670134564
"ENSGALG00010011677","EDEM3",14.203163019943,-0.0403089675423738,0.633044075154967,-0.0636748200076058,0.949229154772237,0.998861670134564
"ENSGALG00010010856","CSDC2",11.4461957719548,-0.0472819491369371,0.744324755274664,-0.0635232790551075,0.94934982267039,0.998861670134564
"ENSGALG00010016865","CFAP36",23.8491880846824,-0.0359968008221885,0.56776798049406,-0.0634005475103842,0.949447551279902,0.998861670134564
"ENSGALG00010003597","RNF144A",25.9497596766379,0.030477533701879,0.482760766920342,0.0631317534279002,0.949661589144191,0.998861670134564
"ENSGALG00010019411","LSM5",10.4712745553062,-0.0450342780917025,0.714359314838849,-0.0630414934840763,0.949733462991245,0.998861670134564
"ENSGALG00010005472","PFKP",32.8381198819182,-0.0308386456557184,0.489354742510882,-0.063018998237322,0.949751375983483,0.998861670134564
"ENSGALG00010013664","REV3L",227.773162764521,-0.0156812463497284,0.249324061319064,-0.0628950381554263,0.949850086002119,0.998861670134564
"ENSGALG00010000007","ND1",388.568818872045,0.0234644485397029,0.373838694185766,0.0627662382322656,0.949952650825223,0.998861670134564
"ENSGALG00010021307","MAP3K9",28.7481133341607,-0.0297375202618389,0.475105623260731,-0.0625913876955302,0.950091887594829,0.998861670134564
"ENSGALG00010006527","ENSGALG00010006527",14.6193500191471,0.0406782869351637,0.650337882810594,0.0625494654553454,0.950125271289465,0.998861670134564
"ENSGALG00010008024","MRS2",15.7120280407224,0.0373792834456662,0.600174788616449,0.0622806624913964,0.950339327673997,0.998861670134564
"ENSGALG00010017610","PSMC1",41.5219937507181,-0.0273785874901474,0.442300817470431,-0.0619003773195099,0.950642167018467,0.998861670134564
"ENSGALG00010007798","HGSNAT",14.2654207930788,0.0384602493992218,0.622088479304461,0.0618244038890144,0.950702669165336,0.998861670134564
"ENSGALG00010011924","ENSGALG00010011924",25.4122839754018,-0.0388095722786025,0.629542762956856,-0.0616472375860864,0.950843758299282,0.998861670134564
"ENSGALG00010027131","UBA52",40.212770979726,-0.0253240283934962,0.412517196025244,-0.0613890248394556,0.951049392784428,0.998861670134564
"ENSGALG00010005285","MPP7",137.168551522787,0.0205132525980187,0.3348578212089,0.0612595892906487,0.951152473401899,0.998861670134564
"ENSGALG00010007998","RPL13",28.2758946219287,-0.0308825153109351,0.504536513971625,-0.0612096735434136,0.951192225806646,0.998861670134564
"ENSGALG00010023091","ENSGALG00010023091",20.1460954063704,-0.0391461493577828,0.642163193384006,-0.0609598148275899,0.951391212627006,0.998861670134564
"ENSGALG00010027328","RBM15",13.8098797390345,0.0402972528535174,0.661567265908264,0.0609117997973999,0.951429452017603,0.998861670134564
"ENSGALG00010007479","NFX1",33.0405978624744,-0.0283586787906453,0.46651551509179,-0.0607882865054672,0.951527819084311,0.998861670134564
"ENSGALG00010005107","TTLL5",37.6950134784722,-0.0253680792917928,0.417622729775635,-0.060744010043279,0.951563081426224,0.998861670134564
"ENSGALG00010025157","NOP58",19.4820801343043,0.033418546928683,0.550261211816507,0.0607321508604298,0.951572526247532,0.998861670134564
"ENSGALG00010001441","HMGCLL1",14.1630507048337,0.0390474360648816,0.645559522389082,0.0604861902127555,0.951768414325117,0.998861670134564
"ENSGALG00010010185","PHYHIPL",39.7141564064536,0.025686437954458,0.424929638435906,0.0604486852199941,0.951798284322846,0.998861670134564
"ENSGALG00010009115","COG5",52.887252075993,0.026500920654715,0.438451364140516,0.0604420987642815,0.951803529962558,0.998861670134564
"ENSGALG00010002570","ADAM12",10.1557789824695,-0.0503070868677307,0.833660204621826,-0.0603448342488071,0.951880994418047,0.998861670134564
"ENSGALG00010028422","RXRA",26.8887647648716,0.0296408771720878,0.49145413943222,0.0603126004927583,0.951906666474381,0.998861670134564
"ENSGALG00010028854","RPL7A",35.6413363130692,0.0269425987882523,0.448140708340206,0.0601208466154314,0.952059386795138,0.998861670134564
"ENSGALG00010027307","JUND",23.3227213486171,0.031092324764058,0.519283840930893,0.0598753943668272,0.952254877176738,0.998861670134564
"ENSGALG00010012956","FABP3",41.5202541946447,0.0261976148119599,0.438657221597032,0.0597222923096569,0.952376816727319,0.998861670134564
"ENSGALG00010005893","SFT2D1",19.9306961152362,-0.0330952911164349,0.554273140524913,-0.0597093539208714,0.952387121677961,0.998861670134564
"ENSGALG00010009003","ALG12",11.2030269633897,-0.042104270052599,0.70565858314487,-0.0596666306600498,0.95242114923988,0.998861670134564
"ENSGALG00010024787","SARS1",19.1608806778082,-0.0328227482244972,0.552955819646489,-0.0593587173844759,0.952666393804293,0.998861670134564
"ENSGALG00010024836","TXNDC12",14.3670094709075,0.0373568123289032,0.629911068285981,0.0593048990717895,0.95270925909008,0.998861670134564
"ENSGALG00010004255","RPS12",17.9183745158619,-0.0341023203788483,0.57520095452333,-0.059287663051792,0.95272298728859,0.998861670134564
"ENSGALG00010027148","ELL",23.9541280476716,-0.0303983759333102,0.514602285419581,-0.0590715913912526,0.952895085901896,0.998861670134564
"ENSGALG00010012341","GOPC",20.4506224753339,0.0328831456347153,0.55697329424424,0.059038998771628,0.952921045742565,0.998861670134564
"ENSGALG00010018685","ARL3",32.6230067146507,-0.026855814652373,0.455047130733085,-0.0590176551802625,0.952938045821716,0.998861670134564
"ENSGALG00010024645","ZC3HAV1L",12.9610989379303,-0.0387711652871177,0.663724802735855,-0.0584145192816421,0.953418449806543,0.998861670134564
"ENSGALG00010025407","MLXIP",33.0573161604578,-0.0306158917791771,0.52496567801667,-0.0583197970100531,0.95349389861838,0.998861670134564
"ENSGALG00010011150","FGD4",49.6013842829756,0.0265342058351537,0.45575042212598,0.0582209133485323,0.953572662532771,0.998861670134564
"ENSGALG00010001837","TAB3",24.5259721699063,0.0303915051022096,0.522969856573977,0.0581133017901015,0.953658379003956,0.998861670134564
"ENSGALG00010003447","ZC2HC1A",27.7725472213178,-0.028275570471858,0.487316020535634,-0.0580230677431432,0.953730254076365,0.998861670134564
"ENSGALG00010018453","TMX4",14.2086369863212,0.0363008392836679,0.627019706829817,0.0578942557757926,0.953832858676464,0.998861670134564
"ENSGALG00010019991","EIF3B",15.0742713341157,0.0362411990980838,0.627129795824509,0.0577889925488809,0.953916706200235,0.998861670134564
"ENSGALG00010029323","NOL11",12.2115629094865,0.0389768363359759,0.674517260322132,0.0577847871785543,0.953920056002581,0.998861670134564
"ENSGALG00010023432","TMOD3",11.584222016556,-0.0392427692568032,0.679132098062386,-0.0577837056572143,0.953920917492294,0.998861670134564
"ENSGALG00010020084","ENSGALG00010020084",33.5984615923268,-0.0279962530067568,0.485325408958174,-0.0576855291109837,0.9539991205974,0.998861670134564
"ENSGALG00010021648","BRE",47.52673119588,0.0219598116729388,0.383451350618787,0.0572688338103429,0.9543310466091,0.998861670134564
"ENSGALG00010022046","CRY2",28.62408362982,0.029368850493451,0.516541227816631,0.0568567403953219,0.954659314697953,0.998861670134564
"ENSGALG00010001510","AP1S2",11.3264477346076,-0.0454183242791563,0.800996469499115,-0.0567022777360775,0.954782359565963,0.998861670134564
"ENSGALG00010001298","DOCK4",20.5644482531516,0.0347482109635654,0.614394236492131,0.0565568634920137,0.954898197456383,0.998861670134564
"ENSGALG00010004824","ATM",37.873421166484,-0.0237865973050055,0.422008755834528,-0.0563651748361647,0.955050899286043,0.998861670134564
"ENSGALG00010003001","MAP6",36.3831322280205,0.0263671874620149,0.468944316567728,0.0562266915931517,0.955161217976139,0.998861670134564
"ENSGALG00010005353","ENSGALG00010005353",16.7234771809205,0.0361439405223531,0.645130504210723,0.0560257812743995,0.955321268926068,0.998861670134564
"ENSGALG00010022164","PDGFA",27.4076183084098,-0.0287662851273298,0.513728005887033,-0.0559951663091839,0.955345657847987,0.998861670134564
"ENSGALG00010009392","MAPRE3",15.4799448173088,0.0361078383060301,0.645631716804906,0.0559263700437769,0.955400463443956,0.998861670134564
"ENSGALG00010004339","B4GALT6",37.8039809982837,-0.0258698213297791,0.462929458354813,-0.0558828583121863,0.955435126573671,0.998861670134564
"ENSGALG00010023874","HEXIM1",11.2384872231312,0.0407825288611198,0.740156397585174,0.0550998802336592,0.956058891561078,0.998861670134564
"ENSGALG00010016967","ERLEC1",18.4923773066793,-0.033154334123008,0.602172639758638,-0.0550578553955837,0.956092371707957,0.998861670134564
"ENSGALG00010004141","KPNA3",39.7484175995621,0.0220897920833321,0.403085537185306,0.0548017481291496,0.956296407691722,0.998861670134564
"ENSGALG00010000810","UCHL3",40.3884498511239,0.0229520597915776,0.419269667517031,0.0547429532107645,0.956343248934518,0.998861670134564
"ENSGALG00010021175","IPO7",27.886963199812,-0.0277859808555188,0.511640805440268,-0.0543075934524201,0.956690099783226,0.998861670134564
"ENSGALG00010007106","SLC7A1",28.5233139980458,0.0263973912116664,0.487141274740646,0.0541883691249942,0.95678508716392,0.998861670134564
"ENSGALG00010026873","ENSGALG00010026873",97.4376293612777,-0.0189738747540681,0.354055601867317,-0.0535900989957463,0.957261745034371,0.998861670134564
"ENSGALG00010028445","SYT11",76.6388070795341,0.02222366635603,0.415188342834298,0.0535267108038711,0.957312249006636,0.998861670134564
"ENSGALG00010009999","GABRB2",903.660107134587,0.0114443434750578,0.214616588978622,0.0533245986692937,0.957473281176914,0.998861670134564
"ENSGALG00010028368","TIMM13",29.9399005640475,0.0252121530116693,0.47415456215825,0.0531728575950193,0.957594181513602,0.998861670134564
"ENSGALG00010014908","ENSGALG00010014908",15.8368742606679,0.0315297699954897,0.594762339822883,0.0530123847533438,0.957722039983797,0.998861670134564
"ENSGALG00010009373","ARHGAP15",20.0683820433427,0.0312069912331253,0.589173289224594,0.052967423683101,0.957757863397437,0.998861670134564
"ENSGALG00010017221","SPPL2A",24.3775453412965,0.027326448711059,0.517877602206528,0.0527662300795185,0.957918168492132,0.998861670134564
"ENSGALG00010021197","CHCHD1",39.5734634632165,-0.0288282782111461,0.547627650559159,-0.0526421158276263,0.958017059895206,0.998861670134564
"ENSGALG00010016384","GNAS",156.398269373675,-0.0175556014365327,0.337016531297552,-0.0520912175107303,0.958456010877914,0.998861670134564
"ENSGALG00010009721","ZHX1",21.3952251958884,0.0282702622968089,0.54381779063312,0.0519848059106272,0.958540800170152,0.998861670134564
"ENSGALG00010010740","CCDC134",11.2042547849604,0.0369459950423719,0.711558169894711,0.0519226629747485,0.958590316187547,0.998861670134564
"ENSGALG00010000376","ASCC2",13.6556772553461,-0.0321484066362714,0.620977033843193,-0.0517706853622373,0.958711413908577,0.998861670134564
"ENSGALG00010002453","TOP2B",55.6711061848942,0.0190352159742539,0.368831482576031,0.051609520535791,0.958839833160993,0.998861670134564
"ENSGALG00010003985","PRMT5",10.9497738361004,-0.041464651748065,0.803665889215626,-0.0515943905352687,0.958851889093086,0.998861670134564
"ENSGALG00010029360","ACACA",69.6113303807298,-0.0178029301173625,0.345336568210368,-0.05155240352802,0.958885345354585,0.998861670134564
"ENSGALG00010021156","DDOST",13.6215584824276,0.0363485355259473,0.70531759072179,0.0515349907674214,0.958899220284052,0.998861670134564
"ENSGALG00010028438","MED27",57.127783433848,-0.0203219439538336,0.396303487367981,-0.0512787411708138,0.959103407902188,0.998861670134564
"ENSGALG00010012985","ARNTL2",190.400798202312,0.0200760557586987,0.391604880688183,0.0512661020041891,0.959113479251306,0.998861670134564
"ENSGALG00010023233","SEZ6L",20.5420264465484,0.0309188073147314,0.604954701465962,0.051109293373218,0.959238430631975,0.998861670134564
"ENSGALG00010022152","ZNF644",83.6691848237447,0.0169700399368261,0.332665360298792,0.0510123444219862,0.959315683929971,0.998861670134564
"ENSGALG00010016200","MICU3",88.881770824382,0.0171479410716983,0.336345017234031,0.0509831874802733,0.959338917571247,0.998861670134564
"ENSGALG00010000587","ENSGALG00010000587",28.2701418342399,0.0240429127089863,0.472396599567126,0.0508956091788504,0.959408704344892,0.998861670134564
"ENSGALG00010026078","UBE2E3",29.2291076190522,-0.0241694188557877,0.475687451586931,-0.050809452246757,0.959477358803856,0.998861670134564
"ENSGALG00010029425","SPNS2",54.6267029751449,-0.0190746408462938,0.377184298928787,-0.050571142278367,0.959667258516832,0.998861670134564
"ENSGALG00010022332","KAT6B",129.32918696272,0.0154551035677883,0.306242291928875,0.0504669145154443,0.959750314185799,0.998861670134564
"ENSGALG00010029879","ENSGALG00010029879",17.8156467751662,-0.0285473063066988,0.565996776989657,-0.0504372241455722,0.959773973542957,0.998861670134564
"ENSGALG00010005384","MAPRE2",81.6669427539587,-0.0162886473434477,0.323247254450123,-0.05039067499941,0.959811067220011,0.998861670134564
"ENSGALG00010005956","TXNL4B",40.229028480711,0.0216640855727626,0.430925393843047,0.0502734020373215,0.959904519059377,0.998861670134564
"ENSGALG00010010828","SPDL1",15.8215007590067,-0.0331917657500036,0.66177060576008,-0.0501559988629005,0.959998075213521,0.998861670134564
"ENSGALG00010026166","WNT9A",10.9291391706911,0.0371151912517998,0.740360260875615,0.0501312580012117,0.960017790763269,0.998861670134564
"ENSGALG00010012106","TMTC1",98.2584739008884,0.0157198839313675,0.315734553892877,0.0497882912641261,0.960291097329662,0.998861670134564
"ENSGALG00010013945","SCAF11",35.5387113860497,-0.0224425619958547,0.45079263561664,-0.0497846686540376,0.960293984174302,0.998861670134564
"ENSGALG00010027976","LRSAM1",24.8894848699655,0.0255616333861898,0.514024403543201,0.0497284432606544,0.960338790049973,0.998861670134564
"ENSGALG00010018115","KLHL4",19.3560091025783,-0.0287003278126025,0.578527650109163,-0.0496092586191636,0.960433768407407,0.998861670134564
"ENSGALG00010017359","EHD3",19.5036353270873,0.0275146748255564,0.556196270607939,0.049469362308888,0.960545252630305,0.998861670134564
"ENSGALG00010027286","RPN1",27.237708676937,-0.0236592315200409,0.478789902847475,-0.0494146417443934,0.960588859991932,0.998861670134564
"ENSGALG00010016947","CANX",42.5499998850645,-0.0237676819583943,0.482705331027703,-0.0492384907119043,0.960729237300296,0.998861670134564
"ENSGALG00010003243","VPS50",55.1180712954619,-0.018485838734996,0.3761404659354,-0.0491461047378266,0.960802861507755,0.998861670134564
"ENSGALG00010008319","ERP44",21.7756153148474,-0.0253580973098332,0.517612742138011,-0.0489904811946689,0.960926881738517,0.998861670134564
"ENSGALG00010004210","SYNCRIP",41.2204648593985,0.0210565291013265,0.429854174154232,0.0489852847020893,0.960931022967647,0.998861670134564
"ENSGALG00010014710","NPEPL1",10.312632793244,0.0372936015361388,0.765851760133412,0.0486955876808878,0.96116189222669,0.998861670134564
"ENSGALG00010014625","ENSGALG00010014625",60.7696501970457,-0.0205934744311305,0.424812842676332,-0.0484765815962413,0.961336427673528,0.998861670134564
"ENSGALG00010019183","ANGEL2",11.7429419023446,-0.0344096713128832,0.718548377739981,-0.0478877586796736,0.96180569535716,0.998861670134564
"ENSGALG00010002712","PTPRE",31.3614891653678,0.0220070088295378,0.460670698958307,0.0477716704780686,0.961898214453196,0.998861670134564
"ENSGALG00010020651","LMO1",20.698711655013,0.0273808623152298,0.57380728364663,0.0477178716540864,0.961941090806697,0.998861670134564
"ENSGALG00010004404","RGS20",14.8768666162846,-0.0302987923444594,0.635655972852698,-0.0476653939213131,0.961982914388704,0.998861670134564
"ENSGALG00010021235","XRCC5",57.7726917513559,-0.0181768329503617,0.38205212422717,-0.0475768404301652,0.962053489782278,0.998861670134564
"ENSGALG00010029698","NUP85",23.0233409824238,0.0257460467908878,0.543828620524552,0.0473422063848982,0.962240489945195,0.998861670134564
"ENSGALG00010020194","PRICKLE2",28.3123578462252,-0.0285316980247762,0.604949416406864,-0.0471637747735043,0.962382698918932,0.998861670134564
"ENSGALG00010017452","ARMH4",30.2675106489326,0.0224407883204211,0.475843702722724,0.0471599985289655,0.962385708577179,0.998861670134564
"ENSGALG00010022252","COQ9",12.4477539818476,0.0358583182726192,0.761921017479629,0.0470630386220813,0.962462985584294,0.998861670134564
"ENSGALG00010009415","HMP19",327.315406068276,-0.011731725831649,0.25059905015259,-0.046814725851936,0.962660892369283,0.998861670134564
"ENSGALG00010027346","SIN3B",12.6514224721043,0.0330602512240969,0.706265196359409,0.0468099679759286,0.962664684447842,0.998861670134564
"ENSGALG00010015669","INPP4A",130.37696898962,-0.0138485249758744,0.297176961644258,-0.0466002643652172,0.962831821327908,0.998861670134564
"ENSGALG00010005890","SNX32",18.2297900748632,0.0259771641757876,0.560090159227122,0.0463803260025743,0.963007117211375,0.998861670134564
"ENSGALG00010016584","EHBP1",76.6242961124223,-0.0170633628889743,0.370397036859374,-0.046067762943397,0.963256240161534,0.998861670134564
"ENSGALG00010013940","UPF3A",87.4498135697422,-0.0148828648409254,0.325506799785375,-0.0457221319208648,0.963531723532269,0.998861670134564
"ENSGALG00010015832","RAB39B",15.9958112041351,-0.029499303235205,0.647806355371986,-0.0455372241883392,0.963679105047991,0.998861670134564
"ENSGALG00010028726","SLC2A8",55.0097272769624,0.0194154655434655,0.433133129569453,0.0448256303154761,0.964246295584783,0.998861670134564
"ENSGALG00010023937","XBP1",15.6229844094225,-0.0276078860410815,0.62040777607369,-0.0444995809301435,0.964506186016939,0.998861670134564
"ENSGALG00010019398","SLC35F5",19.7988384359505,-0.024076184835527,0.546099823350321,-0.0440875162489885,0.964834643700083,0.998861670134564
"ENSGALG00010003895","THSD7A",144.033296875622,-0.0131822874590113,0.299918247785538,-0.043952935696122,0.964941919456527,0.998861670134564
"ENSGALG00010017116","ENSGALG00010017116",44.8560648637067,0.0178970964691161,0.408221936304287,0.0438415843870177,0.965030679386793,0.998861670134564
"ENSGALG00010024622","PRMT1",65.2993822721293,0.0155028147437402,0.358247609454973,0.0432740214717014,0.965483099680022,0.998861670134564
"ENSGALG00010028311","ENSGALG00010028311",15.6682773960365,-0.0296910958434434,0.690621324912907,-0.0429918607670966,0.965708022023346,0.998861670134564
"ENSGALG00010016272","ENSGALG00010016272",16.4389258098589,-0.0260152311903356,0.606232668278568,-0.0429129483638804,0.965770926957798,0.998861670134564
"ENSGALG00010019618","NPHP4",11.6554013080625,-0.0298550502614436,0.698080437924898,-0.0427673497773269,0.96588699126794,0.998861670134564
"ENSGALG00010011856","NFYB",25.4726519034447,0.023040109270719,0.539447472204377,0.0427105704593791,0.965932253252021,0.998861670134564
"ENSGALG00010004330","STX7",25.8199296275328,-0.0204484024696433,0.478990256631329,-0.0426906438837691,0.965948137870901,0.998861670134564
"ENSGALG00010004000","ENSGALG00010004000",21.7502322212499,-0.0275085360746816,0.646031959822311,-0.0425807665649355,0.966035727640458,0.998861670134564
"ENSGALG00010015443","PAK3",68.0237535926878,-0.0162518189103218,0.382044645273184,-0.0425390569175516,0.966068976997453,0.998861670134564
"ENSGALG00010022858","HERC4",31.1557739349542,-0.0202175469066978,0.476440214370059,-0.0424345936738969,0.966152251412185,0.998861670134564
"ENSGALG00010023489","ETV5",25.3412101524789,0.0230061522050221,0.542951247084037,0.0423724088094068,0.966201823169009,0.998861670134564
"ENSGALG00010023652","SLC30A7",40.0274504804102,0.0188476787528567,0.446145056870373,0.0422456294485695,0.966302887967412,0.998861670134564
"ENSGALG00010022627","CTCF",17.8135917132111,0.0245723260240122,0.58637063411168,0.0419057923342938,0.966573798840986,0.998861670134564
"ENSGALG00010009056","MTNR1B",89.9213006007272,0.0154802001411234,0.369927289252454,0.0418466022671798,0.966620984290962,0.998861670134564
"ENSGALG00010018043","PSMC6",15.1709418665701,0.0272460907858771,0.653895864342344,0.0416673239144582,0.966763903066433,0.998861670134564
"ENSGALG00010013551","UBE2N",33.081010689239,0.0191660382506426,0.462331046379505,0.0414552265108108,0.966932986214784,0.998861670134564
"ENSGALG00010017796","MXI1",20.4551068521924,-0.0230173627533991,0.557213173941229,-0.0413080017304594,0.967050354058277,0.998861670134564
"ENSGALG00010001462","DHX36",68.5621437988309,-0.0137878042716566,0.333932027005113,-0.0412892539697772,0.967065299856037,0.998861670134564
"ENSGALG00010030107","RPTOR",29.8514775417359,0.0192877157805531,0.469012341010252,0.0411241114445036,0.967196952707016,0.998861670134564
"ENSGALG00010000444","RBM19",26.7612796478086,-0.0212856348086431,0.518025519111701,-0.0410899348069633,0.967224198688763,0.998861670134564
"ENSGALG00010016215","SPATA17",25.9676383853174,0.0203616451972636,0.499172107363431,0.0407908312521935,0.967462648877583,0.998861670134564
"ENSGALG00010013874","ENSGALG00010013874",16.446456693557,0.0299180325075742,0.735891184031283,0.040655511516907,0.967570528915091,0.998861670134564
"ENSGALG00010001505","SSR3",10.1034836352226,0.0316467825899659,0.779281031405516,0.0406102308597036,0.967606627839862,0.998861670134564
"ENSGALG00010018649","HAGH",25.468472466688,0.0202799612314633,0.499722488322221,0.0405824466686533,0.967628778156856,0.998861670134564
"ENSGALG00010011653","NR2C1",30.2307249667395,-0.0192773623649801,0.475557228674628,-0.0405363670292761,0.967665514160683,0.998861670134564
"ENSGALG00010016859","RPIA",12.6008762825829,-0.0268845795450104,0.666529205880637,-0.0403351860770898,0.967825902161115,0.998861670134564
"ENSGALG00010007203","SLC30A6",10.3274752153171,0.0301092576657146,0.747457871670933,0.0402822136295197,0.967868133736487,0.998861670134564
"ENSGALG00010015635","ABTB3",116.79086836288,0.0126280425742388,0.315492848573094,0.0400263987958924,0.968072079957601,0.998861670134564
"ENSGALG00010013217","TGFBRAP1",20.5032254453234,-0.021695120463782,0.543322151247147,-0.0399304913557873,0.968148541895234,0.998861670134564
"ENSGALG00010020489","IFFO2",34.2820400265738,-0.0194525700155189,0.490224254448716,-0.0396809620066522,0.968347479839235,0.998861670134564
"ENSGALG00010015393","DCX",64.3205465203574,-0.0136393704949025,0.346617386299965,-0.0393499317518335,0.96861139763712,0.998861670134564
"ENSGALG00010020887","ARPP19",24.1693108988209,-0.0200580466455563,0.512477851996993,-0.0391393434221505,0.968779293472277,0.998861670134564
"ENSGALG00010008433","EBAG9",23.9688536863213,-0.0210669892652983,0.539545254841452,-0.0390458243794378,0.96885385387807,0.998861670134564
"ENSGALG00010022306","ENSGALG00010022306",25.1976513843521,-0.0191383024337775,0.491152724819666,-0.0389660923510186,0.968917422455455,0.998861670134564
"ENSGALG00010016303","ATP5E",22.2508146008591,0.0231029063075817,0.597744612503634,0.0386501288749653,0.969169335063345,0.998861670134564
"ENSGALG00010013528","PRDX6",14.4129755965433,-0.0268286559871418,0.696702945628754,-0.0385080272094009,0.969282631444822,0.998861670134564
"ENSGALG00010018418","PLCB4",415.306100925936,-0.00978930108075523,0.255321231626871,-0.0383411164766017,0.969415708664351,0.998861670134564
"ENSGALG00010025635","CHKA",57.1703432128222,-0.0154187706248469,0.402837182912006,-0.0382754404977927,0.969468072077461,0.998861670134564
"ENSGALG00010020298","ENSGALG00010020298",10.0655320883637,0.029204201423354,0.767690860284414,0.0380416166639452,0.969654500727702,0.998861670134564
"ENSGALG00010000816","TBC1D4",52.3826473031593,-0.0153455327136974,0.405860749470931,-0.0378098466868291,0.969839293466541,0.998861670134564
"ENSGALG00010011673","POP1",23.1317640086062,0.0222487841109256,0.589243333079634,0.0377582279881625,0.969880449840654,0.998861670134564
"ENSGALG00010016025","PCIF1",11.6491629427201,-0.0261894007980018,0.6986409675433,-0.0374862082452653,0.970097336644565,0.998861670134564
"ENSGALG00010012683","MDM2",26.5115980944074,0.0184876678060701,0.493274897300533,0.0374794418026229,0.970102731693429,0.998861670134564
"ENSGALG00010021332","OIT3",34.1011607416342,-0.0171021800630935,0.459218671249672,-0.0372419092119083,0.970292123055535,0.998861670134564
"ENSGALG00010005126","MED23",31.6701089621049,-0.0161943473553793,0.443702610087726,-0.0364982016945482,0.97088511259544,0.998861670134564
"ENSGALG00010023227","RNPC3",98.9608930435131,0.011868038715155,0.326972672455641,0.0362967297114566,0.971045757535421,0.998861670134564
"ENSGALG00010021681","BTBD10",18.2076175670585,-0.020223431723063,0.559188396487507,-0.0361656855723308,0.971150247026528,0.998861670134564
"ENSGALG00010003154","MTFR1",14.4132076233475,0.0238283672519361,0.662031330194042,0.0359928090487077,0.97128809278853,0.998861670134564
"ENSGALG00010008336","PAIP2B",10.3483754633252,-0.0270723267295855,0.756483384025516,-0.0357870738488982,0.971452140040113,0.998861670134564
"ENSGALG00010019232","SOS2",38.4680711047289,-0.0169818551535959,0.474898949571319,-0.0357588812713212,0.971474620073971,0.998861670134564
"ENSGALG00010010346","TFB2M",11.3949785480511,-0.0251387016161579,0.705619127385343,-0.0356264458268143,0.971580220982945,0.998861670134564
"ENSGALG00010001177","SEH1L",14.9463708250989,-0.0216230526430335,0.608045795023571,-0.035561552797508,0.971631965340428,0.998861670134564
"ENSGALG00010028834","ENSGALG00010028834",277.591365807639,-0.00884153088873777,0.249468051459724,-0.035441535847989,0.971727664684624,0.998861670134564
"ENSGALG00010025985","CHCHD10",17.2822808309869,0.0208374713714298,0.588008208360252,0.0354373817833908,0.971730977067875,0.998861670134564
"ENSGALG00010019108","KDELR2",18.8707123310908,-0.0195564707125999,0.553207389150884,-0.0353510656150437,0.971799804280739,0.998861670134564
"ENSGALG00010023861","SLC2A11L5",18.4962076499452,-0.0193216904568833,0.556737496591377,-0.0347052077059302,0.972314808281691,0.998861670134564
"ENSGALG00010002288","ANGPT2",10.1527700893838,0.0249462901477406,0.722115681121785,0.0345461133166188,0.972441671165438,0.998861670134564
"ENSGALG00010006411","RGS17",124.505399939389,-0.0104486597623706,0.30816465981057,-0.0339060934787054,0.972952034090212,0.998861670134564
"ENSGALG00010024994","NDUFB4",28.1852975986977,-0.0183080502953411,0.540062912171648,-0.0338998473746745,0.972957014896863,0.998861670134564
"ENSGALG00010006070","TMEM242",12.0266218347584,-0.0222938511962092,0.666786427638801,-0.0334347705233823,0.973327882286372,0.998861670134564
"ENSGALG00010011529","SCYL2",33.0022355317776,-0.0147112321136729,0.44048512787251,-0.0333977952552595,0.973357367814863,0.998861670134564
"ENSGALG00010008233","FAM49B",102.73725405984,-0.0110593541792307,0.331197907946218,-0.0333919807881957,0.973362004502182,0.998861670134564
"ENSGALG00010018552","DTD1",10.2945041970307,0.025237323656386,0.755897484346578,0.033387230648349,0.97336579245331,0.998861670134564
"ENSGALG00010016041","ENSGALG00010016041",29.8969384328371,0.0154089728070219,0.467256639430759,0.0329775363401879,0.973692501299888,0.998861670134564
"ENSGALG00010023918","MFSD14A",29.015388397017,0.0152313505596119,0.465395148704296,0.0327277811167939,0.973891669626183,0.998861670134564
"ENSGALG00010022997","ARHGAP1",18.3160374609545,0.0180442682151499,0.552949397148934,0.0326327658700562,0.973967440352185,0.998861670134564
"ENSGALG00010020544","BMERB1",60.6623571740124,-0.0127303247682983,0.390432798988057,-0.0326056745265597,0.973989044620217,0.998861670134564
"ENSGALG00010003543","SOX11",34.6481275766627,0.0145840866404507,0.44920236634756,0.0324666291476448,0.974099928075001,0.998861670134564
"ENSGALG00010021168","IVNS1ABP",36.5168219376671,0.0155662748545177,0.479710154074249,0.0324493336701568,0.974113720602191,0.998861670134564
"ENSGALG00010024446","GRM4",19.7428753775086,0.0171228093478659,0.539195453131301,0.0317562198427817,0.97466646051584,0.998861670134564
"ENSGALG00010021893","FAM43B",14.8312944240539,0.019966778394572,0.630944711491363,0.0316458447640786,0.974754482846616,0.998861670134564
"ENSGALG00010023248","PRDM10",19.4469654708011,0.017321612128831,0.548275506721448,0.0315928979436086,0.974796707184309,0.998861670134564
"ENSGALG00010026516","ENSGALG00010026516",19.9119049577383,-0.0171932647172886,0.553918569383537,-0.0310393362266644,0.975238169002371,0.998861670134564
"ENSGALG00010022886","PLA2G15",10.034609093524,0.0225971029988176,0.731844901688634,0.0308769015766562,0.975367711009872,0.998861670134564
"ENSGALG00010012823","ENSGALG00010012823",34.7076679662261,0.014867241339942,0.482074530346264,0.0308401303202291,0.975397036261874,0.998861670134564
"ENSGALG00010024198","PI4KA",110.049507975942,-0.0101564594879897,0.329437074066233,-0.030829740449758,0.975405322239049,0.998861670134564
"ENSGALG00010029255","RAP1GAP2",10.6614745814683,-0.0219499538095174,0.717184106535332,-0.0306057448979958,0.975583960531497,0.998861670134564
"ENSGALG00010022932","OPCML",69.1025465404891,0.0116873221592324,0.382794620254355,0.0305315736973171,0.975643112943627,0.998861670134564
"ENSGALG00010010386","PRPF40A",58.3553995712055,-0.0111463581069546,0.368778563318421,-0.0302250705861401,0.975887554226494,0.998861670134564
"ENSGALG00010027958","ENSGALG00010027958",15.6518182550888,0.0189573827441353,0.627469299112975,0.0302124466821476,0.975897622046704,0.998861670134564
"ENSGALG00010006038","ENSGALG00010006038",10.5416752401372,-0.0240040639244056,0.811641337716187,-0.0295747183010031,0.976406228364629,0.998861670134564
"ENSGALG00010003348","ADAM17",21.7742414320978,-0.0158596077005237,0.537398884922565,-0.0295117986759666,0.976456409058271,0.998861670134564
"ENSGALG00010003981","TMEM150C",24.0948612885523,-0.0148236912269273,0.502733931305753,-0.0294861562027964,0.976476859891726,0.998861670134564
"ENSGALG00010013878","ARID2",65.8067793752422,-0.0102112194255056,0.351442313384955,-0.029055179290038,0.976820582436351,0.998861670134564
"ENSGALG00010015817","ENSGALG00010015817",77.0759480232639,0.00970366264537982,0.334942739612296,0.0289711090815464,0.976887632531642,0.998861670134564
"ENSGALG00010016603","ENSGALG00010016603",10.3162870847073,0.0208496316771581,0.723498060706834,0.0288178128035184,0.977009894216814,0.998861670134564
"ENSGALG00010017880","CDK13",68.087884118944,0.0100681113307893,0.350465211588377,0.0287278480085332,0.977081646030782,0.998861670134564
"ENSGALG00010010420","NPM1",48.8313242157258,0.0109888405509618,0.386112011063475,0.0284602401274569,0.977295078955523,0.998861670134564
"ENSGALG00010026002","FTH1",66.5807526837082,0.0121262859869756,0.426802958320452,0.0284119070652528,0.977333627571073,0.998861670134564
"ENSGALG00010023925","NCOA3",22.8538599287143,-0.0141841511327046,0.504310959987679,-0.0281258038354969,0.977561813726901,0.998861670134564
"ENSGALG00010029505","VEZF1",18.2324166012369,0.0164930888703245,0.587146733036282,0.0280902335691023,0.977590183484151,0.998861670134564
"ENSGALG00010027081","PDE4B",78.1146375888856,0.00954319626719432,0.340157961853869,0.0280551900510683,0.977618133150728,0.998861670134564
"ENSGALG00010027720","DAB2IP",44.9935445090968,-0.0116298490607355,0.415584586655258,-0.0279843127829543,0.97767466283339,0.998861670134564
"ENSGALG00010003793","TRAM1L1",16.9734540914214,0.0164026985582692,0.586976016737256,0.027944410147189,0.977706488084207,0.998861670134564
"ENSGALG00010024793","FKBP4",44.8954096613273,0.0115492985894316,0.413581798018605,0.0279250649926138,0.977721917263117,0.998861670134564
"ENSGALG00010023638","DCTN2",12.179484448347,0.0202093505160541,0.729950517987907,0.0276859184534326,0.977912654845852,0.998861670134564
"ENSGALG00010025026","DENR",10.2752417970587,-0.0210240895696893,0.7598095778662,-0.0276702086708777,0.977925184638505,0.998861670134564
"ENSGALG00010019008","HERPUD2",14.9582245786862,0.0183473034538181,0.666189841413422,0.027540653299203,0.978028515489614,0.998861670134564
"ENSGALG00010000588","ENSGALG00010000588",73435.1047501727,-0.00831253080237876,0.302314492292301,-0.0274963027387439,0.978063888721045,0.998861670134564
"ENSGALG00010005694","PEX3",17.1823452535538,0.0167587024291197,0.61833833807406,0.0271028034284888,0.978377738770744,0.998861670134564
"ENSGALG00010020578","TNKS2",23.9824556061843,0.0135688229605393,0.503691577097003,0.0269387529542233,0.978508584335844,0.998861670134564
"ENSGALG00010025098","ATP5B",117.191086595869,0.0103773310499391,0.385360162472054,0.0269289149749403,0.978516431060977,0.998861670134564
"ENSGALG00010000060","HYPK",28.6704331112246,0.0135556930977124,0.505178632665774,0.026833464879899,0.978592561707199,0.998861670134564
"ENSGALG00010004085","RB1CC1",84.8732976901354,0.00841357255936059,0.313651852111327,0.0268245588308348,0.97859966514927,0.998861670134564
"ENSGALG00010008010","CERK",41.9786844290265,0.0107347704362437,0.404753074820539,0.0265217761248715,0.978841164870994,0.998861670134564
"ENSGALG00010021644","TARDBP",38.8183604976152,0.0116025461304188,0.446675299621161,0.0259753475069235,0.979277001654613,0.998861670134564
"ENSGALG00010022006","SFI1",15.3011025546998,0.0160353102970953,0.62185838978717,0.0257861123375426,0.979427938916124,0.998861670134564
"ENSGALG00010006961","ZCCHC14",11.6323927090444,-0.0182390015684023,0.710077087858834,-0.0256859457659734,0.979507833813751,0.998861670134564
"ENSGALG00010027178","C4BPM",25.548958895566,0.0127869025769933,0.498588538736595,0.0256462023964586,0.979539533991755,0.998861670134564
"ENSGALG00010016318","ENSGALG00010016318",32.7870770258817,-0.0118337063943646,0.462254650883974,-0.0255999725946184,0.979576407930246,0.998861670134564
"ENSGALG00010018588","POLR3F",15.1300144482627,0.0154004124938971,0.611064113901211,0.0252026131850166,0.979893352599258,0.998861670134564
"ENSGALG00010024627","CEPT1",13.9921078782166,-0.0157035015703012,0.62732938729951,-0.0250323066131186,0.980029194726153,0.998861670134564
"ENSGALG00010018473","ENSGALG00010018473",20.2447036103254,-0.0159213698467161,0.643659673846636,-0.0247356957312036,0.980265782707954,0.998861670134564
"ENSGALG00010004610","TGS1",17.8276797399968,-0.0156265707824269,0.632130805388918,-0.0247204702716753,0.980277927153444,0.998861670134564
"ENSGALG00010012198","TMEM5",13.470287601995,-0.0162744324312144,0.667141021132928,-0.0243942913352523,0.980538101826779,0.998861670134564
"ENSGALG00010013407","ZC3H15",42.7601612412851,-0.00981744715590612,0.405943800381118,-0.0241842519745075,0.98070563956127,0.998861670134564
"ENSGALG00010011368","ENSGALG00010011368",95.2389423648572,-0.00799521331079628,0.330726319202307,-0.0241747113748923,0.980713249633474,0.998861670134564
"ENSGALG00010010287","STAM2",25.5032937940774,0.011848048613029,0.494158257903889,0.0239762230490407,0.980871574512485,0.998861670134564
"ENSGALG00010027073","DNAH12",29.8042724634124,-0.0111223155037998,0.469097730830575,-0.0237100177059199,0.981083915279291,0.998861670134564
"ENSGALG00010008463","ENSGALG00010008463",19.311739341799,-0.0135491808717732,0.573371066918599,-0.0236307369756012,0.981147154431454,0.998861670134564
"ENSGALG00010012100","UBE2F",66.2825128066565,-0.00846495212657613,0.359765699306037,-0.0235290694552161,0.981228250827857,0.998861670134564
"ENSGALG00010029677","PHF12",12.5647890150404,0.0164659799523165,0.703198041393633,0.0234158501347407,0.981318561893445,0.998861670134564
"ENSGALG00010009252","SIRT1",29.9723273685866,0.0119344320107894,0.510215349116926,0.0233909701686658,0.981338407798509,0.998861670134564
"ENSGALG00010024075","SPATS2L",44.1657533972465,-0.00991775865298961,0.425894000634324,-0.0232869179613194,0.981421406840101,0.998861670134564
"ENSGALG00010006059","BIVM",10.9560454866218,0.0175238885328623,0.753833974471374,0.0232463501597297,0.981453766502738,0.998861670134564
"ENSGALG00010028549","ADAMTS10",15.075159481461,-0.0146800257648963,0.649762212228678,-0.0225929201308029,0.981974991304917,0.998861670134564
"ENSGALG00010022792","DDB2",14.8344722445421,-0.0137221048101699,0.609754200745062,-0.0225043218946303,0.982045664500816,0.998861670134564
"ENSGALG00010024476","KCNB1",117.337888997424,-0.00666627229087025,0.29848820792106,-0.0223334527594914,0.982181964088661,0.998861670134564
"ENSGALG00010022027","EIF4ENIF1",10.3764119546891,0.0162572208746417,0.735092971509956,0.0221158703792906,0.982355526840481,0.998861670134564
"ENSGALG00010013977","SLC38A2",77.6648781418042,-0.00763440105805367,0.345611748277485,-0.0220895299309217,0.982376538344563,0.998861670134564
"ENSGALG00010018053","DIAPH2",166.08921281345,0.00615014073898375,0.281420281415855,0.0218539357150869,0.982564469963426,0.998861670134564
"ENSGALG00010008238","WDYHV1",16.3980746919166,-0.0138238586604451,0.634354452365115,-0.0217920101433898,0.982613867656962,0.998861670134564
"ENSGALG00010001753","PNPLA8",13.1630653609729,0.0140979671264964,0.65031914279434,0.0216785362736197,0.982704385321859,0.998861670134564
"ENSGALG00010016917","METTL6",12.2179772421361,-0.0159838468276574,0.761490831354502,-0.0209902025993223,0.983253471148537,0.998861670134564
"ENSGALG00010016479","ENSGALG00010016479",11.7615091640854,-0.0158796465516794,0.768394161857387,-0.020666016661676,0.983512078002659,0.998861670134564
"ENSGALG00010029316","INTS2",14.878645687348,-0.0132106563252653,0.643524226684434,-0.0205286075915576,0.983621691323983,0.998861670134564
"ENSGALG00010024558","PFDN5",10.2502174673642,0.0148617158671261,0.724464238372689,0.0205140779626457,0.983633281849775,0.998861670134564
"ENSGALG00010005681","EPC1",64.4708753963191,0.00746576844186732,0.364331018599531,0.0204917178629625,0.983651118878631,0.998861670134564
"ENSGALG00010013466","BRAF",68.1853063433813,0.0074068006350024,0.364286100188051,0.0203323723611164,0.983778231710613,0.998861670134564
"ENSGALG00010024671","KCTD20",10.269689183022,0.0151778478779929,0.746506937811171,0.0203318242727868,0.983778668931447,0.998861670134564
"ENSGALG00010028318","NACC2",16.4688419286613,0.01194686821371,0.59421959527378,0.0201051401009514,0.983959499767519,0.998861670134564
"ENSGALG00010023974","PREX1",17.9175645352161,-0.013065759898033,0.656201106433264,-0.0199112128430429,0.984114200363759,0.998861670134564
"ENSGALG00010005817","VTA1",23.9335177553598,0.0102357284247806,0.523449151036507,0.0195543891980956,0.984398849015352,0.998861670134564
"ENSGALG00010024118","TMEM266",20.8741341108751,-0.0116078041804271,0.593715559048291,-0.0195511200667101,0.984401456906252,0.998861670134564
"ENSGALG00010029519","STX1A",35.8329285513427,-0.00853784688391763,0.439856810137734,-0.0194105142563193,0.984513622825802,0.998861670134564
"ENSGALG00010013354","WWP1",78.2209604518358,0.0064786018844773,0.336202951406969,0.0192699137748944,0.984625784800368,0.998861670134564
"ENSGALG00010025994","INO80D",11.6103140599047,0.0134642562096461,0.703697953778134,0.0191335730583796,0.984734548900112,0.998861670134564
"ENSGALG00010016527","MRPS34",15.5918217373096,0.013104530326948,0.690784323759132,0.0189705091389963,0.984864631472821,0.998861670134564
"ENSGALG00010019546","HSD17B12",55.993962254566,0.00766857340962469,0.409842691496644,0.018711016613767,0.98507163980718,0.998861670134564
"ENSGALG00010022280","PDZD8",23.4181063373641,-0.0100411276119043,0.541118008964737,-0.0185562621194494,0.985195094594404,0.998861670134564
"ENSGALG00010009727","CDH20",122.19344060898,0.00598201533556187,0.329296115894416,0.0181660670953067,0.98550637270251,0.998861670134564
"ENSGALG00010018070","ENSGALG00010018070",11.1649162125153,0.0127010276802786,0.708026074070755,0.0179386439926637,0.985687800519546,0.998861670134564
"ENSGALG00010007318","RMDN2",21.8682135378235,0.00927758462850551,0.518236974123247,0.0179022051527707,0.98571686983925,0.998861670134564
"ENSGALG00010001518","SLC17A5",32.6841398300027,-0.007948889766006,0.448648165201809,-0.0177174239917608,0.985864280494128,0.998861670134564
"ENSGALG00010011022","C2H5ORF22",38.8372535068072,-0.0077137595714359,0.437571863382697,-0.0176285547973854,0.985935176779683,0.998861670134564
"ENSGALG00010023871","UQCRFS1",18.7612965605119,0.0112928810098044,0.64098743141251,0.0176179445280524,0.985943641235227,0.998861670134564
"ENSGALG00010024029","SCAPER",73.4539197645559,0.00588113390034936,0.333850092995882,0.0176160918440179,0.985945119233841,0.998861670134564
"ENSGALG00010018582","RCC2",16.7481553037116,-0.0110153182792876,0.636349238533165,-0.0173101775130254,0.986189166339246,0.998861670134564
"ENSGALG00010019643","RAB3GAP1",24.5428133510771,-0.0095469330544573,0.555797763113532,-0.0171769907834393,0.98629541817671,0.998861670134564
"ENSGALG00010015037","CYFIP2",66.5954936907159,-0.00605178742791976,0.358047033010048,-0.0169022135920057,0.986514626829014,0.998861670134564
"ENSGALG00010024843","BCL9L",16.4977752245874,-0.0106755618797848,0.640004164140134,-0.0166804569062886,0.986691538122706,0.998861670134564
"ENSGALG00010009884","GFOD1",46.2666544757866,0.00668425336719689,0.402388177190233,0.016611455669178,0.986746585517452,0.998861670134564
"ENSGALG00010014883","PPAT",12.9090444150889,0.0112955293747598,0.686191453369796,0.0164611921633372,0.98686646205746,0.998861670134564
"ENSGALG00010020855","DNAL1",10.9789109400357,0.0126236314046287,0.767017023630718,0.0164580850433724,0.98686894084471,0.998861670134564
"ENSGALG00010005831","SEC61A2",36.7832908613547,0.00691932819390311,0.424320893001858,0.0163068288835657,0.986989609605308,0.998861670134564
"ENSGALG00010021677","ENSGALG00010021677",11.1964813896409,0.011222666611383,0.69502722113504,0.0161470893083229,0.987117046566923,0.998861670134564
"ENSGALG00010021887","NUTF2",15.0500625855628,-0.0101740439366354,0.631578729595373,-0.0161089084541424,0.987147506519227,0.998861670134564
"ENSGALG00010005395","ENSGALG00010005395",18.6329049401767,0.00980779255439824,0.612039193589359,0.0160247785715806,0.987214623790104,0.998861670134564
"ENSGALG00010022650","NR1H3",12.6329379399681,-0.0110534038512239,0.693543916155458,-0.0159375687591588,0.987284198267809,0.998861670134564
"ENSGALG00010021244","PPP3CB",115.885386767627,0.00461641400833118,0.291927770567476,0.0158135486711572,0.987383139512158,0.998861670134564
"ENSGALG00010011015","LYRM4",48.4745842492382,-0.0059758708587597,0.383690856523398,-0.0155747022822142,0.987573687889837,0.998861670134564
"ENSGALG00010009402","ENSGALG00010009402",25.3682391812278,0.00845278466450086,0.544525776482465,0.0155232039135122,0.987614772676293,0.998861670134564
"ENSGALG00010029782","UNK",13.1908193475293,-0.009776977184089,0.649391359900759,-0.015055600963929,0.987987822241285,0.998861670134564
"ENSGALG00010017060","CLSTN1",204.272108400465,0.00450511959097093,0.300420742091199,0.0149960337612218,0.988035344627658,0.998861670134564
"ENSGALG00010021196","ATP6V0A1",128.060014265542,0.00440958151992077,0.294072498305257,0.0149948789680546,0.988036265915709,0.998861670134564
"ENSGALG00010018831","WBP1L",12.259728245753,-0.00989849348392022,0.671707927620773,-0.014736305880714,0.988242554594665,0.998861670134564
"ENSGALG00010015845","SAP30L",11.371939020006,0.011161596375303,0.758337348602059,0.0147185106943218,0.988256751559424,0.998861670134564
"ENSGALG00010016729","ELMO1",83.7270573312581,0.00493460827287598,0.33766218675081,0.0146140387242047,0.988340099166878,0.998861670134564
"ENSGALG00010016786","DISP1",44.1601432141766,-0.00594814020064057,0.407695107978168,-0.0145896776395931,0.988359534428125,0.998861670134564
"ENSGALG00010004367","TSPAN13",37.7242504801435,-0.00618064759417363,0.427461006466247,-0.014458974036645,0.988463809815543,0.998861670134564
"ENSGALG00010013921","PPP2R2B",21.2365500781665,0.00800565656792308,0.568696315427728,0.0140772084339985,0.988768383689978,0.998861670134564
"ENSGALG00010009083","MED30",11.3179009251694,-0.00964811936149393,0.691655672376284,-0.0139493099627831,0.988870421886256,0.998861670134564
"ENSGALG00010021723","COPS3",15.3050101425133,-0.00924109837783763,0.663101977554353,-0.013936164708663,0.988880909262144,0.998861670134564
"ENSGALG00010004988","HJURP",15.1608258853878,-0.00869579326299422,0.627497667418846,-0.0138578893827025,0.988943357905642,0.998861670134564
"ENSGALG00010016344","SMIM14",19.5783430584328,0.00760477021910978,0.552458069386357,0.013765334675185,0.989017198834467,0.998861670134564
"ENSGALG00010018468","ENSGALG00010018468",24.699530316652,0.0077238985858022,0.576969307454314,0.0133870181411925,0.989319023937875,0.998861670134564
"ENSGALG00010004058","TMEM30A",32.5625767791556,0.006249418526819,0.46933104175699,0.0133155874442561,0.989376012308593,0.998861670134564
"ENSGALG00010029515","NPLOC4",29.1962159681611,-0.00693951845045973,0.522647180605185,-0.0132776349093174,0.989406291373476,0.998861670134564
"ENSGALG00010014654","LAMP1",20.3254587439023,-0.00740299240628501,0.566823463117885,-0.0130604904136535,0.989579532590927,0.998861670134564
"ENSGALG00010017659","TNRC6A",95.1112204404029,0.00401147429003544,0.307868829336989,0.0130298162976562,0.989604004912107,0.998861670134564
"ENSGALG00010011457","ENSGALG00010011457",12.2962487071915,0.00916850578071972,0.726135452909695,0.0126264400725521,0.989925826091455,0.998861670134564
"ENSGALG00010024096","MYO1D",13.9321134233533,-0.00846640482445858,0.680849477812378,-0.012435061052939,0.990078512468377,0.998861670134564
"ENSGALG00010025257","LPCAT2",12.907176398259,-0.00896633721166585,0.736351154803565,-0.0121767137230304,0.990284628206517,0.998861670134564
"ENSGALG00010021902","LMTK2",30.8785021192808,-0.0055798367714822,0.460338079985969,-0.0121211714043997,0.990328941294662,0.998861670134564
"ENSGALG00010020699","PLA2G10",24.1880044620128,0.00618536196280134,0.512932428977589,0.0120588241518097,0.990378683569406,0.998861670134564
"ENSGALG00010027888","PFKFB2",11.8603857389693,0.00858103638469753,0.713002878747298,0.0120350655522932,0.990397638813619,0.998861670134564
"ENSGALG00010007294","TRAPPC11",17.2011157721158,-0.0068519381344255,0.574559877231009,-0.0119255423254531,0.990485019434327,0.998861670134564
"ENSGALG00010010953","EXTL3",23.5584689014121,0.00613648010411873,0.525070195517266,0.0116869709164761,0.990675358611815,0.998861670134564
"ENSGALG00010005714","ARHGAP5",59.2575069520988,-0.00419064106846464,0.370081731686314,-0.0113235556085667,0.990965302882806,0.998861670134564
"ENSGALG00010005431","GRM3",58.5745887234608,-0.00495874139198778,0.447795037213775,-0.0110736854585115,0.991164657916362,0.998861670134564
"ENSGALG00010024966","AGAP3",23.734492943797,0.00559252847889748,0.516581334509022,0.0108260366863871,0.991362241202218,0.998861670134564
"ENSGALG00010011880","U2AF1",16.4033271899435,0.00603319315762326,0.595145990572155,0.0101373331135494,0.991911716953993,0.998861670134564
"ENSGALG00010001426","ATE1",23.0939390817877,-0.00553401046713621,0.550176055449393,-0.0100586174413133,0.991974519771492,0.998861670134564
"ENSGALG00010001363","HIBADH",45.1047456881479,0.00418166867114022,0.420154381372676,0.00995269561982999,0.992059028927121,0.998861670134564
"ENSGALG00010004047","PDE7A",61.5947473453258,-0.00361494492294564,0.364471941381547,-0.00991830786546431,0.992086465031209,0.998861670134564
"ENSGALG00010008356","ENSGALG00010008356",24.6543487148555,-0.00508190641228696,0.513417668180771,-0.00989819152561313,0.992102514760348,0.998861670134564
"ENSGALG00010019961","HTATSF1",20.8802211742844,0.00561001703242285,0.567967120825891,0.00987736230974994,0.992119133257699,0.998861670134564
"ENSGALG00010008047","ASAP1",166.256535073076,0.00285404276276848,0.290318933824762,0.00983071522469561,0.99215635043969,0.998861670134564
"ENSGALG00010005236","TMTC4",183.501757356409,0.00283085652924213,0.298362305486604,0.00948798315734033,0.992429798306332,0.998861670134564
"ENSGALG00010006188","TMED10",31.1698808255409,-0.0043950584644232,0.463905504809432,-0.00947403817988459,0.992440924288479,0.998861670134564
"ENSGALG00010021072","PRKACB",86.0130886765866,0.00333692820082631,0.35266934273488,0.00946191742936626,0.992450594814727,0.998861670134564
"ENSGALG00010008888","FBXO46",14.9157124650708,-0.00669786318173655,0.711961922413755,-0.00940761432722254,0.99249392049317,0.998861670134564
"ENSGALG00010009777","ST3GAL1",34.7204722986257,0.00472748091910504,0.502688579373357,0.00940439292453837,0.992496490686937,0.998861670134564
"ENSGALG00010022100","ENTPD1",32.2918075066635,-0.00393457935538388,0.44340910869089,-0.00887347435644756,0.992920084720806,0.998861670134564
"ENSGALG00010019365","ENSGALG00010019365",20.5574337065839,0.00513720618823997,0.587683969379568,0.00874144345584828,0.993025426052054,0.998861670134564
"ENSGALG00010002916","SDCBP",19.9872347270713,-0.00473014641214425,0.568442961574385,-0.00832123314367975,0.993360693168738,0.998861670134564
"ENSGALG00010004188","BMI1",12.8517272718074,-0.00547146208964085,0.665983246722752,-0.00821561520738766,0.993444961208792,0.998861670134564
"ENSGALG00010013283","PAWR",37.8688882767642,-0.00346697966677737,0.424183360014383,-0.00817330426789917,0.993478719320726,0.998861670134564
"ENSGALG00010024426","PHAF1",30.0359219333555,-0.00437451764917154,0.537813864937307,-0.00813388782693707,0.993510168045019,0.998861670134564
"ENSGALG00010022347","SEC11A",14.3463939015437,0.00524752387340133,0.657361215317103,0.00798270988785061,0.993630786672115,0.998861670134564
"ENSGALG00010001888","SNX10",13.2754975273283,-0.0052998924690167,0.664436703425069,-0.00797651972218959,0.993635725552483,0.998861670134564
"ENSGALG00010013343","KIAA1644",39.5227434787064,0.00369735201954128,0.466057163936835,0.00793325863357479,0.993670241815053,0.998861670134564
"ENSGALG00010021233","COASY",19.8207399270599,-0.00451147523777883,0.586237329120757,-0.00769564647912335,0.993859823095561,0.998861670134564
"ENSGALG00010021789","CHD9",109.216935204835,0.00233691238497088,0.314807142174839,0.00742331437853146,0.994077106464864,0.998861670134564
"ENSGALG00010029581","DGKE",19.0527307395905,-0.00418778516867013,0.570126228693847,-0.00734536486466216,0.994139299482818,0.998861670134564
"ENSGALG00010019141","ACOT7",28.902463987962,-0.00335067533612248,0.463810403270195,-0.00722423497294977,0.994235944588778,0.998861670134564
"ENSGALG00010015762","ENSGALG00010015762",23.7750546680739,0.00357660250772827,0.534137541390298,0.00669603282034584,0.994657378718436,0.998861670134564
"ENSGALG00010004623","MBIP",22.6901777554596,0.00355289689779057,0.532192982424861,0.00667595593162899,0.994673397399931,0.998861670134564
"ENSGALG00010003193","ACOT9",20.30488465592,0.00383239323059972,0.577007909885067,0.00664183829189288,0.99470061873441,0.998861670134564
"ENSGALG00010019630","AJAP1",33.536725763366,0.00295983676533248,0.44648387313699,0.00662921315508375,0.994710691914383,0.998861670134564
"ENSGALG00010022767","CACNB3",16.5143339075713,-0.00393608456151726,0.603156110831915,-0.00652581394904271,0.994793190759824,0.998861670134564
"ENSGALG00010014008","ENSGALG00010014008",76.6752525012217,-0.00574192297239256,0.886498597057011,-0.00647708072122679,0.994832073428122,0.998861670134564
"ENSGALG00010027253","VGLL4",48.5807060154713,-0.00264162017872656,0.41128370956179,-0.00642286605890888,0.994875329570366,0.998861670134564
"ENSGALG00010001220","PLXNB2",27.0101213397896,-0.0034530430358445,0.542167702074941,-0.00636895746948646,0.994918341521786,0.998861670134564
"ENSGALG00010006083","CACNB2",190.833821819098,-0.00179056875276008,0.282149607031762,-0.00634616780649465,0.994936524674561,0.998861670134564
"ENSGALG00010007882","CPE",376.552408688154,0.00226049432398165,0.3610113642063,0.00626156001751204,0.995004030581782,0.998861670134564
"ENSGALG00010018713","ENSGALG00010018713",10.9811501211607,0.00454865870041706,0.743086908395363,0.00612130108743206,0.995115938871559,0.998861670134564
"ENSGALG00010019000","TRERF1",20.4790951590151,-0.0033797279434163,0.602482900921566,-0.00560966616354858,0.995524157451425,0.998866978852554
"ENSGALG00010025156","DLAT",10.9572989116048,-0.00399632865053135,0.718807053210862,-0.00555966810937653,0.995564049504824,0.998866978852554
"ENSGALG00010023455","CFDP1",35.7803623803775,0.0026586718851372,0.488194122954352,0.00544593177207461,0.995654796598352,0.998866978852554
"ENSGALG00010017338","MBNL3",118.666760828449,-0.00173263005656679,0.324935614316198,-0.00533222577098227,0.99574551954364,0.998866978852554
"ENSGALG00010022545","CSTF3",41.1028629405912,0.00212850898130561,0.422072455440514,0.00504299428657125,0.995976289773561,0.998941898534837
"ENSGALG00010016304","EIF3J",28.8682292036118,0.00208579129181965,0.458222532598401,0.00455191777670107,0.996368107626038,0.999044639993112
"ENSGALG00010024196","MRPL21",11.043519488616,0.00334614209210322,0.739754087409223,0.00452331680088735,0.99639092766813,0.999044639993112
"ENSGALG00010027290","CSPG5",23.053270488113,-0.00213810968656788,0.531167508947617,-0.00402530209500962,0.996788282279101,0.999286498525414
"ENSGALG00010009795","NDUFA6",13.7243776870581,0.0024580904772551,0.669296114189478,0.00367265015460588,0.997069655732001,0.999349907171284
"ENSGALG00010005309","ASXL3",75.6808069446794,-0.00113944385525565,0.334050007416035,-0.00341099784451301,0.997278422760482,0.999349907171284
"ENSGALG00010029224","FAM222B",11.8551819258938,0.00209208985437037,0.738605834912698,0.00283248487282483,0.997740007073242,0.999349907171284
"ENSGALG00010027264","ENSGALG00010027264",30.554769703871,0.00132188248264773,0.467380062869293,0.00282828170832226,0.997743360699872,0.999349907171284
"ENSGALG00010017707","AK2",10.4112801450647,0.00206147116051924,0.755177847394698,0.00272978235210573,0.997821951511935,0.999349907171284
"ENSGALG00010007485","CTSC",15.2817901648934,0.00166896286961741,0.622554186978742,0.0026808314914994,0.997861008504923,0.999349907171284
"ENSGALG00010007092","DYNC1LI2",41.754074717196,0.00105451177914791,0.409606059584087,0.00257445356208514,0.997945885519356,0.999349907171284
"ENSGALG00010017943","ENSGALG00010017943",10.9778406472224,-0.0019228522621676,0.807786377999103,-0.00238039698927645,0.99810071978732,0.999349907171284
"ENSGALG00010023704","ANKRD13C",18.2926814933265,0.000857934335361867,0.566343907816675,0.0015148645964416,0.998791313389078,0.999631548234144
"ENSGALG00010016631","FAM53A",22.3583342243501,-0.000774588312847632,0.543976979285196,-0.00142393583247855,0.998863863967628,0.999631548234144
"ENSGALG00010008230","TRMU",13.3886860221095,-0.000870771332832126,0.673698146564624,-0.00129252445961509,0.998968714976361,0.999631548234144
"ENSGALG00010008248","TPK1",198.416421455077,0.000334349360293637,0.287548017512442,0.00116276009546534,0.999072251880965,0.999631548234144
"ENSGALG00010024080","PAPD5",21.1480757308278,-0.000450855592287151,0.52841748467402,-0.00085321853527478,0.999319230186311,0.999631548234144
"ENSGALG00010004242","ADAM22",151.52796921098,0.000234724102706737,0.296876727235933,0.000790645009099003,0.999369156619889,0.999631548234144
"ENSGALG00010024502","VPS8",33.4752656010168,0.000266780856334939,0.472037959032955,0.000565168226897434,0.999549061021508,0.999631548234144
"ENSGALG00010012066","STXBP3",23.9368665229411,-0.000229844558572781,0.497729784863586,-0.000461785823478044,0.999631548234144,0.999631548234144
