"","ID","Description","setSize","enrichmentScore","NES","pvalue","p.adjust","qvalue","rank","leading_edge","core_enrichment"
"GO:0098742","GO:0098742","cell-cell adhesion via plasma-membrane adhesion molecules",128,0.523173369264305,2.4688231498861,1e-10,3.03e-07,2.44e-07,2107,"tags=52%, list=21%, signal=41%","Cdh4/Pcdh17/Cdh6/Robo1/Tenm4/Dscaml1/Sdk2/Adgrl3/Cadm1/Pecam1/Dscam/Il1rapl1/Tenm3/Cntn5/Lrrc4c/Fat3/Elfn1/Plxnb2/Lrfn5/Nlgn1/Cdh22/Ptprf/Kirrel3/Epha3/Cntn6/Mdga2/Nrxn1/Mmp24/Ptprs/Dab1/Cadm2/Grid2/Pcdh10/Ntng1/Cdh9/Ptprt/Cdh18/Cadm3/Robo2/Clstn3/Gpc4/Nptn/Magi2/Amigo2/Hmcn1/Cdh20/Elfn2/Flrt3/Slitrk1/Palld/Alcam/Tenm2/Ptprm/Acvr1/Tgfb2/Cdh2/Nrcam/Celsr1/Cdh10/Cdh15/Fgfrl1/Pcdh8/Cdh7/Cplane2/Arvcf/Mbp"
"GO:0007156","GO:0007156","homophilic cell adhesion via plasma membrane adhesion molecules",64,0.600581568400798,2.49939125604202,2.24946525273006e-09,1.70396992894302e-06,1.37217380416534e-06,1984,"tags=56%, list=19%, signal=46%","Cdh4/Cdh6/Robo1/Dscaml1/Sdk2/Cadm1/Pecam1/Dscam/Tenm3/Cntn5/Fat3/Plxnb2/Cdh22/Ptprf/Kirrel3/Cntn6/Cadm2/Pcdh10/Cdh9/Ptprt/Cadm3/Robo2/Clstn3/Nptn/Amigo2/Hmcn1/Cdh20/Palld/Ptprm/Cdh2/Nrcam/Celsr1/Cdh10/Cdh15/Pcdh8/Cdh7"
"GO:0002181","GO:0002181","cytoplasmic translation",119,-0.506568190110674,-2.32096481875993,1.74125835173564e-09,1.70396992894302e-06,1.37217380416534e-06,1983,"tags=45%, list=19%, signal=37%","Rpl10a/Eif4a2/Rps13/Rpl5/Rps14/Eif3g/Akt2/Rpl18a/Eif3j2/Cnbp/Rpl9-ps6/Eif4h/Rpl3/Rpl4/Rpl12/Denr/Rpl22l1/Rps8/Rpl14/Eif2b5/Rpl39/Rplp2/Rpl31/Rps12/Rpl34/Rpl38/Rps3a1/Csde1/Rpl30/Rpl35a/Mif4gd/Rpl21/Eif2s2/Eif2b2/Ncbp2/Rpl8/Rplp0/Piwil1/Rpl27/Rpl37a/Rpl26/Rps4x/Rps15a/Rps29/Mettl3/Rpl24/Mcts1/Eif2b1/Pkm/Rps16/Eif3e/Rps28/Rpl29/Rps21"
"GO:0051963","GO:0051963","regulation of synapse assembly",152,0.460472422929551,2.20751499955764,1.63369100950298e-09,1.70396992894302e-06,1.37217380416534e-06,1321,"tags=36%, list=13%, signal=31%","Asic2/Lrrtm3/Robo1/Ghrl/Adgrl3/Lzts3/Il1rapl1/Nrg2/Ntrk3/Elmo1/Adgrb3/Lrfn5/Nlgn1/Wnt7a/Adgrl2/Cux2/St8sia2/Il1rapl2/Adgrb2/Adgrb1/Htr4/Lrrtm4/Nckipsd/Mdga2/Nrxn1/Ntn1/Flrt2/Dock4/Negr1/Ptprs/Grid2/Ephb1/Pum2/Agrn/Syndig1/Gna13/Clstn3/Adnp/Psd/Lhfpl4/Gpc4/Setd5/Amigo2/Ptk2/Cbln2/Arf6/Adgrl4/Slitrk4/Ptpn13/Flrt3/Epha7/Lats1/Fzd1/Slitrk1"
"GO:0001508","GO:0001508","action potential",120,0.487094253086448,2.28104922119837,3.52957437091212e-09,2.13892206877275e-06,1.72243229300512e-06,1871,"tags=41%, list=18%, signal=34%","Kcnd2/Dpp6/Kcnq1/Foxp1/Fgf13/Cacna1h/Kcnc1/Kcne2/Ntrk3/Kcnk2/Kcnq2/Kcnf1/Kcnd3/Pawr/Cntnap2/Cacna1c/Cacna1g/Kcnip2/Kcng1/Akap9/Kcnk9/Kcng2/Kcnip1/Cacna1d/Ank3/Tacr1/Drd1/Cacna1i/Gria1/Cacnb2/Fgf12/Dmd/Scn2b/Grin2b/Rnf207/Kcnk3/Ank2/Kcnb1/Kcnq3/Kcnv1/Scn8a/Kcnc2/Cacna2d1/Kcnma1/Nrcam/Mtnr1b/Gba1/Cnr1/Hcn4"
"GO:0097485","GO:0097485","neuron projection guidance",174,0.429226578634572,2.08755269502567,6.22719734565678e-09,3.14473465955667e-06,2.53239358723376e-06,2270,"tags=41%, list=22%, signal=33%","Cdh4/Sema3f/Epha4/Robo1/Bcl11b/Foxp1/Dscaml1/Dscam/Cntn5/Unc5c/Ext1/Cntn2/Klf7/Unc5a/Nfasc/Boc/Sema4g/Plxna4/Kalrn/Epha3/Cntn6/Ntn1/Flrt2/Sema3a/Slit3/Ptpro/Trio/Ephb1/Lmo4/Neo1/Agrn/Epha5/Ank3/Bmpr2/Lama1/Crppa/Robo2/Matn2/Nkx2-1/Ablim1/Nptn/Chl1/Bmp7/Flrt3/Epha7/Dlx5/Alcam/Epha6/Sema6b/Ptprm/Bdnf/Lgr4/Wnt7b/Tgfb2/Nrcam/Apbb1/Ephb3/Plxna1/Efnb2/Cyfip2/Lama3/Tubb3/Slit2/Kif5c/Ephb2/Efnb1/Myh10/Lrp2/Ephb6/Sema5a/Gli3/Ulk1"
"GO:0007411","GO:0007411","axon guidance",173,0.427253700279075,2.08131010704679,9.53257432167447e-09,4.12624288495338e-06,3.32278304926939e-06,2270,"tags=41%, list=22%, signal=33%","Cdh4/Sema3f/Epha4/Robo1/Bcl11b/Foxp1/Dscaml1/Dscam/Cntn5/Unc5c/Ext1/Cntn2/Klf7/Unc5a/Nfasc/Boc/Sema4g/Plxna4/Kalrn/Epha3/Cntn6/Ntn1/Flrt2/Sema3a/Slit3/Ptpro/Trio/Ephb1/Lmo4/Neo1/Agrn/Epha5/Ank3/Bmpr2/Lama1/Crppa/Robo2/Matn2/Nkx2-1/Ablim1/Nptn/Chl1/Bmp7/Flrt3/Epha7/Dlx5/Alcam/Epha6/Sema6b/Ptprm/Bdnf/Lgr4/Wnt7b/Tgfb2/Nrcam/Apbb1/Ephb3/Efnb2/Cyfip2/Lama3/Tubb3/Slit2/Kif5c/Ephb2/Efnb1/Myh10/Lrp2/Ephb6/Sema5a/Gli3/Ulk1"
"GO:0060078","GO:0060078","regulation of postsynaptic membrane potential",120,0.475749146907364,2.2279203956164,1.23282918136879e-08,4.66934052443429e-06,3.76012900317481e-06,2256,"tags=42%, list=22%, signal=33%","Kcnd2/Dpp6/Ghrl/Grid1/Dbn1/Gabra5/Ppp3ca/Atxn1/Kctd16/Gabrb3/Begain/Nlgn1/Glra3/Wnt7a/Cux2/Ano6/Cntnap2/Fgf14/Nrxn1/Grid2/Gabra1/Gabra3/Slc8a3/Nr3c2/Met/Insyn2a/Gria1/Adora2a/Gabrg3/Grin2b/Pclo/Nlgn4l/Chrm5/Ntsr1/Gria2/Adrb2/Bdnf/Gabre/Gria4/Adora1/Adrb1/Gsk3b/Trpv1/Prkn/Grip2/Glra1/Gabra2/Mtmr2/Kcna2/Afdn"
"GO:0099054","GO:0099054","presynapse assembly",39,0.66384291302446,2.46362672215672,9.35503993963289e-08,2.73955389051641e-05,2.20610940358417e-05,1336,"tags=56%, list=13%, signal=49%","Lrrtm3/Pcdh17/Cadm1/Il1rapl1/Cntn5/Ntrk3/Lrfn5/Nlgn1/Wnt7a/Il1rapl2/Mdga2/Nrxn1/Ptprs/Grid2/Clstn3/Gpc4/Arf6/Pclo/Nlgn4l/Fzd1/Slitrk1/Bsn"
"GO:0051965","GO:0051965","positive regulation of synapse assembly",58,0.580812492325086,2.36143983602015,8.31626159858884e-08,2.73955389051641e-05,2.20610940358417e-05,2105,"tags=62%, list=21%, signal=50%","Asic2/Lrrtm3/Ghrl/Adgrl3/Il1rapl1/Ntrk3/Adgrb3/Nlgn1/Wnt7a/Adgrl2/Cux2/St8sia2/Adgrb2/Adgrb1/Lrrtm4/Nrxn1/Flrt2/Grid2/Ephb1/Agrn/Syndig1/Clstn3/Adnp/Amigo2/Cbln2/Adgrl4/Slitrk4/Flrt3/Slitrk1/Bdnf/Ephb3/Thbs2/Gsk3b/Iqsec1/Slit2/Ephb2"
"GO:0007188","GO:0007188","adenylate cyclase-modulating G protein-coupled receptor signaling pathway",129,0.451264969731085,2.1271500782637,9.94557518009257e-08,2.73955389051641e-05,2.20610940358417e-05,2460,"tags=47%, list=24%, signal=36%","Chrm2/Adcy5/Chrm3/Calcr/Drd2/Pde10a/Adgrl3/Grik3/Calcb/Vipr1/Grm8/Adgrb3/Prkar2a/Ramp3/Adgrl2/Adgrb2/Adgrb1/Grk5/Prkar2b/Htr4/Ramp1/Mtnr1a/Gabbr2/Oprk1/Gnal/Cacna1d/Sstr4/Drd1/Gna13/Adora2a/Akap5/Grm7/Drd5/Adgrl4/Chrm5/Pde3a/Adcy1/Adcy2/Atp2b4/Adrb2/Htr1d/Adgrg2/Calcrl/Gnai1/Gpr61/Adora1/Chga/Adcy9/Adrb1/Cnr1/Grm4/Crhr2/Gna12/Gpr12/Adcyap1r1/Gpr26/Fshr/Npb/Crhr1/Adcy8/Mgrn1"
"GO:0099560","GO:0099560","synaptic membrane adhesion",34,0.663029311740013,2.36813523530357,1.9287045557924e-07,4.49536523388535e-05,3.62003008933342e-05,1321,"tags=65%, list=13%, signal=57%","Pcdh17/Cdh6/Tenm4/Cadm1/Il1rapl1/Tenm3/Lrrc4c/Elfn1/Lrfn5/Nlgn1/Ptprf/Epha3/Mdga2/Nrxn1/Ptprs/Ntng1/Cdh9/Gpc4/Magi2/Elfn2/Flrt3/Slitrk1"
"GO:0006813","GO:0006813","potassium ion transport",153,0.417242219151817,2.00476647876392,1.91367216966575e-07,4.49536523388535e-05,3.62003008933342e-05,1871,"tags=35%, list=18%, signal=29%","Kcnd2/Dpp6/Kcnq1/Drd2/Kcnc1/Kcne2/Kcnq5/Slc24a4/Kcnj12/Kcnk2/Kcnq2/Kcnf1/Ano6/Kcnd3/Kcnh1/Kcnip2/Kcng1/Cnga4/Oprk1/Akap9/Kcnk9/Kcng2/Cdkn1b/Agrn/Kcnip1/Cacna1d/Kcnip4/Ank3/Wnk2/Nr3c2/Akap5/Kcnk13/Kcnj6/Atp1b1/Nalcn/Rnf207/Kcnk3/Ank2/Kcnt2/Kcnb1/Kcnq3/Kcnv1/Dpp10/Lrrc38/Adrb2/Large1/Kcnc2/Abcb8/Kcnk5/Kcnma1/Akap7/Adora1/Atp1a1/Hcn4"
"GO:0071805","GO:0071805","potassium ion transmembrane transport",131,0.434780623876278,2.0539786765873,6.22243483567718e-07,0.000134671268229299,0.000108448149993231,1630,"tags=34%, list=16%, signal=29%","Kcnd2/Dpp6/Kcnq1/Kcnc1/Kcne2/Kcnq5/Slc24a4/Kcnj12/Kcnk2/Kcnq2/Kcnf1/Ano6/Kcnd3/Kcnh1/Kcnip2/Kcng1/Oprk1/Akap9/Kcnk9/Kcng2/Agrn/Kcnip1/Cacna1d/Kcnip4/Ank3/Wnk2/Nr3c2/Kcnk13/Kcnj6/Atp1b1/Nalcn/Rnf207/Kcnk3/Ank2/Kcnt2/Kcnb1/Kcnq3/Kcnv1/Dpp10/Lrrc38/Large1/Kcnc2/Abcb8/Kcnk5/Kcnma1"
"GO:0099172","GO:0099172","presynapse organization",51,0.572510140654536,2.23907293539409,6.8981566367335e-07,0.000139342764062017,0.000112210014624198,1336,"tags=49%, list=13%, signal=43%","Lrrtm3/Pcdh17/Cadm1/Il1rapl1/Cntn5/Ntrk3/Lrfn5/Nlgn1/Wnt7a/Il1rapl2/Mdga2/Nrxn1/Ptprs/Cap2/Grid2/Arhgef7/Clstn3/Gpc4/Cacna2d3/Arf6/Pclo/Nlgn4l/Fzd1/Slitrk1/Bsn"
"GO:0043266","GO:0043266","regulation of potassium ion transport",73,0.518213113608429,2.22219154114469,8.7659048270825e-07,0.000166004322662875,0.000133680048613008,1452,"tags=36%, list=14%, signal=31%","Dpp6/Kcnq1/Drd2/Kcnc1/Kcne2/Kcnf1/Ano6/Kcnip2/Kcng1/Oprk1/Akap9/Agrn/Kcnip1/Cacna1d/Kcnip4/Ank3/Wnk2/Nr3c2/Akap5/Atp1b1/Rnf207/Ank2/Dpp10/Lrrc38/Adrb2/Kcnc2"
"GO:1903522","GO:1903522","regulation of blood circulation",172,0.390019855039424,1.89905322202368,1.17966288966514e-06,0.00021025756209914,0.000169316320634291,1385,"tags=28%, list=14%, signal=25%","Asic2/Kcnd2/Chrm2/Ghrl/Kcnq1/Chrm3/Drd2/Fgf13/Cacna1h/Adra2c/Kcne2/Egfr/Arhgap42/Popdc2/Kcnd3/Htr2c/Cacna1c/Dock5/Rbfox2/Thrb/Cacna1g/Kcnip2/Cacna1e/Sema3a/Dock4/Cacna1b/Add3/Itga9/Akap9/Agrn/Kcnip1/Smad6/Cacna1d/Bmpr2/Hdac4/Tacr1/Drd1/Cacnb2/Dmd/Scn2b/Atp1b1/Adra2b/Rnf207/Ank2/Srebf1/Rnls/Atp2b4/Slc8a1/Adrb2"
"GO:0016072","GO:0016072","rRNA metabolic process",180,-0.389802201981692,-1.88843161734014,1.41248581156433e-06,0.000237768444946662,0.000191470298900942,3072,"tags=46%, list=30%, signal=32%","Mak16/Polr1d/Nol11/Nol7/Mphosph6/Pwp1/Nop2/Gar1/Rpl7/Bop1/Rps17/Riok1/Myg1/Mrto4/Nop14/Mrm3/Macroh2a1/Mrm2/Ippk/Xrn1/Ddx52/Exosc7/Nol8/Imp4/Gtf2h5/Pop5/Cavin1/Naf1/Zcchc4/Polr1a/Ddx11/Pwp2/Rpusd2/Rpl5/Rps14/Nvl/Polr2e/Dis3l/Mettl5/Exosc10/Nat10/Riok3/Ercc3/Rpl7l1/Rps8/Pin4/Rpl14/Mphosph10/Las1l/Smarcb1/Utp18/Pak1ip1/Ddx21/Rpl35a/Rpf2/Taf9/Rpp30/Eif6/Ubtf/Ngdn/Utp11/Rpp25/Ddx18/Rrp7a/Tbl3/Rpl27/Lsm6/Znhit3/Dcaf13/Rpl26/Eri1/Exosc9/Frg1/Rpf1/Rexo5/Mettl18/Pop4/Rps16/Eif4a3/Rps28/Rps21/Bud23"
"GO:0048813","GO:0048813","dendrite morphogenesis",160,0.398104143532286,1.93155563517138,1.56373243121016e-06,0.000249374171924568,0.000200816164850147,1254,"tags=26%, list=12%, signal=23%","Epha4/Robo1/Phactr1/Lzts3/Dscam/Il1rapl1/Dbn1/Ppp3ca/Adgrb3/Klf7/Ngef/Nlgn1/Wnt7a/Cux2/Kalrn/Ctnna2/Ptprf/Cntnap2/Rbfox2/Lrp8/Ppfia2/Cdkl5/Sema3a/Abi2/Ephb1/Cask/Itpka/Hecw2/Ss18l1/Epha5/Cux1/Fyn/Met/Akap5/Trpc5/Ctnnd2/Hecw1/Ptprz1/Tet1/Grip1/Dnm3"
"GO:0032409","GO:0032409","regulation of transporter activity",124,0.42879374877961,2.01352010220463,2.12759686520973e-06,0.000322330925079273,0.000259566817555586,1173,"tags=27%, list=11%, signal=24%","Cftr/Kcnq1/Chrm3/Drd2/Bcl2/Fgf13/Kcne2/Cnih3/Prkcd/Nlgn1/Fgf14/Cacng4/Cacng2/Shisa9/Plcb1/Akap9/Gsg1l/Cacng3/Agrn/Slc5a1/Cacna1d/Ank3/Wnk2/Nr3c2/Cacnb2/Fgf12/Dmd/Scn2b/Atp1b1/Rnf207/Ank2/Jph3/Cbarp"
"GO:1901379","GO:1901379","regulation of potassium ion transmembrane transport",57,0.549937688804512,2.20922199736845,2.42436587119414e-06,0.000349801361415155,0.000281688225033986,1452,"tags=39%, list=14%, signal=33%","Dpp6/Kcnq1/Kcnc1/Kcne2/Ano6/Kcnip2/Kcng1/Oprk1/Akap9/Agrn/Kcnip1/Cacna1d/Kcnip4/Ank3/Wnk2/Nr3c2/Atp1b1/Rnf207/Ank2/Dpp10/Lrrc38/Kcnc2"
"GO:1901890","GO:1901890","positive regulation of cell junction assembly",89,0.477270745304882,2.10606388159501,2.60038570325257e-06,0.000358144030947967,0.000288406414360739,1321,"tags=37%, list=13%, signal=33%","Asic2/Lrrtm3/Ghrl/Adgrl3/Il1rapl1/Ntrk3/Adgrb3/Nlgn1/Wnt7a/Adgrl2/Cux2/St8sia2/Adgrb2/Adgrb1/Cntnap2/Lrrtm4/Nrxn1/Flrt2/Grid2/Ephb1/Agrn/Myoc/Syndig1/Clstn3/Smad3/Map4k4/Adnp/Amigo2/Cbln2/Adgrl4/Slitrk4/Flrt3/Slitrk1"
"GO:0140236","GO:0140236","translation at presynapse",29,-0.667622305062259,-2.28088104607401,3.44307865839231e-06,0.000377880626446273,0.00030429991040558,2319,"tags=76%, list=23%, signal=59%","Rps10/Rpl13/Rpl10a/Rpl5/Rps14/Rpl4/Rpl12/Rpl14/Rplp2/Rps12/Rpl34/Rpl38/Rpl35a/Rpl8/Rpl27/Rpl37a/Rpl26/Rps15a/Rpl24/Rps16/Rps28/Rpl29"
"GO:0009187","GO:0009187","cyclic nucleotide metabolic process",22,0.723747098319305,2.28001032540414,3.49196618498206e-06,0.000377880626446273,0.00030429991040558,1270,"tags=59%, list=12%, signal=52%","Pde7b/Pde1a/Adcy5/Pde10a/Pde8a/Ampd2/Pde7a/Pde9a/Atp2b2/Rora/Gucy1a1/Adcy1/Adcy2"
"GO:0098900","GO:0098900","regulation of action potential",49,0.553897185557494,2.14627628372349,3.057679240319e-06,0.000377880626446273,0.00030429991040558,1871,"tags=47%, list=18%, signal=39%","Foxp1/Fgf13/Kcnq2/Pawr/Cntnap2/Cacna1c/Akap9/Kcnk9/Kcnip1/Ank3/Tacr1/Fgf12/Rnf207/Kcnk3/Ank2/Kcnb1/Kcnq3/Kcnc2/Cacna2d1/Mtnr1b/Gba1/Cnr1/Hcn4"
"GO:0035176","GO:0035176","social behavior",48,0.557245906522547,2.14354415584975,3.1284889472241e-06,0.000377880626446273,0.00030429991040558,1591,"tags=42%, list=16%, signal=35%","Kcnq1/Grid1/Dscam/Nrxn3/Ext1/Atxn1/Gabrb3/Kcnq2/Brinp3/Kalrn/Cntnap2/Nrxn1/Negr1/Gnb1l/Drd1/Vps13b/Nlgn4l/Brinp1/Shank2/Ulk4"
"GO:0035249","GO:0035249","synaptic transmission, glutamatergic",93,0.454080597404302,2.02167276605598,3.18390318802909e-06,0.000377880626446273,0.00030429991040558,2007,"tags=41%, list=20%, signal=33%","Drd2/Grik3/Grid1/Dscam/Grm5/Egfr/Cnih3/Ext1/Grm8/Cckbr/Unc13c/Nlgn1/Cacng4/Cacng2/Nrxn1/Syt1/Grid2/Cacng3/Grik4/Pla2g6/Drd1/Gria1/Adora2a/Clstn3/Grm7/Grin2b/Nr3c1/Gria2/Adrb2/Shank2/Cdh2/Grin3b/Tnr/Gria4/Adora1/Cnr1/Grm4/Prkn"
"GO:0006364","GO:0006364","rRNA processing",157,-0.397197840486088,-1.88613299201168,3.46231751217402e-06,0.000377880626446273,0.00030429991040558,2962,"tags=44%, list=29%, signal=32%","Nol11/Nol7/Mphosph6/Pwp1/Nop2/Gar1/Rpl7/Bop1/Rps17/Riok1/Myg1/Mrto4/Nop14/Mrm3/Mrm2/Ddx52/Exosc7/Nol8/Imp4/Gtf2h5/Pop5/Naf1/Zcchc4/Pwp2/Rpusd2/Rpl5/Rps14/Nvl/Mettl5/Exosc10/Nat10/Riok3/Rpl7l1/Rps8/Pin4/Rpl14/Mphosph10/Las1l/Utp18/Pak1ip1/Ddx21/Rpl35a/Rpf2/Taf9/Rpp30/Eif6/Ngdn/Utp11/Rpp25/Ddx18/Rrp7a/Tbl3/Rpl27/Lsm6/Znhit3/Dcaf13/Rpl26/Eri1/Exosc9/Frg1/Rpf1/Rexo5/Mettl18/Pop4/Rps16/Eif4a3/Rps28/Rps21/Bud23"
"GO:0052652","GO:0052652","cyclic purine nucleotide metabolic process",21,0.729197795045135,2.27675328298736,3.67655272749816e-06,0.000384136371183428,0.00030933753983088,1270,"tags=62%, list=12%, signal=54%","Pde7b/Pde1a/Adcy5/Pde10a/Pde8a/Ampd2/Pde7a/Pde9a/Atp2b2/Rora/Gucy1a1/Adcy1/Adcy2"
"GO:0140241","GO:0140241","translation at synapse",30,-0.661180608244844,-2.26422263475389,4.18065584670922e-06,0.00040862539404932,0.000329058073095822,2319,"tags=73%, list=23%, signal=57%","Rps10/Rpl13/Rpl10a/Rpl5/Rps14/Rpl4/Rpl12/Rpl14/Rplp2/Rps12/Rpl34/Rpl38/Rpl35a/Rpl8/Rpl27/Rpl37a/Rpl26/Rps15a/Rpl24/Rps16/Rps28/Rpl29"
"GO:0140242","GO:0140242","translation at postsynapse",30,-0.661180608244844,-2.26422263475389,4.18065584670922e-06,0.00040862539404932,0.000329058073095822,2319,"tags=73%, list=23%, signal=57%","Rps10/Rpl13/Rpl10a/Rpl5/Rps14/Rpl4/Rpl12/Rpl14/Rplp2/Rps12/Rpl34/Rpl38/Rpl35a/Rpl8/Rpl27/Rpl37a/Rpl26/Rps15a/Rpl24/Rps16/Rps28/Rpl29"
"GO:1905606","GO:1905606","regulation of presynapse assembly",26,0.67216809748455,2.22899964660982,5.2133016074476e-06,0.000475767179593813,0.0003831260456135,1321,"tags=58%, list=13%, signal=50%","Lrrtm3/Il1rapl1/Ntrk3/Lrfn5/Nlgn1/Wnt7a/Il1rapl2/Mdga2/Nrxn1/Grid2/Clstn3/Gpc4/Arf6/Fzd1/Slitrk1"
"GO:0022898","GO:0022898","regulation of transmembrane transporter activity",116,0.423248427297199,1.96295682987931,5.25492183445764e-06,0.000475767179593813,0.0003831260456135,1385,"tags=28%, list=14%, signal=25%","Cftr/Kcnq1/Chrm3/Drd2/Bcl2/Fgf13/Kcne2/Cnih3/Nlgn1/Fgf14/Cacng4/Cacng2/Shisa9/Plcb1/Akap9/Gsg1l/Cacng3/Agrn/Cacna1d/Ank3/Wnk2/Nr3c2/Cacnb2/Fgf12/Dmd/Scn2b/Atp1b1/Rnf207/Ank2/Jph3/Cbarp/Lrrc38/Adrb2"
"GO:0001764","GO:0001764","neuron migration",154,0.387837623574027,1.86919212765002,5.33864161920451e-06,0.000475767179593813,0.0003831260456135,2158,"tags=40%, list=21%, signal=32%","Auts2/Drd2/Phactr1/Fgf13/Adgrl3/Unc5c/Prkg1/Cntn2/Ntrk3/Fat3/Plxnb2/Ctnna2/Kirrel3/Mdga2/Kif26a/Cdkl5/Ntn1/Flrt2/Sema3a/Cep85l/Nde1/Abi2/Dab1/Astn2/Ntng1/Neo1/Zmiz1/Fyn/Spock1/Met/Drd1/Matn2/Nkx2-1/Nr2f2/Chl1/Ptk2/Astn1/Unk/Sox1/Filip1/Ptprz1/Mrtfa/Mrtfb/Large1/Dab2ip/Ulk4/Celsr1/Sh3rf1/Apbb1/Fkrp/Plxna1/Dclk1/Gsk3b/Tyro3/Vrk1/Gas6/Pex2/Acap3/Myh10/Pomgnt2/Srf"
"GO:0051703","GO:0051703","biological process involved in intraspecies interaction between organisms",49,0.541982686418943,2.10010921950962,7.43844885395963e-06,0.000643957143642791,0.000518566148676043,1591,"tags=41%, list=16%, signal=35%","Kcnq1/Grid1/Dscam/Nrxn3/Ext1/Atxn1/Gabrb3/Kcnq2/Brinp3/Kalrn/Cntnap2/Nrxn1/Negr1/Gnb1l/Drd1/Vps13b/Nlgn4l/Brinp1/Shank2/Ulk4"
"GO:0099558","GO:0099558","maintenance of synapse structure",36,0.614441867367121,2.2274542968994,9.64117547023352e-06,0.000730319041870189,0.000588111703684245,1427,"tags=53%, list=14%, signal=46%","Adgrl3/Cadm1/C1ql1/Adgrb3/Nlgn1/Plxna4/Cntnap2/Nrxn1/Sema3a/Dlg2/Erc1/Cbln2/Arf6/Rimbp2/Pclo/Rapsn/Grn/Bsn/Ctbp2"
"GO:0007189","GO:0007189","adenylate cyclase-activating G protein-coupled receptor signaling pathway",83,0.462463084024899,2.00267875607086,9.16284620811048e-06,0.000730319041870189,0.000588111703684245,1861,"tags=42%, list=18%, signal=35%","Adcy5/Calcr/Pde10a/Adgrl3/Calcb/Vipr1/Adgrb3/Prkar2a/Ramp3/Adgrl2/Adgrb2/Adgrb1/Grk5/Prkar2b/Htr4/Ramp1/Gnal/Sstr4/Drd1/Gna13/Adora2a/Drd5/Adgrl4/Pde3a/Adcy1/Adcy2/Atp2b4/Adrb2/Adgrg2/Calcrl/Gpr61/Chga/Adcy9/Adrb1/Cnr1"
"GO:0032412","GO:0032412","regulation of monoatomic ion transmembrane transporter activity",111,0.431728878318861,1.99535657185876,9.20183704303861e-06,0.000730319041870189,0.000588111703684245,1385,"tags=29%, list=14%, signal=25%","Cftr/Kcnq1/Chrm3/Drd2/Fgf13/Kcne2/Cnih3/Nlgn1/Fgf14/Cacng4/Cacng2/Shisa9/Plcb1/Akap9/Gsg1l/Cacng3/Agrn/Cacna1d/Ank3/Wnk2/Nr3c2/Cacnb2/Fgf12/Dmd/Scn2b/Atp1b1/Rnf207/Ank2/Jph3/Cbarp/Lrrc38/Adrb2"
"GO:0099175","GO:0099175","regulation of postsynapse organization",153,0.379986029743207,1.82575784487089,9.51653759689341e-06,0.000730319041870189,0.000588111703684245,1254,"tags=25%, list=12%, signal=23%","Asic2/Sema3f/Epha4/Ghrl/Dgkb/Grid1/Lzts3/Il1rapl1/Rps6ka5/Dbn1/Elmo1/Ngef/Nlgn1/Wnt7a/Cux2/Kalrn/Ptprf/Htr4/Nckipsd/Lrp8/Ppfia2/Cdkl5/Nrxn1/Flrt2/Dock4/Ptprs/Abi2/Grid2/Cask/Itpka/Pum2/Syndig1/Fyn/Gna13/Psd/Grin2b/Epha7/Lats1/Dnm3"
"GO:1904062","GO:1904062","regulation of monoatomic cation transmembrane transport",196,0.362424537027951,1.80377666266626,9.00316297218232e-06,0.000730319041870189,0.000588111703684245,1566,"tags=28%, list=15%, signal=24%","Dpp6/Chd7/Kcnq1/Drd2/Bcl2/Fgf13/Kcnc1/Kcne2/Ppp3ca/Ano6/Cacna1c/Fgf14/Kcnip2/Kcng1/Plcb1/Plcg1/Oprk1/Akap9/Prkd1/Agrn/Kcnip1/Cacna1d/Kcnip4/Ank3/Wnk2/Fyn/Nr3c2/Drd1/Cacnb2/Akap5/Fgf12/Dmd/Prkce/Scn2b/Atp1b1/Grin2b/Ptpn6/Rnf207/Ank2/Ubash3b/Jph3/Cbarp/Ntsr1/Atp2b4/Slc8a1/Dpp10/Lrrc38/Adrb2/Pik3c2a/Kcnc2/Rgs9/Cemip/Cacna2d1/Tgfb2"
"GO:0050773","GO:0050773","regulation of dendrite development",110,0.430579721585343,1.97824463559602,1.1182691753368e-05,0.000826428195431831,0.000665506533615071,2797,"tags=49%, list=27%, signal=36%","Epha4/Robo1/Il1rapl1/Dbn1/Ppp3ca/Fat3/Adgrb3/Cux2/Kalrn/Ptprf/Lrp8/Csmd3/Cdkl5/Cask/Itpka/Prex1/Hecw2/Ss18l1/Bcl11a/Cux1/Met/Akap5/Trpc5/Crtc1/Arf6/Bmp7/Hecw1/Ptprz1/Grip1/Ezh2/Mfsd2a/Camk1d/Tnik/Dab2ip/Alk/Sipa1l1/Tiam1/Fbxw8/Gsk3b/Ephb2/Caprin2/Abl1/Afdn/Kndc1/Bmp5/Wls/Dhx36/Cul7/Parp6/Grin1/Nedd4/Rapgef2/Anapc2/Nsmf"
"GO:0050905","GO:0050905","neuromuscular process",134,0.393973670196589,1.86623582012092,1.25467994674805e-05,0.000905161961582525,0.000728909302396489,2573,"tags=46%, list=25%, signal=35%","Adcy5/Drd2/Dbn1/Vti1a/Rbfox1/Itpr1/Ctnna2/Cntnap2/Rbfox2/Kcnh1/Fgf14/Mdga2/Nrxn1/Hipk2/Penk/Grid2/Csmd1/Ap1s2/Prkd1/Atp2b2/Pomk/Slc8a3/Adora2a/Tpp1/Fgf12/Dmd/Bace1/Grin2b/Npas3/Jph3/Gigyf2/Elp6/Ush1c/Igdcc3/Adrb2/Large1/Bcr/Ankfn1/Hexa/Kcnma1/Tnr/Fkrp/Aplp2/Gba1/Bloc1s4/Stac/Prkn/Ei24/Glra1/Myh10/Parp1/Abl1/Mtor/Tshz3/Pmp22/Tnnc1/Clic5/Nbn/Map1a/Rem1/Atp8a2"
"GO:0050954","GO:0050954","sensory perception of mechanical stimulus",133,0.398861310468949,1.88270697443889,1.30893446040038e-05,0.00092234218953794,0.000742744205436493,2572,"tags=40%, list=25%, signal=30%","Asic2/Tbl1x/Chd7/Otog/Kcnq1/Ush2a/Wfs1/Cntn5/Pjvk/Grm8/Kcnk2/Kcnq2/Sobp/Pawr/Cdc14a/Thrb/Atp2b2/Cdkn1b/Cacna1d/Fyn/Tspear/Grm7/Lhfpl4/Bace1/Grin2b/Lhfpl3/Nav2/Pou3f4/Kcnq3/Ush1c/Enpp1/Scn8a/Large1/Whrn/Cemip/Hexa/Kcnma1/Cabp2/Homer2/Fam107b/Trpv1/Mbp/Igf1/Lrp2/Mpv17/Tshz3/Myo3a/Tjp1/Clic5/Scn10a/Map1a/Otos/Myo3b"
"GO:0099565","GO:0099565","chemical synaptic transmission, postsynaptic",95,0.438260179251639,1.95429875928907,1.41234432786446e-05,0.000972591662143023,0.000783209127270289,3094,"tags=52%, list=30%, signal=36%","Ghrl/Dbn1/Ppp3ca/Atxn1/Kcnk2/Gabrb3/Begain/Nlgn1/Glra3/Wnt7a/Cux2/Cntnap2/Nrxn1/Grid2/Slc8a3/Met/Insyn2a/Gria1/Adora2a/Grin2b/Pclo/Nlgn4l/Chrm5/Ntsr1/Gria2/Adrb2/Bdnf/Adora1/Adrb1/Gsk3b/Trpv1/Prkn/Grip2/Glra1/Mtmr2/Afdn/Slc8a2/Fmr1/Glra2/Dgki/Grin1/Glra4/Rims2/Grik2/Rims1/Ppp1r9a/Oprm1/Grin2a/P2rx6"
"GO:0043268","GO:0043268","positive regulation of potassium ion transport",31,0.621653489925938,2.19145300796835,1.73177464215568e-05,0.00115975455661686,0.000933927761764072,1788,"tags=52%, list=17%, signal=43%","Dpp6/Kcnq1/Kcnc1/Ano6/Kcnip2/Oprk1/Akap9/Wnk2/Atp1b1/Rnf207/Ank2/Lrrc38/Adrb2/Kcnc2/Akap7/Adora1"
"GO:0007612","GO:0007612","learning",162,0.379979503579337,1.84860597361243,1.76068348529292e-05,0.00115975455661686,0.000933927761764072,1188,"tags=27%, list=12%, signal=24%","Meis2/Foxp2/Ghrl/Drd2/Fgf13/Grm5/Nrxn3/Gabra5/Cntn2/C1ql1/Atxn1/Adgrb3/Gabrb3/Kcnq2/Ppp1r1b/Kalrn/Htr2c/Cntnap2/Prkar2b/Cacna1c/Nrxn1/Cacna1e/Pias1/Plcb1/Oprk1/Epm2a/Csmd1/Ap1s2/Slc8a3/Tacr1/Drd1/Gria1/Clstn3/Grm7/Nts/Drd5/Nptn/Sorcs3/Ctnnd2/Grin2b/Jph3/Chrd/Ntsr1"
"GO:0086001","GO:0086001","cardiac muscle cell action potential",38,0.574939673926675,2.10971008942378,2.34052065788345e-05,0.00150888884965677,0.0012150788096246,1107,"tags=37%, list=11%, signal=33%","Kcnd2/Kcnq1/Fgf13/Kcne2/Kcnd3/Cacna1c/Akap9/Cacna1d/Ank3/Cacnb2/Dmd/Scn2b/Rnf207/Ank2"
"GO:0090596","GO:0090596","sensory organ morphogenesis",193,0.352885124748078,1.74836346380342,2.41413518333243e-05,0.0015239228344786,0.00122718538486065,1781,"tags=28%, list=17%, signal=24%","Chd7/Kcnq1/Bcl2/Sdk2/Six3/Dscam/Tenm3/Prox1/Fat3/Pou2f1/Sox11/Sobp/Tsku/Megf11/Arid1a/Zhx2/Thrb/Sox12/Ntn1/Hipk2/Abi2/Ephb1/Meis1/Bcar3/Atp2b2/Col8a2/Bmp7/Rpgr/Sp3/Sox1/Olfm3/Tshz1/Ski/Sox8/Col5a1/Eya1/Pou3f4/Dlx5/Notch2/Ush1c/Enpp1/Sox4/Large1/Whrn/Mfsd2a/Ptprm/Bdnf/Bcr/Mfap5/Celsr1/Mafb/Lrp5/Zeb1/Rarb"
"GO:1901381","GO:1901381","positive regulation of potassium ion transmembrane transport",24,0.674368695939173,2.1873460593394,2.51706130744831e-05,0.00155646852276906,0.00125339379391304,1740,"tags=58%, list=17%, signal=49%","Dpp6/Kcnq1/Kcnc1/Ano6/Kcnip2/Oprk1/Akap9/Wnk2/Atp1b1/Rnf207/Ank2/Lrrc38/Kcnc2/Akap7"
"GO:2000649","GO:2000649","regulation of sodium ion transmembrane transporter activity",25,0.657110708248545,2.16656088408452,2.66471600543149e-05,0.00161481789929148,0.00130038141065057,1010,"tags=44%, list=10%, signal=40%","Kcnq1/Fgf13/Fgf14/Plcb1/Agrn/Ank3/Wnk2/Fgf12/Dmd/Scn2b/Atp1b1"
"GO:0030278","GO:0030278","regulation of ossification",92,0.436741172496216,1.93406976672757,2.85095249752314e-05,0.00169380118970493,0.00136398511646205,2624,"tags=47%, list=26%, signal=35%","Calcr/Bcl2/Ank/Acvr2b/Asxl2/Gfra4/Sox11/Ano6/Thrb/Bcor/Chsy1/Acvr2a/Smad6/Bmpr2/Tacr1/Smad3/Cd276/Bmp7/Bmp6/Zbtb16/Fam20c/Enpp1/Slc8a1/Adrb2/Bmpr1a/Pbx1/Dhrs3/Acvr1/Lrp4/Atraid/Rxra/Mkx/Nell1/Notum/Lrp6/Tent5a/Kremen1/Tob2/Slc20a2/Ccdc134/Fgfr3/P3h1/Ddr2"
"GO:0007605","GO:0007605","sensory perception of sound",107,0.419911819361535,1.92182658174738,3.41980904642478e-05,0.00195509837937115,0.00157440265533518,1768,"tags=32%, list=17%, signal=27%","Asic2/Tbl1x/Chd7/Otog/Kcnq1/Ush2a/Wfs1/Cntn5/Pjvk/Kcnq2/Sobp/Cdc14a/Thrb/Atp2b2/Cdkn1b/Cacna1d/Tspear/Grm7/Lhfpl4/Lhfpl3/Nav2/Pou3f4/Kcnq3/Ush1c/Enpp1/Scn8a/Large1/Whrn/Cemip/Hexa/Kcnma1/Cabp2/Homer2/Fam107b"
"GO:0022409","GO:0022409","positive regulation of cell-cell adhesion",139,0.37545751312053,1.78733146523995,3.38192235709318e-05,0.00195509837937115,0.00157440265533518,2273,"tags=37%, list=22%, signal=29%","Foxo3/Igfbp2/B2m/Nck2/Ppp3ca/Magi1/Rap1gap/Arid1a/Pawr/Rasgrp1/Sox12/Adk/St3gal4/Ambra1/Sox13/Ep300/Zmiz1/Ank3/Kif26b/Mex3b/Socs1/Cd276/Bmp7/Ap3d1/Slc4a1/Arid2/Ets1/Itpkb/Egr3/Fbxo38/Sox4/Fcho1/Rhoh/Smarca4/Pbrm1/Cd74/Flot2/Sash3/Efnb2/Ptprc/Nfat5/Pik3r6/Efnb1/Smarcd2/Igf1/Abl1/Ephb6/Irf1/Afdn/Gli3/Nfkbiz"
"GO:0019226","GO:0019226","transmission of nerve impulse",70,0.474542053189852,2.00435104567206,3.70569009441094e-05,0.00207930388630836,0.00167442293154864,1663,"tags=40%, list=16%, signal=34%","Kcnd2/Dpp6/Ghrl/Ntrk3/Kcnk2/Kcnq2/Nfasc/Pawr/Cntnap2/Cacng4/Cacng2/Cacna1e/Penk/Cacng3/Ank3/Drd1/Cacna1i/Gria1/Fgf12/Grm7/Drd5/Chrm5/Kcnq3/Scn8a/Kcnma1/Nrcam/Mtnr1b/Tnr"
"GO:0048592","GO:0048592","eye morphogenesis",116,0.400246053732793,1.85627559167596,3.91343860296256e-05,0.00215594890308665,0.00173614367113248,1781,"tags=34%, list=17%, signal=29%","Bcl2/Sdk2/Six3/Dscam/Tenm3/Prox1/Fat3/Pou2f1/Sox11/Tsku/Megf11/Arid1a/Zhx2/Thrb/Sox12/Hipk2/Abi2/Ephb1/Meis1/Bcar3/Col8a2/Bmp7/Rpgr/Sp3/Sox1/Olfm3/Ski/Sox8/Col5a1/Notch2/Ush1c/Sox4/Large1/Mfsd2a/Ptprm/Bdnf/Mfap5/Lrp5/Zeb1/Rarb"
"GO:0048814","GO:0048814","regulation of dendrite morphogenesis",79,0.452562342758734,1.95220936152381,4.27975687220306e-05,0.0023156541647813,0.00186475120860276,2797,"tags=51%, list=27%, signal=37%","Epha4/Robo1/Il1rapl1/Dbn1/Ppp3ca/Adgrb3/Cux2/Kalrn/Ptprf/Lrp8/Cdkl5/Cask/Itpka/Hecw2/Ss18l1/Cux1/Met/Akap5/Trpc5/Hecw1/Ptprz1/Grip1/Tnik/Sipa1l1/Tiam1/Fbxw8/Gsk3b/Ephb2/Caprin2/Afdn/Kndc1/Wls/Dhx36/Cul7/Parp6/Grin1/Nedd4/Rapgef2/Anapc2/Nsmf"
"GO:0060996","GO:0060996","dendritic spine development",114,0.407892424749968,1.88405451389927,4.43086045098525e-05,0.00235535213447111,0.00189671921059719,2256,"tags=37%, list=22%, signal=29%","Epha4/Lzts3/Dscam/Il1rapl1/Nck2/Arid1b/Dbn1/Ngef/Nlgn1/Wnt7a/Cux2/Kalrn/Pak4/Crebbp/Cntnap2/Lrp8/Ppfia2/Cdkl5/Ptprs/Abi2/Ephb1/Cask/Itpka/Epha5/Arf6/Ctnnd2/Nr3c1/Grn/Dnm3/Pbrm1/Ulk4/Sipa1l1/Ephb3/Tiam1/D16Ertd472e/Mapk6/Iqsec1/Ephb2/Caprin2/Mtor/Uba6/Afdn"
"GO:0034332","GO:0034332","adherens junction organization",43,0.546208375319419,2.03964941820943,5.38207910127702e-05,0.00263027414143054,0.00211810854953483,2393,"tags=56%, list=23%, signal=43%","Cdh4/Cdh6/Epha4/Plekha7/Cdh22/Abi2/Cdh9/Cdh18/Cdh20/Bmp6/Mtss1/Tbcd/Cdh2/Cdh10/Cdh15/Vcl/Efnb2/Cdh7/Add1/Afdn/Zfp703/Cdh8/Tjp1/Kifc3"
"GO:0002792","GO:0002792","negative regulation of peptide secretion",51,0.510205974352059,1.99540288900735,5.27257184385071e-05,0.00263027414143054,0.00211810854953483,2201,"tags=49%, list=21%, signal=39%","Ghrl/Kcnq1/Drd2/Foxo1/Ppp3ca/Klf7/Kalrn/Mtnr1a/Stxbp5l/Map4k4/Kcnj6/Pfkl/Srebf1/Kcnb1/Pde1c/Sirt4/Cd74/Mtnr1b/Irs1/Chga/Vsnl1/Prkn/Crhr2/Jagn1/Madd"
"GO:0034331","GO:0034331","cell junction maintenance",50,0.508194648139507,1.97835772462034,5.15504093898479e-05,0.00263027414143054,0.00211810854953483,1795,"tags=48%, list=18%, signal=40%","Adgrl3/Cadm1/Plekha7/C1ql1/Adgrb3/Nlgn1/Plxna4/Cntnap2/Nrxn1/Sema3a/Dlg2/Erc1/Cbln2/Arf6/Rimbp2/Pclo/Rapsn/Grn/Bsn/Ctbp2/Whrn/Mtss1/Kirrel1/Dgkz"
"GO:0031214","GO:0031214","biomineral tissue development",116,0.39803696228779,1.84603018765287,5.32578433774773e-05,0.00263027414143054,0.00211810854953483,2654,"tags=42%, list=26%, signal=32%","Cftr/Ank/Acvr2b/Asxl2/Foxo1/Smpd3/Ano6/Bcor/Gpc3/Acvr2a/Atp2b2/Tcf7l2/Bmpr2/Smad3/Tspear/Cd276/Bmp7/Bmp6/Fbxo5/Fam20c/Enpp1/Slc8a1/Axin2/Adrb2/Bmpr1a/Lgr4/Acvr1/Klf10/Mtss1/Fkrp/Atraid/Rxra/Itgb1bp1/Gas6/Eif2ak3/Igf1/Wnt11/Hey2/Nell1/Notum/Snx10/Tent5a/Nectin1/Wls/Slc20a2/Fgfr3/Ddr2/Hacd1/Pth1r"
"GO:0090087","GO:0090087","regulation of peptide transport",179,0.351225505138107,1.72280635582663,5.05788277753987e-05,0.00263027414143054,0.00211810854953483,1952,"tags=32%, list=19%, signal=27%","Cftr/Adcy5/Chd7/Ghrl/Kcnq1/Chrm3/Abcg1/Drd2/Hnf4a/Foxo1/Egfr/Ppp3ca/Cckbr/Klf7/Capn10/Pex5l/Itpr1/Kalrn/Htr2c/Cacna1c/Cacna1e/Mtnr1a/Plcb1/Cask/Prkd1/Tcf7l2/Cacna1d/Epha5/Arhgef7/Pla2g6/Doc2b/Stxbp5l/Map4k4/Abca12/Prkce/Kcnj6/Sybu/Pfkl/Srebf1/Kcnb1/Gpr68/Pde1c/Brsk2/Sox4/Sirt4/Stxbp4/Ptbp1/Cd74/Mtnr1b/Irs1/Lrp5/Adora1/Chga/Tiam1/Cnr1/Fto/Vsnl1/Tardbp"
"GO:0099174","GO:0099174","regulation of presynapse organization",31,0.599997187144468,2.11511020503873,5.58573096517996e-05,0.00268647060706274,0.00216336246905383,1321,"tags=52%, list=13%, signal=45%","Lrrtm3/Il1rapl1/Ntrk3/Lrfn5/Nlgn1/Wnt7a/Il1rapl2/Mdga2/Nrxn1/Grid2/Clstn3/Gpc4/Cacna2d3/Arf6/Fzd1/Slitrk1"
"GO:0099601","GO:0099601","regulation of neurotransmitter receptor activity",25,0.645674405657137,2.12885423048403,5.69943078284555e-05,0.00269832426125344,0.00217290798595987,1385,"tags=52%, list=14%, signal=45%","Cnih3/Dlgap2/Begain/Nlgn1/Lrp8/Cacng4/Cacng2/Shisa9/Gsg1l/Cacng3/Shisa6/Homer3/Adrb2"
"GO:0002791","GO:0002791","regulation of peptide secretion",178,0.353642813558295,1.73636489476217,5.99836729474851e-05,0.00279616198509046,0.00225169479987483,1952,"tags=33%, list=19%, signal=27%","Cftr/Adcy5/Chd7/Ghrl/Kcnq1/Chrm3/Abcg1/Drd2/Hnf4a/Foxo1/Egfr/Ppp3ca/Cckbr/Klf7/Capn10/Pex5l/Itpr1/Kalrn/Htr2c/Cacna1c/Cacna1e/Mtnr1a/Plcb1/Cask/Prkd1/Tcf7l2/Cacna1d/Epha5/Arhgef7/Pla2g6/Doc2b/Stxbp5l/Map4k4/Abca12/Prkce/Kcnj6/Sybu/Pfkl/Srebf1/Kcnb1/Gpr68/Pde1c/Brsk2/Sox4/Sirt4/Stxbp4/Ptbp1/Cd74/Mtnr1b/Irs1/Lrp5/Adora1/Chga/Tiam1/Cnr1/Fto/Vsnl1/Tardbp"
"GO:0042273","GO:0042273","ribosomal large subunit biogenesis",51,-0.51477251326716,-2.00119953872447,6.11167977389659e-05,0.00280273420424723,0.00225698727998787,3191,"tags=57%, list=31%, signal=39%","Tma16/Mak16/Noc2l/Malsu1/Rsl24d1/Nop2/Nip7/Rpl7/Bop1/Mrto4/Mrm2/Nop16/Rpl5/Nvl/Fastkd2/Zfp622/Rpl7l1/Rpl14/Las1l/Pak1ip1/Rpl35a/Rpf2/Gtf3a/Eif6/Ddx18/Znhit3/Rpl26/Rpf1/Rpl24"
"GO:0050709","GO:0050709","negative regulation of protein secretion",61,0.485396865591399,1.99709766156247,6.19746507209784e-05,0.00280273420424723,0.00225698727998787,2201,"tags=46%, list=21%, signal=36%","Ghrl/Kcnq1/Drd2/Foxo1/Ppp3ca/Klf7/Mtnr1a/Frmd4a/Neo1/Stxbp5l/Map4k4/Kcnj6/Pfkl/Srebf1/Idh2/Kcnb1/Pde1c/Sirt4/Mtnr1b/Irs1/Rab11fip5/Chga/Vsnl1/Prkn/Crhr2/Jagn1/Rhbdf1/Madd"
"GO:1904861","GO:1904861","excitatory synapse assembly",34,0.563023546086513,2.01094563118781,6.59975073923088e-05,0.0028981514115753,0.00233382489909034,1252,"tags=38%, list=12%, signal=34%","Nrxn3/Ntrk3/Plxnb2/Nlgn1/Wnt7a/Cntnap2/Nrxn1/Ptprs/Grid2/Clstn3/Nptn/Ptpn13/Lats1"
"GO:0021953","GO:0021953","central nervous system neuron differentiation",164,0.362504448878863,1.76714243127354,6.51479056749402e-05,0.0028981514115753,0.00233382489909034,1832,"tags=30%, list=18%, signal=25%","Foxp2/Epha4/Robo1/Bcl11b/Drd2/B2m/Prox1/Cntn2/Agbl4/Kcnq2/Wnt7a/Brinp3/Plxna4/Tsku/Nrxn1/Sema3a/Taok1/Grid2/Ephb1/Lmo4/Atp2b2/Zmiz1/Spock1/Drd1/Rora/Robo2/Nkx2-1/Ptk2/Sox1/Ogdh/Zdhhc16/Erbb4/Faim2/Pou3f4/Gigyf2/Dlx5/Lingo1/Gdpd5/Tox/Brinp1/Bmpr1a/Ldb1/Brinp2/Ulk4/Dclk2/Pals1/Gba1/Ephb3/Plxna1/D16Ertd472e"
"GO:0090278","GO:0090278","negative regulation of peptide hormone secretion",50,0.504400443148999,1.96358721340137,7.03665042423216e-05,0.00300819143947946,0.00242243799086795,2201,"tags=48%, list=21%, signal=38%","Ghrl/Kcnq1/Drd2/Foxo1/Ppp3ca/Klf7/Kalrn/Mtnr1a/Stxbp5l/Map4k4/Kcnj6/Pfkl/Srebf1/Kcnb1/Pde1c/Sirt4/Mtnr1b/Irs1/Chga/Vsnl1/Prkn/Crhr2/Jagn1/Madd"
"GO:0033108","GO:0033108","mitochondrial respiratory chain complex assembly",86,-0.44794207642567,-1.96022237226962,7.04889743244361e-05,0.00300819143947946,0.00242243799086795,2727,"tags=50%, list=27%, signal=37%","Tmem186/Sdhaf4/Ndufa2/Fmc1/Cox18/Ndufb3/Smim20/Cox7a2/Ndufa10/Ndufab1/Atpaf2/Ndufb9/Ndufaf6/Cox20/Ndufaf3/Atp23/mt-Nd6/Acad9/Sco2/Surf1/Cox14/Ndufb5/Ndufaf8/Ndufs3/Chchd4/Tmem126a/Tfam/Ndufaf4/Ndufb2/Ndufa12/Atpaf1/Ndufs1/Ndufs6/Samm50/Uqcrc1/Rab5if/Ndufa5/Ndufa8/Uqcc2/Chchd7/Coa3/Uqcc5/Higd1a"
"GO:0099505","GO:0099505","regulation of presynaptic membrane potential",23,0.649269921478973,2.08678613982625,7.7434368649961e-05,0.00325869634735252,0.00262416471535979,2239,"tags=65%, list=22%, signal=51%","Grik3/Kcnc1/Gabra5/Kctd16/Kcnh1/Grik4/Gria1/Kcnj6/Rimbp2/Kctd8/Kcnc2/Grin3b/Glra1/Gabra2/Kcna2"
"GO:0090276","GO:0090276","regulation of peptide hormone secretion",175,0.351043386231332,1.71570550414376,0.000105492169140407,0.00437864756843058,0.00352603962606291,1952,"tags=32%, list=19%, signal=26%","Cftr/Adcy5/Chd7/Ghrl/Kcnq1/Chrm3/Abcg1/Drd2/Hnf4a/Foxo1/Egfr/Ppp3ca/Cckbr/Klf7/Capn10/Pex5l/Itpr1/Kalrn/Htr2c/Cacna1c/Cacna1e/Mtnr1a/Plcb1/Cask/Prkd1/Tcf7l2/Cacna1d/Epha5/Arhgef7/Pla2g6/Doc2b/Stxbp5l/Map4k4/Abca12/Prkce/Kcnj6/Sybu/Pfkl/Srebf1/Kcnb1/Gpr68/Pde1c/Brsk2/Sox4/Sirt4/Stxbp4/Ptbp1/Mtnr1b/Irs1/Lrp5/Chga/Tiam1/Cnr1/Fto/Vsnl1/Tardbp"
"GO:1990806","GO:1990806","ligand-gated ion channel signaling pathway",30,0.58946898556064,2.04729372822341,0.000115787307595955,0.00474102083805059,0.00381785176397473,2074,"tags=47%, list=20%, signal=37%","Chrm3/Grik3/Itpr1/Kalrn/Nrxn1/Plcb1/Gria1/Grin2b/Gria2/Adrb2/Grin3b/Gria4/Tiam1/Cpeb4"
"GO:0010976","GO:0010976","positive regulation of neuron projection development",174,0.342822677070406,1.66732546178956,0.000117860192875046,0.00476155179215186,0.00383438494153483,2392,"tags=37%, list=23%, signal=29%","Il1rapl1/Tenm3/Dbn1/Ptpn5/Igf1r/Ntrk3/Plxnb2/Nlgn1/Cux2/Itpr1/Kalrn/Nckipsd/Epha3/Lrp8/Fut9/Nrxn1/Hspb1/Negr1/Cask/Itpka/Prkd1/Pum2/Bcl11a/Ep300/Fyn/Met/Qki/Adnp/Dmd/Crtc1/Nptn/Magi2/Arf6/Bmp7/Ptprz1/Grn/Ezh2/Cbfa2t2/Fzd1/Tox/Lrrc7/Fbxo38/Ptbp1/Camk1d/Dab2ip/Bdnf/Mob2/Alkal1/Alk/Apbb1/Tiam1/Cnr1/Ptk7/Plppr5/Ephb2/Caprin2/Abl1/Mtor/Lrp6/Afdn/Creb3l2/Fig4/Ret/Bmp5"
"GO:1903039","GO:1903039","positive regulation of leukocyte cell-cell adhesion",117,0.379780956709257,1.76098397253452,0.000121587989865934,0.00482572391450308,0.00388606150210809,2273,"tags=38%, list=22%, signal=30%","Foxo3/Igfbp2/B2m/Nck2/Ppp3ca/Arid1a/Pawr/Rasgrp1/Sox12/Adk/St3gal4/Ambra1/Sox13/Ep300/Zmiz1/Socs1/Cd276/Ap3d1/Slc4a1/Arid2/Ets1/Itpkb/Egr3/Fbxo38/Sox4/Fcho1/Rhoh/Smarca4/Pbrm1/Cd74/Flot2/Sash3/Efnb2/Ptprc/Nfat5/Pik3r6/Efnb1/Smarcd2/Igf1/Abl1/Ephb6/Irf1/Gli3/Nfkbiz"
"GO:0090257","GO:0090257","regulation of muscle system process",170,0.348025127903926,1.69457436420564,0.000122633908058329,0.00482572391450308,0.00388606150210809,1385,"tags=28%, list=14%, signal=25%","Chrm2/Foxo3/Ghrl/Kcnq1/Chrm3/Foxp1/Fgf13/Cacna1h/Adra2c/Prkg1/Foxo1/Dbn1/Ppp3ca/Arhgap42/Pawr/Cacna1c/Pde9a/Dock5/Adk/Dock4/Akap9/Gtf2ird1/Prkd1/Agrn/Nfatc3/Ep300/Slc8a3/Hdac4/Tacr1/Cacnb2/Smad3/Dmd/Setd3/Prok2/Atp1b1/Tead1/Ptk2/Adra2b/Rnf207/Igfbp5/Ctdp1/Ank2/Nr3c1/Gucy1a1/Cald1/Atp2b4/Slc8a1/Adrb2"
"GO:0016339","GO:0016339","calcium-dependent cell-cell adhesion via plasma membrane cell adhesion molecules",22,0.656710093854942,2.06882459116376,0.000127120908005658,0.00493815834945055,0.00397660276325391,2298,"tags=64%, list=22%, signal=49%","Cdh4/Cdh6/Nlgn1/Cdh22/Nrxn1/Cdh9/Cdh18/Cdh20/Cdh2/Cdh10/Cdh15/Cdh7/Arvcf/Cdh8"
"GO:0030534","GO:0030534","adult behavior",133,0.372481374927449,1.75818828253859,0.000136153624635382,0.00522209471702793,0.00420525119127001,1759,"tags=32%, list=17%, signal=27%","Pcdh17/Epha4/Chd7/Otog/Ghrl/Drd2/Nrxn3/Cntn2/Atxn1/Ppp1r1b/Kalrn/Crebbp/Htr2c/Cntnap2/Cacna1c/Ccnd2/Klhl1/Fgf14/Nrxn1/Hipk2/Dab1/Oprk1/Met/Drd1/Btbd9/Fgf12/Grm7/Chl1/Ntsr1/Gigyf2/Slitrk1/Enpp1/Scn8a/Bdnf/Inpp5f/Shank2/Ulk4/Hexa/Kcnma1/Alk/Homer2/Eps8/Fkrp"
"GO:0060079","GO:0060079","excitatory postsynaptic potential",84,0.4283607630118,1.85773410748237,0.000140848867316354,0.0053346508496069,0.00429589045314879,3094,"tags=52%, list=30%, signal=37%","Ghrl/Dbn1/Ppp3ca/Atxn1/Begain/Nlgn1/Glra3/Wnt7a/Cux2/Cntnap2/Nrxn1/Grid2/Slc8a3/Met/Gria1/Adora2a/Grin2b/Pclo/Nlgn4l/Chrm5/Gria2/Adrb2/Bdnf/Adora1/Gsk3b/Trpv1/Prkn/Grip2/Glra1/Mtmr2/Afdn/Slc8a2/Fmr1/Glra2/Dgki/Grin1/Glra4/Rims2/Grik2/Rims1/Ppp1r9a/Oprm1/Grin2a/P2rx6"
"GO:0050919","GO:0050919","negative chemotaxis",32,0.57755903895939,2.05915709723021,0.000152506130764929,0.00565551587410873,0.0045542768095133,1506,"tags=41%, list=15%, signal=35%","Sema3f/Robo1/Unc5c/Sema4g/Plxna4/Ntn1/Flrt2/Sema3a/Slit3/Robo2/Flrt3/Epha7/Lgr4"
"GO:2000628","GO:2000628","regulation of miRNA metabolic process",65,0.467269617646924,1.95221152580002,0.000154920071799018,0.00565551587410873,0.0045542768095133,2475,"tags=49%, list=24%, signal=38%","Foxo3/Ncor2/Egfr/Srebf2/Klf5/Rc3h1/Nfkb1/Smad6/Nfatc3/Ep300/Hdac4/Qki/Smad3/Smad1/Tead1/Nr3c1/Mrtfa/Srebf1/Mrtfb/Notch2/Ets1/Drosha/Bmpr1a/Smarca4/Tgfb2/Atoh8/Ar/Ncor1/Srf/Pax6/Ctcf/Tert"
"GO:0010586","GO:0010586","miRNA metabolic process",75,0.437678086134153,1.88138335285515,0.000154409868221605,0.00565551587410873,0.0045542768095133,2006,"tags=43%, list=20%, signal=35%","Foxo3/Ncor2/Egfr/Srebf2/Klf5/Rc3h1/Ddx17/Nfkb1/Smad6/Nfatc3/Ep300/Hdac4/Qki/Smad3/Smad1/Tead1/Nr3c1/Mrtfa/Srebf1/Mrtfb/Dis3l2/Notch2/Ets1/Drosha/Tut4/Bmpr1a/Smarca4/Tgfb2/Atoh8/Ago4/Ar/Ncor1"
"GO:0046676","GO:0046676","negative regulation of insulin secretion",43,0.528591170878032,1.97386331456659,0.000167330095996578,0.00596482577493683,0.00480335804978411,2122,"tags=51%, list=21%, signal=41%","Ghrl/Kcnq1/Drd2/Foxo1/Ppp3ca/Klf7/Mtnr1a/Stxbp5l/Map4k4/Kcnj6/Pfkl/Srebf1/Kcnb1/Pde1c/Sirt4/Mtnr1b/Irs1/Chga/Vsnl1/Prkn/Crhr2/Jagn1"
"GO:0009201","GO:0009201","ribonucleoside triphosphate biosynthetic process",81,-0.43460902224797,-1.86751887765969,0.000165743246276912,0.00596482577493683,0.00480335804978411,2314,"tags=38%, list=23%, signal=30%","Cad/Ndufa10/Ndufab1/Ndufb9/Nme1/Atpsckmt/Cox11/mt-Nd6/Atp5f1c/Atp5pf/Ndufb5/Ctps1/Ndufs3/Atp5mc3/Atp5mf/Ndufb2/Slc25a13/Dmac2l/Sdhb/Ndufa12/Sdhd/Uck1/Map2k1/Ndufs1/Ndufs6/Ndufa5/Ndufa8/Ndufv3/Atp6v1a/Pid1/Tmsb4x"
"GO:2000630","GO:2000630","positive regulation of miRNA metabolic process",46,0.513264001665736,1.93902696146903,0.000172230465427731,0.00601944243998047,0.00484733978665094,2475,"tags=52%, list=24%, signal=40%","Foxo3/Egfr/Srebf2/Klf5/Nfkb1/Smad6/Smad3/Smad1/Tead1/Nr3c1/Mrtfa/Srebf1/Mrtfb/Notch2/Ets1/Bmpr1a/Smarca4/Tgfb2/Atoh8/Ar/Srf/Pax6/Ctcf/Tert"
"GO:0006888","GO:0006888","endoplasmic reticulum to Golgi vesicle-mediated transport",95,-0.412187152194162,-1.8241924710991,0.000172835475999439,0.00601944243998047,0.00484733978665094,2189,"tags=39%, list=21%, signal=31%","Tfg/Lrrk2/Sorl1/Steep1/Arcn1/Yipf5/Pdcd6/Stx18/Golt1b/Yipf7/Sar1b/Sec31a/Copb1/Copg1/Trappc2b/Sec31b/Sec22a/Sec23a/Copg2/Ergic3/Trappc3/Yipf6/Ergic2/Pgap1/Sec16a/Arf1/Sec13/Cope/Trappc6b/Rint1/P4hb/Copa/Bet1/Nrbp1/Yipf4/Cnih4/Tmed5"
"GO:0060997","GO:0060997","dendritic spine morphogenesis",66,0.454106659600337,1.90626427644517,0.000191599754607445,0.00657256225992191,0.00529275640732985,755,"tags=24%, list=7%, signal=23%","Epha4/Lzts3/Il1rapl1/Dbn1/Ngef/Nlgn1/Wnt7a/Cux2/Kalrn/Lrp8/Ppfia2/Abi2/Ephb1/Cask/Itpka/Epha5"
"GO:0008016","GO:0008016","regulation of heart contraction",123,0.371205178311263,1.73915293515035,0.000193055459119818,0.00657256225992191,0.00529275640732985,1871,"tags=33%, list=18%, signal=27%","Kcnd2/Chrm2/Kcnq1/Chrm3/Drd2/Fgf13/Cacna1h/Kcne2/Popdc2/Kcnd3/Cacna1c/Thrb/Cacna1g/Kcnip2/Cacna1e/Sema3a/Cacna1b/Akap9/Agrn/Kcnip1/Cacna1d/Hdac4/Cacnb2/Dmd/Scn2b/Atp1b1/Rnf207/Ank2/Srebf1/Rnls/Atp2b4/Slc8a1/Adrb2/Cacna2d1/Tgfb2/Adora1/Chga/Adrb1/Atp1a1/Hcn4"
"GO:0048593","GO:0048593","camera-type eye morphogenesis",98,0.404850054242266,1.82220506394107,0.000205416715205724,0.00691569607859272,0.00556907539002186,1472,"tags=33%, list=14%, signal=28%","Sdk2/Six3/Dscam/Tenm3/Prox1/Fat3/Pou2f1/Sox11/Tsku/Megf11/Arid1a/Zhx2/Thrb/Sox12/Hipk2/Abi2/Ephb1/Meis1/Bcar3/Col8a2/Bmp7/Rpgr/Sp3/Sox1/Ski/Sox8/Notch2/Ush1c/Sox4/Large1/Mfsd2a/Ptprm"
"GO:0042274","GO:0042274","ribosomal small subunit biogenesis",73,-0.450132530275718,-1.88879702889961,0.000219871559334838,0.0072414220085278,0.00583137613888047,2287,"tags=41%, list=22%, signal=32%","Ddx52/Pno1/Imp4/Gtf2h5/Rps13/Pwp2/Rps14/Ltv1/Exosc10/Nat10/Riok3/Rps8/Mphosph10/Rps12/Rps3a1/Utp18/Taf9/Rps19bp1/Ngdn/Utp11/Rrp7a/Tbl3/Lsm6/Dcaf13/Mcat/Rps4x/Rps15a/Rps16/Rps28/Rps21"
"GO:0022618","GO:0022618","protein-RNA complex assembly",135,-0.368773863634093,-1.72675656934,0.000218626971859005,0.0072414220085278,0.00583137613888047,2414,"tags=39%, list=24%, signal=30%","Mrm2/Gemin4/Ckap5/Prpf3/Gemin5/Isy1/Naf1/Sf3a2/Snrnp200/Pwp2/Rpl5/Rps14/Nvl/Eif3g/Gemin2/Prpf18/Fastkd2/Eif3j2/Eif4h/Denr/Prpf6/Lsm4/Ago2/Prpf4b/Khdc4/Ago1/Ruvbl1/Snrpd2/Srsf6/Rpl38/Rpf2/Taf9/Eif2s2/Snrpf/Sf3a3/Ddx42/Eif6/Rrp7a/Znhit3/Sf3b1/Mcat/Crnkl1/Ptges3/Rpl24/Snrpg/Mcts1/Prpf39/Eif3e/Rps28/Snrpc/Shq1/Snrpd3"
"GO:0002089","GO:0002089","lens morphogenesis in camera-type eye",20,0.662313490010735,2.02762696235497,0.000237565473078918,0.00765769556839492,0.00616659313098469,1113,"tags=50%, list=11%, signal=45%","Six3/Prox1/Pou2f1/Sox11/Hipk2/Abi2/Meis1/Bcar3/Sox1/Ski"
"GO:0007215","GO:0007215","glutamate receptor signaling pathway",43,0.522518102793549,1.95118528481646,0.000235649622489572,0.00765769556839492,0.00616659313098469,2074,"tags=49%, list=20%, signal=39%","Grik3/Grm5/Grm8/Kalrn/Nrxn1/Plcb1/Necab2/Fyn/Gria1/Grm7/Grin2b/Gria2/Kcnb1/Homer3/Adrb2/Grin3b/Homer2/Gria4/Tiam1/Grm4/Cpeb4"
"GO:0034767","GO:0034767","positive regulation of monoatomic ion transmembrane transport",103,0.395613294790743,1.79444400048095,0.000245104853086998,0.00781755478793266,0.00629532464770815,1473,"tags=28%, list=14%, signal=24%","Cftr/Dpp6/Kcnq1/Fgf13/Kcnc1/Ppp3ca/Ano6/Cacna1c/Fgf14/Kcnip2/Plcb1/Plcg1/Oprk1/Akap9/Cacna1d/Ank3/Wnk2/Drd1/Cacnb2/Akap5/Dmd/Atp1b1/Rnf207/Ank2/Ntsr1/Lrrc38/Adrb2/Kcnc2/Cemip"
"GO:0021983","GO:0021983","pituitary gland development",22,0.643143060840766,2.02608455748451,0.000250893868821481,0.00791883773467798,0.00637688583254597,1433,"tags=32%, list=14%, signal=27%","Drd2/Six3/Pou3f2/Tcf7l2/Nkx2-1/Pou1f1/Bmpr1a"
"GO:0021675","GO:0021675","nerve development",65,0.458155411870867,1.91413317254835,0.000260629389579194,0.00814130979819545,0.00655603825333231,1849,"tags=34%, list=18%, signal=28%","Sema3f/Epha4/Chd7/Kcnc1/Gabra5/Ext1/Slc24a4/Gabrb3/Kcnq2/Plxna4/Sema3a/Ephb1/Dmd/Nav2/Kcnq3/Scn8a/Large1/Kcnc2/Bdnf/Mafb/Plxna1/Sulf1"
"GO:0003015","GO:0003015","heart process",159,0.347085334088384,1.68538139933358,0.000275896728217199,0.00853027639283789,0.00686926547806087,1385,"tags=26%, list=14%, signal=23%","Kcnd2/Chrm2/Kcnq1/Chrm3/Drd2/Fgf13/Sgcd/Cacna1h/Kcne2/Ext1/Ramp3/Popdc2/Kcnd3/Cacna1c/Thrb/Cacna1g/Kcnip2/Cacna1e/Sema3a/Cacna1b/Sgcg/Akap9/Agrn/Kcnip1/Cacna1d/Fyn/Hdac4/Met/Cacnb2/Dmd/Scn2b/Atp1b1/Rnf207/Rap1gds1/Ank2/Sgcz/Srebf1/Rnls/Atp2b4/Slc8a1/Adrb2"
"GO:0086009","GO:0086009","membrane repolarization",32,0.563833105229841,2.0102203618512,0.000284779936062712,0.00862883206270016,0.00694863043993017,1860,"tags=50%, list=18%, signal=41%","Kcnd2/Kcnq1/Kcne2/Slc24a4/Kcnd3/Kcnip2/Akap9/Kcnip1/Cacna1d/Scn2b/Atp1b1/Rnf207/Ank2/Cacna2d1/Akap7/Atp1a1"
"GO:1904064","GO:1904064","positive regulation of cation transmembrane transport",94,0.403319090409475,1.79295490079902,0.000283078421793352,0.00862883206270016,0.00694863043993017,1473,"tags=30%, list=14%, signal=26%","Dpp6/Kcnq1/Fgf13/Kcnc1/Ppp3ca/Ano6/Cacna1c/Fgf14/Kcnip2/Plcb1/Plcg1/Oprk1/Akap9/Cacna1d/Ank3/Wnk2/Drd1/Cacnb2/Akap5/Dmd/Atp1b1/Rnf207/Ank2/Ntsr1/Lrrc38/Adrb2/Kcnc2/Cemip"
"GO:1902895","GO:1902895","positive regulation of miRNA transcription",40,0.530475282864824,1.98533982763293,0.000302170749139153,0.00906512247417459,0.00729996661286667,2475,"tags=57%, list=24%, signal=44%","Foxo3/Egfr/Srebf2/Klf5/Smad6/Smad3/Smad1/Tead1/Nr3c1/Mrtfa/Srebf1/Mrtfb/Notch2/Ets1/Bmpr1a/Smarca4/Tgfb2/Atoh8/Ar/Srf/Pax6/Ctcf/Tert"
"GO:0032102","GO:0032102","negative regulation of response to external stimulus",200,0.32599717201744,1.61991528762299,0.0003210211121233,0.00953621538954508,0.00767932856451815,1278,"tags=22%, list=12%, signal=20%","Tap1/Sema3f/Epha4/Robo1/Ghrl/Tafa5/Drd2/Nmi/Tap2/Arnt/Prkg1/Dbn1/Aoah/Lrfn5/Prkcd/Stat2/Ctnna2/Parp14/Samhd1/Nrxn1/Sema3a/Lpcat3/Ptprs/Ajap1/Grid2/Smpdl3b/Cask/Adar/Neo1/Serping1/Nfkb1/Mfhas1/Rora/Robo2/Adora2a/Smad3/Bace1/Traf3ip1/Cd276/Ptpn6/Ubash3b/Grn/Fem1a/Gigyf2/Ets1"
"GO:0014902","GO:0014902","myotube differentiation",79,0.420356886654645,1.8132853129269,0.000328038817145504,0.00965007394127065,0.00777101663917505,2275,"tags=39%, list=22%, signal=31%","Bcl2/Smyd3/Ppp3ca/Adgrb3/Adamts5/Klf5/Adgrb1/Cntnap2/Dock5/Rbm38/Rcan1/Neo1/Nfatc3/Hdac4/Met/Dmd/Ptgfrn/Ski/Rbm24/Barx2/Large1/Bhlhe41/Bdnf/Bcl9/Capn2/Fkrp/Gsk3b/Igf1/Hdac9/Mtor/Pmp22"
"GO:0010977","GO:0010977","negative regulation of neuron projection development",106,0.389916220604262,1.78120834151546,0.000333612937842454,0.00971968463137149,0.00782707277245757,2309,"tags=39%, list=23%, signal=30%","Sema3f/Epha4/Fgf13/B2m/Fat3/Ngef/Nlgn1/Runx1t1/Tsku/Epha3/Ptprg/Ntn1/Sema3a/Ntm/Ptprs/Dab1/Neo1/Bcl11a/Prag1/Spock1/Map4k4/Ptk2/Arf6/Ptprz1/Epha7/Dnm3/Cbfa2t2/Inpp5f/Lrp4/Tnr/Map2/Efnb2/Thoc2/Gsk3b/Slit2/Ephb2/Mbp/Sema5a/Ulk1/Pmp22/Kremen1"
"GO:0050885","GO:0050885","neuromuscular process controlling balance",48,0.48105501554947,1.8504625249886,0.000355606131664804,0.0102617769423272,0.00826360915487736,2501,"tags=50%, list=24%, signal=38%","Adcy5/Rbfox1/Rbfox2/Nrxn1/Ap1s2/Atp2b2/Tpp1/Jph3/Gigyf2/Elp6/Ush1c/Igdcc3/Bcr/Ankfn1/Hexa/Kcnma1/Tnr/Aplp2/Bloc1s4/Ei24/Myh10/Abl1/Clic5/Nbn"
"GO:0050870","GO:0050870","positive regulation of T cell activation",108,0.372549403758864,1.70780877495851,0.000362057064513934,0.010349367032804,0.00833414374918868,2273,"tags=37%, list=22%, signal=29%","Foxo3/Igfbp2/B2m/Nck2/Ppp3ca/Arid1a/Rasgrp1/Sox12/Adk/Ambra1/Sox13/Ep300/Zmiz1/Socs1/Cd276/Ap3d1/Slc4a1/Arid2/Itpkb/Egr3/Fbxo38/Sox4/Fcho1/Rhoh/Smarca4/Pbrm1/Cd74/Flot2/Sash3/Efnb2/Ptprc/Pik3r6/Efnb1/Smarcd2/Igf1/Abl1/Ephb6/Irf1/Gli3/Nfkbiz"
"GO:0007622","GO:0007622","rhythmic behavior",54,0.46550731233404,1.84844533624523,0.000366862822875687,0.0103887322739564,0.00836584381137082,2239,"tags=52%, list=22%, signal=41%","Kcnd2/Ghrl/Kcnq1/Drd2/Six3/Zfhx3/Gabrb3/Nlgn1/Hcrtr2/Cntnap2/Mapk10/Npas2/Per3/Drd1/Adora2a/Btbd9/Ankfn1/Alb/Kcnma1/Mtnr1b/Adora1/Adrb1/Usp2/Ncor1/2510009E07Rik/Parp1/Mtor/Kcna2"
"GO:0001649","GO:0001649","osteoblast differentiation",145,0.354390418994212,1.69326568441221,0.000370982178847662,0.0104081111287816,0.00838144922581754,2268,"tags=37%, list=22%, signal=29%","Igfbp2/Mef2d/Acvr2b/Ppp3ca/Smoc1/Bmp3/Vegfc/Sox11/Fndc3b/Penk/Adar/Cebpa/Prkd1/Acvr2a/Smad6/Myoc/Bmpr2/Hdac4/Sh3pxd2b/Smad3/Smad1/Ptk2/Cd276/Bmp7/Bmp6/Igfbp5/Ski/Sox8/Chrd/Fbxo5/Dlx5/Fzd1/Fam20c/Enpp1/Axin2/Tgfbr3/Bmpr1a/Lgr4/Acvr1/Wnt7b/Cdk6/Map3k7/Lrp5/Atraid/Fto/Rassf2/Crim1/Gsk3b/Nfatc1/Igf1/Wnt11/Nell1/Gli3/Tent5a"
"GO:0048284","GO:0048284","organelle fusion",142,-0.362127896120869,-1.69503567803973,0.000381126669126052,0.010594622086715,0.00853164286850979,2891,"tags=42%, list=28%, signal=31%","Mfn1/Dnm1l/Dysf/Miga2/Afg3l2/Vps8/Bloc1s6/Vti1b/Sec22b/Mcl1/Pikfyve/Opa1/Vamp3/Parl/Trim9/Mfn2/Uvrag/Chmp5/Yipf5/Stx2/Cplx2/Rcc1l/Bnip1/Stx16/Usp30/Rab3a/Yipf7/Chmp4b/Chmp2a/Rufy1/Stx1a/Mief1/Stx6/Pnpla2/Chmp7/Snap23/Rph3a/Chmp2b/Chmp3/Vps39/Snap29/Stx7/Vat1/Snap47/Chmp1b2/Pip4k2b/Rab8a/Rab14/Stx19/Ankfy1/Gdap1/Stx3/Vps18/Bet1/Yipf4/Yme1l1/Bnip3/Thg1l/Vps11/Vamp1"
"GO:0051966","GO:0051966","regulation of synaptic transmission, glutamatergic",65,0.450518589976936,1.88222719972501,0.000412852163757502,0.0111691255016538,0.00899427928185985,2007,"tags=40%, list=20%, signal=32%","Drd2/Grik3/Grm5/Egfr/Grm8/Cckbr/Nlgn1/Cacng4/Cacng2/Nrxn1/Syt1/Cacng3/Pla2g6/Drd1/Adora2a/Grm7/Grin2b/Gria2/Shank2/Cdh2/Tnr/Gria4/Adora1/Cnr1/Grm4/Prkn"
"GO:0046888","GO:0046888","negative regulation of hormone secretion",66,0.441197524525579,1.85207387312787,0.000412435290706345,0.0111691255016538,0.00899427928185985,2201,"tags=42%, list=21%, signal=34%","Ghrl/Kcnq1/Drd2/Foxo1/Ppp3ca/Klf7/Kalrn/Mtnr1a/Oprk1/Kcnk9/Stxbp5l/Map4k4/Kcnj6/Pfkl/Srebf1/Kcnb1/Pde1c/Sirt4/Mtnr1b/Irs1/Adora1/Rab11fip5/Chga/Vsnl1/Prkn/Crhr2/Jagn1/Madd"
"GO:0071826","GO:0071826","protein-RNA complex organization",142,-0.361354874323154,-1.69141734445907,0.000411271972398854,0.0111691255016538,0.00899427928185985,2414,"tags=37%, list=24%, signal=29%","Mrm2/Gemin4/Ckap5/Prpf3/Gemin5/Isy1/Naf1/Sf3a2/Snrnp200/Pwp2/Rpl5/Rps14/Nvl/Eif3g/Gemin2/Prpf18/Fastkd2/Eif3j2/Eif4h/Denr/Prpf6/Lsm4/Ago2/Prpf4b/Khdc4/Ago1/Ruvbl1/Snrpd2/Dyrk3/Srsf6/Rpl38/Rpf2/Taf9/Eif2s2/Snrpf/Sf3a3/Ddx42/Eif6/Rrp7a/Znhit3/Sf3b1/Mcat/Crnkl1/Ptges3/Rpl24/Snrpg/Mcts1/Prpf39/Eif3e/Rps28/Snrpc/Shq1/Snrpd3"
"GO:0051932","GO:0051932","synaptic transmission, GABAergic",57,0.470077186720368,1.88840460020349,0.000443121524906264,0.0118819311545662,0.00956828779443613,1535,"tags=39%, list=15%, signal=33%","Plcl1/Drd2/Gabra5/Cckbr/Kcnk2/Gabrb3/Nlgn1/Cntnap2/Nrxn1/Gabbr2/Gabra1/Gabra3/Tacr1/Adora2a/Clstn3/Prkce/Gabrg3/Nalcn/Erbb4/Ezh2/Bdnf/Gabre"
"GO:0099633","GO:0099633","protein localization to postsynaptic specialization membrane",39,0.530321214507351,1.96810644469255,0.000467512578094941,0.0120047721324379,0.00966720924196318,1602,"tags=44%, list=16%, signal=37%","Nrxn3/Cnih3/Kalrn/Gpc6/Cacng2/Cacna2d2/Dlg2/Nbea/Cacng3/Lhfpl4/Gpc4/Magi2/Rapsn/Erbb4/Gphn/Tnik/Neto2"
"GO:0099645","GO:0099645","neurotransmitter receptor localization to postsynaptic specialization membrane",39,0.530321214507351,1.96810644469255,0.000467512578094941,0.0120047721324379,0.00966720924196318,1602,"tags=44%, list=16%, signal=37%","Nrxn3/Cnih3/Kalrn/Gpc6/Cacng2/Cacna2d2/Dlg2/Nbea/Cacng3/Lhfpl4/Gpc4/Magi2/Rapsn/Erbb4/Gphn/Tnik/Neto2"
"GO:0003170","GO:0003170","heart valve development",37,0.524857190082005,1.9130419176539,0.000456152985078664,0.0120047721324379,0.00966720924196318,2178,"tags=51%, list=21%, signal=41%","Robo1/Adamts5/Slit3/Smad6/Bmpr2/Robo2/Matr3/Hectd1/Notch2/Axin2/Sox4/Bmpr1a/Acvr1/Tgfb2/Fgfrl1/Nfatc1/Slit2/Hey2/Mtor"
"GO:0070169","GO:0070169","positive regulation of biomineral tissue development",38,0.520758670762621,1.91089582383374,0.000465914737795811,0.0120047721324379,0.00966720924196318,1792,"tags=47%, list=17%, signal=39%","Cftr/Acvr2b/Asxl2/Ano6/Acvr2a/Bmpr2/Smad3/Cd276/Bmp7/Bmp6/Fbxo5/Fam20c/Slc8a1/Adrb2/Bmpr1a/Acvr1/Atraid/Rxra"
"GO:0060047","GO:0060047","heart contraction",151,0.345382647593088,1.65580404174684,0.000458224798000414,0.0120047721324379,0.00966720924196318,2332,"tags=36%, list=23%, signal=28%","Kcnd2/Chrm2/Kcnq1/Chrm3/Drd2/Fgf13/Sgcd/Cacna1h/Kcne2/Ext1/Popdc2/Kcnd3/Cacna1c/Thrb/Cacna1g/Kcnip2/Cacna1e/Sema3a/Cacna1b/Sgcg/Akap9/Agrn/Kcnip1/Cacna1d/Hdac4/Met/Cacnb2/Dmd/Scn2b/Atp1b1/Rnf207/Ank2/Sgcz/Srebf1/Rnls/Atp2b4/Slc8a1/Adrb2/Cacna2d1/Tgfb2/Adora1/Chga/Adrb1/Atp1a1/Hcn4/Ankrd11/Trpv1/Ttn/Crhr2/Hey2/Mtor/Slc4a3/Uty/Tnnc1"
"GO:0009206","GO:0009206","purine ribonucleoside triphosphate biosynthetic process",76,-0.43159784280068,-1.83983409833645,0.000474433127455106,0.012080104001588,0.00972787252933159,2223,"tags=37%, list=22%, signal=29%","Ndufa10/Ndufab1/Ndufb9/Nme1/Atpsckmt/Cox11/mt-Nd6/Atp5f1c/Atp5pf/Ndufb5/Ndufs3/Atp5mc3/Atp5mf/Ndufb2/Slc25a13/Dmac2l/Sdhb/Ndufa12/Sdhd/Map2k1/Ndufs1/Ndufs6/Ndufa5/Ndufa8/Ndufv3/Atp6v1a/Pid1/Tmsb4x"
"GO:0001573","GO:0001573","ganglioside metabolic process",20,0.64483720850804,1.97412453471154,0.000496019442612925,0.0121204750896545,0.00976038258044788,1946,"tags=55%, list=19%, signal=45%","St8sia2/St6galnac6/St6galnac3/Itgb8/St3gal1/St8sia6/St6galnac4/Hexa/Glb1/St3gal3/Abca2"
"GO:0060412","GO:0060412","ventricular septum morphogenesis",36,0.536571470510473,1.94516111459585,0.000482295584516915,0.0121204750896545,0.00976038258044788,2246,"tags=50%, list=22%, signal=39%","Robo1/Prox1/Sox11/Slit3/Bmpr2/Robo2/Fzd1/Tgfbr3/Sox4/Bmpr1a/Acvr1/Tgfb2/Fgfrl1/Nfatc1/Slit2/Wnt11/Hey2/Lrp6"
"GO:0097106","GO:0097106","postsynaptic density organization",45,0.492045129806846,1.85574838549731,0.000484777682645844,0.0121204750896545,0.00976038258044788,1795,"tags=38%, list=18%, signal=31%","Adgrl3/Cadm1/Nrxn3/Dbn1/Ntrk3/Nlgn1/Cntnap2/Nrxn1/Dlg2/Ptprs/Grid2/Arf6/Rapsn/Lats1/Cdh2/Sipa1l1/Dgkz"
"GO:0061001","GO:0061001","regulation of dendritic spine morphogenesis",53,0.465279573522681,1.83338531026158,0.000496019442612925,0.0121204750896545,0.00976038258044788,677,"tags=25%, list=7%, signal=23%","Epha4/Lzts3/Il1rapl1/Dbn1/Ngef/Nlgn1/Cux2/Kalrn/Lrp8/Ppfia2/Abi2/Cask/Itpka"
"GO:1902893","GO:1902893","regulation of miRNA transcription",54,0.45877590244407,1.8217161251506,0.000490043304750118,0.0121204750896545,0.00976038258044788,2475,"tags=50%, list=24%, signal=38%","Foxo3/Ncor2/Egfr/Srebf2/Klf5/Smad6/Nfatc3/Hdac4/Smad3/Smad1/Tead1/Nr3c1/Mrtfa/Srebf1/Mrtfb/Notch2/Ets1/Bmpr1a/Smarca4/Tgfb2/Atoh8/Ar/Ncor1/Srf/Pax6/Ctcf/Tert"
"GO:0045664","GO:0045664","regulation of neuron differentiation",155,0.336969133964346,1.62631541752311,0.000513771717401177,0.0124538264298045,0.010028823923671,2645,"tags=39%, list=26%, signal=30%","Bcl11b/Foxo3/Bcl2/B2m/Six3/Adra2c/Zfhx3/Prox1/Cntn2/Rap1gap/Nlgn1/Sox11/Brinp3/Zhx2/Dab1/Ncoa1/Meis1/Bcl11a/Mosmo/Zfp536/Trpc5/Dmd/Bmp7/Adra2b/Bmp6/Sox8/Upf3b/Eya1/Gdpd5/Disp3/Brinp1/Mmd2/Ptbp1/Bdnf/Pbx1/Atn1/Brinp2/Timp2/Alk/Apbb1/Zeb1/Tiam1/Sox21/Gsk3b/Grip2/Hey2/Mtor/Rgs6/Cntn4/Calr/Gli3/Spag9/Map3k13/Pax6/Ret/Nbn/Fmr1/Ctdsp1/Rock1/Fgfr3/Gpr37l1"
"GO:0050796","GO:0050796","regulation of insulin secretion",152,0.338060809355029,1.62067101144947,0.000531202903389905,0.0127741650577096,0.0102867863831061,2007,"tags=32%, list=20%, signal=26%","Cftr/Adcy5/Ghrl/Kcnq1/Chrm3/Abcg1/Drd2/Hnf4a/Foxo1/Ppp3ca/Klf7/Capn10/Itpr1/Cacna1c/Cacna1e/Mtnr1a/Plcb1/Cask/Tcf7l2/Cacna1d/Epha5/Pla2g6/Doc2b/Stxbp5l/Map4k4/Abca12/Prkce/Kcnj6/Sybu/Pfkl/Srebf1/Kcnb1/Gpr68/Pde1c/Brsk2/Sox4/Sirt4/Stxbp4/Ptbp1/Mtnr1b/Irs1/Lrp5/Chga/Tiam1/Cnr1/Fto/Vsnl1/Tardbp/Prkn"
"GO:0051968","GO:0051968","positive regulation of synaptic transmission, glutamatergic",29,0.564309258309468,1.92907950080797,0.000549743749303682,0.0130134653155481,0.0104794902211014,1715,"tags=45%, list=17%, signal=37%","Egfr/Cckbr/Nlgn1/Cacng4/Cacng2/Nrxn1/Cacng3/Drd1/Adora2a/Grin2b/Shank2/Tnr/Gria4"
"GO:0045778","GO:0045778","positive regulation of ossification",45,0.490148438579026,1.84859501384379,0.000549412867909379,0.0130134653155481,0.0104794902211014,2603,"tags=58%, list=25%, signal=43%","Acvr2b/Asxl2/Sox11/Ano6/Thrb/Acvr2a/Bmpr2/Tacr1/Smad3/Cd276/Bmp7/Bmp6/Zbtb16/Fam20c/Slc8a1/Adrb2/Bmpr1a/Acvr1/Atraid/Rxra/Nell1/Lrp6/Tent5a/Tob2/Slc20a2/Fgfr3"
"GO:0002183","GO:0002183","cytoplasmic translational initiation",35,-0.541509428026925,-1.93267266699518,0.000556612637440968,0.0130739247398925,0.0105281770182633,1965,"tags=43%, list=19%, signal=35%","Eif4a2/Eif3g/Akt2/Eif3j2/Eif4h/Denr/Eif2b5/Mif4gd/Eif2s2/Eif2b2/Ncbp2/Mettl3/Mcts1/Eif2b1/Eif3e"
"GO:0006754","GO:0006754","ATP biosynthetic process",70,-0.431330997978947,-1.80736879289776,0.000562556405603952,0.0131118916075383,0.0105587509974896,2223,"tags=39%, list=22%, signal=30%","Ndufa10/Ndufab1/Ndufb9/Atpsckmt/Cox11/mt-Nd6/Atp5f1c/Atp5pf/Ndufb5/Ndufs3/Atp5mc3/Atp5mf/Ndufb2/Slc25a13/Dmac2l/Sdhb/Ndufa12/Sdhd/Map2k1/Ndufs1/Ndufs6/Ndufa5/Ndufa8/Ndufv3/Atp6v1a/Pid1/Tmsb4x"
"GO:0042745","GO:0042745","circadian sleep/wake cycle",31,0.552027481509021,1.94600738906535,0.000594403945493363,0.0135416838710142,0.0109048543383745,2239,"tags=55%, list=22%, signal=43%","Ghrl/Drd2/Gabrb3/Nlgn1/Hcrtr2/Cntnap2/Npas2/Per3/Drd1/Adora2a/Btbd9/Alb/Mtnr1b/Adora1/Adrb1/Parp1/Kcna2"
"GO:0003179","GO:0003179","heart valve morphogenesis",32,0.545769887725107,1.94582001484823,0.000589849125987667,0.0135416838710142,0.0109048543383745,2178,"tags=53%, list=21%, signal=42%","Robo1/Adamts5/Slit3/Smad6/Bmpr2/Robo2/Notch2/Axin2/Sox4/Bmpr1a/Acvr1/Tgfb2/Fgfrl1/Nfatc1/Slit2/Hey2/Mtor"
"GO:0042551","GO:0042551","neuron maturation",54,0.454420089796732,1.80441998100807,0.000590797189017805,0.0135416838710142,0.0109048543383745,2710,"tags=56%, list=26%, signal=41%","Bcl2/Cntn2/C1ql1/Adgrb3/Kcnq2/Nfasc/Cntnap2/Kcnip2/Nrxn1/Dlg2/Bcl11a/Myoc/Ank3/Akap5/Kcnb1/Kcnq3/Smim45/Cdkn1c/Kcnma1/Nrcam/Gsk3b/Grip2/Mtor/Pmp22/Map3k13/Gldn/Ret/Fbxo41/Farp2/Ccdc39"
"GO:0007214","GO:0007214","gamma-aminobutyric acid signaling pathway",24,0.600513432642259,1.94779309653617,0.000620326846437677,0.0140267936172102,0.0112955037709547,3246,"tags=75%, list=32%, signal=51%","Plcl1/Gabra5/Gabrb3/Htr4/Gabbr2/Gabra1/Gabra3/Gabrg3/Bdnf/Gabre/Gabra2/Cacnb4/Plcl2/Gabrg2/Gabra4/Atf4/Gnai2/Gabrr2"
"GO:0007033","GO:0007033","vacuole organization",172,-0.328637962381357,-1.58420576372025,0.000634013407816095,0.0142300787087612,0.0114592052968242,2308,"tags=32%, list=23%, signal=25%","Wdr45b/Arsg/Hspa8/Mfn2/Chmp5/Trim32/Atg5/Lrrk2/Atg101/Tbc1d14/Mfsd8/Cln8/Chmp4b/Rab23/Gaa/Ulk2/Atg4b/Chmp2a/Acp2/Traf6/Wipi2/Ift20/Map1lc3a/Ctsd/Tmem41b/Cln5/Synpo2/Chmp7/Trp53inp1/Vps4b/Vps33a/Wipi1/Smcr8/Ubxn2a/Tmem9/Snx7/Chmp2b/Chmp3/Snx4/Gabarapl1/Arf1/Gabarapl2/Lamp2/Chmp1b2/Pik3c2b/Pip4k2b/Rab14/Ppt1/Tpcn2/Vps18/Ubxn2b/Creg1/Vps35/Chek2/Vps11"
"GO:0003281","GO:0003281","ventricular septum development",59,0.447398157710166,1.82651136881241,0.000644252908987835,0.0143535758399496,0.0115586551318406,2946,"tags=54%, list=29%, signal=39%","Robo1/Prox1/Sox11/Slit3/Lmo4/Smad6/Bmpr2/Robo2/Matr3/Hectd1/Fzd1/Tgfbr3/Sox4/Bmpr1a/Smarca4/Acvr1/Tgfb2/Fgfrl1/Ptk7/Nfatc1/Slit2/Wnt11/Hey2/Lrp2/Lrp6/Cntrl/Sufu/Ltbp1/Egln1/Luzp1/Trip11/Fzd2"
"GO:0097352","GO:0097352","autophagosome maturation",44,-0.488943407664235,-1.85670669111843,0.000658781554921265,0.0145701322000835,0.0117330437518824,2412,"tags=45%, list=24%, signal=35%","Snx14/Uvrag/Chmp5/Atg5/Mfsd8/Chmp4b/Chmp2a/Calm2/Map1lc3a/Chmp7/Vps4b/Vps33a/Smcr8/Chmp2b/Chmp3/Gabarapl1/Snap29/Gabarapl2/Lamp2/Chmp1b2"
"GO:0007157","GO:0007157","heterophilic cell-cell adhesion via plasma membrane cell adhesion molecules",26,0.57374955642648,1.90263055224302,0.000699984981700972,0.0152586654284456,0.0122875061535998,1595,"tags=46%, list=16%, signal=39%","Cdh4/Cadm1/Il1rapl1/Nlgn1/Nrxn1/Grid2/Cadm3/Amigo2/Hmcn1/Alcam/Tenm2/Cdh2"
"GO:0032543","GO:0032543","mitochondrial translation",104,-0.379381434249937,-1.7032072720563,0.000695605554125295,0.0152586654284456,0.0122875061535998,3023,"tags=49%, list=29%, signal=35%","Trmt10c/Ptcd3/Mrpl13/Mrps16/Malsu1/Mrps12/Mrpl27/Hars1/Mrpl20/Mrpl44/Mrpl42/Ears2/Mrpl28/Mrpl12/Mrps11/Dap3/Mrpl48/Gfm1/C1qbp/Rmnd1/Lars2/Gars1/Mrps9/Gatc/Cdk5rap1/Rcc1l/Mrpl23/Dars2/Mrps17/Mrpl47/Fastkd2/Mrpl18/Mrpl43/Mrpl51/Mrps31/Mrpl38/Mrps15/Mrps26/Mrpl32/Mrpl24/Aars2/Mrpl57/Mrpl46/Mrps10/Mrpl3/Uqcc2/Mrpl39/Mrps6/Coa3/Mrpl35/Mrpl15"
"GO:1904862","GO:1904862","inhibitory synapse assembly",21,0.608361856878065,1.89947071192898,0.000705619685483763,0.0152716260501129,0.0122979430898599,972,"tags=43%, list=9%, signal=39%","Fgf13/Gabra5/Gabrb3/Cntnap2/Gabra1/Gabra3/Clstn3/Lhfpl4/Gabrg3"
"GO:0051084","GO:0051084","'de novo' post-translational protein folding",36,-0.535891165644599,-1.91970146187862,0.000712732787151946,0.0153161726600737,0.0123338156074521,2468,"tags=44%, list=24%, signal=34%","Cct4/Hspa13/Hspa8/Hspa9/St13/Hspe1-rs1/Dnajb1/Cct2/Hspa2/Chchd4/Tor2a/Tor1a/Dnajb14/Bag1/Cct8/Ptges3"
"GO:0010469","GO:0010469","regulation of signaling receptor activity",63,0.441409540285327,1.83207082059107,0.000744827070232723,0.0156724029361469,0.0126206809122767,1385,"tags=32%, list=14%, signal=28%","Calcr/Adra2c/Cnih3/Tafa1/Dlgap2/Begain/Nlgn1/Ramp3/Zfyve28/Lrp8/Cacng4/Cacng2/Shisa9/Gsg1l/Cacng3/Shisa6/Adra2b/Ankrd13c/Homer3/Adrb2"
"GO:0031644","GO:0031644","regulation of nervous system process",114,0.364749314873231,1.68477655242023,0.000742455396356567,0.0156724029361469,0.0126206809122767,2509,"tags=39%, list=24%, signal=30%","Tenm4/Ghrl/Dbn1/Dlgap2/Begain/Nlgn1/Wnt7a/Srebf2/Cux2/Pawr/Htr2c/Cntnap2/Lrp8/Cacng4/Pard3/Shisa9/Nrxn1/Slc8a3/Qki/Gria1/Fgf12/Shisa6/Grin2b/Pclo/Nlgn4l/Ntsr1/Homer3/Adrb2/Mtnr1b/Tnr/Adora1/Gba1/Gsk3b/Prkn/Grip2/Eif2ak3/Glra1/Igf1/Tnfrsf21/Mtmr2/Afdn/Fig4/Slc8a2/Ctsc/Fmr1"
"GO:0048839","GO:0048839","inner ear development",152,0.333980268999435,1.60110881056029,0.000735881647429227,0.0156724029361469,0.0126206809122767,3014,"tags=38%, list=29%, signal=27%","Epha4/Chd7/Otog/Kcnq1/Ush2a/Gabra5/Pjvk/Prox1/Kcnk2/Nox3/Gabrb3/Sobp/Tsku/Ntn1/Bmper/Cebpa/Atp2b2/Cdkn1b/Cux1/Kcnk3/Eya1/Pou3f4/Dlx5/Ush1c/Whrn/Bdnf/Bcr/Maf/Tgfb2/Kcnma1/Celsr1/Mafb/Lin7a/Zeb1/Ptk7/Cep290/Ephb2/Igf1/Hey2/Mpv17/Gli3/Myo3a/Nectin1/Clic5/Myo3b/Atp8a2/Fgfr3/Rpgrip1l/Foxg1/Grhl3/Lgr5/Trip11/Alms1/Nectin3/Fzd2/Calb1/Sec24b/Dicer1"
"GO:0150146","GO:0150146","cell junction disassembly",20,0.629251727092903,1.92641066082064,0.000774154543472296,0.0160291481190996,0.0129079608615851,1027,"tags=35%, list=10%, signal=32%","Epha4/C1ql1/Adgrb3/Ngef/Map4k4/Kcnk13/Arf6"
"GO:0006084","GO:0006084","acetyl-CoA metabolic process",32,-0.546496520076534,-1.88677416719927,0.000774502447608674,0.0160291481190996,0.0129079608615851,2559,"tags=50%, list=25%, signal=38%","Tdo2/Mvk/Vdac1/Acss1/Fasn/Aadat/Pdk1/Mpc1/Nudt7/Pdk4/Cs/Acly/Pdhb/Dld/Dlst/Mpc2"
"GO:0008037","GO:0008037","cell recognition",84,0.400989638808694,1.73902979237486,0.000782941888325655,0.0160291481190996,0.0129079608615851,1861,"tags=35%, list=18%, signal=28%","Epha4/Robo1/Dscaml1/Cadm1/Dscam/Cntn5/Nck2/Ext1/Cntn2/Adgrb1/Cntnap2/St6galnac6/Epha3/Cntn6/Sema3a/Ephb1/Robo2/Nptn/Ncam2/Ptprz1/Adam32/Myo18a/Bdnf/Colec11/Nrcam/Arsa/Zp1/Ephb3/Cnr1"
"GO:0007623","GO:0007623","circadian rhythm",170,0.325201904173742,1.58344546361552,0.000779867348658034,0.0160291481190996,0.0129079608615851,2178,"tags=36%, list=21%, signal=29%","Kcnd2/Ghrl/Drd2/Six3/Zfhx3/Hnf4a/Prkg1/Egfr/Prox1/Ntrk3/Gabrb3/Nlgn1/Hcrtr2/Dpyd/Cntnap2/Rai1/Mapk10/Mtnr1a/Agrn/Npas2/Kdm2a/Ep300/Per3/Drd1/Rora/Adora2a/Btbd9/Nkx2-1/Hnrnpd/Crtc1/Prok2/Srebf1/Adcy1/Ezh2/Ppargc1a/Bhlhe41/Top2a/Kmt2a/Bdnf/Rorc/Lgr4/Klf10/Ankfn1/Alb/Kcnma1/Mtnr1b/Thrap3/Adora1/Top1/Adrb1/Usp2/Fbxw7/Tardbp/Hnrnpu/Gsk3b/Ncor1/Igf1/2510009E07Rik/Cyp7b1/Parp1/Mtor"
"GO:0070167","GO:0070167","regulation of biomineral tissue development",64,0.431063295508097,1.79392090646811,0.000829781772303855,0.0167615918005379,0.0134977834961427,2268,"tags=41%, list=22%, signal=32%","Cftr/Ank/Acvr2b/Asxl2/Ano6/Bcor/Acvr2a/Bmpr2/Smad3/Cd276/Bmp7/Bmp6/Fbxo5/Fam20c/Enpp1/Slc8a1/Adrb2/Bmpr1a/Acvr1/Atraid/Rxra/Gas6/Hey2/Nell1/Notum/Tent5a"
"GO:0030902","GO:0030902","hindbrain development",147,0.337018039283589,1.60862637625926,0.000827136194523361,0.0167615918005379,0.0134977834961427,2646,"tags=40%, list=26%, signal=30%","Foxp2/Bcl2/Prkg1/Kcnc1/Igf1r/Prox1/Gabrb3/mt-Nd4/Wnt7a/Ctnna2/Cntnap2/Klhl1/Rbfox2/Plxna2/Nrxn1/Pdss2/Myo16/Ptprs/Dab1/Grid2/Ephb1/Ncoa1/Atp2b2/Rora/Hnrnpd/Smad1/Bmp7/mt-Co1/Ttbk2/Ogdh/Nlgn4l/Faim2/Ezh2/Arl13b/Whrn/Smarca4/Ldb1/Kif14/Mafb/Gba1/Sstr3/Cep290/Atrn/Ephb2/Myh10/Igf1/Abl1/Lrp6/Ulk1/Nanos1/Pax6/Kndc1/Bmp5/Wls/Zfp423/Arhgap32/Rpgrip1l/Gpr37l1/Grin1"
"GO:0046889","GO:0046889","positive regulation of lipid biosynthetic process",75,0.406770781385361,1.74852660156198,0.000861824773913517,0.017293569966609,0.013926175154629,1707,"tags=31%, list=17%, signal=26%","Zbtb20/Abcg1/Hnf4a/Igf1r/Smpd3/Prkcd/Srebf2/Htr2c/Tcf7l2/Pla2g6/Qki/Sirt2/Bmp6/Srebf1/Erbb4/Ppargc1a/Sirt4/Mfsd2a/Scap/Ccdc3/Cd74/Capn2/Gnai1"
"GO:0007007","GO:0007007","inner mitochondrial membrane organization",32,-0.541084766306018,-1.86809013749671,0.00088853827897714,0.0177123091138206,0.014263377636212,2761,"tags=50%, list=27%, signal=37%","Afg3l2/Letm1/Tmem11/Cox18/Ghitm/Timm10/Romo1/Opa1/Tomm70a/Tmem126a/Micos13/Samm50/Maip1/Cibar1/Immt/Apool"
"GO:0030073","GO:0030073","insulin secretion",175,0.324793910749284,1.58741261690572,0.000925021052777854,0.0183190443785418,0.0147519697305749,1952,"tags=30%, list=19%, signal=24%","Cftr/Adcy5/Ghrl/Kcnq1/Chrm3/Abcg1/Drd2/Acvr2b/Hnf4a/Foxo1/Ppp3ca/Klf7/Capn10/Itpr1/Cacna1c/Cacna1e/Mtnr1a/Plcb1/Cask/Tcf7l2/Cacna1d/Epha5/Ptprn/Pla2g6/Doc2b/Stxbp5l/Map4k4/Abca12/Prkce/Kcnj6/Pclo/Sybu/Pfkl/Srebf1/Kcnb1/Gpr68/Pde1c/Brsk2/Sox4/Sirt4/Stxbp4/Ptbp1/Mtnr1b/Irs1/Lrp5/Rab11fip5/Chga/Tiam1/Cnr1/Fto/Vsnl1/Tardbp"
"GO:0097553","GO:0097553","calcium ion transmembrane import into cytosol",119,0.361385663875392,1.68678652879556,0.000932807810985793,0.0183532965408244,0.0147795523299048,1566,"tags=30%, list=15%, signal=26%","Plcl1/Chd7/Drd2/Bcl2/Ppp3ca/Slc24a4/Itpr1/Pawr/Htr2c/Cacna1c/Cacna1g/Cacna1e/Cacna1b/Plcb1/Plcg1/Prkd1/Cacna1d/Slc8a3/Nalf2/Fyn/Drd1/Cacna1i/Akap5/Dmd/Prkce/Grin2b/Ptpn6/Ank2/Ubash3b/Jph3/Ntsr1/Slc8a1/Adrb2/Cemip/Cacna2d1/Tgfb2"
"GO:0010770","GO:0010770","positive regulation of cell morphogenesis",53,0.450318009026429,1.77443083616275,0.000941036339957899,0.0183957426456286,0.0148137333515953,2617,"tags=47%, list=26%, signal=35%","Epha4/Il1rapl1/Dbn1/Cux2/Kalrn/Ptprf/Lrp8/Cdkl5/Cask/Itpka/Ss18l1/Cux1/Met/Akap5/Grip1/Tnik/Tiam1/Fbxw8/Ephb2/Caprin2/Afdn/Wls/Dhx36/Cul7/Parp6"
"GO:0008038","GO:0008038","neuron recognition",43,0.49461108832106,1.8469750082906,0.000970414363764774,0.018848432834662,0.0151782759460644,2252,"tags=51%, list=22%, signal=40%","Epha4/Robo1/Dscaml1/Dscam/Cntn5/Ext1/Cntn2/Cntnap2/Epha3/Cntn6/Sema3a/Robo2/Nptn/Ncam2/Ptprz1/Bdnf/Nrcam/Ephb3/Cnr1/Ephb2/Tnfrsf21/Sema5a"
"GO:0009145","GO:0009145","purine nucleoside triphosphate biosynthetic process",77,-0.412209708903254,-1.75901393775067,0.000990433797220769,0.0191147414368085,0.015392729077826,2223,"tags=36%, list=22%, signal=29%","Ndufa10/Ndufab1/Ndufb9/Nme1/Atpsckmt/Cox11/mt-Nd6/Atp5f1c/Atp5pf/Ndufb5/Ndufs3/Atp5mc3/Atp5mf/Ndufb2/Slc25a13/Dmac2l/Sdhb/Ndufa12/Sdhd/Map2k1/Ndufs1/Ndufs6/Ndufa5/Ndufa8/Ndufv3/Atp6v1a/Pid1/Tmsb4x"
"GO:0035094","GO:0035094","response to nicotine",35,0.520915369758173,1.8720593408487,0.00102174504238484,0.0195942245470005,0.0157788474899938,837,"tags=26%, list=8%, signal=24%","Drd2/Bcl2/B2m/mt-Nd4/Ppp1r1b/Htr2c/Penk/Nfkb1/Tacr1"
"GO:0019229","GO:0019229","regulation of vasoconstriction",61,0.43254590038248,1.77964974108311,0.00103022925925356,0.0196023701480484,0.015785406983907,1030,"tags=28%, list=10%, signal=25%","Asic2/Chrm3/Adra2c/Egfr/Arhgap42/Htr2c/Cacna1c/Dock5/Rbfox2/Dock4/Add3/Itga9/Smad6/Bmpr2/Tacr1/Drd1/Adra2b"
"GO:0035051","GO:0035051","cardiocyte differentiation",123,0.346344700204307,1.62267779957802,0.00103510865468243,0.0196023701480484,0.015785406983907,2553,"tags=41%, list=25%, signal=32%","Tenm4/Foxp1/Sgcd/Prkg1/Egfr/Fhod3/Prox1/Popdc2/Arid1a/Ccnd2/Meis1/Nebl/Smad6/Ep300/Met/Akap13/Prok2/Bmp7/Sox6/Sorbs2/Ctdp1/Nr3c1/Col14a1/Slc8a1/Map2k4/Tgfbr3/Large1/Bmpr1a/Pbrm1/Acvr1/Tgfb2/Rarb/Rxra/Adrb1/Efnb2/Hnrnpu/Ankrd11/Gsk3b/Myo18b/Ttn/Myh10/Igf1/Hey2/Srf/Mtor/Calr/Nox4/Ctcf/Akap6/Dhx36/Tsc1"
"GO:0060411","GO:0060411","cardiac septum morphogenesis",55,0.451417569046751,1.80494474340472,0.00106069361171283,0.0197171879968704,0.0158778675618363,2392,"tags=45%, list=23%, signal=35%","Robo1/Chd7/Prox1/Sox11/Slit3/Smad6/Bmpr2/Robo2/Bmp7/Notch2/Fzd1/Tgfbr3/Sox4/Bmpr1a/Dhrs3/Acvr1/Tgfb2/Fgfrl1/Nfatc1/Slit2/Wnt11/Hey2/Lrp2/Lrp6/Bmp5"
"GO:0099084","GO:0099084","postsynaptic specialization organization",59,0.436148391471107,1.78058398717703,0.00104913202290238,0.0197171879968704,0.0158778675618363,1795,"tags=34%, list=18%, signal=28%","Adgrl3/Cadm1/Nrxn3/Dbn1/Ntrk3/Nlgn1/Cntnap2/Nrxn1/Myo9a/Arhgef9/Dlg2/Ptprs/Grid2/Arf6/Rapsn/Lats1/Cnksr2/Cdh2/Sipa1l1/Dgkz"
"GO:0006936","GO:0006936","muscle contraction",200,0.313400596371837,1.55732153770261,0.00105553843076168,0.0197171879968704,0.0158778675618363,1871,"tags=32%, list=18%, signal=26%","Kcnd2/Chrm2/Ghrl/Kcnq1/Chrm3/Drd2/Fgf13/Sgcd/Cacna1h/Adra2c/Prkg1/Dbn1/Kcne2/Arhgap42/Smpd3/Kcnd3/Pawr/Cacna1c/Dock5/Cacna1g/Kcnip2/Dock4/Myl6/Akap9/Prkd1/Agrn/Kcnip1/Cacna1d/Pla2g6/Slc8a3/Hdac4/Tacr1/Met/Drd1/Cacnb2/Dmd/Setd3/Scn2b/Prok2/Atp1b1/Adra2b/Rnf207/Rap1gds1/Ank2/Gucy1a1/Cald1/Atp2b4/Slc8a1/Adrb2/Large1/Htr1d/Cacna2d1/Kcnma1/Calcrl/Apbb1/Fkrp/Adora1/Chga/Stac/Adrb1/Sulf1/Atp1a1/Hcn4"
"GO:0001964","GO:0001964","startle response",28,0.557848282432787,1.89504206688707,0.00110649175461412,0.0203420082566217,0.0163810231505468,1132,"tags=43%, list=11%, signal=38%","Drd2/Dbn1/Ctnna2/Kcnh1/Nrxn1/Penk/Grid2/Csmd1/Adora2a/Bace1/Grin2b/Npas3"
"GO:0000002","GO:0000002","mitochondrial genome maintenance",28,-0.549157022246337,-1.8590711439575,0.00110773312288534,0.0203420082566217,0.0163810231505468,2331,"tags=57%, list=23%, signal=44%","Opa1/Mettl4/Sesn2/Polg2/Lig3/Rnaseh1/Chchd4/Endog/Ssbp1/Mrpl39/Tk2/Rrm1/Rrm2b/Mrpl15/Tymp/Slc25a36"
"GO:1905314","GO:1905314","semi-lunar valve development",21,0.591755403536264,1.8476208607341,0.00112542147614498,0.0204193237887383,0.0164432838430764,2155,"tags=57%, list=21%, signal=45%","Robo1/Adamts5/Slit3/Smad6/Bmpr2/Robo2/Notch2/Axin2/Tgfb2/Nfatc1/Slit2/Hey2"
"GO:0030282","GO:0030282","bone mineralization",88,0.398753775669066,1.75291447155322,0.00112401860345688,0.0204193237887383,0.0164432838430764,2268,"tags=39%, list=22%, signal=30%","Ank/Acvr2b/Asxl2/Smpd3/Ano6/Bcor/Gpc3/Acvr2a/Tcf7l2/Bmpr2/Smad3/Cd276/Bmp7/Bmp6/Fam20c/Enpp1/Slc8a1/Axin2/Adrb2/Bmpr1a/Lgr4/Acvr1/Klf10/Mtss1/Fkrp/Atraid/Rxra/Eif2ak3/Igf1/Wnt11/Nell1/Notum/Snx10/Tent5a"
"GO:0030279","GO:0030279","negative regulation of ossification",26,0.560188837805137,1.85766138883305,0.00118327621386405,0.0212149522367342,0.0170839879398123,1887,"tags=42%, list=18%, signal=35%","Calcr/Bcl2/Acvr2b/Gfra4/Bcor/Chsy1/Smad6/Enpp1/Adrb2/Lrp4/Mkx"
"GO:0007034","GO:0007034","vacuolar transport",127,-0.353863785077992,-1.62750315922978,0.00118099886896468,0.0212149522367342,0.0170839879398123,1039,"tags=20%, list=10%, signal=18%","Chmp7/Vps4b/Vps33a/Rhob/Chmp2b/Chmp3/Vps39/Vps29/Stx7/Arf1/Lamp2/Chmp1b2/Rbsn/Vps28/M6pr/Plekhf1/Ankfy1/Tpcn2/Vps18/Leprot/Npc1/Gga3/Vps35/Vps11/Lrp1"
"GO:0006406","GO:0006406","mRNA export from nucleus",46,-0.474533876313683,-1.81783899784412,0.00123868104806799,0.0220776680920354,0.0177787162193288,2437,"tags=50%, list=24%, signal=38%","Thoc3/Ddx25/Setd2/Pabpn1/Nup88/Thoc7/Casc3/Magoh/Pcid2/Thoc1/Nup107/Eif4e/Nsun2/Chtop/Sem1/Supt6/Nup214/Ncbp2/Mcm3ap/Eny2/Eif4a3/Hnrnpa2b1/Nup133"
"GO:0043270","GO:0043270","positive regulation of monoatomic ion transport",143,0.332350150169585,1.5917893816316,0.00125283849704642,0.0221994189827523,0.0178767598408963,1473,"tags=25%, list=14%, signal=22%","Cftr/Dpp6/Kcnq1/Wfs1/Fgf13/Kcnc1/Ppp3ca/Itpr1/Ano6/Cacna1c/Fgf14/Kcnip2/Plcb1/Plcg1/Cask/Oprk1/Akap9/Atp2b2/Cacna1d/Ank3/Wnk2/Drd1/Cacnb2/Akap5/Fgf12/Dmd/Scn2b/Atp1b1/Akt3/Rnf207/Ank2/Ntsr1/Lrrc38/Adrb2/Kcnc2/Cemip"
"GO:0031345","GO:0031345","negative regulation of cell projection organization",151,0.330343291677178,1.58370364387112,0.00126957219204635,0.0223651380343048,0.0180102101662389,1260,"tags=23%, list=12%, signal=21%","Sema3f/Epha4/Fgf13/B2m/Ppp3ca/Fat3/Ngef/Rap1gap/Prkcd/Nlgn1/Runx1t1/Tsku/Ptprf/Epha3/Ptprg/Nrxn1/Ntn1/Sema3a/Ntm/Ptprs/Dab1/Neo1/Bcl11a/Prag1/Fyn/Spock1/Map4k4/Trpc5/Ptk2/Arf6/Grin2b/Ptprz1/Epha7/Dnm3/Cbfa2t2"
"GO:0035235","GO:0035235","ionotropic glutamate receptor signaling pathway",21,0.586877131769977,1.83238957323616,0.00129011390512227,0.0225956366041646,0.0181958261762909,3336,"tags=76%, list=33%, signal=52%","Grik3/Kalrn/Nrxn1/Gria1/Grin2b/Gria2/Adrb2/Grin3b/Gria4/Tiam1/Cpeb4/Grin1/Grik2/Grin2a/App/Gria3"
"GO:0090100","GO:0090100","positive regulation of transmembrane receptor protein serine/threonine kinase signaling pathway",68,0.405251202350049,1.70994598888071,0.00141402105116267,0.0246162888358513,0.0198230180724347,2493,"tags=41%, list=24%, signal=31%","Acvr2b/Ube2o/Sox11/Crebbp/Bmper/Hipk2/Rnf111/Gpc3/Acvr2a/Neo1/Ep300/Bmpr2/Bmp7/Bmp6/Notch2/Tgfbr3/Bmpr1a/Acvr1/Tgfb2/Cdkn1c/Atoh8/Sulf1/Fermt1/Furin/Parp1/Elapor2/Bmp5/Zfp423"
"GO:0045333","GO:0045333","cellular respiration",164,-0.339215093061383,-1.62542205730982,0.00142173285355577,0.0246162888358513,0.0198230180724347,2703,"tags=41%, list=26%, signal=31%","Sdhaf4/Prdm16/Uqcrq/Ndufa2/Etfrf1/Ndufb3/Cat/Macroh2a1/Cox7a2/Sirt3/Abcc9/Ndufa10/Ndufab1/Mfn2/Chchd5/Fh1/Coa6/Ndufb9/Ireb2/Slc25a25/Cox4i1/Atpsckmt/Mfsd8/mt-Nd6/Sco2/Ppif/Atp5f1c/Akt1/Cox7b2/Atp5pf/Pik3ca/Uqcrh/Ndufb5/Suclg2/Etfdh/Ndufs3/Chchd4/Uqcr11/Msh2/Atp5mf/Ndufb2/Slc25a13/Sod2/Sdhb/Idh3b/Ndufa12/Sucla2/Cisd1/Sdhd/Uqcr10/Bloc1s1/Pm20d1/Cycs/Cs/Ndufs1/Ndufs6/Uqcrc1/Ndufa5/Ndufa8/Ndufv3/Pdhb/Park7/Uqcrb/Dld/Uqcc2/Dlst/Coq7/Idh3a"
"GO:0007032","GO:0007032","endosome organization",62,-0.435441946245473,-1.77452219767596,0.00143759004513434,0.0247494195270287,0.0199302256257261,1554,"tags=35%, list=15%, signal=30%","Chmp2a/Rab5c/Als2cl/Dnm1/Stx6/Synj1/Plekha3/Chmp7/Vps4b/Tmem9/Rnf26rt/Cc2d1a/Chmp2b/Chmp3/Aqp11/Stx7/Chmp1b2/Pheta1/Plekhf1/Snx3/Vps18/Vps11"
"GO:0043583","GO:0043583","ear development",168,0.314587823984455,1.52853614513152,0.00150475334971393,0.0257593370035774,0.020743492504531,3014,"tags=38%, list=29%, signal=27%","Epha4/Chd7/Otog/Kcnq1/Ush2a/Bcl2/Gabra5/Pjvk/Prox1/Kcnk2/Nox3/Gabrb3/Sobp/Tsku/Ntn1/Bmper/Cebpa/Atp2b2/Cdkn1b/Cux1/Kcnk3/Tshz1/Eya1/Pou3f4/Dlx5/Ush1c/Enpp1/Whrn/Bdnf/Bcr/Maf/Tgfb2/Kcnma1/Celsr1/Mafb/Lin7a/Zeb1/Ptk7/Cep290/Ephb2/Igf1/Hey2/Mpv17/Gli3/Myo3a/Nectin1/Bmp5/Rdh10/Clic5/Myo3b/Atp8a2/Fgfr3/Rpgrip1l/Foxg1/Grhl3/Lgr5/Trip11/Alms1/Nectin3/Fzd2/Calb1/Sec24b/Dicer1"
"GO:0022410","GO:0022410","circadian sleep/wake cycle process",25,0.567800496909154,1.87209602754156,0.00156870858459877,0.0258766395578173,0.0208379539673512,2239,"tags=60%, list=22%, signal=47%","Ghrl/Drd2/Gabrb3/Nlgn1/Hcrtr2/Per3/Drd1/Adora2a/Btbd9/Alb/Mtnr1b/Adora1/Adrb1/Parp1/Kcna2"
"GO:0019098","GO:0019098","reproductive behavior",40,0.489047554634328,1.83029373692692,0.0015367843807041,0.0258766395578173,0.0208379539673512,1981,"tags=50%, list=19%, signal=40%","Gabrb3/Ppp1r1b/Kalrn/Thrb/Oprk1/Ncoa1/Acvr2a/Hdac4/Tacr1/Crebrf/Drd1/Drd5/Nr3c1/Npas3/Nlgn4l/Grn/Brinp1/Aplp2/Cnr1/Ar"
"GO:0050775","GO:0050775","positive regulation of dendrite morphogenesis",52,0.453945210808494,1.78572044112055,0.00152185488549631,0.0258766395578173,0.0208379539673512,2617,"tags=48%, list=26%, signal=36%","Epha4/Il1rapl1/Dbn1/Cux2/Kalrn/Ptprf/Lrp8/Cdkl5/Cask/Itpka/Ss18l1/Cux1/Met/Akap5/Grip1/Tnik/Tiam1/Fbxw8/Ephb2/Caprin2/Afdn/Wls/Dhx36/Cul7/Parp6"
"GO:0050974","GO:0050974","detection of mechanical stimulus involved in sensory perception",34,0.498256154271578,1.77961657839956,0.00159243680834061,0.0258766395578173,0.0208379539673512,1043,"tags=29%, list=10%, signal=27%","Asic2/Kcnq1/Pjvk/Grm8/Kcnk2/Pawr/Atp2b2/Fyn/Bace1/Grin2b"
"GO:0021545","GO:0021545","cranial nerve development",34,0.497993310128438,1.77867778057307,0.00159243680834061,0.0258766395578173,0.0208379539673512,2267,"tags=47%, list=22%, signal=37%","Sema3f/Chd7/Kcnc1/Ext1/Slc24a4/Plxna4/Sema3a/Ephb1/Dmd/Nav2/Kcnc2/Mafb/Plxna1/Ephb2/Kcna2/Gli3"
"GO:0048512","GO:0048512","circadian behavior",52,0.451637643830206,1.7766429810565,0.00161408741796286,0.0258766395578173,0.0208379539673512,2239,"tags=52%, list=22%, signal=41%","Kcnd2/Ghrl/Drd2/Six3/Zfhx3/Gabrb3/Nlgn1/Hcrtr2/Cntnap2/Mapk10/Npas2/Per3/Drd1/Adora2a/Btbd9/Ankfn1/Alb/Kcnma1/Mtnr1b/Adora1/Adrb1/Usp2/Ncor1/2510009E07Rik/Parp1/Mtor/Kcna2"
"GO:0061614","GO:0061614","miRNA transcription",56,0.437879334458372,1.75742908424698,0.00157779572665793,0.0258766395578173,0.0208379539673512,2475,"tags=50%, list=24%, signal=38%","Foxo3/Ncor2/Egfr/Srebf2/Klf5/Ddx17/Smad6/Nfatc3/Hdac4/Smad3/Smad1/Tead1/Nr3c1/Mrtfa/Srebf1/Mrtfb/Notch2/Ets1/Bmpr1a/Smarca4/Tgfb2/Atoh8/Ar/Ncor1/Srf/Pax6/Ctcf/Tert"
"GO:0007006","GO:0007006","mitochondrial membrane organization",73,-0.418568454323741,-1.75635129599171,0.00155192471732607,0.0258766395578173,0.0208379539673512,2761,"tags=47%, list=27%, signal=34%","Afg3l2/Letm1/Tmem11/Cox18/Ghitm/Timm10/Romo1/Opa1/Tomm70a/Mfn2/Slc35f6/Bnip3l/Hk2/Cln8/Siva1/Ppif/Tmem14a/Tmem126a/Gclc/Pex5/Spg7/Micos13/Pdcd5/Dynlt1c/Samm50/Maip1/Cibar1/Vdac2/Bok/Tomm22/Hspa4/Immt/Apool/Bnip3"
"GO:0045669","GO:0045669","positive regulation of osteoblast differentiation",56,0.437262105601011,1.75495183569881,0.00157779572665793,0.0258766395578173,0.0208379539673512,2268,"tags=43%, list=22%, signal=34%","Acvr2b/Ppp3ca/Sox11/Cebpa/Prkd1/Acvr2a/Bmpr2/Smad1/Cd276/Bmp7/Bmp6/Fbxo5/Dlx5/Fzd1/Fam20c/Bmpr1a/Acvr1/Wnt7b/Lrp5/Atraid/Igf1/Nell1/Gli3/Tent5a"
"GO:0090659","GO:0090659","walking behavior",42,0.465406676251827,1.73962973735454,0.00160985984928949,0.0258766395578173,0.0208379539673512,1759,"tags=43%, list=17%, signal=36%","Epha4/Chd7/Drd2/Cntn2/Cntnap2/Cacna1c/Klhl1/Hipk2/Dab1/Drd1/Dmd/Enpp1/Scn8a/Large1/Ulk4/Hexa/Kcnma1/Fkrp"
"GO:0035418","GO:0035418","protein localization to synapse",87,0.387175030217483,1.69553554420335,0.00157361633227963,0.0258766395578173,0.0208379539673512,1602,"tags=33%, list=16%, signal=28%","Asic2/Nrxn3/Cnih3/Nlgn1/Kalrn/Gpc6/Mapk10/Cacng2/Nrxn1/Dlgap1/Hspb1/Cacna2d2/Dlg2/Nbea/Cacng3/Clstn3/Lhfpl4/Gpc4/Magi2/Pclo/Mpp4/Rapsn/Erbb4/Grip1/Bsn/Lrrc7/Gphn/Tnik/Neto2"
"GO:0048738","GO:0048738","cardiac muscle tissue development",168,0.31324560343833,1.52201449215237,0.00160440447791119,0.0258766395578173,0.0208379539673512,2392,"tags=35%, list=23%, signal=27%","Chd7/Tenm4/Foxp1/Sgcd/Prkg1/Fhod3/Prox1/Kcnk2/Popdc2/Arid1a/Ccnd2/Sgcg/Meis1/Nebl/Ep300/Met/Akap13/Smad1/Bmp7/Sox6/Sorbs2/Ctdp1/Ski/Nr3c1/Col14a1/Sgcz/Arid2/Erbb4/Mrtfb/Slc8a1/Map2k4/Tgfbr3/Large1/Bmpr1a/Acvr1/Tgfb2/Rarb/Rxra/Adrb1/Vgll4/Efnb2/Hnrnpu/Ccm2l/Gsk3b/Myo18b/Ttn/Myh10/Igf1/Hey2/Srf/Lrp2/Abl1/Mtor/Calr/Lrp6/Tnnc1/Nox4/Ctcf/Bmp5"
"GO:0048639","GO:0048639","positive regulation of developmental growth",137,0.332757220788182,1.57862442743344,0.00163714692227634,0.0261081851289332,0.0210244131071277,2260,"tags=37%, list=22%, signal=29%","Cdh4/Chd7/Drd2/Bcl2/Dscam/Dbn1/Igf1r/Prox1/Ntrk3/Pou3f2/Ccnd2/Cdkl5/Ntn1/Cacna2d2/Syt1/Plcb1/Pum2/Agrn/Bcl11a/Ep300/Bmpr2/Sh3pxd2b/Adnp/Trpc5/Nr3c1/Erbb4/Pou1f1/Adrb2/Tgfbr3/Bmpr1a/Bdnf/Hsf1/Ybx3/Slc23a2/Sash3/Ist1/Adrb1/Gsk3b/Prkn/Cpne9/Itsn2/Igf1/Celf1/Hey2/Srf/Syt17/Mtor/Islr2/Sema5a/Afdn/Bbs2"
"GO:0055013","GO:0055013","cardiac muscle cell development",71,0.396439522134162,1.67458406215732,0.00165215318865338,0.0262095505843966,0.0211060407346296,2178,"tags=41%, list=21%, signal=32%","Foxp1/Sgcd/Prkg1/Fhod3/Prox1/Popdc2/Meis1/Nebl/Ep300/Met/Akap13/Sorbs2/Ctdp1/Nr3c1/Col14a1/Slc8a1/Map2k4/Large1/Bmpr1a/Adrb1/Hnrnpu/Gsk3b/Myo18b/Ttn/Myh10/Igf1/Hey2/Srf/Mtor"
"GO:0051085","GO:0051085","chaperone cofactor-dependent protein refolding",25,-0.566068898175295,-1.86392123184055,0.00181041318593883,0.0271808026911549,0.0218881711440323,2441,"tags=48%, list=24%, signal=37%","Hspa13/Hspa8/Hspa9/St13/Hspe1-rs1/Dnajb1/Hspa2/Tor2a/Tor1a/Dnajb14/Bag1/Ptges3"
"GO:0006458","GO:0006458","'de novo' protein folding",38,-0.499470261449052,-1.81492347731353,0.0017941492093557,0.0271808026911549,0.0218881711440323,2468,"tags=42%, list=24%, signal=32%","Cct4/Hspa13/Hspa8/Hspa9/St13/Hspe1-rs1/Dnajb1/Cct2/Hspa2/Chchd4/Tor2a/Tor1a/Dnajb14/Bag1/Cct8/Ptges3"
"GO:0098703","GO:0098703","calcium ion import across plasma membrane",26,0.546472033756469,1.81217462519235,0.00177956263041785,0.0271808026911549,0.0218881711440323,2003,"tags=62%, list=20%, signal=50%","Ppp3ca/Slc24a4/Pawr/Cacna1c/Cacna1e/Cacna1b/Cacna1d/Slc8a3/Nalf2/Fyn/Akap5/Slc8a1/Adrb2/Trpv3/Adrb1/Trpv1"
"GO:1902656","GO:1902656","calcium ion import into cytosol",26,0.546472033756469,1.81217462519235,0.00177956263041785,0.0271808026911549,0.0218881711440323,2003,"tags=62%, list=20%, signal=50%","Ppp3ca/Slc24a4/Pawr/Cacna1c/Cacna1e/Cacna1b/Cacna1d/Slc8a3/Nalf2/Fyn/Akap5/Slc8a1/Adrb2/Trpv3/Adrb1/Trpv1"
"GO:0055017","GO:0055017","cardiac muscle tissue growth",79,0.394328226360471,1.70100598808414,0.00175703914873335,0.0271808026911549,0.0218881711440323,2178,"tags=38%, list=21%, signal=30%","Tenm4/Foxp1/Prkg1/Kcnk2/Ccnd2/Meis1/Ep300/Akap13/Smad1/Sorbs2/Ctdp1/Ski/Nr3c1/Col14a1/Arid2/Erbb4/Map2k4/Tgfbr3/Bmpr1a/Tgfb2/Rxra/Adrb1/Vgll4/Ccm2l/Gsk3b/Myh10/Igf1/Hey2/Abl1/Mtor"
"GO:0008344","GO:0008344","adult locomotory behavior",78,0.393899558983347,1.69724020235459,0.0017421173725233,0.0271808026911549,0.0218881711440323,1759,"tags=36%, list=17%, signal=30%","Epha4/Chd7/Otog/Drd2/Cntn2/Atxn1/Kalrn/Cacna1c/Ccnd2/Klhl1/Fgf14/Hipk2/Dab1/Drd1/Btbd9/Fgf12/Chl1/Ntsr1/Gigyf2/Enpp1/Scn8a/Inpp5f/Shank2/Ulk4/Hexa/Kcnma1/Eps8/Fkrp"
"GO:0022037","GO:0022037","metencephalon development",112,0.35266385752497,1.62560501710918,0.00177287436312121,0.0271808026911549,0.0218881711440323,2341,"tags=36%, list=23%, signal=28%","Foxp2/Bcl2/Prkg1/Kcnc1/Igf1r/Prox1/Gabrb3/mt-Nd4/Wnt7a/Cntnap2/Klhl1/Nrxn1/Pdss2/Myo16/Ptprs/Dab1/Grid2/Ncoa1/Atp2b2/Rora/Hnrnpd/mt-Co1/Ttbk2/Ogdh/Nlgn4l/Faim2/Ezh2/Whrn/Ldb1/Kif14/Gba1/Sstr3/Atrn/Myh10/Abl1/Lrp6/Ulk1/Nanos1/Pax6/Kndc1"
"GO:0050770","GO:0050770","regulation of axonogenesis",135,0.341353778454849,1.61652547193482,0.00175536421603401,0.0271808026911549,0.0218881711440323,2270,"tags=36%, list=22%, signal=28%","Cdh4/Sema3f/Epha4/Robo1/Fgf13/Dscam/Dbn1/Lrrc4c/Cntn2/Ntrk3/Plxnb2/Wnt7a/Chodl/Pou3f2/Cdkl5/Ntn1/Sema3a/Ust/Ptprs/Dab1/Bcl11a/Ep300/Bmpr2/Robo2/Adnp/Trpc5/Ptk2/Epha7/Slitrk1/Brsk2/Bdnf/Kif13b/Cdh2/Lrp4/Tnr/Map2/Sipa1l1/Ist1/Ephb3/Tiam1/Gsk3b/Slit2/Ephb2/Mbp/Srf/Islr2/Sema5a/Ulk1"
"GO:0050806","GO:0050806","positive regulation of synaptic transmission",145,0.332697549459391,1.58961787225072,0.00179246393686693,0.0271808026911549,0.0218881711440323,2509,"tags=37%, list=24%, signal=29%","Epha4/Drd2/Ptpn5/Egfr/Cckbr/Nlgn1/Htr2c/Pde9a/Cacng4/Cacng2/Nrxn1/Cacna1b/Syt1/Cacng3/Cacna1d/Slc8a3/Tacr1/Drd1/Gria1/Adora2a/Clstn3/Akap5/Prkce/Crtc1/Nptn/Ptk2/Nalcn/Grin2b/Rapsn/Chrd/Adcy1/Erbb4/Gria2/Enpp1/Large1/Gpr158/Shank2/Tnr/Gria4/Adora1/Adrb1/Gsk3b/Mme/Crhr2/Ephb2/Abl1/Tshz3/Nsg1/Crhr1/Adcy8/Mir138-2/Slc8a2/Lgi1/Fmr1"
"GO:0034764","GO:0034764","positive regulation of transmembrane transport",145,0.331868070706297,1.58565465024108,0.00181205351274366,0.0271808026911549,0.0218881711440323,1473,"tags=25%, list=14%, signal=22%","Cftr/Dpp6/Kcnq1/Fgf13/Kcnc1/Ppp3ca/Prkcd/Capn10/Rhoq/Ano6/Cacna1c/Fgf14/Kcnip2/Plcb1/Plcg1/Gpc3/Oprk1/Akap9/Cacna1d/Ank3/Wnk2/Met/Drd1/Cacnb2/Akap5/Azin2/Dmd/Atp1b1/Rnf207/Ank2/Ntsr1/Erbb4/Lrrc38/Adrb2/Kcnc2/Cemip"
"GO:0015931","GO:0015931","nucleobase-containing compound transport",153,-0.326889815965535,-1.54950305897269,0.00172867626337263,0.0271808026911549,0.0218881711440323,2642,"tags=35%, list=26%, signal=26%","Abcc6/Ndc1/Ssb/Nup54/Nup88/Thoc7/Hnrnpa3/Ckap5/Casc3/Xpot/Slc25a25/Lrrc8c/Magoh/Nup98/Tnks/Igf2bp2/Pcid2/Arc/Mrpl18/Rftn1/Mapt/Nutf2/Thoc1/Ran/Nup107/Eif4e/Slc35b2/Nsun2/Lrrc8b/Nup210/Abcc4/Slc35b3/Chtop/Abcc1/Sem1/Zfp36l1/Supt6/Nup214/Ncbp2/Abcc5/Nup35/Rae1/Sec13/Mcm3ap/Slc25a17/Eny2/Eif4a3/Slc25a36/Fxr1/Sidt1/Hnrnpa2b1/Nup133/Calhm2"
"GO:0034250","GO:0034250","positive regulation of amide metabolic process",25,0.564371119220012,1.86078902026748,0.00183172267500276,0.0273404911589082,0.0220167651576687,801,"tags=28%, list=8%, signal=26%","Lrrtm3/Epha4/Abcg1/Smpd3/Prkcd/Slc2a13/Pla2g6"
"GO:0098869","GO:0098869","cellular oxidant detoxification",35,-0.51052090682565,-1.82207317450892,0.00184633408248524,0.0274066981992909,0.0220700803981089,2639,"tags=54%, list=26%, signal=40%","Nfe2l2/Gpx3/Cat/Gpx4/Txnrd1/Sesn2/Prdx1/Prdx4/Mgst3/Prdx3/Sod1/Sod2/Cygb/Trp53inp1/Park7/Sesn1/Gstk1/Cp/Ptgs1"
"GO:0030501","GO:0030501","positive regulation of bone mineralization",33,0.512180999790219,1.82036013458406,0.00187175258605412,0.0274066981992909,0.0220700803981089,2603,"tags=61%, list=25%, signal=45%","Acvr2b/Asxl2/Ano6/Acvr2a/Bmpr2/Smad3/Cd276/Bmp7/Bmp6/Fam20c/Slc8a1/Adrb2/Bmpr1a/Acvr1/Atraid/Rxra/Nell1/Tent5a/Slc20a2/Fgfr3"
"GO:0051590","GO:0051590","positive regulation of neurotransmitter transport",23,0.566261359906238,1.81999245349266,0.00187233878787235,0.0274066981992909,0.0220700803981089,890,"tags=35%, list=9%, signal=32%","Drd2/Nlgn1/Htr2c/Cacna1b/Rab3b/Syt1/Cacna1d/Adora2a"
"GO:0009060","GO:0009060","aerobic respiration",133,-0.341428707276404,-1.5981974762835,0.00185942436673359,0.0274066981992909,0.0220700803981089,2423,"tags=38%, list=24%, signal=29%","Cat/Macroh2a1/Cox7a2/Sirt3/Ndufa10/Ndufab1/Mfn2/Fh1/Coa6/Ndufb9/Ireb2/Cox4i1/Atpsckmt/mt-Nd6/Ppif/Atp5f1c/Akt1/Cox7b2/Atp5pf/Uqcrh/Ndufb5/Suclg2/Ndufs3/Uqcr11/Msh2/Atp5mf/Ndufb2/Sdhb/Idh3b/Ndufa12/Sucla2/Sdhd/Uqcr10/Bloc1s1/Cycs/Cs/Ndufs1/Ndufs6/Uqcrc1/Ndufa5/Ndufa8/Ndufv3/Pdhb/Park7/Uqcrb/Dld/Uqcc2/Dlst/Coq7/Idh3a"
"GO:0046330","GO:0046330","positive regulation of JNK cascade",63,0.421154190818568,1.7480009686007,0.00188753017763197,0.027496232876081,0.0221421809299134,1982,"tags=40%, list=19%, signal=32%","Wnt7a/Rasgrp1/Sh3rf3/Hipk2/Taok1/Plcb1/Mfhas1/Myoc/Tpd52l1/Map4k4/Ccdc88c/Fgd4/Map2k4/Dusp22/Card9/Tnik/Dab2ip/Wnt7b/Ripk1/Map3k7/Sh3rf1/Rb1cc1/Rassf2/Taok3/Mapk8ip1"
"GO:0019228","GO:0019228","neuronal action potential",42,0.460553411236902,1.72148886277315,0.00191945388081057,0.0278274892768231,0.0224089352592239,2509,"tags=52%, list=24%, signal=40%","Kcnd2/Dpp6/Kcnk2/Kcnq2/Pawr/Cntnap2/Ank3/Drd1/Cacna1i/Gria1/Fgf12/Kcnq3/Scn8a/Kcnma1/Mtnr1b/Gba1/Glra1/Mtor/Kcna2/Pmp22/Scn10a/Fmr1"
"GO:0044331","GO:0044331","cell-cell adhesion mediated by cadherin",31,0.518872056466934,1.82912787802519,0.00197429228128084,0.028217479303212,0.0227229866336096,2361,"tags=52%, list=23%, signal=40%","Cdh4/Cdh6/Plekha7/Cdh22/Mmp24/Cdh9/Cdh18/Cdh20/Bmp6/Cdh2/Cdh10/Cdh15/Cdh7/Afdn/Cdh8/Tjp1"
"GO:1903037","GO:1903037","regulation of leukocyte cell-cell adhesion",165,0.316703960691228,1.54408567121008,0.00196734117880034,0.028217479303212,0.0227229866336096,2273,"tags=33%, list=22%, signal=26%","Foxo3/Igfbp2/B2m/Nck2/Ppp3ca/Arid1a/Pawr/Rasgrp1/Sox12/Rc3h1/Fut9/Adk/Hspb1/St3gal4/Ambra1/Sox13/Ep300/Zmiz1/Adora2a/Socs1/Cd276/Ptpn6/Ap3d1/Slc4a1/Arid2/Ets1/Itpkb/Egr3/Fbxo38/Sox4/Fcho1/Dusp22/Rhoh/Smarca4/Pbrm1/Cd74/Flot2/Sash3/Efnb2/Ptprc/Nrarp/Nfat5/Pik3r6/Efnb1/Smarcd2/Igf1/Abl1/Ephb6/Tnfrsf21/Irf1/Mad1l1/Peli1/Gli3/Nfkbiz"
"GO:0007159","GO:0007159","leukocyte cell-cell adhesion",183,0.306354364394967,1.50094535792815,0.00196890014405583,0.028217479303212,0.0227229866336096,2273,"tags=32%, list=22%, signal=25%","Foxo3/Igfbp2/B2m/Pecam1/Nck2/Ppp3ca/Ext1/Arid1a/Pawr/Rasgrp1/Sox12/Rc3h1/Fut9/Adk/Hspb1/St3gal4/Ambra1/Sox13/Ep300/Zmiz1/Adora2a/Socs1/Cd276/Bmp7/Ptpn6/Ap3d1/Slc4a1/Arid2/Ets1/Itpkb/Egr3/Fbxo38/Sox4/Fcho1/Dusp22/Rhoh/Smarca4/Pbrm1/Cd74/Flot2/Sash3/Efnb2/Ptprc/Stk10/Nrarp/Nfat5/Pik3r6/Efnb1/Smarcd2/Igf1/Abl1/Ephb6/Tnfrsf21/Irf1/Mad1l1/Peli1/Gli3/Nfkbiz"
"GO:0031128","GO:0031128","developmental induction",23,0.563516363682569,1.81116989775131,0.00202063818265297,0.0287442896405563,0.02314721674025,1143,"tags=30%, list=11%, signal=27%","Robo1/Six3/Pou2f1/Hipk2/Robo2/Nkx2-1/Sox8"
"GO:1901861","GO:1901861","regulation of muscle tissue development",27,0.538102581292625,1.80411637840279,0.00204117312353359,0.0289007222631158,0.0232731888851493,2139,"tags=52%, list=21%, signal=41%","Luc7l/Bcl2/Boc/Tcf7l2/Sirt2/Smad3/Igfbp5/Mrtfb/Adrb2/Bdnf/Ybx3/Usp2/Cenpf/Hdac9"
"GO:0043954","GO:0043954","cellular component maintenance",72,0.405804574150798,1.72834815600578,0.00205790405077567,0.0289350510390848,0.023300833179989,1795,"tags=40%, list=18%, signal=33%","Adgrl3/Cadm1/Plekha7/Pjvk/Igf1r/C1ql1/Adgrb3/Nlgn1/Plxna4/Cntnap2/Nrxn1/Sema3a/Dlg2/Itpka/Fyn/Erc1/Cbln2/Arf6/Grin2b/Rimbp2/Pclo/Rapsn/Grn/Bsn/Ctbp2/Whrn/Mtss1/Kirrel1/Dgkz"
"GO:0060419","GO:0060419","heart growth",84,0.381773764448471,1.65569352937755,0.00206269670773674,0.0289350510390848,0.023300833179989,2178,"tags=38%, list=21%, signal=30%","Tenm4/Foxp1/Prkg1/Prox1/Kcnk2/Ccnd2/Meis1/Ep300/Akap13/Smad1/Sorbs2/Ctdp1/Ski/Nr3c1/Col14a1/Arid2/Erbb4/Map2k4/Tgfbr3/Bmpr1a/Tgfb2/Rxra/Adrb1/Vgll4/Ccm2l/Gsk3b/Ttn/Myh10/Igf1/Hey2/Abl1/Mtor"
"GO:0046394","GO:0046394","carboxylic acid biosynthetic process",188,-0.30680533439922,-1.50014154615116,0.0020908504143,0.0291948237572765,0.0235100230916682,2521,"tags=30%, list=25%, signal=23%","Hacd2/Erlin1/Fads1/Aasdhppt/Asl/Edn1/Cad/Decr2/Myo5a/Uros/Pnpla8/Ndufab1/Prkab1/Dse/Abhd3/Ldha/Mgst3/Wdtc1/Got1/Enoph1/Acss1/Acsbg1/Psph/Fasn/Abhd2/Asns/Got2/Asnsd1/Pycr1/Errfi1/Nanp/Prkaa2/Apip/Adi1/Lipc/Eif6/Cyp39a1/Hpgds/Pdk4/Acly/Oat/Acadl/Park7/Cbr4/Fabp5/Glul/Mcat/Ptges3/Klhl25/Acsm1/Pkm/Slc27a5/Tecr/Gstp3/Pecr/Ugp2/Ptgs1"
"GO:0030490","GO:0030490","maturation of SSU-rRNA",35,-0.502719923158127,-1.79423109618199,0.00217537378313339,0.0299928856698587,0.0241526868100512,3359,"tags=60%, list=33%, signal=40%","Bysl/Fcf1/Bms1/Nol11/Nol7/Riok1/Nop14/Ddx52/Gtf2h5/Pwp2/Rps14/Nat10/Riok3/Rps8/Ngdn/Tbl3/Lsm6/Dcaf13/Rps16/Rps28/Rps21"
"GO:0030166","GO:0030166","proteoglycan biosynthetic process",62,0.41464565096593,1.7177407774358,0.00217770126975871,0.0299928856698587,0.0241526868100512,2118,"tags=39%, list=21%, signal=31%","Hs6st3/Chst11/Ext1/B4galnt4/Hs6st2/Hs3st4/Ndst4/Chsy1/Csgalnact2/Tcf7l2/Bmpr2/Hs6st1/Fam20b/Hs3st3b1/Chst8/Ndst2/Hs3st3a1/Ndst1/Csgalnact1/Hs3st5/Chst9/B4galt4/Chst12/Igf1"
"GO:0030500","GO:0030500","regulation of bone mineralization",54,0.428256078161593,1.70052742335533,0.00216458258741077,0.0299928856698587,0.0241526868100512,2624,"tags=46%, list=26%, signal=35%","Ank/Acvr2b/Asxl2/Ano6/Bcor/Acvr2a/Bmpr2/Smad3/Cd276/Bmp7/Bmp6/Fam20c/Enpp1/Slc8a1/Adrb2/Bmpr1a/Acvr1/Atraid/Rxra/Nell1/Notum/Tent5a/Slc20a2/Fgfr3/Ddr2"
"GO:0071763","GO:0071763","nuclear membrane organization",30,-0.541280335565242,-1.85362240248909,0.00223752731979434,0.0305392242296255,0.0245926426139558,1795,"tags=43%, list=18%, signal=36%","Chmp5/Chmp4b/Chmp2a/Chmp7/Tor1a/Vps4b/Ubxn2a/Brox/Chmp2b/Chmp3/Chmp1b2/Dctn1/Ubxn2b"
"GO:0009142","GO:0009142","nucleoside triphosphate biosynthetic process",88,-0.390718741875903,-1.70997234044224,0.00222986825536641,0.0305392242296255,0.0245926426139558,2314,"tags=42%, list=23%, signal=33%","Hnf1a/Tbpl1/Eno1/Ndufa2/Ndufb3/Cad/Ndufa10/Ndufab1/Ndufb9/Nme1/Atpsckmt/Tyms/Cox11/mt-Nd6/Atp5f1c/Atp5pf/Ndufb5/Ctps1/Ndufs3/Atp5mc3/Atp5mf/Ndufb2/Slc25a13/Dmac2l/Sdhb/Ndufa12/Sdhd/Uck1/Map2k1/Ndufs1/Ndufs6/Ndufa5/Ndufa8/Ndufv3/Atp6v1a/Pid1/Tmsb4x"
"GO:0003231","GO:0003231","cardiac ventricle development",92,0.365882700633744,1.62027927300692,0.00229834246861613,0.0311567712581237,0.0250899412111623,2946,"tags=46%, list=29%, signal=33%","Robo1/Chd7/Prox1/Kcnk2/Sox11/Slit3/Lmo4/Smad6/Bmpr2/Robo2/Matr3/Hectd1/Fzd1/Rnls/Tgfbr3/Sox4/Bmpr1a/Smarca4/Acvr1/Tgfb2/Rxra/Fgfrl1/Greb1l/Ptk7/Ccm2l/Nfatc1/Slit2/Wnt11/Hey2/Lrp2/Lrp6/Tnnc1/Cntrl/Sufu/Ltbp1/Egln1/Ly6e/Ahr/Luzp1/Trip11/Smarcd3/Fzd2"
"GO:0050863","GO:0050863","regulation of T cell activation",174,0.305569018293939,1.4861414912494,0.00230333886528703,0.0311567712581237,0.0250899412111623,2273,"tags=32%, list=22%, signal=25%","Foxo3/Igfbp2/B2m/Nck2/Ppp3ca/Arid1a/Pawr/Rasgrp1/Sox12/Rc3h1/Adk/Hspb1/Ambra1/Sox13/Ep300/Zmiz1/Adora2a/Socs1/Cd276/Ptpn6/Ap3d1/Slc4a1/Arid2/Itpkb/Drosha/Egr3/Tox/Fbxo38/Sox4/Fcho1/Dusp22/Rhoh/Smarca4/Rorc/Pbrm1/Cd74/Flot2/Sh3rf1/Sash3/Zeb1/Efnb2/Ptprc/Nrarp/Mapk8ip1/Pik3r6/Efnb1/Smarcd2/Igf1/Abl1/Ephb6/Tnfrsf21/Irf1/Mad1l1/Peli1/Gli3/Nfkbiz"
"GO:1902742","GO:1902742","apoptotic process involved in development",25,0.554977921987749,1.82981869297795,0.002322215009325,0.03127249545891,0.02518313165668,1965,"tags=52%, list=19%, signal=42%","Six3/Xkr6/Xkr4/Slit3/Bmp7/Enpp1/Tgfbr3/Wnt7b/Tgfb2/Kif1b/Lrp5/Chek1/Xkr8"
"GO:0006693","GO:0006693","prostaglandin metabolic process",29,-0.543002896627888,-1.8551282746108,0.00234018697765808,0.0313750731960353,0.0252657355109987,878,"tags=41%, list=9%, signal=38%","Akr1b1/Mif/Edn1/Pnpla8/Ptgr2/Tnfrsf1a/Hpgds/Fabp5/Ptges3/Comt/Gstp3/Ptgs1"
"GO:0086003","GO:0086003","cardiac muscle cell contraction",45,0.456341115113755,1.72109068113494,0.00236861030127336,0.0316162520390233,0.0254599521370352,1871,"tags=40%, list=18%, signal=33%","Kcnq1/Fgf13/Sgcd/Cacna1h/Kcne2/Kcnd3/Cacna1c/Akap9/Cacna1d/Cacnb2/Scn2b/Rnf207/Ank2/Cacna2d1/Adora1/Adrb1/Atp1a1/Hcn4"
"GO:0021549","GO:0021549","cerebellum development",103,0.361963478705597,1.64181335993785,0.00240780702409882,0.0319984880834185,0.0257677593807067,2341,"tags=38%, list=23%, signal=30%","Foxp2/Prkg1/Kcnc1/Igf1r/Prox1/Gabrb3/mt-Nd4/Wnt7a/Cntnap2/Klhl1/Nrxn1/Pdss2/Myo16/Ptprs/Dab1/Grid2/Ncoa1/Atp2b2/Rora/Hnrnpd/mt-Co1/Ttbk2/Ogdh/Nlgn4l/Faim2/Ezh2/Whrn/Ldb1/Kif14/Gba1/Sstr3/Atrn/Myh10/Abl1/Lrp6/Ulk1/Nanos1/Pax6/Kndc1"
"GO:0042255","GO:0042255","ribosome assembly",42,-0.467026456572849,-1.74256696198707,0.00242358650022913,0.0320622365979566,0.0258190948181565,2934,"tags=52%, list=29%, signal=38%","Nop2/Nip7/Bop1/Eif2a/Noa1/Mrto4/Mrm2/C1qbp/Ddx3x/Pwp2/Rpl5/Rps14/Fastkd2/Rpl38/Rpf2/Eif6/Rrp7a/Mcat/Rpl24/Mterf3/Rps28/Eif1ax"
"GO:0060998","GO:0060998","regulation of dendritic spine development",70,0.401320637255792,1.69508146543886,0.002442783901522,0.0320622365979566,0.0258190948181565,2685,"tags=43%, list=26%, signal=32%","Il1rapl1/Dbn1/Ngef/Nlgn1/Cux2/Kalrn/Crebbp/Lrp8/Ppfia2/Cdkl5/Ptprs/Cask/Itpka/Arf6/Nr3c1/Grn/Dnm3/Pbrm1/Tiam1/D16Ertd472e/Mapk6/Ephb2/Caprin2/Mtor/Afdn/Itsn1/Fmr1/Dhx36/Tanc2/Sdk1"
"GO:0061025","GO:0061025","membrane fusion",122,-0.355451232405812,-1.63501975746804,0.00244434873073531,0.0320622365979566,0.0258190948181565,2387,"tags=36%, list=23%, signal=28%","Pikfyve/Opa1/Vamp3/Trim9/Uvrag/Chmp5/Yipf5/Stx2/Cplx2/Stx18/Bnip1/Stx16/Rab3a/Yipf7/Chmp4b/Chmp2a/Rufy1/Stx1a/Stx6/Hyal5/Chmp7/Snap23/Myof/Adam8/Rph3a/Ubxn2a/Chmp2b/Chmp3/Vps39/Snap29/Stx7/Snap47/Chmp1b2/Pip4k2b/Rab8a/Rab14/Stx19/Ankfy1/Stx3/Ubxn2b/Bet1/Yipf4/Vps11/Vamp1"
"GO:0006692","GO:0006692","prostanoid metabolic process",30,-0.535954455051121,-1.83538384700259,0.00257596938766321,0.0336430484681876,0.0270920918357682,2899,"tags=43%, list=28%, signal=31%","Akr1b1/Mif/Edn1/Pnpla8/Ptgr2/Mgst3/Tnfrsf1a/Hpgds/Fabp5/Ptges3/Comt/Gstp3/Ptgs1"
"GO:0033173","GO:0033173","calcineurin-NFAT signaling cascade",33,0.503544328335086,1.78966424305574,0.00263497099898225,0.0339743069230477,0.0273588478192199,2178,"tags=48%, list=21%, signal=38%","Ppp3ca/Adgrb2/Rcan1/Nfatc3/Akap5/Sppl3/Atp2b4/Homer3/Ptbp1/Rcan2/Homer2/Gsk3b/Nfat5/Nfatc1/Igf1/Mtor"
"GO:0097120","GO:0097120","receptor localization to synapse",82,0.374366953611705,1.62554124422074,0.00262404786344343,0.0339743069230477,0.0273588478192199,1602,"tags=33%, list=16%, signal=28%","Nrxn3/Cep112/Dbn1/Cnih3/Nlgn1/Kalrn/Gpc6/Mapk10/Cacng4/Cacng2/Nrxn1/Cacna2d2/Dlg2/Nbea/Cacng3/Lhfpl4/Gpc4/Nptn/Magi2/Shisa6/Rapsn/Erbb4/Grip1/Lrrc7/Gphn/Tnik/Neto2"
"GO:0002696","GO:0002696","positive regulation of leukocyte activation",173,0.309872243601922,1.50950180672673,0.00261273428482377,0.0339743069230477,0.0273588478192199,2273,"tags=32%, list=22%, signal=26%","Cftr/Foxo3/Bcl2/Igfbp2/B2m/Nck2/Ppp3ca/Plpp6/Arid1a/Rasgrp1/Sox12/Adk/Ambra1/Cebpa/Sox13/Ep300/Zmiz1/Tacr1/Socs1/Cd276/Shld2/Ap3d1/Slc4a1/Arid2/Itpkb/Egr3/Tox/Fbxo38/Sox4/Fcho1/Rhoh/Smarca4/Pbrm1/Cd74/Xrcc6/Kmt5b/Atad5/Flot2/Sash3/Efnb2/Ptprc/Pms2/Gas6/Sh3kbp1/Pik3r6/Ephb2/Efnb1/Smarcd2/Igf1/Vav3/Abl1/Ephb6/Irf1/Peli1/Gli3/Nfkbiz"
"GO:0002088","GO:0002088","lens development in camera-type eye",61,0.412965344639311,1.69908827713724,0.00267851059680336,0.0342442494021695,0.0275762272413511,1598,"tags=31%, list=16%, signal=26%","Six3/Spred2/Prox1/Ntrk3/Pou2f1/Sox11/Hipk2/Abi2/Nhs/Meis1/Bcar3/Cdkn1b/Smad3/Sox1/Ski/Smarca4/Plaat1/Maf/Cdkn1c"
"GO:0045667","GO:0045667","regulation of osteoblast differentiation",100,0.369519377348467,1.66943101015156,0.00266855179694497,0.0342442494021695,0.0275762272413511,2268,"tags=40%, list=22%, signal=31%","Acvr2b/Ppp3ca/Smoc1/Vegfc/Sox11/Fndc3b/Cebpa/Prkd1/Acvr2a/Smad6/Bmpr2/Hdac4/Smad3/Smad1/Ptk2/Cd276/Bmp7/Bmp6/Igfbp5/Ski/Chrd/Fbxo5/Dlx5/Fzd1/Fam20c/Axin2/Bmpr1a/Acvr1/Wnt7b/Cdk6/Lrp5/Atraid/Rassf2/Crim1/Gsk3b/Nfatc1/Igf1/Nell1/Gli3/Tent5a"
"GO:1902305","GO:1902305","regulation of sodium ion transmembrane transport",33,0.501230856788142,1.78144185413801,0.00270765871724981,0.0343272213944223,0.0276430429710859,1342,"tags=36%, list=13%, signal=32%","Kcnq1/Fgf13/Fgf14/Plcb1/Agrn/Ank3/Wnk2/Fgf12/Dmd/Scn2b/Atp1b1/Atp2b4"
"GO:0032228","GO:0032228","regulation of synaptic transmission, GABAergic",33,0.500308491782239,1.77816364489758,0.00270765871724981,0.0343272213944223,0.0276430429710859,1861,"tags=45%, list=18%, signal=37%","Plcl1/Drd2/Cckbr/Kcnk2/Nlgn1/Cntnap2/Nrxn1/Tacr1/Adora2a/Prkce/Nalcn/Erbb4/Bdnf/Adora1/Cnr1"
"GO:0007041","GO:0007041","lysosomal transport",100,-0.371821313867768,-1.64858287614216,0.0027343825319862,0.0345128904846196,0.0277925586740831,1039,"tags=23%, list=10%, signal=21%","Lhcgr/Chmp7/Vps4b/Vps33a/Rhob/Chmp2b/Chmp3/Vps39/Stx7/Arf1/Lamp2/Chmp1b2/Rbsn/M6pr/Plekhf1/Ankfy1/Tpcn2/Vps18/Npc1/Gga3/Vps35/Vps11/Lrp1"
"GO:0035150","GO:0035150","regulation of tube size",126,0.341838411952211,1.61261453020019,0.0027678654745091,0.0345128904846196,0.0277925586740831,1840,"tags=33%, list=18%, signal=27%","Asic2/Cftr/Chrm3/Adra2c/Plekha7/Prkg1/Egfr/Ext1/Arhgap42/Smpd3/Htr2c/Cacna1c/Dock5/Rbfox2/Cacna1g/Dock4/Add3/Itga9/Smad6/Pla2g6/Bmpr2/Tacr1/Drd1/Adora2a/Nts/Drd5/Ptk2/Adra2b/Rap1gds1/Gucy1a1/Slc8a1/Adrb2/Tgfbr3/Htr1d/Ptprm/Kcnma1/Mtnr1b/Adora1/Itgb1bp1/Chga/Adrb1"
"GO:0035296","GO:0035296","regulation of tube diameter",126,0.341838411952211,1.61261453020019,0.0027678654745091,0.0345128904846196,0.0277925586740831,1840,"tags=33%, list=18%, signal=27%","Asic2/Cftr/Chrm3/Adra2c/Plekha7/Prkg1/Egfr/Ext1/Arhgap42/Smpd3/Htr2c/Cacna1c/Dock5/Rbfox2/Cacna1g/Dock4/Add3/Itga9/Smad6/Pla2g6/Bmpr2/Tacr1/Drd1/Adora2a/Nts/Drd5/Ptk2/Adra2b/Rap1gds1/Gucy1a1/Slc8a1/Adrb2/Tgfbr3/Htr1d/Ptprm/Kcnma1/Mtnr1b/Adora1/Itgb1bp1/Chga/Adrb1"
"GO:0097746","GO:0097746","blood vessel diameter maintenance",126,0.341838411952211,1.61261453020019,0.0027678654745091,0.0345128904846196,0.0277925586740831,1840,"tags=33%, list=18%, signal=27%","Asic2/Cftr/Chrm3/Adra2c/Plekha7/Prkg1/Egfr/Ext1/Arhgap42/Smpd3/Htr2c/Cacna1c/Dock5/Rbfox2/Cacna1g/Dock4/Add3/Itga9/Smad6/Pla2g6/Bmpr2/Tacr1/Drd1/Adora2a/Nts/Drd5/Ptk2/Adra2b/Rap1gds1/Gucy1a1/Slc8a1/Adrb2/Tgfbr3/Htr1d/Ptprm/Kcnma1/Mtnr1b/Adora1/Itgb1bp1/Chga/Adrb1"
"GO:0086002","GO:0086002","cardiac muscle cell action potential involved in contraction",24,0.560527546730098,1.81809702596553,0.00280732713628968,0.0347191886651336,0.0279586865818238,1547,"tags=42%, list=15%, signal=35%","Kcnq1/Kcne2/Kcnd3/Cacna1c/Cacna1d/Cacnb2/Scn2b/Rnf207/Ank2/Cacna2d1"
"GO:0140053","GO:0140053","mitochondrial gene expression",139,-0.332374922626864,-1.56118265527585,0.00280704193565254,0.0347191886651336,0.0279586865818238,3023,"tags=45%, list=29%, signal=32%","Trmt10c/Ptcd3/Mrpl13/Mrps16/Malsu1/Mrps12/Trnt1/Mrpl27/Hars1/Kansl3/Polr2b/Mrpl20/Mrpl44/Mrpl42/Ears2/Mrpl28/Mrpl12/Mrps11/Sirt3/Dap3/Mrpl48/Mettl4/Gfm1/C1qbp/Rmnd1/Lars2/Gars1/Polr1a/Mrps9/Gatc/Cdk5rap1/Rcc1l/Mrpl23/Dars2/Mrps17/Mrpl47/Fastkd2/Mrpl18/Mrpl43/Tfam/Supv3l1/Mrpl51/Mrps31/Mrpl38/Polrmt/Mrps15/Mrps26/Mrpl32/Mrpl24/Aars2/Mrpl57/Mrpl46/Mrps10/Mrpl3/Uqcc2/Mrpl39/Mrps6/Coa3/Mrpl35/Mtpap/Mrpl15/Mterf3/Kat8"
"GO:0099171","GO:0099171","presynaptic modulation of chemical synaptic transmission",53,0.423491088111672,1.66872217082787,0.00282766120299542,0.0347943371270234,0.0280192021748967,1396,"tags=30%, list=14%, signal=26%","Chrm2/Drd2/Nrxn3/Grm8/Glra3/Cacna1d/Nr3c2/Drd1/Adora2a/Grm7/Prkce/Bace1/Chrd/Adcy1/Adrb2/Hip1"
"GO:0042310","GO:0042310","vasoconstriction",78,0.384107123088313,1.65504641081309,0.0028363700562293,0.0347943371270234,0.0280192021748967,1099,"tags=27%, list=11%, signal=24%","Asic2/Chrm3/Adra2c/Egfr/Arhgap42/Smpd3/Htr2c/Cacna1c/Dock5/Rbfox2/Cacna1g/Dock4/Add3/Itga9/Smad6/Bmpr2/Tacr1/Drd1/Drd5/Adra2b/Rap1gds1"
"GO:0008045","GO:0008045","motor neuron axon guidance",21,0.561843374922042,1.75422739491317,0.00285042316745679,0.0348257346669115,0.0280444860023974,667,"tags=33%, list=7%, signal=31%","Sema3f/Epha4/Foxp1/Plxna4/Ntn1/Sema3a/Lmo4"
"GO:0007193","GO:0007193","adenylate cyclase-inhibiting G protein-coupled receptor signaling pathway",50,0.426863896780064,1.66174415777113,0.0029257220392016,0.03560215975414,0.0286697260066342,1157,"tags=26%, list=11%, signal=23%","Chrm2/Adcy5/Chrm3/Drd2/Grik3/Grm8/Htr4/Mtnr1a/Gabbr2/Oprk1/Akap5/Grm7/Chrm5"
"GO:0055002","GO:0055002","striated muscle cell development",118,0.333809602633841,1.55268769939297,0.00297903492906583,0.0361059033402779,0.0290753809076825,2178,"tags=35%, list=21%, signal=28%","Foxp1/Bcl2/Sgcd/Prkg1/Smyd3/Ppp3ca/Fhod3/Prox1/Popdc2/Cntnap2/Rcan1/Prkd1/Meis1/Nebl/Nfatc3/Ep300/Hdac4/Met/Akap13/Dmd/Sorbs2/Ctdp1/Ski/Nr3c1/Col14a1/Ldb3/Slc8a1/Map2k4/Large1/Bmpr1a/Adrb1/Hnrnpu/Gsk3b/Myo18b/Ttn/Myh10/Igf1/Hdac9/Hey2/Srf/Mtor"
"GO:0051168","GO:0051168","nuclear export",117,-0.345299787269615,-1.57934380374667,0.00305957231051794,0.0369342792863321,0.0297424559269473,2437,"tags=36%, list=24%, signal=28%","Nup88/Thoc7/Casc3/Hspa9/Hdac3/Ywhae/Xpot/Ptpn11/Magoh/Nup98/Desi1/Ltv1/Pcid2/Ranbp3/Chchd4/Lsg1/Nutf2/Thoc1/Ran/Prpf4b/Nup107/Eif4e/Nsun2/Bag3/Rbm22/Ppm1a/Sirt6/Chtop/Strada/Sem1/Eif6/Supt6/Nup214/Ncbp2/Rae1/Park7/Mcm3ap/Ahcyl1/Eny2/Eif4a3/Hnrnpa2b1/Nup133"
"GO:0060384","GO:0060384","innervation",23,0.553480430894049,1.77891390567392,0.0030958152261161,0.0372234925997293,0.0299753537766797,498,"tags=22%, list=5%, signal=21%","Epha4/Chd7/Gabra5/Gabrb3/Sema3a"
"GO:0071772","GO:0071772","response to BMP",103,0.358434481072332,1.62580634320179,0.00312416492315486,0.0372685815636189,0.0300116630413301,1622,"tags=31%, list=16%, signal=26%","Acvr2b/Ube2o/Smurf2/Ext1/Smpd3/Sox11/Kcnd3/Bmper/Hipk2/Gpc3/Acvr2a/Tcf7l2/Neo1/Smad6/Gpr155/Bmpr2/Fstl5/Fstl1/Smad1/Bmp7/Bmp6/Ski/Hivep1/Chrd/Dlx5/Notch2/Fzd1/Tgfbr3/Bmpr1a/Acvr1/Htra1/Lemd2"
"GO:0071773","GO:0071773","cellular response to BMP stimulus",103,0.358434481072332,1.62580634320179,0.00312416492315486,0.0372685815636189,0.0300116630413301,1622,"tags=31%, list=16%, signal=26%","Acvr2b/Ube2o/Smurf2/Ext1/Smpd3/Sox11/Kcnd3/Bmper/Hipk2/Gpc3/Acvr2a/Tcf7l2/Neo1/Smad6/Gpr155/Bmpr2/Fstl5/Fstl1/Smad1/Bmp7/Bmp6/Ski/Hivep1/Chrd/Dlx5/Notch2/Fzd1/Tgfbr3/Bmpr1a/Acvr1/Htra1/Lemd2"
"GO:0045216","GO:0045216","cell-cell junction organization",117,0.330739360556594,1.53358588085383,0.00324135138616114,0.0385148811767382,0.0310152838518948,2393,"tags=38%, list=23%, signal=29%","Cdh4/Cdh6/Epha4/Pecam1/Plekha7/Hnf4a/Ext1/Nfasc/Cdh22/Cntnap2/Pard3/Abi2/Ptpro/Cdh9/Cdh18/Smad3/Cdh20/Bmp6/Pkn2/Whrn/Mtss1/Tgfb2/Tbcd/Cdh2/Kirrel1/Fkrp/Cdh10/Cdh15/Vcl/Efnb2/Cdh7/Add1/Pkhd1/Ephb2/Wnt11/Srf/Afdn/Zfp703/Pmp22/Patj/Cdh8/Tjp1/Nectin1/Kifc3"
"GO:0008206","GO:0008206","bile acid metabolic process",25,-0.544939267169516,-1.79434671895072,0.00328021632924157,0.0388244354593827,0.0312645618880838,1187,"tags=32%, list=12%, signal=28%","Errfi1/Arv1/Cyp39a1/Kit/Slc27a5/Abcb11/Npc1/Scp2"
"GO:0003197","GO:0003197","endocardial cushion development",30,0.505523061918627,1.75573985992488,0.00336500775622171,0.039065032572229,0.0314583100581646,2055,"tags=40%, list=20%, signal=32%","Robo1/Adamts5/Epha3/Bmpr2/Robo2/Bmp7/Rbm24/Bmpr1a/Acvr1/Tgfb2/Nfatc1/Cplane2"
"GO:0016202","GO:0016202","regulation of striated muscle tissue development",26,0.525575914390904,1.74288028817209,0.003351988665235,0.039065032572229,0.0314583100581646,2139,"tags=50%, list=21%, signal=40%","Luc7l/Bcl2/Boc/Tcf7l2/Sirt2/Smad3/Mrtfb/Adrb2/Bdnf/Ybx3/Usp2/Cenpf/Hdac9"
"GO:0051236","GO:0051236","establishment of RNA localization",112,-0.35008592605203,-1.59199020341986,0.00336439990483963,0.039065032572229,0.0314583100581646,2619,"tags=37%, list=26%, signal=28%","Ndc1/Ssb/Nup54/Nup88/Thoc7/Hnrnpa3/Ckap5/Casc3/Xpot/Magoh/Nup98/Tnks/Igf2bp2/Pcid2/Arc/Mrpl18/Rftn1/Mapt/Nutf2/Thoc1/Ran/Nup107/Eif4e/Nsun2/Nup210/Chtop/Sem1/Zfp36l1/Supt6/Nup214/Ncbp2/Nup35/Rae1/Sec13/Mcm3ap/Eny2/Eif4a3/Fxr1/Sidt1/Hnrnpa2b1/Nup133"
"GO:0055007","GO:0055007","cardiac muscle cell differentiation",95,0.355913668539323,1.58709751369185,0.00336295148442206,0.039065032572229,0.0314583100581646,2385,"tags=41%, list=23%, signal=32%","Foxp1/Sgcd/Prkg1/Fhod3/Prox1/Popdc2/Arid1a/Ccnd2/Meis1/Nebl/Ep300/Met/Akap13/Sox6/Sorbs2/Ctdp1/Nr3c1/Col14a1/Slc8a1/Map2k4/Large1/Bmpr1a/Acvr1/Rarb/Rxra/Adrb1/Efnb2/Hnrnpu/Gsk3b/Myo18b/Ttn/Myh10/Igf1/Hey2/Srf/Mtor/Calr/Nox4/Ctcf"
"GO:0002064","GO:0002064","epithelial cell development",140,0.322014612400933,1.53655336817631,0.00334848717696218,0.039065032572229,0.0314583100581646,2656,"tags=39%, list=26%, signal=30%","Cftr/Bcl11b/Six3/Pecam1/Prox1/Magi1/Ampd2/Klf5/Pard3/St14/Ptprs/Abi2/Plcb1/Akap9/Cebpa/Jmjd1c/Met/Abca12/Dmd/Magi2/Fndc3a/Bmp6/Sox8/Ccdc88c/Arid4b/Arid4a/Notch2/Palld/Smarca4/Spint2/Cdh2/Ros1/Cdk6/Kcnma1/Map7/Dact2/Slc4a5/Vcl/Rarb/Ar/Add1/Pkhd1/Fat1/Rap2c/Col18a1/Afdn/Fshr/Pax6/Tjp1/Bmp5/Rapgef1/Rock1/Fgfr3/Rapgef3/Kdf1"
"GO:0009743","GO:0009743","response to carbohydrate",172,0.299095812088692,1.45633320535285,0.00338084315394887,0.0390990639559735,0.0314857148688368,1470,"tags=25%, list=14%, signal=22%","Cftr/Zbtb20/Adcy5/Foxo3/Ghrl/Abcg1/Acvr2b/Hnf4a/Ppp3ca/Igf1r/Klf7/Eif2b3/Cacna1e/Rasal2/Plcb1/Oprk1/Cdkn1b/Tcf7l2/Nfkb1/Cacna1d/Epha5/Ep300/Ptprn/Pla2g6/Mapk13/Gria1/Smad3/Map4k4/Adnp/Abca12/Col4a3/Prkce/Sybu/Pfkl/Srebf1/Kcnb1/Gpr68/Pde1c/Map2k4/Brsk2/Sox4/Smarca4/Stxbp4"
"GO:0006405","GO:0006405","RNA export from nucleus",58,-0.426274798153137,-1.70251856192302,0.00345724313685218,0.0398305958352171,0.0320748032468415,2562,"tags=40%, list=25%, signal=30%","Ssb/Nup88/Thoc7/Casc3/Xpot/Magoh/Nup98/Pcid2/Thoc1/Nup107/Eif4e/Nsun2/Chtop/Sem1/Supt6/Nup214/Ncbp2/Rae1/Mcm3ap/Eny2/Eif4a3/Hnrnpa2b1/Nup133"
"GO:0032414","GO:0032414","positive regulation of ion transmembrane transporter activity",52,0.432254971327362,1.70039581803383,0.00350364258151278,0.0399099136164801,0.032138676311621,2105,"tags=35%, list=21%, signal=28%","Cftr/Fgf13/Fgf14/Plcb1/Akap9/Ank3/Wnk2/Cacnb2/Dmd/Atp1b1/Rnf207/Ank2/Lrrc38/Adrb2/Akap7/Stac/Lrrc55/Ephb2"
"GO:0050657","GO:0050657","nucleic acid transport",109,-0.356959942038622,-1.61048369466954,0.00349587879202378,0.0399099136164801,0.032138676311621,2619,"tags=38%, list=26%, signal=28%","Ndc1/Ssb/Nup54/Nup88/Thoc7/Hnrnpa3/Ckap5/Casc3/Xpot/Magoh/Nup98/Tnks/Igf2bp2/Pcid2/Arc/Mrpl18/Rftn1/Mapt/Nutf2/Thoc1/Ran/Nup107/Eif4e/Nsun2/Nup210/Chtop/Sem1/Zfp36l1/Supt6/Nup214/Ncbp2/Nup35/Rae1/Sec13/Mcm3ap/Eny2/Eif4a3/Fxr1/Sidt1/Hnrnpa2b1/Nup133"
"GO:0050658","GO:0050658","RNA transport",109,-0.356959942038622,-1.61048369466954,0.00349587879202378,0.0399099136164801,0.032138676311621,2619,"tags=38%, list=26%, signal=28%","Ndc1/Ssb/Nup54/Nup88/Thoc7/Hnrnpa3/Ckap5/Casc3/Xpot/Magoh/Nup98/Tnks/Igf2bp2/Pcid2/Arc/Mrpl18/Rftn1/Mapt/Nutf2/Thoc1/Ran/Nup107/Eif4e/Nsun2/Nup210/Chtop/Sem1/Zfp36l1/Supt6/Nup214/Ncbp2/Nup35/Rae1/Sec13/Mcm3ap/Eny2/Eif4a3/Fxr1/Sidt1/Hnrnpa2b1/Nup133"
"GO:0051251","GO:0051251","positive regulation of lymphocyte activation",159,0.314524126405489,1.52727027109267,0.0035645479772308,0.0404516118764394,0.0325748953724463,2273,"tags=33%, list=22%, signal=26%","Foxo3/Bcl2/Igfbp2/B2m/Nck2/Ppp3ca/Arid1a/Rasgrp1/Sox12/Adk/Ambra1/Sox13/Ep300/Zmiz1/Tacr1/Socs1/Cd276/Shld2/Ap3d1/Slc4a1/Arid2/Itpkb/Egr3/Tox/Fbxo38/Sox4/Fcho1/Rhoh/Smarca4/Pbrm1/Cd74/Xrcc6/Kmt5b/Atad5/Flot2/Sash3/Efnb2/Ptprc/Pms2/Gas6/Sh3kbp1/Pik3r6/Ephb2/Efnb1/Smarcd2/Igf1/Vav3/Abl1/Ephb6/Irf1/Peli1/Gli3/Nfkbiz"
"GO:0016082","GO:0016082","synaptic vesicle priming",28,-0.514287141186868,-1.74102550847474,0.00363824901823177,0.0410284621037285,0.033039421628085,1346,"tags=43%, list=13%, signal=37%","Stx1a/Syngr3/Synj1/Efr3a/Snap23/Rph3a/Cadps2/Snap29/Snap47/Napb/Sv2a/Vamp1"
"GO:0060541","GO:0060541","respiratory system development",178,0.302436849709822,1.48494669928316,0.00364246082703068,0.0410284621037285,0.033039421628085,1181,"tags=20%, list=12%, signal=18%","Cftr/Foxp2/Chd7/Foxp1/Foxp4/Acvr2b/Ncor2/Egfr/Ext1/Prox1/Atxn1/Pou2f1/Smpd3/Sox11/Tnc/Fndc3b/Thrb/Ctsh/Hipk2/Gpc3/Cebpa/Cux1/Ep300/Bmpr2/Lama1/Mosmo/Hs6st1/Tnrc6c/Nkx2-1/Abca12/Tns3/Smchd1/Sp3/Igfbp5/Ski/Srebf1"
"GO:0048640","GO:0048640","negative regulation of developmental growth",75,0.382418393670391,1.64384652206817,0.00367377193456735,0.041227885043478,0.0332000130383123,2675,"tags=41%, list=26%, signal=31%","Sema3f/Foxp1/Fgf13/Kcnk2/Rai1/Ntn1/Sema3a/Ptprs/Cdkn1b/Tcf7l2/Bcl11a/Ptk2/Ctdp1/Epha7/Adrb2/Tnr/Map2/Adrb1/Vgll4/Gsk3b/Slit2/Sema5a/Bbs2/Ulk1/Spag9/Wwc1/Slit1/Stk3/Fgfr3/Tll2/Ryk"
"GO:0042752","GO:0042752","regulation of circadian rhythm",94,0.364731792230938,1.62141507780785,0.003697304948455,0.0413388708258991,0.0332893877277868,2239,"tags=38%, list=22%, signal=30%","Ghrl/Drd2/Zfhx3/Hnf4a/Prkg1/Prox1/Nlgn1/Hcrtr2/Mapk10/Npas2/Kdm2a/Per3/Drd1/Rora/Adora2a/Nkx2-1/Hnrnpd/Crtc1/Adcy1/Ezh2/Ppargc1a/Top2a/Rorc/Klf10/Alb/Mtnr1b/Thrap3/Adora1/Adrb1/Usp2/Fbxw7/Tardbp/Gsk3b/Parp1/Mtor/Kcna2"
"GO:0035924","GO:0035924","cellular response to vascular endothelial growth factor stimulus",66,0.395032028579646,1.65827879466864,0.00371861194835335,0.0414242433952598,0.0333581365955227,1828,"tags=41%, list=18%, signal=34%","Epha4/Robo1/Smoc2/Dcn/Egfr/Igf1r/Ntrk3/Vegfc/Epha3/Hspb1/Ptp4a3/Ephb1/Prkd1/Adamts3/Epha5/Met/Jcad/Erbb4/Epha7/Egr3/Atp2b4/Epha6/Dab2ip/Ros1/Alk/Ephb3/Itgb1bp1"
"GO:0042753","GO:0042753","positive regulation of circadian rhythm",22,0.564999248736783,1.77990920303091,0.00379370213738889,0.042105924821569,0.0339070813744648,1767,"tags=45%, list=17%, signal=38%","Ghrl/Prkg1/Nlgn1/Rora/Adora2a/Nkx2-1/Rorc/Alb/Mtnr1b/Thrap3"
"GO:1901016","GO:1901016","regulation of potassium ion transmembrane transporter activity",29,0.511903567225162,1.74993173226122,0.0038732348106792,0.042256530048407,0.0340283608310604,1380,"tags=38%, list=13%, signal=33%","Kcnq1/Kcne2/Akap9/Agrn/Cacna1d/Ank3/Nr3c2/Atp1b1/Rnf207/Ank2/Lrrc38"
"GO:1905145","GO:1905145","cellular response to acetylcholine",32,0.489952812645983,1.74681676402405,0.00386672927508991,0.042256530048407,0.0340283608310604,1415,"tags=25%, list=14%, signal=22%","Chrm2/Chrm3/Itpr1/Plcb1/Sorbs2/Chrm5/Atp2b4/Large1"
"GO:0086091","GO:0086091","regulation of heart rate by cardiac conduction",21,0.553115831151086,1.72697763624967,0.00388096581828535,0.042256530048407,0.0340283608310604,1871,"tags=52%, list=18%, signal=43%","Kcnq1/Kcne2/Kcnd3/Cacna1c/Akap9/Cacna1d/Cacnb2/Scn2b/Ank2/Cacna2d1/Hcn4"
"GO:0015986","GO:0015986","proton motive force-driven ATP synthesis",53,-0.430191849391574,-1.69898117208865,0.00388509464353235,0.042256530048407,0.0340283608310604,2223,"tags=40%, list=22%, signal=31%","Ndufa10/Ndufab1/Ndufb9/Atpsckmt/mt-Nd6/Atp5f1c/Atp5pf/Ndufb5/Ndufs3/Atp5mc3/Atp5mf/Ndufb2/Sdhb/Ndufa12/Sdhd/Ndufs1/Ndufs6/Ndufa5/Ndufa8/Ndufv3/Atp6v1a"
"GO:0030509","GO:0030509","BMP signaling pathway",98,0.354078888856415,1.59368718751039,0.00386173605948676,0.042256530048407,0.0340283608310604,1622,"tags=32%, list=16%, signal=27%","Acvr2b/Ube2o/Smurf2/Ext1/Smpd3/Sox11/Bmper/Hipk2/Gpc3/Acvr2a/Tcf7l2/Neo1/Smad6/Gpr155/Bmpr2/Fstl5/Fstl1/Smad1/Bmp7/Bmp6/Ski/Hivep1/Chrd/Dlx5/Notch2/Fzd1/Tgfbr3/Bmpr1a/Acvr1/Htra1/Lemd2"
"GO:0050867","GO:0050867","positive regulation of cell activation",184,0.296413172850505,1.45601766575047,0.00389094781633847,0.042256530048407,0.0340283608310604,2273,"tags=31%, list=22%, signal=25%","Cftr/Foxo3/Bcl2/Igfbp2/B2m/Nck2/Ppp3ca/Plpp6/Rps6ka1/Arid1a/Rasgrp1/Sox12/Adk/Ambra1/Cebpa/Sox13/Ep300/Zmiz1/Tacr1/Socs1/Cd276/Shld2/Ap3d1/Slc4a1/Arid2/Itpkb/Egr3/Tox/Fbxo38/Sox4/Fcho1/Rhoh/Smarca4/Pbrm1/Cd74/Xrcc6/Kmt5b/Atad5/Flot2/Sash3/Efnb2/Ptprc/Pms2/Gas6/Sh3kbp1/Pik3r6/Ephb2/Efnb1/Smarcd2/Igf1/Vav3/Abl1/Ephb6/Irf1/Peli1/Gli3/Nfkbiz"
"GO:1904889","GO:1904889","regulation of excitatory synapse assembly",20,0.573544155946403,1.75586578295303,0.0039519590954491,0.0427658430686099,0.0344385006889136,1752,"tags=45%, list=17%, signal=37%","Nlgn1/Wnt7a/Nrxn1/Ptprs/Grid2/Clstn3/Ptpn13/Lats1/Sipa1l1"
"GO:0002028","GO:0002028","regulation of sodium ion transport",56,0.418161370178499,1.6782910177053,0.0040354343547892,0.043265320074256,0.0348407197957705,1385,"tags=32%, list=14%, signal=28%","Kcnq1/Drd2/Fgf13/Nkain3/Fgf14/Nkain2/Plcb1/Agrn/Ank3/Wnk2/Fgf12/Dmd/Scn2b/Atp1b1/Akt3/Atp2b4/Slc8a1/Adrb2"
"GO:0140115","GO:0140115","export across plasma membrane",44,0.442247258864525,1.67023678775072,0.00403686536319386,0.043265320074256,0.0348407197957705,1453,"tags=34%, list=14%, signal=29%","Kcnq1/Kcne2/Slc24a4/Ano6/Kcnd3/Kcnip2/Slc30a4/Agrn/Kcnip1/Slc8a3/Atp1b1/Kcnt2/Kcnb1/Slc8a1/Rgs9"
"GO:0006029","GO:0006029","proteoglycan metabolic process",83,0.363589573672535,1.57451078859224,0.00404095233696846,0.043265320074256,0.0348407197957705,2118,"tags=37%, list=21%, signal=30%","Hs6st3/Chst11/Ext1/B4galnt4/Hs6st2/Hs3st4/Ndst4/Gpc1/Chsy1/Csgalnact2/Tcf7l2/Bmpr2/Hs6st1/Fam20b/Dsel/Galns/Hs3st3b1/Chst8/Ndst2/Hs3st3a1/Hexa/Ndst1/Csgalnact1/Hs3st5/Glb1/Bpnt2/Sulf1/Chst9/B4galt4/Chst12/Igf1"
"GO:0050795","GO:0050795","regulation of behavior",72,0.390611114233201,1.66363821899514,0.00406024235287192,0.0433187828493026,0.0348837723274912,2239,"tags=42%, list=22%, signal=33%","Ghrl/Drd2/Zfhx3/Dbn1/Slc24a4/Cckbr/Nlgn1/Hcrtr2/Nrxn1/Penk/Oprk1/Mbd5/Npas2/Hdac4/Per3/Drd1/Gria1/Adora2a/Htr1d/Alb/Mtnr1b/Adora1/Adrb1/Cnr1/Fto/Crhr2/Ephb2/Parp1/Mtor/Kcna2"
"GO:0090102","GO:0090102","cochlea development",46,0.444532455304603,1.67937048631165,0.00415245881627884,0.0439928329137234,0.035426571719302,2976,"tags=48%, list=29%, signal=34%","Epha4/Kcnq1/Gabra5/Kcnk2/Gabrb3/Sobp/Atp2b2/Kcnk3/Eya1/Pou3f4/Zeb1/Ptk7/Hey2/Myo3a/Nectin1/Myo3b/Fgfr3/Rpgrip1l/Grhl3/Nectin3/Fzd2/Calb1"
"GO:0016053","GO:0016053","organic acid biosynthetic process",190,-0.29813486652114,-1.46270229454246,0.00414122555841998,0.0439928329137234,0.035426571719302,2521,"tags=30%, list=25%, signal=23%","Hacd2/Erlin1/Fads1/Aasdhppt/Asl/Edn1/Cad/Decr2/Myo5a/Uros/Pnpla8/Ndufab1/Prkab1/Dse/Abhd3/Ldha/Mgst3/Wdtc1/Got1/Enoph1/Acss1/Acsbg1/Psph/Fasn/Abhd2/Asns/Got2/Asnsd1/Pycr1/Errfi1/Nanp/Prkaa2/Apip/Adi1/Lipc/Eif6/Cyp39a1/Hpgds/Pdk4/Acly/Oat/Acadl/Park7/Cbr4/Fabp5/Glul/Mcat/Ptges3/Klhl25/Acsm1/Pkm/Slc27a5/Tecr/Gstp3/Pecr/Ugp2/Ptgs1"
"GO:0022604","GO:0022604","regulation of cell morphogenesis",194,0.285803264695871,1.41672368601097,0.00422687798904556,0.0446252275498538,0.0359358268058229,2813,"tags=38%, list=27%, signal=28%","Epha4/Il1rapl1/Dbn1/Cntn2/Plxnb2/Rhoq/Cux2/Kalrn/Ptprf/Phip/Lrp8/Cdkl5/Myo9a/Syt1/Cask/Rhobtb2/Itpka/Ntng1/Ss18l1/Bcl11a/Cux1/Prag1/Fyn/Met/Gna13/Akap5/Ypel4/Ptk2/Zranb1/Zmym4/Brwd3/Gas7/Grip1/Fgd4/Mfsd2a/Tnik/Slc23a2/Eps8/Wtip/Tiam1/Ago4/Arhgap15/Fbxw8/Prkn/Cpne9/Itsn2/Sh3kbp1/Ephb2/Myh10/Fam171a1/Gna12/Caprin2/Syt17/Afdn/Spag9/Map3k13/Brwd1/Itga7/Wls/Dnmbp/Rac2/Dhx36/Macf1/Cul7/Parp6/Parva/Coro1b/P2ry1/Mkln1/Anapc2/Dlc1/Rims2/Syne3"
"GO:0019722","GO:0019722","calcium-mediated signaling",137,0.319921184134568,1.51772933711856,0.00428874084026298,0.0451211275902668,0.036335165452228,1365,"tags=25%, list=13%, signal=22%","Chrm3/Calcr/Sgcd/Grik3/Grm5/Ppp3ca/Slc24a4/Tox3/Ramp3/Itpr1/Adgrb2/Htr2c/Cacna1c/Ksr2/Negr1/Plcg1/Rcan1/Prkd1/Cacna1d/Nfatc3/Hdac4/Drd1/Gria1/Akap5/Exoc4/Dmd/Atp1b1/Grin2b/Ank2/Car8/Sppl3/Atp2b4/Slc8a1/Homer3"
"GO:0006937","GO:0006937","regulation of muscle contraction",110,0.345526834118281,1.58747979011242,0.00445871391335798,0.0467470697490473,0.0376445050124341,1871,"tags=35%, list=18%, signal=29%","Chrm2/Ghrl/Kcnq1/Chrm3/Fgf13/Cacna1h/Adra2c/Prkg1/Dbn1/Arhgap42/Pawr/Cacna1c/Dock5/Dock4/Akap9/Prkd1/Agrn/Slc8a3/Hdac4/Tacr1/Cacnb2/Dmd/Setd3/Prok2/Atp1b1/Adra2b/Rnf207/Ank2/Gucy1a1/Cald1/Slc8a1/Adrb2/Kcnma1/Calcrl/Adora1/Chga/Adrb1/Atp1a1/Hcn4"
"GO:1902410","GO:1902410","mitotic cytokinetic process",28,-0.509151883988868,-1.72364102992515,0.00447480168395086,0.0467539624219694,0.0376500555477245,2610,"tags=54%, list=25%, signal=40%","Rab11a/Mtmr4/Spart/Chmp5/Stx2/Chmp4b/Chmp2a/Zfyve19/Chmp7/Vps4b/Chmp2b/Chmp3/Arf1/Chmp1b2/Kif20a"
"GO:0006998","GO:0006998","nuclear envelope organization",38,-0.475207894293808,-1.72676139207245,0.00451558404782115,0.0468759512654237,0.0377482907879979,1862,"tags=37%, list=18%, signal=30%","Chmp5/Zmpste24/Chmp4b/Chmp2a/Chmp7/Tor1a/Vps4b/Ubxn2a/Brox/Chmp2b/Chmp3/Chmp1b2/Dctn1/Ubxn2b"
"GO:0060038","GO:0060038","cardiac muscle cell proliferation",43,0.45803773136196,1.71040290574829,0.0045174184057768,0.0468759512654237,0.0377482907879979,2174,"tags=37%, list=21%, signal=29%","Tenm4/Foxp1/Kcnk2/Ccnd2/Smad1/Ski/Arid2/Erbb4/Tgfbr3/Bmpr1a/Tgfb2/Rxra/Vgll4/Myh10/Hey2/Abl1"
"GO:0044058","GO:0044058","regulation of digestive system process",24,0.549040901892659,1.78083956210117,0.00458208492692289,0.047223528328491,0.0380281878288839,635,"tags=29%, list=6%, signal=27%","Ghrl/Kcnq1/Ppp3ca/Pawr/Lpcat3/Negr1/Oprk1"
"GO:0035265","GO:0035265","organ growth",141,0.325178672933067,1.5508806634286,0.00457964738107323,0.047223528328491,0.0380281878288839,2178,"tags=34%, list=21%, signal=27%","Tenm4/Foxp1/Bcl2/Acvr2b/Prkg1/Ext1/Prox1/Kcnk2/Smpd3/Cacna1c/Ccnd2/Cacna2d2/Meis1/Tcf7l2/Ep300/Akap13/Smad1/Ptk2/Sorbs2/Ctdp1/Ski/Nr3c1/Col14a1/Nlgn4l/Arid2/Erbb4/Lats1/Enpp1/Map2k4/Tgfbr3/Bmpr1a/Ybx3/Tgfb2/Map7/Sash3/Rarb/Rxra/Adrb1/Vgll4/Ccm2l/Ar/Gsk3b/Ttn/Myh10/Igf1/Hey2/Abl1/Mtor"
"GO:0042749","GO:0042749","regulation of circadian sleep/wake cycle",23,0.54126259479468,1.7396451667606,0.00473187756949776,0.0486019967307736,0.0391382415917781,2239,"tags=57%, list=22%, signal=44%","Ghrl/Drd2/Nlgn1/Hcrtr2/Per3/Drd1/Adora2a/Alb/Mtnr1b/Adora1/Adrb1/Parp1/Kcna2"
"GO:0045143","GO:0045143","homologous chromosome segregation",33,-0.496645329617426,-1.74544510825081,0.00497544824952254,0.0502359622012956,0.0404540421687001,1003,"tags=30%, list=10%, signal=27%","BC005624/Mlh1/Rec8/1700028K03Rik/Ccne1/Mlh3/Trip13/Brca2/Ube2b/Spdya"
"GO:0045324","GO:0045324","late endosome to vacuole transport",23,-0.541245503913439,-1.7196451526835,0.00502359622012956,0.0502359622012956,0.0404540421687001,2178,"tags=43%, list=21%, signal=34%","Chmp5/Chmp4b/Chmp2a/Chmp7/Vps4b/Chmp2b/Chmp3/Chmp1b2/Vps28/Leprot"
"GO:0046605","GO:0046605","regulation of centrosome cycle",45,-0.445629095129421,-1.70069484821348,0.00492102654000382,0.0502359622012956,0.0404540421687001,1795,"tags=38%, list=18%, signal=31%","Chmp4b/Spice1/Cep192/Nat10/Chmp2a/Tmem67/Chordc1/Gen1/Vps4b/Nubp1/Dync1li1/Azin1/Chmp2b/Chmp3/Mcph1/Ccnl2/Ccnf"
"GO:0070252","GO:0070252","actin-mediated cell contraction",65,0.400636793555981,1.67382542434106,0.00493051279512224,0.0502359622012956,0.0404540421687001,1871,"tags=35%, list=18%, signal=29%","Kcnq1/Fgf13/Sgcd/Cacna1h/Dbn1/Kcne2/Kcnd3/Cacna1c/Pard3/Myl6/Akap9/Cacna1d/Qki/Cacnb2/Scn2b/Rnf207/Ank2/Ccdc88c/Cacna2d1/Adora1/Adrb1/Atp1a1/Hcn4"
"GO:0098661","GO:0098661","inorganic anion transmembrane transport",81,0.371253515952912,1.6103030246974,0.00496148344312318,0.0502359622012956,0.0404540421687001,2537,"tags=41%, list=25%, signal=31%","Cftr/Ank/Gabra5/Kcnk2/Gabrb3/Glra3/Ano6/Ttyh3/Gabra1/Gabra3/Slc26a7/Xpr1/Gabrg3/Gabrp/Slc4a1/Ano3/Chrm5/Gabre/Oca2/Ano2/Glra1/Mtor/Gabra2/Slc4a3/Slc5a6/Clic5/Best3/Slc12a4/Clcn3/Slc4a11/Slc20a2/Clcn4/Glra2"
"GO:0035107","GO:0035107","appendage morphogenesis",104,0.337859817596484,1.53744644227018,0.00502105986608446,0.0502359622012956,0.0404540421687001,2267,"tags=35%, list=22%, signal=27%","Chd7/Chst11/Aff3/Ext1/Wnt7a/Cacna1c/Plxna2/Gpc3/Mosmo/Mbnl1/Traf3ip1/Bmp7/Ttbk2/Ski/Zbtb16/Wnt9a/Lmbr1/Dlx5/Notch2/Enpp1/Large1/Bmpr1a/Smarca4/Pbx1/Tgfb2/Lrp4/Lrp5/Nfia/Rarb/Bpnt2/Sulf1/Gna12/Sik3/Lrp6/Iqce/Gli3"
"GO:0035108","GO:0035108","limb morphogenesis",104,0.337859817596484,1.53744644227018,0.00502105986608446,0.0502359622012956,0.0404540421687001,2267,"tags=35%, list=22%, signal=27%","Chd7/Chst11/Aff3/Ext1/Wnt7a/Cacna1c/Plxna2/Gpc3/Mosmo/Mbnl1/Traf3ip1/Bmp7/Ttbk2/Ski/Zbtb16/Wnt9a/Lmbr1/Dlx5/Notch2/Enpp1/Large1/Bmpr1a/Smarca4/Pbx1/Tgfb2/Lrp4/Lrp5/Nfia/Rarb/Bpnt2/Sulf1/Gna12/Sik3/Lrp6/Iqce/Gli3"
"GO:0030217","GO:0030217","T cell differentiation",168,0.300848735901342,1.46177992910829,0.00495146534158911,0.0502359622012956,0.0404540421687001,2273,"tags=33%, list=22%, signal=26%","Bcl11b/Foxo3/Chd7/Foxp1/Bcl2/B2m/Nhej1/Arid1a/Rasgrp1/Sox12/Rc3h1/Hspb1/Ambra1/Sox13/Prex1/Lfng/Bcl11a/Nfatc3/Ep300/Zmiz1/Rora/Socs1/Sp3/Ap3d1/Arid2/Itpkb/Drosha/Egr3/Tox/Enpp1/Sox4/Rhoh/Smarca4/Kmt2a/Rorc/Pbrm1/Cd74/Prr7/Cdk6/Mafb/Sh3rf1/Sash3/Zeb1/Gba1/Ptprc/Nrarp/Ncor1/Pik3r6/Smarcd2/Srf/Abl1/Mtor/Irf1/Gli3/Nfkbiz"
"GO:0009199","GO:0009199","ribonucleoside triphosphate metabolic process",184,-0.302044078433386,-1.47046752950061,0.00513056623956798,0.0511368937693783,0.0411795448175851,2891,"tags=39%, list=28%, signal=28%","Mfn1/Dnm1l/Psen1/Hnf1a/Eno1/Bloc1s6/Ndufa2/Abcc6/Gale/Eno2/Gapdh/Ndufb3/Opa1/Cad/Abcc9/Hspa8/Ndufa10/Ndufab1/Ndufb9/Hk2/Lrrk2/Slc25a25/Src/Ppp2ca/Nme1/Atpsckmt/Atp6v1b2/Mfsd8/Hif1a/Cox11/Bpgm/mt-Nd6/Rab23/Atp5f1c/Ddit4/Atp5pf/Ndufb5/Gpi1/Ctps1/Pfkfb2/Ndufs3/Ran/Atp5mc3/Atp5mf/Ndufb2/Slc25a13/Dmac2l/Myh6/Prkaa2/Sdhb/Ndufa12/Tspo/Sirt6/Sdhd/Uck1/Map2k1/Eif6/Ndufs1/Ndufs6/Pgam1/Ndufa5/Ndufa8/Insr/Ndufv3/Ogt/Ampd3/Atp6v1a/Pkm/Pid1/Tmsb4x/Nudt5"
"GO:0045292","GO:0045292","mRNA cis splicing, via spliceosome",24,-0.536542659828581,-1.74467990921479,0.00523402459763638,0.05199703124865,0.0418721967810911,1769,"tags=42%, list=17%, signal=35%","Exosc10/Prpf4b/Cactin/Rbm22/BC005624/Rbm17/Cwc15/Ncbp2/Prpf39/Snrpc"
"GO:0001702","GO:0001702","gastrulation with mouth forming second",23,0.537276931597614,1.72683504504927,0.00525349162424571,0.0520198680440017,0.0418905868077109,2246,"tags=48%, list=22%, signal=37%","Tenm4/Acvr2b/Acvr2a/Chrd/Ldb1/Acvr1/Nat8f5/Lrp5/Nsd1/Srf/Lrp6"
"GO:0021536","GO:0021536","diencephalon development",53,0.405861635407473,1.59925516334435,0.00538215441808349,0.0531202862761986,0.0427767321828134,2335,"tags=34%, list=23%, signal=26%","Drd2/Six3/Kcnc1/Pou3f2/Sema3a/Ncoa1/Tcf7l2/Nkx2-1/Ogdh/Pou1f1/Bmpr1a/Kcnc2/Plxna1/Ncor1/Srd5a2/Lrp6/Sema5a/Pax6"
"GO:0097061","GO:0097061","dendritic spine organization",90,0.359337103932359,1.58258876425693,0.00550307178126991,0.0541373620040514,0.0435957634620084,1043,"tags=23%, list=10%, signal=21%","Epha4/Lzts3/Il1rapl1/Dbn1/Igf1r/Ngef/Nlgn1/Wnt7a/Cux2/Kalrn/Cntnap2/Lrp8/Ppfia2/Abi2/Ephb1/Cask/Itpka/Epha5/Fyn/Ctnnd2/Grin2b"
"GO:0045824","GO:0045824","negative regulation of innate immune response",44,0.433485213160045,1.63714513872806,0.0055923172011291,0.0548372851761203,0.0441593979636084,2146,"tags=41%, list=21%, signal=32%","Tap1/Drd2/Nmi/Tap2/Stat2/Parp14/Samhd1/Smpdl3b/Adar/Serping1/Ptpn6/Grn/Gigyf2/Susd4/Tyro3/Ythdf3/Eif4e2/Parp1"
"GO:0048634","GO:0048634","regulation of muscle organ development",27,0.507121302049467,1.70024430038342,0.00568324918813933,0.0554257666654697,0.044633290648101,2139,"tags=48%, list=21%, signal=38%","Luc7l/Bcl2/Boc/Tcf7l2/Sirt2/Smad3/Mrtfb/Adrb2/Bdnf/Ybx3/Usp2/Cenpf/Hdac9"
"GO:0050906","GO:0050906","detection of stimulus involved in sensory perception",60,0.394825666658491,1.61556121583778,0.00568891532440959,0.0554257666654697,0.044633290648101,1188,"tags=27%, list=12%, signal=24%","Asic2/Kcnq1/Pjvk/Slc24a4/Grm8/Kcnk2/Pawr/Mmp24/Ephb1/Atp2b2/Cep250/Fyn/Ccdc66/Bace1/Grin2b/Ntsr1"
"GO:0007098","GO:0007098","centrosome cycle",98,-0.349621705445376,-1.54772736336696,0.00574323583522395,0.0557756557074634,0.0449150494805976,2797,"tags=42%, list=27%, signal=31%","Aurka/Mapk8/Bbs4/Kif3a/Ssx2ip/Tuba1a/Haus2/Pard6a/Trim37/Ckap5/Cetn1/Uvrag/Chmp5/Chmp4b/Spice1/Cep192/Xrcc2/Nat10/Chmp2a/Haus3/Tmem67/Bnip2/Cep68/Chordc1/Ranbp1/Gen1/Vps4b/Nubp1/Dync1li1/Deup1/Azin1/Chmp2b/Chmp3/Mcph1/Ccnl2/Ccnf/Brca2/Dctn1/Ubxn2b/Cetn4/Rttn"
"GO:0002027","GO:0002027","regulation of heart rate",70,0.384673773484388,1.62476913256323,0.00583749185921618,0.0565099052186103,0.0455063263146565,2155,"tags=36%, list=21%, signal=28%","Kcnq1/Chrm3/Drd2/Kcne2/Popdc2/Kcnd3/Cacna1c/Cacna1g/Cacna1e/Sema3a/Akap9/Cacna1d/Cacnb2/Dmd/Scn2b/Ank2/Srebf1/Rnls/Slc8a1/Cacna2d1/Adrb1/Hcn4/Trpv1/Crhr2/Hey2"
"GO:0050802","GO:0050802","circadian sleep/wake cycle, sleep",23,0.532713568551708,1.71216816700646,0.00592413952208217,0.0567154812590219,0.0456718726970341,2239,"tags=57%, list=22%, signal=44%","Ghrl/Drd2/Gabrb3/Per3/Drd1/Adora2a/Btbd9/Alb/Mtnr1b/Adora1/Adrb1/Parp1/Kcna2"
"GO:0006637","GO:0006637","acyl-CoA metabolic process",66,-0.391461079399197,-1.60234971827032,0.00591534135698091,0.0567154812590219,0.0456718726970341,1927,"tags=39%, list=19%, signal=32%","Dgat2/Nudt19/Tdo2/Mvk/Vdac1/Acsl1/Acss1/Fasn/Suclg2/Aadat/Acot4/Pdk1/Sucla2/Far1/Mpc1/Nudt7/Pdk4/Cs/Acadsb/Acly/Mmut/Pdhb/Dld/Dlst/Acsm1/Mpc2"
"GO:0035383","GO:0035383","thioester metabolic process",66,-0.391461079399197,-1.60234971827032,0.00591534135698091,0.0567154812590219,0.0456718726970341,1927,"tags=39%, list=19%, signal=32%","Dgat2/Nudt19/Tdo2/Mvk/Vdac1/Acsl1/Acss1/Fasn/Suclg2/Aadat/Acot4/Pdk1/Sucla2/Far1/Mpc1/Nudt7/Pdk4/Cs/Acadsb/Acly/Mmut/Pdhb/Dld/Dlst/Acsm1/Mpc2"
"GO:1903531","GO:1903531","negative regulation of secretion by cell",123,0.318699108198206,1.49315398016335,0.00593359985449173,0.0567154812590219,0.0456718726970341,2201,"tags=33%, list=21%, signal=26%","Ghrl/Kcnq1/Drd2/Il1rapl1/Prkg1/Foxo1/Atp9a/Ppp3ca/Klf7/Kalrn/Mtnr1a/Frmd4a/Oprk1/Kcnk9/Neo1/Stxbp5l/Map4k4/Grm7/Kcnj6/Maob/Cbarp/Pfkl/Srebf1/Idh2/Kcnb1/Pde1c/Sirt4/Bcr/Mtnr1b/Irs1/Adora1/Rab11fip5/Chga/Cnr1/Vsnl1/Prkn/Crhr2/Jagn1/Rhbdf1/Madd"
"GO:0032411","GO:0032411","positive regulation of transporter activity",56,0.408708356997335,1.64035134119854,0.00599653226573287,0.0571367697017944,0.0460111280766925,2105,"tags=34%, list=21%, signal=27%","Cftr/Fgf13/Prkcd/Fgf14/Plcb1/Akap9/Ank3/Wnk2/Cacnb2/Dmd/Atp1b1/Rnf207/Ank2/Lrrc38/Adrb2/Akap7/Stac/Lrrc55/Ephb2"
"GO:0072028","GO:0072028","nephron morphogenesis",52,0.412905900679021,1.62428083730325,0.00607317253778307,0.0575053524671335,0.0463079406005959,2267,"tags=33%, list=22%, signal=26%","Bcl2/Gpc3/Gzf1/Kif26b/Bmp7/Sox8/Erbb4/Eya1/Hs3st3b1/Pkd1/Pbx1/Lgr4/Hs3st3a1/Greb1l/Lzts2/Wnt11/Gli3"
"GO:0051924","GO:0051924","regulation of calcium ion transport",165,0.300431384441724,1.46474895636226,0.0060681352182929,0.0575053524671335,0.0463079406005959,1840,"tags=27%, list=18%, signal=23%","Chd7/Wfs1/Drd2/Bcl2/Ppp3ca/Itpr1/Pawr/Cacna1c/Fgf14/Cacna1g/Cacna1b/Plcg1/Cask/Prkd1/Atp2b2/Cacna1d/Nfatc3/Fyn/Drd1/Cacnb2/Adora2a/Akap5/Dmd/Prkce/Atp1b1/Ptpn6/Ank2/Ubash3b/Jph3/Cbarp/Ntsr1/Plpp4/Slc8a1/Homer3/Adrb2/Rgs9/Cemip/Cacna2d1/Tgfb2/Grin3b/Homer2/Trpv3/Mcub/Stac/Adrb1"
"GO:0007613","GO:0007613","memory",123,0.318283735835876,1.49120789722773,0.00609288876550903,0.0575123145155526,0.0463135470026232,2178,"tags=35%, list=21%, signal=28%","Drd2/Fgf13/Atxn1/Kcnk2/Gabrb3/Kcnq2/Cux2/Ppp1r1b/Kalrn/Crebbp/Ccnd2/Plcb1/Csmd1/Rcan1/Pla2g6/Slc8a3/Tacr1/Drd1/Gria1/Btbd9/Vps13b/Adnp/Grm7/Bace1/Crtc1/Sorcs3/Grin2b/Jph3/Adcy1/Brinp1/Large1/Shank2/Ulk4/Rcan2/Tafa2/Adrb1/Cnr1/Pak5/Ntan1/Igf1/Cyp7b1/Srf/Mtor"
"GO:0007628","GO:0007628","adult walking behavior",35,0.460675007879885,1.65556825861646,0.00643281198722943,0.0597608862971295,0.0481242780742561,1759,"tags=43%, list=17%, signal=36%","Epha4/Chd7/Drd2/Cntn2/Cacna1c/Klhl1/Hipk2/Dab1/Drd1/Enpp1/Scn8a/Ulk4/Hexa/Kcnma1/Fkrp"
"GO:0072655","GO:0072655","establishment of protein localization to mitochondrion",64,-0.39639141141717,-1.62001757487399,0.00635406883984389,0.0597608862971295,0.0481242780742561,2650,"tags=45%, list=26%, signal=34%","Dnajc19/Cox18/Timm10/Timm8a1/Romo1/Parl/Tomm70a/Mfn2/Bnip3l/Hk2/Lrrk2/Grpel2/Akt1/Mapt/Chchd4/Aip/Tmem126a/Bag3/Pdcd5/Tspo/Ywhaz/Rala/Pmpca/Samm50/Maip1/Fbxo7/Tomm22/Hspa4/Gdap1"
"GO:0001823","GO:0001823","mesonephros development",68,0.371301051455331,1.56669428720119,0.00645875074524246,0.0597608862971295,0.0481242780742561,2386,"tags=38%, list=23%, signal=30%","Bcl2/Bmper/Gpc3/Gzf1/Smad6/Robo2/Kif26b/Smad3/Smad1/Bmp7/Sox8/Eya1/Hs3st3b1/Pkd1/Bdnf/Pbx1/Lgr4/Hs3st3a1/Rarb/Greb1l/Slit2/Lzts2/Wnt11/Tshz3/Gli3/Ret"
"GO:0072163","GO:0072163","mesonephric epithelium development",68,0.371301051455331,1.56669428720119,0.00645875074524246,0.0597608862971295,0.0481242780742561,2386,"tags=38%, list=23%, signal=30%","Bcl2/Bmper/Gpc3/Gzf1/Smad6/Robo2/Kif26b/Smad3/Smad1/Bmp7/Sox8/Eya1/Hs3st3b1/Pkd1/Bdnf/Pbx1/Lgr4/Hs3st3a1/Rarb/Greb1l/Slit2/Lzts2/Wnt11/Tshz3/Gli3/Ret"
"GO:0072164","GO:0072164","mesonephric tubule development",68,0.371301051455331,1.56669428720119,0.00645875074524246,0.0597608862971295,0.0481242780742561,2386,"tags=38%, list=23%, signal=30%","Bcl2/Bmper/Gpc3/Gzf1/Smad6/Robo2/Kif26b/Smad3/Smad1/Bmp7/Sox8/Eya1/Hs3st3b1/Pkd1/Bdnf/Pbx1/Lgr4/Hs3st3a1/Rarb/Greb1l/Slit2/Lzts2/Wnt11/Tshz3/Gli3/Ret"
"GO:0006906","GO:0006906","vesicle fusion",104,-0.337779020193019,-1.51643604985106,0.00646916524932623,0.0597608862971295,0.0481242780742561,2387,"tags=35%, list=23%, signal=27%","Pikfyve/Vamp3/Trim9/Uvrag/Chmp5/Yipf5/Stx2/Cplx2/Stx16/Rab3a/Yipf7/Chmp4b/Chmp2a/Rufy1/Stx1a/Stx6/Chmp7/Snap23/Rph3a/Chmp2b/Chmp3/Vps39/Snap29/Stx7/Snap47/Chmp1b2/Pip4k2b/Rab8a/Rab14/Stx19/Ankfy1/Stx3/Bet1/Yipf4/Vps11/Vamp1"
"GO:0030178","GO:0030178","negative regulation of Wnt signaling pathway",117,0.318984723462733,1.47908149573508,0.00643575000272534,0.0597608862971295,0.0481242780742561,2559,"tags=34%, list=25%, signal=26%","Trabd2b/Foxo3/Six3/Foxo1/Tsku/Ptpro/Rbms3/Gpc3/Sox13/Tcf7l2/Shisa6/Nlk/Ccdc88c/Lats1/Fzd1/Axin2/Dab2ip/Shisa2/Cdh2/Lrp4/Bicc1/Vgll4/Fermt1/Grb10/Gsk3b/Prkn/Rnf213/Lzts2/Wnt11/Amer2/Notum/2210016L21Rik/Lrp6/Gli3/Kremen1/Wwox/Tle7/Stk3/Rapgef1/Dkk3"
"GO:0061448","GO:0061448","connective tissue development",196,0.288819047357373,1.4374442239173,0.00665040039332567,0.0612483683640631,0.0493221184185855,2267,"tags=33%, list=22%, signal=26%","Ghrl/Mef2d/Chst11/Ext1/Bmp3/Klf7/Smpd3/Zfp516/Creb5/Wnt7a/Pdgfd/Thrb/Rasal2/Chsy1/Ap1s2/Ncoa1/Pum2/Ep300/Bmpr2/Sh3pxd2b/Smad3/Vps13b/Dmd/Smad1/Bmp7/Sox6/Bmp6/Itgb8/Sox8/Col5a1/Zbtb16/Arid5b/Wnt9a/Enpp1/Ppargc1a/Barx2/Axin2/Large1/Bmpr1a/Pkd1/Trps1/Rorc/Wnt7b/Maf/Tgfb2/Csgalnact1/Lrp5/Nfia/Zeb1/Fkrp/Rarb/Bpnt2/Sulf1/Sptlc2/Mkx/Fto/Eif2ak3/Igf1/Parp1/Sik3/Srf/Lrp6/Bbs2/Gli3"
"GO:0006633","GO:0006633","fatty acid biosynthetic process",102,-0.345066885148889,-1.54381938720414,0.00672425088475757,0.0616065749028282,0.0496105751692742,2521,"tags=31%, list=25%, signal=24%","Hacd2/Erlin1/Fads1/Edn1/Decr2/Myo5a/Pnpla8/Ndufab1/Prkab1/Abhd3/Wdtc1/Acss1/Acsbg1/Fasn/Abhd2/Prkaa2/Lipc/Eif6/Hpgds/Pdk4/Acly/Acadl/Cbr4/Fabp5/Mcat/Ptges3/Klhl25/Acsm1/Tecr/Gstp3/Pecr/Ptgs1"
"GO:0071559","GO:0071559","response to transforming growth factor beta",183,0.292140214539409,1.43130488688498,0.00672995917255317,0.0616065749028282,0.0496105751692742,1637,"tags=27%, list=16%, signal=23%","Zfhx3/Spred2/Chst11/Dbn1/Smurf2/Igf1r/Sap130/Sox11/Wnt7a/Crebbp/Pdgfd/Hipk2/Penk/Rnf111/Smad6/Ep300/Zmiz1/Fyn/Tnrc6c/Nkx2-1/Smad3/Smad1/Ptk2/Nlk/Sox6/Ski/Nr3c1/Itgb8/Pde3a/Tet1/Arid4b/Arid4a/Lats1/Adam9/Ldlrad4/Ppargc1a/Tgfbr3/Dusp22/Yes1/Bmpr1a/Kmt2a/Pmepa1/Acvr1/Tgfb2/Htra1/Fut8/Zfp451/Cdkn1c/Map3k7"
"GO:0006403","GO:0006403","RNA localization",131,-0.329025561293237,-1.53272652829993,0.00686720863530942,0.0626355403855459,0.0504391810365452,2619,"tags=36%, list=26%, signal=27%","Ndc1/Ssb/Hnrnpab/Nup54/Cct4/Nup88/Thoc7/Hnrnpa3/Ckap5/Casc3/Xpot/Magoh/Nup98/Tnks/Igf2bp2/Pcid2/Exosc10/Arc/Mrpl18/Rftn1/Cct2/Mapt/Prpf6/Nutf2/Thoc1/Ran/Nup107/Eif4e/Nsun2/Nup210/Chtop/Sem1/Zfp36l1/Supt6/Nup214/Ncbp2/Nup35/Znhit3/Rae1/Sec13/Mcm3ap/Eny2/Eif4a3/Fxr1/Sidt1/Hnrnpa2b1/Nup133"
"GO:0008543","GO:0008543","fibroblast growth factor receptor signaling pathway",93,0.341605461815436,1.52090721963471,0.00688370790375801,0.0626355403855459,0.0504391810365452,2105,"tags=37%, list=21%, signal=29%","Epha4/Smoc2/Egfr/Ext1/Igf1r/Ntrk3/Epha3/Nrxn1/Flrt2/Gpc1/Ephb1/Tcf7l2/Epha5/Met/Nptn/Zdhhc16/Chrd/Erbb4/Flrt3/Epha7/Fam20c/Enpp1/Epha6/Shisa2/Ros1/Ndst1/Alk/Ephb3/Sulf1/Fgfrl1/Fgf22/Tyro3/Grb2/Ephb2"
"GO:0003018","GO:0003018","vascular process in circulatory system",159,0.303723211156074,1.47482304884125,0.00692940772010027,0.0626749414683696,0.0504709099613273,1840,"tags=30%, list=18%, signal=25%","Asic2/Cftr/Chrm3/Adra2c/Plekha7/Prkg1/Egfr/Ext1/Arhgap42/Smpd3/Htr2c/Cacna1c/Dock5/Rbfox2/Cacna1g/Dock4/Add3/Itga9/Ptp4a3/Slc5a1/Smad6/Pla2g6/Bmpr2/Tacr1/Drd1/Adora2a/Nts/Drd5/Ptk2/Adra2b/Bmp6/Rap1gds1/Nr3c1/Gucy1a1/Pde3a/Slc8a1/Adrb2/Tgfbr3/Htr1d/Mfsd2a/Ptprm/Bcr/Kcnma1/Mtnr1b/Adora1/Itgb1bp1/Chga/Adrb1"
"GO:0045926","GO:0045926","negative regulation of growth",153,0.297583331567904,1.42982915050873,0.00690954180878546,0.0626749414683696,0.0504709099613273,2712,"tags=37%, list=26%, signal=27%","Sema3f/Sertad2/Foxp1/Bcl2/Fgf13/Hnf4a/Kcnk2/Mt1/Rai1/Ntn1/Sema3a/Ptprs/Slit3/Gpc3/Cdkn1b/Tcf7l2/Bcl11a/Bmpr2/Smad3/Ptk2/Igfbp5/Ctdp1/Ip6k2/Epha7/Rerg/Enpp1/Naif1/Adrb2/Smarca4/Dab2ip/Tgfb2/Tnr/Dcun1d3/Ing5/Map2/Adrb1/Vgll4/Gsk3b/Ei24/Slit2/Gng4/Wnt11/Caprin2/Sema5a/Bbs2/Ulk1/Spag9/Dnajc2/Wwc1/Slit1/Stk3/Fgfr3/P3h1/Tll2/Ryk/Cda"
"GO:0000470","GO:0000470","maturation of LSU-rRNA",22,-0.540513830709622,-1.70720541885678,0.00716691062277372,0.0646301761517987,0.0520454223796663,1390,"tags=64%, list=14%, signal=55%","Nol9/Ppan/Mak16/Nop2/Rpl7/Bop1/Rpl7l1/Las1l/Pak1ip1/Rpf2/Eif6/Ddx18/Znhit3/Rpf1"
"GO:0001960","GO:0001960","negative regulation of cytokine-mediated signaling pathway",42,0.423232873373701,1.58198953714302,0.00731149264305208,0.0653505094644478,0.0526254927700504,2128,"tags=40%, list=21%, signal=32%","Robo1/Stat2/Ptprf/Parp14/Samhd1/Slit3/Adar/Traip/Tank/Gigyf2/Ccdc3/Usp25/Ptprc/Ythdf3/Gas6/Slit2/Eif4e2"
"GO:0021954","GO:0021954","central nervous system neuron development",82,0.355052050256868,1.54167387364083,0.00730545070036552,0.0653505094644478,0.0526254927700504,2105,"tags=30%, list=21%, signal=24%","Epha4/Robo1/Drd2/Cntn2/Agbl4/Plxna4/Tsku/Sema3a/Taok1/Ephb1/Zmiz1/Drd1/Robo2/Ptk2/Sox1/Ogdh/Lingo1/Brinp1/Dclk2/Pals1/Ephb3/Plxna1/Dclk1/Slit2/Ephb2"
"GO:0071560","GO:0071560","cellular response to transforming growth factor beta stimulus",177,0.289422723730663,1.41566701709186,0.0072719186858363,0.0653505094644478,0.0526254927700504,1637,"tags=27%, list=16%, signal=23%","Spred2/Chst11/Dbn1/Smurf2/Igf1r/Sap130/Sox11/Wnt7a/Crebbp/Pdgfd/Hipk2/Penk/Rnf111/Smad6/Ep300/Zmiz1/Fyn/Tnrc6c/Nkx2-1/Smad3/Smad1/Ptk2/Nlk/Sox6/Ski/Nr3c1/Itgb8/Pde3a/Tet1/Arid4b/Arid4a/Lats1/Adam9/Ldlrad4/Ppargc1a/Tgfbr3/Dusp22/Yes1/Bmpr1a/Kmt2a/Pmepa1/Acvr1/Tgfb2/Htra1/Fut8/Zfp451/Cdkn1c/Map3k7"
"GO:1900273","GO:1900273","positive regulation of long-term synaptic potentiation",29,0.489378441372903,1.67293005650477,0.0074143965743779,0.0654974391264287,0.052743812365837,2509,"tags=48%, list=24%, signal=37%","Drd2/Ptpn5/Pde9a/Drd1/Adora2a/Akap5/Crtc1/Nptn/Adcy1/Adrb1/Mme/Ephb2/Adcy8/Fmr1"
"GO:0051642","GO:0051642","centrosome localization",29,0.487813270616658,1.66757955272217,0.0074143965743779,0.0654974391264287,0.052743812365837,723,"tags=28%, list=7%, signal=26%","Syne2/Plxna2/Bicd2/Pard3/Pard3b/Nde1/Akap9/Ccdc141"
"GO:0031016","GO:0031016","pancreas development",50,0.398626705101098,1.55181921762431,0.00741432321818067,0.0654974391264287,0.052743812365837,2423,"tags=32%, list=24%, signal=25%","Cftr/Meis2/Wfs1/Acvr2b/Igf1r/Prox1/Met/Bmp6/Sox4/Cdh2/Cdk6/Eif2ak3/Igf1/Pax6/Bmp5/Wls"
"GO:1903035","GO:1903035","negative regulation of response to wounding",50,0.397499035848468,1.54742929894861,0.00741432321818067,0.0654974391264287,0.052743812365837,1142,"tags=24%, list=11%, signal=21%","Epha4/Tafa5/Prkg1/Prkcd/Ptprs/Ajap1/Cask/Neo1/Serping1/Smad3/Ptpn6/Ubash3b"
"GO:0051153","GO:0051153","regulation of striated muscle cell differentiation",59,0.394609307428868,1.61099989760115,0.0074452014950821,0.065578373634008,0.0528089873488381,2178,"tags=37%, list=21%, signal=30%","Foxp1/Bcl2/Prox1/Ccnd2/Rbm38/Prkd1/Ep300/Hdac4/Sox6/Ctdp1/Nr3c1/Ezh2/Rbm24/Bhlhe41/Bdnf/Epc1/Adrb1/Efnb2/Gsk3b/Igf1/Hdac9/Mtor"
"GO:0006085","GO:0006085","acetyl-CoA biosynthetic process",20,-0.554008294462503,-1.69426912439654,0.00751665947443799,0.0660158788624554,0.0531613017902281,1032,"tags=60%, list=10%, signal=54%","Dlat/Acat1/Bckdk/Vdac1/Acss1/Pdk1/Mpc1/Pdk4/Acly/Pdhb/Dld/Mpc2"
"GO:0045022","GO:0045022","early endosome to late endosome transport",34,-0.466618262409595,-1.65667511363302,0.00760614351580035,0.0666087134476158,0.053638699938014,2362,"tags=41%, list=23%, signal=32%","Nf2/Dnajc13/Src/Ezr/Rab5a/Wdr81/Msn/Snx12/Map2k1/Chmp3/Map2k2/Snx3/Rab21/Vps11"
"GO:1902476","GO:1902476","chloride transmembrane transport",69,0.386992642767206,1.6303057488043,0.0078477283332309,0.0685073084006166,0.0551676014843249,2537,"tags=39%, list=25%, signal=30%","Cftr/Gabra5/Kcnk2/Gabrb3/Glra3/Ano6/Ttyh3/Gabra1/Gabra3/Slc26a7/Gabrg3/Gabrp/Slc4a1/Ano3/Chrm5/Gabre/Oca2/Ano2/Glra1/Gabra2/Slc4a3/Clic5/Best3/Slc12a4/Clcn3/Clcn4/Glra2"
"GO:0098659","GO:0098659","inorganic cation import across plasma membrane",79,0.364556424035577,1.57257994438417,0.00789077578607762,0.0685073084006166,0.0551676014843249,1871,"tags=35%, list=18%, signal=29%","Kcnq1/Kcne2/Ppp3ca/Slc24a4/Kcnj12/Kcnd3/Pawr/Cacna1c/Cacna1e/Cacna1b/Kcnk9/Slc5a1/Cacna1d/Ank3/Slc8a3/Wnk2/Nalf2/Fyn/Akap5/Kcnj6/Atp1b1/Slc8a1/Adrb2/Kcnk5/Trpv3/Adrb1/Atp1a1/Hcn4"
"GO:0099587","GO:0099587","inorganic ion import across plasma membrane",79,0.364556424035577,1.57257994438417,0.00789077578607762,0.0685073084006166,0.0551676014843249,1871,"tags=35%, list=18%, signal=29%","Kcnq1/Kcne2/Ppp3ca/Slc24a4/Kcnj12/Kcnd3/Pawr/Cacna1c/Cacna1e/Cacna1b/Kcnk9/Slc5a1/Cacna1d/Ank3/Slc8a3/Wnk2/Nalf2/Fyn/Akap5/Kcnj6/Atp1b1/Slc8a1/Adrb2/Kcnk5/Trpv3/Adrb1/Atp1a1/Hcn4"
"GO:0045861","GO:0045861","negative regulation of proteolysis",91,-0.354901285246481,-1.55412135200531,0.00792611845337059,0.0686175397534654,0.055256368646355,2277,"tags=31%, list=22%, signal=24%","Usp14/Reck/Bag5/Lrrk2/Chac1/Bin1/Rpl5/Usp19/Rab23/Akt1/Anks1/Usp5/Cstb/Plat/Snx12/Ophn1/Taf9/Ubxn2a/Uchl5/Aqp11/Gabarapl2/Ogt/Park7/Kng1/Ufsp2/Serpine3/Timp4/Serpind1"
"GO:0050982","GO:0050982","detection of mechanical stimulus",40,0.440782505648826,1.64965850823901,0.00805683767564341,0.0695504790803405,0.0560076465201422,1440,"tags=32%, list=14%, signal=28%","Asic2/Kcnq1/Pjvk/Grm8/Kcnk2/Pawr/Atp2b2/Fyn/Bace1/Grin2b/Ano3/Pkd1/Whrn"
"GO:0106056","GO:0106056","regulation of calcineurin-mediated signaling",26,0.49925807003238,1.65560678323454,0.00809423859014451,0.069674837864028,0.0561077902271381,2760,"tags=58%, list=27%, signal=42%","Ppp3ca/Rcan1/Akap5/Sppl3/Atp2b4/Homer3/Ptbp1/Homer2/Gsk3b/Nfat5/Igf1/Mtor/Slc8a2/Akap6/Prnp"
"GO:0043087","GO:0043087","regulation of GTPase activity",156,0.291698473690738,1.40718109826809,0.00812181426263427,0.0697141564186454,0.0561394526935627,3104,"tags=44%, list=30%, signal=31%","Epha4/Arhgap6/Arhgap11a/Prkg1/Ntrk3/Arhgap42/Ngef/Rap1gap/Plxnb2/Kalrn/Rasgrp1/Epha3/Bcar3/Prex1/Dennd1b/Agrn/Epha5/Arhgef7/Met/Mex3b/Map4k4/Gpsm1/Tns3/Arhgap1/Rap1gds1/Ezh2/Rrp1b/Dab2ip/Lrch1/Bcr/Sipa1l1/Rapgef6/Ephb3/Rsu1/Itgb1bp1/Tiam1/Dennd1a/Gsk3b/Vav2/Ralgapa2/Wnt11/Vav3/Arhgef16/Mtor/Rgs6/Rabgap1/Arhgef10/Rapgef1/Wnk1/Tsc1/Dgki/Rapgef3/Rab11fip2/Rangap1/Rapgef2/Rgma/Evi5/Lims1/Grhl3/Sgsm2/Pkp4/Als2/Evi5l/Srgap2/Cblb/Gpr137b/Ralbp1/Rtn4r/Mtss2"
"GO:0030431","GO:0030431","sleep",27,0.493534814443078,1.65469238209161,0.00824552840546305,0.0705761329620142,0.0568335856195758,2239,"tags=52%, list=22%, signal=41%","Ghrl/Drd2/Gabrb3/Per3/Drd1/Cacna1i/Adora2a/Btbd9/Alb/Mtnr1b/Adora1/Adrb1/Parp1/Kcna2"
"GO:0072330","GO:0072330","monocarboxylic acid biosynthetic process",129,-0.32485757031851,-1.50141131827184,0.00832513807769041,0.0710568123250759,0.0572206673508862,2521,"tags=30%, list=25%, signal=23%","Hacd2/Erlin1/Fads1/Edn1/Decr2/Myo5a/Pnpla8/Ndufab1/Prkab1/Dse/Abhd3/Ldha/Wdtc1/Acss1/Acsbg1/Fasn/Abhd2/Errfi1/Prkaa2/Lipc/Eif6/Cyp39a1/Hpgds/Pdk4/Acly/Acadl/Park7/Cbr4/Fabp5/Mcat/Ptges3/Klhl25/Acsm1/Pkm/Slc27a5/Tecr/Gstp3/Pecr/Ptgs1"
"GO:0019933","GO:0019933","cAMP-mediated signaling",45,0.420505124981749,1.58593523135684,0.00836282308288291,0.0711779605088068,0.0573182256242537,2460,"tags=47%, list=24%, signal=36%","Pde7b/Pde1a/Pde10a/Pde8a/Pex5l/Pde7a/Pde9a/Cap2/Pde4b/Epha5/Pde3a/Adcy2/Pde1c/Pde1b/Gnai1/Chga/Crhr2/Adcyap1r1/Crhr1/Adcy8/Mgrn1"
"GO:0060042","GO:0060042","retina morphogenesis in camera-type eye",45,0.420085368019045,1.58435211781978,0.00851350053984992,0.072174506960175,0.0581207250768406,1472,"tags=31%, list=14%, signal=27%","Sdk2/Dscam/Prox1/Fat3/Megf11/Zhx2/Thrb/Hipk2/Rpgr/Sox8/Ush1c/Large1/Mfsd2a/Ptprm"
"GO:0015698","GO:0015698","inorganic anion transport",109,0.326201112864438,1.4982812820068,0.0085275490071758,0.072174506960175,0.0581207250768406,2537,"tags=39%, list=25%, signal=29%","Cftr/Kcnq1/Ank/Gabra5/Kcne2/Kcnk2/Gabrb3/Glra3/Ano6/Ttyh3/Gabra1/Gabra3/Slc26a7/Xpr1/Gabrg3/Gabrp/Ip6k2/Slc4a1/Ano3/Chrm5/Tg/Enpp1/Mfsd5/Slc11a1/Gabre/Ros1/Slc4a5/Oca2/Ano2/Glra1/Mtor/Gabra2/Slc4a3/Slc5a6/Clic5/Best3/Slc12a4/Clcn3/Slc4a11/Slc20a2/Clcn4/Glra2"
"GO:0097720","GO:0097720","calcineurin-mediated signaling",38,0.442645269189229,1.62426291451809,0.00861667987807646,0.0727257382467177,0.058564620898347,2534,"tags=47%, list=25%, signal=36%","Ppp3ca/Adgrb2/Rcan1/Nfatc3/Akap5/Sppl3/Atp2b4/Homer3/Ptbp1/Rcan2/Homer2/Gsk3b/Nfat5/Nfatc1/Igf1/Mtor/Slc8a2/Akap6"
"GO:0008053","GO:0008053","mitochondrial fusion",30,-0.498566942578019,-1.70734976532639,0.00873490605065331,0.0731126114184517,0.0588761623303704,2891,"tags=53%, list=28%, signal=38%","Mfn1/Dnm1l/Miga2/Afg3l2/Mcl1/Opa1/Parl/Mfn2/Rcc1l/Usp30/Mief1/Vat1/Gdap1/Yme1l1/Bnip3/Thg1l"
"GO:0055006","GO:0055006","cardiac cell development",80,0.358921929940965,1.54995188351754,0.00870557934654039,0.0731126114184517,0.0588761623303704,2178,"tags=40%, list=21%, signal=32%","Foxp1/Sgcd/Prkg1/Fhod3/Prox1/Popdc2/Meis1/Nebl/Smad6/Ep300/Met/Akap13/Sorbs2/Ctdp1/Nr3c1/Col14a1/Slc8a1/Map2k4/Tgfbr3/Large1/Bmpr1a/Pbrm1/Adrb1/Hnrnpu/Gsk3b/Myo18b/Ttn/Myh10/Igf1/Hey2/Srf/Mtor"
"GO:0003279","GO:0003279","cardiac septum development",85,0.350250932599385,1.52243240835599,0.00872430102255445,0.0731126114184517,0.0588761623303704,2690,"tags=45%, list=26%, signal=33%","Robo1/Chd7/Prox1/Sox11/Slit3/Lmo4/Smad6/Bmpr2/Robo2/Matr3/Bmp7/Hectd1/Ank2/Notch2/Fzd1/Tgfbr3/Sox4/Bmpr1a/Smarca4/Dhrs3/Acvr1/Tgfb2/Ndst1/Fgfrl1/Ptk7/Nfatc1/Slit2/Myh10/Wnt11/Hey2/Lrp2/Lrp6/Cntrl/Bmp5/Sufu/Ltbp1/Parva/Egln1"
"GO:0007187","GO:0007187","G protein-coupled receptor signaling pathway, coupled to cyclic nucleotide second messenger",20,0.548140909346475,1.67809549967444,0.00915326879781949,0.0764033180644437,0.0615261043159216,1423,"tags=40%, list=14%, signal=35%","Chrm2/Chrm3/Vipr1/Htr2c/Htr4/Drd1/Chrm5/Htr1d"
"GO:0095500","GO:0095500","acetylcholine receptor signaling pathway",30,0.47750534039632,1.65843108379449,0.00923186090799511,0.0764277009596317,0.0615457393866341,1415,"tags=23%, list=14%, signal=20%","Chrm2/Chrm3/Itpr1/Plcb1/Sorbs2/Chrm5/Large1"
"GO:0060391","GO:0060391","positive regulation of SMAD protein signal transduction",23,0.514289744862645,1.65295307225918,0.00921095184654925,0.0764277009596317,0.0615457393866341,2392,"tags=52%, list=23%, signal=40%","Bmper/Acvr2a/Bmpr2/Bmp7/Bmp6/Tgfbr3/Bmpr1a/Acvr1/Tgfb2/Atoh8/Parp1/Bmp5"
"GO:0051961","GO:0051961","negative regulation of nervous system development",113,0.328128614363056,1.51326433307411,0.00920452465552714,0.0764277009596317,0.0615457393866341,2773,"tags=44%, list=27%, signal=33%","Sema3f/Robo1/Fgf13/B2m/Ppp3ca/Prox1/Ntrk3/Sox11/Wnt7a/Ntn1/Sema3a/Ptprs/Dab1/Bcl11a/Sirt2/Clstn3/Trpc5/Ptk2/Bmp7/Ski/Idh2/Ptpn13/Epha7/Lingo1/Brinp1/Bmpr1a/Bdnf/Wnt7b/Lrp4/Tnr/Map2/Daam2/Gsk3b/Slit2/Ephb2/Mbp/Appl2/Sema5a/Ulk1/Elapor2/Pax6/Btg2/Slit1/Tert/Ctdsp1/Fgfr3/Gpr37l1/Ryk/Rapgef2/Rgma"
"GO:0045907","GO:0045907","positive regulation of vasoconstriction",32,0.460883964404771,1.64317831128327,0.00934019654986449,0.0765583692703042,0.0616509640328522,837,"tags=25%, list=8%, signal=23%","Chrm3/Adra2c/Egfr/Htr2c/Rbfox2/Add3/Smad6/Tacr1"
"GO:0060999","GO:0060999","positive regulation of dendritic spine development",55,0.394669506802207,1.57804370173063,0.00936072014810928,0.0765583692703042,0.0616509640328522,2541,"tags=42%, list=25%, signal=32%","Il1rapl1/Dbn1/Nlgn1/Cux2/Kalrn/Crebbp/Lrp8/Cdkl5/Cask/Itpka/Nr3c1/Grn/Pbrm1/Tiam1/D16Ertd472e/Mapk6/Ephb2/Caprin2/Mtor/Afdn/Itsn1/Fmr1/Dhx36"
"GO:0070509","GO:0070509","calcium ion import",54,0.387374458336692,1.53819390570424,0.00934192352130584,0.0765583692703042,0.0616509640328522,1385,"tags=35%, list=14%, signal=31%","Cacna1h/Ppp3ca/Slc24a4/Pawr/Cacna1c/Cacna1g/Cacna1e/Cacna1b/Cask/Cacna1d/Slc8a3/Nalf2/Fyn/Cacna1i/Cacnb2/Akap5/Plpp4/Slc8a1/Adrb2"
"GO:0035270","GO:0035270","endocrine system development",82,0.347552510156114,1.50911007058916,0.00934382585934873,0.0765583692703042,0.0616509640328522,1626,"tags=26%, list=16%, signal=22%","Cftr/Drd2/Six3/Igf1r/Rap1gap/Pou3f2/Hipk2/Tcf7l2/Nkx2-1/Smad3/Bmp6/Nr3c1/Pou1f1/Arid5b/Tg/Sox4/Bmpr1a/Pbx1/Cdh2/Cdkn1c/Cdk6"
"GO:0009165","GO:0009165","nucleotide biosynthetic process",160,-0.299955934953181,-1.4266196773019,0.0093739785476181,0.0765583692703042,0.0616509640328522,2223,"tags=31%, list=22%, signal=25%","Ndufa10/Ndufab1/Ndufb9/Gars1/Nme1/Atpsckmt/Tyms/Cox11/mt-Nd6/Atp5f1c/Atp5pf/Ndufb5/Nmrk2/Hprt1/Ctps1/Ndufs3/Uckl1/Atic/Umps/Atp5mc3/Nampt/Aprt/Gmps/Atp5mf/Ndufb2/Slc25a13/Dmac2l/Adora2b/Sdhb/Ndufa12/Sdhd/Nadsyn1/Uck1/Taf9/Map2k1/Ndufs1/Ndufs6/Ndufa5/Ndufa8/Ndufv3/Ampd3/Ppat/Kars1/Atp6v1a/Upp1/Rrm1/Rrm2b/Ak7/Pid1/Tmsb4x"
"GO:0006622","GO:0006622","protein targeting to lysosome",21,-0.525909477229514,-1.62607563700049,0.00958312910260072,0.0768171459811645,0.0618593518792216,2586,"tags=48%, list=25%, signal=36%","Vps53/Hspa8/Sorl1/Ncoa4/Hgs/Sort1/Lhcgr/Lamp2/M6pr/Gga3"
"GO:0021533","GO:0021533","cell differentiation in hindbrain",21,0.517564455634272,1.6159765999429,0.00958312910260072,0.0768171459811645,0.0618593518792216,1468,"tags=43%, list=14%, signal=37%","Foxp2/Prox1/Wnt7a/Nrxn1/Grid2/Atp2b2/Rora/Faim2/Ldb1"
"GO:0007608","GO:0007608","sensory perception of smell",21,0.517398548941776,1.61545859425312,0.00958312910260072,0.0768171459811645,0.0618593518792216,1366,"tags=38%, list=13%, signal=33%","Syt10/Drd2/B2m/Slc24a4/Cnga4/Gnal/Nav2/Pde1c"
"GO:0030204","GO:0030204","chondroitin sulfate metabolic process",21,0.516036653177364,1.61120638631478,0.00958312910260072,0.0768171459811645,0.0618593518792216,2029,"tags=43%, list=20%, signal=34%","Chst11/Ext1/B4galnt4/Chsy1/Csgalnact2/Dsel/Csgalnact1/Bpnt2/Chst12"
"GO:0038084","GO:0038084","vascular endothelial growth factor signaling pathway",53,0.391430752580134,1.54239178464616,0.00945584941790713,0.0768171459811645,0.0618593518792216,1816,"tags=42%, list=18%, signal=34%","Epha4/Robo1/Smoc2/Dcn/Egfr/Igf1r/Ntrk3/Vegfc/Epha3/Ptp4a3/Ephb1/Adamts3/Epha5/Met/Jcad/Erbb4/Epha7/Epha6/Dab2ip/Ros1/Alk/Ephb3"
"GO:0006940","GO:0006940","regulation of smooth muscle contraction",50,0.392273874181945,1.52708819739786,0.00946971929073563,0.0768171459811645,0.0618593518792216,1653,"tags=36%, list=16%, signal=30%","Chrm2/Ghrl/Chrm3/Adra2c/Prkg1/Arhgap42/Pawr/Dock5/Dock4/Tacr1/Setd3/Prok2/Adra2b/Gucy1a1/Cald1/Adrb2/Kcnma1/Calcrl"
"GO:0098876","GO:0098876","vesicle-mediated transport to the plasma membrane",130,-0.313961664184241,-1.45925794932247,0.00954487543311545,0.0768171459811645,0.0618593518792216,1251,"tags=22%, list=12%, signal=20%","Eps15/Steap2/Stx6/Cmtm6/Exoc1/Snap23/Snx12/Blzf1/Sec16a/Snx7/Arhgap44/Vps39/Vps29/Micall1/Gga2/Snx4/Snap47/Mylk/Vps26c/Chic2/Rab8a/Rab14/Stx3/Snx3/Golga7/Rab8b/Rab35/Gga3/Vps35"
"GO:0045165","GO:0045165","cell fate commitment",142,0.303436604039276,1.4534933368933,0.00963756435312627,0.0770496569656269,0.0620465884475675,1566,"tags=26%, list=15%, signal=22%","Bcl11b/Tenm4/Bcl2/Zfp521/Fgf13/Ext1/Prox1/Ntrk3/Wnt7a/Pou3f2/Myt1l/Lmo4/Sox13/Tcf7l2/Ep300/Sh3pxd2b/Nkx2-1/Nr2f2/Smad1/Mta3/Sox6/Sox1/Sox8/Zdhhc16/Chrd/Erbb4/Pou1f1/Eya1/Wnt9a/Lats1/Notch2/Tox/Bmpr1a/Smarca4/Acvr1/Wnt7b/Tgfb2"
"GO:0014897","GO:0014897","striated muscle hypertrophy",85,0.346002101721756,1.50396405545906,0.00984482380158059,0.0784995161020769,0.0632141317785701,2178,"tags=39%, list=21%, signal=31%","Foxp1/Prkg1/Foxo1/Ppp3ca/Pde9a/Adk/Meis1/Nfatc3/Myoc/Ep300/Smad3/Akap13/Smad1/Ptk2/Igfbp5/Sorbs2/Ctdp1/Rap1gds1/Nr3c1/Col14a1/Ezh2/Atp2b4/Map2k4/Inpp5f/Tiam1/Adrb1/Ar/Gsk3b/Ttn/Igf1/Parp1/Hey2/Mtor"
"GO:0014904","GO:0014904","myotube cell development",26,0.487798712527337,1.6176060153839,0.00990972072973428,0.0788095900553671,0.0634638282954112,2275,"tags=50%, list=22%, signal=39%","Bcl2/Smyd3/Ppp3ca/Cntnap2/Rcan1/Nfatc3/Hdac4/Dmd/Ski/Large1/Igf1/Hdac9/Pmp22"
"GO:0099068","GO:0099068","postsynapse assembly",83,0.346400550725884,1.50007437997499,0.010014222001893,0.0792247850280308,0.0637981767222426,988,"tags=23%, list=10%, signal=21%","Asic2/Lzts3/Nrxn3/Ntrk3/Elmo1/Nlgn1/Htr4/Nckipsd/Nrxn1/Flrt2/Arhgef9/Dock4/Ptprs/Grid2/Pum2/Syndig1/Gna13/Psd/Magi2"
"GO:0045444","GO:0045444","fat cell differentiation",178,0.28814076365206,1.41475377859737,0.0099930502851871,0.0792247850280308,0.0637981767222426,2300,"tags=31%, list=22%, signal=25%","Tbl1x/Ptgr3/Asxl2/Foxo1/Ncor2/Cntn2/Zfp516/Creb5/Runx1t1/Klf5/Grk5/Htr2c/Cntnap2/Fndc3b/Pias1/Negr1/Plcb1/Trio/Ap1s2/Cebpa/Sox13/Tcf7l2/Smad6/Ep300/Sh3pxd2b/Rora/Sirt2/Smad3/Socs1/Bmp7/Sox8/Zbtb16/Srebf1/Arid5b/Lmo3/Enpp1/Axin2/Adrb2/Ctbp2/Retreg1/Rorc/Ccdc3/Lrp5/Adrb1/Mkx/Fto/Hnrnpu/Gsk3b/Eif2ak3/Igf1/Fndc5/Mtor/Lrp6/Bbs2/Bcl2l13/Tmem120b"
"GO:0019068","GO:0019068","virion assembly",22,-0.53252223456045,-1.68196407353678,0.0101636983983273,0.0793711498632258,0.0639160414740168,3646,"tags=64%, list=36%, signal=41%","Chmp1a/Spcs1/Chmp6/Lrsam1/Tbc1d20/Rab43/Chmp5/Chmp4b/Chmp2a/Chmp7/Vps4b/Chmp2b/Chmp3/Chmp1b2"
"GO:0014888","GO:0014888","striated muscle adaptation",29,0.474517197552629,1.62212720259434,0.0101571463814471,0.0793711498632258,0.0639160414740168,2332,"tags=59%, list=23%, signal=45%","Foxo1/Ppp3ca/Gtf2ird1/Nfatc3/Myoc/Smad3/Smad1/Tead1/Igfbp5/Ezh2/Atp2b4/Inpp5f/Ar/Nfatc1/Hey2/Mtor/Tnnc1"
"GO:0000723","GO:0000723","telomere maintenance",104,-0.328874759051571,-1.47646097210803,0.0101128699945191,0.0793711498632258,0.0639160414740168,2145,"tags=28%, list=21%, signal=22%","Hdac8/Naf1/Src/Tnks/Nvl/Exosc10/Actr8/Nat10/Ten1/Nfrkb/Cct2/Dclre1c/Map3k4/Ruvbl1/Prkcq/Sirt6/Terf2ip/Ctc1/Nabp2/Slx4/Pcna/Uchl5/Ccne1/Cct8/Smg1/Ptges3/Brca2/Hnrnpa2b1/Spdya"
"GO:0032200","GO:0032200","telomere organization",104,-0.328874759051571,-1.47646097210803,0.0101128699945191,0.0793711498632258,0.0639160414740168,2145,"tags=28%, list=21%, signal=22%","Hdac8/Naf1/Src/Tnks/Nvl/Exosc10/Actr8/Nat10/Ten1/Nfrkb/Cct2/Dclre1c/Map3k4/Ruvbl1/Prkcq/Sirt6/Terf2ip/Ctc1/Nabp2/Slx4/Pcna/Uchl5/Ccne1/Cct8/Smg1/Ptges3/Brca2/Hnrnpa2b1/Spdya"
"GO:0034284","GO:0034284","response to monosaccharide",158,0.290273436166166,1.40630490674775,0.010078278859048,0.0793711498632258,0.0639160414740168,1470,"tags=24%, list=14%, signal=21%","Cftr/Zbtb20/Adcy5/Foxo3/Ghrl/Abcg1/Acvr2b/Hnf4a/Ppp3ca/Igf1r/Klf7/Eif2b3/Cacna1e/Rasal2/Plcb1/Oprk1/Cdkn1b/Tcf7l2/Cacna1d/Epha5/Ep300/Ptprn/Pla2g6/Smad3/Map4k4/Abca12/Col4a3/Prkce/Sybu/Pfkl/Srebf1/Kcnb1/Gpr68/Pde1c/Brsk2/Sox4/Smarca4/Stxbp4"
"GO:0106027","GO:0106027","neuron projection organization",98,0.332447635522185,1.4963262536239,0.0102152078306446,0.0794503708656386,0.0639798366046727,1043,"tags=21%, list=10%, signal=19%","Epha4/Lzts3/Il1rapl1/Dbn1/Igf1r/Ngef/Nlgn1/Wnt7a/Cux2/Kalrn/Cntnap2/Lrp8/Ppfia2/Abi2/Ephb1/Cask/Itpka/Epha5/Fyn/Ctnnd2/Grin2b"
"GO:0031023","GO:0031023","microtubule organizing center organization",108,-0.320995083990746,-1.44577465378825,0.0102262853589436,0.0794503708656386,0.0639798366046727,3242,"tags=45%, list=32%, signal=31%","Usp33/Pafah1b1/Ctnnb1/Gcc2/Pcm1/Cep44/Sass6/Aurka/Mapk8/Bbs4/Kif3a/Ssx2ip/Tuba1a/Haus2/Pard6a/Trim37/Ckap5/Cetn1/Uvrag/Chmp5/Chmp4b/Spice1/Cep192/Xrcc2/Nat10/Chmp2a/Haus3/Tmem67/Bnip2/Cep68/Chordc1/Ranbp1/Foxj1/Gen1/Vps4b/Nubp1/Dync1li1/Deup1/Azin1/Chmp2b/Chmp3/Mcph1/Ccnl2/Ccnf/Brca2/Dctn1/Ubxn2b/Cetn4/Rttn"
"GO:0030324","GO:0030324","lung development",159,0.296366146500218,1.43909852029774,0.0103077856216264,0.079878747911836,0.0643248002986402,1093,"tags=19%, list=11%, signal=18%","Cftr/Foxp2/Foxp1/Foxp4/Acvr2b/Ncor2/Egfr/Ext1/Prox1/Atxn1/Smpd3/Sox11/Tnc/Fndc3b/Thrb/Ctsh/Hipk2/Gpc3/Cebpa/Cux1/Ep300/Bmpr2/Lama1/Mosmo/Hs6st1/Tnrc6c/Nkx2-1/Abca12/Tns3/Sp3/Igfbp5"
"GO:0015012","GO:0015012","heparan sulfate proteoglycan biosynthetic process",29,0.47238829773262,1.61484960269396,0.0104537002081446,0.0807581033282059,0.0650329280926806,1739,"tags=41%, list=17%, signal=34%","Hs6st3/Ext1/Hs6st2/Hs3st4/Ndst4/Tcf7l2/Hs6st1/Hs3st3b1/Ndst2/Hs3st3a1/Ndst1/Hs3st5"
"GO:1905874","GO:1905874","regulation of postsynaptic density organization",21,0.513569535340197,1.60350337531632,0.0104745658772227,0.0807581033282059,0.0650329280926806,1752,"tags=38%, list=17%, signal=32%","Dbn1/Nlgn1/Nrxn1/Ptprs/Grid2/Lats1/Cdh2/Sipa1l1"
"GO:0016032","GO:0016032","viral process",185,-0.287604299814538,-1.40064772974851,0.0105256339563583,0.080945865197375,0.0651841290698333,2387,"tags=31%, list=23%, signal=24%","Pikfyve/Ubp1/Cnot7/Cxcr4/Hspa8/Uvrag/Chmp5/Nr5a2/Trim32/Atg5/Tmem250/Fbxl2/Ddx3x/Tfap4/Siva1/Eif3g/Chmp4b/Oaz2/Trim13/Ccnt1/Eif2ak2/Chmp2a/Denr/Ccnk/Tpcn1/Ltf/Kpna6/Tmem41b/Eps15/Gtf2b/Smarcb1/Nrp1/Chmp7/Csde1/Vps4b/Dynlt1c/Chmp2b/Chmp3/Ppih/Insr/Cdk9/Chmp1b2/Csf1r/Eef1a1/Mcts1/Tpcn2/Ctsb/Setdb1/P4hb/Vps18/Itgav/Pcbp2/Znfx1/Inpp5k/Ddx5/Npc1/Usf1"
"GO:0022612","GO:0022612","gland morphogenesis",99,0.331166979335611,1.49125560167116,0.0105996092927831,0.0813083953345131,0.0654760675301029,2867,"tags=40%, list=28%, signal=29%","Robo1/Bcl2/Egfr/Igf1r/Prox1/Tnc/Rps6ka1/Itpr1/Ntn1/Sema3a/Tet2/Csmd1/Nfkb1/Lama1/Met/Bmp7/Igfbp5/Nr3c1/Notch2/Tgfb2/Lrp5/Rxra/Mki67/Plxna1/Sulf1/Ar/Slit2/Igf1/Cyp7b1/Lrp6/Gli3/Pax6/Fgf18/Btrc/Tnfaip3/Eda/Lims1/Ncoa3/Lipa/Plag1"
"GO:0006611","GO:0006611","protein export from nucleus",46,-0.414414440443786,-1.58753414394905,0.0106442358902253,0.0814218337172162,0.0655674172508276,2252,"tags=39%, list=22%, signal=31%","Hspa9/Hdac3/Ywhae/Ptpn11/Desi1/Ranbp3/Chchd4/Nutf2/Ran/Prpf4b/Bag3/Rbm22/Ppm1a/Sirt6/Strada/Nup214/Park7/Ahcyl1"
"GO:0006939","GO:0006939","smooth muscle contraction",86,0.354724153308132,1.54468843678853,0.0106681412494174,0.0814218337172162,0.0655674172508276,2008,"tags=38%, list=20%, signal=31%","Chrm2/Ghrl/Chrm3/Drd2/Adra2c/Prkg1/Arhgap42/Smpd3/Pawr/Cacna1c/Dock5/Cacna1g/Dock4/Pla2g6/Tacr1/Drd1/Setd3/Prok2/Adra2b/Rap1gds1/Gucy1a1/Cald1/Atp2b4/Slc8a1/Adrb2/Htr1d/Kcnma1/Calcrl/Apbb1/Adrb1/Sulf1/Trpv1/Grip2"
"GO:0050805","GO:0050805","negative regulation of synaptic transmission",58,0.388163474246798,1.57817661136209,0.0107955223974265,0.0821870172467398,0.0661836046475396,1788,"tags=34%, list=17%, signal=29%","Pcdh17/Drd2/Grik3/Cntnap2/Penk/Grid2/Sorcs2/Gnal/Pla2g6/Drd1/Gria1/Adnp/Drd5/Sorcs3/Kcnb1/Bdnf/Shank2/Tnr/Gnai1/Adora1"
"GO:0090174","GO:0090174","organelle membrane fusion",106,-0.342042145667331,-1.54191685763696,0.0109015638859745,0.0827863122167986,0.066666205217488,2387,"tags=35%, list=23%, signal=27%","Pikfyve/Vamp3/Trim9/Uvrag/Chmp5/Yipf5/Stx2/Cplx2/Bnip1/Stx16/Rab3a/Yipf7/Chmp4b/Chmp2a/Rufy1/Stx1a/Stx6/Chmp7/Snap23/Rph3a/Chmp2b/Chmp3/Vps39/Snap29/Stx7/Snap47/Chmp1b2/Pip4k2b/Rab8a/Rab14/Stx19/Ankfy1/Stx3/Bet1/Yipf4/Vps11/Vamp1"
"GO:0060612","GO:0060612","adipose tissue development",49,0.389511209178267,1.50930297589858,0.0109378653912183,0.0828543303384785,0.0667209788864315,1920,"tags=37%, list=19%, signal=30%","Ghrl/Klf7/Zfp516/Creb5/Rasal2/Ap1s2/Ncoa1/Pum2/Sh3pxd2b/Vps13b/Sox8/Arid5b/Enpp1/Ppargc1a/Rorc/Lrp5/Sptlc2/Fto"
"GO:0032509","GO:0032509","endosome transport via multivesicular body sorting pathway",27,-0.488783048668817,-1.64310788934924,0.011019476185612,0.0830572458766274,0.0668843828181422,2789,"tags=48%, list=27%, signal=35%","Lyst/Leprotl1/Chmp5/Chmp4b/Sort1/Chmp2a/Chmp7/Vps4b/Chmp2b/Chmp3/Chmp1b2/Vps28/Leprot"
"GO:0032042","GO:0032042","mitochondrial DNA metabolic process",20,-0.536898830278419,-1.64194493143443,0.011019476185612,0.0830572458766274,0.0668843828181422,2225,"tags=55%, list=22%, signal=43%","Mettl4/Sesn2/Polg2/Lig3/Rnaseh1/Chchd4/Endog/Ssbp1/Tk2/Rrm1/Rrm2b"
"GO:0060761","GO:0060761","negative regulation of response to cytokine stimulus",44,0.402711144969952,1.52092060647926,0.0112398657093242,0.0845081714621645,0.0680527849398289,2128,"tags=39%, list=21%, signal=31%","Robo1/Stat2/Ptprf/Parp14/Samhd1/Slit3/Adar/Traip/Tank/Gigyf2/Ccdc3/Usp25/Ptprc/Ythdf3/Gas6/Slit2/Eif4e2"
"GO:0009205","GO:0009205","purine ribonucleoside triphosphate metabolic process",178,-0.295476407615762,-1.42793123147789,0.0113272373661484,0.0849542802461132,0.068412027656936,2891,"tags=38%, list=28%, signal=28%","Mfn1/Dnm1l/Psen1/Hnf1a/Eno1/Bloc1s6/Ndufa2/Abcc6/Gale/Eno2/Gapdh/Ndufb3/Opa1/Abcc9/Hspa8/Ndufa10/Ndufab1/Ndufb9/Hk2/Lrrk2/Slc25a25/Src/Ppp2ca/Nme1/Atpsckmt/Atp6v1b2/Mfsd8/Hif1a/Cox11/Bpgm/mt-Nd6/Rab23/Atp5f1c/Ddit4/Atp5pf/Ndufb5/Gpi1/Pfkfb2/Ndufs3/Ran/Atp5mc3/Atp5mf/Ndufb2/Slc25a13/Dmac2l/Myh6/Prkaa2/Sdhb/Ndufa12/Tspo/Sirt6/Sdhd/Map2k1/Eif6/Ndufs1/Ndufs6/Pgam1/Ndufa5/Ndufa8/Insr/Ndufv3/Ogt/Ampd3/Atp6v1a/Pkm/Pid1/Tmsb4x/Nudt5"
"GO:0072522","GO:0072522","purine-containing compound biosynthetic process",170,-0.294651799623981,-1.41970951142253,0.0114357149685076,0.0855560897643906,0.0688966531436016,2002,"tags=28%, list=20%, signal=23%","Nme1/Adal/Atpsckmt/Acsl1/Cox11/mt-Nd6/Acss1/Atp5f1c/Atp5pf/Ndufb5/Nmrk2/Hprt1/Ndufs3/Atic/Atp5mc3/Nampt/Aprt/Gmps/Atp5mf/Ndufb2/Slc25a13/Dmac2l/Adora2b/Sdhb/Pdk1/Ndufa12/Sdhd/Nadsyn1/Map2k1/Mpc1/Pdk4/Ndufs1/Ndufs6/Acly/Ndufa5/Ndufa8/Mmut/Ndufv3/Pdhb/Dld/Ampd3/Ppat/Atp6v1a/Pid1/Tmsb4x/Pgm2/Mpc2"
"GO:0060348","GO:0060348","bone development",155,0.290654359888779,1.40278624661049,0.0115180266674417,0.0859596571486414,0.069221638099896,2267,"tags=32%, list=22%, signal=26%","Ghrl/Foxp1/Mef2d/Cadm1/Asxl2/Ext1/Smpd3/Col13a1/Ano6/Chsy1/Bbx/Myoc/Bmpr2/Pdgfc/Sh3pxd2b/Ninj1/Akap13/Dmd/Smad1/Bmp6/Ski/Foxn3/Zbtb16/Lrrc17/Dlx5/Notch2/Gpr68/Fam20c/Enpp1/Axin2/Large1/Dhrs3/Map3k7/Csgalnact1/Lrp5/Rarb/Slc38a10/Bpnt2/Sulf1/Ptprc/Fbxw7/Ankrd11/Srd5a2/Igf1/Sik3/Mmp16/Notum/Snx10/Lrp6/Gli3"
"GO:0061003","GO:0061003","positive regulation of dendritic spine morphogenesis",28,0.48162986414638,1.63612380277691,0.0115504421306082,0.0859897780239384,0.0692458938542606,677,"tags=25%, list=7%, signal=23%","Il1rapl1/Dbn1/Cux2/Kalrn/Lrp8/Cask/Itpka"
"GO:0048520","GO:0048520","positive regulation of behavior",30,0.466548345472637,1.62037617753662,0.0117033370443213,0.0867019834823805,0.0698194190419169,890,"tags=33%, list=9%, signal=31%","Ghrl/Cckbr/Nlgn1/Penk/Oprk1/Npas2/Hdac4/Drd1/Gria1/Adora2a"
"GO:0009746","GO:0009746","response to hexose",155,0.289862577937017,1.39896486635433,0.0116747321123109,0.0867019834823805,0.0698194190419169,1470,"tags=24%, list=14%, signal=21%","Cftr/Zbtb20/Adcy5/Foxo3/Ghrl/Abcg1/Acvr2b/Hnf4a/Ppp3ca/Igf1r/Klf7/Eif2b3/Cacna1e/Rasal2/Oprk1/Cdkn1b/Tcf7l2/Cacna1d/Epha5/Ep300/Ptprn/Pla2g6/Smad3/Map4k4/Abca12/Col4a3/Prkce/Sybu/Pfkl/Srebf1/Kcnb1/Gpr68/Pde1c/Brsk2/Sox4/Smarca4/Stxbp4"
"GO:1903432","GO:1903432","regulation of TORC1 signaling",75,-0.359767824037219,-1.52110858033431,0.0117418335336302,0.0867750136753648,0.0698782288342872,2129,"tags=35%, list=21%, signal=28%","Sesn2/Src/Szt2/Sar1b/Akt1/Ube2d1/Rragc/Atxn3/Itfg2/Dyrk3/Prkaa2/Tsc2/Otub1/Ywhaz/Smcr8/Tbc1d7/Lars1/Tbk1/Ogt/Mios/Sec13/Sesn1/Rps6kb1/Npc1/Shq1/Mat2a"
"GO:0098927","GO:0098927","vesicle-mediated transport between endosomal compartments",39,-0.455681793809861,-1.65696419413238,0.0121734130060048,0.0897455995333202,0.0722703837826077,2362,"tags=41%, list=23%, signal=32%","Nf2/Dnajc13/Sorl1/Src/Ezr/Rab5a/Wdr81/Msn/Snx12/Map2k1/Dync1li1/Chmp3/Map2k2/Snx3/Rab21/Vps11"
"GO:0072088","GO:0072088","nephron epithelium morphogenesis",50,0.382486498509705,1.48898679208825,0.0122591994882898,0.0901586758483447,0.0726030260956967,2267,"tags=30%, list=22%, signal=23%","Bcl2/Gpc3/Gzf1/Kif26b/Sox8/Eya1/Hs3st3b1/Pkd1/Pbx1/Lgr4/Hs3st3a1/Greb1l/Lzts2/Wnt11/Gli3"
"GO:0090092","GO:0090092","regulation of transmembrane receptor protein serine/threonine kinase signaling pathway",176,0.278492517307772,1.36422015209162,0.0123002198293669,0.0902413222348226,0.0726695796214413,1875,"tags=28%, list=18%, signal=24%","Acvr2b/Ube2o/Spred2/Chst11/Smurf2/Sap130/Sox11/Crebbp/Bmper/Hipk2/Rnf111/Gpc3/Acvr2a/Tcf7l2/Neo1/Smad6/Ep300/Gpr155/Bmpr2/Fstl5/Fstl1/Nkx2-1/Smad3/Magi2/Bmp7/Bmp6/Ski/Chrd/Tet1/Arid4b/Arid4a/Lats1/Notch2/Fzd1/Ldlrad4/Tgfbr3/Bmpr1a/Pmepa1/Acvr1/Tgfb2/Htra1/Zfp451/Cdkn1c/Lemd2/Dact2/Atoh8/Zeb1/Pals1/Sulf1/Fermt1"
"GO:0009141","GO:0009141","nucleoside triphosphate metabolic process",198,-0.285855728097304,-1.40974937582418,0.0123370843827044,0.0902931538154454,0.072711318584055,2891,"tags=38%, list=28%, signal=28%","Mfn1/Dnm1l/Psen1/Hnf1a/Tbpl1/Eno1/Bloc1s6/Ndufa2/Abcc6/Gale/Eno2/Gapdh/Ndufb3/Opa1/Cad/Abcc9/Hspa8/Ndufa10/Ndufab1/Ndufb9/Hk2/Lrrk2/Oga/Slc25a25/Src/Ppp2ca/Nme1/Atpsckmt/Atp6v1b2/Tyms/Mfsd8/Hif1a/Cox11/Bpgm/mt-Nd6/Nudt15/Rab23/Atp5f1c/Ddit4/Atp5pf/Ndufb5/Gpi1/Ctps1/Pfkfb2/Ndufs3/Ran/Atp5mc3/Atp5mf/Ndufb2/Slc25a13/Dmac2l/Myh6/Prkaa2/Sdhb/Ndufa12/Tspo/Sirt6/Sdhd/Uck1/Map2k1/Eif6/Ndufs1/Ndufs6/Pgam1/Ndufa5/Ndufa8/Insr/Ndufv3/Ogt/Ampd3/Atp6v1a/Rrm2b/Pkm/Pid1/Tmsb4x/Nudt5"
"GO:0044403","GO:0044403","biological process involved in symbiotic interaction",81,-0.352156932619268,-1.51322150691566,0.0124764967907829,0.0907223548132439,0.073056945790203,2593,"tags=38%, list=25%, signal=29%","Ddb1/Gapdh/Pikfyve/Romo1/Uvrag/Chmp5/Fuca2/Siva1/Chmp4b/Tusc2/Chmp2a/Tpcn1/Ltf/Kpna6/Eps15/Scnn1b/Nrp1/Chmp7/Fn1/Vps4b/Dynlt1c/Chmp2b/Chmp3/Insr/Chmp1b2/Tpcn2/Ctsb/P4hb/Vps18/Itgav/Npc1"
"GO:0071322","GO:0071322","cellular response to carbohydrate stimulus",129,0.310909096252536,1.46554763340169,0.0124324217933666,0.0907223548132439,0.073056945790203,2158,"tags=34%, list=21%, signal=27%","Cftr/Zbtb20/Adcy5/Foxo3/Ghrl/Abcg1/Ppp3ca/Igf1r/Klf7/Cacna1e/Plcb1/Oprk1/Tcf7l2/Nfkb1/Cacna1d/Epha5/Ptprn/Pla2g6/Mapk13/Smad3/Map4k4/Abca12/Prkce/Sybu/Kcnb1/Gpr68/Pde1c/Map2k4/Brsk2/Sox4/Smarca4/Stxbp4/Calcrl/Lrp5/Rab11fip5/Tiam1/Fto/Vsnl1/Prkn/Gas6/Crhr2/Igf1/Jagn1/Srf"
"GO:0009749","GO:0009749","response to glucose",152,0.292268368706025,1.40114103622119,0.0124855518010306,0.0907223548132439,0.073056945790203,1470,"tags=24%, list=14%, signal=21%","Cftr/Zbtb20/Adcy5/Foxo3/Ghrl/Abcg1/Acvr2b/Hnf4a/Ppp3ca/Igf1r/Klf7/Eif2b3/Cacna1e/Rasal2/Oprk1/Cdkn1b/Tcf7l2/Cacna1d/Epha5/Ep300/Ptprn/Pla2g6/Smad3/Map4k4/Abca12/Col4a3/Prkce/Sybu/Pfkl/Srebf1/Kcnb1/Gpr68/Pde1c/Brsk2/Sox4/Smarca4/Stxbp4"
"GO:0002063","GO:0002063","chondrocyte development",24,0.504278016138868,1.63564907157603,0.0125582391371955,0.0907843783294715,0.0731068921201025,2057,"tags=38%, list=20%, signal=30%","Chst11/Ext1/Smpd3/Chsy1/Bmpr2/Axin2/Bpnt2/Sulf1/Eif2ak3"
"GO:0035137","GO:0035137","hindlimb morphogenesis",25,0.494830838398773,1.63150763677408,0.0125839732337881,0.0907843783294715,0.0731068921201025,1781,"tags=40%, list=17%, signal=33%","Chd7/Aff3/Wnt7a/Gpc3/Zbtb16/Lmbr1/Large1/Bmpr1a/Smarca4/Rarb"
"GO:0060402","GO:0060402","calcium ion transport into cytosol",21,0.506141776535007,1.58031189783261,0.0125545895283274,0.0907843783294715,0.0731068921201025,2646,"tags=57%, list=26%, signal=42%","Bcl2/Cacna1c/Cacna1g/Slc8a3/Cacna1i/Akap5/Slc8a1/Cacna2d1/Adcyap1r1/Tmbim6/Slc8a2/Grin1"
"GO:0016054","GO:0016054","organic acid catabolic process",156,-0.295488126676075,-1.40433327541938,0.0128507473860149,0.0922695843119077,0.0743028995779059,2312,"tags=30%, list=23%, signal=24%","Decr2/Lpin2/Npl/Slc27a4/Blmh/Sesn2/Abhd3/Phyh/Decr1/Ldha/Got1/Acad9/Akt2/Hacl1/Gnpda2/Akt1/Etfdh/Abhd2/Arg2/Got2/Pex5/Mccc1/Aadat/Acot4/Aldh5a1/Ppard/Tysnd1/Cyp39a1/Hadha/Nudt7/Dbi/Acadsb/Hibch/Oat/Acadl/Dbt/Dld/Nos1/Cpt1a/Slc25a17/Eci3/Dlst/Ppat/Abcb11/Scp2/Aldh6a1/Crat"
"GO:0046395","GO:0046395","carboxylic acid catabolic process",156,-0.295488126676075,-1.40433327541938,0.0128507473860149,0.0922695843119077,0.0743028995779059,2312,"tags=30%, list=23%, signal=24%","Decr2/Lpin2/Npl/Slc27a4/Blmh/Sesn2/Abhd3/Phyh/Decr1/Ldha/Got1/Acad9/Akt2/Hacl1/Gnpda2/Akt1/Etfdh/Abhd2/Arg2/Got2/Pex5/Mccc1/Aadat/Acot4/Aldh5a1/Ppard/Tysnd1/Cyp39a1/Hadha/Nudt7/Dbi/Acadsb/Hibch/Oat/Acadl/Dbt/Dld/Nos1/Cpt1a/Slc25a17/Eci3/Dlst/Ppat/Abcb11/Scp2/Aldh6a1/Crat"
"GO:0022600","GO:0022600","digestive system process",53,0.381667221443535,1.50391961526508,0.0129355377583376,0.0926588165668153,0.074616340733673,804,"tags=25%, list=8%, signal=23%","Ghrl/Kcnq1/Chrm3/Ppp3ca/Cckbr/Pawr/Cracd/Htr4/Lpcat3/Negr1/Oprk1/Slc5a1/Slc26a7"
"GO:1904645","GO:1904645","response to amyloid-beta",29,0.466399612838883,1.59437740753644,0.0129744124568831,0.0927180890197069,0.0746640716858366,2146,"tags=52%, list=21%, signal=41%","Epha4/Foxo3/Calcr/Grm5/Igf1r/Ramp3/Cacna1b/Fyn/Bace1/Adrb2/Cacna2d1/Gsk3b/Ephb2/Igf1/Parp1"
"GO:0042776","GO:0042776","proton motive force-driven mitochondrial ATP synthesis",51,-0.400756511732706,-1.55795759437547,0.0131488828453759,0.0937438000505626,0.0754900568063937,2223,"tags=55%, list=22%, signal=43%","Atp5pd/Ndufv2/Ndufa1/Sdha/Sdhc/Ndufb10/Atp5po/Ndufa2/Ndufb3/Ndufa10/Ndufab1/Ndufb9/Atpsckmt/mt-Nd6/Atp5f1c/Atp5pf/Ndufb5/Ndufs3/Atp5mf/Ndufb2/Sdhb/Ndufa12/Sdhd/Ndufs1/Ndufs6/Ndufa5/Ndufa8/Ndufv3"
"GO:0050732","GO:0050732","negative regulation of peptidyl-tyrosine phosphorylation",35,0.43551759631203,1.56515785790388,0.0132280929829987,0.0940871402311879,0.0757665419683493,2250,"tags=40%, list=22%, signal=31%","Pecam1/Hnf4a/Prkcd/Zfyve28/Parp14/Socs1/Traf3ip1/Ptpn6/Dusp22/Inpp5f/Ptprc/Igf1/Ggnbp2/Irf1"
"GO:0055001","GO:0055001","muscle cell development",137,0.30045755750133,1.42539247850165,0.013292162203655,0.0943214320306198,0.0759552125923143,2178,"tags=33%, list=21%, signal=26%","Foxp1/Bcl2/Sgcd/Prkg1/Smyd3/Ppp3ca/Fhod3/Prox1/Popdc2/Cntnap2/Cacna2d2/Rcan1/Prkd1/Meis1/Nebl/Smad6/Nfatc3/Ep300/Hdac4/Met/Akap13/Dmd/Sorbs2/Ctdp1/Ank2/Ski/Nr3c1/Col14a1/Ldb3/Slc8a1/Map2k4/Large1/Bmpr1a/Pbrm1/Adrb1/Hnrnpu/Gsk3b/Myo18b/Ttn/Myh10/Igf1/Hdac9/Hey2/Srf/Mtor"
"GO:0046456","GO:0046456","icosanoid biosynthetic process",27,-0.479832756822961,-1.613020317401,0.0133546982638978,0.0945437750925475,0.0761342611306324,2799,"tags=33%, list=27%, signal=24%","Alox5/Mif/Edn1/Pnpla8/Mgst3/Hpgds/Fabp5/Ptges3/Ptgs1"
"GO:1901532","GO:1901532","regulation of hematopoietic progenitor cell differentiation",32,-0.467821422107681,-1.61514912111715,0.0134139996050762,0.0946086070154905,0.0761864690157745,2800,"tags=41%, list=27%, signal=30%","Myb/Nfe2l2/Hspa9/N4bp2l2/Pcid2/Sos1/Flt1/Eif2ak2/Pdcd2/Rara/Mettl3/Tmsb4x/Kdr"
"GO:0010821","GO:0010821","regulation of mitochondrion organization",79,-0.358065593828904,-1.53588254612865,0.0134263039658947,0.0946086070154905,0.0761864690157745,2331,"tags=35%, list=23%, signal=28%","Opa1/Parl/Mcu/Mfn2/Hgf/Slc35f6/Siva1/Ppif/Akt1/Tmem14a/Mapt/Mief1/Gclc/Pdcd5/Mllt11/Fam162a/Rala/Endog/Myo19/Vat1/Ssbp1/Bok/Tnfsf10/Yme1l1/Higd1a/Bnip3/Vps35/Kdr"
"GO:0072078","GO:0072078","nephron tubule morphogenesis",49,0.382871145486291,1.48357363190461,0.0135805353073635,0.0953165443027123,0.0767565571282568,2267,"tags=31%, list=22%, signal=24%","Bcl2/Gpc3/Gzf1/Kif26b/Sox8/Eya1/Hs3st3b1/Pkd1/Pbx1/Lgr4/Hs3st3a1/Greb1l/Lzts2/Wnt11/Gli3"
"GO:0006457","GO:0006457","protein folding",135,-0.305910232216199,-1.43240222585778,0.0135896855243471,0.0953165443027123,0.0767565571282568,2673,"tags=37%, list=26%, signal=28%","Ahsa1/Cct6b/Pex19/Qsox2/Nudcd3/Txndc5/Cct4/Hspa13/Hspa8/Hspa9/Bag5/Pdia4/Pdcl/St13/Dnaja2/Hspe1-rs1/Grpel2/Fkbp9/Tbcb/Ppil2/Tbcel/Pdrg1/Hspa4l/Ppif/Dnajb1/Cct2/Hspa2/Dnaja4/Chchd4/Tor2a/Dffa/Mkks/Chordc1/Pfdn2/Ptges3l/Ahsa2/Tor1a/Pdcd5/Dnajb6/Dnajb11/Dnajb14/Stub1/Bag1/Pfdn4/Ppih/Cct8/Hspa4/Ptges3/Nudcd2/P4hb"
"GO:0035773","GO:0035773","insulin secretion involved in cellular response to glucose stimulus",70,0.366990863739336,1.55008079166746,0.0137527981326375,0.0962378252699574,0.0774984467520449,2122,"tags=39%, list=21%, signal=31%","Cftr/Adcy5/Ghrl/Abcg1/Klf7/Cacna1e/Tcf7l2/Cacna1d/Epha5/Ptprn/Pla2g6/Map4k4/Abca12/Prkce/Sybu/Gpr68/Pde1c/Brsk2/Stxbp4/Lrp5/Rab11fip5/Tiam1/Fto/Vsnl1/Prkn/Crhr2/Jagn1"
"GO:0035640","GO:0035640","exploration behavior",41,0.4251883244872,1.58518129562268,0.0139015849734937,0.0966096386919404,0.0777978608608365,1663,"tags=39%, list=16%, signal=33%","Ptpn5/Gabrb3/Kcnq2/Brinp3/Lsamp/Penk/Prkce/Chl1/Jph3/Grn/Chrd/Lmo3/Brinp1/Kmt2a/Shank2/Tnr"
"GO:0048013","GO:0048013","ephrin receptor signaling pathway",52,0.394248322362043,1.55088603504706,0.0138537855147551,0.0966096386919404,0.0777978608608365,2192,"tags=46%, list=21%, signal=36%","Epha4/Nck2/Egfr/Igf1r/Ntrk3/Ngef/Epha3/Ephb1/Epha5/Met/Ptk2/Erbb4/Epha7/Epha6/Ros1/Alk/Sipa1l1/Ephb3/Tiam1/Efnb2/Tyro3/Ephb2/Efnb1/Ephb6"
"GO:0051028","GO:0051028","mRNA transport",87,-0.35286198766751,-1.5405047351178,0.0138956446731129,0.0966096386919404,0.0777978608608365,2517,"tags=45%, list=25%, signal=34%","Nup43/Thoc3/Ddx25/Srsf1/Setd2/Pabpn1/Ndc1/Nup54/Nup88/Thoc7/Hnrnpa3/Casc3/Magoh/Nup98/Tnks/Igf2bp2/Pcid2/Arc/Mapt/Nutf2/Thoc1/Nup107/Eif4e/Nsun2/Nup210/Chtop/Sem1/Zfp36l1/Supt6/Nup214/Ncbp2/Nup35/Sec13/Mcm3ap/Eny2/Eif4a3/Fxr1/Hnrnpa2b1/Nup133"
"GO:0070884","GO:0070884","regulation of calcineurin-NFAT signaling cascade",25,0.49137850858075,1.62012495399507,0.0139567543331719,0.0967710883970499,0.0779278731646211,2760,"tags=56%, list=27%, signal=41%","Ppp3ca/Rcan1/Akap5/Sppl3/Atp2b4/Homer3/Ptbp1/Homer2/Gsk3b/Nfat5/Igf1/Mtor/Akap6/Prnp"
"GO:0009880","GO:0009880","embryonic pattern specification",41,0.424220766885184,1.58157406060511,0.0140486903272921,0.0969989433106401,0.0781113602897564,1191,"tags=32%, list=12%, signal=28%","Meis2/Sema3f/Wnt7a/Sema3a/Meis1/Smad6/Smad3/Smad1/Bmp7/Tdrkh/Zbtb16/Chrd/Erbb4"
"GO:0006399","GO:0006399","tRNA metabolic process",146,-0.303351308531163,-1.43013973062271,0.0140693655529492,0.0969989433106401,0.0781113602897564,2908,"tags=36%, list=28%, signal=26%","Thada/Yars1/Trmt2a/Trmt12/Trnt1/Hars1/Thumpd2/Ssb/Adat2/Ears2/Dus2/Mars2/Pars2/Exosc7/Pop5/Lars2/Polr2l/Gars1/Gatc/Cdk5rap1/Dars2/Polr2e/Exosc10/Rars1/Akt1/Prorsd1/Wars1/Nat10/Dtd1/Aarsd1/Ankrd16/Nsun2/Tprkb/Grsf1/Farsb/Rpp30/Aars2/Rpp25/Lars1/Trmt44/Lsm6/Rtraf/Exosc9/Dus1l/Ddx1/Pop4/Lcmt2/Kars1/Polr2f/Rtcb/Trmu/Thg1l/Trmt13"
"GO:0032984","GO:0032984","protein-containing complex disassembly",187,-0.284243324511216,-1.38846790601101,0.0140856551342184,0.0969989433106401,0.0781113602897564,2866,"tags=39%, list=28%, signal=29%","Tecpr1/Dnajc17/Napa/Scaf4/Shroom2/Etf1/Ogfod1/Tmod3/Eif5a2/Pdxp/Rpl23/Twf2/Dmtn/Snx14/Nsf/Ccsap/Mtpn/Hspa8/Uvrag/Tpx2/Chmp5/Sh3gl1/Atg5/Oga/Mfsd8/Dnajc6/Zmpste24/Chmp4b/Jmjd4/Gsn/Ddit4/Cfl2/Pik3ca/Mical2/Chmp2a/Calm2/Map1lc3a/Gspt1/Abce1/Pex5/Wdr47/Synj1/Smarcb1/Eef2k/Dyrk3/Capza1b/Smarcd1/Stmn1/Chmp7/Cebpg/Vps4b/Vps33a/Smcr8/Dstn/Wdr1/Chmp2b/Chmp3/Gabarapl1/Snap29/Ppp1r9b/Insr/Gabarapl2/Lamp2/Chmp1b2/Cltc/Lima1/Apc2/Napb/Sgk1/Ccn2/Bnip3/Arhgef2/Smarcc2"
"GO:0060675","GO:0060675","ureteric bud morphogenesis",44,0.393064284058647,1.48448727273346,0.0142172746112196,0.0974623123800803,0.0784845023786785,2267,"tags=32%, list=22%, signal=25%","Bcl2/Gpc3/Gzf1/Kif26b/Sox8/Eya1/Hs3st3b1/Pbx1/Lgr4/Hs3st3a1/Greb1l/Lzts2/Wnt11/Gli3"
"GO:0072171","GO:0072171","mesonephric tubule morphogenesis",44,0.393064284058647,1.48448727273346,0.0142172746112196,0.0974623123800803,0.0784845023786785,2267,"tags=32%, list=22%, signal=25%","Bcl2/Gpc3/Gzf1/Kif26b/Sox8/Eya1/Hs3st3b1/Pbx1/Lgr4/Hs3st3a1/Greb1l/Lzts2/Wnt11/Gli3"
"GO:0043368","GO:0043368","positive T cell selection",24,0.500238097762598,1.62254540944936,0.0143848711586663,0.0981887289833782,0.0790694715245686,2178,"tags=42%, list=21%, signal=33%","Bcl11b/Bcl2/Nfatc3/Ep300/Itpkb/Tox/Cd74/Ptprc/Srf/Mtor"
"GO:0032941","GO:0032941","secretion by tissue",31,0.452612163578034,1.59554849025993,0.0144417257785637,0.0981887289833782,0.0790694715245686,1788,"tags=39%, list=17%, signal=32%","Chrm3/Egfr/Ppp3ca/Htr4/Negr1/Oprk1/Prkce/Enpp1/Kcnma1/Slc4a5/Sytl2/Adora1"
"GO:0033138","GO:0033138","positive regulation of peptidyl-serine phosphorylation",55,0.38628669752977,1.54452593776057,0.0144528624180154,0.0981887289833782,0.0790694715245686,1252,"tags=27%, list=12%, signal=24%","Bcl2/Smyd3/Egfr/Ntrk3/Fnip2/Phip/Tenm1/Nrxn1/Akap9/Prkd1/Bcar3/Met/Mapkap1/Ip6k2/Lats1"
"GO:0046887","GO:0046887","positive regulation of hormone secretion",122,0.316741250784986,1.48058082925735,0.014388824118057,0.0981887289833782,0.0790694715245686,1095,"tags=20%, list=11%, signal=19%","Cftr/Ghrl/Chrm3/Abcg1/Drd2/Egfr/Cckbr/Capn10/Sox11/Pex5l/Itpr1/Cacna1c/Plcb1/Cask/Prkd1/Acvr2a/Tcf7l2/Cacna1d/Arhgef7/Pla2g6/Doc2b/Tacr1/Prkce/Bmp6/Sybu"
"GO:0060479","GO:0060479","lung cell differentiation",20,0.523144069062398,1.60156940123599,0.0145997411011253,0.0983049234142439,0.0791630406372129,908,"tags=30%, list=9%, signal=27%","Foxp1/Foxp4/Ncor2/Fndc3b/Thrb/Nkx2-1"
"GO:0060487","GO:0060487","lung epithelial cell differentiation",20,0.523144069062398,1.60156940123599,0.0145997411011253,0.0983049234142439,0.0791630406372129,908,"tags=30%, list=9%, signal=27%","Foxp1/Foxp4/Ncor2/Fndc3b/Thrb/Nkx2-1"
"GO:0006413","GO:0006413","translational initiation",86,-0.353483243486734,-1.54686464739846,0.0145993633943825,0.0983049234142439,0.0791630406372129,2258,"tags=36%, list=22%, signal=28%","Eif1b/Bank1/Ddx3x/Mknk1/Paip2/Eif4a2/Eif3g/Akt2/Eif4g1/Eif3j2/Eif4h/Bzw1/Eif2ak2/Denr/Eif4g2/Ago2/Eif2b5/Eif4e/Abce1/Mif4gd/Eif2s2/Eif6/Eif2b2/Ncbp2/Mettl3/Klhl25/Rps6kb1/Mcts1/Eif2b1/Eif3e/Eif1ax"
"GO:0007051","GO:0007051","spindle organization",137,-0.301461340890546,-1.4142619763688,0.014545291678107,0.0983049234142439,0.0791630406372129,2610,"tags=36%, list=25%, signal=28%","Rab11a/Ddb1/Birc5/Haus2/Cep126/Ckap5/Ccsap/Hdac3/Uvrag/Tpx2/Chmp5/Ezr/Tppp/Mybl2/Bcas2/Chmp4b/Spice1/Cep192/Bccip/Tubgcp5/Kif3b/Aspm/Chmp2a/Tubgcp3/Haus3/Sugt1/Ska2/Abraxas1/Gtf2b/Ranbp1/Cdca8/Stmn1/Chmp7/Mzt1/Vps4b/Tubgcp2/Mlh1/Spc25/Ptpa/Chmp2b/Chmp3/Racgap1/Rae1/Dcaf13/Chmp1b2/Cltc/Stard9/Dctn1/Tubgcp4/Chek2"
"GO:0001959","GO:0001959","regulation of cytokine-mediated signaling pathway",83,0.333558015918907,1.44446027255653,0.0147452684214326,0.0990646636739265,0.0797748446747131,2128,"tags=31%, list=21%, signal=25%","Robo1/Irf7/Ext1/Stat2/Ptprf/Parp14/Samhd1/Slit3/Adar/Lsm14a/Crebrf/Traip/Tank/Ube2k/Gigyf2/Ccdc3/C1qtnf4/Cd74/Ripk1/Usp25/Ptprc/Prkn/Ythdf3/Gas6/Slit2/Eif4e2"
"GO:0050771","GO:0050771","negative regulation of axonogenesis",41,0.421525688895322,1.57152630770661,0.0149313227310943,0.0998717613139423,0.0804247846884552,2773,"tags=49%, list=27%, signal=36%","Sema3f/Fgf13/Ntn1/Sema3a/Ptprs/Dab1/Bcl11a/Ptk2/Epha7/Lrp4/Tnr/Map2/Slit2/Ephb2/Mbp/Sema5a/Ulk1/Slit1/Ryk/Rgma"
"GO:0007519","GO:0007519","skeletal muscle tissue development",121,0.312536277929259,1.46182982274798,0.0149031406743388,0.0998717613139423,0.0804247846884552,1807,"tags=30%, list=18%, signal=25%","Foxp2/Foxp1/Bcl2/Mef2d/Ppp3ca/Sox11/Rbfox1/Klf5/Popdc2/Cntnap2/Ddx17/Svil/Gpc1/Myl6/Ephb1/Rcan1/Tcf7l2/Nfatc3/Ep300/Hdac4/Mbnl1/Met/Dmd/Nr2f2/Ski/Sox8/Rbm24/Barx2/Adrb2/Large1/Bcl9/Ybx3/Lemd2/Fkrp/Mcub/Hlf"
"GO:0071326","GO:0071326","cellular response to monosaccharide stimulus",119,0.306314189112715,1.42973753367377,0.015062531041944,0.100527464883459,0.0809528100051614,2158,"tags=34%, list=21%, signal=27%","Cftr/Zbtb20/Adcy5/Foxo3/Ghrl/Abcg1/Ppp3ca/Igf1r/Klf7/Cacna1e/Plcb1/Oprk1/Tcf7l2/Cacna1d/Epha5/Ptprn/Pla2g6/Smad3/Map4k4/Abca12/Prkce/Sybu/Kcnb1/Gpr68/Pde1c/Brsk2/Sox4/Smarca4/Stxbp4/Lrp5/Rab11fip5/Tiam1/Fto/Vsnl1/Prkn/Gas6/Crhr2/Igf1/Jagn1/Srf"
"GO:0048009","GO:0048009","insulin-like growth factor receptor signaling pathway",66,0.362702442446613,1.52256456583108,0.0151711833372163,0.101030078047836,0.0813575545995778,2118,"tags=47%, list=21%, signal=38%","Epha4/Igfbp2/Egfr/Igf1r/Ntrk3/Atxn1/Phip/Epha3/Plcb1/Ephb1/Epha5/Atxn7/Met/Igfbp5/Erbb4/Pou1f1/Epha7/Gigyf2/Epha6/Ros1/Alk/Irs1/Igfbp4/Ephb3/Grb10/Ar/Tyro3/Eif2ak3/Grb2/Ephb2/Igf1"
"GO:0010996","GO:0010996","response to auditory stimulus",24,0.499095972867916,1.61884087452255,0.0152981880435501,0.101652433710432,0.0818587254961892,1267,"tags=33%, list=12%, signal=29%","Foxp2/Drd2/Kcnc1/Kcnq2/Cntnap2/Nrxn1/Tacr1/Kcnq3"
"GO:0071875","GO:0071875","adrenergic receptor signaling pathway",20,0.520795149731805,1.59437834709178,0.015356197768158,0.10175846031958,0.0819441066599914,1840,"tags=55%, list=18%, signal=45%","Kcnq1/Adra2c/Drd1/Akap13/Drd5/Adra2b/Atp2b4/Adrb2/Chga/Adcy9/Adrb1"
"GO:0051224","GO:0051224","negative regulation of protein transport",99,0.324561664509659,1.46151165571748,0.0153813118238836,0.10175846031958,0.0819441066599914,2201,"tags=33%, list=21%, signal=26%","Ghrl/Kcnq1/Drd2/Hnf4a/Foxo1/Ppp3ca/Klf7/Mtnr1a/Frmd4a/Neo1/Stxbp5l/Map4k4/Kcnj6/Pfkl/Srebf1/Idh2/Kcnb1/Pde1c/Sirt4/Lyplal1/Mdfic/Mtnr1b/Irs1/Rab11fip5/Chga/Fermt1/Vsnl1/Prkn/Ei24/Crhr2/Jagn1/Rhbdf1/Madd"
"GO:0034505","GO:0034505","tooth mineralization",20,0.516955634801411,1.58262393756721,0.0159643445247516,0.102793430644667,0.0827775481098967,1344,"tags=35%, list=13%, signal=30%","Cftr/Ank/Foxo1/Bcor/Tspear/Fam20c/Enpp1"
"GO:0070979","GO:0070979","protein K11-linked ubiquitination",27,-0.470639751157835,-1.5821168313322,0.016280922446648,0.102793430644667,0.0827775481098967,2750,"tags=56%, list=27%, signal=41%","Ube2h/Anapc16/Anapc5/Trim26/Cdc27/Anapc1/Anapc7/Cdc16/Ube2a/Rnf26rt/Cdc26/Ube2d3/Anapc4/Ube2b/Ube2l3"
"GO:0031340","GO:0031340","positive regulation of vesicle fusion",20,0.51620170652654,1.58031583827455,0.0162684181709301,0.102793430644667,0.0827775481098967,3329,"tags=70%, list=32%, signal=47%","Znrf1/Cacna1b/Syt1/Doc2b/Erc1/Rimbp2/Erc2/Syt13/Rims2/Rims1/Syt11/Znrf2/Kif5b/Snca"
"GO:1903018","GO:1903018","regulation of glycoprotein metabolic process",32,0.44118403231984,1.57294262587053,0.0159066483674147,0.102793430644667,0.0827775481098967,806,"tags=28%, list=8%, signal=26%","Bcl2/Pawr/Necab3/Ramp1/Necab1/Plcb1/Tcf7l2/Ep300/Necab2"
"GO:0001706","GO:0001706","endoderm formation",34,-0.441474460375364,-1.56740490188194,0.0161779088401492,0.102793430644667,0.0827775481098967,1368,"tags=32%, list=13%, signal=28%","Col5a2/Mmp2/Fn1/Nr0b1/Inhba/Leo1/Map2k1/Dusp5/Hsbp1/Itga5/Itgav"
"GO:0070306","GO:0070306","lens fiber cell differentiation",27,0.466950221019481,1.56556123484181,0.015660271053694,0.102793430644667,0.0827775481098967,1598,"tags=41%, list=16%, signal=34%","Six3/Spred2/Prox1/Ntrk3/Abi2/Cdkn1b/Smad3/Smarca4/Plaat1/Maf/Cdkn1c"
"GO:0042158","GO:0042158","lipoprotein biosynthetic process",42,-0.409000942501945,-1.52606243135669,0.0160724131327262,0.102793430644667,0.0827775481098967,2308,"tags=36%, list=23%, signal=28%","Wdr45b/Zdhhc22/Atg5/Atg101/Hhatl/Rabl3/Nmt2/Wipi2/Ppm1a/Zdhhc7/Wipi1/Dbi/Glul/Nmt1/Golga7"
"GO:0000045","GO:0000045","autophagosome assembly",87,-0.348885279347847,-1.5231434488055,0.0161397362992195,0.102793430644667,0.0827775481098967,2496,"tags=36%, list=24%, signal=27%","Ap5z1/Rab43/Pikfyve/Wdr45b/Mfn2/Trim32/Atg5/Lrrk2/Atg101/Tbc1d14/Rab23/Ulk2/Atg4b/Traf6/Wipi2/Ift20/Map1lc3a/Ctsd/Tmem41b/Synpo2/Trp53inp1/Wipi1/Smcr8/Ubxn2a/Snx7/Snx4/Gabarapl1/Gabarapl2/Pip4k2b/Ubxn2b/Chek2"
"GO:0008637","GO:0008637","apoptotic mitochondrial changes",74,-0.359712177140124,-1.51428815902792,0.0160604844251266,0.102793430644667,0.0827775481098967,2504,"tags=41%, list=24%, signal=31%","Ghitm/Mcl1/Opa1/Dap3/Parl/Mfn2/Hgf/Slc35f6/Bnip3l/Hk2/Siva1/Ggct/Ppif/Akt1/Tmem14a/Gclc/Sod2/Pdcd5/Cck/Mllt11/Fam162a/Rnf7/Ndufs1/Vdac2/Bok/Ppp2cb/Tnfsf10/Higd1a/Bnip3/Vps35"
"GO:0009581","GO:0009581","detection of external stimulus",73,0.352124064116189,1.50997166255377,0.0163015514054941,0.102793430644667,0.0827775481098967,1440,"tags=27%, list=14%, signal=24%","Asic2/Kcnq1/Pjvk/Slc24a4/Grm8/Kcnk2/Nox3/Pawr/Mmp24/Ephb1/Atp2b2/Cep250/Fyn/Ccdc66/Bace1/Grin2b/Ano3/Ntsr1/Pkd1/Whrn"
"GO:0009582","GO:0009582","detection of abiotic stimulus",73,0.352124064116189,1.50997166255377,0.0163015514054941,0.102793430644667,0.0827775481098967,1440,"tags=27%, list=14%, signal=24%","Asic2/Kcnq1/Pjvk/Slc24a4/Grm8/Kcnk2/Nox3/Pawr/Mmp24/Ephb1/Atp2b2/Cep250/Fyn/Ccdc66/Bace1/Grin2b/Ano3/Ntsr1/Pkd1/Whrn"
"GO:0014896","GO:0014896","muscle hypertrophy",86,0.344478872020437,1.50007414314892,0.0158016018847831,0.102793430644667,0.0827775481098967,2178,"tags=38%, list=21%, signal=30%","Foxp1/Prkg1/Foxo1/Ppp3ca/Pde9a/Adk/Meis1/Nfatc3/Myoc/Ep300/Smad3/Akap13/Smad1/Ptk2/Igfbp5/Sorbs2/Ctdp1/Rap1gds1/Nr3c1/Col14a1/Ezh2/Atp2b4/Map2k4/Inpp5f/Tiam1/Adrb1/Ar/Gsk3b/Ttn/Igf1/Parp1/Hey2/Mtor"
"GO:0072073","GO:0072073","kidney epithelium development",103,0.328492979234213,1.48999607330875,0.0163180330495329,0.102793430644667,0.0827775481098967,2267,"tags=34%, list=22%, signal=27%","Epha4/Bcl2/Ext1/Ampd2/Bmper/Ptpro/Gpc3/Gzf1/Smad6/Robo2/Kif26b/Smad3/Magi2/Smad1/Bmp7/Sox8/Eya1/Epha7/Notch2/Hs3st3b1/Pkd1/Bdnf/Pbx1/Lgr4/Wnt7b/Mtss1/Hs3st3a1/Rarb/Efnb2/Greb1l/Slit2/Lzts2/Wnt11/Tshz3/Gli3"
"GO:0048469","GO:0048469","cell maturation",131,0.310746591124467,1.468020507219,0.0161008230668895,0.102793430644667,0.0827775481098967,1657,"tags=27%, list=16%, signal=23%","Cftr/Foxo3/Bcl2/Six3/Cntn2/C1ql1/Adgrb3/Kcnq2/Nfasc/Cntnap2/Kcnip2/Nrxn1/Wdr77/Dlg2/Plcb1/Cebpa/Bcl11a/Myoc/Ank3/Sirt2/Akap5/Tdrkh/Sox8/Pde3a/Fbxo5/Kcnb1/Kcnq3/Brd1/Fam20c/Tut4/Smim45/Cdkn1c/Kcnma1/Nrcam/Kif14"
"GO:0030326","GO:0030326","embryonic limb morphogenesis",82,0.336353101814931,1.46048104499321,0.015782307918346,0.102793430644667,0.0827775481098967,1827,"tags=30%, list=18%, signal=25%","Chd7/Chst11/Aff3/Wnt7a/Cacna1c/Gpc3/Mosmo/Mbnl1/Traf3ip1/Bmp7/Ttbk2/Ski/Zbtb16/Wnt9a/Lmbr1/Dlx5/Notch2/Bmpr1a/Smarca4/Pbx1/Tgfb2/Lrp4/Lrp5/Rarb/Bpnt2"
"GO:0035113","GO:0035113","embryonic appendage morphogenesis",82,0.336353101814931,1.46048104499321,0.015782307918346,0.102793430644667,0.0827775481098967,1827,"tags=30%, list=18%, signal=25%","Chd7/Chst11/Aff3/Wnt7a/Cacna1c/Gpc3/Mosmo/Mbnl1/Traf3ip1/Bmp7/Ttbk2/Ski/Zbtb16/Wnt9a/Lmbr1/Dlx5/Notch2/Bmpr1a/Smarca4/Pbx1/Tgfb2/Lrp4/Lrp5/Rarb/Bpnt2"
"GO:0090277","GO:0090277","positive regulation of peptide hormone secretion",99,0.323068563048804,1.45478817162546,0.0161782640298367,0.102793430644667,0.0827775481098967,820,"tags=19%, list=8%, signal=18%","Cftr/Ghrl/Chrm3/Abcg1/Drd2/Egfr/Cckbr/Capn10/Pex5l/Itpr1/Cacna1c/Plcb1/Cask/Prkd1/Tcf7l2/Cacna1d/Arhgef7/Pla2g6/Doc2b"
"GO:0060538","GO:0060538","skeletal muscle organ development",129,0.304851611117839,1.43699416516765,0.0160749985147526,0.102793430644667,0.0827775481098967,1916,"tags=30%, list=19%, signal=25%","Foxp2/Foxp1/Bcl2/Mef2d/Ppp3ca/Sox11/Rbfox1/Klf5/Popdc2/Cntnap2/Ddx17/Svil/Gpc1/Negr1/Myl6/Ephb1/Rcan1/Tcf7l2/Nfatc3/Ep300/Hdac4/Mbnl1/Met/Dmd/Nr2f2/Ski/Sox8/Rbm24/Barx2/Adrb2/Large1/Bcl9/Ybx3/Lemd2/Fkrp/Mcub/Hlf/Fgfrl1/Usp2"
"GO:0030323","GO:0030323","respiratory tube development",161,0.294488909036119,1.4269614608851,0.0162478479611478,0.102793430644667,0.0827775481098967,1093,"tags=19%, list=11%, signal=17%","Cftr/Foxp2/Foxp1/Foxp4/Acvr2b/Ncor2/Egfr/Ext1/Prox1/Atxn1/Smpd3/Sox11/Tnc/Fndc3b/Thrb/Ctsh/Hipk2/Gpc3/Cebpa/Cux1/Ep300/Bmpr2/Lama1/Mosmo/Hs6st1/Tnrc6c/Nkx2-1/Abca12/Tns3/Sp3/Igfbp5"
"GO:0019058","GO:0019058","viral life cycle",130,-0.303326970018897,-1.40982910570962,0.0158717332979409,0.102793430644667,0.0827775481098967,2387,"tags=31%, list=23%, signal=24%","Pikfyve/Cnot7/Hspa8/Uvrag/Chmp5/Nr5a2/Atg5/Fbxl2/Ddx3x/Siva1/Chmp4b/Eif2ak2/Chmp2a/Ccnk/Tpcn1/Ltf/Kpna6/Tmem41b/Eps15/Smarcb1/Nrp1/Chmp7/Vps4b/Chmp2b/Chmp3/Ppih/Insr/Chmp1b2/Eef1a1/Tpcn2/Ctsb/Setdb1/P4hb/Vps18/Itgav/Pcbp2/Znfx1/Inpp5k/Ddx5/Npc1"
"GO:0071333","GO:0071333","cellular response to glucose stimulus",117,0.301560806268683,1.39828955929004,0.0161092735648907,0.102793430644667,0.0827775481098967,2158,"tags=33%, list=21%, signal=27%","Cftr/Zbtb20/Adcy5/Foxo3/Ghrl/Abcg1/Ppp3ca/Igf1r/Klf7/Cacna1e/Oprk1/Tcf7l2/Cacna1d/Epha5/Ptprn/Pla2g6/Smad3/Map4k4/Abca12/Prkce/Sybu/Kcnb1/Gpr68/Pde1c/Brsk2/Sox4/Smarca4/Stxbp4/Lrp5/Rab11fip5/Tiam1/Fto/Vsnl1/Prkn/Gas6/Crhr2/Igf1/Jagn1/Srf"
"GO:0010721","GO:0010721","negative regulation of cell development",169,0.283719579662295,1.37767883063037,0.0158016018847831,0.102793430644667,0.0827775481098967,2475,"tags=36%, list=24%, signal=27%","Cftr/Sema3f/Fgf13/B2m/Ppp3ca/Prox1/Ntrk3/Sox11/Wnt7a/Rc3h1/Ntn1/Sema3a/Hspb1/Ptprs/Dab1/Cebpa/Bcl11a/Qki/Sirt2/Trpc5/Socs1/Ptk2/Bmp7/Ski/Ubash3b/Idh2/Epha7/Lrrc17/Lingo1/Gpr68/Brinp1/Bmpr1a/Bdnf/Wnt7b/Cd74/Cdk6/Lrp4/Tnr/Mafb/Map2/Fbxw7/Nrarp/Daam2/Gsk3b/Trpv1/Slit2/Ephb2/Mbp/Igf1/Appl2/Irf1/Sema5a/Cul4a/Gli3/Ulk1/Pax6/Tob2/Btg2/Slit1/Tert"
"GO:0009144","GO:0009144","purine nucleoside triphosphate metabolic process",185,-0.278659239535709,-1.35708482620331,0.016177604523981,0.102793430644667,0.0827775481098967,2891,"tags=38%, list=28%, signal=28%","Mfn1/Dnm1l/Psen1/Hnf1a/Eno1/Bloc1s6/Ndufa2/Abcc6/Gale/Eno2/Gapdh/Ndufb3/Opa1/Abcc9/Hspa8/Ndufa10/Ndufab1/Ndufb9/Hk2/Lrrk2/Oga/Slc25a25/Src/Ppp2ca/Nme1/Atpsckmt/Atp6v1b2/Mfsd8/Hif1a/Cox11/Bpgm/mt-Nd6/Nudt15/Rab23/Atp5f1c/Ddit4/Atp5pf/Ndufb5/Gpi1/Pfkfb2/Ndufs3/Ran/Atp5mc3/Atp5mf/Ndufb2/Slc25a13/Dmac2l/Myh6/Prkaa2/Sdhb/Ndufa12/Tspo/Sirt6/Sdhd/Map2k1/Eif6/Ndufs1/Ndufs6/Pgam1/Ndufa5/Ndufa8/Insr/Ndufv3/Ogt/Ampd3/Atp6v1a/Pkm/Pid1/Tmsb4x/Nudt5"
"GO:1903307","GO:1903307","positive regulation of regulated secretory pathway",37,0.423752372782754,1.54452690590378,0.0164133493457764,0.103179353771167,0.0830883244889924,862,"tags=24%, list=8%, signal=22%","Syt10/Cacna1h/Nlgn1/Cacna1g/Scamp5/Syt1/Cacna1d/Doc2b/Cacna1i"
"GO:0030201","GO:0030201","heparan sulfate proteoglycan metabolic process",37,0.422666675156872,1.54056966742547,0.0167038435873475,0.104631082608795,0.0842573734539474,1849,"tags=38%, list=18%, signal=31%","Hs6st3/Ext1/Hs6st2/Hs3st4/Ndst4/Gpc1/Tcf7l2/Hs6st1/Hs3st3b1/Ndst2/Hs3st3a1/Ndst1/Hs3st5/Sulf1"
"GO:0071774","GO:0071774","response to fibroblast growth factor",110,0.323055238317303,1.48423685595172,0.0167133478490617,0.104631082608795,0.0842573734539474,2105,"tags=35%, list=21%, signal=28%","Epha4/Smoc2/Kcnc1/Egfr/Ext1/Igf1r/Ntrk3/Tnc/Epha3/Nrxn1/Flrt2/Gpc1/Ephb1/Tcf7l2/Epha5/Met/Nptn/Zdhhc16/Chrd/Erbb4/Flrt3/Epha7/Egr3/Fam20c/Enpp1/Epha6/Shisa2/Ros1/Ndst1/Alk/Ephb3/Itgb1bp1/Sulf1/Fgfrl1/Fgf22/Tyro3/Grb2/Ephb2"
"GO:1990748","GO:1990748","cellular detoxification",50,-0.394324088899222,-1.5194540033172,0.01677428373291,0.104796040640655,0.0843902109449495,2639,"tags=46%, list=26%, signal=34%","Nfe2l2/Gpx3/Rdh11/Cat/Gpx4/Txnrd1/Sesn2/Prdx1/Prdx4/Mgst3/Aldh2/Esd/Rab29/Prdx3/Sod1/Sod2/Cygb/Trp53inp1/Park7/Sesn1/Gstk1/Cp/Ptgs1"
"GO:0042147","GO:0042147","retrograde transport, endosome to Golgi",74,-0.358450136527845,-1.50897531927204,0.0169285958365063,0.105141891893374,0.0846687182243675,2731,"tags=43%, list=27%, signal=32%","Rnf126/Vti1b/Snx6/Vps53/Ap5z1/Pikfyve/Vamp3/Lrrk2/Tbc1d10a/Arfrp1/Stx16/Tbc1d14/Golt1b/Rab29/Rufy1/Stx6/Rab6a/Cln5/Plekha3/Snx12/Heatr5a/Rab9/Vps29/Cltc/Rbsn/Pheta1/Rab14/Ankfy1/Snx3/Dctn1/Snx1/Vps35"
"GO:0048736","GO:0048736","appendage development",134,0.292435135057582,1.38525227798607,0.0169337436448735,0.105141891893374,0.0846687182243675,2309,"tags=31%, list=23%, signal=25%","Chd7/Chst11/Aff3/Ext1/Smoc1/B3glct/Wnt7a/Cacna1c/Plxna2/Gpc3/Bmpr2/Mosmo/Mbnl1/Dmd/Traf3ip1/Bmp7/Ttbk2/Ski/Zbtb16/Wnt9a/Lmbr1/Dlx5/Notch2/Enpp1/Large1/Bmpr1a/Smarca4/Pbx1/Tgfb2/Lrp4/Lrp5/Nfia/Rarb/Bpnt2/Sulf1/Cplane2/Gna12/Sik3/Lrp6/Iqce/Gli3/Kremen1"
"GO:0060173","GO:0060173","limb development",134,0.292435135057582,1.38525227798607,0.0169337436448735,0.105141891893374,0.0846687182243675,2309,"tags=31%, list=23%, signal=25%","Chd7/Chst11/Aff3/Ext1/Smoc1/B3glct/Wnt7a/Cacna1c/Plxna2/Gpc3/Bmpr2/Mosmo/Mbnl1/Dmd/Traf3ip1/Bmp7/Ttbk2/Ski/Zbtb16/Wnt9a/Lmbr1/Dlx5/Notch2/Enpp1/Large1/Bmpr1a/Smarca4/Pbx1/Tgfb2/Lrp4/Lrp5/Nfia/Rarb/Bpnt2/Sulf1/Cplane2/Gna12/Sik3/Lrp6/Iqce/Gli3/Kremen1"
"GO:0051701","GO:0051701","biological process involved in interaction with host",69,-0.374602103458963,-1.56441452019114,0.0170204373035145,0.105464059365335,0.0849281534163097,2201,"tags=35%, list=21%, signal=28%","Uvrag/Chmp5/Fuca2/Siva1/Chmp4b/Chmp2a/Tpcn1/Ltf/Kpna6/Eps15/Nrp1/Chmp7/Vps4b/Dynlt1c/Chmp2b/Chmp3/Insr/Chmp1b2/Tpcn2/Ctsb/P4hb/Vps18/Itgav/Npc1"
"GO:0006099","GO:0006099","tricarboxylic acid cycle",24,-0.492739067291916,-1.60224342918808,0.017060592685134,0.105497134359094,0.0849547880647488,2187,"tags=67%, list=21%, signal=53%","Sdha/Dlat/Sdhc/Idh1/Mdh1/Fh1/Ireb2/Suclg2/Sdhb/Idh3b/Sucla2/Sdhd/Cs/Pdhb/Dlst/Idh3a"
"GO:1903169","GO:1903169","regulation of calcium ion transmembrane transport",112,0.310186491266705,1.42980548100806,0.0171026960258496,0.105542095638135,0.0849909945072771,1840,"tags=28%, list=18%, signal=23%","Chd7/Drd2/Bcl2/Ppp3ca/Cacna1c/Fgf14/Plcg1/Prkd1/Cacna1d/Fyn/Drd1/Cacnb2/Akap5/Dmd/Prkce/Atp1b1/Ptpn6/Ank2/Ubash3b/Jph3/Cbarp/Ntsr1/Slc8a1/Adrb2/Rgs9/Cemip/Cacna2d1/Tgfb2/Mcub/Stac/Adrb1"
"GO:0010632","GO:0010632","regulation of epithelial cell migration",58,0.378981253377619,1.5408439740133,0.0171457908987319,0.105592980534873,0.0850319711237923,1708,"tags=33%, list=17%, signal=27%","Epb41l4b/Dock5/Ptprr/Ptprg/Ctsh/Sema3a/Plcg1/Sash1/Bmpr2/Tacr1/Map4k4/Prkce/Ptk2/Arf6/Adam9/Tgfbr3/Dab2ip/Tgfb2/Irs1"
"GO:0030048","GO:0030048","actin filament-based movement",82,0.333451193568815,1.44788064985818,0.0172018271211713,0.105723197113893,0.0851368319993063,1185,"tags=23%, list=12%, signal=21%","Kcnq1/Fgf13/Sgcd/Cacna1h/Dbn1/Kcne2/Kcnd3/Syne2/Cacna1c/Pard3/Myl6/Akap9/Cacna1d/Qki/Cacnb2/Scn2b/Rnf207/Ank2/Ccdc88c"
"GO:0006493","GO:0006493","protein O-linked glycosylation",66,0.360101791529608,1.51164746555566,0.0172740551154297,0.105819783460941,0.0852146111038602,1935,"tags=35%, list=19%, signal=28%","Galnt9/B3glct/B3galt1/Fut9/Tet2/Galnt14/Mgat5b/B3galt5/Pomk/Galnt13/Galnt16/Crppa/Tet1/Tmtc2/Large1/Tmem260/Galnt7/St8sia6/Tmtc1/Pofut2/Fkrp/Gxylt1/Galnt2"
"GO:0046328","GO:0046328","regulation of JNK cascade",96,0.316247201498589,1.41200293481999,0.0172873903673815,0.105819783460941,0.0852146111038602,2007,"tags=33%, list=20%, signal=27%","Egfr/Igf1r/Wnt7a/Rasgrp1/Sh3rf3/Hipk2/Taok1/Plcb1/Ephb1/Mfhas1/Myoc/Tpd52l1/Map4k4/Ccdc88c/Fgd4/Map2k4/Dusp22/Card9/Tnik/Dab2ip/Wnt7b/Ulk4/Ripk1/Mdfic/Map3k7/Sh3rf1/Rb1cc1/Rassf2/Taok3/Mapk8ip1/Ncor1/Prkn"
"GO:0003073","GO:0003073","regulation of systemic arterial blood pressure",69,0.371221974688111,1.56386776526026,0.0173345938367233,0.105894797026757,0.0852750180677519,2051,"tags=35%, list=20%, signal=28%","Asic2/Chrm3/Drd2/Arhgap42/Ptpro/Bmpr2/Tacr1/Nr3c2/Nkx2-1/Nr2f2/Drd5/Kcnk3/Ntsr1/Nav2/Rnls/Adrb2/Ndst2/Slc4a5/Adora1/Adrb1/Ar/Trpv1/Mme/Gas6"
"GO:0035987","GO:0035987","endodermal cell differentiation",29,-0.471934712929087,-1.61232920701167,0.0175041680949475,0.106501263710223,0.0857633938788591,1368,"tags=34%, list=13%, signal=30%","Col5a2/Mmp2/Fn1/Nr0b1/Inhba/Leo1/Map2k1/Hsbp1/Itga5/Itgav"
"GO:0070199","GO:0070199","establishment of protein localization to chromosome",21,-0.498412328716919,-1.5410563604534,0.0174692296356761,0.106501263710223,0.0857633938788591,807,"tags=43%, list=8%, signal=40%","Tcp1/Cct4/Macroh2a1/Cct2/Nabp2/Cct8/Brca2/Wbp2/Spdya"
"GO:0010559","GO:0010559","regulation of glycoprotein biosynthetic process",30,0.450169985383835,1.56349224520132,0.0176783074827922,0.107345233813347,0.0864430265691642,806,"tags=30%, list=8%, signal=28%","Bcl2/Pawr/Necab3/Ramp1/Necab1/Plcb1/Tcf7l2/Ep300/Necab2"
"GO:0001657","GO:0001657","ureteric bud development",67,0.362753025411399,1.52766351723352,0.0177324476289604,0.1074586326315,0.0865343444293265,2386,"tags=37%, list=23%, signal=29%","Bcl2/Bmper/Gpc3/Gzf1/Smad6/Robo2/Kif26b/Smad3/Smad1/Bmp7/Sox8/Eya1/Hs3st3b1/Bdnf/Pbx1/Lgr4/Hs3st3a1/Rarb/Greb1l/Slit2/Lzts2/Wnt11/Tshz3/Gli3/Ret"
"GO:0006687","GO:0006687","glycosphingolipid metabolic process",37,0.417292201243029,1.52098035041351,0.0178658217649351,0.108050778338829,0.0870111878372087,1994,"tags=49%, list=19%, signal=39%","Prkcd/B3galt1/St8sia2/St6galnac6/St6galnac3/Fut9/Galc/Itgb8/St3gal1/St8sia6/St6galnac4/Hexa/Map7/Gba1/Glb1/St3gal3/Abca2/B4galt4"
"GO:0017156","GO:0017156","calcium-ion regulated exocytosis",53,0.372425428422668,1.46750330015232,0.018092863231175,0.109205927471036,0.0879414069403725,1241,"tags=23%, list=12%, signal=20%","Syt10/Cacna1h/Unc13c/Cacna1c/Cacna1g/Scamp5/Syt1/Doc2b/Cacna1i/Rims3/Cbarp/Kcnb1"
"GO:0006497","GO:0006497","protein lipidation",41,-0.419337437055458,-1.55968262768835,0.0182485754661081,0.109926806485701,0.0885219167739636,2308,"tags=37%, list=23%, signal=28%","Wdr45b/Zdhhc22/Atg5/Atg101/Hhatl/Rabl3/Nmt2/Wipi2/Ppm1a/Zdhhc7/Wipi1/Dbi/Glul/Nmt1/Golga7"
"GO:0006891","GO:0006891","intra-Golgi vesicle-mediated transport",26,-0.481283676105088,-1.6024296292781,0.018334319686847,0.11022418383164,0.0887613889601325,1513,"tags=38%, list=15%, signal=33%","Copb1/Copg1/Copg2/Trappc3/Rab6a/Cog7/Gabarapl2/Cope/Copa/Cog4"
"GO:0001516","GO:0001516","prostaglandin biosynthetic process",23,-0.497574402049336,-1.58089333287169,0.0185158476045386,0.110656840713515,0.0891097991224342,748,"tags=30%, list=7%, signal=28%","Mif/Edn1/Pnpla8/Hpgds/Fabp5/Ptges3/Ptgs1"
"GO:0046457","GO:0046457","prostanoid biosynthetic process",23,-0.497574402049336,-1.58089333287169,0.0185158476045386,0.110656840713515,0.0891097991224342,748,"tags=30%, list=7%, signal=28%","Mif/Edn1/Pnpla8/Hpgds/Fabp5/Ptges3/Ptgs1"
"GO:0045834","GO:0045834","positive regulation of lipid metabolic process",100,0.332165253216366,1.50067089361679,0.0185033489375766,0.110656840713515,0.0891097991224342,1890,"tags=29%, list=18%, signal=24%","Zbtb20/Abcg1/Hnf4a/Igf1r/Smpd3/Prkcd/Srebf2/Htr2c/Tcf7l2/Pla2g6/Qki/Sirt2/Clstn3/Prkce/Bmp6/Srebf1/Erbb4/Disp3/Ppargc1a/Sirt4/Mfsd2a/Scap/Ccdc3/Cd74/Capn2/Gnai1/Irs1/Adora1/Mid1ip1"
"GO:0000387","GO:0000387","spliceosomal snRNP assembly",28,-0.463436449513643,-1.56887974740758,0.018664259180175,0.111324223062855,0.0896472291331238,3421,"tags=64%, list=33%, signal=43%","Prmt5/Snrpb/Ddx20/Prpf8/Prmt7/Snrpd1/Gemin4/Prpf3/Gemin5/Gemin2/Prpf6/Lsm4/Prpf4b/Snrpd2/Snrpf/Snrpg/Snrpc/Snrpd3"
"GO:0043162","GO:0043162","ubiquitin-dependent protein catabolic process via the multivesicular body sorting pathway",23,-0.494404538893589,-1.57082204401841,0.0188120948964536,0.11193424817898,0.0901384704807631,3646,"tags=61%, list=36%, signal=39%","Chmp1a/Vps37a/Ubap1l/Chmp6/Rnf126/Chmp5/Chmp4b/Chmp2a/Chmp7/Vps4b/Chmp2b/Chmp3/Chmp1b2/Vps28"
"GO:0001676","GO:0001676","long-chain fatty acid metabolic process",49,-0.389563181983189,-1.50013492343552,0.018889905131903,0.11193424817898,0.0901384704807631,2456,"tags=37%, list=24%, signal=28%","Fads1/Myo5a/Gpx4/Pnpla8/Ephx2/Slc27a4/Acsl1/Mgst3/Acad9/Hacl1/Acsbg1/Acot4/Acadl/Cpt1a/Acsm1/Slc27a5/Gstp3/Ptgs1"
"GO:0006839","GO:0006839","mitochondrial transport",126,-0.319577148978698,-1.47177574624612,0.0189143020025208,0.11193424817898,0.0901384704807631,3168,"tags=44%, list=31%, signal=31%","Nptx1/Tst/Tomm40/Mrs2/Abcb7/Sfxn2/Rhot2/Grpel1/Psen1/Afg3l2/Slc25a29/Letm1/Dnajc19/Slc25a21/Ghitm/Timm10/Vdac1/Slc41a3/Romo1/Opa1/Tomm70a/Hspa9/Mcu/Slc35f6/Bnip3l/Hk2/Grpel2/Hif1a/Siva1/Mcur1/Ppif/Akt1/Mrpl18/Smdt1/Tmem14a/Chchd4/Flvcr1/Mtx2/Gclc/Tmem14c/Spg7/Pdcd5/Slc25a3/Mpc1/Dynlt1c/Samm50/Maip1/Vdac2/Bok/Tomm22/Hspa4/Bnip3/Slc25a36/Vps35/Mpc2"
"GO:0033044","GO:0033044","regulation of chromosome organization",168,-0.293512515073243,-1.41423685027295,0.0189079945065089,0.11193424817898,0.0901384704807631,2172,"tags=31%, list=21%, signal=25%","Anapc1/Hdac8/Naf1/Psmg2/Src/Tnks/Ddx11/Rb1/Anapc7/Nvl/Cdc16/Pcid2/Exosc10/Cep192/Slf2/Actr8/Nat10/Ten1/Nfrkb/Cct2/Bub3/Kntc1/Prpf4b/Wdhd1/Map3k4/Ruvbl1/Prkcq/Smarcb1/Ncapg/Cdca8/Smarcd1/Lcmt1/Sirt6/Gen1/Terf2ip/Ctc1/Nabp2/Spc25/Dync1li1/Slx4/Usp44/Uchl5/Mcph1/Cenpv/Cct8/Trip13/Smg1/Ptges3/Anapc4/Smarca5/Hnrnpa2b1/Smarcc2"
"GO:2001257","GO:2001257","regulation of cation channel activity",60,0.362477826902501,1.48319921473435,0.0189709241421475,0.112050487623211,0.0902320758417934,1380,"tags=23%, list=13%, signal=20%","Kcnq1/Drd2/Fgf13/Kcne2/Fgf14/Ank3/Cacnb2/Fgf12/Dmd/Rnf207/Ank2/Jph3/Cbarp/Lrrc38"
"GO:0032965","GO:0032965","regulation of collagen biosynthetic process",30,-0.475288107708592,-1.62763105584703,0.019082659265902,0.112280895511776,0.0904176188279651,1854,"tags=40%, list=18%, signal=33%","Larp6/Got1/Errfi1/Adora2b/Cygb/Fn1/Ppard/Inhba/Rgcc/Vim/Acvr1b/Ccn2"
"GO:0009260","GO:0009260","ribonucleotide biosynthetic process",123,-0.309110292604534,-1.42119087855369,0.0190840465968861,0.112280895511776,0.0904176188279651,2223,"tags=32%, list=22%, signal=25%","Ndufa10/Ndufab1/Ndufb9/Nme1/Atpsckmt/Cox11/mt-Nd6/Atp5f1c/Atp5pf/Ndufb5/Hprt1/Ctps1/Ndufs3/Uckl1/Atic/Umps/Atp5mc3/Aprt/Gmps/Atp5mf/Ndufb2/Slc25a13/Dmac2l/Sdhb/Ndufa12/Sdhd/Uck1/Map2k1/Ndufs1/Ndufs6/Ndufa5/Ndufa8/Ndufv3/Ampd3/Ppat/Atp6v1a/Upp1/Pid1/Tmsb4x"
"GO:0170034","GO:0170034","L-amino acid biosynthetic process",32,-0.456148812444523,-1.57484954451022,0.0191685379352949,0.112341721361593,0.0904666007004247,2451,"tags=44%, list=24%, signal=33%","Aasdhppt/Asl/Got1/Enoph1/Psph/Asns/Got2/Asnsd1/Pycr1/Apip/Adi1/Oat/Park7/Glul"
"GO:0046148","GO:0046148","pigment biosynthetic process",38,-0.427589858166865,-1.55373188785408,0.0191608668858442,0.112341721361593,0.0904666007004247,3061,"tags=45%, list=30%, signal=31%","Abcb7/Hnf1a/Gipc1/Ppox/Pgrmc1/Appl1/Myo5a/Uros/Ireb2/Alas1/Srrd/Tmem14a/Cpox/Tmem14c/Ddt/Snx3/Slc24a5"
"GO:0046034","GO:0046034","ATP metabolic process",161,-0.295395909243311,-1.41008398299223,0.0193626409053752,0.113260235411751,0.0912062621797598,2884,"tags=39%, list=28%, signal=28%","Dnm1l/Psen1/Hnf1a/Eno1/Bloc1s6/Ndufa2/Abcc6/Gale/Eno2/Gapdh/Ndufb3/Abcc9/Hspa8/Ndufa10/Ndufab1/Ndufb9/Hk2/Slc25a25/Src/Ppp2ca/Atpsckmt/Atp6v1b2/Mfsd8/Hif1a/Cox11/Bpgm/mt-Nd6/Atp5f1c/Ddit4/Atp5pf/Ndufb5/Gpi1/Pfkfb2/Ndufs3/Atp5mc3/Atp5mf/Ndufb2/Slc25a13/Dmac2l/Myh6/Prkaa2/Sdhb/Ndufa12/Tspo/Sirt6/Sdhd/Map2k1/Eif6/Ndufs1/Ndufs6/Pgam1/Ndufa5/Ndufa8/Insr/Ndufv3/Ogt/Ampd3/Atp6v1a/Pkm/Pid1/Tmsb4x/Nudt5"
"GO:0015718","GO:0015718","monocarboxylic acid transport",79,-0.351187766704153,-1.50638087152419,0.0194350246096944,0.113464594542147,0.0913708286081972,1927,"tags=34%, list=19%, signal=28%","Edn1/Pnpla8/Slc27a4/Acsl1/Akt2/Akt1/Atp5pf/Pmp2/Agtr2/Rbp7/Fabp7/Got2/Nherf1/Lhcgr/Abcc4/Ppard/Abcc1/Mpc1/Pla2g12a/Pla2g12b/Fabp5/Pla2r1/Slc25a17/Rps6kb1/Slc27a5/Abcb11/Mpc2"
"GO:0071985","GO:0071985","multivesicular body sorting pathway",29,-0.466319405873834,-1.59314493570573,0.0195986356627776,0.114177138932128,0.0919446267308223,2789,"tags=45%, list=27%, signal=33%","Lyst/Leprotl1/Chmp5/Chmp4b/Sort1/Chmp2a/Chmp7/Vps4b/Chmp2b/Chmp3/Chmp1b2/Vps28/Leprot"
"GO:0070585","GO:0070585","protein localization to mitochondrion",71,-0.356495823237187,-1.49340566580773,0.0196324387404748,0.114177138932128,0.0919446267308223,2650,"tags=42%, list=26%, signal=32%","Dnajc19/Cox18/Timm10/Timm8a1/Romo1/Parl/Tomm70a/Mfn2/Bnip3l/Hk2/Lrrk2/Grpel2/Akt1/Mapt/Chchd4/Aip/Tmem126a/Bag3/Pdcd5/Tspo/Ywhaz/Bag1/Rala/Pmpca/Samm50/Maip1/Fbxo7/Tomm22/Hspa4/Gdap1"
"GO:0048663","GO:0048663","neuron fate commitment",41,0.408123496099119,1.52156043583915,0.0199575650546596,0.115845636236817,0.0932882351213974,1217,"tags=29%, list=12%, signal=26%","Bcl11b/Zfp521/Prox1/Ntrk3/Pou3f2/Myt1l/Lmo4/Nkx2-1/Sox1/Zdhhc16/Chrd/Eya1"
"GO:0071331","GO:0071331","cellular response to hexose stimulus",118,0.299423280697931,1.39274257296166,0.0203428435175783,0.117856244470865,0.0949073387818183,2158,"tags=33%, list=21%, signal=26%","Cftr/Zbtb20/Adcy5/Foxo3/Ghrl/Abcg1/Ppp3ca/Igf1r/Klf7/Cacna1e/Oprk1/Tcf7l2/Cacna1d/Epha5/Ptprn/Pla2g6/Smad3/Map4k4/Abca12/Prkce/Sybu/Kcnb1/Gpr68/Pde1c/Brsk2/Sox4/Smarca4/Stxbp4/Lrp5/Rab11fip5/Tiam1/Fto/Vsnl1/Prkn/Gas6/Crhr2/Igf1/Jagn1/Srf"
"GO:0006418","GO:0006418","tRNA aminoacylation for protein translation",33,-0.44163644520552,-1.55211803462051,0.0207032990354097,0.119609902882828,0.0963195257538281,2892,"tags=73%, list=28%, signal=52%","Cars2/Aars1/Sars1/Wars2/Farsa/Tars3/Rars2/Cars1/Lrrc47/Yars1/Hars1/Ears2/Mars2/Pars2/Lars2/Gars1/Dars2/Rars1/Wars1/Aarsd1/Farsb/Aars2/Lars1/Kars1"
"GO:0042102","GO:0042102","positive regulation of T cell proliferation",33,0.431573321279885,1.5338696076772,0.020803438554208,0.119609902882828,0.0963195257538281,2118,"tags=30%, list=21%, signal=24%","Igfbp2/Nck2/Ppp3ca/Adk/Cd276/Slc4a1/Sash3/Ptprc/Efnb1/Igf1"
"GO:0003382","GO:0003382","epithelial cell morphogenesis",33,0.430878951257919,1.53140172326299,0.020803438554208,0.119609902882828,0.0963195257538281,2244,"tags=45%, list=22%, signal=36%","Bcl11b/Pecam1/Magi1/Pard3/St14/Jmjd1c/Met/Ccdc88c/Palld/Spint2/Dact2/Ar/Pkhd1/Fat1/Col18a1"
"GO:0071695","GO:0071695","anatomical structure maturation",184,0.270365483943366,1.32806824016979,0.0207879823254027,0.119609902882828,0.0963195257538281,1657,"tags=23%, list=16%, signal=20%","Cftr/Foxo3/Bcl2/Six3/Asxl2/Ext1/Slc24a4/Cntn2/C1ql1/Adgrb3/Kcnq2/Nfasc/Ano6/Cntnap2/Kcnip2/Nrxn1/Wdr77/Dlg2/Plcb1/Cebpa/Bcl11a/Myoc/Ank3/Sirt2/Akap5/Tdrkh/Sox8/Zbtb16/Pde3a/Fbxo5/Kcnb1/Kcnq3/Brd1/Fam20c/Enpp1/Barx2/Tut4/Smim45/Tgfb2/Cdkn1c/Kcnma1/Nrcam/Kif14"
"GO:0045123","GO:0045123","cellular extravasation",30,0.445852622379198,1.54849754587299,0.0208924776628136,0.119667688692486,0.0963660595411439,588,"tags=23%, list=6%, signal=22%","Pecam1/Ext1/Pawr/Pdgfd/Fut9/St3gal4/Plcb1"
"GO:0016525","GO:0016525","negative regulation of angiogenesis",66,0.353230245425551,1.48280185718331,0.0208789923015793,0.119667688692486,0.0963660595411439,1879,"tags=29%, list=18%, signal=24%","Tafa5/Dcn/Adgrb3/Adgrb2/Adgrb1/Fyn/Qki/Ism1/Col4a3/Ptpn6/Atp2b4/Adrb2/Ptprm/Dab2ip/Tgfb2/Epn2/Naxe/Sulf1/Thbs2"
"GO:0051298","GO:0051298","centrosome duplication",60,-0.374878054510596,-1.51296254731681,0.0209797946109202,0.11994108994545,0.0965862242465007,2402,"tags=37%, list=23%, signal=28%","Trim37/Ckap5/Cetn1/Chmp5/Chmp4b/Spice1/Cep192/Nat10/Chmp2a/Tmem67/Chordc1/Gen1/Vps4b/Nubp1/Deup1/Azin1/Chmp2b/Chmp3/Ccnf/Brca2/Cetn4/Rttn"
"GO:0010893","GO:0010893","positive regulation of steroid biosynthetic process",23,0.484491900358024,1.55718130330476,0.0212220188068077,0.121097395451276,0.0975173745548226,1707,"tags=39%, list=17%, signal=33%","Abcg1/Igf1r/Srebf2/Qki/Bmp6/Srebf1/Ppargc1a/Scap/Gnai1"
"GO:0032204","GO:0032204","regulation of telomere maintenance",74,-0.35051615654744,-1.47557547155542,0.0212691665320059,0.121138298105221,0.0975503126655909,2145,"tags=32%, list=21%, signal=26%","Hdac8/Naf1/Src/Tnks/Nvl/Exosc10/Actr8/Nat10/Ten1/Nfrkb/Cct2/Map3k4/Ruvbl1/Prkcq/Sirt6/Terf2ip/Ctc1/Nabp2/Slx4/Uchl5/Cct8/Smg1/Ptges3/Hnrnpa2b1"
"GO:0035264","GO:0035264","multicellular organism growth",162,0.287783652213568,1.40007177644761,0.0214862296120378,0.122144982597513,0.0983609760851261,2275,"tags=33%, list=22%, signal=26%","Chd7/Drd2/Bcl2/Six3/Ext1/Smpd3/Brinp3/Pou3f2/Cntnap2/Rai1/Cacna2d2/Rasal2/Mbd5/Tcf7l2/Kdm2a/Ep300/Sh3pxd2b/Kmt2c/Vps13b/Dmd/Palb2/Pou1f1/Arid5b/Gigyf2/Notch2/Rbbp6/Aaas/Slitrk1/Enpp1/Adrb2/Large1/Etnk2/Mfsd2a/Atn1/Hsf1/Brinp2/Cdkn1c/Cox10/Rarb/Garem1/Adrb1/Fto/Ankrd11/Ar/Ncor1/Add1/Atrn/Igf1/Celf1/Sik3/Ercc6/Mtor/Bbs2/Pmp22"
"GO:0018126","GO:0018126","protein hydroxylation",20,-0.505575302130405,-1.54615126347169,0.0215610962687197,0.122191217150061,0.0983982078700163,2888,"tags=45%, list=28%, signal=32%","Vipas39/Ogfod1/P4ha1/Prdx4/Jmjd4/Jmjd6/Plod1/P3h3/P4hb"
"GO:0008217","GO:0008217","regulation of blood pressure",125,0.303403059245318,1.42853634536197,0.0215750168895323,0.122191217150061,0.0983982078700163,2129,"tags=34%, list=21%, signal=27%","Asic2/Kcnq1/Chrm3/Drd2/Arhgef12/Ext1/Arhgap42/Vegfc/Cacna1c/Cacna1b/Ptpro/Bmpr2/Tacr1/Nr3c2/Gna13/Nkx2-1/Smad3/Nr2f2/Drd5/Adra2b/Kcnk3/Gucy1a1/Ntsr1/Nav2/Rnls/Adrb2/Ndst2/Lrp5/Slc4a5/Rnpep/Adora1/Adrb1/Atp1a1/Cnr1/Ar/Trpv1/Grip2/Scpep1/Mme/Gas6/Crhr2/Gna12"
"GO:0061842","GO:0061842","microtubule organizing center localization",30,0.443695505586474,1.54100563062559,0.0217690711164983,0.122665599408611,0.09878021866568,723,"tags=27%, list=7%, signal=25%","Syne2/Plxna2/Bicd2/Pard3/Pard3b/Nde1/Akap9/Ccdc141"
"GO:0060993","GO:0060993","kidney morphogenesis",66,0.350932520982261,1.47315639189281,0.021780228541859,0.122665599408611,0.09878021866568,2267,"tags=32%, list=22%, signal=25%","Bcl2/Ppp3ca/Gpc3/Gzf1/Kif26b/Bmp7/Sox8/Erbb4/Eya1/Hs3st3b1/Sox4/Pkd1/Pbx1/Lgr4/Wnt7b/Hs3st3a1/Greb1l/Lzts2/Wnt11/Tshz3/Gli3"
"GO:0006119","GO:0006119","oxidative phosphorylation",97,-0.330014825778366,-1.46844593954891,0.0217082919778908,0.122665599408611,0.09878021866568,2672,"tags=40%, list=26%, signal=30%","Uqcrq/Ndufa2/Ndufb3/Macroh2a1/Cox7a2/Ndufa10/Ndufab1/Coa6/Ndufb9/Cox4i1/Atpsckmt/mt-Nd6/Ppif/Atp5f1c/Cox7b2/Atp5pf/Uqcrh/Ndufb5/Ndufs3/Uqcr11/Msh2/Atp5mf/Ndufb2/Sdhb/Ndufa12/Sdhd/Uqcr10/Cycs/Ndufs1/Ndufs6/Uqcrc1/Ndufa5/Ndufa8/Ndufv3/Park7/Uqcrb/Dld/Uqcc2/Coq7"
"GO:0002011","GO:0002011","morphogenesis of an epithelial sheet",45,0.38805406293964,1.46354603909726,0.021956586667704,0.123429420413994,0.0993953088482332,2474,"tags=44%, list=24%, signal=34%","Sox11/Wnt7a/Pard3/Lama1/Bmp7/Col5a1/Mrtfa/Flrt3/Notch2/Chuk/Arhgap12/Pals1/Fermt1/Srf/Mtor/Clasp2/Lrp6/Bmp5/Clasp1/Tmeff2"
"GO:0051048","GO:0051048","negative regulation of secretion",133,0.297347718492029,1.40354205520772,0.0220108912684202,0.123505556561691,0.0994566198054543,2201,"tags=31%, list=21%, signal=25%","Ghrl/Kcnq1/Drd2/Il1rapl1/Prkg1/Foxo1/Atp9a/Ppp3ca/Klf7/Kalrn/Mtnr1a/Frmd4a/Oprk1/Kcnk9/Neo1/Stxbp5l/Map4k4/Grm7/Kcnj6/Maob/Cbarp/Pfkl/Srebf1/Idh2/Kcnb1/Pde1c/Sirt4/Bcr/Cd74/Mtnr1b/Irs1/Adora1/Rab11fip5/Chga/Cnr1/Vsnl1/Prkn/Crhr2/Jagn1/Rhbdf1/Madd"
"GO:0021879","GO:0021879","forebrain neuron differentiation",74,0.341414307011552,1.4648081213604,0.0220555640481661,0.123527465925958,0.0994742629898803,1326,"tags=27%, list=13%, signal=24%","Robo1/Bcl11b/Drd2/B2m/Prox1/Cntn2/Kcnq2/Sema3a/Zmiz1/Drd1/Robo2/Nkx2-1/Sox1/Ogdh/Zdhhc16/Erbb4/Pou3f4/Dlx5/Gdpd5/Tox"
"GO:0045446","GO:0045446","endothelial cell differentiation",72,0.35078360969484,1.49401027881916,0.0222265447005036,0.124255406720528,0.100060459537322,3014,"tags=47%, list=29%, signal=34%","Acvr2b/Pecam1/Prox1/Magi1/Ptprs/Plcb1/Bmpr2/Met/Fstl1/Dmd/Nr2f2/Prok2/Bmp6/Fzd1/Pbrm1/Acvr1/Atoh8/Zeb1/Vcl/Add1/Hey2/Rap2c/Col18a1/Afdn/Tjp1/Rapgef1/Rock1/Cul7/Rapgef3/Rapgef2/Lipa/Fzd2/Flvcr2/Dicer1"
"GO:0140058","GO:0140058","neuron projection arborization",31,0.435295488032961,1.53450374213862,0.0223833600997821,0.124443268077688,0.100211740630217,2593,"tags=45%, list=25%, signal=34%","Phactr1/Nlgn1/Cntnap2/Myo9a/Sema3a/Ntng1/Grip1/Mfsd2a/Lrp2/Afdn/Map3k13/Igf2bp1/Rock1/Macf1"
"GO:0061178","GO:0061178","regulation of insulin secretion involved in cellular response to glucose stimulus",64,0.359838707113291,1.49751135476776,0.0223499168639167,0.124443268077688,0.100211740630217,2122,"tags=39%, list=21%, signal=31%","Cftr/Adcy5/Ghrl/Abcg1/Klf7/Cacna1e/Tcf7l2/Cacna1d/Epha5/Pla2g6/Map4k4/Abca12/Prkce/Sybu/Gpr68/Pde1c/Brsk2/Stxbp4/Lrp5/Tiam1/Fto/Vsnl1/Prkn/Crhr2/Jagn1"
"GO:1905144","GO:1905144","response to acetylcholine",35,0.411453088766207,1.47867512241655,0.022381053035436,0.124443268077688,0.100211740630217,1415,"tags=23%, list=14%, signal=20%","Chrm2/Chrm3/Itpr1/Plcb1/Sorbs2/Chrm5/Atp2b4/Large1"
"GO:0014823","GO:0014823","response to activity",50,-0.385721363874741,-1.48630501408255,0.0225166957811053,0.124955289774266,0.100624061732412,2423,"tags=58%, list=24%, signal=45%","Abcg5/Slc38a2/Agt/Cbl/Hadh/Postn/Itgb1/Bloc1s6/Cat/Edn1/Abcc9/Hspa8/Slc7a5/Slc25a25/Hif1a/Sco2/Pik3ca/Gclc/Mmp2/Sod2/Prkaa2/Fn1/Ppard/Cab39/Abcg8/Uqcrc1/Cry1/Fos/Itga5"
"GO:0006688","GO:0006688","glycosphingolipid biosynthetic process",20,0.505016328224828,1.54607257587577,0.0226539927065999,0.125309946680134,0.100909660032848,1994,"tags=50%, list=19%, signal=40%","B3galt1/St8sia2/St6galnac6/St6galnac3/Fut9/St3gal1/St8sia6/St6galnac4/St3gal3/B4galt4"
"GO:0090169","GO:0090169","regulation of spindle assembly",23,-0.485725824101975,-1.54324803238226,0.0226633170893444,0.125309946680134,0.100909660032848,3646,"tags=74%, list=36%, signal=48%","Chmp1a/Rnf4/Chmp6/Drg1/Dync1h1/Mapk15/Cep97/Sass6/Ccsap/Chmp5/Chmp4b/Chmp2a/Chmp7/Vps4b/Chmp2b/Chmp3/Chmp1b2"
"GO:0048864","GO:0048864","stem cell development",64,0.358192542511749,1.49066064600882,0.0229580686105661,0.126708466102032,0.102035860491405,3305,"tags=52%, list=32%, signal=35%","Sema3f/Bcl2/Wnt7a/Msi2/Sema4g/Sema3a/Bmp7/Sox8/Erbb4/Bmpr1a/Sema6b/Acvr1/Wnt7b/Cdh2/Radil/Pef1/Ptprc/Ankrd11/Efnb1/Sema5a/Pax6/Ret/Rdh10/Tapt1/Sema3d/Dicer1/Sema7a/Aldh1a2/Mapk1/Tcof1/Edn3/Sema5b/Coro1c"
"GO:0045047","GO:0045047","protein targeting to ER",28,-0.453432853761696,-1.53501439479461,0.0230730568959508,0.12711156799042,0.102360470592945,2538,"tags=39%, list=25%, signal=30%","Spcs3/Zfand2a/Srp68/Sec61g/Sec61b/Sec61a1/Chmp4b/Srp9/Srp72/Get4/Srp54c"
"GO:1990138","GO:1990138","neuron projection extension",145,0.287156204932914,1.37202283644944,0.023176397038132,0.127449152496443,0.102632320822218,2327,"tags=34%, list=23%, signal=27%","Cdh4/Sema3f/Robo1/Auts2/Dscam/Dbn1/Ntrk3/Plxna4/St8sia2/Cdkl5/Ntn1/Sema3a/Ptprs/Slit3/Syt1/Bcl11a/Ep300/Bmpr2/Clstn3/Adnp/Trpc5/Flrt3/Slitrk1/Alcam/Raph1/Bdnf/Slc23a2/Tnr/Map2/Vcl/Plxna1/Tiam1/Dclk1/Jade2/Gsk3b/Cyfip2/Prkn/Slit2/Cpne9/Itsn2/Srf/Syt17/Abl1/Islr2/Clasp2/Sema5a/Afdn/Ulk1/Spag9/Map3k13"
"GO:0006911","GO:0006911","phagocytosis, engulfment",20,0.504059224502565,1.54314246899693,0.0232621445734125,0.127688945756232,0.102825421665084,2453,"tags=50%, list=24%, signal=38%","Xkr6/Elmo1/Adgrb1/Ano6/Xkr4/Gulp1/Arhgap12/Xkr8/Appl2/Clcn3"
"GO:0051225","GO:0051225","spindle assembly",94,-0.33080000323509,-1.46222123544811,0.0233675028453986,0.127851618038212,0.102956418486217,2610,"tags=40%, list=25%, signal=30%","Rab11a/Ddb1/Birc5/Haus2/Ccsap/Hdac3/Tpx2/Chmp5/Mybl2/Bcas2/Chmp4b/Spice1/Cep192/Bccip/Tubgcp5/Kif3b/Aspm/Chmp2a/Tubgcp3/Haus3/Ska2/Abraxas1/Gtf2b/Cdca8/Chmp7/Mzt1/Vps4b/Tubgcp2/Mlh1/Chmp2b/Chmp3/Racgap1/Dcaf13/Chmp1b2/Cltc/Stard9/Tubgcp4/Chek2"
"GO:1901343","GO:1901343","negative regulation of vasculature development",68,0.344715060244339,1.45451544906813,0.0233761704267886,0.127851618038212,0.102956418486217,1879,"tags=28%, list=18%, signal=23%","Tafa5/Dcn/Adgrb3/Adgrb2/Adgrb1/Fyn/Qki/Ism1/Col4a3/Ptpn6/Atp2b4/Adrb2/Ptprm/Dab2ip/Tgfb2/Epn2/Naxe/Sulf1/Thbs2"
"GO:0010824","GO:0010824","regulation of centrosome duplication",39,-0.432247291498755,-1.57175093399274,0.0235320203258303,0.127954966648067,0.103039643109334,1795,"tags=41%, list=18%, signal=34%","Trim37/Chmp5/Chmp4b/Spice1/Cep192/Nat10/Chmp2a/Tmem67/Chordc1/Gen1/Vps4b/Nubp1/Azin1/Chmp2b/Chmp3/Ccnf"
"GO:0043500","GO:0043500","muscle adaptation",84,0.331144739749293,1.43612331162247,0.0234459682239809,0.127954966648067,0.103039643109334,2178,"tags=36%, list=21%, signal=28%","Foxo3/Foxp1/Foxo1/Ppp3ca/Pde9a/Adk/Gtf2ird1/Nfatc3/Myoc/Ep300/Hdac4/Smad3/Dmd/Smad1/Tead1/Ptk2/Igfbp5/Ctdp1/Nr3c1/Ezh2/Atp2b4/Inpp5f/Adrb1/Ar/Gsk3b/Nfatc1/Igf1/Parp1/Hey2/Mtor"
"GO:0044344","GO:0044344","cellular response to fibroblast growth factor stimulus",108,0.302359010624811,1.38604804174388,0.0235463792227988,0.127954966648067,0.103039643109334,2105,"tags=33%, list=21%, signal=27%","Epha4/Smoc2/Egfr/Ext1/Igf1r/Ntrk3/Epha3/Nrxn1/Flrt2/Gpc1/Ephb1/Tcf7l2/Epha5/Met/Nptn/Zdhhc16/Chrd/Erbb4/Flrt3/Epha7/Egr3/Fam20c/Enpp1/Epha6/Shisa2/Ros1/Ndst1/Alk/Ephb3/Itgb1bp1/Sulf1/Fgfrl1/Fgf22/Tyro3/Grb2/Ephb2"
"GO:1902105","GO:1902105","regulation of leukocyte differentiation",178,0.270714205785372,1.32919043005424,0.0235639839569707,0.127954966648067,0.103039643109334,2306,"tags=34%, list=22%, signal=27%","Foxo3/Foxp1/Asxl2/Ppp3ca/Arid1a/Rasgrp1/Sox12/Rc3h1/Ppargc1b/Hspb1/Ambra1/Sox13/Ep300/Zmiz1/Qki/Ninj1/Socs1/Ptpn6/Ap3d1/Eeig1/Ubash3b/Arid2/Lrrc17/Notch2/Itpkb/Drosha/Egr3/Gpr68/Tox/Sox4/Rhoh/Smarca4/Rorc/Pbrm1/Hsf1/Klf10/Cd74/Xrcc6/Ripk1/Cdk6/Mafb/Sh3rf1/Sash3/Zeb1/Ptprc/Rassf2/Fbxw7/Nrarp/Gsk3b/Gas6/Pik3r6/Smarcd2/Abl1/Mtor/Irf1/Cul4a/Gli3/Mitf/Nfkbiz/Fshr"
"GO:0050768","GO:0050768","negative regulation of neurogenesis",107,0.305864949702209,1.39986388488967,0.0237143923652067,0.128541339653982,0.103511837873174,2773,"tags=43%, list=27%, signal=32%","Sema3f/Fgf13/B2m/Ppp3ca/Prox1/Ntrk3/Sox11/Wnt7a/Ntn1/Sema3a/Ptprs/Dab1/Bcl11a/Sirt2/Trpc5/Ptk2/Bmp7/Ski/Idh2/Epha7/Lingo1/Brinp1/Bmpr1a/Bdnf/Wnt7b/Lrp4/Tnr/Map2/Daam2/Gsk3b/Slit2/Ephb2/Mbp/Appl2/Sema5a/Ulk1/Pax6/Btg2/Slit1/Tert/Ctdsp1/Fgfr3/Gpr37l1/Ryk/Rapgef2/Rgma"
"GO:0061333","GO:0061333","renal tubule morphogenesis",52,0.379334200747402,1.49221716665832,0.023931169847412,0.128771700477735,0.103697342958968,2267,"tags=31%, list=22%, signal=24%","Bcl2/Gpc3/Gzf1/Kif26b/Sox8/Eya1/Hs3st3b1/Pkd1/Pbx1/Lgr4/Mtss1/Hs3st3a1/Greb1l/Lzts2/Wnt11/Gli3"
"GO:0051592","GO:0051592","response to calcium ion",100,0.32650150743218,1.47508297204802,0.023880274326424,0.128771700477735,0.103697342958968,1366,"tags=25%, list=13%, signal=22%","Egfr/Ppp3ca/Cpne4/Kcnq2/Nlgn1/Micu2/mt-Cytb/Kcnh1/Cacng2/Nrxn1/Penk/Syt1/Itpka/Nfatc3/Ep300/Akap5/Hnrnpd/Smpd1/Adcy1/Anxa11/Kcnb1/Kcnq3/Adam9/Itpkb/Pde1c"
"GO:0022029","GO:0022029","telencephalon cell migration",61,0.355168846787599,1.4612926527969,0.0239063516117261,0.128771700477735,0.103697342958968,2267,"tags=38%, list=22%, signal=30%","Robo1/Drd2/Fgf13/Egfr/Cntn2/Pou3f2/Syne2/Lrp8/Dab1/Ccdc141/Zmiz1/Drd1/Nkx2-1/Ogdh/Arl13b/Dab2ip/Ulk4/Tnr/Slit2/Srf/Efhc1/Lrp6/Gli3"
"GO:0042472","GO:0042472","inner ear morphogenesis",74,0.338909354913843,1.45406084422236,0.0239063516117261,0.128771700477735,0.103697342958968,3445,"tags=46%, list=34%, signal=31%","Chd7/Kcnq1/Sobp/Ntn1/Atp2b2/Eya1/Pou3f4/Dlx5/Ush1c/Whrn/Bcr/Celsr1/Mafb/Zeb1/Ptk7/Cep290/Ephb2/Myo3a/Nectin1/Clic5/Myo3b/Atp8a2/Foxg1/Grhl3/Nectin3/Fzd2/Sec24b/Pls1/Fgfr1/Insig1/Pcdh15/Col11a1/Ripor2/Itga8"
"GO:1902414","GO:1902414","protein localization to cell junction",113,0.309002945462466,1.42506052722917,0.0239693858314992,0.128771700477735,0.103697342958968,1491,"tags=26%, list=15%, signal=22%","Asic2/Pecam1/Nrxn3/Cnih3/Nlgn1/Kalrn/Gpc6/Mapk10/Cacng2/Nrxn1/Dlgap1/Hspb1/Cacna2d2/Dlg2/Nbea/Cacng3/Clstn3/Lhfpl4/Gpc4/Magi2/Pclo/Mpp4/Rapsn/Erbb4/Grip1/Bsn/Lrrc7/Gphn/Tnik"
"GO:0001763","GO:0001763","morphogenesis of a branching structure",151,0.286046359718744,1.3713390694349,0.0241965647571225,0.129762108343507,0.104494899128104,2267,"tags=32%, list=22%, signal=26%","Drd2/Bcl2/Fgf13/Ext1/Prox1/Col13a1/Tnc/Ctsh/Sema3a/St14/Gpc3/Gzf1/Csmd1/Bcl11a/Nfatc3/Lama1/Met/Gna13/Nkx2-1/Bmp7/Ctnnd2/Sox8/Eya1/Epha7/Hs3st3b1/Pkd1/Pbx1/Spint2/Lgr4/Acvr1/Hs3st3a1/Celsr1/Lrp5/Rxra/Plxna1/Sulf1/Greb1l/Nrarp/Ar/Pkhd1/Nfatc1/Slit2/Grb2/Igf1/Srf/Abl1/Lrp6/Sema5a/Gli3"
"GO:0001910","GO:0001910","regulation of leukocyte mediated cytotoxicity",20,0.501720949512174,1.53598400176438,0.0247825251949962,0.132202555177532,0.106460143443293,381,"tags=25%, list=4%, signal=24%","Tap1/Cadm1/B2m/Tap2/Rasgrp1"
"GO:0003206","GO:0003206","cardiac chamber morphogenesis",88,0.325208272136991,1.42960975238729,0.0247219201102071,0.132202555177532,0.106460143443293,2392,"tags=35%, list=23%, signal=27%","Robo1/Chd7/Prox1/Sox11/Slit3/Smad6/Bmpr2/Robo2/Bmp7/Notch2/Fzd1/Rnls/Tgfbr3/Sox4/Bmpr1a/Smarca4/Dhrs3/Acvr1/Tgfb2/Rxra/Fgfrl1/Ccm2l/Nfatc1/Slit2/Wnt11/Hey2/Srf/Lrp2/Lrp6/Tnnc1/Bmp5"
"GO:0003300","GO:0003300","cardiac muscle hypertrophy",82,0.324688426764198,1.40983178171698,0.0247767636287742,0.132202555177532,0.106460143443293,2178,"tags=37%, list=21%, signal=29%","Foxp1/Prkg1/Foxo1/Ppp3ca/Pde9a/Adk/Meis1/Nfatc3/Ep300/Smad3/Akap13/Smad1/Ptk2/Sorbs2/Ctdp1/Rap1gds1/Nr3c1/Col14a1/Ezh2/Atp2b4/Map2k4/Inpp5f/Tiam1/Adrb1/Gsk3b/Ttn/Igf1/Parp1/Hey2/Mtor"
"GO:1902686","GO:1902686","mitochondrial outer membrane permeabilization involved in programmed cell death",24,-0.47957864475321,-1.55944958161705,0.0249345509347157,0.132546879330392,0.10673742097893,2158,"tags=42%, list=21%, signal=33%","Slc35f6/Bnip3l/Siva1/Ppif/Tmem14a/Gclc/Spg7/Vdac2/Bok/Bnip3"
"GO:0021885","GO:0021885","forebrain cell migration",62,0.36103073597934,1.49563178982994,0.0249345614581926,0.132546879330392,0.10673742097893,2267,"tags=39%, list=22%, signal=30%","Robo1/Drd2/Fgf13/Egfr/Cntn2/Pou3f2/Syne2/Lrp8/Dab1/Ccdc141/Zmiz1/Drd1/Nkx2-1/Ogdh/Arl13b/Dab2ip/Ulk4/Tnr/Tyro3/Slit2/Srf/Efhc1/Lrp6/Gli3"
"GO:0035794","GO:0035794","positive regulation of mitochondrial membrane permeability",25,-0.468598618543842,-1.54297633579675,0.025177101633472,0.133601782748547,0.107586914160546,2158,"tags=40%, list=21%, signal=32%","Slc35f6/Bnip3l/Siva1/Ppif/Tmem14a/Gclc/Spg7/Vdac2/Bok/Bnip3"
"GO:0048048","GO:0048048","embryonic eye morphogenesis",24,0.473239597473884,1.53497452490178,0.0255464488136515,0.135004756944547,0.108716701961945,2335,"tags=50%, list=23%, signal=39%","Six3/Prox1/Sox11/Arid1a/Hipk2/Bmp7/Sp3/Mfap5/Zeb1/Rarb/Lrp6/Pax6"
"GO:0098926","GO:0098926","postsynaptic signal transduction",41,0.396105217593036,1.47675405429891,0.0255751585762937,0.135004756944547,0.108716701961945,1613,"tags=22%, list=16%, signal=19%","Chrm2/Chrm3/Itpr1/Plcb1/Crtc1/Sorbs2/Chrm5/Large1/Prr7"
"GO:0009798","GO:0009798","axis specification",49,0.363382900128485,1.40805933085117,0.0255247144765377,0.135004756944547,0.108716701961945,2423,"tags=41%, list=24%, signal=31%","Six3/Wnt7a/Wdr77/Bcor/Gpc3/Smad6/Tdrkh/Ski/Chrd/Notch2/Arl13b/Axin2/Bmpr1a/Ldb1/Nrarp/Hey2/Srf/Lrp6/Pax6/Wls"
"GO:0009952","GO:0009952","anterior/posterior pattern specification",107,0.303744871390761,1.39016084090172,0.0256242487087261,0.135028649717287,0.108735942346594,2546,"tags=36%, list=25%, signal=28%","Acvr2b/Six3/Ssbp3/Plxna2/Hipk2/Gpc3/Acvr2a/Lfng/Ep300/Bmpr2/Bptf/Smad3/Palb2/Nr2f2/Tdrkh/Tshz1/Ski/Zbtb16/Axin2/Bmpr1a/Bhlhe41/Ldb1/Kmt2a/Pbx1/Celsr1/Lrp5/Pcdh8/Nrarp/Ttn/Hey2/Srf/Lrp6/Gli3/Ofd1/Pax6/Wls/Btg2/Pcgf2/Scmh1"
"GO:0001541","GO:0001541","ovarian follicle development",45,-0.391624294125758,-1.49459141410299,0.0257689682459903,0.135555510044012,0.109160212708709,2216,"tags=40%, list=22%, signal=31%","Mfn2/Rac1/Src/Bmpr1b/Bcas2/Eif2b5/Mmp2/Sod1/Angpt1/Lhcgr/Inhba/Lsm14b/Ctnna1/Zfp830/Eif2b2/Arrb1/Kit/Kdr"
"GO:0097107","GO:0097107","postsynaptic density assembly",27,0.451492509179392,1.51373559402005,0.0259988305477829,0.136498303405213,0.109919425844462,613,"tags=22%, list=6%, signal=21%","Nrxn3/Ntrk3/Nlgn1/Nrxn1/Ptprs/Grid2"
"GO:0042475","GO:0042475","odontogenesis of dentin-containing tooth",55,0.368189437934092,1.47216598587339,0.0260382902205324,0.136498303405213,0.109919425844462,1660,"tags=27%, list=16%, signal=23%","Cftr/Bcl11b/Acvr2b/Foxo1/Slc24a4/Smpd3/Tnc/Acvr2a/Tcf7l2/Bmp7/Fam20c/Bmpr1a/Wnt7b/Chuk/Lrp4"
"GO:0006862","GO:0006862","nucleotide transport",27,-0.452855192105352,-1.52233171937442,0.0262546023193856,0.137394550997821,0.110641156579103,1283,"tags=33%, list=13%, signal=29%","Slc35b2/Lrrc8b/Abcc4/Slc35b3/Abcc1/Abcc5/Slc25a17/Slc25a36/Calhm2"
"GO:0048565","GO:0048565","digestive tract development",77,0.33596316960129,1.45143273258338,0.0263921065539888,0.137876004928597,0.111028862054711,1816,"tags=26%, list=18%, signal=22%","Kcnq1/Bcl2/Foxp4/Acvr2b/Egfr/Ext1/Cckbr/Ccdc103/Sox11/Klf5/Tcf7l2/Pdgfc/Smad3/Chrd/Cbfa2t2/Pkd1/Lgr4/Tgfb2/Rarb/Ephb3"
"GO:0048678","GO:0048678","response to axon injury",66,0.346659347576875,1.45521832021399,0.0265868303552845,0.138654209942362,0.11165553539913,1344,"tags=26%, list=13%, signal=23%","Epha4/Drd2/Bcl2/Igf1r/Ntrk3/Kcnk2/Tnc/Ptprf/Ptprs/Pum2/Neo1/Matn2/Chl1/Grn/Flrt3/Kcnb1/Enpp1"
"GO:2000181","GO:2000181","negative regulation of blood vessel morphogenesis",67,0.352629642073926,1.48503086550557,0.0266730023563479,0.138864599896451,0.111824958332455,1879,"tags=28%, list=18%, signal=23%","Tafa5/Dcn/Adgrb3/Adgrb2/Adgrb1/Fyn/Qki/Ism1/Col4a3/Ptpn6/Atp2b4/Adrb2/Ptprm/Dab2ip/Tgfb2/Epn2/Naxe/Sulf1/Thbs2"
"GO:0031341","GO:0031341","regulation of cell killing",24,0.471745878268376,1.53012957756421,0.026770216500947,0.139131656943172,0.112040014172059,381,"tags=21%, list=4%, signal=20%","Tap1/Cadm1/B2m/Tap2/Rasgrp1"
"GO:2000463","GO:2000463","positive regulation of excitatory postsynaptic potential",35,0.403708748251291,1.45084360535766,0.0268872433391299,0.139500594721855,0.112337112581296,3318,"tags=49%, list=32%, signal=33%","Dbn1/Nlgn1/Wnt7a/Cux2/Nrxn1/Gria1/Grin2b/Adrb2/Gsk3b/Grip2/Afdn/Grin1/Rims2/Rims1/Grin2a/App/Prkar1b"
"GO:0010712","GO:0010712","regulation of collagen metabolic process",32,-0.445231112837968,-1.53715628787245,0.0272721580603398,0.140774512645365,0.113362973879436,1854,"tags=50%, list=18%, signal=41%","Itgb1/Myb/Il18/Suco/Larp6/Got1/Errfi1/Adora2b/Cygb/Fn1/Ppard/Inhba/Rgcc/Vim/Acvr1b/Ccn2"
"GO:0015908","GO:0015908","fatty acid transport",63,-0.360523727821742,-1.47330985925199,0.0271879455458483,0.140774512645365,0.113362973879436,2338,"tags=37%, list=23%, signal=28%","Edn1/Pnpla8/Slc27a4/Acsl1/Akt2/Akt1/Atp5pf/Pmp2/Agtr2/Rbp7/Fabp7/Got2/Lhcgr/Abcc4/Ppard/Abcc1/Pla2g12a/Pla2g12b/Fabp5/Pla2r1/Slc25a17/Rps6kb1/Slc27a5"
"GO:0046390","GO:0046390","ribose phosphate biosynthetic process",127,-0.299767446494177,-1.37870131608972,0.0272661861158235,0.140774512645365,0.113362973879436,2223,"tags=31%, list=22%, signal=24%","Ndufa10/Ndufab1/Ndufb9/Nme1/Atpsckmt/Cox11/mt-Nd6/Atp5f1c/Atp5pf/Ndufb5/Hprt1/Ctps1/Ndufs3/Uckl1/Atic/Umps/Atp5mc3/Aprt/Gmps/Atp5mf/Ndufb2/Slc25a13/Dmac2l/Sdhb/Ndufa12/Sdhd/Uck1/Map2k1/Ndufs1/Ndufs6/Ndufa5/Ndufa8/Ndufv3/Ampd3/Ppat/Atp6v1a/Upp1/Pid1/Tmsb4x"
"GO:0021510","GO:0021510","spinal cord development",63,0.35138957785443,1.45844285973244,0.0274633932377927,0.141520546786585,0.113963740646623,2485,"tags=40%, list=24%, signal=30%","Foxp1/Sox11/Lrp8/Sox12/Ptprs/Dab1/Lmo4/Sox13/Gria1/Sox6/Sox1/Chrd/Gigyf2/Gdpd5/Enpp1/Sox4/Pkd1/Phgdh/Daam2/Mtor/Gli3/Pax6/Scyl1/Slit1/Sufu"
"GO:0008306","GO:0008306","associative learning",105,0.310002370381179,1.41764841455933,0.0275928150098179,0.141946060237264,0.114306398342879,1663,"tags=27%, list=16%, signal=23%","Meis2/Ghrl/Drd2/Gabra5/Atxn1/Ppp1r1b/Cntnap2/Cacna1c/Cacna1e/Pias1/Oprk1/Csmd1/Ap1s2/Tacr1/Drd1/Gria1/Grm7/Nts/Drd5/Nptn/Grin2b/Chrd/Adrb2/Kmt2a/Bdnf/Shank2/Pde1b/Tnr"
"GO:0006890","GO:0006890","retrograde vesicle-mediated transport, Golgi to endoplasmic reticulum",36,-0.433141956565575,-1.55162708498791,0.0279005328283,0.143285787236863,0.115385254408563,2201,"tags=44%, list=21%, signal=35%","Uvrag/Arf3/Arcn1/Stx18/Bnip1/Pitpnb/Ergic3/Rab6a/Cog7/Ergic2/Arf4/Cope/Rint1/Copa/Rer1/Cog4"
"GO:0006470","GO:0006470","protein dephosphorylation",75,0.33080181209781,1.42196980404538,0.0279537519475713,0.143316190188056,0.115409737313154,1490,"tags=28%, list=15%, signal=24%","Bcl2/Ptpn5/Ppp3ca/Ptprf/Ptprr/Ptprs/Ptpro/Epm2a/Dusp11/Phpt1/Ptprt/Ppp1r12a/Ptpn6/Ctdp1/Ubash3b/Ptprz1/Eya1/Ptpn13/Dusp22/Ptprm/Eya2"
"GO:0051205","GO:0051205","protein insertion into membrane",28,-0.447649502379327,-1.51543591134675,0.0280697082999833,0.143667594846198,0.115692716641823,3249,"tags=50%, list=32%, signal=34%","Ncln/Nomo1/Tomm40/Emc6/Emc3/Cox18/Tmco1/Sec61a1/Tmem126a/Mmgt1/Get4/Maip1/Rab5if/Tomm22"
"GO:0045187","GO:0045187","regulation of circadian sleep/wake cycle, sleep",20,0.496235792132477,1.51919157164846,0.0281273664285301,0.143719933015929,0.115734863550781,2239,"tags=55%, list=22%, signal=43%","Ghrl/Drd2/Per3/Drd1/Adora2a/Alb/Mtnr1b/Adora1/Adrb1/Parp1/Kcna2"
"GO:0045940","GO:0045940","positive regulation of steroid metabolic process",24,0.47015386563311,1.5249658109405,0.0282999269587665,0.144115594428676,0.116053481982168,1707,"tags=38%, list=17%, signal=31%","Abcg1/Igf1r/Srebf2/Qki/Bmp6/Srebf1/Ppargc1a/Scap/Gnai1"
"GO:0007140","GO:0007140","male meiotic nuclear division",31,-0.434445921736889,-1.49180865087818,0.0282831788561922,0.144115594428676,0.116053481982168,1556,"tags=32%, list=15%, signal=27%","M1ap/Hspa2/Chtf18/Mlh1/Rec8/Suv39h2/Mlh3/Trip13/Brca2/Spdya"
"GO:0045598","GO:0045598","regulation of fat cell differentiation",104,0.305951757957098,1.39224736792832,0.0283961732515468,0.144363095557361,0.116252789821769,2246,"tags=30%, list=22%, signal=24%","Ptgr3/Asxl2/Foxo1/Ncor2/Runx1t1/Klf5/Htr2c/Fndc3b/Trio/Cebpa/Sox13/Tcf7l2/Sh3pxd2b/Rora/Sirt2/Smad3/Bmp7/Zbtb16/Lmo3/Enpp1/Axin2/Rorc/Ccdc3/Lrp5/Mkx/Fto/Hnrnpu/Igf1/Fndc5/Mtor/Lrp6"
"GO:0061337","GO:0061337","cardiac conduction",38,0.405571681853766,1.48822338759072,0.0286698422091163,0.145367654631285,0.117061741683279,1547,"tags=29%, list=15%, signal=25%","Kcnq1/Kcne2/Kcnd3/Cacna1c/Akap9/Cacna1d/Cacnb2/Scn2b/Ank2/Slc8a1/Cacna2d1"
"GO:1901799","GO:1901799","negative regulation of proteasomal protein catabolic process",42,-0.388970941264969,-1.4513265830704,0.0286897219371315,0.145367654631285,0.117061741683279,897,"tags=19%, list=9%, signal=17%","Ophn1/Taf9/Ubxn2a/Uchl5/Aqp11/Gabarapl2/Ogt/Park7"
"GO:0033674","GO:0033674","positive regulation of kinase activity",192,0.263664671464578,1.3026198964665,0.0289720820939424,0.14655327002445,0.118016494673154,2178,"tags=28%, list=21%, signal=22%","Epha4/Robo1/Adra2c/Egfr/Prox1/Ntrk3/Vegfc/Prkcd/Tenm1/Ccnd2/Rasgrp1/Lrp8/Zfp91/Nrxn1/Abi2/Dab1/Lmo4/Agrn/Sash1/Tpd52l1/Pdgfc/Rad50/Ccny/Ccdc88a/Tead1/Ptk2/Adra2b/Ip6k2/Ezh2/Notch2/Adam9/Fgd4/Map2k4/Adrb2/Mmd2/Cemip/Dab2ip/Slc11a1/Cd74/Xrcc6/Tgfb2/Map3k7/Kif14/Itgb1bp1/Ptprc/Rassf2/Fbxw7/Taok3/Gas6/Pik3r6/Igf1/Abl1/Mtor"
"GO:0001778","GO:0001778","plasma membrane repair",22,-0.495694873503012,-1.5656453656937,0.0295393134419383,0.146728065129628,0.118157253767753,2178,"tags=73%, list=21%, signal=57%","Myh9/Chmp1a/Arl8b/Chmp6/Dysf/Chmp5/Ano5/Rab3a/Chmp4b/Chmp2a/Chmp7/Myof/Vps4b/Chmp2b/Chmp3/Chmp1b2"
"GO:0035384","GO:0035384","thioester biosynthetic process",30,-0.457074110106169,-1.56525695544769,0.0294634434718846,0.146728065129628,0.118157253767753,1032,"tags=33%, list=10%, signal=30%","Acsl1/Acss1/Pdk1/Mpc1/Pdk4/Acly/Mmut/Pdhb/Dld/Mpc2"
"GO:0071616","GO:0071616","acyl-CoA biosynthetic process",30,-0.457074110106169,-1.56525695544769,0.0294634434718846,0.146728065129628,0.118157253767753,1032,"tags=33%, list=10%, signal=30%","Acsl1/Acss1/Pdk1/Mpc1/Pdk4/Acly/Mmut/Pdhb/Dld/Mpc2"
"GO:0046513","GO:0046513","ceramide biosynthetic process",47,0.383742894832397,1.46729461662764,0.029238688284694,0.146728065129628,0.118157253767753,1994,"tags=38%, list=19%, signal=31%","Smpd3/Prkcd/B3galt1/St8sia2/St6galnac6/St6galnac3/Sptlc3/Pla2g6/Smpd1/Cers6/St3gal1/St8sia6/St6galnac4/Gba1/Sptlc2/Sgms1/St3gal3/B4galt4"
"GO:0042220","GO:0042220","response to cocaine",47,0.383674002511404,1.46703119720521,0.029238688284694,0.146728065129628,0.118157253767753,982,"tags=26%, list=10%, signal=23%","Drd2/Adgrl3/Fkbp5/Ppp1r1b/St8sia2/Crebbp/Cacng4/Oprk1/Drd1/Gria1/Smpd1/Drd5"
"GO:0010257","GO:0010257","NADH dehydrogenase complex assembly",50,-0.376534289671838,-1.45090434476168,0.0294680668517758,0.146728065129628,0.118157253767753,2727,"tags=42%, list=27%, signal=31%","Tmem186/Ndufa2/Ndufb3/Ndufa10/Ndufab1/Ndufb9/Ndufaf6/Ndufaf3/mt-Nd6/Acad9/Ndufb5/Ndufaf8/Ndufs3/Tmem126a/Ndufaf4/Ndufb2/Ndufa12/Ndufs1/Ndufs6/Ndufa5/Ndufa8"
"GO:0032981","GO:0032981","mitochondrial respiratory chain complex I assembly",50,-0.376534289671838,-1.45090434476168,0.0294680668517758,0.146728065129628,0.118157253767753,2727,"tags=42%, list=27%, signal=31%","Tmem186/Ndufa2/Ndufb3/Ndufa10/Ndufab1/Ndufb9/Ndufaf6/Ndufaf3/mt-Nd6/Acad9/Ndufb5/Ndufaf8/Ndufs3/Tmem126a/Ndufaf4/Ndufb2/Ndufa12/Ndufs1/Ndufs6/Ndufa5/Ndufa8"
"GO:1903034","GO:1903034","regulation of response to wounding",97,0.309890524253186,1.38209635161391,0.029369745913735,0.146728065129628,0.118157253767753,1177,"tags=23%, list=11%, signal=20%","Epha4/Tafa5/Smoc2/Prkg1/Igf1r/Ntrk3/Prkcd/Ptprf/Ano6/St3gal4/Ptprs/Ajap1/Cask/Pum2/Neo1/Serping1/Smad3/Prkce/Ptk2/Ptpn6/Ubash3b/Grn"
"GO:0071248","GO:0071248","cellular response to metal ion",133,0.291431167673224,1.37561472508365,0.029292569727725,0.146728065129628,0.118157253767753,1297,"tags=22%, list=13%, signal=19%","B2m/Egfr/Cpne4/Mt1/Smpd3/Gabrb3/Kcnq2/Nlgn1/Glra3/Micu2/Kcnh1/Nrxn1/Dlg2/Syt1/Abcb6/Cebpa/Itpka/Cdkn1b/Nfatc3/Ank3/Akap5/Smpd1/Bace1/Kcnk3/Bmp6/Adcy1/Kcnb1/Kcnq3/Itpkb"
"GO:0045580","GO:0045580","regulation of T cell differentiation",95,0.307870621796344,1.3728629765669,0.0292428787607599,0.146728065129628,0.118157253767753,2273,"tags=36%, list=22%, signal=28%","Foxo3/Arid1a/Rasgrp1/Sox12/Rc3h1/Hspb1/Ambra1/Sox13/Ep300/Zmiz1/Socs1/Ap3d1/Arid2/Itpkb/Drosha/Egr3/Tox/Sox4/Rhoh/Smarca4/Rorc/Pbrm1/Cd74/Sh3rf1/Sash3/Zeb1/Ptprc/Nrarp/Pik3r6/Smarcd2/Abl1/Irf1/Gli3/Nfkbiz"
"GO:0006997","GO:0006997","nucleus organization",108,-0.302135030306698,-1.36082822019655,0.0295074539386237,0.146728065129628,0.118157253767753,2178,"tags=27%, list=21%, signal=21%","Chmp5/Sumo1/Nup98/Ddx11/Bin1/Zmpste24/Chmp4b/Chmp2a/Nup107/Rrn3/Dyrk3/Nolc1/Chmp7/Tor1a/Hmgb2/Vps4b/Ubxn2a/Baz2a/Brox/Chmp2b/Chmp3/Piwil1/Nup35/Chmp1b2/Dctn1/Ubxn2b/Smarca5/Fxr1/Nup133"
"GO:0016226","GO:0016226","iron-sulfur cluster assembly",22,-0.494850564204721,-1.56297862651454,0.0298332345457509,0.146784596956202,0.118202777746909,2589,"tags=50%, list=25%, signal=37%","Fdx2/Hspa9/Ndufab1/Glrx3/Nfs1/Ciao2b/Nubp1/Ciao2a/Ciao3/Hscb/Nfu1"
"GO:0031163","GO:0031163","metallo-sulfur cluster assembly",22,-0.494850564204721,-1.56297862651454,0.0298332345457509,0.146784596956202,0.118202777746909,2589,"tags=50%, list=25%, signal=37%","Fdx2/Hspa9/Ndufab1/Glrx3/Nfs1/Ciao2b/Nubp1/Ciao2a/Ciao3/Hscb/Nfu1"
"GO:0060914","GO:0060914","heart formation",20,0.494000082638072,1.51234710159128,0.0296477501862379,0.146784596956202,0.118202777746909,2407,"tags=50%, list=23%, signal=38%","Robo1/Ext1/Robo2/Eya1/Axin2/Bmpr1a/Lemd2/Wnt11/Lrp2/Rbm20"
"GO:0006635","GO:0006635","fatty acid beta-oxidation",51,-0.372166811743158,-1.44681394750857,0.0297123846554652,0.146784596956202,0.118202777746909,1939,"tags=33%, list=19%, signal=27%","Sesn2/Decr1/Akt2/Akt1/Etfdh/Pex5/Ppard/Tysnd1/Hadha/Dbi/Acadl/Cpt1a/Slc25a17/Eci3/Abcb11/Scp2/Crat"
"GO:0008277","GO:0008277","regulation of G protein-coupled receptor signaling pathway",103,0.317633629079117,1.44073965045461,0.0298891237210298,0.146784596956202,0.118202777746909,1840,"tags=29%, list=18%, signal=24%","Robo1/Calcr/Drd2/Pde10a/Grm5/Ppp3ca/Slc24a4/Cntn2/Kctd16/Ramp3/Grk5/Ramp1/Slit3/Plcb1/Sstr4/Necab2/Met/Gpsm1/Pde3a/Atp2b4/Adrb2/Kctd8/Rgs9/Gpr158/Ulk4/Alk/Homer2/Inpp5a/Chga/Adrb1"
"GO:0007254","GO:0007254","JNK cascade",129,0.288428701994655,1.35958068357719,0.0297622766277213,0.146784596956202,0.118202777746909,2007,"tags=32%, list=20%, signal=26%","Egfr/Igf1r/Wnt7a/Rasgrp1/Sh3rf3/Mapk10/Fgf14/Hipk2/Taok1/Plcb1/Ephb1/Nfkb1/Mfhas1/Myoc/Tpd52l1/Mapk13/Fgf12/Smad3/Map4k4/Ptk2/Nlk/Ccdc88c/Fgd4/Map2k4/Dusp22/Card9/Tnik/Dab2ip/Wnt7b/Ulk4/Ripk1/Mdfic/Map3k7/Sh3rf1/Rb1cc1/Rassf2/Taok3/Mapk8ip1/Mapk6/Ncor1/Prkn"
"GO:0021543","GO:0021543","pallium development",165,0.271574273814997,1.32405652253857,0.029889800766329,0.146784596956202,0.118202777746909,2267,"tags=34%, list=22%, signal=27%","Robo1/Phactr1/Fgf13/Egfr/Prox1/Kcnq2/Tsku/Kirrel3/Pou3f2/Syne2/Lrp8/Kif26a/Nde1/Ptprs/Dab1/Plcb1/Slc32a1/Trappc9/Ncoa1/Ccdc141/Epha5/Zmiz1/Drd1/Gria1/Nkx2-1/Vps13b/Dmd/Ccdc85c/Filip1/Ogdh/Ezh2/H2ax/Atp2b4/Large1/Sema6b/Mfsd2a/Dab2ip/Ulk4/Cdh2/Kif14/Alk/Dclk2/Pals1/Gsk3b/Slit2/Srd5a2/Celf1/Srf/Efhc1/Uba6/Kcna2/Lrp6/Afdn/Bbs2/Tacc2/Gli3"
"GO:0050000","GO:0050000","chromosome localization",85,-0.328306814518187,-1.42997575916891,0.0299574932192721,0.146878971609052,0.118278775817191,2178,"tags=29%, list=21%, signal=23%","Chmp5/Nsl1/Nup98/Rb1/Chmp4b/Spice1/Iffo1/Chmp2a/Ttl/Bub3/Ska2/Abraxas1/Cdca8/Chmp7/Vps4b/Mlh1/Spc25/Chmp2b/Chmp3/Racgap1/Mis12/Chmp1b2/Brca2/Ube2b/Spdya"
"GO:0001659","GO:0001659","temperature homeostasis",118,0.289295661476197,1.34563479156278,0.0302738239025131,0.148038923953974,0.119212862854025,1920,"tags=25%, list=19%, signal=20%","Plcl1/Esrrg/Ghrl/Drd2/Acvr2b/Nova1/Ehmt1/Igf1r/Nox3/Zfp516/Adamts5/Ppargc1b/Ksr2/Pemt/Pdgfc/Drd1/Qki/Clstn3/Ntsr1/Ppargc1a/Adrb2/Smarca4/Lgr4/Hsf1/Adora1/Adrb1/Cnr1/Grb10/Fto"
"GO:1902115","GO:1902115","regulation of organelle assembly",181,-0.275448655968025,-1.33742704624524,0.030291793020285,0.148038923953974,0.119212862854025,2434,"tags=30%, list=24%, signal=24%","Yap1/Sdc4/Trim37/Pikfyve/Intu/Nf2/Ccsap/Mfn2/Chmp5/Trim32/Atg5/Lrrk2/Src/Stx18/Lcp1/Tbc1d14/Ezr/Hif1a/Chmp4b/Gsn/Spice1/Cep192/Akt1/Chmp2a/Ift20/Tmem67/Msn/Prkaa2/Chmp7/Cdkl1/Fscn1/Lrrtm2/Vps4b/G3bp1/Cript/Wipi1/Smcr8/Cyld/Dync2li1/Arf4/Snx7/Atmin/Tbc1d7/Chmp2b/Chmp3/Snx4/Kif9/Chmp1b2/Lima1/Odf2/Sptbn2/Pip4k2b/Arhgef2/Chek2/Vps11"
"GO:0001836","GO:0001836","release of cytochrome c from mitochondria",39,-0.420406984207201,-1.52869684340554,0.0307006226989287,0.149564748280008,0.120441579473009,2504,"tags=46%, list=24%, signal=35%","Ghitm/Mcl1/Opa1/Parl/Mfn2/Hgf/Ggct/Ppif/Akt1/Sod2/Pdcd5/Cck/Mllt11/Fam162a/Bok/Tnfsf10/Higd1a/Bnip3"
"GO:0019233","GO:0019233","sensory perception of pain",58,0.363481743219609,1.47782680201791,0.0308014531111303,0.149564748280008,0.120441579473009,2061,"tags=34%, list=20%, signal=28%","Kcnd2/Grm8/Pawr/Cacna1e/Mmp24/Dlg2/Penk/Ephb1/Oprk1/Pomk/Fyn/Bace1/Grin2b/Ntsr1/Retreg1/Adora1/Fto/Trpv1/Mme/Kcnip3"
"GO:0045921","GO:0045921","positive regulation of exocytosis",63,0.348609543144385,1.44690432237049,0.0308014531111303,0.149564748280008,0.120441579473009,862,"tags=19%, list=8%, signal=18%","Cftr/Syt10/Cacna1h/Smpd3/Nlgn1/Cacna1g/Scamp5/Syt1/Cacna1d/Pla2g6/Doc2b/Cacna1i"
"GO:0048562","GO:0048562","embryonic organ morphogenesis",187,0.266190215484415,1.30923791425374,0.0307434505824813,0.149564748280008,0.120441579473009,2573,"tags=32%, list=25%, signal=24%","Chd7/Kcnq1/Dscaml1/Six3/Asxl2/Chst11/Prox1/Ccdc103/Sox11/Sobp/Arid1a/Ntn1/Hipk2/Atp2b2/Tcf7l2/Kdm2a/Smad3/Tead1/Bmp7/Rnf207/Sp3/Tshz1/Eya1/Wnt9a/Pou3f4/Dlx5/Notch2/Ush1c/Enpp1/Arl13b/Whrn/Smarca4/Bcr/Acvr1/Tgfb2/Mfap5/Celsr1/Ndst1/Mafb/Zeb1/Rarb/Dync2i1/Ptk7/Cep290/Ephb2/Wnt11/Srf/Mmp16/Lrp6/Gli3/Pax6/Myo3a/Nectin1/Rdh10/Clic5/Sufu/Pcgf2/Myo3b/Atp8a2"
"GO:0002793","GO:0002793","positive regulation of peptide secretion",101,0.315881762457699,1.43228466238099,0.0308937083762804,0.149772698208208,0.120609037500999,820,"tags=19%, list=8%, signal=17%","Cftr/Ghrl/Chrm3/Abcg1/Drd2/Egfr/Cckbr/Capn10/Pex5l/Itpr1/Cacna1c/Plcb1/Cask/Prkd1/Tcf7l2/Cacna1d/Arhgef7/Pla2g6/Doc2b"
"GO:0002021","GO:0002021","response to dietary excess",24,0.465377669073881,1.50947399646962,0.0310534077378062,0.150306430424206,0.121038841661737,2490,"tags=50%, list=24%, signal=38%","Cntn2/Cntnap2/Rasal2/Enpp1/Ppargc1a/Adrb2/C1qtnf4/Adrb1/Trpv1/Appl2/Clic5/Oma1"
"GO:0009408","GO:0009408","response to heat",62,-0.363140987192822,-1.47987980536986,0.0311370569174826,0.150470944912236,0.12117132197553,2337,"tags=45%, list=23%, signal=35%","Cetn1/Hspa8/Ywhae/Sumo1/Trpa1/Pdcd6/Dnaja2/Casq1/Akt1/Dnajb1/Mapt/Hspa2/Dnaja4/Eif2b5/Gclc/Nf1/Sod1/Bag3/Chordc1/Atxn3/Trpm2/Trp53inp1/Myof/Eif2b2/Nos1/Hsbp1/Hikeshi/Eif2b1"
"GO:0000381","GO:0000381","regulation of alternative mRNA splicing, via spliceosome",47,0.381134254540359,1.45732011570848,0.0313223965419914,0.151125575672347,0.121698483379712,3152,"tags=57%, list=31%, signal=40%","Nova1/Mbnl2/Celf2/Rbfox1/Rbm5/Rbfox2/Ddx17/Rbfox3/Celf5/Rbmxl1/Mbnl1/Rbm24/Ptbp1/Thrap3/Rbpms/Hnrnpu/Celf1/Celf6/Rbm20/Fmr1/Khdrbs1/Tia1/Khdrbs2/Wtap/Dyrk1a/Tra2b/Celf3"
"GO:0050714","GO:0050714","positive regulation of protein secretion",118,0.288774306974958,1.34320975431188,0.0315552438875498,0.152006977709501,0.122408259277618,2118,"tags=31%, list=21%, signal=24%","Cftr/Ghrl/Chrm3/Abcg1/Egfr/Vegfc/Capn10/Itpr1/Cacna1c/Plcb1/Frmd4a/Cask/Tcf7l2/Cacna1d/Ep300/Pla2g6/Doc2b/Adora2a/Prkce/Arf6/Sybu/Adam9/Gpr68/Sox4/Myo18a/Ptbp1/Tgfb2/Apbb1/Fto/Vsnl1/Tardbp/Prkn/Tmem132a/Ttn/Myh10/Igf1"
"GO:0007035","GO:0007035","vacuolar acidification",20,-0.491341432315042,-1.50262121818194,0.0321330588705376,0.153812272318687,0.123862027873794,1276,"tags=35%, list=12%, signal=31%","Atp6v1b2/Clic4/Cln5/Tmem9/Lamp2/Ppt1/Creg1"
"GO:0051606","GO:0051606","detection of stimulus",100,0.316446111977965,1.42965426108012,0.0321038401348567,0.153812272318687,0.123862027873794,1188,"tags=22%, list=12%, signal=20%","Asic2/Kcnq1/Cadm1/Pjvk/Slc24a4/Grm8/Kcnk2/Nox3/Pawr/Mmp24/Syt1/Ephb1/Atp2b2/Cep250/Fyn/Ccdc66/Bace1/Grin2b/Dach1/Kcnk3/Ano3/Ntsr1"
"GO:0033559","GO:0033559","unsaturated fatty acid metabolic process",53,-0.359929171968596,-1.4214887783787,0.0321330588705376,0.153812272318687,0.123862027873794,3435,"tags=42%, list=34%, signal=28%","Acox1/Cyp2d22/Gpx1/Cyp1b1/Akr1b1/Alox5/Mif/Fads1/Edn1/Decr2/Gpx4/Pnpla8/Ephx2/Ptgr2/Mgst3/Tnfrsf1a/Hpgds/Fabp5/Ptges3/Comt/Gstp3/Ptgs1"
"GO:0071347","GO:0071347","cellular response to interleukin-1",48,0.366002699380002,1.40789360334133,0.0321101274625731,0.153812272318687,0.123862027873794,1034,"tags=23%, list=10%, signal=21%","St18/Rps6ka5/Rc3h1/Saa3/Plcb1/Rbmxl1/Nfkb1/Ep300/Mapk13/Rora/Tank"
"GO:1905037","GO:1905037","autophagosome organization",94,-0.326424414228946,-1.44288000479574,0.0325149836478141,0.155394953395705,0.125136530127234,2496,"tags=34%, list=24%, signal=26%","Ap5z1/Rab43/Pikfyve/Wdr45b/Mfn2/Trim32/Atg5/Lrrk2/Atg101/Tbc1d14/Rab23/Ulk2/Atg4b/Traf6/Wipi2/Ift20/Map1lc3a/Ctsd/Tmem41b/Synpo2/Trp53inp1/Wipi1/Smcr8/Ubxn2a/Snx7/Snx4/Gabarapl1/Gabarapl2/Pik3c2b/Pip4k2b/Ubxn2b/Chek2"
"GO:0035335","GO:0035335","peptidyl-tyrosine dephosphorylation",22,0.485358715789607,1.5290187499128,0.0326311842976655,0.155406894776279,0.125146146288489,1410,"tags=45%, list=14%, signal=39%","Ptprf/Ptprs/Ptpro/Epm2a/Ptprt/Ptpn6/Ubash3b/Ptprz1/Ptpn13/Dusp22"
"GO:0045058","GO:0045058","T cell selection",28,0.4472525858992,1.51934225038172,0.0326311842976655,0.155406894776279,0.125146146288489,2267,"tags=39%, list=22%, signal=31%","Bcl11b/Bcl2/Nfatc3/Ep300/Itpkb/Tox/Cd74/Ptprc/Srf/Mtor/Gli3"
"GO:0046320","GO:0046320","regulation of fatty acid oxidation",27,-0.442954127710481,-1.48904800165042,0.0327226398901869,0.155406894776279,0.125146146288489,943,"tags=37%, list=9%, signal=34%","Akt2/Akt1/Ppard/Tysnd1/Pdk4/Dbi/Acadl/Cpt1a/Klhl25/Abcb11"
"GO:0031102","GO:0031102","neuron projection regeneration",53,0.352821143252794,1.39025467267335,0.032697507842986,0.155406894776279,0.125146146288489,1663,"tags=30%, list=16%, signal=25%","Epha4/Bcl2/Igf1r/Ntrk3/Tnc/Ptprf/Ptprs/Pum2/Neo1/Matn2/Map4k4/Chl1/Grn/Enpp1/Inpp5f/Tnr"
"GO:0032006","GO:0032006","regulation of TOR signaling",116,-0.304552473309301,-1.39216321378869,0.0328081962355345,0.15556938121075,0.125276993450241,2035,"tags=29%, list=20%, signal=24%","Pdcd6/Src/Szt2/Hif1a/Xbp1/Zmpste24/Sar1b/Bmal1/Ddit4/Akt1/Ube2d1/Rragc/Atxn3/Itfg2/Dyrk3/Prkaa2/Tnfaip8l1/Tsc2/Otub1/Ywhaz/Smcr8/Endog/Tbc1d7/Lars1/Tbk1/Ogt/Mios/Sec13/Sesn1/Rps6kb1/Npc1/Shq1/Kdr/Mat2a"
"GO:0006690","GO:0006690","icosanoid metabolic process",46,-0.376892051552879,-1.44379380164085,0.0329162649782945,0.155837942006613,0.125493260229748,3435,"tags=43%, list=34%, signal=29%","Acox1/Cyp2d22/Gpx1/Cyp1b1/Akr1b1/Alox5/Mif/Fads1/Edn1/Gpx4/Pnpla8/Ptgr2/Mgst3/Tnfrsf1a/Hpgds/Fabp5/Ptges3/Comt/Gstp3/Ptgs1"
"GO:0032964","GO:0032964","collagen biosynthetic process",38,-0.409414238684458,-1.48768719799079,0.0335816803769963,0.158740236415443,0.127830421403855,1854,"tags=37%, list=18%, signal=30%","Larp6/Got1/Col1a1/Errfi1/Adora2b/Cygb/Fn1/Ppard/Inhba/Rgcc/P3h3/Vim/Acvr1b/Ccn2"
"GO:1990573","GO:1990573","potassium ion import across plasma membrane",30,0.428086703688974,1.48679446258689,0.0337693738596224,0.15929432167605,0.128276615475103,1871,"tags=37%, list=18%, signal=30%","Kcnq1/Kcne2/Kcnj12/Kcnd3/Kcnk9/Wnk2/Kcnj6/Atp1b1/Kcnk5/Atp1a1/Hcn4"
"GO:0060048","GO:0060048","cardiac muscle contraction",79,0.334596057161037,1.44334049345984,0.0338040425206931,0.15929432167605,0.128276615475103,1871,"tags=32%, list=18%, signal=26%","Kcnq1/Fgf13/Sgcd/Cacna1h/Kcne2/Kcnd3/Cacna1c/Akap9/Agrn/Cacna1d/Hdac4/Met/Cacnb2/Dmd/Scn2b/Atp1b1/Rnf207/Ank2/Slc8a1/Cacna2d1/Adora1/Chga/Adrb1/Atp1a1/Hcn4"
"GO:1904356","GO:1904356","regulation of telomere maintenance via telomere lengthening",46,-0.37428750588773,-1.43381633761119,0.0341024051600132,0.160450757196956,0.129207870482038,2087,"tags=30%, list=20%, signal=24%","Naf1/Src/Tnks/Exosc10/Nat10/Ten1/Cct2/Map3k4/Prkcq/Ctc1/Slx4/Cct8/Ptges3/Hnrnpa2b1"
"GO:0048167","GO:0048167","regulation of synaptic plasticity",193,0.262593850383957,1.30101685118784,0.0344683140986106,0.161920917393473,0.130391761861411,1494,"tags=23%, list=15%, signal=20%","Epha4/Drd2/Grm5/Dbn1/Ptpn5/Cntn2/Unc13c/Kcnq2/Nlgn1/Adgrb1/Pde9a/Fgf14/Shisa9/Penk/Grid2/Sorcs2/Gnal/Itpka/Atp2b2/Slc8a3/Drd1/Gria1/Adora2a/Akap5/Bace1/Drd5/Crtc1/Nptn/Sorcs3/Syngr1/Shisa6/Ctnnd2/Grin2b/Nr3c1/Jph3/Chrd/Adcy1/Grip1/Kcnb1/Kcnq3/Enpp1/Large1/Kmt2a/Bdnf"
"GO:0021697","GO:0021697","cerebellar cortex formation",24,0.455664956939061,1.47797036538246,0.035357708417437,0.165841883134418,0.133549239223756,1468,"tags=42%, list=14%, signal=36%","Foxp2/Prox1/Wnt7a/Nrxn1/Grid2/Atp2b2/Rora/Faim2/Whrn/Ldb1"
"GO:0030041","GO:0030041","actin filament polymerization",107,0.294495074075438,1.34782693759937,0.035507545412756,0.166287268316307,0.133907899238214,2178,"tags=28%, list=21%, signal=22%","Pecam1/Nck2/Dbn1/Fhod3/Prkcd/Cracd/Tenm1/Svil/Add3/Coro7/Prex1/Prkce/Kank4/Arf6/Gas7/Lats1/Spire2/Capza2/Mtss1/Vill/Kirrel1/Eps8/Daam2/Cyfip2/Add1/Slit2/Grb2/Ssh2/Abl1/Mtor"
"GO:0045582","GO:0045582","positive regulation of T cell differentiation",63,0.342206369599578,1.42032794297679,0.0356807427048021,0.166840509869676,0.134353413888452,2273,"tags=40%, list=22%, signal=31%","Foxo3/Arid1a/Rasgrp1/Sox12/Ambra1/Sox13/Ep300/Zmiz1/Socs1/Ap3d1/Arid2/Itpkb/Egr3/Sox4/Rhoh/Smarca4/Pbrm1/Cd74/Sash3/Ptprc/Pik3r6/Smarcd2/Irf1/Gli3/Nfkbiz"
"GO:0042490","GO:0042490","mechanoreceptor differentiation",70,0.340075723714919,1.43639773936532,0.0360958651693668,0.168521527678245,0.135707104797003,779,"tags=14%, list=8%, signal=13%","Otog/Kcnq1/Ush2a/Gabra5/Pjvk/Ntrk3/Gabrb3/Tsku/Atp2b2/Cux1"
"GO:0090199","GO:0090199","regulation of release of cytochrome c from mitochondria",29,-0.443472582530787,-1.51509049394873,0.0363839599948725,0.169084967460834,0.136160831882652,2504,"tags=45%, list=24%, signal=34%","Ghitm/Opa1/Parl/Mfn2/Hgf/Ppif/Akt1/Pdcd5/Mllt11/Fam162a/Tnfsf10/Higd1a/Bnip3"
"GO:0007631","GO:0007631","feeding behavior",79,0.333327299210934,1.43786747700735,0.0363795135130511,0.169084967460834,0.136160831882652,2399,"tags=37%, list=23%, signal=28%","Ghrl/Drd2/Slc24a4/Cntn2/Hcrtr2/Htr2c/Negr1/Gls/Oprk1/Phf21a/Tacr1/Drd1/Adora2a/Nkx2-1/Grm7/Grin2b/Dach1/Gigyf2/Bdnf/C1qtnf4/Bbip1/Aplp2/Cnr1/Fto/Crhr2/Mtor/Npb/Crhr1/Mmp17"
"GO:0006112","GO:0006112","energy reserve metabolic process",67,-0.350247602332703,-1.43710014173991,0.0363839599948725,0.169084967460834,0.136160831882652,1815,"tags=28%, list=18%, signal=23%","Akt2/Gaa/Akt1/Mrap2/Gfpt1/Wipi2/Pygb/Nhlrc1/Wipi1/Slc37a4/S100b/Gabarapl1/Insr/Ptges3/Pgm1/Comt/Inpp5k/Pgm2/Ugp2"
"GO:0061077","GO:0061077","chaperone-mediated protein folding",52,-0.374954311893122,-1.46916310871455,0.0366191427565486,0.169657496257404,0.136621878174279,2557,"tags=40%, list=25%, signal=30%","Pex19/Cct4/Hspa13/Hspa8/Hspa9/Pdia4/St13/Hspe1-rs1/Dnajb1/Cct2/Hspa2/Tor2a/Dffa/Chordc1/Tor1a/Pdcd5/Dnajb6/Dnajb14/Bag1/Cct8/Ptges3"
"GO:0097479","GO:0097479","synaptic vesicle localization",52,0.359986745748814,1.41610854153789,0.0366035814837752,0.169657496257404,0.136621878174279,2314,"tags=38%, list=23%, signal=30%","Pcdh17/Nlgn1/Syn3/Nrxn1/Ap1s2/Syndig1/Borcs5/Magi2/Pclo/Ap3d1/Dnm3/Bsn/Cdh2/Lin7a/Kif1b/Map2/Bloc1s4/Kif5c/Madd/Ap3s2"
"GO:0042440","GO:0042440","pigment metabolic process",49,-0.369233625245864,-1.42184960426246,0.0367514747422955,0.170010638884207,0.136906257055269,2853,"tags=39%, list=28%, signal=28%","Hnf1a/Gipc1/Ppox/Pgrmc1/Bdh2/Appl1/Myo5a/Uros/Blvra/Ireb2/Alas1/Srrd/Tmem14a/Cpox/Tmem14c/Ddt/Snx3/Slc24a5/Lct"
"GO:0003007","GO:0003007","heart morphogenesis",181,0.265785776726438,1.30367760603008,0.0368529995891428,0.170220409687657,0.137075181398641,2407,"tags=32%, list=23%, signal=25%","Robo1/Chd7/Asxl2/Ncor2/Ext1/Prox1/Ccdc103/Sox11/Adamts5/Flrt2/Slit3/Smad6/Kdm2a/Zmiz1/Bmpr2/Robo2/Smad3/Tead1/Bmp7/Rnf207/Col5a1/Arid2/Eya1/Mrtfb/Notch2/Fzd1/Rnls/Arl13b/Slc8a1/Axin2/Tgfbr3/Sox4/Bmpr1a/Smarca4/Dhrs3/Pbrm1/Acvr1/Tgfb2/Lemd2/Fkrp/Rxra/Fgfrl1/Ankrd11/Ccm2l/Nfatc1/Ttn/Slit2/Cplane2/Wnt11/Hey2/Srf/Lrp2/Mtor/Lrp6/Uty/Tnnc1/Bmp5/Rbm20"
"GO:0034440","GO:0034440","lipid oxidation",77,-0.32908652333694,-1.40430409272928,0.0370836118589637,0.171024876609833,0.137723002946532,2824,"tags=40%, list=28%, signal=29%","Acaa1b/Pex13/Alox5/Dgat2/Bdh2/Mapk14/Abcc9/Adipor1/Sesn2/Phyh/Decr1/Akt2/Hacl1/Akt1/Etfdh/Pex5/Pla2g7/Cygb/Ppard/Tysnd1/Hadha/Pdk4/Dbi/Acadl/Cpt1a/Slc25a17/Eci3/Klhl25/Abcb11/Scp2/Crat"
"GO:0007043","GO:0007043","cell-cell junction assembly",74,0.325075776972734,1.39470909211514,0.037509237108116,0.172724906440109,0.139092003865962,2361,"tags=39%, list=23%, signal=30%","Cdh4/Cdh6/Pecam1/Nfasc/Cdh22/Cntnap2/Pard3/Abi2/Ptpro/Cdh9/Cdh18/Cdh20/Pkn2/Tbcd/Cdh2/Fkrp/Cdh10/Cdh15/Vcl/Cdh7/Ephb2/Wnt11/Srf/Afdn/Zfp703/Pmp22/Patj/Cdh8/Tjp1"
"GO:0031529","GO:0031529","ruffle organization",39,-0.415055031531443,-1.50923590800525,0.0378999583279922,0.174259292464061,0.140327615053568,976,"tags=23%, list=10%, signal=21%","Cyfip1/Aif1l/Def8/Fam98a/Csf1r/Lima1/Plekha1/Pfn2/Inpp5k"
"GO:0003203","GO:0003203","endocardial cushion morphogenesis",22,0.477990718434686,1.50580745126195,0.0387303075038312,0.177807320813043,0.143184773195982,2392,"tags=41%, list=23%, signal=31%","Robo1/Adamts5/Robo2/Bmp7/Bmpr1a/Acvr1/Tgfb2/Cplane2/Bmp5"
"GO:0044042","GO:0044042","glucan metabolic process",62,-0.35954083301002,-1.4652083811593,0.0388469753421501,0.178073124488222,0.143398819719888,1815,"tags=29%, list=18%, signal=24%","Akt2/Gaa/Akt1/Gfpt1/Wipi2/Pygb/Nhlrc1/Wipi1/Slc37a4/Gabarapl1/Insr/Ptges3/Pgm1/Comt/Inpp5k/Npc1/Pgm2/Ugp2"
"GO:0048705","GO:0048705","skeletal system morphogenesis",139,0.272013231668658,1.29489433806302,0.0389549892878721,0.178298515924853,0.143580323054997,1852,"tags=27%, list=18%, signal=23%","Dscaml1/Mef2d/Acvr2b/Asxl2/Chst11/Ext1/Smpd3/Col13a1/Sox11/Wnt7a/Ppargc1b/Chsy1/Bmpr2/Sh3pxd2b/Smad3/Bmp7/Sox6/Bmp6/Ski/Foxn3/Arid5b/Eya1/Wnt9a/Dlx5/Enpp1/Barx2/Axin2/Pkd1/Dhrs3/Tgfb2/Ndst1/Csgalnact1/Lrp5/Zeb1/Rarb/Bpnt2/Sulf1/Dync2i1"
"GO:0019934","GO:0019934","cGMP-mediated signaling",22,0.476665745989982,1.50163340916656,0.0393402210998743,0.178471083223764,0.143719288140589,1654,"tags=45%, list=16%, signal=38%","Pde10a/Prkg1/Htr2c/Adnp/Gucy1a2/Gucy1a1/Pde3a/Atp2b4/Kcnc2/Mtnr1b"
"GO:0006414","GO:0006414","translational elongation",59,-0.36778383334679,-1.47659610453446,0.0392587848249201,0.178471083223764,0.143719288140589,2215,"tags=27%, list=22%, signal=21%","Tcf25/Gfm1/Usp16/Saysd1/Srp9/Rnf14/Klhdc10/Abce1/Rplp2/Eef2k/Eef1a1/Mettl18/Eef1b2/Eif4a3/Ufsp2/Ltn1"
"GO:0042775","GO:0042775","mitochondrial ATP synthesis coupled electron transport",58,-0.368574440473414,-1.47206644416955,0.0392850767856048,0.178471083223764,0.143719288140589,2223,"tags=40%, list=22%, signal=31%","Ndufa10/Coa6/Ndufb9/Cox4i1/mt-Nd6/Cox7b2/Uqcrh/Ndufs3/Uqcr11/Sdhb/Ndufa12/Sdhd/Uqcr10/Cycs/Ndufs1/Ndufs6/Uqcrc1/Ndufa8/Ndufv3/Park7/Uqcrb/Dld/Coq7"
"GO:0098815","GO:0098815","modulation of excitatory postsynaptic potential",48,0.357731672500395,1.37607764718421,0.0393122085797806,0.178471083223764,0.143719288140589,2865,"tags=44%, list=28%, signal=32%","Dbn1/Nlgn1/Wnt7a/Cux2/Nrxn1/Slc8a3/Gria1/Grin2b/Pclo/Nlgn4l/Adrb2/Gsk3b/Prkn/Grip2/Mtmr2/Afdn/Slc8a2/Grin1/Rims2/Grik2/Rims1"
"GO:0043502","GO:0043502","regulation of muscle adaptation",71,0.325335447411632,1.37423623194151,0.0391528214466752,0.178471083223764,0.143719288140589,1115,"tags=24%, list=11%, signal=21%","Foxo3/Foxp1/Foxo1/Ppp3ca/Pde9a/Adk/Gtf2ird1/Nfatc3/Ep300/Hdac4/Smad3/Dmd/Tead1/Ptk2/Igfbp5/Ctdp1/Nr3c1"
"GO:0061351","GO:0061351","neural precursor cell proliferation",157,0.267740643909203,1.29453601215276,0.039346100195866,0.178471083223764,0.143719288140589,2691,"tags=34%, list=26%, signal=25%","Foxo3/Drd2/Fgf13/Six3/Foxo1/Dbn1/Ncor2/Prox1/Ntrk3/Vegfc/Plxnb2/Tafa1/Wnt7a/Pou3f2/Cntnap2/Pde9a/Nde1/Ephb1/Rora/Sirt2/Zfp503/Ptprz1/Ptbp2/Grn/Tox/Disp3/Bdnf/Spint2/Wnt7b/Cdh2/Kif14/Eml1/Nfia/Rarb/Rsu1/Ankrd11/Igf1/Lrp2/Appl2/Lrp6/Afdn/Tacc2/Gli3/Pax6/Igf2bp1/Btg2/Zfp423/Nbn/Rapgef1/Fgfr3/Gpr37l1/Ryk/Lnx2"
"GO:0060074","GO:0060074","synapse maturation",39,0.401453809044239,1.489858989632,0.0394587730010946,0.178714622112581,0.143915405265577,1889,"tags=31%, list=18%, signal=25%","Nrg2/Dlgap4/Adgrb3/Nlgn1/Nrxn1/Dab1/Robo2/Sybu/Erbb4/Dab2ip/Nfia/Fgf22"
"GO:0033500","GO:0033500","carbohydrate homeostasis",198,0.255301878816895,1.27012350689522,0.0400274179481754,0.18101951698951,0.145771492229176,2415,"tags=32%, list=24%, signal=25%","Cftr/Zbtb20/Adcy5/Foxo3/Ghrl/Abcg1/Wfs1/Hnf4a/Foxo1/Ncor2/Ppp3ca/Igf1r/Klf7/Cacna1c/Cacna1e/Oprk1/Csmd1/Cebpa/Mbd5/Tcf7l2/Cacna1d/Epha5/Ptprn/Pla2g6/Met/Stxbp5l/Smad3/Map4k4/Abca12/Prkce/Igfbp5/Sybu/Bace2/Kcnb1/Gpr68/Enpp1/Pde1c/Brsk2/Sox4/Smarca4/Stxbp4/Ncoa5/Mtnr1b/Lrp5/Rab11fip5/Tiam1/Cnr1/Fto/Vsnl1/Prkn/Gas6/Crhr2/Igf1/Jagn1/Srf/Appl2/Pax6/Dmxl2/Sesn3/Tjp1/Nox4/Adcy8/Pygl"
"GO:0042476","GO:0042476","odontogenesis",78,0.31706682651765,1.36618219677036,0.0405393664530548,0.183061520644942,0.147415878011108,1660,"tags=26%, list=16%, signal=22%","Cftr/Bcl11b/Ank/Acvr2b/Foxo1/Slc24a4/Smpd3/Tnc/Bcor/Acvr2a/Tcf7l2/Tspear/Bmp7/Fam20c/Enpp1/Axin2/Bmpr1a/Wnt7b/Chuk/Lrp4"
"GO:2000243","GO:2000243","positive regulation of reproductive process",56,0.347993968440485,1.39667409067458,0.0407252628999447,0.183627301468501,0.147871490291466,1199,"tags=25%, list=12%, signal=22%","Cftr/Cacna1h/Unc5c/Smurf2/Igf1r/Sema3a/Eif4g3/Plcb1/Lfng/Hdac4/Tacr1/Sirt2/Pde3a/Fbxo5"
"GO:0003205","GO:0003205","cardiac chamber development",122,0.297523263480321,1.39074793407972,0.0418892635037538,0.188595049652859,0.151871921172599,2946,"tags=43%, list=29%, signal=31%","Robo1/Chd7/Prox1/Kcnk2/Sox11/Arid1a/Slit3/Lmo4/Smad6/Bmpr2/Robo2/Matr3/Bmp7/Hectd1/Ank2/Notch2/Fzd1/Rnls/Tgfbr3/Sox4/Bmpr1a/Smarca4/Dhrs3/Acvr1/Tgfb2/Ndst1/Rxra/Fgfrl1/Greb1l/Ptk7/Ccm2l/Nfatc1/Slit2/Myh10/Wnt11/Hey2/Srf/Lrp2/Lrp6/Tnnc1/Cntrl/Bmp5/Sufu/Ltbp1/Parva/Egln1/Ly6e/Ahr/Luzp1/Trip11/Smarcd3/Fzd2"
"GO:0016482","GO:0016482","cytosolic transport",103,-0.307268780790678,-1.37506593559151,0.0421192871625601,0.189068800151937,0.152253423224662,2795,"tags=38%, list=27%, signal=28%","Mapk8/Rnf126/Vti1b/Snx6/Vps53/Ap5z1/Pikfyve/Vamp3/Slc30a6/Lrrk2/Tbc1d10a/Arfrp1/Stx16/Tbc1d14/Golt1b/Sort1/Rab29/Rufy1/Eps15/Stx6/Rab6a/Cln5/Plekha3/Snx12/Heatr5a/Rab9/Wipi1/Vps29/Cltc/Rbsn/Pheta1/Rab14/Ankfy1/Tpcn2/Ap1ar/Snx3/Dctn1/Snx1/Vps35"
"GO:0050679","GO:0050679","positive regulation of epithelial cell proliferation",142,0.273217450027118,1.30874040195227,0.042097061229206,0.189068800151937,0.152253423224662,2603,"tags=34%, list=25%, signal=26%","Foxp2/Ghrl/Foxp1/Egfr/Prox1/Vegfc/Sox11/Wnt7a/Itpr1/Phip/Ccnd2/Plcg1/Prkd1/Tcf7l2/Ptprn/Tacr1/St8sia1/Jcad/Mta3/Akt3/Bmp6/Grn/Erbb4/Eya1/Dlx5/Notch2/Egr3/Bmpr1a/Stxbp4/Dab2ip/Htra1/Nrarp/Ar/Pold4/Pkhd1/Igf1/Cyp7b1/Mtor/Vash2/Col18a1/Sema5a/Zfp703/Bmp5/Fgf18/Pdcl3/Tnfaip3/Prkca/Fgfr3"
"GO:0051384","GO:0051384","response to glucocorticoid",85,0.310207737985696,1.34837703393757,0.042355734405312,0.189848927881798,0.152881644894913,1988,"tags=31%, list=19%, signal=25%","Foxo3/Calcr/Bcl2/Igfbp2/Smyd3/Foxo1/Egfr/Slit3/Ep300/Sstr4/Nr3c2/Bmp6/Nr3c1/Maob/Pappa/Adam9/Axin2/Cpn1/Fkrp/Rxra/Gba1/Glb1/Zfp764l1/Sstr3/Hnrnpu/Gsk3b"
"GO:0022900","GO:0022900","electron transport chain",81,-0.326612630673355,-1.40345741169765,0.0429967723117801,0.192178752733006,0.154757807481364,2672,"tags=43%, list=26%, signal=32%","Uqcrq/Fdx2/Enox2/Etfrf1/Ndufb3/Cox7a2/Ndufa10/Coa6/Ndufb9/Cox4i1/mt-Nd6/Sco2/Cox7b2/Uqcrh/Etfdh/Ndufs3/Uqcr11/Fdx1/Sod2/Sdhb/Ndufa12/Sdhd/Uqcr10/Pm20d1/Cycs/Ndufs1/Ndufs6/Uqcrc1/Ndufa5/Ndufa8/Ndufv3/Park7/Uqcrb/Dld/Coq7"
"GO:0014013","GO:0014013","regulation of gliogenesis",85,0.309467017539156,1.34515735139461,0.0430023743739201,0.192178752733006,0.154757807481364,1323,"tags=24%, list=13%, signal=21%","Tenm4/Egfr/Ntrk3/Atxn1/Vegfc/Sox11/Zcchc24/Ntn1/Ptpra/Dab1/Qki/Sirt2/Ptk2/Ski/Sox8/Ptprz1/Idh2/Ezh2/Lingo1/Prpf19"
"GO:0002691","GO:0002691","regulation of cellular extravasation",22,0.472387749378999,1.48815649648845,0.0436096211308596,0.193749489774934,0.15602269143592,588,"tags=27%, list=6%, signal=26%","Pecam1/Pawr/Pdgfd/Fut9/St3gal4/Plcb1"
"GO:0035725","GO:0035725","sodium ion transmembrane transport",106,0.302401268052713,1.38142409234887,0.043555347112626,0.193749489774934,0.15602269143592,1360,"tags=25%, list=13%, signal=21%","Asic2/Cftr/Kcnq1/Fgf13/Slc24a4/Kcnq2/Ano6/Fgf14/Plcb1/Kcnk9/Slc6a6/Agrn/Slc5a1/Ank3/Slc8a3/Wnk2/Fgf12/Dmd/Scn2b/Atp1b1/Nalcn/Kcnk3/Asic4/Atp2b4/Scn8a/Slc8a1"
"GO:0043542","GO:0043542","endothelial cell migration",159,0.271265747435598,1.31721568185839,0.0435464683014194,0.193749489774934,0.15602269143592,2252,"tags=29%, list=22%, signal=23%","Robo1/Foxp1/Smoc2/Dcn/Pecam1/Pik3r3/Prox1/Vegfc/Wnt7a/Adgrb1/Hspb1/Bmper/Bcas3/Plcg1/Ptp4a3/Prkd1/Sash1/Amotl1/Met/Jcad/Fstl1/Nr2f2/Ptk2/Akt3/Tns3/Grn/Ets1/Egr3/Atp2b4/Tgfbr3/Pik3c2a/Ptprm/Dab2ip/Atoh8/Itgb1bp1/Efnb2/Fbxw7/Map3k3/Slit2/Igf1/Hdac9/Srf/Abl1/Col18a1/Calr/Sema5a"
"GO:0046777","GO:0046777","protein autophosphorylation",139,0.271042569676142,1.29027358961423,0.0434620808447188,0.193749489774934,0.15602269143592,2624,"tags=37%, list=26%, signal=28%","Epha4/Egfr/Igf1r/Vegfc/Grk5/Eif2ak1/Cdkl5/Aatk/Mark3/Ephb1/Prkd1/Wnk2/Fyn/Rad50/Met/Peak1/Htatip2/Ptk2/Nlk/Erbb4/Epha7/Nek6/Enpp1/Mob1b/Tnik/Ripk1/Ros1/Alk/Ephb3/Ptprc/Rassf2/Stk10/Taok3/Gsk3b/Tyro3/Map3k3/Vrk1/Eif2ak3/Abl1/Mtor/Rap2c/Ulk1/Map3k13/Myo3a/Vrk2/Nbn/Ulk3/Myo3b/Prkca/Nek10/Ddr2"
"GO:1903539","GO:1903539","protein localization to postsynaptic membrane",61,0.338165630496655,1.39133529233411,0.0437089798789912,0.193906601805773,0.156149210695078,2008,"tags=38%, list=20%, signal=31%","Nrxn3/Cnih3/Kalrn/Gpc6/Mapk10/Cacng2/Cacna2d2/Dlg2/Nbea/Cacng3/Lhfpl4/Gpc4/Magi2/Rapsn/Erbb4/Grip1/Lrrc7/Gphn/Tnik/Neto2/Epb41l1/Gsk3b/Grip2"
"GO:0032092","GO:0032092","positive regulation of protein binding",57,0.346003527702161,1.38997311900625,0.0437992876886585,0.194023160375198,0.156243073041413,2192,"tags=37%, list=21%, signal=29%","Plcl1/B2m/Hipk2/Mark3/Aktip/Tcf7l2/Lfng/Agrn/Arhgef7/Ep300/Ip6k2/Bdnf/Dtx3l/Tiam1/Gsk3b/Prkn/Add1/Tmem132a/Eif2ak3/Abl1/Ephb6"
"GO:0051147","GO:0051147","regulation of muscle cell differentiation",103,0.304476216716127,1.38105955378569,0.0444869967744523,0.195923837538649,0.157773651351255,2199,"tags=36%, list=21%, signal=29%","Foxp1/Bcl2/Prox1/Ccnd2/Rbm38/Pias1/Rcan1/Prkd1/Nfatc3/Ep300/Bmpr2/Lama1/Hdac4/Setd3/Smad1/Sox6/Ctdp1/Nr3c1/Ezh2/Notch2/Rbm24/Bmpr1a/Bhlhe41/Ptbp1/Bdnf/Epc1/Zeb1/Ankrd17/Adrb1/Efnb2/Gsk3b/Nfatc1/Igf1/Hdac9/Hey2/Mtor/Tshz3"
"GO:0106106","GO:0106106","cold-induced thermogenesis",95,0.297331065880855,1.32586477316117,0.0444869967744523,0.195923837538649,0.157773651351255,1526,"tags=21%, list=15%, signal=18%","Plcl1/Esrrg/Ghrl/Acvr2b/Nova1/Ehmt1/Igf1r/Zfp516/Adamts5/Ppargc1b/Ksr2/Pemt/Pdgfc/Qki/Clstn3/Ppargc1a/Adrb2/Smarca4/Lgr4/Hsf1"
"GO:0099072","GO:0099072","regulation of postsynaptic membrane neurotransmitter receptor levels",135,0.279864041724025,1.32533277988998,0.0444131110601394,0.195923837538649,0.157773651351255,2048,"tags=35%, list=20%, signal=28%","Grid1/Nrxn3/Cnih3/Kalrn/Cntnap2/Gpc6/Mapk10/Cacng4/Cacng2/Cacna2d2/Dlg2/Grid2/Gsg1l/Nbea/Cacng3/Sirt2/Akap5/Lhfpl4/Gpc4/Drd5/Magi2/Shisa6/Ctnnd2/Rapsn/Erbb4/Grip1/Dnm3/Rnf216/Lrrc7/Hip1/Gphn/Tnik/Tspan7/Neto2/Susd4/Flot2/Rabep1/Eps8/Ppfia1/Rab11fip5/Epb41l1/Efnb2/Gsk3b/Prkn/Grip2/Iqsec1/Inpp4a"
"GO:0045860","GO:0045860","positive regulation of protein kinase activity",184,0.258661888087694,1.2705787495551,0.0444131110601394,0.195923837538649,0.157773651351255,2178,"tags=27%, list=21%, signal=22%","Epha4/Robo1/Adra2c/Egfr/Prox1/Ntrk3/Vegfc/Prkcd/Tenm1/Ccnd2/Rasgrp1/Lrp8/Zfp91/Nrxn1/Abi2/Dab1/Agrn/Sash1/Tpd52l1/Pdgfc/Ccny/Ccdc88a/Tead1/Ptk2/Adra2b/Ip6k2/Ezh2/Notch2/Adam9/Fgd4/Map2k4/Adrb2/Mmd2/Cemip/Dab2ip/Slc11a1/Xrcc6/Tgfb2/Map3k7/Kif14/Itgb1bp1/Ptprc/Rassf2/Fbxw7/Taok3/Gas6/Pik3r6/Igf1/Abl1/Mtor"
"GO:0097237","GO:0097237","cellular response to toxic substance",60,-0.354032241276843,-1.42883136302488,0.0450748015889319,0.198224454012284,0.159626292999991,2639,"tags=42%, list=26%, signal=31%","Nfe2l2/Gpx3/Gfer/Rdh11/Cat/Gpx4/Txnrd1/Sesn2/Prdx1/Prdx4/Mgst3/Aldh2/Esd/Rab29/Prdx3/Sod1/Sod2/Cygb/Trp53inp1/Abtb2/Park7/Sesn1/Gstk1/Cp/Ptgs1"
"GO:0070192","GO:0070192","chromosome organization involved in meiotic cell cycle",36,-0.412866016261539,-1.47899339602645,0.0451645313435492,0.198331202856455,0.159712255765594,828,"tags=22%, list=8%, signal=20%","Mlh1/Rec8/1700028K03Rik/Ccne1/Mlh3/Trip13/Ube2b/Spdya"
"GO:0051881","GO:0051881","regulation of mitochondrial membrane potential",67,-0.342045618766009,-1.40344660159363,0.0454045915612398,0.199096834197622,0.160328803776303,2275,"tags=45%, list=22%, signal=35%","Ubb/Spart/Mfn2/Bnip3l/Lrrk2/Oga/Src/Got1/Tusc2/Ppif/Akt1/Mapt/Prdx3/Gclc/Sod1/Pycr1/Sod2/Tspo/Cck/Mllt11/Ndufs1/Ndufs6/Bco2/Park7/Bok/Pid1/Ppp2r3c/Bnip3/Slc25a36/Kdr"
"GO:0030148","GO:0030148","sphingolipid biosynthetic process",66,0.331051406580976,1.389698778229,0.0455869393185139,0.199607552218348,0.16074007505372,1994,"tags=35%, list=19%, signal=28%","Smpd3/Prkcd/B3galt1/St8sia2/St6galnac6/St6galnac3/Sptlc3/Fut9/Pemt/Pla2g6/Smpd1/Cerkl/Cers6/St3gal1/St8sia6/St6galnac4/Gba1/Sptlc2/Sgms1/St3gal3/Abca2/Elovl2/B4galt4"
"GO:0060759","GO:0060759","regulation of response to cytokine stimulus",87,0.319786866792788,1.40042605255826,0.0458412435341446,0.200431411123316,0.161403512587753,2128,"tags=31%, list=21%, signal=25%","Robo1/Irf7/Ext1/Stat2/Ptprf/Parp14/Samhd1/Slit3/Adar/Lsm14a/Crebrf/Traip/Tank/Ube2k/Gigyf2/Ccdc3/C1qtnf4/Cd74/Ripk1/Ifih1/Usp25/Ptprc/Prkn/Ythdf3/Gas6/Slit2/Eif4e2"
"GO:0045727","GO:0045727","positive regulation of translation",101,-0.305034151039041,-1.35165882686687,0.0461061672032139,0.201093737556081,0.161936871167273,2143,"tags=34%, list=21%, signal=27%","C1qbp/Rmnd1/Pcif1/Zcchc4/Ddx3x/Cdk5rap1/Rcc1l/Rpl5/Usp16/Akt2/Mettl5/Jmjd4/Eif4g1/Fastkd2/Cnbp/Nat10/Eif4g2/Ago2/Eif2b5/Otud6b/Csde1/Eif6/Ogt/Uqcc2/Rpl26/Coa3/Rps4x/Mettl3/Rps6kb1/Pkm/Eif3e/Eif4a3/Cirbp/Fxr1"
"GO:0031669","GO:0031669","cellular response to nutrient levels",182,-0.267090856075842,-1.29884229220734,0.0461254612546125,0.201093737556081,0.161936871167273,2322,"tags=31%, list=23%, signal=25%","Stk26/Prr5/Wdr45b/Pld1/Mcu/Slc7a5/Sesn2/Trim32/Atg5/Lrrk2/Stk24/Prkab1/Szt2/Tnks/Xbp1/Sar1b/Col1a1/Eif4g1/Atg4b/Smdt1/Pak2/Rragc/Eif2ak2/Asns/Wipi2/Map1lc3a/Atxn3/Itfg2/Prkaa2/Tsc2/Ppard/Inhba/Ywhaz/Wipi1/Pdk4/Tbc1d7/Cadps2/Gabarapl1/Lars1/Gabarapl2/Ogt/Lamp2/Mios/Sec13/Glul/Sesn1/Pik3c2b/Comt/Pick1/Gdap1/Rps6kb1/Upp1/Fos/Yme1l1/Higd1a/Usf1/Mat2a"
"GO:0007093","GO:0007093","mitotic cell cycle checkpoint signaling",103,-0.293536000030839,-1.31361003702867,0.0463821892393321,0.201922461774679,0.162604226643635,2060,"tags=29%, list=20%, signal=24%","Psmg2/Brcc3dc/Pabir1/Pcid2/Ccnd1/Cep192/Clspn/Xpc/Bub3/Kntc1/Prpf4b/Msh2/Mbd4/Abraxas1/Fzr1/Zfyve19/Cdca8/Lcmt1/Gen1/Tipin/Nabp2/Spc25/Zfp830/Dync1li1/Usp44/Trip13/Rpl24/Rint1/Syf2/Chek2"
"GO:0042157","GO:0042157","lipoprotein metabolic process",60,-0.352383377566929,-1.42217674825426,0.0468196088620644,0.203242714687758,0.163667400606643,2308,"tags=32%, list=23%, signal=25%","Wdr45b/Zdhhc22/Atg5/Atg101/Hhatl/Rabl3/Nmt2/Wipi2/Ctsd/Ppm1a/Zdhhc7/Wipi1/Dbi/Glul/Nmt1/Ppt1/Abhd12/Itgav/Golga7"
"GO:0045665","GO:0045665","negative regulation of neuron differentiation",66,0.330322151117186,1.38663748500716,0.0467945229346944,0.203242714687758,0.163667400606643,2740,"tags=42%, list=27%, signal=31%","Foxo3/B2m/Six3/Cntn2/Rap1gap/Zhx2/Meis1/Zfp536/Dmd/Bmp7/Sox8/Disp3/Ptbp1/Pbx1/Apbb1/Sox21/Gsk3b/Cntn4/Calr/Gli3/Spag9/Pax6/Nbn/Fmr1/Ctdsp1/Fgfr3/Gpr37l1/Foxg1"
"GO:0046189","GO:0046189","phenol-containing compound biosynthetic process",30,-0.439995994647939,-1.50677270001541,0.0469448654552318,0.203494910342421,0.163870488856603,2342,"tags=37%, list=23%, signal=28%","Appl1/Myo5a/Epas1/Aldh2/Agtr2/Tph2/Ddt/Fev/Park7/Vps35/Slc24a5"
"GO:0032968","GO:0032968","positive regulation of transcription elongation by RNA polymerase II",40,-0.388210831020185,-1.42306399599729,0.0472964495429582,0.204726060164519,0.164861909835454,2741,"tags=48%, list=27%, signal=35%","Med23/Med14/Med8/Pwwp2b/Med16/Med28/Ccnt1/Ccnk/Med20/Med9/Med17/Med22/Leo1/Map2k1/Supt6/Med31/Ncbp2/Cdk9/Cbx7"
"GO:0045599","GO:0045599","negative regulation of fat cell differentiation",40,0.393145571499535,1.47137404204831,0.0478927203065134,0.205254515599343,0.165287464707062,919,"tags=22%, list=9%, signal=21%","Ptgr3/Foxo1/Ncor2/Runx1t1/Trio/Tcf7l2/Rora/Sirt2/Smad3"
"GO:0038065","GO:0038065","collagen-activated signaling pathway",40,0.392794269869732,1.47005927180418,0.0478927203065134,0.205254515599343,0.165287464707062,2105,"tags=50%, list=21%, signal=40%","Epha4/Egfr/Igf1r/Ntrk3/Epha3/Ephb1/Epha5/Col4a6/Met/Col4a3/Ubash3b/Erbb4/Epha7/Enpp1/Epha6/Ros1/Alk/Ephb3/Tyro3/Ephb2"
"GO:0032642","GO:0032642","regulation of chemokine production",37,-0.404987264252744,-1.46291021066005,0.0478514834116587,0.205254515599343,0.165287464707062,1564,"tags=27%, list=15%, signal=23%","Eif2ak2/Arg2/Adora2b/Egr1/Slc37a4/Ticam1/Csf1r/Il17ra/Gstp3/Lrp1"
"GO:0007040","GO:0007040","lysosome organization",76,-0.32833279783717,-1.39963136317623,0.0477099236641221,0.205254515599343,0.165287464707062,2496,"tags=36%, list=24%, signal=27%","Ap5z1/Pikfyve/Arsg/Hspa8/Chmp5/Lrrk2/Mfsd8/Cln8/Chmp4b/Gaa/Chmp2a/Acp2/Cln5/Chmp7/Vps33a/Tmem9/Chmp2b/Chmp3/Arf1/Lamp2/Chmp1b2/Rab14/Ppt1/Tpcn2/Vps18/Creg1/Vps35"
"GO:0080171","GO:0080171","lytic vacuole organization",76,-0.32833279783717,-1.39963136317623,0.0477099236641221,0.205254515599343,0.165287464707062,2496,"tags=36%, list=24%, signal=27%","Ap5z1/Pikfyve/Arsg/Hspa8/Chmp5/Lrrk2/Mfsd8/Cln8/Chmp4b/Gaa/Chmp2a/Acp2/Cln5/Chmp7/Vps33a/Tmem9/Chmp2b/Chmp3/Arf1/Lamp2/Chmp1b2/Rab14/Ppt1/Tpcn2/Vps18/Creg1/Vps35"
"GO:0009152","GO:0009152","purine ribonucleotide biosynthetic process",110,-0.300605951882602,-1.36338974007752,0.0475215914752086,0.205254515599343,0.165287464707062,2223,"tags=31%, list=22%, signal=24%","Ndufa10/Ndufab1/Ndufb9/Nme1/Atpsckmt/Cox11/mt-Nd6/Atp5f1c/Atp5pf/Ndufb5/Hprt1/Ndufs3/Atic/Atp5mc3/Aprt/Gmps/Atp5mf/Ndufb2/Slc25a13/Dmac2l/Sdhb/Ndufa12/Sdhd/Map2k1/Ndufs1/Ndufs6/Ndufa5/Ndufa8/Ndufv3/Ampd3/Ppat/Atp6v1a/Pid1/Tmsb4x"
"GO:0098656","GO:0098656","monoatomic anion transmembrane transport",89,0.306711627033874,1.35343363513438,0.047561799461572,0.205254515599343,0.165287464707062,2537,"tags=35%, list=25%, signal=26%","Cftr/Gabra5/Kcnk2/Gabrb3/Glra3/Ano6/Ttyh3/Gabra1/Gabra3/Slc26a7/Gabrg3/Gabrp/Slc4a1/Ano3/Chrm5/Gabre/Ripk1/Slc4a5/Oca2/Ano2/Glra1/Mtor/Gabra2/Slc4a3/Slc5a6/Clic5/Best3/Slc12a4/Clcn3/Clcn4/Glra2"
"GO:0008333","GO:0008333","endosome to lysosome transport",57,-0.361828530700969,-1.45290255248693,0.0484706632717068,0.207145429778944,0.166810181076114,1937,"tags=32%, list=19%, signal=26%","Bin1/Hgs/Chmp4b/Sort1/Chmp2a/Chmp7/Vps4b/Vps33a/Rhob/Chmp2b/Chmp3/Vps39/Stx7/Chmp1b2/Plekhf1/Tpcn2/Vps18/Vps11"
"GO:0055123","GO:0055123","digestive system development",87,0.317017548964661,1.38829852251545,0.0484057479330915,0.207145429778944,0.166810181076114,1816,"tags=25%, list=18%, signal=21%","Kcnq1/Bcl2/Foxp4/Acvr2b/Egfr/Ext1/Igf1r/Cckbr/Ccdc103/Sox11/Klf5/Tcf7l2/Pdgfc/Smad3/Chrd/Cbfa2t2/Pkd1/Lgr4/Tgfb2/Cdkn1c/Rarb/Ephb3"
"GO:0006515","GO:0006515","protein quality control for misfolded or incompletely synthesized proteins",20,-0.486152190670522,-1.48675147040881,0.0490196078431373,0.208902126251344,0.168224814539036,2761,"tags=45%, list=27%, signal=33%","Afg3l2/Rnf126/Zer1/Saysd1/Tmem126a/Atxn3/Stub1/Zyg11b/Yme1l1"
"GO:0032008","GO:0032008","positive regulation of TOR signaling",53,-0.351198831849021,-1.38700954891383,0.0490196078431373,0.208902126251344,0.168224814539036,941,"tags=21%, list=9%, signal=19%","Otub1/Smcr8/Lars1/Tbk1/Ogt/Mios/Sec13/Rps6kb1/Shq1/Kdr/Mat2a"
"GO:0000956","GO:0000956","nuclear-transcribed mRNA catabolic process",92,-0.304975593376192,-1.34160374324624,0.0499075785582255,0.21238758852728,0.17103158944111,2745,"tags=38%, list=27%, signal=28%","Etf1/Cnot6/Smg6/Mrto4/Ssb/Hnrnpab/Dhx34/Cnot7/Xrn1/Casc3/Smg8/Exosc7/Xrn2/Magoh/Exosc10/Rc3h2/Lsm1/Lsm4/Ago2/Gspt1/Ago1/Lsm7/Csde1/Mlh1/Edc4/Zfp36l1/Ncbp2/Smg1/Exosc9/Mtpap/Pnrc2/Eif3e/Eif4a3/Ddx5/Tob1"
"GO:0042180","GO:0042180","ketone metabolic process",138,-0.276787268938175,-1.30129083039021,0.0500927643784787,0.212876684525653,0.171425448924948,1216,"tags=20%, list=12%, signal=17%","Rtn4ip1/Aadat/Scnn1b/Pdk1/Sirt6/Ppard/Inhba/Tysnd1/Egr1/Eif6/Kdsr/Pdk4/Dbi/Acadl/Park7/Cbr4/Fabp5/Nmt1/Glo1/Coq8a/Cpt1a/Coq7/Klhl25/Pdss1/Cyp46a1/Abcb11/Scp2"
"GO:0051303","GO:0051303","establishment of chromosome localization",80,-0.319776667845576,-1.37489095905588,0.0503731343283582,0.213768343158159,0.172143484259375,2178,"tags=29%, list=21%, signal=23%","Chmp5/Nsl1/Rb1/Chmp4b/Spice1/Chmp2a/Ttl/Bub3/Ska2/Abraxas1/Cdca8/Chmp7/Vps4b/Mlh1/Spc25/Chmp2b/Chmp3/Racgap1/Mis12/Chmp1b2/Brca2/Ube2b/Spdya"
"GO:0008542","GO:0008542","visual learning",62,0.332940112961305,1.37926156260278,0.0505050505050505,0.214028395846578,0.172352899625627,1182,"tags=23%, list=12%, signal=20%","Meis2/Ghrl/Drd2/Atxn1/Ppp1r1b/Cacna1c/Cacna1e/Pias1/Ap1s2/Drd1/Nts/Drd5/Nptn/Chrd"
"GO:0043113","GO:0043113","receptor clustering",57,0.342887902744357,1.3774569606624,0.0506331122595847,0.214271410819192,0.172548594851099,1828,"tags=33%, list=18%, signal=28%","Nlgn1/Lrrtm4/Nrxn1/Arhgef9/Dlg2/Agrn/Akap5/Lhfpl4/Magi2/Shisa6/Grin2b/Sorbs2/Rapsn/Lrrc7/Gphn/Cdh2/Lrp4/Colq/Itgb1bp1"
"GO:0006006","GO:0006006","glucose metabolic process",143,-0.276558862089572,-1.29470095310105,0.0509433962264151,0.215283808320834,0.17336385884582,3069,"tags=39%, list=30%, signal=28%","Galm/Gpld1/Irs2/Hkdc1/Bckdk/Mdh1/Eno1/Mtcl2/Adra1b/Gpt2/Dgat2/Mapk14/Ddb1/Eno2/Gapdh/C1qtnf12/Adipor1/Hk2/Sesn2/Src/Hif1a/Ldha/Wdtc1/Zmpste24/Got1/Pgp/Akt2/Akt1/Clk2/Pik3ca/Xpc/Gpi1/Pfkfb2/H6pd/Kbtbd2/Slc25a13/Errfi1/Adora2b/Pdk1/Lcmt1/Sirt6/Slc37a4/Hectd4/Pdk4/Pgam1/Insr/Pdhb/Ogt/Fabp5/Cpt1a/Pgm1/Pgm2l1/Cry1/Pkm/Pgm2/Usf1"
"GO:0033135","GO:0033135","regulation of peptidyl-serine phosphorylation",72,0.319407682117345,1.36037815630055,0.0512295081967213,0.216191378601763,0.174094707520891,1510,"tags=26%, list=15%, signal=23%","Bcl2/Smyd3/Egfr/Ntrk3/Fnip2/Phip/Tenm1/Nrxn1/Epm2a/Akap9/Prkd1/Bcar3/Met/Dmd/Mapkap1/Ip6k2/Lats1/Bdnf/Inpp5f"
"GO:0072329","GO:0072329","monocarboxylic acid catabolic process",81,-0.322625050826071,-1.38632274522786,0.0515390628788999,0.217195216304683,0.174903078476378,2312,"tags=33%, list=23%, signal=26%","Decr2/Lpin2/Slc27a4/Sesn2/Abhd3/Phyh/Decr1/Ldha/Akt2/Hacl1/Akt1/Etfdh/Abhd2/Pex5/Ppard/Tysnd1/Cyp39a1/Hadha/Nudt7/Dbi/Acadl/Cpt1a/Slc25a17/Eci3/Abcb11/Scp2/Crat"
"GO:1905710","GO:1905710","positive regulation of membrane permeability",29,-0.43143237861621,-1.47395604908163,0.052,0.218833333333333,0.176222222222222,2274,"tags=38%, list=22%, signal=30%","Hspa8/Slc35f6/Bnip3l/Siva1/Ppif/Tmem14a/Gclc/Spg7/Vdac2/Bok/Bnip3"
"GO:1904893","GO:1904893","negative regulation of receptor signaling pathway via STAT",23,0.457174749103471,1.46938260705885,0.0523138832997988,0.219200494161053,0.176517889687449,2250,"tags=43%, list=22%, signal=34%","Hnf4a/Parp14/Dab1/Ptprt/Socs1/Traf3ip1/Inpp5f/Ptprc/Ggnbp2/Irf1"
"GO:0007413","GO:0007413","axonal fasciculation",22,0.465999960445521,1.46803313466959,0.0527383367139959,0.219200494161053,0.176517889687449,2252,"tags=50%, list=22%, signal=39%","Epha4/Cntn2/Epha3/Sema3a/Ncam2/Ptprz1/Ephb3/Cnr1/Ephb2/Tnfrsf21/Sema5a"
"GO:0106030","GO:0106030","neuron projection fasciculation",22,0.465999960445521,1.46803313466959,0.0527383367139959,0.219200494161053,0.176517889687449,2252,"tags=50%, list=22%, signal=39%","Epha4/Cntn2/Epha3/Sema3a/Ncam2/Ptprz1/Ephb3/Cnr1/Ephb2/Tnfrsf21/Sema5a"
"GO:0042773","GO:0042773","ATP synthesis coupled electron transport",59,-0.3468144459733,-1.39240720632105,0.0522243713733075,0.219200494161053,0.176517889687449,2223,"tags=39%, list=22%, signal=31%","Ndufa10/Coa6/Ndufb9/Cox4i1/mt-Nd6/Cox7b2/Uqcrh/Ndufs3/Uqcr11/Sdhb/Ndufa12/Sdhd/Uqcr10/Cycs/Ndufs1/Ndufs6/Uqcrc1/Ndufa8/Ndufv3/Park7/Uqcrb/Dld/Coq7"
"GO:0006612","GO:0006612","protein targeting to membrane",88,-0.307654050657586,-1.34644146969684,0.0525328330206379,0.219200494161053,0.176517889687449,2481,"tags=31%, list=24%, signal=23%","Dmtn/Zdhhc4/Pikfyve/Srp68/Zdhhc22/Oga/Sec61g/Sec61b/Sec61a1/Akt2/Chmp4b/Srp9/Srp72/Mief1/Rabgef1/Zdhhc7/Arl6ip1/Golga7b/Get4/Aqp11/Micall1/Ogt/Cacnb1/Srp54c/Pdzk1/Golga7/Inpp5k"
"GO:0009612","GO:0009612","response to mechanical stimulus",155,0.270822918329543,1.30707368451302,0.0526315789473684,0.219200494161053,0.176517889687449,1440,"tags=20%, list=14%, signal=17%","Asic2/Meis2/Foxp2/Kcnq1/Drd2/Igfbp2/Kcnc1/Egfr/Pjvk/Grm8/Kcnk2/Kcnq2/Tnc/Pawr/Cntnap2/Nrxn1/Atp2b2/Nfkb1/Fyn/Tacr1/Dmd/Bace1/Grin2b/Bmp6/Ano3/Kcnq3/Slc8a1/Map2k4/Large1/Pkd1/Whrn"
"GO:0018209","GO:0018209","peptidyl-serine modification",155,0.268912000322147,1.29785101363961,0.0526315789473684,0.219200494161053,0.176517889687449,2386,"tags=34%, list=23%, signal=26%","Bcl2/Smyd3/Egfr/Ntrk3/Fnip2/Prkcd/Phip/Tenm1/Nrxn1/Dclk3/Hipk2/Mark3/Epm2a/Akap9/Mgat5b/Prkd1/Bcar3/Galnt13/Srpk2/Met/Mapk13/Galnt16/Dmd/Prkce/Akt3/Ttbk2/Mapkap1/Ip6k2/Nek6/Lats1/Mapkapk3/Brsk2/Pkd1/Bdnf/Inpp5f/Ripk1/Dclk2/Top1/Nsd1/Rassf2/Dclk1/Galnt2/Tlk2/Gsk3b/Eif2ak3/Ercc6/Mtor/Ulk1/Map3k13/Myo3a/Pdk3/Ret"
"GO:0006260","GO:0006260","DNA replication",190,-0.260252174074492,-1.27684311674237,0.0527272727272727,0.219200494161053,0.176517889687449,2149,"tags=27%, list=21%, signal=22%","Rac1/Polg2/Lig3/Pds5a/Ddx11/Poll/Zmpste24/Rnaseh1/Brpf3/Pole/Gmnn/Actr8/Dtd1/Nfrkb/Recql/Rfc4/Wdhd1/Adra2a/Ruvbl1/Chtf18/Cacybp/Pole4/Wrnip1/Polrmt/Ccna2/Esco2/Gen1/Ctc1/Tipin/Rbbp4/Zfp830/Slx4/Pcna/Endog/Uchl5/Ssbp1/Cdk9/Ccne1/Rfc3/E4f1/Prim2/Chaf1a/Orc4/Brca2/Smarcal1/Tk2/Mcm8/Rrm1/Rrm2b/Smarca5/Helb/Polb"
"GO:0042593","GO:0042593","glucose homeostasis",197,0.256624732345813,1.27032960908409,0.0525385698412536,0.219200494161053,0.176517889687449,2415,"tags=32%, list=24%, signal=25%","Cftr/Zbtb20/Adcy5/Foxo3/Ghrl/Abcg1/Wfs1/Hnf4a/Foxo1/Ncor2/Ppp3ca/Igf1r/Klf7/Cacna1c/Cacna1e/Oprk1/Csmd1/Cebpa/Mbd5/Tcf7l2/Cacna1d/Epha5/Ptprn/Pla2g6/Met/Stxbp5l/Smad3/Map4k4/Abca12/Prkce/Igfbp5/Sybu/Bace2/Kcnb1/Gpr68/Enpp1/Pde1c/Brsk2/Sox4/Smarca4/Stxbp4/Ncoa5/Mtnr1b/Lrp5/Rab11fip5/Tiam1/Cnr1/Fto/Vsnl1/Prkn/Gas6/Crhr2/Igf1/Jagn1/Srf/Appl2/Pax6/Dmxl2/Sesn3/Tjp1/Nox4/Adcy8/Pygl"
"GO:0032007","GO:0032007","negative regulation of TOR signaling",56,-0.349982557876382,-1.40270712903129,0.0528375733855186,0.219312119668659,0.176607779535158,2129,"tags=36%, list=21%, signal=28%","Sesn2/Pdcd6/Szt2/Hif1a/Sar1b/Bmal1/Ddit4/Ube2d1/Atxn3/Itfg2/Prkaa2/Tnfaip8l1/Tsc2/Ywhaz/Endog/Tbc1d7/Tbk1/Sesn1/Rps6kb1/Npc1"
"GO:0000462","GO:0000462","maturation of SSU-rRNA from tricistronic rRNA transcript (SSU-rRNA, 5.8S rRNA, LSU-rRNA)",22,-0.467735306999754,-1.47733546364997,0.0530451866404715,0.219872661450928,0.177059172917579,2152,"tags=36%, list=21%, signal=29%","Gtf2h5/Pwp2/Rps8/Ngdn/Tbl3/Dcaf13/Rps16/Rps21"
"GO:0099170","GO:0099170","postsynaptic modulation of chemical synaptic transmission",33,0.41305039484966,1.46803663678756,0.0532544378698225,0.2204384518382,0.177514792899408,990,"tags=27%, list=10%, signal=25%","Ghrl/Drd2/Ppp3ca/Igf1r/Plcb1/Trio/Rnf19a/Drd1/Sorcs3"
"GO:0051209","GO:0051209","release of sequestered calcium ion into cytosol",79,0.31332671238426,1.35159133524754,0.0535331905781585,0.221289996523629,0.178200525253352,1566,"tags=25%, list=15%, signal=22%","Plcl1/Chd7/Drd2/Itpr1/Htr2c/Cacna1c/Plcb1/Plcg1/Prkd1/Drd1/Dmd/Prkce/Ptpn6/Ank2/Ubash3b/Jph3/Ntsr1/Slc8a1/Cemip/Tgfb2"
"GO:0046632","GO:0046632","alpha-beta T cell differentiation",60,0.337560456068709,1.38124146142916,0.0536082474226804,0.221298351077277,0.178207253012725,2273,"tags=35%, list=22%, signal=27%","Bcl11b/Foxp1/Bcl2/Rc3h1/Ep300/Rora/Socs1/Ap3d1/Itpkb/Tox/Kmt2a/Rorc/Prr7/Sh3rf1/Sash3/Ncor1/Abl1/Mtor/Irf1/Gli3/Nfkbiz"
"GO:0040014","GO:0040014","regulation of multicellular organism growth",57,0.338243579395049,1.35879968091042,0.0537190082644628,0.22145387080452,0.178332490020802,2260,"tags=32%, list=22%, signal=25%","Chd7/Drd2/Bcl2/Pou3f2/Rai1/Cacna2d2/Mbd5/Sh3pxd2b/Pou1f1/Adrb2/Mfsd2a/Hsf1/Adrb1/Fto/Ncor1/Atrn/Celf1/Bbs2"
"GO:0072599","GO:0072599","establishment of protein localization to endoplasmic reticulum",32,-0.416049725311754,-1.43640781807473,0.0541666666666667,0.222995923913043,0.179574275362319,2538,"tags=34%, list=25%, signal=26%","Spcs3/Zfand2a/Srp68/Sec61g/Sec61b/Sec61a1/Chmp4b/Srp9/Srp72/Get4/Srp54c"
"GO:0038063","GO:0038063","collagen-activated tyrosine kinase receptor signaling pathway",38,0.394605217868336,1.44798254013389,0.0544747081712062,0.223956971151113,0.180348187989675,2105,"tags=50%, list=21%, signal=40%","Epha4/Egfr/Igf1r/Ntrk3/Epha3/Ephb1/Epha5/Col4a6/Met/Col4a3/Ubash3b/Erbb4/Epha7/Epha6/Ros1/Alk/Ephb3/Tyro3/Ephb2"
"GO:0014855","GO:0014855","striated muscle cell proliferation",58,0.343992633251388,1.39858890466604,0.0545881060553917,0.223956971151113,0.180348187989675,2174,"tags=33%, list=21%, signal=26%","Tenm4/Foxp1/Kcnk2/Ccnd2/Ephb1/Paxbp1/Smad1/Ski/Arid2/Erbb4/Tgfbr3/Bmpr1a/Tgfb2/Ndc80/Rxra/Vgll4/Myh10/Hey2/Abl1"
"GO:0031348","GO:0031348","negative regulation of defense response",126,0.279814935663512,1.32002026466555,0.0546218487394958,0.223956971151113,0.180348187989675,1278,"tags=21%, list=12%, signal=19%","Tap1/Ghrl/Drd2/Nmi/Tap2/Arnt/Aoah/Lrfn5/Stat2/Parp14/Samhd1/Lpcat3/Smpdl3b/Adar/Serping1/Nfkb1/Mfhas1/Rora/Adora2a/Smad3/Traf3ip1/Cd276/Ptpn6/Grn/Fem1a/Gigyf2/Ets1"
"GO:0032252","GO:0032252","secretory granule localization",27,0.43951669805525,1.4735838501986,0.0548780487804878,0.224097692459404,0.180461508119124,1737,"tags=33%, list=17%, signal=28%","Syt10/Unc13c/Rasgrp1/Ppfia2/Tcf7l2/Sybu/Syt6/Kif1b/Map2"
"GO:0045132","GO:0045132","meiotic chromosome segregation",56,-0.346940258936456,-1.39051379449035,0.0547945205479452,0.224097692459404,0.180461508119124,1610,"tags=25%, list=16%, signal=21%","Aspm/M1ap/Ska2/BC005624/Mlh1/Rec8/1700028K03Rik/Dcaf13/Ccne1/Mlh3/Trip13/Brca2/Ube2b/Spdya"
"GO:0051208","GO:0051208","sequestering of calcium ion",81,0.304258225048763,1.31971259269428,0.0548523206751055,0.224097692459404,0.180461508119124,1566,"tags=25%, list=15%, signal=21%","Plcl1/Chd7/Drd2/Itpr1/Htr2c/Cacna1c/Plcb1/Plcg1/Prkd1/Drd1/Dmd/Prkce/Ptpn6/Ank2/Ubash3b/Jph3/Ntsr1/Slc8a1/Cemip/Tgfb2"
"GO:0051279","GO:0051279","regulation of release of sequestered calcium ion into cytosol",49,0.354203800245524,1.37249156683572,0.0552268244575937,0.225218409295436,0.181363999564641,1566,"tags=31%, list=15%, signal=26%","Chd7/Cacna1c/Plcg1/Prkd1/Drd1/Dmd/Prkce/Ptpn6/Ank2/Ubash3b/Jph3/Ntsr1/Slc8a1/Cemip/Tgfb2"
"GO:0060113","GO:0060113","inner ear receptor cell differentiation",67,0.330291568913873,1.39095843324065,0.0554063807368199,0.225618178460565,0.181685925889035,779,"tags=13%, list=8%, signal=12%","Otog/Kcnq1/Ush2a/Gabra5/Pjvk/Gabrb3/Tsku/Atp2b2/Cux1"
"GO:0045637","GO:0045637","regulation of myeloid cell differentiation",133,0.27726308629795,1.30873848284225,0.0555482379972215,0.225618178460565,0.181685925889035,1676,"tags=24%, list=16%, signal=20%","Meis2/Foxo3/Foxp1/Cnot4/B2m/Asxl2/Ppp3ca/Rbfox2/Ppargc1b/Rcor1/P4htm/Meis1/Acvr2a/Qki/Ypel4/Ninj1/Eeig1/Ubash3b/Lrrc17/Notch2/Ets1/Itpkb/Gpr68/Brd1/L3mbtl1/Ldb1/Hsf1/Klf10/Cd74/Ripk1/Cdk6/Mafb"
"GO:0007179","GO:0007179","transforming growth factor beta receptor signaling pathway",138,0.270471181479201,1.28551543477408,0.0555273887431704,0.225618178460565,0.181685925889035,1875,"tags=28%, list=18%, signal=23%","Spred2/Chst11/Smurf2/Sap130/Sox11/Crebbp/Hipk2/Rnf111/Smad6/Ep300/Zmiz1/Tnrc6c/Nkx2-1/Smad3/Smad1/Ptk2/Nlk/Ski/Itgb8/Tet1/Arid4b/Arid4a/Lats1/Adam9/Ldlrad4/Tgfbr3/Dusp22/Bmpr1a/Pmepa1/Acvr1/Tgfb2/Htra1/Fut8/Zfp451/Cdkn1c/Map3k7/Zeb1/Pals1/Fermt1"
"GO:0009309","GO:0009309","amine biosynthetic process",25,-0.44754221206649,-1.47364293269703,0.056420233463035,0.226811887524382,0.182647196554288,1918,"tags=44%, list=19%, signal=36%","Epas1/Aldh2/Oaz2/Agtr2/Sat1/Azin1/Park7/Odc1/Sms/Amd1/Vps35"
"GO:0042401","GO:0042401","biogenic amine biosynthetic process",25,-0.44754221206649,-1.47364293269703,0.056420233463035,0.226811887524382,0.182647196554288,1918,"tags=44%, list=19%, signal=36%","Epas1/Aldh2/Oaz2/Agtr2/Sat1/Azin1/Park7/Odc1/Sms/Amd1/Vps35"
"GO:0043267","GO:0043267","negative regulation of potassium ion transport",23,0.455484170819677,1.46394900353864,0.0563380281690141,0.226811887524382,0.182647196554288,902,"tags=22%, list=9%, signal=20%","Kcnq1/Kcne2/Agrn/Ank3/Akap5"
"GO:0007617","GO:0007617","mating behavior",31,0.412541220666828,1.45429039423387,0.055984555984556,0.226811887524382,0.182647196554288,1981,"tags=42%, list=19%, signal=34%","Ppp1r1b/Thrb/Ncoa1/Acvr2a/Hdac4/Tacr1/Drd1/Drd5/Nlgn4l/Grn/Aplp2/Cnr1/Ar"
"GO:0007586","GO:0007586","digestion",59,0.344940787351981,1.40822723296427,0.0567284827806525,0.226811887524382,0.182647196554288,804,"tags=22%, list=8%, signal=20%","Ghrl/Kcnq1/Chrm3/Ppp3ca/Cckbr/Pawr/Cracd/Htr4/Lpcat3/Negr1/Oprk1/Slc5a1/Slc26a7"
"GO:0043627","GO:0043627","response to estrogen",46,0.366281458668967,1.38375109405758,0.0565656565656566,0.226811887524382,0.182647196554288,2267,"tags=39%, list=22%, signal=31%","Tbl1x/Ghrl/Igfbp2/Trim25/Wnt7a/Bcas3/Rcan1/Smad6/Gstm5/Ep300/Tgfb2/Kcnma1/Arsa/Gba1/Ar/Mme/Sts/Gli3"
"GO:0010631","GO:0010631","epithelial cell migration",73,0.32193407057546,1.38051151090637,0.0566476642156489,0.226811887524382,0.182647196554288,2608,"tags=42%, list=25%, signal=32%","Epb41l4b/Prox1/Dock5/Ptprr/Ptprg/Ctsh/Sema3a/Plcg1/Sash1/Bmpr2/Tacr1/Map4k4/Prkce/Ptk2/Arf6/Adam9/Pkn2/Tgfbr3/Dab2ip/Tgfb2/Irs1/Fermt1/Daam2/Iqsec1/Mtor/Clasp2/Nanos1/Clasp1/Rock1/Macf1/Aqp1"
"GO:0090130","GO:0090130","tissue migration",73,0.32193407057546,1.38051151090637,0.0566476642156489,0.226811887524382,0.182647196554288,2608,"tags=42%, list=25%, signal=32%","Epb41l4b/Prox1/Dock5/Ptprr/Ptprg/Ctsh/Sema3a/Plcg1/Sash1/Bmpr2/Tacr1/Map4k4/Prkce/Ptk2/Arf6/Adam9/Pkn2/Tgfbr3/Dab2ip/Tgfb2/Irs1/Fermt1/Daam2/Iqsec1/Mtor/Clasp2/Nanos1/Clasp1/Rock1/Macf1/Aqp1"
"GO:0090132","GO:0090132","epithelium migration",73,0.32193407057546,1.38051151090637,0.0566476642156489,0.226811887524382,0.182647196554288,2608,"tags=42%, list=25%, signal=32%","Epb41l4b/Prox1/Dock5/Ptprr/Ptprg/Ctsh/Sema3a/Plcg1/Sash1/Bmpr2/Tacr1/Map4k4/Prkce/Ptk2/Arf6/Adam9/Pkn2/Tgfbr3/Dab2ip/Tgfb2/Irs1/Fermt1/Daam2/Iqsec1/Mtor/Clasp2/Nanos1/Clasp1/Rock1/Macf1/Aqp1"
"GO:0010965","GO:0010965","regulation of mitotic sister chromatid separation",41,-0.368538127398759,-1.37073980081732,0.0564516129032258,0.226811887524382,0.182647196554288,2060,"tags=39%, list=20%, signal=31%","Psmg2/Rb1/Anapc7/Cdc16/Pcid2/Cep192/Bub3/Kntc1/Prpf4b/Cdca8/Lcmt1/Gen1/Spc25/Dync1li1/Usp44/Trip13"
"GO:0007204","GO:0007204","positive regulation of cytosolic calcium ion concentration",87,0.310880675632798,1.36142363118116,0.0567403995853074,0.226811887524382,0.182647196554288,987,"tags=21%, list=10%, signal=19%","Adcy5/Ghrl/Calcr/Bcl2/Prkg1/Cckbr/Itpr1/Cacna1c/Cacna1g/Cacna1d/Pla2g6/Slc8a3/Tacr1/Cacna1i/Gna13/Akap5/Trpc5/Nptn"
"GO:0021872","GO:0021872","forebrain generation of neurons",81,0.313062668302316,1.35790164947825,0.0561418721635215,0.226811887524382,0.182647196554288,1326,"tags=25%, list=13%, signal=22%","Robo1/Bcl11b/Drd2/B2m/Prox1/Cntn2/Kcnq2/Sema3a/Zmiz1/Drd1/Robo2/Nkx2-1/Sox1/Ogdh/Zdhhc16/Erbb4/Pou3f4/Dlx5/Gdpd5/Tox"
"GO:0043457","GO:0043457","regulation of cellular respiration",26,-0.439438179040243,-1.46310542678024,0.0568627450980392,0.227001472525769,0.182799865664316,2694,"tags=42%, list=26%, signal=31%","Prdm16/Macroh2a1/Cox7a2/Mfn2/Ppif/Akt1/Pik3ca/Chchd4/Cisd1/Park7/Uqcc2"
"GO:0032623","GO:0032623","interleukin-2 production",33,0.406577217165119,1.44503009299573,0.0571992110453649,0.228044222983494,0.18363957230354,2174,"tags=39%, list=21%, signal=31%","Pawr/Nav3/Pde4b/Cd276/Homer3/Cd247/Card9/Slc11a1/Map3k7/Homer2/Sash3/Ptprc/Abl1"
"GO:0032456","GO:0032456","endocytic recycling",75,-0.324413469494337,-1.37162936497848,0.0573613766730402,0.228273549139691,0.183824244191698,1251,"tags=24%, list=12%, signal=21%","Eps15/Stx6/Cmtm6/Snx12/Snx7/Arhgap44/Vps39/Vps29/Micall1/Snx4/Vps26c/Rab8a/Rab14/Snx3/Rab8b/Rab35/Gga3/Vps35"
"GO:0043414","GO:0043414","macromolecule methylation",91,-0.304685512369003,-1.33422526235848,0.0574074074074074,0.228273549139691,0.183824244191698,3023,"tags=34%, list=29%, signal=24%","Trmt10c/Nop2/Setd2/Thada/Trmt12/Prmt7/Eef2kmt/Etf1/Thumpd2/Mrm3/Mrm2/Zcchc4/Atpsckmt/Mettl5/Akt1/Rnmt/Gspt1/Nsun2/Eef1akmt1/Rab6a/Lcmt1/Trmt44/Fam98a/Comt/Mettl3/Mettl18/Lcmt2/Smyd2/Bud23/Trmt13/Snrpd3"
"GO:0003158","GO:0003158","endothelium development",87,0.299207735283596,1.31030492846854,0.0575692963752665,0.228617258213706,0.184101026416318,2607,"tags=36%, list=25%, signal=27%","Foxp1/Acvr2b/Pecam1/Prox1/Magi1/Ptprs/Plcb1/Bmpr2/Met/Fstl1/Dmd/Nr2f2/Prok2/Bmp6/Fzd1/Pbrm1/Acvr1/Atoh8/Zeb1/Vcl/Add1/Hey2/Rap2c/Col18a1/Afdn/Tjp1/Stard13/Rapgef1/Rock1/Cul7/Rapgef3"
"GO:0048741","GO:0048741","skeletal muscle fiber development",21,0.475524503854183,1.48471646876543,0.0578842315369262,0.22920377736024,0.184573338864352,1415,"tags=38%, list=14%, signal=33%","Bcl2/Ppp3ca/Cntnap2/Rcan1/Nfatc3/Hdac4/Ski/Large1"
"GO:0045621","GO:0045621","positive regulation of lymphocyte differentiation",73,0.320835480736468,1.37580055901556,0.0578724667747337,0.22920377736024,0.184573338864352,2273,"tags=38%, list=22%, signal=30%","Foxo3/Arid1a/Rasgrp1/Sox12/Ambra1/Sox13/Ep300/Zmiz1/Socs1/Ap3d1/Arid2/Itpkb/Egr3/Tox/Sox4/Rhoh/Smarca4/Pbrm1/Cd74/Xrcc6/Sash3/Ptprc/Gas6/Pik3r6/Smarcd2/Irf1/Gli3/Nfkbiz"
"GO:0060294","GO:0060294","cilium movement involved in cell motility",121,-0.277476899338781,-1.27111706398882,0.0579439252336449,0.22920377736024,0.184573338864352,1837,"tags=22%, list=18%, signal=19%","Dnai3/Rsph3b/Dnali1/Rsph1/Tpgs1/Cfap70/Dnaaf6/Vdac3/Mkks/Tubb4b/Dnah12/Spag16/Cfap144/Tcte1/Cfap69/Slirp/Spag6l/Anxa5/Dnah8/Ttll1/Kif9/Dnah17/Cfap20/Slc9b1/Tekt1/Ube2b/Rsph14"
"GO:0006814","GO:0006814","sodium ion transport",140,0.266812671347388,1.27314691024177,0.0580645161290323,0.229381334903478,0.18471632249653,1385,"tags=23%, list=14%, signal=20%","Asic2/Cftr/Kcnq1/Drd2/Fgf13/Nkain3/Slc24a4/Kcnq2/Ano6/Fgf14/Nkain2/Cnga4/Plcb1/Kcnk9/Slc6a6/Agrn/Slc5a1/Ank3/Slc8a3/Wnk2/Fgf12/Dmd/Scn2b/Atp1b1/Nalcn/Akt3/Kcnk3/Asic4/Atp2b4/Scn8a/Slc8a1/Adrb2"
"GO:0007030","GO:0007030","Golgi organization",105,-0.291029027988989,-1.3056166486818,0.0581613508442777,0.229464704502814,0.184783458411507,924,"tags=32%, list=9%, signal=30%","Vti1b/Tmed2/Pi4k2b/Tbc1d20/Sec22b/Golga5/Ap5z1/Rab43/Gorasp1/Bag5/Lrrk2/Yipf5/Stx18/Atp8b2/Yipf7/Rab29/Stk25/Cog7/Ywhaz/Blzf1/Ubxn2a/Map2k1/Sec16a/Tango2/Cltc/Rbsn/Rab8a/Map2k2/Hikeshi/Ubxn2b/Bet1/Yipf4/Tmed5/Cog4"
"GO:0043038","GO:0043038","amino acid activation",37,-0.396542284836226,-1.43240493874728,0.0583478053108711,0.229494760041246,0.184807661551367,2903,"tags=46%, list=28%, signal=33%","Aasdh/Yars1/Hars1/Ears2/Mars2/Pars2/Lars2/Gars1/Gatc/Dars2/Rars1/Wars1/Aarsd1/Farsb/Aars2/Lars1/Kars1"
"GO:0051282","GO:0051282","regulation of sequestering of calcium ion",80,0.308377906732338,1.33168490834093,0.058396191416436,0.229494760041246,0.184807661551367,1566,"tags=25%, list=15%, signal=21%","Plcl1/Chd7/Drd2/Itpr1/Htr2c/Cacna1c/Plcb1/Plcg1/Prkd1/Drd1/Dmd/Prkce/Ptpn6/Ank2/Ubash3b/Jph3/Ntsr1/Slc8a1/Cemip/Tgfb2"
"GO:0051283","GO:0051283","negative regulation of sequestering of calcium ion",80,0.308377906732338,1.33168490834093,0.058396191416436,0.229494760041246,0.184807661551367,1566,"tags=25%, list=15%, signal=21%","Plcl1/Chd7/Drd2/Itpr1/Htr2c/Cacna1c/Plcb1/Plcg1/Prkd1/Drd1/Dmd/Prkce/Ptpn6/Ank2/Ubash3b/Jph3/Ntsr1/Slc8a1/Cemip/Tgfb2"
"GO:1904950","GO:1904950","negative regulation of establishment of protein localization",110,0.281491710280254,1.29327842885023,0.0585683297180043,0.22987310757196,0.185112337450687,2201,"tags=32%, list=21%, signal=25%","Ghrl/Kcnq1/Drd2/Hnf4a/Foxo1/Ppp3ca/Klf7/Siah3/Mtnr1a/Frmd4a/Neo1/Stxbp5l/Map4k4/Kcnj6/Pfkl/Srebf1/Idh2/Kcnb1/Pde1c/Sirt4/Lyplal1/Mdfic/Mtnr1b/Irs1/Rab11fip5/Itgb1bp1/Chga/Fermt1/Vsnl1/Prkn/Ei24/Crhr2/Jagn1/Rhbdf1/Madd"
"GO:0032206","GO:0032206","positive regulation of telomere maintenance",56,-0.345526980188643,-1.38484946599669,0.0587084148727984,0.230124834494928,0.18531504824014,2087,"tags=30%, list=20%, signal=24%","Naf1/Tnks/Nvl/Actr8/Nfrkb/Cct2/Map3k4/Ruvbl1/Prkcq/Sirt6/Terf2ip/Nabp2/Slx4/Uchl5/Cct8/Ptges3/Hnrnpa2b1"
"GO:2001251","GO:2001251","negative regulation of chromosome organization",64,-0.336584108362881,-1.375590275838,0.0588235294117647,0.230278157774738,0.185438516491868,2060,"tags=34%, list=20%, signal=28%","Psmg2/Src/Tnks/Pcid2/Exosc10/Cep192/Nat10/Ten1/Bub3/Kntc1/Prpf4b/Cdca8/Lcmt1/Gen1/Terf2ip/Ctc1/Spc25/Dync1li1/Slx4/Usp44/Trip13/Smarca5"
"GO:0032253","GO:0032253","dense core granule localization",21,0.468725548271484,1.46348828548103,0.0598802395209581,0.23114858180637,0.18613945201569,3347,"tags=62%, list=33%, signal=42%","Syt10/Unc13c/Ppfia2/Sybu/Syt6/Kif1b/Map2/Tanc2/Stxbp1/Rims1/Kif5b/Unc13d/Eipr1"
"GO:0061045","GO:0061045","negative regulation of wound healing",32,0.406236910700094,1.44834650901168,0.0593869731800766,0.23114858180637,0.18613945201569,1142,"tags=25%, list=11%, signal=22%","Tafa5/Prkg1/Prkcd/Ajap1/Cask/Serping1/Smad3/Ubash3b"
"GO:0000460","GO:0000460","maturation of 5.8S rRNA",23,-0.455586569632195,-1.44748959655285,0.0594059405940594,0.23114858180637,0.18613945201569,3257,"tags=52%, list=32%, signal=36%","Fcf1/Mak16/Mphosph6/Bop1/Exosc7/Exosc10/Las1l/Eif6/Eri1/Exosc9/Rpf1/Rps21"
"GO:0006749","GO:0006749","glutathione metabolic process",35,-0.396864863849325,-1.41642940114095,0.0595238095238095,0.23114858180637,0.18613945201569,3387,"tags=51%, list=33%, signal=35%","Gpx1/Idh1/Cth/Gstz1/Arl6ip5/Ggt1/Nfe2l2/Chac1/Gsta13/Slc1a2/Gclc/Sod1/Sod2/Gsta4/Hpgds/Gstk1/Glo1/Gstp3"
"GO:0062237","GO:0062237","protein localization to postsynapse",62,0.334298087614422,1.38488720568128,0.0598346215123403,0.23114858180637,0.18613945201569,2008,"tags=37%, list=20%, signal=30%","Nrxn3/Cnih3/Kalrn/Gpc6/Mapk10/Cacng2/Cacna2d2/Dlg2/Nbea/Cacng3/Lhfpl4/Gpc4/Magi2/Rapsn/Erbb4/Grip1/Lrrc7/Gphn/Tnik/Neto2/Epb41l1/Gsk3b/Grip2"
"GO:0009062","GO:0009062","fatty acid catabolic process",71,-0.327970579962062,-1.37390984804811,0.0593869731800766,0.23114858180637,0.18613945201569,2312,"tags=35%, list=23%, signal=27%","Decr2/Lpin2/Slc27a4/Sesn2/Abhd3/Phyh/Decr1/Akt2/Hacl1/Akt1/Etfdh/Abhd2/Pex5/Ppard/Tysnd1/Hadha/Nudt7/Dbi/Acadl/Cpt1a/Slc25a17/Eci3/Abcb11/Scp2/Crat"
"GO:0098754","GO:0098754","detoxification",60,-0.338946001793375,-1.36794512270298,0.0599613152804642,0.23114858180637,0.18613945201569,2639,"tags=43%, list=26%, signal=32%","Nfe2l2/Gpx3/Rdh11/Cat/Gpx4/Txnrd1/Sesn2/Prdx1/Oscp1/Prdx4/Mgst3/Aldh2/Esd/Rab29/Prdx3/Sod1/Sod2/Cygb/Trp53inp1/Abcc1/Mt4/Park7/Sesn1/Gstk1/Cp/Ptgs1"
"GO:0022904","GO:0022904","respiratory electron transport chain",74,-0.324240338277454,-1.36496158911377,0.0599613152804642,0.23114858180637,0.18613945201569,2223,"tags=38%, list=22%, signal=30%","Ndufa10/Coa6/Ndufb9/Cox4i1/mt-Nd6/Sco2/Cox7b2/Uqcrh/Etfdh/Ndufs3/Uqcr11/Sod2/Sdhb/Ndufa12/Sdhd/Uqcr10/Pm20d1/Cycs/Ndufs1/Ndufs6/Uqcrc1/Ndufa5/Ndufa8/Ndufv3/Park7/Uqcrb/Dld/Coq7"
"GO:0051123","GO:0051123","RNA polymerase II preinitiation complex assembly",47,-0.355733803877066,-1.36315915808505,0.0594741719851575,0.23114858180637,0.18613945201569,2741,"tags=40%, list=27%, signal=30%","Med23/Tbp/Med14/Med8/Gtf2f2/Med16/Med28/Taf13/Taf10/Taf12/Med20/Med9/Gtf2b/Psmc6/Med17/Med22/Taf9/Med31/Taf7"
"GO:0006354","GO:0006354","DNA-templated transcription elongation",95,-0.294715923145748,-1.30430695196013,0.0593692022263451,0.23114858180637,0.18613945201569,2579,"tags=43%, list=25%, signal=33%","Ctnnb1/Rnf8/Polr1d/Recql5/Setd2/Eaf1/Med23/Med14/Polr2m/Med8/Pwwp2b/Gtf2f2/Med16/Med28/Gtf2h5/Nelfb/Eaf2/Polr2e/Pcid2/Nelfe/Ccnt1/Tcea2/Ccnk/Med20/Ercc3/Eloa/Med9/Med17/Sirt6/Med22/Leo1/Map2k1/Ubtf/Supt6/Med31/Ncbp2/Cdk9/Glyr1/Zc3h4/Eny2/Cbx7"
"GO:1902107","GO:1902107","positive regulation of leukocyte differentiation",112,0.281960792124244,1.29969904350858,0.0598290598290598,0.23114858180637,0.18613945201569,2273,"tags=35%, list=22%, signal=27%","Foxo3/Asxl2/Ppp3ca/Arid1a/Rasgrp1/Sox12/Ppargc1b/Ambra1/Sox13/Ep300/Zmiz1/Ninj1/Socs1/Ap3d1/Eeig1/Arid2/Notch2/Itpkb/Egr3/Gpr68/Tox/Sox4/Rhoh/Smarca4/Pbrm1/Hsf1/Klf10/Cd74/Xrcc6/Ripk1/Sash3/Ptprc/Gsk3b/Gas6/Pik3r6/Smarcd2/Irf1/Gli3/Nfkbiz"
"GO:1903708","GO:1903708","positive regulation of hemopoiesis",112,0.281960792124244,1.29969904350858,0.0598290598290598,0.23114858180637,0.18613945201569,2273,"tags=35%, list=22%, signal=27%","Foxo3/Asxl2/Ppp3ca/Arid1a/Rasgrp1/Sox12/Ppargc1b/Ambra1/Sox13/Ep300/Zmiz1/Ninj1/Socs1/Ap3d1/Eeig1/Arid2/Notch2/Itpkb/Egr3/Gpr68/Tox/Sox4/Rhoh/Smarca4/Pbrm1/Hsf1/Klf10/Cd74/Xrcc6/Ripk1/Sash3/Ptprc/Gsk3b/Gas6/Pik3r6/Smarcd2/Irf1/Gli3/Nfkbiz"
"GO:0017158","GO:0017158","regulation of calcium ion-dependent exocytosis",35,0.39711200182262,1.42713629801379,0.0602409638554217,0.231931538096477,0.186769951470431,1241,"tags=26%, list=12%, signal=23%","Syt10/Cacna1h/Cacna1g/Scamp5/Syt1/Doc2b/Cacna1i/Cbarp/Kcnb1"
"GO:0043039","GO:0043039","tRNA aminoacylation",36,-0.389381793552621,-1.39486680548793,0.0604838709677419,0.232276462651785,0.187047712498467,2892,"tags=44%, list=28%, signal=32%","Yars1/Hars1/Ears2/Mars2/Pars2/Lars2/Gars1/Gatc/Dars2/Rars1/Wars1/Aarsd1/Farsb/Aars2/Lars1/Kars1"
"GO:0043462","GO:0043462","regulation of ATP-dependent activity",40,-0.369895177365184,-1.35592432549636,0.0604166666666667,0.232276462651785,0.187047712498467,2313,"tags=40%, list=23%, signal=31%","Dnajc24/Tnnt3/Sumo1/Pxk/Ppif/Dnajb1/Hspa2/Ltf/Msh2/Myh6/Chtop/Dnajb11/Msh6/Ssbp1/Ublcp1/Pfn2"
"GO:0050848","GO:0050848","regulation of calcium-mediated signaling",62,0.323511222762176,1.34020076661161,0.0606060606060606,0.23240006559146,0.187147247538998,2178,"tags=35%, list=21%, signal=28%","Calcr/Grm5/Ppp3ca/Slc24a4/Ramp3/Itpr1/Htr2c/Negr1/Rcan1/Akap5/Exoc4/Car8/Sppl3/Atp2b4/Homer3/Ptbp1/Homer2/Ptprc/Gsk3b/Nfat5/Igf1/Mtor"
"GO:0046620","GO:0046620","regulation of organ growth",76,0.309181112071168,1.33125735215404,0.0606694560669456,0.23240006559146,0.187147247538998,2178,"tags=30%, list=21%, signal=24%","Foxp1/Prox1/Kcnk2/Cacna1c/Ccnd2/Cacna2d2/Tcf7l2/Ep300/Ptk2/Ctdp1/Nr3c1/Col14a1/Erbb4/Lats1/Tgfbr3/Bmpr1a/Ybx3/Sash3/Adrb1/Vgll4/Igf1/Hey2/Mtor"
"GO:0070897","GO:0070897","transcription preinitiation complex assembly",53,-0.345530945149007,-1.3646250411588,0.0607843137254902,0.232546048722519,0.187264804911864,2741,"tags=40%, list=27%, signal=29%","Med23/Tbp/Med14/Med8/Gtf2f2/Med16/Med28/Taf13/Taf10/Taf12/Med20/Med9/Rrn3/Gtf2b/Psmc6/Smarcb1/Med17/Med22/Taf9/Med31/Taf7"
"GO:0051310","GO:0051310","metaphase chromosome alignment",69,-0.323993558233709,-1.35306294937752,0.0611854684512428,0.233785585633374,0.188262979849978,2178,"tags=30%, list=21%, signal=24%","Chmp5/Nsl1/Rb1/Chmp4b/Spice1/Chmp2a/Ttl/Bub3/Ska2/Abraxas1/Cdca8/Chmp7/Vps4b/Mlh1/Spc25/Chmp2b/Chmp3/Racgap1/Mis12/Chmp1b2/Brca2"
"GO:0006941","GO:0006941","striated muscle contraction",99,0.296090520308848,1.33330517401866,0.0621343883548495,0.236814083918483,0.190701770548217,1871,"tags=30%, list=18%, signal=25%","Kcnq1/Fgf13/Sgcd/Cacna1h/Kcne2/Kcnd3/Cacna1c/Akap9/Prkd1/Agrn/Cacna1d/Slc8a3/Hdac4/Met/Cacnb2/Dmd/Scn2b/Atp1b1/Rnf207/Ank2/Slc8a1/Adrb2/Large1/Cacna2d1/Adora1/Chga/Stac/Adrb1/Atp1a1/Hcn4"
"GO:0032271","GO:0032271","regulation of protein polymerization",132,0.270076227890931,1.2715550660756,0.0620842572062084,0.236814083918483,0.190701770548217,2223,"tags=29%, list=22%, signal=23%","Pecam1/Nck2/Dbn1/Fhod3/Prkcd/Cracd/Tenm1/Nav3/Svil/Add3/Ambra1/Akap9/Prex1/Cdkn1b/Arhgef7/Met/Prkce/Togaram1/Kank4/Arf6/Lats1/Pde4dip/Capza2/Tbcd/Vill/Kirrel1/Eps8/Map2/Slain1/Daam2/Cyfip2/Add1/Slit2/Grb2/Ssh2/Abl1/Mtor/Clasp2"
"GO:0015868","GO:0015868","purine ribonucleotide transport",22,-0.463060620141024,-1.46257053020469,0.0628683693516699,0.238227978385796,0.191840352231466,3430,"tags=64%, list=33%, signal=42%","Gja1/Slc25a4/Slc25a42/Shoc2/Abcc6/Slc25a25/Lrrc8c/Slc35b2/Lrrc8b/Abcc4/Slc35b3/Abcc5/Slc25a17/Calhm2"
"GO:0120009","GO:0120009","intermembrane lipid transfer",20,-0.470623836598321,-1.43926263112572,0.0627450980392157,0.238227978385796,0.191840352231466,1861,"tags=30%, list=18%, signal=25%","Abca3/Cptp/Tnfaip8l3/Pitpnb/Esyt1/Scp2"
"GO:0050680","GO:0050680","negative regulation of epithelial cell proliferation",94,0.302578310572092,1.3451117929105,0.062943078875737,0.238227978385796,0.191840352231466,2806,"tags=38%, list=27%, signal=28%","Robo1/Ghrl/Drd2/B2m/Rap1gap/Wdr77/Gpc3/Cask/Cdkn1b/Col4a3/Nr2f2/Tgfbr3/Ptprm/Dab2ip/Hsf1/Mtss1/Tgfb2/Cdkn1c/Cdk6/Atoh8/Zeb1/Sulf1/Efnb2/Ptprk/Ar/Nfatc1/Pex2/Celf1/Lrp6/Pax6/Stk3/Fgfr3/Ift57/Kdf1/Cd109/Lims1"
"GO:0030510","GO:0030510","regulation of BMP signaling pathway",70,0.317943085906807,1.34291482160076,0.0626304801670146,0.238227978385796,0.191840352231466,2274,"tags=34%, list=22%, signal=27%","Ube2o/Smurf2/Sox11/Bmper/Hipk2/Gpc3/Tcf7l2/Neo1/Smad6/Gpr155/Fstl5/Fstl1/Ski/Chrd/Notch2/Fzd1/Tgfbr3/Htra1/Lemd2/Sulf1/Crim1/Lrp2/Abl1/Elapor2"
"GO:0060021","GO:0060021","roof of mouth development",63,0.323438277978761,1.34243095644032,0.0628803245436105,0.238227978385796,0.191840352231466,2267,"tags=37%, list=22%, signal=29%","Chd7/Acvr2b/Gabrb3/B3glct/Sox11/Wnt7a/Bcor/Tshz1/Ski/Itgb8/Arid5b/Dlx5/Fzd1/Tgfbr3/Bmpr1a/Dhrs3/Tgfb2/Ephb3/Ankrd11/Ephb2/Wnt11/Lrp6/Gli3"
"GO:0000070","GO:0000070","mitotic sister chromatid segregation",127,-0.278378730828336,-1.2803295589732,0.0629770992366412,0.238227978385796,0.191840352231466,2194,"tags=31%, list=21%, signal=25%","Tpx2/Chmp5/Nsl1/Psmg2/Rb1/Anapc7/Mybl2/Cdc16/Pcid2/Chmp4b/Spice1/Cep192/Bccip/Kif3b/Chmp2a/Bub3/Ran/Kntc1/Prpf4b/Ska2/Abraxas1/Ncapg/Cdca8/Chmp7/Lcmt1/Mzt1/Gen1/Vps4b/Spc25/Dync1li1/Usp44/Chmp2b/Chmp3/Racgap1/Mis12/Chmp1b2/Cltc/Trip13/Smarca5/Chek2"
"GO:0060840","GO:0060840","artery development",73,0.318093962731874,1.36404443405515,0.0633901145013332,0.238302787765558,0.191900594768304,2369,"tags=38%, list=23%, signal=30%","Robo1/Chd7/Acvr2b/Prox1/Smad6/Nfatc3/Zmiz1/Bmpr2/Robo2/Akt3/Hectd1/Arid2/Chrd/Eya1/Enpp1/Sox4/Bmpr1a/Smarca4/Tgfb2/Ndst1/Efnb2/Myh10/Wnt11/Hey2/Srf/Lrp2/Gli3/Cntrl"
"GO:0048255","GO:0048255","mRNA stabilization",49,0.350177934682849,1.35689188515485,0.0631163708086785,0.238302787765558,0.191900594768304,3302,"tags=53%, list=32%, signal=36%","Rbm38/Igf2bp3/Elavl1/Qki/Boll/Hnrnpd/Tent4a/Rbm24/Axin2/Ptbp1/Slc11a1/Thrap3/Syncrip/Tardbp/Hnrnpu/Mtor/Tent5a/Igf2bp1/Larp4b/Ybx1/Dicer1/Taf15/Tirap/Myd88/Nrde2/Vegfa"
"GO:0030308","GO:0030308","negative regulation of cell growth",115,0.279401794536698,1.29165255674118,0.0631578947368421,0.238302787765558,0.191900594768304,2347,"tags=31%, list=23%, signal=24%","Sema3f/Sertad2/Foxp1/Bcl2/Fgf13/Hnf4a/Ntn1/Sema3a/Ptprs/Slit3/Cdkn1b/Bcl11a/Bmpr2/Smad3/Ctdp1/Ip6k2/Epha7/Rerg/Enpp1/Naif1/Smarca4/Dab2ip/Tgfb2/Tnr/Dcun1d3/Map2/Vgll4/Ei24/Slit2/Gng4/Wnt11/Caprin2/Sema5a/Ulk1/Spag9/Dnajc2"
"GO:0001539","GO:0001539","cilium or flagellum-dependent cell motility",123,-0.273965579306868,-1.25960665711876,0.0633147113594041,0.238302787765558,0.191900594768304,1837,"tags=22%, list=18%, signal=18%","Dnai3/Rsph3b/Dnali1/Rsph1/Tpgs1/Cfap70/Dnaaf6/Vdac3/Mkks/Tubb4b/Dnah12/Spag16/Cfap144/Tcte1/Cfap69/Slirp/Spag6l/Anxa5/Dnah8/Ttll1/Kif9/Dnah17/Cfap20/Slc9b1/Tekt1/Ube2b/Rsph14"
"GO:0060285","GO:0060285","cilium-dependent cell motility",123,-0.273965579306868,-1.25960665711876,0.0633147113594041,0.238302787765558,0.191900594768304,1837,"tags=22%, list=18%, signal=18%","Dnai3/Rsph3b/Dnali1/Rsph1/Tpgs1/Cfap70/Dnaaf6/Vdac3/Mkks/Tubb4b/Dnah12/Spag16/Cfap144/Tcte1/Cfap69/Slirp/Spag6l/Anxa5/Dnah8/Ttll1/Kif9/Dnah17/Cfap20/Slc9b1/Tekt1/Ube2b/Rsph14"
"GO:0051148","GO:0051148","negative regulation of muscle cell differentiation",44,0.369517023143617,1.39555624909744,0.064,0.240297397769517,0.193506815365551,2155,"tags=39%, list=21%, signal=31%","Foxp1/Ccnd2/Rcan1/Nfatc3/Bmpr2/Hdac4/Smad1/Sox6/Ctdp1/Ezh2/Bmpr1a/Bhlhe41/Ptbp1/Bdnf/Ankrd17/Nfatc1/Hey2"
"GO:0061462","GO:0061462","protein localization to lysosome",42,-0.366485170219028,-1.36742777779287,0.0642570281124498,0.240963855421687,0.194043500735616,2274,"tags=36%, list=22%, signal=28%","Hspa8/Sorl1/Szt2/Ncoa4/Hgs/Sort1/Akt1/Rragc/Lhcgr/Meak7/Lmbrd1/Glmp/Lamp2/M6pr/Gga3"
"GO:0033002","GO:0033002","muscle cell proliferation",171,0.262718571373035,1.27732823745283,0.0645161290322581,0.241636428884724,0.194585111049085,2178,"tags=26%, list=21%, signal=21%","Pde1a/Tenm4/Tafa5/Foxp1/Mef2d/Prkg1/Egfr/Igf1r/Kcnk2/Smpd3/Pdgfd/Ccnd2/Ephb1/Cdkn1b/Tcf7l2/Bmpr2/Hdac4/Tacr1/Gna13/Paxbp1/Smad1/Ptk2/Igfbp5/Ski/Arid2/Erbb4/Enpp1/Ppargc1a/Tgfbr3/Bmpr1a/Xrcc6/Tgfb2/Map3k7/Calcrl/Ndc80/Rxra/Vgll4/Sulf1/Gsk3b/Myh10/Igf1/Gna12/Hey2/Abl1/Mtor"
"GO:0060306","GO:0060306","regulation of membrane repolarization",20,0.471678831094953,1.44401213311343,0.0650406504065041,0.242581715757986,0.195346332161546,1740,"tags=40%, list=17%, signal=33%","Kcnq1/Kcne2/Akap9/Cacna1d/Rnf207/Ank2/Cacna2d1/Akap7"
"GO:0010463","GO:0010463","mesenchymal cell proliferation",33,0.401228813718744,1.42602114806915,0.0650887573964497,0.242581715757986,0.195346332161546,2246,"tags=36%, list=22%, signal=28%","Foxp2/Foxp1/Gpc3/Bmp7/Chrd/Bmpr1a/Phf14/Irs1/Lrp5/Zeb1/Wnt11/Lrp6"
"GO:0021695","GO:0021695","cerebellar cortex development",53,0.342882340193384,1.35109186268204,0.0650406504065041,0.242581715757986,0.195346332161546,1814,"tags=32%, list=18%, signal=27%","Foxp2/Prox1/Wnt7a/Cntnap2/Klhl1/Nrxn1/Grid2/Atp2b2/Rora/Ttbk2/Ogdh/Faim2/Ezh2/Whrn/Ldb1/Kif14/Gba1"
"GO:0007009","GO:0007009","plasma membrane organization",103,-0.28934093915012,-1.29483661885073,0.0649350649350649,0.242581715757986,0.195346332161546,2388,"tags=38%, list=23%, signal=29%","Pacsin3/Ehd2/Cxcr4/Crb1/Hdac3/Chmp5/Ano5/Stx2/Degs1l/Fer1l6/Bin1/Rab3a/Akt2/Chmp4b/Gsn/Akt1/Pacsin2/Colec12/Chmp2a/Myrf/Tmem41b/Ndrg1/Sod1/Nherf1/Hyal5/Chmp7/Myof/Arv1/Vps4b/Pacsin1/Xkr7/A4galt/Chmp2b/Chmp3/Micall1/Vdac2/Plscr5/Chmp1b2/Bin3"
"GO:0031929","GO:0031929","TOR signaling",140,-0.270086165163961,-1.2691646106206,0.0651769087523277,0.242611834790606,0.195370586432039,2035,"tags=28%, list=20%, signal=23%","Pdcd6/Src/Szt2/Mfsd8/Hif1a/Xbp1/Zmpste24/Sar1b/Tiprl/Bmal1/Ddit4/Akt1/Pik3ca/Prr5l/Ube2d1/Rragc/Atxn3/Itfg2/Dyrk3/Prkaa2/Tnfaip8l1/Tsc2/Meak7/Otub1/Ywhaz/Smcr8/Endog/Tbc1d7/Lars1/Tbk1/Ogt/Mios/Sec13/Sesn1/Rps6kb1/Npc1/Shq1/Kdr/Mat2a"
"GO:0140029","GO:0140029","exocytic process",80,-0.309603360699527,-1.33115046944156,0.0652985074626866,0.2427662301987,0.195494918047798,1346,"tags=24%, list=13%, signal=21%","Stx1a/Syngr3/Synj1/Efr3a/Exoc1/Snap23/Ywhaz/Rph3a/Cadps2/Snx4/Snap29/Snap47/Rab8a/Stx19/Napb/Vps18/Sv2a/Vps11/Vamp1"
"GO:0005977","GO:0005977","glycogen metabolic process",61,-0.338146546319475,-1.37123869902546,0.0657640232108317,0.2438983969753,0.196406629907502,1815,"tags=28%, list=18%, signal=23%","Akt2/Gaa/Akt1/Gfpt1/Wipi2/Pygb/Nhlrc1/Wipi1/Slc37a4/Gabarapl1/Insr/Ptges3/Pgm1/Comt/Inpp5k/Pgm2/Ugp2"
"GO:0019395","GO:0019395","fatty acid oxidation",74,-0.320736122865453,-1.35020981744102,0.0657640232108317,0.2438983969753,0.196406629907502,2824,"tags=39%, list=28%, signal=29%","Acaa1b/Pex13/Dgat2/Bdh2/Mapk14/Abcc9/Adipor1/Sesn2/Phyh/Decr1/Akt2/Hacl1/Akt1/Etfdh/Pex5/Cygb/Ppard/Tysnd1/Hadha/Pdk4/Dbi/Acadl/Cpt1a/Slc25a17/Eci3/Klhl25/Abcb11/Scp2/Crat"
"GO:0007129","GO:0007129","homologous chromosome pairing at meiosis",25,-0.436223810178122,-1.43637430752041,0.066147859922179,0.244095756844972,0.196565559967568,828,"tags=28%, list=8%, signal=26%","Mlh1/Rec8/1700028K03Rik/Ccne1/Mlh3/Trip13/Ube2b"
"GO:0006821","GO:0006821","chloride transport",76,0.318735093281315,1.37239443081693,0.0663784258060848,0.244095756844972,0.196565559967568,2537,"tags=36%, list=25%, signal=27%","Cftr/Gabra5/Kcnk2/Gabrb3/Glra3/Ano6/Ttyh3/Gabra1/Gabra3/Slc26a7/Gabrg3/Gabrp/Slc4a1/Ano3/Chrm5/Gabre/Oca2/Ano2/Glra1/Gabra2/Slc4a3/Clic5/Best3/Slc12a4/Clcn3/Clcn4/Glra2"
"GO:0090288","GO:0090288","negative regulation of cellular response to growth factor stimulus",74,0.310235587961562,1.33103856355304,0.065979381443299,0.244095756844972,0.196565559967568,2174,"tags=34%, list=21%, signal=27%","Dcn/Smurf2/Ptprf/Gpc1/Bmper/Hipk2/Cask/Tcf7l2/Smad6/Gpr155/Ski/Chrd/Fzd1/Atp2b4/Dab2ip/Shisa2/Htra1/Lemd2/Epn2/Sulf1/Fgfrl1/Crim1/Slit2/Lrp2/Abl1"
"GO:0002449","GO:0002449","lymphocyte mediated immunity",121,0.2756628979599,1.28936150367198,0.0663811563169165,0.244095756844972,0.196565559967568,2508,"tags=31%, list=24%, signal=23%","Tap1/Irf7/Cadm1/B2m/Tap2/Prkcd/Rasgrp1/C8b/Ctsh/Dennd1b/Serping1/Ptpn6/Shld2/Fcrlb/Enpp1/Fbxo38/Dusp22/Card9/Slc11a1/Cd74/Kmt5b/Atad5/Map3k7/Susd4/Sash3/Gba1/Ptprc/Pms2/Sanbr/Pik3r6/Grb2/Ephb6/Nfkbiz/Gfus/Hmces/Nbn/Ctsc"
"GO:0051588","GO:0051588","regulation of neurotransmitter transport",88,0.293200936643743,1.28890607757485,0.0660980810234542,0.244095756844972,0.196565559967568,890,"tags=18%, list=9%, signal=17%","Drd2/Mctp2/Grm8/Nlgn1/Wnt7a/Htr2c/Kcnh1/Ppfia2/Cacna1e/Cacna1b/Rab3b/Syt1/Cask/Cacna1d/Stxbp5l/Adora2a"
"GO:1903305","GO:1903305","regulation of regulated secretory pathway",99,0.285082690036373,1.28373655884752,0.0663811563169165,0.244095756844972,0.196565559967568,3274,"tags=47%, list=32%, signal=33%","Syt10/Cacna1h/Nlgn1/Wnt7a/Kcnh1/Ppfia2/Cacna1g/Scamp5/Cacna1e/Syt1/Cask/Cacna1d/Doc2b/Cacna1i/Stxbp5l/Rims3/Cbarp/Kcnb1/Htr1d/Bcr/Rab15/Syt6/Syt17/Syt13/Crhr1/Cacnb4/Rac2/Fmr1/Prkca/P2ry1/Stxbp1/Rims2/Rims4/Rims1/Syt11/Gab2/Braf/Pdpk1/Stxbp5/Vamp2/Hyal3/Ap1g1/Syt15/Unc13d/Gnai2/Fbxl20/Fcer1g"
"GO:0001667","GO:0001667","ameboidal-type cell migration",179,0.251959003547164,1.23589137567932,0.0663811563169165,0.244095756844972,0.196565559967568,2420,"tags=34%, list=24%, signal=26%","Sema3f/Epb41l4b/Smurf2/Prox1/Sema4g/Fndc3b/Dock5/Ptprr/Ptprg/Ctsh/Sema3a/Plcg1/Gpc3/Pdlim1/Sash1/Bmpr2/Tacr1/Amotl1/Gna13/Map4k4/Prkce/Ptk2/Arf6/Bmp7/Sox8/Erbb4/Arid5b/Adam9/Pkn2/Slc8a1/Tgfbr3/Sema6b/Dab2ip/Acvr1/Tgfb2/Fut8/Cdh2/Radil/Irs1/Lrp5/Itgb1bp1/Fermt1/Ankrd11/Daam2/Ythdf3/Iqsec1/Efnb1/Gna12/Mtor/Appl2/Clasp2/Calr/Lrp6/Sema5a/Pmp22/Nanos1/Pax6/Rffl/Ret/Clasp1"
"GO:0002832","GO:0002832","negative regulation of response to biotic stimulus",59,0.336955419865791,1.37562682045403,0.0666664519556957,0.244847696273646,0.197171082147755,2146,"tags=34%, list=21%, signal=27%","Tap1/Drd2/Nmi/Tap2/Stat2/Parp14/Samhd1/Smpdl3b/Adar/Serping1/Traf3ip1/Ptpn6/Grn/Gigyf2/Htra1/Susd4/Tyro3/Ythdf3/Eif4e2/Parp1"
"GO:0006783","GO:0006783","heme biosynthetic process",22,-0.461174546686347,-1.45661339342253,0.0667976424361493,0.245032514021226,0.197319912281119,3061,"tags=55%, list=30%, signal=38%","Abcb7/Hnf1a/Ppox/Pgrmc1/Uros/Ireb2/Alas1/Srrd/Tmem14a/Cpox/Tmem14c/Snx3"
"GO:0003171","GO:0003171","atrioventricular valve development",20,0.469620250542527,1.43770993106677,0.0670731707317073,0.245448921880523,0.197655237421939,1566,"tags=40%, list=15%, signal=34%","Slit3/Smad6/Bmpr2/Axin2/Sox4/Bmpr1a/Acvr1/Tgfb2"
"GO:0003181","GO:0003181","atrioventricular valve morphogenesis",20,0.469620250542527,1.43770993106677,0.0670731707317073,0.245448921880523,0.197655237421939,1566,"tags=40%, list=15%, signal=34%","Slit3/Smad6/Bmpr2/Axin2/Sox4/Bmpr1a/Acvr1/Tgfb2"
"GO:0090090","GO:0090090","negative regulation of canonical Wnt signaling pathway",94,0.29108486034513,1.29401766322128,0.0672451193058568,0.245781316642637,0.197922908451497,2559,"tags=31%, list=25%, signal=23%","Foxo3/Foxo1/Ptpro/Rbms3/Gpc3/Sox13/Tcf7l2/Shisa6/Ccdc88c/Lats1/Fzd1/Axin2/Dab2ip/Cdh2/Lrp4/Bicc1/Fermt1/Gsk3b/Prkn/Lzts2/Wnt11/Amer2/Notum/Gli3/Kremen1/Tle7/Stk3/Rapgef1/Dkk3"
"GO:0070555","GO:0070555","response to interleukin-1",62,0.322144193997603,1.33453761532239,0.0686868686868687,0.25074844833881,0.201922842886698,1034,"tags=21%, list=10%, signal=19%","St18/Rps6ka5/Rc3h1/Saa3/Plcb1/Rbmxl1/Nfkb1/Ep300/Hdac4/Mapk13/Rora/Smpd1/Tank"
"GO:0050654","GO:0050654","chondroitin sulfate proteoglycan metabolic process",28,0.423192795771182,1.43760978682688,0.0689655172413793,0.250858964275365,0.202011839218446,2118,"tags=39%, list=21%, signal=31%","Chst11/Ext1/B4galnt4/Chsy1/Csgalnact2/Dsel/Galns/Csgalnact1/Bpnt2/Chst12/Igf1"
"GO:0050772","GO:0050772","positive regulation of axonogenesis",77,0.302473538997147,1.30675036719593,0.0688935281837161,0.250858964275365,0.202011839218446,945,"tags=19%, list=9%, signal=18%","Cdh4/Robo1/Dscam/Dbn1/Ntrk3/Plxnb2/Chodl/Cdkl5/Ntn1/Bcl11a/Ep300/Bmpr2/Robo2/Adnp/Trpc5"
"GO:0032388","GO:0032388","positive regulation of intracellular transport",113,-0.280072876641401,-1.27566983456937,0.068901303538175,0.250858964275365,0.202011839218446,2362,"tags=35%, list=23%, signal=27%","Tbc1d20/Kif3a/Mapk14/Ipo5/Nf2/Ehd2/Ice1/Hdac3/Ywhae/Sorl1/Stx18/Mlc1/Ezr/Xbp1/Oaz2/Tm9sf4/Prr5l/Rab29/Jup/Nutf2/Ran/Prpf4b/Bag3/Rbm22/Ppm1a/Ergic3/Prkcq/Msn/Pdcd5/Sirt6/Tnfrsf1a/Pgap1/Ncbp2/Arf1/Dctn1/Eif3e/Rab21/Scp2/Vps11"
"GO:0070972","GO:0070972","protein localization to endoplasmic reticulum",55,-0.340918002077732,-1.35400115544696,0.0693069306930693,0.251798561151079,0.202768478286678,2538,"tags=31%, list=25%, signal=23%","Spcs3/Zfand2a/Srp68/Ywhae/Lrrk2/Sec61g/Sec61b/Sec61a1/Chmp4b/Srp9/Akt1/Srp72/Get4/Sec16a/Gabarapl2/Srp54c/Rer1"
"GO:0120161","GO:0120161","regulation of cold-induced thermogenesis",92,0.294686442675921,1.30499292335195,0.06941431670282,0.251886682167119,0.202839440425007,495,"tags=13%, list=5%, signal=13%","Plcl1/Esrrg/Ghrl/Acvr2b/Nova1/Ehmt1/Igf1r/Zfp516/Adamts5/Ppargc1b/Ksr2/Pemt"
"GO:0007520","GO:0007520","myoblast fusion",25,0.432739132481297,1.42678496283464,0.069672131147541,0.252519805474939,0.203349282296651,996,"tags=24%, list=10%, signal=22%","Adgrb3/Adamts5/Adgrb1/Dock5/Neo1/Ptgfrn"
"GO:0050730","GO:0050730","regulation of peptidyl-tyrosine phosphorylation",124,0.270069559942396,1.26818660366495,0.0700636942675159,0.253635595735452,0.204247806466833,2250,"tags=30%, list=22%, signal=24%","Epha4/Pecam1/Hnf4a/Egfr/Prkcd/Zfyve28/Parp14/Pdgfd/Abi2/Agrn/Fyn/Pdgfc/Adnp/Prkce/Socs1/Traf3ip1/Ptpn6/Bmp6/Ptprz1/Erbb4/Epha7/Dusp22/Yes1/Inpp5f/Hsf1/Acvr1/Cd74/Lrp4/Aplp2/Ptprc/Fbxw7/Igf1/Abl1/Mtor/Rap2c/Ggnbp2/Irf1"
"GO:0120163","GO:0120163","negative regulation of cold-induced thermogenesis",30,0.41131683999104,1.42855079309291,0.0703125,0.254232547732697,0.204728520286396,860,"tags=17%, list=8%, signal=15%","Plcl1/Acvr2b/Nova1/Adamts5/Qki"
"GO:0010765","GO:0010765","positive regulation of sodium ion transport",28,0.419209305091226,1.42407764439803,0.0709939148073022,0.255216997620502,0.205521278611889,1385,"tags=39%, list=14%, signal=34%","Fgf13/Fgf14/Plcb1/Ank3/Wnk2/Fgf12/Dmd/Scn2b/Atp1b1/Akt3/Adrb2"
"GO:0072132","GO:0072132","mesenchyme morphogenesis",33,0.397597469718364,1.41311486326757,0.0710059171597633,0.255216997620502,0.205521278611889,2392,"tags=36%, list=23%, signal=28%","Robo1/Adamts5/Robo2/Smad3/Exoc4/Bmp7/Bmpr1a/Acvr1/Tgfb2/Cplane2/Wnt11/Bmp5"
"GO:0046622","GO:0046622","positive regulation of organ growth",39,0.378683687477642,1.40535544390211,0.0708812260536398,0.255216997620502,0.205521278611889,2178,"tags=36%, list=21%, signal=28%","Prox1/Ccnd2/Cacna2d2/Ep300/Nr3c1/Erbb4/Tgfbr3/Bmpr1a/Ybx3/Sash3/Adrb1/Igf1/Hey2/Mtor"
"GO:0003407","GO:0003407","neural retina development",50,0.347218869512702,1.35169296872608,0.0710059171597633,0.255216997620502,0.205521278611889,1566,"tags=28%, list=15%, signal=24%","Sdk2/Six3/Dscam/Fat3/Megf11/Zhx2/Thrb/Hipk2/Sox8/Ush1c/Atp2b4/Large1/Ptprm/Tgfb2"
"GO:0006858","GO:0006858","extracellular transport",45,-0.352401831292419,-1.34490316168866,0.0708661417322835,0.255216997620502,0.205521278611889,1793,"tags=29%, list=17%, signal=24%","Rsph3b/Stk36/Aqp4/Rsph1/Daw1/Nherf1/Spag16/Arrdc1/Katnip/Spag6l/Ttll1/Ak7/Rsph14"
"GO:0032369","GO:0032369","negative regulation of lipid transport",23,-0.445033186239744,-1.41395938805408,0.0712871287128713,0.255924170616114,0.20609075125522,2083,"tags=43%, list=20%, signal=35%","Ptpn11/Akt2/Akt1/Atp5pf/Hbp1/Agtr2/Tspo/Pla2r1/Cry1/Itgav"
"GO:0060421","GO:0060421","positive regulation of heart growth",29,0.416580349972563,1.42407129023351,0.0717131474103586,0.256844960583199,0.206832245486141,2178,"tags=38%, list=21%, signal=30%","Prox1/Ccnd2/Ep300/Nr3c1/Erbb4/Tgfbr3/Bmpr1a/Adrb1/Igf1/Hey2/Mtor"
"GO:0006520","GO:0006520","amino acid metabolic process",193,-0.254353825234662,-1.24657394530935,0.0716911764705882,0.256844960583199,0.206832245486141,3278,"tags=40%, list=32%, signal=28%","Pcmt1/Srr/Cth/Acy1/Acat1/Etfa/Gstz1/Mtr/Adss2/Spr/Bckdha/Adss1/Aasdh/Bckdk/Oaz1/Yars1/Ggt1/Hars1/Bloc1s6/Gpt2/Tdo2/Ears2/Aasdhppt/Asl/Mars2/Pars2/Cad/P4ha1/Fh1/Blmh/Txnrd1/Lars2/Gars1/Gatc/Dars2/Prdx4/Got1/Enoph1/Rars1/Wars1/Psph/Aarsd1/Asns/Arg2/Got2/Gclc/Asnsd1/Mccc1/Aadat/Pycr1/Tph2/Farsb/Mpst/Apip/Aldh5a1/Adi1/Nit2/Pm20d1/Aars2/Acadsb/Azin1/Lars1/Hibch/Oat/Mmut/Dbt/Park7/Dld/Glul/Nos1/Odc1/Dlst/Comt/Ppat/Kars1/P4hb/Aldh6a1"
"GO:0060236","GO:0060236","regulation of mitotic spindle organization",29,-0.413407093068924,-1.41237402606782,0.072,0.257567886658796,0.20741440377804,3337,"tags=62%, list=33%, signal=42%","Chmp6/Drg1/Dync1h1/Cep97/Sass6/Ccsap/Tpx2/Chmp5/Chmp4b/Chmp2a/Chmp7/Vps4b/Chmp2b/Chmp3/Rae1/Chmp1b2/Cltc/Dctn1"
"GO:0007606","GO:0007606","sensory perception of chemical stimulus",35,0.391693174244563,1.4076621811555,0.072289156626506,0.258109819270174,0.2078508115575,649,"tags=20%, list=6%, signal=19%","Asic2/Syt10/Drd2/B2m/Slc24a4/Cnga4/Gnal"
"GO:2001252","GO:2001252","positive regulation of chromosome organization",73,-0.316070442087592,-1.32626031620589,0.0724070450097847,0.258109819270174,0.2078508115575,2087,"tags=27%, list=20%, signal=22%","Naf1/Tnks/Ddx11/Nvl/Slf2/Actr8/Nfrkb/Cct2/Map3k4/Ruvbl1/Prkcq/Ncapg/Sirt6/Terf2ip/Nabp2/Slx4/Uchl5/Cct8/Ptges3/Hnrnpa2b1"
"GO:0001890","GO:0001890","placenta development",114,0.277477708338182,1.28166912935791,0.0723404255319149,0.258109819270174,0.2078508115575,2247,"tags=33%, list=22%, signal=26%","Ghrl/Arnt/Egfr/Arid1a/Stox2/St14/Cebpa/Ncoa1/Cdkn1b/Bmpr2/Met/Hs6st1/Bptf/Nr2f2/Dedd/Bmp7/Hectd1/Sp3/Plcd3/Notch2/Slc8a1/Pkd1/Etnk2/Tfeb/Spint2/Pbrm1/Hsf1/Wnt7b/Htra1/Cdkn1c/Rxra/Fbxw8/Mme/Grb2/Parp1/Hey2/Vash2/Ggnbp2"
"GO:0060603","GO:0060603","mammary gland duct morphogenesis",22,0.455108636683584,1.43372235029173,0.0730223123732252,0.258643396484108,0.208280490898094,2839,"tags=45%, list=28%, signal=33%","Robo1/Ntn1/Csmd1/Nr3c1/Lrp5/Ar/Slit2/Lrp6/Btrc/Ncoa3"
"GO:0032413","GO:0032413","negative regulation of ion transmembrane transporter activity",28,0.418663184735323,1.42222244275879,0.0730223123732252,0.258643396484108,0.208280490898094,1173,"tags=21%, list=11%, signal=19%","Kcnq1/Drd2/Kcne2/Agrn/Ank3/Cbarp"
"GO:0021696","GO:0021696","cerebellar cortex morphogenesis",33,0.395259459683307,1.40480526126394,0.0729783037475345,0.258643396484108,0.208280490898094,1814,"tags=39%, list=18%, signal=33%","Foxp2/Prox1/Wnt7a/Cntnap2/Nrxn1/Grid2/Atp2b2/Rora/Faim2/Whrn/Ldb1/Kif14/Gba1"
"GO:0001892","GO:0001892","embryonic placenta development",71,0.312282769752733,1.31910094709805,0.0729166666666667,0.258643396484108,0.208280490898094,2577,"tags=38%, list=25%, signal=29%","Arnt/Egfr/St14/Cebpa/Ncoa1/Hs6st1/Bptf/Nr2f2/Bmp7/Hectd1/Sp3/Plcd3/Slc8a1/Pkd1/Tfeb/Spint2/Hsf1/Wnt7b/Cdkn1c/Fbxw8/Grb2/Hey2/Vash2/Ggnbp2/Bmp5/Stk3/Zfat"
"GO:0032526","GO:0032526","response to retinoic acid",62,0.318385700767283,1.31896741202134,0.0727272727272727,0.258643396484108,0.208280490898094,2032,"tags=32%, list=20%, signal=26%","Drd2/Igfbp2/Tnc/Brinp3/Epha3/Tmem161a/Ctsh/Ncoa1/Tead1/Bmp6/Srebf1/Brinp1/Yes1/Gdap2/Brinp2/Map7/Rxra/Ptk7/Gsk3b/Add1"
"GO:0046631","GO:0046631","alpha-beta T cell activation",75,0.30659598502667,1.31791972354906,0.0730688935281837,0.258643396484108,0.208280490898094,2273,"tags=32%, list=22%, signal=25%","Bcl11b/Foxp1/Bcl2/Rc3h1/Ep300/Rora/Adora2a/Socs1/Ap3d1/Itpkb/Tox/Kmt2a/Rorc/Prr7/Sh3rf1/Sash3/Ptprc/Mapk8ip1/Ncor1/Abl1/Mtor/Irf1/Gli3/Nfkbiz"
"GO:0038202","GO:0038202","TORC1 signaling",87,-0.300082731710779,-1.3100840704982,0.0731707317073171,0.25870165352762,0.208327404160856,2129,"tags=31%, list=21%, signal=25%","Sesn2/Src/Szt2/Mfsd8/Sar1b/Akt1/Ube2d1/Rragc/Atxn3/Itfg2/Dyrk3/Prkaa2/Tsc2/Otub1/Ywhaz/Smcr8/Tbc1d7/Lars1/Tbk1/Ogt/Mios/Sec13/Sesn1/Rps6kb1/Npc1/Shq1/Mat2a"
"GO:0051321","GO:0051321","meiotic cell cycle",164,-0.261112302836696,-1.25117574408437,0.0733082706766917,0.258885850991114,0.208475734791524,1644,"tags=22%, list=16%, signal=19%","Rad51ap1/Aspm/Rsph1/M1ap/Tubgcp3/Hspa2/Bub3/Ednra/Ska2/Nsun2/Marf1/Chtf18/Fzr1/Cdc25a/BC005624/Lsm14b/Tubgcp2/Mlh1/Rec8/Slx4/Piwil1/1700028K03Rik/Insr/Dcaf13/Suv39h2/Ccne1/Mlh3/Trip13/Mapk1ip1/Orc4/Brca2/Mettl3/Tubgcp4/Ube2b/Spdya/Rec114"
"GO:0006826","GO:0006826","iron ion transport",35,-0.389124976370122,-1.38880537798926,0.0734126984126984,0.258952824435944,0.208529667202543,2279,"tags=40%, list=22%, signal=31%","Steap3/Myo1b/Hif1a/Heph/Ltf/Flvcr1/Mmgt1/Steap2/Slc41a2/Abcc5/Cltc/Nos1/Snx3/Cp"
"GO:0001952","GO:0001952","regulation of cell-matrix adhesion",81,0.30141356243911,1.30737393835774,0.0738396624472574,0.260156020017663,0.20949857717594,2810,"tags=41%, list=27%, signal=30%","Arhgap6/Bcl2/Epha3/Ptpra/Ajap1/Cask/Myoc/Peak1/Smad3/Ninj1/Map4k4/Dmd/Ptk2/Dusp22/Ldb1/Cdk6/Vcl/Itgb1bp1/Fermt1/Gsk3b/Pkhd1/Abl1/Clasp2/Rin2/Clasp1/Gfus/Tsc1/Rock1/Macf1/Pik3cb/Dlc1/Lims1/Ptprj"
"GO:0140374","GO:0140374","antiviral innate immune response",31,-0.40405203073739,-1.3874415311556,0.0743801652892562,0.261755982376825,0.21078699570939,1792,"tags=35%, list=17%, signal=29%","Hcfc2/Trim65/Phb2/Eif2ak2/Traf6/Akap1/Senp7/Usp44/Dhx15/Tbk1/Smarca5"
"GO:0001941","GO:0001941","postsynaptic membrane organization",43,0.366217446135508,1.3675279155352,0.0745967741935484,0.262213719033007,0.211155602125589,2105,"tags=37%, list=21%, signal=30%","Dbn1/Nlgn1/Lrrtm4/Nrxn1/Agrn/Lhfpl4/Magi2/Shisa6/Sorbs2/Rapsn/Gphn/Cdh2/Lrp4/Colq/Grip2/Ephb2"
"GO:0007292","GO:0007292","female gamete generation",99,-0.284405341720937,-1.25982276413012,0.0747663551401869,0.262505279345036,0.21139038996762,2031,"tags=29%, list=20%, signal=24%","Src/Magoh/Bmpr1b/Bcas2/Akt1/Sos1/Mdk/Aspm/M1ap/Ednra/Pde5a/Ska2/Mmp2/Marf1/Inhba/Lsm14b/Mlh1/Zfp830/Rec8/Dcaf13/Mlh3/Trip13/Orc4/Brca2/Mettl3/Mcm8/Kat8/Spdya/Rec114"
"GO:0055117","GO:0055117","regulation of cardiac muscle contraction",45,0.360513217632671,1.35967573103487,0.0748987854251012,0.262665879442195,0.211519718098665,1871,"tags=38%, list=18%, signal=31%","Kcnq1/Fgf13/Cacna1h/Cacna1c/Akap9/Agrn/Hdac4/Dmd/Atp1b1/Rnf207/Ank2/Slc8a1/Adora1/Chga/Adrb1/Atp1a1/Hcn4"
"GO:0060586","GO:0060586","multicellular organismal-level iron ion homeostasis",21,0.458329358415409,1.43102856118371,0.0758483033932136,0.262732749178532,0.211573566995254,1533,"tags=33%, list=15%, signal=28%","B2m/Eif2ak1/Cybrd1/Neo1/Btbd9/Bmp6/Slc11a1"
"GO:0086065","GO:0086065","cell communication involved in cardiac conduction",20,0.463151753672006,1.4179070750803,0.0752032520325203,0.262732749178532,0.211573566995254,1871,"tags=40%, list=18%, signal=33%","Kcnq1/Cacna1c/Cacna1d/Cacnb2/Ank2/Slc8a1/Cacna2d1/Hcn4"
"GO:0003298","GO:0003298","physiological muscle hypertrophy",34,0.394084347105909,1.40754716501742,0.0763052208835341,0.262732749178532,0.211573566995254,2178,"tags=41%, list=21%, signal=33%","Foxp1/Prkg1/Meis1/Ep300/Akap13/Sorbs2/Ctdp1/Nr3c1/Col14a1/Map2k4/Adrb1/Gsk3b/Igf1/Mtor"
"GO:0003301","GO:0003301","physiological cardiac muscle hypertrophy",34,0.394084347105909,1.40754716501742,0.0763052208835341,0.262732749178532,0.211573566995254,2178,"tags=41%, list=21%, signal=33%","Foxp1/Prkg1/Meis1/Ep300/Akap13/Sorbs2/Ctdp1/Nr3c1/Col14a1/Map2k4/Adrb1/Gsk3b/Igf1/Mtor"
"GO:0061049","GO:0061049","cell growth involved in cardiac muscle cell development",34,0.394084347105909,1.40754716501742,0.0763052208835341,0.262732749178532,0.211573566995254,2178,"tags=41%, list=21%, signal=33%","Foxp1/Prkg1/Meis1/Ep300/Akap13/Sorbs2/Ctdp1/Nr3c1/Col14a1/Map2k4/Adrb1/Gsk3b/Igf1/Mtor"
"GO:0021955","GO:0021955","central nervous system neuron axonogenesis",34,0.392968412973228,1.40356139411244,0.0763052208835341,0.262732749178532,0.211573566995254,2105,"tags=26%, list=21%, signal=21%","Epha4/Plxna4/Tsku/Ephb1/Ptk2/Ephb3/Dclk1/Slit2/Ephb2"
"GO:0009124","GO:0009124","nucleoside monophosphate biosynthetic process",34,-0.389372574388555,-1.38242307660584,0.0753968253968254,0.262732749178532,0.211573566995254,2002,"tags=41%, list=20%, signal=33%","Cad/Nme1/Tyms/Hprt1/Uckl1/Atic/Umps/Aprt/Gmps/Uck1/Ampd3/Ppat/Tk2/Upp1"
"GO:0036005","GO:0036005","response to macrophage colony-stimulating factor",35,0.384178882111598,1.38065740918282,0.0763052208835341,0.262732749178532,0.211573566995254,2105,"tags=49%, list=21%, signal=39%","Epha4/Egfr/Igf1r/Ntrk3/Epha3/Ephb1/Epha5/Met/Erbb4/Epha7/Epha6/Ros1/Pde1b/Alk/Ephb3/Tyro3/Ephb2"
"GO:0036006","GO:0036006","cellular response to macrophage colony-stimulating factor stimulus",35,0.384178882111598,1.38065740918282,0.0763052208835341,0.262732749178532,0.211573566995254,2105,"tags=49%, list=21%, signal=39%","Epha4/Egfr/Igf1r/Ntrk3/Epha3/Ephb1/Epha5/Met/Erbb4/Epha7/Epha6/Ros1/Pde1b/Alk/Ephb3/Tyro3/Ephb2"
"GO:0039532","GO:0039532","negative regulation of cytoplasmic pattern recognition receptor signaling pathway",37,-0.381524682160137,-1.37815779017331,0.0759753593429158,0.262732749178532,0.211573566995254,2274,"tags=35%, list=22%, signal=27%","Hspa8/C1qbp/Fbxl2/Cptp/Ufd1/Akt1/Riok3/Ppp6c/Aars2/Ogt/Lamp2/Ppt1/Pcbp2"
"GO:0061982","GO:0061982","meiosis I cell cycle process",72,-0.318542539582172,-1.33582129719272,0.075875486381323,0.262732749178532,0.211573566995254,1644,"tags=24%, list=16%, signal=20%","Rad51ap1/M1ap/Hspa2/Chtf18/Cdc25a/BC005624/Mlh1/Rec8/Slx4/1700028K03Rik/Ccne1/Mlh3/Trip13/Brca2/Ube2b/Spdya/Rec114"
"GO:1990542","GO:1990542","mitochondrial transmembrane transport",74,-0.314202371325773,-1.32270454178083,0.0754352030947776,0.262732749178532,0.211573566995254,3129,"tags=45%, list=31%, signal=31%","Tst/Tomm40/Mrs2/Abcb7/Sfxn2/Grpel1/Afg3l2/Slc25a29/Letm1/Dnajc19/Slc25a21/Ghitm/Vdac1/Slc41a3/Romo1/Opa1/Tomm70a/Hspa9/Mcu/Grpel2/Hif1a/Mcur1/Akt1/Mrpl18/Smdt1/Chchd4/Spg7/Slc25a3/Mpc1/Maip1/Vdac2/Slc25a36/Mpc2"
"GO:0033077","GO:0033077","T cell differentiation in thymus",59,0.322606047041649,1.31704523680879,0.0762886597938144,0.262732749178532,0.211573566995254,2267,"tags=34%, list=22%, signal=27%","Bcl11b/Bcl2/B2m/Rasgrp1/Nfatc3/Itpkb/Egr3/Tox/Rorc/Cd74/Prr7/Cdk6/Mafb/Zeb1/Gba1/Ptprc/Ncor1/Srf/Abl1/Gli3"
"GO:0021761","GO:0021761","limbic system development",97,0.284680402936985,1.2696604622661,0.0759219088937093,0.262732749178532,0.211573566995254,2267,"tags=35%, list=22%, signal=28%","Drd2/Fgf13/Prox1/Kcnq2/Tsku/Kirrel3/Pou3f2/Cntnap2/Lrp8/Sema3a/Ptprs/Dab1/Slc32a1/Ncoa1/Epha5/Drd1/Nkx2-1/Vps13b/Ogdh/Ezh2/Atp2b4/Large1/Sema6b/Mfsd2a/Kif14/Alk/Dclk2/Plxna1/Gsk3b/Srd5a2/Srf/Uba6/Bbs2/Gli3"
"GO:0051345","GO:0051345","positive regulation of hydrolase activity",141,0.26122004931845,1.24584161603746,0.0752688172043011,0.262732749178532,0.211573566995254,3117,"tags=41%, list=30%, signal=29%","Epha4/Arhgap6/Lmf1/Arhgap11a/Ntrk3/Arhgap42/Rap1gap/Prkcd/Kalrn/Rasgrp1/Ppargc1b/Ctsh/Bcar3/Prex1/Dennd1b/Agrn/Arhgef7/Mex3b/Map4k4/Tank/Grn/Ezh2/Bcr/Sipa1l1/Rapgef6/Rsu1/Tiam1/Dennd1a/Gsk3b/Ralgapa2/Mbp/Wnt11/Arhgef16/Rgs6/Arhgef10/Rapgef1/Tsc1/Rock1/Fgfr3/Rapgef3/Rab11fip2/Rangap1/Rapgef2/Rgma/Evi5/Lims1/Grhl3/Sgsm2/Pkp4/Als2/Evi5l/Srgap2/Ralbp1/Apoa1/Rtn4r/Mtss2/Aph1a/Bmp2"
"GO:0046890","GO:0046890","regulation of lipid biosynthetic process",137,0.260447434405803,1.23558154813743,0.0757575757575758,0.262732749178532,0.211573566995254,1579,"tags=22%, list=15%, signal=19%","Zbtb20/Abcg1/Hsd3b4/Hnf4a/Prkg1/Igf1r/Prox1/Smpd3/Prkcd/Srebf2/Htr2c/Lpcat3/Tcf7l2/Asxl3/Nfkb1/Pla2g6/Qki/Sirt2/Bmp6/Nr3c1/Srebf1/Erbb4/Dcaf5/Ppargc1a/Sirt4/Mfsd2a/Scap/Ccdc3/Cd74/Capn2"
"GO:0006623","GO:0006623","protein targeting to vacuole",33,-0.395870268642502,-1.39127418038191,0.0767676767676768,0.263725692297121,0.212373164754117,3617,"tags=55%, list=35%, signal=35%","Rab7/Vps13d/Snx16/Vps37a/Scarb2/Gcc2/Sqstm1/Vps8/Vps53/Hspa8/Sorl1/Ncoa4/Hgs/Sort1/Lhcgr/Lamp2/M6pr/Gga3"
"GO:0014033","GO:0014033","neural crest cell differentiation",62,0.316570486371999,1.31144757483191,0.0767676767676768,0.263725692297121,0.212373164754117,3305,"tags=50%, list=32%, signal=34%","Sema3f/Ext1/Sema4g/Sema3a/Bmp7/Sox8/Erbb4/Bmpr1a/Sema6b/Acvr1/Cdh2/Radil/Pef1/Ankrd11/Efnb1/Lrp6/Sema5a/Pax6/Ret/Rdh10/Rps7/Tapt1/Sema3d/Dicer1/Sema7a/Aldh1a2/Mapk1/Tcof1/Edn3/Sema5b/Coro1c"
"GO:0021772","GO:0021772","olfactory bulb development",33,0.391667326196638,1.39203833589983,0.0769230769230769,0.263960275285304,0.212562069866713,2644,"tags=45%, list=26%, signal=34%","Robo1/Chd7/Ext1/Sema3a/Robo2/Ski/Ogdh/Erbb4/Dlx5/Kif14/Slit2/Srf/Pax6/Slit1/Rpgrip1l"
"GO:0021587","GO:0021587","cerebellum morphogenesis",40,0.370027920322657,1.38485466011798,0.078544061302682,0.267745194271098,0.215609991426231,2341,"tags=45%, list=23%, signal=35%","Foxp2/Prox1/Wnt7a/Cntnap2/Nrxn1/Dab1/Grid2/Atp2b2/Rora/Faim2/Whrn/Ldb1/Kif14/Gba1/Abl1/Lrp6/Ulk1/Kndc1"
"GO:0046928","GO:0046928","regulation of neurotransmitter secretion",74,0.306477145905454,1.31491329775607,0.0783505154639175,0.267745194271098,0.215609991426231,890,"tags=19%, list=9%, signal=17%","Mctp2/Grm8/Nlgn1/Wnt7a/Htr2c/Kcnh1/Ppfia2/Cacna1e/Cacna1b/Syt1/Cask/Cacna1d/Stxbp5l/Adora2a"
"GO:0001678","GO:0001678","intracellular glucose homeostasis",131,0.277064489490086,1.30890044818125,0.0781723597918363,0.267745194271098,0.215609991426231,2158,"tags=30%, list=21%, signal=24%","Cftr/Zbtb20/Adcy5/Foxo3/Ghrl/Abcg1/Ppp3ca/Igf1r/Klf7/Cacna1e/Oprk1/Tcf7l2/Cacna1d/Epha5/Ptprn/Pla2g6/Smad3/Map4k4/Abca12/Prkce/Sybu/Kcnb1/Gpr68/Pde1c/Brsk2/Sox4/Smarca4/Stxbp4/Lrp5/Rab11fip5/Tiam1/Fto/Vsnl1/Prkn/Gas6/Crhr2/Igf1/Jagn1/Srf"
"GO:0000281","GO:0000281","mitotic cytokinesis",70,-0.310745381255079,-1.30208936350306,0.0783938814531549,0.267745194271098,0.215609991426231,1142,"tags=21%, list=11%, signal=19%","Zfyve19/Exoc1/Cdca8/Stmn1/Chmp7/Vps4b/Rhob/Chmp2b/Stambp/Chmp3/Racgap1/Arf1/Chmp1b2/Kif20a/Rab35"
"GO:0050777","GO:0050777","negative regulation of immune response",78,0.30030131531216,1.29394271596356,0.0785562632696391,0.267745194271098,0.215609991426231,2250,"tags=31%, list=22%, signal=24%","Tap1/Drd2/Nmi/Tap2/Stat2/Parp14/Samhd1/Rc3h1/Smpdl3b/Adar/Serping1/Ptpn6/Grn/Gigyf2/Fcrlb/Dusp22/Bcr/Susd4/Ptprc/Tyro3/Ythdf3/Eif4e2/Parp1/Irf1"
"GO:0009267","GO:0009267","cellular response to starvation",139,-0.267126193813314,-1.25470591239333,0.0785046728971963,0.267745194271098,0.215609991426231,2386,"tags=32%, list=23%, signal=25%","Depdc5/Stk26/Wdr45b/Mcu/Slc7a5/Sesn2/Trim32/Atg5/Lrrk2/Stk24/Szt2/Xbp1/Sar1b/Atg4b/Smdt1/Pak2/Rragc/Eif2ak2/Asns/Wipi2/Map1lc3a/Atxn3/Itfg2/Prkaa2/Tsc2/Ywhaz/Wipi1/Pdk4/Tbc1d7/Cadps2/Gabarapl1/Lars1/Gabarapl2/Lamp2/Mios/Glul/Sesn1/Pik3c2b/Comt/Pick1/Upp1/Fos/Yme1l1/Higd1a"
"GO:0046717","GO:0046717","acid secretion",27,0.428829435994598,1.43775227236526,0.0792682926829268,0.268360812099741,0.216105736476359,1188,"tags=30%, list=12%, signal=26%","Ghrl/Kcnq1/Drd2/Cckbr/Htr2c/Slc26a7/Chrm5/Ntsr1"
"GO:0021952","GO:0021952","central nervous system projection neuron axonogenesis",26,0.428027928992372,1.41939807324025,0.0792682926829268,0.268360812099741,0.216105736476359,2105,"tags=31%, list=21%, signal=25%","Epha4/Plxna4/Tsku/Ephb1/Ephb3/Dclk1/Slit2/Ephb2"
"GO:0099024","GO:0099024","plasma membrane invagination",26,0.427752910654045,1.41848607551046,0.0792682926829268,0.268360812099741,0.216105736476359,2453,"tags=42%, list=24%, signal=32%","Xkr6/Elmo1/Adgrb1/Ano6/Xkr4/Spire2/Gulp1/Arhgap12/Xkr8/Appl2/Clcn3"
"GO:0043647","GO:0043647","inositol phosphate metabolic process",26,0.425802056574541,1.41201678149,0.0792682926829268,0.268360812099741,0.216105736476359,1297,"tags=35%, list=13%, signal=30%","Prkg1/Synj2/Plcb1/Plcg1/Itpka/Ip6k2/Ntsr1/Pou1f1/Itpkb"
"GO:0060443","GO:0060443","mammary gland morphogenesis",31,0.39952063434834,1.40839022071991,0.0791505791505791,0.268360812099741,0.216105736476359,2267,"tags=35%, list=22%, signal=28%","Robo1/Ntn1/Csmd1/Nfkb1/Igfbp5/Nr3c1/Lrp5/Ar/Slit2/Lrp6/Gli3"
"GO:2001259","GO:2001259","positive regulation of cation channel activity",31,0.398072609749778,1.40328564411324,0.0791505791505791,0.268360812099741,0.216105736476359,2068,"tags=32%, list=20%, signal=26%","Fgf13/Fgf14/Ank3/Cacnb2/Rnf207/Ank2/Lrrc38/Akap7/Stac/Lrrc55"
"GO:0016073","GO:0016073","snRNA metabolic process",39,-0.378990435498101,-1.37809671149824,0.0799513778258623,0.270371288853083,0.217724734257928,2307,"tags=36%, list=23%, signal=28%","Ice1/Exosc7/Mettl4/Ints2/Ints11/Exosc10/Ints12/Ints1/Ice2/Ints8/Ints4/Cc2d1a/Snapc5/Exosc9"
"GO:0034219","GO:0034219","carbohydrate transmembrane transport",85,-0.29793860298662,-1.2977037367219,0.0800744878957169,0.270485728343392,0.217816890151114,2342,"tags=34%, list=23%, signal=27%","Appl1/Edn1/Slc27a4/C1qtnf12/Mfn2/Hk2/Sesn2/Oga/Ptpn11/Akt2/Ahi1/Sort1/Akt1/Slc1a2/Ednra/Zdhhc7/Tsc2/Tmem144/Sirt6/Aqp11/Insr/Crebl2/Fabp5/Rps6kb1/Slc5a2/Pid1/Pea15a/Inpp5k/Abcb11"
"GO:1901655","GO:1901655","cellular response to ketone",74,0.301521838560868,1.29365298647702,0.0804123711340206,0.271022785913329,0.218249372154628,1429,"tags=24%, list=14%, signal=21%","Cftr/Adcy5/Foxo3/Smyd3/Foxo1/Egfr/Tnc/Akap8/Prkd1/Epha5/Nr3c2/Prkce/Nr3c1/Adcy1/Grip1/Adcy2/Axin2/Trerf1"
"GO:0016241","GO:0016241","regulation of macroautophagy",109,-0.280889175489851,-1.26727787592097,0.0803738317757009,0.271022785913329,0.218249372154628,2151,"tags=27%, list=21%, signal=21%","Bnip3l/Hk2/Nod1/Sesn2/Trim32/Atg5/Lrrk2/Usp30/Hif1a/Trim13/Bag3/Ube2a/Prkaa2/Tsc2/Tspo/Wipi1/Smcr8/Stub1/Snx7/Snx4/Tbk1/Fbxo7/Sesn1/Pip4k2b/Cttn/Bnip3/Npc1/Scoc/Kdr"
"GO:0006479","GO:0006479","protein methylation",36,-0.38186364284021,-1.36793483526991,0.0806451612903226,0.271204038523504,0.218395331352261,1320,"tags=28%, list=13%, signal=24%","Gspt1/Eef1akmt1/Rab6a/Lcmt1/Fam98a/Comt/Mettl18/Lcmt2/Smyd2/Snrpd3"
"GO:0008213","GO:0008213","protein alkylation",36,-0.38186364284021,-1.36793483526991,0.0806451612903226,0.271204038523504,0.218395331352261,1320,"tags=28%, list=13%, signal=24%","Gspt1/Eef1akmt1/Rab6a/Lcmt1/Fam98a/Comt/Mettl18/Lcmt2/Smyd2/Snrpd3"
"GO:0048546","GO:0048546","digestive tract morphogenesis",27,0.424724342863459,1.42398897516091,0.0813008130081301,0.27123483226267,0.218420128950797,919,"tags=26%, list=9%, signal=24%","Bcl2/Foxp4/Acvr2b/Egfr/Sox11/Tcf7l2/Smad3"
"GO:0015865","GO:0015865","purine nucleotide transport",23,-0.434849715848992,-1.3816044671017,0.0811881188118812,0.27123483226267,0.218420128950797,3430,"tags=61%, list=33%, signal=41%","Gja1/Slc25a4/Slc25a42/Shoc2/Abcc6/Slc25a25/Lrrc8c/Slc35b2/Lrrc8b/Abcc4/Slc35b3/Abcc5/Slc25a17/Calhm2"
"GO:0051503","GO:0051503","adenine nucleotide transport",23,-0.434849715848992,-1.3816044671017,0.0811881188118812,0.27123483226267,0.218420128950797,3430,"tags=61%, list=33%, signal=41%","Gja1/Slc25a4/Slc25a42/Shoc2/Abcc6/Slc25a25/Lrrc8c/Slc35b2/Lrrc8b/Abcc4/Slc35b3/Abcc5/Slc25a17/Calhm2"
"GO:0009112","GO:0009112","nucleobase metabolic process",23,-0.433321911893978,-1.37675032855183,0.0811881188118812,0.27123483226267,0.218420128950797,1532,"tags=48%, list=15%, signal=41%","Cad/Tyms/Hprt1/Ctps1/Umps/Aprt/Uox/Ppat/Rrm1/Tymp/Aldh6a1"
"GO:0031103","GO:0031103","axon regeneration",45,0.356637300051405,1.34505770647159,0.0809716599190283,0.27123483226267,0.218420128950797,1663,"tags=31%, list=16%, signal=26%","Epha4/Bcl2/Igf1r/Ntrk3/Tnc/Ptprf/Ptprs/Pum2/Neo1/Chl1/Grn/Enpp1/Inpp5f/Tnr"
"GO:0060395","GO:0060395","SMAD protein signal transduction",47,0.347980260986257,1.33055118547751,0.0813492063492064,0.27123483226267,0.218420128950797,1882,"tags=43%, list=18%, signal=35%","Bmper/Hipk2/Acvr2a/Smad6/Zmiz1/Bmpr2/Smad3/Magi2/Smad1/Bmp7/Bmp6/Ski/Ldlrad4/Tgfbr3/Bmpr1a/Pmepa1/Acvr1/Tgfb2/Atoh8/Rbpms"
"GO:0007029","GO:0007029","endoplasmic reticulum organization",66,-0.318576508770161,-1.30401464140156,0.0813492063492064,0.27123483226267,0.218420128950797,2709,"tags=38%, list=26%, signal=28%","Tmed2/Emc3/Polr2m/Dmtn/Tmco1/Myo5a/Lrrk2/Steep1/Stx18/Bnip1/Reep2/Sec61a1/Casq1/Sec31a/Sec31b/Trdn/Pex5/Tmem38a/Mmgt1/Arl6ip1/Get4/Sec16a/Rab5if/Shtn1/Esyt1"
"GO:0002062","GO:0002062","chondrocyte differentiation",79,0.296307909022087,1.27817765472998,0.0813704496788009,0.27123483226267,0.218420128950797,2654,"tags=35%, list=26%, signal=26%","Mef2d/Chst11/Ext1/Smpd3/Wnt7a/Thrb/Chsy1/Bmpr2/Smad3/Sox6/Bmp6/Zbtb16/Wnt9a/Axin2/Bmpr1a/Trps1/Maf/Rarb/Bpnt2/Sulf1/Mkx/Eif2ak3/Gli3/Creb3l2/Glg1/Fgf18/Prkca/Pth1r"
"GO:0014829","GO:0014829","vascular associated smooth muscle contraction",24,0.432610995547717,1.40319377520979,0.081799591002045,0.271470712745012,0.218610078910175,1360,"tags=38%, list=13%, signal=33%","Chrm3/Arhgap42/Smpd3/Dock5/Cacna1g/Dock4/Adra2b/Rap1gds1/Slc8a1"
"GO:0048806","GO:0048806","genitalia development",29,0.404337879339341,1.3822206581731,0.0816733067729084,0.271470712745012,0.218610078910175,2392,"tags=41%, list=23%, signal=32%","Chd7/Tcf7l2/Bmp6/Pkd1/Lgr4/Greb1l/Ar/Tyro3/Srd5a2/Lrp2/Lrp6/Bmp5"
"GO:0051954","GO:0051954","positive regulation of amine transport",38,0.373383489303557,1.3701105530394,0.0817120622568093,0.271470712745012,0.218610078910175,1241,"tags=26%, list=12%, signal=23%","Drd2/Htr2c/Rab3b/Syt1/Oprk1/Adora2a/Grin2b/Nr3c1/Ntsr1/Kcnb1"
"GO:0046434","GO:0046434","organophosphate catabolic process",161,0.256023171196644,1.24057370984518,0.0817204301075269,0.271470712745012,0.218610078910175,1375,"tags=20%, list=13%, signal=17%","Pde7b/Zbtb20/Pde1a/Pde10a/Arnt/Pde8a/Plpp6/Smpd3/Prkcd/Pde7a/Dpyd/Pde9a/Samhd1/Synj2/Plcb1/Plcg1/Plbd2/Smpdl3b/Nt5c1a/Ep300/Pla2g6/Hdac4/Smpd1/Pla2g4d/Slc4a1/Ogdh/Mtch2/Pfkl/Ntsr1/Enpp1/Ppargc1a/Eno4"
"GO:0018210","GO:0018210","peptidyl-threonine modification",72,0.302548370899103,1.2885732499203,0.0819672131147541,0.271729382645191,0.218818380743982,1060,"tags=21%, list=10%, signal=19%","Bcl2/Spred2/Prkcd/Phip/Pard3/Hipk2/Prkd1/Galnt13/Met/Galnt16/Sirt2/Trpc5/Akt3/Ube2k/Nlk"
"GO:0032722","GO:0032722","positive regulation of chemokine production",27,-0.420546182383085,-1.41372077446481,0.0823529411764706,0.271892920642075,0.21895007470847,1564,"tags=37%, list=15%, signal=31%","Il18/Mif/Trim32/Eif2ak2/Adora2b/Egr1/Ticam1/Csf1r/Il17ra/Lrp1"
"GO:0051155","GO:0051155","positive regulation of striated muscle cell differentiation",32,0.389236309452392,1.38773468172653,0.0823754789272031,0.271892920642075,0.21895007470847,2178,"tags=38%, list=21%, signal=30%","Bcl2/Prox1/Prkd1/Ep300/Nr3c1/Rbm24/Epc1/Adrb1/Efnb2/Gsk3b/Igf1/Mtor"
"GO:0060428","GO:0060428","lung epithelium development",34,0.386852678879924,1.38171788713672,0.0823293172690763,0.271892920642075,0.21895007470847,409,"tags=18%, list=4%, signal=17%","Foxp2/Foxp1/Foxp4/Ncor2/Fndc3b/Thrb"
"GO:0008585","GO:0008585","female gonad development",77,-0.30839885727909,-1.31602404461467,0.0822179732313576,0.271892920642075,0.21895007470847,1375,"tags=23%, list=13%, signal=20%","Nup107/Eif2b5/Mmp2/Sod1/Angpt1/Lhcgr/Inhba/Lsm14b/Ctnna1/Zfp830/Eif2b2/Insr/Plekha1/Brca2/Arrb1/Pdgfra/Kit/Kdr"
"GO:0007094","GO:0007094","mitotic spindle assembly checkpoint signaling",32,-0.396985304498373,-1.37058808202543,0.0833333333333333,0.273861171366594,0.220535068691251,2060,"tags=41%, list=20%, signal=33%","Psmg2/Pcid2/Cep192/Bub3/Kntc1/Prpf4b/Cdca8/Lcmt1/Gen1/Spc25/Dync1li1/Usp44/Trip13"
"GO:0071173","GO:0071173","spindle assembly checkpoint signaling",32,-0.396985304498373,-1.37058808202543,0.0833333333333333,0.273861171366594,0.220535068691251,2060,"tags=41%, list=20%, signal=33%","Psmg2/Pcid2/Cep192/Bub3/Kntc1/Prpf4b/Cdca8/Lcmt1/Gen1/Spc25/Dync1li1/Usp44/Trip13"
"GO:0042471","GO:0042471","ear morphogenesis",84,0.290727989635493,1.26084214284294,0.0831556503198294,0.273861171366594,0.220535068691251,3367,"tags=43%, list=33%, signal=29%","Chd7/Kcnq1/Sobp/Ntn1/Atp2b2/Tshz1/Eya1/Pou3f4/Dlx5/Ush1c/Enpp1/Whrn/Bcr/Celsr1/Mafb/Zeb1/Ptk7/Cep290/Ephb2/Myo3a/Nectin1/Clic5/Myo3b/Atp8a2/Foxg1/Grhl3/Nectin3/Fzd2/Sec24b/Mapk1/Pls1/Fgfr1/Insig1/Pcdh15/Col11a1/Ripor2"
"GO:0018105","GO:0018105","peptidyl-serine phosphorylation",145,0.258227992379719,1.2338047949834,0.0833333333333333,0.273861171366594,0.220535068691251,2584,"tags=36%, list=25%, signal=27%","Bcl2/Smyd3/Egfr/Ntrk3/Fnip2/Prkcd/Phip/Tenm1/Nrxn1/Dclk3/Hipk2/Mark3/Epm2a/Akap9/Prkd1/Bcar3/Srpk2/Met/Mapk13/Dmd/Prkce/Akt3/Ttbk2/Mapkap1/Ip6k2/Nek6/Lats1/Mapkapk3/Brsk2/Pkd1/Bdnf/Inpp5f/Ripk1/Dclk2/Top1/Nsd1/Rassf2/Dclk1/Tlk2/Gsk3b/Eif2ak3/Ercc6/Mtor/Ulk1/Map3k13/Myo3a/Pdk3/Ret/Wnk1/Myo3b/Prkca/Rock1"
"GO:0002444","GO:0002444","myeloid leukocyte mediated immunity",51,-0.340121857520185,-1.32223785621253,0.0838323353293413,0.275202574266418,0.221615274326753,1235,"tags=25%, list=12%, signal=23%","Rabgef1/Adora2b/Scnn1b/Snap23/Ddx21/Ywhaz/Milr1/Clnk/Wdr1/Ticam1/Snx4/Ddx1/Kit"
"GO:1903046","GO:1903046","meiotic cell cycle process",127,-0.271819494943649,-1.25016208330991,0.083969465648855,0.275354416575791,0.221737549981825,1644,"tags=21%, list=16%, signal=18%","Rad51ap1/Aspm/M1ap/Hspa2/Ednra/Ska2/Nsun2/Marf1/Chtf18/Fzr1/Cdc25a/BC005624/Lsm14b/Mlh1/Rec8/Slx4/1700028K03Rik/Dcaf13/Suv39h2/Ccne1/Mlh3/Trip13/Orc4/Brca2/Ube2b/Spdya/Rec114"
"GO:2001222","GO:2001222","regulation of neuron migration",43,0.359760454959493,1.34341624150998,0.0846774193548387,0.277375762859634,0.223365300784656,1591,"tags=30%, list=16%, signal=26%","Drd2/Phactr1/Unc5c/Plxnb2/Ctnna2/Kif26a/Flrt2/Sema3a/Ntng1/Drd1/Ptprz1/Dab2ip/Ulk4"
"GO:0019646","GO:0019646","aerobic electron transport chain",50,-0.341631432937902,-1.31641272509008,0.0848484848484849,0.277523355925994,0.223484154607071,2223,"tags=40%, list=22%, signal=31%","Cox7a2/Ndufa10/Ndufb9/Cox4i1/mt-Nd6/Cox7b2/Uqcrh/Ndufs3/Uqcr11/Sdhb/Sdhd/Uqcr10/Cycs/Ndufs1/Ndufs6/Uqcrc1/Ndufa8/Park7/Uqcrb/Dld"
"GO:0072593","GO:0072593","reactive oxygen species metabolic process",143,-0.265806058580586,-1.24436206738824,0.0849056603773585,0.277523355925994,0.223484154607071,2816,"tags=41%, list=27%, signal=30%","Birc2/Alox5/Rnf41/Il18/Nfe2l2/Mapk14/Gpx3/Vdac1/Cat/Acod1/Pikfyve/Romo1/Edn1/Cflar/Sirt3/Abcc9/Parl/Mfn2/Txnrd1/Hk2/Sesn2/Atg5/Nqo2/Lrrk2/Prdx1/Mfsd8/Hif1a/Prdx4/Aldh2/Tusc2/Ddit4/Akt1/Pax2/Hbp1/Mapt/Ndufs3/Arg2/Prdx3/Sod1/Sod2/Cygb/Tspo/Eif6/Arf4/Pdk4/Cycs/Ndufs1/Ndufs6/Bco2/Insr/Ogt/Park7/Sesn1/Pla2r1/Coq7/Ccn2/Pid1/Bnip3/Fam210b"
"GO:0030203","GO:0030203","glycosaminoglycan metabolic process",58,0.316844527354091,1.28821142555616,0.0851926977687627,0.278161502413094,0.223998041547178,2118,"tags=33%, list=21%, signal=26%","Chst11/Ext1/B4galnt4/Smpd3/Chsy1/Csgalnact2/Nfkb1/Dsel/Galns/Hs3st3b1/Ndst2/Cemip/Hs3st3a1/Hexa/Ndst1/Csgalnact1/Bpnt2/Chst12/Igf1"
"GO:0007632","GO:0007632","visual behavior",64,0.314992755858246,1.31087962257157,0.0853658536585366,0.278426842395442,0.224211714668277,1182,"tags=22%, list=12%, signal=19%","Meis2/Ghrl/Drd2/Atxn1/Ppp1r1b/Cacna1c/Cacna1e/Pias1/Ap1s2/Drd1/Nts/Drd5/Nptn/Chrd"
"GO:0042509","GO:0042509","regulation of tyrosine phosphorylation of STAT protein",29,0.403012350972407,1.37768936693033,0.0856573705179283,0.279077239429379,0.22473546673521,2250,"tags=41%, list=22%, signal=32%","Pecam1/Hnf4a/Parp14/Fyn/Socs1/Traf3ip1/Erbb4/Inpp5f/Hsf1/Igf1/Ggnbp2/Irf1"
"GO:0071867","GO:0071867","response to monoamine",40,0.367472590433766,1.3752911642021,0.0862068965517241,0.279365664761202,0.224967730038724,1687,"tags=30%, list=16%, signal=25%","Adcy5/Drd2/Htr2c/Htr4/Gnal/Prkd1/Drd1/Drd5/Rnls/Adrb2/Rgs9/Alk"
"GO:0071869","GO:0071869","response to catecholamine",40,0.367472590433766,1.3752911642021,0.0862068965517241,0.279365664761202,0.224967730038724,1687,"tags=30%, list=16%, signal=25%","Adcy5/Drd2/Htr2c/Htr4/Gnal/Prkd1/Drd1/Drd5/Rnls/Adrb2/Rgs9/Alk"
"GO:0036323","GO:0036323","vascular endothelial growth factor receptor-1 signaling pathway",32,0.385271904538298,1.37360048597425,0.0862068965517241,0.279365664761202,0.224967730038724,2105,"tags=50%, list=21%, signal=40%","Epha4/Egfr/Igf1r/Ntrk3/Epha3/Ephb1/Epha5/Met/Erbb4/Epha7/Epha6/Ros1/Alk/Ephb3/Tyro3/Ephb2"
"GO:0010634","GO:0010634","positive regulation of epithelial cell migration",44,0.35699069029685,1.34824800350199,0.086,0.279365664761202,0.224967730038724,2700,"tags=43%, list=26%, signal=32%","Epb41l4b/Dock5/Ctsh/Plcg1/Bmpr2/Tacr1/Map4k4/Prkce/Ptk2/Arf6/Adam9/Tgfb2/Irs1/Iqsec1/Mtor/Clasp2/Clasp1/Aqp1/Arhgap5"
"GO:0031123","GO:0031123","RNA 3'-end processing",69,-0.310108528731072,-1.29507624410642,0.0860420650095602,0.279365664761202,0.224967730038724,1769,"tags=25%, list=17%, signal=21%","Exosc10/Rprd1b/Ints12/Ints1/Ints8/Supv3l1/Leo1/Zfp36l1/Zcchc8/Ncbp2/Cdk9/Eri1/Exosc9/Rexo5/Mtpap/Ahcyl1/Rps21"
"GO:1901224","GO:1901224","positive regulation of non-canonical NF-kappaB signal transduction",35,0.380219206223622,1.36642717397924,0.0863453815261044,0.279515497888992,0.22508838773899,1637,"tags=40%, list=16%, signal=34%","Nmi/Egfr/Smpd3/Crebbp/Rc3h1/Ptp4a3/Sash1/Ank3/Nr3c2/Ifi35/C1qtnf4/Ripk1/Ago3/Map3k7"
"GO:0098884","GO:0098884","postsynaptic neurotransmitter receptor internalization",43,-0.35055549429143,-1.32558681598188,0.0869565217391304,0.280893668304441,0.226198201538889,1651,"tags=30%, list=16%, signal=25%","Arc/Ap2m1/Ppp3r1/Eps15/Synj1/Ap2b1/Pacsin1/Ophn1/Usp46/Rala/Pick1/Pip5k1c/Lrp1"
"GO:0140239","GO:0140239","postsynaptic endocytosis",43,-0.35055549429143,-1.32558681598188,0.0869565217391304,0.280893668304441,0.226198201538889,1651,"tags=30%, list=16%, signal=25%","Arc/Ap2m1/Ppp3r1/Eps15/Synj1/Ap2b1/Pacsin1/Ophn1/Usp46/Rala/Pick1/Pip5k1c/Lrp1"
"GO:0001958","GO:0001958","endochondral ossification",26,0.419874450890539,1.39236004528914,0.0873983739837398,0.281122158355342,0.226382200127734,2217,"tags=42%, list=22%, signal=33%","Mef2d/Ext1/Smpd3/Col13a1/Bmp6/Dlx5/Enpp1/Csgalnact1/Bpnt2/Sik3/Mmp16"
"GO:0036075","GO:0036075","replacement ossification",26,0.419874450890539,1.39236004528914,0.0873983739837398,0.281122158355342,0.226382200127734,2217,"tags=42%, list=22%, signal=33%","Mef2d/Ext1/Smpd3/Col13a1/Bmp6/Dlx5/Enpp1/Csgalnact1/Bpnt2/Sik3/Mmp16"
"GO:2000785","GO:2000785","regulation of autophagosome assembly",34,-0.379936729287465,-1.34892218087503,0.0873015873015873,0.281122158355342,0.226382200127734,2616,"tags=35%, list=26%, signal=26%","Sec22b/Pikfyve/Trim32/Lrrk2/Tbc1d14/Ift20/Wipi1/Smcr8/Snx7/Snx4/Pip4k2b/Chek2"
"GO:0090307","GO:0090307","mitotic spindle assembly",55,-0.332984787113147,-1.32249333783982,0.0871287128712871,0.281122158355342,0.226382200127734,2299,"tags=42%, list=22%, signal=33%","Rab11a/Birc5/Ccsap/Tpx2/Chmp5/Mybl2/Chmp4b/Spice1/Cep192/Bccip/Kif3b/Chmp2a/Abraxas1/Cdca8/Chmp7/Mzt1/Vps4b/Chmp2b/Chmp3/Racgap1/Chmp1b2/Cltc/Chek2"
"GO:0032506","GO:0032506","cytokinetic process",39,-0.361211418057885,-1.31344809988927,0.0875,0.281150583244963,0.226405090137858,2610,"tags=41%, list=25%, signal=31%","Rab11a/Mtmr4/Spart/Chmp5/Stx2/Chmp4b/Chmp2a/Zfyve19/Chmp7/Vps4b/Chmp2b/Chmp3/Racgap1/Arf1/Chmp1b2/Kif20a"
"GO:0051899","GO:0051899","membrane depolarization",69,0.305517383144489,1.28707032396926,0.0876826722338205,0.281439085665758,0.226637415519621,1600,"tags=32%, list=16%, signal=27%","Dcn/B2m/Cacna1h/Kcnq2/Cacna1c/Rbfox2/Cacna1g/Cacng2/Cacna1d/Myoc/Ank3/Cacna1i/Cacnb2/Adora2a/Fgf12/Scn2b/Ntsr1/Kcnq3/Scn8a/Kmt2a/Cacna2d1/Alb"
"GO:0032924","GO:0032924","activin receptor signaling pathway",24,0.428401304300874,1.3895394469243,0.0879345603271984,0.281861744125895,0.226977774147585,1682,"tags=42%, list=16%, signal=35%","Acvr2b/Acvr2a/Smad6/Bmpr2/Smad3/Magi2/Ski/Bmpr1a/Acvr1/Dact2"
"GO:0040018","GO:0040018","positive regulation of multicellular organism growth",25,0.420888038451549,1.38771069964557,0.0881147540983607,0.281861744125895,0.226977774147585,1526,"tags=28%, list=15%, signal=24%","Chd7/Drd2/Bcl2/Pou3f2/Sh3pxd2b/Pou1f1/Hsf1"
"GO:0043303","GO:0043303","mast cell degranulation",28,-0.409416430262065,-1.38600480468931,0.0884086444007859,0.281861744125895,0.226977774147585,1235,"tags=29%, list=12%, signal=25%","Rabgef1/Adora2b/Snap23/Ywhaz/Milr1/Clnk/Snx4/Kit"
"GO:0046825","GO:0046825","regulation of protein export from nucleus",26,-0.412766522013773,-1.37430238690356,0.0882352941176471,0.281861744125895,0.226977774147585,2244,"tags=38%, list=22%, signal=30%","Hdac3/Ywhae/Ptpn11/Chchd4/Prpf4b/Bag3/Rbm22/Ppm1a/Sirt6/Park7"
"GO:0033687","GO:0033687","osteoblast proliferation",23,0.423081310320616,1.35980458233068,0.0885311871227364,0.281861744125895,0.226977774147585,2193,"tags=48%, list=21%, signal=38%","Bcl2/Igf1r/Mn1/Smad3/Sox8/Axin2/Lrp5/Atraid/Gsk3b/Abl1/Nell1"
"GO:0021988","GO:0021988","olfactory lobe development",35,0.37714016922163,1.35536176812824,0.0883534136546185,0.281861744125895,0.226977774147585,2644,"tags=43%, list=26%, signal=32%","Robo1/Chd7/Ext1/Sema3a/Robo2/Ski/Ogdh/Erbb4/Dlx5/Kif14/Slit2/Srf/Pax6/Slit1/Rpgrip1l"
"GO:1904263","GO:1904263","positive regulation of TORC1 signaling",41,-0.353391026493748,-1.31440171112211,0.0887096774193548,0.281861744125895,0.226977774147585,941,"tags=22%, list=9%, signal=20%","Otub1/Lars1/Tbk1/Ogt/Mios/Sec13/Rps6kb1/Shq1/Mat2a"
"GO:0071277","GO:0071277","cellular response to calcium ion",61,0.317375624812345,1.30579771539607,0.088659793814433,0.281861744125895,0.226977774147585,1297,"tags=25%, list=13%, signal=22%","Cpne4/Kcnq2/Nlgn1/Micu2/Kcnh1/Nrxn1/Syt1/Itpka/Nfatc3/Akap5/Smpd1/Adcy1/Kcnb1/Kcnq3/Itpkb"
"GO:0008202","GO:0008202","steroid metabolic process",180,-0.252145234306158,-1.22154013036527,0.0880149812734082,0.281861744125895,0.226977774147585,1445,"tags=22%, list=14%, signal=19%","H6pd/Dhrs11/Nsdhl/Sod1/Fdx1/Bdh1/Errfi1/Lhcgr/Adora2b/Scnn1b/Ywhah/Prkaa2/Nr0b1/Tspo/Arv1/Inhba/Igfbp7/Stub1/Sdr42e1/Egr1/Slc37a4/Lipc/Cyp39a1/Acadl/Asah1/Lima1/Plekha1/Comt/Pdgfra/Cyp46a1/Kit/Abca5/Slc27a5/Tecr/Abcb11/Npc1/Idi2/Scp2/Lrp1"
"GO:0051216","GO:0051216","cartilage development",137,0.256974559356376,1.21910597662777,0.0887445887445888,0.281861744125895,0.226977774147585,2678,"tags=35%, list=26%, signal=26%","Mef2d/Chst11/Ext1/Bmp3/Smpd3/Wnt7a/Thrb/Chsy1/Ep300/Bmpr2/Smad3/Smad1/Bmp7/Sox6/Bmp6/Itgb8/Zbtb16/Wnt9a/Enpp1/Barx2/Axin2/Bmpr1a/Pkd1/Trps1/Wnt7b/Maf/Tgfb2/Csgalnact1/Nfia/Zeb1/Rarb/Bpnt2/Sulf1/Mkx/Eif2ak3/Sik3/Srf/Lrp6/Bbs2/Gli3/Creb3l2/Bmp5/Glg1/Fgf18/Prkca/Fgfr3/Pth1r/Tapt1"
"GO:0009395","GO:0009395","phospholipid catabolic process",36,0.377418099331264,1.36820358724145,0.0889328063241107,0.281868622554451,0.226983313212165,1072,"tags=28%, list=10%, signal=25%","Plpp6/Smpd3/Prkcd/Plcb1/Plcg1/Plbd2/Smpdl3b/Pla2g6/Smpd1/Pla2g4d"
"GO:0045744","GO:0045744","negative regulation of G protein-coupled receptor signaling pathway",46,0.350701158053655,1.32489128144099,0.0888888888888889,0.281868622554451,0.226983313212165,1385,"tags=26%, list=14%, signal=23%","Robo1/Drd2/Grm5/Ppp3ca/Grk5/Slit3/Sstr4/Necab2/Met/Pde3a/Atp2b4/Adrb2"
"GO:0048010","GO:0048010","vascular endothelial growth factor receptor signaling pathway",63,0.312484469066612,1.29696715955612,0.0892494929006085,0.282576764356159,0.227553566016181,2105,"tags=38%, list=21%, signal=30%","Epha4/Robo1/Egfr/Igf1r/Ntrk3/Vegfc/Epha3/Hspb1/Ephb1/Prkd1/Epha5/Met/Erbb4/Epha7/Epha6/Dab2ip/Ros1/Alk/Epn2/Ephb3/Sulf1/Grb10/Tyro3/Ephb2"
"GO:0021680","GO:0021680","cerebellar Purkinje cell layer development",29,0.399874864836406,1.36696393561779,0.0896414342629482,0.28352144657279,0.228314300210432,2114,"tags=38%, list=21%, signal=30%","Foxp2/Cntnap2/Klhl1/Atp2b2/Rora/Faim2/Whrn/Ldb1/Kif14/Gba1/Myh10"
"GO:0007260","GO:0007260","tyrosine phosphorylation of STAT protein",30,0.39398632972574,1.36835993345114,0.08984375,0.283865028675704,0.228590980187695,2250,"tags=40%, list=22%, signal=31%","Pecam1/Hnf4a/Parp14/Fyn/Socs1/Traf3ip1/Erbb4/Inpp5f/Hsf1/Igf1/Ggnbp2/Irf1"
"GO:0051154","GO:0051154","negative regulation of striated muscle cell differentiation",24,0.42701005435742,1.38502686337809,0.0899795501022495,0.283997955010225,0.228698023176551,1494,"tags=33%, list=15%, signal=29%","Foxp1/Ccnd2/Hdac4/Sox6/Ctdp1/Ezh2/Bhlhe41/Bdnf"
"GO:0021987","GO:0021987","cerebral cortex development",116,0.267411830461005,1.24021223739921,0.0905263157894737,0.285426365080234,0.229848293992004,2335,"tags=33%, list=23%, signal=26%","Robo1/Phactr1/Fgf13/Egfr/Pou3f2/Syne2/Lrp8/Kif26a/Nde1/Ptprs/Dab1/Plcb1/Trappc9/Ncoa1/Ccdc141/Zmiz1/Gria1/Nkx2-1/Dmd/Ccdc85c/Filip1/H2ax/Dab2ip/Ulk4/Cdh2/Kif14/Pals1/Gsk3b/Slit2/Celf1/Efhc1/Kcna2/Lrp6/Afdn/Bbs2/Tacc2/Gli3/Pax6"
"GO:0071868","GO:0071868","cellular response to monoamine stimulus",36,0.376679211238532,1.36552499461211,0.0909090909090909,0.286037949589351,0.230340791088455,982,"tags=22%, list=10%, signal=20%","Adcy5/Drd2/Htr2c/Htr4/Gnal/Prkd1/Drd1/Drd5"
"GO:0071870","GO:0071870","cellular response to catecholamine stimulus",36,0.376679211238532,1.36552499461211,0.0909090909090909,0.286037949589351,0.230340791088455,982,"tags=22%, list=10%, signal=20%","Adcy5/Drd2/Htr2c/Htr4/Gnal/Prkd1/Drd1/Drd5"
"GO:0010464","GO:0010464","regulation of mesenchymal cell proliferation",28,0.403183834977437,1.36963821890615,0.0912778904665314,0.286900423354347,0.231035324417362,2748,"tags=43%, list=27%, signal=31%","Foxp2/Foxp1/Chrd/Bmpr1a/Phf14/Irs1/Lrp5/Zeb1/Wnt11/Lrp6/Arhgap5/Fbxw4"
"GO:0031114","GO:0031114","regulation of microtubule depolymerization",29,0.399455601934764,1.36553069408029,0.0916334661354582,0.286987435901954,0.231105393927646,2512,"tags=45%, list=25%, signal=34%","Mid1/Fgf13/Nav3/Taok1/Atxn7/Ttbk2/Ccdc88c/Hdgfl3/Map2/Mid1ip1/Clasp2/Clasp1/Map1a"
"GO:0030833","GO:0030833","regulation of actin filament polymerization",88,0.286272737562974,1.2584498382324,0.0916844349680171,0.286987435901954,0.231105393927646,2178,"tags=28%, list=21%, signal=23%","Pecam1/Nck2/Dbn1/Fhod3/Prkcd/Cracd/Tenm1/Svil/Add3/Prex1/Prkce/Kank4/Arf6/Lats1/Capza2/Vill/Kirrel1/Eps8/Daam2/Cyfip2/Add1/Slit2/Grb2/Ssh2/Mtor"
"GO:0010595","GO:0010595","positive regulation of endothelial cell migration",84,0.286059648684568,1.24059627310242,0.0916844349680171,0.286987435901954,0.231105393927646,2583,"tags=37%, list=25%, signal=28%","Foxp1/Smoc2/Prox1/Vegfc/Wnt7a/Hspb1/Bcas3/Plcg1/Prkd1/Sash1/Amotl1/Met/Jcad/Akt3/Grn/Ets1/Tgfbr3/Pik3c2a/Atoh8/Itgb1bp1/Map3k3/Igf1/Hdac9/Abl1/Col18a1/Calr/Sema5a/Rin2/Gfus/Fgf18/Prkca"
"GO:0033555","GO:0033555","multicellular organismal response to stress",84,0.28527106316423,1.23717630016302,0.0916844349680171,0.286987435901954,0.231105393927646,1579,"tags=27%, list=15%, signal=23%","Bcl2/Gabra5/Kcne2/Ppp3ca/Ext1/Cckbr/Htr2c/Cntnap2/Cacna1e/Cacna1b/Penk/Npas2/Tacr1/Drd1/Gria1/Grm7/Grin2b/Asic4/Brinp1/Large1/Bdnf/Ankfn1/Capn2"
"GO:0055021","GO:0055021","regulation of cardiac muscle tissue growth",51,0.335216806224887,1.31102460027918,0.0918163672654691,0.287103810953943,0.231199108490964,2178,"tags=29%, list=21%, signal=23%","Foxp1/Kcnk2/Ccnd2/Ep300/Ctdp1/Nr3c1/Col14a1/Erbb4/Tgfbr3/Bmpr1a/Adrb1/Vgll4/Igf1/Hey2/Mtor"
"GO:0045663","GO:0045663","positive regulation of myoblast differentiation",32,0.381256560133562,1.35928467690348,0.0919540229885057,0.287237824386776,0.231307026898922,2117,"tags=38%, list=21%, signal=30%","Zfhx3/Boc/Arid1a/Plcb1/Arid2/Rbm24/Dpf3/Sox4/Smarca4/Pbrm1/Xkr8/Smarcd2"
"GO:1902110","GO:1902110","positive regulation of mitochondrial membrane permeability involved in apoptotic process",22,-0.435767452853048,-1.37636544081664,0.0923379174852652,0.287252453778597,0.231318807663293,2158,"tags=36%, list=21%, signal=29%","Slc35f6/Bnip3l/Siva1/Tmem14a/Gclc/Vdac2/Bok/Bnip3"
"GO:0044458","GO:0044458","motile cilium assembly",63,-0.320031365122816,-1.30783448943602,0.0923379174852652,0.287252453778597,0.231318807663293,1757,"tags=25%, list=17%, signal=21%","Ahi1/Dnali1/Tpgs1/Cfap70/Cc2d2a/Vdac3/BC048507/Spag16/Cfap69/Foxj1/Spag6l/Atmin/Ttll1/Mks1/Spata6/Ube2b"
"GO:0070646","GO:0070646","protein modification by small protein removal",89,-0.292069003900171,-1.27664486902394,0.0922787193973635,0.287252453778597,0.231318807663293,2618,"tags=38%, list=26%, signal=29%","Spata2/Usp1/Usp20/Cops5/Uchl3/Usp14/Cops2/Brcc3dc/Usp30/Desi1/Cops4/Usp16/Usp19/Otud1/Gps1/Usp45/Cops3/Usp5/Semp2l2b/Usp12/Cops7b/Yod1/Senp7/Otud6b/Atxn3/Tor1a/Otub1/Usp46/Cyld/Cops8/Usp44/Stambp/Uchl5/Park7"
"GO:0006164","GO:0006164","purine nucleotide biosynthetic process",129,-0.272560167552615,-1.25970566138366,0.0921052631578947,0.287252453778597,0.231318807663293,2223,"tags=29%, list=22%, signal=23%","Ndufa10/Ndufab1/Ndufb9/Nme1/Atpsckmt/Cox11/mt-Nd6/Atp5f1c/Atp5pf/Ndufb5/Nmrk2/Hprt1/Ndufs3/Atic/Atp5mc3/Nampt/Aprt/Gmps/Atp5mf/Ndufb2/Slc25a13/Dmac2l/Adora2b/Sdhb/Ndufa12/Sdhd/Nadsyn1/Map2k1/Ndufs1/Ndufs6/Ndufa5/Ndufa8/Ndufv3/Ampd3/Ppat/Atp6v1a/Pid1/Tmsb4x"
"GO:0051099","GO:0051099","positive regulation of binding",103,0.278749696557401,1.26436782385661,0.0928725701943845,0.288619371988702,0.232419560281331,2192,"tags=32%, list=21%, signal=25%","Plcl1/Epha4/B2m/Zfp618/Hipk2/Mark3/Aktip/Tcf7l2/Lfng/Agrn/Arhgef7/Ep300/Met/Sirt2/Gpsm1/Tns3/Ip6k2/Ski/H1f0/Ctbp2/Smarca4/Bdnf/Dtx3l/Tgfb2/Tiam1/Gsk3b/Prkn/Add1/Tmem132a/Eif2ak3/Igf1/Abl1/Ephb6"
"GO:0002704","GO:0002704","negative regulation of leukocyte mediated immunity",20,0.44509559458807,1.36262939231022,0.0934959349593496,0.289269348268839,0.232942973523422,1895,"tags=35%, list=18%, signal=29%","Tap1/Tap2/Ptpn6/Dusp22/Bcr/Susd4/Ptprc"
"GO:0045066","GO:0045066","regulatory T cell differentiation",20,0.444502391362182,1.36081334164372,0.0934959349593496,0.289269348268839,0.232942973523422,1326,"tags=35%, list=13%, signal=31%","Foxo3/Sox12/Hspb1/Ambra1/Socs1/Drosha/Tox"
"GO:0005978","GO:0005978","glycogen biosynthetic process",32,-0.392712482601932,-1.35583620405533,0.09375,0.289269348268839,0.232942973523422,1815,"tags=31%, list=18%, signal=26%","Akt2/Akt1/Gfpt1/Nhlrc1/Insr/Ptges3/Pgm1/Inpp5k/Pgm2/Ugp2"
"GO:0009250","GO:0009250","glucan biosynthetic process",32,-0.392712482601932,-1.35583620405533,0.09375,0.289269348268839,0.232942973523422,1815,"tags=31%, list=18%, signal=26%","Akt2/Akt1/Gfpt1/Nhlrc1/Insr/Ptges3/Pgm1/Inpp5k/Pgm2/Ugp2"
"GO:0098698","GO:0098698","postsynaptic specialization assembly",38,0.366201222268446,1.34375561196285,0.0933852140077821,0.289269348268839,0.232942973523422,613,"tags=18%, list=6%, signal=17%","Nrxn3/Ntrk3/Nlgn1/Nrxn1/Arhgef9/Ptprs/Grid2"
"GO:0001658","GO:0001658","branching involved in ureteric bud morphogenesis",37,0.366196847069443,1.33474387279916,0.0932038834951456,0.289269348268839,0.232942973523422,1924,"tags=27%, list=19%, signal=22%","Bcl2/Gpc3/Gzf1/Sox8/Eya1/Hs3st3b1/Pbx1/Lgr4/Hs3st3a1/Greb1l"
"GO:0097306","GO:0097306","cellular response to alcohol",73,0.296731895207123,1.27244002554392,0.0936863543788187,0.289269348268839,0.232942973523422,1707,"tags=27%, list=17%, signal=23%","Cftr/Adcy5/Foxo3/Drd2/Glra3/Tnc/Lrp8/Akap8/Prkd1/Epha5/Gpr155/Nr3c2/Prkce/Adcy1/Grip1/Adcy2/Spidr/Gramd1b/Slc23a2/Gnai1"
"GO:0016239","GO:0016239","positive regulation of macroautophagy",73,-0.307640989330114,-1.29088956592081,0.0939334637964775,0.289284077600692,0.232954834767554,2151,"tags=30%, list=21%, signal=24%","Bnip3l/Hk2/Nod1/Sesn2/Trim32/Hif1a/Trim13/Bag3/Ube2a/Tsc2/Wipi1/Smcr8/Stub1/Snx7/Snx4/Tbk1/Fbxo7/Sesn1/Pip4k2b/Bnip3/Scoc/Kdr"
"GO:0006672","GO:0006672","ceramide metabolic process",70,0.304129807891923,1.2845708707387,0.0939457202505219,0.289284077600692,0.232954834767554,1994,"tags=34%, list=19%, signal=28%","Smpd3/Prkcd/B3galt1/St8sia2/St6galnac6/St6galnac3/Sptlc3/Galc/Pla2g6/Abca12/Smpd1/Itgb8/Cers6/St3gal1/St8sia6/St6galnac4/Hexa/Gba1/Glb1/Sptlc2/Sgms1/St3gal3/Abca2/B4galt4"
"GO:0045932","GO:0045932","negative regulation of muscle contraction",23,0.421852809829067,1.35585612004447,0.0945674044265594,0.290902777068502,0.234258341929751,1840,"tags=48%, list=18%, signal=39%","Adra2c/Prkg1/Dbn1/Arhgap42/Dock5/Dock4/Gucy1a1/Adrb2/Kcnma1/Calcrl/Adrb1"
"GO:0003151","GO:0003151","outflow tract morphogenesis",59,0.316081264909453,1.29040769139628,0.0948453608247423,0.291166609218814,0.234470800823071,2246,"tags=31%, list=22%, signal=24%","Robo1/Sox11/Smad6/Bmpr2/Robo2/Bmp7/Eya1/Fzd1/Tgfbr3/Bmpr1a/Smarca4/Dhrs3/Tgfb2/Ankrd11/Wnt11/Hey2/Lrp2/Lrp6"
"GO:0051781","GO:0051781","positive regulation of cell division",60,0.315355546153505,1.29038264882009,0.0948453608247423,0.291166609218814,0.234470800823071,1828,"tags=25%, list=18%, signal=21%","Drd2/Igf1r/Vegfc/Pdgfd/Cdc14a/Svil/Pdgfc/Sirt2/Prkce/Arf6/Pkn2/Tgfb2/Kif14/Garem1/Itgb1bp1"
"GO:0033688","GO:0033688","regulation of osteoblast proliferation",22,0.43592628345979,1.37329245217212,0.0953346855983773,0.291487484725614,0.234729195620626,2193,"tags=50%, list=21%, signal=39%","Bcl2/Igf1r/Mn1/Smad3/Sox8/Axin2/Lrp5/Atraid/Gsk3b/Abl1/Nell1"
"GO:0033146","GO:0033146","regulation of intracellular estrogen receptor signaling pathway",25,-0.416588920978138,-1.37172160008028,0.0953307392996109,0.291487484725614,0.234729195620626,246,"tags=28%, list=2%, signal=27%","Src/Phb2/Ufm1/Wbp2/Vps18/Ufsp2/Vps11"
"GO:0021575","GO:0021575","hindbrain morphogenesis",42,0.361866704315406,1.35261076367744,0.0952380952380952,0.291487484725614,0.234729195620626,2341,"tags=43%, list=23%, signal=33%","Foxp2/Prox1/Wnt7a/Cntnap2/Nrxn1/Dab1/Grid2/Atp2b2/Rora/Faim2/Whrn/Ldb1/Kif14/Gba1/Abl1/Lrp6/Ulk1/Kndc1"
"GO:1903008","GO:1903008","organelle disassembly",55,-0.329826844294628,-1.30995114822516,0.0950495049504951,0.291487484725614,0.234729195620626,1533,"tags=25%, list=15%, signal=22%","Saysd1/Denr/Nedd9/Rnf14/Klhdc10/Abce1/Pnpla2/Dyrk3/Prkaa2/Rrp7a/Kif9/Mcts1/Ufsp2/Ltn1"
"GO:0031076","GO:0031076","embryonic camera-type eye development",26,0.416909497459164,1.38252786167989,0.0955284552845529,0.291785503540519,0.234969184369263,1091,"tags=31%, list=11%, signal=28%","Six3/Prox1/Sox11/Arid1a/Hipk2/Traf3ip1/Bmp7/Sp3"
"GO:1904646","GO:1904646","cellular response to amyloid-beta",24,0.424448222529572,1.37671744334262,0.0961145194274029,0.292467360239715,0.235518270292048,2146,"tags=50%, list=21%, signal=40%","Epha4/Foxo3/Grm5/Igf1r/Fyn/Bace1/Adrb2/Cacna2d1/Gsk3b/Ephb2/Igf1/Parp1"
"GO:0061387","GO:0061387","regulation of extent of cell growth",88,0.283695559726136,1.24712061051944,0.0959488272921109,0.292467360239715,0.235518270292048,945,"tags=19%, list=9%, signal=18%","Cdh4/Sema3f/Fgf13/Dscam/Dbn1/Ntrk3/Plxna4/Cdkl5/Ntn1/Sema3a/Ptprs/Pum2/Bcl11a/Ep300/Bmpr2/Adnp/Trpc5"
"GO:0007269","GO:0007269","neurotransmitter secretion",127,0.26158005723204,1.2364657747909,0.096234309623431,0.292467360239715,0.235518270292048,1106,"tags=19%, list=11%, signal=17%","Syt10/Mctp2/Nrxn3/Grm8/Unc13c/Nlgn1/Wnt7a/Syn3/Htr2c/Kcnh1/Ppfia2/Nrxn1/Cacna1e/Cacna1b/Syt1/Cask/Cacna1d/Doc2b/Erc1/Stxbp5l/Adora2a/Rimbp2/Pclo/Rims3"
"GO:0099643","GO:0099643","signal release from synapse",127,0.26158005723204,1.2364657747909,0.096234309623431,0.292467360239715,0.235518270292048,1106,"tags=19%, list=11%, signal=17%","Syt10/Mctp2/Nrxn3/Grm8/Unc13c/Nlgn1/Wnt7a/Syn3/Htr2c/Kcnh1/Ppfia2/Nrxn1/Cacna1e/Cacna1b/Syt1/Cask/Cacna1d/Doc2b/Erc1/Stxbp5l/Adora2a/Rimbp2/Pclo/Rims3"
"GO:0043488","GO:0043488","regulation of mRNA stability",127,0.261396693709298,1.23559903165071,0.096234309623431,0.292467360239715,0.235518270292048,3034,"tags=45%, list=30%, signal=32%","Calcr/Carhsp1/Pan3/Rc3h1/Rbm38/Igf2bp3/Elavl1/Pum2/Tnrc6b/Qki/Boll/Tnrc6c/Hnrnpd/Tent4a/Dis3l2/Gigyf2/Rbm24/Alkbh5/Axin2/Tut4/Rbm33/Ptbp1/Slc11a1/Ago3/Brf1/Cnot2/Thrap3/Fto/Syncrip/Tardbp/Hnrnpu/Dcp1b/Ythdf3/Celf1/Mtor/Nanos3/Tent5a/Nanos1/Pcbp4/Igf2bp1/Btg2/Tbrg4/Samd4/Fmr1/Dhx36/Fastk/Rock1/Larp4b/Pnldc1/Pum1/Cpeb3/Tnrc6a/Zfp36l2/Ybx1/Dicer1/Taf15/Tirap"
"GO:0030517","GO:0030517","negative regulation of axon extension",23,0.421287986684776,1.3540407500882,0.096579476861167,0.292928743632969,0.235889813354602,2675,"tags=43%, list=26%, signal=32%","Sema3f/Ntn1/Sema3a/Ptprs/Tnr/Map2/Slit2/Sema5a/Slit1/Ryk"
"GO:0051985","GO:0051985","negative regulation of chromosome segregation",37,-0.371590281982461,-1.34227237663192,0.0965092402464066,0.292928743632969,0.235889813354602,2060,"tags=38%, list=20%, signal=30%","Psmg2/Pcid2/Cep192/Bub3/Kntc1/Prpf4b/Chtf18/Cdca8/Lcmt1/Gen1/Spc25/Dync1li1/Usp44/Trip13"
"GO:0050850","GO:0050850","positive regulation of calcium-mediated signaling",36,0.373498216360752,1.3539933573894,0.0968379446640316,0.292939363727001,0.235898365509532,1140,"tags=28%, list=11%, signal=25%","Calcr/Grm5/Ppp3ca/Ramp3/Htr2c/Negr1/Akap5/Exoc4/Car8/Sppl3"
"GO:0071174","GO:0071174","mitotic spindle checkpoint signaling",33,-0.383324383324731,-1.34718204289328,0.096969696969697,0.292939363727001,0.235898365509532,2060,"tags=39%, list=20%, signal=32%","Psmg2/Pcid2/Cep192/Bub3/Kntc1/Prpf4b/Cdca8/Lcmt1/Gen1/Spc25/Dync1li1/Usp44/Trip13"
"GO:0002209","GO:0002209","behavioral defense response",46,0.346633403642715,1.30952397446086,0.096969696969697,0.292939363727001,0.235898365509532,1546,"tags=35%, list=15%, signal=30%","Bcl2/Gabra5/Cckbr/Htr2c/Cacna1e/Penk/Npas2/Ep300/Drd1/Grm7/Grin2b/Asic4/Brinp1/Large1/Bdnf/Ankfn1"
"GO:0060261","GO:0060261","positive regulation of transcription initiation by RNA polymerase II",50,-0.337440822008829,-1.30026499095012,0.096969696969697,0.292939363727001,0.235898365509532,2998,"tags=44%, list=29%, signal=31%","Taf2/Hnf1a/Med23/Tbp/Med14/Med8/Med16/Med28/Med13/Taf13/Taf10/Taf12/Med20/Med12/Med9/Psmc6/Med17/Med22/Taf9/Med31/Taf7/Kat8"
"GO:0043094","GO:0043094","metabolic compound salvage",31,-0.388005805050784,-1.33234169687123,0.0971074380165289,0.293063284053867,0.235998156135787,1819,"tags=35%, list=18%, signal=29%","Enoph1/Hprt1/Uckl1/Aprt/Gmps/Apip/Adi1/Uck1/Ampd3/Upp1/Pgm2"
"GO:1904262","GO:1904262","negative regulation of TORC1 signaling",35,-0.372710093207789,-1.33021988643955,0.0972222222222222,0.293117744610282,0.236042012161415,2386,"tags=40%, list=23%, signal=31%","Depdc5/Sesn2/Szt2/Sar1b/Ube2d1/Atxn3/Itfg2/Prkaa2/Tsc2/Ywhaz/Tbc1d7/Tbk1/Sesn1/Npc1"
"GO:1902932","GO:1902932","positive regulation of alcohol biosynthetic process",26,0.415909209148219,1.37921077135688,0.0975609756097561,0.293169466403162,0.236083662714097,2807,"tags=50%, list=27%, signal=36%","Abcg1/Srebf2/Qki/Bmp6/Srebf1/Ntsr1/Pou1f1/Scap/Gnai1/Adcyap1r1/Pth1r/P2ry1/Fdps"
"GO:0048483","GO:0048483","autonomic nervous system development",26,0.415867119291306,1.37907119574099,0.0975609756097561,0.293169466403162,0.236083662714097,1390,"tags=31%, list=14%, signal=27%","Sema3f/Sox11/Plxna4/Kif26a/Sema3a/Sox8/Nav2/Sox4"
"GO:0048873","GO:0048873","homeostasis of number of cells within a tissue",30,0.390829678032812,1.35739651829034,0.09765625,0.293169466403162,0.236083662714097,2439,"tags=43%, list=24%, signal=33%","Bcl2/Rpa1/Akt3/Col14a1/Gigyf2/Elp6/Brinp1/Kmt2a/Sash3/Add1/Epsti1/Nfkbiz/Fsip1"
"GO:0000184","GO:0000184","nuclear-transcribed mRNA catabolic process, nonsense-mediated decay",32,-0.388992183115448,-1.34299190458137,0.0979166666666667,0.293169466403162,0.236083662714097,2745,"tags=44%, list=27%, signal=32%","Etf1/Smg6/Hnrnpab/Dhx34/Casc3/Smg8/Magoh/Exosc10/Gspt1/Ncbp2/Smg1/Pnrc2/Eif3e/Eif4a3"
"GO:0090224","GO:0090224","regulation of spindle organization",32,-0.387368075388905,-1.33738468771792,0.0979166666666667,0.293169466403162,0.236083662714097,3646,"tags=66%, list=36%, signal=42%","Chmp1a/Rnf4/Chmp6/Drg1/Dync1h1/Mapk15/Cep97/Sass6/Ccsap/Tpx2/Chmp5/Chmp4b/Chmp2a/Chmp7/Vps4b/Chmp2b/Chmp3/Rae1/Chmp1b2/Cltc/Dctn1"
"GO:0032355","GO:0032355","response to estradiol",73,0.29416494320727,1.26143247117912,0.0977596741344195,0.293169466403162,0.236083662714097,1526,"tags=25%, list=15%, signal=21%","Drd2/Igfbp2/Egfr/Wnt7a/Ramp3/Lcor/Penk/Ncoa1/Cdkn1b/Tacr1/Gria1/Hnrnpd/Nr2f2/Bmp7/Grn/Ezh2/Rgs9/Hsf1"
"GO:0002429","GO:0002429","immune response-activating cell surface receptor signaling pathway",130,0.261565588662865,1.233358291421,0.0978260869565217,0.293169466403162,0.236083662714097,2854,"tags=39%, list=28%, signal=29%","Foxp1/Bcl2/Nmi/Pawr/Eif2b3/Rc3h1/Znrf1/Plcg1/Dennd1b/Nfkb1/Mfhas1/Pde4b/Phpt1/Fyn/Ninj1/Prkce/Cd276/Arf6/Plscr1/Ptpn6/Sppl3/Ifi35/Fcho1/Dusp22/Cd247/Dab2ip/Chuk/Map3k7/Dgkz/Ptprc/Rnf31/Grb2/Vav3/Abl1/Tnfrsf21/Appl2/Peli1/Nfkbiz/Slc39a10/Cacnb4/Rapgef1/Wnk1/Btrc/Tnfaip3/Rab11fip2/Khdrbs1/Prnp/Cd47/Ptprj/Lipa/Plcl2"
"GO:0038145","GO:0038145","macrophage colony-stimulating factor signaling pathway",34,0.374251532958578,1.33671049887627,0.0983935742971888,0.293726630660573,0.236532336241518,2105,"tags=47%, list=21%, signal=38%","Epha4/Egfr/Igf1r/Ntrk3/Epha3/Ephb1/Epha5/Met/Erbb4/Epha7/Epha6/Ros1/Alk/Ephb3/Tyro3/Ephb2"
"GO:0051306","GO:0051306","mitotic sister chromatid separation",42,-0.349724177475376,-1.30488923892823,0.0983935742971888,0.293726630660573,0.236532336241518,2060,"tags=38%, list=20%, signal=31%","Psmg2/Rb1/Anapc7/Cdc16/Pcid2/Cep192/Bub3/Kntc1/Prpf4b/Cdca8/Lcmt1/Gen1/Spc25/Dync1li1/Usp44/Trip13"
"GO:0006942","GO:0006942","regulation of striated muscle contraction",54,0.32540989148159,1.29214381888288,0.0983935742971888,0.293726630660573,0.236532336241518,1871,"tags=35%, list=18%, signal=29%","Kcnq1/Fgf13/Cacna1h/Cacna1c/Akap9/Prkd1/Agrn/Slc8a3/Hdac4/Dmd/Atp1b1/Rnf207/Ank2/Slc8a1/Adora1/Chga/Adrb1/Atp1a1/Hcn4"
"GO:0150052","GO:0150052","regulation of postsynapse assembly",42,0.359997805710888,1.34562506331168,0.0992063492063492,0.295280194592572,0.237783391025041,968,"tags=26%, list=9%, signal=24%","Asic2/Lzts3/Elmo1/Htr4/Nckipsd/Flrt2/Dock4/Pum2/Syndig1/Gna13/Psd"
"GO:0035790","GO:0035790","platelet-derived growth factor receptor-alpha signaling pathway",37,0.364142122440695,1.32725464636136,0.0990291262135922,0.295280194592572,0.237783391025041,2105,"tags=46%, list=21%, signal=37%","Epha4/Egfr/Igf1r/Ntrk3/Epha3/Ephb1/Epha5/Met/Erbb4/Epha7/Epha6/Phf14/Ros1/Alk/Ephb3/Tyro3/Ephb2"
"GO:0050671","GO:0050671","positive regulation of lymphocyte proliferation",57,0.317945208733084,1.2772566117772,0.0991735537190083,0.295280194592572,0.237783391025041,2400,"tags=32%, list=23%, signal=24%","Bcl2/Igfbp2/Nck2/Ppp3ca/Adk/Tacr1/Cd276/Slc4a1/Cd74/Atad5/Sash3/Ptprc/Ephb2/Efnb1/Igf1/Vav3/Peli1/Slc39a10"
"GO:0060041","GO:0060041","retina development in camera-type eye",122,0.261721230304474,1.22339428551887,0.0993520518358531,0.29542366738237,0.237898926868971,1745,"tags=23%, list=17%, signal=19%","Chd7/Sdk2/Acvr2b/Six3/Dscam/Prox1/Fat3/Megf11/Zhx2/Thrb/Hipk2/Bmpr2/Lama1/Rpgr/Ski/Sox8/Grn/Elp6/Ush1c/Atp2b4/Large1/Mfsd2a/Ptprm/Tgfb2/Tmem135/Lrp5/Slc4a5/Nfia"
"GO:0097345","GO:0097345","mitochondrial outer membrane permeabilization",21,-0.442411583896376,-1.36790594056312,0.0998003992015968,0.296175523585542,0.238504382029281,2158,"tags=38%, list=21%, signal=30%","Slc35f6/Bnip3l/Siva1/Tmem14a/Gclc/Vdac2/Bok/Bnip3"
"GO:0060291","GO:0060291","long-term synaptic potentiation",92,0.284192918052573,1.25852327496861,0.0997830802603037,0.296175523585542,0.238504382029281,3336,"tags=52%, list=33%, signal=36%","Epha4/Drd2/Ptpn5/Nlgn1/Pde9a/Slc8a3/Drd1/Gria1/Adora2a/Akap5/Crtc1/Nptn/Grin2b/Chrd/Adcy1/Enpp1/Large1/Shank2/Tnr/Adora1/Adrb1/Gsk3b/Mme/Crhr2/Ephb2/Abl1/Tshz3/Nsg1/Crhr1/Adcy8/Mir138-2/Slc8a2/Fmr1/Prnp/Htr7/Cpeb3/Rims1/Ppp1r9a/Braf/Calb1/Vamp2/Grin2a/App/Mapk1/Stau1/Prkar1b/Snca/Gria3"
"GO:1902683","GO:1902683","regulation of receptor localization to synapse",27,0.410227253820379,1.3753840498343,0.101626016260163,0.301298267385805,0.242629627861836,1988,"tags=44%, list=19%, signal=36%","Dbn1/Kalrn/Gpc6/Cacna2d2/Nbea/Gpc4/Nptn/Magi2/Tnik/Neto2/Epb41l1/Gsk3b"
"GO:0021766","GO:0021766","hippocampus development",78,0.291602403462885,1.25646071688381,0.101910828025478,0.30184732054467,0.243071769679536,2267,"tags=37%, list=22%, signal=29%","Fgf13/Prox1/Kcnq2/Tsku/Kirrel3/Lrp8/Ptprs/Dab1/Slc32a1/Ncoa1/Epha5/Drd1/Nkx2-1/Vps13b/Ogdh/Ezh2/Atp2b4/Large1/Sema6b/Mfsd2a/Kif14/Alk/Dclk2/Gsk3b/Srd5a2/Srf/Uba6/Bbs2/Gli3"
"GO:1902473","GO:1902473","regulation of protein localization to synapse",24,0.423068577426836,1.37224250063408,0.102249488752556,0.302543033959124,0.243632014145301,1602,"tags=42%, list=16%, signal=35%","Nlgn1/Kalrn/Gpc6/Cacna2d2/Nbea/Clstn3/Gpc4/Magi2/Tnik/Neto2"
"GO:0045765","GO:0045765","regulation of angiogenesis",176,0.248428832240044,1.21695053992389,0.102345415778252,0.302543033959124,0.243632014145301,2771,"tags=35%, list=27%, signal=26%","Ghrl/Tafa5/Smoc2/Dcn/Adgrb3/Vegfc/Adgrb2/Adgrb1/Pak4/Ctsh/Hspb1/Bmper/Hipk2/Plcg1/Prkd1/Sash1/Fyn/Qki/Jcad/Ninj1/Ism1/Htatip2/Col4a3/Smad1/Akt3/Ptpn6/Itgb8/Grn/Ets1/Atp2b4/Adrb2/Ptprm/Dab2ip/Tgfb2/Epn2/Naxe/Mtdh/Sulf1/Thbs2/Add1/Pik3r6/Crhr2/Abl1/Vash2/Sema5a/Cybb/Tjp1/Stard13/Tert/Fgf18/Pdcl3/Wnk1/Prkca/Rock1/Rapgef3/Aqp1/Angpt2/Egln1/Creb3l1/Pik3cb/Jmjd8"
"GO:0021517","GO:0021517","ventral spinal cord development",25,0.41178258971589,1.35768910843563,0.102459016393443,0.302583644904611,0.243664717348928,2485,"tags=44%, list=24%, signal=33%","Foxp1/Lrp8/Dab1/Lmo4/Sox1/Gigyf2/Gdpd5/Gli3/Pax6/Scyl1/Sufu"
"GO:1903509","GO:1903509","liposaccharide metabolic process",68,0.297797168991729,1.25654673364198,0.102822580645161,0.303361654678519,0.24429123347049,1994,"tags=34%, list=19%, signal=27%","Aoah/Prkcd/B3galt1/St8sia2/St6galnac6/St6galnac3/Fut9/St3gal4/Galc/Pigs/Itgb8/Pigc/St3gal1/St8sia6/St6galnac4/Hexa/Map7/Gba1/Glb1/St3gal3/Pigyl/Abca2/B4galt4"
"GO:0043648","GO:0043648","dicarboxylic acid metabolic process",72,-0.304770212720942,-1.2780664756318,0.103112840466926,0.303922088146679,0.244742539629669,2941,"tags=39%, list=29%, signal=28%","Adss1/Ggt1/Mdh1/Bloc1s6/Gpt2/D2hgdh/Aasdhppt/Asl/Fh1/Phyh/Got1/Fahd1/Suclg2/Atic/Got2/Gclc/Aadat/Acot4/Sdhb/Sucla2/Aldh5a1/Nit2/Cs/Acly/Oat/Dld/Glul/Dlst"
"GO:0021795","GO:0021795","cerebral cortex cell migration",48,0.336974910615229,1.29623312053534,0.103792415169661,0.305627811432528,0.24611612537801,908,"tags=21%, list=9%, signal=19%","Robo1/Fgf13/Egfr/Pou3f2/Syne2/Lrp8/Dab1/Ccdc141/Zmiz1/Nkx2-1"
"GO:0045880","GO:0045880","positive regulation of smoothened signaling pathway",30,-0.389543892566496,-1.33399874070804,0.104081632653061,0.306181890231821,0.246562314246087,2377,"tags=40%, list=23%, signal=31%","Intu/Evc/Pdcl/Ift172/Stk36/Dlg5/Armc9/Ctnna1/Gorab/Uchl5/Cibar1/Tubd1"
"GO:0035904","GO:0035904","aorta development",50,0.33326598224457,1.29737558776049,0.104536489151874,0.306923994312188,0.247159916211795,2172,"tags=38%, list=21%, signal=30%","Robo1/Chd7/Prox1/Smad6/Robo2/Hectd1/Chrd/Eya1/Enpp1/Sox4/Bmpr1a/Smarca4/Tgfb2/Ndst1/Efnb2/Myh10/Hey2/Srf/Lrp2"
"GO:0032786","GO:0032786","positive regulation of DNA-templated transcription, elongation",46,-0.335829866838783,-1.28649324959213,0.104536489151874,0.306923994312188,0.247159916211795,2741,"tags=41%, list=27%, signal=30%","Med23/Med14/Med8/Pwwp2b/Med16/Med28/Ccnt1/Ccnk/Med20/Med9/Med17/Med22/Leo1/Map2k1/Supt6/Med31/Ncbp2/Cdk9/Cbx7"
"GO:0032608","GO:0032608","interferon-beta production",38,0.361908597668258,1.32800405777408,0.105058365758755,0.307562172221282,0.247673828455422,1662,"tags=29%, list=16%, signal=24%","Zbtb20/Irf7/Nmi/Crebbp/Ptprs/Traip/Traf3ip1/Rnf216/Polr3c/Ifih1/Rel"
"GO:0032648","GO:0032648","regulation of interferon-beta production",38,0.361908597668258,1.32800405777408,0.105058365758755,0.307562172221282,0.247673828455422,1662,"tags=29%, list=16%, signal=24%","Zbtb20/Irf7/Nmi/Crebbp/Ptprs/Traip/Traf3ip1/Rnf216/Polr3c/Ifih1/Rel"
"GO:1905953","GO:1905953","negative regulation of lipid localization",33,-0.373992225556708,-1.31438445444486,0.105050505050505,0.307562172221282,0.247673828455422,2083,"tags=39%, list=20%, signal=31%","Ptpn11/Akt2/Akt1/Atp5pf/Hbp1/Agtr2/Pnpla2/Tspo/Ppard/Asxl1/Pla2r1/Cry1/Itgav"
"GO:0007200","GO:0007200","phospholipase C-activating G protein-coupled receptor signaling pathway",81,0.287949690256224,1.24897472281202,0.105485232067511,0.308513757880847,0.248440121857843,890,"tags=16%, list=9%, signal=15%","Chrm3/Drd2/Dgkb/Grm5/Cckbr/Hcrtr2/Itpr1/Htr2c/Plcb1/Oprk1/Prkd1/Drd1/Adora2a"
"GO:0140962","GO:0140962","multicellular organismal-level chemical homeostasis",51,0.329844557723635,1.29001386987079,0.105788423153693,0.309102142869517,0.248913936832218,1191,"tags=24%, list=12%, signal=21%","Cftr/Wfs1/B2m/Ext1/Eif2ak1/Cybrd1/Ctsh/Neo1/Btbd9/Abca12/Bmp6/Erbb4"
"GO:0034204","GO:0034204","lipid translocation",41,0.35580062061377,1.32649100712753,0.106719367588933,0.311521853366538,0.250862482578994,1965,"tags=37%, list=19%, signal=30%","Abcg1/Xkr6/Atp9a/Ano6/Xkr4/Tmem30c/Trpc5/Abca12/Plscr1/Slc4a1/Ano3/Mfsd2a/Atp10b/Abca2/Xkr8"
"GO:1901976","GO:1901976","regulation of cell cycle checkpoint",34,-0.371095035377728,-1.31753075142908,0.107142857142857,0.311856731165088,0.251132153149444,1392,"tags=26%, list=14%, signal=23%","Prpf4b/Cdca8/Lcmt1/Gen1/Dync1li1/Usp44/Brca2/Cry1/Chek2"
"GO:0051260","GO:0051260","protein homooligomerization",126,0.260240940853184,1.2276804124385,0.107142857142857,0.311856731165088,0.251132153149444,654,"tags=14%, list=6%, signal=14%","Kcnd2/Clybl/B2m/Lzts3/Kcnc1/Kcnj12/Kctd16/Glra3/Kcnf1/Atl2/Itpr1/Kcnd3/Samhd1/Kcng1/Elavl1/Kctd1/Gls/Rbmxl1"
"GO:0051494","GO:0051494","negative regulation of cytoskeleton organization",121,0.258972139432493,1.21129361106986,0.107066381156317,0.311856731165088,0.251132153149444,2515,"tags=34%, list=25%, signal=26%","Arhgap6/Mid1/Fgf13/Pecam1/Dbn1/Fhod3/Prkcd/Kifc1/Ctnna2/Cracd/Nav3/Svil/Add3/Taok1/Arhgef7/Myoc/Atxn7/Met/Kank4/Ttbk2/Rbm14/Ccdc88c/Hdgfl3/Capza2/Tbcd/Vill/Eps8/Map2/Ppfia1/Mid1ip1/Prkn/Add1/Slit2/Ssh2/Clasp2/Ssh3/Tjp1/Clasp1/Tmeff2/Map1a/Carmil1"
"GO:0007026","GO:0007026","negative regulation of microtubule depolymerization",26,0.410765704834935,1.36215422056318,0.107723577235772,0.312036201287884,0.251276676944699,2512,"tags=50%, list=25%, signal=38%","Mid1/Fgf13/Nav3/Taok1/Atxn7/Ttbk2/Ccdc88c/Hdgfl3/Map2/Mid1ip1/Clasp2/Clasp1/Map1a"
"GO:0060119","GO:0060119","inner ear receptor cell development",53,0.322968119631538,1.2726219673308,0.107723577235772,0.312036201287884,0.251276676944699,707,"tags=13%, list=7%, signal=12%","Otog/Kcnq1/Gabra5/Pjvk/Gabrb3/Tsku/Atp2b2"
"GO:1905954","GO:1905954","positive regulation of lipid localization",67,0.298189355827808,1.25576623271133,0.107569721115538,0.312036201287884,0.251276676944699,1188,"tags=19%, list=12%, signal=17%","Ghrl/Abcg1/Asxl2/Prkcd/Dennd5b/Srebf2/Lpcat3/Pla2g6/Sstr4/Abca12/Eepd1/Bmp6/Ntsr1"
"GO:0017157","GO:0017157","regulation of exocytosis",141,0.252741998516279,1.20540709142963,0.10752688172043,0.312036201287884,0.251276676944699,1241,"tags=18%, list=12%, signal=16%","Cftr/Syt10/Cacna1h/Il1rapl1/Atp9a/Smpd3/Nlgn1/Wnt7a/Kcnh1/Ppfia2/Cacna1g/Scamp5/Cacna1e/Rab3b/Syt1/Cask/Cacna1d/Pla2g6/Doc2b/Cacna1i/Stxbp5l/Pclo/Rims3/Cbarp/Kcnb1"
"GO:0006486","GO:0006486","protein glycosylation",165,0.246881062188022,1.20366511926671,0.107822410147992,0.312036201287884,0.251276676944699,2444,"tags=30%, list=24%, signal=23%","Lmf1/Galnt9/Ext1/B3glct/B3galt1/St8sia2/St6galnac6/St6galnac3/Fut9/Ramp1/Mgat4c/Tet2/St3gal4/Galnt14/Mgat5b/B3galt5/Pomk/Galnt13/St8sia1/Galnt16/Crppa/Tet1/Tmtc2/Mogs/Large1/Dhdds/St3gal1/Tmem260/Galnt7/St8sia6/Tmtc1/Fut8/St6galnac4/Pofut2/Fkrp/Gxylt1/Man1a2/St3gal3/Galnt2/Abca2/B4galt4/Gfpt2/Pomgnt2/Galntl6/Alg14/St3gal2/Man2a2/Galnt12/Ube2j1"
"GO:0043413","GO:0043413","macromolecule glycosylation",165,0.246881062188022,1.20366511926671,0.107822410147992,0.312036201287884,0.251276676944699,2444,"tags=30%, list=24%, signal=23%","Lmf1/Galnt9/Ext1/B3glct/B3galt1/St8sia2/St6galnac6/St6galnac3/Fut9/Ramp1/Mgat4c/Tet2/St3gal4/Galnt14/Mgat5b/B3galt5/Pomk/Galnt13/St8sia1/Galnt16/Crppa/Tet1/Tmtc2/Mogs/Large1/Dhdds/St3gal1/Tmem260/Galnt7/St8sia6/Tmtc1/Fut8/St6galnac4/Pofut2/Fkrp/Gxylt1/Man1a2/St3gal3/Galnt2/Abca2/B4galt4/Gfpt2/Pomgnt2/Galntl6/Alg14/St3gal2/Man2a2/Galnt12/Ube2j1"
"GO:0032410","GO:0032410","negative regulation of transporter activity",34,0.367094475133866,1.3111477062279,0.108433734939759,0.313045928430544,0.252089790551329,1173,"tags=18%, list=11%, signal=16%","Kcnq1/Drd2/Kcne2/Agrn/Ank3/Cbarp"
"GO:0072527","GO:0072527","pyrimidine-containing compound metabolic process",46,-0.33411742096877,-1.27993323135193,0.108481262327416,0.313045928430544,0.252089790551329,1501,"tags=48%, list=15%, signal=41%","Dut/Upb1/Uprt/Ctps2/Dtymk/Tbpl1/Slc25a19/Slc4a7/Cad/Nme1/Tyms/Ctps1/Uckl1/Umps/Cdadc1/Uck1/Tk2/Upp1/Rrm1/Slc19a3/Tymp/Aldh6a1"
"GO:0007566","GO:0007566","embryo implantation",40,-0.34910619433999,-1.27971817437273,0.108333333333333,0.313045928430544,0.252089790551329,2476,"tags=42%, list=24%, signal=32%","Stc1/Tppp3/Acod1/Reck/C1qbp/Stx2/Ints1/Ago2/Mmp2/Sod1/Stc2/Errfi1/Exoc1/Ppard/Arhgdib/Lamb1/Acvr1b"
"GO:0010594","GO:0010594","regulation of endothelial cell migration",120,0.260900049659271,1.22178788050754,0.109207708779443,0.314842395434551,0.253536450448945,2626,"tags=35%, list=26%, signal=26%","Foxp1/Smoc2/Dcn/Prox1/Vegfc/Wnt7a/Adgrb1/Hspb1/Bmper/Bcas3/Plcg1/Prkd1/Sash1/Amotl1/Met/Jcad/Nr2f2/Akt3/Grn/Ets1/Atp2b4/Tgfbr3/Pik3c2a/Ptprm/Dab2ip/Atoh8/Itgb1bp1/Fbxw7/Map3k3/Slit2/Igf1/Hdac9/Abl1/Col18a1/Calr/Sema5a/Rin2/Stard13/Gfus/Fgf18/Prkca/Angpt2"
"GO:1900037","GO:1900037","regulation of cellular response to hypoxia",22,0.429029076224883,1.3515642770284,0.109533468559838,0.315481378076339,0.254051010728141,856,"tags=23%, list=8%, signal=21%","Epha4/Drd2/Kcnk2/Ep300/Drd1"
"GO:0046426","GO:0046426","negative regulation of receptor signaling pathway via JAK-STAT",21,0.434241623018955,1.35582011840419,0.109780439121756,0.315592723471463,0.254140675006723,2250,"tags=43%, list=22%, signal=34%","Hnf4a/Parp14/Dab1/Socs1/Traf3ip1/Inpp5f/Ptprc/Ggnbp2/Irf1"
"GO:0009064","GO:0009064","glutamine family amino acid metabolic process",48,-0.329859180274377,-1.27321091070517,0.109780439121756,0.315592723471463,0.254140675006723,1425,"tags=27%, list=14%, signal=23%","Arg2/Got2/Gclc/Aadat/Pycr1/Aldh5a1/Nit2/Azin1/Oat/Glul/Nos1/Odc1/Ppat"
"GO:0032387","GO:0032387","negative regulation of intracellular transport",40,-0.348483050241677,-1.2774339157695,0.110416666666667,0.317120853080569,0.255371248025276,2244,"tags=38%, list=22%, signal=29%","Mtmr4/Hdac3/Sumo1/Rab23/Mapt/Yod1/Ufm1/Akap1/Nf1/Angpt1/Snx12/Sirt6/Park7/Snx3/Vps35"
"GO:0050766","GO:0050766","positive regulation of phagocytosis",38,0.359958539552699,1.32084842481305,0.110894941634241,0.317610062893082,0.255765199161426,3276,"tags=55%, list=32%, signal=38%","Rap1gap/Ano6/Mex3b/Ptk2/Myo18a/Camk1d/Bcr/Slc11a1/Colec11/Ptprc/Lman2/Gas6/Appl2/Calr/Rapgef1/Cd47/Ptprj/Apoa1/C2/Fcer1g/Colec10"
"GO:0033046","GO:0033046","negative regulation of sister chromatid segregation",34,-0.369760585580765,-1.31279293907342,0.111111111111111,0.317610062893082,0.255765199161426,2060,"tags=38%, list=20%, signal=31%","Psmg2/Pcid2/Cep192/Bub3/Kntc1/Prpf4b/Cdca8/Lcmt1/Gen1/Spc25/Dync1li1/Usp44/Trip13"
"GO:0033048","GO:0033048","negative regulation of mitotic sister chromatid segregation",34,-0.369760585580765,-1.31279293907342,0.111111111111111,0.317610062893082,0.255765199161426,2060,"tags=38%, list=20%, signal=31%","Psmg2/Pcid2/Cep192/Bub3/Kntc1/Prpf4b/Cdca8/Lcmt1/Gen1/Spc25/Dync1li1/Usp44/Trip13"
"GO:0045841","GO:0045841","negative regulation of mitotic metaphase/anaphase transition",34,-0.369760585580765,-1.31279293907342,0.111111111111111,0.317610062893082,0.255765199161426,2060,"tags=38%, list=20%, signal=31%","Psmg2/Pcid2/Cep192/Bub3/Kntc1/Prpf4b/Cdca8/Lcmt1/Gen1/Spc25/Dync1li1/Usp44/Trip13"
"GO:2000816","GO:2000816","negative regulation of mitotic sister chromatid separation",34,-0.369760585580765,-1.31279293907342,0.111111111111111,0.317610062893082,0.255765199161426,2060,"tags=38%, list=20%, signal=31%","Psmg2/Pcid2/Cep192/Bub3/Kntc1/Prpf4b/Cdca8/Lcmt1/Gen1/Spc25/Dync1li1/Usp44/Trip13"
"GO:0070841","GO:0070841","inclusion body assembly",20,-0.439623515404382,-1.34445739522899,0.111764705882353,0.318876703223662,0.256785199955689,2402,"tags=55%, list=23%, signal=42%","Trim37/Bag5/Sorl1/Psmc5/Mfsd8/Dnajb1/Hspa2/Dnaja4/Psmc6/Dnajb6/Sacs"
"GO:0051900","GO:0051900","regulation of mitochondrial depolarization",20,-0.438583633807284,-1.34127722753005,0.111764705882353,0.318876703223662,0.256785199955689,2114,"tags=55%, list=21%, signal=44%","Lrrk2/Oga/Src/Got1/Gclc/Tspo/Cck/Mllt11/Bok/Ppp2r3c/Kdr"
"GO:0036215","GO:0036215","response to stem cell factor",34,0.366246139638623,1.30811771472968,0.112449799196787,0.319601462181445,0.257368834231922,2105,"tags=47%, list=21%, signal=38%","Epha4/Egfr/Igf1r/Ntrk3/Epha3/Ephb1/Epha5/Met/Erbb4/Epha7/Epha6/Ros1/Alk/Ephb3/Tyro3/Ephb2"
"GO:0036216","GO:0036216","cellular response to stem cell factor stimulus",34,0.366246139638623,1.30811771472968,0.112449799196787,0.319601462181445,0.257368834231922,2105,"tags=47%, list=21%, signal=38%","Epha4/Egfr/Igf1r/Ntrk3/Epha3/Ephb1/Epha5/Met/Erbb4/Epha7/Epha6/Ros1/Alk/Ephb3/Tyro3/Ephb2"
"GO:0038109","GO:0038109","Kit signaling pathway",34,0.366246139638623,1.30811771472968,0.112449799196787,0.319601462181445,0.257368834231922,2105,"tags=47%, list=21%, signal=38%","Epha4/Egfr/Igf1r/Ntrk3/Epha3/Ephb1/Epha5/Met/Erbb4/Epha7/Epha6/Ros1/Alk/Ephb3/Tyro3/Ephb2"
"GO:0008631","GO:0008631","intrinsic apoptotic signaling pathway in response to oxidative stress",47,-0.327400168519926,-1.25458568517362,0.112449799196787,0.319601462181445,0.257368834231922,2717,"tags=45%, list=26%, signal=33%","Sfpq/Nfe2l2/Mcl1/Bag5/Diablo/Stk24/Gskip/Hif1a/Aldh2/Mapt/Stk25/Zfp622/Mmp2/Sod1/Pycr1/Sod2/Pdk1/Rnf7/Park7/Fbxo7/P4hb"
"GO:0016042","GO:0016042","lipid catabolic process",191,-0.240286934246202,-1.17651158706287,0.112546125461255,0.319601462181445,0.257368834231922,2824,"tags=34%, list=28%, signal=25%","Acaa1b/Pex13/Sgpl1/Srd5a3/Naaa/Bdh2/Fmc1/Nudt19/Plcb2/Enpp2/Hsd17b11/Naga/Gla/Decr2/Lpin2/Pld1/Spart/Pnpla8/Slc27a4/Angptl3/Sesn2/Sorl1/Abhd3/Phyh/Decr1/Pnpla6/Akt2/Hacl1/Akt1/Napepld/Plcd4/Gpcpd1/Etfdh/Abhd2/Plbd1/Pex5/Adra2a/Pla2g7/Ywhah/Pnpla2/Sirt6/Ppard/Tysnd1/Lipc/Cyp39a1/Hadha/Nudt7/Dbi/Pla2g12a/Bco2/Acadl/Asah1/Pla2g12b/Etnppl/Cpt1a/Slc25a17/Eci3/Ppt1/Cyp46a1/Abhd12/Abcb11/Scp2/Crat/Lrp1/Lct"
"GO:0006626","GO:0006626","protein targeting to mitochondrion",52,-0.328450588628255,-1.28695009643137,0.112871287128713,0.320224719101124,0.257870730893314,2650,"tags=40%, list=26%, signal=30%","Dnajc19/Timm10/Timm8a1/Romo1/Parl/Tomm70a/Mfn2/Bnip3l/Lrrk2/Grpel2/Chchd4/Aip/Bag3/Pdcd5/Ywhaz/Pmpca/Samm50/Fbxo7/Tomm22/Hspa4/Gdap1"
"GO:0060512","GO:0060512","prostate gland morphogenesis",21,0.430020263930746,1.3426398904495,0.11377245508982,0.320978155421002,0.25847745849084,2134,"tags=38%, list=21%, signal=30%","Igf1r/Tnc/Bmp7/Rxra/Sulf1/Ar/Igf1/Cyp7b1"
"GO:0060740","GO:0060740","prostate gland epithelium morphogenesis",21,0.430020263930746,1.3426398904495,0.11377245508982,0.320978155421002,0.25847745849084,2134,"tags=38%, list=21%, signal=30%","Igf1r/Tnc/Bmp7/Rxra/Sulf1/Ar/Igf1/Cyp7b1"
"GO:0032107","GO:0032107","regulation of response to nutrient levels",21,0.429733647527704,1.34174499630553,0.11377245508982,0.320978155421002,0.25847745849084,192,"tags=14%, list=2%, signal=14%","Ghrl/Bcl2/Mn1"
"GO:0010092","GO:0010092","specification of animal organ identity",22,0.425149955029562,1.33934393597368,0.113590263691684,0.320978155421002,0.25847745849084,2267,"tags=36%, list=22%, signal=28%","Robo1/Ext1/Robo2/Axin2/Ar/Wnt11/Lrp2/Gli3"
"GO:0017004","GO:0017004","cytochrome complex assembly",26,-0.397983197733147,-1.32508144295172,0.113725490196078,0.320978155421002,0.25847745849084,2546,"tags=42%, list=25%, signal=32%","Cox18/Smim20/Coa6/Cox20/Sco2/Surf1/Cox14/Uqcrc1/Uqcc2/Coa3/Uqcc5"
"GO:0045685","GO:0045685","regulation of glial cell differentiation",57,0.314240066082809,1.26237222975899,0.113636363636364,0.320978155421002,0.25847745849084,1323,"tags=23%, list=13%, signal=20%","Epha4/Tenm4/Cntn2/Ntrk3/Ptpra/Dab1/Tcf7l2/Qki/Sirt2/Sox1/Ptprz1/Lingo1/Prpf19"
"GO:0038127","GO:0038127","ERBB signaling pathway",123,0.257935539737307,1.20846738468065,0.113978494623656,0.32126031507877,0.258704676169042,2176,"tags=27%, list=21%, signal=21%","Epha4/Cadm1/Nrg2/Egfr/Igf1r/Ntrk3/Zfyve28/Ptprf/Ptprr/Epha3/Plcg1/Ephb1/Bcar3/Epha5/Myoc/Met/Ccdc88a/Ptk2/Erbb4/Epha7/Epha6/Hip1/Dab2ip/Ros1/Alk/Garem1/Ephb3/Tyro3/Dgkd/Grb2/Ephb2/Abl1/Rhbdf1"
"GO:1903828","GO:1903828","negative regulation of protein localization",178,0.24081638347703,1.18239392494872,0.114164904862579,0.32148667447362,0.258886958982057,2201,"tags=29%, list=21%, signal=23%","Ghrl/Kcnq1/Drd2/Hnf4a/Foxo1/Ppp3ca/Klf7/Siah3/Rhoq/Dclk3/Mtnr1a/Mark3/Frmd4a/Astn2/Neo1/Mfhas1/Stxbp5l/Map4k4/Kcnj6/Arf6/Ttbk2/Hectd1/Pfkl/Srebf1/Idh2/Kcnb1/Lats1/Pde1c/Sirt4/Lyplal1/Mdfic/Mtnr1b/Irs1/Otud7b/Ppfia1/Dclk2/Rab11fip5/Abhd17c/Itgb1bp1/Chga/Fermt1/Dclk1/Vsnl1/Gsk3b/Prkn/Ei24/Lzts2/Crhr2/Jagn1/Rhbdf1/Mtor/Madd"
"GO:0031018","GO:0031018","endocrine pancreas development",24,0.414830349087072,1.34552142594092,0.114519427402863,0.322182052842697,0.259446933642303,2392,"tags=33%, list=23%, signal=26%","Cftr/Bmp6/Sox4/Cdh2/Cdk6/Eif2ak3/Pax6/Bmp5"
"GO:0003351","GO:0003351","epithelial cilium movement involved in extracellular fluid movement",43,-0.339746598729177,-1.28471417331625,0.114624505928854,0.322182052842697,0.259446933642303,1793,"tags=28%, list=17%, signal=23%","Rsph3b/Stk36/Aqp4/Rsph1/Daw1/Nherf1/Spag16/Katnip/Spag6l/Ttll1/Ak7/Rsph14"
"GO:0098586","GO:0098586","cellular response to virus",25,0.40746671960789,1.34345924543171,0.114754098360656,0.32224737537793,0.25949953660797,2509,"tags=48%, list=24%, signal=36%","Ext1/Crebbp/Penk/Adar/Nfkb1/Smad3/Rrp1b/Ifih1/Chuk/Zc3hav1/Calr/Fmr1"
"GO:0002768","GO:0002768","immune response-regulating cell surface receptor signaling pathway",132,0.255263178206539,1.20181324348977,0.11529933481153,0.323478689332348,0.260491089759382,2854,"tags=39%, list=28%, signal=29%","Foxp1/Bcl2/Nmi/Pawr/Eif2b3/Rc3h1/Znrf1/Plcg1/Dennd1b/Nfkb1/Mfhas1/Pde4b/Phpt1/Fyn/Ninj1/Prkce/Cd276/Arf6/Plscr1/Ptpn6/Sppl3/Ifi35/Fcho1/Dusp22/Cd247/Dab2ip/Chuk/Map3k7/Dgkz/Ptprc/Vav2/Rnf31/Grb2/Vav3/Abl1/Tnfrsf21/Appl2/Peli1/Nfkbiz/Slc39a10/Cacnb4/Rapgef1/Wnk1/Btrc/Tnfaip3/Rab11fip2/Khdrbs1/Prnp/Cd47/Ptprj/Lipa/Plcl2"
"GO:0007589","GO:0007589","body fluid secretion",61,0.309099808630261,1.27174802468655,0.115463917525773,0.323512489100583,0.260518308054595,1788,"tags=30%, list=17%, signal=25%","Chrm3/Egfr/Ppp3ca/mt-Co2/Kalrn/Htr4/Negr1/Oprk1/Ncoa1/Atp2b2/Prkce/Erbb4/Enpp1/Kcnma1/Chuk/Slc4a5/Sytl2/Adora1"
"GO:0051897","GO:0051897","positive regulation of phosphatidylinositol 3-kinase/protein kinase B signal transduction",121,0.257230466294317,1.20314726162289,0.115631691648822,0.323512489100583,0.260518308054595,2675,"tags=34%, list=26%, signal=25%","Calcr/Dcn/Egfr/Igf1r/Ntrk3/Ramp3/Pdgfd/Nrxn1/Ambra1/Prkd1/Tcf7l2/Mfhas1/Myoc/Fyn/Pdgfc/Ccdc88a/Nts/Ptk2/Ptpn6/Igfbp5/Erbb4/Tgfb2/Irs1/Mtdh/Itgb1bp1/Tyro3/Vav2/Gas6/Igf1/Vav3/Mtor/Sema5a/Fshr/Nox4/Ret/Stk3/Itsn1/Fgfr3/Ddr2/Nedd4/Ryk"
"GO:0051896","GO:0051896","regulation of phosphatidylinositol 3-kinase/protein kinase B signal transduction",179,0.241753216550166,1.1858306755097,0.115631691648822,0.323512489100583,0.260518308054595,2675,"tags=32%, list=26%, signal=24%","Calcr/Drd2/Dcn/Egfr/Igf1r/Ntrk3/Smpd3/Ramp3/Cntnap2/Pdgfd/Rasgrp1/Nrxn1/Ambra1/Prkd1/Tcf7l2/Mfhas1/Myoc/Fyn/Pdgfc/Ccdc88a/Nts/Magi2/Ptk2/Ptpn6/Igfbp5/Erbb4/Ptpn13/Lingo1/Dab2ip/Inpp5f/Tgfb2/Lemd2/Usp49/Irs1/Mtdh/Itgb1bp1/Tyro3/Ncor1/Vav2/Pkhd1/Gas6/Igf1/Vav3/Mtor/Sema5a/Fshr/Sesn3/Nox4/Ret/Stk3/Itsn1/Rapgef1/Fgfr3/Rapgef3/Plk3/Ddr2/Nedd4/Ryk"
"GO:0097484","GO:0097484","dendrite extension",26,0.403541509516179,1.33819781907253,0.115853658536585,0.323740587919901,0.260701991592264,2921,"tags=58%, list=28%, signal=41%","Auts2/Syt1/Bcl11a/Bdnf/Slc23a2/Cyfip2/Prkn/Cpne9/Itsn2/Syt17/Afdn/Spag9/Rims2/Rims1/Smurf1"
"GO:0032024","GO:0032024","positive regulation of insulin secretion",82,0.283506527267982,1.23101558146046,0.116033755274262,0.323740587919901,0.260701991592264,1479,"tags=22%, list=14%, signal=19%","Cftr/Ghrl/Chrm3/Abcg1/Capn10/Itpr1/Cacna1c/Plcb1/Cask/Tcf7l2/Cacna1d/Pla2g6/Doc2b/Prkce/Sybu/Gpr68/Sox4/Ptbp1"
"GO:0002460","GO:0002460","adaptive immune response based on somatic recombination of immune receptors built from immunoglobulin superfamily domains",135,0.253844011320372,1.20211152211332,0.115973741794311,0.323740587919901,0.260701991592264,2580,"tags=31%, list=25%, signal=24%","Irf7/B2m/Tap2/Prkcd/C8b/Rc3h1/Ctsh/Bach2/Dennd1b/Serping1/Ep300/Rora/Ptpn6/Shld2/Fcrlb/Enpp1/Fbxo38/Dusp22/Card9/Rorc/Slc11a1/Cd74/Kmt5b/Atad5/Map3k7/Susd4/Sash3/Gba1/Ptprc/Pms2/Sanbr/Ephb2/Mtor/Ephb6/Irf1/Nfkbiz/Gfus/Hmces/Nbn/Ctsc/Brd2/Tnfaip3"
"GO:0043406","GO:0043406","positive regulation of MAP kinase activity",66,0.298974397313278,1.25504482508938,0.116465863453815,0.32421186121624,0.261081498801197,2599,"tags=32%, list=25%, signal=24%","Epha4/Robo1/Egfr/Ntrk3/Tenm1/Rasgrp1/Sash1/Tpd52l1/Ezh2/Adam9/Fgd4/Map2k4/Dab2ip/Map3k7/Ptprc/Taok3/Pik3r6/Map3k13/Nox4/Fgf18/Nek10"
"GO:0006195","GO:0006195","purine nucleotide catabolic process",95,0.275819207361217,1.2299386534605,0.116630669546436,0.32421186121624,0.261081498801197,1375,"tags=20%, list=13%, signal=17%","Pde7b/Zbtb20/Pde1a/Pde10a/Arnt/Pde8a/Pde7a/Pde9a/Samhd1/Nt5c1a/Ep300/Hdac4/Slc4a1/Ogdh/Mtch2/Pfkl/Enpp1/Ppargc1a/Eno4"
"GO:0048675","GO:0048675","axon extension",96,0.275225778283184,1.22884757503761,0.116630669546436,0.32421186121624,0.261081498801197,2327,"tags=33%, list=23%, signal=26%","Cdh4/Sema3f/Auts2/Dscam/Dbn1/Ntrk3/Plxna4/Cdkl5/Ntn1/Sema3a/Ptprs/Slit3/Ep300/Bmpr2/Adnp/Trpc5/Alcam/Raph1/Bdnf/Tnr/Map2/Vcl/Dclk1/Gsk3b/Slit2/Srf/Abl1/Islr2/Clasp2/Sema5a/Ulk1/Map3k13"
"GO:0061138","GO:0061138","morphogenesis of a branching epithelium",138,0.250915835180065,1.19257133861415,0.116630669546436,0.32421186121624,0.261081498801197,2267,"tags=31%, list=22%, signal=25%","Bcl2/Ext1/Prox1/Tnc/Ctsh/Sema3a/St14/Gpc3/Gzf1/Csmd1/Nfatc3/Lama1/Met/Gna13/Nkx2-1/Bmp7/Sox8/Eya1/Hs3st3b1/Pkd1/Pbx1/Spint2/Lgr4/Acvr1/Hs3st3a1/Celsr1/Lrp5/Rxra/Plxna1/Sulf1/Greb1l/Nrarp/Ar/Pkhd1/Nfatc1/Slit2/Grb2/Igf1/Srf/Abl1/Lrp6/Sema5a/Gli3"
"GO:0007219","GO:0007219","Notch signaling pathway",124,0.25615455361767,1.20284482795837,0.116772823779193,0.324309492255688,0.261160119176197,2008,"tags=25%, list=20%, signal=20%","Cdh6/Robo1/Maml3/Srebf2/Cntn6/Ptp4a3/Cebpa/Cdkn1b/Lfng/Prag1/Zmiz1/Robo2/Tspear/Maml2/Bmp7/Ccdc85c/Sorbs2/Spen/Cbfa2t2/Notch2/Gdpd5/Gmds/Dtx3l/Tgfb2/Rcan2/Cdk6/Epn2/Itgb1bp1/Fbxw7/Nrarp/Grip2"
"GO:0140719","GO:0140719","constitutive heterochromatin formation",36,-0.360733475323827,-1.29224108237487,0.116935483870968,0.324463842609004,0.261284414510221,1033,"tags=25%, list=10%, signal=23%","Dnmt1/Sirt6/Baz2a/Hells/Piwil1/Hat1/Cenpv/Setdb1/Smarca5"
"GO:0034502","GO:0034502","protein localization to chromosome",86,-0.280563277184603,-1.22776234187011,0.117100371747212,0.324624086362353,0.261413455684535,1970,"tags=23%, list=19%, signal=19%","Tnks/Rb1/Slf2/Iffo1/Mis18a/Cct2/Bub3/Kntc1/Msh2/Chmp7/Esco2/Sirt6/Terf2ip/Nabp2/Cdk9/Cct8/Brca2/Mcm8/Wbp2/Spdya"
"GO:0002698","GO:0002698","negative regulation of immune effector process",45,0.342453372043555,1.29156301684646,0.117408906882591,0.32518189017756,0.261862644235395,1895,"tags=27%, list=18%, signal=22%","Tap1/Tap2/Epx/Rc3h1/Serping1/Ptpn6/Grn/Dusp22/Bcr/Tgfb2/Susd4/Ptprc"
"GO:0010640","GO:0010640","regulation of platelet-derived growth factor receptor signaling pathway",20,-0.43710782297613,-1.3367639002935,0.117647058823529,0.325543916196616,0.262154176739189,2031,"tags=35%, list=20%, signal=28%","Src/Hgs/Ndrg4/Ift20/Nherf1/Nrp1/Lrp1"
"GO:0070198","GO:0070198","protein localization to chromosome, telomeric region",28,-0.395510927506841,-1.33893025612265,0.117878192534381,0.325885878995598,0.262429552722527,2468,"tags=36%, list=24%, signal=27%","Tcp1/Cct4/Macroh2a1/Tnks/Cct2/Terf2ip/Nabp2/Cct8/Brca2/Spdya"
"GO:0045666","GO:0045666","positive regulation of neuron differentiation",72,0.290396229884392,1.23681648853275,0.118852459016393,0.328279809316018,0.264357338195077,1757,"tags=26%, list=17%, signal=22%","Adra2c/Prox1/Sox11/Brinp3/Dab1/Ncoa1/Trpc5/Dmd/Bmp7/Adra2b/Bmp6/Upf3b/Gdpd5/Brinp1/Mmd2/Bdnf/Brinp2/Timp2/Zeb1"
"GO:0061744","GO:0061744","motor behavior",30,0.381246169410993,1.32411188826495,0.119140625,0.328618303140596,0.264629920680876,1446,"tags=30%, list=14%, signal=26%","Ext1/Gabrb3/Kcnq2/Cntnap2/Mdga2/Nr3c1/Elp6/Kcnq3/Mfsd2a"
"GO:0006636","GO:0006636","unsaturated fatty acid biosynthetic process",33,-0.370419975919485,-1.30182989028628,0.119191919191919,0.328618303140596,0.264629920680876,2624,"tags=27%, list=26%, signal=20%","Mif/Fads1/Edn1/Decr2/Pnpla8/Hpgds/Fabp5/Ptges3/Ptgs1"
"GO:1900078","GO:1900078","positive regulation of cellular response to insulin stimulus",27,-0.396565653790547,-1.33310710378111,0.119607843137255,0.328754880199493,0.264739903526984,3011,"tags=63%, list=29%, signal=45%","Ptpn2/Igf2/Pak1/Agt/Marcks/Echdc3/Prkcz/Opa1/Myo5a/C1qtnf12/Mfn2/Adipor1/Sorl1/Ptpn11/Src/Ctsd/Tsc2"
"GO:1901185","GO:1901185","negative regulation of ERBB signaling pathway",22,0.419742276987273,1.3223082037386,0.119675456389452,0.328754880199493,0.264739903526984,344,"tags=18%, list=3%, signal=18%","Cadm1/Egfr/Zfyve28/Ptprf"
"GO:0032418","GO:0032418","lysosome localization",53,-0.325248892036483,-1.28452397365086,0.119607843137255,0.328754880199493,0.264739903526984,1235,"tags=23%, list=12%, signal=20%","Rabgef1/Adora2b/Snap23/Def8/Vps33a/Ywhaz/Bloc1s1/Milr1/Clnk/Snx4/Fam98a/Kit"
"GO:1990849","GO:1990849","vacuolar localization",53,-0.325248892036483,-1.28452397365086,0.119607843137255,0.328754880199493,0.264739903526984,1235,"tags=23%, list=12%, signal=20%","Rabgef1/Adora2b/Snap23/Def8/Vps33a/Ywhaz/Bloc1s1/Milr1/Clnk/Snx4/Fam98a/Kit"
"GO:0003341","GO:0003341","cilium movement",153,-0.252864536672455,-1.19861296970167,0.120075046904315,0.329553797210213,0.265383255839247,1837,"tags=22%, list=18%, signal=19%","Dnai3/Rsph3b/Stk36/Dnali1/Celsr2/Aqp4/Rsph1/Daw1/Tpgs1/Cfap70/Dnaaf6/Vdac3/Mkks/Tubb4b/Nherf1/Dnah12/Spag16/Cfap144/Tcte1/Cfap69/Katnip/Slirp/Spag6l/Anxa5/Dnah8/Ttll1/Kif9/Dnah17/Cfap20/Slc9b1/Ak7/Tekt1/Ube2b/Rsph14"
"GO:0031110","GO:0031110","regulation of microtubule polymerization or depolymerization",66,0.297010742178469,1.24680172722766,0.120481927710843,0.330371258790819,0.266041541732541,1903,"tags=29%, list=19%, signal=24%","Mid1/Fgf13/Nav3/Taok1/Akap9/Cdkn1b/Arhgef7/Stmn3/Atxn7/Met/Togaram1/Ttbk2/Ccdc88c/Pde4dip/Hdgfl3/Tbcd/Map2/Mid1ip1/Slain1"
"GO:0001510","GO:0001510","RNA methylation",55,-0.315294135144437,-1.25223256234466,0.120792079207921,0.330922242314647,0.266485238035558,3023,"tags=31%, list=29%, signal=22%","Trmt10c/Nop2/Thada/Trmt12/Thumpd2/Mrm3/Mrm2/Zcchc4/Mettl5/Akt1/Rnmt/Nsun2/Trmt44/Mettl3/Lcmt2/Bud23/Trmt13"
"GO:0048145","GO:0048145","regulation of fibroblast proliferation",76,0.283926504127311,1.22251726038127,0.121338912133891,0.33212005760225,0.267449815362868,2666,"tags=38%, list=26%, signal=28%","Egfr/Phip/Pawr/Pdgfd/Fndc3b/Rnaseh2b/Zmiz1/Pdgfc/Kmt2c/Socs1/Dach1/Ski/Ptprz1/Kmt2a/Dab2ip/Cd74/Cdk6/Ing5/Gas6/Pex2/Lzts2/Igf1/Abl1/Fntb/Btc/Nbn/Aqp1/Ddr2/Brpf1"
"GO:2000177","GO:2000177","regulation of neural precursor cell proliferation",88,0.2775828472609,1.22024923576498,0.121535181236674,0.332357038941445,0.267640651820834,2806,"tags=35%, list=27%, signal=26%","Foxo3/Drd2/Six3/Foxo1/Prox1/Ntrk3/Vegfc/Tafa1/Pde9a/Sirt2/Ptprz1/Ptbp2/Tox/Disp3/Bdnf/Spint2/Cdh2/Rsu1/Igf1/Lrp2/Appl2/Afdn/Gli3/Pax6/Btg2/Rapgef1/Fgfr3/Gpr37l1/Ryk/Foxg1/Lims1"
"GO:0062149","GO:0062149","detection of stimulus involved in sensory perception of pain",27,0.400230913470084,1.34186895071188,0.121951219512195,0.332893869479235,0.26807295099978,1188,"tags=30%, list=12%, signal=26%","Grm8/Pawr/Mmp24/Ephb1/Fyn/Bace1/Grin2b/Ntsr1"
"GO:0002706","GO:0002706","regulation of lymphocyte mediated immunity",65,0.297906509557633,1.24462729782853,0.121951219512195,0.332893869479235,0.26807295099978,1911,"tags=26%, list=19%, signal=21%","Tap1/Cadm1/B2m/Tap2/Rasgrp1/Dennd1b/Ptpn6/Shld2/Fbxo38/Dusp22/Kmt5b/Atad5/Map3k7/Susd4/Sash3/Ptprc/Pms2"
"GO:0042982","GO:0042982","amyloid precursor protein metabolic process",56,0.310026088622031,1.24428997247297,0.122199592668024,0.333271616367339,0.268377143213303,1684,"tags=23%, list=16%, signal=20%","Lrrtm3/Epha4/Abcg1/Pawr/Necab3/Necab1/Slc2a13/Necab2/Bace1/Bace2/Adam9/Flot2/Tmcc2"
"GO:0042168","GO:0042168","heme metabolic process",30,-0.382455647575622,-1.30972494237082,0.122448979591837,0.333651446189987,0.268683012773455,3061,"tags=47%, list=30%, signal=33%","Abcb7/Hnf1a/Ppox/Pgrmc1/Bdh2/Uros/Blvra/Ireb2/Alas1/Srrd/Tmem14a/Cpox/Tmem14c/Snx3"
"GO:0009066","GO:0009066","aspartate family amino acid metabolic process",32,-0.378598074142679,-1.30710633975082,0.122916666666667,0.334624887690925,0.269466906259359,1844,"tags=44%, list=18%, signal=36%","Mtr/Adss2/Adss1/Aasdhppt/Got1/Enoph1/Asns/Got2/Asnsd1/Aadat/Apip/Adi1/Nit2/Dlst"
"GO:0016311","GO:0016311","dephosphorylation",134,0.251482567485064,1.1912617798606,0.123076923076923,0.334760392211021,0.269576025410855,1564,"tags=23%, list=15%, signal=20%","Dusp8/Bcl2/Ptpn5/Ppp3ca/Plpp6/Ptprf/Ptprr/Ppargc1b/Synj2/Ptprs/Ptpro/Cdk5rap3/Epm2a/Dusp11/Phpt1/Ptprt/Ppp1r12a/Ptpn6/Ctdp1/Ubash3b/Chrm5/Ptprz1/Mtmr1/Eya1/Ptpn13/Plpp4/Dusp22/Ptprm/Eya2/Inpp5f/Uri1"
"GO:0031577","GO:0031577","spindle checkpoint signaling",37,-0.356671863978051,-1.2883835066552,0.123203285420945,0.334803546928665,0.269610777064668,3105,"tags=51%, list=30%, signal=36%","Dusp1/Zfp207/Mtbp/Chfr/Aurka/Birc5/Psmg2/Pcid2/Cep192/Bub3/Kntc1/Prpf4b/Cdca8/Lcmt1/Gen1/Spc25/Dync1li1/Usp44/Trip13"
"GO:0000966","GO:0000966","RNA 5'-end processing",20,-0.434741157258591,-1.32952615910249,0.123529411764706,0.335282075871863,0.269996127104734,790,"tags=50%, list=8%, signal=46%","Prorp/Trmt10c/Ssb/Pop5/Rnmt/Rpp30/Rpp25/Tbl3/Pop4/Thg1l"
"GO:0042116","GO:0042116","macrophage activation",61,0.305992552622242,1.25896365348973,0.123711340206186,0.335282075871863,0.269996127104734,2125,"tags=28%, list=21%, signal=22%","Foxp1/Nmi/Muc5b/Lrfn5/Cebpa/Mfhas1/Tmem229b/Rora/Prkce/Grn/Ifi35/Myo18a/Slc11a1/Mcub/Slc7a2/Trpv1/Epsti1"
"GO:1901342","GO:1901342","regulation of vasculature development",181,0.239680715155647,1.17563243900482,0.123644251626898,0.335282075871863,0.269996127104734,2771,"tags=34%, list=27%, signal=25%","Ghrl/Tafa5/Smoc2/Dcn/Adgrb3/Vegfc/Adgrb2/Adgrb1/Pak4/Ctsh/Hspb1/Bmper/Hipk2/Plcg1/Prkd1/Sash1/Fyn/Qki/Jcad/Ninj1/Ism1/Htatip2/Col4a3/Smad1/Akt3/Ptpn6/Itgb8/Grn/Ets1/Atp2b4/Adrb2/Ptprm/Dab2ip/Tgfb2/Epn2/Naxe/Mtdh/Sulf1/Thbs2/Add1/Pik3r6/Crhr2/Abl1/Vash2/Sema5a/Cybb/Tjp1/Stard13/Tert/Fgf18/Pdcl3/Wnk1/Prkca/Rock1/Rapgef3/Aqp1/Angpt2/Egln1/Creb3l1/Pik3cb/Jmjd8"
"GO:0098739","GO:0098739","import across plasma membrane",130,0.253457429416379,1.19512594791612,0.123913043478261,0.335528616388857,0.270194661382445,1010,"tags=18%, list=10%, signal=17%","Kcnq1/Kcne2/Ppp3ca/Slc24a4/Kcnj12/Prkcd/Kcnd3/Pawr/Cacna1c/Cacna1e/Cacna1b/Slc43a2/Kcnk9/Slc6a6/Slc5a1/Cacna1d/Ank3/Slc8a3/Wnk2/Nalf2/Fyn/Akap5/Kcnj6/Atp1b1"
"GO:0019882","GO:0019882","antigen processing and presentation",40,0.350857901721584,1.31310956161003,0.124521072796935,0.336873973727422,0.271278051450465,1558,"tags=28%, list=15%, signal=23%","Tap1/Tapbp/B2m/Tap2/Ext1/Rab3b/Rab5b/Marchf8/Ap3d1/Slc11a1/Cd74"
"GO:0043487","GO:0043487","regulation of RNA stability",135,0.250449079447908,1.18603437812457,0.12472647702407,0.337128657790305,0.27148314356711,3034,"tags=44%, list=30%, signal=31%","Calcr/Carhsp1/Pan3/Rc3h1/Rbm38/Igf2bp3/Elavl1/Pum2/Tnrc6b/Qki/Boll/Tnrc6c/Hnrnpd/Tent4a/Zc3h18/Dis3l2/Gigyf2/Rbm24/Alkbh5/Ddx49/Axin2/Tut4/Rbm33/Ptbp1/Slc11a1/Ago3/Brf1/Cnot2/Thrap3/Fto/Syncrip/Tardbp/Hnrnpu/Dcp1b/Ythdf3/Celf1/Mtor/Nanos3/Tent5a/Nanos1/Pcbp4/Igf2bp1/Btg2/Tbrg4/Samd4/Fmr1/Dhx36/Fastk/Rock1/Larp4b/Pnldc1/Pum1/Cpeb3/Tnrc6a/Zfp36l2/Ybx1/Dicer1/Taf15/Tirap"
"GO:0033047","GO:0033047","regulation of mitotic sister chromatid segregation",38,-0.347094217132634,-1.26123513677507,0.125,0.337566844919786,0.271836007130125,2060,"tags=34%, list=20%, signal=27%","Psmg2/Pcid2/Cep192/Bub3/Kntc1/Prpf4b/Cdca8/Lcmt1/Gen1/Spc25/Dync1li1/Usp44/Trip13"
"GO:0006261","GO:0006261","DNA-templated DNA replication",108,-0.270430977635029,-1.21803190317761,0.125233644859813,0.337896655320778,0.272101597023993,2122,"tags=28%, list=21%, signal=22%","Polg2/Lig3/Ddx11/Zmpste24/Rnaseh1/Pole/Gmnn/Recql/Rfc4/Wdhd1/Pole4/Wrnip1/Polrmt/Gen1/Tipin/Zfp830/Pcna/Endog/Ssbp1/Cdk9/Ccne1/Rfc3/Prim2/Orc4/Brca2/Smarcal1/Tk2/Rrm1/Rrm2b/Helb"
"GO:0090148","GO:0090148","membrane fission",26,-0.39265652583052,-1.30734633722096,0.125490196078431,0.338287628218547,0.272416439885563,2178,"tags=58%, list=21%, signal=46%","Chmp1a/Exoc8/Chmp6/Exoc5/Dnm1l/Chmp5/Chmp4b/Chmp2a/Dnm1/Exoc1/Chmp7/Vps4b/Chmp2b/Chmp3/Chmp1b2"
"GO:0006885","GO:0006885","regulation of pH",67,-0.305229263952431,-1.25238549976578,0.126,0.339058614564831,0.27303730017762,2493,"tags=34%, list=24%, signal=26%","Slc4a7/Slc4a8/Car2/Edn1/Slc9a9/Lrrk2/Atp6v1b2/Slc9a8/Tm9sf4/Slc9a6/Clic4/Cln5/Vps33a/Tmem9/Pdk4/Aqp11/Lamp2/Rogdi/Slc9b1/Ppt1/Tpcn2/Creg1/Car4"
"GO:0000422","GO:0000422","autophagy of mitochondrion",76,-0.289571255272811,-1.23439696985475,0.125954198473282,0.339058614564831,0.27303730017762,2438,"tags=33%, list=24%, signal=25%","Vdac1/Wdr45b/Parl/Mfn2/Bnip3l/Hk2/Atg5/Usp30/Ulk2/Atg4b/Phb2/Spata18/Wipi2/Map1lc3a/Ube2a/Tspo/Wipi1/Stub1/Snx7/Gabarapl1/Gabarapl2/Ogt/Fbxo7/Cttn/Bnip3"
"GO:0060292","GO:0060292","long-term synaptic depression",30,0.378601006666359,1.31492493317508,0.126953125,0.341320291703638,0.274858584738243,3084,"tags=60%, list=30%, signal=42%","Penk/Grid2/Sorcs2/Gnal/Drd1/Gria1/Drd5/Sorcs3/Kcnb1/Shank2/Adora1/Srf/Adcy8/Fmr1/Dgki/Stxbp1/Ppp1r9a/Stau2"
"GO:0009156","GO:0009156","ribonucleoside monophosphate biosynthetic process",27,-0.392796367528923,-1.32043615700716,0.127450980392157,0.34235502711723,0.275691837018495,1532,"tags=37%, list=15%, signal=32%","Hprt1/Uckl1/Atic/Umps/Aprt/Gmps/Uck1/Ampd3/Ppat/Upp1"
"GO:0072009","GO:0072009","nephron epithelium development",79,0.281935525049965,1.21617978198,0.12847965738758,0.34481254374169,0.277670827303539,1606,"tags=23%, list=16%, signal=19%","Bcl2/Ext1/Ampd2/Ptpro/Gpc3/Gzf1/Kif26b/Magi2/Sox8/Eya1/Notch2/Hs3st3b1/Pkd1/Pbx1/Lgr4/Wnt7b/Mtss1/Hs3st3a1"
"GO:0060420","GO:0060420","regulation of heart growth",55,0.313551897253157,1.25370363835585,0.128772635814889,0.344987698071719,0.277811875674916,2178,"tags=29%, list=21%, signal=23%","Foxp1/Prox1/Kcnk2/Ccnd2/Ep300/Ctdp1/Nr3c1/Col14a1/Erbb4/Tgfbr3/Bmpr1a/Adrb1/Vgll4/Igf1/Hey2/Mtor"
"GO:0002250","GO:0002250","adaptive immune response",177,0.23998442839209,1.17384715170632,0.128755364806867,0.344987698071719,0.277811875674916,2647,"tags=31%, list=26%, signal=23%","Tap1/Irf7/B2m/Tap2/Prkcd/C8b/Rc3h1/Ctsh/Bach2/Dennd1b/Serping1/Ep300/Fyn/Rora/Marchf8/Ptpn6/Shld2/Fcrlb/Enpp1/Alcam/Fbxo38/Dusp22/Cd247/Card9/Tfeb/Rorc/Slc11a1/Cd74/Kmt5b/Atad5/Prr7/Map3k7/Susd4/Otud7b/Sash3/Gba1/Ptprc/Pms2/Sanbr/Ephb2/Mtor/Ephb6/Tnfrsf21/Irf1/Nfkbiz/Gfus/Hmces/Nbn/Ctsc/Tsc1/Pag1/Brd2/Tnfaip3/Lamp3/Nedd4"
"GO:0010833","GO:0010833","telomere maintenance via telomere lengthening",54,-0.316173981227057,-1.24821091068533,0.128968253968254,0.345206545515733,0.277988109260194,2087,"tags=28%, list=20%, signal=22%","Naf1/Src/Tnks/Exosc10/Nat10/Ten1/Cct2/Map3k4/Prkcq/Terf2ip/Ctc1/Slx4/Cct8/Ptges3/Hnrnpa2b1"
"GO:0070229","GO:0070229","negative regulation of lymphocyte apoptotic process",21,0.42084202841959,1.31398294994029,0.129740518962076,0.345523819745368,0.278243604019372,1558,"tags=29%, list=15%, signal=24%","Bcl11b/Foxp1/Bcl2/St3gal1/Rorc/Cd74"
"GO:2001238","GO:2001238","positive regulation of extrinsic apoptotic signaling pathway",37,-0.353242238494946,-1.27599488463956,0.129363449691992,0.345523819745368,0.278243604019372,2093,"tags=30%, list=20%, signal=24%","G0s2/Bmpr1b/Fadd/Pak2/Agtr2/Nf1/Inhba/Ctnna1/Cyld/Tnfsf10/Pea15a"
"GO:0030032","GO:0030032","lamellipodium assembly",51,0.323465695246277,1.26506629721238,0.129740518962076,0.345523819745368,0.278243604019372,2608,"tags=41%, list=25%, signal=31%","Auts2/Nck2/Abi2/Ptpro/Arhgef7/Hdac4/Ccdc88a/Ablim1/Arhgef6/Fgd4/Whamm/Spata13/Vcl/Vav2/Slit2/Vav3/Mtor/Pmp22/Rac2/Carmil1/Aqp1"
"GO:0001708","GO:0001708","cell fate specification",51,0.323393520588862,1.2647840239205,0.129740518962076,0.345523819745368,0.278243604019372,2511,"tags=35%, list=24%, signal=27%","Tenm4/Ntrk3/Pou3f2/Myt1l/Lmo4/Mta3/Sox6/Sox1/Pou1f1/Eya1/Bmpr1a/Nfia/Gli3/Ptch2/Mga/Pax6/Sufu/Gatad2a"
"GO:1901874","GO:1901874","negative regulation of post-translational protein modification",63,-0.30239624347637,-1.23576711470926,0.129666011787819,0.345523819745368,0.278243604019372,3273,"tags=43%, list=32%, signal=29%","Per2/Svbp/Ctnnb1/Sqstm1/Psen1/Dysf/Rpl23/Minar1/Bag5/Spry2/Hdac8/Atg5/Rpl5/Hmg20a/Akt1/Bag2/Gclc/Tspo/Hmg20b/Spopl/Usp44/Ogt/Park7/Vps28/Cry1/Arrb1/Ube2b"
"GO:0033157","GO:0033157","regulation of intracellular protein transport",127,-0.261074460728104,-1.20074313209404,0.129770992366412,0.345523819745368,0.278243604019372,2307,"tags=30%, list=23%, signal=23%","Ice1/Hdac3/Ywhae/Sumo1/Sorl1/Ptpn11/Lcp1/Xbp1/Oaz2/Rab23/Tm9sf4/Prr5l/Rab29/Agtr2/Yod1/Ufm1/Jup/Chchd4/Nutf2/Ran/Akap1/Prpf4b/Nf1/Bag3/Rbm22/Angpt1/Ppm1a/Ergic3/Prkcq/Nolc1/Pdcd5/Sirt6/Tnfrsf1a/Arhgap44/Park7/Snx3/Dctn1/Eif3e"
"GO:0002448","GO:0002448","mast cell mediated immunity",29,-0.384945657761102,-1.31513768772886,0.13,0.345526315789474,0.278245614035088,1235,"tags=28%, list=12%, signal=24%","Rabgef1/Adora2b/Snap23/Ywhaz/Milr1/Clnk/Snx4/Kit"
"GO:0032946","GO:0032946","positive regulation of mononuclear cell proliferation",59,0.306076066533077,1.24956128139941,0.129896907216495,0.345526315789474,0.278245614035088,2400,"tags=31%, list=23%, signal=24%","Bcl2/Igfbp2/Nck2/Ppp3ca/Adk/Tacr1/Cd276/Slc4a1/Cd74/Atad5/Sash3/Ptprc/Ephb2/Efnb1/Igf1/Vav3/Peli1/Slc39a10"
"GO:0031547","GO:0031547","brain-derived neurotrophic factor receptor signaling pathway",36,0.363744481870489,1.31863444232352,0.130434782608696,0.345771995891818,0.278443455437635,2105,"tags=47%, list=21%, signal=38%","Epha4/Egfr/Igf1r/Ntrk3/Epha3/Ephb1/Epha5/Met/Erbb4/Epha7/Epha6/Ros1/Alk/Ephb3/Tiam1/Tyro3/Ephb2"
"GO:0061081","GO:0061081","positive regulation of myeloid leukocyte cytokine production involved in immune response",25,-0.395702928009268,-1.30294932541859,0.130350194552529,0.345771995891818,0.278443455437635,963,"tags=32%, list=9%, signal=29%","Casp1/Mif/Nod1/Ddx21/Gprc5b/Ticam1/Ddx1/Kit"
"GO:0006352","GO:0006352","DNA-templated transcription initiation",135,-0.256281647878232,-1.20002001962404,0.130275229357798,0.345771995891818,0.278443455437635,2254,"tags=30%, list=22%, signal=24%","Rbbp5/Gtf2f2/Med16/Med28/Gtf2h5/Cavin1/Med13/Taf13/Zmpste24/Gtf3c5/Pcid2/Taf10/Taf12/Med20/Tfam/Ercc3/Eloa/Dpy30/Med12/Med9/Rrn3/Gtf2b/Psmc6/Smarcb1/Polrmt/Smarcd1/Med17/Med22/Taf9/Egr1/Ubtf/Med31/Snapc5/Taf7/Ash2l/Glyr1/Polr3h/Polr2d/Wbp2/Smarca5/Kat8"
"GO:0009129","GO:0009129","pyrimidine nucleoside monophosphate metabolic process",20,-0.428284074048878,-1.30977909606169,0.131372549019608,0.347953517071164,0.280200191964898,2314,"tags=55%, list=23%, signal=43%","Dut/Upb1/Uprt/Cad/Nme1/Tyms/Uckl1/Umps/Uck1/Upp1/Tymp"
"GO:0051346","GO:0051346","negative regulation of hydrolase activity",60,-0.310369860526467,-1.25261526819841,0.131528046421663,0.348061118478288,0.280286841282846,2811,"tags=40%, list=27%, signal=29%","Neil1/Timp3/Tmed2/Ttc8/Bbs4/Gapdh/Reck/Spry2/Slc27a4/Angptl3/Lrrk2/Bin1/Sort1/Akt1/Dffa/Mkks/Cstb/Rgs2/Spry1/Park7/Nos1/Pla2r1/Serpine3/Serpind1"
"GO:0042596","GO:0042596","fear response",50,0.323398475193238,1.25896223793634,0.132149901380671,0.349271599947397,0.281261618439488,1546,"tags=32%, list=15%, signal=27%","Bcl2/Gabra5/Ext1/Cckbr/Htr2c/Cacna1e/Penk/Npas2/Drd1/Grm7/Grin2b/Asic4/Brinp1/Large1/Bdnf/Ankfn1"
"GO:0006575","GO:0006575","modified amino acid metabolic process",113,-0.263765451720113,-1.20139313094474,0.132216014897579,0.349271599947397,0.281261618439488,1623,"tags=20%, list=16%, signal=17%","Gsta13/Folh1/Slc1a2/Atic/Gclc/Sod1/Sod2/Ggh/Gsta4/Lipc/Hpgds/Aldh9a1/Acadl/Park7/Gstk1/Glo1/Cpt1a/Ctsb/P4hb/Abhd12/Gstp3/Dio2/Crat"
"GO:0001835","GO:0001835","blastocyst hatching",23,0.40307043493057,1.29548862370038,0.132796780684105,0.34989064823725,0.281760125973231,1563,"tags=43%, list=15%, signal=37%","Necab1/Pemt/Bcor/Stmn3/Rbbp8/Arhgdig/Grn/Plpp4/Smarca4/St8sia6"
"GO:0035188","GO:0035188","hatching",23,0.40307043493057,1.29548862370038,0.132796780684105,0.34989064823725,0.281760125973231,1563,"tags=43%, list=15%, signal=37%","Necab1/Pemt/Bcor/Stmn3/Rbbp8/Arhgdig/Grn/Plpp4/Smarca4/St8sia6"
"GO:0071684","GO:0071684","organism emergence from protective structure",23,0.40307043493057,1.29548862370038,0.132796780684105,0.34989064823725,0.281760125973231,1563,"tags=43%, list=15%, signal=37%","Necab1/Pemt/Bcor/Stmn3/Rbbp8/Arhgdig/Grn/Plpp4/Smarca4/St8sia6"
"GO:0006024","GO:0006024","glycosaminoglycan biosynthetic process",42,0.341985391757667,1.27829699830213,0.132936507936508,0.34995449091887,0.281811537241598,2118,"tags=33%, list=21%, signal=27%","Chst11/Ext1/B4galnt4/Smpd3/Chsy1/Csgalnact2/Nfkb1/Hs3st3b1/Ndst2/Hs3st3a1/Hexa/Csgalnact1/Chst12/Igf1"
"GO:0060043","GO:0060043","regulation of cardiac muscle cell proliferation",31,0.372552713132191,1.31332289941391,0.133204633204633,0.350355936293436,0.282134813384813,2155,"tags=26%, list=21%, signal=20%","Foxp1/Kcnk2/Ccnd2/Erbb4/Tgfbr3/Bmpr1a/Vgll4/Hey2"
"GO:0048011","GO:0048011","neurotrophin TRK receptor signaling pathway",27,-0.390068128882921,-1.31126482740504,0.133333333333333,0.350390286209887,0.282162474703672,3433,"tags=59%, list=33%, signal=40%","Agt/Cd2ap/Lmtk2/Ngf/Bcar1/Casp3/Spry2/Ptpn11/Src/Sort1/Ddit4/Sos1/Slc9a6/Agtr2/Cyfip1/Spry1"
"GO:0030516","GO:0030516","regulation of axon extension",74,0.283138223408031,1.21477969902886,0.134020618556701,0.35189122549983,0.283371151887652,945,"tags=19%, list=9%, signal=17%","Cdh4/Sema3f/Dscam/Dbn1/Ntrk3/Plxna4/Cdkl5/Ntn1/Sema3a/Ptprs/Ep300/Bmpr2/Adnp/Trpc5"
"GO:0060828","GO:0060828","regulation of canonical Wnt signaling pathway",183,0.236738215350387,1.15986963683745,0.134361233480176,0.352480118999943,0.28384537635639,2603,"tags=32%, list=25%, signal=24%","Tbl1x/Foxo3/Fam53b/Foxo1/Egfr/Ptpro/Rbms3/Gpc3/Sox13/Tcf7l2/Nfkb1/Wnk2/Ccny/Smad3/Adnp/Shisa6/Ctnnd2/Ccdc88c/Usp34/Lats1/Tmem198/Dlx5/Amer3/Fzd1/Csnk1g2/Axin2/Sox4/Dab2ip/Lgr4/Cdh2/Lrp4/Bicc1/Cdk14/Fermt1/Ptk7/Nrarp/Daam2/Gsk3b/Prkn/Lzts2/Wnt11/Caprin2/Usp8/Amer2/Notum/Sema5a/Gli3/Zfp703/Gpc5/Kremen1/Wls/Tle7/Stk3/Rapgef1/Usp47/Wnk1/Dkk3/Btrc/Fgfr3"
"GO:0039531","GO:0039531","regulation of cytoplasmic pattern recognition receptor signaling pathway",79,-0.284781403570009,-1.22153816156432,0.134579439252336,0.352747146137179,0.284060408110468,2274,"tags=29%, list=22%, signal=23%","Hspa8/C1qbp/Fbxl2/Ddx3x/Src/Ppp2ca/Brcc3dc/Hcfc2/Cptp/Ufd1/Akt1/Wdfy1/Eif2ak2/Riok3/Ppp6c/Slc15a4/Aars2/Ogt/Tab1/Lamp2/Ddx60/Ppt1/Pcbp2"
"GO:0090128","GO:0090128","regulation of synapse maturation",25,0.393694637804229,1.298051290039,0.135245901639344,0.352913368024035,0.284194263359289,581,"tags=20%, list=6%, signal=19%","Nrg2/Dlgap4/Adgrb3/Nrxn1/Dab1"
"GO:0014047","GO:0014047","glutamate secretion",29,0.379353161449616,1.29681091802649,0.135458167330677,0.352913368024035,0.284194263359289,2003,"tags=34%, list=20%, signal=28%","Prkg1/Kcnk2/Adora2a/Grm7/Grin2b/Nr3c1/Ntsr1/Bdnf/Adora1/Trpv1"
"GO:0032781","GO:0032781","positive regulation of ATP-dependent activity",26,-0.388761416415398,-1.29437760579299,0.135294117647059,0.352913368024035,0.284194263359289,2313,"tags=46%, list=23%, signal=36%","Ahsa1/Dnajc24/Tnnt3/Sumo1/Dnajb1/Hspa2/Msh2/Chtop/Dnajb11/Msh6/Ssbp1/Pfn2"
"GO:0170038","GO:0170038","proteinogenic amino acid biosynthetic process",33,-0.367057464579328,-1.29001244507919,0.135353535353535,0.352913368024035,0.284194263359289,2451,"tags=39%, list=24%, signal=30%","Aasdhppt/Asl/Got1/Enoph1/Psph/Asns/Got2/Asnsd1/Pycr1/Apip/Adi1/Oat/Glul"
"GO:0051452","GO:0051452","intracellular pH reduction",34,-0.36227188291369,-1.28620515127902,0.134920634920635,0.352913368024035,0.284194263359289,2493,"tags=35%, list=24%, signal=27%","Slc4a7/Car2/Atp6v1b2/Slc9a8/Clic4/Cln5/Tmem9/Aqp11/Lamp2/Ppt1/Tpcn2/Creg1"
"GO:0006360","GO:0006360","transcription by RNA polymerase I",59,-0.309043160340481,-1.24076124428636,0.135396518375242,0.352913368024035,0.284194263359289,3117,"tags=44%, list=30%, signal=31%","Dek/Polr1d/Nol11/Pwp1/Tbp/Polr2b/Macroh2a1/Ippk/Gtf2h5/Cavin1/Polr2l/Polr1a/Ddx11/Zmpste24/Polr2e/Ercc3/Rrn3/Smarcb1/Polrmt/Taf1a/Ddx21/Baz2a/Ubtf/Sf3b1/Polr2f/Smarca5"
"GO:0061041","GO:0061041","regulation of wound healing",62,0.299209887310898,1.23952831350963,0.135353535353535,0.352913368024035,0.284194263359289,1142,"tags=21%, list=11%, signal=19%","Tafa5/Smoc2/Prkg1/Prkcd/Ano6/St3gal4/Ajap1/Cask/Serping1/Smad3/Prkce/Ptk2/Ubash3b"
"GO:0043525","GO:0043525","positive regulation of neuron apoptotic process",63,0.299591462988788,1.24345472253535,0.135902636916836,0.353561752223847,0.284716394530095,2178,"tags=33%, list=21%, signal=26%","Foxo3/St8sia2/Ptprf/Pawr/Agrn/Hdac4/Srpk2/Bace1/Nr3c1/Rapsn/Grn/Epha7/Map2k4/Bdnf/Tgfb2/Ripk1/Kcnma1/Fbxw7/Gsk3b/Abl1/Mtor"
"GO:1901605","GO:1901605","alpha-amino acid metabolic process",141,-0.252766052273656,-1.18520139860947,0.135940409683426,0.353561752223847,0.284716394530095,1426,"tags=20%, list=14%, signal=17%","Asns/Arg2/Got2/Gclc/Asnsd1/Mccc1/Aadat/Pycr1/Tph2/Mpst/Apip/Aldh5a1/Adi1/Nit2/Acadsb/Azin1/Hibch/Oat/Mmut/Park7/Glul/Nos1/Odc1/Dlst/Comt/Ppat/P4hb/Aldh6a1"
"GO:0000380","GO:0000380","alternative mRNA splicing, via spliceosome",59,0.303825943655089,1.24037511255395,0.136082474226804,0.353627698891266,0.284769500097257,3066,"tags=47%, list=30%, signal=33%","Nova1/Mbnl2/Celf2/Rbfox1/Rbm5/Rbfox2/Ddx17/Rbfox3/Celf5/Rbmxl1/Mbnl1/Rbm24/Ptbp1/Cdk13/Thrap3/Rbpms/Hnrnpu/Celf1/Celf6/Sfswap/Rbm20/Fmr1/Khdrbs1/Tia1/Khdrbs2/Wtap/Dyrk1a/Tra2b"
"GO:0099150","GO:0099150","regulation of postsynaptic specialization assembly",23,0.400927608467965,1.2886014718175,0.13682092555332,0.355241991796538,0.286069458740446,613,"tags=22%, list=6%, signal=20%","Nlgn1/Nrxn1/Arhgef9/Ptprs/Grid2"
"GO:0042177","GO:0042177","negative regulation of protein catabolic process",84,-0.281224263589505,-1.22125667717938,0.136960600375235,0.355300187617261,0.286116322701689,973,"tags=17%, list=9%, signal=15%","Snx12/Ophn1/Taf9/Ubxn2a/Azin1/Uchl5/Aqp11/Mdm4/Gabarapl2/Ogt/Park7/Snx3/Vps35/Timp4"
"GO:0055023","GO:0055023","positive regulation of cardiac muscle tissue growth",28,0.38318299099029,1.30169422423507,0.137931034482759,0.357056440842543,0.287530599226338,3212,"tags=50%, list=31%, signal=34%","Ccnd2/Ep300/Nr3c1/Erbb4/Tgfbr3/Bmpr1a/Adrb1/Igf1/Hey2/Mtor/Akap6/Fdps/Mapk1/Fgfr1"
"GO:1905332","GO:1905332","positive regulation of morphogenesis of an epithelium",27,-0.382925159277434,-1.28725280459835,0.13921568627451,0.357056440842543,0.287530599226338,1962,"tags=48%, list=19%, signal=39%","Agt/Gja1/Sall1/Ctnnb1/Egf/Mmrn2/Mdk/Pax2/Agtr2/Sirt6/Itgax/Pdgfra/Pik3cd"
"GO:1902692","GO:1902692","regulation of neuroblast proliferation",39,0.346167484488784,1.2846826386123,0.137931034482759,0.357056440842543,0.287530599226338,258,"tags=13%, list=3%, signal=13%","Drd2/Six3/Prox1/Vegfc/Tafa1"
"GO:0071526","GO:0071526","semaphorin-plexin signaling pathway",34,0.358463374625134,1.28032008990346,0.13855421686747,0.357056440842543,0.287530599226338,850,"tags=21%, list=8%, signal=19%","Sema3f/Plxnb2/Sema4g/Plxna4/Plxna2/Sema3a/Met"
"GO:0071168","GO:0071168","protein localization to chromatin",33,-0.364201602562748,-1.27997560371692,0.139393939393939,0.357056440842543,0.287530599226338,1310,"tags=21%, list=13%, signal=19%","Msh2/Chmp7/Esco2/Sirt6/Cdk9/Mcm8/Wbp2"
"GO:0001909","GO:0001909","leukocyte mediated cytotoxicity",44,0.338843472633607,1.27971134232676,0.138,0.357056440842543,0.287530599226338,463,"tags=16%, list=5%, signal=15%","Tap1/Cadm1/B2m/Tap2/Rasgrp1/Pcyox1l/Ctsh"
"GO:0060390","GO:0060390","regulation of SMAD protein signal transduction",34,0.357632067816469,1.27735091959668,0.13855421686747,0.357056440842543,0.287530599226338,1724,"tags=41%, list=17%, signal=34%","Bmper/Acvr2a/Smad6/Bmpr2/Bmp7/Bmp6/Ski/Ldlrad4/Tgfbr3/Bmpr1a/Pmepa1/Acvr1/Tgfb2/Atoh8"
"GO:1902100","GO:1902100","negative regulation of metaphase/anaphase transition of cell cycle",35,-0.357295706895046,-1.27520521529395,0.138888888888889,0.357056440842543,0.287530599226338,2060,"tags=37%, list=20%, signal=30%","Psmg2/Pcid2/Cep192/Bub3/Kntc1/Prpf4b/Cdca8/Lcmt1/Gen1/Spc25/Dync1li1/Usp44/Trip13"
"GO:1905819","GO:1905819","negative regulation of chromosome separation",35,-0.357295706895046,-1.27520521529395,0.138888888888889,0.357056440842543,0.287530599226338,2060,"tags=37%, list=20%, signal=30%","Psmg2/Pcid2/Cep192/Bub3/Kntc1/Prpf4b/Cdca8/Lcmt1/Gen1/Spc25/Dync1li1/Usp44/Trip13"
"GO:0048844","GO:0048844","artery morphogenesis",46,0.333743719280515,1.2608288674165,0.139393939393939,0.357056440842543,0.287530599226338,2172,"tags=39%, list=21%, signal=31%","Chd7/Prox1/Nfatc3/Zmiz1/Bmpr2/Akt3/Arid2/Chrd/Eya1/Sox4/Bmpr1a/Smarca4/Tgfb2/Efnb2/Wnt11/Hey2/Srf/Lrp2"
"GO:0140888","GO:0140888","interferon-mediated signaling pathway",43,0.337111735562471,1.25884147219359,0.139112903225806,0.357056440842543,0.287530599226338,2250,"tags=30%, list=22%, signal=24%","Irf7/Stat2/Parp14/Samhd1/Adar/Lsm14a/Hdac4/Ube2k/Gigyf2/Ifih1/Ythdf3/Eif4e2/Irf1"
"GO:0048286","GO:0048286","lung alveolus development",43,0.335620253395243,1.25327198466444,0.139112903225806,0.357056440842543,0.287530599226338,1093,"tags=23%, list=11%, signal=21%","Foxp2/Atxn1/Smpd3/Bmpr2/Hs6st1/Tnrc6c/Nkx2-1/Abca12/Tns3/Igfbp5"
"GO:0007528","GO:0007528","neuromuscular junction development",54,0.315359190037351,1.25223430142021,0.13855421686747,0.357056440842543,0.287530599226338,3243,"tags=50%, list=32%, signal=34%","Tnc/Kalrn/Cntnap2/Cacng2/Cacna2d2/Pdzrn3/Agrn/Ank3/Sorbs2/Rapsn/Large1/Gphn/Lrp4/Lin7a/Colq/Gsk3b/Pmp22/Farp1/Cacnb4/Nedd4/Als2/Mycbp2/Ky/Erbb2/Dnaja3/App/Fzd9"
"GO:0008643","GO:0008643","carbohydrate transport",88,-0.275636022642705,-1.20631524478608,0.138836772983114,0.357056440842543,0.287530599226338,2342,"tags=33%, list=23%, signal=26%","Appl1/Edn1/Slc27a4/C1qtnf12/Mfn2/Hk2/Sesn2/Oga/Ptpn11/Akt2/Ahi1/Sort1/Akt1/Slc1a2/Ednra/Zdhhc7/Tsc2/Tmem144/Sirt6/Aqp11/Insr/Crebl2/Fabp5/Rps6kb1/Slc5a2/Pid1/Pea15a/Inpp5k/Abcb11"
"GO:0019318","GO:0019318","hexose metabolic process",169,-0.242827258293855,-1.17021862550012,0.139405204460967,0.357056440842543,0.287530599226338,3069,"tags=37%, list=30%, signal=26%","Galm/Gpld1/Irs2/Hkdc1/Fpgt/Bckdk/Akr1b1/Mdh1/Eno1/Mtcl2/Adra1b/Gpt2/Dgat2/Mapk14/Gale/Ddb1/Eno2/Gapdh/Pmm1/C1qtnf12/Adipor1/Fuca2/Hk2/Sesn2/Src/Hif1a/Ldha/Wdtc1/Zmpste24/Got1/Pgp/Akt2/Akt1/Clk2/Pik3ca/Xpc/Gpi1/Pfkfb2/H6pd/Kbtbd2/Chst15/Slc25a13/Errfi1/Adora2b/Pdk1/Lcmt1/Sirt6/Slc37a4/Hectd4/Pdk4/Pgam1/Insr/Pdhb/Ogt/Fabp5/Cpt1a/Pgm1/Pgm2l1/Cry1/Pkm/Pgm2/Usf1"
"GO:1905244","GO:1905244","regulation of modification of synaptic structure",26,0.392397875550848,1.30124403286395,0.140243902439024,0.357664556681864,0.288020303070544,2768,"tags=50%, list=27%, signal=37%","Epha4/Camkv/Kalrn/Cap2/Ptk2/Prmt8/Tiam1/Gsk3b/Myh10/Abl1/Itsn1/Egln1/Rapgef2"
"GO:0010661","GO:0010661","positive regulation of muscle cell apoptotic process",24,-0.397910380816609,-1.29388825727397,0.140350877192982,0.357664556681864,0.288020303070544,1182,"tags=25%, list=12%, signal=22%","Sod2/Pdcd4/Stub1/Bag1/Arrb1/Bnip3"
"GO:0002886","GO:0002886","regulation of myeloid leukocyte mediated immunity",24,-0.397339363237528,-1.29203147500367,0.140350877192982,0.357664556681864,0.288020303070544,1235,"tags=25%, list=12%, signal=22%","Rabgef1/Adora2b/Ddx21/Ticam1/Snx4/Ddx1"
"GO:0032367","GO:0032367","intracellular cholesterol transport",24,-0.397040354609171,-1.29105918633842,0.140350877192982,0.357664556681864,0.288020303070544,1648,"tags=29%, list=16%, signal=25%","Nus1/Serac1/Tmem97/Arv1/Tpcn2/Npc1/Scp2"
"GO:0005976","GO:0005976","polysaccharide metabolic process",79,-0.283671826901056,-1.21677875583306,0.14018691588785,0.357664556681864,0.288020303070544,1815,"tags=27%, list=18%, signal=22%","Akt2/Gaa/Akt1/Gfpt1/Ext2/Wipi2/Pygb/Nhlrc1/Wipi1/Slc37a4/Has2/Gabarapl1/Insr/Cltc/Ptges3/Pgm1/Comt/Inpp5k/Npc1/Pgm2/Ugp2"
"GO:0046545","GO:0046545","development of primary female sexual characteristics",79,-0.283439234911379,-1.21578107835868,0.14018691588785,0.357664556681864,0.288020303070544,1375,"tags=23%, list=13%, signal=20%","Nup107/Eif2b5/Mmp2/Sod1/Angpt1/Lhcgr/Inhba/Lsm14b/Ctnna1/Zfp830/Eif2b2/Insr/Plekha1/Brca2/Arrb1/Pdgfra/Kit/Kdr"
"GO:0015909","GO:0015909","long-chain fatty acid transport",38,-0.342157515991308,-1.24329666176781,0.141393442622951,0.359716314985341,0.289672544080604,2239,"tags=37%, list=22%, signal=29%","Pnpla8/Slc27a4/Acsl1/Akt2/Akt1/Atp5pf/Lhcgr/Abcc1/Pla2g12a/Pla2g12b/Fabp5/Pla2r1/Rps6kb1/Slc27a5"
"GO:0007162","GO:0007162","negative regulation of cell adhesion",168,0.239261013859352,1.16253421118709,0.141304347826087,0.359716314985341,0.289672544080604,2272,"tags=29%, list=22%, signal=23%","Epha4/Arhgap6/Dscaml1/Dscam/Prkg1/Plxnb2/Prkcd/Tnc/Pawr/Rc3h1/Hspb1/Dab1/Ajap1/Cask/Epha5/Myoc/Spock1/Adora2a/Abca12/Socs1/Ptk2/Cd276/Ptpn6/Bmp6/Ubash3b/Ptprz1/Dusp22/Spint2/Cd74/Nat8f5/Tbcd/Meltf/Tnr/Dact2/Itgb1bp1/Ptprc/Nrarp/Ccm2l/Ephb2/Mbp/Abl1/Tnfrsf21/Clasp2/Irf1/Sema5a/Mad1l1/Peli1/Gli3/Zfp703"
"GO:0061383","GO:0061383","trabecula morphogenesis",37,0.351820016838959,1.28234203970316,0.141747572815534,0.360012695415816,0.289911213470162,2690,"tags=41%, list=26%, signal=30%","Chd7/Ppargc1b/Bmp7/Enpp1/Tgfbr3/Bmpr1a/Smarca4/Tgfb2/Ccm2l/Nfatc1/Hey2/Srf/Bmp5/Fgfr3/Egln1"
"GO:0035019","GO:0035019","somatic stem cell population maintenance",51,0.319929837000475,1.25123764346572,0.141716566866267,0.360012695415816,0.289911213470162,1874,"tags=27%, list=18%, signal=23%","Wnt7a/Zhx2/Tcf7l2/Vps72/Bmp7/Med24/Ski/Sox4/Bmpr1a/Ldb1/Bcl9/Klf10/Lrp5/Ldb2"
"GO:0002279","GO:0002279","mast cell activation involved in immune response",29,-0.380839571485865,-1.30110955492425,0.142,0.36035175879397,0.290184254606365,1235,"tags=28%, list=12%, signal=24%","Rabgef1/Adora2b/Snap23/Ywhaz/Milr1/Clnk/Snx4/Kit"
"GO:0030511","GO:0030511","positive regulation of transforming growth factor beta receptor signaling pathway",24,0.402408189477865,1.30522957664053,0.143149284253579,0.36235783733362,0.29179971059209,2137,"tags=33%, list=21%, signal=26%","Crebbp/Hipk2/Rnf111/Ep300/Tgfbr3/Cdkn1c/Fermt1/Furin"
"GO:1903846","GO:1903846","positive regulation of cellular response to transforming growth factor beta stimulus",24,0.402408189477865,1.30522957664053,0.143149284253579,0.36235783733362,0.29179971059209,2137,"tags=33%, list=21%, signal=26%","Crebbp/Hipk2/Rnf111/Ep300/Tgfbr3/Cdkn1c/Fermt1/Furin"
"GO:0048477","GO:0048477","oogenesis",65,-0.30068816968688,-1.23159144406922,0.143137254901961,0.36235783733362,0.29179971059209,2031,"tags=31%, list=20%, signal=25%","Src/Bmpr1b/Bcas2/Akt1/Mdk/Aspm/Ednra/Pde5a/Marf1/Lsm14b/Mlh1/Zfp830/Rec8/Dcaf13/Trip13/Brca2/Mettl3/Kat8/Spdya/Rec114"
"GO:0016233","GO:0016233","telomere capping",28,-0.382097013965986,-1.29351989336458,0.143418467583497,0.362433658697244,0.291860768059827,1302,"tags=21%, list=13%, signal=19%","Map3k4/Prkcq/Terf2ip/Nabp2/Hnrnpa2b1/Spdya"
"GO:0050729","GO:0050729","positive regulation of inflammatory response",63,-0.299060854265744,-1.22213677243429,0.143418467583497,0.362433658697244,0.291860768059827,2720,"tags=38%, list=27%, signal=28%","Il18/Camk2n1/Casp1/Casp3/Npy5r/Lrrk2/Tac1/Ccn4/C2cd4b/Napepld/Mdk/Pde5a/Adora2b/Ddt/Adam8/Abcc1/Pdcd4/Tnfrsf1a/Gprc5b/Snx4/Park7/Csf1r/Il17ra/Kars1"
"GO:0034340","GO:0034340","response to type I interferon",37,0.348754816793605,1.27116975077664,0.14368932038835,0.362815533980582,0.292168284789644,1257,"tags=24%, list=12%, signal=21%","Irf7/Stat2/Samhd1/Adar/Lsm14a/Hdac4/Smpd1/Ube2k/Gigyf2"
"GO:0097035","GO:0097035","regulation of membrane lipid distribution",44,0.334082066130185,1.26172892153377,0.144,0.363297252289759,0.29255620316403,1965,"tags=34%, list=19%, signal=28%","Abcg1/Xkr6/Atp9a/Ano6/Xkr4/Tmem30c/Trpc5/Abca12/Plscr1/Slc4a1/Ano3/Mfsd2a/Atp10b/Abca2/Xkr8"
"GO:1901880","GO:1901880","negative regulation of protein depolymerization",59,0.301187067117648,1.22960184960357,0.144329896907216,0.363826612004048,0.292982486234283,2515,"tags=36%, list=25%, signal=27%","Mid1/Fgf13/Cracd/Nav3/Svil/Add3/Taok1/Atxn7/Ttbk2/Ccdc88c/Hdgfl3/Capza2/Vill/Eps8/Map2/Mid1ip1/Add1/Clasp2/Clasp1/Map1a/Carmil1"
"GO:0061640","GO:0061640","cytoskeleton-dependent cytokinesis",89,-0.274609504753798,-1.20032872556709,0.145009416195857,0.365235686677844,0.294117186631663,1142,"tags=19%, list=11%, signal=17%","Zfyve19/Septin3/Exoc1/Cdca8/Stmn1/Chmp7/Vps4b/Rhob/Chmp2b/Stambp/Chmp3/Racgap1/Arf1/Chmp1b2/Orc4/Kif20a/Rab35"
"GO:0060338","GO:0060338","regulation of type I interferon-mediated signaling pathway",25,0.388523441648604,1.28100133000324,0.145491803278689,0.366146315560155,0.29485049833887,1257,"tags=28%, list=12%, signal=25%","Irf7/Stat2/Samhd1/Adar/Lsm14a/Ube2k/Gigyf2"
"GO:1902003","GO:1902003","regulation of amyloid-beta formation",26,0.388264527034071,1.28753729430006,0.146341463414634,0.367369208074848,0.295835269868854,696,"tags=15%, list=7%, signal=14%","Lrrtm3/Epha4/Abcg1/Slc2a13"
"GO:0046628","GO:0046628","positive regulation of insulin receptor signaling pathway",24,-0.394566911368877,-1.28301627185832,0.146198830409357,0.367369208074848,0.295835269868854,2371,"tags=62%, list=23%, signal=48%","Ptpn2/Igf2/Pak1/Agt/Marcks/Prkcz/Opa1/C1qtnf12/Mfn2/Adipor1/Sorl1/Ptpn11/Src/Ctsd/Tsc2"
"GO:0021884","GO:0021884","forebrain neuron development",36,0.350650874062614,1.27116792917959,0.146245059288538,0.367369208074848,0.295835269868854,1121,"tags=25%, list=11%, signal=22%","Robo1/Drd2/Cntn2/Sema3a/Zmiz1/Drd1/Robo2/Sox1/Ogdh"
"GO:0071548","GO:0071548","response to dexamethasone",31,0.367121569966359,1.29417703243119,0.146718146718147,0.368009920990053,0.296351223503541,1961,"tags=32%, list=19%, signal=26%","Foxo3/Smyd3/Foxo1/Egfr/Ep300/Nr3c1/Pappa/Axin2/Gba1/Hnrnpu"
"GO:0034315","GO:0034315","regulation of Arp2/3 complex-mediated actin nucleation",25,-0.391872628839117,-1.29033712225647,0.147859922178988,0.369268524779005,0.297364752627317,1837,"tags=40%, list=18%, signal=33%","Gmfb/Wasf3/Dnai3/Nckap1/Rnh1/Cyfip1/Arf1/Pick1/Carmil3/Ap1ar"
"GO:2000629","GO:2000629","negative regulation of miRNA metabolic process",22,0.408531586700968,1.28699132348162,0.148073022312373,0.369268524779005,0.297364752627317,919,"tags=27%, list=9%, signal=25%","Ncor2/Nfatc3/Ep300/Hdac4/Qki/Smad3"
"GO:0010830","GO:0010830","regulation of myotube differentiation",22,0.407953429785767,1.28516996386661,0.148073022312373,0.369268524779005,0.297364752627317,2178,"tags=36%, list=21%, signal=29%","Bcl2/Rbm38/Hdac4/Rbm24/Bhlhe41/Bdnf/Hdac9/Mtor"
"GO:0060977","GO:0060977","coronary vasculature morphogenesis",25,0.387675397008834,1.27820524051418,0.147540983606557,0.369268524779005,0.297364752627317,2172,"tags=36%, list=21%, signal=28%","Sgcd/Smad6/Prok2/Arid2/Tgfbr3/Pbrm1/Rxra/Hey2/Lrp2"
"GO:0061900","GO:0061900","glial cell activation",32,-0.368184641322176,-1.27115405951519,0.147916666666667,0.369268524779005,0.297364752627317,489,"tags=12%, list=5%, signal=12%","Csf1r/Hspa4/Calhm2/Lrp1"
"GO:0001662","GO:0001662","behavioral fear response",45,0.331278032737195,1.2494152206,0.147773279352227,0.369268524779005,0.297364752627317,1546,"tags=33%, list=15%, signal=28%","Bcl2/Gabra5/Cckbr/Htr2c/Cacna1e/Penk/Npas2/Drd1/Grm7/Grin2b/Asic4/Brinp1/Large1/Bdnf/Ankfn1"
"GO:0045619","GO:0045619","regulation of lymphocyte differentiation",112,0.254773462313143,1.17437897228581,0.147435897435897,0.369268524779005,0.297364752627317,2273,"tags=33%, list=22%, signal=26%","Foxo3/Arid1a/Rasgrp1/Sox12/Rc3h1/Hspb1/Ambra1/Sox13/Ep300/Zmiz1/Socs1/Ptpn6/Ap3d1/Arid2/Itpkb/Drosha/Egr3/Tox/Sox4/Rhoh/Smarca4/Rorc/Pbrm1/Cd74/Xrcc6/Sh3rf1/Sash3/Zeb1/Ptprc/Nrarp/Gas6/Pik3r6/Smarcd2/Abl1/Irf1/Gli3/Nfkbiz"
"GO:0017145","GO:0017145","stem cell division",30,0.366301569332499,1.27220756969863,0.1484375,0.369655963756504,0.297676749691706,1906,"tags=33%, list=19%, signal=27%","Ext1/Wnt7a/Fut9/Fubp1/Zbtb16/Cdk2ap2/Tdrd12/Tgfb2/Ulk4/Thoc2"
"GO:0000768","GO:0000768","syncytium formation by plasma membrane fusion",35,0.350795867537848,1.26068593610555,0.14859437751004,0.369655963756504,0.297676749691706,2210,"tags=29%, list=22%, signal=22%","Adgrb3/Adamts5/Adgrb1/Dock5/Neo1/Ptgfrn/Adam9/Capn2/Gsk3b/Vash2"
"GO:0140253","GO:0140253","cell-cell fusion",35,0.350795867537848,1.26068593610555,0.14859437751004,0.369655963756504,0.297676749691706,2210,"tags=29%, list=22%, signal=22%","Adgrb3/Adamts5/Adgrb1/Dock5/Neo1/Ptgfrn/Adam9/Capn2/Gsk3b/Vash2"
"GO:0001961","GO:0001961","positive regulation of cytokine-mediated signaling pathway",29,0.374194529357757,1.27917624116433,0.149402390438247,0.370469429394548,0.298331817730263,2051,"tags=34%, list=20%, signal=28%","Irf7/Parp14/Lsm14a/Crebrf/Ube2k/C1qtnf4/Cd74/Ripk1/Prkn/Gas6"
"GO:0032527","GO:0032527","protein exit from endoplasmic reticulum",33,-0.359950927767505,-1.26503673469778,0.149494949494949,0.370469429394548,0.298331817730263,2415,"tags=36%, list=24%, signal=28%","Aup1/Sorl1/Steep1/Sel1l/Sec61b/Tecpr2/Ufd1/Tm9sf4/Yod1/Derl1/Sec16a/Sec13"
"GO:0006368","GO:0006368","transcription elongation by RNA polymerase II",83,-0.278359009754176,-1.20316826401236,0.149056603773585,0.370469429394548,0.298331817730263,2579,"tags=40%, list=25%, signal=30%","Recql5/Setd2/Eaf1/Med23/Med14/Polr2m/Med8/Pwwp2b/Gtf2f2/Med16/Med28/Nelfb/Eaf2/Pcid2/Nelfe/Ccnt1/Tcea2/Ccnk/Med20/Eloa/Med9/Med17/Sirt6/Med22/Leo1/Map2k1/Supt6/Med31/Ncbp2/Cdk9/Glyr1/Eny2/Cbx7"
"GO:0000075","GO:0000075","cell cycle checkpoint signaling",139,-0.248853111280461,-1.16887627373331,0.149532710280374,0.370469429394548,0.298331817730263,2083,"tags=26%, list=20%, signal=21%","Ptpn11/Psmg2/Brcc3dc/Pabir1/Pcid2/Tiprl/Ccnd1/Cep192/Clspn/Xpc/Bub3/Kntc1/Prpf4b/Msh2/Mbd4/Nsun2/Abraxas1/Fzr1/Zfyve19/Cdca8/Lcmt1/Stk38/Gen1/Tipin/Nabp2/Spc25/Zfp830/Dync1li1/Usp44/Trip13/Brca2/Rpl24/Cry1/Rint1/Syf2/Chek2"
"GO:0007163","GO:0007163","establishment or maintenance of cell polarity",173,0.237332938993879,1.15613614192324,0.149253731343284,0.370469429394548,0.298331817730263,2674,"tags=35%, list=26%, signal=27%","Fgf13/Igf1r/Kcnq2/Wnt7a/Rhoq/Pard3/Pard3b/Myo9a/Nde1/Dlg2/Ust/Frmd4a/Mtcl1/Coro7/Ephb1/Pdlim1/Rhobtb2/Ank3/Lama1/Amotl1/Kif26b/Exoc4/Arf6/Gpsm1/Ccdc85c/Lrrc7/Brsk2/Pkd1/Myo18a/Spint2/Atn1/Ankfn1/Wnt7b/Dst/Flot2/Map2/Ndc80/Pals1/Fermt1/Ptk7/Gsk3b/Pard6g/Pkhd1/Cep290/Igf1/Fat1/Wnt11/Abl1/Clasp2/Patj/Pax6/Pard6b/Clasp1/Spdl1/Rac2/Carmil1/Macf1/Aqp1/Rpgrip1l/Rab11fip2/Parva"
"GO:1905475","GO:1905475","regulation of protein localization to membrane",168,0.236122655049385,1.14728538554385,0.15,0.371323529411765,0.299019607843137,2008,"tags=27%, list=20%, signal=22%","Dpp6/Dbn1/Egfr/Ramp3/Rhoq/Kalrn/Gpc6/Epha3/Cacng2/Nrxn1/Cacna2d2/Gpc1/Mtcl1/Gpc3/Epm2a/Nbea/Agrn/Ank3/Necab2/Fyn/Akap5/Gpc4/Magi2/Shisa6/Arf6/Hectd1/Sorbs2/Grip1/Kcnb1/Atp2b4/Dpp10/Cemip/Tnik/Lyplal1/Cdh2/Neto2/Lrp4/Ppfia1/Epb41l1/Stx8/Itgb1bp1/Stac/Ar/Gsk3b/Prkn/Grip2"
"GO:0040036","GO:0040036","regulation of fibroblast growth factor receptor signaling pathway",27,0.387626331732432,1.29960910445508,0.150406504065041,0.371722436637091,0.299340840064192,1869,"tags=33%, list=18%, signal=27%","Smoc2/Nrxn1/Gpc1/Tcf7l2/Nptn/Fam20c/Shisa2/Sulf1/Fgfrl1"
"GO:0002224","GO:0002224","toll-like receptor signaling pathway",30,0.366045070275879,1.27131671891126,0.150390625,0.371722436637091,0.299340840064192,3265,"tags=50%, list=32%, signal=34%","Irf7/Smpdl3b/Mfhas1/Prkce/Mapkapk3/Lgr4/Rps6ka3/Tyro3/Irf1/Nfkbiz/Rab11fip2/Pdpk1/Tirap/App/Myd88"
"GO:0010466","GO:0010466","negative regulation of peptidase activity",20,-0.418572076837385,-1.2800778493906,0.150980392156863,0.371887437159615,0.299473711772099,2712,"tags=45%, list=26%, signal=33%","Timp3/Gapdh/Reck/Bin1/Akt1/Cstb/Park7/Serpine3/Serpind1"
"GO:0090497","GO:0090497","mesenchymal cell migration",42,0.333490215383719,1.24654313184879,0.150793650793651,0.371887437159615,0.299473711772099,2386,"tags=36%, list=23%, signal=28%","Sema3f/Sema4g/Sema3a/Bmp7/Sox8/Erbb4/Sema6b/Acvr1/Cdh2/Radil/Ankrd11/Efnb1/Sema5a/Pax6/Ret"
"GO:0034314","GO:0034314","Arp2/3 complex-mediated actin nucleation",36,-0.347534273811134,-1.24495811138379,0.151209677419355,0.371887437159615,0.299473711772099,1837,"tags=28%, list=18%, signal=23%","Dnai3/Nckap1/Rnh1/Arpc3/Cyfip1/Arf1/Pick1/Carmil3/Ap1ar/Arpc5"
"GO:0072665","GO:0072665","protein localization to vacuole",60,-0.304222150547677,-1.22780385329225,0.150870406189555,0.371887437159615,0.299473711772099,2274,"tags=27%, list=22%, signal=21%","Hspa8/Sorl1/Szt2/Ncoa4/Hgs/Sort1/Akt1/Rragc/Lhcgr/Meak7/Lmbrd1/Glmp/Lamp2/Vps28/M6pr/Gga3"
"GO:1901607","GO:1901607","alpha-amino acid biosynthetic process",41,-0.32996371886009,-1.22726624097115,0.151209677419355,0.371887437159615,0.299473711772099,2451,"tags=46%, list=24%, signal=35%","Srr/Cth/Mtr/Ggt1/Aasdhppt/Asl/Cad/Got1/Enoph1/Psph/Asns/Got2/Asnsd1/Pycr1/Apip/Adi1/Oat/Park7/Glul"
"GO:0014032","GO:0014032","neural crest cell development",57,0.302093540980118,1.21357693713814,0.150826446280992,0.371887437159615,0.299473711772099,3305,"tags=49%, list=32%, signal=33%","Sema3f/Sema4g/Sema3a/Bmp7/Sox8/Erbb4/Bmpr1a/Sema6b/Acvr1/Cdh2/Radil/Pef1/Ankrd11/Efnb1/Sema5a/Pax6/Ret/Rdh10/Tapt1/Sema3d/Dicer1/Sema7a/Aldh1a2/Mapk1/Tcof1/Edn3/Sema5b/Coro1c"
"GO:0070570","GO:0070570","regulation of neuron projection regeneration",34,0.351439476502634,1.25523290244651,0.152610441767068,0.373815390908825,0.301026255385325,1663,"tags=32%, list=16%, signal=27%","Epha4/Igf1r/Ntrk3/Ptprf/Ptprs/Pum2/Neo1/Map4k4/Grn/Inpp5f/Tnr"
"GO:0051145","GO:0051145","smooth muscle cell differentiation",54,0.309617948067498,1.22943686803464,0.152610441767068,0.373815390908825,0.301026255385325,2199,"tags=37%, list=21%, signal=29%","Pias1/Rcan1/Smad6/Nfatc3/Qki/Prok2/Mrtfa/Mrtfb/Notch2/Smarca4/Pbrm1/Acvr1/Wnt7b/Epc1/Zeb1/Ankrd17/Nfatc1/Hey2/Srf/Tshz3"
"GO:0000959","GO:0000959","mitochondrial RNA metabolic process",47,-0.319636891082935,-1.22483708490102,0.152610441767068,0.373815390908825,0.301026255385325,3023,"tags=45%, list=29%, signal=32%","Trmt10c/Trnt1/Kansl3/Polr2b/Myg1/Ears2/Mrpl12/Sirt3/Mettl4/Gars1/Polr1a/Cdk5rap1/Dars2/Tfam/Supv3l1/Polrmt/Grsf1/Slirp/Aars2/Mterf3/Kat8"
"GO:0018107","GO:0018107","peptidyl-threonine phosphorylation",64,0.293507934927384,1.22146799824348,0.152439024390244,0.373815390908825,0.301026255385325,1060,"tags=20%, list=10%, signal=18%","Bcl2/Spred2/Prkcd/Phip/Pard3/Hipk2/Prkd1/Met/Sirt2/Trpc5/Akt3/Ube2k/Nlk"
"GO:0071824","GO:0071824","protein-DNA complex organization",129,-0.252331777902281,-1.16621504904654,0.152255639097744,0.373815390908825,0.301026255385325,2763,"tags=34%, list=27%, signal=25%","Cenpn/Med23/Tbp/Shprh/Med14/Rpl23/Med8/Cenpw/Macroh2a1/Gtf2f2/Med16/Med28/Gtf2h5/Taf13/Gmnn/Mis18a/Taf10/Taf12/Med20/Kntc1/Sugt1/Med9/Rrn3/Gtf2b/Psmc6/Rad52/Smarcb1/Smarcd1/Cebpg/Med17/Med22/Oip5/Taf9/Rbbp4/Nap1l4/Supt6/Med31/Taf7/Cenpv/Mis12/Mcm3ap/Chaf1a/Smarca5/Smarcc2"
"GO:0032469","GO:0032469","endoplasmic reticulum calcium ion homeostasis",23,0.398512882074789,1.28084041990048,0.152917505030181,0.374012508229098,0.301184990125082,322,"tags=13%, list=3%, signal=13%","Wfs1/Bcl2/Itpr1"
"GO:0035357","GO:0035357","peroxisome proliferator activated receptor signaling pathway",20,-0.417334719505962,-1.27629376105938,0.152941176470588,0.374012508229098,0.301184990125082,845,"tags=25%, list=8%, signal=23%","Stub1/Asxl1/Fabp5/Paqr3/Actn4"
"GO:0051125","GO:0051125","regulation of actin nucleation",30,-0.372584490773868,-1.27592102195478,0.153061224489796,0.374012508229098,0.301184990125082,1837,"tags=30%, list=18%, signal=25%","Dnai3/Gsn/Nckap1/Rnh1/Cyfip1/Arf1/Pick1/Carmil3/Ap1ar"
"GO:0046718","GO:0046718","symbiont entry into host cell",41,-0.328117310213025,-1.22039871320958,0.153225806451613,0.37411296820982,0.301265888591407,1499,"tags=24%, list=15%, signal=21%","Tpcn1/Eps15/Nrp1/Insr/Tpcn2/Ctsb/P4hb/Vps18/Itgav/Npc1"
"GO:0010613","GO:0010613","positive regulation of cardiac muscle hypertrophy",33,0.358948495994775,1.2757512144055,0.153846153846154,0.374721741281227,0.301756121691813,2940,"tags=48%, list=29%, signal=35%","Ppp3ca/Pde9a/Adk/Nfatc3/Ep300/Ptk2/Nr3c1/Adrb1/Igf1/Parp1/Mtor/Akap6/Prkca/Rock1/Fdps/Trpc3"
"GO:0014742","GO:0014742","positive regulation of muscle hypertrophy",33,0.358948495994775,1.2757512144055,0.153846153846154,0.374721741281227,0.301756121691813,2940,"tags=48%, list=29%, signal=35%","Ppp3ca/Pde9a/Adk/Nfatc3/Ep300/Ptk2/Nr3c1/Adrb1/Igf1/Parp1/Mtor/Akap6/Prkca/Rock1/Fdps/Trpc3"
"GO:1903351","GO:1903351","cellular response to dopamine",33,0.358911384856257,1.27561931642971,0.153846153846154,0.374721741281227,0.301756121691813,982,"tags=21%, list=10%, signal=19%","Adcy5/Drd2/Htr2c/Htr4/Gnal/Drd1/Drd5"
"GO:0030225","GO:0030225","macrophage differentiation",39,0.338567063814006,1.25647626763711,0.155172413793103,0.377648525135023,0.304113003739094,1814,"tags=33%, list=18%, signal=28%","Asxl2/Eif2ak1/Plcb1/Gab3/Cebpa/Qki/Socs1/Nr3c1/Enpp1/Large1/Hsf1/Ripk1/Gba1"
"GO:0010714","GO:0010714","positive regulation of collagen metabolic process",21,-0.40848847338308,-1.26301803508643,0.155688622754491,0.378297134680119,0.304635316376069,933,"tags=43%, list=9%, signal=39%","Myb/Il18/Suco/Larp6/Inhba/Rgcc/Vim/Acvr1b/Ccn2"
"GO:0032967","GO:0032967","positive regulation of collagen biosynthetic process",21,-0.40848847338308,-1.26301803508643,0.155688622754491,0.378297134680119,0.304635316376069,933,"tags=43%, list=9%, signal=39%","Myb/Il18/Suco/Larp6/Inhba/Rgcc/Vim/Acvr1b/Ccn2"
"GO:0018279","GO:0018279","protein N-linked glycosylation via asparagine",32,-0.363612139156047,-1.25536753819332,0.15625,0.378609318112961,0.304886711615718,3073,"tags=41%, list=30%, signal=29%","Dad1/Alg5/Srd5a3/Uggt1/St6gal1/Alg11/Alg12/Nus1/Uggt2/Mgat5/Magt1/Dpagt1/Rft1"
"GO:0009913","GO:0009913","epidermal cell differentiation",109,0.257468215959311,1.18258274871009,0.156316916488223,0.378609318112961,0.304886711615718,2656,"tags=31%, list=26%, signal=23%","Bcl11b/Kcnq1/Ush2a/Ppp3ca/Klf7/Kazn/St14/Krt90/Atp2b2/Cux1/Abca12/Ezh2/Lats1/Ush1c/Palld/Whrn/Smarca4/Bcr/Tgfb2/Ubn1/Kcnma1/Mafb/Tmem132e/Hey2/Nfkbiz/Ptch2/Pax6/Myo3a/Clic5/Cers3/Myo3b/Rock1/Fgfr3/Kdf1"
"GO:0048024","GO:0048024","regulation of mRNA splicing, via spliceosome",81,0.27170119416638,1.17849726933094,0.156118143459916,0.378609318112961,0.304886711615718,2407,"tags=36%, list=23%, signal=28%","Nova1/Mbnl2/Celf2/Rbfox1/Rbm5/Rbfox2/Ddx17/Wdr77/Rbfox3/Celf5/Rbmxl1/Mbnl1/Qki/Rbm39/Upf3b/Rbm24/Prpf19/Ptbp1/Srsf3/Thrap3/Rbpms/Tra2a/Hnrnpu/Srsf7/Celf1/Celf6/Pcbp4/Sfswap/Rbm20"
"GO:0051258","GO:0051258","protein polymerization",187,0.23118496262847,1.1370670320384,0.156043956043956,0.378609318112961,0.304886711615718,2223,"tags=26%, list=22%, signal=21%","Fgf13/Pecam1/Nck2/Dbn1/Fhod3/Prkcd/Cracd/Tenm1/Nav3/Svil/Nde1/Add3/Coro7/Ambra1/Akap9/Prex1/Cdkn1b/Arhgef7/Met/Prkce/Togaram1/Kank4/Arf6/Ube2k/Gas7/Fbxo5/Lats1/Pde4dip/Spire2/Hdgfl3/Capza2/Mtss1/Tbcd/Vill/Kirrel1/Eps8/Map2/Mid1ip1/Slain1/Daam2/Cyfip2/Prkn/Add1/Slit2/Grb2/Ssh2/Abl1/Mtor/Clasp2"
"GO:1990845","GO:1990845","adaptive thermogenesis",106,0.262514169037164,1.1992125563034,0.156652360515021,0.379118731917344,0.305296932633109,897,"tags=14%, list=9%, signal=13%","Plcl1/Esrrg/Ghrl/Acvr2b/Nova1/Ehmt1/Igf1r/Zfp516/Adamts5/Ppargc1b/Ksr2/Pemt/Pdgfc/Qki/Clstn3"
"GO:1901988","GO:1901988","negative regulation of cell cycle phase transition",183,-0.23461074481681,-1.14325983776443,0.156934306569343,0.379497964010463,0.30560232085331,2083,"tags=25%, list=20%, signal=20%","Ptpn11/Psmg2/Brcc3dc/Pabir1/Rb1/Crlf3/Pcid2/Tiprl/Ccnd1/Tpra1/Cep192/Clspn/Xpc/Bub3/Kntc1/Prpf4b/Msh2/Ppp2r3d/Mbd4/Nsun2/Abraxas1/Fzr1/Zfyve19/Cdca8/Lcmt1/Stk38/Miip/Gen1/Inhba/Rgcc/Tipin/Zfp36l1/Nabp2/Spc25/Zfp830/Dync1li1/Usp44/Fbxo7/Trip13/Brca2/Rpl24/Cry1/Rint1/Syf2/Tmsb4x/Chek2"
"GO:0002042","GO:0002042","cell migration involved in sprouting angiogenesis",39,0.337392403358728,1.25211691570263,0.157088122605364,0.379566994812004,0.305657910013627,2391,"tags=41%, list=23%, signal=32%","Robo1/Pik3r3/Jcad/Akt3/Egr3/Tgfbr3/Pik3c2a/Itgb1bp1/Efnb2/Fbxw7/Map3k3/Slit2/Hdac9/Srf/Abl1/Stard13"
"GO:0006221","GO:0006221","pyrimidine nucleotide biosynthetic process",25,-0.390036131228853,-1.28429000166915,0.157587548638132,0.380470336552622,0.306385353527524,3397,"tags=56%, list=33%, signal=38%","Dut/Uprt/Ctps2/Dtymk/Tbpl1/Slc4a7/Cad/Nme1/Tyms/Ctps1/Uckl1/Umps/Uck1/Upp1"
"GO:0061384","GO:0061384","heart trabecula morphogenesis",28,0.375190795848123,1.27454428673749,0.158215010141988,0.380661051266095,0.306538932372697,2690,"tags=43%, list=26%, signal=32%","Chd7/Bmp7/Tgfbr3/Bmpr1a/Smarca4/Tgfb2/Ccm2l/Nfatc1/Hey2/Srf/Bmp5/Egln1"
"GO:0000272","GO:0000272","polysaccharide catabolic process",23,-0.395177630832004,-1.25555832315586,0.158415841584158,0.380661051266095,0.306538932372697,1724,"tags=30%, list=17%, signal=25%","Gaa/Wipi2/Pygb/Wipi1/Gabarapl1/Pgm1/Pgm2"
"GO:0005980","GO:0005980","glycogen catabolic process",23,-0.395177630832004,-1.25555832315586,0.158415841584158,0.380661051266095,0.306538932372697,1724,"tags=30%, list=17%, signal=25%","Gaa/Wipi2/Pygb/Wipi1/Gabarapl1/Pgm1/Pgm2"
"GO:0009251","GO:0009251","glucan catabolic process",23,-0.395177630832004,-1.25555832315586,0.158415841584158,0.380661051266095,0.306538932372697,1724,"tags=30%, list=17%, signal=25%","Gaa/Wipi2/Pygb/Wipi1/Gabarapl1/Pgm1/Pgm2"
"GO:0033143","GO:0033143","regulation of intracellular steroid hormone receptor signaling pathway",52,-0.315441262747787,-1.23597636164131,0.158415841584158,0.380661051266095,0.306538932372697,1745,"tags=27%, list=17%, signal=22%","Bmal1/Rnf6/Phb2/Ufm1/Rnf14/Nr0b1/Park7/Cry1/Wbp2/Vps18/Ufsp2/Ddx5/Shq1/Vps11"
"GO:0032273","GO:0032273","positive regulation of protein polymerization",54,0.30713087302292,1.21956114289513,0.15863453815261,0.380661051266095,0.306538932372697,1027,"tags=20%, list=10%, signal=18%","Nck2/Cracd/Tenm1/Nav3/Ambra1/Akap9/Cdkn1b/Met/Prkce/Togaram1/Arf6"
"GO:0030316","GO:0030316","osteoclast differentiation",75,0.275625077108795,1.18478957053144,0.15866388308977,0.380661051266095,0.306538932372697,2402,"tags=35%, list=23%, signal=27%","Calcr/Foxp1/Asxl2/Ppp3ca/Ppargc1b/Gpc3/Ninj1/Eeig1/Ubash3b/Lrrc17/Notch2/Gpr68/Fam20c/Enpp1/Klf10/Chuk/Mafb/Rassf2/Fbxw7/Gsk3b/Nfatc1/Mtor/Snx10/Mitf/Fshr/Tob2"
"GO:0030258","GO:0030258","lipid modification",130,-0.249718140210326,-1.16066138883154,0.158671586715867,0.380661051266095,0.306538932372697,1274,"tags=20%, list=12%, signal=18%","Pex5/Pla2g7/Synj1/Inpp4b/Cygb/Ppard/Tysnd1/Dgkg/Ocrl/Hadha/Pdk4/Dbi/Plpp2/Mtmr9/Acadl/Mtmr10/Sgpp1/Mtmr6/Cpt1a/Slc25a17/Eci3/Klhl25/Inpp5k/Abcb11/Scp2/Crat"
"GO:0048706","GO:0048706","embryonic skeletal system development",73,0.27787252240185,1.19156762455941,0.158859470468432,0.380810281265307,0.306659104385264,2267,"tags=34%, list=22%, signal=27%","Dscaml1/Asxl2/Chst11/Ext1/Sox11/Acvr2a/Mosmo/Smad3/Bmp7/Sp3/Eya1/Wnt9a/Dlx5/Mbtd1/Pbx1/Tgfb2/Ndst1/Zeb1/Sulf1/Dync2i1/Deaf1/Etl4/Wnt11/Mmp16/Gli3"
"GO:0047496","GO:0047496","vesicle transport along microtubule",40,0.329479593826626,1.23309979021776,0.159003831417625,0.380855027031939,0.306695137279845,2314,"tags=35%, list=23%, signal=27%","Kifc1/Rasgrp1/Nde1/Borcs5/Sybu/Ap3d1/Bicdl1/Kif13a/Kif1b/Map2/Bloc1s4/Kif28/Madd/Ap3s2"
"GO:0008544","GO:0008544","epidermis development",196,0.230577062685435,1.14757551469548,0.159139784946237,0.380879580084595,0.306714909375053,2424,"tags=28%, list=24%, signal=22%","Bcl11b/Kcnq1/Ush2a/Bcl2/Ncor2/Egfr/Ppp3ca/Ext1/Igf1r/Klf7/Tfdp1/Pou3f2/Kazn/St14/Krt90/Pum2/Atp2b2/Cux1/Met/Abca12/Igfbp5/Ezh2/Lats1/Ush1c/Palld/Barx2/Whrn/Trps1/Smarca4/Ldb1/Lgr4/Bcr/Tgfb2/Ubn1/Kcnma1/Celsr1/Lrp4/Mafb/Gba1/Ldb2/Fermt1/Agpat2/Sox21/Trpv1/Ncor1/Tmem132e/Hey2/Srf/Nfkbiz/Elapor2/Ptch2/Pax6/Myo3a/Clic5/Cers3"
"GO:0042100","GO:0042100","B cell proliferation",43,0.330106288532597,1.23268175622361,0.159274193548387,0.38090039972503,0.306731675026097,2400,"tags=37%, list=23%, signal=29%","Bcl2/Prkcd/Pawr/Rasgrp1/Rc3h1/Cd74/Atad5/Sash3/Ptprc/Ephb2/Vav3/Abl1/Tnfrsf21/Peli1/Nfkbiz/Slc39a10"
"GO:0099149","GO:0099149","regulation of postsynaptic neurotransmitter receptor internalization",33,-0.356605075936945,-1.25327783883727,0.15959595959596,0.381194127049908,0.306968207921378,1651,"tags=30%, list=16%, signal=26%","Arc/Ppp3r1/Synj1/Pacsin1/Ophn1/Usp46/Rala/Pick1/Pip5k1c/Lrp1"
"GO:0048146","GO:0048146","positive regulation of fibroblast proliferation",48,0.319080080492413,1.2273975165754,0.159680638722555,0.381194127049908,0.306968207921378,2624,"tags=38%, list=26%, signal=28%","Egfr/Phip/Pdgfd/Fndc3b/Rnaseh2b/Zmiz1/Pdgfc/Kmt2c/Ptprz1/Cd74/Cdk6/Gas6/Igf1/Abl1/Fntb/Btc/Aqp1/Ddr2"
"GO:0000819","GO:0000819","sister chromatid segregation",157,-0.24377007560563,-1.15756616778753,0.159774436090226,0.381194127049908,0.306968207921378,2333,"tags=31%, list=23%, signal=24%","Cdc27/Ccsap/Rmi2/Tpx2/Chmp5/Anapc1/Nsl1/Psmg2/Rb1/Anapc7/Mybl2/Cdc16/Pcid2/Chmp4b/Spice1/Cep192/Bccip/Kif3b/Chmp2a/Bub3/Ran/Kntc1/Prpf4b/Ska2/Abraxas1/Smarcb1/Ncapg/Cdca8/Smarcd1/Chmp7/Lcmt1/Mzt1/Gen1/Vps4b/Spc25/Dync1li1/Usp44/Chmp2b/Chmp3/Racgap1/Mis12/Chmp1b2/Cltc/Trip13/Anapc4/Smarca5/Chek2/Smarcc2"
"GO:0042073","GO:0042073","intraciliary transport",43,-0.322982682535731,-1.221323279001,0.160079051383399,0.381620397869158,0.307311475511797,2595,"tags=51%, list=25%, signal=38%","Bbs12/Wdr35/Ift25/Ift88/Ift80/Pcm1/Ift43/Ssx2ip/Intu/Cluap1/Ift70b/Ift52/Ift172/Wdr19/Kif3b/Ttc21b/Daw1/Dync2i2/Ift20/Ift122/BC048507/Dync2li1"
"GO:0060760","GO:0060760","positive regulation of response to cytokine stimulus",31,0.359418556955979,1.26702236941461,0.16023166023166,0.381683907627304,0.307362618683373,2051,"tags=35%, list=20%, signal=28%","Irf7/Parp14/Lsm14a/Crebrf/Ube2k/C1qtnf4/Cd74/Ripk1/Ifih1/Prkn/Gas6"
"GO:0030837","GO:0030837","negative regulation of actin filament polymerization",42,0.330405094470424,1.23501135038118,0.160714285714286,0.381821618556423,0.307473514613093,2515,"tags=36%, list=25%, signal=27%","Pecam1/Fhod3/Prkcd/Cracd/Svil/Add3/Kank4/Capza2/Vill/Eps8/Add1/Slit2/Ssh2/Ssh3/Carmil1"
"GO:0001755","GO:0001755","neural crest cell migration",40,0.32858126871084,1.22973774737026,0.160919540229885,0.381821618556423,0.307473514613093,2386,"tags=35%, list=23%, signal=27%","Sema3f/Sema4g/Sema3a/Bmp7/Sox8/Erbb4/Sema6b/Acvr1/Radil/Ankrd11/Efnb1/Sema5a/Pax6/Ret"
"GO:0019218","GO:0019218","regulation of steroid metabolic process",74,0.276146980782559,1.18478438610295,0.160824742268041,0.381821618556423,0.307473514613093,2118,"tags=32%, list=21%, signal=26%","Abcg1/Lmf1/Hsd3b4/Prkg1/Igf1r/Prox1/Srebf2/Thrb/Lpcat3/Nfkb1/Qki/Rora/Bmp6/Nr3c1/Srebf1/Ppargc1a/Rorc/Scap/Kcnma1/Gnai1/Atp1a1/Abca2/Pex2/Igf1"
"GO:0002274","GO:0002274","myeloid leukocyte activation",120,0.246864717110352,1.15606079755161,0.160599571734475,0.381821618556423,0.307473514613093,2020,"tags=25%, list=20%, signal=20%","Cftr/Foxp1/Nmi/Muc5b/Plpp6/Lrfn5/Prkcd/Rasgrp1/Cebpa/Mfhas1/Tmem229b/Rora/Prkce/Plscr1/Ptpn6/Itgb8/Grn/Ifi35/Notch2/Adam9/Myo18a/Rhoh/Bcr/Slc11a1/Mcub/Chga/Cnr1/Slc7a2/Trpv1/Ptpre"
"GO:0042594","GO:0042594","response to starvation",166,-0.23899136645529,-1.14977945800245,0.160516605166052,0.381821618556423,0.307473514613093,2322,"tags=30%, list=23%, signal=23%","Stk26/Cad/Wdr45b/Hspa8/Mcu/Slc7a5/Sesn2/Trim32/Atg5/Lrrk2/Stk24/Szt2/Xbp1/Sar1b/Ulk2/Atg4b/Sstr1/Smdt1/Pak2/Rragc/Eif2ak2/Asns/Wipi2/Map1lc3a/Atxn3/Itfg2/Gnpat/Prkaa2/Tsc2/Ywhaz/Wipi1/Pdk4/Tbc1d7/Cadps2/Gabarapl1/Lars1/Gabarapl2/Lamp2/Mios/Glul/Sesn1/Pik3c2b/Comt/Pick1/Upp1/Eif2b1/Fos/Yme1l1/Higd1a"
"GO:0019827","GO:0019827","stem cell population maintenance",140,0.243560049173917,1.16219264436798,0.161290322580645,0.382401938512797,0.307940834974002,1736,"tags=24%, list=17%, signal=20%","Foxo3/Foxo1/Prox1/Sap130/Wnt7a/Arid1a/Crebbp/Zhx2/Elavl1/Mmp24/Tcf7l2/Jmjd1c/Vps72/Tead1/Bmp7/Med24/Ski/Tet1/Arid4b/Arid4a/Dis3l2/Sox4/Tut4/Bmpr1a/Smarca4/Ldb1/Stag2/Bcl9/Klf10/Cdh2/Trim8/Lrp5/Cnot2"
"GO:0046856","GO:0046856","phosphatidylinositol dephosphorylation",24,-0.387198312248627,-1.25905574121148,0.161793372319688,0.38329469752045,0.308659756419108,1151,"tags=29%, list=11%, signal=26%","Synj1/Inpp4b/Ocrl/Mtmr9/Mtmr10/Mtmr6/Inpp5k"
"GO:0001655","GO:0001655","urogenital system development",44,0.328439295906263,1.24041785125825,0.162,0.383315900065722,0.308676830415961,2267,"tags=36%, list=22%, signal=28%","Igf1r/Tnc/Wdr77/Cdkn1b/Bmp7/Pbx1/Acvr1/Rxra/Ephb3/Sulf1/Ar/Ephb2/Igf1/Cyp7b1/Wnt11/Gli3"
"GO:0048645","GO:0048645","animal organ formation",41,0.328536520889179,1.22484536345296,0.162055335968379,0.383315900065722,0.308676830415961,2407,"tags=37%, list=23%, signal=28%","Robo1/Ext1/Robo2/Bmp7/Eya1/Axin2/Bmpr1a/Lemd2/Sulf1/Ar/Wnt11/Lrp2/Gli3/Rdh10/Rbm20"
"GO:0032365","GO:0032365","intracellular lipid transport",34,-0.352904724900471,-1.25294812124802,0.162698412698413,0.383639058736335,0.308937063800877,1648,"tags=26%, list=16%, signal=22%","Nus1/Tmem41b/Serac1/Tmem97/Arv1/Sgpp1/Tpcn2/Npc1/Scp2"
"GO:1904659","GO:1904659","D-glucose transmembrane transport",77,-0.280783073822929,-1.19817978487965,0.162523900573614,0.383639058736335,0.308937063800877,2342,"tags=34%, list=23%, signal=26%","Appl1/Edn1/Slc27a4/C1qtnf12/Mfn2/Hk2/Sesn2/Oga/Ptpn11/Akt2/Ahi1/Sort1/Akt1/Slc1a2/Ednra/Zdhhc7/Tsc2/Sirt6/Insr/Crebl2/Fabp5/Rps6kb1/Slc5a2/Pid1/Pea15a/Inpp5k"
"GO:0006820","GO:0006820","monoatomic anion transport",104,0.262772537899645,1.19575836627788,0.162689804772234,0.383639058736335,0.308937063800877,2537,"tags=34%, list=25%, signal=26%","Cftr/Kcnq1/Gabra5/Kcne2/Kcnk2/Gabrb3/Glra3/Ano6/Ttyh3/Gabra1/Gabra3/Slc26a7/Gabrg3/Gabrp/Slc4a1/Ano3/Chrm5/Tg/Gabre/Ripk1/Slc4a5/Oca2/Ano2/Glra1/Mtor/Gabra2/Slc4a3/Slc5a6/Clic5/Best3/Slc12a4/Clcn3/Slc4a11/Clcn4/Glra2"
"GO:0008645","GO:0008645","hexose transmembrane transport",79,-0.277964133841156,-1.19229624117529,0.162616822429907,0.383639058736335,0.308937063800877,2342,"tags=33%, list=23%, signal=26%","Appl1/Edn1/Slc27a4/C1qtnf12/Mfn2/Hk2/Sesn2/Oga/Ptpn11/Akt2/Ahi1/Sort1/Akt1/Slc1a2/Ednra/Zdhhc7/Tsc2/Sirt6/Insr/Crebl2/Fabp5/Rps6kb1/Slc5a2/Pid1/Pea15a/Inpp5k"
"GO:0010717","GO:0010717","regulation of epithelial to mesenchymal transition",75,0.274972143136819,1.18198289790079,0.162839248434238,0.383672568239301,0.30896404835112,2272,"tags=31%, list=22%, signal=24%","Epha4/Spred2/Pawr/Epha3/Tcf7l2/Qki/Nkx2-1/Smad3/Ptk2/Bmp7/Ezh2/Ldlrad4/Axin2/Tgfbr3/Dab2ip/Acvr1/Tgfb2/Pofut2/Tiam1/Gsk3b/Mtor/Clasp2/Zfp703"
"GO:0086004","GO:0086004","regulation of cardiac muscle cell contraction",23,0.395874345477943,1.27236003074711,0.162977867203219,0.383700806236018,0.308986787860027,1871,"tags=39%, list=18%, signal=32%","Fgf13/Cacna1h/Cacna1c/Akap9/Ank2/Adora1/Adrb1/Atp1a1/Hcn4"
"GO:0098727","GO:0098727","maintenance of cell number",144,0.242000424699018,1.15914836485038,0.163135593220339,0.383773949889462,0.309045689019897,1736,"tags=24%, list=17%, signal=20%","Foxo3/Foxo1/Prox1/Sap130/Wnt7a/Arid1a/Crebbp/Zhx2/Elavl1/Mmp24/Tcf7l2/Jmjd1c/Vps72/Tead1/Bmp7/Med24/Ski/Tet1/Arid4b/Ezh2/Arid4a/Dis3l2/Sox4/Tut4/Bmpr1a/Smarca4/Ldb1/Stag2/Bcl9/Klf10/Cdh2/Trim8/Lrp5/Cnot2"
"GO:0071300","GO:0071300","cellular response to retinoic acid",33,0.351084774330083,1.24780249035339,0.16370808678501,0.384821957299131,0.309889628980158,2608,"tags=42%, list=25%, signal=32%","Drd2/Tnc/Brinp3/Epha3/Tead1/Brinp1/Yes1/Brinp2/Ptk7/Gsk3b/Add1/Phc1/Ret/Aqp1"
"GO:1902904","GO:1902904","negative regulation of supramolecular fiber organization",117,0.248879821694477,1.15401620157259,0.164179104477612,0.385629989586949,0.310540321647576,2515,"tags=33%, list=25%, signal=25%","Arhgap6/Mid1/Fgf13/Pecam1/Dbn1/Fhod3/Prkcd/Ctnna2/Cracd/Nav3/Svil/Add3/Taok1/Arhgef7/Myoc/Atxn7/Met/Kank4/Ttbk2/Ccdc88c/Hdgfl3/Capza2/Tbcd/Vill/Eps8/Map2/Ppfia1/Mid1ip1/Prkn/Add1/Slit2/Ssh2/Clasp2/Ssh3/Tjp1/Clasp1/Tmeff2/Map1a/Carmil1"
"GO:1901654","GO:1901654","response to ketone",141,0.241061976806453,1.14970134770786,0.165591397849462,0.388645960870543,0.312969024595421,1566,"tags=23%, list=15%, signal=19%","Cftr/Adcy5/Foxo3/Smyd3/Foxo1/Egfr/Tnc/Cacna1b/Slit3/Plcg1/Akap8/Ncoa1/Prkd1/Epha5/Ep300/Tacr1/Nr3c2/Hnrnpd/Prkce/Nr3c1/Maob/Srebf1/Adcy1/Grip1/Pappa/Adcy2/Axin2/Tgfbr3/Trerf1/Card9/Hsf1/Tgfb2"
"GO:0009063","GO:0009063","amino acid catabolic process",67,-0.291091330371172,-1.19437617659492,0.166,0.389002320185615,0.313255993812838,1425,"tags=21%, list=14%, signal=18%","Arg2/Got2/Mccc1/Aadat/Aldh5a1/Acadsb/Hibch/Oat/Dbt/Dld/Nos1/Dlst/Ppat/Aldh6a1"
"GO:0006836","GO:0006836","neurotransmitter transport",162,0.235445882816549,1.14544774477881,0.165957446808511,0.389002320185615,0.313255993812838,1106,"tags=17%, list=11%, signal=16%","Syt10/Drd2/Mctp2/Nrxn3/Grm8/Unc13c/Nlgn1/Wnt7a/Syn3/Htr2c/Kcnh1/Ppfia2/Nrxn1/Cacna1e/Cacna1b/Rab3b/Syt1/Slc32a1/Cask/Slc6a6/Cacna1d/Doc2b/Erc1/Stxbp5l/Adora2a/Rimbp2/Pclo/Rims3"
"GO:0032210","GO:0032210","regulation of telomere maintenance via telomerase",37,-0.338225910538874,-1.22175234065712,0.166324435318275,0.389461390273859,0.313625674015913,2031,"tags=41%, list=20%, signal=33%","Ctnnb1/Mapk15/Tcp1/Cct4/Src/Tnks/Exosc10/Nat10/Ten1/Cct2/Map3k4/Prkcq/Ctc1/Cct8/Ptges3"
"GO:1903556","GO:1903556","negative regulation of tumor necrosis factor superfamily cytokine production",26,-0.377896912024376,-1.25820433707861,0.166666666666667,0.38966049382716,0.313786008230453,1465,"tags=35%, list=14%, signal=30%","Ltf/Arg2/Cactin/Errfi1/Tspo/Rara/Gpr18/Gstp3/Fxr1"
"GO:0034605","GO:0034605","cellular response to heat",40,-0.330176574143613,-1.21032788742845,0.166666666666667,0.38966049382716,0.313786008230453,2558,"tags=40%, list=25%, signal=30%","Hsbp1l1/Cetn1/Hspa8/Ywhae/Sumo1/Trpa1/Pdcd6/Dnajb1/Mapt/Nf1/Bag3/Chordc1/Atxn3/Myof/Hsbp1/Hikeshi"
"GO:0006949","GO:0006949","syncytium formation",36,0.344368991365482,1.24839505618787,0.16798418972332,0.392438006832429,0.316022685370009,2210,"tags=28%, list=22%, signal=22%","Adgrb3/Adamts5/Adgrb1/Dock5/Neo1/Ptgfrn/Adam9/Capn2/Gsk3b/Vash2"
"GO:1902850","GO:1902850","microtubule cytoskeleton organization involved in mitosis",116,-0.255791384057528,-1.16926765171048,0.16888045540797,0.394227873564059,0.3174640301968,2375,"tags=29%, list=23%, signal=23%","Cep126/Ckap5/Ccsap/Hdac3/Spry2/Tpx2/Chmp5/Mybl2/Chmp4b/Spice1/Cep192/Bccip/Kif3b/Chmp2a/Abraxas1/Cdca8/Stmn1/Chmp7/Mzt1/Vps4b/Spc25/Ptpa/Chmp2b/Chmp3/Mcph1/Spry1/Racgap1/Rae1/Chmp1b2/Cltc/Dctn1/Ubxn2b/Arhgef2/Chek2"
"GO:0009261","GO:0009261","ribonucleotide catabolic process",99,0.262954432823783,1.184092302075,0.169164882226981,0.394587831522519,0.317753897331665,1375,"tags=19%, list=13%, signal=17%","Pde7b/Zbtb20/Pde1a/Pde10a/Arnt/Pde8a/Pde7a/Dpyd/Pde9a/Nt5c1a/Ep300/Hdac4/Slc4a1/Ogdh/Mtch2/Pfkl/Enpp1/Ppargc1a/Eno4"
"GO:0007052","GO:0007052","mitotic spindle organization",90,-0.268920575645591,-1.17974968750314,0.170055452865065,0.39636001706242,0.319181003839044,2375,"tags=39%, list=23%, signal=30%","Zfp207/Poldip2/Cep97/Sass6/Aurka/Rab11a/Birc5/Cep126/Ckap5/Ccsap/Tpx2/Chmp5/Mybl2/Chmp4b/Spice1/Cep192/Bccip/Kif3b/Chmp2a/Abraxas1/Cdca8/Stmn1/Chmp7/Mzt1/Vps4b/Spc25/Ptpa/Chmp2b/Chmp3/Racgap1/Rae1/Chmp1b2/Cltc/Dctn1/Chek2"
"GO:0032958","GO:0032958","inositol phosphate biosynthetic process",22,0.401523944302481,1.26491524599213,0.170385395537525,0.396519008048158,0.319309036183995,1297,"tags=32%, list=13%, signal=28%","Prkg1/Plcg1/Itpka/Ip6k2/Ntsr1/Pou1f1/Itpkb"
"GO:2000144","GO:2000144","positive regulation of DNA-templated transcription initiation",55,-0.303417665748189,-1.20506358567828,0.17029702970297,0.396519008048158,0.319309036183995,2998,"tags=42%, list=29%, signal=30%","Taf2/Hnf1a/Bclaf1/Med23/Tbp/Med14/Med8/Med16/Med28/Med13/Taf13/Taf10/Taf12/Med20/Med12/Med9/Psmc6/Med17/Med22/Taf9/Med31/Taf7/Kat8"
"GO:0043407","GO:0043407","negative regulation of MAP kinase activity",36,-0.343049689399549,-1.22889316424013,0.171370967741935,0.398506548164286,0.320909563538237,1446,"tags=28%, list=14%, signal=24%","Dusp19/Nf1/Rgs2/Stk38/Pdcd4/Spry1/Paqr3/Gstp3/Inpp5k/Aida"
"GO:0071480","GO:0071480","cellular response to gamma radiation",22,-0.396410781894882,-1.25205794282028,0.172888015717092,0.40172598744079,0.323502115298854,802,"tags=32%, list=8%, signal=29%","Yap1/Gtf2h5/Zmpste24/Egr1/Rpl26/H2aj/Chek2"
"GO:0009154","GO:0009154","purine ribonucleotide catabolic process",91,0.268482893371865,1.18361986182901,0.173160173160173,0.402050057222471,0.323763082383772,1375,"tags=20%, list=13%, signal=17%","Pde7b/Zbtb20/Pde1a/Pde10a/Arnt/Pde8a/Pde7a/Pde9a/Nt5c1a/Ep300/Hdac4/Slc4a1/Ogdh/Mtch2/Pfkl/Enpp1/Ppargc1a/Eno4"
"GO:0048771","GO:0048771","tissue remodeling",121,0.243310549385553,1.13803946101099,0.173447537473233,0.402408911595633,0.324052060822886,2654,"tags=35%, list=26%, signal=26%","Chd7/Acvr2b/Egfr/Ppp3ca/Ext1/Dock5/Ppargc1b/Nfkb1/Nfatc3/Bmpr2/Tpp1/Ypel4/Tns3/Igfbp5/Ubash3b/Notch2/Enpp1/Adrb2/Tgfbr3/Lgr4/Bcr/Pbrm1/Tgfb2/Lrp5/Fkrp/Rassf2/Ankrd11/Gsk3b/Plekhm1/Igf1/Snx10/Lrp6/Mitf/Fshr/Nox4/Rac2/Prkca/Rock1/Fgfr3/Ddr2/Angpt2/Pth1r"
"GO:1902930","GO:1902930","regulation of alcohol biosynthetic process",44,0.323035765051731,1.22001031715581,0.174,0.403381790359602,0.324835501147666,2807,"tags=45%, list=27%, signal=33%","Abcg1/Prkg1/Srebf2/Lpcat3/Nfkb1/Qki/Bmp6/Srebf1/Ntsr1/Pou1f1/Scap/Gnai1/Pex2/Adcyap1r1/Bmp5/Dkk3/Chlsn/Pth1r/P2ry1/Fdps"
"GO:0032373","GO:0032373","positive regulation of sterol transport",22,-0.395987236275831,-1.25072017987159,0.174852652259332,0.404739141593412,0.325928549665982,232,"tags=14%, list=2%, signal=13%","Abca5/Scp2/Lrp1"
"GO:0032376","GO:0032376","positive regulation of cholesterol transport",22,-0.395987236275831,-1.25072017987159,0.174852652259332,0.404739141593412,0.325928549665982,232,"tags=14%, list=2%, signal=13%","Abca5/Scp2/Lrp1"
"GO:0019730","GO:0019730","antimicrobial humoral response",21,-0.401995035193195,-1.24294077445868,0.17564870259481,0.406271426612424,0.327162468955219,2563,"tags=57%, list=25%, signal=43%","Hmgn2-ps/Gapdh/Acod1/Romo1/Tac1/Cxcl12/Ltf/Rpl39/Rpl30/Cxcl14/Ppp2r3c/Kng1"
"GO:1903321","GO:1903321","negative regulation of protein modification by small protein conjugation or removal",59,-0.297691217526522,-1.19518492195197,0.176015473887814,0.406809218825383,0.327595542552454,3273,"tags=44%, list=32%, signal=30%","Per2/Svbp/Ctnnb1/Sqstm1/Psen1/Dysf/Rpl23/Minar1/Bag5/Spry2/Hdac8/Atg5/Rpl5/Hmg20a/Akt1/Bag2/Gclc/Tspo/Hmg20b/Spopl/Usp44/Ogt/Park7/Vps28/Cry1/Arrb1"
"GO:0007492","GO:0007492","endoderm development",52,-0.310996520691365,-1.21856077032812,0.176237623762376,0.407012195121951,0.327758995411736,1708,"tags=31%, list=17%, signal=26%","Nckap1/Arc/Col5a2/Med12/Mmp2/Angpt1/Fn1/Nr0b1/Inhba/Leo1/Map2k1/Zfp36l1/Dusp5/Hsbp1/Itga5/Itgav"
"GO:0050810","GO:0050810","regulation of steroid biosynthetic process",58,0.294756902898103,1.19840861145927,0.176470588235294,0.407239819004525,0.327942296492093,2118,"tags=31%, list=21%, signal=25%","Abcg1/Hsd3b4/Prkg1/Igf1r/Prox1/Srebf2/Lpcat3/Nfkb1/Qki/Bmp6/Nr3c1/Srebf1/Ppargc1a/Scap/Gnai1/Atp1a1/Pex2/Igf1"
"GO:0044409","GO:0044409","symbiont entry into host",44,-0.316438455669621,-1.20163885791142,0.177290836653386,0.408821335661919,0.329215861061083,2387,"tags=32%, list=23%, signal=25%","Pikfyve/Uvrag/Fuca2/Siva1/Tpcn1/Eps15/Nrp1/Insr/Tpcn2/Ctsb/P4hb/Vps18/Itgav/Npc1"
"GO:0003230","GO:0003230","cardiac atrium development",25,0.381007533240256,1.25622061503165,0.17827868852459,0.410624745900528,0.330668112210327,2155,"tags=40%, list=21%, signal=32%","Prox1/Bmpr2/Ank2/Notch2/Sox4/Acvr1/Tgfb2/Ccm2l/Wnt11/Hey2"
"GO:0051928","GO:0051928","positive regulation of calcium ion transport",78,0.269234586064011,1.1600819369068,0.178343949044586,0.410624745900528,0.330668112210327,1840,"tags=24%, list=18%, signal=20%","Wfs1/Ppp3ca/Itpr1/Cacna1c/Fgf14/Plcg1/Cask/Atp2b2/Cacna1d/Drd1/Cacnb2/Akap5/Ank2/Ntsr1/Adrb2/Cemip/Trpv3/Stac/Adrb1"
"GO:0097178","GO:0097178","ruffle assembly",30,-0.359984106184168,-1.23277082117933,0.179591836734694,0.412669732559143,0.332314900146636,976,"tags=23%, list=10%, signal=21%","Ston1/Cyfip1/Aif1l/Def8/Fam98a/Pfn2/Inpp5k"
"GO:1905818","GO:1905818","regulation of chromosome separation",51,-0.309072027282622,-1.20153035076607,0.179640718562874,0.412669732559143,0.332314900146636,3116,"tags=47%, list=30%, signal=33%","Nsmce2/Mapk15/Dusp1/Zfp207/Csnk2a2/Chfr/Anapc5/Birc5/Psmg2/Rb1/Anapc7/Cdc16/Pcid2/Cep192/Bub3/Kntc1/Prpf4b/Cdca8/Lcmt1/Gen1/Spc25/Dync1li1/Usp44/Trip13"
"GO:0035791","GO:0035791","platelet-derived growth factor receptor-beta signaling pathway",43,0.321446550419276,1.20034459223495,0.179435483870968,0.412669732559143,0.332314900146636,2624,"tags=51%, list=26%, signal=38%","Epha4/Egfr/Igf1r/Ntrk3/Epha3/Ephb1/Epha5/Met/Erbb4/Epha7/Epha6/Hip1/Ros1/Alk/Ephb3/Tyro3/Ephb2/Abl1/Clasp2/Ret/Fgfr3/Ddr2"
"GO:0018108","GO:0018108","peptidyl-tyrosine phosphorylation",161,0.233347186890177,1.13069603805485,0.180645161290323,0.41466275659824,0.333919843597263,2250,"tags=27%, list=22%, signal=22%","Epha4/Pecam1/Hnf4a/Egfr/Igf1r/Prkcd/Zfyve28/Parp14/Pdgfd/Epha3/Aatk/Abi2/Agrn/Fyn/Pdgfc/Adnp/Prkce/Socs1/Ptk2/Traf3ip1/Ptpn6/Bmp6/Ptprz1/Erbb4/Epha7/Dusp22/Yes1/Inpp5f/Hsf1/Acvr1/Cd74/Ros1/Lrp4/Alk/Aplp2/Ptprc/Fbxw7/Ephb2/Igf1/Abl1/Mtor/Rap2c/Ggnbp2/Irf1"
"GO:0001774","GO:0001774","microglial cell activation",24,-0.380710437486308,-1.23795906875875,0.181286549707602,0.415505480797303,0.334598472985287,489,"tags=29%, list=5%, signal=28%","Naglu/Casp1/Lrrk2/Nampt/Csf1r/Hspa4/Calhm2"
"GO:0043547","GO:0043547","positive regulation of GTPase activity",105,0.256458939130267,1.17279299513273,0.181236673773987,0.415505480797303,0.334598472985287,3104,"tags=43%, list=30%, signal=30%","Arhgap6/Arhgap11a/Ntrk3/Arhgap42/Rap1gap/Kalrn/Rasgrp1/Bcar3/Prex1/Dennd1b/Agrn/Arhgef7/Mex3b/Map4k4/Ezh2/Bcr/Sipa1l1/Rapgef6/Rsu1/Tiam1/Dennd1a/Gsk3b/Ralgapa2/Wnt11/Arhgef16/Rgs6/Arhgef10/Rapgef1/Tsc1/Rapgef3/Rab11fip2/Rangap1/Rapgef2/Rgma/Evi5/Lims1/Grhl3/Sgsm2/Pkp4/Als2/Evi5l/Srgap2/Ralbp1/Rtn4r/Mtss2"
"GO:0043543","GO:0043543","protein acylation",70,-0.28543162657767,-1.19601933735286,0.181644359464627,0.416010891290869,0.33500547021443,2698,"tags=33%, list=26%, signal=24%","Hhat/Kif3a/Esco1/Sirt3/Zdhhc22/Ddx3x/Xbp1/Dip2b/Bmal1/Nat10/Hhatl/Nmt2/Gtf2b/Ppm1a/Zdhhc7/Prkaa2/Esco2/Bloc1s1/Park7/Glul/Nmt1/Naa20/Golga7"
"GO:0032602","GO:0032602","chemokine production",43,-0.31583162957957,-1.19428236344429,0.181818181818182,0.416094479538588,0.335072782202692,1767,"tags=26%, list=17%, signal=21%","Tusc2/Eif2ak2/Arg2/Adora2b/Egr1/Slc37a4/Ticam1/Csf1r/Il17ra/Gstp3/Lrp1"
"GO:0061036","GO:0061036","positive regulation of cartilage development",22,0.391540922307792,1.23346587192281,0.182555780933063,0.417152350095913,0.335924664763705,1159,"tags=32%, list=11%, signal=28%","Thrb/Bmpr2/Smad3/Smad1/Sox6/Bmp6/Zbtb16"
"GO:0009123","GO:0009123","nucleoside monophosphate metabolic process",54,-0.301887258677745,-1.19180891677433,0.182539682539683,0.417152350095913,0.335924664763705,1532,"tags=28%, list=15%, signal=24%","Hprt1/Uckl1/Atic/Umps/Aprt/Gmps/Uox/Uck1/Taf9/Ampd3/Ppat/Tk2/Upp1/Ak7/Tymp"
"GO:0032615","GO:0032615","interleukin-12 production",23,0.387226902346477,1.24456671416997,0.183098591549296,0.417314313821938,0.336055090998524,1662,"tags=26%, list=16%, signal=22%","Foxp1/Prkcd/Plcb1/Nfkb1/Irf8/Rel"
"GO:0048259","GO:0048259","regulation of receptor-mediated endocytosis",99,-0.263989939344948,-1.16938920020156,0.183177570093458,0.417314313821938,0.336055090998524,1872,"tags=25%, list=18%, signal=21%","Dnajc6/Dtnbp1/Ahi1/Arc/Ap2m1/Ppp3r1/Rabgef1/Angpt1/Synj1/Lrrtm2/Pacsin1/Ophn1/Usp46/Rala/Arf1/Insr/Ccdc32/Pick1/Napb/Arrb1/Ppt1/Itgav/Pip5k1c/Rab21/Lrp1"
"GO:0072523","GO:0072523","purine-containing compound catabolic process",107,0.255083131781365,1.16744878474288,0.182978723404255,0.417314313821938,0.336055090998524,1375,"tags=19%, list=13%, signal=16%","Pde7b/Zbtb20/Pde1a/Pde10a/Arnt/Pde8a/Pde7a/Dpyd/Pde9a/Samhd1/Nt5c1a/Ep300/Hdac4/Slc4a1/Ogdh/Mtch2/Pfkl/Enpp1/Ppargc1a/Eno4"
"GO:0008406","GO:0008406","gonad development",150,-0.241419243576975,-1.13785861868458,0.183018867924528,0.417314313821938,0.336055090998524,1375,"tags=21%, list=13%, signal=18%","Nup107/Eif2b5/Msh2/Mmp2/Sod1/Adgrg1/Angpt1/Lhcgr/Hmgb2/Nr0b1/Inhba/Lsm14b/Eif2s2/Rara/Ctnna1/Zfp830/Rec8/Eif2b2/Nudt1/Insr/Plekha1/Bok/Brca2/Tnfsf10/Arrb1/Pdgfra/Rrm1/Kit/Itgav/Nhlh2/Kdr"
"GO:0016064","GO:0016064","immunoglobulin mediated immune response",59,0.292410708293326,1.19377220012213,0.183505154639175,0.4177465203281,0.336403138482034,1941,"tags=27%, list=19%, signal=22%","Irf7/Prkcd/C8b/Serping1/Ptpn6/Shld2/Fcrlb/Enpp1/Card9/Cd74/Kmt5b/Atad5/Susd4/Ptprc/Pms2/Sanbr"
"GO:0042554","GO:0042554","superoxide anion generation",22,0.390898400724227,1.23144174519646,0.184584178498986,0.419196795120499,0.337571016532679,861,"tags=23%, list=8%, signal=21%","Egfr/Nox3/Prkcd/Elavl1/Sh3pxd2b"
"GO:0045600","GO:0045600","positive regulation of fat cell differentiation",52,0.306542521739709,1.20587073970513,0.185110663983903,0.419196795120499,0.337571016532679,2472,"tags=35%, list=24%, signal=26%","Asxl2/Klf5/Htr2c/Fndc3b/Cebpa/Sox13/Sh3pxd2b/Bmp7/Zbtb16/Lmo3/Axin2/Ccdc3/Lrp5/Hnrnpu/Igf1/Fndc5/Wdfy2/Stk3"
"GO:0014009","GO:0014009","glial cell proliferation",55,0.299998413407576,1.19951148656707,0.185110663983903,0.419196795120499,0.337571016532679,2275,"tags=31%, list=22%, signal=24%","Egfr/Atxn1/Vegfc/Sox11/Cntnap2/Ntn1/Penk/Epm2a/Ptk2/Ski/Idh2/Sox4/Nfia/Gba1/Igf1/Mtor/Pmp22"
"GO:0007405","GO:0007405","neuroblast proliferation",65,0.283243880498273,1.18336811818754,0.184959349593496,0.419196795120499,0.337571016532679,546,"tags=12%, list=5%, signal=12%","Drd2/Fgf13/Six3/Prox1/Vegfc/Plxnb2/Tafa1/Nde1"
"GO:0008033","GO:0008033","tRNA processing",101,-0.26256344445683,-1.16346381578508,0.184761904761905,0.419196795120499,0.337571016532679,1296,"tags=17%, list=13%, signal=15%","Ankrd16/Nsun2/Tprkb/Grsf1/Rpp30/Rpp25/Trmt44/Lsm6/Rtraf/Dus1l/Ddx1/Pop4/Lcmt2/Rtcb/Trmu/Thg1l/Trmt13"
"GO:0044703","GO:0044703","multi-organism reproductive process",123,-0.250556248190375,-1.15197799300835,0.184357541899441,0.419196795120499,0.337571016532679,1793,"tags=27%, list=17%, signal=22%","Rsph3b/Bmal1/Akt1/Rsph1/Ints1/Umps/Prdx3/Ago2/Kpna6/Mmp2/Sod1/Stc2/Adra2a/Cd38/Errfi1/Rgs2/Exoc1/Ube2a/Ppard/Arhgdib/Rara/Itga3/Slc6a4/Dcaf13/Comt/Lamb1/Ctsb/Rxfp1/Acvr1b/Fos/Itga5/Prl5a1/Rsph14"
"GO:0048762","GO:0048762","mesenchymal cell differentiation",175,0.229647955807376,1.12239192432594,0.184549356223176,0.419196795120499,0.337571016532679,2420,"tags=28%, list=24%, signal=22%","Sema3f/Epha4/Bcl2/Spred2/Ext1/Sema4g/Pawr/Epha3/Ddx17/Sema3a/Tcf7l2/Qki/Nkx2-1/Smad3/Ptk2/Bmp7/Sox8/Chrd/Erbb4/Ezh2/Ldlrad4/Axin2/Tgfbr3/Bmpr1a/Sema6b/Dab2ip/Acvr1/Tgfb2/Cdh2/Pofut2/Radil/Pef1/Tiam1/Ankrd11/Gsk3b/Nfatc1/Efnb1/Wnt11/Hey2/Mtor/Clasp2/Lrp6/Sema5a/Zfp703/Pax6/Ret/Rdh10/Slc39a10/Clasp1"
"GO:1903115","GO:1903115","regulation of actin filament-based movement",28,0.369170876969883,1.25409428290534,0.186612576064909,0.420225654078661,0.338399536617799,1871,"tags=36%, list=18%, signal=29%","Fgf13/Cacna1h/Dbn1/Cacna1c/Akap9/Ank2/Adora1/Adrb1/Atp1a1/Hcn4"
"GO:0042267","GO:0042267","natural killer cell mediated cytotoxicity",25,0.378504733302491,1.24796862890848,0.186475409836066,0.420225654078661,0.338399536617799,381,"tags=16%, list=4%, signal=15%","Tap1/Cadm1/Tap2/Rasgrp1"
"GO:0060337","GO:0060337","type I interferon-mediated signaling pathway",35,0.336776005718478,1.21030152666003,0.186746987951807,0.420225654078661,0.338399536617799,2128,"tags=31%, list=21%, signal=25%","Irf7/Stat2/Samhd1/Adar/Lsm14a/Hdac4/Ube2k/Gigyf2/Ifih1/Ythdf3/Eif4e2"
"GO:0071357","GO:0071357","cellular response to type I interferon",35,0.336776005718478,1.21030152666003,0.186746987951807,0.420225654078661,0.338399536617799,2128,"tags=31%, list=21%, signal=25%","Irf7/Stat2/Samhd1/Adar/Lsm14a/Hdac4/Ube2k/Gigyf2/Ifih1/Ythdf3/Eif4e2"
"GO:0043299","GO:0043299","leukocyte degranulation",38,-0.329883237500156,-1.19869565562173,0.186475409836066,0.420225654078661,0.338399536617799,1235,"tags=21%, list=12%, signal=19%","Rabgef1/Adora2b/Snap23/Ywhaz/Milr1/Clnk/Snx4/Kit"
"GO:0097009","GO:0097009","energy homeostasis",57,0.293763050136316,1.18011150278864,0.18595041322314,0.420225654078661,0.338399536617799,2003,"tags=30%, list=20%, signal=24%","Cntn2/Ampd2/Tsku/Cntnap2/Ppargc1b/Rasal2/Cebpa/Crtc1/Slc35d3/Enpp1/Ppargc1a/Adrb2/Mfsd2a/C1qtnf4/Alk/Adrb1/Trpv1"
"GO:0015749","GO:0015749","monosaccharide transmembrane transport",80,-0.27060600136536,-1.16347996009254,0.186567164179104,0.420225654078661,0.338399536617799,2342,"tags=32%, list=23%, signal=25%","Appl1/Edn1/Slc27a4/C1qtnf12/Mfn2/Hk2/Sesn2/Oga/Ptpn11/Akt2/Ahi1/Sort1/Akt1/Slc1a2/Ednra/Zdhhc7/Tsc2/Sirt6/Insr/Crebl2/Fabp5/Rps6kb1/Slc5a2/Pid1/Pea15a/Inpp5k"
"GO:0009166","GO:0009166","nucleotide catabolic process",109,0.252987254552766,1.1620011493959,0.186295503211991,0.420225654078661,0.338399536617799,1375,"tags=18%, list=13%, signal=16%","Pde7b/Zbtb20/Pde1a/Pde10a/Arnt/Pde8a/Pde7a/Dpyd/Pde9a/Samhd1/Nt5c1a/Ep300/Hdac4/Slc4a1/Ogdh/Mtch2/Pfkl/Enpp1/Ppargc1a/Eno4"
"GO:0031099","GO:0031099","regeneration",134,0.239690564578262,1.13540358455363,0.186813186813187,0.420225654078661,0.338399536617799,1528,"tags=22%, list=15%, signal=19%","Epha4/Bcl2/Egfr/Igf1r/Ntrk3/Wnt7a/Tnc/Klf5/Itpr1/Ptprf/mt-Cytb/Ptprs/Pum2/Cdkn1b/Neo1/Matn2/Ninj1/Map4k4/Dmd/Chl1/Ptgfrn/Grn/Erbb4/Ezh2/Enpp1/Large1/Bdnf/Inpp5f/Bcl9"
"GO:0021515","GO:0021515","cell differentiation in spinal cord",23,0.385263797934748,1.23825719798586,0.187122736418511,0.420609711682558,0.338708810727869,2485,"tags=39%, list=24%, signal=30%","Lmo4/Sox13/Sox6/Sox1/Gigyf2/Gdpd5/Gli3/Scyl1/Sufu"
"GO:0051016","GO:0051016","barbed-end actin filament capping",21,0.400265202005411,1.24973651720246,0.187624750499002,0.420820714025305,0.338878726805857,2032,"tags=33%, list=20%, signal=27%","Cracd/Svil/Add3/Capza2/Vill/Eps8/Add1"
"GO:0045672","GO:0045672","positive regulation of osteoclast differentiation",21,0.398127463195448,1.24306191685832,0.187624750499002,0.420820714025305,0.338878726805857,1539,"tags=38%, list=15%, signal=32%","Asxl2/Ppp3ca/Ppargc1b/Ninj1/Eeig1/Notch2/Gpr68/Klf10"
"GO:0043271","GO:0043271","negative regulation of monoatomic ion transport",88,0.264462406313688,1.16257201184168,0.187633262260128,0.420820714025305,0.338878726805857,2647,"tags=32%, list=26%, signal=24%","Kcnq1/Drd2/Bcl2/Kcne2/Ppp3ca/Pawr/Agrn/Ank3/Wnk2/Akap5/Prkce/Maob/Cbarp/Ntsr1/Pik3c2a/Tgfb2/Mcub/Cnr1/Usp2/Crhr2/Ephb2/Mtor/Tmbim6/Best3/Fmr1/Wnk1/Rem1/Nedd4"
"GO:0050881","GO:0050881","musculoskeletal movement",31,0.345798600657415,1.21900929672609,0.189189189189189,0.423996481688789,0.34143611066688,2573,"tags=52%, list=25%, signal=39%","Vti1a/Itpr1/Hipk2/Prkd1/Slc8a3/Dmd/Gigyf2/Adrb2/Stac/Parp1/Mtor/Tshz3/Tnnc1/Map1a/Rem1/Atp8a2"
"GO:1904358","GO:1904358","positive regulation of telomere maintenance via telomere lengthening",30,-0.357336436984529,-1.22370383939491,0.189795918367347,0.425041857097606,0.342277931128105,3174,"tags=40%, list=31%, signal=28%","Ctnnb1/Mapk15/Tcp1/Cct4/Naf1/Tnks/Cct2/Map3k4/Prkcq/Cct8/Ptges3/Hnrnpa2b1"
"GO:0019080","GO:0019080","viral gene expression",54,-0.300401190071496,-1.18594212456978,0.19047619047619,0.426163704891867,0.343181333312262,2686,"tags=56%, list=26%, signal=41%","Ccnt2/Tarbp2/Trim27/Rest/Eif3f/Notch1/Spcs1/Eif3a/Zfp639/Oaz1/Eif3d/Ssb/Spcs3/Ubp1/Trim32/Atg5/Tfap4/Eif3g/Oaz2/Trim13/Ccnt1/Denr/Gtf2b/Smarcb1/Csde1/Cdk9/Mcts1/Pcbp2/Inpp5k/Usf1"
"GO:0050920","GO:0050920","regulation of chemotaxis",120,0.241824384680412,1.13245705702081,0.190578158458244,0.426163704891867,0.343181333312262,1020,"tags=16%, list=10%, signal=14%","Sema3f/Robo1/Smoc2/Dscam/Ntrk3/Vegfc/Plxna4/Ano6/Pdgfd/Sema3a/Hspb1/Prkd1/Agrn/Bmpr2/Met/Robo2/Smad3/Ninj1/Ptk2"
"GO:0006734","GO:0006734","NADH metabolic process",29,-0.361085350774191,-1.23362075585392,0.192,0.42779962830099,0.344498710579015,2819,"tags=38%, list=27%, signal=28%","Mdh1/Eno1/Eno2/Gapdh/Got1/Gpi1/Got2/Slc25a13/Dlst/Slc25a22/Pkm"
"GO:0000154","GO:0000154","rRNA modification",26,-0.368661692122405,-1.22745575627575,0.192156862745098,0.42779962830099,0.344498710579015,2934,"tags=38%, list=29%, signal=28%","Nop2/Gar1/Mrm3/Mrm2/Naf1/Zcchc4/Rpusd2/Mettl5/Nat10/Bud23"
"GO:0032366","GO:0032366","intracellular sterol transport",26,-0.36861359029351,-1.22729560167323,0.192156862745098,0.42779962830099,0.344498710579015,1648,"tags=27%, list=16%, signal=23%","Nus1/Serac1/Tmem97/Arv1/Tpcn2/Npc1/Scp2"
"GO:0014743","GO:0014743","regulation of muscle hypertrophy",57,0.292250389795025,1.17403480979494,0.192148760330579,0.42779962830099,0.344498710579015,1342,"tags=23%, list=13%, signal=20%","Foxp1/Foxo1/Ppp3ca/Pde9a/Adk/Nfatc3/Ep300/Smad3/Ptk2/Igfbp5/Ctdp1/Nr3c1/Atp2b4"
"GO:0050851","GO:0050851","antigen receptor-mediated signaling pathway",81,0.266634987118766,1.15652272045273,0.191983122362869,0.42779962830099,0.344498710579015,2992,"tags=44%, list=29%, signal=32%","Foxp1/Bcl2/Pawr/Eif2b3/Rc3h1/Plcg1/Dennd1b/Nfkb1/Pde4b/Phpt1/Fyn/Cd276/Ptpn6/Sppl3/Fcho1/Dusp22/Cd247/Dgkz/Ptprc/Rnf31/Grb2/Vav3/Abl1/Tnfrsf21/Nfkbiz/Slc39a10/Cacnb4/Wnk1/Btrc/Khdrbs1/Prnp/Ptprj/Lipa/Plcl2/Braf/Cblb"
"GO:0002573","GO:0002573","myeloid leukocyte differentiation",153,0.233986546155344,1.1242591537538,0.191897654584222,0.42779962830099,0.344498710579015,2306,"tags=29%, list=22%, signal=23%","Calcr/Foxp1/Asxl2/Ppp3ca/Eif2ak1/Ppargc1b/Plcb1/Gab3/Gpc3/Cebpa/Qki/Ninj1/Socs1/Sp3/Eeig1/Nr3c1/Itgb8/Ubash3b/Lrrc17/Notch2/Gpr68/Fam20c/Enpp1/Large1/Hsf1/Klf10/Cd74/Ripk1/Pde1b/Cdk6/Chuk/Mafb/Gba1/Rassf2/Fbxw7/Gsk3b/Nfatc1/Jagn1/Epsti1/Mtor/Snx10/Cul4a/Mitf/Fshr"
"GO:1901889","GO:1901889","negative regulation of cell junction assembly",27,0.370739318231955,1.2429913912203,0.193089430894309,0.429236134640324,0.345655501162505,2805,"tags=48%, list=27%, signal=35%","Robo1/Arhgap6/Clstn3/Ptk2/Ptpn13/Epha7/Dusp22/Itgb1bp1/Gsk3b/Clasp2/Slit1/Rock1/Dlc1"
"GO:0048679","GO:0048679","regulation of axon regeneration",29,0.358872300062148,1.22679751796318,0.193227091633466,0.429236134640324,0.345655501162505,1663,"tags=34%, list=16%, signal=29%","Epha4/Igf1r/Ntrk3/Ptprf/Ptprs/Pum2/Neo1/Grn/Inpp5f/Tnr"
"GO:0046467","GO:0046467","membrane lipid biosynthetic process",94,0.260857421553731,1.15964159273917,0.193058568329718,0.429236134640324,0.345655501162505,1994,"tags=29%, list=19%, signal=23%","Smpd3/Prkcd/B3galt1/St8sia2/St6galnac6/St6galnac3/Sptlc3/Fut9/Pemt/St3gal4/Pla2g6/Pigs/Smpd1/Cerkl/Pigc/Cers6/St3gal1/St8sia6/St6galnac4/Gba1/Sptlc2/Sgms1/St3gal3/Pigyl/Abca2/Elovl2/B4galt4"
"GO:0008361","GO:0008361","regulation of cell size",149,0.238482869988266,1.13854365448749,0.193965517241379,0.430560818491853,0.346722243273967,2846,"tags=41%, list=28%, signal=30%","Cdh4/Sema3f/Fgf13/Dscam/Dbn1/Ntrk3/Plxna4/Ano6/Cdkl5/Ntn1/Sema3a/Ptprs/Prkd1/Pum2/Atp2b2/Bcl11a/Ep300/Bmpr2/Adnp/Trpc5/Akt3/Epha7/Bdnf/Abcb8/Kcnma1/Map3k7/Tnr/Rb1cc1/Map2/Ist1/Gsk3b/Vav2/Add1/Slit2/Deptor/Vav3/Srf/Abl1/Mtor/Islr2/Clasp2/Sema5a/Ulk1/Fshr/Map3k13/Ret/Slc12a4/Clcn3/Slit1/Wnk1/Tsc1/Arhgap32/Macf1/Rapgef3/Aqp1/Ryk/Arhgap5/Rgma/Anapc2/Ahr/Golga4"
"GO:0007212","GO:0007212","G protein-coupled dopamine receptor signaling pathway",24,0.383127571670381,1.24269200092448,0.194274028629857,0.430929946375158,0.347019494770755,1687,"tags=29%, list=16%, signal=24%","Adcy5/Drd2/Gnal/Drd1/Drd5/Rgs9/Alk"
"GO:0002708","GO:0002708","positive regulation of lymphocyte mediated immunity",47,0.312872673760081,1.19631241667306,0.194444444444444,0.430992440868081,0.347069820369016,1911,"tags=28%, list=19%, signal=23%","Cadm1/B2m/Tap2/Rasgrp1/Dennd1b/Shld2/Fbxo38/Kmt5b/Atad5/Map3k7/Sash3/Ptprc/Pms2"
"GO:0061050","GO:0061050","regulation of cell growth involved in cardiac muscle cell development",22,0.383616688233892,1.20850226854344,0.1947261663286,0.431103522930289,0.347159272590728,3047,"tags=55%, list=30%, signal=38%","Foxp1/Ep300/Ctdp1/Nr3c1/Col14a1/Adrb1/Igf1/Mtor/Akap6/Fdps/Dyrk1a/Ppara"
"GO:0031111","GO:0031111","negative regulation of microtubule polymerization or depolymerization",35,0.333858599375823,1.19981698711313,0.194779116465863,0.431103522930289,0.347159272590728,1890,"tags=34%, list=18%, signal=28%","Mid1/Fgf13/Nav3/Taok1/Arhgef7/Atxn7/Ttbk2/Ccdc88c/Hdgfl3/Tbcd/Map2/Mid1ip1"
"GO:0070665","GO:0070665","positive regulation of leukocyte proliferation",67,0.279929517711443,1.17886849081289,0.195219123505976,0.43176200308256,0.347689533835461,2497,"tags=31%, list=24%, signal=24%","Bcl2/Igfbp2/Nck2/Ppp3ca/Adk/Tacr1/Ptk2/Cd276/Slc4a1/Cd74/Atad5/Sash3/Ptprc/Gsk3b/Ephb2/Efnb1/Igf1/Vav3/Peli1/Slc39a10/Rac2"
"GO:0045332","GO:0045332","phospholipid translocation",36,0.333394497820266,1.20861068584811,0.195652173913043,0.432404148035392,0.348206640662163,2166,"tags=36%, list=21%, signal=29%","Xkr6/Atp9a/Ano6/Xkr4/Tmem30c/Trpc5/Plscr1/Slc4a1/Ano3/Mfsd2a/Atp10b/Xkr8/Atp9b"
"GO:0061035","GO:0061035","regulation of cartilage development",47,0.312604571275944,1.19528728933657,0.196428571428571,0.433803623490212,0.349333610995419,1887,"tags=32%, list=18%, signal=26%","Smpd3/Thrb/Bmpr2/Smad3/Smad1/Sox6/Bmp6/Zbtb16/Wnt9a/Axin2/Trps1/Maf/Tgfb2/Rarb/Mkx"
"GO:0045933","GO:0045933","positive regulation of muscle contraction",33,0.341286811142622,1.21297921187589,0.19723865877712,0.434958614333824,0.350263702631858,1030,"tags=27%, list=10%, signal=25%","Ghrl/Kcnq1/Chrm3/Pawr/Cacna1c/Tacr1/Cacnb2/Prok2/Adra2b"
"GO:0030071","GO:0030071","regulation of mitotic metaphase/anaphase transition",62,-0.286595726106586,-1.16794094395421,0.19723865877712,0.434958614333824,0.350263702631858,2060,"tags=32%, list=20%, signal=26%","Psmg2/Rb1/Anapc7/Cdc16/Pcid2/Cep192/Bub3/Kntc1/Prpf4b/Smarcb1/Cdca8/Smarcd1/Lcmt1/Gen1/Spc25/Dync1li1/Usp44/Trip13/Anapc4/Smarcc2"
"GO:0032715","GO:0032715","negative regulation of interleukin-6 production",20,-0.400227417126517,-1.22397617933197,0.198039215686275,0.436131180853466,0.351207947617972,2229,"tags=40%, list=22%, signal=31%","Bank1/Hgf/Aqp4/Rabgef1/Foxj1/Tnfrsf1a/Arrb1/Prg4"
"GO:0071320","GO:0071320","cellular response to cAMP",37,0.328483288243582,1.1972824446981,0.198058252427184,0.436131180853466,0.351207947617972,2817,"tags=46%, list=27%, signal=33%","Cftr/Kcnq1/Itpr1/Penk/Akap9/Slc8a3/Crtc1/Igfbp5/Slc8a1/Akap7/Hcn4/Rapgef1/Akap6/Rapgef3/Aqp1/Rapgef2/Ahr"
"GO:0007173","GO:0007173","epidermal growth factor receptor signaling pathway",109,0.248904112294581,1.14324678168854,0.199143468950749,0.438202404445004,0.352875863645482,2176,"tags=28%, list=21%, signal=22%","Epha4/Nrg2/Egfr/Igf1r/Ntrk3/Zfyve28/Ptprf/Epha3/Plcg1/Ephb1/Bcar3/Epha5/Met/Ccdc88a/Ptk2/Erbb4/Epha7/Epha6/Hip1/Dab2ip/Ros1/Alk/Garem1/Ephb3/Tyro3/Dgkd/Grb2/Ephb2/Abl1/Rhbdf1"
"GO:1905476","GO:1905476","negative regulation of protein localization to membrane",29,-0.3577416734422,-1.22219733546652,0.2,0.439130434782609,0.353623188405797,1809,"tags=28%, list=18%, signal=23%","Ppp2r5a/Mrap2/Ap2m1/Ngdn/Ogt/Cltc/Pid1/Inpp5k"
"GO:0019724","GO:0019724","B cell mediated immunity",60,0.287603081860095,1.17682416277785,0.2,0.439130434782609,0.353623188405797,1941,"tags=27%, list=19%, signal=22%","Irf7/Prkcd/C8b/Serping1/Ptpn6/Shld2/Fcrlb/Enpp1/Card9/Cd74/Kmt5b/Atad5/Susd4/Ptprc/Pms2/Sanbr"
"GO:0030010","GO:0030010","establishment of cell polarity",123,0.241549743226373,1.13169742628079,0.2,0.439130434782609,0.353623188405797,2446,"tags=31%, list=24%, signal=24%","Fgf13/Igf1r/Kcnq2/Wnt7a/Rhoq/Pard3/Pard3b/Myo9a/Nde1/Ust/Frmd4a/Coro7/Ephb1/Lama1/Amotl1/Kif26b/Exoc4/Arf6/Gpsm1/Ccdc85c/Brsk2/Pkd1/Myo18a/Ankfn1/Flot2/Map2/Ndc80/Fermt1/Ptk7/Gsk3b/Pkhd1/Fat1/Abl1/Clasp2/Patj/Pax6/Clasp1/Spdl1"
"GO:0045670","GO:0045670","regulation of osteoclast differentiation",42,0.318887374715427,1.19195960915204,0.200396825396825,0.439364964509682,0.353812050628259,2402,"tags=43%, list=23%, signal=33%","Asxl2/Ppp3ca/Ppargc1b/Ninj1/Eeig1/Ubash3b/Lrrc17/Notch2/Gpr68/Klf10/Mafb/Rassf2/Fbxw7/Gsk3b/Mtor/Mitf/Fshr/Tob2"
"GO:0070059","GO:0070059","intrinsic apoptotic signaling pathway in response to endoplasmic reticulum stress",42,0.318872670909144,1.19190464823298,0.200396825396825,0.439364964509682,0.353812050628259,3271,"tags=48%, list=32%, signal=33%","Wfs1/Bcl2/Nck2/Itpr1/Tmem117/Ube2k/Brsk2/Dab2ip/Hyou1/Gsk3b/Prkn/Eif2ak3/Tmbim6/Apaf1/Creb3l1/Dnajc10/App/Map3k5/Atf4/Ptpn1"
"GO:0051235","GO:0051235","maintenance of location",144,0.236148014376859,1.13111613365161,0.201271186440678,0.440962903047906,0.355098839418116,1210,"tags=17%, list=12%, signal=16%","Plcl1/Chd7/Drd2/Dbn1/Pex5l/Itpr1/Htr2c/Cacna1c/Plcb1/Plcg1/Akap9/Prkd1/Ank3/Drd1/Ccdc88a/Dmd/Prkce/Ptpn6/Ank2/Ubash3b/Taf3/Jph3/Chrd/Ntsr1/Ankrd13c"
"GO:0070085","GO:0070085","glycosylation",177,0.227656113783845,1.11354508508813,0.201716738197425,0.441619737527599,0.355627775434766,1994,"tags=24%, list=19%, signal=20%","Lmf1/Galnt9/Ext1/B3glct/B3galt1/St8sia2/St6galnac6/St6galnac3/Fut9/Ramp1/Mgat4c/Tet2/St3gal4/Galnt14/Mgat5b/B3galt5/Pomk/Galnt13/St8sia1/Galnt16/Crppa/Grm7/Tet1/Tmtc2/Mogs/Large1/Dhdds/St3gal1/Tmem260/Galnt7/St8sia6/Tmtc1/Fut8/St6galnac4/Pofut2/Fkrp/Gxylt1/Gba1/Man1a2/St3gal3/Galnt2/Abca2/B4galt4"
"GO:1900242","GO:1900242","regulation of synaptic vesicle endocytosis",28,-0.361082146496486,-1.2223778845693,0.202357563850688,0.442702829218472,0.356499968083522,3050,"tags=54%, list=30%, signal=38%","Snx9/Ppp3cb/Dnm1l/Abca13/Snap91/Sh3gl1/Rac1/Lrrk2/Ap2m1/Dnm1/Arpc3/Tor1a/Ophn1/Park7/Pip5k1c"
"GO:0045815","GO:0045815","transcription initiation-coupled chromatin remodeling",35,0.329983758452774,1.18589163077806,0.20281124497992,0.443055567620156,0.356784021449895,1476,"tags=37%, list=14%, signal=32%","Phf2/Lcor/Tet2/Kdm2a/Ep300/Vps72/Nr3c1/Usp21/Rbm14/Tet1/Atad2b/Smarca4/Kmt2a"
"GO:1904063","GO:1904063","negative regulation of cation transmembrane transport",54,0.297649593457629,1.18191269671665,0.20281124497992,0.443055567620156,0.356784021449895,1566,"tags=22%, list=15%, signal=19%","Kcnq1/Drd2/Bcl2/Kcne2/Ppp3ca/Agrn/Ank3/Prkce/Cbarp/Ntsr1/Pik3c2a/Tgfb2"
"GO:0006664","GO:0006664","glycolipid metabolic process",67,0.278628656404368,1.17339016748935,0.203187250996016,0.443557183370265,0.357187962846022,1994,"tags=33%, list=19%, signal=27%","Prkcd/B3galt1/St8sia2/St6galnac6/St6galnac3/Fut9/St3gal4/Galc/Pigs/Itgb8/Pigc/St3gal1/St8sia6/St6galnac4/Hexa/Map7/Gba1/Glb1/St3gal3/Pigyl/Abca2/B4galt4"
"GO:0051385","GO:0051385","response to mineralocorticoid",29,-0.355798132400147,-1.2155573746811,0.204,0.444370956146657,0.35784327821711,1426,"tags=38%, list=14%, signal=33%","Edn1/Hdac8/Src/Asns/Scnn1b/Inhba/Rpl27/Comt/Sgk1/Fos/Scnn1a"
"GO:0031646","GO:0031646","positive regulation of nervous system process",37,0.327513158229983,1.19374643639592,0.203883495145631,0.444370956146657,0.35784327821711,1814,"tags=30%, list=18%, signal=25%","Tenm4/Srebf2/Pawr/Cntnap2/Pard3/Qki/Grin2b/Ntsr1/Mtnr1b/Tnr/Gba1"
"GO:0045773","GO:0045773","positive regulation of axon extension",44,0.310723938692767,1.17351219897202,0.204,0.444370956146657,0.35784327821711,945,"tags=23%, list=9%, signal=21%","Cdh4/Dscam/Dbn1/Ntrk3/Cdkl5/Ntn1/Ep300/Bmpr2/Adnp/Trpc5"
"GO:0046839","GO:0046839","phospholipid dephosphorylation",35,-0.335680911643194,-1.19806099245343,0.204365079365079,0.444735627153292,0.358136940677898,1151,"tags=26%, list=11%, signal=23%","Synj1/Inpp4b/Ocrl/Plpp2/Mtmr9/Mtmr10/Sgpp1/Mtmr6/Inpp5k"
"GO:0006892","GO:0006892","post-Golgi vesicle-mediated transport",86,-0.264322778867581,-1.15669291166195,0.204460966542751,0.444735627153292,0.358136940677898,1251,"tags=27%, list=12%, signal=24%","Nsf/Vamp3/Slc30a6/Myo5a/Myo1b/Sorl1/Arfrp1/Sort1/Eps15/Steap2/Exoc1/Wipi1/Blzf1/Sec16a/Vps29/Gga2/Rbsn/Chic2/Rab14/Ankfy1/Ap1ar/Golga7/Gga3"
"GO:0002712","GO:0002712","regulation of B cell mediated immunity",27,-0.362806152700403,-1.21962014319035,0.205882352941176,0.444952588738777,0.358311655618025,1310,"tags=22%, list=13%, signal=19%","Msh2/Slc15a4/Foxj1/Mlh1/Supt6/Cd226"
"GO:0002889","GO:0002889","regulation of immunoglobulin mediated immune response",27,-0.362806152700403,-1.21962014319035,0.205882352941176,0.444952588738777,0.358311655618025,1310,"tags=22%, list=13%, signal=19%","Msh2/Slc15a4/Foxj1/Mlh1/Supt6/Cd226"
"GO:0090141","GO:0090141","positive regulation of mitochondrial fission",20,-0.39791208707613,-1.21689543296703,0.205882352941176,0.444952588738777,0.358311655618025,1325,"tags=50%, list=13%, signal=44%","Pgam5/Dnm1l/Aurka/Ddhd1/Mcu/Mief1/Rala/Bnip3/Vps35/Kdr"
"GO:0034205","GO:0034205","amyloid-beta formation",33,0.338410159106438,1.20275520378132,0.205128205128205,0.444952588738777,0.358311655618025,976,"tags=15%, list=10%, signal=14%","Lrrtm3/Epha4/Abcg1/Slc2a13/Bace1"
"GO:0045010","GO:0045010","actin nucleation",46,-0.310568994942703,-1.18972418768877,0.205128205128205,0.444952588738777,0.358311655618025,1837,"tags=35%, list=18%, signal=29%","Arpc4/Arpc5l/Gmfb/Wasl/Wasf3/Dnai3/Gsn/Nckap1/Rnh1/Arpc3/Cyfip1/Arf1/Pick1/Carmil3/Ap1ar/Arpc5"
"GO:0022406","GO:0022406","membrane docking",73,-0.276861301612255,-1.16173519736997,0.205479452054795,0.444952588738777,0.358311655618025,2045,"tags=26%, list=20%, signal=21%","Stx2/Stx16/Ezr/Ndrg4/Calm2/Stx1a/Stx6/Msn/Exoc1/Snap29/Stx7/Rab8a/Stx19/Stx3/Snx3/Vps18/Ahcyl1/Esyt1/Vps11"
"GO:0031397","GO:0031397","negative regulation of protein ubiquitination",53,-0.29311229469381,-1.15760507944723,0.205882352941176,0.444952588738777,0.358311655618025,2856,"tags=43%, list=28%, signal=31%","Per2/Svbp/Sqstm1/Psen1/Dysf/Rpl23/Minar1/Bag5/Spry2/Hdac8/Atg5/Rpl5/Akt1/Bag2/Gclc/Tspo/Spopl/Usp44/Ogt/Park7/Vps28/Cry1/Arrb1"
"GO:0051607","GO:0051607","defense response to virus",139,-0.240223371093973,-1.12834192597867,0.205607476635514,0.444952588738777,0.358311655618025,2679,"tags=33%, list=26%, signal=25%","Ifnar2/Casp1/Trim26/Usp20/Dus2/Acod1/Cnot7/Abcc9/Tomm70a/Bnip3l/C1qbp/Trim32/Atg5/Zmpste24/Map3k14/Hcfc2/Ddit4/Fadd/Trim13/Trim65/Phb2/Eif2ak2/Riok3/Traf6/Akap1/Ndufaf4/Senp7/Ddx21/G3bp1/Ddx41/Rnf26rt/Ticam1/Usp44/Dhx15/Chmp3/Abcf3/Tbk1/Ddx1/Ddx60/Itgax/Polr3h/Smarca5/Pcbp2/Elmod2/Znfx1/Bnip3"
"GO:0005996","GO:0005996","monosaccharide metabolic process",184,-0.227162985665816,-1.10591737490283,0.205504587155963,0.444952588738777,0.358311655618025,3069,"tags=36%, list=30%, signal=26%","Galm/Gpld1/Irs2/Hkdc1/Fpgt/Bckdk/Akr1b1/Mdh1/Eno1/Mtcl2/Adra1b/Gpt2/Dgat2/Mapk14/Gale/Ddb1/Eno2/Rpia/Gapdh/Pmm1/C1qtnf12/Adipor1/Fuca2/Hk2/Sesn2/Src/Hif1a/Ldha/Wdtc1/Zmpste24/Got1/Pgp/Akt2/Akt1/Clk2/Pik3ca/Xpc/Gpi1/Pfkfb2/H6pd/Kbtbd2/Gclc/Chst15/Slc25a13/Errfi1/Adora2b/Pgd/Pdk1/Lcmt1/Sirt6/Slc37a4/Hectd4/Pdk4/Pgam1/Insr/Pdhb/Ogt/Fabp5/Cpt1a/Pgm1/Pgm2l1/Cry1/Pkm/Pgm2/Usf1/Nudt5"
"GO:1902253","GO:1902253","regulation of intrinsic apoptotic signaling pathway by p53 class mediator",22,-0.381154170339818,-1.20387014735535,0.206286836935167,0.445508992098044,0.358759716408986,2624,"tags=36%, list=26%, signal=27%","Mif/Armc10/Steap3/Ubb/Rrn3/Mdm4/Rpl26/Rrm2b"
"GO:0032663","GO:0032663","regulation of interleukin-2 production",26,0.364054417412834,1.20725332070465,0.207317073170732,0.446778614301079,0.359782118447073,2760,"tags=46%, list=27%, signal=34%","Nav3/Pde4b/Cd276/Homer3/Card9/Map3k7/Homer2/Sash3/Ptprc/Abl1/Tnfaip3/Prnp"
"GO:0060004","GO:0060004","reflex",20,0.39137348727956,1.19816287472276,0.207317073170732,0.446778614301079,0.359782118447073,469,"tags=15%, list=5%, signal=14%","Foxp2/Auts2/Cacng2"
"GO:0070977","GO:0070977","bone maturation",20,0.389698961433062,1.19303642960768,0.207317073170732,0.446778614301079,0.359782118447073,3117,"tags=50%, list=30%, signal=35%","Asxl2/Ext1/Ano6/Zbtb16/Enpp1/Igf1/Snx10/Fgfr3/Xylt1/Bmp2"
"GO:0043489","GO:0043489","RNA stabilization",56,0.289669308625259,1.16258801850385,0.207739307535642,0.447370363776115,0.360258642776805,3302,"tags=48%, list=32%, signal=33%","Rbm38/Igf2bp3/Elavl1/Qki/Boll/Hnrnpd/Tent4a/Rbm24/Axin2/Ptbp1/Slc11a1/Thrap3/Syncrip/Tardbp/Hnrnpu/Mtor/Tent5a/Igf2bp1/Dhx36/Larp4b/Ybx1/Dicer1/Taf15/Tirap/Myd88/Nrde2/Vegfa"
"GO:0006040","GO:0006040","amino sugar metabolic process",29,-0.355646097127212,-1.21503795768478,0.208,0.447613636363636,0.360454545454545,2282,"tags=48%, list=22%, signal=38%","Gnpda1/Uap1l1/Gnpnat1/Extl2/Npl/Oga/St6gal1/Cmas/Ctbs/Gnpda2/Gfpt1/Nanp/Dpagt1/Ogt"
"GO:0030513","GO:0030513","positive regulation of BMP signaling pathway",22,0.37749233986588,1.18920881984034,0.208924949290061,0.44896638038928,0.361543883877836,2493,"tags=41%, list=24%, signal=31%","Ube2o/Sox11/Gpc3/Neo1/Notch2/Tgfbr3/Sulf1/Elapor2/Zfp423"
"GO:1903350","GO:1903350","response to dopamine",35,0.32874848084205,1.18145230507575,0.208835341365462,0.44896638038928,0.361543883877836,982,"tags=20%, list=10%, signal=18%","Adcy5/Drd2/Htr2c/Htr4/Gnal/Drd1/Drd5"
"GO:0014075","GO:0014075","response to amine",38,0.322882618109939,1.18480033300499,0.21011673151751,0.450680272108844,0.362924047506792,1625,"tags=32%, list=16%, signal=27%","Drd2/Kcnc1/Ppp3ca/Ppp1r1b/Gnal/Drd1/Gria1/Adora2a/Drd5/Kcnc2/Rgs9/Pde1b"
"GO:0006023","GO:0006023","aminoglycan biosynthetic process",47,0.306278159286056,1.17109736847983,0.21031746031746,0.450680272108844,0.362924047506792,1679,"tags=26%, list=16%, signal=21%","Chst11/Ext1/B4galnt4/Smpd3/Chsy1/Csgalnact2/Nfkb1/Hs3st3b1/Ndst2/Hs3st3a1/Hexa/Csgalnact1"
"GO:0000423","GO:0000423","mitophagy",66,-0.282446751590259,-1.1561263600755,0.21031746031746,0.450680272108844,0.362924047506792,2276,"tags=32%, list=22%, signal=25%","Vdac1/Parl/Mfn2/Bnip3l/Hk2/Atg5/Usp30/Ulk2/Atg4b/Phb2/Map1lc3a/Ube2a/Tspo/Stub1/Snx7/Gabarapl1/Gabarapl2/Ogt/Fbxo7/Cttn/Bnip3"
"GO:1902117","GO:1902117","positive regulation of organelle assembly",67,-0.280318835810965,-1.15017557862863,0.21,0.450680272108844,0.362924047506792,3729,"tags=51%, list=36%, signal=33%","G3bp2/Ift88/Arhgap35/Rab3ip/Ubap2l/Pip4k2a/Pan2/Lrsam1/Dync1h1/Cnot6l/Mapk15/Sdcbp/Sass6/Mapk8/Cnot6/Bbs4/Sdc4/Trim32/Atg5/Src/Stx18/Lcp1/Hif1a/Ift20/Tmem67/Msn/Fscn1/Vps4b/G3bp1/Wipi1/Snx7/Atmin/Snx4/Pip4k2b"
"GO:0050879","GO:0050879","multicellular organismal movement",32,0.3367490231378,1.20060304523829,0.210727969348659,0.450922137801156,0.363118817239215,2573,"tags=50%, list=25%, signal=38%","Vti1a/Itpr1/Hipk2/Prkd1/Slc8a3/Dmd/Gigyf2/Adrb2/Stac/Parp1/Mtor/Tshz3/Tnnc1/Map1a/Rem1/Atp8a2"
"GO:2000045","GO:2000045","regulation of G1/S transition of mitotic cell cycle",107,0.251828498963211,1.15255318148678,0.21063829787234,0.450922137801156,0.363118817239215,2625,"tags=36%, list=26%, signal=27%","Bcl2/Egfr/Tfdp1/Arid1a/Crebbp/Ccnd2/Myo16/Ino80/Plcb1/Ambra1/Cdkn1b/Ecd/Ptpn6/Ctdspl/Arid2/Ezh2/Gigyf2/Cdk2ap2/Dpf3/Pkd1/Smarca4/Pbrm1/Acvr1/Kif14/Dcun1d3/Dgkz/Ankrd17/Ube2e2/Klf11/Smarcd2/Appl2/Cul4a/Cacnb4/Tert/Ctdsp1/Wac/Plk3/Ddr2/Hacd1"
"GO:0045747","GO:0045747","positive regulation of Notch signaling pathway",29,0.355164660715727,1.21412302972069,0.211155378486056,0.451517852373147,0.363598534584316,1828,"tags=28%, list=18%, signal=23%","Robo1/Cntn6/Lfng/Zmiz1/Robo2/Tgfb2/Epn2/Itgb1bp1"
"GO:0006022","GO:0006022","aminoglycan metabolic process",64,0.28026704461772,1.16636446659447,0.211382113821138,0.451683924455606,0.363732269198573,2118,"tags=30%, list=21%, signal=24%","Chst11/Ext1/B4galnt4/Smpd3/Chsy1/Csgalnact2/Nfkb1/Dsel/Galns/Hs3st3b1/Ndst2/Cemip/Hs3st3a1/Hexa/Ndst1/Csgalnact1/Bpnt2/Chst12/Igf1"
"GO:0032570","GO:0032570","response to progesterone",26,-0.363088671873336,-1.20890043596248,0.213725490196078,0.454092142693653,0.365671560452975,2434,"tags=46%, list=24%, signal=35%","Yap1/Acod1/Hspa8/Src/Tyms/Gpi1/Abhd2/Cd38/Errfi1/Tspo/Wbp2/Fos"
"GO:0048710","GO:0048710","regulation of astrocyte differentiation",23,0.375570559400229,1.20710264245403,0.21327967806841,0.454092142693653,0.365671560452975,1323,"tags=26%, list=13%, signal=23%","Epha4/Cntn2/Ntrk3/Dab1/Qki/Prpf19"
"GO:0140894","GO:0140894","endolysosomal toll-like receptor signaling pathway",29,-0.353312885519328,-1.20706671692103,0.214,0.454092142693653,0.365671560452975,2065,"tags=31%, list=20%, signal=25%","Ddx3x/Src/Hcfc2/Wdfy1/Colec12/Rftn1/Slc15a4/Ticam1/Ppt1"
"GO:0002053","GO:0002053","positive regulation of mesenchymal cell proliferation",23,0.374589073507365,1.20394809749529,0.21327967806841,0.454092142693653,0.365671560452975,2748,"tags=39%, list=27%, signal=29%","Foxp2/Foxp1/Chrd/Bmpr1a/Irs1/Lrp5/Lrp6/Arhgap5/Fbxw4"
"GO:0002437","GO:0002437","inflammatory response to antigenic stimulus",25,-0.365413607094411,-1.20321427808916,0.214007782101167,0.454092142693653,0.365671560452975,1009,"tags=28%, list=10%, signal=25%","Gpr17/Hmgb2/Mkrn2/Park7/Kars1/Ak7/Psma1"
"GO:0006929","GO:0006929","substrate-dependent cell migration",23,-0.377778268879173,-1.20027707236369,0.213861386138614,0.454092142693653,0.365671560452975,2040,"tags=43%, list=20%, signal=35%","Itga11/Abl2/Anks1/Ston1/Nrp1/Fn1/Adam8/Spag6l/Cttn/Shtn1"
"GO:0032205","GO:0032205","negative regulation of telomere maintenance",25,-0.364494608438791,-1.20018824872813,0.214007782101167,0.454092142693653,0.365671560452975,2031,"tags=32%, list=20%, signal=26%","Src/Tnks/Exosc10/Nat10/Ten1/Terf2ip/Ctc1/Slx4"
"GO:0002269","GO:0002269","leukocyte activation involved in inflammatory response",27,-0.356425276037672,-1.19816999508466,0.213725490196078,0.454092142693653,0.365671560452975,1394,"tags=19%, list=14%, signal=16%","Nampt/Scnn1b/Csf1r/Hspa4/Calhm2"
"GO:0072080","GO:0072080","nephron tubule development",63,0.282304060797362,1.17170333923208,0.212981744421907,0.454092142693653,0.365671560452975,2267,"tags=29%, list=22%, signal=22%","Bcl2/Gpc3/Gzf1/Kif26b/Sox8/Eya1/Notch2/Hs3st3b1/Pkd1/Pbx1/Lgr4/Wnt7b/Mtss1/Hs3st3a1/Greb1l/Lzts2/Wnt11/Gli3"
"GO:0007127","GO:0007127","meiosis I",68,-0.278554306072179,-1.14914690993915,0.213438735177866,0.454092142693653,0.365671560452975,1644,"tags=22%, list=16%, signal=19%","Rad51ap1/M1ap/Hspa2/Chtf18/BC005624/Mlh1/Rec8/Slx4/1700028K03Rik/Ccne1/Mlh3/Trip13/Brca2/Ube2b/Spdya"
"GO:0042149","GO:0042149","cellular response to glucose starvation",34,-0.335020915715668,-1.18945368907464,0.214285714285714,0.454363690892732,0.365890232930121,2197,"tags=35%, list=21%, signal=28%","Slc7a5/Sesn2/Szt2/Xbp1/Asns/Itfg2/Prkaa2/Ywhaz/Sesn1/Pick1/Upp1/Higd1a"
"GO:0097305","GO:0097305","response to alcohol",176,0.223450759124353,1.09459324632672,0.215351812366738,0.45630488914071,0.367453442080308,1861,"tags=24%, list=18%, signal=20%","Cftr/Adcy5/Foxo3/Drd2/Bcl2/Igf1r/Fkbp5/mt-Nd4/Glra3/Tnc/Lrp8/mt-Cytb/Penk/Slit3/Akap8/Prkd1/Epha5/Gpr155/Fyn/Tacr1/Nr3c2/Gria1/Hnrnpd/Prkce/Grin2b/Nr3c1/Maob/Srebf1/Adcy1/Grip1/Adcy2/Spidr/Tgfbr3/Kcnc2/Card9/Gramd1b/Slc23a2/Arsa/Gnai1/Eps8/Fkrp/Glb1/Cnr1"
"GO:0008154","GO:0008154","actin polymerization or depolymerization",128,0.235230645509421,1.11003903737104,0.215644820295983,0.45660643291183,0.367696269407546,2252,"tags=26%, list=22%, signal=20%","Ghrl/Pecam1/Nck2/Dbn1/Fhod3/Prkcd/Cracd/Tenm1/Svil/Add3/Coro7/Prex1/Prkce/Kank4/Arf6/Gas7/Lats1/Spire2/Capza2/Mtss1/Vill/Kirrel1/Eps8/Daam2/Cyfip2/Mical3/Add1/Slit2/Grb2/Ssh2/Abl1/Mtor/Sema5a"
"GO:1902074","GO:1902074","response to salt",20,0.385768569763464,1.18100380722856,0.217479674796748,0.460169982286415,0.370565926329654,1526,"tags=30%, list=15%, signal=26%","Ank/Mapk13/Hnrnpd/Rnls/Enpp1/Hsf1"
"GO:0042491","GO:0042491","inner ear auditory receptor cell differentiation",43,0.312830494702362,1.16817054689926,0.217741935483871,0.460403394637913,0.370753888751322,3367,"tags=42%, list=33%, signal=28%","Kcnq1/Ush2a/Atp2b2/Cux1/Ush1c/Whrn/Kcnma1/Hey2/Myo3a/Clic5/Myo3b/Fgfr3/Sec24b/Pls1/Fgfr1/Pcdh15/Jag2/Ripor2"
"GO:0003254","GO:0003254","regulation of membrane depolarization",38,0.319296751238475,1.17164218814017,0.217898832684825,0.460413851488856,0.370762309449772,1188,"tags=29%, list=12%, signal=26%","Dcn/B2m/Cacna1c/Rbfox2/Cacna1g/Cacna1d/Myoc/Ank3/Fgf12/Scn2b/Ntsr1"
"GO:0051489","GO:0051489","regulation of filopodium assembly",49,0.298646656026338,1.15721518678149,0.218934911242604,0.461637286753715,0.371747518045896,2572,"tags=37%, list=25%, signal=28%","Dbn1/Prkcd/Nlgn1/Rhoq/Tenm1/Nrxn1/Agrn/Arf6/Dnm3/Mien1/Tenm2/Daam2/Plppr5/Ephb2/Srf/Myo3a/Fmr1/Myo3b"
"GO:1902600","GO:1902600","proton transmembrane transport",96,-0.256226830644986,-1.13448088770994,0.218923933209648,0.461637286753715,0.371747518045896,2675,"tags=36%, list=26%, signal=27%","Letm1/Ndufa2/Atp6v1h/Ghitm/Slc9a9/Atp6v1d/Ndufa10/Atp6v1e1/Ndufa4/Atp6v1b2/Atp6v1c1/Slc9a8/mt-Nd6/Atp6v1c2/Surf1/Ppif/Atp5f1c/Atp5pf/Slc36a1/Slc9a6/Uqcrh/Phb2/Ndufs3/Atp5mc3/Atp6v1g1/Atp5mf/Slc25a13/Slc18b1/Dmac2l/Slc15a4/Slc25a3/Ndufs1/Slc25a22/Slc9b1/Atp6v1a"
"GO:2001242","GO:2001242","regulation of intrinsic apoptotic signaling pathway",119,-0.246245681232423,-1.12823421223342,0.218691588785047,0.461637286753715,0.371747518045896,2884,"tags=36%, list=28%, signal=26%","Dnm1l/Bclaf1/Eno1/Sfpq/Nfe2l2/Mif/Txndc12/Mcl1/Tpt1/Opa1/Armc10/Steap3/Parl/Ubb/Bag5/Trim32/Lrrk2/Ddx3x/Src/Cxcl12/Hif1a/Xbp1/Ppif/Akt1/Ndufs3/Mmp2/Sod1/Rrn3/Nherf1/Pycr1/Sod2/Cyld/Map2k1/Hells/Mdm4/Vdac2/Park7/Fbxo7/Rpl26/Bok/Plekhf1/Rrm2b/P4hb"
"GO:2000107","GO:2000107","negative regulation of leukocyte apoptotic process",31,0.339220089867316,1.19581872916307,0.22007722007722,0.46340095679915,0.373167767191395,1558,"tags=23%, list=15%, signal=19%","Bcl11b/Foxp1/Bcl2/Itpkb/St3gal1/Rorc/Cd74"
"GO:0051304","GO:0051304","chromosome separation",58,-0.288894018452816,-1.15382713445743,0.220039292730845,0.46340095679915,0.373167767191395,3264,"tags=47%, list=32%, signal=32%","Nsmce2/Smarcad1/Mapk15/Dusp1/Zfp207/Recql5/Csnk2a2/Chfr/Anapc5/Birc5/Psmg2/Rb1/Anapc7/Cdc16/Pcid2/Cep192/M1ap/Bub3/Kntc1/Prpf4b/Cdca8/Lcmt1/Gen1/Spc25/Dync1li1/Usp44/Trip13"
"GO:0042755","GO:0042755","eating behavior",33,0.330787500830389,1.17566325142277,0.220907297830375,0.46482577251808,0.374315143545913,890,"tags=21%, list=9%, signal=19%","Ghrl/Slc24a4/Cntn2/Oprk1/Tacr1/Drd1/Adora2a"
"GO:1901264","GO:1901264","carbohydrate derivative transport",54,-0.294166688111478,-1.16132917780236,0.222222222222222,0.467268100855887,0.37628190299946,1283,"tags=20%, list=13%, signal=18%","Slc35b2/Lrrc8b/Slc15a4/Abcc4/Slc35b3/Slc37a4/Abcc5/Rft1/Slc25a17/Slc5a2/Calhm2"
"GO:1901991","GO:1901991","negative regulation of mitotic cell cycle phase transition",126,-0.242557329507055,-1.1170698398918,0.222433460076046,0.467387922351192,0.376378392916471,2060,"tags=27%, list=20%, signal=22%","Psmg2/Brcc3dc/Pabir1/Rb1/Crlf3/Pcid2/Ccnd1/Tpra1/Cep192/Clspn/Bub3/Kntc1/Prpf4b/Ppp2r3d/Mbd4/Abraxas1/Fzr1/Zfyve19/Cdca8/Lcmt1/Miip/Gen1/Inhba/Rgcc/Zfp36l1/Nabp2/Spc25/Zfp830/Dync1li1/Usp44/Fbxo7/Trip13/Rint1/Syf2"
"GO:0070228","GO:0070228","regulation of lymphocyte apoptotic process",30,0.346839013457322,1.20461186991715,0.22265625,0.467531834719335,0.376494282744283,1566,"tags=23%, list=15%, signal=20%","Bcl11b/Foxp1/Bcl2/St3gal1/Rorc/Cd74/Tgfb2"
"GO:0032720","GO:0032720","negative regulation of tumor necrosis factor production",25,-0.360655304630057,-1.18754639557624,0.223735408560311,0.468499162361951,0.377273252859129,1425,"tags=32%, list=14%, signal=28%","Arg2/Cactin/Errfi1/Tspo/Rara/Gpr18/Gstp3/Fxr1"
"GO:1900027","GO:1900027","regulation of ruffle assembly",21,-0.382799543925074,-1.18358964647411,0.223552894211577,0.468499162361951,0.377273252859129,976,"tags=19%, list=10%, signal=17%","Cyfip1/Def8/Fam98a/Pfn2"
"GO:0070316","GO:0070316","regulation of G0 to G1 transition",25,-0.359224863513232,-1.1828363159779,0.223735408560311,0.468499162361951,0.377273252859129,1144,"tags=24%, list=11%, signal=21%","Smarcb1/Smarcd1/Rrm1/Rrm2b/Ccn2/Smarcc2"
"GO:0048659","GO:0048659","smooth muscle cell proliferation",123,0.235472065261758,1.10322257709053,0.223655913978495,0.468499162361951,0.377273252859129,1653,"tags=19%, list=16%, signal=16%","Pde1a/Tafa5/Foxp1/Mef2d/Prkg1/Egfr/Igf1r/Smpd3/Pdgfd/Cdkn1b/Tcf7l2/Bmpr2/Hdac4/Tacr1/Gna13/Ptk2/Igfbp5/Enpp1/Ppargc1a/Bmpr1a/Xrcc6/Map3k7/Calcrl"
"GO:0046165","GO:0046165","alcohol biosynthetic process",100,0.250946634050229,1.13373781852186,0.224101479915433,0.468941632695969,0.377629565603355,2850,"tags=36%, list=28%, signal=26%","Cftr/Abcg1/Cacna1h/Prkg1/Srebf2/Sptlc3/Lpcat3/Plcg1/Itpka/Nfkb1/Qki/Ephx1/Bmp6/Ip6k2/Srebf1/Ntsr1/Pou1f1/Itpkb/Dhdds/Scap/Gnai1/Gba1/Sptlc2/Abca2/Pex2/Adcyap1r1/Sc5d/Bmp5/Pts/Dkk3/Chlsn/Pth1r/P2ry1/Fdps/Lipa/Pck2"
"GO:0071902","GO:0071902","positive regulation of protein serine/threonine kinase activity",101,0.250148631706747,1.1342346760432,0.224318658280922,0.469072142575014,0.377734662667668,1492,"tags=21%, list=15%, signal=18%","Epha4/Robo1/Egfr/Prox1/Ntrk3/Tenm1/Ccnd2/Rasgrp1/Nrxn1/Sash1/Tpd52l1/Ccny/Tead1/Ip6k2/Ezh2/Adam9/Fgd4/Map2k4/Adrb2/Cemip/Dab2ip"
"GO:0008584","GO:0008584","male gonad development",93,-0.257990558746846,-1.13375094456759,0.225092250922509,0.46971730047879,0.378254195765098,1310,"tags=22%, list=13%, signal=19%","Msh2/Adgrg1/Lhcgr/Hmgb2/Nr0b1/Inhba/Eif2s2/Rara/Ctnna1/Rec8/Nudt1/Insr/Plekha1/Bok/Tnfsf10/Pdgfra/Rrm1/Kit/Nhlh2/Kdr"
"GO:0046546","GO:0046546","development of primary male sexual characteristics",93,-0.257990558746846,-1.13375094456759,0.225092250922509,0.46971730047879,0.378254195765098,1310,"tags=22%, list=13%, signal=19%","Msh2/Adgrg1/Lhcgr/Hmgb2/Nr0b1/Inhba/Eif2s2/Rara/Ctnna1/Rec8/Nudt1/Insr/Plekha1/Bok/Tnfsf10/Pdgfra/Rrm1/Kit/Nhlh2/Kdr"
"GO:0006898","GO:0006898","receptor-mediated endocytosis",182,-0.225922358361874,-1.09864305392881,0.225092250922509,0.46971730047879,0.378254195765098,1886,"tags=24%, list=18%, signal=20%","Ezr/Hgs/Dnajc6/Rab5a/Dtnbp1/Ahi1/Arc/Gpr107/Ap2m1/Ston1/Ppp3r1/Hmmr/Eps15/Dnm1/Rabgef1/Angpt1/Hspg2/Synj1/Lrrtm2/Ap2b1/Pacsin1/Ophn1/Usp46/Rala/Lmbrd1/Micall1/Arf1/Insr/Ccdc32/Cltc/Pla2r1/Pick1/Napb/Arrb1/Ppt1/Cttn/Tpcn2/Cap1/Itgav/Pip5k1c/Snx1/Rab21/Lrp1"
"GO:1904036","GO:1904036","negative regulation of epithelial cell apoptotic process",27,0.356006292761918,1.1935954331298,0.225609756097561,0.470426409903714,0.378825227777248,721,"tags=22%, list=7%, signal=21%","Wfs1/Bcl2/Igf1r/Adar/Cdkn1b/Tcf7l2"
"GO:0071542","GO:0071542","dopaminergic neuron differentiation",23,-0.371275841567906,-1.1796175610594,0.225742574257426,0.470426409903714,0.378825227777248,3174,"tags=52%, list=31%, signal=36%","Ctnnb1/Dmrta2/Dvl3/Neurog2/Fmc1/Rac1/Cxcl12/Hif1a/Rspo2/Pax2/Hprt1/Id2"
"GO:0006665","GO:0006665","sphingolipid metabolic process",100,0.250118462411924,1.12999626801202,0.226215644820296,0.471088250038142,0.379358194750187,1994,"tags=31%, list=19%, signal=25%","Smpd3/Prkcd/B3galt1/St8sia2/St6galnac6/St6galnac3/Sptlc3/Fut9/Pemt/Smpdl3b/Galc/Pla2g6/St8sia1/Abca12/Smpd1/Cerkl/Itgb8/Cers6/St3gal1/St8sia6/St6galnac4/Hexa/Map7/Gba1/Glb1/Sptlc2/Sgms1/St3gal3/Abca2/Elovl2/B4galt4"
"GO:0071711","GO:0071711","basement membrane organization",30,0.344739305163282,1.19731934100251,0.2265625,0.471486521291209,0.379678914835165,2420,"tags=43%, list=24%, signal=33%","Ext1/Flrt2/Lama1/Hmcn1/Large1/Spint2/Fkrp/Pxdn/Fermt1/Clasp2/Pmp22/Fshr/Clasp1"
"GO:0045987","GO:0045987","positive regulation of smooth muscle contraction",22,0.373403436054852,1.17632760355585,0.227180527383367,0.472448179802061,0.38045331970859,1030,"tags=27%, list=10%, signal=25%","Ghrl/Chrm3/Pawr/Tacr1/Prok2/Adra2b"
"GO:0051882","GO:0051882","mitochondrial depolarization",24,-0.36649273692021,-1.19172726206359,0.228070175438596,0.472676218590251,0.380636954904361,2114,"tags=50%, list=21%, signal=40%","Lrrk2/Oga/Src/Got1/Ppif/Gclc/Tspo/Cck/Mllt11/Bok/Ppp2r3c/Kdr"
"GO:0009116","GO:0009116","nucleoside metabolic process",36,-0.326702098730104,-1.17033184485622,0.227822580645161,0.472676218590251,0.380636954904361,1561,"tags=28%, list=15%, signal=24%","Oard1/Hprt1/Aprt/Cdadc1/Uox/Nudt1/Tk2/Upp1/Tymp/Pgm2"
"GO:0141137","GO:0141137","positive regulation of gene expression, epigenetic",38,0.316914742452132,1.162901535516,0.227626459143969,0.472676218590251,0.380636954904361,1476,"tags=34%, list=14%, signal=29%","Phf2/Lcor/Tet2/Kdm2a/Ep300/Vps72/Nr3c1/Usp21/Rbm14/Tet1/Atad2b/Smarca4/Kmt2a"
"GO:0002753","GO:0002753","cytoplasmic pattern recognition receptor signaling pathway",106,-0.251389449170719,-1.13325692292142,0.227611940298507,0.472676218590251,0.380636954904361,2274,"tags=29%, list=22%, signal=23%","Hspa8/Ywhae/C1qbp/Nod1/Fbxl2/Ddx3x/Src/Ppp2ca/Brcc3dc/Hcfc2/Cptp/Ufd1/Akt1/Wdfy1/Colec12/Rftn1/Phb2/Eif2ak2/Riok3/Traf6/Ppp6c/Slc15a4/Aars2/Ticam1/Tbk1/Ogt/Tab1/Lamp2/Ddx60/Ppt1/Pcbp2"
"GO:0009266","GO:0009266","response to temperature stimulus",108,-0.250527199803763,-1.12838449442194,0.22803738317757,0.472676218590251,0.380636954904361,2339,"tags=33%, list=23%, signal=26%","Cxcr4/Cetn1/Hspa8/Ywhae/Sumo1/Trpa1/Pdcd6/Dnaja2/Tac1/Cxcl12/Casq1/Akt1/Dnajb1/Mapt/Hspa2/Dnaja4/Eif2b5/Gclc/Nf1/Sod1/Bag3/Wdr47/Chordc1/Atxn3/Trpm2/Trp53inp1/Myof/Eif2b2/Acadl/Trpv2/Nos1/Comt/Hsbp1/Hikeshi/Eif2b1/Cirbp"
"GO:0019076","GO:0019076","viral release from host cell",20,-0.38558672244073,-1.1792019815198,0.229411764705882,0.474483035535033,0.382091949407749,2593,"tags=45%, list=25%, signal=34%","Ddb1/Chmp5/Chmp4b/Chmp2a/Chmp7/Vps4b/Chmp2b/Chmp3/Chmp1b2"
"GO:0035891","GO:0035891","exit from host cell",20,-0.38558672244073,-1.1792019815198,0.229411764705882,0.474483035535033,0.382091949407749,2593,"tags=45%, list=25%, signal=34%","Ddb1/Chmp5/Chmp4b/Chmp2a/Chmp7/Vps4b/Chmp2b/Chmp3/Chmp1b2"
"GO:0048660","GO:0048660","regulation of smooth muscle cell proliferation",120,0.237020348540671,1.10995988563,0.229122055674518,0.474483035535033,0.382091949407749,1093,"tags=14%, list=11%, signal=13%","Pde1a/Tafa5/Foxp1/Mef2d/Prkg1/Egfr/Igf1r/Smpd3/Pdgfd/Cdkn1b/Tcf7l2/Bmpr2/Hdac4/Tacr1/Gna13/Ptk2/Igfbp5"
"GO:0000132","GO:0000132","establishment of mitotic spindle orientation",28,-0.351406805635588,-1.18962377914264,0.229862475442043,0.474685137834375,0.382254698454084,640,"tags=18%, list=6%, signal=17%","Mcph1/Spry1/Dctn1/Ubxn2b/Arhgef2"
"GO:0010332","GO:0010332","response to gamma radiation",37,-0.322380122602684,-1.164513590173,0.229979466119097,0.474685137834375,0.382254698454084,1182,"tags=27%, list=12%, signal=24%","Gtf2h5/Zmpste24/Xrcc2/Sod2/Egr1/Rpl26/Brca2/Polb/H2aj/Chek2"
"GO:0051453","GO:0051453","regulation of intracellular pH",57,-0.286410246547748,-1.15006458297104,0.22972972972973,0.474685137834375,0.382254698454084,2493,"tags=33%, list=24%, signal=25%","Slc4a7/Slc4a8/Car2/Slc9a9/Lrrk2/Atp6v1b2/Slc9a8/Tm9sf4/Slc9a6/Clic4/Cln5/Vps33a/Tmem9/Aqp11/Lamp2/Slc9b1/Ppt1/Tpcn2/Creg1"
"GO:0034243","GO:0034243","regulation of transcription elongation by RNA polymerase II",61,-0.281826226455593,-1.14285073238959,0.230174081237911,0.474763421477788,0.38231773874779,3174,"tags=44%, list=31%, signal=31%","Ctnnb1/Rnf8/Recql5/Eaf1/Med23/Med14/Med8/Pwwp2b/Med16/Med28/Nelfb/Eaf2/Nelfe/Ccnt1/Ccnk/Med20/Med9/Med17/Sirt6/Med22/Leo1/Map2k1/Supt6/Med31/Ncbp2/Cdk9/Cbx7"
"GO:0032350","GO:0032350","regulation of hormone metabolic process",29,0.351629653501334,1.20203868084269,0.231075697211155,0.47593945928677,0.383264779095617,2559,"tags=48%, list=25%, signal=36%","Arnt/Igf1r/Tcf7l2/Nfkb1/Bmp6/Nr3c1/Ppargc1a/Kcnma1/Atp1a1/Igf1/Fshr/Bmp5/Rdh10/Dkk3"
"GO:0050650","GO:0050650","chondroitin sulfate proteoglycan biosynthetic process",22,0.37052070607702,1.16724617976835,0.231237322515213,0.47593945928677,0.383264779095617,2118,"tags=32%, list=21%, signal=25%","Chst11/B4galnt4/Chsy1/Csgalnact2/Csgalnact1/Chst12/Igf1"
"GO:0042129","GO:0042129","regulation of T cell proliferation",71,0.267922679159579,1.13172129255894,0.23125,0.47593945928677,0.383264779095617,2265,"tags=27%, list=22%, signal=21%","Igfbp2/Nck2/Ppp3ca/Pawr/Rc3h1/Adk/Cd276/Ptpn6/Slc4a1/Sh3rf1/Sash3/Ptprc/Mapk8ip1/Efnb1/Igf1/Tnfrsf21/Irf1/Mad1l1/Peli1"
"GO:1902099","GO:1902099","regulation of metaphase/anaphase transition of cell cycle",64,-0.276019752632311,-1.12806896768538,0.231372549019608,0.47593945928677,0.383264779095617,2060,"tags=31%, list=20%, signal=25%","Psmg2/Rb1/Anapc7/Cdc16/Pcid2/Cep192/Bub3/Kntc1/Prpf4b/Smarcb1/Cdca8/Smarcd1/Lcmt1/Gen1/Spc25/Dync1li1/Usp44/Trip13/Anapc4/Smarcc2"
"GO:1903051","GO:1903051","negative regulation of proteolysis involved in protein catabolic process",54,-0.292521628511188,-1.15483471126264,0.232142857142857,0.477200038767203,0.384279899205272,2930,"tags=35%, list=29%, signal=25%","Csnk2a2/Psen1/Gipc1/Rpl23/Usp14/Bag5/Rpl5/Usp19/Anks1/Usp5/Ophn1/Taf9/Ubxn2a/Uchl5/Aqp11/Gabarapl2/Ogt/Park7/Ufsp2"
"GO:0030317","GO:0030317","flagellated sperm motility",110,-0.247871014221206,-1.12421193105245,0.232902033271719,0.478436041229362,0.385275227920674,1793,"tags=20%, list=17%, signal=17%","Rsph3b/Dnali1/Rsph1/Tpgs1/Cfap70/Dnaaf6/Vdac3/Tubb4b/Spag16/Cfap144/Tcte1/Cfap69/Slirp/Spag6l/Anxa5/Ttll1/Kif9/Cfap20/Slc9b1/Tekt1/Ube2b/Rsph14"
"GO:0043242","GO:0043242","negative regulation of protein-containing complex disassembly",67,0.271332221262531,1.14266265595611,0.233067729083665,0.47845204547663,0.385288115829365,2515,"tags=31%, list=25%, signal=24%","Mid1/Fgf13/Cracd/Nav3/Svil/Add3/Taok1/Atxn7/Ttbk2/Ccdc88c/Hdgfl3/Capza2/Vill/Eps8/Map2/Mid1ip1/Add1/Clasp2/Clasp1/Map1a/Carmil1"
"GO:0060976","GO:0060976","coronary vasculature development",51,0.292867353984684,1.14539694479103,0.233532934131737,0.479082457968288,0.385795774733539,2485,"tags=35%, list=24%, signal=27%","Robo1/Sgcd/Gpc3/Smad6/Prok2/Arid2/Tgfbr3/Smarca4/Pbrm1/Ndst1/Rxra/Ptk7/Myh10/Hey2/Srf/Lrp2/Cntrl/Sufu"
"GO:0000079","GO:0000079","regulation of cyclin-dependent protein serine/threonine kinase activity",29,0.349933128192478,1.19623914424512,0.235059760956175,0.481812293718173,0.387994058307704,1252,"tags=28%, list=12%, signal=24%","Egfr/Prox1/Ccnd2/Cdk5rap3/Cdkn1b/Ccny/Nr2f2/Lats1"
"GO:0030301","GO:0030301","cholesterol transport",69,-0.269076720265349,-1.1237190724281,0.235181644359465,0.481812293718173,0.387994058307704,1861,"tags=23%, list=18%, signal=19%","Abca3/Soat1/Stard5/Nus1/Serac1/Tmem97/Arv1/Vps4b/Lipc/Abcg8/Comt/Tpcn2/Abca5/Npc1/Scp2/Lrp1"
"GO:0042181","GO:0042181","ketone biosynthetic process",36,-0.322521013721021,-1.15535411146791,0.235887096774194,0.482931015693113,0.388894943330427,1445,"tags=25%, list=14%, signal=22%","H6pd/Rtn4ip1/Sirt6/Inhba/Egr1/Coq8a/Coq7/Pdss1/Scp2"
"GO:0007596","GO:0007596","blood coagulation",101,-0.253831136361776,-1.12476945557854,0.236190476190476,0.483225619754992,0.389132182244944,1266,"tags=15%, list=12%, signal=13%","Adra2a/Angpt1/Prkcq/Plat/Anxa5/Slc6a4/Pdgfra/Emilin2/Pip5k1c/Kng1/Vwf/Entpd2/Angptl1/Angptl2/Serpind1"
"GO:1901657","GO:1901657","glycosyl compound metabolic process",49,-0.298767168434827,-1.15049646391986,0.236363636363636,0.483253588516746,0.389154704944179,3375,"tags=49%, list=33%, signal=33%","Upb1/Tyw5/Pcmt1/Dtymk/Ada/Akr1b1/Trmt12/Bloc1s6/Naga/Gla/Fuca2/Adal/Oard1/Hprt1/Aprt/Cdadc1/Uox/Nudt1/Cbr4/Tk2/Lcmt2/Upp1/Tymp/Pgm2"
"GO:0072576","GO:0072576","liver morphogenesis",24,0.365600226691535,1.18584124672871,0.23721881390593,0.48369650480146,0.389511376803816,2849,"tags=42%, list=28%, signal=30%","Prox1/Rps6ka1/Itpr1/Tet2/Notch2/Mki67/Fgf18/Tnfaip3/Lims1/Lipa"
"GO:0030850","GO:0030850","prostate gland development",35,0.321356316362531,1.15488643398349,0.236947791164659,0.48369650480146,0.389511376803816,2267,"tags=31%, list=22%, signal=25%","Igf1r/Tnc/Wdr77/Cdkn1b/Bmp7/Rxra/Sulf1/Ar/Igf1/Cyp7b1/Gli3"
"GO:0002090","GO:0002090","regulation of receptor internalization",70,-0.272493516940427,-1.14180590101972,0.237093690248566,0.48369650480146,0.389511376803816,1816,"tags=27%, list=18%, signal=22%","Dtnbp1/Ahi1/Arc/Ap2m1/Ppp3r1/Angpt1/Synj1/Lrrtm2/Pacsin1/Ophn1/Usp46/Rala/Arf1/Insr/Pick1/Napb/Arrb1/Pip5k1c/Lrp1"
"GO:0097722","GO:0097722","sperm motility",116,-0.24456208143566,-1.1179365235906,0.23719165085389,0.48369650480146,0.389511376803816,1793,"tags=20%, list=17%, signal=17%","Rsph3b/Dnali1/Cox7b2/Rsph1/Tpgs1/Cfap70/Dnaaf6/Vdac3/Tubb4b/Spag16/Cfap144/Tcte1/Cfap69/Slirp/Spag6l/Anxa5/Ttll1/Kif9/Cfap20/Slc9b1/Tekt1/Ube2b/Rsph14"
"GO:0140013","GO:0140013","meiotic nuclear division",108,-0.24928931504671,-1.12280901213166,0.237383177570093,0.483706138559101,0.389519134681256,1644,"tags=20%, list=16%, signal=17%","Rad51ap1/Aspm/M1ap/Hspa2/Ska2/Marf1/Chtf18/Fzr1/BC005624/Mlh1/Rec8/Slx4/1700028K03Rik/Dcaf13/Suv39h2/Ccne1/Mlh3/Trip13/Orc4/Brca2/Ube2b/Spdya"
"GO:0002275","GO:0002275","myeloid cell activation involved in immune response",49,-0.297726850536123,-1.14649039434373,0.238383838383838,0.485418703160639,0.390898229607907,1235,"tags=22%, list=12%, signal=20%","Rabgef1/Adora2b/Scnn1b/Snap23/Ywhaz/Milr1/Clnk/Ticam1/Snx4/Kars1/Kit"
"GO:0051438","GO:0051438","regulation of ubiquitin-protein transferase activity",29,-0.34833550153497,-1.19006186147676,0.24,0.48657096006016,0.391826119652406,2957,"tags=48%, list=29%, signal=34%","Trib1/Dnm1l/Psen1/Rps2/Rpl23/Bag5/Rpl5/Bag2/Fzr1/Stub1/Usp44/Park7/Skp1/Ube2l3"
"GO:1902991","GO:1902991","regulation of amyloid precursor protein catabolic process",30,0.341395269005168,1.18570511799645,0.240234375,0.48657096006016,0.391826119652406,50,"tags=10%, list=0%, signal=10%","Lrrtm3/Epha4/Abcg1"
"GO:0048799","GO:0048799","animal organ maturation",23,0.365317567729624,1.17414901222697,0.23943661971831,0.48657096006016,0.391826119652406,3168,"tags=52%, list=31%, signal=36%","Asxl2/Ext1/Ano6/Zbtb16/Enpp1/Igf1/Snx10/Ret/Fgfr3/Xylt1/Bmp2/Aldh1a2"
"GO:0010827","GO:0010827","regulation of D-glucose transmembrane transport",54,-0.291176506186388,-1.14952435537723,0.240079365079365,0.48657096006016,0.391826119652406,2342,"tags=41%, list=23%, signal=32%","Nfe2l2/Mapk14/Appl1/Edn1/C1qtnf12/Mfn2/Hk2/Oga/Ptpn11/Akt2/Ahi1/Akt1/Slc1a2/Ednra/Sirt6/Insr/Crebl2/Fabp5/Rps6kb1/Pid1/Pea15a/Inpp5k"
"GO:2000573","GO:2000573","positive regulation of DNA biosynthetic process",54,-0.290912427597534,-1.14848180983124,0.240079365079365,0.48657096006016,0.391826119652406,2805,"tags=33%, list=27%, signal=24%","Tcp1/Egf/Gfer/Cct4/Hgf/Polg2/Tnks/Cct2/Rfc4/Map3k4/Chtf18/Prkcq/Ccna2/Rgcc/Pcna/Rfc3/Cct8/Ptges3"
"GO:0045646","GO:0045646","regulation of erythrocyte differentiation",36,0.31637976959217,1.14692945689044,0.239130434782609,0.48657096006016,0.391826119652406,1676,"tags=31%, list=16%, signal=26%","Foxo3/B2m/Rbfox2/P4htm/Acvr2a/Ypel4/Ets1/Brd1/Ldb1/Cdk6/Mafb"
"GO:0030641","GO:0030641","regulation of cellular pH",59,-0.280411142408763,-1.12580805083517,0.239845261121857,0.48657096006016,0.391826119652406,2493,"tags=32%, list=24%, signal=25%","Slc4a7/Slc4a8/Car2/Slc9a9/Lrrk2/Atp6v1b2/Slc9a8/Tm9sf4/Slc9a6/Clic4/Cln5/Vps33a/Tmem9/Aqp11/Lamp2/Slc9b1/Ppt1/Tpcn2/Creg1"
"GO:0007584","GO:0007584","response to nutrient",105,-0.250260522989974,-1.12272067010403,0.24015009380863,0.48657096006016,0.391826119652406,1976,"tags=27%, list=19%, signal=22%","Tyms/Tnks/Acsl1/Xbp1/Aacs/Col1a1/Eif2ak2/Mapt/Tfam/Gclc/Stc2/Sod2/Gnpat/Tspo/Ppard/Rara/Suox/Abcg8/Slc6a4/Ogt/Cpt1a/Gdap1/Rps6kb1/Tpcn2/Srsf2/Usf1/Mat2a/Lct"
"GO:0050922","GO:0050922","negative regulation of chemotaxis",24,0.364409926083469,1.18198045164708,0.241308793456033,0.488420603989164,0.393315601892264,2707,"tags=42%, list=26%, signal=31%","Sema3f/Robo1/Sema3a/Robo2/Slit2/Sema5a/Slit1/Angpt2/Ryk/Coro1b"
"GO:0070534","GO:0070534","protein K63-linked ubiquitination",44,0.301414217610199,1.13835214241062,0.242,0.489185803757829,0.39393180236604,2403,"tags=36%, list=23%, signal=28%","Ube2o/Rnf152/Zfp91/Aktip/Sash1/Hectd1/Ube2e3/Prpf19/Ube2v1/Trim8/Ube2e2/Fbxw7/Prkn/Rnf213/Peli1/Arih2"
"GO:0071482","GO:0071482","cellular response to light stimulus",69,0.268679954618366,1.13188320964101,0.242171189979123,0.489185803757829,0.39393180236604,2647,"tags=33%, list=26%, signal=25%","Slc24a4/Prkcd/Crebbp/Tmem161a/Polh/Ino80/Ep300/Mapk13/Smpd1/Rpgr/Rgs9/Pierce1/Fbxw7/Ptprk/Ei24/Mme/Parp1/Bmf/Cul4a/Usp47/Dhx36/Aqp1/Nedd4"
"GO:0036503","GO:0036503","ERAD pathway",85,-0.25709811443179,-1.11981858160647,0.242085661080074,0.489185803757829,0.39393180236604,3162,"tags=38%, list=31%, signal=26%","Clgn/Rnf121/Faf1/Ube4b/Fbxo44/Eif2a/Ubxn4/Erlin1/Uggt1/Aup1/Ubxn10/Usp14/Sel1l/Sec61b/Usp19/Ufd1/Trim13/Uggt2/Yod1/Derl1/Dnajb9/Tmem67/Psmc6/Atxn3/Tor1a/Ube4a/Man1b1/Get4/Stub1/Ubxn2a/Aqp11/Ube2j2"
"GO:0072332","GO:0072332","intrinsic apoptotic signaling pathway by p53 class mediator",50,-0.295152190454056,-1.13731367166836,0.242424242424242,0.489370722548604,0.394080713867523,612,"tags=30%, list=6%, signal=28%","Mif/Eda2r/Armc10/Steap3/Ubb/Ddit4/Msh2/Rrn3/Mdm4/Rpl26/Bok/Brca2/Rrm2b/Ddx5/Chek2"
"GO:0006900","GO:0006900","vesicle budding from membrane",62,-0.276917811345379,-1.12850130172622,0.242603550295858,0.489406629425066,0.394109628975961,2295,"tags=31%, list=22%, signal=24%","Sec24a/Snap91/Chmp5/Pdcd6/Sar1b/Chmp4b/Sec31a/Ap2m1/Sec31b/Sec23a/Dnm1/Trappc3/Chmp7/Sec16a/Arf1/Ap3m2/Sec13/Trappc6b/Snx3"
"GO:0002228","GO:0002228","natural killer cell mediated immunity",27,0.351023416400049,1.17688915970065,0.24390243902439,0.489420125989339,0.394120497496366,381,"tags=15%, list=4%, signal=14%","Tap1/Cadm1/Tap2/Rasgrp1"
"GO:0007099","GO:0007099","centriole replication",31,-0.342330352560944,-1.17550046129304,0.243801652892562,0.489420125989339,0.394120497496366,2402,"tags=29%, list=23%, signal=22%","Trim37/Cetn1/Spice1/Cep192/Chmp2a/Vps4b/Deup1/Cetn4/Rttn"
"GO:0046885","GO:0046885","regulation of hormone biosynthetic process",20,0.377436302834133,1.15549514805392,0.24390243902439,0.489420125989339,0.394120497496366,2559,"tags=50%, list=25%, signal=38%","Arnt/Igf1r/Nfkb1/Bmp6/Nr3c1/Ppargc1a/Atp1a1/Igf1/Bmp5/Dkk3"
"GO:0045601","GO:0045601","regulation of endothelial cell differentiation",22,0.366080013868239,1.15325672943207,0.243407707910751,0.489420125989339,0.394120497496366,3901,"tags=59%, list=38%, signal=37%","Plcb1/Bmp6/Atoh8/Zeb1/Vcl/Add1/Rock1/Cul7/Dicer1/Vegfa/Tgfbr1/Vezf1/Rock2"
"GO:0045668","GO:0045668","negative regulation of osteoblast differentiation",38,0.313391752176629,1.14997411292502,0.243190661478599,0.489420125989339,0.394120497496366,2046,"tags=37%, list=20%, signal=30%","Vegfc/Fndc3b/Smad6/Hdac4/Smad3/Igfbp5/Ski/Chrd/Axin2/Cdk6/Lrp5/Crim1/Gsk3b/Nfatc1"
"GO:0034766","GO:0034766","negative regulation of monoatomic ion transmembrane transport",60,0.278754094031583,1.14061557062589,0.243298969072165,0.489420125989339,0.394120497496366,1566,"tags=20%, list=15%, signal=17%","Kcnq1/Drd2/Bcl2/Kcne2/Ppp3ca/Agrn/Ank3/Prkce/Cbarp/Ntsr1/Pik3c2a/Tgfb2"
"GO:1901796","GO:1901796","regulation of signal transduction by p53 class mediator",58,-0.282639559039133,-1.12884716075801,0.243614931237721,0.489420125989339,0.394120497496366,2934,"tags=36%, list=29%, signal=26%","Nop2/Bop1/Rps20/Mif/Rpl23/Kdm8/Armc10/Steap3/Ubb/Rpl5/Zmpste24/Rrn3/Dyrk3/Pak1ip1/Rpf2/Mdm4/Rpl26/Pla2r1/Smyd2/Rrm2b/Ddx5"
"GO:0046323","GO:0046323","D-glucose import",60,-0.278584272287786,-1.12433247337772,0.243713733075435,0.489420125989339,0.394120497496366,2342,"tags=38%, list=23%, signal=30%","Nfe2l2/Mapk14/Appl1/Slc27a4/C1qtnf12/Mfn2/Hk2/Sesn2/Oga/Ptpn11/Akt2/Ahi1/Sort1/Akt1/Slc1a2/Zdhhc7/Tsc2/Sirt6/Insr/Crebl2/Rps6kb1/Pid1/Pea15a"
"GO:0048012","GO:0048012","hepatocyte growth factor receptor signaling pathway",40,0.307615838817446,1.15127319998171,0.245210727969349,0.491459444947817,0.395762721344117,2105,"tags=40%, list=21%, signal=32%","Epha4/Egfr/Igf1r/Ntrk3/Epha3/Ephb1/Epha5/Met/Erbb4/Epha7/Epha6/Ros1/Alk/Ephb3/Tyro3/Ephb2"
"GO:0018212","GO:0018212","peptidyl-tyrosine modification",165,0.222263259804359,1.08364137269174,0.245243128964059,0.491459444947817,0.395762721344117,2624,"tags=32%, list=26%, signal=24%","Epha4/Pecam1/Hnf4a/Egfr/Igf1r/Prkcd/Zfyve28/Parp14/Pdgfd/Epha3/Aatk/Abi2/Agrn/Fyn/Pdgfc/Adnp/Prkce/Socs1/Ptk2/Traf3ip1/Ptpn6/Bmp6/Ptprz1/Erbb4/Epha7/Dusp22/Yes1/Inpp5f/Hsf1/Acvr1/Cd74/Ros1/Lrp4/Alk/Aplp2/Ptprc/Fbxw7/Ephb2/Igf1/Abl1/Mtor/Rap2c/Ggnbp2/Irf1/Tpst2/Nox4/Ptpn4/Pdcl3/Prkca/Fgfr3/Zfp592/Ddr2"
"GO:0006220","GO:0006220","pyrimidine nucleotide metabolic process",33,-0.330936337238607,-1.16306582691621,0.246464646464646,0.493580884856496,0.39747107559401,3397,"tags=48%, list=33%, signal=33%","Dut/Upb1/Uprt/Ctps2/Dtymk/Tbpl1/Slc4a7/Cad/Nme1/Tyms/Ctps1/Uckl1/Umps/Uck1/Upp1/Tymp"
"GO:0007599","GO:0007599","hemostasis",103,-0.251214482382377,-1.12421599214332,0.246753246753247,0.493832455523341,0.397673660553449,1266,"tags=15%, list=12%, signal=13%","Adra2a/Angpt1/Prkcq/Plat/Anxa5/Slc6a4/Pdgfra/Emilin2/Pip5k1c/Kng1/Vwf/Entpd2/Angptl1/Angptl2/Serpind1"
"GO:0010656","GO:0010656","negative regulation of muscle cell apoptotic process",45,0.299626306822144,1.13004072483349,0.246963562753036,0.493927125506073,0.397749896447135,2246,"tags=29%, list=22%, signal=23%","Cftr/Bcl2/Igf1r/Ambra1/Qki/Erbb4/Sirt4/Hsf1/Gria4/Gsk3b/Igf1/Hey2/Lrp6"
"GO:0018198","GO:0018198","peptidyl-cysteine modification",28,-0.345734314699577,-1.17042059355764,0.2475442043222,0.494435688263854,0.398159432133269,1466,"tags=36%, list=14%, signal=31%","Hhat/Gapdh/Ncoa7/Chchd4/Prdx3/Rab6a/Zdhhc7/Park7/Nos1/Golga7"
"GO:0006270","GO:0006270","DNA replication initiation",21,-0.374748499443718,-1.15869637519764,0.24750499001996,0.494435688263854,0.398159432133269,3538,"tags=62%, list=35%, signal=41%","Topbp1/Kat7/Orc1/Orc6/Orc2/Noc3l/Mcm4/Mcm6/Gmnn/Wrnip1/Ccne1/Prim2/Orc4"
"GO:0032784","GO:0032784","regulation of DNA-templated transcription elongation",67,-0.272032841378534,-1.11617733368992,0.248,0.49501976284585,0.39862977602108,2579,"tags=42%, list=25%, signal=31%","Ctnnb1/Rnf8/Recql5/Eaf1/Med23/Med14/Med8/Pwwp2b/Med16/Med28/Nelfb/Eaf2/Nelfe/Ccnt1/Ccnk/Med20/Med9/Med17/Sirt6/Med22/Leo1/Map2k1/Supt6/Med31/Ncbp2/Cdk9/Zc3h4/Cbx7"
"GO:0051289","GO:0051289","protein homotetramerization",42,-0.305729407693217,-1.14073615671273,0.248995983935743,0.496680599950824,0.399967215801983,2715,"tags=45%, list=26%, signal=33%","Osbpl2/Tdo2/Acot13/Pkd2/Trpa1/Usp16/Aqp4/Cby1/Hprt1/Ryr1/Dnm1/Sod2/Trpm2/Apip/Aldh9a1/Ssbp1/Cbr4/Pkm/Thg1l"
"GO:0062125","GO:0062125","regulation of mitochondrial gene expression",28,-0.343753893667981,-1.16371623862166,0.24950884086444,0.496766622371571,0.400036487982387,3436,"tags=54%, list=34%, signal=36%","Fastkd3/Mtg2/Trmt10c/Malsu1/Kansl3/Sirt3/Mettl4/C1qbp/Rmnd1/Cdk5rap1/Rcc1l/Fastkd2/Uqcc2/Coa3/Kat8"
"GO:0045104","GO:0045104","intermediate filament cytoskeleton organization",28,-0.342596257114684,-1.15979727077778,0.24950884086444,0.496766622371571,0.400036487982387,1906,"tags=25%, list=19%, signal=20%","Prph/Cln8/Sod1/Atxn3/Tor1a/Dnajb6/Vim"
"GO:0010508","GO:0010508","positive regulation of autophagy",117,-0.243896073989461,-1.11554008260256,0.24953095684803,0.496766622371571,0.400036487982387,2151,"tags=28%, list=21%, signal=23%","Bnip3l/Hk2/Nod1/Sesn2/Trim32/Lrrk2/Atg101/Hif1a/Xbp1/Trim13/Trim65/Tpcn1/Bag3/Ube2a/Prkaa2/Trp53inp1/Tsc2/Wipi1/Smcr8/Stub1/Map2k1/Snx7/Endog/Ticam1/Snx4/Tbk1/Fbxo7/Sesn1/Pip4k2b/Plekhf1/Bnip3/Scoc/Kdr"
"GO:0140588","GO:0140588","chromatin looping",111,-0.245398585763184,-1.11250296413343,0.25,0.497373604727511,0.400525279054498,2630,"tags=32%, list=26%, signal=24%","Ighmbp2/Dhx57/Mcm4/Mcm6/Dhx34/Nsf/Ddx52/Dhx40/Ddx3x/Eif4a2/Ddx11/Snrnp200/Dhx8/Recql/Ercc3/Supv3l1/Ruvbl1/Wrnip1/Spg7/Tor1a/Ddx21/Vps4b/G3bp1/Taf9/Ddx42/Ddx41/Dhx15/Ddx18/Chd1l/Ddx1/Mcm8/Yme1l1/Pcbp2/Helb/Eif4a3/Ddx5"
"GO:0006779","GO:0006779","porphyrin-containing compound biosynthetic process",26,-0.350712403971974,-1.16769376436804,0.250980392156863,0.497892160195825,0.400942861675846,3061,"tags=46%, list=30%, signal=32%","Abcb7/Hnf1a/Ppox/Pgrmc1/Uros/Ireb2/Alas1/Srrd/Tmem14a/Cpox/Tmem14c/Snx3"
"GO:0033014","GO:0033014","tetrapyrrole biosynthetic process",26,-0.350712403971974,-1.16769376436804,0.250980392156863,0.497892160195825,0.400942861675846,3061,"tags=46%, list=30%, signal=32%","Abcb7/Hnf1a/Ppox/Pgrmc1/Uros/Ireb2/Alas1/Srrd/Tmem14a/Cpox/Tmem14c/Snx3"
"GO:0007020","GO:0007020","microtubule nucleation",30,-0.33774408572394,-1.15660954679302,0.251020408163265,0.497892160195825,0.400942861675846,2472,"tags=40%, list=24%, signal=30%","Haus2/Ckap5/Tpx2/Tppp/Cep192/Tubgcp5/Tubgcp3/Slain2/Mzt1/Tubgcp2/Dctn1/Tubgcp4"
"GO:0050670","GO:0050670","regulation of lymphocyte proliferation",98,0.246419617086328,1.10911946140045,0.251063829787234,0.497892160195825,0.400942861675846,2265,"tags=27%, list=22%, signal=21%","Bcl2/Igfbp2/Nck2/Ppp3ca/Sox11/Pawr/Rc3h1/Adk/Tacr1/Cd276/Ptpn6/Slc4a1/Cd74/Atad5/Sh3rf1/Sash3/Ptprc/Mapk8ip1/Ephb2/Efnb1/Igf1/Vav3/Tnfrsf21/Irf1/Mad1l1/Peli1"
"GO:0061013","GO:0061013","regulation of mRNA catabolic process",137,0.230247213216409,1.09230950502279,0.251082251082251,0.497892160195825,0.400942861675846,3034,"tags=42%, list=30%, signal=30%","Calcr/Carhsp1/Pan3/Rc3h1/Rbm38/Igf2bp3/Elavl1/Pum2/Tnrc6b/Qki/Boll/Tnrc6c/Hnrnpd/Tent4a/Dis3l2/Gigyf2/Rbm24/Alkbh5/Axin2/Tut4/Rbm33/Ptbp1/Slc11a1/Ago3/Brf1/Cnot2/Thrap3/Fto/Syncrip/Tardbp/Hnrnpu/Dcp1b/Ythdf3/Zc3hav1/Celf1/Mtor/Nanos3/Tent5a/Nanos1/Pcbp4/Igf2bp1/Btg2/Tbrg4/Samd4/Fmr1/Dhx36/Fastk/Rock1/Larp4b/Pnldc1/Pum1/Cpeb3/Tnrc6a/Zfp36l2/Ybx1/Dicer1/Taf15/Tirap"
"GO:0097191","GO:0097191","extrinsic apoptotic signaling pathway",135,-0.236748373926606,-1.10855689698215,0.251376146788991,0.49814893706386,0.401149639087729,2093,"tags=24%, list=20%, signal=20%","G0s2/Ddx3x/Traf1/Src/Bmpr1b/Mknk1/Siva1/Sort1/Fadd/Itga6/Pak2/Agtr2/Gclc/Nf1/Bag3/Nrp1/Hmgb2/Inhba/Tnfrsf1a/Ctnna1/Cyld/Mllt11/Park7/Sgpp1/Bok/Tnfsf10/Rps6kb1/Cttn/Acvr1b/Itgav/Pea15a/Gstp3/Psme3"
"GO:0007019","GO:0007019","microtubule depolymerization",38,0.311618539659471,1.14346740533848,0.252918287937743,0.50087739375906,0.403346812136009,1890,"tags=32%, list=18%, signal=26%","Mid1/Fgf13/Nav3/Taok1/Stmn3/Atxn7/Ttbk2/Ccdc88c/Nckap5/Hdgfl3/Map2/Mid1ip1"
"GO:0043279","GO:0043279","response to alkaloid",82,0.258352545107492,1.12179430788438,0.253164556962025,0.501037627429743,0.403475845190948,2178,"tags=30%, list=21%, signal=24%","Drd2/Adgrl3/Fkbp5/Ppp1r1b/St8sia2/Crebbp/Cacng4/Oprk1/Gnal/Drd1/Gria1/Adora2a/Smpd1/Prkce/Drd5/Slc8a1/Spidr/Bdnf/Homer2/Irs1/Cnr1/Chek1/Trpv1/Parp1/Mtor"
"GO:0009791","GO:0009791","post-embryonic development",83,0.258426240073934,1.11910498131667,0.254237288135593,0.502832234367394,0.404921007213347,1521,"tags=22%, list=15%, signal=19%","Foxp2/Bcl11b/Bcl2/Acvr2b/Dscam/Chst11/Itpr1/Tet2/Tcf7l2/Sox6/Arid5b/Gigyf2/Enpp1/Slc8a1/Large1/Etnk2/Kmt2a/Atn1"
"GO:0007143","GO:0007143","female meiotic nuclear division",27,-0.344159905836412,-1.15693835540655,0.254901960784314,0.503817965542381,0.405714797334459,1321,"tags=26%, list=13%, signal=23%","Ska2/Marf1/Mlh1/Dcaf13/Mlh3/Trip13/Orc4"
"GO:0032801","GO:0032801","receptor catabolic process",21,0.372587448931619,1.16331906558007,0.255489021956088,0.504129686561012,0.405965820200947,3677,"tags=62%, list=36%, signal=40%","Dtx3l/Abca2/Furin/Mtmr2/Nedd4/Smurf1/Ptpn1/Pik3r4/Git1/Itch/Becn2/Anxa2/Znrf3"
"GO:0000038","GO:0000038","very long-chain fatty acid metabolic process",22,-0.365414225055055,-1.15415574902557,0.255402750491159,0.504129686561012,0.405965820200947,3435,"tags=50%, list=34%, signal=33%","Acox1/Tecrl/Acaa1b/Hacd2/Slc27a4/Acsl1/Acsbg1/Pex5/Acot4/Slc27a5/Tecr"
"GO:0050779","GO:0050779","RNA destabilization",74,0.258634652931315,1.10964928035719,0.255670103092783,0.504129686561012,0.405965820200947,2960,"tags=47%, list=29%, signal=34%","Pan3/Rc3h1/Elavl1/Tnrc6b/Tnrc6c/Hnrnpd/Tent4a/Zc3h18/Dis3l2/Gigyf2/Rbm24/Alkbh5/Tut4/Ago3/Cnot2/Fto/Syncrip/Tardbp/Hnrnpu/Dcp1b/Ythdf3/Celf1/Nanos3/Nanos1/Igf2bp1/Btg2/Samd4/Dhx36/Rock1/Pnldc1/Pum1/Cpeb3/Tnrc6a/Zfp36l2/Ybx1"
"GO:0071453","GO:0071453","cellular response to oxygen levels",127,-0.237750995985206,-1.09347300682568,0.255725190839695,0.504129686561012,0.405965820200947,1358,"tags=21%, list=13%, signal=19%","B3gat1/Map1lc3a/Atp6v1g1/Mief1/Ndrg1/Stc2/Vasn/Eef2k/Ccna2/Pdk1/Adam8/Ppard/Inhba/Rgcc/Sdhd/Map2k1/Zfp36l1/Fam162a/Endog/Ogt/Suv39h2/Pick1/Atp6v1a/Fos/P4hb/Higd1a/Bnip3"
"GO:0001569","GO:0001569","branching involved in blood vessel morphogenesis",32,-0.333353519168507,-1.15089993331343,0.25625,0.504835825747724,0.406534460338101,2339,"tags=34%, list=23%, signal=27%","Cxcr4/Edn1/Cxcl12/Mdk/Flt1/Ppp3r1/Ednra/Angpt1/Nrp1/Sirt6/Kdr"
"GO:0030520","GO:0030520","estrogen receptor signaling pathway",37,-0.317054897037054,-1.1452776103246,0.256673511293634,0.505013467025787,0.406677511400304,590,"tags=16%, list=6%, signal=15%","Taf7/Wbp2/Vps18/Ufsp2/Ddx5/Vps11"
"GO:0006289","GO:0006289","nucleotide-excision repair",49,-0.292374728823517,-1.12588037505319,0.256565656565657,0.505013467025787,0.406677511400304,2152,"tags=29%, list=21%, signal=23%","Gtf2h5/Poll/Pole/Xpc/Ercc3/Rad52/Smarcb1/Smarcd1/Hmgn1/Slx4/Gtf2h3/Brca2/Fan1/Smarcc2"
"GO:0002711","GO:0002711","positive regulation of T cell mediated immunity",22,0.361098882315192,1.1375647406151,0.257606490872211,0.505863685899416,0.40736217610382,1895,"tags=32%, list=18%, signal=26%","B2m/Tap2/Dennd1b/Fbxo38/Map3k7/Sash3/Ptprc"
"GO:0050886","GO:0050886","endocrine process",63,0.271146746008018,1.12539489096317,0.257606490872211,0.505863685899416,0.40736217610382,1087,"tags=17%, list=11%, signal=16%","Ghrl/Kcnq1/Pex5l/Oprk1/Kcnk9/Acvr2a/Tacr1/Nr3c2/Nkx2-1/Drd5/Bmp6"
"GO:0032370","GO:0032370","positive regulation of lipid transport",58,0.275066880592189,1.11835385427046,0.257606490872211,0.505863685899416,0.40736217610382,1188,"tags=19%, list=12%, signal=17%","Ghrl/Abcg1/Prkcd/Dennd5b/Lpcat3/Pla2g6/Sstr4/Abca12/Eepd1/Bmp6/Ntsr1"
"GO:0071383","GO:0071383","cellular response to steroid hormone stimulus",131,-0.236178218242789,-1.10020819988728,0.25830258302583,0.506902089746286,0.40819838250196,1745,"tags=24%, list=17%, signal=20%","Bmal1/Ddit4/Rnf6/Phb2/Agtr2/Ufm1/Rnf14/Abhd2/Eif4e/Errfi1/Scnn1b/Ywhah/Zdhhc7/Nr0b1/Zfp36l1/Taf7/Park7/Etnppl/Ptges3/Cry1/Sgk1/Rps6kb1/Wbp2/Vps18/Ufsp2/Ube2l3/Ddx5/Npc1/Shq1/Vps11/Scnn1a"
"GO:0048599","GO:0048599","oocyte development",34,0.320950286137067,1.14633496275951,0.259036144578313,0.507684034975607,0.408828067769136,1394,"tags=26%, list=14%, signal=23%","Foxo3/Bcl2/Wdr77/Plcb1/Sirt2/Tdrkh/Pde3a/Fbxo5/Tut4"
"GO:0051495","GO:0051495","positive regulation of cytoskeleton organization",125,0.228526491670174,1.07598914803606,0.258947368421053,0.507684034975607,0.408828067769136,1027,"tags=16%, list=10%, signal=15%","Nck2/Prox1/Cracd/Tenm1/Nav3/Add3/Abi2/Akap9/Prkd1/Cdkn1b/Myoc/Ep300/Tacr1/Met/Sh3pxd2b/Smad3/Ccdc88a/Prkce/Togaram1/Arf6"
"GO:0050878","GO:0050878","regulation of body fluid levels",193,0.219929324624801,1.08963617003541,0.259825327510917,0.508901578770574,0.409808532079274,1191,"tags=17%, list=12%, signal=15%","Cftr/Chrm3/Wfs1/Drd2/Adra2c/Hnf4a/Prkg1/Egfr/Ppp3ca/Ext1/Prkcd/mt-Co2/Kalrn/Ano6/Htr4/Pdss2/Negr1/St3gal4/Ptpro/Oprk1/Ncoa1/Atp2b2/Serping1/Nr3c2/Gna13/Adora2a/Prkce/Adra2b/Ptpn6/Slc4a1/Ubash3b/Erbb4"
"GO:0030888","GO:0030888","regulation of B cell proliferation",32,0.32314928313844,1.15211622527505,0.260536398467433,0.509964655914937,0.410664607403447,2400,"tags=38%, list=23%, signal=29%","Bcl2/Pawr/Rc3h1/Cd74/Atad5/Sash3/Ptprc/Ephb2/Vav3/Tnfrsf21/Peli1/Slc39a10"
"GO:0007288","GO:0007288","sperm axoneme assembly",24,-0.355549171738568,-1.15614198667525,0.261208576998051,0.510620637615544,0.411192856693706,1521,"tags=25%, list=15%, signal=21%","Tpgs1/Spag16/Cfap69/Spag6l/Ttll1/Ube2b"
"GO:0034728","GO:0034728","nucleosome organization",47,-0.297128452280227,-1.13858555593833,0.261044176706827,0.510620637615544,0.411192856693706,1144,"tags=21%, list=11%, signal=19%","Smarcb1/Smarcd1/Cebpg/Rbbp4/Nap1l4/Supt6/Mcm3ap/Chaf1a/Smarca5/Smarcc2"
"GO:0048708","GO:0048708","astrocyte differentiation",64,0.271817456024451,1.13120050393174,0.26219512195122,0.512218710194839,0.412479753424227,1415,"tags=23%, list=14%, signal=20%","Epha4/Egfr/Cntn2/Ntrk3/Pou3f2/Dab1/Drd1/Qki/Adora2a/Sox6/Nr3c1/Sox8/Grn/Prpf19/Large1"
"GO:0031629","GO:0031629","synaptic vesicle fusion to presynaptic active zone membrane",26,-0.346711717673115,-1.15437351566437,0.262745098039216,0.512632097269043,0.412812645985632,2045,"tags=38%, list=20%, signal=31%","Stx2/Cplx2/Rab3a/Stx1a/Snap23/Rph3a/Snap29/Snap47/Stx19/Vamp1"
"GO:0046902","GO:0046902","regulation of mitochondrial membrane permeability",33,-0.323733961513255,-1.13775329354903,0.262626262626263,0.512632097269043,0.412812645985632,2158,"tags=36%, list=21%, signal=29%","Slc35f6/Bnip3l/Hk2/Siva1/Ppif/Tmem14a/Gclc/Spg7/Dynlt1c/Vdac2/Bok/Bnip3"
"GO:1904894","GO:1904894","positive regulation of receptor signaling pathway via STAT",21,-0.369444882434698,-1.14229795915885,0.263473053892216,0.513391223982902,0.413423955946628,3854,"tags=67%, list=38%, signal=42%","Il10rb/Jak1/Tyk2/Notch1/Cyp1b1/Akr1b1/Usp1/Adipor1/Crlf3/Wdr48/Calm2/Mgat5/Kit/Prl5a1"
"GO:0015874","GO:0015874","norepinephrine transport",21,-0.368886314795008,-1.14057090674805,0.263473053892216,0.513391223982902,0.413423955946628,1527,"tags=24%, list=15%, signal=20%","Agtr2/Stx1a/Adora2b/Comt/Ptgs1"
"GO:2000300","GO:2000300","regulation of synaptic vesicle exocytosis",47,0.295409591959334,1.12953988156944,0.263888888888889,0.513871036846615,0.413810339902885,1106,"tags=21%, list=11%, signal=19%","Nlgn1/Wnt7a/Kcnh1/Ppfia2/Cacna1e/Syt1/Cask/Cacna1d/Stxbp5l/Rims3"
"GO:0007565","GO:0007565","female pregnancy",104,-0.245654586908746,-1.10284964171789,0.264325323475046,0.514390321213481,0.414228509492044,1422,"tags=24%, list=14%, signal=21%","Umps/Prdx3/Ago2/Kpna6/Mmp2/Sod1/Stc2/Adra2a/Cd38/Errfi1/Rgs2/Exoc1/Ube2a/Ppard/Arhgdib/Rara/Itga3/Dcaf13/Comt/Lamb1/Ctsb/Acvr1b/Fos/Itga5/Prl5a1"
"GO:0060251","GO:0060251","regulation of glial cell proliferation",38,0.307687250159435,1.12904175078932,0.264591439688716,0.514470059993208,0.414292721578689,1202,"tags=21%, list=12%, signal=19%","Egfr/Atxn1/Vegfc/Sox11/Ntn1/Ptk2/Ski/Idh2"
"GO:0032963","GO:0032963","collagen metabolic process",65,-0.268991246827791,-1.10176372574818,0.264705882352941,0.514470059993208,0.414292721578689,2020,"tags=29%, list=20%, signal=24%","Mmp1a/Hif1a/Larp6/Got1/Col1a1/Mmp2/Errfi1/Adora2b/Cygb/Fn1/Ppard/Inhba/Rgcc/Mmp27/P3h3/Vim/Ctsb/Acvr1b/Ccn2"
"GO:0055088","GO:0055088","lipid homeostasis",106,-0.245338584308951,-1.105979785727,0.264925373134328,0.514566590126292,0.414370455415231,2295,"tags=31%, list=22%, signal=24%","Sec24a/Pnpla8/Ephx2/Angptl3/Nr5a2/Sesn2/Ddx3x/Med13/Cln8/Xbp1/Abca3/Got1/Sar1b/Soat1/Nus1/Errfi1/Tmem97/Pnpla2/Ormdl1/Prkaa2/Tspo/Map2k1/Slc37a4/Lipc/Cyp39a1/Abcg8/Pla2g12b/Etnppl/Lima1/Abca5/Abcb11/Npc1/Usf1"
"GO:0051651","GO:0051651","maintenance of location in cell",137,0.228758173659493,1.08524539319858,0.266233766233766,0.516776625040558,0.416150153498007,1210,"tags=17%, list=12%, signal=15%","Plcl1/Chd7/Drd2/Dbn1/Itpr1/Htr2c/Cacna1c/Plcb1/Plcg1/Akap9/Prkd1/Ank3/Drd1/Ccdc88a/Dmd/Prkce/Ptpn6/Ank2/Ubash3b/Taf3/Jph3/Ntsr1/Ankrd13c"
"GO:0140238","GO:0140238","presynaptic endocytosis",72,-0.263646975052826,-1.10561447986809,0.266536964980545,0.517033933348944,0.416357358868457,2399,"tags=32%, list=23%, signal=25%","Sgip1/Snap91/Sh3gl1/Rac1/Lrrk2/Bin1/Dnajc6/Ap2m1/Ston1/Calm2/Stx1a/Dnm1/Arpc3/Synj1/Tor1a/Necap1/Ap2b1/Pacsin1/Ophn1/Ap3m2/Park7/Cltc/Pip5k1c"
"GO:0009994","GO:0009994","oocyte differentiation",35,0.313735069678194,1.12749729004068,0.267068273092369,0.517402089175115,0.416653827586561,1394,"tags=26%, list=14%, signal=22%","Foxo3/Bcl2/Wdr77/Plcb1/Sirt2/Tdrkh/Pde3a/Fbxo5/Tut4"
"GO:0035914","GO:0035914","skeletal muscle cell differentiation",54,0.282010147694815,1.11981128645783,0.267068273092369,0.517402089175115,0.416653827586561,1807,"tags=31%, list=18%, signal=26%","Mef2d/Sox11/Rbfox1/Klf5/Ddx17/Gpc1/Ephb1/Hdac4/Sox8/Rbm24/Barx2/Large1/Bcl9/Lemd2/Fkrp/Mcub/Hlf"
"GO:0000096","GO:0000096","sulfur amino acid metabolic process",23,-0.356379057125243,-1.13228749924425,0.267326732673267,0.517571884984026,0.416790560845222,2186,"tags=48%, list=21%, signal=38%","Cth/Mtr/Ggt1/Blmh/Enoph1/Gclc/Mpst/Apip/Adi1/Mmut/Comt"
"GO:0043330","GO:0043330","response to exogenous dsRNA",20,-0.374758192404484,-1.14608615223278,0.268627450980392,0.518548542752364,0.417577044328637,1792,"tags=30%, list=17%, signal=25%","Hcfc2/Colec12/Rftn1/Ddx21/Ticam1/Ddx1"
"GO:0042790","GO:0042790","nucleolar large rRNA transcription by RNA polymerase I",20,-0.373773138643769,-1.14307365911791,0.268627450980392,0.518548542752364,0.417577044328637,3052,"tags=55%, list=30%, signal=39%","Polr1d/Nol11/Pwp1/Macroh2a1/Ippk/Gtf2h5/Ddx11/Polr2e/Ercc3/Smarcb1/Ubtf"
"GO:0071479","GO:0071479","cellular response to ionizing radiation",49,-0.289338592813768,-1.11418878336493,0.268686868686869,0.518548542752364,0.417577044328637,827,"tags=14%, list=8%, signal=13%","Rhob/Egr1/Rpl26/Net1/Brca2/H2aj/Chek2"
"GO:0007229","GO:0007229","integrin-mediated signaling pathway",64,-0.269980436842392,-1.10338680395003,0.268627450980392,0.518548542752364,0.417577044328637,2881,"tags=34%, list=28%, signal=25%","Itgb1/Bcar1/Mapk8/Plpp3/Lama5/Tec/Lamc1/Lims2/Ptpn11/Itga11/Src/Itga6/Nrp1/Fn1/Ctnna1/Itga3/Nid1/Itgax/Lamb1/Itga5/Ccn2/Itgav"
"GO:0045137","GO:0045137","development of primary sexual characteristics",153,-0.230871306114862,-1.09436200695747,0.268292682926829,0.518548542752364,0.417577044328637,1375,"tags=20%, list=13%, signal=18%","Nup107/Eif2b5/Msh2/Mmp2/Sod1/Adgrg1/Angpt1/Lhcgr/Hmgb2/Nr0b1/Inhba/Lsm14b/Eif2s2/Rara/Ctnna1/Zfp830/Rec8/Eif2b2/Nudt1/Insr/Plekha1/Bok/Brca2/Tnfsf10/Arrb1/Pdgfra/Rrm1/Kit/Itgav/Nhlh2/Kdr"
"GO:0170036","GO:0170036","import into the mitochondrion",45,-0.29484059648639,-1.12522698578055,0.269685039370079,0.519482307241792,0.41832898668976,3129,"tags=62%, list=31%, signal=43%","Pam16/Tomm20/Slc25a40/Psen2/Tomm7/Timm17a/Dnlz/Tst/Tomm40/Sfxn2/Grpel1/Afg3l2/Dnajc19/Vdac1/Romo1/Opa1/Tomm70a/Hspa9/Mcu/Grpel2/Hif1a/Mcur1/Akt1/Mrpl18/Smdt1/Spg7/Maip1/Slc25a36"
"GO:0034248","GO:0034248","regulation of amide metabolic process",52,0.285199258118238,1.12191104320078,0.269617706237425,0.519482307241792,0.41832898668976,801,"tags=13%, list=8%, signal=12%","Lrrtm3/Epha4/Abcg1/Smpd3/Prkcd/Slc2a13/Pla2g6"
"GO:1900271","GO:1900271","regulation of long-term synaptic potentiation",52,0.285154491820691,1.12173494244963,0.269617706237425,0.519482307241792,0.41832898668976,2509,"tags=37%, list=24%, signal=28%","Epha4/Drd2/Ptpn5/Pde9a/Drd1/Adora2a/Akap5/Crtc1/Nptn/Adcy1/Adora1/Adrb1/Gsk3b/Mme/Ephb2/Abl1/Nsg1/Adcy8/Fmr1"
"GO:0050817","GO:0050817","coagulation",104,-0.244985853568767,-1.09984740864876,0.269870609981516,0.519509496978394,0.418350882055209,1266,"tags=14%, list=12%, signal=13%","Adra2a/Angpt1/Prkcq/Plat/Anxa5/Slc6a4/Pdgfra/Emilin2/Pip5k1c/Kng1/Vwf/Entpd2/Angptl1/Angptl2/Serpind1"
"GO:0060349","GO:0060349","bone morphogenesis",66,0.267066258707396,1.12109976291877,0.271084337349398,0.52138002236944,0.419857179729846,2603,"tags=36%, list=25%, signal=27%","Mef2d/Ext1/Smpd3/Col13a1/Chsy1/Bmpr2/Bmp6/Ski/Foxn3/Dlx5/Enpp1/Axin2/Dhrs3/Csgalnact1/Lrp5/Rarb/Bpnt2/Sik3/Mmp16/Lrp6/Gli3/Glg1/Fgf18/Fgfr3"
"GO:0042542","GO:0042542","response to hydrogen peroxide",78,-0.258192184552042,-1.10623956212444,0.271186440677966,0.52138002236944,0.419857179729846,2423,"tags=37%, list=24%, signal=29%","Nfe2l2/Casp3/Cat/Edn1/Abcc9/Hspa8/Trpa1/Fkbp1b/Src/mt-Nd6/Col1a1/Ppif/Prdx3/Ednra/Map1lc3a/Mmp2/Sod1/Sod2/Trpm2/Sirt6/Oser1/Rhob/Pcna/Rnf146/Park7/Plekha1/Net1/Ppp2cb/Bnip3"
"GO:1900015","GO:1900015","regulation of cytokine production involved in inflammatory response",30,-0.333515264824112,-1.1421278879538,0.271428571428571,0.521514629948365,0.419965576592083,4005,"tags=57%, list=39%, signal=35%","Apod/Bap1/Stat3/Il17rc/Extl3/Pld3/Cuedc2/Alox5/Mapk14/Adcy7/Appl1/Hif1a/Kpna6/Pdcd4/Ticam1/Il17ra/Il17d"
"GO:0090114","GO:0090114","COPII-coated vesicle budding",29,-0.339517947717692,-1.15993735661515,0.272,0.522281368821293,0.420583016476553,3491,"tags=52%, list=34%, signal=34%","Sec23b/Trappc2l/Mapk15/Sec24d/Klhl12/Tbc1d20/Sec24a/Pdcd6/Sar1b/Sec31a/Sec31b/Sec23a/Trappc3/Sec16a/Sec13"
"GO:0044788","GO:0044788","modulation by host of viral process",31,-0.332110520671032,-1.14040740859977,0.272727272727273,0.52301495972382,0.421173762945915,3049,"tags=55%, list=30%, signal=39%","Pi4ka/Eea1/Zdhhc20/Igf2r/Phb1/Smc6/Tbc1d20/Hspa8/Fbxl2/Rab5a/Fasn/Rab29/Ccnk/Ltf/Tmem41b/Csf1r/Eef1a1"
"GO:0035282","GO:0035282","segmentation",57,0.276568153659263,1.11103577964233,0.272727272727273,0.52301495972382,0.421173762945915,2049,"tags=26%, list=20%, signal=21%","Sema3f/Plxna2/Sema3a/Lfng/Ep300/Smad3/Palb2/Tdrkh/Chrd/Axin2/Bmpr1a/Mafb/Pcdh8/Nrarp/Ttn"
"GO:0014015","GO:0014015","positive regulation of gliogenesis",55,0.278195252356461,1.11233388510172,0.27364185110664,0.524436944246122,0.422318859392917,1323,"tags=20%, list=13%, signal=18%","Tenm4/Egfr/Atxn1/Vegfc/Ntn1/Ptpra/Qki/Ptk2/Sox8/Ptprz1/Prpf19"
"GO:0045576","GO:0045576","mast cell activation",36,-0.315573953988196,-1.13046793759561,0.274193548387097,0.524830354777576,0.422635665233428,1313,"tags=28%, list=13%, signal=24%","Ndrg1/Rabgef1/Adora2b/Snap23/Ywhaz/Milr1/Clnk/Snx4/Kit/Cd226"
"GO:0061014","GO:0061014","positive regulation of mRNA catabolic process",76,0.255191406754724,1.09879104248309,0.274058577405858,0.524830354777576,0.422635665233428,2960,"tags=47%, list=29%, signal=34%","Pan3/Rc3h1/Elavl1/Tnrc6b/Qki/Tnrc6c/Hnrnpd/Tent4a/Dis3l2/Gigyf2/Rbm24/Alkbh5/Tut4/Ago3/Cnot2/Fto/Syncrip/Tardbp/Hnrnpu/Dcp1b/Ythdf3/Zc3hav1/Celf1/Nanos3/Nanos1/Igf2bp1/Btg2/Samd4/Dhx36/Rock1/Pnldc1/Pum1/Cpeb3/Tnrc6a/Zfp36l2/Ybx1"
"GO:0097242","GO:0097242","amyloid-beta clearance",20,-0.371895044999586,-1.13733006988672,0.274509803921569,0.525103980986334,0.422856011091305,570,"tags=15%, list=6%, signal=14%","Insr/Cltc/Lrp1"
"GO:0098534","GO:0098534","centriole assembly",33,-0.321735788609763,-1.13073077483828,0.274747474747475,0.525227033744384,0.422955103081286,2402,"tags=27%, list=23%, signal=21%","Trim37/Cetn1/Spice1/Cep192/Chmp2a/Vps4b/Deup1/Cetn4/Rttn"
"GO:0001963","GO:0001963","synaptic transmission, dopaminergic",23,0.356709255413552,1.14648146405601,0.275653923541247,0.525899787227666,0.423496858361553,982,"tags=22%, list=10%, signal=20%","Drd2/Rab3b/Drd1/Adora2a/Drd5"
"GO:0090140","GO:0090140","regulation of mitochondrial fission",30,-0.331995701626736,-1.13692412162501,0.275510204081633,0.525899787227666,0.423496858361553,2891,"tags=43%, list=28%, signal=31%","Mfn1/Dnm1l/Aurka/Ddhd1/Mcu/Mfn2/Mapt/Mief1/Rala/Myo19/Bnip3/Vps35/Kdr"
"GO:0042311","GO:0042311","vasodilation",47,0.292805878256073,1.11958421815135,0.275793650793651,0.525899787227666,0.423496858361553,1840,"tags=32%, list=18%, signal=26%","Cftr/Plekha7/Prkg1/Egfr/Ext1/Pla2g6/Drd1/Adora2a/Ptk2/Gucy1a1/Adrb2/Ptprm/Kcnma1/Adora1/Adrb1"
"GO:2000377","GO:2000377","regulation of reactive oxygen species metabolic process",92,-0.248643563919619,-1.09379617036164,0.275415896487985,0.525899787227666,0.423496858361553,2816,"tags=40%, list=27%, signal=29%","Birc2/Alox5/Rnf41/Il18/Nfe2l2/Mapk14/Vdac1/Acod1/Pikfyve/Romo1/Cflar/Sirt3/Parl/Mfn2/Hk2/Atg5/Nqo2/Lrrk2/Hif1a/Aldh2/Tusc2/Akt1/Pax2/Hbp1/Mapt/Arg2/Sod1/Sod2/Tspo/Eif6/Arf4/Bco2/Insr/Ogt/Park7/Coq7/Pid1"
"GO:0071466","GO:0071466","cellular response to xenobiotic stimulus",85,0.250763287377083,1.08999040400965,0.27741935483871,0.528667072428484,0.425725299249341,1076,"tags=18%, list=10%, signal=16%","Asic2/Kcnq1/Hnf4a/Kcnc1/Kcne2/Egfr/Kcnq2/Pde4b/Gstm5/Guk1/Ppp1r12a/Rora/Akap5/Fmo3/Gstm4"
"GO:0099500","GO:0099500","vesicle fusion to plasma membrane",27,-0.338166694920855,-1.1367913962092,0.27843137254902,0.52893232528121,0.425938902206651,2045,"tags=37%, list=20%, signal=30%","Stx2/Cplx2/Rab3a/Stx1a/Snap23/Rph3a/Snap29/Snap47/Stx19/Vamp1"
"GO:0032435","GO:0032435","negative regulation of proteasomal ubiquitin-dependent protein catabolic process",27,-0.337647136784696,-1.13504483385434,0.27843137254902,0.52893232528121,0.425938902206651,870,"tags=15%, list=8%, signal=14%","Taf9/Uchl5/Ogt/Park7"
"GO:0060323","GO:0060323","head morphogenesis",33,0.318731087481318,1.13281313742848,0.27810650887574,0.52893232528121,0.425938902206651,1566,"tags=27%, list=15%, signal=23%","Crebbp/Ssbp3/Tcf7l2/Ep300/Vps13b/Ski/Arid5b/Dlx5/Tgfb2"
"GO:0008089","GO:0008089","anterograde axonal transport",40,0.299397105654646,1.12051403210366,0.277777777777778,0.52893232528121,0.425938902206651,2512,"tags=38%, list=25%, signal=28%","Agbl4/Hspb1/Dlg2/Ank3/Borcs5/Sybu/Ap3d1/Arl8a/Kif1b/Map2/Bloc1s4/Kif5c/Madd/Ap3s2/Map1a"
"GO:1904375","GO:1904375","regulation of protein localization to cell periphery",119,0.233003401290762,1.08755558880255,0.278372591006424,0.52893232528121,0.425938902206651,1988,"tags=27%, list=19%, signal=22%","Dpp6/Egfr/Ramp3/Rhoq/Kalrn/Gpc6/Epha3/Cacng2/Nrxn1/Cacna2d2/Pias1/Epm2a/Nbea/Akap5/Gpc4/Magi2/Arf6/Hectd1/Grip1/Atp2b4/Dpp10/Tnik/Lyplal1/Neto2/Gnai1/Ppfia1/Epb41l1/Stx8/Stac/Abca2/Ar/Gsk3b"
"GO:0010611","GO:0010611","regulation of cardiac muscle hypertrophy",56,0.278942191762449,1.1195347257785,0.279022403258656,0.529481149247863,0.426380859460325,2178,"tags=30%, list=21%, signal=24%","Foxp1/Foxo1/Ppp3ca/Pde9a/Adk/Nfatc3/Ep300/Smad3/Ptk2/Ctdp1/Nr3c1/Atp2b4/Adrb1/Gsk3b/Igf1/Parp1/Mtor"
"GO:0032944","GO:0032944","regulation of mononuclear cell proliferation",100,0.2404085276923,1.08612829485238,0.27906976744186,0.529481149247863,0.426380859460325,2265,"tags=26%, list=22%, signal=20%","Bcl2/Igfbp2/Nck2/Ppp3ca/Sox11/Pawr/Rc3h1/Adk/Tacr1/Cd276/Ptpn6/Slc4a1/Cd74/Atad5/Sh3rf1/Sash3/Ptprc/Mapk8ip1/Ephb2/Efnb1/Igf1/Vav3/Tnfrsf21/Irf1/Mad1l1/Peli1"
"GO:0044706","GO:0044706","multi-multicellular organism process",119,-0.238804428601713,-1.09414031154927,0.280373831775701,0.531622472015253,0.42810522498918,1422,"tags=24%, list=14%, signal=21%","Umps/Prdx3/Ago2/Kpna6/Mmp2/Sod1/Stc2/Adra2a/Cd38/Errfi1/Rgs2/Hyal5/Exoc1/Ube2a/Ppard/Arhgdib/Rara/Itga3/Slc6a4/Dcaf13/Comt/Lamb1/Ctsb/Rxfp1/Acvr1b/Fos/Itga5/Prl5a1"
"GO:0048199","GO:0048199","vesicle targeting, to, from or within Golgi",22,-0.360078629210232,-1.13730334373715,0.280943025540275,0.531703539904456,0.428170507381806,4079,"tags=59%, list=40%, signal=36%","Arfgap2/Arfgap3/Cep19/Dipk2a/Trappc2l/Mapk15/Klhl12/Pdcd6/Sar1b/Trappc3/Wipi1/Sec16a/Ap1ar"
"GO:0045776","GO:0045776","negative regulation of blood pressure",41,0.300012647096157,1.11850304732766,0.280632411067194,0.531703539904456,0.428170507381806,2015,"tags=34%, list=20%, signal=28%","Drd2/Arhgap42/Vegfc/Bmpr2/Drd5/Ntsr1/Rnls/Adrb2/Rnpep/Adora1/Adrb1/Cnr1/Trpv1/Scpep1"
"GO:0061326","GO:0061326","renal tubule development",67,0.262086887970697,1.10372774050342,0.280876494023904,0.531703539904456,0.428170507381806,2267,"tags=27%, list=22%, signal=21%","Bcl2/Gpc3/Gzf1/Kif26b/Sox8/Eya1/Notch2/Hs3st3b1/Pkd1/Pbx1/Lgr4/Wnt7b/Mtss1/Hs3st3a1/Greb1l/Lzts2/Wnt11/Gli3"
"GO:0032272","GO:0032272","negative regulation of protein polymerization",54,0.278279587612375,1.10499790715474,0.281124497991968,0.53171487447919,0.428179634894133,2144,"tags=30%, list=21%, signal=24%","Pecam1/Fhod3/Prkcd/Cracd/Svil/Add3/Arhgef7/Kank4/Capza2/Tbcd/Vill/Eps8/Map2/Add1/Slit2/Ssh2"
"GO:0031641","GO:0031641","regulation of myelination",45,0.294388715555403,1.11028714747166,0.281376518218623,0.531859544730149,0.428296135030219,2344,"tags=40%, list=23%, signal=31%","Tenm4/Srebf2/Pard3/Tcf7l2/Qki/Sirt2/Ptprz1/Tg/Cdh2/Kif14/Rarb/Rxra/Eif2ak3/Igf1/Mtor/Tnfrsf21/Mtmr2/Fig4"
"GO:0034143","GO:0034143","regulation of toll-like receptor 4 signaling pathway",21,0.362319748243219,1.13126051931197,0.283433133732535,0.535412964594502,0.431157634854978,2265,"tags=38%, list=22%, signal=30%","Znrf1/Mfhas1/Ninj1/Arf6/Ifi35/Dab2ip/Appl2/Peli1"
"GO:0045023","GO:0045023","G0 to G1 transition",26,-0.341330548907323,-1.13645696312256,0.284313725490196,0.536741799523548,0.432227719748335,1144,"tags=23%, list=11%, signal=21%","Smarcb1/Smarcd1/Rrm1/Rrm2b/Ccn2/Smarcc2"
"GO:0071425","GO:0071425","hematopoietic stem cell proliferation",23,-0.351160499404599,-1.11570709825538,0.285148514851485,0.537647790914748,0.432957296974252,1564,"tags=22%, list=15%, signal=18%","Eif2ak2/Pdcd2/Ctc1/Brca2/Prg4"
"GO:0014002","GO:0014002","astrocyte development",23,-0.350437858840631,-1.11341112473879,0.285148514851485,0.537647790914748,0.432957296974252,1349,"tags=26%, list=13%, signal=23%","Eif2b5/Nf1/Kras/Csf1r/Vim/Lrp1"
"GO:0009303","GO:0009303","rRNA transcription",25,-0.343803246313637,-1.13205684404383,0.285992217898833,0.53856831586915,0.433698577795619,3052,"tags=52%, list=30%, signal=37%","Polr1d/Nol11/Pwp1/Macroh2a1/Ippk/Gtf2h5/Cavin1/Polr1a/Ddx11/Polr2e/Ercc3/Smarcb1/Ubtf"
"GO:0051785","GO:0051785","positive regulation of nuclear division",38,0.302314350675041,1.10932618624276,0.285992217898833,0.53856831586915,0.433698577795619,2568,"tags=39%, list=25%, signal=30%","Igf1r/Smpd3/Phip/Eif4g3/Plcb1/Met/Sirt2/Fbxo5/Nusap1/Cdc23/Lrp5/Igf1/Mad1l1/Btc/Nup62"
"GO:0016180","GO:0016180","snRNA processing",26,-0.340668882571168,-1.13425395106462,0.286274509803922,0.53876507124589,0.433857021069297,2281,"tags=35%, list=22%, signal=27%","Exosc7/Mettl4/Ints2/Ints11/Ints12/Ints1/Ints8/Ints4/Exosc9"
"GO:1904427","GO:1904427","positive regulation of calcium ion transmembrane transport",59,0.270103156828738,1.10270120293927,0.28659793814433,0.539038952561961,0.434077572360127,2646,"tags=34%, list=26%, signal=25%","Ppp3ca/Cacna1c/Fgf14/Plcg1/Cacna1d/Drd1/Cacnb2/Akap5/Ank2/Ntsr1/Adrb2/Cemip/Stac/Adrb1/Abl1/Adcyap1r1/Vmp1/Akap6/Rapgef3/Grin1"
"GO:0031640","GO:0031640","killing of cells of another organism",20,-0.370464971563379,-1.1329566168305,0.288235294117647,0.539499853439568,0.434448726862226,2563,"tags=55%, list=25%, signal=41%","Hmgn2-ps/Gapdh/Romo1/Tac1/Cxcl12/Tusc2/Ltf/Scnn1b/Rpl30/Cxcl14/Kng1"
"GO:0141061","GO:0141061","disruption of cell in another organism",20,-0.370464971563379,-1.1329566168305,0.288235294117647,0.539499853439568,0.434448726862226,2563,"tags=55%, list=25%, signal=41%","Hmgn2-ps/Gapdh/Romo1/Tac1/Cxcl12/Tusc2/Ltf/Scnn1b/Rpl30/Cxcl14/Kng1"
"GO:0046365","GO:0046365","monosaccharide catabolic process",28,-0.334426057647487,-1.13213854758107,0.288801571709234,0.539499853439568,0.434448726862226,2778,"tags=39%, list=27%, signal=29%","Galm/Eno1/Gale/Eno2/Gapdh/Ldha/Gpi1/Pfkfb2/Pgm1/Pkm/Nudt5"
"GO:0045648","GO:0045648","positive regulation of erythrocyte differentiation",20,-0.369866088474904,-1.13112511153344,0.288235294117647,0.539499853439568,0.434448726862226,1009,"tags=25%, list=10%, signal=23%","Hmgb2/Inhba/Acvr1b/Fam210b/Id2"
"GO:0072530","GO:0072530","purine-containing compound transmembrane transport",20,-0.369319147323508,-1.12945245515819,0.288235294117647,0.539499853439568,0.434448726862226,1283,"tags=45%, list=13%, signal=39%","Slc25a4/Slc25a42/Shoc2/Lrrc8c/Slc35b2/Lrrc8b/Abcc4/Slc35b3/Slc25a17"
"GO:0021846","GO:0021846","cell proliferation in forebrain",27,0.335555063223986,1.12502784127914,0.288617886178862,0.539499853439568,0.434448726862226,2411,"tags=37%, list=24%, signal=28%","Six3/Ncor2/Wnt7a/Pou3f2/Wnt7b/Kif14/Tacc2/Gli3/Pax6/Igf2bp1"
"GO:0071230","GO:0071230","cellular response to amino acid stimulus",68,0.263038072406852,1.10988170849768,0.288306451612903,0.539499853439568,0.434448726862226,2537,"tags=37%, list=25%, signal=28%","Egfr/Glra3/Pdgfd/Col4a6/Ep300/Fyn/Pdgfc/Gria1/Hnrnpd/Socs1/Castor2/Gria2/Hsf1/Capn2/Grin3b/Zeb1/Prkn/Cpeb4/Glra1/Mtor/Samtor/Cybb/Sesn3/Rragb/Glra2"
"GO:0002200","GO:0002200","somatic diversification of immune receptors",55,0.276138646558614,1.10411076735307,0.287726358148893,0.539499853439568,0.434448726862226,2501,"tags=31%, list=24%, signal=23%","Bcl11b/Foxp1/Nhej1/Samhd1/Adar/Shld2/Ezh2/Xrcc6/Kmt5b/Atad5/Ptprc/Pms2/Sanbr/Polq/Nfkbiz/Hmces/Nbn"
"GO:1990089","GO:1990089","response to nerve growth factor",45,0.291183130968877,1.09819728404113,0.287449392712551,0.539499853439568,0.434448726862226,1494,"tags=24%, list=15%, signal=21%","Foxo3/Kcnc1/Ntrk3/Nfkb1/Gria1/Magi2/Arf6/Grip1/Gria2/Kcnc2/Bdnf"
"GO:0097696","GO:0097696","cell surface receptor signaling pathway via STAT",84,0.252125408470475,1.0934287430654,0.287846481876333,0.539499853439568,0.434448726862226,2250,"tags=29%, list=22%, signal=22%","Pecam1/Hnf4a/Stat2/Parp14/Pias1/Dab1/Ptprt/Ep300/Fyn/Socs1/Traf3ip1/Nlk/Erbb4/Pkd1/Inpp5f/Hsf1/C1qtnf4/Ptprc/Dot1l/Ephb2/Igf1/Ercc6/Ggnbp2/Irf1"
"GO:0065004","GO:0065004","protein-DNA complex assembly",113,-0.238365539387605,-1.08570216382272,0.288640595903166,0.539499853439568,0.434448726862226,2763,"tags=34%, list=27%, signal=25%","Cenpn/Med23/Tbp/Shprh/Med14/Med8/Cenpw/Macroh2a1/Gtf2f2/Med16/Med28/Gtf2h5/Taf13/Gmnn/Mis18a/Taf10/Taf12/Med20/Kntc1/Sugt1/Med9/Rrn3/Gtf2b/Psmc6/Rad52/Smarcb1/Med17/Med22/Oip5/Taf9/Rbbp4/Nap1l4/Med31/Taf7/Cenpv/Mis12/Chaf1a/Smarca5"
"GO:0015918","GO:0015918","sterol transport",71,-0.260644452032951,-1.09187226344692,0.289272030651341,0.539983402313037,0.434838119354392,1861,"tags=23%, list=18%, signal=19%","Abca3/Soat1/Stard5/Nus1/Serac1/Tmem97/Arv1/Vps4b/Lipc/Abcg8/Comt/Tpcn2/Abca5/Npc1/Scp2/Lrp1"
"GO:0017015","GO:0017015","regulation of transforming growth factor beta receptor signaling pathway",103,0.238464377142916,1.08163951142965,0.289416846652268,0.539983402313037,0.434838119354392,1875,"tags=25%, list=18%, signal=21%","Spred2/Chst11/Smurf2/Sap130/Sox11/Crebbp/Hipk2/Rnf111/Smad6/Ep300/Nkx2-1/Smad3/Ski/Tet1/Arid4b/Arid4a/Lats1/Ldlrad4/Tgfbr3/Pmepa1/Htra1/Zfp451/Cdkn1c/Zeb1/Pals1/Fermt1"
"GO:0055090","GO:0055090","acylglycerol homeostasis",26,-0.33948151269225,-1.13030061383472,0.290196078431373,0.540106951871658,0.4349376114082,2720,"tags=46%, list=27%, signal=34%","Il18/Dgat2/Pnpla8/Angptl3/Sesn2/Med13/Xbp1/Pnpla2/Map2k1/Lipc/Abcg8/Pla2g12b"
"GO:0070328","GO:0070328","triglyceride homeostasis",26,-0.33948151269225,-1.13030061383472,0.290196078431373,0.540106951871658,0.4349376114082,2720,"tags=46%, list=27%, signal=34%","Il18/Dgat2/Pnpla8/Angptl3/Sesn2/Med13/Xbp1/Pnpla2/Map2k1/Lipc/Abcg8/Pla2g12b"
"GO:0001906","GO:0001906","cell killing",63,0.262819158340188,1.09083122846896,0.290060851926978,0.540106951871658,0.4349376114082,1057,"tags=17%, list=10%, signal=16%","Tap1/Cadm1/B2m/Tap2/Rasgrp1/Pcyox1l/C8b/Ctsh/Ninj1/Nts/Ptpn6"
"GO:0015748","GO:0015748","organophosphate ester transport",108,-0.240351040436643,-1.08255066699075,0.289719626168224,0.540106951871658,0.4349376114082,2101,"tags=27%, list=20%, signal=22%","Slc25a25/Lrrc8c/Atp8b2/Abca3/Cptp/Tnfaip8l3/Pitpnm3/Prelid3a/Pitpnb/Tmem41b/Prelid3b/Slc35b2/Lrrc8b/Abcc4/Slc35b3/Abcc1/Slc37a4/Xkr7/Abcg8/Dbi/Abcc5/Vdac2/Plscr5/Etnppl/Slc25a17/Esyt1/Slc25a36/Scp2/Calhm2"
"GO:2001239","GO:2001239","regulation of extrinsic apoptotic signaling pathway in absence of ligand",24,0.349897617465874,1.13490910735462,0.29038854805726,0.540133395097297,0.434958905622906,2475,"tags=42%, list=24%, signal=32%","Bcl2/Fyn/Eya1/Eya2/Tgfb2/Ripk1/Sgk3/Wwox/Ret/Tert"
"GO:0030518","GO:0030518","nuclear receptor-mediated steroid hormone signaling pathway",77,-0.255119316533152,-1.08866536590132,0.290630975143403,0.54025267158559,0.435054956656383,1745,"tags=25%, list=17%, signal=21%","Bmal1/Rnf6/Phb2/Ufm1/Rnf14/Errfi1/Ywhah/Zdhhc7/Nr0b1/Taf7/Park7/Ptges3/Cry1/Wbp2/Vps18/Ufsp2/Ddx5/Shq1/Vps11"
"GO:0001975","GO:0001975","response to amphetamine",25,0.341904056898667,1.12729247368508,0.290983606557377,0.540576534560915,0.435315757204169,1625,"tags=36%, list=16%, signal=30%","Drd2/Ppp3ca/Ppp1r1b/Gnal/Drd1/Adora2a/Drd5/Rgs9/Pde1b"
"GO:0099563","GO:0099563","modification of synaptic structure",48,0.286166376930445,1.10078918066513,0.291417165668663,0.541050252436304,0.43569723298501,1114,"tags=21%, list=11%, signal=19%","Epha4/Dlgap4/Camkv/Kalrn/Ctnna2/Cap2/Itpka/Drd1/Ptk2/Filip1"
"GO:0008286","GO:0008286","insulin receptor signaling pathway",128,0.226406177154966,1.06839691061379,0.291754756871036,0.541345323526784,0.435934847988566,2105,"tags=28%, list=21%, signal=23%","Epha4/Foxo1/Pik3r3/Egfr/Igf1r/Ntrk3/Prkcd/Rhoq/Ptprf/Phip/Epha3/Ptpra/Plcb1/Ephb1/Bcar3/Epha5/Met/Socs1/Srebf1/Erbb4/Epha7/Enpp1/Epha6/Stxbp4/Ncoa5/Ros1/Alk/Irs1/Srsf3/Ephb3/Grb10/Gsk3b/Tyro3/Ptpre/Grb2/Ephb2"
"GO:0002709","GO:0002709","regulation of T cell mediated immunity",28,0.334989036221484,1.13797664271227,0.292089249492901,0.541634287615354,0.436167545142397,1895,"tags=29%, list=18%, signal=23%","B2m/Tap2/Dennd1b/Fbxo38/Dusp22/Map3k7/Sash3/Ptprc"
"GO:0141060","GO:0141060","disruption of anatomical structure in another organism",22,-0.358310766432358,-1.13171957373404,0.292730844793713,0.541829236240043,0.43632453347383,2563,"tags=50%, list=25%, signal=38%","Hmgn2-ps/Gapdh/Romo1/Tac1/Cxcl12/Tusc2/Ltf/Scnn1b/Rpl30/Cxcl14/Kng1"
"GO:0036314","GO:0036314","response to sterol",20,0.363534696737489,1.11293634204027,0.292682926829268,0.541829236240043,0.43632453347383,1505,"tags=25%, list=15%, signal=21%","Lrp8/Gpr155/Rora/Gramd1b/Rorc"
"GO:0071549","GO:0071549","cellular response to dexamethasone stimulus",20,0.363504248016818,1.11284312538692,0.292682926829268,0.541829236240043,0.43632453347383,1383,"tags=25%, list=13%, signal=22%","Smyd3/Foxo1/Egfr/Nr3c1/Axin2"
"GO:2001234","GO:2001234","negative regulation of apoptotic signaling pathway",167,-0.219843382152978,-1.05929847882235,0.293577981651376,0.543065497193938,0.437320070347593,2639,"tags=30%, list=26%, signal=23%","Nfe2l2/Mif/Txndc12/Ghitm/Yap1/Mcl1/Tpt1/Opa1/Cflar/Armc10/Parl/Bag5/Mfn2/Hgf/Slc35f6/Trim32/Lrrk2/Ddx3x/Src/Cxcl12/Hif1a/Rb1/Xbp1/Ppif/Akt1/Itga6/Tmem14a/Ndufs3/Gclc/Rrn3/Pycr1/Sod2/Nrp1/Hmgb2/Ctnna1/Map2k1/Hells/Mdm4/Vdac2/Park7/Fbxo7/Bok/Rps6kb1/Cttn/Rrm2b/Itgav/Pea15a/Higd1a/Gstp3/Psme3"
"GO:2001243","GO:2001243","negative regulation of intrinsic apoptotic signaling pathway",78,-0.253095050349335,-1.08440059159838,0.293785310734463,0.543117444493852,0.437361902496699,2639,"tags=36%, list=26%, signal=27%","Nfe2l2/Mif/Txndc12/Tpt1/Opa1/Armc10/Parl/Bag5/Trim32/Lrrk2/Ddx3x/Src/Cxcl12/Hif1a/Xbp1/Ppif/Akt1/Ndufs3/Rrn3/Pycr1/Sod2/Map2k1/Hells/Mdm4/Vdac2/Park7/Fbxo7/Rrm2b"
"GO:0030514","GO:0030514","negative regulation of BMP signaling pathway",44,0.291849956783998,1.10223076469856,0.294,0.543182926829268,0.437414634146341,2174,"tags=32%, list=21%, signal=25%","Smurf2/Bmper/Hipk2/Tcf7l2/Smad6/Gpr155/Ski/Chrd/Fzd1/Htra1/Lemd2/Crim1/Lrp2/Abl1"
"GO:1901606","GO:1901606","alpha-amino acid catabolic process",58,-0.27014856069365,-1.07895878679766,0.294695481335953,0.544136080711723,0.43818219040812,1425,"tags=19%, list=14%, signal=16%","Arg2/Got2/Mccc1/Aadat/Acadsb/Hibch/Oat/Nos1/Dlst/Ppat/Aldh6a1"
"GO:0035162","GO:0035162","embryonic hemopoiesis",24,-0.343292933221546,-1.11628828126807,0.296296296296296,0.546758695357965,0.440294130915325,314,"tags=12%, list=3%, signal=12%","Hscb/Kit/Kdr"
"GO:0043507","GO:0043507","positive regulation of JUN kinase activity",27,0.333798032815505,1.11913698060035,0.296747967479675,0.546925998457065,0.440428856843313,2327,"tags=30%, list=23%, signal=23%","Epha4/Sash1/Fgd4/Map2k4/Dab2ip/Map3k7/Taok3/Map3k13"
"GO:0060674","GO:0060674","placenta blood vessel development",27,0.332965149298343,1.11634454130187,0.296747967479675,0.546925998457065,0.440428856843313,2247,"tags=37%, list=22%, signal=29%","Arid1a/Hs6st1/Nr2f2/Plcd3/Notch2/Pkd1/Fbxw8/Hey2/Vash2/Ggnbp2"
"GO:0099590","GO:0099590","neurotransmitter receptor internalization",47,-0.289693722011552,-1.11009593661293,0.29718875502008,0.547405427179844,0.440814931458356,1651,"tags=28%, list=16%, signal=23%","Arc/Ap2m1/Ppp3r1/Eps15/Synj1/Ap2b1/Pacsin1/Ophn1/Usp46/Rala/Pick1/Pip5k1c/Lrp1"
"GO:0070129","GO:0070129","regulation of mitochondrial translation",21,-0.35864157140863,-1.10889487056846,0.297405189620758,0.547471278584993,0.440867960312667,3436,"tags=52%, list=34%, signal=35%","Fastkd3/Mtg2/Trmt10c/Malsu1/C1qbp/Rmnd1/Cdk5rap1/Rcc1l/Fastkd2/Uqcc2/Coa3"
"GO:0002720","GO:0002720","positive regulation of cytokine production involved in immune response",41,-0.29870598436637,-1.11100630049676,0.298387096774194,0.548945296433398,0.44205495818399,963,"tags=32%, list=9%, signal=29%","Il18/Casp1/Mif/Prkcz/Nod1/Traf6/Ddx21/Clnk/Gprc5b/Ticam1/Ddx1/Kit/Cd226"
"GO:0007616","GO:0007616","long-term memory",30,0.322563086439768,1.12029877737577,0.298828125,0.549089884020619,0.442171391752577,1190,"tags=23%, list=12%, signal=21%","Drd2/Crebbp/Ccnd2/Tacr1/Gria1/Btbd9/Adcy1"
"GO:0009311","GO:0009311","oligosaccharide metabolic process",27,0.332878888616081,1.11605533192974,0.298780487804878,0.549089884020619,0.442171391752577,1610,"tags=37%, list=16%, signal=31%","B3galt1/St8sia2/St6galnac6/St6galnac3/Fut9/St3gal4/St8sia1/Mogs/St8sia6/St6galnac4"
"GO:0032288","GO:0032288","myelin assembly",21,0.358547912957655,1.11948382658518,0.29940119760479,0.549208187456054,0.442266659205536,3014,"tags=57%, list=29%, signal=40%","Tenm4/Nfasc/Gpc1/Pals1/Abca2/Mobp/Mtmr2/Pmp22/Fig4/Ugt8a/Cntn1/Dicer1"
"GO:0035909","GO:0035909","aorta morphogenesis",23,0.346714890777558,1.11435907410877,0.299798792756539,0.549208187456054,0.442266659205536,2158,"tags=39%, list=21%, signal=31%","Chd7/Prox1/Eya1/Sox4/Bmpr1a/Tgfb2/Efnb2/Hey2/Srf"
"GO:0007091","GO:0007091","metaphase/anaphase transition of mitotic cell cycle",66,-0.267019040575117,-1.09297681673748,0.299603174603175,0.549208187456054,0.442266659205536,2172,"tags=32%, list=21%, signal=25%","Anapc1/Psmg2/Rb1/Anapc7/Cdc16/Pcid2/Cep192/Bub3/Kntc1/Prpf4b/Smarcb1/Cdca8/Smarcd1/Lcmt1/Gen1/Spc25/Dync1li1/Usp44/Trip13/Anapc4/Smarcc2"
"GO:0007585","GO:0007585","respiratory gaseous exchange by respiratory system",52,0.277388979923355,1.09118712962847,0.299798792756539,0.549208187456054,0.442266659205536,2332,"tags=37%, list=23%, signal=28%","Chst11/Nlgn1/Hipk2/Gls/Dach1/Ccdc88c/Ntsr1/Adrb2/Fut8/Ndst1/Mafb/Fkrp/Adora1/Man1a2/Fto/Cfap43/Glra1/Tshz3/Tnnc1"
"GO:0045732","GO:0045732","positive regulation of protein catabolic process",152,-0.227122950448656,-1.07546077211628,0.299625468164794,0.549208187456054,0.442266659205536,3132,"tags=34%, list=31%, signal=24%","Rbx1/Mapk15/Faf1/Gpld1/Snx9/Trib1/Oaz1/Chfr/Psen1/Aurka/Mapk8/Eif2a/Rnf41/Sec22b/Ddb1/Pacsin3/Zfand2a/Nsf/Sumo1/Trim32/Lrrk2/Sorl1/Zer1/Ezr/Pabir1/Bbs7/Oaz2/Osbpl7/Akt1/Usp5/Atg4b/Bag2/Tmem67/Gclc/Adra2a/Fzr1/Atxn3/Sgsm3/Msn/Adam8/Sirt6/Csnk1e/Stub1/Ubxn2a/Zyg11b/Vps28/Paqr3/Snx1/Gga3/Vps35/Vps11/Lrp1"
"GO:0045777","GO:0045777","positive regulation of blood pressure",30,0.322245211498866,1.1191947610682,0.30078125,0.549468231832531,0.442476067878342,2102,"tags=37%, list=21%, signal=29%","Tacr1/Nr3c2/Nr2f2/Drd5/Adra2b/Adrb2/Adora1/Adrb1/Cnr1/Grip2/Crhr2"
"GO:0044784","GO:0044784","metaphase/anaphase transition of cell cycle",68,-0.262357312639755,-1.08232789279442,0.300395256916996,0.549468231832531,0.442476067878342,3320,"tags=47%, list=32%, signal=32%","Brd7/Nsmce2/Cit/Mapk15/Dusp1/Zfp207/Chfr/Bcl7b/Anapc5/Birc5/Cdc27/Anapc1/Psmg2/Rb1/Anapc7/Cdc16/Pcid2/Cep192/Bub3/Kntc1/Prpf4b/Smarcb1/Cdca8/Smarcd1/Lcmt1/Gen1/Spc25/Dync1li1/Usp44/Trip13/Anapc4/Smarcc2"
"GO:0046822","GO:0046822","regulation of nucleocytoplasmic transport",96,-0.244158047345535,-1.0810446259544,0.300556586270872,0.549468231832531,0.442476067878342,2634,"tags=34%, list=26%, signal=26%","Mapk14/Tmem53/Ipo5/Nup54/Hdac3/Ywhae/Sumo1/Ptpn11/Xbp1/Rab23/Agtr2/Ufm1/Jup/Chchd4/Nutf2/Ran/Akap1/Prpf4b/Nf1/Nsun2/Bag3/Rbm22/Angpt1/Ppm1a/Prkcq/Inpp4b/Nolc1/Sirt6/Tnfrsf1a/Supt6/Nup214/Ncbp2/Park7"
"GO:0046660","GO:0046660","female sex differentiation",88,-0.245072731885882,-1.07255564683042,0.300187617260788,0.549468231832531,0.442476067878342,1375,"tags=20%, list=13%, signal=18%","Nup107/Eif2b5/Mmp2/Sod1/Angpt1/Lhcgr/Inhba/Lsm14b/Ctnna1/Zfp830/Eif2b2/Insr/Plekha1/Brca2/Arrb1/Pdgfra/Kit/Kdr"
"GO:0000082","GO:0000082","G1/S transition of mitotic cell cycle",148,0.222772022024484,1.06592521018063,0.300847457627119,0.549468231832531,0.442476067878342,2625,"tags=36%, list=26%, signal=27%","Bcl2/Egfr/Ppp3ca/Tfdp1/Arid1a/Crebbp/Ccnd2/Pias1/Myo16/Ino80/Plcb1/Ambra1/Cdkn1b/Cables1/Ecd/Rbbp8/Ccnb2/Ptpn6/Ctdspl/Arid2/Ezh2/Lats1/Gigyf2/Cdk2ap2/Nasp/Dpf3/Hinfp/Ccnj/Pkd1/Smarca4/Pbrm1/Acvr1/Cdk6/Kif14/Dcun1d3/Dgkz/Ankrd17/Ube2e2/Ccni/Nfatc1/Klf11/Smarcd2/Rcc1/Appl2/Cul4a/Cacnb4/Tert/Ctdsp1/E2f3/Wac/Plk3/Ddr2/Hacd1"
"GO:0032147","GO:0032147","activation of protein kinase activity",45,0.288100833853992,1.08657239935461,0.301619433198381,0.550546314813912,0.443344227110873,2174,"tags=33%, list=21%, signal=26%","Adra2c/Ntrk3/Prkcd/Zfp91/Pdgfc/Ccdc88a/Adra2b/Notch2/Slc11a1/Tgfb2/Kif14/Itgb1bp1/Gas6/Igf1/Abl1"
"GO:0090181","GO:0090181","regulation of cholesterol metabolic process",30,0.321131077952936,1.11532524684971,0.302734375,0.55224142161158,0.444709263608005,1707,"tags=30%, list=17%, signal=25%","Abcg1/Lmf1/Srebf2/Thrb/Lpcat3/Qki/Srebf1/Scap/Gnai1"
"GO:0016925","GO:0016925","protein sumoylation",37,0.302815686539154,1.10372709494945,0.302912621359223,0.55224142161158,0.444709263608005,2289,"tags=35%, list=22%, signal=27%","Arnt/Ube2i/Pias1/Bcl11a/Zmiz1/Hdac4/Zmiz2/Eya1/Zfp451/Ifih1/Senp6/Cbx4/Ranbp2"
"GO:0019674","GO:0019674","NAD metabolic process",24,-0.340032841712941,-1.10568741654078,0.306042884990253,0.557612712880618,0.449034659877461,2831,"tags=46%, list=28%, signal=33%","Nadk/Mdh1/Macroh2a1/Ldha/Got1/Nmrk2/Nampt/Got2/Slc25a13/Nadsyn1/Slc25a22"
"GO:1901019","GO:1901019","regulation of calcium ion transmembrane transporter activity",37,0.300729170663437,1.09612199320459,0.306796116504854,0.558649178491411,0.44986930545183,1173,"tags=19%, list=11%, signal=17%","Drd2/Fgf14/Cacnb2/Dmd/Ank2/Jph3/Cbarp"
"GO:0022602","GO:0022602","ovulation cycle process",35,-0.310661938264661,-1.10876709745855,0.307539682539683,0.55966680966681,0.450688784022117,2955,"tags=43%, list=29%, signal=31%","Map2k6/Runx1/Sgpl1/Casp3/Npy5r/Mfn2/Src/Bmpr1b/Mmp2/Lhcgr/Inhba/Zfp830/Plekha1/Arrb1/Pdgfra"
"GO:0071709","GO:0071709","membrane assembly",41,-0.298074663031799,-1.10865816548422,0.308467741935484,0.561018762343647,0.451777485187623,2244,"tags=37%, list=22%, signal=29%","Hdac3/Chmp5/Stx2/Chmp4b/Pacsin2/Rftn1/Chmp2a/Chmp7/Vps4b/Ubxn2a/Brox/Chmp2b/Chmp3/Chmp1b2/Ubxn2b"
"GO:0007422","GO:0007422","peripheral nervous system development",53,0.275707794464271,1.08639761782015,0.308943089430894,0.561546227339898,0.452202242478334,1309,"tags=23%, list=13%, signal=20%","Ntrk3/Plxna4/Adgrb2/Pou3f2/Pard3/Gpc1/Myoc/Sirt2/Dmd/Ski/Sox8/Egr3"
"GO:0120162","GO:0120162","positive regulation of cold-induced thermogenesis",60,0.264528883695688,1.08240836667103,0.311340206185567,0.565564043610472,0.455437711686321,1526,"tags=22%, list=15%, signal=19%","Esrrg/Ghrl/Ehmt1/Igf1r/Zfp516/Ppargc1b/Ksr2/Pemt/Pdgfc/Ppargc1a/Adrb2/Smarca4/Hsf1"
"GO:0150116","GO:0150116","regulation of cell-substrate junction organization",55,0.271669538107524,1.08624151644302,0.311871227364185,0.566189226431085,0.455941159238233,2810,"tags=42%, list=27%, signal=31%","Arhgap6/Epha3/Ptpra/Myoc/Peak1/Smad3/Map4k4/Ptk2/Arf6/Dusp22/Ldb1/Vcl/Itgb1bp1/Iqsec1/Abl1/Clasp2/Clasp1/Tsc1/Rock1/Macf1/Dlc1/Lims1/Ptprj"
"GO:0031960","GO:0031960","response to corticosteroid",100,0.236405354165874,1.06804258018165,0.312896405919662,0.567710245471003,0.457166006253877,1988,"tags=27%, list=19%, signal=22%","Foxo3/Calcr/Bcl2/Igfbp2/Smyd3/Foxo1/Egfr/Slit3/Ep300/Sstr4/Nr3c2/Bmp6/Nr3c1/Maob/Pappa/Adam9/Axin2/Card9/Cpn1/Fkrp/Rxra/Gba1/Glb1/Zfp764l1/Sstr3/Hnrnpu/Gsk3b"
"GO:0098810","GO:0098810","neurotransmitter reuptake",21,-0.357161518957309,-1.10431865101589,0.313373253493014,0.568235163425393,0.457588712461373,1904,"tags=38%, list=19%, signal=31%","Cln8/Slc1a2/Slc18b1/Tor1a/Fev/Slc6a4/Park7/Nos1"
"GO:0051491","GO:0051491","positive regulation of filopodium assembly",31,0.315743613444142,1.1130594497449,0.314671814671815,0.570094881420623,0.459086307150601,2572,"tags=39%, list=25%, signal=29%","Nlgn1/Rhoq/Tenm1/Agrn/Dnm3/Mien1/Tenm2/Plppr5/Srf/Myo3a/Fmr1/Myo3b"
"GO:1902905","GO:1902905","positive regulation of supramolecular fiber organization",121,0.227294728750269,1.06312846381232,0.314775160599572,0.570094881420623,0.459086307150601,2379,"tags=28%, list=23%, signal=22%","Nck2/Prox1/Cracd/Tenm1/Nav3/Abi2/Akap9/Prkd1/Cdkn1b/Myoc/Ep300/Tacr1/Met/Sh3pxd2b/Smad3/Ccdc88a/Prkce/Togaram1/Arf6/Pde4dip/Colgalt1/Whamm/Mtss1/Kirrel1/Itgb1bp1/Slain1/Grb2/Wnt11/Abl1/Mtor/Usp8/Sema5a/Arhgef10/Nox4"
"GO:1900181","GO:1900181","negative regulation of protein localization to nucleus",33,0.30754794866148,1.09306675852046,0.315581854043393,0.571214466996105,0.459987887614025,2178,"tags=42%, list=21%, signal=34%","Hnf4a/Dclk3/Mark3/Mfhas1/Lats1/Mdfic/Otud7b/Dclk2/Fermt1/Dclk1/Gsk3b/Ei24/Lzts2/Mtor"
"GO:0010389","GO:0010389","regulation of G2/M transition of mitotic cell cycle",79,-0.246858870599547,-1.05887367355392,0.31588785046729,0.571426977263217,0.460159017994141,1972,"tags=25%, list=19%, signal=21%","Brcc3dc/Pabir1/Ccnd1/Clspn/Hspa2/Mbd4/Abraxas1/Fzr1/Prkcq/Zfyve19/Cdc25a/Miip/Vps4b/Ctc1/Nabp2/Zfp830/Rrm1/Rrm2b/Rint1/Syf2"
"GO:0090279","GO:0090279","regulation of calcium ion import",30,0.317363312622223,1.10223936358878,0.31640625,0.57190980437417,0.460547829265009,2102,"tags=33%, list=21%, signal=27%","Ppp3ca/Pawr/Cask/Fyn/Akap5/Plpp4/Adrb2/Trpv3/Adrb1/Crhr2"
"GO:0060425","GO:0060425","lung morphogenesis",43,0.292502310324546,1.09226111139267,0.316532258064516,0.57190980437417,0.460547829265009,908,"tags=19%, list=9%, signal=17%","Foxp2/Ext1/Sox11/Tnc/Ctsh/Hipk2/Lama1/Nkx2-1"
"GO:0036294","GO:0036294","cellular response to decreased oxygen levels",117,-0.23440106463763,-1.07211148884377,0.317073170731707,0.572460120063177,0.460990987773647,1358,"tags=21%, list=13%, signal=19%","B3gat1/Map1lc3a/Mief1/Ndrg1/Stc2/Vasn/Eef2k/Ccna2/Pdk1/Adam8/Ppard/Inhba/Rgcc/Sdhd/Map2k1/Zfp36l1/Fam162a/Endog/Ogt/Suv39h2/Pick1/Fos/P4hb/Higd1a/Bnip3"
"GO:0035023","GO:0035023","regulation of Rho protein signal transduction",60,-0.264648064223354,-1.06808762095331,0.317214700193424,0.572460120063177,0.460990987773647,1245,"tags=20%, list=12%, signal=18%","Adgrg1/Dock9/Nrp1/Stmn1/Ophn1/Arhgdib/Itga3/Dock7/Net1/Arrb1/Arhgef2/Abra"
"GO:0019079","GO:0019079","viral genome replication",66,-0.264288344993044,-1.08179938550132,0.317460317460317,0.572562358276644,0.461073318216175,2346,"tags=29%, list=23%, signal=22%","Cnot7/Hspa8/Nr5a2/Atg5/Fbxl2/Ddx3x/Eif2ak2/Ccnk/Ltf/Kpna6/Tmem41b/Smarcb1/Ppih/Eef1a1/Setdb1/Pcbp2/Znfx1/Inpp5k/Ddx5"
"GO:0060350","GO:0060350","endochondral bone morphogenesis",45,0.285018755816715,1.07494834091936,0.317813765182186,0.572858839085083,0.461312068438152,2217,"tags=31%, list=22%, signal=24%","Mef2d/Ext1/Smpd3/Col13a1/Bmpr2/Bmp6/Dlx5/Enpp1/Axin2/Csgalnact1/Rarb/Bpnt2/Sik3/Mmp16"
"GO:0032480","GO:0032480","negative regulation of type I interferon production",26,0.329428019442111,1.09242753660548,0.319105691056911,0.574504007072156,0.462636890183519,1023,"tags=23%, list=10%, signal=21%","Nmi/Crebbp/Ptprs/Qki/Traip/Traf3ip1"
"GO:0002819","GO:0002819","regulation of adaptive immune response",86,0.244954022969131,1.06668137282597,0.318965517241379,0.574504007072156,0.462636890183519,2580,"tags=30%, list=25%, signal=23%","Irf7/B2m/Tap2/Rc3h1/Dennd1b/Ep300/Ptpn6/Shld2/Fbxo38/Dusp22/Card9/Slc11a1/Cd74/Kmt5b/Atad5/Map3k7/Susd4/Sash3/Ptprc/Pms2/Ephb2/Irf1/Nfkbiz/Hmces/Brd2/Tnfaip3"
"GO:0140056","GO:0140056","organelle localization by membrane tethering",65,-0.261744777620036,-1.07208284576785,0.319607843137255,0.574725082911503,0.462814918252167,609,"tags=20%, list=6%, signal=19%","Calm2/Stx1a/Stx6/Exoc1/Snap29/Stx7/Rab8a/Stx19/Stx3/Vps18/Ahcyl1/Esyt1/Vps11"
"GO:1901873","GO:1901873","regulation of post-translational protein modification",178,-0.217240305528865,-1.04984428199715,0.319470699432892,0.574725082911503,0.462814918252167,2957,"tags=33%, list=29%, signal=24%","Trib1/Ngf/Uba2/Mtbp/Chfr/Psen1/Dysf/Birc2/Mapk8/Dcun1d5/Rps2/Rpl23/Minar1/Birc5/Ubb/Bag5/Hdac3/Spry2/Tcf25/Hdac8/Atg5/Lrrk2/Ddx3x/Pdcd6/Hif1a/Epas1/Rassf5/Rpl5/Hmg20a/Akt1/Wdr48/Ube2d1/Derl1/Bag2/Gclc/Angpt1/Fzr1/Tspo/Nhlrc1/Hmg20b/Stub1/Ubxn2a/Egr1/Traf7/Ticam1/Spopl/Usp44/Tbc1d7/Dcun1d2/Ogt/Park7/Vps28/Skp1/Cry1/Arrb1/Tes3-ps/Ube2b/Ube2l3"
"GO:0009247","GO:0009247","glycolipid biosynthetic process",48,0.279401938289884,1.074768580521,0.321357285429142,0.57752821758618,0.465072228023194,1994,"tags=29%, list=19%, signal=24%","B3galt1/St8sia2/St6galnac6/St6galnac3/Fut9/St3gal4/Pigs/Pigc/St3gal1/St8sia6/St6galnac4/St3gal3/Pigyl/B4galt4"
"GO:0003352","GO:0003352","regulation of cilium movement",24,-0.335195797011795,-1.08995876094281,0.321637426900585,0.577689035867678,0.465201731853839,1348,"tags=29%, list=13%, signal=25%","Tac1/Mkks/Cfap69/Spag6l/Anxa5/Kif9/Cfap20"
"GO:0050728","GO:0050728","negative regulation of inflammatory response",80,0.252629081450294,1.09094175630225,0.321888412017167,0.577797327258304,0.465288936802067,1511,"tags=22%, list=15%, signal=19%","Ghrl/Arnt/Aoah/Lrfn5/Lpcat3/Smpdl3b/Nfkb1/Mfhas1/Rora/Adora2a/Smad3/Cd276/Ptpn6/Grn/Fem1a/Ets1/Cd200r1/Bcr"
"GO:0141193","GO:0141193","nuclear receptor-mediated signaling pathway",109,-0.236218130351545,-1.06573708283303,0.323364485981308,0.580103251938049,0.467145853045821,1187,"tags=18%, list=12%, signal=16%","Errfi1/Ywhah/Zdhhc7/Nr0b1/Rara/Stub1/Asxl1/Taf7/Park7/Fabp5/Ptges3/Paqr3/Cry1/Wbp2/Vps18/Ufsp2/Ddx5/Shq1/Vps11/Actn4"
"GO:0072528","GO:0072528","pyrimidine-containing compound biosynthetic process",31,-0.320552318097178,-1.10071863325267,0.324380165289256,0.581237079140418,0.468058902014066,3397,"tags=52%, list=33%, signal=35%","Dut/Uprt/Ctps2/Dtymk/Tbpl1/Slc25a19/Slc4a7/Cad/Nme1/Tyms/Ctps1/Uckl1/Umps/Uck1/Upp1/Slc19a3"
"GO:0055010","GO:0055010","ventricular cardiac muscle tissue morphogenesis",30,0.314355683508759,1.09179352102259,0.32421875,0.581237079140418,0.468058902014066,2332,"tags=33%, list=23%, signal=26%","Chd7/Prox1/Tgfbr3/Bmpr1a/Tgfb2/Rxra/Ccm2l/Hey2/Lrp2/Tnnc1"
"GO:0032835","GO:0032835","glomerulus development",52,-0.27489214346223,-1.07709495061173,0.324752475247525,0.581277356233056,0.468091336372494,1620,"tags=27%, list=16%, signal=23%","Pax2/Agtr2/Ednra/Angpt1/Wwtr1/Foxj1/Myo1e/Egr1/Asxl1/Nid1/Comt/Pdgfra/Prom1/Actn4"
"GO:0030218","GO:0030218","erythrocyte differentiation",112,0.228427190333559,1.05293575944083,0.324786324786325,0.581277356233056,0.468091336372494,1676,"tags=21%, list=16%, signal=18%","Foxo3/Kcnq1/B2m/Rbfox2/Rcor1/Plcb1/Cdk5rap3/Adar/P4htm/Acvr2a/Mfhas1/Ypel4/Sox6/Sp3/Slc4a1/Hba-a2/Arid4a/Ets1/Brd1/Tgfbr3/Smarca4/Ldb1/Cdk6/Mafb"
"GO:0019217","GO:0019217","regulation of fatty acid metabolic process",68,-0.260217597565181,-1.07350072009417,0.326086956521739,0.582656689351644,0.469202086474591,1032,"tags=16%, list=10%, signal=15%","Pdk1/Ppard/Tysnd1/Eif6/Pdk4/Dbi/Acadl/Fabp5/Cpt1a/Klhl25/Abcb11"
"GO:1902806","GO:1902806","regulation of cell cycle G1/S phase transition",122,0.225856381159392,1.0557470088954,0.326133909287257,0.582656689351644,0.469202086474591,2625,"tags=35%, list=26%, signal=27%","Bcl2/Egfr/Mn1/Tfdp1/Arid1a/Crebbp/Ccnd2/Myo16/Ino80/Plcb1/Ambra1/Cdkn1b/Ecd/Ptpn6/Ctdspl/Arid2/Ezh2/Gigyf2/Cdk2ap2/Dpf3/Atp2b4/Pkd1/Smarca4/Stxbp4/Pbrm1/Acvr1/Kif14/Dcun1d3/Apbb1/Dgkz/Ankrd17/Ube2e2/Klf11/Smarcd2/Appl2/Cul4a/Cacnb4/Tert/Ctdsp1/Wac/Plk3/Ddr2/Hacd1"
"GO:0051259","GO:0051259","protein complex oligomerization",174,0.214946756020606,1.0453981699951,0.326086956521739,0.582656689351644,0.469202086474591,1474,"tags=19%, list=14%, signal=17%","Kcnd2/Clybl/B2m/Lzts3/Kcnc1/Kcnj12/Kctd16/Glra3/Kcnf1/Atl2/Itpr1/Kcnd3/Samhd1/Kcng1/Elavl1/Kctd1/Gls/Syt1/Rbmxl1/Ninj1/Crtc1/Grin2b/Ski/Cpsf7/Gria2/Kcnb1/Kcnv1/Pkd1/Kctd8/Cd247/Kcnc2/Prmt8/Card9"
"GO:0033045","GO:0033045","regulation of sister chromatid segregation",73,-0.256433522679773,-1.07601837941181,0.326810176125245,0.583520821248964,0.469897955065172,3320,"tags=45%, list=32%, signal=31%","Brd7/Nsmce2/Cit/Mapk15/Dusp1/Zfp207/Chfr/Bcl7b/Anapc5/Birc5/Cdc27/Rmi2/Anapc1/Psmg2/Rb1/Anapc7/Cdc16/Pcid2/Cep192/Bub3/Kntc1/Prpf4b/Smarcb1/Cdca8/Smarcd1/Lcmt1/Gen1/Spc25/Dync1li1/Usp44/Trip13/Anapc4/Smarcc2"
"GO:0021544","GO:0021544","subpallium development",20,0.354564548278596,1.08547485266115,0.327235772357724,0.58365883674889,0.470009096259832,1121,"tags=25%, list=11%, signal=22%","Foxp2/Bcl11b/Drd2/Drd1/Ogdh"
"GO:0002456","GO:0002456","T cell mediated immunity",46,0.284698388554113,1.07554367635688,0.327272727272727,0.58365883674889,0.470009096259832,2817,"tags=37%, list=27%, signal=27%","B2m/Tap2/Ctsh/Dennd1b/Fbxo38/Dusp22/Slc11a1/Map3k7/Sash3/Gba1/Ptprc/Ephb6/Nfkbiz/Gfus/Ctsc/Klhl22/Ahr"
"GO:0050853","GO:0050853","B cell receptor signaling pathway",25,0.332583685538994,1.09656226070951,0.327868852459016,0.58409393779387,0.47035947465909,2400,"tags=40%, list=23%, signal=31%","Foxp1/Bcl2/Nfkb1/Ptpn6/Ptprc/Grb2/Vav3/Abl1/Nfkbiz/Slc39a10"
"GO:0051480","GO:0051480","regulation of cytosolic calcium ion concentration",56,0.268610009068152,1.07806650167706,0.327902240325866,0.58409393779387,0.47035947465909,2495,"tags=36%, list=24%, signal=27%","Calcb/Hcrtr2/Itpr1/Kcnh1/Atp2b2/Cacna1d/Erc1/Cacnb2/Trpc5/Grin2b/Rimbp2/Atp2b4/Adora1/Chga/Cnr1/Fto/Erc2/Adcy8/Cacnb4/Slc8a2"
"GO:1901568","GO:1901568","fatty acid derivative metabolic process",25,-0.327670216918832,-1.07893487228418,0.328793774319066,0.584994207978139,0.471084444708468,811,"tags=44%, list=8%, signal=41%","Acsl3/Fitm2/Acat1/Alox5/Dgat2/Nudt19/Acsl1/Far1/Nudt7/Slc27a5/Pecr"
"GO:0071806","GO:0071806","protein transmembrane transport",56,-0.267103051529505,-1.07053150545515,0.328767123287671,0.584994207978139,0.471084444708468,3108,"tags=39%, list=30%, signal=28%","Tomm40/Pex1/Grpel1/Pex13/Bloc1s6/Dnajc19/Rab11a/Trim37/Romo1/Hspa8/Tomm70a/Sec61g/Grpel2/Sec61b/Sec61a1/Dtnbp1/Chchd4/Ednra/Ift20/Pex5/Pex10/Srp54c"
"GO:0045103","GO:0045103","intermediate filament-based process",29,-0.320877586737396,-1.09625397496425,0.33,0.586795774647887,0.472535211267606,1906,"tags=24%, list=19%, signal=20%","Prph/Cln8/Sod1/Atxn3/Tor1a/Dnajb6/Vim"
"GO:0022038","GO:0022038","corpus callosum development",28,0.322842568505805,1.09671440706477,0.330628803245436,0.587310780325357,0.472949935311509,3305,"tags=54%, list=32%, signal=36%","Kcnc1/Tsku/Ptprs/Filip1/Ulk4/Ephb3/Ephb2/Kcna2/Dmxl2/Rpgrip1l/Ryk/Kcna3/Rtn4r/Prdm8/Coro1c"
"GO:0030521","GO:0030521","androgen receptor signaling pathway",29,0.318178104551883,1.0876852542447,0.330677290836653,0.587310780325357,0.472949935311509,795,"tags=21%, list=8%, signal=19%","Foxp1/Ncor2/Arid1a/Ddx17/Ep300/Zmiz1"
"GO:0031116","GO:0031116","positive regulation of microtubule polymerization",21,0.351133416583862,1.09633375800923,0.331337325349301,0.587856454057033,0.473389355742297,1307,"tags=29%, list=13%, signal=25%","Nav3/Akap9/Cdkn1b/Met/Togaram1/Pde4dip"
"GO:0036010","GO:0036010","protein localization to endosome",27,-0.324256195863449,-1.0900294415787,0.331372549019608,0.587856454057033,0.473389355742297,2362,"tags=33%, list=23%, signal=26%","Nf2/Sorl1/Ezr/Pacsin2/Msn/Nrp1/Micall1/Rab35/Vps35"
"GO:1903320","GO:1903320","regulation of protein modification by small protein conjugation or removal",173,-0.2161468701416,-1.0424107780736,0.332082551594747,0.588771288081968,0.474126053768977,3310,"tags=38%, list=32%, signal=26%","Ube2v2/Tollip/Per2/Svbp/Ctnnb1/Rbx1/Mapk15/Sqstm1/Trib1/Ngf/Uba2/Mtbp/Chfr/Psen1/Dysf/Birc2/Mapk8/Dcun1d5/Rps2/Rpl23/Minar1/Birc5/Ubb/Bag5/Hdac3/Spry2/Tcf25/Hdac8/Atg5/Lrrk2/Ddx3x/Pdcd6/Hif1a/Epas1/Rassf5/Rpl5/Hmg20a/Akt1/Wdr48/Ube2d1/Derl1/Bag2/Gclc/Angpt1/Fzr1/Tspo/Nhlrc1/Hmg20b/Stub1/Ubxn2a/Egr1/Traf7/Ticam1/Spopl/Usp44/Tbc1d7/Dcun1d2/Ogt/Park7/Vps28/Skp1/Cry1/Arrb1/Tes3-ps/Ube2l3"
"GO:0098974","GO:0098974","postsynaptic actin cytoskeleton organization",22,0.344412934043359,1.0849992319764,0.332657200811359,0.589445215472759,0.474668754374103,963,"tags=23%, list=9%, signal=21%","Dbn1/Adgrb1/Abi2/Arhgef7/Frmpd4"
"GO:0048730","GO:0048730","epidermis morphogenesis",21,0.349450131546617,1.09107808559663,0.333333333333333,0.590298071303331,0.475355542567699,1566,"tags=24%, list=15%, signal=20%","Bcl2/Ext1/Igfbp5/Smarca4/Tgfb2"
"GO:0045839","GO:0045839","negative regulation of mitotic nuclear division",42,-0.292193637986726,-1.09023155517755,0.335341365461847,0.592326993600879,0.476989394186846,2060,"tags=31%, list=20%, signal=25%","Psmg2/Pcid2/Cep192/Bub3/Kntc1/Prpf4b/Cdca8/Lcmt1/Gen1/Spc25/Dync1li1/Usp44/Trip13"
"GO:0048521","GO:0048521","negative regulation of behavior",20,0.35355176139871,1.08237427564475,0.335365853658537,0.592326993600879,0.476989394186846,2376,"tags=40%, list=23%, signal=31%","Ghrl/Drd2/Dbn1/Drd1/Adora1/Fto/Crhr2/Crhr1"
"GO:0001974","GO:0001974","blood vessel remodeling",35,0.298829143881869,1.07392855461642,0.335341365461847,0.592326993600879,0.476989394186846,1566,"tags=26%, list=15%, signal=22%","Chd7/Acvr2b/Ext1/Nfatc3/Bmpr2/Tgfbr3/Bcr/Pbrm1/Tgfb2"
"GO:0003014","GO:0003014","renal system process",78,0.248917893105844,1.07254107203126,0.335456475583864,0.592326993600879,0.476989394186846,2051,"tags=29%, list=20%, signal=24%","Kcnq1/Wfs1/Drd2/Bcl2/Ppp3ca/Cacna1c/Ptpro/Slc5a1/Tacr1/Nr3c2/Adora2a/Slc4a1/Adrb2/Bcr/Kcnma1/Kirrel1/Slc4a5/Adora1/Adrb1/Sulf1/Trpv1/Nfat5/Gas6"
"GO:0042552","GO:0042552","myelination",132,0.221396969870158,1.04236659720335,0.334811529933481,0.592326993600879,0.476989394186846,2366,"tags=32%, list=23%, signal=25%","Tenm4/Cntn2/Ntrk3/Nfasc/Srebf2/Pou3f2/Cntnap2/Pard3/Gpc1/Galc/Tcf7l2/Myoc/Slc8a3/Fyn/Qki/Sirt2/Ski/Ptprz1/Tg/Enpp1/Large1/Ulk4/Cdh2/Hexa/Kif14/Rarb/Rxra/Pals1/Abca2/Mobp/Eif2ak3/Atrn/Grb2/Mbp/Igf1/Mtor/Aspa/Tnfrsf21/Mtmr2/Pmp22/Fig4/Arhgef10"
"GO:0099159","GO:0099159","regulation of modification of postsynaptic structure",22,0.343188348375967,1.08114143693656,0.336713995943205,0.593192376728962,0.477686270369197,2768,"tags=50%, list=27%, signal=37%","Camkv/Kalrn/Cap2/Ptk2/Prmt8/Tiam1/Gsk3b/Myh10/Itsn1/Egln1/Rapgef2"
"GO:0072583","GO:0072583","clathrin-dependent endocytosis",36,-0.301270482098672,-1.07922918305628,0.336693548387097,0.593192376728962,0.477686270369197,2728,"tags=39%, list=27%, signal=29%","Ap2s1/Wasl/Scyl2/Sgip1/Snap91/Dnajc6/Gpr107/Ap2m1/Ston1/Dnm1/Ap2b1/Lmbrd1/Ccdc32/Cltc"
"GO:0090316","GO:0090316","positive regulation of intracellular protein transport",81,-0.243744228947305,-1.04737114412682,0.337121212121212,0.593192376728962,0.477686270369197,2661,"tags=32%, list=26%, signal=24%","Kif3a/Mapk14/Ipo5/Ice1/Hdac3/Ywhae/Sorl1/Xbp1/Oaz2/Tm9sf4/Prr5l/Rab29/Jup/Nutf2/Ran/Prpf4b/Bag3/Rbm22/Ppm1a/Ergic3/Prkcq/Pdcd5/Sirt6/Tnfrsf1a/Dctn1/Eif3e"
"GO:0045055","GO:0045055","regulated exocytosis",166,0.215098274771784,1.04476264759887,0.33695652173913,0.593192376728962,0.477686270369197,1427,"tags=19%, list=14%, signal=16%","Syt10/Cacna1h/Unc13c/Nlgn1/Wnt7a/Pex5l/Cacna1c/Rasgrp1/Kcnh1/Ppfia2/Cacna1g/Scamp5/Cacna1e/Cacna1b/Syt1/Cask/Cacna1d/Doc2b/Cacna1i/Erc1/Stxbp5l/Abca12/Syngr1/Rimbp2/Pclo/Rims3/Cbarp/Kcnb1/Syngr2/Htr1d/Ctbp2"
"GO:0140014","GO:0140014","mitotic nuclear division",185,-0.213831739555428,-1.04137156763518,0.33641404805915,0.593192376728962,0.477686270369197,1924,"tags=24%, list=19%, signal=20%","Rb1/Anapc7/Mybl2/Cdc16/Usp16/Pcid2/Chmp4b/Spice1/Cep192/Bccip/Kif3b/Phb2/Chmp2a/Bub3/Ran/Kntc1/Prpf4b/Ska2/Abraxas1/Ywhah/Ncapg/Ranbp1/Cdca8/Chmp7/Lcmt1/Mzt1/Gen1/Vps4b/Rgcc/Spc25/Dync1li1/Usp44/Brox/Chmp2b/Chmp3/Racgap1/Insr/Mis12/Chmp1b2/Cltc/Trip13/Rpl24/Ubxn2b/Smarca5/Chek2"
"GO:0043393","GO:0043393","regulation of protein binding",132,0.220480128547049,1.03804998541456,0.337028824833703,0.593192376728962,0.477686270369197,2192,"tags=24%, list=21%, signal=19%","Plcl1/B2m/Dscam/Ptprf/Hipk2/Mark3/Aktip/Tcf7l2/Lfng/Agrn/Arhgef7/Ep300/Hdac4/Plscr1/Ttbk2/Ip6k2/Ubash3b/Large1/Bdnf/Dtx3l/Aplp2/Itgb1bp1/Tiam1/Ccm2l/Gsk3b/Prkn/Add1/Tmem132a/Ckmt1/Eif2ak3/Abl1/Ephb6"
"GO:0046473","GO:0046473","phosphatidic acid metabolic process",21,0.34829898344753,1.08748388902663,0.337325349301397,0.593207085538731,0.477698115087295,2569,"tags=38%, list=25%, signal=29%","Dgkb/Pla2g6/Dgkh/Dgkz/Agpat2/Dgkd/Slc27a1/Dgki"
"GO:0046324","GO:0046324","regulation of D-glucose import",43,-0.287153236100064,-1.0858381914971,0.337944664031621,0.593607148994673,0.47802027839835,2639,"tags=42%, list=26%, signal=31%","Nfe2l2/Mapk14/Appl1/C1qtnf12/Mfn2/Hk2/Oga/Ptpn11/Akt2/Ahi1/Akt1/Slc1a2/Sirt6/Insr/Crebl2/Rps6kb1/Pid1/Pea15a"
"GO:0009268","GO:0009268","response to pH",30,0.309928803356351,1.07641845601726,0.337890625,0.593607148994673,0.47802027839835,2147,"tags=37%, list=21%, signal=29%","Asic2/Kcnk9/Kcnk3/Tg/Gpr68/Kcnma1/Arsa/Rab11fip5/Gba1/Trpv1/Sts"
"GO:0001504","GO:0001504","neurotransmitter uptake",30,-0.313526883025742,-1.07367738300007,0.338775510204082,0.594721782107976,0.478917870740417,1476,"tags=50%, list=14%, signal=43%","Slc18a2/Slc17a6/Per2/Arl6ip5/Itgb1/Gpm6b/Cln8/Slc1a2/Syngr3/Slc18b1/Tor1a/Fev/Slc6a4/Park7/Nos1"
"GO:0033344","GO:0033344","cholesterol efflux",33,-0.310635175347614,-1.09171800262128,0.339393939393939,0.594773647405226,0.478959636854374,719,"tags=15%, list=7%, signal=14%","Abcg8/Comt/Abca5/Npc1/Lrp1"
"GO:0032467","GO:0032467","positive regulation of cytokinesis",33,0.302736486525913,1.07596617520278,0.339250493096647,0.594773647405226,0.478959636854374,1657,"tags=24%, list=16%, signal=20%","Drd2/Igf1r/Cdc14a/Svil/Prkce/Arf6/Pkn2/Kif14"
"GO:0035315","GO:0035315","hair cell differentiation",46,0.280815351831103,1.06087420241393,0.339393939393939,0.594773647405226,0.478959636854374,3367,"tags=41%, list=33%, signal=28%","Kcnq1/Ush2a/Atp2b2/Cux1/Ush1c/Whrn/Kcnma1/Tmem132e/Hey2/Myo3a/Clic5/Myo3b/Fgfr3/Sec24b/Pls1/Fgfr1/Pcdh15/Jag2/Ripor2"
"GO:0030879","GO:0030879","mammary gland development",85,0.243357647133707,1.05780037776912,0.339784946236559,0.595114674622413,0.47923425943191,2272,"tags=28%, list=22%, signal=22%","Robo1/Igf1r/mt-Co2/Kalrn/Ntn1/Csmd1/Ncoa1/Atp2b2/Nfkb1/Igfbp5/Nr3c1/Erbb4/Lats1/Chuk/Irs1/Lrp5/Ar/Deaf1/Slit2/Eif2ak3/Igf1/Lrp6/Gli3/Zfp703"
"GO:0048169","GO:0048169","regulation of long-term neuronal synaptic plasticity",31,-0.31730281506163,-1.08956042806086,0.340909090909091,0.595362850406078,0.47943411055803,1298,"tags=26%, list=13%, signal=23%","Nf1/Kras/Egr1/S100b/Rab8a/Kit/Fxr1/Kdr"
"GO:0031670","GO:0031670","cellular response to nutrient",31,-0.317269095508458,-1.08944464121925,0.340909090909091,0.595362850406078,0.47943411055803,534,"tags=16%, list=5%, signal=15%","Ogt/Gdap1/Rps6kb1/Usf1/Mat2a"
"GO:0048266","GO:0048266","behavioral response to pain",22,0.342222888537979,1.07809996236003,0.340770791075051,0.595362850406078,0.47943411055803,2500,"tags=50%, list=24%, signal=38%","Cntnap2/Cacna1e/Tacr1/Gria1/Grin2b/Capn2/Trpv1/Kcnip3/Mtor/Crhr1/Scn10a"
"GO:0061157","GO:0061157","mRNA destabilization",72,0.249832858787493,1.06405444467602,0.340163934426229,0.595362850406078,0.47943411055803,2960,"tags=47%, list=29%, signal=34%","Pan3/Rc3h1/Elavl1/Tnrc6b/Tnrc6c/Hnrnpd/Tent4a/Dis3l2/Gigyf2/Rbm24/Alkbh5/Tut4/Ago3/Cnot2/Fto/Syncrip/Tardbp/Hnrnpu/Dcp1b/Ythdf3/Celf1/Nanos3/Nanos1/Igf2bp1/Btg2/Samd4/Dhx36/Rock1/Pnldc1/Pum1/Cpeb3/Tnrc6a/Zfp36l2/Ybx1"
"GO:0046651","GO:0046651","lymphocyte proliferation",134,0.220436009782404,1.04419561158788,0.340659340659341,0.595362850406078,0.47943411055803,2273,"tags=26%, list=22%, signal=21%","Bcl2/Igfbp2/Nck2/Ppp3ca/Prkcd/Sox11/Pawr/Rasgrp1/Rc3h1/Adk/Fyn/Tacr1/Pura/Cd276/Ptpn6/Slc4a1/Alkbh5/Slc11a1/Cd74/Atad5/Sh3rf1/Sash3/Ptprc/Mapk8ip1/Ephb2/Efnb1/Igf1/Vav3/Abl1/Ephb6/Tnfrsf21/Irf1/Mad1l1/Peli1/Nfkbiz"
"GO:0030193","GO:0030193","regulation of blood coagulation",28,-0.322430962380369,-1.09153133584242,0.341846758349705,0.595627186773782,0.479646975487798,1017,"tags=21%, list=10%, signal=19%","Plat/Anxa5/Pdgfra/Emilin2/Kng1/Vwf"
"GO:1900046","GO:1900046","regulation of hemostasis",28,-0.322430962380369,-1.09153133584242,0.341846758349705,0.595627186773782,0.479646975487798,1017,"tags=21%, list=10%, signal=19%","Plat/Anxa5/Pdgfra/Emilin2/Kng1/Vwf"
"GO:0050852","GO:0050852","T cell receptor signaling pathway",65,0.256616289478093,1.07212037570503,0.341463414634146,0.595627186773782,0.479646975487798,2992,"tags=45%, list=29%, signal=32%","Pawr/Eif2b3/Rc3h1/Plcg1/Dennd1b/Pde4b/Phpt1/Fyn/Cd276/Ptpn6/Sppl3/Fcho1/Dusp22/Cd247/Dgkz/Ptprc/Rnf31/Abl1/Tnfrsf21/Nfkbiz/Cacnb4/Wnk1/Btrc/Khdrbs1/Prnp/Ptprj/Lipa/Braf/Cblb"
"GO:0046621","GO:0046621","negative regulation of organ growth",27,0.316747305006951,1.0619703763644,0.341463414634146,0.595627186773782,0.479646975487798,1097,"tags=19%, list=11%, signal=17%","Foxp1/Kcnk2/Tcf7l2/Ptk2/Ctdp1"
"GO:0002821","GO:0002821","positive regulation of adaptive immune response",58,0.263841210872412,1.07271305967225,0.342799188640974,0.596600540828346,0.48043079855484,1911,"tags=26%, list=19%, signal=21%","B2m/Tap2/Dennd1b/Ep300/Shld2/Fbxo38/Card9/Slc11a1/Cd74/Kmt5b/Atad5/Map3k7/Sash3/Ptprc/Pms2"
"GO:0031396","GO:0031396","regulation of protein ubiquitination",146,-0.22316966317826,-1.05212601035518,0.342644320297952,0.596600540828346,0.48043079855484,3310,"tags=38%, list=32%, signal=26%","Ube2v2/Per2/Svbp/Ctnnb1/Rbx1/Mapk15/Sqstm1/Trib1/Ngf/Mtbp/Chfr/Psen1/Dysf/Birc2/Mapk8/Rps2/Rpl23/Minar1/Birc5/Ubb/Bag5/Hdac3/Spry2/Tcf25/Hdac8/Atg5/Lrrk2/Ddx3x/Pdcd6/Rassf5/Rpl5/Akt1/Wdr48/Ube2d1/Derl1/Bag2/Gclc/Angpt1/Fzr1/Tspo/Nhlrc1/Stub1/Ubxn2a/Ticam1/Spopl/Usp44/Tbc1d7/Ogt/Park7/Vps28/Skp1/Cry1/Arrb1/Tes3-ps/Ube2l3"
"GO:0006120","GO:0006120","mitochondrial electron transport, NADH to ubiquinone",27,-0.32002100646374,-1.07579230071528,0.343137254901961,0.596756448392486,0.480556347880418,2223,"tags=33%, list=22%, signal=26%","Ndufa10/Ndufb9/mt-Nd6/Ndufs3/Ndufs1/Ndufs6/Ndufa8/Park7/Dld"
"GO:0034391","GO:0034391","regulation of smooth muscle cell apoptotic process",26,0.323780353998758,1.07369911982326,0.34349593495935,0.596756448392486,0.480556347880418,146,"tags=12%, list=1%, signal=11%","Cftr/Pde1a/Foxo1"
"GO:0060986","GO:0060986","endocrine hormone secretion",41,0.287110962521518,1.07040316336588,0.343873517786561,0.596756448392486,0.480556347880418,703,"tags=15%, list=7%, signal=14%","Ghrl/Kcnq1/Pex5l/Oprk1/Kcnk9/Acvr2a"
"GO:0038061","GO:0038061","non-canonical NF-kappaB signal transduction",65,0.25581439042637,1.06877011172,0.34349593495935,0.596756448392486,0.480556347880418,1662,"tags=28%, list=16%, signal=23%","Nmi/Egfr/Smpd3/Crebbp/Rc3h1/Zfp91/Ptp4a3/Nfkb1/Sash1/Ank3/Nr3c2/Ifi35/C1qtnf4/Ripk1/Ago3/Chuk/Map3k7/Rel"
"GO:0045445","GO:0045445","myoblast differentiation",71,0.251273966001875,1.0613961404166,0.34375,0.596756448392486,0.480556347880418,2158,"tags=31%, list=21%, signal=25%","Zfhx3/Boc/Arid1a/Ddx17/Plcb1/Tcf7l2/Mbnl1/Sox8/Arid2/Rbm24/Dpf3/Hinfp/Sox4/Smarca4/Pbrm1/Bcl9/Flot2/Mkx/Xkr8/Smarcd2/Igf1/Srf"
"GO:0051784","GO:0051784","negative regulation of nuclear division",43,-0.285625499530216,-1.08006122468796,0.345849802371542,0.598130651361741,0.481662966773151,2060,"tags=30%, list=20%, signal=24%","Psmg2/Pcid2/Cep192/Bub3/Kntc1/Prpf4b/Cdca8/Lcmt1/Gen1/Spc25/Dync1li1/Usp44/Trip13"
"GO:0043030","GO:0043030","regulation of macrophage activation",34,0.302206410313579,1.07938764685991,0.345381526104418,0.598130651361741,0.481662966773151,1888,"tags=26%, list=18%, signal=22%","Muc5b/Lrfn5/Cebpa/Mfhas1/Rora/Grn/Myo18a/Mcub/Slc7a2"
"GO:0014911","GO:0014911","positive regulation of smooth muscle cell migration",51,-0.275129961420076,-1.06957915912925,0.345309381237525,0.598130651361741,0.481662966773151,2031,"tags=27%, list=20%, signal=22%","Src/Mmp1a/Xbp1/Ccn4/Mdk/Nrp1/Ssh1/S100a11/Egr1/Has2/Dock7/Rps6kb1/Tmsb4x/Lrp1"
"GO:0031338","GO:0031338","regulation of vesicle fusion",30,0.307753612077507,1.06886376599633,0.345703125,0.598130651361741,0.481662966773151,3158,"tags=53%, list=31%, signal=37%","Znrf1/Cacna1b/Syt1/Doc2b/Erc1/Rimbp2/Cplane2/Erc2/Syt13/Cplx3/Stxbp1/Rims2/Rims1/Syt11/Znrf2/Kif5b"
"GO:0010171","GO:0010171","body morphogenesis",47,0.275898037267747,1.05493472393256,0.345238095238095,0.598130651361741,0.481662966773151,2578,"tags=36%, list=25%, signal=27%","Crebbp/Ssbp3/Gpc3/Tcf7l2/Ep300/Vps13b/Ski/Arid5b/Dlx5/Tgfb2/Ankrd11/Clasp2/Lrp6/Ofd1/Clasp1/Gatad2a/Tiparp"
"GO:1902749","GO:1902749","regulation of cell cycle G2/M phase transition",86,-0.239824474680076,-1.04948680962705,0.345724907063197,0.598130651361741,0.481662966773151,1972,"tags=24%, list=19%, signal=20%","Brcc3dc/Pabir1/Ccnd1/Clspn/Hspa2/Mbd4/Abraxas1/Fzr1/Prkcq/Zfyve19/Dyrk3/Cdc25a/Miip/Vps4b/Ctc1/Nabp2/Zfp830/Rrm1/Rrm2b/Rint1/Syf2"
"GO:0072331","GO:0072331","signal transduction by p53 class mediator",95,-0.235775590658258,-1.04345818412394,0.346938775510204,0.599461359110945,0.482734559812114,1313,"tags=28%, list=13%, signal=25%","Mif/Rpl23/Eda2r/Kdm8/Armc10/Steap3/Ubb/Sesn2/Rpl5/Zmpste24/Ddit4/Ndrg1/Msh2/Rrn3/Dyrk3/Pak1ip1/Rpf2/Ndufs6/Mdm4/Rpl26/Bok/Pla2r1/Brca2/Smyd2/Rrm2b/Ddx5/Chek2"
"GO:0015850","GO:0015850","organic hydroxy compound transport",177,-0.213993307221983,-1.03427677389122,0.347014925373134,0.599461359110945,0.482734559812114,1979,"tags=23%, list=19%, signal=19%","Tac1/Cxcl12/Tgm2/Xbp1/Rab3a/Abca3/Dtnbp1/Soat1/Stard5/Nus1/Ecrg4/Agtr2/Chrna4/Flvcr1/Stx1a/Serac1/Slc18b1/Tmem97/Adora2b/Tor1a/Abcc4/Tspo/Arv1/Fev/Vps4b/Sdhd/Lipc/Abcg8/Slc6a4/Aqp11/Park7/Nos1/Comt/Tpcn2/Slc19a3/Abca5/Abcb11/Npc1/Scp2/Ptgs1/Lrp1"
"GO:0031112","GO:0031112","positive regulation of microtubule polymerization or depolymerization",24,0.332713601841926,1.07917195780274,0.347648261758691,0.599996061510454,0.483165145242742,1307,"tags=25%, list=13%, signal=22%","Nav3/Akap9/Cdkn1b/Met/Togaram1/Pde4dip"
"GO:0022011","GO:0022011","myelination in peripheral nervous system",24,0.332505185924398,1.0784959511336,0.349693251533742,0.599996061510454,0.483165145242742,1113,"tags=25%, list=11%, signal=22%","Ntrk3/Pou3f2/Pard3/Myoc/Sirt2/Ski"
"GO:0032292","GO:0032292","peripheral nervous system axon ensheathment",24,0.332505185924398,1.0784959511336,0.349693251533742,0.599996061510454,0.483165145242742,1113,"tags=25%, list=11%, signal=22%","Ntrk3/Pou3f2/Pard3/Myoc/Sirt2/Ski"
"GO:0051294","GO:0051294","establishment of spindle orientation",32,-0.312321185017663,-1.07828599471752,0.35,0.599996061510454,0.483165145242742,640,"tags=28%, list=6%, signal=26%","Hdac3/Spry2/Bccip/Ska2/Mcph1/Spry1/Dctn1/Ubxn2b/Arhgef2"
"GO:0032088","GO:0032088","negative regulation of NF-kappaB transcription factor activity",39,-0.296495206388235,-1.07812501484794,0.35,0.599996061510454,0.483165145242742,2423,"tags=28%, list=24%, signal=22%","Cat/Acod1/Trim37/Siva1/Cactin/Foxj1/Cyld/Mturn/Ppp2cb/Arrb1/Commd6"
"GO:1902116","GO:1902116","negative regulation of organelle assembly",37,-0.298421930422214,-1.0779709083076,0.349075975359343,0.599996061510454,0.483165145242742,3291,"tags=38%, list=32%, signal=26%","Wdr44/Gdi2/Cep97/Sec22b/Yap1/Trim37/Mfn2/Trim32/Lrrk2/Akt1/Smcr8/Tbc1d7/Lima1/Arhgef2"
"GO:1901222","GO:1901222","regulation of non-canonical NF-kappaB signal transduction",50,0.275434254994889,1.07224168532488,0.349112426035503,0.599996061510454,0.483165145242742,1637,"tags=28%, list=16%, signal=24%","Nmi/Egfr/Smpd3/Crebbp/Rc3h1/Ptp4a3/Sash1/Ank3/Nr3c2/Ifi35/C1qtnf4/Ripk1/Ago3/Map3k7"
"GO:0010043","GO:0010043","response to zinc ion",31,0.303327191643611,1.06928907711139,0.349420849420849,0.599996061510454,0.483165145242742,1085,"tags=19%, list=11%, signal=17%","Mt1/Gabrb3/Glra3/Slc30a4/Slc30a3/Kcnk3"
"GO:0006536","GO:0006536","glutamate metabolic process",26,-0.320263071094639,-1.06631298704922,0.349019607843137,0.599996061510454,0.483165145242742,2885,"tags=38%, list=28%, signal=28%","Ggt1/Bloc1s6/Asl/Got1/Got2/Gclc/Aadat/Aldh5a1/Oat/Glul"
"GO:1901879","GO:1901879","regulation of protein depolymerization",70,0.250603542271097,1.05848884966837,0.348643006263048,0.599996061510454,0.483165145242742,2515,"tags=31%, list=25%, signal=24%","Mid1/Fgf13/Cracd/Nav3/Svil/Add3/Taok1/Atxn7/Ttbk2/Ccdc88c/Hdgfl3/Capza2/Vill/Eps8/Map2/Mid1ip1/Add1/Clasp2/Sema5a/Clasp1/Map1a/Carmil1"
"GO:0006367","GO:0006367","transcription initiation at RNA polymerase II promoter",107,-0.234838609731079,-1.05791948751583,0.349624060150376,0.599996061510454,0.483165145242742,2254,"tags=30%, list=22%, signal=24%","Rbbp5/Gtf2f2/Med16/Med28/Gtf2h5/Med13/Taf13/Zmpste24/Pcid2/Taf10/Taf12/Med20/Ercc3/Eloa/Dpy30/Med12/Med9/Gtf2b/Psmc6/Smarcb1/Smarcd1/Med17/Med22/Taf9/Egr1/Med31/Taf7/Ash2l/Glyr1/Polr2d/Wbp2/Kat8"
"GO:0048754","GO:0048754","branching morphogenesis of an epithelial tube",117,0.226749955668545,1.05140352787859,0.349680170575693,0.599996061510454,0.483165145242742,2267,"tags=30%, list=22%, signal=24%","Bcl2/Ext1/Tnc/Ctsh/Gpc3/Gzf1/Csmd1/Nfatc3/Lama1/Met/Gna13/Nkx2-1/Bmp7/Sox8/Eya1/Hs3st3b1/Pkd1/Pbx1/Lgr4/Acvr1/Hs3st3a1/Celsr1/Lrp5/Greb1l/Nrarp/Ar/Pkhd1/Nfatc1/Slit2/Igf1/Srf/Abl1/Lrp6/Sema5a/Gli3"
"GO:1905897","GO:1905897","regulation of response to endoplasmic reticulum stress",61,-0.258434484883504,-1.04799345340692,0.350096711798839,0.599996061510454,0.483165145242742,2799,"tags=38%, list=27%, signal=28%","Alox5/Eif2a/Txndc12/Cops5/Mbtps2/Opa1/Usp14/Lrrk2/Ficd/Xbp1/Pdia6/Akt2/Usp19/Akt1/Dnajb9/Tmem67/Atxn3/Stub1/Ubxn2a/Aqp11/Bfar/Park7/Bok"
"GO:0007160","GO:0007160","cell-matrix adhesion",142,0.217240062257127,1.04060281058296,0.349473684210526,0.599996061510454,0.483165145242742,2810,"tags=36%, list=27%, signal=26%","Arhgap6/Bcl2/Pecam1/Cntn2/Col13a1/Epha3/Ptpra/Itga9/Ajap1/Cask/Zfp469/Myoc/Peak1/Smad3/Ninj1/Map4k4/Dmd/Ptk2/Itgb8/Adam9/Dusp22/Ldb1/Bcr/Whamm/Cdk6/Tesk2/Vcl/Itgb1bp1/Tiam1/Fermt1/Ptprk/Gsk3b/Pkhd1/Srf/Abl1/Clasp2/Rin2/Itga7/Clasp1/Gfus/Tsc1/Rock1/Macf1/Epdr1/Pik3cb/Zyx/Mkln1/Eda/Dlc1/Lims1/Ptprj"
"GO:0044088","GO:0044088","regulation of vacuole organization",42,-0.28981790401178,-1.08136722752128,0.35140562248996,0.600992623471257,0.483967657184774,2616,"tags=29%, list=26%, signal=21%","Sec22b/Pikfyve/Trim32/Lrrk2/Tbc1d14/Ift20/Wipi1/Smcr8/Snx7/Snx4/Pip4k2b/Chek2"
"GO:0010799","GO:0010799","regulation of peptidyl-threonine phosphorylation",31,0.302173580763659,1.0652223678049,0.351351351351351,0.600992623471257,0.483967657184774,1059,"tags=23%, list=10%, signal=20%","Spred2/Phip/Pard3/Met/Sirt2/Trpc5/Ube2k"
"GO:0030857","GO:0030857","negative regulation of epithelial cell differentiation",30,0.306364114641332,1.06403788124896,0.3515625,0.600992623471257,0.483967657184774,143,"tags=10%, list=1%, signal=10%","Foxp1/Foxp4/Spred2"
"GO:2001236","GO:2001236","regulation of extrinsic apoptotic signaling pathway",98,-0.237145243422487,-1.04980948442472,0.351503759398496,0.600992623471257,0.483967657184774,2434,"tags=29%, list=24%, signal=22%","Yap1/Mcl1/Cflar/Hgf/G0s2/Ddx3x/Traf1/Src/Bmpr1b/Fadd/Itga6/Pak2/Agtr2/Gclc/Nf1/Nrp1/Hmgb2/Inhba/Ctnna1/Cyld/Park7/Tnfsf10/Rps6kb1/Cttn/Itgav/Pea15a/Gstp3/Psme3"
"GO:0061951","GO:0061951","establishment of protein localization to plasma membrane",58,-0.262445431838972,-1.04819290545353,0.351669941060904,0.600992623471257,0.483967657184774,854,"tags=12%, list=8%, signal=11%","Blzf1/Arhgap44/Gga2/Rab8a/Golga7/Gga3/Vps35"
"GO:0046854","GO:0046854","phosphatidylinositol phosphate biosynthetic process",37,-0.296698769975545,-1.07174644340575,0.353182751540041,0.602897880093704,0.485501923243775,1147,"tags=19%, list=11%, signal=17%","Inpp4b/Impa1/Smg1/Pik3c2b/Pip4k2b/Pik3cd/Pip5k1c"
"GO:0070542","GO:0070542","response to fatty acid",33,0.300732275168236,1.06884293857688,0.353057199211045,0.602897880093704,0.485501923243775,588,"tags=15%, list=6%, signal=14%","Foxo3/Foxp1/Foxo1/Kcnk2/Plcb1"
"GO:0099188","GO:0099188","postsynaptic cytoskeleton organization",26,0.321600971562577,1.06647199509322,0.353658536585366,0.603370138431114,0.485882223687102,963,"tags=19%, list=9%, signal=17%","Dbn1/Adgrb1/Abi2/Arhgef7/Frmpd4"
"GO:0002065","GO:0002065","columnar/cuboidal epithelial cell differentiation",71,0.250368167101745,1.05756999212162,0.354166666666667,0.603897017445132,0.48630650909773,2361,"tags=31%, list=23%, signal=24%","Ext1/Prox1/Sox11/Klf5/Pou3f2/Wdr77/Kdm2a/Bmp7/Cbfa2t2/Fam20c/Sox4/Cep152/Cdh2/Ros1/Kcnma1/Rarb/Rxra/Wnt11/Abl1/Afdn/Pax6/Tjp1"
"GO:0030219","GO:0030219","megakaryocyte differentiation",37,0.291252668771302,1.06158127299544,0.355339805825243,0.604876186320497,0.487095014726737,2212,"tags=30%, list=22%, signal=23%","Cnot4/Rcor1/Meis1/Ep300/Ptpn6/Sp3/L3mbtl1/Maf/Srf/Rabgap1l/Gabpa"
"GO:0061028","GO:0061028","establishment of endothelial barrier",28,0.311289497531452,1.05746797360323,0.354969574036511,0.604876186320497,0.487095014726737,3302,"tags=54%, list=32%, signal=36%","Pecam1/Ptprs/Plcb1/Vcl/Add1/Rap2c/Afdn/Tjp1/Rapgef1/Rock1/Rapgef3/Rapgef2/Dicer1/Myd88/Vegfa"
"GO:0030866","GO:0030866","cortical actin cytoskeleton organization",31,0.299878270110484,1.05713093822775,0.355212355212355,0.604876186320497,0.487095014726737,318,"tags=10%, list=3%, signal=9%","Rtkn/Fhod3/Rhoq"
"GO:0043367","GO:0043367","CD4-positive, alpha-beta T cell differentiation",41,0.284343434330241,1.06008530261744,0.355731225296443,0.605202477623931,0.487357770759865,2273,"tags=34%, list=22%, signal=27%","Foxp1/Rc3h1/Ep300/Rora/Socs1/Tox/Kmt2a/Rorc/Sh3rf1/Sash3/Ncor1/Mtor/Irf1/Nfkbiz"
"GO:0034142","GO:0034142","toll-like receptor 4 signaling pathway",38,0.28681544800015,1.05245379974541,0.356031128404669,0.605372794088747,0.487494923292589,1637,"tags=26%, list=16%, signal=22%","Nmi/Znrf1/Mfhas1/Ninj1/Prkce/Arf6/Ifi35/Dab2ip/Chuk/Map3k7"
"GO:0014812","GO:0014812","muscle cell migration",92,-0.237790590121304,-1.04605336539818,0.356746765249538,0.605909584476513,0.487927190139503,2097,"tags=27%, list=20%, signal=22%","Sorl1/Src/Mmp1a/Xbp1/Ccn4/Ndrg4/Mdk/Abhd2/Nf1/Nrp1/Plat/Ssh1/Ppard/S100a11/Egr1/Has2/Park7/Dock7/Net1/Tcp11l2/Rps6kb1/Arpc5/Bin3/Tmsb4x/Lrp1"
"GO:0008654","GO:0008654","phospholipid biosynthetic process",155,-0.217169595415722,-1.02973482625477,0.35673624288425,0.605909584476513,0.487927190139503,1230,"tags=15%, list=12%, signal=14%","Serac1/Inpp4b/Pigp/Ormdl1/Ppard/Dolk/Impa1/Pgap1/Far1/Dgkg/Pigb/Etnk1/Chpt1/Htr2b/Fabp5/Samd8/Smg1/Pik3c2b/Pip4k2b/Pik3cd/Isyna1/Pip5k1c/Idi2/Scp2"
"GO:0031124","GO:0031124","mRNA 3'-end processing",33,-0.307353904341779,-1.08018607413141,0.357575757575758,0.606209417798876,0.488168640075663,861,"tags=18%, list=8%, signal=17%","Leo1/Zfp36l1/Zcchc8/Ncbp2/Cdk9/Ahcyl1"
"GO:0090162","GO:0090162","establishment of epithelial cell polarity",26,0.320148283118544,1.06165468519633,0.357723577235772,0.606209417798876,0.488168640075663,2131,"tags=35%, list=21%, signal=27%","Pard3/Myo9a/Frmd4a/Lama1/Arf6/Myo18a/Fermt1/Ptk7/Fat1"
"GO:0035886","GO:0035886","vascular associated smooth muscle cell differentiation",30,0.305326735396164,1.06043494356361,0.357421875,0.606209417798876,0.488168640075663,2158,"tags=37%, list=21%, signal=29%","Smad6/Nfatc3/Qki/Prok2/Mrtfb/Smarca4/Pbrm1/Epc1/Nfatc1/Hey2/Srf"
"GO:0002824","GO:0002824","positive regulation of adaptive immune response based on somatic recombination of immune receptors built from immunoglobulin superfamily domains",53,0.268418263406118,1.05767398600556,0.357723577235772,0.606209417798876,0.488168640075663,1911,"tags=26%, list=19%, signal=22%","B2m/Tap2/Dennd1b/Ep300/Shld2/Fbxo38/Card9/Slc11a1/Kmt5b/Atad5/Map3k7/Sash3/Ptprc/Pms2"
"GO:0071385","GO:0071385","cellular response to glucocorticoid stimulus",38,0.286525011237975,1.05138805772884,0.357976653696498,0.606299195472548,0.488240936288125,1988,"tags=29%, list=19%, signal=23%","Foxo3/Smyd3/Foxo1/Egfr/Sstr4/Nr3c1/Axin2/Zfp764l1/Sstr3/Hnrnpu/Gsk3b"
"GO:0044773","GO:0044773","mitotic DNA damage checkpoint signaling",53,-0.26825841432981,-1.0594482341897,0.36078431372549,0.610306160185968,0.491467666948436,1972,"tags=43%, list=19%, signal=35%","Topbp1/Brca1/Mre11a/Eme1/Rfwd3/Rps27l/Mbtps1/Fbxo31/Uimc1/Mbtps2/Brcc3dc/Ccnd1/Clspn/Xpc/Msh2/Mbd4/Abraxas1/Fzr1/Tipin/Zfp830/Rint1/Syf2/Chek2"
"GO:0042632","GO:0042632","cholesterol homeostasis",62,-0.257259343632036,-1.04838869973551,0.36094674556213,0.610306160185968,0.491467666948436,2295,"tags=32%, list=22%, signal=25%","Sec24a/Ephx2/Angptl3/Nr5a2/Med13/Xbp1/Soat1/Nus1/Errfi1/Tmem97/Tspo/Slc37a4/Lipc/Cyp39a1/Abcg8/Pla2g12b/Lima1/Abca5/Abcb11/Npc1"
"GO:0055092","GO:0055092","sterol homeostasis",62,-0.257259343632036,-1.04838869973551,0.36094674556213,0.610306160185968,0.491467666948436,2295,"tags=32%, list=22%, signal=25%","Sec24a/Ephx2/Angptl3/Nr5a2/Med13/Xbp1/Soat1/Nus1/Errfi1/Tmem97/Tspo/Slc37a4/Lipc/Cyp39a1/Abcg8/Pla2g12b/Lima1/Abca5/Abcb11/Npc1"
"GO:0045739","GO:0045739","positive regulation of DNA repair",98,0.231833082394008,1.04346637057539,0.361702127659574,0.611242301622148,0.492221523418495,1742,"tags=24%, list=17%, signal=21%","Egfr/Arid1a/Crebbp/Tmem161a/Ino80/Npas2/Ino80d/Vps72/Shld2/Smchd1/Arid2/Eya1/Fam168a/Meaf6/Dpf3/Spire2/Spidr/Mbtd1/Smarca4/Eya2/Pbrm1/Kmt5b/Apbb1/Epc1"
"GO:0044774","GO:0044774","mitotic DNA integrity checkpoint signaling",55,-0.265605101953419,-1.05488596303442,0.362376237623762,0.611699164345404,0.492589426073527,3538,"tags=44%, list=35%, signal=29%","Topbp1/Brca1/Mre11a/Orc1/Eme1/Rfwd3/Rps27l/Mbtps1/Fbxo31/Uimc1/Mbtps2/Brcc3dc/Ccnd1/Clspn/Xpc/Msh2/Mbd4/Abraxas1/Fzr1/Tipin/Zfp830/Rint1/Syf2/Chek2"
"GO:1905477","GO:1905477","positive regulation of protein localization to membrane",90,0.235681246192108,1.03798491190576,0.362255965292842,0.611699164345404,0.492589426073527,2223,"tags=29%, list=22%, signal=23%","Dpp6/Egfr/Ramp3/Epha3/Cacng2/Nrxn1/Mtcl1/Agrn/Ank3/Necab2/Fyn/Akap5/Arf6/Grip1/Kcnb1/Atp2b4/Dpp10/Cemip/Lrp4/Itgb1bp1/Stac/Prkn/Grip2/Ephb2/Arhgef16/Clasp2"
"GO:0006446","GO:0006446","regulation of translational initiation",51,-0.2717512140052,-1.05644413813677,0.363273453093812,0.61287225104357,0.493534089949277,2229,"tags=31%, list=22%, signal=25%","Bank1/Ddx3x/Mknk1/Paip2/Akt2/Eif4g1/Bzw1/Eif2ak2/Eif4g2/Ago2/Eif2b5/Mif4gd/Ncbp2/Mettl3/Klhl25/Rps6kb1"
"GO:0034644","GO:0034644","cellular response to UV",60,0.255102681815638,1.04383791024921,0.364948453608247,0.615355489389532,0.495533793435795,2647,"tags=33%, list=26%, signal=25%","Prkcd/Crebbp/Tmem161a/Polh/Ino80/Ep300/Mapk13/Smpd1/Pierce1/Fbxw7/Ptprk/Ei24/Mme/Parp1/Bmf/Cul4a/Usp47/Dhx36/Aqp1/Nedd4"
"GO:0046823","GO:0046823","negative regulation of nucleocytoplasmic transport",22,-0.337178035163144,-1.06497213585502,0.365422396856582,0.615811936860646,0.495901361696362,2244,"tags=41%, list=22%, signal=32%","Hdac3/Sumo1/Rab23/Ufm1/Akap1/Nf1/Angpt1/Sirt6/Park7"
"GO:0034390","GO:0034390","smooth muscle cell apoptotic process",27,0.310632566743364,1.04146926777562,0.365853658536585,0.616195989641942,0.496210631922884,146,"tags=11%, list=1%, signal=11%","Cftr/Pde1a/Foxo1"
"GO:1901658","GO:1901658","glycosyl compound catabolic process",20,-0.346641591293495,-1.06009991408171,0.366666666666667,0.617222222222222,0.497037037037037,2485,"tags=45%, list=24%, signal=34%","Ada/Naga/Gla/Fuca2/Adal/Cdadc1/Uox/Nudt1/Upp1"
"GO:0002761","GO:0002761","regulation of myeloid leukocyte differentiation",76,0.243479219895902,1.04836126441172,0.368200836820084,0.619297616020268,0.498708311250645,2603,"tags=36%, list=25%, signal=27%","Foxp1/Asxl2/Ppp3ca/Ppargc1b/Qki/Ninj1/Eeig1/Ubash3b/Lrrc17/Notch2/Gpr68/Hsf1/Klf10/Cd74/Ripk1/Cdk6/Mafb/Rassf2/Fbxw7/Gsk3b/Mtor/Cul4a/Mitf/Fshr/Tob2/Prkca/Fgfr3"
"GO:0070663","GO:0070663","regulation of leukocyte proliferation",109,0.225608091837468,1.03624533374852,0.36830835117773,0.619297616020268,0.498708311250645,2265,"tags=26%, list=22%, signal=20%","Bcl2/Igfbp2/Nck2/Ppp3ca/Sox11/Pawr/Rc3h1/Adk/Tacr1/Ptk2/Cd276/Ptpn6/Slc4a1/Cd74/Atad5/Sh3rf1/Sash3/Ptprc/Mapk8ip1/Gsk3b/Ephb2/Efnb1/Igf1/Vav3/Tnfrsf21/Irf1/Mad1l1/Peli1"
"GO:0008347","GO:0008347","glial cell migration",54,0.26470104608014,1.05107997481888,0.369477911646586,0.619888190636299,0.499183889489297,1591,"tags=28%, list=16%, signal=24%","Epha4/Syne2/Lrp8/Ntn1/Fubp1/Dab1/Arhgef7/Zmiz1/Matn2/Ptprz1/Idh2/Enpp1/Dab2ip/Tgfb2/Ulk4"
"GO:0015800","GO:0015800","acidic amino acid transport",59,0.255939420630026,1.04487748429855,0.369072164948454,0.619888190636299,0.499183889489297,1188,"tags=19%, list=12%, signal=17%","Prkg1/Kcnk2/Ttyh3/Slc32a1/Epm2a/Slc6a6/Adora2a/Grm7/Grin2b/Nr3c1/Ntsr1"
"GO:0060260","GO:0060260","regulation of transcription initiation by RNA polymerase II",59,-0.25910142417179,-1.04025277601217,0.369439071566731,0.619888190636299,0.499183889489297,2853,"tags=37%, list=28%, signal=27%","Hnf1a/Med23/Tbp/Med14/Med8/Med16/Med28/Med13/Taf13/Pcid2/Taf10/Taf12/Med20/Med12/Med9/Psmc6/Med17/Med22/Taf9/Med31/Taf7/Kat8"
"GO:1903844","GO:1903844","regulation of cellular response to transforming growth factor beta stimulus",105,0.226262824479456,1.03470542500242,0.368869936034115,0.619888190636299,0.499183889489297,1875,"tags=25%, list=18%, signal=20%","Spred2/Chst11/Smurf2/Sap130/Sox11/Crebbp/Hipk2/Rnf111/Smad6/Ep300/Nkx2-1/Smad3/Ski/Tet1/Arid4b/Arid4a/Lats1/Ldlrad4/Tgfbr3/Pmepa1/Htra1/Zfp451/Cdkn1c/Zeb1/Pals1/Fermt1"
"GO:0035196","GO:0035196","miRNA processing",31,-0.30943750662804,-1.06255238269552,0.369834710743802,0.620143427533879,0.499389426792959,2317,"tags=35%, list=23%, signal=28%","Zc3h7a/Ddx3x/Zmpste24/Dgcr8/Ago2/Ago1/Zc3h7b/Ncbp2/Mettl3/Ddx5/Hnrnpa2b1"
"GO:0006893","GO:0006893","Golgi to plasma membrane transport",53,-0.26549415048948,-1.0485311695683,0.370588235294118,0.621063248308173,0.500130140551796,1194,"tags=15%, list=12%, signal=13%","Steap2/Exoc1/Blzf1/Sec16a/Gga2/Chic2/Golga7/Gga3"
"GO:0040001","GO:0040001","establishment of mitotic spindle localization",32,-0.308437217830647,-1.06487663402537,0.370833333333333,0.621097445600757,0.500157678965626,640,"tags=16%, list=6%, signal=15%","Mcph1/Spry1/Dctn1/Ubxn2b/Arhgef2"
"GO:0030947","GO:0030947","regulation of vascular endothelial growth factor receptor signaling pathway",21,-0.342447993851493,-1.05882545162538,0.37125748502994,0.621097445600757,0.500157678965626,2035,"tags=43%, list=20%, signal=34%","Pdcd6/Mmrn2/Hif1a/Hgs/Angpt1/Nrp1/Myof/Tmem204/Kdr"
"GO:1902175","GO:1902175","regulation of oxidative stress-induced intrinsic apoptotic signaling pathway",30,-0.308229808403353,-1.05553747370988,0.371428571428571,0.621097445600757,0.500157678965626,2717,"tags=40%, list=26%, signal=29%","Sfpq/Nfe2l2/Mcl1/Bag5/Hif1a/Mmp2/Sod1/Pycr1/Sod2/Park7/Fbxo7/P4hb"
"GO:0006766","GO:0006766","vitamin metabolic process",48,0.271521861829922,1.04445648375063,0.37125748502994,0.621097445600757,0.500157678965626,2426,"tags=31%, list=24%, signal=24%","Clybl/Nfkb1/Slc19a2/Clstn3/Abcd4/Enpp1/Mtrr/Tpk1/Slc23a2/Hlcs/Aifm2/Lrp2/Slc5a6/Rdh10/Mmadhc"
"GO:0044342","GO:0044342","type B pancreatic cell proliferation",20,0.347011451160921,1.06235156799902,0.371951219512195,0.621628348109184,0.500585204417957,2118,"tags=35%, list=21%, signal=28%","Phip/Adk/Ptprn/Dach1/Igfbp5/Igfbp4/Igf1"
"GO:0006851","GO:0006851","mitochondrial calcium ion transmembrane transport",21,-0.341282755551826,-1.0552226156005,0.373253493013972,0.622820075642834,0.50154487939555,2761,"tags=57%, list=27%, signal=42%","Afg3l2/Letm1/Ghitm/Vdac1/Opa1/Hspa9/Mcu/Mcur1/Akt1/Smdt1/Spg7/Maip1"
"GO:0090317","GO:0090317","negative regulation of intracellular protein transport",28,-0.309597999542006,-1.04808767594586,0.37328094302554,0.622820075642834,0.50154487939555,2244,"tags=36%, list=22%, signal=28%","Hdac3/Sumo1/Rab23/Yod1/Ufm1/Akap1/Nf1/Angpt1/Sirt6/Park7"
"GO:0045124","GO:0045124","regulation of bone resorption",28,-0.308488822438611,-1.04433275874927,0.37328094302554,0.622820075642834,0.50154487939555,1298,"tags=25%, list=13%, signal=22%","Nf1/Cd38/Adam8/Def8/Pdk4/Csf1r/Itgav"
"GO:0009583","GO:0009583","detection of light stimulus",20,0.346921798870118,1.06207710370861,0.373983739837398,0.623649274467428,0.502212617062879,867,"tags=20%, list=8%, signal=18%","Asic2/Slc24a4/Cep250/Ccdc66"
"GO:1990874","GO:1990874","vascular associated smooth muscle cell proliferation",56,0.260267246793218,1.04458281813428,0.374745417515275,0.624575695858792,0.502958646170116,1653,"tags=20%, list=16%, signal=17%","Tafa5/Mef2d/Prkg1/Cdkn1b/Gna13/Igfbp5/Enpp1/Ppargc1a/Bmpr1a/Map3k7/Calcrl"
"GO:0002639","GO:0002639","positive regulation of immunoglobulin production",28,0.30648662218929,1.04115233527999,0.37525354969574,0.625078755128144,0.503363750004182,2105,"tags=32%, list=21%, signal=26%","Foxp1/Shld2/Kmt5b/Atad5/Sash3/Ptprc/Pms2/Il13ra1/Ephb2"
"GO:0099637","GO:0099637","neurotransmitter receptor transport",28,-0.306613454687838,-1.03798404257423,0.37721021611002,0.627992832315033,0.505710399620026,1022,"tags=25%, list=10%, signal=23%","Snap23/Arhgap44/Snap47/Mylk/Rab8a/Stx3/Vps35"
"GO:0170033","GO:0170033","L-amino acid metabolic process",115,-0.225674020268564,-1.03145290186368,0.379506641366224,0.631469040823536,0.508509722643375,1426,"tags=18%, list=14%, signal=16%","Asns/Arg2/Got2/Gclc/Asnsd1/Mccc1/Aadat/Pycr1/Apip/Aldh5a1/Adi1/Nit2/Azin1/Oat/Park7/Glul/Nos1/Odc1/Dlst/Ppat/P4hb"
"GO:0032635","GO:0032635","interleukin-6 production",76,-0.243387970252992,-1.03752484926842,0.379770992366412,0.631562078413957,0.508584644003318,1235,"tags=16%, list=12%, signal=14%","Traf6/Rabgef1/Adora2b/Foxj1/Tnfrsf1a/Ticam1/Il17ra/Arrb1/Il17d/Azi2/Arhgef2/Prg4"
"GO:0001885","GO:0001885","endothelial cell development",42,0.278761927841298,1.04197589776861,0.380952380952381,0.633179217929629,0.509886894966434,2768,"tags=38%, list=27%, signal=28%","Pecam1/Magi1/Ptprs/Plcb1/Met/Dmd/Vcl/Add1/Rap2c/Col18a1/Afdn/Tjp1/Rapgef1/Rock1/Rapgef3/Rapgef2"
"GO:0090311","GO:0090311","regulation of protein deacetylation",21,0.339371666340347,1.05961038382659,0.383233532934132,0.634699453551913,0.511111111111111,796,"tags=19%, list=8%, signal=18%","Spred2/Ncor2/Ep300/Fry"
"GO:0045540","GO:0045540","regulation of cholesterol biosynthetic process",23,0.329510800029545,1.05906426230001,0.382293762575453,0.634699453551913,0.511111111111111,2065,"tags=35%, list=20%, signal=28%","Abcg1/Srebf2/Lpcat3/Qki/Srebf1/Scap/Gnai1/Pex2"
"GO:0106118","GO:0106118","regulation of sterol biosynthetic process",23,0.329510800029545,1.05906426230001,0.382293762575453,0.634699453551913,0.511111111111111,2065,"tags=35%, list=20%, signal=28%","Abcg1/Srebf2/Lpcat3/Qki/Srebf1/Scap/Gnai1/Pex2"
"GO:0045910","GO:0045910","negative regulation of DNA recombination",34,-0.29770006729403,-1.05695025793905,0.382936507936508,0.634699453551913,0.511111111111111,2290,"tags=26%, list=22%, signal=21%","Rmi2/Parpbp/C1qbp/Lig3/Msh2/Terf2ip/Mlh1/Msh6/Helb"
"GO:1903146","GO:1903146","regulation of autophagy of mitochondrion",32,-0.305088474691223,-1.05331512939371,0.383333333333333,0.634699453551913,0.511111111111111,2884,"tags=41%, list=28%, signal=29%","Dnm1l/Rnf41/Vdac1/Parl/Bnip3l/Hk2/Usp30/Ube2a/Tspo/Stub1/Fbxo7/Cttn/Bnip3"
"GO:0042987","GO:0042987","amyloid precursor protein catabolic process",40,0.280353953013941,1.04924373808146,0.383141762452107,0.634699453551913,0.511111111111111,3462,"tags=48%, list=34%, signal=32%","Lrrtm3/Epha4/Abcg1/Slc2a13/Bace1/Adam9/Flot2/Abca2/Igf1/Spon1/Rock1/Prnp/Adam17/Dyrk1a/Aph1a/App/Tmed10/Sp1/Adam10"
"GO:0002286","GO:0002286","T cell activation involved in immune response",45,0.277484184248706,1.04653170151835,0.382591093117409,0.634699453551913,0.511111111111111,2561,"tags=33%, list=25%, signal=25%","Foxp1/Rc3h1/Ep300/Rora/Apbb1ip/Kmt2a/Rorc/Slc11a1/Cd74/Plxna1/Mtor/Irf1/Nfkbiz/Tsc1/Brd2"
"GO:0008608","GO:0008608","attachment of spindle microtubules to kinetochore",31,-0.307826964498744,-1.05702207256744,0.384297520661157,0.635948382088097,0.51211684894223,2119,"tags=29%, list=21%, signal=23%","Nsl1/Rb1/Bub3/Ska2/Abraxas1/Cdca8/Spc25/Racgap1/Mis12"
"GO:0007131","GO:0007131","reciprocal meiotic recombination",32,-0.304581771479962,-1.05156574125614,0.385416666666667,0.636757088331516,0.51276808433297,1644,"tags=28%, list=16%, signal=24%","Terb1/Tex11/Rad51ap1/Chtf18/Mlh1/Slx4/1700028K03Rik/Trip13/Ube2b"
"GO:0140527","GO:0140527","reciprocal homologous recombination",32,-0.304581771479962,-1.05156574125614,0.385416666666667,0.636757088331516,0.51276808433297,1644,"tags=28%, list=16%, signal=24%","Terb1/Tex11/Rad51ap1/Chtf18/Mlh1/Slx4/1700028K03Rik/Trip13/Ube2b"
"GO:0034067","GO:0034067","protein localization to Golgi apparatus",21,-0.339629217251496,-1.05010998983232,0.385229540918164,0.636757088331516,0.51276808433297,2097,"tags=57%, list=20%, signal=46%","Rab33b/Optn/Vps13d/Atg9a/Zdhhc15/Gcc2/Sorl1/Arfrp1/Ift20/Rab6a/Cog7/Paqr3"
"GO:0048384","GO:0048384","retinoic acid receptor signaling pathway",20,0.345048049971784,1.05634075099309,0.386178861788618,0.637479174676406,0.513349566406083,1792,"tags=40%, list=17%, signal=33%","Esrrg/Thrb/Zfp536/Ezh2/Ctbp2/Dhrs3/Rarb/Rxra"
"GO:0032212","GO:0032212","positive regulation of telomere maintenance via telomerase",26,-0.311012644771175,-1.03551377660408,0.386274509803922,0.637479174676406,0.513349566406083,3174,"tags=38%, list=31%, signal=27%","Ctnnb1/Mapk15/Tcp1/Cct4/Tnks/Cct2/Map3k4/Prkcq/Cct8/Ptges3"
"GO:0046329","GO:0046329","negative regulation of JNK cascade",23,-0.329639952677638,-1.0473320196736,0.388118811881188,0.639825904858187,0.515239342526064,1720,"tags=43%, list=17%, signal=36%","Pafah1b1/Sfrp5/Cdc42se1/Hdac3/Akt1/Dusp19/Pdcd4/Cyld/Gstp3/Aida"
"GO:0042098","GO:0042098","T cell proliferation",94,0.232564963930532,1.03386748048562,0.388286334056399,0.639825904858187,0.515239342526064,2265,"tags=27%, list=22%, signal=21%","Igfbp2/Nck2/Ppp3ca/Pawr/Rasgrp1/Rc3h1/Adk/Fyn/Cd276/Ptpn6/Slc4a1/Alkbh5/Slc11a1/Sh3rf1/Sash3/Ptprc/Mapk8ip1/Efnb1/Igf1/Abl1/Ephb6/Tnfrsf21/Irf1/Mad1l1/Peli1"
"GO:0051149","GO:0051149","positive regulation of muscle cell differentiation",52,0.262149391782329,1.0312379476353,0.388329979879276,0.639825904858187,0.515239342526064,2199,"tags=33%, list=21%, signal=26%","Bcl2/Prox1/Pias1/Prkd1/Ep300/Lama1/Setd3/Nr3c1/Notch2/Rbm24/Epc1/Adrb1/Efnb2/Gsk3b/Igf1/Mtor/Tshz3"
"GO:0010324","GO:0010324","membrane invagination",33,0.29546747979563,1.05013114798535,0.388560157790927,0.639857216362233,0.515264557070577,507,"tags=15%, list=5%, signal=14%","Xkr6/Elmo1/Adgrb1/Ano6/Xkr4"
"GO:0050864","GO:0050864","regulation of B cell activation",72,-0.248174828996057,-1.04073139629935,0.389105058365759,0.640164410661724,0.515511934658286,1310,"tags=18%, list=13%, signal=16%","Msh2/Cd38/Slc15a4/Tsc2/Foxj1/Cyld/Mlh1/Zfp36l1/Ticam1/Supt6/Gpr183/Ppp2r3c/Id2"
"GO:0007272","GO:0007272","ensheathment of neurons",133,0.216074234777684,1.01991458718873,0.389380530973451,0.640164410661724,0.515511934658286,2366,"tags=32%, list=23%, signal=25%","Tenm4/Cntn2/Ntrk3/Nfasc/Srebf2/Pou3f2/Cntnap2/Pard3/Gpc1/Galc/Tcf7l2/Myoc/Slc8a3/Fyn/Qki/Sirt2/Ski/Ptprz1/Tg/Enpp1/Large1/Ulk4/Cdh2/Hexa/Kif14/Rarb/Rxra/Pals1/Abca2/Mobp/Eif2ak3/Atrn/Grb2/Mbp/Igf1/Mtor/Aspa/Tnfrsf21/Mtmr2/Pmp22/Fig4/Arhgef10"
"GO:0008366","GO:0008366","axon ensheathment",133,0.216074234777684,1.01991458718873,0.389380530973451,0.640164410661724,0.515511934658286,2366,"tags=32%, list=23%, signal=25%","Tenm4/Cntn2/Ntrk3/Nfasc/Srebf2/Pou3f2/Cntnap2/Pard3/Gpc1/Galc/Tcf7l2/Myoc/Slc8a3/Fyn/Qki/Sirt2/Ski/Ptprz1/Tg/Enpp1/Large1/Ulk4/Cdh2/Hexa/Kif14/Rarb/Rxra/Pals1/Abca2/Mobp/Eif2ak3/Atrn/Grb2/Mbp/Igf1/Mtor/Aspa/Tnfrsf21/Mtmr2/Pmp22/Fig4/Arhgef10"
"GO:0043173","GO:0043173","nucleotide salvage",24,-0.318292304117573,-1.03499354259926,0.389863547758285,0.64061092717332,0.515871505710528,1532,"tags=29%, list=15%, signal=25%","Hprt1/Uckl1/Aprt/Gmps/Uck1/Ampd3/Upp1"
"GO:1902108","GO:1902108","regulation of mitochondrial membrane permeability involved in apoptotic process",25,-0.309483027630529,-1.01904907327412,0.391050583657588,0.642213153649046,0.517161747492961,2158,"tags=32%, list=21%, signal=25%","Slc35f6/Bnip3l/Siva1/Tmem14a/Gclc/Vdac2/Bok/Bnip3"
"GO:0001656","GO:0001656","metanephros development",54,0.261317171599399,1.03764322133159,0.391566265060241,0.642711691837774,0.517563210588834,2398,"tags=35%, list=23%, signal=27%","Bcl2/Ctsh/Gpc3/Slc5a1/Robo2/Kif26b/Bmp7/Sox8/Eya1/Pkd1/Lgr4/Wnt7b/Mtss1/Greb1l/Slit2/Tshz3/Gli3/Ret/Rdh10"
"GO:0048008","GO:0048008","platelet-derived growth factor receptor signaling pathway",79,0.239061775187848,1.0312361224297,0.39186295503212,0.642850435163683,0.517674937887587,2624,"tags=39%, list=26%, signal=29%","Epha4/Egfr/Igf1r/Ntrk3/Smpd3/Pdgfd/Epha3/Ephb1/Epha5/Pdgfc/Met/Erbb4/Arid5b/Epha7/Epha6/Hip1/Bcr/Phf14/Ros1/Alk/Ephb3/Tyro3/Ephb2/Abl1/Clasp2/Fshr/Ret/Rapgef1/Tiparp/Fgfr3/Ddr2"
"GO:0048499","GO:0048499","synaptic vesicle membrane organization",30,-0.303053387106995,-1.03781074349414,0.393877551020408,0.645657111952407,0.519935100054083,2045,"tags=37%, list=20%, signal=29%","Stx2/Cplx2/Rab3a/Stx1a/Tor1a/Snap23/Rph3a/Snap29/Snap47/Stx19/Vamp1"
"GO:0061180","GO:0061180","mammary gland epithelium development",44,0.274496168284584,1.03669065025447,0.394,0.645657111952407,0.519935100054083,2272,"tags=30%, list=22%, signal=23%","Robo1/Ntn1/Csmd1/Nr3c1/Erbb4/Lats1/Chuk/Lrp5/Ar/Deaf1/Slit2/Lrp6/Zfp703"
"GO:0000271","GO:0000271","polysaccharide biosynthetic process",48,-0.269956996501087,-1.04199674867464,0.395209580838323,0.647289205373038,0.521249393105681,1815,"tags=27%, list=18%, signal=22%","Akt2/Akt1/Gfpt1/Ext2/Nhlrc1/Has2/Insr/Cltc/Ptges3/Pgm1/Inpp5k/Pgm2/Ugp2"
"GO:0032655","GO:0032655","regulation of interleukin-12 production",22,0.33046223921716,1.04105055387578,0.39553752535497,0.647331438013586,0.521283402228762,1662,"tags=23%, list=16%, signal=19%","Foxp1/Plcb1/Nfkb1/Irf8/Rel"
"GO:0032606","GO:0032606","type I interferon production",74,0.240953026802121,1.03378781520768,0.395876288659794,0.647331438013586,0.521283402228762,1662,"tags=22%, list=16%, signal=18%","Zbtb20/Irf7/Nmi/Crebbp/Ptprs/Qki/Traip/Traf3ip1/Tank/Ap3d1/Rnf216/Irf8/Polr3c/Ifih1/Chuk/Rel"
"GO:0097205","GO:0097205","renal filtration",24,-0.317645448873416,-1.03289015840794,0.395711500974659,0.647331438013586,0.521283402228762,2338,"tags=42%, list=23%, signal=32%","Edn1/Rhpn1/Tbc1d8b/Mcam/Ednra/Tmem63c/Myo1e/Coro2b/Itga3/Comt"
"GO:0015844","GO:0015844","monoamine transport",74,-0.244438699567937,-1.02901889868388,0.39651837524178,0.647894110738002,0.521736511617401,1948,"tags=26%, list=19%, signal=21%","Cxcl12/Tgm2/Xbp1/Rab3a/Dtnbp1/Agtr2/Chrna4/Stx1a/Slc18b1/Adora2b/Tor1a/Fev/Sdhd/Slc6a4/Park7/Nos1/Comt/Pick1/Ptgs1"
"GO:0071706","GO:0071706","tumor necrosis factor superfamily cytokine production",85,-0.234870284859,-1.02300287123301,0.396648044692737,0.647894110738002,0.521736511617401,1465,"tags=20%, list=14%, signal=17%","Ltf/Arg2/Cactin/Angpt1/Errfi1/Adam8/Tspo/Tnfrsf1a/Rara/Ticam1/Gpr18/Csf1r/Azi2/Akap12/Gstp3/Fxr1/Arhgef2"
"GO:0099504","GO:0099504","synaptic vesicle cycle",189,0.20811001094332,1.02849178045578,0.396963123644252,0.648059409828708,0.521869623756451,1427,"tags=20%, list=14%, signal=17%","Syt10/Pcdh17/Unc13c/Nlgn1/Wnt7a/Syn3/Kcnh1/Fgf14/Ppfia2/Synj2/Nrxn1/Scamp5/Cacna1e/Cacna1b/Rab3b/Syt1/Slc32a1/Cask/Ap1s2/Cacna1d/Syndig1/Doc2b/Erc1/Stxbp5l/Btbd9/Magi2/Arf6/Rimbp2/Pclo/Ap3d1/Rims3/Grn/Dnm3/Bsn/Htr1d/Dnajc5/Ctbp2"
"GO:0006778","GO:0006778","porphyrin-containing compound metabolic process",34,-0.294420261894267,-1.04530568158817,0.398809523809524,0.64934352002483,0.522903692693262,3061,"tags=41%, list=30%, signal=29%","Abcb7/Hnf1a/Ppox/Pgrmc1/Bdh2/Uros/Blvra/Ireb2/Alas1/Srrd/Tmem14a/Cpox/Tmem14c/Snx3"
"GO:0006476","GO:0006476","protein deacetylation",32,0.291362232964165,1.03878663375086,0.398467432950192,0.64934352002483,0.522903692693262,1666,"tags=25%, list=16%, signal=21%","Spred2/Ncor2/Ep300/Fry/Hdac4/Sirt2/Sirt4/Ndst1"
"GO:0016242","GO:0016242","negative regulation of macroautophagy",28,-0.3029397267232,-1.02554730522383,0.398821218074656,0.64934352002483,0.522903692693262,2980,"tags=32%, list=29%, signal=23%","Poldip2/Rnf41/Sec22b/Lrrk2/Usp30/Tsc2/Tspo/Smcr8/Npc1"
"GO:0048488","GO:0048488","synaptic vesicle endocytosis",67,-0.24903535349031,-1.02181639336167,0.398,0.64934352002483,0.522903692693262,2399,"tags=39%, list=23%, signal=30%","Snx9/Ppp3cb/Dnm1l/Ap2s1/Abca13/Sgip1/Snap91/Sh3gl1/Rac1/Lrrk2/Bin1/Dnajc6/Ap2m1/Ston1/Stx1a/Dnm1/Arpc3/Synj1/Tor1a/Ap2b1/Pacsin1/Ophn1/Ap3m2/Park7/Cltc/Pip5k1c"
"GO:0072006","GO:0072006","nephron development",109,0.221776358273554,1.01864571667169,0.398286937901499,0.64934352002483,0.522903692693262,1606,"tags=22%, list=16%, signal=19%","Bcl2/Ppp3ca/Ext1/Ampd2/Kirrel3/Pdgfd/Ptpro/Gpc3/Gzf1/Kif26b/Col4a3/Magi2/Bmp7/Sox8/Erbb4/Eya1/Notch2/Hs3st3b1/Pkd1/Pbx1/Lgr4/Wnt7b/Mtss1/Hs3st3a1"
"GO:0034446","GO:0034446","substrate adhesion-dependent cell spreading",73,-0.246866312585798,-1.0358734958832,0.399217221135029,0.649639194435628,0.523141793538921,2551,"tags=32%, list=25%, signal=24%","Lama5/Enpp2/Dmtn/Triobp/Vamp3/Lamc1/Lims2/Rac1/C1qbp/St6gal1/Src/Mdk/Rac3/Nedd9/Nrp1/Fn1/Ntn4/Has2/Ap1ar/Lamb1/P4hb/Itgav/Actn4"
"GO:0070232","GO:0070232","regulation of T cell apoptotic process",21,0.336079585961014,1.04933161603212,0.401197604790419,0.652200991232747,0.52520475861647,1566,"tags=24%, list=15%, signal=20%","Bcl11b/Bcl2/St3gal1/Rorc/Tgfb2"
"GO:0030216","GO:0030216","keratinocyte differentiation",56,0.257212559741727,1.0323228290343,0.40122199592668,0.652200991232747,0.52520475861647,1676,"tags=25%, list=16%, signal=21%","Bcl11b/Ppp3ca/Kazn/St14/Krt90/Abca12/Ezh2/Lats1/Palld/Smarca4/Bcr/Tgfb2/Ubn1/Mafb"
"GO:0036297","GO:0036297","interstrand cross-link repair",21,-0.336557574338043,-1.04061268293182,0.403193612774451,0.655054502255543,0.527502635479711,1644,"tags=52%, list=16%, signal=44%","Xrcc3/Fancd2/Fancm/Neil3/Rfwd3/Fanca/Rad51ap1/Fancl/Dclre1c/Fan1/Mcm8"
"GO:0072577","GO:0072577","endothelial cell apoptotic process",32,0.289764191928775,1.03308917718327,0.404214559386973,0.655724634379698,0.528042279830516,954,"tags=19%, list=9%, signal=17%","Foxo3/Ano6/Pak4/Plcg1/Bmpr2/Col4a3"
"GO:0002292","GO:0002292","T cell differentiation involved in immune response",32,0.289531594173051,1.03225990210108,0.404214559386973,0.655724634379698,0.528042279830516,2561,"tags=34%, list=25%, signal=26%","Foxp1/Rc3h1/Ep300/Rora/Kmt2a/Rorc/Mtor/Irf1/Nfkbiz/Tsc1/Brd2"
"GO:0048709","GO:0048709","oligodendrocyte differentiation",98,0.226353678924693,1.01880391432885,0.404255319148936,0.655724634379698,0.528042279830516,1344,"tags=19%, list=13%, signal=17%","Tenm4/Cntn2/Sox11/Eif2b3/Cntnap2/Ptpra/Sox13/Tcf7l2/Slc8a3/Qki/Sirt2/Nkx2-1/Exoc4/Sox6/Sox1/Sox8/Ptprz1/Lingo1/Enpp1"
"GO:0045639","GO:0045639","positive regulation of myeloid cell differentiation",68,0.243372605456145,1.02690382678672,0.405241935483871,0.65697328224512,0.529047791642935,1599,"tags=24%, list=16%, signal=20%","Foxo3/Asxl2/Ppp3ca/Ppargc1b/Rcor1/Acvr2a/Ninj1/Eeig1/Notch2/Ets1/Gpr68/Brd1/Hsf1/Klf10/Cd74/Ripk1"
"GO:0046626","GO:0046626","regulation of insulin receptor signaling pathway",54,-0.258272970143473,-1.01962577065023,0.406746031746032,0.659059078176725,0.530727442492148,2371,"tags=31%, list=23%, signal=24%","Prkcz/Opa1/Slc27a4/C1qtnf12/Mfn2/Adipor1/Sorl1/Ptpn11/Src/Ctsd/Prkcq/Tsc2/Ogt/Pip4k2b/Rps6kb1/Pid1/Inpp5k"
"GO:0072574","GO:0072574","hepatocyte proliferation",21,0.331160281517306,1.03397221338674,0.409181636726547,0.659478914511403,0.531065528517433,322,"tags=14%, list=3%, signal=14%","Prox1/Rps6ka1/Itpr1"
"GO:0072575","GO:0072575","epithelial cell proliferation involved in liver morphogenesis",21,0.331160281517306,1.03397221338674,0.409181636726547,0.659478914511403,0.531065528517433,322,"tags=14%, list=3%, signal=14%","Prox1/Rps6ka1/Itpr1"
"GO:0034103","GO:0034103","regulation of tissue remodeling",51,-0.265772549097667,-1.03320182984178,0.409181636726547,0.659478914511403,0.531065528517433,1298,"tags=20%, list=13%, signal=17%","Nf1/Cd38/Flt4/Inpp4b/Adam8/Def8/Pdk4/Csf1r/Itgav/Lrp1"
"GO:0070741","GO:0070741","response to interleukin-6",22,0.326941311658859,1.02995862520819,0.407707910750507,0.659478914511403,0.531065528517433,1599,"tags=32%, list=16%, signal=27%","St18/Cebpa/Nfkb1/Ptprt/Tut4/C1qtnf4/Ripk1"
"GO:0071354","GO:0071354","cellular response to interleukin-6",22,0.326941311658859,1.02995862520819,0.407707910750507,0.659478914511403,0.531065528517433,1599,"tags=32%, list=16%, signal=27%","St18/Cebpa/Nfkb1/Ptprt/Tut4/C1qtnf4/Ripk1"
"GO:0002822","GO:0002822","regulation of adaptive immune response based on somatic recombination of immune receptors built from immunoglobulin superfamily domains",76,0.239008085318239,1.02910966544078,0.407949790794979,0.659478914511403,0.531065528517433,2580,"tags=32%, list=25%, signal=24%","B2m/Tap2/Rc3h1/Dennd1b/Ep300/Ptpn6/Shld2/Fbxo38/Dusp22/Card9/Slc11a1/Kmt5b/Atad5/Map3k7/Susd4/Sash3/Ptprc/Pms2/Ephb2/Irf1/Nfkbiz/Hmces/Brd2/Tnfaip3"
"GO:0042908","GO:0042908","xenobiotic transport",24,-0.31562461429327,-1.02631899500231,0.407407407407407,0.659478914511403,0.531065528517433,2197,"tags=46%, list=21%, signal=36%","Slc18a2/Gja1/Slc22a4/Abcc6/Slc7a5/Oscp1/Abca3/Abcc4/Abcc1/Abcc5/Abcb11"
"GO:0002285","GO:0002285","lymphocyte activation involved in immune response",99,0.226331005585281,1.01917582661184,0.408993576017131,0.659478914511403,0.531065528517433,2580,"tags=31%, list=25%, signal=24%","Foxp1/Rc3h1/Lfng/Ep300/Rora/Shld2/Notch2/Enpp1/Irf8/Apbb1ip/Kmt2a/St3gal1/Rorc/Slc11a1/Cd74/Phf14/Kmt5b/Atad5/Plxna1/Ptprc/Pms2/Sanbr/Abl1/Mtor/Irf1/Nfkbiz/Hmces/Nbn/Tsc1/Brd2/Tnfaip3"
"GO:0043114","GO:0043114","regulation of vascular permeability",27,0.30327778480435,1.01681061900296,0.408536585365854,0.659478914511403,0.531065528517433,1511,"tags=26%, list=15%, signal=22%","Ptp4a3/Tacr1/Adora2a/Bmp6/Nr3c1/Pde3a/Bcr"
"GO:0009167","GO:0009167","purine ribonucleoside monophosphate metabolic process",27,0.302281276803649,1.01346958986135,0.408536585365854,0.659478914511403,0.531065528517433,874,"tags=22%, list=9%, signal=20%","Ampd2/Adk/Pals2/Nt5c1a/Guk1/Adsl"
"GO:0009132","GO:0009132","nucleoside diphosphate metabolic process",95,-0.229369942407776,-1.01510908287506,0.410018552875696,0.660476456785411,0.531868829886601,2138,"tags=25%, list=21%, signal=20%","Hk2/Src/Ppp2ca/Mfsd8/Hif1a/Bpgm/Ddit4/Gpi1/Pfkfb2/Umps/Prkaa2/Sirt6/Eif6/Nudt7/Pgam1/Insr/Ogt/Ampd3/Nudt9/Rrm1/Rrm2b/Pkm/Entpd2/Nudt5"
"GO:0001754","GO:0001754","eye photoreceptor cell differentiation",33,0.292291464956939,1.03884316424216,0.41025641025641,0.660508460721001,0.531894602032753,1277,"tags=21%, list=12%, signal=19%","Sdk2/Dscam/Thrb/Rpgr/Olfm3/Sox8/Ush1c"
"GO:0050951","GO:0050951","sensory perception of temperature stimulus",24,0.322303165776131,1.04540522687106,0.411042944785276,0.661423325915765,0.53263132515989,2003,"tags=38%, list=20%, signal=30%","Pawr/Mmp24/Ephb1/Oprk1/Btbd9/Ntsr1/Enpp1/Adora1/Trpv1"
"GO:0048662","GO:0048662","negative regulation of smooth muscle cell proliferation",35,0.284897672300271,1.02386180093586,0.411646586345382,0.662043076765661,0.533130398451556,1348,"tags=20%, list=13%, signal=17%","Tafa5/Prkg1/Cdkn1b/Bmpr2/Gna13/Igfbp5/Ppargc1a"
"GO:0044843","GO:0044843","cell cycle G1/S phase transition",164,0.207953180725978,1.01373346041877,0.412765957446808,0.663491167673119,0.534296517862182,2253,"tags=30%, list=22%, signal=24%","Bcl2/Egfr/Ppp3ca/Mn1/Tfdp1/Arid1a/Crebbp/Ccnd2/Pias1/Myo16/Ino80/Plcb1/Ambra1/Cdkn1b/Cables1/Ecd/Rbbp8/Ccnb2/Ptpn6/Ctdspl/Arid2/Ezh2/Lats1/Gigyf2/Cdk2ap2/Nasp/Dpf3/Hinfp/Atp2b4/Ccnj/Pkd1/Smarca4/Stxbp4/Pbrm1/Acvr1/Cdk6/Kif14/Dcun1d3/Apbb1/Dgkz/Ankrd17/Ube2e2/Ccni/Nfatc1/Klf11/Smarcd2/Rcc1/Appl2/Cul4a"
"GO:0016601","GO:0016601","Rac protein signal transduction",43,0.274666200732383,1.02565757289603,0.413306451612903,0.664007713884993,0.534712482468443,1831,"tags=26%, list=18%, signal=21%","Auts2/Elmo1/Dock5/Abi2/Agrn/Stmn3/Arf6/Tns3/Lrp4/Eps8/Tiam1"
"GO:0035050","GO:0035050","embryonic heart tube development",58,0.253290839433511,1.02981786073998,0.413793103448276,0.664417372881356,0.535042372881356,1536,"tags=21%, list=15%, signal=18%","Ccdc103/Plxna4/Kdm2a/Smad3/Tead1/Traf3ip1/Rnf207/Chrd/Notch2/Arl13b/Slc8a1/Acvr1"
"GO:0019748","GO:0019748","secondary metabolic process",29,-0.298346835571376,-1.01927936986385,0.414,0.664417372881356,0.535042372881356,2899,"tags=34%, list=28%, signal=25%","Akr1b1/Gipc1/Bdh2/Nfe2l2/Appl1/Myo5a/Ddt/Cbr4/Cpt1a/Slc24a5"
"GO:1903421","GO:1903421","regulation of synaptic vesicle recycling",34,-0.292011025830943,-1.03675196273378,0.41468253968254,0.664808515998992,0.53535735281767,3050,"tags=50%, list=30%, signal=35%","Snx9/Ppp3cb/Dnm1l/Abca13/Snap91/Sh3gl1/Rac1/Lrrk2/Ap2m1/Dnm1/Arpc3/Synj1/Tor1a/Cyfip1/Ophn1/Park7/Pip5k1c"
"GO:0090207","GO:0090207","regulation of triglyceride metabolic process",27,0.301684136323367,1.01146753494071,0.414634146341463,0.664808515998992,0.53535735281767,1446,"tags=19%, list=14%, signal=16%","Lmf1/Thrb/Tcf7l2/Srebf1/Mfsd2a"
"GO:0032637","GO:0032637","interleukin-8 production",27,-0.302288016588492,-1.01618054526442,0.415686274509804,0.665713219748787,0.536085893131037,2960,"tags=33%, list=29%, signal=24%","Anxa4/Il18/Ssc5d/Nod1/Fadd/Cactin/Park7/Arrb1/Il17d"
"GO:0032677","GO:0032677","regulation of interleukin-8 production",27,-0.302288016588492,-1.01618054526442,0.415686274509804,0.665713219748787,0.536085893131037,2960,"tags=33%, list=29%, signal=24%","Anxa4/Il18/Ssc5d/Nod1/Fadd/Cactin/Park7/Arrb1/Il17d"
"GO:0051091","GO:0051091","positive regulation of DNA-binding transcription factor activity",124,0.217520170238066,1.02142635394256,0.416135881104034,0.665770695337749,0.536132177103666,1801,"tags=23%, list=18%, signal=19%","Rps6ka5/Ppp3ca/Trim25/Crebbp/Hipk2/Trappc9/Prkd1/Epha5/Ep300/Hdac4/Erc1/Nts/Crtc1/Adcy1/Arid5b/Fzd1/Ppargc1a/Tgfbr3/Smarca4/Card9/Camk1d/Bdnf/Hsf1/Ripk1/Trim8/Lrp5/Slco3a1/Mtdh"
"GO:0043536","GO:0043536","positive regulation of blood vessel endothelial cell migration",46,0.269327435990257,1.01747474623895,0.416161616161616,0.665770695337749,0.536132177103666,2583,"tags=37%, list=25%, signal=28%","Vegfc/Hspb1/Plcg1/Prkd1/Amotl1/Jcad/Akt3/Ets1/Tgfbr3/Pik3c2a/Map3k3/Igf1/Hdac9/Abl1/Col18a1/Fgf18/Prkca"
"GO:0009262","GO:0009262","deoxyribonucleotide metabolic process",31,-0.301198159270963,-1.03425995537629,0.417355371900826,0.666114510958757,0.536409045128504,320,"tags=32%, list=3%, signal=31%","Oga/Nme1/Tyms/Nudt15/Uox/Tk2/Upp1/Rrm1/Rrm2b/Tymp"
"GO:0090559","GO:0090559","regulation of membrane permeability",40,-0.282021000047025,-1.03380405494458,0.416666666666667,0.666114510958757,0.536409045128504,2274,"tags=35%, list=22%, signal=27%","Hspa8/Slc35f6/Bnip3l/Hk2/Heg1/Siva1/Ppif/Tmem14a/Gclc/Spg7/Dynlt1c/Vdac2/Bok/Bnip3"
"GO:0071260","GO:0071260","cellular response to mechanical stimulus",48,-0.265067025097016,-1.02312213393897,0.417165668662675,0.666114510958757,0.536409045128504,2294,"tags=31%, list=22%, signal=24%","Mtpn/Rac1/Ptpn11/Got1/Map3k14/Col1a1/Fadd/Akt1/Pax2/Ednra/Gclc/Bag3/Tnfrsf1a/Nos1/Bnip3"
"GO:1904376","GO:1904376","negative regulation of protein localization to cell periphery",24,-0.31413362491879,-1.02147073334248,0.417153996101364,0.666114510958757,0.536409045128504,1809,"tags=25%, list=18%, signal=21%","Ppp2r5a/Mrap2/Ap2m1/Ngdn/Cltc/Pid1"
"GO:0048538","GO:0048538","thymus development",37,0.279721712362116,1.01955231087345,0.41747572815534,0.666114510958757,0.536409045128504,2459,"tags=32%, list=24%, signal=25%","Bcl11b/Bcl2/Lmo4/Nfatc3/Ccnb2/Pbx1/Mafb/Ephb3/Srf/Abl1/Mad1l1/Cacnb4"
"GO:0071229","GO:0071229","cellular response to acid chemical",76,0.237937557436985,1.02450023731932,0.418410041841004,0.666902907300496,0.537043925350894,2537,"tags=34%, list=25%, signal=26%","Egfr/Glra3/Pdgfd/Col4a6/Ep300/Fyn/Pdgfc/Gria1/Hnrnpd/Socs1/Castor2/Gria2/Bdnf/Hsf1/Capn2/Grin3b/Zeb1/Prkn/Cpeb4/Glra1/Mtor/Samtor/Cybb/Sesn3/Rragb/Glra2"
"GO:0048536","GO:0048536","spleen development",30,-0.296751276930296,-1.01622907529206,0.418367346938776,0.666902907300496,0.537043925350894,1828,"tags=30%, list=18%, signal=25%","Pcid2/Fadd/Rc3h2/Flvcr1/Ctc1/Nfkb2/Ppp2r3c/Fam210b/Polb"
"GO:0051893","GO:0051893","regulation of focal adhesion assembly",51,0.257708679869557,1.00789224388648,0.419161676646707,0.667398780998172,0.537443242784006,2810,"tags=41%, list=27%, signal=30%","Arhgap6/Epha3/Ptpra/Myoc/Peak1/Smad3/Map4k4/Ptk2/Dusp22/Ldb1/Vcl/Itgb1bp1/Abl1/Clasp2/Clasp1/Tsc1/Rock1/Macf1/Dlc1/Lims1/Ptprj"
"GO:0090109","GO:0090109","regulation of cell-substrate junction assembly",51,0.257708679869557,1.00789224388648,0.419161676646707,0.667398780998172,0.537443242784006,2810,"tags=41%, list=27%, signal=30%","Arhgap6/Epha3/Ptpra/Myoc/Peak1/Smad3/Map4k4/Ptk2/Dusp22/Ldb1/Vcl/Itgb1bp1/Abl1/Clasp2/Clasp1/Tsc1/Rock1/Macf1/Dlc1/Lims1/Ptprj"
"GO:0016079","GO:0016079","synaptic vesicle exocytosis",91,0.230364177366981,1.01557165285687,0.41991341991342,0.667543369537074,0.537559677118964,1106,"tags=19%, list=11%, signal=17%","Syt10/Unc13c/Nlgn1/Wnt7a/Kcnh1/Ppfia2/Cacna1e/Cacna1b/Syt1/Cask/Cacna1d/Doc2b/Erc1/Stxbp5l/Rimbp2/Pclo/Rims3"
"GO:0009185","GO:0009185","ribonucleoside diphosphate metabolic process",92,-0.229970670340722,-1.01165312525643,0.419593345656192,0.667543369537074,0.537559677118964,2138,"tags=25%, list=21%, signal=20%","Hk2/Src/Ppp2ca/Mfsd8/Hif1a/Bpgm/Ddit4/Gpi1/Pfkfb2/Umps/Prkaa2/Sirt6/Eif6/Pgam1/Insr/Ogt/Ampd3/Nudt9/Rrm1/Rrm2b/Pkm/Entpd2/Nudt5"
"GO:0045923","GO:0045923","positive regulation of fatty acid metabolic process",28,0.29677639955738,1.00816616153745,0.419878296146045,0.667543369537074,0.537559677118964,1890,"tags=25%, list=18%, signal=20%","Hnf4a/Sirt2/Srebf1/Ppargc1a/Cd74/Irs1/Mid1ip1"
"GO:0090329","GO:0090329","regulation of DNA-templated DNA replication",22,-0.324864090934721,-1.0260787142257,0.420432220039293,0.667685985398356,0.537674522895046,2225,"tags=41%, list=22%, signal=32%","Dbf4/Mettl4/Lig3/Zmpste24/Gmnn/Wrnip1/Tipin/Endog/Ssbp1"
"GO:0006606","GO:0006606","protein import into nucleus",130,-0.218017297032562,-1.01331949112701,0.420664206642066,0.667685985398356,0.537674522895046,2680,"tags=33%, list=26%, signal=25%","Ipo7/Mapk14/Ipo5/Nup54/Nup88/Appl1/Hspa8/Ing1/Hdac3/Sumo1/Lrrk2/Nup98/Xbp1/Rab23/Bmal1/Akt1/Phb2/Agtr2/Ufm1/Jup/Nutf2/Ran/Akap1/Ppp3r1/Kpna6/Nup107/Ipo8/Nf1/Bag3/Rbm22/Angpt1/Prkcq/Nolc1/Tsc2/Sirt6/Tnfrsf1a/Nup214/Nup35/Sec13/Hikeshi/Ddx5/Nup133/Abra"
"GO:0071456","GO:0071456","cellular response to hypoxia",109,-0.223051367212279,-1.00633305775878,0.420560747663551,0.667685985398356,0.537674522895046,2151,"tags=28%, list=21%, signal=22%","Bnip3l/Ireb2/Src/Hif1a/Epas1/Usp19/Akt1/Phb2/B3gat1/Mief1/Ndrg1/Stc2/Vasn/Ccna2/Pdk1/Adam8/Ppard/Inhba/Rgcc/Sdhd/Map2k1/Zfp36l1/Fam162a/Endog/Ogt/Suv39h2/Fos/P4hb/Higd1a/Bnip3"
"GO:0070301","GO:0070301","cellular response to hydrogen peroxide",51,-0.264358877329848,-1.02770612209368,0.421157684630739,0.66811925886447,0.538023429580629,2423,"tags=35%, list=24%, signal=27%","Cat/Edn1/Hspa8/Trpa1/Src/Ppif/Ednra/Map1lc3a/Trpm2/Sirt6/Oser1/Rhob/Pcna/Rnf146/Park7/Plekha1/Net1/Bnip3"
"GO:0009226","GO:0009226","nucleotide-sugar biosynthetic process",26,-0.301246679758368,-1.00299808477414,0.42156862745098,0.668421214639702,0.538266588686757,3612,"tags=42%, list=35%, signal=27%","Slc35c1/Gnpda1/Uap1l1/Gnpnat1/Fpgt/Pmm1/Cmas/Gnpda2/Gfpt1/Nanp/Ugp2"
"GO:0045766","GO:0045766","positive regulation of angiogenesis",99,0.224699828007294,1.01183058130576,0.421841541755889,0.668504116903945,0.538333348265883,2626,"tags=34%, list=26%, signal=26%","Ghrl/Smoc2/Vegfc/Pak4/Ctsh/Hspb1/Bmper/Hipk2/Plcg1/Prkd1/Sash1/Jcad/Ninj1/Smad1/Akt3/Itgb8/Grn/Ets1/Mtdh/Add1/Pik3r6/Abl1/Vash2/Sema5a/Cybb/Tjp1/Tert/Fgf18/Pdcl3/Wnk1/Prkca/Rapgef3/Aqp1/Angpt2"
"GO:1904385","GO:1904385","cellular response to angiotensin",29,0.297277344436065,1.01623643908346,0.422310756972112,0.66889785343727,0.538650416629353,1637,"tags=28%, list=16%, signal=23%","Ppp3ca/Prkcd/Prkd1/Nfkb1/Nr3c2/Rap1gds1/Hsf1/Map3k7"
"GO:0042059","GO:0042059","negative regulation of epidermal growth factor receptor signaling pathway",20,0.337697026886169,1.03383610201026,0.422764227642276,0.669182747992697,0.538879836667386,344,"tags=15%, list=3%, signal=15%","Egfr/Zfyve28/Ptprf"
"GO:0046661","GO:0046661","male sex differentiation",107,-0.224154427703215,-1.0097885418064,0.422932330827068,0.669182747992697,0.538879836667386,1310,"tags=19%, list=13%, signal=16%","Msh2/Adgrg1/Lhcgr/Hmgb2/Nr0b1/Inhba/Eif2s2/Rara/Ctnna1/Rec8/Nudt1/Insr/Plekha1/Bok/Tnfsf10/Pdgfra/Rrm1/Kit/Nhlh2/Kdr"
"GO:2000142","GO:2000142","regulation of DNA-templated transcription initiation",65,-0.248057118719573,-1.01601943759086,0.423529411764706,0.669777723197839,0.539358958614761,2853,"tags=37%, list=28%, signal=27%","Hnf1a/Bclaf1/Med23/Tbp/Med14/Med8/Med16/Med28/Med13/Taf13/Pcid2/Taf10/Taf12/Med20/Med12/Med9/Rrn3/Psmc6/Med17/Med22/Taf9/Med31/Taf7/Kat8"
"GO:0006390","GO:0006390","mitochondrial transcription",21,-0.332038354642985,-1.02663956899765,0.425149700598802,0.671989354624085,0.541139942337547,2781,"tags=48%, list=27%, signal=35%","Kansl3/Polr2b/Mrpl12/Sirt3/Mettl4/Polr1a/Tfam/Polrmt/Mterf3/Kat8"
"GO:0042069","GO:0042069","regulation of catecholamine metabolic process",20,-0.335625981496448,-1.02641195714661,0.425490196078431,0.672176899957063,0.541290968942321,1918,"tags=30%, list=19%, signal=24%","Epas1/Aldh2/Hprt1/Park7/Comt/Vps35"
"GO:0003044","GO:0003044","regulation of systemic arterial blood pressure mediated by a chemical signal",30,0.296344928383126,1.02924009257681,0.42578125,0.672286184210526,0.541378973423658,2042,"tags=30%, list=20%, signal=24%","Chrm3/Tacr1/Nr3c2/Nkx2-1/Drd5/Adrb2/Ndst2/Adrb1/Mme"
"GO:0002752","GO:0002752","cell surface pattern recognition receptor signaling pathway",41,0.272776681551216,1.01696229311685,0.426877470355731,0.673315322841159,0.542207718723573,1637,"tags=24%, list=16%, signal=21%","Nmi/Znrf1/Mfhas1/Ninj1/Prkce/Arf6/Ifi35/Dab2ip/Chuk/Map3k7"
"GO:0140895","GO:0140895","cell surface toll-like receptor signaling pathway",41,0.272776681551216,1.01696229311685,0.426877470355731,0.673315322841159,0.542207718723573,1637,"tags=24%, list=16%, signal=21%","Nmi/Znrf1/Mfhas1/Ninj1/Prkce/Arf6/Ifi35/Dab2ip/Chuk/Map3k7"
"GO:0034311","GO:0034311","diol metabolic process",23,-0.32230717469862,-1.02403431832339,0.427722772277228,0.673325699255111,0.54221607464768,910,"tags=22%, list=9%, signal=20%","Degs2/Plpp2/Asah1/Sgpp1/Sptssa"
"GO:0002520","GO:0002520","immune system development",135,0.214514042808588,1.01585931129122,0.428884026258206,0.673325699255111,0.54221607464768,2501,"tags=30%, list=24%, signal=23%","Bcl11b/Foxp1/Bcl2/Nhej1/Cacna1c/Samhd1/Rc3h1/Tet2/Adar/Lmo4/Nfkb1/Nfatc3/Smad3/Ccnb2/Shld2/Ezh2/Lrrc17/Tox/Kmt2a/Pbx1/Rorc/Xrcc6/Kmt5b/Atad5/Mafb/Lrp5/Ephb3/Ptprc/Pms2/Sanbr/Xkr8/Polq/Srf/Abl1/Mad1l1/Nfkbiz/Ret/Cacnb4/Hmces/Nbn"
"GO:0045661","GO:0045661","regulation of myoblast differentiation",48,0.264042494848904,1.01568578630098,0.427145708582834,0.673325699255111,0.54221607464768,2117,"tags=31%, list=21%, signal=25%","Zfhx3/Boc/Arid1a/Plcb1/Sox8/Arid2/Rbm24/Dpf3/Sox4/Smarca4/Pbrm1/Flot2/Mkx/Xkr8/Smarcd2"
"GO:0016052","GO:0016052","carbohydrate catabolic process",118,-0.221357371235761,-1.0145640376429,0.42803738317757,0.673325699255111,0.54221607464768,2612,"tags=28%, list=25%, signal=21%","Gale/Gk5/Eno2/Gapdh/Naga/Wdr45b/Hk2/Src/Ppp2ca/Mfsd8/Hif1a/Ldha/Ctbs/Bpgm/Ddit4/Gaa/Gpi1/Pfkfb2/Wipi2/Pygb/Prkaa2/Sirt6/Wipi1/Eif6/Pgam1/Gabarapl1/Insr/Ogt/Pgm1/Pkm/Pgm2/Nudt5/Lct"
"GO:0002220","GO:0002220","innate immune response activating cell surface receptor signaling pathway",42,0.271334750631886,1.01421407354608,0.428571428571429,0.673325699255111,0.54221607464768,1637,"tags=24%, list=16%, signal=20%","Nmi/Znrf1/Mfhas1/Ninj1/Prkce/Arf6/Ifi35/Dab2ip/Chuk/Map3k7"
"GO:0009451","GO:0009451","RNA modification",117,-0.221285599205612,-1.01212353105468,0.427767354596623,0.673325699255111,0.54221607464768,2934,"tags=28%, list=29%, signal=20%","Nop2/Gar1/Thada/Trmt12/Thumpd2/Adat2/Hnrnpab/Mrm3/Dus2/Mrm2/Mettl4/Naf1/Zcchc4/Cdk5rap1/Rpusd2/Mettl5/Akt1/Nat10/Rnmt/Jmjd6/Ankrd16/Nsun2/Tprkb/Dnajb11/Trmt44/Dus1l/Mettl3/Lcmt2/Trmu/Virma/Thg1l/Bud23/Trmt13"
"GO:0032232","GO:0032232","negative regulation of actin filament bundle assembly",26,0.303967666114362,1.00799758704005,0.428861788617886,0.673325699255111,0.54221607464768,2474,"tags=42%, list=24%, signal=32%","Arhgap6/Dbn1/Myoc/Met/Kank4/Ppfia1/Prkn/Clasp2/Tjp1/Clasp1/Tmeff2"
"GO:2000134","GO:2000134","negative regulation of G1/S transition of mitotic cell cycle",38,0.273998043068582,1.00542102442887,0.428015564202335,0.673325699255111,0.54221607464768,2615,"tags=34%, list=26%, signal=26%","Bcl2/Myo16/Ctdspl/Ezh2/Gigyf2/Cdk2ap2/Acvr1/Dcun1d3/Dgkz/Cacnb4/Ctdsp1/Wac/Plk3"
"GO:0001101","GO:0001101","response to acid chemical",109,0.21847147139259,1.00346597032007,0.428265524625268,0.673325699255111,0.54221607464768,2855,"tags=39%, list=28%, signal=28%","Bcl2/Egfr/Igf1r/Glra3/Pdgfd/Cdkn1b/Col4a6/Ep300/Fyn/Pdgfc/Gria1/Hnrnpd/Socs1/Castor2/Gria2/Kcnb1/Atp2b4/Bdnf/Hsf1/Capn2/Grin3b/Zeb1/Prkn/Nfat5/Cpeb4/Glra1/Mtor/Samtor/Cybb/Tmbim6/Sesn3/Sst/Lrp11/Rragb/Glra2/Crls1/Grin1/Glra4/Klhl22/Nsmf/Gdf10/Cpeb3"
"GO:0001756","GO:0001756","somitogenesis",39,0.270491320390101,1.00383634734977,0.42911877394636,0.673345357357572,0.54223190493481,2246,"tags=28%, list=22%, signal=22%","Plxna2/Lfng/Ep300/Smad3/Palb2/Axin2/Bmpr1a/Pcdh8/Nrarp/Ttn/Lrp6"
"GO:1904377","GO:1904377","positive regulation of protein localization to cell periphery",56,0.252453220176264,1.01322121560809,0.429735234215886,0.673963643723672,0.542729798906191,1378,"tags=21%, list=13%, signal=19%","Dpp6/Egfr/Ramp3/Epha3/Cacng2/Nrxn1/Pias1/Akap5/Arf6/Grip1/Atp2b4/Dpp10"
"GO:0000266","GO:0000266","mitochondrial fission",39,-0.281590902835709,-1.02392952654779,0.43125,0.675989394723228,0.544361096740817,744,"tags=38%, list=7%, signal=36%","Mfn1/Dnm1l/Aurka/Ddhd1/Opa1/Mcu/Mfn2/Mapt/Mief1/Rala/Myo19/Gdap1/Bnip3/Vps35/Kdr"
"GO:0008652","GO:0008652","amino acid biosynthetic process",47,-0.264659553370926,-1.0141659016385,0.431726907630522,0.676037483266399,0.544399821508255,2451,"tags=32%, list=24%, signal=24%","Aasdhppt/Asl/Cad/Got1/Enoph1/Psph/Asns/Got2/Asnsd1/Pycr1/Apip/Adi1/Oat/Park7/Glul"
"GO:0032330","GO:0032330","regulation of chondrocyte differentiation",35,0.28203897135994,1.01358823615216,0.431726907630522,0.676037483266399,0.544399821508255,2523,"tags=40%, list=25%, signal=30%","Thrb/Smad3/Sox6/Bmp6/Zbtb16/Wnt9a/Axin2/Trps1/Maf/Rarb/Mkx/Gli3/Glg1/Fgf18"
"GO:0072348","GO:0072348","sulfur compound transport",49,-0.263966659232759,-1.01648621443582,0.436363636363636,0.682415114449576,0.54953560371517,1770,"tags=31%, list=17%, signal=25%","Slc7a5/Lrrc8c/Slc26a11/Slc36a1/Slc1a2/Slc35b2/Nherf1/Abcc4/Slc35b3/Abcc1/Abcc5/Racgap1/Slc25a17/Slc16a6/Slc19a3"
"GO:0009126","GO:0009126","purine nucleoside monophosphate metabolic process",29,0.293805118370299,1.00436670626053,0.436254980079681,0.682415114449576,0.54953560371517,874,"tags=21%, list=9%, signal=19%","Ampd2/Adk/Pals2/Nt5c1a/Guk1/Adsl"
"GO:0032479","GO:0032479","regulation of type I interferon production",72,0.235646685024625,1.00363460511374,0.436475409836066,0.682415114449576,0.54953560371517,1662,"tags=21%, list=16%, signal=18%","Zbtb20/Irf7/Nmi/Crebbp/Ptprs/Qki/Traip/Traf3ip1/Tank/Rnf216/Irf8/Polr3c/Ifih1/Chuk/Rel"
"GO:0030512","GO:0030512","negative regulation of transforming growth factor beta receptor signaling pathway",70,-0.24158478038334,-1.01229170857138,0.437858508604206,0.683519464745361,0.550424915504515,1356,"tags=20%, list=13%, signal=17%","Bambi/Snx25/Ryr1/Ppm1a/Vasn/Fkbp1a/Pbld1/Stub1/Rbbp4/Spry1/Ogt/Rasl11b/Snx1/Lrp1"
"GO:0043401","GO:0043401","steroid hormone receptor signaling pathway",83,-0.232659055491353,-1.00563654163555,0.437735849056604,0.683519464745361,0.550424915504515,1745,"tags=24%, list=17%, signal=20%","Bmal1/Rnf6/Phb2/Ufm1/Rnf14/Abhd2/Errfi1/Ywhah/Zdhhc7/Nr0b1/Taf7/Park7/Ptges3/Cry1/Wbp2/Vps18/Ufsp2/Ddx5/Shq1/Vps11"
"GO:0090101","GO:0090101","negative regulation of transmembrane receptor protein serine/threonine kinase signaling pathway",106,0.217712477399229,0.994550265681517,0.437768240343348,0.683519464745361,0.550424915504515,1682,"tags=24%, list=16%, signal=20%","Spred2/Chst11/Smurf2/Sap130/Bmper/Hipk2/Tcf7l2/Smad6/Gpr155/Nkx2-1/Magi2/Ski/Chrd/Tet1/Arid4b/Arid4a/Fzd1/Ldlrad4/Tgfbr3/Pmepa1/Acvr1/Htra1/Zfp451/Lemd2/Dact2"
"GO:0015872","GO:0015872","dopamine transport",42,0.269904897285461,1.0088694673588,0.438492063492063,0.684156000196165,0.550937505108463,1157,"tags=17%, list=11%, signal=15%","Drd2/Smpd3/Rab3b/Syt1/Oprk1/Drd1/Chrm5"
"GO:0006383","GO:0006383","transcription by RNA polymerase III",48,-0.26131916478807,-1.00865591040329,0.441117764471058,0.687191170358512,0.553381668539528,2785,"tags=35%, list=27%, signal=26%","Gtf3c4/Tbp/Polr2b/Ice1/Polr2l/Polr1a/Gtf3c5/Polr2e/Ice2/Polrmt/Ddx21/Inhba/Snapc5/Sf3b1/Polr3h/Polr2f/Smarca5"
"GO:0120034","GO:0120034","positive regulation of plasma membrane bounded cell projection assembly",83,0.231311282528837,1.0016846913019,0.440677966101695,0.687191170358512,0.553381668539528,2741,"tags=34%, list=27%, signal=25%","Auts2/Plek2/Nlgn1/Rhoq/Tenm1/Septin9/Abi2/Agrn/Hdac4/Ccdc88a/Ttbk2/Dnm3/Mien1/Tenm2/Eps8/Gsk3b/Plppr5/Plekhm1/Srf/Mtor/Myo3a/Rac2/Fmr1/Dzip1/Myo3b/Aqp1/Tapt1/Zmynd10"
"GO:0010719","GO:0010719","negative regulation of epithelial to mesenchymal transition",26,0.301626659814526,1.0002344958809,0.441056910569106,0.687191170358512,0.553381668539528,1566,"tags=31%, list=15%, signal=26%","Epha4/Spred2/Pawr/Nkx2-1/Ldlrad4/Tgfbr3/Dab2ip/Tgfb2"
"GO:0032790","GO:0032790","ribosome disassembly",37,-0.281617199539697,-1.01726822808681,0.441478439425051,0.687256893669503,0.553434594242108,1783,"tags=22%, list=17%, signal=18%","Saysd1/Denr/Rnf14/Klhdc10/Abce1/Mcts1/Ufsp2/Ltn1"
"GO:0007259","GO:0007259","cell surface receptor signaling pathway via JAK-STAT",78,0.234151299419682,1.00891455637667,0.441613588110403,0.687256893669503,0.553434594242108,2250,"tags=27%, list=22%, signal=21%","Pecam1/Hnf4a/Stat2/Parp14/Pias1/Dab1/Ep300/Fyn/Socs1/Traf3ip1/Erbb4/Pkd1/Inpp5f/Hsf1/Ptprc/Dot1l/Ephb2/Igf1/Ercc6/Ggnbp2/Irf1"
"GO:0001704","GO:0001704","formation of primary germ layer",77,-0.233963837521296,-0.998389029274856,0.443594646271511,0.689985512424372,0.555631897793884,1620,"tags=23%, list=16%, signal=20%","Pax2/Ets2/Gpi1/Taf10/Ext2/Prkar1a/Col5a2/Mmp2/Fn1/Nr0b1/Inhba/Leo1/Map2k1/Itga3/Dusp5/Hsbp1/Itga5/Itgav"
"GO:0031122","GO:0031122","cytoplasmic microtubule organization",51,-0.259947633285612,-1.0105572275451,0.445109780439122,0.690923480907038,0.556387225548902,1966,"tags=25%, list=19%, signal=21%","Ift172/Ezr/Tbcb/Tppp/Tubgcp5/Tubgcp3/Slain2/Trdn/Cript/Tubgcp2/Dctn1/Ppfibp1/Tubgcp4"
"GO:0007218","GO:0007218","neuropeptide signaling pathway",47,0.261543900954101,1.00004967661839,0.444444444444444,0.690923480907038,0.556387225548902,2781,"tags=38%, list=27%, signal=28%","Cckbr/Hcrtr2/Tenm1/Penk/Oprk1/Sstr4/Nts/Prok2/Ntsr1/Gpr84/Sstr3/Tyro3/Glra1/Npb/Crhr1/Glra2/Rapgef2/Scg5"
"GO:0009134","GO:0009134","nucleoside diphosphate catabolic process",81,-0.23201587489431,-0.996974301271252,0.445075757575758,0.690923480907038,0.556387225548902,2138,"tags=25%, list=21%, signal=20%","Hk2/Src/Ppp2ca/Mfsd8/Hif1a/Bpgm/Ddit4/Gpi1/Pfkfb2/Prkaa2/Sirt6/Eif6/Pgam1/Insr/Ogt/Ampd3/Nudt9/Pkm/Entpd2/Nudt5"
"GO:0009191","GO:0009191","ribonucleoside diphosphate catabolic process",81,-0.23201587489431,-0.996974301271252,0.445075757575758,0.690923480907038,0.556387225548902,2138,"tags=25%, list=21%, signal=20%","Hk2/Src/Ppp2ca/Mfsd8/Hif1a/Bpgm/Ddit4/Gpi1/Pfkfb2/Prkaa2/Sirt6/Eif6/Pgam1/Insr/Ogt/Ampd3/Nudt9/Pkm/Entpd2/Nudt5"
"GO:0031146","GO:0031146","SCF-dependent proteasomal ubiquitin-dependent protein catabolic process",36,-0.285612401294665,-1.02313786725056,0.445564516129032,0.691275209355334,0.556670465619477,2871,"tags=39%, list=28%, signal=28%","Fbxo44/Fbxl13/Fbxo31/Fbxo48/Fbxl2/Cul2/Fbxl18/Fbxl15/Wwtr1/Cul5/Fbxo39/Fbxl3/Ccnf/Skp1"
"GO:0006376","GO:0006376","mRNA splice site recognition",22,0.319908610736463,1.00780360620255,0.446247464503043,0.69198045928568,0.557238389655795,1172,"tags=23%, list=11%, signal=20%","Luc7l/Celf2/Celf5/Mbnl1/Ptbp2"
"GO:0050684","GO:0050684","regulation of mRNA processing",99,0.221445197031909,0.997174872928216,0.447537473233405,0.693625853655865,0.558563393703073,2159,"tags=29%, list=21%, signal=23%","Nova1/Mbnl2/Celf2/Rbfox1/Rbm5/Rbfox2/Ddx17/Wdr77/Rbfox3/Celf5/Rbmxl1/Mbnl1/Srpk2/Qki/Rbm39/Upf3b/Rbm24/Prpf19/Alkbh5/Ptbp1/Fip1l1/Srsf3/Thrap3/Rbpms/Tra2a/Hnrnpu/Srsf7/Celf1/Celf6"
"GO:0002534","GO:0002534","cytokine production involved in inflammatory response",32,-0.291475552414915,-1.00631664148489,0.447916666666667,0.6938586400818,0.558750852079073,4058,"tags=56%, list=40%, signal=34%","Seh1l/Apod/Bap1/Stat3/Il17rc/Extl3/Pld3/Cuedc2/Alox5/Mapk14/Adcy7/Appl1/Hif1a/Kpna6/Pdcd4/Ticam1/Il17ra/Il17d"
"GO:0002244","GO:0002244","hematopoietic progenitor cell differentiation",102,-0.225958831983599,-1.01093335970435,0.4487895716946,0.694500716156607,0.559267903439644,1123,"tags=15%, list=11%, signal=13%","Pdcd2/Esco2/Inhba/Rara/Slc37a4/Rlig1/Dock7/Ciao3/Mettl3/Pdgfra/Slc7a6os/Kit/Armc6/Tmsb4x/Kdr"
"GO:1902652","GO:1902652","secondary alcohol metabolic process",99,-0.226366719243586,-1.00273062460391,0.448598130841121,0.694500716156607,0.559267903439644,1338,"tags=32%, list=13%, signal=28%","Dgat2/Fdft1/Pon1/Erlin1/Mvk/Cat/Mbtps2/Ephx2/Angptl3/Hdlbp/Cln8/Dhcr24/Soat1/Msmo1/Nsdhl/Sod1/Fdx1/Errfi1/Prkaa2/Idh3b/Arv1/Lipc/Cyp39a1/Acadl/Lima1/Cyp46a1/Abca5/Idh3a/Npc1/Idi2/Scp2/Lrp1"
"GO:0000086","GO:0000086","G2/M transition of mitotic cell cycle",104,-0.222648814219532,-0.999566782289062,0.44916820702403,0.694731836285252,0.559454019978883,1972,"tags=25%, list=19%, signal=20%","Brcc3dc/Pabir1/Ccnd1/Clspn/Fbxl15/Hspa2/Calm2/Mbd4/Abraxas1/Fzr1/Kat14/Prkcq/Zfyve19/Cdc25a/Ccna2/Ube2a/Miip/Vps4b/Ctc1/Nabp2/Zfp830/Rrm1/Rrm2b/Rint1/Syf2/Chek2"
"GO:0008589","GO:0008589","regulation of smoothened signaling pathway",72,-0.238854143034301,-1.00164471472617,0.449416342412451,0.69476097832129,0.559477487493052,2377,"tags=28%, list=23%, signal=21%","Intu/Evc/Pdcl/Ift172/Runx2/Rb1/Rab23/Stk36/Glis2/Ttc21b/Ift122/Dlg5/Armc9/Ctnna1/Gorab/Uchl5/Cibar1/Hhip/Mks1/Tubd1"
"GO:0042742","GO:0042742","defense response to bacterium",88,0.228090335231206,1.0026810373829,0.449893390191898,0.694771227803048,0.559485741201134,1830,"tags=24%, list=18%, signal=20%","Foxp1/B2m/Muc5b/Prkcd/Adamts5/Epx/Adgrb1/Pcyox1l/Prkd1/Nfkb1/Pla2g6/Grn/Notch2/Drosha/Irf8/Card9/Tfeb/Slc11a1/Map3k7/Ankrd17/Chga"
"GO:0043484","GO:0043484","regulation of RNA splicing",132,0.212697345999231,1.00140760243208,0.450110864745011,0.694771227803048,0.559485741201134,2566,"tags=32%, list=25%, signal=24%","Nova1/Mbnl2/Celf2/Rbfox1/Rbm5/Rbfox2/Rbm38/Hnrnpll/Ddx17/Wdr77/Rbfox3/Celf5/Rbmxl1/Aff2/Atxn7/Mbnl1/Qki/Rbm39/Ptbp2/Upf3b/Ccnl1/Rbm24/Prpf19/Rps26/Rrp1b/Ptbp1/Srsf3/Thrap3/Rbpms/Tra2a/Usp22/Hnrnpu/Srsf7/Celf1/Celf6/Pcbp4/Tmbim6/Sfswap/Rbm20/Mbnl3/Fmr1/Fastk"
"GO:0031952","GO:0031952","regulation of protein autophosphorylation",31,0.281287079219861,0.991593268353461,0.44980694980695,0.694771227803048,0.559485741201134,3302,"tags=42%, list=32%, signal=29%","Vegfc/Rad50/Epha7/Enpp1/Mob1b/Ptprc/Rassf2/Rap2c/Nbn/Nek10/Rap2b/Gfra2/Vegfa"
"GO:0045930","GO:0045930","negative regulation of mitotic cell cycle",164,-0.207590925370268,-0.994716555649047,0.451127819548872,0.695986401849838,0.56046429719921,1972,"tags=24%, list=19%, signal=20%","Brcc3dc/Pabir1/Rb1/Crlf3/Pcid2/Ccnd1/Tpra1/Cep192/Clspn/Xpc/Bub3/Kntc1/Prpf4b/Msh2/Ppp2r3d/Mbd4/Abraxas1/Nherf1/Fzr1/Zfyve19/Cdca8/Lcmt1/Miip/Gen1/Inhba/Rgcc/Tipin/Zfp36l1/Nabp2/Spc25/Zfp830/Dync1li1/Usp44/Fbxo7/Trip13/Rpl24/Rint1/Syf2/Chek2"
"GO:0046847","GO:0046847","filopodium assembly",60,0.243544747110626,0.996544756279171,0.45360824742268,0.699456992209019,0.563259096036305,2158,"tags=28%, list=21%, signal=23%","Dbn1/Prkcd/Nlgn1/Rhoq/Tenm1/Nrxn1/Agrn/Arf6/Dnm3/Mien1/Fgd4/Tenm2/Spata13/Daam2/Plppr5/Ephb2/Srf"
"GO:0002763","GO:0002763","positive regulation of myeloid leukocyte differentiation",41,0.266913117172938,0.995101832603647,0.454545454545455,0.700545639508,0.564135762508092,1599,"tags=27%, list=16%, signal=23%","Asxl2/Ppp3ca/Ppargc1b/Ninj1/Eeig1/Notch2/Gpr68/Hsf1/Klf10/Cd74/Ripk1"
"GO:0036465","GO:0036465","synaptic vesicle recycling",77,-0.231987187670057,-0.989954112378713,0.455066921606119,0.700992766886904,0.564495825479883,2399,"tags=31%, list=23%, signal=24%","Sgip1/Snap91/Sh3gl1/Rac1/Lrrk2/Bin1/Rab3a/Dnajc6/Rab5a/Ap2m1/Ston1/Stx1a/Dnm1/Arpc3/Synj1/Tor1a/Ap2b1/Cyfip1/Pacsin1/Ophn1/Ap3m2/Park7/Cltc/Pip5k1c"
"GO:0046850","GO:0046850","regulation of bone remodeling",36,-0.283709932090021,-1.01632272800687,0.455645161290323,0.701015331965959,0.56451399669866,1298,"tags=28%, list=13%, signal=24%","Src/Mdk/Nf1/Cd38/Inpp4b/Adam8/Def8/Pdk4/Csf1r/Itgav"
"GO:0051560","GO:0051560","mitochondrial calcium ion homeostasis",22,-0.317857138330708,-1.00394735185235,0.455795677799607,0.701015331965959,0.56451399669866,2761,"tags=45%, list=27%, signal=33%","Afg3l2/Letm1/Mcu/Mfn2/Tgm2/Mcur1/Smdt1/Maip1/Immt/Bnip3"
"GO:1901292","GO:1901292","nucleoside phosphate catabolic process",120,0.214147180259654,1.00284545682459,0.45610278372591,0.701015331965959,0.56451399669866,1375,"tags=17%, list=13%, signal=15%","Pde7b/Zbtb20/Pde1a/Pde10a/Arnt/Pde8a/Pde7a/Dpyd/Pde9a/Samhd1/Nt5c1a/Ep300/Hdac4/Slc4a1/Ogdh/Mtch2/Pfkl/Enpp1/Ppargc1a/Eno4"
"GO:0009755","GO:0009755","hormone-mediated signaling pathway",128,-0.215425265034585,-0.993398315424859,0.455576559546314,0.701015331965959,0.56451399669866,1745,"tags=22%, list=17%, signal=18%","Bmal1/Lancl2/Rnf6/Sstr1/Phb2/Ufm1/Rnf14/Abhd2/Errfi1/Lhcgr/Ywhah/Zdhhc7/Nr0b1/Ppard/Rara/Asxl1/Taf7/Park7/Ptges3/Cry1/Wbp2/Rxfp1/Vps18/Ufsp2/Ddx5/Shq1/Vps11/Actn4"
"GO:0007286","GO:0007286","spermatid development",123,-0.215351665910616,-0.990118513022364,0.456238361266294,0.701015331965959,0.56451399669866,1887,"tags=22%, list=18%, signal=18%","Septin14/Slc9a8/Dnali1/Rsph1/Tpgs1/Hspa2/Cep57/Abhd2/Cfap70/Vdac3/Mkks/Nsun2/Adgb/Spag16/Cfap69/Hmgb2/Slirp/Spag6l/Sbf1/Rec8/Ttll1/Piwil1/Dld/Trip13/Kit/Ube2b/Fxr1"
"GO:2000781","GO:2000781","positive regulation of double-strand break repair",65,0.238993731318592,0.998494871598205,0.457317073170732,0.702316640500414,0.565561915122446,2389,"tags=32%, list=23%, signal=25%","Arid1a/Crebbp/Vps72/Shld2/Smchd1/Arid2/Meaf6/Dpf3/Spire2/Spidr/Mbtd1/Smarca4/Pbrm1/Kmt5b/Epc1/Smarcd2/Parp1/Ercc6/Epc2/Peli1/Ep400"
"GO:0034612","GO:0034612","response to tumor necrosis factor",121,-0.216886491197938,-0.993553411355383,0.457943925233645,0.702923046331279,0.566050241930139,878,"tags=13%, list=9%, signal=12%","Tnfrsf1a/Cyld/Zfp36l1/Endog/Has2/Sharpin/Insr/Asah1/Ppp2cb/Rps6kb1/Fos/Akap12/Pid1/Inpp5k/Tmsb4x/Actn4"
"GO:0002526","GO:0002526","acute inflammatory response",37,0.270989403760356,0.987724086532185,0.458252427184466,0.703040432591864,0.566144770800049,2192,"tags=27%, list=21%, signal=21%","Ext1/Ano6/Eif2ak1/Saa3/Plscr1/Acvr1/Adora1/Cnr1/Trpv1/Ephb6"
"GO:0050994","GO:0050994","regulation of lipid catabolic process",35,-0.28220871192472,-1.00721619180692,0.46031746031746,0.705137464490346,0.567833469754602,2159,"tags=31%, list=21%, signal=25%","Angptl3/Sorl1/Akt2/Akt1/Adra2a/Pnpla2/Sirt6/Tysnd1/Dbi/Cpt1a/Abcb11"
"GO:0022010","GO:0022010","central nervous system myelination",24,0.310273653369698,1.00638694693542,0.460122699386503,0.705137464490346,0.567833469754602,2883,"tags=46%, list=28%, signal=33%","Tenm4/Cntn2/Cntnap2/Enpp1/Ulk4/Abca2/Mobp/Aspa/Fgfr3/Ccdc39/Cntn1"
"GO:0032291","GO:0032291","axon ensheathment in central nervous system",24,0.310273653369698,1.00638694693542,0.460122699386503,0.705137464490346,0.567833469754602,2883,"tags=46%, list=28%, signal=33%","Tenm4/Cntn2/Cntnap2/Enpp1/Ulk4/Abca2/Mobp/Aspa/Fgfr3/Ccdc39/Cntn1"
"GO:0062098","GO:0062098","regulation of programmed necrotic cell death",22,-0.316796184457979,-1.0005963437971,0.461689587426326,0.706881985801803,0.569238298797492,2937,"tags=45%, list=29%, signal=33%","Casp8/Birc2/Spata2/Cflar/Adprs/Fadd/Tspo/Cyld/Asah1/Bok"
"GO:0097062","GO:0097062","dendritic spine maintenance",20,-0.328746503521533,-1.00537312570426,0.462745098039216,0.708140225787285,0.570251534957417,687,"tags=25%, list=7%, signal=23%","Itga3/Insr/Pick1/Cttn/Vps35"
"GO:0070507","GO:0070507","regulation of microtubule cytoskeleton organization",115,0.214501885140824,0.991625371724506,0.463157894736842,0.708292874867518,0.570374460289355,2223,"tags=29%, list=22%, signal=23%","Mid1/Fgf13/Epha3/Nav3/Bicd2/Taok1/Akap9/Cdkn1b/Agrn/Arhgef7/Stmn3/Atxn7/Met/Togaram1/Traf3ip1/Ttbk2/Fsd1/Ccdc88c/Cdk2ap2/Pde4dip/Hdgfl3/Pkd1/Tbcd/Gnai1/Map2/Mid1ip1/Slain1/Hnrnpu/Gsk3b/Senp6/Abl1/Rcc1/Clasp2"
"GO:1904018","GO:1904018","positive regulation of vasculature development",101,0.218453921749066,0.990523160070264,0.463312368972746,0.708292874867518,0.570374460289355,1278,"tags=18%, list=12%, signal=16%","Ghrl/Smoc2/Vegfc/Pak4/Ctsh/Hspb1/Bmper/Hipk2/Plcg1/Prkd1/Sash1/Jcad/Ninj1/Smad1/Akt3/Itgb8/Grn/Ets1"
"GO:0008630","GO:0008630","intrinsic apoptotic signaling pathway in response to DNA damage",63,-0.242410480003402,-0.990630359707162,0.463654223968566,0.708458042675116,0.570507466708674,1310,"tags=27%, list=13%, signal=24%","Mcl1/Tpt1/Steap3/Trim32/Cxcl12/Ddit4/Msh2/Mbd4/Sod2/Tnfrsf1a/Mlh1/Msh6/Rpl26/Bok/Brca2/Polb/Chek2"
"GO:0045840","GO:0045840","positive regulation of mitotic nuclear division",29,0.288915247453952,0.987650783905151,0.464143426294821,0.708848075440175,0.570821552499679,2568,"tags=38%, list=25%, signal=29%","Igf1r/Smpd3/Phip/Met/Nusap1/Cdc23/Lrp5/Igf1/Mad1l1/Btc/Nup62"
"GO:0097194","GO:0097194","execution phase of apoptosis",49,0.256349280167845,0.993318606268174,0.465483234714004,0.710536121502988,0.572180903124519,1599,"tags=24%, list=16%, signal=21%","Xkr6/Blcap/Xkr4/Taok1/Cdk5rap3/Sirt2/Trpc5/Plscr1/Trp53bp2/Top2a/Hsf1/Ripk1"
"GO:1903077","GO:1903077","negative regulation of protein localization to plasma membrane",23,-0.315342147925659,-1.00190503606269,0.467326732673267,0.711557788944724,0.573003632021494,1809,"tags=26%, list=18%, signal=22%","Ppp2r5a/Mrap2/Ap2m1/Ngdn/Cltc/Pid1"
"GO:0009620","GO:0009620","response to fungus",23,-0.31524746323676,-1.00160420388003,0.467326732673267,0.711557788944724,0.573003632021494,3696,"tags=43%, list=36%, signal=28%","Rarres2/Il17rc/Crk/Cotl1/Gapdh/Atg5/Tac1/Ltf/Il17ra/Pik3cd"
"GO:0043516","GO:0043516","regulation of DNA damage response, signal transduction by p53 class mediator",23,-0.314030458652655,-0.997737537055608,0.467326732673267,0.711557788944724,0.573003632021494,1109,"tags=17%, list=11%, signal=16%","Dyrk3/Pla2r1/Smyd2/Ddx5"
"GO:0043001","GO:0043001","Golgi to plasma membrane protein transport",33,-0.283867248481918,-0.997642926869065,0.466666666666667,0.711557788944724,0.573003632021494,854,"tags=21%, list=8%, signal=20%","Nsf/Vamp3/Arfrp1/Blzf1/Gga2/Golga7/Gga3"
"GO:0051693","GO:0051693","actin filament capping",28,0.28938062997523,0.983042315293706,0.466531440162272,0.711557788944724,0.573003632021494,2032,"tags=25%, list=20%, signal=20%","Cracd/Svil/Add3/Capza2/Vill/Eps8/Add1"
"GO:0030330","GO:0030330","DNA damage response, signal transduction by p53 class mediator",36,-0.280289768085026,-1.00407081145893,0.467741935483871,0.711700011053388,0.57311816071626,1313,"tags=19%, list=13%, signal=17%","Ndrg1/Dyrk3/Ndufs6/Mdm4/Pla2r1/Smyd2/Ddx5"
"GO:0006402","GO:0006402","mRNA catabolic process",184,-0.203311542783766,-0.989799315341111,0.467889908256881,0.711700011053388,0.57311816071626,1828,"tags=20%, list=18%, signal=17%","Pcid2/Dis3l/Exosc10/Fastkd2/Prr5l/Rc3h2/Lsm1/Lsm4/Ago2/Supv3l1/Gspt1/Ago1/Lsm7/Csde1/Lsm14b/Tent5c/Mlh1/Edc4/Zfp36l1/Ncbp2/Piwil1/Lsm6/Lsm5/Smg1/Exosc9/Mettl3/Mtpap/Vim/Pnrc2/Cnot10/Eif3e/Eif4a3/Cirbp/Gtsf1/Ddx5/Fxr1/Tob1"
"GO:0002287","GO:0002287","alpha-beta T cell activation involved in immune response",30,0.286621474346797,0.995469415996914,0.470703125,0.712587211581175,0.573832606025765,2273,"tags=30%, list=22%, signal=23%","Foxp1/Rc3h1/Ep300/Rora/Kmt2a/Rorc/Mtor/Irf1/Nfkbiz"
"GO:0002293","GO:0002293","alpha-beta T cell differentiation involved in immune response",30,0.286621474346797,0.995469415996914,0.470703125,0.712587211581175,0.573832606025765,2273,"tags=30%, list=22%, signal=23%","Foxp1/Rc3h1/Ep300/Rora/Kmt2a/Rorc/Mtor/Irf1/Nfkbiz"
"GO:0002294","GO:0002294","CD4-positive, alpha-beta T cell differentiation involved in immune response",30,0.286621474346797,0.995469415996914,0.470703125,0.712587211581175,0.573832606025765,2273,"tags=30%, list=22%, signal=23%","Foxp1/Rc3h1/Ep300/Rora/Kmt2a/Rorc/Mtor/Irf1/Nfkbiz"
"GO:0042093","GO:0042093","T-helper cell differentiation",30,0.286621474346797,0.995469415996914,0.470703125,0.712587211581175,0.573832606025765,2273,"tags=30%, list=22%, signal=23%","Foxp1/Rc3h1/Ep300/Rora/Kmt2a/Rorc/Mtor/Irf1/Nfkbiz"
"GO:1904754","GO:1904754","positive regulation of vascular associated smooth muscle cell migration",24,-0.306059105052511,-0.995214754755892,0.469785575048733,0.712587211581175,0.573832606025765,1052,"tags=17%, list=10%, signal=15%","Nrp1/Ssh1/Dock7/Lrp1"
"GO:0030307","GO:0030307","positive regulation of cell growth",142,0.207755397665698,0.995170266839737,0.469473684210526,0.712587211581175,0.573832606025765,3003,"tags=40%, list=29%, signal=29%","Cdh4/Bcl2/Dscam/Dbn1/Egfr/Ntrk3/Cdkl5/Ntn1/Syt1/Ino80/Pum2/Bcl11a/Ep300/Bmpr2/Adnp/Trpc5/Tead1/Ptk2/Mapkap1/Nr3c1/Ddx49/Mfsd2a/Bdnf/Tgfb2/Slc23a2/Ist1/Adrb1/Gsk3b/Prkn/Cpne9/Itsn2/Igf1/Srf/Syt17/Mtor/Islr2/Sema5a/Afdn/Map3k13/Slc25a33/Lgi1/Usp47/Akap6/Arhgap32/Macf1/Klhl22/Anapc2/Fdps/Rims2/Acsl4/Ncoa3/Golga4/Rims1/Smurf1/Hdgfl2/Adam17/Hyal1"
"GO:0014741","GO:0014741","negative regulation of muscle hypertrophy",23,0.308884755287293,0.992771118472366,0.470824949698189,0.712587211581175,0.573832606025765,1342,"tags=26%, list=13%, signal=23%","Foxp1/Foxo1/Smad3/Igfbp5/Ctdp1/Atp2b4"
"GO:0007338","GO:0007338","single fertilization",76,-0.232714127935152,-0.992023928945944,0.469465648854962,0.712587211581175,0.573832606025765,2835,"tags=34%, list=28%, signal=25%","Glipr1l1/Crkl/Tcp1/Kdm5b/Slc22a16/Rabl2/Cct4/Zpbp/Glrb/Stx2/Rab3a/Wdr48/Plcd4/Cct2/Abhd2/Cfap70/Hyal5/Plat/Slirp/Ccdc87/Vdac2/Park7/Cct8/Slc9b1/Pkdrej/Trpc7"
"GO:1904738","GO:1904738","vascular associated smooth muscle cell migration",35,0.27585650881116,0.991369777193528,0.469879518072289,0.712587211581175,0.573832606025765,2131,"tags=31%, list=21%, signal=25%","Tafa5/Prkg1/Dock5/Dock4/Gna13/Igfbp5/Enpp1/Map3k7/Grb10/Gna12/Fat1"
"GO:0042743","GO:0042743","hydrogen peroxide metabolic process",29,-0.28635922836708,-0.978324617674275,0.47,0.712587211581175,0.573832606025765,2613,"tags=41%, list=25%, signal=31%","Gpx3/Cat/Mfn2/Txnrd1/Prdx1/Prdx4/Prdx3/Sod1/Sod2/Cycs/Insr/Park7"
"GO:0045197","GO:0045197","establishment or maintenance of epithelial cell apical/basal polarity",33,0.280904991888275,0.998374108076078,0.471400394477318,0.712746105422292,0.573960560142043,2138,"tags=33%, list=21%, signal=26%","Pard3/Pard3b/Myo9a/Dlg2/Mtcl1/Lama1/Lrrc7/Pals1/Ptk7/Fat1/Wnt11"
"GO:0000041","GO:0000041","transition metal ion transport",62,-0.243062337454856,-0.990532760914806,0.471400394477318,0.712746105422292,0.573960560142043,2450,"tags=42%, list=24%, signal=32%","Slc39a9/Slc39a13/Fkbp4/Slc39a6/Slc30a1/Abcb7/Hrh1/Lmtk2/Slc39a12/Slc30a6/Steap3/Myo1b/Hif1a/Heph/Ltf/Flvcr1/Mmgt1/Steap2/Trpm2/Slc46a3/Slc41a2/Abcc5/Cltc/Nos1/Snx3/Cp"
"GO:0070536","GO:0070536","protein K63-linked deubiquitination",20,-0.326305702452853,-0.997908663654152,0.472549019607843,0.714126448584421,0.575072123612537,3242,"tags=50%, list=32%, signal=34%","Usp33/Psmd14/Spata2/Usp20/Brcc3dc/Otud1/Yod1/Atxn3/Cyld/Stambp"
"GO:0050829","GO:0050829","defense response to Gram-negative bacterium",25,0.301309819803713,0.993449142408986,0.473360655737705,0.714996404229933,0.575772681954138,2608,"tags=44%, list=25%, signal=33%","B2m/Adgrb1/Prkd1/Drosha/Tfeb/Slc11a1/Chga/Nfkbiz/Dao/Dmbt1/Aqp1"
"GO:1904705","GO:1904705","regulation of vascular associated smooth muscle cell proliferation",54,0.250204165741901,0.993515485193648,0.473895582329317,0.715447740138431,0.576136133972862,1653,"tags=19%, list=16%, signal=16%","Tafa5/Mef2d/Prkg1/Cdkn1b/Gna13/Igfbp5/Ppargc1a/Bmpr1a/Map3k7/Calcrl"
"GO:2000059","GO:2000059","negative regulation of ubiquitin-dependent protein catabolic process",39,-0.274629393746353,-0.998615872469693,0.477083333333333,0.715625,0.576278877887789,2930,"tags=33%, list=29%, signal=24%","Csnk2a2/Psen1/Gipc1/Rpl23/Usp14/Bag5/Rpl5/Anks1/Usp5/Taf9/Uchl5/Ogt/Park7"
"GO:0046686","GO:0046686","response to cadmium ion",39,-0.273957275455755,-0.996171895209968,0.477083333333333,0.715625,0.576278877887789,2423,"tags=36%, list=24%, signal=28%","Cat/Hspa8/Sumo1/Gsn/Akt1/Gpi1/Gclc/Sod2/Pcna/Nudt1/Mt4/Kit/Fos/Npc1"
"GO:0003208","GO:0003208","cardiac ventricle morphogenesis",44,0.263730914747117,0.996033479119245,0.476,0.715625,0.576278877887789,2332,"tags=27%, list=23%, signal=21%","Chd7/Prox1/Rnls/Tgfbr3/Sox4/Bmpr1a/Tgfb2/Rxra/Ccm2l/Hey2/Lrp2/Tnnc1"
"GO:0070918","GO:0070918","regulatory ncRNA processing",44,-0.262185003204678,-0.995617574816195,0.47609561752988,0.715625,0.576278877887789,2320,"tags=32%, list=23%, signal=25%","Exd1/Zc3h7a/Ddx3x/Zmpste24/Dgcr8/Ago2/Ago1/Zc3h7b/Ncbp2/Piwil1/Mettl3/Gtsf1/Ddx5/Hnrnpa2b1"
"GO:0042304","GO:0042304","regulation of fatty acid biosynthetic process",33,-0.282713527111924,-0.993588207733598,0.474747474747475,0.715625,0.576278877887789,787,"tags=15%, list=8%, signal=14%","Eif6/Pdk4/Acadl/Fabp5/Klhl25"
"GO:0043277","GO:0043277","apoptotic cell clearance",21,-0.320612512263148,-0.991311656627756,0.477045908183633,0.715625,0.576278877887789,2149,"tags=33%, list=21%, signal=26%","Rac1/Tgm2/Jmjd6/Rara/Xkr7/Itgav/Lrp1"
"GO:0031643","GO:0031643","positive regulation of myelination",20,0.323476611966043,0.990301284823527,0.475609756097561,0.715625,0.576278877887789,860,"tags=20%, list=8%, signal=18%","Tenm4/Srebf2/Pard3/Qki"
"GO:0031047","GO:0031047","regulatory ncRNA-mediated gene silencing",80,-0.229822661239462,-0.988130563912467,0.475746268656716,0.715625,0.576278877887789,787,"tags=14%, list=8%, signal=13%","Eif6/Ncbp2/Piwil1/Eri1/Mettl3/Cnot10/Znfx1/Gtsf1/Ddx5/Fxr1/Hnrnpa2b1"
"GO:0044091","GO:0044091","membrane biogenesis",45,-0.258368383883175,-0.986034763470159,0.476377952755905,0.715625,0.576278877887789,2244,"tags=33%, list=22%, signal=26%","Hdac3/Chmp5/Stx2/Chmp4b/Pacsin2/Rftn1/Chmp2a/Chmp7/Vps4b/Ubxn2a/Brox/Chmp2b/Chmp3/Chmp1b2/Ubxn2b"
"GO:0051898","GO:0051898","negative regulation of phosphatidylinositol 3-kinase/protein kinase B signal transduction",48,0.255766580820901,0.983851030870032,0.477045908183633,0.715625,0.576278877887789,2861,"tags=35%, list=28%, signal=26%","Drd2/Igf1r/Smpd3/Cntnap2/Magi2/Lingo1/Dab2ip/Lemd2/Usp49/Ncor1/Pkhd1/Rapgef1/Plk3/Pik3cb/Phlpp1/Ptprj/Obscn"
"GO:1903524","GO:1903524","positive regulation of blood circulation",28,0.288117446372588,0.978751209377291,0.476673427991886,0.715625,0.576278877887789,2155,"tags=32%, list=21%, signal=25%","Ghrl/Kcnq1/Adrb2/Tgfb2/Chga/Adrb1/Atp1a1/Crhr2/Hey2"
"GO:0006334","GO:0006334","nucleosome assembly",32,0.274186813102153,0.977551529941394,0.477011494252874,0.715625,0.576278877887789,1836,"tags=25%, list=18%, signal=21%","Baz1a/Smyd3/H1f0/Nasp/Atad2b/Smarca4/Ubn1/Rsf1"
"GO:0048265","GO:0048265","response to pain",32,0.273583169086856,0.975399372716847,0.477011494252874,0.715625,0.576278877887789,2500,"tags=41%, list=24%, signal=31%","Cntnap2/Cacna1e/Cacna1b/Tacr1/Gria1/Grin2b/Capn2/Trpv1/Kcnip3/Mtor/Crhr1/Ret/Scn10a"
"GO:0022408","GO:0022408","negative regulation of cell-cell adhesion",103,0.217008408308518,0.984318377240372,0.47732181425486,0.715628449872452,0.576281656002898,2272,"tags=26%, list=22%, signal=21%","Prkg1/Prkcd/Pawr/Rc3h1/Hspb1/Adora2a/Abca12/Socs1/Ptk2/Cd276/Ptpn6/Bmp6/Ubash3b/Dusp22/Spint2/Cd74/Tnr/Nrarp/Ccm2l/Mbp/Abl1/Tnfrsf21/Irf1/Mad1l1/Peli1/Gli3/Zfp703"
"GO:0008203","GO:0008203","cholesterol metabolic process",90,-0.225298846648038,-0.988381953629807,0.478743068391867,0.717244644336608,0.57758314593443,2668,"tags=33%, list=26%, signal=25%","Dgat2/Fdft1/Pon1/Erlin1/Mvk/Cat/Mbtps2/Ephx2/Angptl3/Hdlbp/Cln8/Dhcr24/Soat1/Msmo1/Nsdhl/Sod1/Fdx1/Errfi1/Prkaa2/Arv1/Lipc/Cyp39a1/Acadl/Lima1/Cyp46a1/Abca5/Npc1/Idi2/Scp2/Lrp1"
"GO:0060219","GO:0060219","camera-type eye photoreceptor cell differentiation",23,0.305295297873369,0.981234422049082,0.47887323943662,0.717244644336608,0.57758314593443,1277,"tags=22%, list=12%, signal=19%","Sdk2/Dscam/Thrb/Sox8/Ush1c"
"GO:0006643","GO:0006643","membrane lipid metabolic process",136,0.208749380799379,0.988746666276397,0.480263157894737,0.718971031828583,0.578973372165592,1994,"tags=26%, list=19%, signal=22%","Smpd3/Prkcd/B3galt1/St8sia2/St6galnac6/St6galnac3/Sptlc3/Fut9/Pemt/St3gal4/Smpdl3b/Agmo/Galc/Pla2g6/St8sia1/Abca12/Pigs/Smpd1/Cerkl/Itgb8/Pigc/Cers6/St3gal1/St8sia6/St6galnac4/Hexa/Map7/Gba1/Glb1/Sptlc2/Sgms1/St3gal3/Pigyl/Abca2/Elovl2/B4galt4"
"GO:1900087","GO:1900087","positive regulation of G1/S transition of mitotic cell cycle",34,0.275418155980813,0.983708303798564,0.481927710843373,0.721106648817492,0.580693142942139,588,"tags=15%, list=6%, signal=14%","Egfr/Tfdp1/Crebbp/Ccnd2/Plcb1"
"GO:0050435","GO:0050435","amyloid-beta metabolic process",40,0.259314241522646,0.970501186760334,0.482758620689655,0.721993396194302,0.581407223337986,2118,"tags=25%, list=21%, signal=20%","Lrrtm3/Epha4/Abcg1/Slc2a13/Bace1/Bace2/Lrp4/Abca2/Mme/Igf1"
"GO:0060669","GO:0060669","embryonic placenta morphogenesis",21,0.312259136907432,0.974957713706184,0.483033932135729,0.722048749073141,0.581451797933487,2392,"tags=38%, list=23%, signal=29%","St14/Ncoa1/Bmp7/Spint2/Wnt7b/Cdkn1c/Grb2/Bmp5"
"GO:0032434","GO:0032434","regulation of proteasomal ubiquitin-dependent protein catabolic process",91,-0.225765803852112,-0.988633941056401,0.483333333333333,0.722140039447732,0.581525312294543,2957,"tags=31%, list=29%, signal=22%","Trib1/Csnk2a2/Chfr/Psen1/Gipc1/Aurka/Mapk8/Zfand2a/Bag5/Sumo1/Lrrk2/Zer1/Desi1/Pabir1/Bbs7/Akt1/Usp5/Gclc/Fzr1/Sirt6/Csnk1e/Taf9/Stub1/Zyg11b/Uchl5/Ogt/Park7/Paqr3"
"GO:0050818","GO:0050818","regulation of coagulation",34,-0.279994264528922,-0.994087817329945,0.484126984126984,0.722713061447881,0.581986755753409,1231,"tags=21%, list=12%, signal=18%","Angpt1/Plat/Anxa5/Pdgfra/Emilin2/Kng1/Vwf"
"GO:0071496","GO:0071496","cellular response to external stimulus",49,-0.257172332530062,-0.990322533576509,0.484848484848485,0.722713061447881,0.581986755753409,2294,"tags=31%, list=22%, signal=24%","Mtpn/Rac1/Ptpn11/Got1/Map3k14/Col1a1/Fadd/Akt1/Pax2/Ednra/Gclc/Bag3/Tnfrsf1a/Nos1/Bnip3"
"GO:0030890","GO:0030890","positive regulation of B cell proliferation",24,0.3036511821799,0.984906655297749,0.484662576687117,0.722713061447881,0.581986755753409,2400,"tags=38%, list=23%, signal=29%","Bcl2/Cd74/Atad5/Sash3/Ptprc/Ephb2/Vav3/Peli1/Slc39a10"
"GO:0002092","GO:0002092","positive regulation of receptor internalization",23,0.304038670931028,0.977195559937257,0.484909456740443,0.722713061447881,0.581986755753409,988,"tags=22%, list=10%, signal=20%","Drd2/Ptpn5/Pard3/Tbc1d5/Magi2"
"GO:0031113","GO:0031113","regulation of microtubule polymerization",40,0.259003908912924,0.969339745860453,0.484674329501916,0.722713061447881,0.581986755753409,2223,"tags=30%, list=22%, signal=24%","Nav3/Akap9/Cdkn1b/Arhgef7/Met/Togaram1/Pde4dip/Tbcd/Map2/Slain1/Abl1/Clasp2"
"GO:0007080","GO:0007080","mitotic metaphase chromosome alignment",44,-0.260278792979746,-0.988378959418524,0.48605577689243,0.723747691627777,0.582819923291015,1795,"tags=30%, list=18%, signal=24%","Rab11a/Birc5/Chmp5/Chmp4b/Chmp2a/Ska2/Cdca8/Chmp7/Vps4b/Chmp2b/Chmp3/Mis12/Chmp1b2"
"GO:0006694","GO:0006694","steroid biosynthetic process",99,0.218873299693553,0.985593536164385,0.486081370449679,0.723747691627777,0.582819923291015,1509,"tags=17%, list=15%, signal=15%","Cftr/Abcg1/Hsd3b4/Cacna1h/Prkg1/Igf1r/Prox1/Srebf2/Lpcat3/Nfkb1/Qki/Bmp6/Nr3c1/Srebf1/Ppargc1a/Pbx1/Scap"
"GO:0045911","GO:0045911","positive regulation of DNA recombination",49,0.253582589915305,0.98259805771103,0.487179487179487,0.725026447030376,0.583849680116871,2494,"tags=35%, list=24%, signal=26%","Crebbp/Vps72/Shld2/Arid2/Meaf6/Mbtd1/Kmt5b/Atad5/Epc1/Ptprc/Pms2/Parp1/Ercc6/Epc2/Peli1/Ep400/Hmces"
"GO:0099010","GO:0099010","modification of postsynaptic structure",42,0.262525839058008,0.981287505644093,0.488095238095238,0.726032681113683,0.58465998083082,1114,"tags=21%, list=11%, signal=19%","Dlgap4/Camkv/Kalrn/Ctnna2/Cap2/Itpka/Drd1/Ptk2/Filip1"
"GO:1905168","GO:1905168","positive regulation of double-strand break repair via homologous recombination",31,0.273384532110418,0.963735207690655,0.488416988416988,0.726154796321626,0.584758317829957,2389,"tags=35%, list=23%, signal=27%","Crebbp/Vps72/Arid2/Meaf6/Mbtd1/Epc1/Parp1/Ercc6/Epc2/Peli1/Ep400"
"GO:1903170","GO:1903170","negative regulation of calcium ion transmembrane transport",33,0.27719330763277,0.985182283206252,0.489151873767258,0.726890719722802,0.585350942615061,1790,"tags=24%, list=17%, signal=20%","Drd2/Bcl2/Ppp3ca/Prkce/Cbarp/Ntsr1/Tgfb2/Mcub"
"GO:0120316","GO:0120316","sperm flagellum assembly",41,-0.267649009098869,-0.995493063392526,0.48991935483871,0.726961628384569,0.585408043979653,1749,"tags=22%, list=17%, signal=18%","Dnali1/Tpgs1/Cfap70/Vdac3/Spag16/Cfap69/Spag6l/Ttll1/Ube2b"
"GO:0010212","GO:0010212","response to ionizing radiation",100,-0.222077429778564,-0.984647824790393,0.489603024574669,0.726961628384569,0.585408043979653,1972,"tags=20%, list=19%, signal=16%","Brcc3dc/Zmpste24/Xrcc2/Clk2/Rad51ap1/Dclre1c/Msh2/Abraxas1/Sod2/Rhob/Nabp2/Egr1/Rpl26/Net1/Brca2/Kars1/Rrm1/Polb/H2aj/Chek2"
"GO:1904888","GO:1904888","cranial skeletal system development",43,0.261966070575702,0.978232790970797,0.48991935483871,0.726961628384569,0.585408043979653,2398,"tags=33%, list=23%, signal=25%","Chst11/Ext1/B3glct/Sh3pxd2b/Smad3/Foxn3/Chrd/Tgfb2/Ndst1/Cplane2/Lrp2/Mmp16/Gli3/Rdh10"
"GO:2001244","GO:2001244","positive regulation of intrinsic apoptotic signaling pathway",37,-0.274955461400948,-0.993204447311129,0.490759753593429,0.727852204301562,0.58612520742436,2884,"tags=35%, list=28%, signal=25%","Dnm1l/Bclaf1/Sfpq/Mcl1/Steap3/Ubb/Mmp2/Sod1/Nherf1/Park7/Rpl26/Bok/Plekhf1"
"GO:0042445","GO:0042445","hormone metabolic process",119,-0.214745613091351,-0.98390902290798,0.491588785046729,0.728725058068292,0.586828099566545,1445,"tags=18%, list=14%, signal=15%","H6pd/Dhrs11/Stc2/Fdx1/Lhcgr/Scnn1b/Pnpla2/Inhba/Stub1/Egr1/Bco2/Pcsk6/Plekha1/Comt/Pdgfra/Ctsb/Cyp46a1/Sdr16c5/P4hb/Dio2/Scp2"
"GO:0050854","GO:0050854","regulation of antigen receptor-mediated signaling pathway",30,0.281057354141821,0.976144585212315,0.4921875,0.729255806845966,0.587255501222494,2992,"tags=50%, list=29%, signal=36%","Foxp1/Pawr/Rc3h1/Phpt1/Ptpn6/Dusp22/Dgkz/Ptprc/Slc39a10/Btrc/Prnp/Ptprj/Lipa/Plcl2/Cblb"
"GO:0061136","GO:0061136","regulation of proteasomal protein catabolic process",143,-0.209328419637842,-0.979963912089257,0.494339622641509,0.732086537929508,0.589535033844224,2957,"tags=31%, list=29%, signal=23%","Trib1/Psmd14/Csnk2a2/Oaz1/Chfr/Psen1/Gipc1/Aurka/Mapk8/Eif2a/Zfand2a/Usp14/Ubb/Bag5/Sumo1/Lrrk2/Zer1/Desi1/Pabir1/Bbs7/Usp19/Nudt15/Osbpl7/Akt1/Usp5/Bag2/Tmem67/Gclc/Psme1/Fzr1/Atxn3/Sirt6/Csnk1e/Ophn1/Taf9/Stub1/Ubxn2a/Zyg11b/Uchl5/Aqp11/Gabarapl2/Ogt/Park7/Paqr3/Psme3"
"GO:2000401","GO:2000401","regulation of lymphocyte migration",33,-0.278311362947275,-0.978116933871377,0.494949494949495,0.732093299950041,0.589540479167689,2832,"tags=33%, list=28%, signal=24%","Crkl/Med23/Wasl/Cxcl12/Abl2/Fadd/Akt1/Nedd9/Msn/Adam8/Cxcl14"
"GO:0002562","GO:0002562","somatic diversification of immune receptors via germline recombination within a single locus",50,0.250345764270392,0.974574365124665,0.495069033530572,0.732093299950041,0.589540479167689,2501,"tags=28%, list=24%, signal=21%","Bcl11b/Foxp1/Nhej1/Shld2/Ezh2/Xrcc6/Kmt5b/Atad5/Ptprc/Pms2/Sanbr/Nfkbiz/Hmces/Nbn"
"GO:0016444","GO:0016444","somatic cell DNA recombination",50,0.250345764270392,0.974574365124665,0.495069033530572,0.732093299950041,0.589540479167689,2501,"tags=28%, list=24%, signal=21%","Bcl11b/Foxp1/Nhej1/Shld2/Ezh2/Xrcc6/Kmt5b/Atad5/Ptprc/Pms2/Sanbr/Nfkbiz/Hmces/Nbn"
"GO:1904035","GO:1904035","regulation of epithelial cell apoptotic process",43,0.261187282490706,0.975324643208432,0.495967741935484,0.732558536418868,0.589915125036976,721,"tags=16%, list=7%, signal=15%","Wfs1/Bcl2/Igf1r/Capn10/Adar/Cdkn1b/Tcf7l2"
"GO:0009119","GO:0009119","ribonucleoside metabolic process",25,-0.293563444200666,-0.966629924911392,0.496108949416342,0.732558536418868,0.589915125036976,1532,"tags=28%, list=15%, signal=24%","Adal/Hprt1/Aprt/Cdadc1/Uox/Upp1/Pgm2"
"GO:0060117","GO:0060117","auditory receptor cell development",27,0.287946570938009,0.965409092605114,0.495934959349593,0.732558536418868,0.589915125036976,3367,"tags=44%, list=33%, signal=30%","Kcnq1/Atp2b2/Ush1c/Whrn/Myo3a/Clic5/Myo3b/Sec24b/Pls1/Fgfr1/Pcdh15/Ripor2"
"GO:0006661","GO:0006661","phosphatidylinositol biosynthetic process",73,-0.233518340977567,-0.979864193245106,0.499021526418787,0.733301064859632,0.590513068731849,1147,"tags=15%, list=11%, signal=13%","Inpp4b/Pigp/Impa1/Pgap1/Pigb/Htr2b/Smg1/Pik3c2b/Pip4k2b/Pik3cd/Pip5k1c"
"GO:0002532","GO:0002532","production of molecular mediator involved in inflammatory response",46,-0.255204044960463,-0.977632764473126,0.499013806706114,0.733301064859632,0.590513068731849,4143,"tags=54%, list=40%, signal=33%","Il4ra/Dusp10/Seh1l/Apod/Bap1/Stat3/Il17rc/Slc18a2/Extl3/Pld3/Cuedc2/Alox5/Mapk14/Adcy7/Appl1/Ephx2/Hif1a/Kpna6/Snap23/Pdcd4/Ywhaz/Ticam1/Snx4/Il17ra/Il17d"
"GO:0030832","GO:0030832","regulation of actin filament length",106,0.21394533644282,0.977341279389997,0.497854077253219,0.733301064859632,0.590513068731849,2349,"tags=26%, list=23%, signal=21%","Pecam1/Nck2/Dbn1/Fhod3/Prkcd/Cracd/Tenm1/Svil/Add3/Prex1/Prkce/Kank4/Arf6/Lats1/Capza2/Vill/Kirrel1/Eps8/Daam2/Cyfip2/Add1/Slit2/Grb2/Ssh2/Mtor/Sema5a/Myo3a/Ssh3"
"GO:0032528","GO:0032528","microvillus organization",20,0.318740457849457,0.975801876417242,0.497967479674797,0.733301064859632,0.590513068731849,1753,"tags=30%, list=17%, signal=25%","Hnf4a/Rap1gap/Klf5/Ush1c/Tnik/Rapgef6"
"GO:1902894","GO:1902894","negative regulation of miRNA transcription",20,0.318142628999606,0.973971664722759,0.5,0.733301064859632,0.590513068731849,919,"tags=20%, list=9%, signal=18%","Ncor2/Nfatc3/Hdac4/Smad3"
"GO:0055022","GO:0055022","negative regulation of cardiac muscle tissue growth",20,0.318017266449743,0.973587875942964,0.5,0.733301064859632,0.590513068731849,1097,"tags=15%, list=11%, signal=13%","Foxp1/Kcnk2/Ctdp1"
"GO:0061117","GO:0061117","negative regulation of heart growth",20,0.318017266449743,0.973587875942964,0.5,0.733301064859632,0.590513068731849,1097,"tags=15%, list=11%, signal=13%","Foxp1/Kcnk2/Ctdp1"
"GO:0110110","GO:0110110","positive regulation of animal organ morphogenesis",20,0.316617659664679,0.969303076528652,0.5,0.733301064859632,0.590513068731849,1143,"tags=15%, list=11%, signal=13%","Robo1/Robo2/Sox8"
"GO:0001556","GO:0001556","oocyte maturation",20,0.316281305305984,0.968273350912486,0.5,0.733301064859632,0.590513068731849,1394,"tags=30%, list=14%, signal=26%","Foxo3/Plcb1/Sirt2/Pde3a/Fbxo5/Tut4"
"GO:0022617","GO:0022617","extracellular matrix disassembly",20,0.315691461158797,0.966467583833207,0.5,0.733301064859632,0.590513068731849,3375,"tags=60%, list=33%, signal=40%","Adamts5/Sh3pxd2b/Ets1/Tgfb2/Meltf/Clasp2/Sema5a/Clasp1/Ddr2/Eng/Adamts15/Pbxip1"
"GO:0030149","GO:0030149","sphingolipid catabolic process",22,0.306182014776041,0.964560903613361,0.496957403651116,0.733301064859632,0.590513068731849,1825,"tags=36%, list=18%, signal=30%","Smpd3/Prkcd/Smpdl3b/Galc/Smpd1/Hexa/Gba1/Glb1"
"GO:0097284","GO:0097284","hepatocyte apoptotic process",21,0.308847811925556,0.96430663192207,0.499001996007984,0.733301064859632,0.590513068731849,3208,"tags=48%, list=31%, signal=33%","Igf1r/Adar/Arf6/Mtch2/Gsk3b/Stk3/Lims1/Dnmt3a/Ppara/Fas"
"GO:0043243","GO:0043243","positive regulation of protein-containing complex disassembly",28,-0.282261799225621,-0.955545945375335,0.49901768172888,0.733301064859632,0.590513068731849,2621,"tags=36%, list=26%, signal=27%","Eif5a2/Pdxp/Oga/Jmjd4/Cfl2/Smcr8/Dstn/Wdr1/Insr/Bnip3"
"GO:0038034","GO:0038034","signal transduction in absence of ligand",40,0.254952309222443,0.954176358439845,0.5,0.733301064859632,0.590513068731849,2475,"tags=35%, list=24%, signal=27%","Foxo3/Bcl2/Fyn/Eya1/Eya2/Tgfb2/Ripk1/Gpr61/Sgk3/Gsk3b/Igf1/Wwox/Ret/Tert"
"GO:0071276","GO:0071276","cellular response to cadmium ion",21,0.305550861080695,0.954012657213298,0.500998003992016,0.734409265648674,0.591405481248437,1634,"tags=29%, list=16%, signal=24%","Egfr/Mt1/Abcb6/Hsf1/Slc11a1/Chuk"
"GO:0061515","GO:0061515","myeloid cell development",67,0.231929270416132,0.976724824256092,0.50199203187251,0.735155078092656,0.592006069487155,1341,"tags=19%, list=13%, signal=17%","Foxp1/Meis1/Ep300/Ninj1/Ptpn6/Sox6/Slc4a1/Hba-a2/Arid4a/Notch2/Gpr68/Brd1/Fam20c"
"GO:0046849","GO:0046849","bone remodeling",67,0.231873847670904,0.976491422189178,0.50199203187251,0.735155078092656,0.592006069487155,2654,"tags=36%, list=26%, signal=27%","Egfr/Ext1/Dock5/Ppargc1b/Tpp1/Tns3/Ubash3b/Notch2/Enpp1/Adrb2/Lgr4/Lrp5/Rassf2/Gsk3b/Plekhm1/Snx10/Lrp6/Mitf/Fshr/Nox4/Rac2/Prkca/Fgfr3/Pth1r"
"GO:0060325","GO:0060325","face morphogenesis",28,0.284022843129086,0.964841611305556,0.503042596348884,0.736337713496193,0.59295842274941,2246,"tags=32%, list=22%, signal=25%","Crebbp/Tcf7l2/Ep300/Ski/Arid5b/Dlx5/Tgfb2/Ankrd11/Lrp6"
"GO:0085029","GO:0085029","extracellular matrix assembly",31,-0.28040156359469,-0.962848210469941,0.504132231404959,0.73757636946259,0.593955888280106,911,"tags=16%, list=9%, signal=15%","Rgcc/Ntn4/Myh11/Has2/Lamb1"
"GO:0009218","GO:0009218","pyrimidine ribonucleotide metabolic process",24,-0.30065924201211,-0.977655978419058,0.504873294346979,0.737947941086032,0.594255107673241,2314,"tags=42%, list=23%, signal=32%","Upb1/Uprt/Ctps2/Cad/Nme1/Ctps1/Uckl1/Umps/Uck1/Upp1"
"GO:0034599","GO:0034599","cellular response to oxidative stress",176,-0.201209934610635,-0.970399630464199,0.5046904315197,0.737947941086032,0.594255107673241,2343,"tags=30%, list=23%, signal=23%","Romo1/Edn1/Stk26/Hspa8/Adprs/Pnpla8/Hgf/Trpa1/Sesn2/Lrrk2/Rbm11/Stk24/Prdx1/Stx2/Src/Hif1a/Xbp1/Ppif/Bmal1/Akt1/Prr5l/Stk25/Chchd4/Prdx3/Ednra/Map1lc3a/Mmp2/Pex5/Sod1/Pycr1/Sod2/Rad52/Trpm2/Prkaa2/Cygb/Trp53inp1/Sirt6/Meak7/Oser1/Rhob/Pcna/Endog/Rnf146/Park7/Plekha1/Pla2r1/Net1/Coq7/Pdgfra/Pex10/Fos/Bnip3"
"GO:0008064","GO:0008064","regulation of actin polymerization or depolymerization",104,0.213177814008157,0.970075323101059,0.505422993492408,0.738395212286401,0.594615286461656,2252,"tags=25%, list=22%, signal=20%","Pecam1/Nck2/Dbn1/Fhod3/Prkcd/Cracd/Tenm1/Svil/Add3/Prex1/Prkce/Kank4/Arf6/Lats1/Capza2/Vill/Kirrel1/Eps8/Daam2/Cyfip2/Add1/Slit2/Grb2/Ssh2/Mtor/Sema5a"
"GO:2000379","GO:2000379","positive regulation of reactive oxygen species metabolic process",43,0.259345017443784,0.968445263468157,0.506048387096774,0.738952584531675,0.595064127477653,832,"tags=14%, list=8%, signal=13%","Foxo3/Egfr/Prkcd/Adgrb1/Elavl1/Hdac4"
"GO:0051057","GO:0051057","positive regulation of small GTPase mediated signal transduction",59,0.239352097283884,0.977159425679448,0.507216494845361,0.73923327531575,0.595290162300471,1464,"tags=22%, list=14%, signal=19%","Robo1/Auts2/Rasgef1a/Rasgrp1/Agrn/Prag1/Map4k4/Akap13/Tns3/Arhgef3/Notch2/Itpkb/Mmd2"
"GO:0070293","GO:0070293","renal absorption",24,-0.300087153493907,-0.975795713767745,0.50682261208577,0.73923327531575,0.595290162300471,2338,"tags=38%, list=23%, signal=29%","Edn1/Rhpn1/Gsn/Aqp4/Ednra/Nherf1/Has2/Comt/Slc5a2"
"GO:1903078","GO:1903078","positive regulation of protein localization to plasma membrane",46,0.256748435113989,0.969953350294042,0.507070707070707,0.73923327531575,0.595290162300471,1378,"tags=22%, list=13%, signal=19%","Dpp6/Egfr/Ramp3/Epha3/Nrxn1/Akap5/Arf6/Grip1/Atp2b4/Dpp10"
"GO:0035774","GO:0035774","positive regulation of insulin secretion involved in cellular response to glucose stimulus",37,0.261853819023601,0.954425968731873,0.506796116504854,0.73923327531575,0.595290162300471,1315,"tags=19%, list=13%, signal=17%","Cftr/Ghrl/Abcg1/Cacna1d/Pla2g6/Sybu/Gpr68"
"GO:0007548","GO:0007548","sex differentiation",181,0.198905027906171,0.975627942931497,0.507592190889371,0.739390617491591,0.595416866890918,1566,"tags=19%, list=15%, signal=17%","Cftr/Foxo3/Chd7/Bcl2/Dach2/Six3/Hnf4a/Sema3a/Slit3/Akap9/Csmd1/Ncoa1/Acvr2a/Tcf7l2/Lfng/Jmjd1c/Ptprn/Nkx2-1/Nr2f2/Fndc3a/Dach1/Rad21l/Bmp6/Sox8/Arid5b/Arid4b/Arid4a/Adam32/Bmpr1a/Pkd1/Pbx1/Lgr4/Atn1/Ybx3/Tgfb2"
"GO:0030838","GO:0030838","positive regulation of actin filament polymerization",30,0.277787897924873,0.964789386937902,0.5078125,0.739390617491591,0.595416866890918,1027,"tags=17%, list=10%, signal=15%","Nck2/Cracd/Tenm1/Prkce/Arf6"
"GO:0031069","GO:0031069","hair follicle morphogenesis",20,0.314895843312232,0.964031854798911,0.508130081300813,0.739497668751904,0.595503073186351,1566,"tags=20%, list=15%, signal=17%","Bcl2/Ext1/Igfbp5/Tgfb2"
"GO:0043473","GO:0043473","pigmentation",75,-0.228108122483146,-0.96444762196735,0.508604206500956,0.739832331107968,0.595772570265162,2789,"tags=33%, list=27%, signal=24%","Lyst/Shroom2/Bloc1s6/Rab11a/Vangl1/Pikfyve/Myo5a/Ap1b1/Arcn1/Szt2/Dtnbp1/Hps5/Zic2/Rab29/Ednra/Nf1/Sod2/Vps33a/Bloc1s1/Map2k1/Ap1m1/Dock7/Tpcn2/Dctn1/Kit"
"GO:0006576","GO:0006576","biogenic amine metabolic process",66,-0.238032362304474,-0.97432697335626,0.509920634920635,0.741391326204186,0.597027998659477,1918,"tags=27%, list=19%, signal=22%","Epas1/Aldh2/Oaz2/Maoa/Napepld/Hprt1/Agtr2/Ednra/Tph2/Sat1/Azin1/Park7/Hdac10/Odc1/Comt/Sms/Amd1/Vps35"
"GO:0016125","GO:0016125","sterol metabolic process",93,-0.221787427769148,-0.974654680961501,0.511070110701107,0.742350160797869,0.597800129487393,2668,"tags=32%, list=26%, signal=24%","Dgat2/Fdft1/Pon1/Erlin1/Mvk/Cat/Mbtps2/Ephx2/Angptl3/Hdlbp/Cln8/Dhcr24/Soat1/Msmo1/Nsdhl/Sod1/Fdx1/Errfi1/Prkaa2/Arv1/Lipc/Cyp39a1/Acadl/Lima1/Cyp46a1/Abca5/Npc1/Idi2/Scp2/Lrp1"
"GO:0099518","GO:0099518","vesicle cytoskeletal trafficking",49,0.250528501034227,0.970763878544285,0.510848126232742,0.742350160797869,0.597800129487393,2314,"tags=31%, list=23%, signal=24%","Kifc1/Rasgrp1/Ppfia2/Nde1/Borcs5/Sybu/Ap3d1/Bicdl1/Kif13a/Kif1b/Map2/Bloc1s4/Kif28/Madd/Ap3s2"
"GO:0141085","GO:0141085","regulation of inflammasome-mediated signaling pathway",26,-0.285958309829794,-0.952095595923546,0.511764705882353,0.743002903125793,0.598325770173906,2274,"tags=35%, list=22%, signal=27%","Hspa8/Fbxl2/Ddx3x/Ppp2ca/Brcc3dc/Cptp/Eif2ak2/Ogt/Lamp2"
"GO:0051953","GO:0051953","negative regulation of amine transport",25,0.292406368634643,0.964093557734863,0.512295081967213,0.74341671377426,0.598659003831418,2376,"tags=36%, list=23%, signal=28%","Drd2/Prkg1/Slc43a2/Grm7/Adora1/Chga/Cnr1/Crhr2/Crhr1"
"GO:1904292","GO:1904292","regulation of ERAD pathway",20,-0.316313950054645,-0.967351869187161,0.513725490196078,0.744028187298584,0.599151411553975,2277,"tags=40%, list=22%, signal=31%","Eif2a/Usp14/Usp19/Tmem67/Atxn3/Stub1/Ubxn2a/Aqp11"
"GO:0030199","GO:0030199","collagen fibril organization",42,0.258682426104159,0.966921326969357,0.513888888888889,0.744028187298584,0.599151411553975,2093,"tags=26%, list=20%, signal=21%","Ext1/Zfp469/Col14a1/Col5a1/Colgalt1/Tgfb2/P4ha3/Pxdn/Mkx/Loxl1/Adamts2"
"GO:0051851","GO:0051851","host-mediated perturbation of symbiont process",64,-0.236448859756132,-0.966346134984036,0.513725490196078,0.744028187298584,0.599151411553975,2066,"tags=27%, list=20%, signal=21%","Fbxl2/Tfap4/Rab5a/Gsn/Napepld/Ccnt1/Fasn/Rab29/Ccnk/Ltf/Tmem41b/Smarcb1/Cdk9/Csf1r/Eef1a1/Snx3/Inpp5k"
"GO:1903313","GO:1903313","positive regulation of mRNA metabolic process",101,0.212461285522684,0.963351091358554,0.513626834381551,0.744028187298584,0.599151411553975,2960,"tags=42%, list=29%, signal=30%","Pan3/Rc3h1/Elavl1/Wdr77/Rbmxl1/Tnrc6b/Qki/Tnrc6c/Hnrnpd/Upf3b/Tent4a/Dis3l2/Gigyf2/Rbm24/Prpf19/Alkbh5/Tut4/Ago3/Cnot2/Thrap3/Tra2a/Fto/Syncrip/Tardbp/Hnrnpu/Dcp1b/Ythdf3/Zc3hav1/Celf1/Nanos3/Nanos1/Igf2bp1/Btg2/Samd4/Dhx36/Rock1/Pnldc1/Pum1/Cpeb3/Tnrc6a/Zfp36l2/Ybx1"
"GO:0048753","GO:0048753","pigment granule organization",29,0.279227970321952,0.954535027856828,0.51394422310757,0.744028187298584,0.599151411553975,1835,"tags=28%, list=18%, signal=23%","Bcl2/Abcb6/Ap1s2/Ap3d1/Bace2/Hps3/Kif13a/Bloc1s4"
"GO:0071901","GO:0071901","negative regulation of protein serine/threonine kinase activity",62,-0.237848978571197,-0.969287170903851,0.516765285996055,0.746176433451271,0.600881352350198,2243,"tags=29%, list=22%, signal=23%","Spry2/Heg1/Cdk5rap1/Tfap4/Dtnbp1/Dusp19/Nf1/Chordc1/Rgs2/Nolc1/Stk38/Pdcd4/Spry1/Fbxo7/Paqr3/Gstp3/Inpp5k/Aida"
"GO:0032640","GO:0032640","tumor necrosis factor production",84,-0.22304350301373,-0.968598384364879,0.517823639774859,0.746176433451271,0.600881352350198,1465,"tags=19%, list=14%, signal=16%","Ltf/Arg2/Cactin/Angpt1/Errfi1/Tspo/Tnfrsf1a/Rara/Ticam1/Gpr18/Csf1r/Azi2/Akap12/Gstp3/Fxr1/Arhgef2"
"GO:0009636","GO:0009636","response to toxic substance",130,-0.208335190520234,-0.968318166105333,0.516605166051661,0.746176433451271,0.600881352350198,2639,"tags=33%, list=26%, signal=25%","Nfe2l2/Fmc1/Gpx3/Pon1/Kdm5b/Gfer/Rdh11/Cat/Gpx4/Ephx2/Blmh/Txnrd1/Sesn2/Prdx1/Tyms/Oscp1/Hif1a/Prdx4/Mgst3/Aldh2/Esd/Eif2ak2/Rab29/Asns/Prdx3/Sod1/Sod2/Cygb/Trp53inp1/Abcc1/Dhx15/Slc6a4/Abtb2/Mt4/Park7/Sesn1/Gstk1/Comt/Rps6kb1/Fos/Cp/Ptgs1/Scn3a"
"GO:1900024","GO:1900024","regulation of substrate adhesion-dependent cell spreading",44,-0.254629174207161,-0.966925178034217,0.51593625498008,0.746176433451271,0.600881352350198,2848,"tags=39%, list=28%, signal=28%","Bcar1/Crkl/Enpp2/Dmtn/Triobp/Lims2/Rac1/C1qbp/St6gal1/Mdk/Rac3/Nedd9/Nrp1/Has2/Ap1ar/P4hb/Actn4"
"GO:0048515","GO:0048515","spermatid differentiation",127,-0.210083300798398,-0.966222739282165,0.517175572519084,0.746176433451271,0.600881352350198,1568,"tags=21%, list=15%, signal=18%","Septin14/Slc9a8/Dnali1/Rsph1/Tpgs1/Hspa2/Cep57/Abhd2/Cfap70/Vdac3/Mkks/Nsun2/Adgb/Spag16/Cfap69/Hmgb2/Slirp/Spag6l/Sbf1/Rec8/Ttll1/Piwil1/Dld/Trip13/Kit/Ube2b/Fxr1"
"GO:0032675","GO:0032675","regulation of interleukin-6 production",72,-0.230177118021006,-0.965257251926894,0.517509727626459,0.746176433451271,0.600881352350198,1235,"tags=22%, list=12%, signal=20%","Bank1/Hgf/Nod1/Xbp1/Aqp4/Traf6/Rabgef1/Adora2b/Foxj1/Tnfrsf1a/Ticam1/Il17ra/Arrb1/Il17d/Arhgef2/Prg4"
"GO:0002718","GO:0002718","regulation of cytokine production involved in immune response",56,-0.24054494385776,-0.964088352428379,0.516634050880626,0.746176433451271,0.600881352350198,2720,"tags=34%, list=27%, signal=25%","Cuedc2/Tril/Il18/Casp1/Mif/Litaf/Prkcz/Nod1/Atg5/Traf6/Rabgef1/Angpt1/Ddx21/Clnk/Gprc5b/Ticam1/Ddx1/Kit/Cd226"
"GO:0043433","GO:0043433","negative regulation of DNA-binding transcription factor activity",78,-0.224536086326975,-0.962038034770266,0.51789077212806,0.746176433451271,0.600881352350198,2423,"tags=27%, list=24%, signal=21%","Cat/Acod1/Trim37/Hdac3/Sumo1/Med13/Bhlhe40/Siva1/Rlim/Glis2/Phb2/Cactin/Cebpg/Nr0b1/Foxj1/Cyld/Mturn/Ppp2cb/Arrb1/Commd6/Id2"
"GO:0051955","GO:0051955","regulation of amino acid transport",38,0.258782647178714,0.94958895077113,0.517509727626459,0.746176433451271,0.600881352350198,1188,"tags=21%, list=12%, signal=19%","Prkg1/Htr2c/Slc43a2/Adora2a/Grm7/Grin2b/Nr3c1/Ntsr1"
"GO:1904752","GO:1904752","regulation of vascular associated smooth muscle cell migration",32,0.264349670008387,0.942479404579987,0.517241379310345,0.746176433451271,0.600881352350198,1093,"tags=19%, list=11%, signal=17%","Tafa5/Prkg1/Dock5/Dock4/Gna13/Igfbp5"
"GO:0031507","GO:0031507","heterochromatin formation",98,-0.219466177640816,-0.971546683680698,0.518796992481203,0.747126847537094,0.601646702307098,1033,"tags=14%, list=10%, signal=13%","Dnmt1/Sirt6/Baz2a/Hells/Piwil1/Hat1/Cenpv/Cbx5/Mettl3/Setdb1/Smarca5/Znfx1/H2aj/Kat8"
"GO:0044380","GO:0044380","protein localization to cytoskeleton",54,0.246001179810992,0.976826188298744,0.520080321285141,0.747427317735691,0.601888665107289,2916,"tags=39%, list=28%, signal=28%","Mid1/4933427D14Rik/Cep250/Ttbk2/Filip1/Abhd17c/Hnrnpu/Gsk3b/Abl1/Dctn2/Snx10/Stk3/Map1a/Nup62/Champ1/Fam83h/Filip1l/Bicd1/Cttnbp2nl/Luzp1/Abhd17a"
"GO:0009161","GO:0009161","ribonucleoside monophosphate metabolic process",40,-0.266096408091255,-0.975429296559679,0.520833333333333,0.747427317735691,0.601888665107289,1532,"tags=28%, list=15%, signal=23%","Hprt1/Uckl1/Atic/Umps/Aprt/Gmps/Uox/Uck1/Ampd3/Ppat/Upp1"
"GO:0002040","GO:0002040","sprouting angiogenesis",90,0.220116374766481,0.969434265825148,0.52060737527115,0.747427317735691,0.601888665107289,2391,"tags=29%, list=23%, signal=22%","Robo1/Ghrl/Pik3r3/Vegfc/Bmper/Jcad/Smad1/Akt3/Egr3/Tgfbr3/Pik3c2a/Epn2/Naxe/Itgb1bp1/Efnb2/Fbxw7/Nrarp/Map3k3/Slit2/Rnf213/Hdac9/Srf/Abl1/Sema5a/Tjp1/Stard13"
"GO:0034614","GO:0034614","cellular response to reactive oxygen species",104,-0.21534076644486,-0.966757796422466,0.521256931608133,0.747427317735691,0.601888665107289,2423,"tags=34%, list=24%, signal=26%","Cat/Romo1/Edn1/Hspa8/Adprs/Hgf/Trpa1/Lrrk2/Prdx1/Src/Ppif/Akt1/Stk25/Prdx3/Ednra/Map1lc3a/Mmp2/Pex5/Sod1/Sod2/Trpm2/Cygb/Sirt6/Oser1/Rhob/Pcna/Endog/Rnf146/Park7/Plekha1/Net1/Pdgfra/Pex10/Fos/Bnip3"
"GO:0048147","GO:0048147","negative regulation of fibroblast proliferation",25,0.291388278752576,0.960736811775194,0.520491803278688,0.747427317735691,0.601888665107289,2067,"tags=36%, list=20%, signal=29%","Pawr/Socs1/Dach1/Ski/Kmt2a/Dab2ip/Ing5/Pex2/Lzts2"
"GO:0043949","GO:0043949","regulation of cAMP-mediated signaling",24,0.296108639700057,0.96044206987136,0.521472392638037,0.747427317735691,0.601888665107289,2460,"tags=38%, list=24%, signal=29%","Pde10a/Pex5l/Pde3a/Gnai1/Chga/Crhr2/Adcyap1r1/Crhr1/Mgrn1"
"GO:0045981","GO:0045981","positive regulation of nucleotide metabolic process",31,-0.276836617662871,-0.950606831474511,0.520661157024793,0.747427317735691,0.601888665107289,2031,"tags=39%, list=20%, signal=31%","Psen1/Hnf1a/Eno1/Src/Ppp2ca/Hif1a/Adora2b/Prkaa2/Map2k1/Insr/Pid1/Tmsb4x"
"GO:1900544","GO:1900544","positive regulation of purine nucleotide metabolic process",31,-0.276836617662871,-0.950606831474511,0.520661157024793,0.747427317735691,0.601888665107289,2031,"tags=39%, list=20%, signal=31%","Psen1/Hnf1a/Eno1/Src/Ppp2ca/Hif1a/Adora2b/Prkaa2/Map2k1/Insr/Pid1/Tmsb4x"
"GO:0060711","GO:0060711","labyrinthine layer development",38,0.258373263778213,0.948086740487775,0.521400778210117,0.747427317735691,0.601888665107289,2953,"tags=42%, list=29%, signal=30%","St14/Ncoa1/Hs6st1/Bmp7/Plcd3/Spint2/Wnt7b/Fbxw8/Grb2/Hey2/Vash2/Ggnbp2/Bmp5/Egln1/Ncoa3/Birc6"
"GO:0072344","GO:0072344","rescue of stalled ribosome",31,-0.275719078984948,-0.946769405953859,0.520661157024793,0.747427317735691,0.601888665107289,1783,"tags=23%, list=17%, signal=19%","Tcf25/Saysd1/Rnf14/Klhdc10/Abce1/Ufsp2/Ltn1"
"GO:0035967","GO:0035967","cellular response to topologically incorrect protein",83,-0.223925159814312,-0.967885487307933,0.522641509433962,0.748748829118159,0.60295285249119,2016,"tags=24%, list=20%, signal=20%","Ficd/Xbp1/Pdia6/Akt2/Ccnd1/Ufd1/Akt1/Eif2ak2/Yod1/Derl1/Dnajb9/Stc2/Bag3/Atxn3/Dnajb14/Tmbim4/Stub1/Bfar/Tm7sf3/Bok"
"GO:0035825","GO:0035825","homologous recombination",39,-0.26806241348168,-0.974736816273128,0.522916666666667,0.748788988657845,0.602985192186515,1242,"tags=21%, list=12%, signal=18%","Rad51ap1/Chtf18/Mlh1/Slx4/1700028K03Rik/Hdac10/Trip13/Ube2b"
"GO:0048066","GO:0048066","developmental pigmentation",34,-0.272724769604952,-0.968278301716408,0.523809523809524,0.749005595631363,0.60315962156453,1801,"tags=24%, list=18%, signal=19%","Hps5/Zic2/Ednra/Sod2/Vps33a/Ap1m1/Tpcn2/Kit"
"GO:0021782","GO:0021782","glial cell development",100,-0.218053412309141,-0.966806119525089,0.523629489603025,0.749005595631363,0.60315962156453,1896,"tags=25%, list=18%, signal=21%","Tppp/Akt2/Akt1/Sos1/Mdk/Myrf/Ppp3r1/Eif2b5/Med12/Ndrg1/Nf1/Sod1/Kras/Map2k1/Eif2b2/Id4/Omg/Mios/Csf1r/Map2k2/Pick1/Vim/Eif2b1/Id2/Lrp1"
"GO:0045943","GO:0045943","positive regulation of transcription by RNA polymerase I",26,-0.283116672447033,-0.942634390061234,0.523529411764706,0.749005595631363,0.60315962156453,1144,"tags=38%, list=11%, signal=34%","Dek/Nol11/Pwp1/Ippk/Ddx11/Smarcb1/Ddx21/Ubtf/Sf3b1/Smarca5"
"GO:0071108","GO:0071108","protein K48-linked deubiquitination",21,-0.311831977720817,-0.964162852665636,0.524950099800399,0.749467574506083,0.603531644156714,3242,"tags=48%, list=32%, signal=33%","Usp33/Mindy3/Usp20/Usp14/Usp19/Usp5/Yod1/Atxn3/Otub1/Park7"
"GO:0006959","GO:0006959","humoral immune response",50,-0.249767420703215,-0.962431963883149,0.525252525252525,0.749467574506083,0.603531644156714,3049,"tags=42%, list=30%, signal=30%","Phb1/Masp1/Alox5/Cfd/Hmgn2-ps/Gapdh/Acod1/Romo1/C1qbp/Tac1/Cxcl12/Ltf/Rpl39/Rpl30/Foxj1/Rgcc/Cfi/Gpr183/Cxcl14/Ppp2r3c/Kng1"
"GO:0031623","GO:0031623","receptor internalization",115,-0.210343198946593,-0.961382717791619,0.52561669829222,0.749467574506083,0.603531644156714,1946,"tags=24%, list=19%, signal=20%","Ezr/Hgs/Rab5a/Dtnbp1/Ahi1/Arc/Ap2m1/Ppp3r1/Eps15/Dnm1/Angpt1/Synj1/Lrrtm2/Ap2b1/Pacsin1/Ophn1/Usp46/Rala/Lmbrd1/Arf1/Insr/Cltc/Pick1/Napb/Arrb1/Pip5k1c/Snx1/Lrp1"
"GO:0034110","GO:0034110","regulation of homotypic cell-cell adhesion",20,0.311851873944068,0.954712953015144,0.524390243902439,0.749467574506083,0.603531644156714,1142,"tags=20%, list=11%, signal=18%","Prkg1/Prkcd/Ank3/Ubash3b"
"GO:0042446","GO:0042446","hormone biosynthetic process",39,0.25344464126354,0.940573407584565,0.524904214559387,0.749467574506083,0.603531644156714,2595,"tags=38%, list=25%, signal=29%","Cacna1h/Arnt/Igf1r/Nfkb1/Bmp6/Nr3c1/Tg/Ppargc1a/Chst8/Atp1a1/Srd5a2/Igf1/Bmp5/Dkk3/Stard3"
"GO:0019320","GO:0019320","hexose catabolic process",26,-0.281616509195059,-0.937639610136072,0.525490196078431,0.749467574506083,0.603531644156714,3069,"tags=38%, list=30%, signal=27%","Galm/Eno1/Gale/Eno2/Gapdh/Ldha/Gpi1/Pfkfb2/Pgm1/Pkm"
"GO:0060632","GO:0060632","regulation of microtubule-based movement",36,-0.270303018416223,-0.968295678059301,0.526209677419355,0.749558729139923,0.603605049208387,1979,"tags=25%, list=19%, signal=20%","Tac1/Ttc21b/Mapt/Mkks/Cfap69/Spag6l/Anxa5/Kif9/Cfap20"
"GO:0051348","GO:0051348","negative regulation of transferase activity",145,-0.205595112811668,-0.966104624967563,0.526217228464419,0.749558729139923,0.603605049208387,2567,"tags=32%, list=25%, signal=25%","Rpl23/Casp3/Prkrip1/Mvp/Macroh2a1/Nf2/Bag5/Spry2/Heg1/Cdk5rap1/Gskip/Eif4a2/Tfap4/Rb1/Cox11/Cln8/Rpl5/Dtnbp1/Akt1/Zgpat/Wars1/Mapt/Dusp19/Prdx3/Prkar1a/Bag2/Nf1/Chordc1/Wwtr1/Errfi1/Rgs2/Cep43/Nolc1/Ptprb/Stk38/Tsc2/Pdcd4/Usp44/Spry1/Taf7/Rtraf/Park7/Fbxo7/Paqr3/Gstp3/Inpp5k/Aida"
"GO:1905562","GO:1905562","regulation of vascular endothelial cell proliferation",26,0.287086201784721,0.952016385067141,0.526422764227642,0.749558729139923,0.603605049208387,3212,"tags=46%, list=31%, signal=32%","Ghrl/Plcg1/Col4a3/Akt3/Nrarp/Igf1/Col18a1/Pdpk1/Adam17/Dicer1/Aldh1a2/Fgfr1"
"GO:0045089","GO:0045089","positive regulation of innate immune response",192,0.196414328362098,0.970373507585929,0.527352297592998,0.749965495348773,0.603932610115844,1637,"tags=20%, list=16%, signal=17%","Irf7/Nmi/Cadm1/Trim25/Rasgrp1/Znrf1/Ptprs/Smpdl3b/Prkd1/Pum2/Mfhas1/Lsm14a/Hexim1/Sirt2/Matr3/Ninj1/Prkce/Kcnk13/Arf6/Plscr1/Ube2k/Rbm14/Srebf1/Ifi35/Lats1/Elp6/Mapkapk3/Card9/Dab2ip/Polr3c/Lgr4/Lyplal1/Cd74/Xrcc6/Rps6ka3/Ifih1/Chuk/Map3k7"
"GO:0042698","GO:0042698","ovulation cycle",53,-0.242040726205464,-0.955905225269483,0.527450980392157,0.749965495348773,0.603932610115844,2565,"tags=42%, list=25%, signal=31%","Map2k6/Runx1/Sgpl1/Casp3/Enpp2/Npy5r/Hspa8/Mfn2/Src/Bmpr1b/Mdk/Mmp2/Lhcgr/Inhba/Egr1/Zfp830/Pcna/Has2/Plekha1/Arrb1/Pdgfra/Nhlh2"
"GO:0043331","GO:0043331","response to dsRNA",25,-0.288979583083633,-0.951536433487666,0.527237354085603,0.749965495348773,0.603932610115844,1792,"tags=28%, list=17%, signal=23%","Hcfc2/Colec12/Rftn1/Riok3/Ddx21/Ticam1/Ddx1"
"GO:2001237","GO:2001237","negative regulation of extrinsic apoptotic signaling pathway",60,-0.236894934370567,-0.956079341106403,0.528046421663443,0.750459970750578,0.604330801528518,1052,"tags=30%, list=10%, signal=27%","Yap1/Mcl1/Cflar/Hgf/Ddx3x/Src/Itga6/Gclc/Nrp1/Hmgb2/Ctnna1/Park7/Rps6kb1/Cttn/Itgav/Pea15a/Gstp3/Psme3"
"GO:0006090","GO:0006090","pyruvate metabolic process",94,-0.219080713713234,-0.968393194485426,0.528650646950092,0.750966460505757,0.604738667866022,2138,"tags=26%, list=21%, signal=20%","Hk2/Src/Ppp2ca/Mfsd8/Hif1a/Ldha/Bpgm/Ddit4/Fahd1/Gpi1/Pfkfb2/Prkaa2/Pdk1/Sirt6/Eif6/Mpc1/Pdk4/Pgam1/Insr/Pdhb/Ogt/Dld/Pkm/Mpc2"
"GO:0072595","GO:0072595","maintenance of protein localization in organelle",33,-0.271954693444207,-0.955776609645548,0.529292929292929,0.751526511601488,0.605189666108129,2921,"tags=33%, list=28%, signal=24%","Sun2/Tmed2/Bbs4/Hdac3/Hk2/Akt1/Supt7l/Tspo/Park7/Skp1/Rer1"
"GO:0048015","GO:0048015","phosphatidylinositol-mediated signaling",20,0.310737246311846,0.951300597575968,0.530487804878049,0.752870280459245,0.606271777003484,1519,"tags=25%, list=15%, signal=21%","Plcl1/Plcb1/Plcg1/Pik3c2a/Pik3c2g"
"GO:0045912","GO:0045912","negative regulation of carbohydrate metabolic process",41,0.254334302023157,0.948205666015402,0.531620553359684,0.754124661366967,0.607281905523234,2007,"tags=32%, list=20%, signal=26%","Prkg1/Smpd3/Tcf7l2/Ep300/Hdac4/Slc4a1/Mtch2/Enpp1/Ppargc1a/Grb10/Gsk3b/Ncor1/Prkn"
"GO:0010660","GO:0010660","regulation of muscle cell apoptotic process",69,0.227678828907283,0.959155453174498,0.532359081419624,0.754818912822396,0.607840972701864,183,"tags=7%, list=2%, signal=7%","Cftr/Pde1a/Bcl2/Foxo1/Igf1r"
"GO:0014059","GO:0014059","regulation of dopamine secretion",25,0.286225810303408,0.943715627875909,0.532786885245902,0.75507215261697,0.608044901777362,635,"tags=12%, list=6%, signal=11%","Drd2/Syt1/Oprk1"
"GO:0035929","GO:0035929","steroid hormone secretion",22,0.299820812418482,0.944521297111448,0.533468559837728,0.755684776207722,0.60853823562602,1087,"tags=18%, list=11%, signal=16%","Ghrl/Kcnq1/Kcnk9/Bmp6"
"GO:0055078","GO:0055078","sodium ion homeostasis",22,-0.30393902375328,-0.959987180480491,0.534381139489195,0.756623762921617,0.60929438334282,1527,"tags=32%, list=15%, signal=27%","Agtr2/Ext2/Ednra/Scnn1b/Comt/Sgk1/Scnn1a"
"GO:0098930","GO:0098930","axonal transport",54,0.242650106112648,0.963519680785335,0.536144578313253,0.758681128575168,0.61095113984271,2314,"tags=30%, list=23%, signal=23%","Agbl4/Hspb1/Dlg2/Ank3/Borcs5/Sybu/Ap3d1/Bsn/Dst/Arl8a/Kif1b/Map2/Bloc1s4/Kif5c/Madd/Ap3s2"
"GO:0018345","GO:0018345","protein palmitoylation",22,-0.303429985681401,-0.958379390808254,0.536345776031434,0.758681128575168,0.61095113984271,3626,"tags=41%, list=35%, signal=26%","Zdhhc20/Zdhhc15/Zdhhc1/Hhat/Zdhhc22/Hhatl/Zdhhc7/Glul/Golga7"
"GO:0035024","GO:0035024","negative regulation of Rho protein signal transduction",20,0.308102884526843,0.943235681090899,0.536585365853659,0.758681128575168,0.61095113984271,1051,"tags=20%, list=10%, signal=18%","Arhgap42/Myoc/Met/Tns3"
"GO:0009411","GO:0009411","response to UV",100,-0.216402505118871,-0.959486320410647,0.536862003780718,0.758718223626668,0.61098101176537,1784,"tags=31%, list=17%, signal=26%","Mapk14/Mapk11/Ddb1/Usp1/Casp3/Cat/Col6a2/Trim32/Mmp1a/Ccnd1/Akt1/Xpc/Ercc3/Ro60/Msh2/Mmp2/Map3k4/Cdc25a/Ube2a/Trp53inp1/Sirt6/Hmgn1/Tipin/Msh6/Pcna/Rpl26/Brca2/Mettl3/Cirbp/Ube2b/Usf1"
"GO:0043534","GO:0043534","blood vessel endothelial cell migration",89,0.21609310631536,0.953559150125005,0.537154989384289,0.758778376612771,0.611029451793783,2626,"tags=31%, list=26%, signal=24%","Robo1/Pik3r3/Vegfc/Hspb1/Plcg1/Prkd1/Amotl1/Jcad/Akt3/Ets1/Egr3/Atp2b4/Tgfbr3/Pik3c2a/Itgb1bp1/Efnb2/Fbxw7/Map3k3/Slit2/Igf1/Hdac9/Srf/Abl1/Col18a1/Stard13/Fgf18/Prkca/Angpt2"
"GO:0031109","GO:0031109","microtubule polymerization or depolymerization",94,0.216299144289559,0.961557783934464,0.537960954446855,0.759208985549124,0.611376212785433,1903,"tags=23%, list=19%, signal=19%","Mid1/Fgf13/Nav3/Nde1/Taok1/Akap9/Cdkn1b/Arhgef7/Stmn3/Atxn7/Met/Togaram1/Ttbk2/Ccdc88c/Fbxo5/Nckap5/Pde4dip/Hdgfl3/Tbcd/Map2/Mid1ip1/Slain1"
"GO:0032609","GO:0032609","type II interferon production",44,-0.251573834656536,-0.955322875398855,0.537848605577689,0.759208985549124,0.611376212785433,2197,"tags=25%, list=21%, signal=20%","Slc7a5/C1qbp/Nras/Abl2/Fadd/Cebpg/Il12rb2/Rara/Azi2/Ufsp2/Cd226"
"GO:0051445","GO:0051445","regulation of meiotic cell cycle",26,-0.278682646108959,-0.927871339631951,0.53921568627451,0.760625479241976,0.612516887574397,1644,"tags=31%, list=16%, signal=26%","Rad51ap1/Aspm/Fzr1/Cdc25a/Insr/Trip13/Mettl3/Ube2b"
"GO:0014909","GO:0014909","smooth muscle cell migration",82,-0.223370092789528,-0.960649966659653,0.539772727272727,0.761056939802868,0.612864334362706,2097,"tags=27%, list=20%, signal=22%","Sorl1/Src/Mmp1a/Xbp1/Ccn4/Ndrg4/Mdk/Abhd2/Nf1/Nrp1/Plat/Ssh1/Ppard/S100a11/Egr1/Has2/Park7/Dock7/Rps6kb1/Arpc5/Tmsb4x/Lrp1"
"GO:0045191","GO:0045191","regulation of isotype switching",22,-0.301795393698889,-0.953216554759265,0.540275049115914,0.76141088317266,0.613149358066432,1310,"tags=18%, list=13%, signal=16%","Msh2/Slc15a4/Mlh1/Supt6"
"GO:0061053","GO:0061053","somite development",52,0.24345384552299,0.957693787859375,0.541247484909457,0.761953018339456,0.613585928959826,2246,"tags=27%, list=22%, signal=21%","Plxna2/Lfng/Ep300/Smad3/Palb2/Rad51b/Rbbp6/Axin2/Bmpr1a/Pcdh8/Nrarp/Ttn/Wnt11/Lrp6"
"GO:0048644","GO:0048644","muscle organ morphogenesis",46,0.253160231259632,0.956397706426041,0.541414141414141,0.761953018339456,0.613585928959826,3117,"tags=41%, list=30%, signal=29%","Chd7/Prox1/Arid5b/Fzd1/Tgfbr3/Bmpr1a/Tgfb2/Rxra/Ccm2l/Ttn/Hey2/Lrp2/Lrp6/Tnnc1/Egln1/Ly6e/Fzd2/Eng/Bmp2"
"GO:0098732","GO:0098732","macromolecule deacylation",45,-0.24931054224593,-0.951466498568329,0.541338582677165,0.761953018339456,0.613585928959826,2311,"tags=31%, list=23%, signal=24%","Sirt3/Hdac3/Desi1/Tppp/Zzz3/Mapt/Kat14/Prkaa2/Sirt6/Hdac10/Desi2/Nek3/Ppt1/Abhd12"
"GO:0046364","GO:0046364","monosaccharide biosynthetic process",69,-0.232498797544916,-0.970962232853803,0.54302103250478,0.763505210435955,0.614835879030934,2899,"tags=36%, list=28%, signal=26%","Akr1b1/Mdh1/Eno1/Mtcl2/Gpt2/Dgat2/Ddb1/Eno2/Gapdh/C1qtnf12/Sesn2/Hif1a/Got1/Pgp/Clk2/Xpc/Gpi1/Chst15/Slc25a13/Pgd/Sirt6/Slc37a4/Pgam1/Ogt/Cry1"
"GO:1901136","GO:1901136","carbohydrate derivative catabolic process",160,0.199387687985885,0.967406188983047,0.542918454935622,0.763505210435955,0.614835879030934,1473,"tags=17%, list=14%, signal=15%","Pde7b/Zbtb20/Pde1a/Pde10a/Arnt/Pde8a/Aoah/Prkcd/Pde7a/Dpyd/Pde9a/Samhd1/Gpc1/Galc/Nt5c1a/Ep300/Hdac4/Slc4a1/Ogdh/Mtch2/Pfkl/Galns/Enpp1/Ppargc1a/Eno4/Edem1/Cemip"
"GO:1903555","GO:1903555","regulation of tumor necrosis factor superfamily cytokine production",82,-0.22330679413805,-0.960377737523367,0.543560606060606,0.763909386068477,0.615161353797717,1465,"tags=20%, list=14%, signal=17%","Ltf/Arg2/Cactin/Angpt1/Errfi1/Adam8/Tspo/Tnfrsf1a/Rara/Ticam1/Gpr18/Csf1r/Akap12/Gstp3/Fxr1/Arhgef2"
"GO:0042770","GO:0042770","signal transduction in response to DNA damage",128,-0.207033747785049,-0.954702208456114,0.544423440453686,0.764767280748572,0.615852199678718,2129,"tags=21%, list=21%, signal=17%","Sesn2/Ptpn11/Brcc3dc/Zmpste24/Tiprl/Ccnd1/Clspn/Xpc/Ndrg1/Msh2/Mbd4/Abraxas1/Fzr1/Dyrk3/Stk38/Tipin/Zfp830/Ndufs6/Mdm4/Pla2r1/Brca2/Cry1/Smyd2/Rint1/Syf2/Ddx5/Chek2"
"GO:0051291","GO:0051291","protein heterooligomerization",21,-0.307269630329494,-0.950056390885092,0.546906187624751,0.767757404026919,0.618260087731248,1055,"tags=19%, list=10%, signal=17%","Farsb/Cbr4/Rrm1/Mat2a"
"GO:0034063","GO:0034063","stress granule assembly",27,-0.27535116237212,-0.925628800890898,0.547058823529412,0.767757404026919,0.618260087731248,2120,"tags=30%, list=21%, signal=24%","Atg5/Ddx3x/Hif1a/Dazap2/Prkaa2/Csde1/G3bp1/Cirbp"
"GO:0010883","GO:0010883","regulation of lipid storage",27,0.277797510547647,0.931381963369519,0.548780487804878,0.769817073170732,0.619918699186992,1920,"tags=26%, list=19%, signal=21%","Abcg1/Asxl2/Srebf2/Clstn3/Srebf1/Tmem135/Fto"
"GO:0034101","GO:0034101","erythrocyte homeostasis",121,0.205018100517543,0.958933713312864,0.550321199143469,0.770527892259532,0.620491107958171,1676,"tags=21%, list=16%, signal=17%","Foxo3/Kcnq1/B2m/Rbfox2/Rcor1/Plcb1/Cdk5rap3/Adar/P4htm/Acvr2a/Mfhas1/Ypel4/Sox6/Sp3/Slc4a1/Hba-a2/Arid4a/Ets1/Brd1/Tgfbr3/Smarca4/Ldb1/Cdk6/Bbip1/Mafb"
"GO:0030856","GO:0030856","regulation of epithelial cell differentiation",89,0.214762185326733,0.9476861636682,0.549893842887473,0.770527892259532,0.620491107958171,2656,"tags=29%, list=26%, signal=22%","Foxp1/Foxp4/Spred2/Klf7/Plcb1/Ajap1/Cdkn1b/Abca12/Bmp7/Bmp6/Wnt9a/Ezh2/Tgfb2/Cdkn1c/Atoh8/Zeb1/Vcl/Add1/Hey2/Ptch2/Pax6/Dmbt1/Rock1/Cul7/Fgfr3/Kdf1"
"GO:0046677","GO:0046677","response to antibiotic",28,0.27652647665003,0.939376031731374,0.549695740365112,0.770527892259532,0.620491107958171,1278,"tags=21%, list=12%, signal=19%","Hnf4a/Ehmt1/Cdkn1b/Gria1/Ezh2/Ets1"
"GO:0044060","GO:0044060","regulation of endocrine process",31,0.266225568870333,0.938498429033968,0.55019305019305,0.770527892259532,0.620491107958171,1087,"tags=19%, list=11%, signal=17%","Ghrl/Pex5l/Oprk1/Kcnk9/Acvr2a/Bmp6"
"GO:0055008","GO:0055008","cardiac muscle tissue morphogenesis",38,0.254798752187304,0.934970263211824,0.550583657587549,0.770527892259532,0.620491107958171,2332,"tags=32%, list=23%, signal=24%","Chd7/Prox1/Tgfbr3/Bmpr1a/Tgfb2/Rxra/Ccm2l/Ttn/Hey2/Lrp2/Lrp6/Tnnc1"
"GO:0101023","GO:0101023","vascular endothelial cell proliferation",27,0.277655801111483,0.930906848914309,0.550813008130081,0.770527892259532,0.620491107958171,3212,"tags=44%, list=31%, signal=31%","Ghrl/Plcg1/Col4a3/Akt3/Nrarp/Igf1/Col18a1/Pdpk1/Adam17/Dicer1/Aldh1a2/Fgfr1"
"GO:0032368","GO:0032368","regulation of lipid transport",92,-0.219055175153566,-0.963635285401259,0.55268022181146,0.770586450599657,0.620538263849229,3002,"tags=37%, list=29%, signal=26%","Irs2/Map2k6/Runx1/Myb/Egf/Abca13/Mif/Pon1/Kdm5b/Edn1/Sec24a/Mfn2/Ptpn11/Tac1/Acsl1/Abca3/Sar1b/Akt2/Akt1/Atp5pf/Nus1/Ecrg4/Hbp1/Agtr2/Tmem97/Tspo/Arv1/Dbi/Pla2r1/Cry1/Abca5/Itgav/Scp2/Lrp1"
"GO:0051262","GO:0051262","protein tetramerization",63,-0.232570400901442,-0.95041806731706,0.552062868369352,0.770586450599657,0.620538263849229,1642,"tags=25%, list=16%, signal=21%","Aqp4/Cby1/Hprt1/Ryr1/Pex5/Dnm1/Sod2/Trpm2/Farsb/Apip/Aldh9a1/Ssbp1/Cbr4/Rrm1/Pkm/Thg1l"
"GO:0032922","GO:0032922","circadian regulation of gene expression",55,0.237161054417948,0.948263044825499,0.553319919517103,0.770586450599657,0.620538263849229,2006,"tags=29%, list=20%, signal=24%","Drd2/Zfhx3/Rai1/Npas2/Kdm2a/Per3/Rora/Ppargc1a/Bhlhe41/Kmt2a/Rorc/Lgr4/Top1/Usp2/Hnrnpu/Ncor1"
"GO:0035821","GO:0035821","modulation of process of another organism",66,-0.231641926472914,-0.948169294871236,0.551587301587302,0.770586450599657,0.620538263849229,2066,"tags=26%, list=20%, signal=21%","Fbxl2/Tfap4/Rab5a/Gsn/Napepld/Ccnt1/Fasn/Rab29/Ccnk/Ltf/Tmem41b/Smarcb1/Cdk9/Csf1r/Eef1a1/Snx3/Inpp5k"
"GO:0045814","GO:0045814","negative regulation of gene expression, epigenetic",120,-0.206839859717378,-0.947018178077016,0.553271028037383,0.770586450599657,0.620538263849229,1033,"tags=13%, list=10%, signal=12%","Dnmt1/Sirt6/Baz2a/Hells/Piwil1/Hat1/Suv39h2/Cenpv/Cbx5/Mettl3/Setdb1/Sdr16c5/Smarca5/Znfx1/H2aj/Kat8"
"GO:1990776","GO:1990776","response to angiotensin",36,0.259267493944746,0.939887927735418,0.553359683794466,0.770586450599657,0.620538263849229,1637,"tags=25%, list=16%, signal=21%","Ppp3ca/Prkcd/Prkd1/Nfkb1/Nr3c2/Smad3/Rap1gds1/Hsf1/Map3k7"
"GO:0090314","GO:0090314","positive regulation of protein targeting to membrane",25,0.282195122902391,0.930426041282059,0.55327868852459,0.770586450599657,0.620538263849229,1828,"tags=24%, list=18%, signal=20%","Mtcl1/Ank3/Fyn/Kcnb1/Cemip/Itgb1bp1"
"GO:0000245","GO:0000245","spliceosomal complex assembly",37,0.255165114806601,0.930046438864119,0.553398058252427,0.770586450599657,0.620538263849229,1323,"tags=22%, list=13%, signal=19%","Luc7l/Celf2/Rbm5/Celf5/Mbnl1/Srpk2/Ptbp2/Prpf19"
"GO:0021801","GO:0021801","cerebral cortex radial glia-guided migration",25,0.282046791367582,0.929936977115002,0.55327868852459,0.770586450599657,0.620538263849229,1591,"tags=24%, list=16%, signal=20%","Syne2/Lrp8/Dab1/Zmiz1/Dab2ip/Ulk4"
"GO:0022030","GO:0022030","telencephalon glial cell migration",25,0.282046791367582,0.929936977115002,0.55327868852459,0.770586450599657,0.620538263849229,1591,"tags=24%, list=16%, signal=20%","Syne2/Lrp8/Dab1/Zmiz1/Dab2ip/Ulk4"
"GO:0007369","GO:0007369","gastrulation",126,0.203996288965865,0.962347612764065,0.554621848739496,0.771504151227535,0.621277270295441,2631,"tags=32%, list=26%, signal=24%","Tenm4/Acvr2b/Hnf4a/Ext1/Arid1a/Gpc3/Acvr2a/Bmpr2/Tnrc6c/Smad3/Exoc4/Smad1/Bmp7/Col5a1/Rbm14/Chrd/Eya1/Bmpr1a/Ldb1/Acvr1/Nat8f5/Pofut2/Atoh8/Lrp5/Nsd1/Col12a1/Lama3/Grb2/Ahdc1/Mbp/Wnt11/Srf/Clasp2/Lrp6/Clasp1/Wls/Wnk1/Tnfaip3/Macf1/Supt20"
"GO:0032943","GO:0032943","mononuclear cell proliferation",138,0.20163994724288,0.958369254092552,0.555075593952484,0.771504151227535,0.621277270295441,2273,"tags=25%, list=22%, signal=20%","Bcl2/Igfbp2/Nck2/Ppp3ca/Prkcd/Sox11/Pawr/Rasgrp1/Rc3h1/Adk/Fyn/Tacr1/Pura/Cd276/Ptpn6/Slc4a1/Alkbh5/Slc11a1/Cd74/Atad5/Sh3rf1/Sash3/Ptprc/Mapk8ip1/Ephb2/Efnb1/Igf1/Vav3/Abl1/Ephb6/Tnfrsf21/Irf1/Mad1l1/Peli1/Nfkbiz"
"GO:0006884","GO:0006884","cell volume homeostasis",23,-0.298870966032031,-0.949572798847699,0.554455445544555,0.771504151227535,0.621277270295441,722,"tags=17%, list=7%, signal=16%","Gprc5b/Slc12a7/Aqp11/Prkg2"
"GO:0090183","GO:0090183","regulation of kidney development",20,0.304829385235987,0.933214089316766,0.554878048780488,0.771504151227535,0.621277270295441,1506,"tags=20%, list=15%, signal=17%","Ppp3ca/Sox8/Ezh2/Lgr4"
"GO:0070936","GO:0070936","protein K48-linked ubiquitination",73,-0.225651548978527,-0.946854418666813,0.555772994129158,0.7720697472984,0.621732733798051,3138,"tags=40%, list=31%, signal=28%","Rnf8/Rbx1/Spsb3/Ube2g1/Birc2/Ube2h/Rnf126/Anapc16/Anapc5/Cdc27/Tcf25/Anapc1/Anapc7/Cdc16/Trim65/Rnf6/Ube2d1/Ube2q2l/Dtx4/Kbtbd2/Ube2a/Bfar/Cdc26/Rnf146/Fbxo7/Skp1/Ube2d3/Anapc4/Ube2b"
"GO:0042398","GO:0042398","modified amino acid biosynthetic process",28,-0.270198996603558,-0.914709522710282,0.555992141453831,0.7720697472984,0.621732733798051,1476,"tags=18%, list=14%, signal=15%","Slc1a2/Atic/Gclc/Aldh9a1/Park7"
"GO:0071312","GO:0071312","cellular response to alkaloid",25,-0.284447736356114,-0.936614212249053,0.558365758754864,0.775010650035381,0.62410098550704,1909,"tags=28%, list=19%, signal=23%","Tgm2/Slc1a2/Ryr1/Tmem38a/Ccna2/Ppp1r9b/Comt"
"GO:0051591","GO:0051591","response to cAMP",51,0.242748783046948,0.949384459109959,0.558882235528942,0.775017470779265,0.624106478119276,1360,"tags=20%, list=13%, signal=17%","Cftr/Kcnq1/Itpr1/Penk/Akap9/Slc8a3/Crtc1/Igfbp5/Srebf1/Slc8a1"
"GO:0090022","GO:0090022","regulation of neutrophil chemotaxis",21,-0.305806822844958,-0.945533491574062,0.558882235528942,0.775017470779265,0.624106478119276,3561,"tags=57%, list=35%, signal=37%","Jam3/Mospd2/Thbs4/Dnm1l/Dysf/Mpp1/Edn1/Mcu/Rac1/C1qbp/Mdk/Ednra"
"GO:0033363","GO:0033363","secretory granule organization",46,0.250087926586879,0.944791044795805,0.55959595959596,0.77563251780065,0.624601763509434,1601,"tags=17%, list=16%, signal=15%","Abcg1/Rfx2/Ap1s2/Vps13b/Ap3d1/Slc35d3/Ptbp1/Hps3"
"GO:0010874","GO:0010874","regulation of cholesterol efflux",22,0.293329305348099,0.924071193501668,0.559837728194726,0.77563251780065,0.624601763509434,2034,"tags=32%, list=20%, signal=26%","Abcg1/Srebf2/Abca12/Eepd1/Naxe/Abca2/Zdhhc8"
"GO:0006801","GO:0006801","superoxide metabolic process",33,0.262186606145047,0.931846448509059,0.560157790927022,0.775721255259998,0.624673222057556,861,"tags=15%, list=8%, signal=14%","Egfr/Nox3/Prkcd/Elavl1/Sh3pxd2b"
"GO:0030195","GO:0030195","negative regulation of blood coagulation",20,-0.305208247295511,-0.933388389799581,0.56078431372549,0.775879666935267,0.624800787895067,1017,"tags=20%, list=10%, signal=18%","Plat/Anxa5/Pdgfra/Kng1"
"GO:1900047","GO:1900047","negative regulation of hemostasis",20,-0.305208247295511,-0.933388389799581,0.56078431372549,0.775879666935267,0.624800787895067,1017,"tags=20%, list=10%, signal=18%","Plat/Anxa5/Pdgfra/Kng1"
"GO:0006284","GO:0006284","base-excision repair",25,-0.283967461533773,-0.935032789137192,0.562256809338521,0.77685277350466,0.625584411667119,1943,"tags=28%, list=19%, signal=23%","Poll/Mpg/Pole/Tdg/Sirt6/Pcna/Polb"
"GO:0051647","GO:0051647","nucleus localization",33,0.260408846538995,0.925528051854252,0.562130177514793,0.77685277350466,0.625584411667119,2513,"tags=36%, list=25%, signal=28%","Syne2/Ntn1/Dmd/Ptk2/Cdc42bpa/Tlk2/Myh10/Mtor/Tacc2/Pax6/Slit1/Clmn"
"GO:0052548","GO:0052548","regulation of endopeptidase activity",28,-0.268071622879644,-0.907507686182063,0.56188605108055,0.77685277350466,0.625584411667119,104,"tags=29%, list=1%, signal=28%","Timp3/Gapdh/Reck/Bin1/Akt1/Psma3/Serpine3/Serpind1"
"GO:0042462","GO:0042462","eye photoreceptor cell development",21,0.297188251206325,0.927902321149218,0.562874251497006,0.777182065670315,0.625849584236161,2937,"tags=43%, list=29%, signal=31%","Thrb/Rpgr/Olfm3/Ush1c/Cep290/Pax6/Rpgrip1l/Dzank1/Alms1"
"GO:0061098","GO:0061098","positive regulation of protein tyrosine kinase activity",20,0.302410269850483,0.92580813480327,0.563008130081301,0.777182065670315,0.625849584236161,738,"tags=15%, list=7%, signal=14%","Epha4/Abi2/Agrn"
"GO:0016331","GO:0016331","morphogenesis of embryonic epithelium",123,0.203932239258768,0.955453676837642,0.563440860215054,0.777425230624596,0.626045400238949,2895,"tags=36%, list=28%, signal=26%","Vegfc/Plxnb2/Sox11/Arid1a/St14/Lmo4/Kdm2a/Bmp7/Hectd1/Ski/Sox8/Spint2/Wnt7b/Tgfb2/Map3k7/Celsr1/Pals1/Sulf1/Pcdh8/Ptk7/Ar/Deaf1/Lrp2/Abl1/Lrp6/Ret/Bmp5/Rdh10/Stk3/Sufu/Gatad2a/Tsc1/Brd2/Ift57/Rps7/Kdf1/Brpf1/Apaf1/Rgma/Dlc1/Mthfd1l/Tulp3/Grhl3/Luzp1"
"GO:0090398","GO:0090398","cellular senescence",69,-0.229396376809802,-0.958005893311292,0.564053537284895,0.777804694572299,0.626350975167132,1862,"tags=22%, list=18%, signal=18%","Zmpste24/Bmal1/Vash1/Ecrg4/Arg2/Nampt/Fzr1/Kras/Sirt6/Map2k1/Ndufs6/Pla2r1/Brca2/Id2/H2aj"
"GO:1904892","GO:1904892","regulation of receptor signaling pathway via STAT",54,0.238846074044053,0.948414557514842,0.56425702811245,0.777804694572299,0.626350975167132,2386,"tags=31%, list=23%, signal=24%","Hnf4a/Parp14/Dab1/Ptprt/Ep300/Socs1/Traf3ip1/Nlk/Erbb4/Inpp5f/Ptprc/Dot1l/Ephb2/Ercc6/Ggnbp2/Irf1/Ret"
"GO:1905952","GO:1905952","regulation of lipid localization",108,-0.209251734533303,-0.942478153522749,0.564485981308411,0.777804694572299,0.626350975167132,2633,"tags=31%, list=26%, signal=23%","Abca13/Mif/Pon1/Kdm5b/Edn1/Sec24a/Mfn2/Ptpn11/Tac1/Acsl1/Abca3/Sar1b/Akt2/Akt1/Atp5pf/Nus1/Ecrg4/Hbp1/Agtr2/Osbpl11/Tmem97/Pnpla2/Tspo/Arv1/Ppard/Asxl1/Dbi/Pla2r1/Cry1/Abca5/Itgav/Scp2/Lrp1"
"GO:1905515","GO:1905515","non-motile cilium assembly",58,-0.235179973014411,-0.939296132880342,0.565815324165029,0.777867709718711,0.62640172003751,2708,"tags=34%, list=26%, signal=26%","Ttc8/Bbs4/Kif3a/Cep350/Intu/Cep126/Ift52/Ift172/Bbs7/Ahi1/Tbc1d32/Cc2d2a/Mkks/Ift122/Tmem67/Spag6l/Gorab/Atmin/Mks1/Dctn1"
"GO:1903578","GO:1903578","regulation of ATP metabolic process",54,-0.235359550163285,-0.929166774911915,0.56547619047619,0.777867709718711,0.62640172003751,2031,"tags=26%, list=20%, signal=21%","Src/Ppp2ca/Atpsckmt/Hif1a/Ddit4/Prkaa2/Tspo/Sirt6/Map2k1/Eif6/Insr/Ogt/Pid1/Tmsb4x"
"GO:0032611","GO:0032611","interleukin-1 beta production",32,0.258477911199111,0.92154496669615,0.565134099616858,0.777867709718711,0.62640172003751,919,"tags=12%, list=9%, signal=11%","Ghrl/Foxp1/Hspb1/Smad3"
"GO:0032651","GO:0032651","regulation of interleukin-1 beta production",32,0.258477911199111,0.92154496669615,0.565134099616858,0.777867709718711,0.62640172003751,919,"tags=12%, list=9%, signal=11%","Ghrl/Foxp1/Hspb1/Smad3"
"GO:0010667","GO:0010667","negative regulation of cardiac muscle cell apoptotic process",25,0.278860388882723,0.919431083818809,0.565573770491803,0.777867709718711,0.62640172003751,1526,"tags=20%, list=15%, signal=17%","Bcl2/Ambra1/Qki/Sirt4/Hsf1"
"GO:0016445","GO:0016445","somatic diversification of immunoglobulins",45,0.250849534743684,0.946079111251608,0.566801619433198,0.778870252554463,0.62720904826168,2501,"tags=31%, list=24%, signal=24%","Foxp1/Nhej1/Samhd1/Shld2/Ezh2/Kmt5b/Atad5/Ptprc/Pms2/Sanbr/Polq/Nfkbiz/Hmces/Nbn"
"GO:0043405","GO:0043405","regulation of MAP kinase activity",105,0.207462231281582,0.948729852922217,0.567164179104478,0.779015168942233,0.627325746606947,2085,"tags=24%, list=20%, signal=19%","Epha4/Robo1/Egfr/Ntrk3/Prkcd/Tenm1/Rasgrp1/Cdk5rap3/Sash1/Tpd52l1/Smpd1/Ptpn6/Fem1a/Ezh2/Adam9/Fgd4/Map2k4/Dab2ip/Map3k7/Gba1/Ptprc/Taok3/Mapk8ip1/Ksr1/Pik3r6"
"GO:0032259","GO:0032259","methylation",147,-0.200809945909616,-0.945961217171817,0.569029850746269,0.780620300544336,0.628618327831083,3308,"tags=35%, list=32%, signal=24%","Snrpb/Pcmt1/Prdm11/Setdb2/Prdm15/Mtr/Prmt9/Trmt10c/Eef1akmt4/Armt1/Nop2/Setd2/Thada/Trmt2a/Trmt12/Ezh1/Prmt7/Eef2kmt/Etf1/Coq5/Prdm16/Thumpd2/Mrm3/Mrm2/Mettl4/Pcif1/Zcchc4/Atpsckmt/Tyms/Mettl5/Akt1/Rnmt/Gspt1/Nsun2/Eef1akmt1/Rab6a/Dnmt1/Lcmt1/Trmt44/Fam98a/Suv39h2/Dph5/Comt/Mettl3/Mettl18/Lcmt2/Smyd2/Setdb1/Bud23/Trmt13/Snrpd3"
"GO:0006829","GO:0006829","zinc ion transport",20,0.301383955571267,0.922666144589005,0.569105691056911,0.780620300544336,0.628618327831083,1416,"tags=20%, list=14%, signal=17%","Slc30a4/Slc30a3/Ap3d1/Pik3c2a"
"GO:0071577","GO:0071577","zinc ion transmembrane transport",20,0.301383955571267,0.922666144589005,0.569105691056911,0.780620300544336,0.628618327831083,1416,"tags=20%, list=14%, signal=17%","Slc30a4/Slc30a3/Ap3d1/Pik3c2a"
"GO:0048704","GO:0048704","embryonic skeletal system morphogenesis",46,0.248302272175688,0.938045136187509,0.56969696969697,0.781077745783628,0.628986699574935,2518,"tags=35%, list=25%, signal=26%","Dscaml1/Asxl2/Chst11/Sox11/Smad3/Bmp7/Eya1/Wnt9a/Tgfb2/Ndst1/Zeb1/Dync2i1/Mmp16/Gli3/Rdh10/Pcgf2"
"GO:0140353","GO:0140353","lipid export from cell",42,-0.25456840721644,-0.949844467562502,0.570281124497992,0.781171703087213,0.62906236156198,2955,"tags=40%, list=29%, signal=29%","Map2k6/Runx1/Myb/Mif/Kdm5b/Edn1/Mfn2/Ptpn11/Tac1/Sar1b/Atp5pf/Ecrg4/Agtr2/Abcc4/Tspo/Inhba/Cry1"
"GO:0050918","GO:0050918","positive chemotaxis",31,-0.269456323830356,-0.925264238450843,0.570247933884298,0.781171703087213,0.62906236156198,1231,"tags=29%, list=12%, signal=26%","Hgf/Cxcl12/Akt2/Angpt1/Nrp1/Hmgb2/Tsc2/Kdr/Lrp1"
"GO:0051293","GO:0051293","establishment of spindle localization",39,-0.26116702326014,-0.949663585661614,0.570833333333333,0.781574785359241,0.629386955866847,640,"tags=13%, list=6%, signal=12%","Mcph1/Spry1/Dctn1/Ubxn2b/Arhgef2"
"GO:0010927","GO:0010927","cellular component assembly involved in morphogenesis",87,0.215658235331364,0.944420933341446,0.571428571428571,0.781683327958723,0.629474363108675,2439,"tags=29%, list=24%, signal=22%","Tenm4/Fhod3/Prox1/Nfasc/Rfx2/Gpc1/Prkd1/Nebl/Ep300/Vps13b/Akap13/Ldb3/Pals1/Abca2/Mobp/Ttn/Myh10/Srf/Mtmr2/Clasp2/Pmp22/Poc1b/Fig4/Clasp1/Fsip1"
"GO:0032989","GO:0032989","cellular anatomical entity morphogenesis",87,0.215658235331364,0.944420933341446,0.571428571428571,0.781683327958723,0.629474363108675,2439,"tags=29%, list=24%, signal=22%","Tenm4/Fhod3/Prox1/Nfasc/Rfx2/Gpc1/Prkd1/Nebl/Ep300/Vps13b/Akap13/Ldb3/Pals1/Abca2/Mobp/Ttn/Myh10/Srf/Mtmr2/Clasp2/Pmp22/Poc1b/Fig4/Clasp1/Fsip1"
"GO:0015807","GO:0015807","L-amino acid transport",58,-0.234804888552677,-0.937798065762235,0.571709233791749,0.781714340428248,0.62949933684651,3584,"tags=47%, list=35%, signal=30%","Slc7a6/Slc38a2/Slc17a6/Agt/Llgl2/Per2/Slc7a9/Slc38a6/Slc36a4/Arl6ip5/Itgb1/Psen1/Slc38a3/Slc25a29/Arhgef11/Slc7a5/Cln8/Dtnbp1/Slc36a1/Slc1a2/Arg2/Nf1/Slc25a13/Slc15a4/Arl6ip1/Slc25a22/Slc6a17"
"GO:0009615","GO:0009615","response to virus",182,-0.195993096771686,-0.953099356555533,0.57380073800738,0.781751904749263,0.629529586662773,2679,"tags=32%, list=26%, signal=24%","Ifnar2/Casp1/Mapk14/Mapk11/Trim26/Usp20/Dus2/Aup1/Acod1/Cnot7/Abcc9/Tomm70a/Bnip3l/C1qbp/Trim32/Atg5/Ddx3x/Hif1a/Zmpste24/Map3k14/Hcfc2/Ddit4/Fadd/Trim13/Trim65/Phb2/Eif2ak2/Riok3/Traf6/Akap1/Ndufaf4/Senp7/Stmn1/2410002F23Rik/Ddx21/G3bp1/Ddx41/Rnf26rt/Ticam1/Usp44/Dhx15/Chmp3/Abcf3/Tbk1/Arf1/Odc1/Il17ra/Ddx1/Rps15a/Ddx60/Psma2/Itgax/Polr3h/Smarca5/Pcbp2/Elmod2/Znfx1/Bnip3"
"GO:0035088","GO:0035088","establishment or maintenance of apical/basal cell polarity",38,-0.260835558952985,-0.947797328891136,0.573770491803279,0.781751904749263,0.629529586662773,1351,"tags=26%, list=13%, signal=23%","Ift20/Dlg5/Nherf1/Msn/Fscn1/Foxj1/Spag6l/Ophn1/Arf4/Wdr1"
"GO:0061245","GO:0061245","establishment or maintenance of bipolar cell polarity",38,-0.260835558952985,-0.947797328891136,0.573770491803279,0.781751904749263,0.629529586662773,1351,"tags=26%, list=13%, signal=23%","Ift20/Dlg5/Nherf1/Msn/Fscn1/Foxj1/Spag6l/Ophn1/Arf4/Wdr1"
"GO:0019432","GO:0019432","triglyceride biosynthetic process",28,0.272296303940403,0.925005896539809,0.572008113590264,0.781751904749263,0.629529586662773,2850,"tags=32%, list=28%, signal=23%","Agmo/Tcf7l2/Gpat3/Srebf1/Mfsd2a/Agpat2/Slc27a1/Acsl4/Pck2"
"GO:0006346","GO:0006346","DNA methylation-dependent constitutive heterochromatin formation",20,-0.302234425983727,-0.924293844320049,0.572549019607843,0.781751904749263,0.629529586662773,1033,"tags=25%, list=10%, signal=23%","Dnmt1/Baz2a/Hells/Setdb1/Smarca5"
"GO:0006695","GO:0006695","cholesterol biosynthetic process",41,0.246692836038204,0.919716857050356,0.573122529644269,0.781751904749263,0.629529586662773,1707,"tags=20%, list=17%, signal=16%","Cftr/Abcg1/Srebf2/Lpcat3/Qki/Srebf1/Scap/Gnai1"
"GO:1902653","GO:1902653","secondary alcohol biosynthetic process",41,0.246692836038204,0.919716857050356,0.573122529644269,0.781751904749263,0.629529586662773,1707,"tags=20%, list=17%, signal=16%","Cftr/Abcg1/Srebf2/Lpcat3/Qki/Srebf1/Scap/Gnai1"
"GO:2000378","GO:2000378","negative regulation of reactive oxygen species metabolic process",28,-0.266454626528258,-0.902033639352159,0.573673870333988,0.781751904749263,0.629529586662773,2438,"tags=36%, list=24%, signal=27%","Vdac1/Cflar/Sirt3/Mfn2/Hk2/Hif1a/Akt1/Pax2/Hbp1/Park7"
"GO:0002443","GO:0002443","leukocyte mediated immunity",164,0.196306823155654,0.956959611998555,0.576595744680851,0.783416256708408,0.630869856887299,2541,"tags=28%, list=25%, signal=21%","Tap1/Irf7/Cadm1/B2m/Tap2/Prkcd/Rasgrp1/Pcyox1l/C8b/Ctsh/Dennd1b/Serping1/Ptpn6/Shld2/Fcrlb/Enpp1/Fbxo38/Dusp22/Ndst2/Card9/Bcr/Slc11a1/Cd74/Kmt5b/Atad5/Map3k7/Susd4/Sash3/Gba1/Chga/Ptprc/Pms2/Sanbr/Pik3r6/Grb2/Jagn1/Ephb6/Nfkbiz/Dao/Crhr1/Gfus/Hmces/Rac2/Nbn/Ctsc/Dhx36"
"GO:0006278","GO:0006278","RNA-templated DNA biosynthetic process",43,-0.251389049702201,-0.950599877605735,0.577075098814229,0.783416256708408,0.630869856887299,2031,"tags=37%, list=20%, signal=30%","Ctnnb1/Mapk15/Gar1/Tcp1/Cct4/Src/Tnks/Exosc10/Nat10/Ten1/Cct2/Map3k4/Prkcq/Ctc1/Cct8/Ptges3"
"GO:0007004","GO:0007004","telomere maintenance via telomerase",43,-0.251389049702201,-0.950599877605735,0.577075098814229,0.783416256708408,0.630869856887299,2031,"tags=37%, list=20%, signal=30%","Ctnnb1/Mapk15/Gar1/Tcp1/Cct4/Src/Tnks/Exosc10/Nat10/Ten1/Cct2/Map3k4/Prkcq/Ctc1/Cct8/Ptges3"
"GO:0045995","GO:0045995","regulation of embryonic development",63,0.228651787250866,0.949019514230546,0.578093306288032,0.783416256708408,0.630869856887299,859,"tags=11%, list=8%, signal=10%","Tenm4/Hnf4a/Ehmt1/Ino80/Plcb1/Lama1/Ino80d"
"GO:0051170","GO:0051170","import into nucleus",135,-0.202588536618181,-0.948605964183849,0.577981651376147,0.783416256708408,0.630869856887299,2342,"tags=32%, list=23%, signal=25%","Ipo7/Mapk14/Ipo5/Nup54/Nup88/Appl1/Hspa8/Ing1/Hdac3/Sumo1/Lrrk2/Nup98/Xbp1/Rab23/Bmal1/Akt1/Phb2/Agtr2/Ufm1/Jup/Nutf2/Ran/Akap1/Ppp3r1/Kpna6/Nup107/Ipo8/Nf1/Bag3/Rbm22/Angpt1/Prkcq/Nolc1/Tsc2/Sirt6/Tnfrsf1a/Nup214/Nup35/Sec13/Hikeshi/Ddx5/Nup133/Abra"
"GO:0045807","GO:0045807","positive regulation of endocytosis",114,-0.206422416677399,-0.941354317969989,0.577067669172932,0.783416256708408,0.630869856887299,2895,"tags=35%, list=28%, signal=25%","Cd151/Dnm1l/Itgb1/Egf/Kif3a/Wasl/Abca13/Abr/Sgip1/Atad1/Ckap5/Nsf/Appl1/Snap91/Hspa8/Sh3gl1/Lrrk2/Synj2bp/Bin1/Dtnbp1/Ahi1/Ap2m1/Sod1/Cbll1/Dnm1/Angpt1/Synj1/Eef2k/Tor1a/Ap2b1/Arf1/Insr/Vps28/Pick1/Ankfy1/Arrb1/Ppt1/Rab21/Actn4/Lrp1"
"GO:0034698","GO:0034698","response to gonadotropin",22,-0.296853623757846,-0.937608043112088,0.575638506876228,0.783416256708408,0.630869856887299,1426,"tags=32%, list=14%, signal=27%","Asns/Ednra/Gclc/Lhcgr/Ccna2/Inhba/Itga3"
"GO:0043247","GO:0043247","telomere maintenance in response to DNA damage",22,-0.296655042502198,-0.936980826977247,0.577603143418468,0.783416256708408,0.630869856887299,1653,"tags=23%, list=16%, signal=19%","Actr8/Nfrkb/Ruvbl1/Terf2ip/Uchl5"
"GO:0048278","GO:0048278","vesicle docking",48,-0.242630651411781,-0.93652082804554,0.57684630738523,0.783416256708408,0.630869856887299,1346,"tags=25%, list=13%, signal=22%","Stx2/Stx16/Ndrg4/Stx1a/Stx6/Exoc1/Stx7/Rab8a/Stx19/Stx3/Vps18/Vps11"
"GO:1900542","GO:1900542","regulation of purine nucleotide metabolic process",58,-0.233711271310065,-0.933430217455808,0.577603143418468,0.783416256708408,0.630869856887299,2031,"tags=26%, list=20%, signal=21%","Src/Ppp2ca/Atpsckmt/Hif1a/Ddit4/Adora2b/Prkaa2/Tspo/Sirt6/Map2k1/Eif6/Insr/Ogt/Pid1/Tmsb4x"
"GO:0019692","GO:0019692","deoxyribose phosphate metabolic process",30,0.262853004357072,0.912918780201973,0.578125,0.783416256708408,0.630869856887299,854,"tags=20%, list=8%, signal=18%","Dpyd/Samhd1/Adk/Nt5c1a/Cmpk2/Guk1"
"GO:0009394","GO:0009394","2'-deoxyribonucleotide metabolic process",29,0.266908094175678,0.912419786654747,0.575697211155379,0.783416256708408,0.630869856887299,854,"tags=21%, list=8%, signal=19%","Dpyd/Samhd1/Adk/Nt5c1a/Cmpk2/Guk1"
"GO:0021895","GO:0021895","cerebral cortex neuron differentiation",30,0.262679545349563,0.91231633707625,0.580078125,0.785711541685293,0.632718205185516,1326,"tags=23%, list=13%, signal=20%","Drd2/Cntn2/Kcnq2/Drd1/Nkx2-1/Gdpd5/Tox"
"GO:1990830","GO:1990830","cellular response to leukemia inhibitory factor",95,-0.215249865450339,-0.952618687577722,0.580705009276438,0.786209194864882,0.633118955600763,2584,"tags=29%, list=25%, signal=22%","Kdm5b/B3gnt2/Pmm1/Nfyb/Spry2/Nol8/Hk2/Nr5a2/Eif4a2/Xbp1/Mybl2/Sstr1/Rnmt/Chchd4/Nrp2/Cacybp/Pcolce2/Ubxn2a/Ubtf/Mpc1/Hells/Nup35/Mynn/Rps16/Smarca5/Mrpl15/Mcf2/Mat2a"
"GO:0032436","GO:0032436","positive regulation of proteasomal ubiquitin-dependent protein catabolic process",58,-0.233205315967566,-0.931409459095614,0.581532416502947,0.786977767755216,0.633737872383739,2957,"tags=34%, list=29%, signal=25%","Trib1/Chfr/Psen1/Aurka/Mapk8/Zfand2a/Sumo1/Lrrk2/Zer1/Pabir1/Bbs7/Akt1/Usp5/Gclc/Fzr1/Sirt6/Csnk1e/Stub1/Zyg11b/Paqr3"
"GO:0002700","GO:0002700","regulation of production of molecular mediator of immune response",92,-0.216524072414285,-0.952500830765172,0.582255083179298,0.787603974121996,0.634242144177449,1572,"tags=18%, list=15%, signal=16%","Phb2/Gpi1/Dnajb9/Traf6/Msh2/Rabgef1/Angpt1/Slc15a4/Ddx21/Mlh1/Clnk/Gprc5b/Ticam1/Supt6/Ddx1/Kit/Cd226"
"GO:0001707","GO:0001707","mesoderm formation",41,0.245030996704121,0.913521210375686,0.58300395256917,0.787913459538173,0.634491366756813,2158,"tags=32%, list=21%, signal=25%","Bmpr2/Smad3/Exoc4/Smad1/Bmp7/Chrd/Eya1/Bmpr1a/Acvr1/Pofut2/Ahdc1/Wnt11/Srf"
"GO:0046466","GO:0046466","membrane lipid catabolic process",24,0.281223547175603,0.912161583733252,0.582822085889571,0.787913459538173,0.634491366756813,1825,"tags=33%, list=18%, signal=27%","Smpd3/Prkcd/Smpdl3b/Galc/Smpd1/Hexa/Gba1/Glb1"
"GO:0002702","GO:0002702","positive regulation of production of molecular mediator of immune response",68,-0.228519846570167,-0.942734934701852,0.58695652173913,0.788747726489023,0.63516318568753,1572,"tags=19%, list=15%, signal=16%","Phb2/Gpi1/Dnajb9/Traf6/Msh2/Ddx21/Mlh1/Clnk/Gprc5b/Ticam1/Ddx1/Kit/Cd226"
"GO:0034341","GO:0034341","response to type II interferon",69,0.223494858323761,0.941529404145839,0.58455114822547,0.788747726489023,0.63516318568753,3329,"tags=38%, list=32%, signal=26%","Atl2/Parp14/Irf8/Myo18a/Stxbp4/Slc11a1/Cd74/Rab12/Rab11fip5/Stx8/Syncrip/Epsti1/Kynu/Irf1/Gbp9/Zyx/Calcoco2/Cd47/Stxbp1/Vps26b/Rab20/Dnaja3/Kif5b/Slc22a21/Rab7b/Snca"
"GO:0050873","GO:0050873","brown fat cell differentiation",39,-0.258594759114863,-0.940310239435205,0.5875,0.788747726489023,0.63516318568753,1916,"tags=23%, list=19%, signal=19%","Lama4/Napepld/Itga6/Arl4a/Rgs2/Nudt7/Bnip3/Dio2/Aldh6a1"
"GO:0035082","GO:0035082","axoneme assembly",76,-0.220161894136945,-0.938515719538839,0.587786259541985,0.788747726489023,0.63516318568753,1837,"tags=22%, list=18%, signal=18%","Dnai3/Stk36/Rsph1/Daw1/Tpgs1/Tbc1d32/Dnaaf6/Cc2d2a/Spag16/Cfap69/Foxj1/Spag6l/Dnah8/Ttll1/Dnah17/Ak7/Ube2b"
"GO:1902373","GO:1902373","negative regulation of mRNA catabolic process",55,0.234091439203348,0.935989517551034,0.587525150905433,0.788747726489023,0.63516318568753,3302,"tags=47%, list=32%, signal=32%","Rbm38/Igf2bp3/Elavl1/Qki/Boll/Hnrnpd/Tent4a/Rbm24/Axin2/Ptbp1/Slc11a1/Thrap3/Syncrip/Tardbp/Hnrnpu/Mtor/Tent5a/Igf2bp1/Larp4b/Ybx1/Dicer1/Taf15/Tirap/Myd88/Nrde2/Vegfa"
"GO:0048041","GO:0048041","focal adhesion assembly",70,0.221091470673645,0.933836985479139,0.58455114822547,0.788747726489023,0.63516318568753,2810,"tags=37%, list=27%, signal=27%","Arhgap6/Bcl2/Epha3/Ptpra/Myoc/Peak1/Smad3/Map4k4/Ptk2/Dusp22/Ldb1/Bcr/Whamm/Tesk2/Vcl/Itgb1bp1/Ptprk/Abl1/Clasp2/Clasp1/Tsc1/Rock1/Macf1/Dlc1/Lims1/Ptprj"
"GO:0019369","GO:0019369","arachidonate metabolic process",22,-0.29433635408614,-0.929657281854752,0.585461689587426,0.788747726489023,0.63516318568753,3388,"tags=59%, list=33%, signal=40%","Sco1/Mgll/Pla2g4a/Cthrc1/Cyp2d22/Gpx1/Cyp1b1/Alox5/Fads1/Gpx4/Pnpla8/Mgst3/Ptgs1"
"GO:0006921","GO:0006921","cellular component disassembly involved in execution phase of apoptosis",21,-0.29883435582115,-0.923975107007709,0.586826347305389,0.788747726489023,0.63516318568753,1694,"tags=29%, list=17%, signal=24%","Acin1/Dffa/Exog/Endog/Sharpin/Bok"
"GO:0021799","GO:0021799","cerebral cortex radially oriented cell migration",36,0.254558318349515,0.922816380414924,0.58695652173913,0.788747726489023,0.63516318568753,795,"tags=17%, list=8%, signal=15%","Pou3f2/Syne2/Lrp8/Dab1/Ccdc141/Zmiz1"
"GO:0003094","GO:0003094","glomerular filtration",21,-0.297309735629786,-0.919261087093261,0.586826347305389,0.788747726489023,0.63516318568753,2338,"tags=43%, list=23%, signal=33%","Xpnpep3/Edn1/Rhpn1/Tbc1d8b/Mcam/Ednra/Tmem63c/Myo1e/Coro2b"
"GO:0090303","GO:0090303","positive regulation of wound healing",30,-0.267717319798142,-0.916801865698587,0.585714285714286,0.788747726489023,0.63516318568753,2639,"tags=43%, list=26%, signal=32%","Itgb1/Nfe2l2/Dmtn/Cxcr4/Hif1a/Xbp1/Ccn4/Adra2a/Tmem97/Plat/Mylk/Emilin2/Vwf"
"GO:0046637","GO:0046637","regulation of alpha-beta T cell differentiation",31,0.259657020831391,0.915342982163334,0.586872586872587,0.788747726489023,0.63516318568753,2273,"tags=32%, list=22%, signal=25%","Rc3h1/Ep300/Socs1/Ap3d1/Itpkb/Sh3rf1/Sash3/Irf1/Gli3/Nfkbiz"
"GO:0035272","GO:0035272","exocrine system development",38,0.249264573343405,0.91466289276388,0.585603112840467,0.788747726489023,0.63516318568753,2423,"tags=32%, list=24%, signal=24%","Egfr/Igf1r/Sema3a/Lama1/Met/Bmp7/Tgfb2/Plxna1/Igsf3/Igf1/Pax6/Wls"
"GO:0035020","GO:0035020","regulation of Rac protein signal transduction",23,0.284142685811355,0.913248864406762,0.585513078470825,0.788747726489023,0.63516318568753,1051,"tags=22%, list=10%, signal=20%","Auts2/Agrn/Stmn3/Arf6/Tns3"
"GO:0048713","GO:0048713","regulation of oligodendrocyte differentiation",38,0.248823359957364,0.91304388406726,0.587548638132296,0.788747726489023,0.63516318568753,2194,"tags=32%, list=21%, signal=25%","Tenm4/Ptpra/Tcf7l2/Qki/Sirt2/Sox1/Ptprz1/Lingo1/Daam2/Mtor/Aspa/Tnfrsf21"
"GO:0043403","GO:0043403","skeletal muscle tissue regeneration",29,0.265385754995366,0.907215701726538,0.585657370517928,0.788747726489023,0.63516318568753,1790,"tags=31%, list=17%, signal=26%","Wnt7a/Klf5/Dmd/Ptgfrn/Ezh2/Large1/Bcl9/Fkrp/Mcub"
"GO:0045879","GO:0045879","negative regulation of smoothened signaling pathway",31,0.259220590195246,0.913804476796843,0.588803088803089,0.789762443148897,0.635980317255218,2843,"tags=42%, list=28%, signal=30%","Gpc3/Mosmo/Traf3ip1/Enpp1/Wnt7b/Gli3/Ptch2/Mgrn1/Sufu/Ulk3/Fgfr3/Gpr37l1/Tulp3"
"GO:0060563","GO:0060563","neuroepithelial cell differentiation",31,0.258914662532617,0.912726020538888,0.590733590733591,0.792001230054327,0.63778316875662,2256,"tags=29%, list=22%, signal=23%","Sox11/Pou3f2/Kdm2a/Fam20c/Sox4/Cdh2/Wnt11/Abl1/Afdn"
"GO:2000241","GO:2000241","regulation of reproductive process",106,-0.207247367232217,-0.934265596459666,0.591417910447761,0.792506367104526,0.638189945787143,1400,"tags=21%, list=14%, signal=18%","Ago2/Pde5a/Sod1/Fzr1/Cfap69/Cdc25a/Plat/BC005624/Inhba/Arhgdib/Ccdc87/Anxa5/Hpgds/Kif9/Insr/Park7/Trip13/Mettl3/Pkdrej/Kit/Acvr1b/Ube2b"
"GO:0015914","GO:0015914","phospholipid transport",67,0.221232304975083,0.931676643525233,0.591633466135458,0.792506367104526,0.638189945787143,1477,"tags=21%, list=14%, signal=18%","Abcg1/Xkr6/Atp9a/Ano6/Xkr4/Tmem30c/Trpc5/Abca12/Plscr1/Slc4a1/Ano3/Osbpl5/Mfsd2a/Pitpnm1"
"GO:0019400","GO:0019400","alditol metabolic process",20,-0.297980323288946,-0.911283940100521,0.592156862745098,0.792856957188532,0.638472269155121,3189,"tags=45%, list=31%, signal=31%","Coq2/Akr1b1/Dysf/Dgat2/Gk5/Angptl3/Got1/Pgp/Myof"
"GO:0035329","GO:0035329","hippo signaling",43,0.249087514251192,0.930141730669308,0.592741935483871,0.7932897811467,0.638820813860709,1842,"tags=26%, list=18%, signal=21%","Sox11/Mark3/Coro7/Amotl1/Map4k4/Tead1/Lats1/Mob1b/Shank2/Wtip/Vgll4"
"GO:0000302","GO:0000302","response to reactive oxygen species",145,-0.199638771538005,-0.938115395196121,0.593632958801498,0.793781052589823,0.639216425187844,2343,"tags=30%, list=23%, signal=24%","Romo1/Edn1/Abcc9/Hspa8/Adprs/Hgf/Trpa1/Sesn2/Lrrk2/Fkbp1b/Prdx1/Src/Hif1a/mt-Nd6/Col1a1/Nudt15/Ppif/Akt1/Stk25/Prdx3/Ednra/Map1lc3a/Mmp2/Pex5/Sod1/Sod2/Trpm2/Cygb/Sirt6/Oser1/Rhob/Pcna/Rlig1/Endog/Rnf146/Park7/Plekha1/Sesn1/Net1/Ppp2cb/Pdgfra/Pex10/Fos/Bnip3"
"GO:0090049","GO:0090049","regulation of cell migration involved in sprouting angiogenesis",27,0.268731925665801,0.900987442447783,0.59349593495935,0.793781052589823,0.639216425187844,2391,"tags=37%, list=23%, signal=28%","Jcad/Akt3/Tgfbr3/Pik3c2a/Itgb1bp1/Fbxw7/Map3k3/Hdac9/Abl1/Stard13"
"GO:0010453","GO:0010453","regulation of cell fate commitment",22,0.287997672573973,0.907275025607524,0.594320486815416,0.793999592174034,0.639392410859618,3418,"tags=55%, list=33%, signal=36%","Lmo4/Ep300/Mta3/Bmpr1a/Pax6/Gatad2a/Brd2/Glis1/Chd4/Fgfr1/Mta1/Sfrp2"
"GO:0090075","GO:0090075","relaxation of muscle",27,-0.268636862811411,-0.903057808280369,0.594117647058824,0.793999592174034,0.639392410859618,1760,"tags=33%, list=17%, signal=28%","Gsn/Irag1/Pik3ca/P2rx4/Pde5a/Sod1/Adora2b/Rgs2/Kbtbd13"
"GO:0006473","GO:0006473","protein acetylation",43,-0.248380288432694,-0.939222579756341,0.594861660079051,0.794022392087897,0.639410771186293,2854,"tags=35%, list=28%, signal=25%","Fam161a/Kif3a/Esco1/Sirt3/Ddx3x/Xbp1/Dip2b/Bmal1/Nat10/Gtf2b/Prkaa2/Esco2/Bloc1s1/Park7/Naa20"
"GO:0170039","GO:0170039","proteinogenic amino acid metabolic process",105,-0.208156796797738,-0.933834612008814,0.594746716697936,0.794022392087897,0.639410771186293,1426,"tags=18%, list=14%, signal=16%","Asns/Arg2/Got2/Gclc/Asnsd1/Mccc1/Aadat/Pycr1/Apip/Aldh5a1/Adi1/Nit2/Azin1/Oat/Glul/Nos1/Odc1/Dlst/Ppat"
"GO:0060259","GO:0060259","regulation of feeding behavior",27,0.268501685448514,0.900215507576224,0.595528455284553,0.794562404012415,0.639845632274024,2376,"tags=33%, list=23%, signal=26%","Ghrl/Slc24a4/Oprk1/Drd1/Cnr1/Fto/Crhr2/Mtor/Crhr1"
"GO:1901797","GO:1901797","negative regulation of signal transduction by p53 class mediator",27,-0.26847233614043,-0.902504730443827,0.596078431372549,0.794946147473074,0.64015465341066,1233,"tags=15%, list=12%, signal=13%","Rrn3/Dyrk3/Mdm4/Rrm2b"
"GO:0046488","GO:0046488","phosphatidylinositol metabolic process",117,-0.204108268886793,-0.93355727875996,0.596622889305816,0.795259002784528,0.640406589701072,1151,"tags=15%, list=11%, signal=13%","Synj1/Inpp4b/Pigp/Impa1/Pgap1/Pigb/Ocrl/Htr2b/Mtmr9/Mtmr10/Mtmr6/Smg1/Pik3c2b/Pip4k2b/Pik3cd/Pip5k1c/Inpp5k"
"GO:0006984","GO:0006984","ER-nucleus signaling pathway",36,0.252510033735626,0.915391006906394,0.596837944664032,0.795259002784528,0.640406589701072,2057,"tags=25%, list=20%, signal=20%","Wfs1/Nck2/Srebf2/Akt3/Srebf1/Scap/Atad3a/Gsk3b/Eif2ak3"
"GO:0001894","GO:0001894","tissue homeostasis",173,0.193852600925566,0.944327403882398,0.599147121535181,0.795463695472754,0.640571424737135,2512,"tags=30%, list=25%, signal=23%","Ush2a/Bcl2/Ank/Egfr/Ext1/Cracd/Htr4/Ppargc1b/Rpa1/Ccdc66/Adora2a/Tpp1/Vps13b/Akt3/Tns3/Col14a1/Ubash3b/Gigyf2/Elp6/Ush1c/Enpp1/Brinp1/Adrb2/Whrn/Mfsd2a/Ldb1/Kmt2a/Sash3/Adora1/Ldb2/Ankrd11/Add1/Plekhm1/Cep290/Mbp/Epsti1/Srf/Ercc6/Snx10/Lrp6/Bbs2/Nfkbiz/Poc1b/Fshr/Nanos1/Tjp1/Nox4/Fsip1/Clcn3/Rac2/Cib2/Map1a"
"GO:0060249","GO:0060249","anatomical structure homeostasis",173,0.193852600925566,0.944327403882398,0.599147121535181,0.795463695472754,0.640571424737135,2512,"tags=30%, list=25%, signal=23%","Ush2a/Bcl2/Ank/Egfr/Ext1/Cracd/Htr4/Ppargc1b/Rpa1/Ccdc66/Adora2a/Tpp1/Vps13b/Akt3/Tns3/Col14a1/Ubash3b/Gigyf2/Elp6/Ush1c/Enpp1/Brinp1/Adrb2/Whrn/Mfsd2a/Ldb1/Kmt2a/Sash3/Adora1/Ldb2/Ankrd11/Add1/Plekhm1/Cep290/Mbp/Epsti1/Srf/Ercc6/Snx10/Lrp6/Bbs2/Nfkbiz/Poc1b/Fshr/Nanos1/Tjp1/Nox4/Fsip1/Clcn3/Rac2/Cib2/Map1a"
"GO:0030239","GO:0030239","myofibril assembly",41,-0.252579972475683,-0.939445325794333,0.598790322580645,0.795463695472754,0.640571424737135,2338,"tags=37%, list=23%, signal=28%","Edn1/Cflar/Tnnt3/Mfn2/Myom1/Mypn/Casq1/Cfl2/Prkar1a/Csrp2/Myh6/Wdr1/Myh11/Klhl41/Pdgfra"
"GO:0044839","GO:0044839","cell cycle G2/M phase transition",115,-0.204603876724704,-0.935150896541425,0.597722960151803,0.795463695472754,0.640571424737135,1526,"tags=20%, list=15%, signal=17%","Fbxl15/Hspa2/Calm2/Mbd4/Abraxas1/Fzr1/Kat14/Prkcq/Zfyve19/Dyrk3/Cdc25a/Ccna2/Ube2a/Miip/Vps4b/Ctc1/Nabp2/Zfp830/Rrm1/Rrm2b/Rint1/Syf2/Chek2"
"GO:0033273","GO:0033273","response to vitamin",52,0.236570307882851,0.930615467439765,0.599597585513079,0.795463695472754,0.640571424737135,2273,"tags=31%, list=22%, signal=24%","Egfr/Mn1/Trim25/Tnc/mt-Cytb/Pemt/Penk/Bmp7/Enpp1/Scap/Rxra/Hlcs/Gas6/Kynu/Lrp6/Nfkbiz"
"GO:0035136","GO:0035136","forelimb morphogenesis",23,0.281883164766646,0.905986650275536,0.597585513078471,0.795463695472754,0.640571424737135,1344,"tags=22%, list=13%, signal=19%","Wnt7a/Cacna1c/Zbtb16/Wnt9a/Enpp1"
"GO:0098885","GO:0098885","modification of postsynaptic actin cytoskeleton",24,0.278486495389159,0.903283829656976,0.59918200408998,0.795463695472754,0.640571424737135,2627,"tags=42%, list=26%, signal=31%","Kalrn/Ctnna2/Cap2/Itpka/Ptk2/Prmt8/Tiam1/Myh10/Itsn1/Cabp1"
"GO:0002067","GO:0002067","glandular epithelial cell differentiation",23,0.280780045130743,0.902441168357123,0.599597585513079,0.795463695472754,0.640571424737135,518,"tags=13%, list=5%, signal=12%","Ext1/Prox1/Wdr77"
"GO:0010828","GO:0010828","positive regulation of D-glucose transmembrane transport",32,0.252860176907158,0.901516196202881,0.599616858237548,0.795463695472754,0.640571424737135,1191,"tags=19%, list=12%, signal=17%","Prkcd/Capn10/Rhoq/Gpc3/Met/Erbb4"
"GO:0006904","GO:0006904","vesicle docking involved in exocytosis",32,0.252593225168984,0.900564439708397,0.599616858237548,0.795463695472754,0.640571424737135,1733,"tags=22%, list=17%, signal=18%","Cftr/Unc13c/Exoc4/Rims3/Kcnb1/Ctbp2/Sytl2"
"GO:0002377","GO:0002377","immunoglobulin production",69,-0.223920415738643,-0.935137166914347,0.60038240917782,0.795813302241885,0.640852956260792,1572,"tags=19%, list=15%, signal=16%","Phb2/Gpi1/Dnajb9/Traf6/Msh2/Itm2a/Slc15a4/Mlh1/Msh6/Supt6/Mcm3ap/Fam210b/Polb"
"GO:2000351","GO:2000351","regulation of endothelial cell apoptotic process",28,0.266913019968271,0.906718577377152,0.600405679513185,0.795813302241885,0.640852956260792,603,"tags=14%, list=6%, signal=13%","Foxo3/Ano6/Pak4/Plcg1"
"GO:1901524","GO:1901524","regulation of mitophagy",31,-0.265348527953547,-0.911158811012222,0.601239669421488,0.796570266002233,0.641462524437442,2884,"tags=39%, list=28%, signal=28%","Dnm1l/Rnf41/Vdac1/Parl/Bnip3l/Hk2/Usp30/Ube2a/Tspo/Stub1/Fbxo7/Cttn"
"GO:0009308","GO:0009308","amine metabolic process",69,-0.223794278121333,-0.93461039058757,0.602294455066922,0.797329715726625,0.64207409451253,1918,"tags=26%, list=19%, signal=21%","Epas1/Aldh2/Oaz2/Maoa/Napepld/Hprt1/Agtr2/Ednra/Tph2/Sat1/Azin1/Park7/Hdac10/Odc1/Comt/Sms/Amd1/Vps35"
"GO:2000191","GO:2000191","regulation of fatty acid transport",24,-0.282710821956786,-0.919292962358648,0.60233918128655,0.797329715726625,0.64207409451253,3002,"tags=42%, list=29%, signal=30%","Irs2/Map2k6/Mif/Edn1/Acsl1/Akt2/Akt1/Atp5pf/Agtr2/Pla2r1"
"GO:0019319","GO:0019319","hexose biosynthetic process",65,-0.22628174933685,-0.926829501548031,0.603921568627451,0.79907526329309,0.643479749978594,2899,"tags=37%, list=28%, signal=27%","Akr1b1/Mdh1/Eno1/Mtcl2/Gpt2/Dgat2/Ddb1/Eno2/Gapdh/C1qtnf12/Sesn2/Hif1a/Got1/Pgp/Clk2/Xpc/Gpi1/Chst15/Slc25a13/Sirt6/Slc37a4/Pgam1/Ogt/Cry1"
"GO:0051648","GO:0051648","vesicle localization",177,0.192486290260878,0.941517268762489,0.605150214592275,0.800351440512699,0.644507430643889,2223,"tags=23%, list=22%, signal=18%","Syt10/Pcdh17/Atp9a/Unc13c/Smpd3/Nlgn1/Kifc1/Syn3/Rasgrp1/Ppfia2/Nrxn1/Nde1/Ap1s2/Trappc9/Tcf7l2/Syndig1/Borcs5/Exoc4/Magi2/Pclo/Sybu/Ap3d1/Dnm3/Bsn/Bicdl1/Cdh2/Kif13a/Syt6/Lin7a/Kif1b/Map2/Pef1/Bloc1s4/Prkn/Snf8/Kif28/Kif5c/Madd/Dctn2/Clasp2"
"GO:0097581","GO:0097581","lamellipodium organization",65,0.223734237561775,0.934742043541577,0.605691056910569,0.800604519634545,0.644711230332769,2707,"tags=35%, list=26%, signal=26%","Auts2/Nck2/Abi2/Ptpro/Phpt1/Arhgef7/Hdac4/Ccdc88a/Ablim1/Arhgef6/Fgd4/Whamm/Spata13/Vcl/Vav2/Slit2/Vav3/Mtor/Pmp22/Rac2/Carmil1/Aqp1/Coro1b"
"GO:0001824","GO:0001824","blastocyst development",101,0.203801514148047,0.924085583837274,0.605870020964361,0.800604519634545,0.644711230332769,2212,"tags=29%, list=22%, signal=23%","Agbl4/Necab1/Pemt/Bcor/Stmn3/Matr3/Rbbp8/Palb2/Atp1b1/Rad51b/Sp3/Arhgdig/Grn/Tet1/Lats1/Nasp/Plpp4/Tgfbr3/Smarca4/Pbrm1/St8sia6/Capn2/Cnot2/Chek1/Thoc2/Igf1/Furin/Srf/Gabpa"
"GO:0051180","GO:0051180","vitamin transport",28,0.264314393330663,0.897890896178734,0.606490872210953,0.801075563556752,0.64509055283118,2476,"tags=32%, list=24%, signal=24%","Slc35f3/Slc19a2/Abcd4/Tcn2/Slc25a32/Slc23a2/Lrp2/Slc5a6/Slc27a1"
"GO:0016051","GO:0016051","carbohydrate biosynthetic process",145,0.197556282482876,0.943917374565824,0.606837606837607,0.80118429138037,0.645178109230397,2220,"tags=26%, list=22%, signal=21%","Hnf4a/Prkg1/Foxo1/Chst11/Ext1/Smpd3/B3galt1/G6pc3/St6galnac6/Fut9/Ndst4/St3gal4/Epm2a/Tcf7l2/Nfkb1/Ep300/Nr3c1/Ntsr1/Pou1f1/Enpp1/Ppargc1a/Gbe1/Chst8/Ndst2/St8sia6/Ndst1/Csgalnact1/Irs1/Epm2aip1/Chst9/Gnmt/Grb10/Gsk3b/Chst12/Igf1/Parp1/Mtor/Adcyap1r1"
"GO:0044743","GO:0044743","protein transmembrane import into intracellular organelle",33,-0.258754270084832,-0.909384117850229,0.608080808080808,0.801428816217855,0.645375020320649,4037,"tags=58%, list=39%, signal=35%","Pam16/Tomm20/Pex26/Tomm7/Timm17a/Dnlz/Tomm40/Pex1/Grpel1/Pex13/Dnajc19/Trim37/Romo1/Hspa8/Tomm70a/Grpel2/Chchd4/Pex5/Pex10"
"GO:0000731","GO:0000731","DNA synthesis involved in DNA repair",20,-0.295755439943569,-0.904479798005297,0.607843137254902,0.801428816217855,0.645375020320649,1719,"tags=25%, list=17%, signal=21%","Pole/Wrnip1/Pcna/Rrm1/Rrm2b"
"GO:0046627","GO:0046627","negative regulation of insulin receptor signaling pathway",29,-0.262960881982768,-0.898385939213742,0.608,0.801428816217855,0.645375020320649,1162,"tags=21%, list=11%, signal=18%","Prkcq/Tsc2/Pip4k2b/Rps6kb1/Pid1/Inpp5k"
"GO:0045214","GO:0045214","sarcomere organization",30,0.258651063007049,0.898324953583455,0.607421875,0.801428816217855,0.645375020320649,1253,"tags=20%, list=12%, signal=18%","Fhod3/Prox1/Prkd1/Ep300/Akap13/Ldb3"
"GO:0000077","GO:0000077","DNA damage checkpoint signaling",86,-0.213255674931545,-0.933220090307006,0.609665427509294,0.802309400827881,0.646084137960406,2083,"tags=21%, list=20%, signal=17%","Ptpn11/Brcc3dc/Tiprl/Ccnd1/Clspn/Xpc/Msh2/Mbd4/Abraxas1/Fzr1/Stk38/Tipin/Zfp830/Brca2/Cry1/Rint1/Syf2/Chek2"
"GO:0098773","GO:0098773","skin epidermis development",87,0.212438270905397,0.930319910007812,0.609808102345416,0.802309400827881,0.646084137960406,2006,"tags=24%, list=20%, signal=20%","Bcl2/Ncor2/Egfr/Ext1/Pum2/Met/Abca12/Igfbp5/Barx2/Trps1/Ldb1/Lgr4/Tgfb2/Celsr1/Lrp4/Gba1/Ldb2/Fermt1/Sox21/Trpv1/Ncor1"
"GO:0010972","GO:0010972","negative regulation of G2/M transition of mitotic cell cycle",53,-0.231822470759612,-0.915549687063335,0.609803921568628,0.802309400827881,0.646084137960406,1972,"tags=23%, list=19%, signal=18%","Brcc3dc/Pabir1/Clspn/Mbd4/Abraxas1/Fzr1/Zfyve19/Miip/Nabp2/Zfp830/Rint1/Syf2"
"GO:0043297","GO:0043297","apical junction assembly",34,-0.253984922120635,-0.901744602841813,0.609126984126984,0.802309400827881,0.646084137960406,1580,"tags=21%, list=15%, signal=17%","Pak2/Dlg5/Frmpd2/Ctnna1/Wdr1/Pof1b/Actn4"
"GO:1903036","GO:1903036","positive regulation of response to wounding",43,0.246779821607939,0.921524352815181,0.610887096774194,0.803182625964739,0.646787329159724,1177,"tags=21%, list=11%, signal=19%","Smoc2/Igf1r/Ntrk3/Ano6/St3gal4/Pum2/Prkce/Ptk2/Grn"
"GO:0098868","GO:0098868","bone growth",22,-0.287810278191313,-0.909044761881135,0.611001964636542,0.803182625964739,0.646787329159724,85,"tags=27%, list=1%, signal=27%","Stc1/Evc/Zmpste24/Rara/Col9a1/Kdr"
"GO:0031398","GO:0031398","positive regulation of protein ubiquitination",80,-0.214830671516595,-0.92367198015431,0.611940298507463,0.803718727558566,0.647219041334291,3132,"tags=34%, list=31%, signal=24%","Rbx1/Mapk15/Trib1/Ngf/Chfr/Birc2/Mapk8/Rps2/Birc5/Ubb/Hdac3/Lrrk2/Ddx3x/Pdcd6/Rassf5/Ube2d1/Derl1/Angpt1/Fzr1/Nhlrc1/Stub1/Ticam1/Tbc1d7/Skp1/Cry1/Arrb1/Ube2l3"
"GO:0042771","GO:0042771","intrinsic apoptotic signaling pathway in response to DNA damage by p53 class mediator",26,-0.269200542179027,-0.896300760699829,0.611764705882353,0.803718727558566,0.647219041334291,466,"tags=27%, list=5%, signal=26%","Mif/Steap3/Ddit4/Msh2/Rpl26/Brca2/Chek2"
"GO:0010596","GO:0010596","negative regulation of endothelial cell migration",32,0.249998793078929,0.891314574515144,0.613026819923372,0.804796908304946,0.648087279295072,3044,"tags=38%, list=30%, signal=26%","Dcn/Adgrb1/Nr2f2/Atp2b4/Ptprm/Dab2ip/Itgb1bp1/Slit2/Stard13/Angpt2/Spred1/Meox2"
"GO:0032886","GO:0032886","regulation of microtubule-based process",190,-0.190950231416284,-0.936835549948022,0.614545454545455,0.805407836246947,0.648579247670809,1795,"tags=21%, list=18%, signal=17%","Chmp4b/Spice1/Cep192/Ttc21b/Nat10/Chmp2a/Mapt/Slain2/Mkks/Ska2/Tmem67/Wdr47/Chordc1/Cfap69/Prkaa2/Stmn1/Chmp7/Gen1/Vps4b/Spag6l/Nubp1/Cyld/Anxa5/Dync1li1/Azin1/Chmp2b/Chmp3/Mcph1/Kif9/Rae1/Ccnl2/Ccnf/Chmp1b2/Cltc/Cfap20/Apc2/Sgk1/Dctn1/Arhgef2"
"GO:0000910","GO:0000910","cytokinesis",137,-0.199218545968851,-0.934604794495096,0.614814814814815,0.805407836246947,0.648579247670809,1142,"tags=15%, list=11%, signal=14%","Zfyve19/Septin3/Exoc1/Cdca8/Stmn1/Chmp7/Vps4b/Rhob/Dstn/Chmp2b/Stambp/Chmp3/Racgap1/Myo19/Arf1/Cenpv/Chmp1b2/Orc4/Brca2/Kif20a/Rab35"
"GO:0006140","GO:0006140","regulation of nucleotide metabolic process",59,-0.228440190127571,-0.917152588769237,0.615087040618955,0.805407836246947,0.648579247670809,2031,"tags=25%, list=20%, signal=21%","Src/Ppp2ca/Atpsckmt/Hif1a/Ddit4/Adora2b/Prkaa2/Tspo/Sirt6/Map2k1/Eif6/Insr/Ogt/Pid1/Tmsb4x"
"GO:1902807","GO:1902807","negative regulation of cell cycle G1/S phase transition",42,0.242570333380721,0.906696416019561,0.615079365079365,0.805407836246947,0.648579247670809,2615,"tags=33%, list=26%, signal=25%","Bcl2/Myo16/Ctdspl/Ezh2/Gigyf2/Cdk2ap2/Acvr1/Dcun1d3/Apbb1/Dgkz/Cacnb4/Ctdsp1/Wac/Plk3"
"GO:0035459","GO:0035459","vesicle cargo loading",22,-0.285769099314021,-0.902597726778268,0.614931237721022,0.805407836246947,0.648579247670809,3491,"tags=50%, list=34%, signal=33%","Sec23b/Ap3b2/Sec24d/Tbc1d20/Sec24a/Sar1b/Sec31a/Sec31b/Sec23a/Ap3m2/Sec13"
"GO:0016447","GO:0016447","somatic recombination of immunoglobulin gene segments",41,0.240604480092439,0.897018331689954,0.614624505928854,0.805407836246947,0.648579247670809,2501,"tags=29%, list=24%, signal=22%","Foxp1/Nhej1/Shld2/Ezh2/Kmt5b/Atad5/Ptprc/Pms2/Sanbr/Nfkbiz/Hmces/Nbn"
"GO:0021542","GO:0021542","dentate gyrus development",23,-0.284159557244699,-0.902831712543309,0.615841584158416,0.805699481865285,0.648814104208348,2780,"tags=48%, list=27%, signal=35%","Nr2e1/Bloc1s6/Kif3a/Tuba1a/Fezf2/Pianp/Mdk/Pomgnt1/Csf1r/Neurod6/Fxr1"
"GO:0032728","GO:0032728","positive regulation of interferon-beta production",23,0.277195907299978,0.89092156934131,0.61569416498994,0.805699481865285,0.648814104208348,37,"tags=9%, list=0%, signal=9%","Zbtb20/Irf7"
"GO:0006879","GO:0006879","intracellular iron ion homeostasis",39,-0.255357469248611,-0.928538706169504,0.616666666666667,0.805906198686371,0.64898056923919,2279,"tags=31%, list=22%, signal=24%","Steap3/Ireb2/Ncoa4/Glrx3/Hif1a/Atp6v1g1/Sod1/Steap2/Cisd1/Nubp1/Atp6v1a/Cp"
"GO:0006805","GO:0006805","xenobiotic metabolic process",39,-0.255326462570996,-0.928425958731963,0.616666666666667,0.805906198686371,0.64898056923919,2314,"tags=31%, list=23%, signal=24%","Cad/Sult1b1/Acsl1/Aldh2/Nudt15/Gsta13/Aip/Gsta4/Nos1/Cyp46a1/Gstp3/Abcb11"
"GO:1902017","GO:1902017","regulation of cilium assembly",58,-0.228946996048568,-0.91440195891941,0.616895874263261,0.805906198686371,0.64898056923919,2682,"tags=31%, list=26%, signal=23%","Bbs4/Rab11a/Dcdc2a/Yap1/Intu/Trim32/Atg5/Akt1/Ift20/Tmem67/Cdkl1/Cyld/Dync2li1/Arf4/Atmin/Tbc1d7/Lima1/Odf2"
"GO:1902750","GO:1902750","negative regulation of cell cycle G2/M phase transition",54,-0.230784535348727,-0.911105252626252,0.617063492063492,0.805906198686371,0.64898056923919,2685,"tags=41%, list=26%, signal=30%","Topbp1/Brca1/Mre11a/Orc1/Mbtps1/Chfr/Nabp1/Uimc1/Macroh2a1/Mbtps2/Brcc3dc/Pabir1/Clspn/Mbd4/Abraxas1/Fzr1/Zfyve19/Miip/Nabp2/Zfp830/Rint1/Syf2"
"GO:0007224","GO:0007224","smoothened signaling pathway",121,-0.202238317473156,-0.926450370986212,0.618691588785047,0.807453416149068,0.650226513334563,2377,"tags=30%, list=23%, signal=23%","Tmed2/Hhat/Kif3a/Tuba1a/Intu/Evc/Cluap1/Ift52/Pdcl/Ift172/Runx2/Rb1/Bbs7/Wdr19/Rab23/Stk36/Glis2/Ttc21b/Tbc1d32/Cc2d2a/Ift20/Ift122/Nsdhl/Ro60/Dlg5/Hspg2/Tmem231/Armc9/B9d1/Ctnna1/Gorab/Uchl5/Cibar1/Hhip/Mks1/Tubd1"
"GO:0032371","GO:0032371","regulation of sterol transport",35,-0.253173489336797,-0.903588114119954,0.619047619047619,0.807453416149068,0.650226513334563,232,"tags=31%, list=2%, signal=31%","Egf/Abca13/Pon1/Sec24a/Abca3/Nus1/Tmem97/Arv1/Abca5/Scp2/Lrp1"
"GO:0032374","GO:0032374","regulation of cholesterol transport",35,-0.253173489336797,-0.903588114119954,0.619047619047619,0.807453416149068,0.650226513334563,232,"tags=31%, list=2%, signal=31%","Egf/Abca13/Pon1/Sec24a/Abca3/Nus1/Tmem97/Arv1/Abca5/Scp2/Lrp1"
"GO:0072524","GO:0072524","pyridine-containing compound metabolic process",126,-0.201306919624822,-0.92709582897956,0.619771863117871,0.808050234615812,0.650707119624615,2856,"tags=33%, list=28%, signal=24%","Psen1/Hnf1a/Nadk/Mdh1/Eno1/Gale/Eno2/Pdxp/Rpia/Gapdh/Macroh2a1/Txnrd1/Hk2/Src/Ppp2ca/Mfsd8/Hif1a/Ldha/Bpgm/Got1/Ddit4/Nmrk2/Gpi1/Pfkfb2/H6pd/Taldo1/Nampt/Got2/Fdx1/Slc25a13/Plpbp/Pgd/Prkaa2/Sirt6/Nadsyn1/Eif6/Pgam1/Insr/Ogt/Dlst/Slc25a22/Pkm"
"GO:0071356","GO:0071356","cellular response to tumor necrosis factor",107,-0.204579890729721,-0.921607624081366,0.620300751879699,0.808391947610963,0.650982294445792,878,"tags=12%, list=9%, signal=11%","Tnfrsf1a/Cyld/Zfp36l1/Has2/Sharpin/Asah1/Ppp2cb/Fos/Akap12/Pid1/Inpp5k/Tmsb4x/Actn4"
"GO:1901989","GO:1901989","positive regulation of cell cycle phase transition",74,-0.218245692115334,-0.918753626737423,0.620889748549323,0.808464090289836,0.65104038954033,3116,"tags=41%, list=30%, signal=28%","Mapk15/Lsm10/Sass6/Mtbp/Plrg1/Aurka/Dbf4/Tmod3/Anapc5/Rab11a/Birc5/Ddx3x/Rb1/Klhl18/Anapc7/Cdc16/Ccnd1/Eif4g1/Akt1/Phb2/Hspa2/Dyrk3/Cdc25a/Vps4b/Rgcc/Ccne1/Csf1r/Rrm1/Rrm2b/Chek2"
"GO:0060122","GO:0060122","inner ear receptor cell stereocilium organization",39,0.241693817192448,0.89696422893564,0.620689655172414,0.808464090289836,0.65104038954033,1440,"tags=15%, list=14%, signal=13%","Otog/Pjvk/Tsku/Atp2b2/Ush1c/Whrn"
"GO:1900076","GO:1900076","regulation of cellular response to insulin stimulus",63,-0.223996132342906,-0.915378613799008,0.62278978388998,0.810103426440583,0.652360515021459,2663,"tags=37%, list=26%, signal=27%","Gpld1/Marcks/Gpr21/Echdc3/Grb14/Prkcz/Opa1/Myo5a/Slc27a4/C1qtnf12/Mfn2/Adipor1/Sorl1/Ptpn11/Src/Kbtbd2/Ctsd/Prkcq/Tsc2/Pip4k2b/Rps6kb1/Pid1/Inpp5k"
"GO:0006094","GO:0006094","gluconeogenesis",61,-0.223954603882515,-0.908171983452652,0.622823984526112,0.810103426440583,0.652360515021459,2819,"tags=36%, list=27%, signal=26%","Mdh1/Eno1/Mtcl2/Gpt2/Dgat2/Ddb1/Eno2/Gapdh/C1qtnf12/Sesn2/Hif1a/Got1/Pgp/Clk2/Xpc/Gpi1/Slc25a13/Sirt6/Slc37a4/Pgam1/Ogt/Cry1"
"GO:0001953","GO:0001953","negative regulation of cell-matrix adhesion",25,0.267065661816977,0.880542668246935,0.622950819672131,0.810103426440583,0.652360515021459,773,"tags=16%, list=8%, signal=15%","Arhgap6/Ajap1/Cask/Myoc"
"GO:1990928","GO:1990928","response to amino acid starvation",51,-0.233275666157595,-0.906868846876339,0.624750499001996,0.811747003420261,0.65368405555955,2129,"tags=25%, list=21%, signal=20%","Sesn2/Trim32/Szt2/Sar1b/Rragc/Eif2ak2/Map1lc3a/Atxn3/Itfg2/Lars1/Mios/Sesn1/Eif2b1"
"GO:0003229","GO:0003229","ventricular cardiac muscle tissue development",35,0.252100541699075,0.905995870576567,0.624497991967871,0.811747003420261,0.65368405555955,2332,"tags=31%, list=23%, signal=24%","Chd7/Prox1/Col14a1/Tgfbr3/Bmpr1a/Tgfb2/Rxra/Ccm2l/Hey2/Lrp2/Tnnc1"
"GO:2000058","GO:2000058","regulation of ubiquitin-dependent protein catabolic process",117,-0.201390226880394,-0.921125406632057,0.626641651031895,0.813295749558109,0.654931230667256,2957,"tags=32%, list=29%, signal=23%","Trib1/Csnk2a2/Chfr/Psen1/Gipc1/Aurka/Mapk8/Egf/Rpl23/Zfand2a/Trim67/Usp14/Bag5/Sumo1/Lrrk2/Zer1/Desi1/Pabir1/Rpl5/Bbs7/Akt1/Anks1/Usp5/Gclc/Sumo3/Fzr1/Atxn3/Sirt6/Csnk1e/Taf9/Stub1/Traf7/Zyg11b/Uchl5/Ogt/Park7/Paqr3"
"GO:0007498","GO:0007498","mesoderm development",68,0.217491328725077,0.91769851147423,0.627016129032258,0.813295749558109,0.654931230667256,1649,"tags=24%, list=16%, signal=20%","Acvr2b/Ext1/Ssbp3/Acvr2a/Bmpr2/Smad3/Exoc4/Palb2/Smad1/Tead1/Bmp7/Chrd/Eya1/Bmpr1a/Acvr1/Pofut2"
"GO:0097192","GO:0097192","extrinsic apoptotic signaling pathway in absence of ligand",39,0.240685777014241,0.893223231372341,0.626436781609195,0.813295749558109,0.654931230667256,2475,"tags=33%, list=24%, signal=25%","Foxo3/Bcl2/Fyn/Eya1/Eya2/Tgfb2/Ripk1/Sgk3/Gsk3b/Igf1/Wwox/Ret/Tert"
"GO:0048668","GO:0048668","collateral sprouting",28,0.2615922270848,0.888643543965919,0.626774847870183,0.813295749558109,0.654931230667256,1766,"tags=25%, list=17%, signal=21%","Fgf13/Prkg1/Ptprs/Bcl11a/Epha7/Bdnf/Ist1"
"GO:0051957","GO:0051957","positive regulation of amino acid transport",23,0.27382501403993,0.880087349086847,0.627766599597586,0.813631282570704,0.655201428868818,1188,"tags=22%, list=12%, signal=19%","Htr2c/Adora2a/Grin2b/Nr3c1/Ntsr1"
"GO:0033628","GO:0033628","regulation of cell adhesion mediated by integrin",24,0.269066494405709,0.872729620729134,0.627811860940695,0.813631282570704,0.655201428868818,2533,"tags=33%, list=25%, signal=25%","Ptk2/Ptpn6/Adam9/Tgfb2/Itgb1bp1/Fermt1/Ret/Wnk1"
"GO:0060441","GO:0060441","epithelial tube branching involved in lung morphogenesis",25,0.266219520491975,0.877752854180379,0.629098360655738,0.814949992640823,0.656263360410432,908,"tags=20%, list=9%, signal=18%","Ext1/Tnc/Ctsh/Lama1/Nkx2-1"
"GO:1901798","GO:1901798","positive regulation of signal transduction by p53 class mediator",20,-0.292933951600663,-0.895851117474678,0.629411764705882,0.81500754147813,0.656309703368527,466,"tags=35%, list=5%, signal=33%","Rps20/Rpl23/Steap3/Ubb/Rpl26/Pla2r1/Ddx5"
"GO:0071900","GO:0071900","regulation of protein serine/threonine kinase activity",172,-0.193475481867935,-0.932652367038666,0.630597014925373,0.815844985151102,0.656984080451712,2243,"tags=26%, list=22%, signal=20%","Spry2/Uvrag/Heg1/Lrrk2/Ddx3x/Cdk5rap1/Src/Ppp2ca/Tfap4/Hgs/Dtnbp1/Ccnd1/Bccip/Akt1/Flt1/Ltf/Dusp19/Traf6/Pde5a/Map3k4/Nf1/Adra2a/Chordc1/Rgs2/Nolc1/Synpo2/Stk38/Pdcd4/Rgcc/Map2k1/Cab39/Htr2b/Spry1/Insr/Tab1/Fbxo7/Paqr3/Map2k2/Kit/Higd1a/Gstp3/Inpp5k/Aida/Spdya"
"GO:0061097","GO:0061097","regulation of protein tyrosine kinase activity",38,0.244575458806689,0.897456440161629,0.630350194552529,0.815844985151102,0.656984080451712,2379,"tags=29%, list=23%, signal=22%","Epha4/Zfyve28/Abi2/Agrn/Dusp22/Aplp2/Ptprc/Fbxw7/Rap2c/Ggnbp2/Nox4"
"GO:0043588","GO:0043588","skin development",160,0.193790084863821,0.940247260774104,0.633047210300429,0.815901360544218,0.65702947845805,2097,"tags=26%, list=20%, signal=21%","Bcl11b/Bcl2/Ncor2/Egfr/Ppp3ca/Ext1/Wnt7a/Kazn/St14/Krt90/Abcb6/Pum2/Tcf7l2/Met/Abca12/Igfbp5/Col5a1/Ezh2/Lats1/Palld/Enpp1/Barx2/Pkd1/Trps1/Smarca4/Ldb1/Lgr4/Bcr/Tgfb2/Ubn1/Celsr1/Lrp4/Mafb/Dact2/Gba1/Ldb2/Fermt1/Sox21/Trpv1/Ncor1/Adamts2/Ahdc1"
"GO:0010657","GO:0010657","muscle cell apoptotic process",74,0.216312622737602,0.928070324036205,0.630927835051546,0.815901360544218,0.65702947845805,1715,"tags=18%, list=17%, signal=15%","Cftr/Pde1a/Bcl2/Foxo1/Igf1r/Ambra1/Qki/Erbb4/Map2k4/Sirt4/Hsf1/Capn2/Gria4"
"GO:0032649","GO:0032649","regulation of type II interferon production",39,-0.252047927137063,-0.916504447060843,0.633333333333333,0.815901360544218,0.65702947845805,2197,"tags=26%, list=21%, signal=20%","Slc7a5/C1qbp/Nras/Abl2/Fadd/Cebpg/Il12rb2/Rara/Ufsp2/Cd226"
"GO:0016579","GO:0016579","protein deubiquitination",72,-0.21774312529838,-0.913114789856337,0.632295719844358,0.815901360544218,0.65702947845805,2618,"tags=32%, list=26%, signal=24%","Spata2/Usp1/Usp20/Uchl3/Usp14/Brcc3dc/Usp30/Usp16/Usp19/Otud1/Usp45/Usp5/Usp12/Yod1/Otud6b/Atxn3/Otub1/Usp46/Cyld/Usp44/Stambp/Uchl5/Park7"
"GO:0051653","GO:0051653","spindle localization",43,-0.241423774749775,-0.912917292937448,0.632411067193676,0.815901360544218,0.65702947845805,640,"tags=44%, list=6%, signal=42%","Insc/Myh9/Nsfl1c/Gja1/Llgl2/Pafah1b1/Dync1h1/Itgb1/Wasl/Hdac3/Spry2/Bccip/Aspm/Ska2/Mcph1/Spry1/Dctn1/Ubxn2b/Arhgef2"
"GO:0060415","GO:0060415","muscle tissue morphogenesis",43,0.24250523313406,0.905562199381095,0.633064516129032,0.815901360544218,0.65702947845805,3117,"tags=42%, list=30%, signal=29%","Chd7/Prox1/Fzd1/Tgfbr3/Bmpr1a/Tgfb2/Rxra/Ccm2l/Ttn/Hey2/Lrp2/Lrp6/Tnnc1/Egln1/Ly6e/Fzd2/Eng/Bmp2"
"GO:0032094","GO:0032094","response to food",25,-0.272853667811562,-0.898437886728847,0.632295719844358,0.815901360544218,0.65702947845805,2203,"tags=32%, list=21%, signal=25%","Acbd7/Slc25a25/Akt1/Mkks/Scnn1b/Cck/Etnppl/Comt"
"GO:0032309","GO:0032309","icosanoid secretion",28,-0.25908082858352,-0.877070988552646,0.632612966601179,0.815901360544218,0.65702947845805,2624,"tags=36%, list=26%, signal=27%","Mif/Edn1/Pnpla8/Atp5pf/Agtr2/Lhcgr/Abcc4/Pla2g12a/Pla2g12b/Pla2r1"
"GO:0006767","GO:0006767","water-soluble vitamin metabolic process",32,0.245897949665064,0.876693937920997,0.632183908045977,0.815901360544218,0.65702947845805,2426,"tags=31%, list=24%, signal=24%","Clybl/Slc19a2/Clstn3/Abcd4/Mtrr/Tpk1/Slc23a2/Hlcs/Slc5a6/Mmadhc"
"GO:1905898","GO:1905898","positive regulation of response to endoplasmic reticulum stress",25,0.26548547262649,0.875332623658424,0.633196721311475,0.815901360544218,0.65702947845805,133,"tags=8%, list=1%, signal=8%","Wfs1/Nck2"
"GO:0070661","GO:0070661","leukocyte proliferation",153,0.194126478991252,0.932739401380002,0.635394456289979,0.816848748408994,0.657792391458068,2273,"tags=25%, list=22%, signal=20%","Bcl2/Igfbp2/Nck2/Ppp3ca/Prkcd/Sox11/Pawr/Rasgrp1/Rc3h1/Adk/Fyn/Tacr1/Pura/Ptk2/Cd276/Ptpn6/Slc4a1/Alkbh5/Slc11a1/Cd74/Atad5/Sh3rf1/Sash3/Gba1/Ptprc/Mapk8ip1/Gsk3b/Ephb2/Efnb1/Igf1/Vav3/Abl1/Ephb6/Tnfrsf21/Irf1/Mad1l1/Peli1/Nfkbiz"
"GO:0048260","GO:0048260","positive regulation of receptor-mediated endocytosis",40,-0.247774272471379,-0.908265865127572,0.635416666666667,0.816848748408994,0.657792391458068,2792,"tags=42%, list=27%, signal=31%","Egf/Kif3a/Wasl/Sgip1/Atad1/Nsf/Synj2bp/Dtnbp1/Ahi1/Ap2m1/Angpt1/Synj1/Insr/Pick1/Arrb1/Ppt1/Rab21"
"GO:2000179","GO:2000179","positive regulation of neural precursor cell proliferation",48,0.234814909386398,0.903256750440098,0.634730538922156,0.816848748408994,0.657792391458068,3302,"tags=38%, list=32%, signal=26%","Drd2/Prox1/Vegfc/Tox/Disp3/Rsu1/Igf1/Lrp2/Gli3/Pax6/Gpr37l1/Ryk/Foxg1/Smarcd3/Erbb2/Gnai2/Fzd9/Vegfa"
"GO:0042306","GO:0042306","regulation of protein import into nucleus",57,-0.224520143621333,-0.90154828067375,0.635135135135135,0.816848748408994,0.657792391458068,2634,"tags=37%, list=26%, signal=28%","Mapk14/Ipo5/Nup54/Hdac3/Sumo1/Xbp1/Rab23/Agtr2/Ufm1/Jup/Nutf2/Ran/Akap1/Nf1/Bag3/Rbm22/Angpt1/Prkcq/Nolc1/Sirt6/Tnfrsf1a"
"GO:0006359","GO:0006359","regulation of transcription by RNA polymerase III",22,0.280307771440171,0.883049638000278,0.634888438133874,0.816848748408994,0.657792391458068,2178,"tags=41%, list=21%, signal=32%","Baz1b/Tenm1/Setd5/Ski/Ell/Brf1/Ar/Ercc6/Mtor"
"GO:0030168","GO:0030168","platelet activation",54,-0.227964479696213,-0.89997206506747,0.636904761904762,0.8184145159336,0.65905327355709,295,"tags=15%, list=3%, signal=14%","Adra2a/Prkcq/Slc6a4/Pdgfra/Emilin2/Pip5k1c/Vwf/Entpd2"
"GO:0051053","GO:0051053","negative regulation of DNA metabolic process",84,-0.21055464632962,-0.914363733978993,0.637898686679174,0.819344222398431,0.659801948070024,2290,"tags=25%, list=22%, signal=20%","Rmi2/Parpbp/C1qbp/Lig3/Pds5a/Src/Tnks/Exosc10/Gmnn/Nat10/Ten1/Dffa/Msh2/Otub1/Terf2ip/Ctc1/Tipin/Mlh1/Msh6/Slx4/Helb"
"GO:0033238","GO:0033238","regulation of amine metabolic process",24,-0.274406409047119,-0.892289438788036,0.639376218323587,0.820198959153458,0.660490250935458,1918,"tags=25%, list=19%, signal=20%","Epas1/Aldh2/Hprt1/Park7/Comt/Vps35"
"GO:0038179","GO:0038179","neurotrophin signaling pathway",35,-0.24791705102977,-0.884827638095089,0.638888888888889,0.820198959153458,0.660490250935458,3013,"tags=46%, list=29%, signal=32%","Lmtk2/Ngf/Bcar1/Shoc2/Kidins220/Casp3/Spry2/Ptpn11/Src/Sort1/Ddit4/Sos1/Slc9a6/Agtr2/Cyfip1/Spry1"
"GO:0016101","GO:0016101","diterpenoid metabolic process",26,-0.265407485448949,-0.883671812760024,0.63921568627451,0.820198959153458,0.660490250935458,1141,"tags=15%, list=11%, signal=14%","Pnpla2/Bco2/Sdr16c5/Pecr"
"GO:0002705","GO:0002705","positive regulation of leukocyte mediated immunity",54,0.229197469392202,0.910101693683418,0.640562248995984,0.821372667988926,0.661435415806264,1911,"tags=24%, list=19%, signal=20%","Cadm1/B2m/Tap2/Rasgrp1/Dennd1b/Shld2/Fbxo38/Kmt5b/Atad5/Map3k7/Sash3/Ptprc/Pms2"
"GO:0045746","GO:0045746","negative regulation of Notch signaling pathway",29,-0.25758392889638,-0.880015986191834,0.642,0.822868020304569,0.662639593908629,2697,"tags=34%, list=26%, signal=25%","Mmp14/Dlx2/Rfng/Lrrk2/Chac1/Ccnc/Arrdc1/Dlx1/Mettl3/Arrb1"
"GO:0002440","GO:0002440","production of molecular mediator of immune response",130,-0.198096610962303,-0.92073041793709,0.643911439114391,0.823389328368189,0.66305939314138,1572,"tags=17%, list=15%, signal=15%","Phb2/Gpi1/Dnajb9/Traf6/Msh2/Rabgef1/Angpt1/Itm2a/Slc15a4/Ddx21/Mlh1/Clnk/Msh6/Gprc5b/Ticam1/Supt6/Mcm3ap/Ddx1/Kit/Fam210b/Polb/Cd226"
"GO:1903076","GO:1903076","regulation of protein localization to plasma membrane",88,-0.209374189133738,-0.916321726729267,0.643527204502814,0.823389328368189,0.66305939314138,1125,"tags=15%, list=11%, signal=13%","Zdhhc7/Nhlrc1/Sirt6/Ngdn/Itga3/Arhgap44/Stx7/Ppp1r9b/Cltc/Stx3/Pid1/Rer1/Lrp1"
"GO:0045638","GO:0045638","negative regulation of myeloid cell differentiation",51,0.231745433937874,0.906350634135868,0.642714570858283,0.823389328368189,0.66305939314138,2402,"tags=29%, list=23%, signal=23%","Meis2/Meis1/Qki/Ypel4/Ubash3b/Lrrc17/Itpkb/Gpr68/Ldb1/Cdk6/Mafb/Fbxw7/Gabpa/Cul4a/Tob2"
"GO:0014003","GO:0014003","oligodendrocyte development",41,0.236553939336711,0.881917161047788,0.644268774703557,0.823389328368189,0.66305939314138,721,"tags=15%, list=7%, signal=14%","Tenm4/Cntn2/Sox11/Eif2b3/Cntnap2/Tcf7l2"
"GO:1903055","GO:1903055","positive regulation of extracellular matrix organization",22,0.278269232431805,0.876627657174922,0.643002028397566,0.823389328368189,0.66305939314138,2624,"tags=41%, list=26%, signal=31%","Smad3/Colgalt1/Tgfb2/Meltf/Abl1/Clasp2/Sema5a/Clasp1/Ddr2"
"GO:0007097","GO:0007097","nuclear migration",26,0.263682843984489,0.874407708812765,0.644308943089431,0.823389328368189,0.66305939314138,2813,"tags=38%, list=27%, signal=28%","Syne2/Ntn1/Ptk2/Cdc42bpa/Myh10/Tacc2/Pax6/Slit1/Clmn/Syne3"
"GO:0046638","GO:0046638","positive regulation of alpha-beta T cell differentiation",23,0.27083959226946,0.870492053561741,0.643863179074447,0.823389328368189,0.66305939314138,2561,"tags=39%, list=25%, signal=29%","Ep300/Socs1/Ap3d1/Itpkb/Sash3/Irf1/Gli3/Nfkbiz/Brd2"
"GO:0045823","GO:0045823","positive regulation of heart contraction",25,0.263708676815202,0.869474347031032,0.645491803278688,0.824553188842507,0.663996627318718,2155,"tags=32%, list=21%, signal=25%","Kcnq1/Adrb2/Tgfb2/Chga/Adrb1/Atp1a1/Crhr2/Hey2"
"GO:0043524","GO:0043524","negative regulation of neuron apoptotic process",142,-0.197460094176484,-0.924264350257377,0.647058823529412,0.824620513307469,0.664050842399414,1949,"tags=22%, list=19%, signal=18%","Mfsd8/Hif1a/Cln8/Ccnd1/Xrcc2/Mdk/Pik3ca/Gpi1/Prdx3/Msh2/Gclc/Sod1/Angpt1/Pycr1/Sod2/Kras/Nrp1/Adam8/Tmbim4/Bag1/Stambp/Kdm2b/Park7/Fbxo7/Nos1/Bok/Dlx1/Arrb1/Ppt1/Kdr/Lrp1"
"GO:0019362","GO:0019362","pyridine nucleotide metabolic process",120,-0.199592521733639,-0.913836175233626,0.646728971962617,0.824620513307469,0.664050842399414,2856,"tags=33%, list=28%, signal=24%","Psen1/Hnf1a/Nadk/Mdh1/Eno1/Gale/Eno2/Rpia/Gapdh/Macroh2a1/Txnrd1/Hk2/Src/Ppp2ca/Mfsd8/Hif1a/Ldha/Bpgm/Got1/Ddit4/Nmrk2/Gpi1/Pfkfb2/H6pd/Taldo1/Nampt/Got2/Fdx1/Slc25a13/Pgd/Prkaa2/Sirt6/Nadsyn1/Eif6/Pgam1/Insr/Ogt/Dlst/Slc25a22/Pkm"
"GO:0046496","GO:0046496","nicotinamide nucleotide metabolic process",120,-0.199592521733639,-0.913836175233626,0.646728971962617,0.824620513307469,0.664050842399414,2856,"tags=33%, list=28%, signal=24%","Psen1/Hnf1a/Nadk/Mdh1/Eno1/Gale/Eno2/Rpia/Gapdh/Macroh2a1/Txnrd1/Hk2/Src/Ppp2ca/Mfsd8/Hif1a/Ldha/Bpgm/Got1/Ddit4/Nmrk2/Gpi1/Pfkfb2/H6pd/Taldo1/Nampt/Got2/Fdx1/Slc25a13/Pgd/Prkaa2/Sirt6/Nadsyn1/Eif6/Pgam1/Insr/Ogt/Dlst/Slc25a22/Pkm"
"GO:1990090","GO:1990090","cellular response to nerve growth factor stimulus",43,0.239456932307495,0.894179245020874,0.647177419354839,0.824620513307469,0.664050842399414,1196,"tags=19%, list=12%, signal=17%","Foxo3/Ntrk3/Nfkb1/Gria1/Magi2/Arf6/Grip1/Gria2"
"GO:1900151","GO:1900151","regulation of nuclear-transcribed mRNA catabolic process, deadenylation-dependent decay",20,0.286839209582827,0.878138410258412,0.646341463414634,0.824620513307469,0.664050842399414,2960,"tags=65%, list=29%, signal=46%","Rc3h1/Tnrc6b/Tnrc6c/Hnrnpd/Tent4a/Syncrip/Hnrnpu/Igf2bp1/Dhx36/Cpeb3/Tnrc6a/Zfp36l2/Ybx1"
"GO:0010614","GO:0010614","negative regulation of cardiac muscle hypertrophy",22,0.276508077848899,0.871079516611755,0.647058823529412,0.824620513307469,0.664050842399414,1342,"tags=23%, list=13%, signal=20%","Foxp1/Foxo1/Smad3/Ctdp1/Atp2b4"
"GO:0010810","GO:0010810","regulation of cell-substrate adhesion",150,0.193769226843747,0.928130985115609,0.652542372881356,0.825181456760404,0.664502559239401,2626,"tags=31%, list=26%, signal=24%","Arhgap6/Smoc2/Bcl2/Dbn1/Smoc1/Spock2/Dock5/Epha3/Ptpra/Ajap1/Cask/Prex1/Myoc/Spock1/Peak1/Smad3/Ninj1/Map4k4/Dmd/Prkce/Ptk2/Ptprz1/Dusp22/Ldb1/Tbcd/Cdk6/Meltf/Vcl/Rsu1/Itgb1bp1/Fermt1/Gsk3b/Pkhd1/Col26a1/Abl1/Clasp2/Calr/Rin2/Clasp1/Gfus/Rac2/Carmil1/Tsc1/Rock1/Macf1/Hacd1/Angpt2"
"GO:0050727","GO:0050727","regulation of inflammatory response",179,-0.19143398447116,-0.927675198630336,0.654205607476635,0.825181456760404,0.664502559239401,1347,"tags=27%, list=13%, signal=24%","Il18/Camk2n1/Casp1/Spata2/Casp3/Abr/Mvk/Letmd1/Acod1/Npy5r/C1qtnf12/Hgf/Lrrk2/Fbxl2/Tac1/Rb1/Ccn4/C2cd4b/Napepld/Trim65/Mdk/Gpr17/Pde5a/Sod1/Rabgef1/Adora2b/Ddt/Adam8/Ppard/Abcc1/Pdcd4/Tnfrsf1a/Cyld/Gprc5b/Mkrn2/Sharpin/Mcph1/Snx4/Park7/Csf1r/Hspa4/Il17ra/Kars1/Abhd12/Tmsb4x/Fxr1/Psma1/Vps35/Calhm2"
"GO:0043604","GO:0043604","amide biosynthetic process",111,0.199305704309596,0.921147430423622,0.653191489361702,0.825181456760404,0.664502559239401,2057,"tags=23%, list=20%, signal=19%","Agmat/Smpd3/Prkcd/B3galt1/St8sia2/Ppcdc/St6galnac6/St6galnac3/Sptlc3/Pemt/Cebpa/Pla2g6/Gcdh/Smpd1/Cers6/St3gal1/Tpk1/St8sia6/St6galnac4/Slc25a16/Gba1/Sptlc2/Sgms1/St3gal3/B4galt4/Eif2ak3"
"GO:0051983","GO:0051983","regulation of chromosome segregation",91,-0.208711681001715,-0.913953522688472,0.651851851851852,0.825181456760404,0.664502559239401,3166,"tags=38%, list=31%, signal=27%","Cit/Mapk15/Dusp1/Zfp207/Smc6/Csnk2a2/Chfr/Bcl7b/Anapc5/Birc5/Cdc27/Rmi2/Anapc1/Psmg2/Rb1/Anapc7/Cdc16/Pcid2/Cep192/Bub3/Kntc1/Prpf4b/Chtf18/Smarcb1/Cdca8/Smarcd1/Lcmt1/BC005624/Gen1/Spc25/Dync1li1/Usp44/Trip13/Anapc4/Smarcc2"
"GO:0120254","GO:0120254","olefinic compound metabolic process",67,-0.221937539276196,-0.910631413397254,0.648,0.825181456760404,0.664502559239401,1158,"tags=15%, list=11%, signal=13%","Scnn1b/Pnpla2/Inhba/Egr1/Bco2/Cyp46a1/Sdr16c5/Gstp3/Scp2/Ptgs1"
"GO:2000060","GO:2000060","positive regulation of ubiquitin-dependent protein catabolic process",73,-0.21615489776669,-0.907005606623777,0.651663405088063,0.825181456760404,0.664502559239401,2957,"tags=34%, list=29%, signal=25%","Trib1/Chfr/Psen1/Aurka/Mapk8/Egf/Zfand2a/Trim67/Sumo1/Lrrk2/Zer1/Pabir1/Bbs7/Akt1/Usp5/Gclc/Sumo3/Fzr1/Atxn3/Sirt6/Csnk1e/Stub1/Traf7/Zyg11b/Paqr3"
"GO:0048144","GO:0048144","fibroblast proliferation",94,0.20389407197158,0.906411038500954,0.648590021691974,0.825181456760404,0.664502559239401,2666,"tags=33%, list=26%, signal=25%","Egfr/Phip/Pawr/Pdgfd/Fndc3b/Zfp469/Rnaseh2b/Zmiz1/Ecd/Pdgfc/Kmt2c/Socs1/Dach1/Ski/Ptprz1/Kmt2a/Dab2ip/Cd74/Cdk6/Ing5/Gas6/Pex2/Lzts2/Igf1/Abl1/Fntb/Btc/Nbn/Aqp1/Ddr2/Brpf1"
"GO:0014910","GO:0014910","regulation of smooth muscle cell migration",76,-0.212552159283039,-0.906076610083,0.652671755725191,0.825181456760404,0.664502559239401,2097,"tags=26%, list=20%, signal=21%","Sorl1/Src/Mmp1a/Xbp1/Ccn4/Ndrg4/Mdk/Abhd2/Nf1/Nrp1/Ssh1/Ppard/S100a11/Egr1/Has2/Park7/Dock7/Rps6kb1/Tmsb4x/Lrp1"
"GO:0031100","GO:0031100","animal organ regeneration",39,-0.248611112260967,-0.904007394800009,0.652083333333333,0.825181456760404,0.664502559239401,3049,"tags=44%, list=30%, signal=31%","Phb1/Cebpb/Ggt1/Ezh1/Aurka/Gfer/Cad/Slc7a5/Lcp1/Tyms/Cxcl12/Ccnd1/Atic/Ccna2/Pcna/Cpt1a/Pkm"
"GO:0051952","GO:0051952","regulation of amine transport",77,0.20922708035112,0.903905726704697,0.651356993736952,0.825181456760404,0.664502559239401,1241,"tags=17%, list=12%, signal=15%","Drd2/Prkg1/Htr2c/Rab3b/Syt1/Slc43a2/Oprk1/Adora2a/Grm7/Grin2b/Nr3c1/Ntsr1/Kcnb1"
"GO:2000242","GO:2000242","negative regulation of reproductive process",39,-0.247745568762133,-0.900860078831905,0.654166666666667,0.825181456760404,0.664502559239401,3105,"tags=38%, list=30%, signal=27%","Dusp1/Ada/Chfr/Grb14/Ddb1/Tex11/Prdx4/Eaf2/Sod1/Plat/Arhgdib/Hpgds/Trip13/Kit/Ube2b"
"GO:0010569","GO:0010569","regulation of double-strand break repair via homologous recombination",58,0.220282925360923,0.895615851959299,0.649087221095335,0.825181456760404,0.664502559239401,2389,"tags=31%, list=23%, signal=24%","Crebbp/Vps72/Shld2/Smchd1/Arid2/Meaf6/Spidr/Mbtd1/Epc1/Chek1/Radx/Polq/Parp1/Ercc6/Abl1/Epc2/Peli1/Ep400"
"GO:0150076","GO:0150076","neuroinflammatory response",51,-0.230007676953642,-0.894164403031814,0.648702594810379,0.825181456760404,0.664502559239401,489,"tags=27%, list=5%, signal=26%","Naglu/Itgb1/Psen1/Casp1/Myo5a/Lrrk2/Bpgm/Slc9a6/Nampt/Pomgnt1/Csf1r/Hspa4/Calhm2/Lrp1"
"GO:0001881","GO:0001881","receptor recycling",45,-0.233976833105211,-0.892947069687568,0.651574803149606,0.825181456760404,0.664502559239401,2345,"tags=27%, list=23%, signal=21%","Nsf/Vamp3/Chmp5/Sorl1/Rab29/Ctsd/Pex5/Eps15/Plekha3/Pheta1/Ap1ar/Pex10"
"GO:0006110","GO:0006110","regulation of glycolytic process",38,0.241953351751833,0.887834759905337,0.653696498054475,0.825181456760404,0.664502559239401,1348,"tags=18%, list=13%, signal=16%","Zbtb20/Arnt/Ep300/Hdac4/Slc4a1/Mtch2/Ppargc1a"
"GO:0030811","GO:0030811","regulation of nucleotide catabolic process",38,0.241953351751833,0.887834759905337,0.653696498054475,0.825181456760404,0.664502559239401,1348,"tags=18%, list=13%, signal=16%","Zbtb20/Arnt/Ep300/Hdac4/Slc4a1/Mtch2/Ppargc1a"
"GO:0033121","GO:0033121","regulation of purine nucleotide catabolic process",38,0.241953351751833,0.887834759905337,0.653696498054475,0.825181456760404,0.664502559239401,1348,"tags=18%, list=13%, signal=16%","Zbtb20/Arnt/Ep300/Hdac4/Slc4a1/Mtch2/Ppargc1a"
"GO:0035850","GO:0035850","epithelial cell differentiation involved in kidney development",31,-0.257176065843686,-0.883096055524214,0.65495867768595,0.825181456760404,0.664502559239401,1620,"tags=23%, list=16%, signal=19%","Pax2/Ednra/Wwtr1/Foxj1/Myo1e/Asxl1/Prom1"
"GO:0009225","GO:0009225","nucleotide-sugar metabolic process",37,-0.244408584345713,-0.882861870414707,0.650924024640657,0.825181456760404,0.664502559239401,3612,"tags=43%, list=35%, signal=28%","Slc35c1/Gnpda1/Uap1l1/Parg/Gnpnat1/Extl2/Fpgt/Tgds/Uggt1/Pmm1/Cmas/Gnpda2/Gfpt1/Nanp/Dpagt1/Ugp2"
"GO:0033144","GO:0033144","negative regulation of intracellular steroid hormone receptor signaling pathway",25,-0.268027928712318,-0.882547952490454,0.651750972762646,0.825181456760404,0.664502559239401,1745,"tags=24%, list=17%, signal=20%","Bmal1/Phb2/Nr0b1/Cry1/Vps18/Vps11"
"GO:0009162","GO:0009162","deoxyribonucleoside monophosphate metabolic process",21,-0.284168027265472,-0.878627836077612,0.650698602794411,0.825181456760404,0.664502559239401,320,"tags=29%, list=3%, signal=28%","Nme1/Tyms/Uox/Tk2/Upp1/Tymp"
"GO:0048026","GO:0048026","positive regulation of mRNA splicing, via spliceosome",24,-0.270028845961651,-0.878054883107082,0.654970760233918,0.825181456760404,0.664502559239401,2274,"tags=29%, list=22%, signal=23%","Hspa8/Nup98/Exosc10/Zfp64/Slirp/Eif4a3/Cirbp"
"GO:0007435","GO:0007435","salivary gland morphogenesis",28,0.25677557552106,0.872281107041278,0.649087221095335,0.825181456760404,0.664502559239401,1824,"tags=25%, list=18%, signal=21%","Egfr/Sema3a/Lama1/Met/Bmp7/Tgfb2/Plxna1"
"GO:1902455","GO:1902455","negative regulation of stem cell population maintenance",21,0.279094504458857,0.871408736570716,0.652694610778443,0.825181456760404,0.664502559239401,1245,"tags=24%, list=12%, signal=21%","Sap130/Bmp7/Tet1/Arid4b/Arid4a"
"GO:0007164","GO:0007164","establishment of tissue polarity",30,0.250335196165283,0.869442989566815,0.654296875,0.825181456760404,0.664502559239401,3008,"tags=40%, list=29%, signal=28%","Hnf4a/Astn2/Erbb4/Brsk2/Celsr1/Ptk7/Pkhd1/Rpgrip1l/Jhy/Grhl3/Alms1/Sec24b"
"GO:0002052","GO:0002052","positive regulation of neuroblast proliferation",26,0.261066996119171,0.865733206126308,0.654471544715447,0.825181456760404,0.664502559239401,238,"tags=8%, list=2%, signal=8%","Drd2/Vegfc"
"GO:2000178","GO:2000178","negative regulation of neural precursor cell proliferation",24,0.26221888450168,0.850519081257676,0.652351738241309,0.825181456760404,0.664502559239401,2806,"tags=46%, list=27%, signal=33%","Prox1/Pde9a/Sirt2/Bdnf/Spint2/Appl2/Pax6/Btg2/Rapgef1/Fgfr3/Lims1"
"GO:0033673","GO:0033673","negative regulation of kinase activity",130,-0.196789521520235,-0.914655215527369,0.656826568265683,0.827175603426857,0.666108406719977,2032,"tags=25%, list=20%, signal=21%","Cdk5rap1/Gskip/Tfap4/Rb1/Cox11/Dtnbp1/Akt1/Zgpat/Wars1/Mapt/Dusp19/Prdx3/Prkar1a/Nf1/Chordc1/Wwtr1/Errfi1/Rgs2/Cep43/Nolc1/Ptprb/Stk38/Tsc2/Pdcd4/Spry1/Taf7/Rtraf/Park7/Fbxo7/Paqr3/Gstp3/Inpp5k/Aida"
"GO:0097529","GO:0097529","myeloid leukocyte migration",108,0.199424564122169,0.91418484934835,0.657387580299786,0.827538167140985,0.666400372219143,1566,"tags=18%, list=15%, signal=15%","Pecam1/Vegfc/Epx/Ano6/Pawr/Pdgfd/Itga9/Ptpro/Plcb1/Prex1/Pde4b/Ninj1/Ptk2/Enpp1/Cd200r1/Camk1d/Bcr/Cd74/Tgfb2"
"GO:0034113","GO:0034113","heterotypic cell-cell adhesion",24,0.260872895003241,0.846153302058476,0.658486707566462,0.828577543158796,0.667237361487611,2674,"tags=50%, list=26%, signal=37%","Nfasc/Ninj1/Bmp7/Cd200r1/Nrcam/Ptprc/Mbp/Gldn/Itga7/Wnk1/Tnfaip3/Parva"
"GO:0033574","GO:0033574","response to testosterone",24,-0.26983888229212,-0.8774371767763,0.658869395711501,0.828714931094167,0.667347997316755,2338,"tags=33%, list=23%, signal=26%","Edn1/Cflar/Cad/Psph/Gpi1/Msn/Tspo/Rps6kb1"
"GO:0003143","GO:0003143","embryonic heart tube morphogenesis",43,0.237235578619633,0.885884273794124,0.659274193548387,0.828880002677018,0.667480926248159,2710,"tags=30%, list=26%, signal=22%","Ccdc103/Kdm2a/Smad3/Tead1/Rnf207/Notch2/Arl13b/Acvr1/Srf/Lrp6/Sufu/Ift57/Ccdc39"
"GO:0033260","GO:0033260","nuclear DNA replication",22,-0.273544578972919,-0.863986749253689,0.660117878192534,0.829596503908494,0.668057910738193,2984,"tags=41%, list=29%, signal=29%","Recql5/Dbf4/Mcm4/Mcm6/Zmpste24/Gmnn/Zfp830/Pcna/Brca2"
"GO:0006720","GO:0006720","isoprenoid metabolic process",47,-0.230540814218431,-0.883424118790918,0.660642570281124,0.829911686547184,0.66831172117991,2899,"tags=34%, list=28%, signal=25%","Akr1b1/Srd5a3/Dgat2/Fdft1/Rdh11/Mvk/Dpm2/Phyh/Nus1/Pnpla2/Dpagt1/Bco2/Pdss1/Sdr16c5/Idi2/Pecr"
"GO:0110020","GO:0110020","regulation of actomyosin structure organization",83,0.209981069980244,0.909315018977431,0.661016949152542,0.830037859897308,0.668413326121924,2947,"tags=39%, list=29%, signal=28%","Arhgap6/Prox1/Prkd1/Myoc/Ep300/Tacr1/Met/Sh3pxd2b/Smad3/Ccdc88a/Akap13/Kank4/Ppfia1/Itgb1bp1/Wnt11/Abl1/Mtor/Clasp2/Tjp1/Arhgef10/Nox4/Clasp1/Tmeff2/Carmil1/Tsc1/Rapgef3/Arhgef10l/Cd47/Dlc1/Ppp1r9a/Alms1/Braf"
"GO:0010718","GO:0010718","positive regulation of epithelial to mesenchymal transition",39,0.234772529132684,0.871278227200545,0.662835249042146,0.831631803146046,0.669696897582954,1566,"tags=21%, list=15%, signal=17%","Tcf7l2/Smad3/Ptk2/Bmp7/Ezh2/Axin2/Acvr1/Tgfb2"
"GO:0060317","GO:0060317","cardiac epithelial to mesenchymal transition",21,-0.280728944269851,-0.867994429921361,0.662674650698603,0.831631803146046,0.669696897582954,913,"tags=14%, list=9%, signal=13%","Pdcd4/Has2/Spry1"
"GO:0120032","GO:0120032","regulation of plasma membrane bounded cell projection assembly",152,0.19315074897654,0.925968970799232,0.664529914529915,0.832339406461307,0.67026671675432,1064,"tags=13%, list=10%, signal=12%","Auts2/Hnf4a/Dbn1/Rap1gap/Prkcd/Plek2/Nlgn1/Klf5/Rhoq/Syne2/Tenm1/Septin9/Cdkl5/Nrxn1/Abi2/Agrn/Hdac4/Ccdc88a/Arf6/Ttbk2"
"GO:0072089","GO:0072089","stem cell proliferation",81,-0.211794995553249,-0.910085000867441,0.664772727272727,0.832339406461307,0.67026671675432,1298,"tags=14%, list=13%, signal=12%","Nf1/Pdcd2/Hmgb2/Sirt6/Ctc1/Zfp36l1/Ndufs6/Ccne1/Brca2/Kdr/Prg4"
"GO:0007044","GO:0007044","cell-substrate junction assembly",77,0.207356531173406,0.895824554272425,0.663883089770355,0.832339406461307,0.67026671675432,2810,"tags=38%, list=27%, signal=28%","Arhgap6/Bcl2/Epha3/Ptpra/Myoc/Peak1/Smad3/Map4k4/Ptk2/Dusp22/Ldb1/Bcr/Whamm/Dst/Tesk2/Vcl/Itgb1bp1/Col17a1/Ptprk/Lama3/Abl1/Clasp2/Clasp1/Tsc1/Rock1/Macf1/Dlc1/Lims1/Ptprj"
"GO:0034198","GO:0034198","cellular response to amino acid starvation",46,-0.230245946753766,-0.882023564589223,0.664694280078895,0.832339406461307,0.67026671675432,2129,"tags=28%, list=21%, signal=22%","Depdc5/Sesn2/Trim32/Szt2/Sar1b/Rragc/Eif2ak2/Map1lc3a/Atxn3/Itfg2/Lars1/Mios/Sesn1"
"GO:0141084","GO:0141084","inflammasome-mediated signaling pathway",27,-0.257325510592684,-0.865033224325555,0.664705882352941,0.832339406461307,0.67026671675432,2274,"tags=33%, list=22%, signal=26%","Hspa8/Fbxl2/Ddx3x/Ppp2ca/Brcc3dc/Cptp/Eif2ak2/Ogt/Lamp2"
"GO:0170040","GO:0170040","proteinogenic amino acid catabolic process",44,-0.233258137054997,-0.885771107737777,0.665338645418327,0.832360072509302,0.670283358720362,1425,"tags=18%, list=14%, signal=16%","Arg2/Got2/Mccc1/Aadat/Oat/Nos1/Dlst/Ppat"
"GO:0097300","GO:0097300","programmed necrotic cell death",37,-0.24260774025958,-0.876356793751933,0.665297741273101,0.832360072509302,0.670283358720362,3154,"tags=43%, list=31%, signal=30%","Slc25a4/Pgam5/Casp8/Dnm1l/Birc2/Mapk8/Casp1/Spata2/Cflar/Adprs/Ppif/Fadd/Tspo/Cyld/Asah1/Bok"
"GO:1901184","GO:1901184","regulation of ERBB signaling pathway",49,0.227900440295602,0.883083219793361,0.666666666666667,0.833677259595543,0.671344063832714,344,"tags=8%, list=3%, signal=8%","Cadm1/Egfr/Zfyve28/Ptprf"
"GO:0032680","GO:0032680","regulation of tumor necrosis factor production",81,-0.210733614053252,-0.905524235015433,0.670454545454545,0.837347517199186,0.674299650813866,1465,"tags=19%, list=14%, signal=16%","Ltf/Arg2/Cactin/Angpt1/Errfi1/Tspo/Tnfrsf1a/Rara/Ticam1/Gpr18/Csf1r/Akap12/Gstp3/Fxr1/Arhgef2"
"GO:0010565","GO:0010565","regulation of ketone metabolic process",90,0.204766828449829,0.901831952367006,0.670281995661605,0.837347517199186,0.674299650813866,2398,"tags=28%, list=23%, signal=21%","Hnf4a/Prkg1/Ncor2/Prox1/Sirt2/Bmp6/Srebf1/Dcaf5/Ppargc1a/Sirt4/Mfsd2a/Scap/Tpk1/Cd74/Kcnma1/Irs1/Cnr1/Mid1ip1/Ncor1/Eif2ak3/Mtor/Appl2/Pdk3/Bmp5/Rdh10"
"GO:0046688","GO:0046688","response to copper ion",20,-0.284094268341206,-0.868817582840557,0.670588235294118,0.837347517199186,0.674299650813866,1342,"tags=25%, list=13%, signal=22%","Map1lc3a/Sod1/Mt4/Park7/Cp"
"GO:1900077","GO:1900077","negative regulation of cellular response to insulin stimulus",33,-0.24600368823135,-0.864572580529108,0.670707070707071,0.837347517199186,0.674299650813866,1162,"tags=18%, list=11%, signal=16%","Prkcq/Tsc2/Pip4k2b/Rps6kb1/Pid1/Inpp5k"
"GO:0071677","GO:0071677","positive regulation of mononuclear cell migration",43,-0.232421800328724,-0.878877322648374,0.671936758893281,0.838537223824811,0.675257698393577,2143,"tags=26%, list=21%, signal=20%","C1qbp/Cxcl12/Abl2/Fadd/Mdk/P2rx4/Nedd9/Pla2g7/Adam8/Csf1r/Cxcl14"
"GO:0031570","GO:0031570","DNA integrity checkpoint signaling",89,-0.207430821734298,-0.906688113795964,0.672316384180791,0.838665559517413,0.675361044627884,2083,"tags=20%, list=20%, signal=16%","Ptpn11/Brcc3dc/Tiprl/Ccnd1/Clspn/Xpc/Msh2/Mbd4/Abraxas1/Fzr1/Stk38/Tipin/Zfp830/Brca2/Cry1/Rint1/Syf2/Chek2"
"GO:0072666","GO:0072666","establishment of protein localization to vacuole",43,-0.23202590382696,-0.877380283829194,0.673913043478261,0.840311325818572,0.676686348183933,2751,"tags=40%, list=27%, signal=29%","Vps37a/Cacng5/Scarb2/Gcc2/Sqstm1/Vps8/Vps53/Hspa8/Sorl1/Ncoa4/Hgs/Sort1/Lhcgr/Lamp2/Vps28/M6pr/Gga3"
"GO:0031032","GO:0031032","actomyosin structure organization",149,0.192402533549561,0.918551020838298,0.674568965517241,0.840569322862269,0.676894108179517,2964,"tags=36%, list=29%, signal=26%","Arhgap6/Epb41l4b/Phactr1/Rtkn/Fhod3/Prox1/Pdlim1/Prkd1/Nebl/Myoc/Ep300/Tacr1/Met/Sh3pxd2b/Smad3/Ccdc88a/Akap13/Kank4/Cdc42bpa/Ldb3/Myo18a/Cdc42bpb/Ppfia1/Epb41l1/Itgb1bp1/Myo18b/Ttn/Myh10/Fam171a1/Wnt11/Srf/Abl1/Mtor/Clasp2/Tjp1/Arhgef10/Nox4/Cnn3/Clasp1/Tmeff2/Carmil1/Tsc1/Rock1/Rapgef3/Arhgef10l/Zyx/Cd47/Dlc1/Luzp1/Ppp1r9a/Alms1/Braf/Cavin4"
"GO:0009137","GO:0009137","purine nucleoside diphosphate catabolic process",77,-0.210766305868124,-0.899398683783219,0.674952198852772,0.840569322862269,0.676894108179517,2138,"tags=25%, list=21%, signal=20%","Hk2/Src/Ppp2ca/Mfsd8/Hif1a/Bpgm/Ddit4/Gpi1/Pfkfb2/Prkaa2/Sirt6/Eif6/Pgam1/Insr/Ogt/Ampd3/Nudt9/Pkm/Entpd2"
"GO:0009181","GO:0009181","purine ribonucleoside diphosphate catabolic process",77,-0.210766305868124,-0.899398683783219,0.674952198852772,0.840569322862269,0.676894108179517,2138,"tags=25%, list=21%, signal=20%","Hk2/Src/Ppp2ca/Mfsd8/Hif1a/Bpgm/Ddit4/Gpi1/Pfkfb2/Prkaa2/Sirt6/Eif6/Pgam1/Insr/Ogt/Ampd3/Nudt9/Pkm/Entpd2"
"GO:0072384","GO:0072384","organelle transport along microtubule",72,0.211330810227584,0.90007170798504,0.676229508196721,0.840661264865747,0.676968147284628,1835,"tags=19%, list=18%, signal=16%","Agbl4/Kifc1/Syne2/Rasgrp1/Bicd2/Nde1/Borcs5/Sybu/Ap3d1/Bicdl1/Kif13a/Kif1b/Map2/Bloc1s4"
"GO:0006901","GO:0006901","vesicle coating",24,-0.264954949822338,-0.861556055859067,0.676413255360624,0.840661264865747,0.676968147284628,2035,"tags=42%, list=20%, signal=33%","Trappc2l/Ap3b2/Mapk15/Klhl12/Pdcd6/Sar1b/Trappc3/Sec16a/Ap3m2/Trappc6b"
"GO:1902622","GO:1902622","regulation of neutrophil migration",29,-0.251782436402486,-0.860195626434634,0.676,0.840661264865747,0.676968147284628,3660,"tags=52%, list=36%, signal=33%","Cd99l2/Jam3/Mospd2/Thbs4/Dnm1l/Dysf/Mpp1/Edn1/Mcu/Rac1/C1qbp/Mdk/Rac3/Ednra/Adam8"
"GO:0097006","GO:0097006","regulation of plasma lipoprotein particle levels",28,0.252095778582992,0.856383572995906,0.675456389452333,0.840661264865747,0.676968147284628,524,"tags=11%, list=5%, signal=10%","Abcg1/Lmf1/Lpcat3"
"GO:0046685","GO:0046685","response to arsenic-containing substance",25,0.258699640390535,0.852959044132431,0.676229508196721,0.840661264865747,0.676968147284628,1526,"tags=20%, list=15%, signal=17%","Mapk13/Gria1/Nr3c1/Slc4a1/Hsf1"
"GO:1904019","GO:1904019","epithelial cell apoptotic process",71,0.214907215308922,0.907780827858896,0.677083333333333,0.841149036490365,0.677360940276069,2472,"tags=28%, list=24%, signal=22%","Wfs1/Bcl2/Six3/Igf1r/Capn10/Adar/Cdkn1b/Tcf7l2/Arf6/Mtch2/Ppargc1a/Gsk3b/Pkhd1/Igf1/Wnt11/Abl1/Mtor/Nfkbiz/Btc/Stk3"
"GO:0006739","GO:0006739","NADP metabolic process",26,-0.258268832462544,-0.859903732464583,0.67843137254902,0.842478302796529,0.67843137254902,3353,"tags=46%, list=33%, signal=31%","Idh1/Noct/Kcnab2/Hnf1a/Nadk/Mdh1/Rpia/Txnrd1/H6pd/Taldo1/Fdx1/Pgd"
"GO:0001776","GO:0001776","leukocyte homeostasis",68,-0.215518140802213,-0.889097745538057,0.679841897233202,0.843193184042817,0.679007052496525,2720,"tags=31%, list=27%, signal=23%","Il18/Dock10/Bbs4/Mif/Casp3/Ppp2ca/Hif1a/Siva1/Dock11/Fadd/Akt1/Sos1/Rc3h2/Nf1/Slc15a4/Wdr37/Slc37a4/Csf1r/Gpr183/Pik3cd/Ppp2r3c"
"GO:0006487","GO:0006487","protein N-linked glycosylation",57,-0.219204312388134,-0.880202852903465,0.67953667953668,0.843193184042817,0.679007052496525,2809,"tags=32%, list=27%, signal=23%","Alg5/Srd5a3/Uggt1/Pmm1/B4galt7/Gorasp1/St6gal1/Alg11/Alg12/Nus1/Gfpt1/Uggt2/Ext2/Mgat5/Magt1/Dolk/Dpagt1/Rft1"
"GO:0032885","GO:0032885","regulation of polysaccharide biosynthetic process",28,-0.249715533170746,-0.845366485557662,0.679764243614931,0.843193184042817,0.679007052496525,1815,"tags=25%, list=18%, signal=21%","Akt2/Akt1/Gfpt1/Has2/Insr/Cltc/Inpp5k"
"GO:0050821","GO:0050821","protein stabilization",145,-0.193537273497668,-0.90944406446561,0.681647940074906,0.844741618988534,0.680253977007269,2567,"tags=27%, list=25%, signal=20%","Rpl23/Pex19/Gapdh/Cct4/Trim37/Afm/Sav1/Bag5/Sumo1/Dcaf11/Mfsd8/Rpl5/Akt2/Usp19/Nckap1/Phb2/Cct2/Wdr81/Rabl3/Bag2/Bag3/Cog7/Taf9/Stub1/Bag1/Sec16a/Mtmr9/Glmp/Crebl2/Park7/Lamp2/Cct8/Ptges3/Mcm8/Pfn2/Golga7/Ube2b/Rab21/Chek2"
"GO:0050792","GO:0050792","regulation of viral process",78,0.206411046619846,0.889386947874449,0.681528662420382,0.844741618988534,0.680253977007269,2137,"tags=27%, list=21%, signal=21%","Bcl2/Prox1/Trim25/Crebbp/Adar/Hexim1/Srpk2/Smpd1/Plscr1/Pkn2/Top2a/Cd74/Mdfic/Ifih1/Trim8/Hs3st5/Rsf1/Tyro3/Mphosph8/Zc3hav1/Furin"
"GO:0046634","GO:0046634","regulation of alpha-beta T cell activation",44,0.233269031734293,0.880987977734322,0.682,0.84483237939493,0.680327064595257,2273,"tags=30%, list=22%, signal=23%","Rc3h1/Ep300/Adora2a/Socs1/Ap3d1/Itpkb/Sh3rf1/Sash3/Ptprc/Mapk8ip1/Irf1/Gli3/Nfkbiz"
"GO:0008593","GO:0008593","regulation of Notch signaling pathway",71,0.213323378694023,0.901090608028909,0.683333333333333,0.845792483660131,0.681100217864924,1968,"tags=21%, list=19%, signal=17%","Robo1/Srebf2/Cntn6/Lfng/Prag1/Zmiz1/Robo2/Tspear/Bmp7/Cbfa2t2/Gdpd5/Tgfb2/Epn2/Itgb1bp1/Nrarp"
"GO:0048311","GO:0048311","mitochondrion distribution",23,-0.270152408184576,-0.85832820016308,0.683168316831683,0.845792483660131,0.681100217864924,2891,"tags=39%, list=28%, signal=28%","Mfn1/Dnm1l/Opa1/Mfn2/Lrrk2/Synj2bp/Mapt/Myo19/Ogt"
"GO:0050819","GO:0050819","negative regulation of coagulation",22,-0.270339347407206,-0.853863069919726,0.68565815324165,0.848323480735892,0.683138380526593,1017,"tags=18%, list=10%, signal=16%","Plat/Anxa5/Pdgfra/Kng1"
"GO:1903580","GO:1903580","positive regulation of ATP metabolic process",30,-0.251234524388921,-0.860356292455526,0.687755102040816,0.850570595585173,0.684947938359017,2031,"tags=37%, list=20%, signal=29%","Psen1/Hnf1a/Eno1/Src/Ppp2ca/Hif1a/Prkaa2/Map2k1/Insr/Pid1/Tmsb4x"
"GO:0016126","GO:0016126","sterol biosynthetic process",45,0.234278061915981,0.883579795472599,0.688259109311741,0.85084663452247,0.685170227140207,1707,"tags=18%, list=17%, signal=15%","Cftr/Abcg1/Srebf2/Lpcat3/Qki/Srebf1/Scap/Gnai1"
"GO:0001893","GO:0001893","maternal placenta development",26,0.256234466723754,0.849707889907156,0.689024390243902,0.851445310945768,0.685652329606493,1014,"tags=19%, list=10%, signal=17%","Ghrl/Stox2/Bmpr2/Nr2f2/Dedd"
"GO:0051261","GO:0051261","protein depolymerization",90,-0.203674615780472,-0.893516845047981,0.689463955637708,0.851641168194967,0.685810049635551,2646,"tags=31%, list=26%, signal=23%","Tmod3/Pdxp/Twf2/Dmtn/Ccsap/Mtpn/Hspa8/Tpx2/Sh3gl1/Dnajc6/Gsn/Cfl2/Pik3ca/Mical2/Wdr47/Synj1/Capza1b/Stmn1/Vps4b/Dstn/Wdr1/Ppp1r9b/Cltc/Lima1/Apc2/Sgk1/Ccn2/Arhgef2"
"GO:0170035","GO:0170035","L-amino acid catabolic process",46,-0.225597401608418,-0.864215970505327,0.690335305719921,0.852369998505037,0.686396962492505,1425,"tags=17%, list=14%, signal=15%","Arg2/Got2/Mccc1/Aadat/Oat/Nos1/Dlst/Ppat"
"GO:0006835","GO:0006835","dicarboxylic acid transport",72,0.208915888358045,0.889786398193131,0.692622950819672,0.854498184439579,0.688110749185668,1494,"tags=18%, list=15%, signal=16%","Prkg1/Kcnk2/Prkcd/Ttyh3/Epm2a/Slc26a7/Adora2a/Grm7/Grin2b/Nr3c1/Ntsr1/Slc25a32/Bdnf"
"GO:0002703","GO:0002703","regulation of leukocyte mediated immunity",91,-0.202198593026353,-0.885432552179816,0.692592592592593,0.854498184439579,0.688110749185668,1433,"tags=18%, list=14%, signal=15%","Traf6/Msh2/Rabgef1/Adora2b/Slc15a4/Foxj1/Ddx21/Mlh1/Clnk/Ticam1/Supt6/Snx4/Stx7/Ddx1/Kit/Cd226"
"GO:0006909","GO:0006909","phagocytosis",118,0.194393010632724,0.904202977014054,0.693790149892934,0.855500406834825,0.688917819365338,2245,"tags=25%, list=22%, signal=19%","Pecam1/Xkr6/Elmo1/Rap1gap/Adgrb1/Ano6/Eif2ak1/Xkr4/Mex3b/Rab39/Ptk2/Plscr1/Anxa11/Irf8/Myo18a/Camk1d/Bcr/Slc11a1/Gulp1/Colec11/Arhgap12/Ptprc/Lman2/Xkr8/Tyro3/Gas6/Abl1/Appl2/Calr"
"GO:0042733","GO:0042733","embryonic digit morphogenesis",44,0.230261170030886,0.869628175793671,0.694,0.855500406834825,0.688917819365338,2267,"tags=30%, list=22%, signal=23%","Chst11/Wnt7a/Traf3ip1/Ttbk2/Zbtb16/Lmbr1/Bmpr1a/Lrp4/Lrp5/Bpnt2/Gna12/Lrp6/Gli3"
"GO:0062013","GO:0062013","positive regulation of small molecule metabolic process",116,0.195901713242429,0.908560035178254,0.696842105263158,0.855606320197982,0.689003109334349,2220,"tags=22%, list=22%, signal=18%","Zbtb20/Abcg1/Clybl/Arnt/Hnf4a/Foxo1/Srebf2/Tcf7l2/Qki/Sirt2/Bmp6/Srebf1/Ntsr1/Pou1f1/Ppargc1a/Scap/Cd74/Phka1/Gnai1/Irs1/Epm2aip1/Mid1ip1/Prkn/Igf1/Mtor/Adcyap1r1"
"GO:0002218","GO:0002218","activation of innate immune response",163,0.186582595107118,0.908346329679477,0.69593147751606,0.855606320197982,0.689003109334349,2273,"tags=25%, list=22%, signal=20%","Irf7/Nmi/Trim25/Znrf1/Ptprs/Smpdl3b/Prkd1/Pum2/Mfhas1/Lsm14a/Hexim1/Sirt2/Matr3/Ninj1/Prkce/Kcnk13/Arf6/Rbm14/Ifi35/Lats1/Elp6/Mapkapk3/Dab2ip/Lgr4/Lyplal1/Xrcc6/Rps6ka3/Ifih1/Chuk/Map3k7/Ankrd17/Tyro3/Irf2/Zc3hav1/Parp1/Rnf144a/Tkfc/Appl2/Irf1/Peli1/Nfkbiz"
"GO:0071897","GO:0071897","DNA biosynthetic process",120,-0.19722925452269,-0.903015934824065,0.697196261682243,0.855606320197982,0.689003109334349,2179,"tags=23%, list=21%, signal=19%","Hgf/Polg2/Lig3/Src/Tnks/Poll/Exosc10/Pole/Nat10/Ten1/Cct2/Rfc4/Map3k4/Chtf18/Prkcq/Wrnip1/Ccna2/Rgcc/Ctc1/Pcna/Rfc3/Cct8/Ptges3/Tk2/Rrm1/Rrm2b/Ccn2/Polb"
"GO:0043535","GO:0043535","regulation of blood vessel endothelial cell migration",66,0.211552718351481,0.888063147836725,0.694779116465863,0.855606320197982,0.689003109334349,2626,"tags=33%, list=26%, signal=25%","Vegfc/Hspb1/Plcg1/Prkd1/Amotl1/Jcad/Akt3/Ets1/Atp2b4/Tgfbr3/Pik3c2a/Itgb1bp1/Fbxw7/Map3k3/Igf1/Hdac9/Abl1/Col18a1/Stard13/Fgf18/Prkca/Angpt2"
"GO:0030865","GO:0030865","cortical cytoskeleton organization",46,0.233601770064735,0.88250905758515,0.696969696969697,0.855606320197982,0.689003109334349,1027,"tags=13%, list=10%, signal=12%","Rtkn/Fhod3/Nlgn1/Rhoq/Rhobtb2/Arf6"
"GO:2000106","GO:2000106","regulation of leukocyte apoptotic process",48,0.228145924249545,0.877603328946598,0.696606786427146,0.855606320197982,0.689003109334349,60,"tags=6%, list=1%, signal=6%","Bcl11b/Foxp1/Bcl2"
"GO:0034620","GO:0034620","cellular response to unfolded protein",69,-0.209674769074799,-0.87564445108428,0.697896749521989,0.855606320197982,0.689003109334349,2016,"tags=25%, list=20%, signal=20%","Ficd/Xbp1/Pdia6/Akt2/Ccnd1/Akt1/Eif2ak2/Yod1/Derl1/Dnajb9/Stc2/Bag3/Tmbim4/Stub1/Bfar/Tm7sf3/Bok"
"GO:0030968","GO:0030968","endoplasmic reticulum unfolded protein response",58,-0.218859815000034,-0.874114301645243,0.695481335952849,0.855606320197982,0.689003109334349,2016,"tags=34%, list=20%, signal=28%","Parp16/Eif2a/Tmed2/Nfe2l2/Cops5/Ficd/Xbp1/Pdia6/Akt2/Ccnd1/Akt1/Eif2ak2/Yod1/Derl1/Dnajb9/Stc2/Tmbim4/Stub1/Bfar/Bok"
"GO:2000772","GO:2000772","regulation of cellular senescence",36,0.238387347705934,0.864193913493155,0.695652173913043,0.855606320197982,0.689003109334349,2475,"tags=31%, list=24%, signal=23%","B2m/Pawr/Akt3/Fbxo5/Bmpr1a/Cdk6/Map3k3/Abl1/Mtor/Zfp277/Tert"
"GO:0044848","GO:0044848","biological phase",32,-0.248885514612519,-0.859274930964306,0.697916666666667,0.855606320197982,0.689003109334349,943,"tags=16%, list=9%, signal=14%","Ppard/Mlh1/Piwil1/Ube2b/Chek2"
"GO:0050685","GO:0050685","positive regulation of mRNA processing",27,-0.253409500734319,-0.851869047068235,0.698039215686274,0.855606320197982,0.689003109334349,2274,"tags=26%, list=22%, signal=20%","Hspa8/Nup98/Exosc10/Zfp64/Slirp/Eif4a3/Cirbp"
"GO:0071398","GO:0071398","cellular response to fatty acid",20,-0.278006221463779,-0.850199107349479,0.696078431372549,0.855606320197982,0.689003109334349,1063,"tags=25%, list=10%, signal=22%","Ranbp1/Smarcd1/Pdk4/Cpt1a/Pid1"
"GO:0006301","GO:0006301","postreplication repair",20,0.277559903047311,0.849730454800547,0.697154471544715,0.855606320197982,0.689003109334349,2079,"tags=35%, list=20%, signal=28%","Polh/Aktip/Rev1/Ube2v1/Pole2/Rad18/Polq"
"GO:0045604","GO:0045604","regulation of epidermal cell differentiation",28,0.247063231636895,0.839287727285228,0.697768762677485,0.855606320197982,0.689003109334349,2839,"tags=39%, list=28%, signal=28%","Klf7/Abca12/Ezh2/Tgfb2/Hey2/Ptch2/Rock1/Fgfr3/Kdf1/Cd109/Ncoa3"
"GO:1990823","GO:1990823","response to leukemia inhibitory factor",97,-0.201377087362324,-0.89605479256252,0.698706099815157,0.856077429211454,0.689382484249488,2584,"tags=29%, list=25%, signal=22%","Kdm5b/B3gnt2/Pmm1/Nfyb/Spry2/Nol8/Hk2/Nr5a2/Eif4a2/Xbp1/Mybl2/Sstr1/Rnmt/Chchd4/Nrp2/Cacybp/Pcolce2/Ubxn2a/Ubtf/Mpc1/Hells/Nup35/Mynn/Rps16/Smarca5/Mrpl15/Mcf2/Mat2a"
"GO:0071715","GO:0071715","icosanoid transport",33,-0.241947720898803,-0.850318005045084,0.698989898989899,0.856078978956909,0.689383732229326,2642,"tags=36%, list=26%, signal=27%","Abcc6/Mif/Edn1/Pnpla8/Atp5pf/Agtr2/Lhcgr/Abcc4/Abcc1/Pla2g12a/Pla2g12b/Pla2r1"
"GO:0045069","GO:0045069","regulation of viral genome replication",43,-0.228501461085179,-0.864052993547717,0.699604743083004,0.856485806683435,0.68971134267577,648,"tags=12%, list=6%, signal=11%","Ppih/Setdb1/Znfx1/Inpp5k/Ddx5"
"GO:0032869","GO:0032869","cellular response to insulin stimulus",191,-0.185564841494963,-0.908577017952277,0.701107011070111,0.857978288991291,0.690913209616749,2371,"tags=26%, list=23%, signal=20%","Prkcz/Uchl3/Appl1/Opa1/Myo5a/Lpin2/Slc27a4/C1qtnf12/Mfn2/Adipor1/Sorl1/Ptpn11/Src/Rb1/Xbp1/Wdtc1/Got1/Akt2/Akt1/Sos1/Flt1/Pik3ca/Kbtbd2/Ctsd/Gclc/Flt4/Prkcq/Eef2k/Zdhhc7/Cyfip1/Tsc2/Map2k1/Zfp36l1/Pdk4/Insr/Ogt/Csf1r/Pip4k2b/Rab8a/Sgk1/Rps6kb1/Pdgfra/Kit/Pkm/Pid1/Inpp5k/Usf1/Kdr/Igfbp1"
"GO:0001818","GO:0001818","negative regulation of cytokine production",139,-0.191636082000902,-0.900124849914442,0.704672897196262,0.860657348015284,0.693070603682275,2289,"tags=25%, list=22%, signal=20%","Ssc5d/Hdac3/Bank1/Hgf/Rac1/C1qbp/Atg5/Ptpn11/Ezr/Cptp/Tusc2/Ufd1/Aqp4/Flt1/Ltf/Nutf2/Arg2/Cactin/Rabgef1/Angpt1/Errfi1/Fn1/Foxj1/Tspo/Pdcd4/Rgcc/Tnfrsf1a/Rara/Slc37a4/Gpr18/Arrb1/Gstp3/Fxr1/Kat8/Prg4"
"GO:0043200","GO:0043200","response to amino acid",98,0.197833234550404,0.890435157501215,0.704255319148936,0.860657348015284,0.693070603682275,2855,"tags=38%, list=28%, signal=28%","Egfr/Igf1r/Glra3/Pdgfd/Cdkn1b/Col4a6/Ep300/Fyn/Pdgfc/Gria1/Hnrnpd/Socs1/Castor2/Gria2/Kcnb1/Hsf1/Capn2/Grin3b/Zeb1/Prkn/Cpeb4/Glra1/Mtor/Samtor/Cybb/Tmbim6/Sesn3/Sst/Rragb/Glra2/Crls1/Grin1/Glra4/Klhl22/Nsmf/Gdf10/Cpeb3"
"GO:0046530","GO:0046530","photoreceptor cell differentiation",46,0.231551189894364,0.874762303041486,0.705050505050505,0.860657348015284,0.693070603682275,1446,"tags=20%, list=14%, signal=17%","Sdk2/Dscam/Thrb/Rpgr/Olfm3/Sox8/Elp6/Ush1c/Mfsd2a"
"GO:0046824","GO:0046824","positive regulation of nucleocytoplasmic transport",51,-0.222911737378891,-0.866578643035265,0.704590818363273,0.860657348015284,0.693070603682275,1475,"tags=31%, list=14%, signal=27%","Mapk14/Ipo5/Hdac3/Ywhae/Xbp1/Jup/Nutf2/Ran/Prpf4b/Bag3/Rbm22/Ppm1a/Prkcq/Sirt6/Tnfrsf1a/Ncbp2"
"GO:0030042","GO:0030042","actin filament depolymerization",44,-0.227315883245922,-0.863206078258515,0.705179282868526,0.860657348015284,0.693070603682275,3402,"tags=43%, list=33%, signal=29%","Specc1l/Swap70/Sptan1/Plekhh2/Shroom2/Tmod3/Pdxp/Twf2/Dmtn/Mtpn/Gsn/Cfl2/Pik3ca/Mical2/Capza1b/Dstn/Wdr1/Ppp1r9b/Lima1"
"GO:0019083","GO:0019083","viral transcription",35,-0.239457809892393,-0.854636207838187,0.704365079365079,0.860657348015284,0.693070603682275,2347,"tags=29%, list=23%, signal=22%","Ubp1/Trim32/Tfap4/Trim13/Ccnt1/Gtf2b/Smarcb1/Cdk9/Inpp5k/Usf1"
"GO:1900744","GO:1900744","regulation of p38MAPK cascade",26,0.254186614309378,0.842916936386696,0.705284552845528,0.860657348015284,0.693070603682275,1591,"tags=23%, list=16%, signal=20%","Oprk1/Mfhas1/Sash1/Met/Dab2ip/Ulk4"
"GO:0017148","GO:0017148","negative regulation of translation",93,-0.204254036035691,-0.897603413908016,0.706642066420664,0.861102991328072,0.69342947156452,2229,"tags=27%, list=22%, signal=21%","Xrn1/Bank1/Sesn2/Pcif1/Ireb2/Ddx3x/Paip2/Tyms/Igf2bp2/Srp9/Eif4g1/Eif2ak2/Ago2/Eif4e/Ago1/Otud6b/Rgs2/Cyfip1/Rara/Eif6/Cnot10/Eif4a3/Cirbp/Fxr1/Tob1"
"GO:0048534","GO:0048534","hematopoietic or lymphoid organ development",72,0.206983753552648,0.881557310004436,0.706967213114754,0.861102991328072,0.69342947156452,2459,"tags=32%, list=24%, signal=24%","Bcl11b/Bcl2/Rc3h1/Tet2/Lmo4/Nfkb1/Nfatc3/Ccnb2/Lrrc17/Tox/Kmt2a/Pbx1/Rorc/Mafb/Lrp5/Ephb3/Ptprc/Srf/Abl1/Mad1l1/Nfkbiz/Ret/Cacnb4"
"GO:0045913","GO:0045913","positive regulation of carbohydrate metabolic process",66,0.208869543216492,0.876799624611197,0.706827309236948,0.861102991328072,0.69342947156452,3214,"tags=36%, list=31%, signal=25%","Zbtb20/Arnt/Hnf4a/Foxo1/Tcf7l2/Nfkb1/Ntsr1/Pou1f1/Phka1/Irs1/Epm2aip1/Igf1/Mtor/Adcyap1r1/Supt20/Pth1r/Phkb/P2ry1/Slc4a4/Slc25a12/Ppara/Oprm1/App/Dyrk2"
"GO:0042307","GO:0042307","positive regulation of protein import into nucleus",35,0.23854069081637,0.857264642858582,0.706827309236948,0.861102991328072,0.69342947156452,902,"tags=14%, list=9%, signal=13%","Ptpn5/Prkcd/Prkd1/Ep300/Akap5"
"GO:0051341","GO:0051341","regulation of oxidoreductase activity",33,-0.241071201626914,-0.847237504365485,0.707070707070707,0.861102991328072,0.69342947156452,2703,"tags=36%, list=26%, signal=27%","Sdhaf4/Gla/Edn1/Sirt3/Ndufa4/Szt2/Abl2/Akt1/Nus1/Phb2/Htr2b/Park7"
"GO:0002697","GO:0002697","regulation of immune effector process",162,0.185308071272243,0.901526540999181,0.708510638297872,0.862509937341323,0.694562457793013,2580,"tags=28%, list=25%, signal=21%","Tap1/Foxp1/Cadm1/B2m/Tap2/Epx/Rasgrp1/Rc3h1/Dennd1b/Serping1/Ep300/Ptpn6/Shld2/Grn/Fbxo38/Dusp22/Myo18a/Card9/Bcr/Cd74/Tgfb2/Kmt5b/Colec11/Atad5/Map3k7/Susd4/Sash3/Ankrd17/Ptprc/Pms2/Pik3r6/Il13ra1/Ephb2/Appl2/Irf1/Nfkbiz/Tmbim6/Crhr1/Klrh1/Ube2j1/Hmces/Rac2/Dhx36/Brd2/Tnfaip3"
"GO:0060966","GO:0060966","regulation of gene silencing by regulatory ncRNA",20,0.274530736954695,0.840456872221488,0.709349593495935,0.863184445097463,0.695105625755053,899,"tags=20%, list=9%, signal=18%","Elavl1/Adar/Pum2/Tnrc6c"
"GO:1902235","GO:1902235","regulation of endoplasmic reticulum stress-induced intrinsic apoptotic signaling pathway",21,0.267126663219983,0.834041890406307,0.710578842315369,0.864333156248723,0.696030660477519,133,"tags=10%, list=1%, signal=9%","Wfs1/Nck2"
"GO:0010762","GO:0010762","regulation of fibroblast migration",36,-0.238867712210654,-0.855686239527422,0.711693548387097,0.864994565428361,0.696563280410957,2481,"tags=31%, list=24%, signal=23%","Dmtn/Sdc4/Appl1/Rac1/Mmp1a/Akt1/Prr5l/Nherf1/Cygb/Tsc2/Akap12"
"GO:1902229","GO:1902229","regulation of intrinsic apoptotic signaling pathway in response to DNA damage",24,0.253931654680543,0.823639067993037,0.711656441717791,0.864994565428361,0.696563280410957,1612,"tags=21%, list=16%, signal=18%","Tmem161a/Plscr1/Mtch2/Cd74/Atad5"
"GO:1903050","GO:1903050","regulation of proteolysis involved in protein catabolic process",168,-0.186971062597749,-0.90088617377846,0.712177121771218,0.865235236153484,0.696757087859571,2957,"tags=32%, list=29%, signal=23%","Trib1/Psmd14/Csnk2a2/Oaz1/Chfr/Psen1/Gipc1/Aurka/Mapk8/Egf/Eif2a/Rpl23/Zfand2a/Trim67/Usp14/Ubb/Bag5/Sumo1/Lrrk2/Zer1/Desi1/Pabir1/Rpl5/Bbs7/Usp19/Nudt15/Osbpl7/Akt1/Anks1/Usp5/Bag2/Tmem67/Gclc/Sumo3/Psme1/Fzr1/Atxn3/Sirt6/Csnk1e/Ophn1/Taf9/Stub1/Ubxn2a/Traf7/Zyg11b/Uchl5/Aqp11/Gabarapl2/Ogt/Park7/Paqr3/Ufsp2/Psme3"
"GO:0046425","GO:0046425","regulation of receptor signaling pathway via JAK-STAT",49,0.222045238975488,0.860395110776992,0.714003944773176,0.867106995055199,0.698264378856332,2386,"tags=31%, list=23%, signal=24%","Hnf4a/Parp14/Dab1/Ep300/Socs1/Traf3ip1/Erbb4/Inpp5f/Ptprc/Dot1l/Ephb2/Ercc6/Ggnbp2/Irf1/Ret"
"GO:0010812","GO:0010812","negative regulation of cell-substrate adhesion",40,-0.235123595366073,-0.861892292638006,0.714583333333333,0.867115538646376,0.698271258843946,275,"tags=10%, list=3%, signal=10%","Coro2b/Ap1ar/Actn4/Lrp1"
"GO:0042558","GO:0042558","pteridine-containing compound metabolic process",21,-0.271056913706896,-0.838089182079856,0.714570858283433,0.867115538646376,0.698271258843946,3107,"tags=38%, list=30%, signal=27%","Mtr/Spr/Aasdhppt/Mthfd2/Tyms/Folh1/Atic/Ggh"
"GO:0051056","GO:0051056","regulation of small GTPase mediated signal transduction",184,-0.187371184077178,-0.912195476827852,0.715596330275229,0.867503357794951,0.6985835620527,1371,"tags=16%, list=13%, signal=14%","Rasgrf1/Nf1/Adgrg1/Rabgef1/Bnip2/Kras/Sgsm3/Dock9/Nrp1/Stmn1/Tsc2/Ophn1/Arhgdib/Arfgap1/Map2k1/Dynlt1c/Itga3/Arhgap44/Stambp/Spry1/Ogt/Dock7/Net1/Ppp2cb/Arrb1/Frmd7/Itgav/Cyth4/Arhgef2/Abra"
"GO:1903312","GO:1903312","negative regulation of mRNA metabolic process",69,0.208248527380897,0.877300325250208,0.7160751565762,0.867503357794951,0.6985835620527,2411,"tags=33%, list=24%, signal=26%","Rbm38/Igf2bp3/Elavl1/Rbmxl1/Qki/Boll/Hnrnpd/Tent4a/Rbm24/Axin2/Ptbp1/Slc11a1/Thrap3/Syncrip/Tardbp/Hnrnpu/Srsf7/Mtor/Tent5a/Pcbp4/Sfswap/Rbm20/Igf2bp1"
"GO:0030488","GO:0030488","tRNA methylation",31,-0.245946156012243,-0.844534578026272,0.716942148760331,0.867503357794951,0.6985835620527,605,"tags=29%, list=6%, signal=27%","Trmt10c/Thada/Trmt12/Thumpd2/Akt1/Nsun2/Trmt44/Lcmt2/Trmt13"
"GO:0042278","GO:0042278","purine nucleoside metabolic process",23,-0.263102720689363,-0.835929933865399,0.716831683168317,0.867503357794951,0.6985835620527,1987,"tags=30%, list=19%, signal=25%","Adal/Oard1/Hprt1/Aprt/Uox/Nudt1/Pgm2"
"GO:0010664","GO:0010664","negative regulation of striated muscle cell apoptotic process",26,0.251937596677493,0.835458891999509,0.717479674796748,0.867503357794951,0.6985835620527,1526,"tags=19%, list=15%, signal=16%","Bcl2/Ambra1/Qki/Sirt4/Hsf1"
"GO:0002686","GO:0002686","negative regulation of leukocyte migration",24,-0.255488696312792,-0.830774566240117,0.715399610136452,0.867503357794951,0.6985835620527,3105,"tags=46%, list=30%, signal=32%","Dusp1/Ada/Wasl/Mif/Abr/Nbl1/Cxcl12/Akt1/Nf1/Rabgef1/Gpr18"
"GO:0044319","GO:0044319","wound healing, spreading of cells",25,0.250483108031763,0.825868300688639,0.717213114754098,0.867503357794951,0.6985835620527,2474,"tags=36%, list=24%, signal=27%","Wnt7a/Pard3/Col5a1/Mrtfa/Fermt1/Mtor/Clasp2/Clasp1/Tmeff2"
"GO:0090504","GO:0090504","epiboly",25,0.250483108031763,0.825868300688639,0.717213114754098,0.867503357794951,0.6985835620527,2474,"tags=36%, list=24%, signal=27%","Wnt7a/Pard3/Col5a1/Mrtfa/Fermt1/Mtor/Clasp2/Clasp1/Tmeff2"
"GO:0090505","GO:0090505","epiboly involved in wound healing",25,0.250483108031763,0.825868300688639,0.717213114754098,0.867503357794951,0.6985835620527,2474,"tags=36%, list=24%, signal=27%","Wnt7a/Pard3/Col5a1/Mrtfa/Fermt1/Mtor/Clasp2/Clasp1/Tmeff2"
"GO:0071478","GO:0071478","cellular response to radiation",111,0.193230991347142,0.893071434027483,0.719148936170213,0.868187854642038,0.699134774035172,2253,"tags=25%, list=22%, signal=20%","Slc24a4/Prkcd/Crebbp/Ccnd2/Tmem161a/Polh/Ino80/Ep300/Mapk13/Smpd1/Tank/Rpgr/Mtch2/H2ax/Spidr/Rgs9/Pierce1/Hsf1/Xrcc6/Fbxw7/Tlk2/Ptprk/Ei24/Mme/Grb2/Parp1/Bmf/Cul4a"
"GO:0050953","GO:0050953","sensory perception of light stimulus",80,0.201432461782563,0.869856638720324,0.718884120171674,0.868187854642038,0.699134774035172,3447,"tags=49%, list=34%, signal=33%","Ush2a/Wfs1/Elfn1/Kcnk9/Cep250/Ccdc66/Cacnb2/Rpgr/Ush1c/Whrn/Rgs9/Cabp2/Glra1/Sema5a/Bbs2/Myo3a/Rdh10/Crybg3/Clic5/Cacnb4/Cplx3/Myo3b/Atp8a2/Cabp1/Spata7/Gjc1/Bbs10/Atf6/Rdh5/Gabrr2/Cnnm4/Rd3/Pcdh15/Sema5b/Gjd2/Col11a1/Pde6g/Lrat/Abca4"
"GO:0006081","GO:0006081","aldehyde metabolic process",50,-0.224430352619823,-0.864800318707472,0.719191919191919,0.868187854642038,0.699134774035172,2819,"tags=32%, list=27%, signal=23%","Mdh1/Eno1/Pdxp/Rpia/Gapdh/Rdh11/Aldh2/Esd/Taldo1/Scnn1b/Pgam1/Bco2/Aldh9a1/Park7/Glo1/Sdr16c5"
"GO:0071364","GO:0071364","cellular response to epidermal growth factor stimulus",33,-0.238706448605666,-0.838926650830756,0.719191919191919,0.868187854642038,0.699134774035172,2725,"tags=36%, list=27%, signal=27%","Bloc1s6/Snx6/Cad/Ireb2/Ptpn11/Col1a1/Akt1/Zfp36l1/Ppp1r9b/Eef1a1/Fos/Inpp5k"
"GO:0046173","GO:0046173","polyol biosynthetic process",47,0.225521789269667,0.862314095671118,0.720238095238095,0.868799607311442,0.699627406547828,1946,"tags=26%, list=19%, signal=21%","Prkg1/Sptlc3/Plcg1/Itpka/Ephx1/Ip6k2/Ntsr1/Pou1f1/Itpkb/Gba1/Sptlc2/Abca2"
"GO:0046580","GO:0046580","negative regulation of Ras protein signal transduction",21,-0.270132872147789,-0.835232109652193,0.720558882235529,0.868799607311442,0.699627406547828,2354,"tags=38%, list=23%, signal=29%","Trim67/Spry2/Mfn2/Nf1/Rabgef1/Stambp/Spry1/Ppp2cb"
"GO:0046033","GO:0046033","AMP metabolic process",21,-0.269992769960996,-0.834798923405322,0.720558882235529,0.868799607311442,0.699627406547828,1532,"tags=29%, list=15%, signal=24%","Hprt1/Atic/Aprt/Uox/Ampd3/Ppat"
"GO:0072698","GO:0072698","protein localization to microtubule cytoskeleton",46,0.229554034517585,0.867217378579122,0.721212121212121,0.869241339408404,0.699983124804127,2916,"tags=35%, list=28%, signal=25%","Mid1/4933427D14Rik/Cep250/Ttbk2/Abhd17c/Hnrnpu/Gsk3b/Abl1/Dctn2/Snx10/Stk3/Map1a/Nup62/Champ1/Bicd1/Abhd17a"
"GO:0051938","GO:0051938","L-glutamate import",32,-0.243349493843477,-0.840161870601827,0.722916666666667,0.87094930417495,0.701358515573227,3483,"tags=47%, list=34%, signal=31%","Slc38a2/Slc17a6/Per2/Slc38a6/Arl6ip5/Itgb1/Psen1/Arhgef11/Cln8/Dtnbp1/Slc1a2/Nf1/Slc25a13/Arl6ip1/Slc25a22"
"GO:0051150","GO:0051150","regulation of smooth muscle cell differentiation",29,-0.242340439408192,-0.827937758747957,0.724,0.871907790143084,0.702130365659777,1182,"tags=17%, list=12%, signal=15%","Sod2/Dnmt1/Pdcd4/Kit/Tmsb4x"
"GO:1900101","GO:1900101","regulation of endoplasmic reticulum unfolded protein response",23,0.254774344844134,0.818857541395085,0.724346076458752,0.871977994306722,0.702186899705743,1049,"tags=17%, list=10%, signal=16%","Wfs1/Nck2/Crebrf/Akt3"
"GO:0070227","GO:0070227","lymphocyte apoptotic process",44,0.225206854513983,0.850539524492801,0.726,0.872465163702277,0.702579207733847,60,"tags=7%, list=1%, signal=7%","Bcl11b/Foxp1/Bcl2"
"GO:0035601","GO:0035601","protein deacylation",42,0.225097249696687,0.841384297541091,0.726190476190476,0.872465163702277,0.702579207733847,2227,"tags=29%, list=22%, signal=22%","Spred2/Ncor2/Ep300/Fry/Hdac4/Sirt2/Sirt4/Lyplal1/Ndst1/Abhd17c/Hdac9/Notum"
"GO:0002093","GO:0002093","auditory receptor cell morphogenesis",22,0.2645831055224,0.83351244366913,0.726166328600406,0.872465163702277,0.702579207733847,3367,"tags=45%, list=33%, signal=31%","Atp2b2/Ush1c/Whrn/Myo3a/Clic5/Myo3b/Sec24b/Pls1/Pcdh15/Ripor2"
"GO:0021591","GO:0021591","ventricular system development",26,-0.249983797126793,-0.832318782546763,0.725490196078431,0.872465163702277,0.702579207733847,1703,"tags=23%, list=17%, signal=19%","Celsr2/Ttc21b/Spag6l/Dbi/Uchl5/Kdm2b"
"GO:0046326","GO:0046326","positive regulation of D-glucose import",28,0.238034951532443,0.808618150756347,0.726166328600406,0.872465163702277,0.702579207733847,629,"tags=14%, list=6%, signal=13%","Prkcd/Capn10/Rhoq/Gpc3"
"GO:0070527","GO:0070527","platelet aggregation",32,-0.242962154806114,-0.838824586167625,0.727083333333333,0.873191636940151,0.703164222486458,1162,"tags=16%, list=11%, signal=14%","Prkcq/Slc6a4/Pdgfra/Emilin2/Pip5k1c"
"GO:0043124","GO:0043124","negative regulation of canonical NF-kappaB signal transduction",38,-0.233096432116199,-0.847001753214214,0.727459016393443,0.873296679743317,0.703248811410459,1489,"tags=16%, list=15%, signal=14%","Riok3/Cactin/Ppm1a/Cyld/Azi2/Tmsb4x"
"GO:0035767","GO:0035767","endothelial cell chemotaxis",24,0.251826862919437,0.816812078555198,0.7280163599182,0.873619631901841,0.703508878495211,1309,"tags=21%, list=13%, signal=18%","Smoc2/Hspb1/Prkd1/Met/Egr3"
"GO:0070374","GO:0070374","positive regulation of ERK1 and ERK2 cascade",122,-0.192642823771966,-0.886126687111882,0.729128014842301,0.873768148649665,0.703628476140324,2407,"tags=27%, list=23%, signal=21%","Npy5r/Prkcz/Cxcr4/Cflar/Spry2/Nod1/Nqo2/Ptpn11/Src/Npnt/Cxcl12/Abl2/Tnfaip8l3/Ndrg4/Nelfe/Phb2/Ednra/Angpt1/Flt4/Nrp1/Inhba/Map2k1/Htr2b/Csf1r/Mturn/Gpr183/Arrb1/Pdgfra/Akap12/Ccn2/Dnajc27/Kdr/Lrp1"
"GO:0032890","GO:0032890","regulation of organic acid transport",62,-0.211455918928761,-0.861729617930564,0.729783037475345,0.873768148649665,0.703628476140324,3033,"tags=39%, list=30%, signal=27%","Arl6ip5/Irs2/Map2k6/Itgb1/Psen1/Slc38a3/Mif/Arhgef11/Npy5r/Edn1/Slc7a5/Acsl1/Dtnbp1/Akt2/Akt1/Atp5pf/Agtr2/Arg2/Rgs2/Arl6ip1/Cck/Pla2r1/Abcb11/Sv2a"
"GO:0071470","GO:0071470","cellular response to osmotic stress",32,-0.242494878994917,-0.837211320763116,0.729166666666667,0.873768148649665,0.703628476140324,2899,"tags=38%, list=28%, signal=27%","Akr1b1/Dysf/Letm1/Casp1/Casp3/Pkd2/Ddx3x/Lrrc8c/Tspo/Zfp36l1/Mylk/Prkg2"
"GO:0002204","GO:0002204","somatic recombination of immunoglobulin genes involved in immune response",34,-0.233539649120112,-0.829155984478506,0.73015873015873,0.873768148649665,0.703628476140324,1310,"tags=15%, list=13%, signal=13%","Msh2/Slc15a4/Mlh1/Msh6/Supt6"
"GO:0002208","GO:0002208","somatic diversification of immunoglobulins involved in immune response",34,-0.233539649120112,-0.829155984478506,0.73015873015873,0.873768148649665,0.703628476140324,1310,"tags=15%, list=13%, signal=13%","Msh2/Slc15a4/Mlh1/Msh6/Supt6"
"GO:0045190","GO:0045190","isotype switching",34,-0.233539649120112,-0.829155984478506,0.73015873015873,0.873768148649665,0.703628476140324,1310,"tags=15%, list=13%, signal=13%","Msh2/Slc15a4/Mlh1/Msh6/Supt6"
"GO:0043276","GO:0043276","anoikis",23,-0.259544912373287,-0.824626065693413,0.728712871287129,0.873768148649665,0.703628476140324,2881,"tags=43%, list=28%, signal=31%","Itgb1/Ptrh2/Mcl1/Src/Tle5/Pik3ca/Tsc2/Pdk4/Itga5/Chek2"
"GO:0050868","GO:0050868","negative regulation of T cell activation",56,0.214888055388542,0.862453394527579,0.731160896130346,0.874013428420626,0.703825995163805,2267,"tags=27%, list=22%, signal=21%","Pawr/Rc3h1/Hspb1/Adora2a/Socs1/Cd276/Ptpn6/Dusp22/Cd74/Nrarp/Tnfrsf21/Irf1/Mad1l1/Peli1/Gli3"
"GO:0009299","GO:0009299","mRNA transcription",39,-0.23584335430576,-0.857580879502462,0.73125,0.874013428420626,0.703825995163805,1933,"tags=23%, list=19%, signal=19%","Taf13/Epas1/Taf10/Taf12/Taf9/Rara/Ncbp2/Taf7/Ddx5"
"GO:0034308","GO:0034308","primary alcohol metabolic process",39,-0.234730365601174,-0.853533795644769,0.73125,0.874013428420626,0.703825995163805,2696,"tags=36%, list=26%, signal=27%","Akr1b1/Naaa/Dgat2/Rdh11/Sult1b1/Aldh2/Napepld/H6pd/Scnn1b/Pnpla2/Park7/Cbr4/Sdr16c5/Pecr"
"GO:0014037","GO:0014037","Schwann cell differentiation",38,0.230955416306164,0.847478429624469,0.731517509727626,0.874013428420626,0.703825995163805,1113,"tags=18%, list=11%, signal=16%","Ntrk3/Pou3f2/Pard3/Gpc1/Myoc/Sirt2/Ski"
"GO:1905039","GO:1905039","carboxylic acid transmembrane transport",94,-0.199318992919042,-0.881041297533577,0.731977818853974,0.874151105444436,0.703936863790239,3483,"tags=39%, list=34%, signal=26%","Slc38a2/Slc17a6/Slc16a9/Agt/Lrrc8d/Per2/Slc38a6/Sfxn2/Arl6ip5/Irs2/Itgb1/Psen1/Slc38a3/Slc25a29/Slc17a5/Slc25a21/Arhgef11/Slc7a5/Lrrc8c/Acsl1/Cln8/Akt2/Akt1/Slc36a1/Slc1a2/Arg2/Slc25a13/Rgs2/Lrrc8b/Slc15a4/Arl6ip1/Abcc1/Mpc1/Abcc5/Slc25a22/Slc27a5/Mpc2"
"GO:0043409","GO:0043409","negative regulation of MAPK cascade",112,-0.193414968331486,-0.879540455255908,0.732209737827715,0.874151105444436,0.703936863790239,1446,"tags=19%, list=14%, signal=16%","Dusp19/Ppef2/Rnf149/Nf1/Nherf1/Errfi1/Rgs2/Stk38/Pdcd4/Cyld/Ranbp9/Dusp6/Spry1/Dusp5/Pp2d1/Paqr3/Arrb1/Dusp29/Gstp3/Inpp5k/Aida"
"GO:0015695","GO:0015695","organic cation transport",84,-0.201373717874778,-0.874494236108965,0.733583489681051,0.875446228331463,0.704979801032597,1643,"tags=18%, list=16%, signal=15%","Slc36a1/Agtr2/Slc1a2/Arg2/Flvcr1/Stx1a/Slc18b1/Adora2b/Rgs2/Slc15a4/Slc25a17/Comt/Slc6a17/Slc19a3/Ptgs1"
"GO:0060491","GO:0060491","regulation of cell projection assembly",154,0.186502848727481,0.898854663488238,0.734177215189873,0.875809827569022,0.705272600418619,1064,"tags=13%, list=10%, signal=12%","Auts2/Hnf4a/Dbn1/Rap1gap/Prkcd/Plek2/Nlgn1/Klf5/Rhoq/Syne2/Tenm1/Septin9/Cdkl5/Nrxn1/Abi2/Agrn/Hdac4/Ccdc88a/Arf6/Ttbk2"
"GO:0001837","GO:0001837","epithelial to mesenchymal transition",121,0.189351400185538,0.885655660854058,0.73661670235546,0.877683290655543,0.706781263762219,2420,"tags=26%, list=24%, signal=20%","Epha4/Spred2/Pawr/Epha3/Ddx17/Tcf7l2/Qki/Nkx2-1/Smad3/Ptk2/Bmp7/Chrd/Ezh2/Ldlrad4/Axin2/Tgfbr3/Dab2ip/Acvr1/Tgfb2/Pofut2/Pef1/Tiam1/Gsk3b/Nfatc1/Wnt11/Hey2/Mtor/Clasp2/Lrp6/Zfp703/Slc39a10/Clasp1"
"GO:0035710","GO:0035710","CD4-positive, alpha-beta T cell activation",51,0.218281179683881,0.853692270284157,0.736526946107784,0.877683290655543,0.706781263762219,2273,"tags=27%, list=22%, signal=21%","Foxp1/Rc3h1/Ep300/Rora/Socs1/Tox/Kmt2a/Rorc/Sh3rf1/Sash3/Ncor1/Mtor/Irf1/Nfkbiz"
"GO:0090382","GO:0090382","phagosome maturation",21,-0.266268278817279,-0.823283055045376,0.736526946107784,0.877683290655543,0.706781263762219,2507,"tags=38%, list=24%, signal=29%","Spg11/Arl8b/Mtmr4/Slc4a7/Rab43/Pikfyve/Slc9a9/Rab14"
"GO:0050688","GO:0050688","regulation of defense response to virus",27,-0.246980778025956,-0.830258058247493,0.737254901960784,0.877753380330521,0.706837705612697,2261,"tags=26%, list=22%, signal=20%","Tomm70a/C1qbp/Atg5/Zmpste24/Rnf26rt/Pcbp2/Elmod2"
"GO:0070830","GO:0070830","bicellular tight junction assembly",27,-0.24683569181089,-0.829770332035915,0.737254901960784,0.877753380330521,0.706837705612697,185,"tags=41%, list=2%, signal=40%","Snai1/Gja1/Slc39a9/Nphp1/Mpp7/Itgb1/Rac1/Pak2/Frmpd2/Pof1b/Actn4"
"GO:0014044","GO:0014044","Schwann cell development",33,-0.234028886821758,-0.822487500299423,0.739393939393939,0.879263593549308,0.708053850910994,1815,"tags=30%, list=18%, signal=25%","Akt2/Akt1/Sos1/Ppp3r1/Med12/Ndrg1/Nf1/Sod1/Map2k1/Map2k2"
"GO:2000677","GO:2000677","regulation of transcription regulatory region DNA binding",26,-0.246219895635816,-0.819786906710799,0.73921568627451,0.879263593549308,0.708053850910994,1934,"tags=31%, list=19%, signal=25%","Sri/Dazap2/Rb1/Zmpste24/Hcfc2/Traf6/Park7/Id2"
"GO:0010837","GO:0010837","regulation of keratinocyte proliferation",29,0.238462017055643,0.81517746173693,0.739043824701195,0.879263593549308,0.708053850910994,2046,"tags=31%, list=20%, signal=25%","Bcl11b/Cask/Prkd1/Notch2/Stxbp4/Zeb1/Efnb2/Ptprk/Nfatc1"
"GO:0033962","GO:0033962","P-body assembly",20,0.268545033934479,0.822132056231039,0.741869918699187,0.881861849218727,0.71014617560848,784,"tags=15%, list=8%, signal=14%","Pan3/Rc3h1/Lsm14a"
"GO:0051926","GO:0051926","negative regulation of calcium ion transport",45,0.223047743461516,0.84122464534912,0.742914979757085,0.882133549873475,0.710364970855208,2567,"tags=31%, list=25%, signal=23%","Drd2/Bcl2/Ppp3ca/Pawr/Prkce/Cbarp/Ntsr1/Tgfb2/Mcub/Usp2/Crhr2/Tmbim6/Fmr1/Rem1"
"GO:0033028","GO:0033028","myeloid cell apoptotic process",22,0.260536240216278,0.82076366069659,0.742393509127789,0.882133549873475,0.710364970855208,2973,"tags=41%, list=29%, signal=29%","Bcl2/Arf6/Plekho2/Itpkb/Gas6/Trim35/Pik3cb/Lipa/Adam17"
"GO:0008340","GO:0008340","determination of adult lifespan",34,0.228049892074737,0.814523544082962,0.742971887550201,0.882133549873475,0.710364970855208,1814,"tags=26%, list=18%, signal=22%","Kcnq2/Dmd/Pou1f1/Enpp1/Large1/Atn1/Tmem135/Polg/Gba1"
"GO:0031648","GO:0031648","protein destabilization",39,-0.233229258381971,-0.848075423272728,0.74375,0.882487451378102,0.710649960845732,2031,"tags=23%, list=20%, signal=19%","Src/Dazap2/Xbp1/Gsn/Derl1/Sirt6/Fbxl3/Gga3/Vps35"
"GO:0045581","GO:0045581","negative regulation of T cell differentiation",25,0.2450062538443,0.807810555012847,0.743852459016393,0.882487451378102,0.710649960845732,2267,"tags=28%, list=22%, signal=22%","Rc3h1/Hspb1/Socs1/Cd74/Nrarp/Irf1/Gli3"
"GO:0071392","GO:0071392","cellular response to estradiol stimulus",21,0.260063728253163,0.81198949189043,0.744510978043912,0.88292299940237,0.711000699188707,915,"tags=19%, list=9%, signal=17%","Egfr/Ramp3/Lcor/Hnrnpd"
"GO:0007266","GO:0007266","Rho protein signal transduction",99,0.19349153573271,0.871298633445404,0.745182012847966,0.883373043399584,0.71136311085643,1221,"tags=15%, list=12%, signal=13%","Robo1/Pecam1/Arhgef12/Rtkn/Arhgap42/Ntn1/Arhgef7/Myoc/Prag1/Met/Gna13/Akap13/Tns3/Arhgdig/Arhgef3"
"GO:0050900","GO:0050900","leukocyte migration",168,0.185114912381151,0.89944623728166,0.745652173913044,0.883416984173505,0.711398495506057,2174,"tags=23%, list=21%, signal=18%","Cadm1/Pecam1/Ext1/Vegfc/Smpd3/Epx/Ano6/Pawr/Pdgfd/Fut9/St3gal4/Itga9/Ptpro/Plcb1/Prex1/Pde4b/Tacr1/Ninj1/Ptk2/Enpp1/Cd200r1/Camk1d/Lrch1/Bcr/Cd74/Tgfb2/Gnai1/Eps8/Adora1/Gba1/Chga/Stk10/Gas6/Slit2/Jagn1/Cyp7b1/Vav3/Abl1"
"GO:0033209","GO:0033209","tumor necrosis factor-mediated signaling pathway",53,0.214492394764929,0.8451847622442,0.745934959349594,0.883416984173505,0.711398495506057,2051,"tags=23%, list=20%, signal=18%","St18/Foxo3/Ext1/Traip/Tank/Ube2k/Ccdc3/Ripk1/Chuk/Prkn/Rnf31/Gas6"
"GO:0035330","GO:0035330","regulation of hippo signaling",30,0.234545488174984,0.814603513816834,0.74609375,0.883416984173505,0.711398495506057,1842,"tags=23%, list=18%, signal=19%","Sox11/Mark3/Coro7/Map4k4/Shank2/Wtip/Vgll4"
"GO:0006518","GO:0006518","peptide metabolic process",37,0.23129700902692,0.843050037339369,0.747572815533981,0.884291845493562,0.712103004291845,2137,"tags=22%, list=21%, signal=17%","Tapbp/Ctsh/Tpp1/Dmd/Cpn1/Mme/Eif2ak3/Furin"
"GO:0062208","GO:0062208","positive regulation of pattern recognition receptor signaling pathway",44,0.219509534236072,0.829022434835316,0.748,0.884291845493562,0.712103004291845,3265,"tags=39%, list=32%, signal=26%","Znrf1/Prkd1/Pum2/Mfhas1/Ninj1/Ifi35/Lats1/Map3k7/Ankrd17/Zc3hav1/Peli1/Nek7/Nagk/Pum1/Tirap/Rsad2/Myd88"
"GO:0014912","GO:0014912","negative regulation of smooth muscle cell migration",26,0.244903205413048,0.812131906233238,0.747967479674797,0.884291845493562,0.712103004291845,1433,"tags=23%, list=14%, signal=20%","Tafa5/Prkg1/Gna13/Igfbp5/Ppargc1a/Bmpr1a"
"GO:0001937","GO:0001937","negative regulation of endothelial cell proliferation",27,0.24194716422248,0.811185184492755,0.747967479674797,0.884291845493562,0.712103004291845,1849,"tags=22%, list=18%, signal=18%","Ghrl/Col4a3/Nr2f2/Ptprm/Atoh8/Sulf1"
"GO:0000288","GO:0000288","nuclear-transcribed mRNA catabolic process, deadenylation-dependent decay",42,0.220734191019249,0.825075750611292,0.75,0.885619641465316,0.713172252533125,2960,"tags=45%, list=29%, signal=32%","Pan3/Rc3h1/Tnrc6b/Tnrc6c/Hnrnpd/Tent4a/Cnot2/Syncrip/Hnrnpu/Dcp1b/Igf2bp1/Btg2/Samd4/Dhx36/Pnldc1/Cpeb3/Tnrc6a/Zfp36l2/Ybx1"
"GO:1902808","GO:1902808","positive regulation of cell cycle G1/S phase transition",42,0.220542426603726,0.824358960120669,0.75,0.885619641465316,0.713172252533125,588,"tags=12%, list=6%, signal=11%","Egfr/Tfdp1/Crebbp/Ccnd2/Plcb1"
"GO:0010803","GO:0010803","regulation of tumor necrosis factor-mediated signaling pathway",30,0.234090565142967,0.813023513692846,0.75,0.885619641465316,0.713172252533125,2342,"tags=30%, list=23%, signal=23%","Ext1/Traip/Tank/Ube2k/Ccdc3/Ripk1/Prkn/Gas6/Rffl"
"GO:1905330","GO:1905330","regulation of morphogenesis of an epithelium",44,-0.221195471812108,-0.839964515567556,0.750996015936255,0.886450303189269,0.713841168244824,2179,"tags=25%, list=21%, signal=20%","Hgf/Mmrn2/Mdk/Pax2/Phb2/Agtr2/Sirt6/Ntn4/Itgax/Pdgfra/Pik3cd"
"GO:0072538","GO:0072538","T-helper 17 type immune response",22,0.258655773696436,0.814839653413142,0.752535496957404,0.887575926734501,0.714747610967717,2561,"tags=36%, list=25%, signal=27%","Rc3h1/Ep300/Rora/Card9/Rorc/Ephb2/Nfkbiz/Brd2"
"GO:1902624","GO:1902624","positive regulation of neutrophil migration",23,-0.254309616192875,-0.807992483272103,0.752475247524752,0.887575926734501,0.714747610967717,3379,"tags=57%, list=33%, signal=38%","Ptger3/Cd99l2/Mospd2/Thbs4/Dnm1l/Dysf/Edn1/Mcu/Rac1/C1qbp/Mdk/Ednra/Adam8"
"GO:0046635","GO:0046635","positive regulation of alpha-beta T cell activation",29,0.234568687654033,0.801868195890328,0.752988047808765,0.887764118622785,0.71489915823089,2561,"tags=34%, list=25%, signal=26%","Ep300/Socs1/Ap3d1/Itpkb/Sash3/Ptprc/Irf1/Gli3/Nfkbiz/Brd2"
"GO:0061005","GO:0061005","cell differentiation involved in kidney development",39,-0.231500294645283,-0.841788512003587,0.754166666666667,0.888807856865033,0.715739660313756,1704,"tags=21%, list=17%, signal=17%","Glis2/Pax2/Ednra/Wwtr1/Foxj1/Myo1e/Asxl1/Prom1"
"GO:0001570","GO:0001570","vasculogenesis",59,0.208962149352678,0.853091893354191,0.754639175257732,0.889018935082009,0.715909637491783,2929,"tags=37%, list=29%, signal=27%","Wnt7a/Zmiz1/Qki/Prok2/Ptk2/Itgb8/Enpp1/Tgfbr3/Smarca4/Pbrm1/Wnt7b/Fbxw7/Myo18b/Hey2/Rin2/Tiparp/Cul7/Brpf1/Rapgef2/Ptprj/Spred1/Gjc1"
"GO:0071384","GO:0071384","cellular response to corticosteroid stimulus",45,0.221636375458727,0.835901670414795,0.755060728744939,0.889169843799909,0.716031161343821,1988,"tags=27%, list=19%, signal=22%","Foxo3/Smyd3/Foxo1/Egfr/Sstr4/Nr3c2/Nr3c1/Axin2/Zfp764l1/Sstr3/Hnrnpu/Gsk3b"
"GO:0070372","GO:0070372","regulation of ERK1 and ERK2 cascade",186,-0.182684761405033,-0.890409193658107,0.756457564575646,0.889373205473755,0.716194924539922,2407,"tags=26%, list=23%, signal=21%","Npy5r/Prkcz/Cxcr4/Cflar/Sirt3/Spry2/Nod1/Nqo2/Ptpn11/Synj2bp/Src/Npnt/Cxcl12/Ezr/Xbp1/Abl2/Tnfaip8l3/Ndrg4/Nelfe/Phb2/Ednra/Nf1/Angpt1/Flt4/Nherf1/Errfi1/Nrp1/Apip/Fn1/Inhba/Ywhaz/Map2k1/Ranbp9/Traf7/Dusp6/Htr2b/Spry1/Csf1r/Mturn/Gpr183/Arrb1/Pdgfra/Akap12/Dusp29/Ccn2/Gstp3/Dnajc27/Kdr/Lrp1"
"GO:0150115","GO:0150115","cell-substrate junction organization",83,0.201017593540287,0.870499025945916,0.75635593220339,0.889373205473755,0.716194924539922,2810,"tags=37%, list=27%, signal=27%","Arhgap6/Bcl2/Epha3/Ptpra/Myoc/Peak1/Smad3/Map4k4/Ptk2/Arf6/Dusp22/Ldb1/Bcr/Whamm/Dst/Tesk2/Vcl/Itgb1bp1/Col17a1/Ptprk/Lama3/Iqsec1/Abl1/Clasp2/Clasp1/Tsc1/Rock1/Macf1/Dlc1/Lims1/Ptprj"
"GO:1903900","GO:1903900","regulation of viral life cycle",59,0.208710686258391,0.852065290556132,0.756701030927835,0.889373205473755,0.716194924539922,2137,"tags=27%, list=21%, signal=22%","Bcl2/Prox1/Trim25/Adar/Srpk2/Smpd1/Plscr1/Pkn2/Top2a/Cd74/Ifih1/Hs3st5/Tyro3/Mphosph8/Zc3hav1/Furin"
"GO:0048332","GO:0048332","mesoderm morphogenesis",43,0.222586526157191,0.831181832963066,0.756048387096774,0.889373205473755,0.716194924539922,2158,"tags=30%, list=21%, signal=24%","Bmpr2/Smad3/Exoc4/Smad1/Bmp7/Chrd/Eya1/Bmpr1a/Acvr1/Pofut2/Ahdc1/Wnt11/Srf"
"GO:0001954","GO:0001954","positive regulation of cell-matrix adhesion",43,0.222305384440487,0.830131994540915,0.756048387096774,0.889373205473755,0.716194924539922,3744,"tags=56%, list=37%, signal=36%","Myoc/Smad3/Ninj1/Map4k4/Dmd/Cdk6/Itgb1bp1/Fermt1/Gsk3b/Abl1/Rin2/Gfus/Tsc1/Rock1/Lims1/Ptprj/Dicer1/Vegfa/Dag1/Ilk/Utrn/Thy1/Emp2/Ptk2b"
"GO:0045471","GO:0045471","response to ethanol",91,0.193644428489563,0.853690858342013,0.757575757575758,0.890056047093659,0.716744803600174,1181,"tags=16%, list=12%, signal=15%","Drd2/Bcl2/Igf1r/mt-Nd4/Glra3/Tnc/mt-Cytb/Penk/Fyn/Tacr1/Gria1/Prkce/Grin2b/Maob/Srebf1"
"GO:0002262","GO:0002262","myeloid cell homeostasis",144,-0.188157623950005,-0.882625064953375,0.760377358490566,0.890240879531072,0.716893645562976,2808,"tags=32%, list=27%, signal=24%","Pknox1/Myb/Rps17/Klf13/Il18/Bbs4/Tmod3/Mapk14/Casp3/Dmtn/Hspa9/Chmp5/Rac1/Ireb2/Prdx1/Hif1a/Rb1/Epas1/Heph/Rps14/Bpgm/Alas1/Acin1/Gpi1/Jmjd6/Flvcr1/Nf1/Sod1/Scnn1b/Dyrk3/Tmem14c/Slc15a4/Cebpg/Hmgb2/Inhba/Zfp36l1/Slc37a4/Racgap1/Ampd3/Csf1r/Hscb/Kit/Pik3cd/Acvr1b/Fam210b/Id2"
"GO:0042303","GO:0042303","molting cycle",86,0.19913294479167,0.867148048236076,0.758620689655172,0.890240879531072,0.716893645562976,2046,"tags=23%, list=20%, signal=19%","Bcl2/Egfr/Ext1/Tsku/Pum2/Tspear/Igfbp5/Barx2/Trps1/Ldb1/Lgr4/Tgfb2/Celsr1/Lrp4/Trpv3/Ldb2/Fermt1/Sox21/Trpv1/Nfatc1"
"GO:0042633","GO:0042633","hair cycle",86,0.19913294479167,0.867148048236076,0.758620689655172,0.890240879531072,0.716893645562976,2046,"tags=23%, list=20%, signal=19%","Bcl2/Egfr/Ext1/Tsku/Pum2/Tspear/Igfbp5/Barx2/Trps1/Ldb1/Lgr4/Tgfb2/Celsr1/Lrp4/Trpv3/Ldb2/Fermt1/Sox21/Trpv1/Nfatc1"
"GO:0018958","GO:0018958","phenol-containing compound metabolic process",74,-0.201540575112051,-0.848429733133476,0.760154738878143,0.890240879531072,0.716893645562976,2342,"tags=26%, list=23%, signal=20%","Appl1/Myo5a/Mtpn/Sult1b1/Epas1/Aldh2/Maoa/Hprt1/Agtr2/Ednra/Tph2/Ddt/Fev/Park7/Comt/Ctsb/Dio2/Vps35/Slc24a5"
"GO:0014014","GO:0014014","negative regulation of gliogenesis",35,0.227956256299586,0.819226430405868,0.759036144578313,0.890240879531072,0.716893645562976,1290,"tags=20%, list=13%, signal=18%","Ntrk3/Sox11/Dab1/Sirt2/Ski/Idh2/Lingo1"
"GO:0090313","GO:0090313","regulation of protein targeting to membrane",28,-0.239674461517766,-0.811374265102924,0.760314341846758,0.890240879531072,0.716893645562976,534,"tags=25%, list=5%, signal=24%","Cdk5r1/Dmtn/Akt2/Mief1/Ogt/Pdzk1/Inpp5k"
"GO:0071622","GO:0071622","regulation of granulocyte chemotaxis",28,-0.239614487781405,-0.811171234934598,0.760314341846758,0.890240879531072,0.716893645562976,3696,"tags=50%, list=36%, signal=32%","Rarres2/Jam3/Mospd2/Thbs4/Dnm1l/Dysf/Mpp1/Edn1/Mcu/Rac1/C1qbp/Mdk/Ednra/Csf1r"
"GO:0003085","GO:0003085","negative regulation of systemic arterial blood pressure",20,0.263518351729094,0.806743216165794,0.760162601626016,0.890240879531072,0.716893645562976,2003,"tags=35%, list=20%, signal=28%","Arhgap42/Bmpr2/Ntsr1/Adrb2/Adora1/Adrb1/Trpv1"
"GO:0007431","GO:0007431","salivary gland development",30,0.229855677359406,0.798315260313292,0.759765625,0.890240879531072,0.716893645562976,1824,"tags=23%, list=18%, signal=19%","Egfr/Sema3a/Lama1/Met/Bmp7/Tgfb2/Plxna1"
"GO:1901875","GO:1901875","positive regulation of post-translational protein modification",103,-0.193171199597775,-0.864465096716745,0.76252319109462,0.891436582457709,0.717856521847132,2957,"tags=30%, list=29%, signal=22%","Trib1/Ngf/Uba2/Chfr/Birc2/Mapk8/Dcun1d5/Rps2/Birc5/Ubb/Hdac3/Lrrk2/Ddx3x/Pdcd6/Rassf5/Ube2d1/Derl1/Angpt1/Fzr1/Nhlrc1/Stub1/Egr1/Traf7/Ticam1/Tbc1d7/Dcun1d2/Skp1/Cry1/Arrb1/Tes3-ps/Ube2l3"
"GO:0071674","GO:0071674","mononuclear cell migration",95,0.191945219958504,0.855926052549223,0.762419006479482,0.891436582457709,0.717856521847132,2245,"tags=23%, list=22%, signal=18%","Cadm1/Pecam1/Ext1/Ano6/Pdgfd/Ptpro/Plcb1/Ninj1/Ptk2/Enpp1/Cd200r1/Lrch1/Bcr/Gnai1/Eps8/Gba1/Stk10/Gas6/Slit2/Cyp7b1/Abl1/Calr"
"GO:0140448","GO:0140448","signaling receptor ligand precursor processing",23,0.248849754582025,0.799815610706297,0.762575452716298,0.891436582457709,0.717856521847132,3476,"tags=52%, list=34%, signal=35%","Ece2/Bace1/Bace2/Chst8/Mme/Furin/Hsp90b1/Scg5/Adam17/Pcsk2/Adam10/Ece1"
"GO:0051497","GO:0051497","negative regulation of stress fiber assembly",23,0.248354204231791,0.798222886989635,0.762575452716298,0.891436582457709,0.717856521847132,2933,"tags=48%, list=29%, signal=34%","Arhgap6/Myoc/Met/Kank4/Ppfia1/Clasp2/Tjp1/Clasp1/Tmeff2/Dlc1/Ppp1r9a"
"GO:0044272","GO:0044272","sulfur compound biosynthetic process",122,0.187653389022572,0.877170275874786,0.764578833693304,0.89323778856184,0.719306998049798,1739,"tags=20%, list=17%, signal=17%","Hs6st3/Chst11/Ext1/B4galnt4/Hs6st2/Ppcdc/Hs3st4/Ndst4/Chsy1/Csgalnact2/Tcf7l2/Slc19a2/Gcdh/Hs6st1/Fmo3/Hs3st3b1/Mtrr/Ndst2/Tpk1/Hs3st3a1/Slc25a16/Ndst1/Csgalnact1/Csad/Hs3st5"
"GO:0008625","GO:0008625","extrinsic apoptotic signaling pathway via death domain receptors",53,-0.211718907392148,-0.836153539271323,0.764705882352941,0.89323778856184,0.719306998049798,2327,"tags=32%, list=23%, signal=25%","Faf1/Ngf/Casp8/Il18/Cflar/Hgf/Ddx3x/Bmpr1b/Sort1/Fadd/Nf1/Bag3/Hmgb2/Tnfrsf1a/Park7/Tnfsf10/Pea15a"
"GO:0030177","GO:0030177","positive regulation of Wnt signaling pathway",109,0.19021623989341,0.873686264474669,0.766595289079229,0.894459115040991,0.720290508481854,2603,"tags=30%, list=25%, signal=23%","Tbl1x/Fam53b/Egfr/Gpc3/Nfkb1/Wnk2/Smad3/Adnp/Zranb1/Usp34/Tmem198/Dlx5/Csnk1g2/Sox4/Smarca4/Lgr4/Sulf1/Ptk7/Nrarp/Daam2/Tmem132a/Caprin2/Abl1/Usp8/Sema5a/Gpc5/Wls/Tert/Usp47/Wnk1/Tnfaip3/Macf1/Fgfr3"
"GO:0048168","GO:0048168","regulation of neuronal synaptic plasticity",58,-0.210692713581673,-0.841495338896072,0.766208251473477,0.894459115040991,0.720290508481854,2149,"tags=26%, list=21%, signal=21%","Rac1/Synpo/Rab3a/Rab5a/Arc/Rasgrf1/Nf1/Kras/Shisa8/Egr1/S100b/Rab8a/Kit/Fxr1/Kdr"
"GO:0044818","GO:0044818","mitotic G2/M transition checkpoint",44,-0.218523689101605,-0.829818726181615,0.766932270916335,0.894459115040991,0.720290508481854,3538,"tags=43%, list=35%, signal=28%","Topbp1/Brca1/Mre11a/Orc1/Mbtps1/Chfr/Nabp1/Uimc1/Mbtps2/Brcc3dc/Pabir1/Clspn/Mbd4/Abraxas1/Fzr1/Nabp2/Zfp830/Rint1/Syf2"
"GO:0032872","GO:0032872","regulation of stress-activated MAPK cascade",24,0.24365717367105,0.790313313575309,0.766871165644172,0.894459115040991,0.720290508481854,2102,"tags=29%, list=21%, signal=23%","Mid1/Foxo1/Taok1/Card9/Tgfb2/Taok3/Crhr2"
"GO:0001895","GO:0001895","retina homeostasis",39,0.220523062792957,0.818396189353539,0.768199233716475,0.895592026995352,0.721202820418699,3472,"tags=46%, list=34%, signal=31%","Ush2a/Ccdc66/Elp6/Ush1c/Whrn/Cep290/Ercc6/Bbs2/Poc1b/Clcn3/Cib2/Map1a/Spata7/Bbs10/Crocc/Pcdh15/Abca4/Iqcb1"
"GO:0050432","GO:0050432","catecholamine secretion",50,-0.218257047798611,-0.841012645094957,0.76969696969697,0.896993006993007,0.722331002331002,2306,"tags=26%, list=22%, signal=20%","Myo5a/Npy2r/Cxcl12/Tgm2/Rab3a/Dtnbp1/Agtr2/Chrna4/Stx1a/Adora2b/Sdhd/Comt/Ptgs1"
"GO:0045922","GO:0045922","negative regulation of fatty acid metabolic process",21,-0.258655580200945,-0.79974511878863,0.770459081836327,0.897191013821703,0.722490453374573,2668,"tags=33%, list=26%, signal=25%","Dgat2/Erlin1/Wdtc1/Akt1/Dbi/Acadl/Klhl25"
"GO:2000737","GO:2000737","negative regulation of stem cell differentiation",23,-0.249526867557643,-0.792796734859204,0.77029702970297,0.897191013821703,0.722490453374573,2639,"tags=48%, list=26%, signal=36%","Bbs12/Stat3/Rest/Notch1/Nfe2l2/Yap1/Hspa9/N4bp2l2/Nelfb/Ccnk/Tmsb4x"
"GO:0003016","GO:0003016","respiratory system process",34,0.223559744915848,0.798486129883642,0.771084337349398,0.897229470878907,0.722521422093906,2332,"tags=35%, list=23%, signal=27%","Nlgn1/Hipk2/Gls/Ccdc88c/Adrb2/Fkrp/Adora1/Fto/Cfap43/Glra1/Tshz3/Tnnc1"
"GO:1903725","GO:1903725","regulation of phospholipid metabolic process",29,0.232116391069157,0.793485070853611,0.770916334661355,0.897229470878907,0.722521422093906,2628,"tags=41%, list=26%, signal=31%","Prkcd/Htr2c/Chrm5/Erbb4/Mtmr1/Mfsd2a/Capn2/Abca2/Lpcat1/Mtmr2/Slc27a1/Mtmr3"
"GO:0034763","GO:0034763","negative regulation of transmembrane transport",85,0.19847195008133,0.862696143907314,0.772043010752688,0.897459207732642,0.722706424708794,1416,"tags=16%, list=14%, signal=14%","Kcnq1/Drd2/Bcl2/Kcne2/Ppp3ca/Rhoq/Slc43a2/Agrn/Ank3/Prkce/Cbarp/Ntsr1/Enpp1/Pik3c2a"
"GO:0062014","GO:0062014","negative regulation of small molecule metabolic process",77,-0.199432210647116,-0.851032934420858,0.772466539196941,0.897459207732642,0.722706424708794,2221,"tags=25%, list=22%, signal=19%","Slc27a4/C1qtnf12/Ppp2ca/Wdtc1/Pgp/Ddit4/Akt1/Clk2/Xpc/Sod1/Tspo/Sirt6/Dbi/Acadl/Cry1/Klhl25/Isyna1/Pid1/Idi2"
"GO:2000736","GO:2000736","regulation of stem cell differentiation",60,-0.207993487868204,-0.839436593964426,0.771760154738878,0.897459207732642,0.722706424708794,1564,"tags=17%, list=15%, signal=14%","Eif2ak2/Ccnk/Nsun2/Sirt6/Rbbp4/Gatad2b/Ociad1/Mettl3/Pdgfra/Tmsb4x"
"GO:0010592","GO:0010592","positive regulation of lamellipodium assembly",20,0.261909130367944,0.801816696217947,0.772357723577236,0.897459207732642,0.722706424708794,832,"tags=15%, list=8%, signal=14%","Auts2/Abi2/Hdac4"
"GO:0050856","GO:0050856","regulation of T cell receptor signaling pathway",25,0.241100621588062,0.794933287959114,0.774590163934426,0.898892453742364,0.723860589812332,2992,"tags=48%, list=29%, signal=34%","Pawr/Rc3h1/Phpt1/Ptpn6/Dusp22/Dgkz/Ptprc/Btrc/Prnp/Ptprj/Lipa/Cblb"
"GO:0070302","GO:0070302","regulation of stress-activated protein kinase signaling cascade",25,-0.24138760514898,-0.794828127442886,0.77431906614786,0.898892453742364,0.723860589812332,2134,"tags=36%, list=21%, signal=29%","Nod1/Prdx1/Zmpste24/Eif2ak2/Stk25/Klhdc10/Nbr1/Map2k1/Map2k2"
"GO:0097421","GO:0097421","liver regeneration",20,-0.259829746106982,-0.794611778973367,0.774509803921569,0.898892453742364,0.723860589812332,3035,"tags=50%, list=30%, signal=35%","Cebpb/Ggt1/Ezh1/Aurka/Gfer/Slc7a5/Tyms/Ccnd1/Pcna/Cpt1a"
"GO:1903825","GO:1903825","organic acid transmembrane transport",98,-0.194032396658493,-0.858954821770756,0.776315789473684,0.900357723130089,0.725040542718619,3483,"tags=39%, list=34%, signal=26%","Slc38a2/Slc17a6/Slc16a9/Agt/Lrrc8d/Per2/Slc38a6/Sfxn2/Arl6ip5/Irs2/Itgb1/Psen1/Slc38a3/Slc25a29/Slc17a5/Slc25a21/Arhgef11/Slc7a5/Lrrc8c/Acsl1/Cln8/Akt2/Akt1/Slc36a1/Slc1a2/Arg2/Slc25a13/Rgs2/Lrrc8b/Slc15a4/Arl6ip1/Abcc1/Mpc1/Abcc5/Slc25a22/Slc16a6/Slc27a5/Mpc2"
"GO:0016441","GO:0016441","post-transcriptional gene silencing",51,0.213317153416285,0.834278086888819,0.776447105788423,0.900357723130089,0.725040542718619,2135,"tags=29%, list=21%, signal=23%","Celf2/Elavl1/Adar/Pum2/Tnrc6b/Tnrc6c/Gigyf2/Helz/Ripk1/Ago3/Wtip/Ago4/Mov10l1/Eif4e2/Celf1"
"GO:0032612","GO:0032612","interleukin-1 production",39,0.218540698040002,0.811039318198299,0.777777777777778,0.901210962396431,0.725727639685575,919,"tags=10%, list=9%, signal=9%","Ghrl/Foxp1/Hspb1/Smad3"
"GO:0032652","GO:0032652","regulation of interleukin-1 production",39,0.218540698040002,0.811039318198299,0.777777777777778,0.901210962396431,0.725727639685575,919,"tags=10%, list=9%, signal=9%","Ghrl/Foxp1/Hspb1/Smad3"
"GO:0014046","GO:0014046","dopamine secretion",29,0.229764188348725,0.785444114617444,0.778884462151394,0.902148287583611,0.726482449407264,635,"tags=10%, list=6%, signal=10%","Drd2/Syt1/Oprk1"
"GO:0050921","GO:0050921","positive regulation of chemotaxis",81,0.195882946427496,0.849637478339312,0.780590717299578,0.902744226495314,0.726962347408767,1020,"tags=15%, list=10%, signal=13%","Smoc2/Dscam/Ntrk3/Vegfc/Ano6/Pdgfd/Hspb1/Prkd1/Bmpr2/Met/Smad3/Ptk2"
"GO:0043392","GO:0043392","negative regulation of DNA binding",20,-0.258022993807922,-0.789086365967234,0.780392156862745,0.902744226495314,0.726962347408767,2336,"tags=40%, list=23%, signal=31%","Per2/Psen1/Sri/Sumo1/Tnks/Tfap4/Sumo3/Id2"
"GO:0007588","GO:0007588","excretion",27,0.235167109244045,0.788453444006241,0.780487804878049,0.902744226495314,0.726962347408767,2102,"tags=30%, list=21%, signal=24%","Drd2/Cacna1c/Tacr1/Nr3c2/Arid5b/Kcnma1/Trpv1/Crhr2"
"GO:0009409","GO:0009409","response to cold",27,0.233354673650619,0.78237682431963,0.780487804878049,0.902744226495314,0.726962347408767,3073,"tags=41%, list=30%, signal=29%","Zfp516/Adrb2/Tmem135/Adrb1/Eif2ak3/Appl2/Cdh8/Slc27a1/Lrp11/Lipa/Rnf34"
"GO:0022616","GO:0022616","DNA strand elongation",23,-0.247364544213628,-0.785926601379695,0.782178217821782,0.904235024799695,0.72816285825454,2115,"tags=35%, list=21%, signal=28%","Mcm4/Lig3/Pole/Actr8/Nfrkb/Ruvbl1/Pcna/Uchl5"
"GO:2001235","GO:2001235","positive regulation of apoptotic signaling pathway",94,-0.193220253612177,-0.854083298631675,0.78373382624769,0.904669260700389,0.72851253996995,1721,"tags=18%, list=17%, signal=15%","Fadd/Pak2/Agtr2/Mmp2/Nf1/Sod1/Nherf1/Inhba/Ctnna1/Cyld/Traf7/Park7/Rpl26/Bok/Plekhf1/Tnfsf10/Pea15a"
"GO:0045620","GO:0045620","negative regulation of lymphocyte differentiation",28,-0.235562654489689,-0.797454490820242,0.783889980353635,0.904669260700389,0.72851253996995,1670,"tags=21%, list=16%, signal=18%","Mdk/Rc3h2/Rag2/Foxj1/Fbxo7/Id2"
"GO:0044546","GO:0044546","NLRP3 inflammasome complex assembly",25,-0.239701459742988,-0.789276078509744,0.784046692607004,0.904669260700389,0.72851253996995,2274,"tags=32%, list=22%, signal=25%","Hspa8/Fbxl2/Ddx3x/Ppp2ca/Brcc3dc/Cptp/Eif2ak2/Lamp2"
"GO:0140632","GO:0140632","canonical inflammasome complex assembly",25,-0.239701459742988,-0.789276078509744,0.784046692607004,0.904669260700389,0.72851253996995,2274,"tags=32%, list=22%, signal=25%","Hspa8/Fbxl2/Ddx3x/Ppp2ca/Brcc3dc/Cptp/Eif2ak2/Lamp2"
"GO:1900225","GO:1900225","regulation of NLRP3 inflammasome complex assembly",25,-0.239701459742988,-0.789276078509744,0.784046692607004,0.904669260700389,0.72851253996995,2274,"tags=32%, list=22%, signal=25%","Hspa8/Fbxl2/Ddx3x/Ppp2ca/Brcc3dc/Cptp/Eif2ak2/Lamp2"
"GO:0061082","GO:0061082","myeloid leukocyte cytokine production",40,-0.223567734585358,-0.819531987088115,0.7875,0.907300476904148,0.730631407143935,1235,"tags=15%, list=12%, signal=13%","Rabgef1/Ddx21/Gprc5b/Ticam1/Ddx1/Kit"
"GO:0010543","GO:0010543","regulation of platelet activation",22,0.253063729492021,0.797223115045266,0.787018255578093,0.907300476904148,0.730631407143935,255,"tags=9%, list=2%, signal=9%","Prkg1/Prkcd"
"GO:1903573","GO:1903573","negative regulation of response to endoplasmic reticulum stress",34,0.220793950247703,0.788607568421467,0.78714859437751,0.907300476904148,0.730631407143935,2007,"tags=26%, list=20%, signal=21%","Wfs1/Nck2/Lpcat3/Crebrf/Akt3/Atad3a/Usp25/Hyou1/Prkn"
"GO:0046475","GO:0046475","glycerophospholipid catabolic process",21,0.252452987018643,0.788226693635415,0.788423153692615,0.907300476904148,0.730631407143935,1936,"tags=29%, list=19%, signal=23%","Plcb1/Plcg1/Pla2g6/Pla2g4d/Inpp5f/Pla2g4e"
"GO:0030970","GO:0030970","retrograde protein transport, ER to cytosol",21,-0.253165640450121,-0.782770605751817,0.788423153692615,0.907300476904148,0.730631407143935,2415,"tags=29%, list=24%, signal=22%","Aup1/Sel1l/Sec61b/Ufd1/Yod1/Derl1"
"GO:1903513","GO:1903513","endoplasmic reticulum to cytosol transport",21,-0.253165640450121,-0.782770605751817,0.788423153692615,0.907300476904148,0.730631407143935,2415,"tags=29%, list=24%, signal=22%","Aup1/Sel1l/Sec61b/Ufd1/Yod1/Derl1"
"GO:0010573","GO:0010573","vascular endothelial growth factor production",21,-0.253088967148919,-0.782533537221033,0.788423153692615,0.907300476904148,0.730631407143935,1940,"tags=33%, list=19%, signal=27%","Hif1a/Aqp4/Flt1/Nutf2/Adgrg1/Flt4/Adora2b"
"GO:0071222","GO:0071222","cellular response to lipopolysaccharide",93,0.189309012083328,0.842847891510022,0.789130434782609,0.907769634544914,0.731009210656631,2273,"tags=25%, list=22%, signal=19%","B2m/Akap8/Nfkb1/Pde4b/Cmpk2/Sash1/Prkce/Plscr1/Ptpn6/Bmp6/Adam9/Irf8/Tut4/Dab2ip/Bcr/Capn2/Mtdh/Efnb2/Sgms1/Ephb2/Epsti1/Abl1/Nfkbiz"
"GO:0060218","GO:0060218","hematopoietic stem cell differentiation",21,0.251355158749438,0.784798976035261,0.790419161676647,0.908907043597814,0.731925144019362,182,"tags=10%, list=2%, signal=9%","Bcl2/Ext1"
"GO:0040029","GO:0040029","epigenetic regulation of gene expression",177,-0.181854563704563,-0.878943149706268,0.791044776119403,0.909026419979694,0.732021275495199,1045,"tags=13%, list=10%, signal=12%","Smarcd1/Dnmt1/Sirt6/Egr1/Baz2a/Hells/Piwil1/Hat1/Ash2l/Dcaf13/Suv39h2/Cenpv/Hdac10/Glyr1/Cbx5/Mettl3/Setdb1/Wbp2/Sdr16c5/Smarca5/Znfx1/H2aj/Kat8"
"GO:0051602","GO:0051602","response to electrical stimulus",34,0.217878660458203,0.778195056712867,0.791164658634538,0.909026419979694,0.732021275495199,1318,"tags=18%, list=13%, signal=15%","Ghrl/Tacr1/Gria1/Hnrnpd/mt-Co1/Brd1"
"GO:0051281","GO:0051281","positive regulation of release of sequestered calcium ion into cytosol",24,-0.2363737593968,-0.768618378298052,0.791423001949318,0.909026419979694,0.732021275495199,2422,"tags=33%, list=24%, signal=26%","Pkd2/Sri/Casq1/Calm2/Ednra/Trdn/Lhcgr/Dbi"
"GO:0120192","GO:0120192","tight junction assembly",29,-0.230396580648673,-0.787132469806884,0.792,0.909344448654794,0.732277377794619,185,"tags=14%, list=2%, signal=14%","Pak2/Frmpd2/Pof1b/Actn4"
"GO:0007031","GO:0007031","peroxisome organization",30,-0.235004079202967,-0.804774896231999,0.793877551020408,0.911154916512059,0.733735312306741,274,"tags=40%, list=3%, signal=39%","Pex1/Dnm1l/Pex13/Zfand6/Pex19/Trim37/Opa1/Hacl1/Pex5/Pex10/Rab8b/Pex11b"
"GO:0120033","GO:0120033","negative regulation of plasma membrane bounded cell projection assembly",30,-0.233521996857606,-0.799699483627499,0.795918367346939,0.911770379229196,0.734230932448594,679,"tags=13%, list=7%, signal=12%","Arhgap44/Tbc1d7/Lima1/Pfn2"
"GO:0070266","GO:0070266","necroptotic process",28,-0.234208525363127,-0.792870333134182,0.795677799607073,0.911770379229196,0.734230932448594,3360,"tags=43%, list=33%, signal=29%","Slc25a4/Pgam5/Casp8/Dnm1l/Birc2/Spata2/Cflar/Adprs/Ppif/Fadd/Cyld/Bok"
"GO:0001990","GO:0001990","regulation of systemic arterial blood pressure by hormone",24,0.236988326786393,0.768682600226168,0.795501022494888,0.911770379229196,0.734230932448594,1424,"tags=21%, list=14%, signal=18%","Tacr1/Nr3c2/Nkx2-1/Drd5/Ndst2"
"GO:1990868","GO:1990868","response to chemokine",24,0.236847155775483,0.76822470552218,0.795501022494888,0.911770379229196,0.734230932448594,576,"tags=8%, list=6%, signal=8%","Robo1/Slit3"
"GO:1990869","GO:1990869","cellular response to chemokine",24,0.236847155775483,0.76822470552218,0.795501022494888,0.911770379229196,0.734230932448594,576,"tags=8%, list=6%, signal=8%","Robo1/Slit3"
"GO:0006469","GO:0006469","negative regulation of protein kinase activity",124,-0.187131069696332,-0.861273212393083,0.796610169491525,0.91221799454245,0.734591388344415,2032,"tags=30%, list=20%, signal=24%","Casp3/Prkrip1/Mvp/Macroh2a1/Nf2/Spry2/Heg1/Cdk5rap1/Gskip/Tfap4/Rb1/Dtnbp1/Akt1/Zgpat/Wars1/Dusp19/Prkar1a/Nf1/Chordc1/Wwtr1/Errfi1/Rgs2/Cep43/Nolc1/Ptprb/Stk38/Tsc2/Pdcd4/Spry1/Taf7/Rtraf/Park7/Fbxo7/Paqr3/Gstp3/Inpp5k/Aida"
"GO:0070231","GO:0070231","T cell apoptotic process",32,-0.228400924399448,-0.788552073233624,0.797916666666667,0.9131642082815,0.735353355843848,1940,"tags=28%, list=19%, signal=23%","Hif1a/Siva1/Fadd/Akt1/Dffa/Arg2/Prkcq/Adam8/Chek2"
"GO:0065002","GO:0065002","intracellular protein transmembrane transport",26,-0.2360670272263,-0.785983023534803,0.798039215686275,0.9131642082815,0.735353355843848,2402,"tags=35%, list=23%, signal=27%","Pex1/Pex13/Trim37/Sec61g/Sec61b/Sec61a1/Pex5/Pex10/Srp54c"
"GO:0002699","GO:0002699","positive regulation of immune effector process",108,0.187109396573327,0.857730722747171,0.798715203426124,0.913336623514673,0.735492198473862,2561,"tags=29%, list=25%, signal=22%","Foxp1/Cadm1/B2m/Tap2/Rasgrp1/Dennd1b/Ep300/Ptpn6/Shld2/Fbxo38/Myo18a/Card9/Cd74/Kmt5b/Colec11/Atad5/Map3k7/Sash3/Ankrd17/Ptprc/Pms2/Il13ra1/Ephb2/Appl2/Irf1/Nfkbiz/Crhr1/Klrh1/Hmces/Dhx36/Brd2"
"GO:0009953","GO:0009953","dorsal/ventral pattern formation",55,0.206716667606662,0.826534428774403,0.798792756539235,0.913336623514673,0.735492198473862,1660,"tags=22%, list=16%, signal=18%","Six3/Wnt7a/Tll1/Smad6/Nkx2-1/Sox1/Chrd/Arl13b/Axin2/Bmpr1a/Acvr1/Lrp4"
"GO:0006275","GO:0006275","regulation of DNA replication",79,-0.194812141977164,-0.835625018972459,0.803738317757009,0.916570230637463,0.738096159325217,2225,"tags=27%, list=22%, signal=21%","Mettl4/Rac1/Lig3/Pds5a/Zmpste24/Brpf3/Gmnn/Actr8/Nfrkb/Ruvbl1/Cacybp/Wrnip1/Ccna2/Esco2/Ctc1/Tipin/Pcna/Endog/Uchl5/Ssbp1/Smarca5"
"GO:1903053","GO:1903053","regulation of extracellular matrix organization",44,-0.213787018862912,-0.811831762479996,0.802788844621514,0.916570230637463,0.738096159325217,2477,"tags=30%, list=24%, signal=23%","Angptl7/Cflar/Reck/Lamc1/Rb1/Abl2/Aebp1/Fscn1/Rgcc/Tnfrsf1a/Has2/Nid1/Lamb1"
"GO:1902459","GO:1902459","positive regulation of stem cell population maintenance",40,-0.220956412910686,-0.809959668233881,0.802083333333333,0.916570230637463,0.738096159325217,1144,"tags=18%, list=11%, signal=16%","Smarcb1/Smarcd1/Sirt6/Rbbp4/Kdm2b/Brd9/Ogt"
"GO:0050830","GO:0050830","defense response to Gram-positive bacterium",28,-0.232562481049209,-0.787297949714295,0.803536345776031,0.916570230637463,0.738096159325217,2343,"tags=36%, list=23%, signal=28%","Il18/Romo1/Ssc5d/Pld1/Nod1/Tac1/Ltf/Rpl39/Hmgb2/Tbk1"
"GO:0005979","GO:0005979","regulation of glycogen biosynthetic process",22,-0.246000061130715,-0.776987772634956,0.803536345776031,0.916570230637463,0.738096159325217,1815,"tags=23%, list=18%, signal=19%","Akt2/Akt1/Gfpt1/Insr/Inpp5k"
"GO:0010962","GO:0010962","regulation of glucan biosynthetic process",22,-0.246000061130715,-0.776987772634956,0.803536345776031,0.916570230637463,0.738096159325217,1815,"tags=23%, list=18%, signal=19%","Akt2/Akt1/Gfpt1/Insr/Inpp5k"
"GO:0051403","GO:0051403","stress-activated MAPK cascade",34,0.216825540620733,0.774433639004859,0.803212851405622,0.916570230637463,0.738096159325217,2327,"tags=29%, list=23%, signal=23%","Mid1/Foxo1/Taok1/Mapk13/Card9/Tgfb2/Map3k7/Taok3/Crhr2/Map3k13"
"GO:0006109","GO:0006109","regulation of carbohydrate metabolic process",134,0.18361742644957,0.869787613643355,0.804395604395604,0.916860110749439,0.738329594134862,2771,"tags=31%, list=27%, signal=23%","Zbtb20/Arnt/Hnf4a/Prkg1/Foxo1/Smpd3/Tcf7l2/Nfkb1/Ep300/Hdac4/Rora/Nr3c1/Slc4a1/Mtch2/Ntsr1/Pou1f1/Enpp1/Ppargc1a/Rorc/Phka1/Irs1/Igfbp4/Epm2aip1/Gnmt/Grb10/Gsk3b/Ncor1/Prkn/Igf1/Mtor/Adcyap1r1/Ranbp2/Pdk3/Supt20/Pth1r/Ncoa2/Phkb/Foxk2/P2ry1/Slc4a4/Jmjd8"
"GO:0048525","GO:0048525","negative regulation of viral process",32,0.219178377046446,0.781431300023897,0.804597701149425,0.916860110749439,0.738329594134862,2091,"tags=28%, list=20%, signal=22%","Prox1/Crebbp/Hexim1/Srpk2/Plscr1/Ifih1/Trim8/Mphosph8/Zc3hav1"
"GO:0043255","GO:0043255","regulation of carbohydrate biosynthetic process",77,0.19228368987525,0.830706656798302,0.805845511482255,0.917936804432794,0.739196634592745,2289,"tags=26%, list=22%, signal=20%","Hnf4a/Prkg1/Foxo1/Smpd3/Tcf7l2/Nfkb1/Ep300/Nr3c1/Ntsr1/Pou1f1/Enpp1/Irs1/Epm2aip1/Gnmt/Grb10/Gsk3b/Igf1/Mtor/Adcyap1r1/Ranbp2"
"GO:0008207","GO:0008207","C21-steroid hormone metabolic process",22,0.248631206381051,0.783259399703162,0.807302231237322,0.91925056769977,0.740254582570112,2595,"tags=36%, list=25%, signal=27%","Hsd3b4/Cacna1h/Bmp6/Ppargc1a/Kcnma1/Bmp5/Dkk3/Stard3"
"GO:0033120","GO:0033120","positive regulation of RNA splicing",35,-0.219054803462978,-0.781816916409899,0.80952380952381,0.920742170742171,0.741455741455741,2274,"tags=26%, list=22%, signal=20%","Hspa8/Nup98/Exosc10/Srsf5/Rbm22/Zfp64/Slirp/Eif4a3/Cirbp"
"GO:1902176","GO:1902176","negative regulation of oxidative stress-induced intrinsic apoptotic signaling pathway",22,-0.244057023742832,-0.770850716061804,0.80943025540275,0.920742170742171,0.741455741455741,2639,"tags=45%, list=26%, signal=34%","Nono/Gpx1/Ctnnb1/Nfe2l2/Bag5/Hif1a/Pycr1/Sod2/Park7/Fbxo7"
"GO:0009069","GO:0009069","serine family amino acid metabolic process",20,0.251463640654461,0.769838551581765,0.808943089430894,0.920742170742171,0.741455741455741,1900,"tags=25%, list=19%, signal=20%","Hao1/Amt/Csad/Phgdh/Gnmt"
"GO:0050764","GO:0050764","regulation of phagocytosis",58,0.201568818152651,0.819528924007294,0.811359026369168,0.922483245740555,0.74285779524982,2245,"tags=26%, list=22%, signal=20%","Rap1gap/Ano6/Mex3b/Ptk2/Plscr1/Myo18a/Camk1d/Bcr/Slc11a1/Colec11/Ptprc/Lman2/Gas6/Appl2/Calr"
"GO:0031297","GO:0031297","replication fork processing",40,-0.219942101008794,-0.806241506263744,0.8125,0.923433983495874,0.743623405851463,942,"tags=15%, list=9%, signal=14%","Gen1/Tipin/Pcna/Cdk9/Brca2/Smarcal1"
"GO:0007595","GO:0007595","lactation",28,-0.230320337463382,-0.779707580708416,0.81335952848723,0.923717905290969,0.743852042544543,2314,"tags=36%, list=23%, signal=28%","Cad/Hk2/Nme1/Hif1a/Xbp1/Ccnd1/Umps/Aprt/Rplp0/Prl5a1"
"GO:0050672","GO:0050672","negative regulation of lymphocyte proliferation",34,0.215980981376113,0.77141713510364,0.813253012048193,0.923717905290969,0.743852042544543,1057,"tags=15%, list=10%, signal=13%","Sox11/Pawr/Rc3h1/Cd276/Ptpn6"
"GO:0007340","GO:0007340","acrosome reaction",20,-0.251204722323685,-0.768234716320536,0.813725490196078,0.92378727437022,0.743907904113313,2226,"tags=35%, list=22%, signal=27%","Glrb/Stx2/Rab3a/Plcd4/Abhd2/Ccdc87/Pkdrej"
"GO:0048863","GO:0048863","stem cell differentiation",170,0.177909278806922,0.866260734781626,0.81505376344086,0.924256326057562,0.744285622303779,3305,"tags=39%, list=32%, signal=27%","Sema3f/Bcl2/Ext1/Wnt7a/Msi2/Sema4g/Sema3a/Bmpr2/Smad1/Bmp7/Mta3/Sox6/Mtch2/Sox8/Ccdc88c/Erbb4/Ezh2/Fzd1/Rbm24/Bmpr1a/Sema6b/Acvr1/Wnt7b/Tgfb2/Cdh2/Cdk6/Radil/Cdk13/Pef1/Ptprc/Hnrnpu/Ankrd11/Sox21/Gsk3b/Efnb1/Srf/Lrp6/Sema5a/Pax6/Ret/Rdh10/Slc4a11/Gatad2a/Dhx36/Mtf2/Prkca/Rps7/Tapt1/Pus7/Ncoa3/Pum1/Zfp36l2/Sema3d/Sox5/Dicer1/Chd4/Chd2/Sema7a/Aldh1a2/Mapk1/Fgfr1/Tcof1/Edn3/Mta1/Sema5b/Coro1c"
"GO:1902743","GO:1902743","regulation of lamellipodium organization",32,-0.224287204230842,-0.774349492503329,0.814583333333333,0.924256326057562,0.744285622303779,2531,"tags=31%, list=25%, signal=24%","Enpp2/Twf2/Dmtn/Rac1/Src/Nckap1/Fscn1/Cyfip1/Frmd7/Bin3"
"GO:0018904","GO:0018904","ether metabolic process",20,0.24861196060615,0.76110833025731,0.815040650406504,0.924256326057562,0.744285622303779,875,"tags=20%, list=9%, signal=18%","Pxmp4/Agmo/Pla2g6/Ephx1"
"GO:1903533","GO:1903533","regulation of protein targeting",41,0.211528584643416,0.78861797597732,0.816205533596838,0.925216149195069,0.745058549186788,1950,"tags=24%, list=19%, signal=20%","Ptpn5/Siah3/Mtcl1/Ank3/Fyn/Srebf1/Kcnb1/Cemip/Itgb1bp1/Fbxw7"
"GO:0002263","GO:0002263","cell activation involved in immune response",144,-0.182572726081283,-0.856426972414491,0.816981132075472,0.925509575934079,0.745294840026123,1310,"tags=15%, list=13%, signal=14%","Msh2/Rabgef1/Rag2/Adora2b/Itm2a/Scnn1b/Itfg2/Slc15a4/Snap23/Ywhaz/Rara/Mlh1/Milr1/Clnk/Msh6/Ticam1/Supt6/Snx4/Gpr183/Kars1/Kit/Lrp1"
"GO:0022404","GO:0022404","molting cycle process",76,0.192181124131314,0.827484359349061,0.817991631799163,0.925509575934079,0.745294840026123,2003,"tags=22%, list=20%, signal=18%","Bcl2/Egfr/Ext1/Pum2/Tspear/Igfbp5/Barx2/Trps1/Ldb1/Lgr4/Tgfb2/Celsr1/Lrp4/Ldb2/Fermt1/Sox21/Trpv1"
"GO:0022405","GO:0022405","hair cycle process",76,0.192181124131314,0.827484359349061,0.817991631799163,0.925509575934079,0.745294840026123,2003,"tags=22%, list=20%, signal=18%","Bcl2/Egfr/Ext1/Pum2/Tspear/Igfbp5/Barx2/Trps1/Ldb1/Lgr4/Tgfb2/Celsr1/Lrp4/Ldb2/Fermt1/Sox21/Trpv1"
"GO:0070849","GO:0070849","response to epidermal growth factor",37,-0.219154236220622,-0.79163716535163,0.817248459958932,0.925509575934079,0.745294840026123,2725,"tags=32%, list=27%, signal=24%","Bloc1s6/Snx6/Cad/Ireb2/Ptpn11/Col1a1/Akt1/Zfp36l1/Ppp1r9b/Eef1a1/Fos/Inpp5k"
"GO:0015804","GO:0015804","neutral amino acid transport",35,-0.215160591865974,-0.767918291707377,0.817460317460317,0.925509575934079,0.745294840026123,3584,"tags=43%, list=35%, signal=28%","Slc7a6/Slc38a2/Llgl2/Slc7a9/Slc38a6/Sfxn2/Slc36a4/Slc38a3/Slc7a5/Slc38a7/Slc36a1/Slc1a2/Slc25a13/Rgs2/Slc6a17"
"GO:0002221","GO:0002221","pattern recognition receptor signaling pathway",149,0.181224301014848,0.865184899735309,0.818965517241379,0.925574605461164,0.745347207038033,2273,"tags=25%, list=22%, signal=20%","Irf7/Nmi/Trim25/Znrf1/Ptprs/Smpdl3b/Prkd1/Pum2/Mfhas1/Lsm14a/Sirt2/Ninj1/Prkce/Kcnk13/Arf6/Ifi35/Lats1/Elp6/Mapkapk3/Dab2ip/Lgr4/Lyplal1/Rps6ka3/Ifih1/Chuk/Map3k7/Ankrd17/Tyro3/Irf2/Zc3hav1/Parp1/Rnf144a/Tkfc/Appl2/Irf1/Peli1/Nfkbiz"
"GO:0002758","GO:0002758","innate immune response-activating signaling pathway",149,0.181224301014848,0.865184899735309,0.818965517241379,0.925574605461164,0.745347207038033,2273,"tags=25%, list=22%, signal=20%","Irf7/Nmi/Trim25/Znrf1/Ptprs/Smpdl3b/Prkd1/Pum2/Mfhas1/Lsm14a/Sirt2/Ninj1/Prkce/Kcnk13/Arf6/Ifi35/Lats1/Elp6/Mapkapk3/Dab2ip/Lgr4/Lyplal1/Rps6ka3/Ifih1/Chuk/Map3k7/Ankrd17/Tyro3/Irf2/Zc3hav1/Parp1/Rnf144a/Tkfc/Appl2/Irf1/Peli1/Nfkbiz"
"GO:0002260","GO:0002260","lymphocyte homeostasis",46,-0.208184469907142,-0.79751070899845,0.818540433925049,0.925574605461164,0.745347207038033,2687,"tags=37%, list=26%, signal=27%","Ppp3cb/Ada/Dock10/Bbs4/Mif/Casp3/Ppp2ca/Hif1a/Siva1/Dock11/Fadd/Akt1/Sos1/Rc3h2/Wdr37/Pik3cd/Ppp2r3c"
"GO:0032945","GO:0032945","negative regulation of mononuclear cell proliferation",35,0.21397067787355,0.768965228203699,0.819277108433735,0.925581520713727,0.745352775756269,1057,"tags=14%, list=10%, signal=13%","Sox11/Pawr/Rc3h1/Cd276/Ptpn6"
"GO:0045686","GO:0045686","negative regulation of glial cell differentiation",21,-0.24741520902882,-0.764990670532398,0.820359281437126,0.926113495810168,0.745781164942842,645,"tags=19%, list=6%, signal=18%","Nf1/Id4/Dlx1/Id2"
"GO:0046636","GO:0046636","negative regulation of alpha-beta T cell activation",21,0.240344186297399,0.750419733737208,0.820359281437126,0.926113495810168,0.745781164942842,969,"tags=14%, list=9%, signal=13%","Rc3h1/Adora2a/Socs1"
"GO:0031334","GO:0031334","positive regulation of protein-containing complex assembly",117,0.184898825406776,0.857346484413271,0.82089552238806,0.926159854672303,0.745818496831821,1372,"tags=15%, list=13%, signal=13%","Trabd2b/Nck2/Fnip2/Cracd/Tenm1/Nav3/Ambra1/Akap9/Prkd1/Cdkn1b/Met/Prkce/Togaram1/Arf6/Lats1/Pde4dip/Spidr"
"GO:0032892","GO:0032892","positive regulation of organic acid transport",38,0.214932737450857,0.788684074714551,0.821011673151751,0.926159854672303,0.745818496831821,1188,"tags=18%, list=12%, signal=16%","Htr2c/Pla2g6/Sstr4/Adora2a/Grin2b/Nr3c1/Ntsr1"
"GO:0051654","GO:0051654","establishment of mitochondrion localization",25,0.23036518603253,0.759537464308302,0.82172131147541,0.926615397756045,0.746185336806848,1718,"tags=20%, list=17%, signal=17%","Agbl4/Tspan4/Sybu/Pkd1/Kif1b"
"GO:0062207","GO:0062207","regulation of pattern recognition receptor signaling pathway",108,-0.186204509417181,-0.838672532892116,0.822429906542056,0.926724662261967,0.746273325385875,2410,"tags=27%, list=24%, signal=21%","Acod1/Appl1/Hspa8/Ywhae/C1qbp/Trim32/Fbxl2/Ddx3x/Src/Ppp2ca/Brcc3dc/Hcfc2/Cptp/Ufd1/Akt1/Wdfy1/Eif2ak2/Riok3/Ltf/Ppp6c/Cactin/Slc15a4/Aars2/Ogt/Tab1/Lamp2/Ddx60/Ppt1/Pcbp2"
"GO:0034394","GO:0034394","protein localization to cell surface",50,-0.208948790377835,-0.805145018946658,0.822222222222222,0.926724662261967,0.746273325385875,1720,"tags=18%, list=17%, signal=15%","Akt1/Tm9sf4/Angpt1/Tor1a/Tsc2/Gga2/Stx3/Leprot/Gga3"
"GO:0043122","GO:0043122","regulation of canonical NF-kappaB signal transduction",140,-0.180914642019394,-0.850137810852774,0.823091247672253,0.927125085668003,0.746595778557732,2656,"tags=26%, list=26%, signal=19%","Casp1/Zfand6/Litaf/Gapdh/Usp20/Eda2r/Edn1/Nod1/Trim32/Traf1/Tgm2/Abl2/Fadd/Trim13/Riok3/Ltf/Traf6/Ednra/Cactin/Angpt1/Ppm1a/Ddx21/Terf2ip/Tnfrsf1a/Cyld/Gprc5b/Ticam1/Dhx15/S100b/Sharpin/Htr2b/Tbk1/Ddx1/Tnfsf10/Azi2/Tmsb4x"
"GO:0000018","GO:0000018","regulation of DNA recombination",88,0.188651566737876,0.829308915912204,0.825159914712154,0.928419807492694,0.747638392832401,2494,"tags=30%, list=24%, signal=23%","Crebbp/Rad50/Vps72/Shld2/Smchd1/Arid2/H1f0/Meaf6/Spidr/Mbtd1/Kmt5b/Atad5/Epc1/Rad18/Chek1/Ptprc/Pms2/Radx/Polq/Parp1/Ercc6/Abl1/Epc2/Peli1/Ep400/Hmces"
"GO:0046683","GO:0046683","response to organophosphorus",78,-0.192867345875049,-0.826351458387822,0.824858757062147,0.928419807492694,0.747638392832401,1976,"tags=31%, list=19%, signal=25%","Casp1/Pdxp/Dmtn/Stc1/Pkd2/Abcc9/Tyms/Ezr/Col1a1/P2rx5/P2rx4/Ryr1/Fdx1/Errfi1/Eef2k/Hcn2/Ssh1/Zfp36l1/Slc6a4/Rplp0/Rfc3/Fos/Inpp5k/Mat2a"
"GO:0044786","GO:0044786","cell cycle DNA replication",25,-0.230662165346095,-0.759511975939303,0.824902723735409,0.928419807492694,0.747638392832401,2984,"tags=36%, list=29%, signal=26%","Recql5/Dbf4/Mcm4/Mcm6/Zmpste24/Gmnn/Zfp830/Pcna/Brca2"
"GO:0170041","GO:0170041","non-proteinogenic amino acid metabolic process",55,-0.202848889947818,-0.80564132634995,0.825742574257426,0.928730512249443,0.747888597322984,3375,"tags=40%, list=33%, signal=27%","Upb1/Pcmt1/Srr/Cth/Mtr/Aasdh/Oaz1/Tdo2/Asl/Cad/P4ha1/Blmh/Prdx4/Arg2/Aadat/Mpst/Aldh5a1/Mmut/Park7/Comt/P4hb/Aldh6a1"
"GO:0007095","GO:0007095","mitotic G2 DNA damage checkpoint signaling",31,-0.226092379700673,-0.776360304147054,0.826446280991736,0.92890485362764,0.748028991040079,2571,"tags=42%, list=25%, signal=32%","Topbp1/Brca1/Mre11a/Mbtps1/Uimc1/Mbtps2/Brcc3dc/Clspn/Mbd4/Abraxas1/Fzr1/Rint1/Syf2"
"GO:0015813","GO:0015813","L-glutamate transmembrane transport",24,-0.230634282648683,-0.749955277445933,0.826510721247563,0.92890485362764,0.748028991040079,3473,"tags=50%, list=34%, signal=33%","Slc17a6/Per2/Slc38a6/Arl6ip5/Itgb1/Psen1/Arhgef11/Cln8/Slc1a2/Slc25a13/Arl6ip1/Slc25a22"
"GO:0015837","GO:0015837","amine transport",82,0.191366925787478,0.830935603813801,0.827004219409283,0.929114862740128,0.74819810728908,1241,"tags=16%, list=12%, signal=14%","Drd2/Prkg1/Htr2c/Rab3b/Syt1/Slc43a2/Oprk1/Adora2a/Grm7/Grin2b/Nr3c1/Ntsr1/Kcnb1"
"GO:0010591","GO:0010591","regulation of lamellipodium assembly",26,-0.229132081095223,-0.762893183364412,0.827450980392157,0.929272227794009,0.748324830302766,2489,"tags=31%, list=24%, signal=23%","Twf2/Dmtn/Rac1/Nckap1/Fscn1/Cyfip1/Frmd7/Bin3"
"GO:0060326","GO:0060326","cell chemotaxis",148,-0.179762582090294,-0.846536303202423,0.828301886792453,0.929307357126114,0.748353119269874,1670,"tags=18%, list=16%, signal=15%","Mdk/Flt1/Rac3/P2rx4/Nedd9/Ednra/Mmp2/Pla2g7/Fgf16/Prkcq/Trpm2/Nrp1/Hmgb2/Adam8/Abcc1/Slc37a4/Gpr18/Csf1r/Gpr183/Cxcl14/Il17ra/Pdgfra/Kit/Ackr4/Elmo2/Tmsb4x/Kdr"
"GO:0050731","GO:0050731","positive regulation of peptidyl-tyrosine phosphorylation",80,0.191329104201713,0.826226766021083,0.828326180257511,0.929307357126114,0.748353119269874,2178,"tags=25%, list=21%, signal=20%","Epha4/Pecam1/Parp14/Abi2/Agrn/Fyn/Adnp/Bmp6/Ptprz1/Erbb4/Yes1/Hsf1/Acvr1/Cd74/Lrp4/Ptprc/Fbxw7/Igf1/Abl1/Mtor"
"GO:1903426","GO:1903426","regulation of reactive oxygen species biosynthetic process",33,0.21617066399445,0.768299603388719,0.828402366863905,0.929307357126114,0.748353119269874,832,"tags=12%, list=8%, signal=11%","Foxo3/Adgrb1/Fyn/Hdac4"
"GO:0032231","GO:0032231","regulation of actin filament bundle assembly",82,0.191146494211676,0.829978466399458,0.829113924050633,0.929355100028177,0.748391565699258,2947,"tags=38%, list=29%, signal=27%","Arhgap6/Dbn1/Myoc/Tacr1/Met/Sh3pxd2b/Smad3/Ccdc88a/Kank4/Mtss1/Ppfia1/Itgb1bp1/Prkn/Wnt11/Abl1/Mtor/Clasp2/Tjp1/Arhgef10/Nox4/Clasp1/Tmeff2/Carmil1/Tsc1/Rapgef3/Arhgef10l/Cd47/Dlc1/Ppp1r9a/Alms1/Braf"
"GO:0002381","GO:0002381","immunoglobulin production involved in immunoglobulin-mediated immune response",35,-0.213604584364031,-0.762364827606847,0.829365079365079,0.929355100028177,0.748391565699258,1310,"tags=14%, list=13%, signal=13%","Msh2/Slc15a4/Mlh1/Msh6/Supt6"
"GO:0030325","GO:0030325","adrenal gland development",22,-0.236040952925767,-0.74553206784356,0.829076620825147,0.929355100028177,0.748391565699258,1670,"tags=27%, list=16%, signal=23%","Mdk/Nf1/Nr0b1/Tspo/Insr/Pdgfra"
"GO:0002366","GO:0002366","leukocyte activation involved in immune response",141,0.178570121625713,0.851657786156274,0.83010752688172,0.929843181682666,0.748784608351718,2580,"tags=29%, list=25%, signal=22%","Foxp1/Nmi/Rasgrp1/Rc3h1/Lfng/Ep300/Rora/Prkce/Ptpn6/Shld2/Grn/Ifi35/Notch2/Enpp1/Irf8/Apbb1ip/Kmt2a/St3gal1/Rorc/Bcr/Slc11a1/Cd74/Phf14/Kmt5b/Atad5/Plxna1/Chga/Ptprc/Pms2/Sanbr/Abl1/Mtor/Irf1/Nfkbiz/Crhr1/Hmces/Rac2/Nbn/Tsc1/Brd2/Tnfaip3"
"GO:0006356","GO:0006356","regulation of transcription by RNA polymerase I",36,-0.2170119533764,-0.77739322991209,0.830645161290323,0.930101566411559,0.748992680542641,1144,"tags=36%, list=11%, signal=32%","Dek/Nol11/Pwp1/Macroh2a1/Ippk/Ddx11/Zmpste24/Smarcb1/Ddx21/Baz2a/Ubtf/Sf3b1/Smarca5"
"GO:0045682","GO:0045682","regulation of epidermis development",32,0.21223651838134,0.756681661330723,0.831417624521073,0.93062260890242,0.74941226591482,2839,"tags=38%, list=28%, signal=27%","Klf7/Abca12/Ezh2/Tgfb2/Hey2/Elapor2/Ptch2/Rock1/Fgfr3/Kdf1/Cd109/Ncoa3"
"GO:0001947","GO:0001947","heart looping",38,0.213085026524363,0.781903999237518,0.832684824902724,0.931352904929957,0.75000035908551,2710,"tags=29%, list=26%, signal=21%","Ccdc103/Kdm2a/Smad3/Rnf207/Notch2/Arl13b/Srf/Lrp6/Sufu/Ift57/Ccdc39"
"GO:0061371","GO:0061371","determination of heart left/right asymmetry",38,0.213085026524363,0.781903999237518,0.832684824902724,0.931352904929957,0.75000035908551,2710,"tags=29%, list=26%, signal=21%","Ccdc103/Kdm2a/Smad3/Rnf207/Notch2/Arl13b/Srf/Lrp6/Sufu/Ift57/Ccdc39"
"GO:2000819","GO:2000819","regulation of nucleotide-excision repair",22,-0.234223668368273,-0.739792199836694,0.833005893909627,0.931368213485671,0.750012686767339,1150,"tags=18%, list=11%, signal=16%","Rad52/Smarcb1/Smarcd1/Smarcc2"
"GO:1901992","GO:1901992","positive regulation of mitotic cell cycle phase transition",62,-0.197532319779187,-0.804987873191686,0.834319526627219,0.932492868196412,0.750918349306682,2956,"tags=40%, list=29%, signal=29%","Lsm10/Sass6/Mtbp/Plrg1/Dbf4/Tmod3/Anapc5/Rab11a/Birc5/Ddx3x/Rb1/Klhl18/Anapc7/Cdc16/Ccnd1/Eif4g1/Akt1/Phb2/Hspa2/Cdc25a/Vps4b/Rgcc/Ccne1/Rrm1/Rrm2b"
"GO:0001936","GO:0001936","regulation of endothelial cell proliferation",88,-0.186375058728954,-0.815666517159371,0.834896810506567,0.932794002888974,0.751160847210923,2110,"tags=23%, list=21%, signal=18%","Nras/Synj2bp/Pdcd6/Mmrn2/Cxcl12/Vash1/Akt1/Mdk/Flt1/Nf1/Flt4/Adora2b/Hspg2/Hmgb2/Tsc2/Sirt6/Rgcc/Htr2b/Pik3cd/Kdr"
"GO:0030262","GO:0030262","apoptotic nuclear changes",20,-0.240761122093258,-0.73629608003149,0.835294117647059,0.932893909498927,0.751241300058542,1694,"tags=25%, list=17%, signal=21%","Acin1/Dffa/Exog/Endog/Sharpin"
"GO:0006505","GO:0006505","GPI anchor metabolic process",25,-0.22780271502028,-0.750096531651758,0.836575875486381,0.933293410428474,0.751563010378045,3128,"tags=48%, list=31%, signal=33%","Dpm1/Pigh/Cwh43/Pigq/Pgap3/Pigv/Dpm2/Pigu/Pigk/Pigp/Pgap1/Pigb"
"GO:0006506","GO:0006506","GPI anchor biosynthetic process",25,-0.22780271502028,-0.750096531651758,0.836575875486381,0.933293410428474,0.751563010378045,3128,"tags=48%, list=31%, signal=33%","Dpm1/Pigh/Cwh43/Pigq/Pgap3/Pigv/Dpm2/Pigu/Pigk/Pigp/Pgap1/Pigb"
"GO:0180046","GO:0180046","GPI anchored protein biosynthesis",25,-0.22780271502028,-0.750096531651758,0.836575875486381,0.933293410428474,0.751563010378045,3128,"tags=48%, list=31%, signal=33%","Dpm1/Pigh/Cwh43/Pigq/Pgap3/Pigv/Dpm2/Pigu/Pigk/Pigp/Pgap1/Pigb"
"GO:0031333","GO:0031333","negative regulation of protein-containing complex assembly",109,-0.184474712089444,-0.832288111103412,0.837383177570094,0.933431408606105,0.751674137623398,2489,"tags=27%, list=24%, signal=20%","Twf2/Dmtn/Prkcz/Mtpn/Hspa8/Trim9/Sorl1/Fbxl2/Ddx3x/Src/Cptp/Gsn/Jmjd6/Riok3/Mkks/Pex5/Capza1b/Stmn1/Lcmt1/Ssh1/Vdac2/Ogt/Park7/Lamp2/Sgk1/Pfn2/Aida/Vps35/Arhgef2"
"GO:0046209","GO:0046209","nitric oxide metabolic process",52,-0.20229545447907,-0.792643288406854,0.837623762376238,0.933431408606105,0.751674137623398,2449,"tags=27%, list=24%, signal=21%","Gla/Asl/Pkd2/Rac1/Akt2/Akt1/Cyb5b/P2rx4/Sod2/Cygb/Tspo/Ticam1/Insr/Nos1"
"GO:0045687","GO:0045687","positive regulation of glial cell differentiation",32,0.210635437956295,0.750973368501633,0.837164750957854,0.933431408606105,0.751674137623398,1323,"tags=16%, list=13%, signal=14%","Tenm4/Ptpra/Qki/Ptprz1/Prpf19"
"GO:0033059","GO:0033059","cellular pigmentation",43,-0.207018115042413,-0.782816097417964,0.837944664031621,0.93344571029993,0.751685654498954,2789,"tags=35%, list=27%, signal=26%","Lyst/Shroom2/Bloc1s6/Rab11a/Pikfyve/Myo5a/Ap1b1/Dtnbp1/Hps5/Rab29/Vps33a/Bloc1s1/Map2k1/Ap1m1/Dctn1"
"GO:0048489","GO:0048489","synaptic vesicle transport",40,0.204749154504801,0.766287637224626,0.844827586206897,0.940377179149295,0.757267431394151,2314,"tags=30%, list=23%, signal=23%","Nlgn1/Ap1s2/Borcs5/Ap3d1/Dnm3/Lin7a/Kif1b/Map2/Bloc1s4/Kif5c/Madd/Ap3s2"
"GO:0072678","GO:0072678","T cell migration",27,-0.223262093328012,-0.750524609924525,0.845098039215686,0.940377179149295,0.757267431394151,1948,"tags=41%, list=19%, signal=33%","Cd99l2/S1pr1/Crk/Crkl/Med23/Cxcl12/Abl2/Fadd/Msn/Adam8/Gpr183"
"GO:0033198","GO:0033198","response to ATP",22,-0.23100142920861,-0.729614802253719,0.844793713163065,0.940377179149295,0.757267431394151,2656,"tags=32%, list=26%, signal=24%","Casp1/Pdxp/Abcc9/P2rx5/P2rx4/Ryr1/Ssh1"
"GO:0099111","GO:0099111","microtubule-based transport",192,-0.17564636190199,-0.860882441154578,0.845871559633028,0.940892373600614,0.75768230745396,2725,"tags=28%, list=27%, signal=21%","Bloc1s6/Sfpq/Kif3a/Ssx2ip/Vangl1/Tuba1a/Borcs7/Dync1i1/Intu/Prkcz/Cluap1/Myo5a/Ubb/Hspa8/Ift70b/Ift52/Atg5/Borcs8/Ift172/Hif1a/Dtnbp1/Wdr19/Rsph3b/Stk36/Kif3b/Ttc21b/Aqp4/Rsph1/Daw1/Mapt/Copg1/Dync2i2/Ift20/Ift122/BC048507/Sod1/Rabgef1/Nherf1/Copg2/Spag16/Katnip/Spg7/Spag6l/Bloc1s1/Map2k1/Dync2li1/Kif21b/Ttll1/Ap3m2/Hsbp1/Ak7/Rab21/Rsph14"
"GO:1902041","GO:1902041","regulation of extrinsic apoptotic signaling pathway via death domain receptors",30,-0.222461944405085,-0.761824172718066,0.846938775510204,0.941521729748392,0.758189115704976,3821,"tags=50%, list=37%, signal=31%","Itprip/Skil/Psen2/Tmbim1/Brca1/Faim/Gpx1/Faf1/Cflar/Hgf/Ddx3x/Bmpr1b/Hmgb2/Park7/Pea15a"
"GO:0048261","GO:0048261","negative regulation of receptor-mediated endocytosis",20,-0.238108539475961,-0.728183947283084,0.847058823529412,0.941521729748392,0.758189115704976,1235,"tags=15%, list=12%, signal=13%","Rabgef1/Lrrtm2/Itgav"
"GO:0002312","GO:0002312","B cell activation involved in immune response",57,-0.197465569519467,-0.792912127264569,0.847490347490347,0.941655941655942,0.758297193940758,1310,"tags=16%, list=13%, signal=14%","Msh2/Rag2/Itm2a/Itfg2/Slc15a4/Mlh1/Msh6/Supt6/Gpr183"
"GO:0010507","GO:0010507","negative regulation of autophagy",64,-0.195665206140902,-0.799666853543422,0.849019607843137,0.943009315163015,0.759387039273187,2197,"tags=31%, list=21%, signal=25%","Herc1/Poldip2/Rnf41/Sec22b/Mcl1/Slc7a5/Lrrk2/Usp30/Tbc1d14/Cptp/Eif4g1/Akt1/Rragc/Eif4g2/Nampt/Tsc2/Tspo/Smcr8/Mtmr9/Npc1"
"GO:0071216","GO:0071216","cellular response to biotic stimulus",110,0.18130252270594,0.832971747119224,0.850325379609544,0.943755414077354,0.759987858200906,2174,"tags=24%, list=21%, signal=19%","B2m/Akap8/Nfkb1/Pde4b/Cmpk2/Sash1/Prkce/Plscr1/Ptpn6/Bmp6/Rbm14/Notch2/Adam9/Irf8/Tut4/Dab2ip/Bcr/Capn2/Mtdh/Efnb2/Sgms1/Gsk3b/Eif2ak3/Ephb2/Epsti1/Abl1"
"GO:0030038","GO:0030038","contractile actin filament bundle assembly",90,0.186760685390009,0.822529482952553,0.852494577006508,0.943755414077354,0.759987858200906,2947,"tags=38%, list=29%, signal=27%","Arhgap6/Phactr1/Pdlim1/Myoc/Tacr1/Met/Sh3pxd2b/Smad3/Ccdc88a/Kank4/Ppfia1/Itgb1bp1/Fam171a1/Wnt11/Srf/Abl1/Mtor/Clasp2/Tjp1/Arhgef10/Nox4/Clasp1/Tmeff2/Carmil1/Tsc1/Rapgef3/Arhgef10l/Zyx/Cd47/Dlc1/Luzp1/Ppp1r9a/Alms1/Braf"
"GO:0043149","GO:0043149","stress fiber assembly",90,0.186760685390009,0.822529482952553,0.852494577006508,0.943755414077354,0.759987858200906,2947,"tags=38%, list=29%, signal=27%","Arhgap6/Phactr1/Pdlim1/Myoc/Tacr1/Met/Sh3pxd2b/Smad3/Ccdc88a/Kank4/Ppfia1/Itgb1bp1/Fam171a1/Wnt11/Srf/Abl1/Mtor/Clasp2/Tjp1/Arhgef10/Nox4/Clasp1/Tmeff2/Carmil1/Tsc1/Rapgef3/Arhgef10l/Zyx/Cd47/Dlc1/Luzp1/Ppp1r9a/Alms1/Braf"
"GO:0001578","GO:0001578","microtubule bundle formation",100,0.181286733043802,0.819025232300573,0.852008456659619,0.943755414077354,0.759987858200906,3022,"tags=37%, list=29%, signal=26%","Lrguk/Ccdc103/Mtcl1/Armc2/Ccdc66/Togaram1/Cfap74/Ccdc88c/Spag1/Nckap5/Cfap47/Aaas/Pierce1/Ulk4/Map7/Map2/Cplane2/Cfap43/Cfap44/Capn6/Dnah5/Bbs2/Odad2/Lrrc23/Ofd1/Clasp1/Fsip1/Ift46/Dnah7b/Ccdc39/Zmynd10/Jhy/Iqcg/Rsph9/Clxn/Mns1/Cdk5rap2"
"GO:2000278","GO:2000278","regulation of DNA biosynthetic process",82,-0.187927783712536,-0.808222877571969,0.852272727272727,0.943755414077354,0.759987858200906,2179,"tags=23%, list=21%, signal=18%","Hgf/Polg2/Src/Tnks/Exosc10/Nat10/Ten1/Cct2/Rfc4/Map3k4/Chtf18/Prkcq/Ccna2/Rgcc/Ctc1/Pcna/Rfc3/Cct8/Ptges3"
"GO:0042246","GO:0042246","tissue regeneration",48,0.20548228498916,0.790423663886248,0.850299401197605,0.943755414077354,0.759987858200906,1790,"tags=25%, list=17%, signal=21%","Wnt7a/Klf5/Cdkn1b/Ninj1/Dmd/Ptgfrn/Erbb4/Ezh2/Large1/Bcl9/Fkrp/Mcub"
"GO:0060135","GO:0060135","maternal process involved in female pregnancy",40,-0.211981115991943,-0.777058932659648,0.852083333333333,0.943755414077354,0.759987858200906,1419,"tags=25%, list=14%, signal=22%","Akt1/Prdx3/Kpna6/Stc2/Rgs2/Ube2a/Ppard/Itga3/Dcaf13/Ctsb"
"GO:0002637","GO:0002637","regulation of immunoglobulin production",40,-0.211293691961212,-0.774539043182203,0.852083333333333,0.943755414077354,0.759987858200906,1898,"tags=22%, list=19%, signal=18%","Xbp1/Phb2/Gpi1/Dnajb9/Traf6/Msh2/Slc15a4/Mlh1/Supt6"
"GO:0001832","GO:0001832","blastocyst growth",22,-0.22885708931707,-0.722841934521726,0.850687622789784,0.943755414077354,0.759987858200906,789,"tags=23%, list=8%, signal=21%","Cops2/Ints1/Zfp830/Brca2/Setdb1"
"GO:0006641","GO:0006641","triglyceride metabolic process",61,-0.196027248326396,-0.794922059368514,0.852998065764023,0.943967910615409,0.76015897752528,2668,"tags=28%, list=26%, signal=21%","Dgat2/Gk5/Cat/Lpin2/Angptl3/Sorl1/Ptpn11/Sel1l/Acsl1/Ccnc/Pnpla2/Cnep1r1/Slc37a4/Lipc/Dbi/Cpt1a/Slc27a5"
"GO:0001935","GO:0001935","endothelial cell proliferation",106,0.180219783587016,0.8232768088843,0.854077253218884,0.944006173898131,0.760189790201795,2252,"tags=24%, list=22%, signal=19%","Ghrl/Prox1/Bmper/Plcg1/Prkd1/Col8a2/Bmpr2/Jcad/Col4a3/Nr2f2/Prok2/Akt3/Bmp6/Egr3/Ptprm/Atoh8/Itgb1bp1/Sulf1/Nrarp/Pold4/Igf1/Mtor/Vash2/Col18a1/Sema5a"
"GO:0043123","GO:0043123","positive regulation of canonical NF-kappaB signal transduction",92,-0.18493929827844,-0.813557741119415,0.853974121996303,0.944006173898131,0.760189790201795,2656,"tags=28%, list=26%, signal=21%","Casp1/Litaf/Gapdh/Eda2r/Edn1/Nod1/Trim32/Tgm2/Abl2/Fadd/Trim13/Ltf/Traf6/Ednra/Ddx21/Terf2ip/Tnfrsf1a/Gprc5b/Ticam1/Dhx15/S100b/Sharpin/Htr2b/Tbk1/Ddx1/Tnfsf10"
"GO:0046032","GO:0046032","ADP catabolic process",75,-0.187750037254913,-0.793812491127584,0.854684512428298,0.944006173898131,0.760189790201795,2138,"tags=24%, list=21%, signal=19%","Hk2/Src/Ppp2ca/Mfsd8/Hif1a/Bpgm/Ddit4/Gpi1/Pfkfb2/Prkaa2/Sirt6/Eif6/Pgam1/Insr/Ogt/Ampd3/Nudt9/Pkm"
"GO:2001057","GO:2001057","reactive nitrogen species metabolic process",53,-0.197686418228474,-0.780734230606272,0.854901960784314,0.944006173898131,0.760189790201795,2449,"tags=26%, list=24%, signal=20%","Gla/Asl/Pkd2/Rac1/Akt2/Akt1/Cyb5b/P2rx4/Sod2/Cygb/Tspo/Ticam1/Insr/Nos1"
"GO:0009988","GO:0009988","cell-cell recognition",29,0.214888329137736,0.734591298296846,0.854581673306773,0.944006173898131,0.760189790201795,1710,"tags=21%, list=17%, signal=17%","Nck2/St6galnac6/Ephb1/Adam32/Arsa/Zp1"
"GO:0060544","GO:0060544","regulation of necroptotic process",20,-0.236522144505559,-0.723332431440606,0.854901960784314,0.944006173898131,0.760189790201795,2937,"tags=45%, list=29%, signal=32%","Slc25a4/Casp8/Birc2/Spata2/Cflar/Adprs/Fadd/Cyld/Bok"
"GO:0060324","GO:0060324","face development",42,-0.20452760511154,-0.763132457413822,0.855421686746988,0.94423596023438,0.760374832663989,1355,"tags=19%, list=13%, signal=17%","Ednra/Mkks/Mmp2/Rara/Map2k1/Plekha1/Map2k2/Pdgfra"
"GO:1903317","GO:1903317","regulation of protein maturation",37,0.203674161384515,0.742368049127239,0.856310679611651,0.944873036862091,0.760887858067162,2509,"tags=27%, list=24%, signal=20%","Cntn2/Ldlrad3/Rasal2/Sox4/Sirt4/Meltf/Furin/Spon1/Glg1/Fmr1"
"GO:0043470","GO:0043470","regulation of carbohydrate catabolic process",49,0.200569178656333,0.777178297020439,0.857988165680473,0.945003323159518,0.760992775085553,2178,"tags=22%, list=21%, signal=18%","Zbtb20/Arnt/Ep300/Hdac4/Slc4a1/Mtch2/Ppargc1a/Phka1/Ncor1/Igf1/Mtor"
"GO:0090630","GO:0090630","activation of GTPase activity",36,0.202824082609422,0.735271143320549,0.857707509881423,0.945003323159518,0.760992775085553,2757,"tags=33%, list=27%, signal=24%","Ntrk3/Arhgap42/Rasgrp1/Bcr/Sipa1l1/Tiam1/Ralgapa2/Arhgef16/Arhgef10/Rapgef1/Tsc1/Rangap1"
"GO:0045920","GO:0045920","negative regulation of exocytosis",23,0.228335704432935,0.733882423126455,0.857142857142857,0.945003323159518,0.760992775085553,159,"tags=9%, list=2%, signal=9%","Il1rapl1/Atp9a"
"GO:0060716","GO:0060716","labyrinthine layer blood vessel development",20,0.236909302689035,0.725281452076745,0.857723577235772,0.945003323159518,0.760992775085553,2247,"tags=30%, list=22%, signal=23%","Hs6st1/Plcd3/Fbxw8/Hey2/Vash2/Ggnbp2"
"GO:0008299","GO:0008299","isoprenoid biosynthetic process",20,-0.235607266821086,-0.720534550923481,0.856862745098039,0.945003323159518,0.760992775085553,272,"tags=30%, list=3%, signal=29%","Srd5a3/Fdft1/Mvk/Nus1/Pdss1/Idi2"
"GO:0002367","GO:0002367","cytokine production involved in immune response",64,-0.193336651534867,-0.790150251323548,0.858823529411765,0.945579685362517,0.761456908344733,1433,"tags=16%, list=14%, signal=14%","Traf6/Rabgef1/Angpt1/Ddx21/Clnk/Gprc5b/Ticam1/Ddx1/Kit/Cd226"
"GO:0071219","GO:0071219","cellular response to molecule of bacterial origin",96,0.182809329971539,0.816220062056237,0.859611231101512,0.946103171172387,0.761878461274133,2273,"tags=24%, list=22%, signal=19%","B2m/Akap8/Nfkb1/Pde4b/Cmpk2/Sash1/Prkce/Plscr1/Ptpn6/Bmp6/Adam9/Irf8/Tut4/Dab2ip/Bcr/Capn2/Mtdh/Efnb2/Sgms1/Ephb2/Epsti1/Abl1/Nfkbiz"
"GO:0052547","GO:0052547","regulation of peptidase activity",39,0.201637463954643,0.748308725814875,0.862068965517241,0.948119406721322,0.763502096501658,1605,"tags=21%, list=16%, signal=17%","Epha4/Ctsh/Serping1/Spock1/Tank/Grn/Spock3/Timp2"
"GO:1900407","GO:1900407","regulation of cellular response to oxidative stress",20,0.236110414953915,0.722835712504693,0.861788617886179,0.948119406721322,0.763502096501658,2064,"tags=30%, list=20%, signal=24%","Hspb1/Met/Mapkap1/Fut8/Prkn/Aifm2"
"GO:0042113","GO:0042113","B cell activation",154,-0.177619684702821,-0.841099942139603,0.865530303030303,0.948948090803209,0.76416941965671,1572,"tags=17%, list=15%, signal=15%","Phb2/Rabl3/Ctps1/Dnajb9/Chrna4/Dclre1c/Msh2/Cd38/Rag2/Itm2a/Itfg2/Slc15a4/Cebpg/Tsc2/Foxj1/Cyld/Mlh1/Zfp36l1/Msh6/Ticam1/Supt6/Gpr183/Kit/Pik3cd/Ppp2r3c/Id2"
"GO:0030183","GO:0030183","B cell differentiation",82,0.18675449165313,0.810907922819792,0.864978902953586,0.948948090803209,0.76416941965671,1576,"tags=18%, list=15%, signal=16%","Foxp1/Bcl2/Nhej1/Lfng/Bcl11a/Ep300/Ptpn6/Sp3/Pou1f1/Ezh2/Notch2/Enpp1/Irf8/St3gal1/Phf14"
"GO:0009799","GO:0009799","specification of symmetry",87,-0.183710456629753,-0.802032630943107,0.864915572232645,0.948948090803209,0.76416941965671,2856,"tags=30%, list=28%, signal=22%","Psen1/Alg5/Mapk8/Tmed2/Kif3a/Anks6/Pkd2/Cluap1/Ap1b1/Ift52/Nbl1/Ift172/Hif1a/Mical2/Daw1/Tbc1d32/Cc2d2a/Tmem67/Map3k4/Foxj1/Dync2li1/Ripply2/Pcsk6/Mks1/Aida/Rttn"
"GO:0009855","GO:0009855","determination of bilateral symmetry",87,-0.183710456629753,-0.802032630943107,0.864915572232645,0.948948090803209,0.76416941965671,2856,"tags=30%, list=28%, signal=22%","Psen1/Alg5/Mapk8/Tmed2/Kif3a/Anks6/Pkd2/Cluap1/Ap1b1/Ift52/Nbl1/Ift172/Hif1a/Mical2/Daw1/Tbc1d32/Cc2d2a/Tmem67/Map3k4/Foxj1/Dync2li1/Ripply2/Pcsk6/Mks1/Aida/Rttn"
"GO:0008088","GO:0008088","axo-dendritic transport",73,0.185527723069522,0.795576426042457,0.863543788187373,0.948948090803209,0.76416941965671,2314,"tags=26%, list=23%, signal=20%","Agbl4/Hspb1/Dlg2/Ank3/Borcs5/Pura/Sybu/Ap3d1/Bsn/Dst/Arl8a/Flot2/Kif1b/Map2/Bloc1s4/Hnrnpu/Kif5c/Madd/Ap3s2"
"GO:0006400","GO:0006400","tRNA modification",72,-0.184678918295616,-0.774458672067438,0.865758754863813,0.948948090803209,0.76416941965671,1296,"tags=12%, list=13%, signal=11%","Ankrd16/Nsun2/Tprkb/Trmt44/Dus1l/Lcmt2/Trmu/Thg1l/Trmt13"
"GO:0006111","GO:0006111","regulation of gluconeogenesis",37,0.201676483528127,0.735086751377194,0.866019417475728,0.948948090803209,0.76416941965671,1115,"tags=14%, list=11%, signal=12%","Hnf4a/Foxo1/Tcf7l2/Ep300/Nr3c1"
"GO:2000765","GO:2000765","regulation of cytoplasmic translation",27,-0.217655141689665,-0.731676111603524,0.864705882352941,0.948948090803209,0.76416941965671,1815,"tags=22%, list=18%, signal=18%","Akt2/Cnbp/Csde1/Piwil1/Mettl3/Pkm"
"GO:0072210","GO:0072210","metanephric nephron development",21,-0.235441036332497,-0.727967358845185,0.86626746506986,0.948948090803209,0.76416941965671,1620,"tags=33%, list=16%, signal=28%","Sall1/Ctnnb1/Pkd2/Pax2/Agtr2/Egr1/Pdgfra"
"GO:0032438","GO:0032438","melanosome organization",28,0.21232532766988,0.7212811089877,0.866125760649087,0.948948090803209,0.76416941965671,1835,"tags=25%, list=18%, signal=21%","Abcb6/Ap1s2/Ap3d1/Bace2/Hps3/Kif13a/Bloc1s4"
"GO:0002762","GO:0002762","negative regulation of myeloid leukocyte differentiation",28,0.212053116960608,0.720356393861076,0.866125760649087,0.948948090803209,0.76416941965671,2402,"tags=32%, list=23%, signal=25%","Qki/Ubash3b/Lrrc17/Gpr68/Cdk6/Mafb/Fbxw7/Cul4a/Tob2"
"GO:1903322","GO:1903322","positive regulation of protein modification by small protein conjugation or removal",102,-0.182804807504074,-0.817863486892227,0.869646182495345,0.950863570447553,0.765711918116181,2957,"tags=29%, list=29%, signal=21%","Trib1/Ngf/Uba2/Chfr/Birc2/Mapk8/Dcun1d5/Rps2/Birc5/Ubb/Hdac3/Lrrk2/Ddx3x/Pdcd6/Rassf5/Ube2d1/Derl1/Angpt1/Fzr1/Nhlrc1/Stub1/Traf7/Ticam1/Tbc1d7/Dcun1d2/Skp1/Cry1/Arrb1/Tes3-ps/Ube2l3"
"GO:0002685","GO:0002685","regulation of leukocyte migration",109,0.177228278493928,0.81403098223056,0.869379014989293,0.950863570447553,0.765711918116181,1558,"tags=16%, list=15%, signal=13%","Pecam1/Vegfc/Smpd3/Ano6/Pawr/Pdgfd/Fut9/St3gal4/Plcb1/Tacr1/Ninj1/Ptk2/Cd200r1/Camk1d/Lrch1/Bcr/Cd74"
"GO:0050866","GO:0050866","negative regulation of cell activation",98,0.180690509957974,0.813276813974405,0.870212765957447,0.950863570447553,0.765711918116181,2267,"tags=23%, list=22%, signal=18%","Prkg1/Lrfn5/Prkcd/Sox11/Pawr/Rc3h1/Hspb1/Adora2a/Socs1/Cd276/Ptpn6/Ubash3b/Grn/Dusp22/Cd74/Cnr1/Nrarp/Tyro3/Tnfrsf21/Irf1/Mad1l1/Peli1/Gli3"
"GO:0007601","GO:0007601","visual perception",77,0.184682707772517,0.797868788776101,0.868475991649269,0.950863570447553,0.765711918116181,3447,"tags=48%, list=34%, signal=32%","Ush2a/Wfs1/Elfn1/Kcnk9/Cep250/Ccdc66/Cacnb2/Rpgr/Rgs9/Cabp2/Glra1/Sema5a/Bbs2/Myo3a/Rdh10/Crybg3/Clic5/Cacnb4/Cplx3/Myo3b/Atp8a2/Cabp1/Spata7/Gjc1/Bbs10/Atf6/Rdh5/Gabrr2/Cnnm4/Rd3/Pcdh15/Sema5b/Gjd2/Col11a1/Pde6g/Lrat/Abca4"
"GO:1900182","GO:1900182","positive regulation of protein localization to nucleus",73,0.184639696231377,0.791768406376,0.869653767820774,0.950863570447553,0.765711918116181,902,"tags=12%, list=9%, signal=11%","Ptpn5/Prkcd/Crebbp/Cdk5rap3/Prkd1/Tcf7l2/Ep300/Fyn/Akap5"
"GO:0120178","GO:0120178","steroid hormone biosynthetic process",27,0.217699579209505,0.729889411568682,0.869918699186992,0.950863570447553,0.765711918116181,2595,"tags=33%, list=25%, signal=25%","Cacna1h/Bmp6/Nr3c1/Ppargc1a/Atp1a1/Srd5a2/Bmp5/Dkk3/Stard3"
"GO:0140467","GO:0140467","integrated stress response signaling",24,0.218897322159626,0.710003589889338,0.869120654396728,0.950863570447553,0.765711918116181,2709,"tags=29%, list=26%, signal=22%","Nck2/Eif2ak1/Akt3/Atad3a/Eif2ak3/Oma1/Tmem33"
"GO:0030834","GO:0030834","regulation of actin filament depolymerization",41,-0.202670249895824,-0.753811226899756,0.870967741935484,0.951286094948067,0.76605216886907,3402,"tags=41%, list=33%, signal=28%","Specc1l/Swap70/Sptan1/Plekhh2/Shroom2/Tmod3/Pdxp/Twf2/Dmtn/Mtpn/Gsn/Cfl2/Pik3ca/Capza1b/Dstn/Wdr1/Lima1"
"GO:1901021","GO:1901021","positive regulation of calcium ion transmembrane transporter activity",23,0.223689483250805,0.718949234871946,0.871227364185111,0.951286094948067,0.76605216886907,1107,"tags=13%, list=11%, signal=12%","Fgf14/Cacnb2/Ank2"
"GO:1902475","GO:1902475","L-alpha-amino acid transmembrane transport",41,-0.201510282439752,-0.749496846808577,0.872983870967742,0.952517511354792,0.767043804523331,3584,"tags=49%, list=35%, signal=32%","Slc7a6/Slc38a2/Slc17a6/Agt/Per2/Slc38a6/Arl6ip5/Itgb1/Psen1/Slc38a3/Slc25a29/Arhgef11/Slc7a5/Cln8/Slc1a2/Arg2/Slc25a13/Slc15a4/Arl6ip1/Slc25a22"
"GO:1900026","GO:1900026","positive regulation of substrate adhesion-dependent cell spreading",32,-0.212157838659143,-0.732472970358243,0.872916666666667,0.952517511354792,0.767043804523331,2531,"tags=34%, list=25%, signal=26%","Enpp2/Triobp/Lims2/Rac1/C1qbp/Mdk/Rac3/Nedd9/Nrp1/Has2/P4hb"
"GO:0035194","GO:0035194","regulatory ncRNA-mediated post-transcriptional gene silencing",46,-0.201270136419827,-0.771023358601086,0.873767258382643,0.952686143540629,0.767179600738988,1862,"tags=22%, list=18%, signal=18%","Zmpste24/Dgcr8/Eif4g1/Ago2/Ago1/Eif6/Ncbp2/Piwil1/Gtsf1/Fxr1"
"GO:0030101","GO:0030101","natural killer cell activation",34,0.207758372879924,0.742048525660369,0.873493975903614,0.952686143540629,0.767179600738988,2250,"tags=29%, list=22%, signal=23%","Rasgrp1/Fyn/Hectd1/Sp3/Tox/Pbx1/Ptprc/Tyro3/Gas6/Irf1"
"GO:0150117","GO:0150117","positive regulation of cell-substrate junction organization",28,0.209517067580258,0.711741291133669,0.874239350912779,0.952810034477653,0.767279367698176,2810,"tags=39%, list=27%, signal=29%","Myoc/Smad3/Map4k4/Arf6/Itgb1bp1/Iqsec1/Abl1/Tsc1/Rock1/Lims1/Ptprj"
"GO:0032891","GO:0032891","negative regulation of organic acid transport",20,-0.22968548524219,-0.702424548255961,0.874509803921569,0.952810034477653,0.767279367698176,3270,"tags=50%, list=32%, signal=34%","Trh/Arl6ip5/Irs2/Npy5r/Akt2/Akt1/Atp5pf/Agtr2/Rgs2/Pla2r1"
"GO:0070664","GO:0070664","negative regulation of leukocyte proliferation",37,0.198262561614598,0.722643412793684,0.875728155339806,0.953794504198279,0.768072141994654,1057,"tags=14%, list=10%, signal=12%","Sox11/Pawr/Rc3h1/Cd276/Ptpn6"
"GO:0046031","GO:0046031","ADP metabolic process",78,-0.182740605502832,-0.782962845155604,0.87758945386064,0.955478277110219,0.769428051534302,2138,"tags=23%, list=21%, signal=18%","Hk2/Src/Ppp2ca/Mfsd8/Hif1a/Bpgm/Ddit4/Gpi1/Pfkfb2/Prkaa2/Sirt6/Eif6/Pgam1/Insr/Ogt/Ampd3/Nudt9/Pkm"
"GO:0090068","GO:0090068","positive regulation of cell cycle process",167,-0.174569613162019,-0.841150294633178,0.88256880733945,0.955748208090969,0.769645421697018,1959,"tags=22%, list=19%, signal=18%","Ddx11/Rb1/Klhl18/Anapc7/Cdc16/Pcid2/Usp19/Ccnd1/Eif4g1/Slf2/Kif3b/Akt1/Rad51ap1/Phb2/Hspa2/Dyrk3/Cdc25a/Ranbp1/Cdca8/Gen1/Vps4b/Rgcc/Dync1li1/Azin1/Chmp3/Racgap1/Insr/Ccne1/Cenpv/Csf1r/Rrm1/Rrm2b/Ubxn2b/Ccn2/Ube2b/Chek2"
"GO:1900180","GO:1900180","regulation of protein localization to nucleus",121,-0.17791802942009,-0.815039535637242,0.880373831775701,0.955748208090969,0.769645421697018,2680,"tags=33%, list=26%, signal=25%","Ipo7/Mapk14/Ipo5/Nup54/Yap1/Nf2/Edn1/Hdac3/Sumo1/Sesn2/Polr1a/Src/Hnrnpm/Xbp1/Rassf5/Nvl/Rab23/Akt1/Glis2/Agtr2/Ufm1/Jup/Nutf2/Ran/Akap1/Sumo3/Nf1/Bag3/Rbm22/Angpt1/Wwtr1/Prkcq/Nolc1/Sirt6/Ywhaz/Tnfrsf1a/Ctnna1/Ogt/Park7/Glul"
"GO:0007265","GO:0007265","Ras protein signal transduction",87,0.183331513341248,0.802854195086054,0.880597014925373,0.955748208090969,0.769645421697018,2768,"tags=36%, list=27%, signal=26%","Rasgef1a/Rasgrp1/Rapgef5/Ksr2/Ntn1/Rapgefl1/Lztr1/Mapkap1/Notch2/Itpkb/Mmd2/Plaat1/Dab2ip/Tgfb2/Timp2/Rapgef6/Dgkz/Rsu1/Ksr1/Grb2/Ephb2/Igf1/Usp8/Ulk1/Rapgef1/Ralgps2/Nup62/Dgki/Rapgef3/Rassf1/Rapgef2"
"GO:0001942","GO:0001942","hair follicle development",73,0.182862005964628,0.784145349047255,0.879837067209776,0.955748208090969,0.769645421697018,2003,"tags=22%, list=20%, signal=18%","Bcl2/Egfr/Ext1/Pum2/Igfbp5/Barx2/Trps1/Ldb1/Lgr4/Tgfb2/Celsr1/Lrp4/Ldb2/Fermt1/Sox21/Trpv1"
"GO:0046785","GO:0046785","microtubule polymerization",68,0.183341862461878,0.773605804233512,0.879032258064516,0.955748208090969,0.769645421697018,1903,"tags=21%, list=19%, signal=17%","Fgf13/Nav3/Nde1/Akap9/Cdkn1b/Arhgef7/Met/Togaram1/Fbxo5/Pde4dip/Hdgfl3/Tbcd/Map2/Slain1"
"GO:0010906","GO:0010906","regulation of glucose metabolic process",76,-0.181127471320582,-0.772118080383833,0.881679389312977,0.955748208090969,0.769645421697018,2219,"tags=34%, list=22%, signal=27%","Gpld1/Irs2/Bckdk/Mtcl2/Adra1b/Dgat2/Ddb1/C1qtnf12/Adipor1/Sesn2/Src/Hif1a/Zmpste24/Pgp/Akt2/Akt1/Clk2/Xpc/Adora2b/Pdk1/Lcmt1/Sirt6/Pdk4/Insr/Ogt/Cry1"
"GO:0051058","GO:0051058","negative regulation of small GTPase mediated signal transduction",53,0.195749941074677,0.771332091227918,0.880081300813008,0.955748208090969,0.769645421697018,2105,"tags=26%, list=21%, signal=21%","Arhgap42/Myoc/Stmn3/Met/Lztr1/Tns3/Mapkap1/Dab2ip/Tgfb2/Timp2/Arhgap12/Dgkz/Slit2/Ephb2"
"GO:0010761","GO:0010761","fibroblast migration",50,0.194017090742869,0.755291720573475,0.881656804733728,0.955748208090969,0.769645421697018,2624,"tags=32%, list=26%, signal=24%","Fndc3b/Pdlim1/Gna13/Prkce/Ptk2/Arid5b/Slc8a1/Fut8/Itgb1bp1/Gna12/Appl2/Clasp2/Pmp22/Rffl/Aqp1/Ddr2"
"GO:0046578","GO:0046578","regulation of Ras protein signal transduction",45,0.197758651605766,0.745846826244554,0.880566801619433,0.955748208090969,0.769645421697018,2569,"tags=36%, list=25%, signal=27%","Rasgef1a/Rasgrp1/Lztr1/Mapkap1/Notch2/Itpkb/Mmd2/Dab2ip/Tgfb2/Timp2/Dgkz/Ephb2/Igf1/Rapgef1/Nup62/Dgki"
"GO:0007549","GO:0007549","sex-chromosome dosage compensation",21,-0.230336422909245,-0.712184248094675,0.880239520958084,0.955748208090969,0.769645421697018,358,"tags=29%, list=3%, signal=28%","Macroh2a1/Lrif1/Hdac3/Rlim/Mettl3/Kat8"
"GO:0002313","GO:0002313","mature B cell differentiation involved in immune response",23,0.219238512058263,0.704643589891188,0.881287726358149,0.955748208090969,0.769645421697018,1576,"tags=26%, list=15%, signal=22%","Lfng/Notch2/Enpp1/Irf8/St3gal1/Phf14"
"GO:0043029","GO:0043029","T cell homeostasis",23,0.218768420911786,0.703132693334193,0.881287726358149,0.955748208090969,0.769645421697018,955,"tags=13%, list=9%, signal=12%","Bcl2/Rc3h1/Ccnb2"
"GO:0070670","GO:0070670","response to interleukin-4",20,-0.227081480694594,-0.694460977044342,0.882352941176471,0.955748208090969,0.769645421697018,1898,"tags=50%, list=19%, signal=41%","Il4ra/Alad/Ptpn2/Jak1/Stat5a/Rps2/Xbp1/Rpl3/Fasn/Rplp0"
"GO:0071353","GO:0071353","cellular response to interleukin-4",20,-0.227081480694594,-0.694460977044342,0.882352941176471,0.955748208090969,0.769645421697018,1898,"tags=50%, list=19%, signal=41%","Il4ra/Alad/Ptpn2/Jak1/Stat5a/Rps2/Xbp1/Rpl3/Fasn/Rplp0"
"GO:0000289","GO:0000289","nuclear-transcribed mRNA poly(A) tail shortening",21,0.222074566720546,0.693377026486624,0.880239520958084,0.955748208090969,0.769645421697018,2885,"tags=48%, list=28%, signal=34%","Pan3/Tnrc6b/Tnrc6c/Tent4a/Cnot2/Btg2/Samd4/Pnldc1/Cpeb3/Tnrc6a"
"GO:0030261","GO:0030261","chromosome condensation",23,-0.223990682005165,-0.711663169063583,0.883168316831683,0.955856567979304,0.769732681805116,1694,"tags=22%, list=17%, signal=18%","Acin1/Fbxo30/Ncapg/Mcph1/Smarca5"
"GO:0043370","GO:0043370","regulation of CD4-positive, alpha-beta T cell differentiation",23,0.217931662151417,0.700443308648792,0.883299798792757,0.955856567979304,0.769732681805116,2561,"tags=35%, list=25%, signal=26%","Rc3h1/Ep300/Socs1/Sh3rf1/Sash3/Irf1/Nfkbiz/Brd2"
"GO:0018205","GO:0018205","peptidyl-lysine modification",99,-0.180705142066635,-0.800464752853673,0.88411214953271,0.956253207567204,0.770052087941907,3466,"tags=40%, list=34%, signal=27%","Kat7/Gcsh/Gnl3/Nfe2/Tollip/Nsmce2/Cth/Ctnnb1/Lipt1/Uba2/Setd2/Vipas39/Eef2kmt/Kif3a/Lipt2/Esco1/Fn3krp/Sirt3/Ndufab1/Sumo1/Atpsckmt/Desi1/Dip2b/Hmg20a/Semp2l2b/Jmjd6/Plod1/Stx1a/Sumo3/Senp7/Eef1akmt1/Prkaa2/Hmg20b/Bloc1s1/Egr1/Traf7/Park7/Mettl18/P3h3/Smyd2"
"GO:0045740","GO:0045740","positive regulation of DNA replication",31,-0.2098419321045,-0.720559208793936,0.884297520661157,0.956253207567204,0.770052087941907,1240,"tags=48%, list=12%, signal=43%","Kat7/Lpin1/Ucn/Tnfaip1/Faf1/Mapk8/Dbf4/Rac1/Brpf3/Cacybp/Ctc1/Pcna/Endog/Ssbp1/Smarca5"
"GO:0033013","GO:0033013","tetrapyrrole metabolic process",43,-0.195475456117297,-0.739168809779709,0.885375494071146,0.957077326805413,0.77071573511723,3262,"tags=40%, list=32%, signal=27%","Amn/Mtr/Abcb7/Hnf1a/Ppox/Pgrmc1/Bdh2/Uros/Blvra/Ireb2/Alas1/Srrd/Tmem14a/Cpox/Tmem14c/Mmaa/Snx3"
"GO:0009566","GO:0009566","fertilization",99,0.177636350587414,0.799902222755871,0.886509635974304,0.957961553852404,0.77142778594055,1710,"tags=21%, list=17%, signal=18%","Ovch2/Tdrd9/Cacna1h/Itpr1/Plcb1/Kmt2c/Nr2f2/Fndc3a/Tdrkh/Rad21l/Spag1/Aaas/Adam32/Tdrd12/Irag2/Ybx3/Wbp2nl/Map7/Syt6/Arsa/Zp1"
"GO:0010665","GO:0010665","regulation of cardiac muscle cell apoptotic process",37,0.195743959366414,0.71346340770712,0.887378640776699,0.958558745651835,0.771908692868145,1579,"tags=16%, list=15%, signal=14%","Bcl2/Ambra1/Qki/Sirt4/Hsf1/Capn2"
"GO:0048661","GO:0048661","positive regulation of smooth muscle cell proliferation",82,0.18205118542889,0.790485665518651,0.888185654008439,0.959088571505905,0.772335351311686,2178,"tags=21%, list=21%, signal=16%","Foxp1/Mef2d/Egfr/Igf1r/Smpd3/Pdgfd/Hdac4/Ptk2/Igfbp5/Ppargc1a/Bmpr1a/Map3k7/Calcrl/Sulf1/Gsk3b/Igf1/Mtor"
"GO:0045931","GO:0045931","positive regulation of mitotic cell cycle",89,-0.178558033782817,-0.780484045235255,0.888888888888889,0.959164292497626,0.772396327951883,3076,"tags=39%, list=30%, signal=28%","Lsm10/Eif4ebp1/Poldip2/Sass6/Mtbp/Plrg1/Aurka/Dynlt3/Dbf4/Tmod3/Anapc5/Rab11a/Birc5/Ptpn11/Ddx3x/Rb1/Klhl18/Anapc7/Cdc16/Ccnd1/Eif4g1/Akt1/Phb2/Hspa2/Ttl/Asns/Eif4e/Cdc25a/Vps4b/Rgcc/Ccne1/Brca2/Rps6kb1/Rrm1/Rrm2b"
"GO:0035567","GO:0035567","non-canonical Wnt signaling pathway",46,0.201534558295224,0.76136440688215,0.888888888888889,0.959164292497626,0.772396327951883,2246,"tags=26%, list=22%, signal=20%","Wnt7a/Gpc3/Myoc/Ccdc88c/Fzd1/Wnt7b/Tiam1/Daam2/Rnf213/Wnt11/Abl1/Lrp6"
"GO:0120193","GO:0120193","tight junction organization",34,0.203316800671314,0.726184606130551,0.889558232931727,0.959203361488659,0.772427789449613,2584,"tags=32%, list=25%, signal=24%","Pecam1/Ext1/Pard3/Tbcd/Ephb2/Wnt11/Srf/Afdn/Patj/Tjp1/Rock1"
"GO:0009948","GO:0009948","anterior/posterior axis specification",25,0.214691444439758,0.707859543044988,0.889344262295082,0.959203361488659,0.772427789449613,2423,"tags=36%, list=24%, signal=28%","Gpc3/Tdrkh/Ski/Ldb1/Nrarp/Hey2/Srf/Lrp6/Wls"
"GO:0006903","GO:0006903","vesicle targeting",51,-0.195495872274289,-0.759998328066915,0.890219560878243,0.95957498024229,0.772727046795772,3116,"tags=31%, list=30%, signal=22%","Mapk15/Exoc5/Naglu/Klhl12/Psen1/Fam91a1/Pdcd6/Sar1b/Ahi1/5730455P16Rik/Trappc3/Exoc1/Wipi1/Sec16a/Ap1ar/Trappc6b"
"GO:0000209","GO:0000209","protein polyubiquitination",185,-0.172278244088781,-0.839003907881814,0.8909426987061,0.960012936372504,0.773079724339575,1675,"tags=36%, list=16%, signal=31%","Cbl/Ube2v2/Trim45/Lrsam1/Zfp598/Ctnnb1/Rnf8/Rbx1/Spsb3/Ube2g1/Arel1/Mkrn1/Ube4b/Chfr/Dysf/Birc2/Fbxo28/Ube2h/Rnf41/Rnf126/Shprh/Anapc16/Anapc5/Trim26/Cdc27/Hectd2/Tcf25/Anapc1/Trim32/Ddx3x/Tnks/Ppil2/Anapc7/Cdc16/Trim65/Rnf6/Ube2d1/Daw1/Rc3h2/Rnf14/Ube2q2l/Traf6/Dtx4/Ube3d/Kbtbd2/Ube2a/Ube4a/Nhlrc1/Stub1/Traf7/Rnf26rt/Nhlrc3/Ube3b/Mkrn2/Sharpin/Bfar/Cdc26/Rnf146/Fbxo7/Skp1/Pex10/Ube2d3/Ube2j2/Wsb1/Anapc4/Ube2b/Ube2l3"
"GO:0001782","GO:0001782","B cell homeostasis",27,-0.207412386426944,-0.697243755516941,0.892156862745098,0.96076672387193,0.773686734735151,2687,"tags=41%, list=26%, signal=30%","Ada/Dock10/Bbs4/Mif/Casp3/Hif1a/Dock11/Sos1/Rc3h2/Pik3cd/Ppp2r3c"
"GO:0042092","GO:0042092","type 2 immune response",20,0.225006100504528,0.688840621485663,0.892276422764228,0.96076672387193,0.773686734735151,2250,"tags=25%, list=22%, signal=20%","Dennd1b/Kmt2a/Cd74/Gba1/Irf1"
"GO:0043616","GO:0043616","keratinocyte proliferation",36,0.195981129248116,0.710464295549195,0.893280632411067,0.961506329025056,0.774282324363412,2800,"tags=39%, list=27%, signal=28%","Bcl11b/Cask/Prkd1/Notch2/Stxbp4/Zeb1/Efnb2/Fermt1/Ptprk/Nfatc1/Nfkbiz/Ift57/Kdf1/Cd109"
"GO:0051937","GO:0051937","catecholamine transport",64,0.182002547510405,0.75742513550017,0.894308943089431,0.961929747092998,0.774623294688751,1241,"tags=14%, list=12%, signal=12%","Drd2/Smpd3/Rab3b/Syt1/Oprk1/Drd1/Adora2a/Chrm5/Kcnb1"
"GO:0032465","GO:0032465","regulation of cytokinesis",64,0.181982275196249,0.757340769866247,0.894308943089431,0.961929747092998,0.774623294688751,1657,"tags=17%, list=16%, signal=15%","Drd2/Igf1r/Cdc14a/Svil/Atxn10/Prkce/Arf6/Fsd1/Pkn2/Kif13a/Kif14"
"GO:0060071","GO:0060071","Wnt signaling pathway, planar cell polarity pathway",24,-0.212224974637094,-0.690093588459959,0.894736842105263,0.962048485301259,0.774718912255799,286,"tags=21%, list=3%, signal=20%","Rac1/Abl2/Med12/Mks1/Celsr3"
"GO:0050433","GO:0050433","regulation of catecholamine secretion",42,-0.194992640008867,-0.727555639574539,0.895582329317269,0.962588304142457,0.775153617857292,2306,"tags=26%, list=22%, signal=20%","Myo5a/Npy2r/Cxcl12/Rab3a/Dtnbp1/Agtr2/Chrna4/Stx1a/Adora2b/Sdhd/Ptgs1"
"GO:0043300","GO:0043300","regulation of leukocyte degranulation",22,-0.215925863686574,-0.681998838166804,0.895874263261297,0.962588304142457,0.775153617857292,1235,"tags=14%, list=12%, signal=12%","Rabgef1/Adora2b/Snx4"
"GO:0061572","GO:0061572","actin filament bundle organization",133,-0.170318434810382,-0.797245477247309,0.898181818181818,0.962884036339479,0.775391765237072,2725,"tags=27%, list=27%, signal=20%","Bloc1s6/Ttc8/Bbs4/Pdxp/Dmtn/Sdc4/Nf2/Sorbs3/Myo1b/Rhpn1/Rac1/Synpo/Src/Lcp1/Tac1/Ezr/Abl2/Pak2/Mkks/Prkcq/Synpo2/Nrp1/Stmn1/Fscn1/Aif1l/Rgcc/Spag6l/Coro2b/Lima1/Arrb1/Frmd7/Shtn1/Pfn2/Ccn2/Inpp5k/Actn4"
"GO:0009135","GO:0009135","purine nucleoside diphosphate metabolic process",83,-0.180439707966932,-0.779925644890009,0.89811320754717,0.962884036339479,0.775391765237072,2138,"tags=23%, list=21%, signal=18%","Hk2/Src/Ppp2ca/Mfsd8/Hif1a/Bpgm/Ddit4/Gpi1/Pfkfb2/Prkaa2/Sirt6/Eif6/Pgam1/Insr/Ogt/Ampd3/Nudt9/Pkm/Entpd2"
"GO:0009179","GO:0009179","purine ribonucleoside diphosphate metabolic process",83,-0.180439707966932,-0.779925644890009,0.89811320754717,0.962884036339479,0.775391765237072,2138,"tags=23%, list=21%, signal=18%","Hk2/Src/Ppp2ca/Mfsd8/Hif1a/Bpgm/Ddit4/Gpi1/Pfkfb2/Prkaa2/Sirt6/Eif6/Pgam1/Insr/Ogt/Ampd3/Nudt9/Pkm/Entpd2"
"GO:0032481","GO:0032481","positive regulation of type I interferon production",42,0.198596636675995,0.742328446344028,0.896825396825397,0.962884036339479,0.775391765237072,2250,"tags=24%, list=22%, signal=19%","Zbtb20/Irf7/Tank/Polr3c/Ifih1/Chuk/Usp22/Zc3hav1/Uap1/Irf1"
"GO:0007062","GO:0007062","sister chromatid cohesion",38,-0.198650363092978,-0.721835183356716,0.897540983606557,0.962884036339479,0.775391765237072,3697,"tags=53%, list=36%, signal=34%","Ppp2r5c/Cdk11b/Dscc1/Mre11a/Nsmce2/Ctnnb1/Mcmbp/Sfpq/Esco1/Macroh2a1/Hdac8/Pds5a/Tnks/Ddx11/Rb1/Slf2/Phb2/Gtf2b/Esco2/Rec8"
"GO:0035303","GO:0035303","regulation of dephosphorylation",26,0.2118091346286,0.702387524791348,0.898373983739837,0.962884036339479,0.775391765237072,2628,"tags=38%, list=26%, signal=29%","Ppargc1b/Cdk5rap3/Epm2a/Chrm5/Mtmr1/Uri1/Tmem132c/Mtmr2/Rock1/Mtmr3"
"GO:0045724","GO:0045724","positive regulation of cilium assembly",23,0.214592366037427,0.689710643208853,0.89738430583501,0.962884036339479,0.775391765237072,3062,"tags=39%, list=30%, signal=28%","Septin9/Ccdc88a/Ttbk2/Gsk3b/Dzip1/Tapt1/Zmynd10/Mns1/Crocc"
"GO:0043506","GO:0043506","regulation of JUN kinase activity",36,-0.196753900889883,-0.704823619762982,0.899193548387097,0.963421658986175,0.775824702285897,1446,"tags=19%, list=14%, signal=17%","Dtnbp1/Dusp19/Traf6/Map3k4/Pdcd4/Gstp3/Aida"
"GO:0045980","GO:0045980","negative regulation of nucleotide metabolic process",20,-0.22049964297416,-0.674332389543068,0.9,0.963944856839873,0.776246023329799,2030,"tags=25%, list=20%, signal=20%","Ppp2ca/Ddit4/Tspo/Sirt6/Pid1"
"GO:0060351","GO:0060351","cartilage development involved in endochondral bone morphogenesis",24,-0.210765660960141,-0.685348326910326,0.900584795321637,0.964230363895605,0.776475936602401,1862,"tags=21%, list=18%, signal=17%","Zmpste24/Col1a1/Hspg2/Rara/Col9a1"
"GO:0033627","GO:0033627","cell adhesion mediated by integrin",45,-0.198013540659297,-0.755697085662627,0.901574803149606,0.964268144561704,0.776506360637148,687,"tags=22%, list=7%, signal=21%","Ptpn11/Itga11/Npnt/Itga6/Rac3/Itga3/Itgax/Emilin2/Itga5/Itgav"
"GO:0050871","GO:0050871","positive regulation of B cell activation",49,0.193189875950964,0.748584502359777,0.90138067061144,0.964268144561704,0.776506360637148,2494,"tags=29%, list=24%, signal=22%","Bcl2/Shld2/Cd74/Kmt5b/Atad5/Sash3/Ptprc/Pms2/Sh3kbp1/Ephb2/Vav3/Peli1/Slc39a10/Hmces"
"GO:0045745","GO:0045745","positive regulation of G protein-coupled receptor signaling pathway",23,0.212811977942713,0.683988386445288,0.901408450704225,0.964268144561704,0.776506360637148,806,"tags=13%, list=8%, signal=12%","Drd2/Cntn2/Necab2"
"GO:2000779","GO:2000779","regulation of double-strand break repair",98,0.174510876964535,0.785462667932068,0.902127659574468,0.964455003500557,0.776656834502098,2265,"tags=26%, list=22%, signal=20%","Arid1a/Crebbp/Vps72/Shld2/Smchd1/Arid2/Meaf6/Dpf3/Spire2/Spidr/Mbtd1/Smarca4/Pbrm1/Hsf1/Kmt5b/Epc1/Chek1/Radx/Polq/Smarcd2/Parp1/Ercc6/Abl1/Epc2/Peli1"
"GO:0051783","GO:0051783","regulation of nuclear division",92,0.177241936354038,0.784900284393424,0.902386117136659,0.964455003500557,0.776656834502098,2603,"tags=33%, list=25%, signal=25%","Igf1r/Smpd3/Phip/Eif4g3/Plcb1/Bub1b/Met/Sirt2/Bmp7/Pde3a/Fbxo5/L3mbtl1/Nusap1/Cdc23/Lrp5/Ndc80/Mki67/Chek1/Zwilch/Igf1/Rcc1/Calr/Mad1l1/Nuf2/Btc/Spdl1/Arhgap33os/Nup62/Cul7/Fgfr3"
"GO:0051055","GO:0051055","negative regulation of lipid biosynthetic process",43,-0.191922378295814,-0.725733239112545,0.903162055335968,0.964603816590759,0.776776670785958,1273,"tags=14%, list=12%, signal=12%","Sod1/Ormdl1/Nr0b1/Acadl/Klhl25/Idi2"
"GO:0042417","GO:0042417","dopamine metabolic process",31,-0.204036526201975,-0.700624495832144,0.902892561983471,0.964603816590759,0.776776670785958,1918,"tags=26%, list=19%, signal=21%","Epas1/Aldh2/Maoa/Hprt1/Agtr2/Park7/Comt/Vps35"
"GO:0010811","GO:0010811","positive regulation of cell-substrate adhesion",95,0.176286875774333,0.786102043751756,0.904967602591793,0.966191626445783,0.778055303144459,959,"tags=13%, list=9%, signal=12%","Smoc2/Dbn1/Smoc1/Spock2/Dock5/Prex1/Myoc/Smad3/Ninj1/Map4k4/Dmd/Prkce"
"GO:0070050","GO:0070050","neuron cellular homeostasis",55,0.187798434260931,0.75089190138233,0.905432595573441,0.966347574705011,0.778180885240999,2743,"tags=38%, list=27%, signal=28%","Kcnh1/Taok1/Atp2b2/Cacna1d/Erc1/Cacnb2/Rimbp2/Adora1/Cnr1/Fggy/Tyro3/Prkn/Erc2/Clcn3/Cacnb4/Slc8a2/Map1a/Grin1/Atp6v0c/Nell2/P2ry1"
"GO:0045005","GO:0045005","DNA-templated DNA replication maintenance of fidelity",44,-0.196808876350913,-0.747359207352637,0.906374501992032,0.967012232759104,0.778716121429774,942,"tags=20%, list=9%, signal=19%","Ddx11/Pole/Recql/Gen1/Tipin/Pcna/Cdk9/Brca2/Smarcal1"
"GO:0038066","GO:0038066","p38MAPK cascade",39,-0.19816572143723,-0.720576308701309,0.908333333333333,0.968420126671358,0.779849870982876,3183,"tags=38%, list=31%, signal=27%","Mapkapk2/Dusp1/Map2k6/Atf7/Mapk14/Mapk11/Hgf/Ezr/Gsn/Map1lc3a/Rell1/Map3k4/Cyld/Zfp36l1/Map3k15"
"GO:0089718","GO:0089718","amino acid import across plasma membrane",32,-0.202410656929487,-0.698820915834754,0.908333333333333,0.968420126671358,0.779849870982876,3483,"tags=50%, list=34%, signal=33%","Slc38a2/Agt/Per2/Slc22a4/Arl6ip5/Itgb1/Psen1/Slc38a3/Arhgef11/Slc7a5/Cln8/Slc36a1/Slc1a2/Arg2/Rgs2/Arl6ip1"
"GO:0045453","GO:0045453","bone resorption",47,0.195524687610701,0.747615983025,0.908730158730159,0.968502420313887,0.779916140450787,2654,"tags=34%, list=26%, signal=25%","Egfr/Ext1/Ppargc1b/Tpp1/Tns3/Ubash3b/Enpp1/Adrb2/Plekhm1/Snx10/Lrp6/Fshr/Nox4/Rac2/Prkca/Pth1r"
"GO:0090263","GO:0090263","positive regulation of canonical Wnt signaling pathway",83,0.181614242861338,0.786473555495106,0.911016949152542,0.968884306077343,0.780223665620039,2603,"tags=30%, list=25%, signal=23%","Tbl1x/Fam53b/Egfr/Gpc3/Nfkb1/Wnk2/Smad3/Adnp/Usp34/Tmem198/Dlx5/Csnk1g2/Sox4/Lgr4/Ptk7/Nrarp/Daam2/Caprin2/Usp8/Sema5a/Gpc5/Wls/Usp47/Wnk1/Fgfr3"
"GO:0019915","GO:0019915","lipid storage",56,0.191113128038435,0.767032703225443,0.910386965376782,0.968884306077343,0.780223665620039,2054,"tags=23%, list=20%, signal=19%","Abcg1/Asxl2/Srebf2/Negr1/Clstn3/Srebf1/Enpp1/Ldah/Hexa/Tmem135/Gba1/Fto/Rnf213"
"GO:0170062","GO:0170062","nutrient storage",56,0.191113128038435,0.767032703225443,0.910386965376782,0.968884306077343,0.780223665620039,2054,"tags=23%, list=20%, signal=19%","Abcg1/Asxl2/Srebf2/Negr1/Clstn3/Srebf1/Enpp1/Ldah/Hexa/Tmem135/Gba1/Fto/Rnf213"
"GO:0051496","GO:0051496","positive regulation of stress fiber assembly",45,0.19345986327736,0.729633944505095,0.910931174089069,0.968884306077343,0.780223665620039,3056,"tags=40%, list=30%, signal=28%","Myoc/Tacr1/Sh3pxd2b/Smad3/Ccdc88a/Itgb1bp1/Wnt11/Abl1/Mtor/Arhgef10/Nox4/Carmil1/Tsc1/Rapgef3/Arhgef10l/Cd47/Braf/Apoa1"
"GO:0046460","GO:0046460","neutral lipid biosynthetic process",34,0.198109576198421,0.707586013980786,0.911646586345382,0.968884306077343,0.780223665620039,2932,"tags=29%, list=29%, signal=21%","Agmo/Tcf7l2/Gpat3/Srebf1/Mfsd2a/Agpat2/Slc27a1/Acsl4/Pck2/Pla2g15"
"GO:0046463","GO:0046463","acylglycerol biosynthetic process",34,0.198109576198421,0.707586013980786,0.911646586345382,0.968884306077343,0.780223665620039,2932,"tags=29%, list=29%, signal=21%","Agmo/Tcf7l2/Gpat3/Srebf1/Mfsd2a/Agpat2/Slc27a1/Acsl4/Pck2/Pla2g15"
"GO:0030851","GO:0030851","granulocyte differentiation",28,-0.204149221976286,-0.691110032764442,0.909626719056974,0.968884306077343,0.780223665620039,3991,"tags=43%, list=39%, signal=26%","Bap1/Zfpm1/Stat5a/Zbtb46/Cited2/Trib1/Runx1/Prdm16/Dhrs7b/Fasn/Rara/Srp54c"
"GO:0001523","GO:0001523","retinoid metabolic process",21,-0.2182514333563,-0.674818298370836,0.910179640718563,0.968884306077343,0.780223665620039,1141,"tags=43%, list=11%, signal=38%","Rarres2/Rdh14/Cyp1b1/Akr1b1/Dgat2/Rdh11/Pnpla2/Bco2/Sdr16c5"
"GO:0001889","GO:0001889","liver development",117,0.172494945377494,0.799831662927558,0.912579957356077,0.969219392509383,0.780493504198975,1466,"tags=16%, list=14%, signal=14%","Cadm1/Egfr/Prox1/Rps6ka1/Itpr1/Tet2/Cdk5rap3/Cebpa/Met/Hnrnpd/Smad3/Arf6/Sp3/Mrtfb/Ezh2/Notch2/Tgfbr3/Pkd1/Smarca4"
"GO:1902369","GO:1902369","negative regulation of RNA catabolic process",64,0.178514832039943,0.742910594913041,0.91260162601626,0.969219392509383,0.780493504198975,3034,"tags=38%, list=30%, signal=27%","Rbm38/Igf2bp3/Elavl1/Qki/Boll/Hnrnpd/Tent4a/Rbm24/Axin2/Ptbp1/Slc11a1/Thrap3/Syncrip/Tardbp/Hnrnpu/Mtor/Tent5a/Igf2bp1/Dhx36/Larp4b/Ybx1/Dicer1/Taf15/Tirap"
"GO:0046474","GO:0046474","glycerophospholipid biosynthetic process",124,-0.173120292662072,-0.796788426600951,0.913370998116761,0.969696609773576,0.78087779796948,852,"tags=13%, list=8%, signal=12%","Inpp4b/Pigp/Impa1/Pgap1/Far1/Dgkg/Pigb/Etnk1/Chpt1/Htr2b/Fabp5/Smg1/Pik3c2b/Pip4k2b/Pik3cd/Pip5k1c"
"GO:0061008","GO:0061008","hepaticobiliary system development",118,-0.175118887525946,-0.802635686374441,0.914018691588785,0.970044355696679,0.781157830990065,3565,"tags=43%, list=35%, signal=29%","Notch1/Igf2r/Jarid2/Ptn/Dut/Cd2ap/Upb1/Rcbtb2/Acat1/Cited2/Cebpb/Naglu/Ada/Runx1/Atf7/Ggt1/Hnf1a/Ezh1/Aurka/Il18/Gfer/Asl/Pkd2/Cflar/Cad/Slc7a5/Lims2/Hgf/Tyms/Ldha/Xbp1/Zmpste24/Aacs/Ccnd1/Mdk/Pik3ca/Taf10/Asns/Nf1/Errfi1/Sod2/Smarcb1/Cebpg/Mpst/Rara/Pcna/Cpt1a/Mks1/Pkm/Vwf/Npc1"
"GO:0014074","GO:0014074","response to purine-containing compound",91,-0.174348878642921,-0.763477976161638,0.914814814814815,0.970549330843449,0.781564477642909,1292,"tags=16%, list=13%, signal=15%","Ryr1/Tmem38a/Fdx1/Eef2k/Fkbp1a/Hcn2/Trpm2/Prkaa2/Ssh1/Zfp36l1/Slc6a4/Rplp0/Fos/Inpp5k/Mat2a"
"GO:0014020","GO:0014020","primary neural tube formation",83,0.17967439366551,0.778073112500492,0.915254237288136,0.970675652426689,0.781666201954165,2895,"tags=36%, list=28%, signal=26%","Plxnb2/Arid1a/St14/Lmo4/Kdm2a/Bmp7/Hectd1/Ski/Spint2/Tgfb2/Celsr1/Ptk7/Deaf1/Lrp2/Abl1/Lrp6/Bmp5/Sufu/Gatad2a/Tsc1/Brd2/Ift57/Rps7/Apaf1/Rgma/Dlc1/Mthfd1l/Tulp3/Grhl3/Luzp1"
"GO:0032729","GO:0032729","positive regulation of type II interferon production",30,-0.201124897042786,-0.688755142873433,0.916326530612245,0.971133049232285,0.782034534695305,2197,"tags=23%, list=21%, signal=18%","Slc7a5/Nras/Abl2/Fadd/Cebpg/Il12rb2/Cd226"
"GO:0045070","GO:0045070","positive regulation of viral genome replication",24,0.206075994216481,0.668417019633612,0.916155419222904,0.971133049232285,0.782034534695305,1471,"tags=17%, list=14%, signal=14%","Adar/Srpk2/Pkn2/Top2a"
"GO:1903409","GO:1903409","reactive oxygen species biosynthetic process",41,0.188761590080459,0.703738378254901,0.91699604743083,0.971163237929191,0.782058845065091,952,"tags=12%, list=9%, signal=11%","Foxo3/Adgrb1/Fyn/Hdac4/Dmd"
"GO:0033598","GO:0033598","mammary gland epithelial cell proliferation",23,-0.212108156475753,-0.673910010320376,0.916831683168317,0.971163237929191,0.782058845065091,369,"tags=35%, list=4%, signal=34%","Gpx1/Pygo2/Cebpb/Kdm5b/Ccnd1/Phb2/Brca2/Id2"
"GO:0042789","GO:0042789","mRNA transcription by RNA polymerase II",37,-0.192549879226168,-0.695535907532957,0.917864476386037,0.971743313574316,0.782525968686908,1933,"tags=22%, list=19%, signal=18%","Taf13/Epas1/Taf10/Taf12/Taf9/Rara/Ncbp2/Taf7"
"GO:0051092","GO:0051092","positive regulation of NF-kappaB transcription factor activity",68,-0.178708835937125,-0.737244774606914,0.91897233201581,0.972576376530879,0.78319681806447,2423,"tags=26%, list=24%, signal=20%","Cat/Trim37/Prkcz/Cflar/Mtpn/Nod1/Trim32/Traf1/Psma6/Trim13/Eif2ak2/Ltf/Traf6/Prdx3/Prkcq/Terf2ip/Ticam1/Arhgef2"
"GO:0000963","GO:0000963","mitochondrial RNA processing",20,-0.216116614690112,-0.660928204863445,0.919607843137255,0.972909135721328,0.783464782561069,3680,"tags=60%, list=36%, signal=39%","Mto1/Pnpt1/Mettl8/Elac2/Fastkd3/Prorp/Trmt10c/Trnt1/Cdk5rap1/Fastkd2/Supv3l1/Mtpap"
"GO:0021915","GO:0021915","neural tube development",138,0.1687669477382,0.802128030833668,0.920086393088553,0.973075661800459,0.783598882770007,2895,"tags=33%, list=28%, signal=24%","Plxnb2/Arid1a/Ssbp3/Plxna2/St14/Ambra1/Lmo4/Tcf7l2/Kdm2a/Traf3ip1/Bmp7/Ttbk2/Hectd1/Ski/Arl13b/Pkd1/Spint2/Tgfb2/Map3k7/Celsr1/Phgdh/Ptk7/Deaf1/Lrp2/Abl1/Lrp6/Gli3/Pax6/Bmp5/Stk3/Sufu/Gatad2a/Tsc1/Brd2/Ift57/Rpgrip1l/Rps7/Brpf1/Apaf1/Rgma/Dlc1/Mthfd1l/Tulp3/Grhl3/Luzp1"
"GO:0043244","GO:0043244","regulation of protein-containing complex disassembly",99,0.169898156630321,0.765056885492828,0.920770877944325,0.97312025119334,0.783634789739851,2533,"tags=26%, list=25%, signal=20%","Mid1/Fgf13/Igf1r/Cracd/Nav3/Svil/Add3/Taok1/Atxn7/Ttbk2/Ccdc88c/Adrb2/Hdgfl3/Capza2/Vill/Eps8/Map2/Gba1/Mid1ip1/Add1/Clasp2/Sema5a/Clasp1/Map1a/Carmil1/Wnk1"
"GO:1902745","GO:1902745","positive regulation of lamellipodium organization",26,0.203837666984264,0.675953067951338,0.920731707317073,0.97312025119334,0.783634789739851,832,"tags=12%, list=8%, signal=11%","Auts2/Abi2/Hdac4"
"GO:0051100","GO:0051100","negative regulation of binding",79,-0.174170166103041,-0.747083558946498,0.923364485981308,0.97320088459789,0.783699722250446,2856,"tags=28%, list=28%, signal=20%","Psen1/Aurka/Mapk8/Pex19/Dhrs7b/Sri/Sumo1/Lrrk2/Tnks/Ddx11/Tfap4/Tle5/Dtnbp1/Gemin2/Akt1/Tdg/Bag2/Sumo3/Stub1/Park7/Frmd7/Id2"
"GO:0001938","GO:0001938","positive regulation of endothelial cell proliferation",63,-0.182392256067873,-0.745360952355618,0.923379174852652,0.97320088459789,0.783699722250446,2110,"tags=22%, list=21%, signal=18%","Nras/Pdcd6/Cxcl12/Akt1/Mdk/Nf1/Flt4/Adora2b/Hspg2/Hmgb2/Sirt6/Htr2b/Pik3cd/Kdr"
"GO:0051101","GO:0051101","regulation of DNA binding",59,-0.184741121060888,-0.741707478611814,0.924564796905222,0.97320088459789,0.783699722250446,2336,"tags=27%, list=23%, signal=21%","Sri/Sumo1/Nme1/Tnks/Tfap4/Dazap2/Rb1/Zmpste24/Hcfc2/Taf10/Traf6/Sumo3/Hmgb2/Edf1/Park7/Id2"
"GO:2000027","GO:2000027","regulation of animal organ morphogenesis",58,0.182200792368392,0.74078332497769,0.924949290060852,0.97320088459789,0.783699722250446,2043,"tags=19%, list=20%, signal=15%","Robo1/Ajap1/Met/Robo2/Bmp7/Sox8/Bmpr1a/Lgr4/Sulf1/Ar/Pkhd1"
"GO:0006809","GO:0006809","nitric oxide biosynthetic process",48,-0.189726644104507,-0.732318661328156,0.922155688622755,0.97320088459789,0.783699722250446,2449,"tags=27%, list=24%, signal=21%","Gla/Asl/Pkd2/Rac1/Akt2/Akt1/Cyb5b/P2rx4/Sod2/Tspo/Ticam1/Insr/Nos1"
"GO:0051492","GO:0051492","regulation of stress fiber assembly",74,-0.173848800084916,-0.731855066800394,0.922630560928433,0.97320088459789,0.783699722250446,2433,"tags=24%, list=24%, signal=19%","Sdc4/Nf2/Sorbs3/Rhpn1/Rac1/Synpo/Tac1/Pak2/Mkks/Prkcq/Nrp1/Stmn1/Rgcc/Coro2b/Frmd7/Pfn2/Ccn2/Inpp5k"
"GO:0003333","GO:0003333","amino acid transmembrane transport",69,-0.174715618158138,-0.729647931570425,0.921606118546845,0.97320088459789,0.783699722250446,3483,"tags=43%, list=34%, signal=29%","Slc7a6/Slc38a2/Slc17a6/Agt/Lrrc8d/Per2/Slc22a4/Slc7a9/Slc38a6/Sfxn2/Slc36a4/Arl6ip5/Itgb1/Psen1/Slc38a3/Slc25a29/Arhgef11/Slc7a5/Slc38a7/Lrrc8c/Cln8/Slc36a1/Slc1a2/Arg2/Slc25a13/Rgs2/Lrrc8b/Slc15a4/Arl6ip1/Slc25a22"
"GO:1903557","GO:1903557","positive regulation of tumor necrosis factor superfamily cytokine production",51,-0.186251873264598,-0.724061897745973,0.924151696606786,0.97320088459789,0.783699722250446,958,"tags=12%, list=9%, signal=11%","Adam8/Tnfrsf1a/Ticam1/Csf1r/Akap12/Arhgef2"
"GO:1990266","GO:1990266","neutrophil migration",50,0.185407578417946,0.721775635200321,0.925049309664694,0.97320088459789,0.783699722250446,2604,"tags=28%, list=25%, signal=21%","Pecam1/Pawr/Itga9/Prex1/Pde4b/Camk1d/Cd74/Tgfb2/Slit2/Jagn1/Vav3/Rac2/Prkca/Cklf"
"GO:0032881","GO:0032881","regulation of polysaccharide metabolic process",35,-0.194273680511622,-0.693371920798206,0.924603174603175,0.97320088459789,0.783699722250446,1815,"tags=20%, list=18%, signal=17%","Akt2/Akt1/Gfpt1/Has2/Insr/Cltc/Inpp5k"
"GO:0006721","GO:0006721","terpenoid metabolic process",32,-0.197647498681179,-0.682376156157363,0.925,0.97320088459789,0.783699722250446,1141,"tags=12%, list=11%, signal=11%","Pnpla2/Bco2/Sdr16c5/Pecr"
"GO:0043388","GO:0043388","positive regulation of DNA binding",28,-0.200251080834583,-0.677913585449663,0.925343811394892,0.97320088459789,0.783699722250446,2002,"tags=25%, list=20%, signal=20%","Nme1/Dazap2/Rb1/Traf6/Hmgb2/Edf1/Park7"
"GO:0045939","GO:0045939","negative regulation of steroid metabolic process",20,0.219308309632223,0.67139722863199,0.92479674796748,0.97320088459789,0.783699722250446,3236,"tags=50%, list=32%, signal=34%","Prox1/Nfkb1/Atp1a1/Abca2/Bmp5/Dkk3/Chlsn/Malrd1/Bmp2/Insig1"
"GO:1905521","GO:1905521","regulation of macrophage migration",22,-0.204989002482437,-0.647454914122392,0.923379174852652,0.97320088459789,0.783699722250446,2697,"tags=27%, list=26%, signal=20%","Mmp14/Mif/Abr/Mdk/P2rx4/Csf1r"
"GO:0031098","GO:0031098","stress-activated protein kinase signaling cascade",41,0.184955514283592,0.689548618528566,0.926877470355731,0.974137611924338,0.784454050526529,2102,"tags=24%, list=21%, signal=19%","Mid1/Foxo1/Taok1/Mapk13/Card9/Tgfb2/Map3k7/Usp25/Taok3/Crhr2"
"GO:0048524","GO:0048524","positive regulation of viral process",42,0.183735891621916,0.686780910534009,0.926587301587302,0.974137611924338,0.784454050526529,2509,"tags=29%, list=24%, signal=22%","Adar/Srpk2/Smpd1/Pkn2/Top2a/Cd74/Mdfic/Rsf1/Tyro3/Furin/Vapb/Fmr1"
"GO:0099022","GO:0099022","vesicle tethering",26,-0.201848611878557,-0.672053120356049,0.927450980392157,0.974303534303534,0.784587664587665,3477,"tags=35%, list=34%, signal=23%","Exoc8/Trappc2l/Exoc5/Naglu/Fam91a1/5730455P16Rik/Trappc3/Exoc1/Trappc6b"
"GO:0042461","GO:0042461","photoreceptor cell development",30,0.192359865089721,0.668087982585768,0.927734375,0.974303534303534,0.784587664587665,2937,"tags=33%, list=29%, signal=24%","Thrb/Rpgr/Olfm3/Ush1c/Mfsd2a/Cep290/Pax6/Rpgrip1l/Dzank1/Alms1"
"GO:0071539","GO:0071539","protein localization to centrosome",29,-0.193950726189484,-0.662617968098938,0.928,0.974303534303534,0.784587664587665,2797,"tags=31%, list=27%, signal=23%","Aurka/Bbs4/Cep350/Rab11a/Nudcd3/Pard6a/Cep192/Mcph1/Ubxn2b"
"GO:0110053","GO:0110053","regulation of actin filament organization",193,0.163832000060147,0.811702911284475,0.930131004366812,0.975507747856176,0.785557394313224,2553,"tags=26%, list=25%, signal=20%","Arhgap6/Pecam1/Nck2/Dbn1/Fhod3/Prkcd/Ctnna2/Cracd/Tenm1/Svil/Add3/Abi2/Prex1/Myoc/Tacr1/Met/Sh3pxd2b/Smad3/Ccdc88a/Prkce/Kank4/Arf6/Lats1/Capza2/Whamm/Mtss1/Vill/Kirrel1/Eps8/Ppfia1/Itgb1bp1/Daam2/Cyfip2/Prkn/Add1/Slit2/Grb2/Wnt11/Ssh2/Abl1/Mtor/Clasp2/Sema5a/Ssh3/Tjp1/Arhgef10/Nox4/Clasp1/Tmeff2/Carmil1/Tsc1"
"GO:0051017","GO:0051017","actin filament bundle assembly",131,0.170547020043814,0.805693545867821,0.930434782608696,0.975507747856176,0.785557394313224,2947,"tags=36%, list=29%, signal=26%","Arhgap6/Phactr1/Dbn1/Pawr/Pdlim1/Myoc/Tacr1/Met/Sh3pxd2b/Smad3/Ccdc88a/Kank4/Gas7/Cald1/Ush1c/Spire2/Mtss1/Eps8/Ppfia1/Itgb1bp1/Prkn/Add1/Myh10/Fam171a1/Wnt11/Srf/Hsp90b1/Abl1/Mtor/Clasp2/Tjp1/Arhgef10/Nox4/Clasp1/Tmeff2/Carmil1/Tsc1/Rapgef3/Coro1b/Arhgef10l/Zyx/Cd47/Dlc1/Luzp1/Ppp1r9a/Alms1/Braf"
"GO:2000648","GO:2000648","positive regulation of stem cell proliferation",31,-0.194702291149434,-0.668572422365692,0.929752066115702,0.975507747856176,0.785557394313224,1123,"tags=39%, list=11%, signal=35%","Epcam/Kat7/Gja1/Ctnnb1/Ngf/Nr2e1/N4bp2l2/Runx2/Pdcd2/Sirt6/Ccne1/Kdr"
"GO:0001736","GO:0001736","establishment of planar polarity",29,0.194241186254866,0.664009468388688,0.930278884462151,0.975507747856176,0.785557394313224,3008,"tags=38%, list=29%, signal=27%","Astn2/Erbb4/Brsk2/Celsr1/Ptk7/Pkhd1/Rpgrip1l/Jhy/Grhl3/Alms1/Sec24b"
"GO:0007088","GO:0007088","regulation of mitotic nuclear division",80,-0.173526199846986,-0.746081960689383,0.930970149253731,0.975731425886823,0.785737517875858,2637,"tags=32%, list=26%, signal=24%","Mtbp/Egf/Anapc5/Pdxp/Birc5/Epgn/Edn1/Psmg2/Rb1/Anapc7/Cdc16/Pcid2/Cep192/Bub3/Kntc1/Prpf4b/Ywhah/Cdca8/Lcmt1/Gen1/Rgcc/Spc25/Dync1li1/Usp44/Insr/Trip13"
"GO:0035195","GO:0035195","miRNA-mediated post-transcriptional gene silencing",36,-0.188874414089429,-0.676597249747179,0.931451612903226,0.975898474099853,0.785872038549056,1862,"tags=22%, list=18%, signal=18%","Zmpste24/Dgcr8/Eif4g1/Ago2/Ago1/Eif6/Ncbp2/Fxr1"
"GO:1905508","GO:1905508","protein localization to microtubule organizing center",30,-0.193515738283404,-0.662697467739609,0.93265306122449,0.976819486868373,0.786613712197634,2797,"tags=30%, list=27%, signal=22%","Aurka/Bbs4/Cep350/Rab11a/Nudcd3/Pard6a/Cep192/Mcph1/Ubxn2b"
"GO:0060416","GO:0060416","response to growth hormone",21,-0.20596059793804,-0.636815887504803,0.934131736526946,0.978030118063803,0.787588609925967,3824,"tags=57%, list=37%, signal=36%","Pnpt1/Socs2/Jak1/Stat5a/Stat3/Tyk2/Phex/Shoc2/Leprotl1/Akt1/Cacybp/Leprot"
"GO:0071346","GO:0071346","cellular response to type II interferon",63,0.173251130588467,0.719079023032379,0.935091277890467,0.978696570641835,0.788125291209927,3158,"tags=30%, list=31%, signal=21%","Atl2/Parp14/Irf8/Myo18a/Stxbp4/Rab12/Rab11fip5/Stx8/Syncrip/Epsti1/Irf1/Gbp9/Zyx/Cd47/Stxbp1/Vps26b/Rab20/Dnaja3/Kif5b"
"GO:0071887","GO:0071887","leukocyte apoptotic process",65,0.172637698676594,0.721265180563693,0.936991869918699,0.978994953742641,0.788365573310906,3274,"tags=38%, list=32%, signal=26%","Bcl11b/Foxp1/Bcl2/Plekho2/Itpkb/St3gal1/Rorc/Cd74/Tgfb2/Ripk1/Gas6/Tnfrsf21/Gli3/Nfkbiz/Slc39a10/Pdcd7/Pik3cb/Rapgef2/Cd47/Lipa/Adam17/Ormdl3/Dnaja3/Fas/Fcer1g"
"GO:1903707","GO:1903707","negative regulation of hemopoiesis",57,-0.179342017618901,-0.720138002002947,0.936293436293436,0.978994953742641,0.788365573310906,1670,"tags=19%, list=16%, signal=16%","Mdk/Rc3h2/Ltf/Nf1/Rag2/Inpp4b/Foxj1/Rara/Fbxo7/Il17d/Id2"
"GO:2000036","GO:2000036","regulation of stem cell population maintenance",55,-0.180618124491878,-0.71734888672997,0.936633663366337,0.978994953742641,0.788365573310906,1144,"tags=15%, list=11%, signal=13%","Smarcb1/Smarcd1/Sirt6/Rbbp4/Kdm2b/Brd9/Ogt/Zfp706"
"GO:0030593","GO:0030593","neutrophil chemotaxis",37,0.18531337758573,0.675445179989125,0.935922330097087,0.978994953742641,0.788365573310906,3367,"tags=43%, list=33%, signal=29%","Itga9/Prex1/Pde4b/Camk1d/Cd74/Tgfb2/Slit2/Vav3/Rac2/Prkca/Cklf/Gbf1/Tirap/Fcer1g/Edn3/Ripor2"
"GO:0001675","GO:0001675","acrosome assembly",20,0.21252444600625,0.650628899125762,0.936991869918699,0.978994953742641,0.788365573310906,920,"tags=10%, list=9%, signal=9%","Rfx2/Vps13b"
"GO:0072337","GO:0072337","modified amino acid transport",29,-0.19162075166086,-0.654657786571334,0.938,0.97971044467425,0.788941744226129,1225,"tags=38%, list=12%, signal=33%","Slc7a6/Slc38a2/Slc16a9/Gja1/Slc22a4/Slc7a9/Slc22a16/Nherf1/Abcc4/Abcc1/Abcc5"
"GO:0032091","GO:0032091","negative regulation of protein binding",50,-0.185386404898519,-0.714351780714136,0.939393939393939,0.980490401778724,0.789569828495078,2797,"tags=26%, list=27%, signal=19%","Aurka/Mapk8/Dhrs7b/Lrrk2/Ddx11/Tle5/Dtnbp1/Akt1/Tdg/Bag2/Stub1/Park7/Frmd7"
"GO:1903038","GO:1903038","negative regulation of leukocyte cell-cell adhesion",63,0.171782568892276,0.712983755970205,0.939148073022312,0.980490401778724,0.789569828495078,2557,"tags=27%, list=25%, signal=20%","Pawr/Rc3h1/Hspb1/Adora2a/Socs1/Cd276/Ptpn6/Dusp22/Cd74/Nrarp/Tnfrsf21/Irf1/Mad1l1/Peli1/Gli3/Wnk1/Pag1"
"GO:0000724","GO:0000724","double-strand break repair via homologous recombination",126,-0.169128728922295,-0.778902878434093,0.94106463878327,0.981220184278495,0.790157508131858,2984,"tags=32%, list=29%, signal=23%","Recql5/Helq/Smc6/Psmd14/Setd2/Exd2/Rnf126/Sfpq/Nabp1/Rnf138rt1/Mcm4/Mcm6/Ap5z1/Htatsf1/Mrgbp/Ing3/Rmi2/Parpbp/C1qbp/Poll/Aste1/Xrcc2/Rad51ap1/Wdr48/Recql/Ruvbl1/Rad52/Sirt6/Gen1/Terf2ip/Yeats4/Sem1/Nabp2/Rec8/Slx4/Brca2/Fan1/Mcm8/Nsmce1/Helb"
"GO:0043467","GO:0043467","regulation of generation of precursor metabolites and energy",92,-0.170951364681946,-0.752024082423691,0.940850277264325,0.981220184278495,0.790157508131858,2031,"tags=24%, list=20%, signal=19%","Macroh2a1/Cox7a2/Mfn2/Src/Ppp2ca/Hif1a/Akt2/Ppif/Ddit4/Akt1/Pik3ca/Gfpt1/Chchd4/Prkaa2/Cisd1/Sirt6/Eif6/Insr/Ogt/Park7/Uqcc2/Inpp5k"
"GO:1902882","GO:1902882","regulation of response to oxidative stress",28,-0.197076984169344,-0.667168258922946,0.941060903732809,0.981220184278495,0.790157508131858,2799,"tags=36%, list=27%, signal=26%","Alox5/Nfe2l2/Ncoa7/Macroh2a1/Pnpla8/Sesn2/Trpm2/Meak7/Rnf146/Sesn1"
"GO:1902106","GO:1902106","negative regulation of leukocyte differentiation",54,0.179607598898301,0.713189287775428,0.941767068273092,0.981614797684028,0.790475282623442,2402,"tags=30%, list=23%, signal=23%","Rc3h1/Hspb1/Qki/Socs1/Ubash3b/Lrrc17/Gpr68/Cd74/Cdk6/Mafb/Fbxw7/Nrarp/Irf1/Cul4a/Gli3/Tob2"
"GO:0032755","GO:0032755","positive regulation of interleukin-6 production",46,-0.183707461877706,-0.703744463915792,0.942800788954635,0.982354329619169,0.791070813290684,1433,"tags=13%, list=14%, signal=11%","Traf6/Adora2b/Ticam1/Il17ra/Il17d/Arhgef2"
"GO:1901800","GO:1901800","positive regulation of proteasomal protein catabolic process",81,-0.172909253169763,-0.742992616090537,0.943181818181818,0.982413512922279,0.791118472452264,2957,"tags=32%, list=29%, signal=23%","Trib1/Oaz1/Chfr/Psen1/Aurka/Mapk8/Eif2a/Zfand2a/Sumo1/Lrrk2/Zer1/Pabir1/Bbs7/Osbpl7/Akt1/Usp5/Bag2/Tmem67/Gclc/Fzr1/Atxn3/Sirt6/Csnk1e/Stub1/Zyg11b/Paqr3"
"GO:0035966","GO:0035966","response to topologically incorrect protein",106,-0.167208841910733,-0.753772993632396,0.944029850746269,0.982621246225075,0.791285756036034,2088,"tags=28%, list=20%, signal=23%","Eif2a/Rnf126/Ubxn4/Tmed2/Nfe2l2/Cops5/Mfn2/Chac1/Ficd/Xbp1/Pdia6/Hspa4l/Akt2/Ccnd1/Ufd1/Akt1/Eif2ak2/Yod1/Derl1/Dnajb9/Stc2/Bag3/Atxn3/Dnajb14/Tmbim4/Stub1/Bfar/Tm7sf3/Bok/Ube2j2"
"GO:0060688","GO:0060688","regulation of morphogenesis of a branching structure",39,-0.183441135379596,-0.667034314699458,0.94375,0.982621246225075,0.791285756036034,2179,"tags=23%, list=21%, signal=18%","Hgf/Lrrk2/Mdk/Pax2/Phb2/Agtr2/Sirt6/Ntn4/Pdgfra"
"GO:0001738","GO:0001738","morphogenesis of a polarized epithelium",46,0.180996971030206,0.683776780823917,0.945454545454545,0.983766233766234,0.792207792207792,3008,"tags=37%, list=29%, signal=26%","Myo9a/Astn2/Ajap1/Lama1/Traf3ip1/Erbb4/Brsk2/Celsr1/Ptk7/Pkhd1/Fat1/Rpgrip1l/Jhy/Actb/Grhl3/Alms1/Sec24b"
"GO:0070373","GO:0070373","negative regulation of ERK1 and ERK2 cascade",52,-0.181119536766509,-0.709670840538759,0.946534653465346,0.984552008238929,0.792840561090095,1225,"tags=25%, list=12%, signal=22%","Sirt3/Spry2/Synj2bp/Ezr/Xbp1/Nherf1/Errfi1/Ranbp9/Dusp6/Spry1/Arrb1/Dusp29/Gstp3"
"GO:0001838","GO:0001838","embryonic epithelial tube formation",105,0.165051987833029,0.754786773351604,0.950959488272921,0.984781472397572,0.793025344108935,2895,"tags=33%, list=28%, signal=24%","Plxnb2/Arid1a/St14/Lmo4/Kdm2a/Bmp7/Hectd1/Ski/Sox8/Spint2/Tgfb2/Map3k7/Celsr1/Ptk7/Deaf1/Lrp2/Abl1/Lrp6/Ret/Bmp5/Stk3/Sufu/Gatad2a/Tsc1/Brd2/Ift57/Rps7/Brpf1/Apaf1/Rgma/Dlc1/Mthfd1l/Tulp3/Grhl3/Luzp1"
"GO:0002687","GO:0002687","positive regulation of leukocyte migration",68,0.168656291991816,0.711640454904293,0.949596774193548,0.984781472397572,0.793025344108935,376,"tags=7%, list=4%, signal=7%","Pecam1/Vegfc/Ano6/Pawr/Pdgfd"
"GO:0043112","GO:0043112","receptor metabolic process",64,-0.1736776079705,-0.709805432636317,0.950980392156863,0.984781472397572,0.793025344108935,2345,"tags=22%, list=23%, signal=17%","Nsf/Vamp3/Uvrag/Chmp5/Sorl1/Rab29/Ctsd/Snx25/Pex5/Eps15/Plekha3/Pheta1/Ap1ar/Pex10"
"GO:0006096","GO:0006096","glycolytic process",71,0.167878929769231,0.709130559562237,0.95,0.984781472397572,0.793025344108935,1375,"tags=15%, list=13%, signal=14%","Zbtb20/Arnt/Ep300/Hdac4/Slc4a1/Ogdh/Mtch2/Pfkl/Enpp1/Ppargc1a/Eno4"
"GO:0097530","GO:0097530","granulocyte migration",63,0.1687735675322,0.700494892255684,0.947261663286004,0.984781472397572,0.793025344108935,3367,"tags=40%, list=33%, signal=27%","Pecam1/Epx/Pawr/Itga9/Prex1/Pde4b/Ptk2/Camk1d/Cd74/Tgfb2/Slit2/Jagn1/Vav3/Rac2/Prkca/Cklf/Ptprj/Gbf1/Tirap/Mapk1/Myd88/Fcer1g/Edn3/Vegfa/Ripor2"
"GO:0006970","GO:0006970","response to osmotic stress",53,-0.174675795888827,-0.689857069245836,0.950980392156863,0.984781472397572,0.793025344108935,2899,"tags=30%, list=28%, signal=22%","Akr1b1/Dysf/Letm1/Casp1/Casp3/Pkd2/Rac1/Ddx3x/Lrrc8c/Mknk1/Mlc1/Ryr1/Tspo/Zfp36l1/Mylk/Prkg2"
"GO:0006584","GO:0006584","catecholamine metabolic process",40,-0.179802448199325,-0.65910162720659,0.95,0.984781472397572,0.793025344108935,2306,"tags=28%, list=22%, signal=21%","Myo5a/Mtpn/Epas1/Aldh2/Maoa/Hprt1/Agtr2/Ednra/Park7/Comt/Vps35"
"GO:0009712","GO:0009712","catechol-containing compound metabolic process",40,-0.179802448199325,-0.65910162720659,0.95,0.984781472397572,0.793025344108935,2306,"tags=28%, list=22%, signal=21%","Myo5a/Mtpn/Epas1/Aldh2/Maoa/Hprt1/Agtr2/Ednra/Park7/Comt/Vps35"
"GO:0006509","GO:0006509","membrane protein ectodomain proteolysis",33,-0.183408633095237,-0.644584137524561,0.94949494949495,0.984781472397572,0.793025344108935,3821,"tags=45%, list=37%, signal=29%","Psen2/Sppl2b/Sppl2a/Myh9/Cwh43/Gpld1/Snx9/Ncstn/Psen1/Timp3/Pacsin3/Adra2a/Prkcq/Adam8/Timp4"
"GO:0045429","GO:0045429","positive regulation of nitric oxide biosynthetic process",26,-0.192788835371931,-0.641888676744866,0.949019607843137,0.984781472397572,0.793025344108935,2432,"tags=27%, list=24%, signal=21%","Asl/Pkd2/Akt2/Akt1/Sod2/Ticam1/Insr"
"GO:0034389","GO:0034389","lipid droplet organization",25,0.189700740580886,0.625462648934578,0.950819672131147,0.984781472397572,0.793025344108935,2054,"tags=20%, list=20%, signal=16%","Negr1/Clstn3/Ptgfrn/Ldah/Rnf213"
"GO:0045738","GO:0045738","negative regulation of DNA repair",24,0.190666432276212,0.618435392685091,0.950920245398773,0.984781472397572,0.793025344108935,2174,"tags=29%, list=21%, signal=23%","Shld2/Smchd1/Hsf1/Radx/Polq/Ercc6/Abl1"
"GO:2000780","GO:2000780","negative regulation of double-strand break repair",24,0.190666432276212,0.618435392685091,0.950920245398773,0.984781472397572,0.793025344108935,2174,"tags=29%, list=21%, signal=23%","Shld2/Smchd1/Hsf1/Radx/Polq/Ercc6/Abl1"
"GO:0046470","GO:0046470","phosphatidylcholine metabolic process",41,-0.179106180182132,-0.666167084206094,0.951612903225806,0.984938565200159,0.793151847883956,2602,"tags=29%, list=25%, signal=22%","Pon1/Enpp2/Dhrs7b/Pnpla8/Abhd3/Pnpla6/Abca3/Pla2g7/Lipc/Dbi/Chpt1/Fabp5"
"GO:0030835","GO:0030835","negative regulation of actin filament depolymerization",34,0.184482771402238,0.658915290060967,0.951807228915663,0.984938565200159,0.793151847883956,2032,"tags=21%, list=20%, signal=17%","Cracd/Svil/Add3/Capza2/Vill/Eps8/Add1"
"GO:1903670","GO:1903670","regulation of sprouting angiogenesis",32,0.182230378875152,0.649701506997112,0.952107279693487,0.984938565200159,0.793151847883956,995,"tags=12%, list=10%, signal=11%","Ghrl/Bmper/Jcad/Smad1"
"GO:1903052","GO:1903052","positive regulation of proteolysis involved in protein catabolic process",95,-0.163600205420797,-0.724035820646598,0.953617810760668,0.985186567017121,0.793351558918078,2957,"tags=32%, list=29%, signal=23%","Trib1/Oaz1/Chfr/Psen1/Aurka/Mapk8/Egf/Eif2a/Zfand2a/Trim67/Sumo1/Lrrk2/Zer1/Pabir1/Bbs7/Osbpl7/Akt1/Usp5/Bag2/Tmem67/Gclc/Sumo3/Fzr1/Atxn3/Sirt6/Csnk1e/Stub1/Traf7/Zyg11b/Paqr3"
"GO:0045833","GO:0045833","negative regulation of lipid metabolic process",66,0.168635427597524,0.707903494864265,0.953815261044177,0.985186567017121,0.793351558918078,2560,"tags=30%, list=25%, signal=23%","Prox1/Asxl3/Nfkb1/Srebf1/Dcaf5/Sirt4/Mfsd2a/Ccdc3/Alk/Adora1/Atp1a1/Cnr1/Abca2/Ncor1/Lpcat1/Appl2/Bmp5/Slc27a1/Dkk3/Chlsn"
"GO:0019751","GO:0019751","polyol metabolic process",75,-0.162704031421516,-0.687917266955611,0.954110898661568,0.985186567017121,0.793351558918078,1186,"tags=32%, list=12%, signal=29%","Sgpp2/Spr/Akr1b1/Dysf/Naaa/Dgat2/Plpp3/Gk5/Ippk/Angptl3/Nudt3/Got1/Pgp/Nudt4/Lhcgr/Myof/Degs2/Impa1/Plpp2/Asah1/Sgpp1/Sptssa/Isyna1/Scp2"
"GO:0051865","GO:0051865","protein autoubiquitination",57,-0.170797196724164,-0.685826743948045,0.955598455598456,0.985186567017121,0.793351558918078,845,"tags=42%, list=8%, signal=39%","Rnft1/Rnf19b/Traf2/Brca1/Rnf4/Cbl/Lrsam1/Rnf8/Rbx1/Ube4b/Rnf41/Rnf10/Trim37/Lrrk2/Rnf141/Trim13/Traf6/Ube3d/Stub1/Bfar/Rnf146/Ube2d3/Ube2b/Ltn1"
"GO:0046503","GO:0046503","glycerolipid catabolic process",36,-0.181666721844285,-0.650777422463532,0.953629032258065,0.985186567017121,0.793351558918078,2531,"tags=25%, list=25%, signal=19%","Enpp2/Pnpla8/Sorl1/Gpcpd1/Abhd2/Pla2g7/Pnpla2/Lipc/Abhd12"
"GO:0045428","GO:0045428","regulation of nitric oxide biosynthetic process",37,-0.176898346954151,-0.638998854656844,0.952772073921971,0.985186567017121,0.793351558918078,2449,"tags=27%, list=24%, signal=21%","Gla/Asl/Pkd2/Rac1/Akt2/Akt1/Sod2/Tspo/Ticam1/Insr"
"GO:1904407","GO:1904407","positive regulation of nitric oxide metabolic process",27,-0.189720240852942,-0.637769303505298,0.954901960784314,0.985186567017121,0.793351558918078,2432,"tags=26%, list=24%, signal=20%","Asl/Pkd2/Akt2/Akt1/Sod2/Ticam1/Insr"
"GO:0080164","GO:0080164","regulation of nitric oxide metabolic process",38,-0.174803472952676,-0.635182815604154,0.954918032786885,0.985186567017121,0.793351558918078,2449,"tags=26%, list=24%, signal=20%","Gla/Asl/Pkd2/Rac1/Akt2/Akt1/Sod2/Tspo/Ticam1/Insr"
"GO:0006516","GO:0006516","glycoprotein catabolic process",22,0.195398015524357,0.615559625722274,0.955375253549696,0.985186567017121,0.793351558918078,2182,"tags=27%, list=21%, signal=22%","Gpc1/Galns/Edem1/Hexa/Glb1/Fbxo2"
"GO:0002026","GO:0002026","regulation of the force of heart contraction",22,0.193965468520199,0.611046693002139,0.955375253549696,0.985186567017121,0.793351558918078,1860,"tags=27%, list=18%, signal=22%","Atp2b4/Slc8a1/Adrb2/Chga/Adrb1/Atp1a1"
"GO:0007249","GO:0007249","canonical NF-kappaB signal transduction",160,-0.163239527599832,-0.776383111818527,0.958955223880597,0.985869086206399,0.793901178331226,2134,"tags=21%, list=21%, signal=17%","Nod1/Trim32/Prdx1/Traf1/Tgm2/Abl2/Map3k14/Fadd/Akt1/Trim13/Riok3/Ltf/Traf6/Ednra/Cactin/Angpt1/Ppm1a/Ddx21/Adam8/Terf2ip/Tnfrsf1a/Nfkb2/Cyld/Gprc5b/Ticam1/Dhx15/S100b/Sharpin/Htr2b/Tbk1/Ddx1/Tnfsf10/Azi2/Tmsb4x"
"GO:0016485","GO:0016485","protein processing",135,-0.16076035162842,-0.752748555790327,0.957798165137615,0.985869086206399,0.793901178331226,2964,"tags=30%, list=29%, signal=22%","Naglu/Casp8/Ggt1/Psen1/Sec11a/Eno1/Afg3l2/Corin/Xpnpep3/Mmp14/Casp1/Casp3/Spcs3/Parl/Ift52/Lrrk2/Chac1/Yipf5/Src/Ift172/Atp23/Zmpste24/Dhcr24/Gsn/Atg4b/Pitrm1/Myrf/Prss12/Bag2/Cln5/Spg7/Plat/Snx12/Tysnd1/Pmpca/Pcsk6/Ogt/Metap2/P4hb/Yme1l1/Vps35"
"GO:0019364","GO:0019364","pyridine nucleotide catabolic process",73,0.166753331526872,0.715068440079484,0.959266802443992,0.985869086206399,0.793901178331226,1375,"tags=15%, list=13%, signal=13%","Zbtb20/Arnt/Ep300/Hdac4/Slc4a1/Ogdh/Mtch2/Pfkl/Enpp1/Ppargc1a/Eno4"
"GO:0045806","GO:0045806","negative regulation of endocytosis",45,-0.17757071494452,-0.677679270497417,0.958661417322835,0.985869086206399,0.793901178331226,1235,"tags=22%, list=12%, signal=20%","Pacsin3/Appl1/Atg5/Pacsin2/Rabgef1/Lrrtm2/Tsc2/Pacsin1/Snx3/Itgav"
"GO:0042058","GO:0042058","regulation of epidermal growth factor receptor signaling pathway",45,0.176241726203438,0.664695734286969,0.959514170040486,0.985869086206399,0.793901178331226,3076,"tags=31%, list=30%, signal=22%","Egfr/Zfyve28/Ptprf/Ccdc88a/Hip1/Dab2ip/Dgkd/Rhbdf1/Nup62/Ptprj/Snx5/Adam17/Cblb/Socs4"
"GO:0010662","GO:0010662","regulation of striated muscle cell apoptotic process",38,0.179505364065056,0.658685240987623,0.959143968871595,0.985869086206399,0.793901178331226,1579,"tags=16%, list=15%, signal=13%","Bcl2/Ambra1/Qki/Sirt4/Hsf1/Capn2"
"GO:0002335","GO:0002335","mature B cell differentiation",27,0.195866340274947,0.656688305822645,0.957317073170732,0.985869086206399,0.793901178331226,2854,"tags=37%, list=28%, signal=27%","Lfng/Notch2/Enpp1/Irf8/St3gal1/Phf14/Nfatc1/Nfkbiz/Tnfaip3/Plcl2"
"GO:0043045","GO:0043045","epigenetic programming of gene expression",21,0.196600970747602,0.613841551125919,0.958083832335329,0.985869086206399,0.793901178331226,2385,"tags=33%, list=23%, signal=26%","Smchd1/Tet1/Arid4b/Arid4a/Cdkn1c/Gsk3b/Ctcf"
"GO:0021532","GO:0021532","neural tube patterning",26,0.184651150065753,0.612328002151458,0.959349593495935,0.985869086206399,0.793901178331226,2843,"tags=31%, list=28%, signal=22%","Ssbp3/Traf3ip1/Arl13b/Lrp6/Gli3/Pax6/Rpgrip1l/Tulp3"
"GO:2000279","GO:2000279","negative regulation of DNA biosynthetic process",22,0.192947906749747,0.607841082439065,0.957403651115619,0.985869086206399,0.793901178331226,3080,"tags=36%, list=30%, signal=25%","Kcnk2/Dach1/Chek1/Hnrnpu/Dnajc2/Stn1/Ahr/Terf1"
"GO:0006513","GO:0006513","protein monoubiquitination",44,-0.177091299264125,-0.672483962619153,0.960159362549801,0.986197582551151,0.794165710041191,3472,"tags=43%, list=34%, signal=29%","Fancm/Cbl/Zfp598/Rbx1/Ube4b/Klhl12/Birc2/Rnf126/Rnf10/Trim37/Ubb/Fbxl2/Pdcd6/Wdr48/Fancl/Ube3d/Stub1/Skp1/Ube2d3"
"GO:0030595","GO:0030595","leukocyte chemotaxis",99,-0.166235283788533,-0.736368007194175,0.962616822429907,0.98838663909272,0.795928514648923,3601,"tags=39%, list=35%, signal=26%","Il17rc/Jam3/S1pr1/Hmgb1/Bsg/Nup85/Ptn/Mospd2/Swap70/Thbs4/Dusp1/Dnm1l/Dysf/Alox5/Lyst/Mif/Mpp1/Pikfyve/Edn1/Mcu/Rac1/C1qbp/Nbl1/Cxcl12/Mdk/Flt1/Nedd9/Ednra/Mmp2/Pla2g7/Trpm2/Adam8/Slc37a4/Gpr18/Csf1r/Gpr183/Cxcl14/Il17ra/Kit"
"GO:0002931","GO:0002931","response to ischemia",42,-0.173751275542265,-0.648299958389691,0.963855421686747,0.988540685127207,0.79605256492092,1751,"tags=43%, list=17%, signal=36%","Slc26a5/Casp9/Uchl1/Stat3/Rest/Gja1/Per2/Sqstm1/Map2k6/Nfe2l2/Hk2/Ppif/Sos1/P2rx4/Eef2k/Egr1/Csf1r/Map2k2"
"GO:0051646","GO:0051646","mitochondrion localization",42,-0.173083385076801,-0.645807928563621,0.963855421686747,0.988540685127207,0.79605256492092,2977,"tags=31%, list=29%, signal=22%","Rhot2/Mfn1/Dnm1l/Opa1/Ubb/Mfn2/Lrrk2/Synj2bp/Hif1a/Mapt/Myo19/Ogt/Hsbp1"
"GO:0042130","GO:0042130","negative regulation of T cell proliferation",30,-0.186142055726295,-0.637446184294357,0.963265306122449,0.988540685127207,0.79605256492092,1425,"tags=30%, list=14%, signal=26%","Twsg1/Casp3/Sdc4/Arg2/Prkar1a/Pde5a/Dlg5/Tsc2/Foxj1"
"GO:2000050","GO:2000050","regulation of non-canonical Wnt signaling pathway",21,0.189523364117481,0.591743343698092,0.964071856287425,0.988540685127207,0.79605256492092,2246,"tags=29%, list=22%, signal=22%","Gpc3/Tiam1/Daam2/Rnf213/Abl1/Lrp6"
"GO:1903909","GO:1903909","regulation of receptor clustering",22,0.188859531183865,0.594961530277835,0.96551724137931,0.989687835378657,0.796976342681163,2362,"tags=27%, list=23%, signal=21%","Agrn/Shisa6/Sorbs2/Lrp4/Grip2/Farp1"
"GO:0032233","GO:0032233","positive regulation of actin filament bundle assembly",50,0.16965101876754,0.660436713958345,0.96646942800789,0.990328835598209,0.797492527676446,3056,"tags=38%, list=30%, signal=27%","Myoc/Tacr1/Sh3pxd2b/Smad3/Ccdc88a/Mtss1/Itgb1bp1/Wnt11/Abl1/Mtor/Arhgef10/Nox4/Carmil1/Tsc1/Rapgef3/Arhgef10l/Cd47/Braf/Apoa1"
"GO:0072526","GO:0072526","pyridine-containing compound catabolic process",74,0.162819588304889,0.698563154406673,0.967010309278351,0.990548085569101,0.797669085408781,1375,"tags=15%, list=13%, signal=13%","Zbtb20/Arnt/Ep300/Hdac4/Slc4a1/Ogdh/Mtch2/Pfkl/Enpp1/Ppargc1a/Eno4"
"GO:0045017","GO:0045017","glycerolipid biosynthetic process",150,0.158361884884627,0.758534131641329,0.968220338983051,0.990779930425967,0.797855785557544,3056,"tags=32%, list=30%, signal=23%","Dgkb/Htr2c/Ttc7/Pemt/Lpcat3/Agmo/Itpka/Tcf7l2/Pla2g6/Pigs/Gpat3/Plscr1/Ip6k2/Dgkh/Srebf1/Pigc/Lclat1/Itpkb/Pik3c2a/Etnk2/Mfsd2a/Pik3c2g/Capn2/Pgs1/Dgkz/Bpnt2/Pigyl/Agpat2/Inpp4a/Dgkd/Lpcat1/Pigx/Fig4/Slc27a1/Dgki/Crls1/Pgap2/Pcyt1b/Sh3yl1/Pik3cb/Acsl4/Pigt/Pck2/Ttc7b/Pla2g15/Ip6k1/Piga/Apoa1"
"GO:0002695","GO:0002695","negative regulation of leukocyte activation",86,0.164836392548474,0.717799639965271,0.967672413793103,0.990779930425967,0.797855785557544,2267,"tags=23%, list=22%, signal=18%","Lrfn5/Sox11/Pawr/Rc3h1/Hspb1/Adora2a/Socs1/Cd276/Ptpn6/Grn/Dusp22/Cd74/Cnr1/Nrarp/Tyro3/Tnfrsf21/Irf1/Mad1l1/Peli1/Gli3"
"GO:0048854","GO:0048854","brain morphogenesis",32,-0.177042681936427,-0.611238217441068,0.96875,0.990779930425967,0.797855785557544,3236,"tags=41%, list=32%, signal=28%","Pafah1b1/Slc4a10/Psen1/Otx1/Bbs4/Tuba1a/Emx1/Sos1/Pax2/Mkks/Nf1/Slc6a4/Uchl5"
"GO:0048701","GO:0048701","embryonic cranial skeleton morphogenesis",26,-0.177449854335222,-0.590817678669315,0.968627450980392,0.990779930425967,0.797855785557544,295,"tags=31%, list=3%, signal=30%","Setd2/Mmp14/Dlx2/Runx2/Wdr19/Med12/Pdgfra/Eif4a3"
"GO:0051894","GO:0051894","positive regulation of focal adhesion assembly",25,-0.173575624580041,-0.571540483901545,0.968871595330739,0.990779930425967,0.797855785557544,2992,"tags=32%, list=29%, signal=23%","Ppm1f/Poldip2/Enpp2/Sdc4/Rac1/Ptpn11/Nrp1/Kdr"
"GO:0000725","GO:0000725","recombinational repair",129,-0.160890570075446,-0.743596409582331,0.969924812030075,0.990886701645834,0.79794176634186,3160,"tags=33%, list=31%, signal=23%","Zgrf1/Rfwd3/Rnf8/Recql5/Helq/Smc6/Psmd14/Setd2/Exd2/Rnf126/Sfpq/Nabp1/Rnf138rt1/Mcm4/Mcm6/Ap5z1/Htatsf1/Mrgbp/Ing3/Rmi2/Parpbp/C1qbp/Poll/Aste1/Xrcc2/Rad51ap1/Wdr48/Recql/Ruvbl1/Rad52/Sirt6/Gen1/Terf2ip/Yeats4/Sem1/Nabp2/Rec8/Slx4/Brca2/Fan1/Mcm8/Nsmce1/Helb"
"GO:0007368","GO:0007368","determination of left/right symmetry",80,0.164767784443942,0.711525589656516,0.969957081545064,0.990886701645834,0.79794176634186,2710,"tags=30%, list=26%, signal=22%","Acvr2b/Ccdc103/Acvr2a/Kdm2a/Smad3/Cfap45/Rnf207/Notch2/Arl13b/Pierce1/Acvr1/Nat8f5/Bicc1/Daam2/Cep290/Srf/Dnah5/Lrp6/Odad2/Ofd1/Sufu/Ift57/Rpgrip1l/Ccdc39"
"GO:0045494","GO:0045494","photoreceptor cell maintenance",32,0.173057068206381,0.616996127123339,0.969348659003831,0.990886701645834,0.79794176634186,3607,"tags=47%, list=35%, signal=30%","Ush2a/Ush1c/Cep290/Ercc6/Bbs2/Clcn3/Cib2/Map1a/Spata7/Bbs10/Crocc/Pcdh15/Abca4/Iqcb1/Nphp4"
"GO:0051250","GO:0051250","negative regulation of lymphocyte activation",72,0.161455091956665,0.687647769976463,0.971311475409836,0.991693380914938,0.798591369449653,2267,"tags=24%, list=22%, signal=19%","Sox11/Pawr/Rc3h1/Hspb1/Adora2a/Socs1/Cd276/Ptpn6/Dusp22/Cd74/Nrarp/Tyro3/Tnfrsf21/Irf1/Mad1l1/Peli1/Gli3"
"GO:0006639","GO:0006639","acylglycerol metabolic process",79,-0.159828887417054,-0.68556823884149,0.97196261682243,0.991693380914938,0.798591369449653,2668,"tags=25%, list=26%, signal=19%","Dgat2/Gk5/Cat/Lpin2/Angptl3/Sorl1/Ptpn11/Sel1l/Acsl1/Ccnc/Abhd2/Pnpla2/Cnep1r1/Dgkg/Slc37a4/Lipc/Dbi/Cpt1a/Abhd12/Slc27a5"
"GO:0050931","GO:0050931","pigment cell differentiation",26,0.18124471838483,0.601031817400363,0.971544715447154,0.991693380914938,0.798591369449653,2269,"tags=23%, list=22%, signal=18%","Bcl2/Ap3d1/Enpp1/Oca2/Gli3/Mitf"
"GO:0035456","GO:0035456","response to interferon-beta",21,0.182552645364979,0.569978869213418,0.972055888223553,0.991693380914938,0.798591369449653,3146,"tags=33%, list=31%, signal=23%","Plscr1/Ube2k/Capn2/Irf1/Xaf1/Ifit3/Sting1"
"GO:0051302","GO:0051302","regulation of cell division",119,0.157023063273655,0.732913378466339,0.974304068522484,0.992372333548804,0.799138116785176,2987,"tags=29%, list=29%, signal=20%","Drd2/Igf1r/Vegfc/Pdgfd/Cdc14a/Svil/Atxn10/Pdgfc/Sirt2/Prkce/Arf6/Fsd1/Cdk2ap2/Pkn2/Tgfb2/Kif13a/Kif14/Garem1/Itgb1bp1/Rab11fip4/Efhc1/Pax6/Map9/Btc/Wnk1/Nup62/Plk3/Kdf1/Ncoa3/Pkp4/Thoc5/Birc6/Ybx1/Incenp"
"GO:0002688","GO:0002688","regulation of leukocyte chemotaxis",62,-0.163333279195926,-0.665619222152254,0.974358974358974,0.992372333548804,0.799138116785176,3561,"tags=39%, list=35%, signal=25%","Jam3/Hmgb1/Ptn/Mospd2/Swap70/Thbs4/Dusp1/Dnm1l/Dysf/Mif/Mpp1/Edn1/Mcu/Rac1/C1qbp/Nbl1/Cxcl12/Mdk/Nedd9/Ednra/Pla2g7/Gpr18/Csf1r/Cxcl14"
"GO:0006303","GO:0006303","double-strand break repair via nonhomologous end joining",46,0.169026108010727,0.63855282965748,0.973737373737374,0.992372333548804,0.799138116785176,2501,"tags=28%, list=24%, signal=21%","Nhej1/Kdm2a/Shld2/Smchd1/Prpf19/Hsf1/Xrcc6/Kmt5b/Dntt/Polq/Ercc6/Hmces/Nbn"
"GO:0001919","GO:0001919","regulation of receptor recycling",23,0.180815252804889,0.581149304688131,0.973843058350101,0.992372333548804,0.799138116785176,1510,"tags=17%, list=15%, signal=15%","Ramp3/Gria1/Gria2/Inpp5f"
"GO:0051156","GO:0051156","glucose 6-phosphate metabolic process",21,-0.181737483490755,-0.561919697265936,0.974051896207585,0.992372333548804,0.799138116785176,2561,"tags=33%, list=25%, signal=25%","Hkdc1/Rpia/Hk2/Gpi1/H6pd/Taldo1/Pgd"
"GO:0030705","GO:0030705","cytoskeleton-dependent intracellular transport",165,-0.158257118530106,-0.757322359856324,0.975425330812854,0.992828708161476,0.799505626374258,2725,"tags=27%, list=27%, signal=20%","Bloc1s6/Sfpq/Kif3a/Wasl/Ssx2ip/Tuba1a/Borcs7/Dync1i1/Intu/Prkcz/Cluap1/Myo5a/Ubb/Hspa8/Ift70b/Ift52/Atg5/Borcs8/Ift172/Hif1a/Dtnbp1/Wdr19/Kif3b/Ttc21b/Daw1/Mapt/Copg1/Dync2i2/Ift20/Ift122/BC048507/Sod1/Rabgef1/Copg2/Spg7/Bloc1s1/Map2k1/Dync2li1/Kif21b/Myo19/Ap3m2/Hsbp1/Rab21/Actn4"
"GO:0001843","GO:0001843","neural tube closure",79,0.164009450906507,0.70748437328281,0.97644539614561,0.992828708161476,0.799505626374258,2888,"tags=34%, list=28%, signal=25%","Plxnb2/Arid1a/St14/Lmo4/Kdm2a/Hectd1/Ski/Spint2/Tgfb2/Celsr1/Ptk7/Deaf1/Lrp2/Abl1/Lrp6/Sufu/Gatad2a/Tsc1/Brd2/Ift57/Rps7/Apaf1/Rgma/Dlc1/Mthfd1l/Tulp3/Grhl3"
"GO:0060606","GO:0060606","tube closure",79,0.164009450906507,0.70748437328281,0.97644539614561,0.992828708161476,0.799505626374258,2888,"tags=34%, list=28%, signal=25%","Plxnb2/Arid1a/St14/Lmo4/Kdm2a/Hectd1/Ski/Spint2/Tgfb2/Celsr1/Ptk7/Deaf1/Lrp2/Abl1/Lrp6/Sufu/Gatad2a/Tsc1/Brd2/Ift57/Rps7/Apaf1/Rgma/Dlc1/Mthfd1l/Tulp3/Grhl3"
"GO:0034109","GO:0034109","homotypic cell-cell adhesion",47,-0.173713144453434,-0.665662529567422,0.975903614457831,0.992828708161476,0.799505626374258,1162,"tags=26%, list=11%, signal=23%","Plpp3/Gla/Ctnna3/Pdia4/Pdia6/Jup/Prkcq/Map2k1/Slc6a4/Pdgfra/Emilin2/Pip5k1c"
"GO:0032760","GO:0032760","positive regulation of tumor necrosis factor production",50,-0.167623330153294,-0.645905099944011,0.975757575757576,0.992828708161476,0.799505626374258,878,"tags=10%, list=9%, signal=9%","Tnfrsf1a/Ticam1/Csf1r/Akap12/Arhgef2"
"GO:0002237","GO:0002237","response to molecule of bacterial origin",162,0.155083992337435,0.754485944494603,0.980851063829787,0.993308396859711,0.799891910342474,1579,"tags=17%, list=15%, signal=14%","Foxp1/B2m/Tap2/Penk/Akap8/Nfkb1/Pde4b/Smad6/Cmpk2/Sash1/Nkx2-1/Prkce/Plscr1/Ptpn6/Bmp6/Maob/Mapkapk3/Adam9/Irf8/Tut4/Card9/Dab2ip/Bcr/Hsf1/Slc11a1/Rps6ka3/Capn2"
"GO:0006282","GO:0006282","regulation of DNA repair",157,-0.157110149962963,-0.74605299178465,0.977443609022556,0.993308396859711,0.799891910342474,1653,"tags=29%, list=16%, signal=25%","Taf2/Recql5/Helq/Setd2/Bcl7b/Nudt16l1/Rnf126/Phf13/Usp1/Uimc1/Mrgbp/Sf3b5/Ing3/Rmi2/Parpbp/Fh1/C1qbp/Brcc3dc/Ddx11/Slf2/Actr8/Rad51ap1/Wdr48/Taf10/Nfrkb/Taf12/Supt7l/Abraxas1/Ruvbl1/Rad52/Smarcb1/Smarcd1/Cebpg/Sirt6/Otub1/Terf2ip/Yeats4/Taf9/Pcna/Uchl5/Taf7/Cdk9/Hdac10/Eny2/Helb/Smarcc2"
"GO:0035148","GO:0035148","tube formation",120,0.153876153729705,0.720597868691854,0.978586723768737,0.993308396859711,0.799891910342474,2895,"tags=33%, list=28%, signal=24%","Plxnb2/Arid1a/St14/Lmo4/Kdm2a/Bmp7/Hectd1/Ski/Sox8/Dab2ip/Spint2/Tgfb2/Map3k7/Celsr1/Atoh8/Itgb1bp1/Ptk7/Deaf1/Cep290/Lrp2/Abl1/Lrp6/Ret/Bmp5/Stk3/Sufu/Gatad2a/Tsc1/Brd2/Ift57/Rps7/Brpf1/Apaf1/Rgma/Eda/Dlc1/Mthfd1l/Tulp3/Grhl3/Luzp1"
"GO:0001841","GO:0001841","neural tube formation",96,0.160669387467725,0.717368076508247,0.980561555075594,0.993308396859711,0.799891910342474,2895,"tags=34%, list=28%, signal=25%","Plxnb2/Arid1a/St14/Lmo4/Kdm2a/Bmp7/Hectd1/Ski/Spint2/Tgfb2/Map3k7/Celsr1/Ptk7/Deaf1/Lrp2/Abl1/Lrp6/Bmp5/Stk3/Sufu/Gatad2a/Tsc1/Brd2/Ift57/Rps7/Brpf1/Apaf1/Rgma/Dlc1/Mthfd1l/Tulp3/Grhl3/Luzp1"
"GO:0060972","GO:0060972","left/right pattern formation",86,0.157175721852551,0.684440339980536,0.980603448275862,0.993308396859711,0.799891910342474,2710,"tags=29%, list=26%, signal=22%","Acvr2b/Ccdc103/Acvr2a/Kdm2a/Mosmo/Smad3/Cfap45/Rnf207/Notch2/Arl13b/Pierce1/Acvr1/Nat8f5/Bicc1/Daam2/Cep290/Srf/Dnah5/Lrp6/Odad2/Ofd1/Sufu/Ift57/Rpgrip1l/Ccdc39"
"GO:0071675","GO:0071675","regulation of mononuclear cell migration",72,-0.155299799026241,-0.651256121901693,0.978599221789883,0.993308396859711,0.799891910342474,2832,"tags=28%, list=28%, signal=20%","Crkl/Med23/Mmp14/Wasl/Mif/Abr/C1qbp/Nbl1/Cxcl12/Abl2/Fadd/Akt1/Mdk/P2rx4/Nedd9/Pla2g7/Msn/Adam8/Csf1r/Cxcl14"
"GO:1904707","GO:1904707","positive regulation of vascular associated smooth muscle cell proliferation",38,0.172413444170575,0.632661823865289,0.978599221789883,0.993308396859711,0.799891910342474,1653,"tags=16%, list=16%, signal=13%","Mef2d/Igfbp5/Ppargc1a/Bmpr1a/Map3k7/Calcrl"
"GO:0072676","GO:0072676","lymphocyte migration",42,0.162670764900221,0.608042201495004,0.98015873015873,0.993308396859711,0.799891910342474,2174,"tags=24%, list=21%, signal=19%","Cadm1/Ext1/Cd200r1/Lrch1/Gnai1/Gba1/Stk10/Gas6/Cyp7b1/Abl1"
"GO:2000008","GO:2000008","regulation of protein localization to cell surface",33,0.168979044224826,0.600574241943723,0.980276134122288,0.993308396859711,0.799891910342474,2105,"tags=24%, list=21%, signal=19%","Astn2/Abca12/Arf6/Erbb4/Cd247/Rab11fip5/Abca2/Ephb2"
"GO:0032507","GO:0032507","maintenance of protein location in cell",43,-0.15649910580248,-0.591784053432229,0.980237154150198,0.993308396859711,0.799891910342474,2244,"tags=28%, list=22%, signal=22%","Sun2/Tmed2/Bbs4/Hdac3/Hk2/Sorl1/Akt1/Supt7l/Tspo/Park7/Skp1/Rer1"
"GO:2000514","GO:2000514","regulation of CD4-positive, alpha-beta T cell activation",31,-0.172066243505882,-0.590844332385389,0.979338842975207,0.993308396859711,0.799891910342474,2928,"tags=32%, list=29%, signal=23%","Runx1/Il18/Twsg1/Prkcz/Opa1/Rc3h2/Arg2/Prkcq/Rara/Klhl25"
"GO:0032732","GO:0032732","positive regulation of interleukin-1 production",23,0.171796102463051,0.552161302466366,0.977867203219316,0.993308396859711,0.799891910342474,919,"tags=9%, list=9%, signal=8%","Hspb1/Smad3"
"GO:0045185","GO:0045185","maintenance of protein location",49,0.166198260429594,0.643995662113927,0.982248520710059,0.994059124165491,0.800496456423695,1210,"tags=14%, list=12%, signal=13%","Dbn1/Pex5l/Ank3/Ccdc88a/Taf3/Chrd/Ankrd13c"
"GO:0070873","GO:0070873","regulation of glycogen metabolic process",29,-0.170778295863902,-0.583451114744389,0.982,0.994059124165491,0.800496456423695,1815,"tags=17%, list=18%, signal=14%","Akt2/Akt1/Gfpt1/Insr/Inpp5k"
"GO:0006638","GO:0006638","neutral lipid metabolic process",80,-0.156895721627446,-0.674578638377379,0.983208955223881,0.994698876236514,0.801011636309272,2668,"tags=25%, list=26%, signal=19%","Dgat2/Gk5/Cat/Lpin2/Angptl3/Sorl1/Ptpn11/Sel1l/Acsl1/Ccnc/Abhd2/Pnpla2/Cnep1r1/Dgkg/Slc37a4/Lipc/Dbi/Cpt1a/Abhd12/Slc27a5"
"GO:1905517","GO:1905517","macrophage migration",30,0.171080590013497,0.594182607626539,0.984375,0.995546144859813,0.801693925233645,1511,"tags=17%, list=15%, signal=14%","Ninj1/Ptk2/Enpp1/Cd200r1/Bcr"
"GO:0002690","GO:0002690","positive regulation of leukocyte chemotaxis",46,-0.159605359827602,-0.611414404411809,0.986193293885602,0.996110019646365,0.802148002619515,3497,"tags=39%, list=34%, signal=26%","Hmgb1/Ptn/Mospd2/Swap70/Thbs4/Dnm1l/Dysf/Edn1/Mcu/Rac1/C1qbp/Cxcl12/Mdk/Nedd9/Ednra/Pla2g7/Csf1r/Cxcl14"
"GO:0010659","GO:0010659","cardiac muscle cell apoptotic process",41,0.162270547716758,0.604974836459312,0.986166007905138,0.996110019646365,0.802148002619515,1579,"tags=15%, list=15%, signal=12%","Bcl2/Ambra1/Qki/Sirt4/Hsf1/Capn2"
"GO:0070286","GO:0070286","axonemal dynein complex assembly",28,-0.171021610960483,-0.578962535395097,0.986247544204322,0.996110019646365,0.802148002619515,1837,"tags=18%, list=18%, signal=15%","Dnai3/Daw1/Dnaaf6/Dnah8/Dnah17"
"GO:0044273","GO:0044273","sulfur compound catabolic process",26,0.16644438464472,0.551951923844167,0.985772357723577,0.996110019646365,0.802148002619515,1699,"tags=19%, list=17%, signal=16%","Gpc1/Galns/Enpp1/Mtrr/Csad"
"GO:0045862","GO:0045862","positive regulation of proteolysis",149,0.150251574363501,0.717317669720832,0.987068965517241,0.996275471524731,0.802281237795493,2107,"tags=19%, list=21%, signal=15%","Epha4/Wfs1/Kcne2/Cntn2/Agbl4/Sh3rf3/Ctsh/Pias1/Ep300/Sirt2/Ptk2/Tank/Grn/Adam9/Axin2/Dab2ip/Meltf/Sh3rf1/Rchy1/Ist1/Gba1/Fbxw8/Fbxw7/Gsk3b/Cyfip2/Prkn/Eif2ak3/Mbp"
"GO:0006986","GO:0006986","response to unfolded protein",91,-0.152192556329326,-0.666454902363651,0.987037037037037,0.996275471524731,0.802281237795493,2088,"tags=30%, list=20%, signal=24%","Parp16/Eif2a/Ubxn4/Tmed2/Nfe2l2/Cops5/Mfn2/Chac1/Ficd/Xbp1/Pdia6/Hspa4l/Akt2/Ccnd1/Akt1/Eif2ak2/Yod1/Derl1/Dnajb9/Stc2/Bag3/Tmbim4/Stub1/Bfar/Tm7sf3/Bok/Ube2j2"
"GO:0072091","GO:0072091","regulation of stem cell proliferation",56,-0.159609337052961,-0.639703750674413,0.98825831702544,0.997143756439255,0.802980450729962,2434,"tags=23%, list=24%, signal=18%","Yap1/Nf2/N4bp2l2/Runx2/Dgcr8/Eif2ak2/Nf1/Pdcd2/Hmgb2/Sirt6/Zfp36l1/Ccne1/Kdr"
"GO:0061512","GO:0061512","protein localization to cilium",53,-0.155664333606446,-0.614774018469022,0.990196078431373,0.997769909427023,0.803484679538593,1797,"tags=17%, list=18%, signal=14%","Wdr19/Ttc21b/Rab29/Tbc1d32/Cc2d2a/Ift20/Ift122/Arf4/Rab8a"
"GO:0031663","GO:0031663","lipopolysaccharide-mediated signaling pathway",30,-0.170589015847708,-0.584184572424327,0.989795918367347,0.997769909427023,0.803484679538593,2634,"tags=37%, list=26%, signal=27%","Ly86/Trib1/Mapk14/Mif/Acod1/Ptpn11/Akt1/Ltf/Traf6/Cactin/Ticam1"
"GO:0010658","GO:0010658","striated muscle cell apoptotic process",42,0.148924846386468,0.55666174256743,0.990079365079365,0.997769909427023,0.803484679538593,1579,"tags=14%, list=15%, signal=12%","Bcl2/Ambra1/Qki/Sirt4/Hsf1/Capn2"
"GO:0010935","GO:0010935","regulation of macrophage cytokine production",27,0.165606052808307,0.555233523534483,0.989837398373984,0.997769909427023,0.803484679538593,1566,"tags=15%, list=15%, signal=13%","Epx/Card9/Cd74/Tgfb2"
"GO:0032496","GO:0032496","response to lipopolysaccharide",156,0.147521653221549,0.711658444324642,0.995762711864407,0.998475290968475,0.804052709558772,2273,"tags=22%, list=22%, signal=18%","Foxp1/B2m/Penk/Akap8/Nfkb1/Pde4b/Smad6/Cmpk2/Sash1/Nkx2-1/Prkce/Plscr1/Ptpn6/Bmp6/Maob/Mapkapk3/Adam9/Irf8/Tut4/Dab2ip/Bcr/Hsf1/Slc11a1/Rps6ka3/Capn2/Mtdh/Efnb2/Cnr1/Sgms1/Fbxo3/Ephb2/Epsti1/Abl1/Peli1/Nfkbiz"
"GO:0010970","GO:0010970","transport along microtubule",151,-0.150625320968975,-0.710913671912562,0.992438563327032,0.998475290968475,0.804052709558772,2725,"tags=33%, list=27%, signal=25%","Pafah1b1/Ap3b2/Fyco1/Dync1h1/Pcm1/Ift43/Rhot2/Sun2/Spag17/Bloc1s6/Sfpq/Kif3a/Ssx2ip/Tuba1a/Borcs7/Dync1i1/Intu/Prkcz/Cluap1/Myo5a/Ubb/Hspa8/Ift70b/Ift52/Atg5/Borcs8/Ift172/Hif1a/Dtnbp1/Wdr19/Kif3b/Ttc21b/Daw1/Mapt/Copg1/Dync2i2/Ift20/Ift122/BC048507/Sod1/Rabgef1/Copg2/Spg7/Bloc1s1/Map2k1/Dync2li1/Kif21b/Ap3m2/Hsbp1/Rab21"
"GO:0006865","GO:0006865","amino acid transport",119,0.147730931290418,0.689541865371342,0.995717344753747,0.998475290968475,0.804052709558772,1188,"tags=12%, list=12%, signal=11%","Prkg1/Kcnk2/Prkcd/Htr2c/Ttyh3/Slc43a2/Slc32a1/Epm2a/Slc6a6/Adora2a/Grm7/Grin2b/Nr3c1/Ntsr1"
"GO:0072175","GO:0072175","epithelial tube formation",113,0.144188761226668,0.664970075889311,0.995698924731183,0.998475290968475,0.804052709558772,2895,"tags=32%, list=28%, signal=23%","Plxnb2/Arid1a/St14/Lmo4/Kdm2a/Bmp7/Hectd1/Ski/Sox8/Spint2/Tgfb2/Map3k7/Celsr1/Ptk7/Deaf1/Cep290/Lrp2/Abl1/Lrp6/Ret/Bmp5/Stk3/Sufu/Gatad2a/Tsc1/Brd2/Ift57/Rps7/Brpf1/Apaf1/Rgma/Dlc1/Mthfd1l/Tulp3/Grhl3/Luzp1"
"GO:0010907","GO:0010907","positive regulation of glucose metabolic process",40,0.152464471973024,0.570608656585048,0.994252873563218,0.998475290968475,0.804052709558772,146,"tags=5%, list=1%, signal=5%","Hnf4a/Foxo1"
"GO:0001825","GO:0001825","blastocyst formation",39,0.148089478136346,0.549583626561215,0.996168582375479,0.998475290968475,0.804052709558772,2905,"tags=33%, list=28%, signal=24%","Matr3/Sp3/Tet1/Lats1/Pbrm1/Cnot2/Furin/Srf/Gabpa/Tjp1/Tm4sf1/Pnldc1/Ctr9"
"GO:0070613","GO:0070613","regulation of protein processing",35,-0.153697456505182,-0.5485534651845,0.996031746031746,0.998475290968475,0.804052709558772,2123,"tags=43%, list=21%, signal=34%","Rnf139/Myh9/Ift88/Timm17a/Cwh43/Eno1/Mmp14/Ift52/Lrrk2/Chac1/Src/Gsn/Bag2/Plat/Snx12"
"GO:0071621","GO:0071621","granulocyte chemotaxis",49,0.138893415646386,0.538193101066489,0.996055226824458,0.998475290968475,0.804052709558772,3367,"tags=41%, list=33%, signal=28%","Itga9/Prex1/Pde4b/Ptk2/Camk1d/Cd74/Tgfb2/Slit2/Vav3/Rac2/Prkca/Cklf/Ptprj/Gbf1/Tirap/Mapk1/Fcer1g/Edn3/Vegfa/Ripor2"
"GO:0048821","GO:0048821","erythrocyte development",34,-0.151169613018964,-0.536710531929883,0.996031746031746,0.998475290968475,0.804052709558772,2646,"tags=24%, list=26%, signal=18%","Tmod3/Dmtn/Rac1/Bpgm/Alas1/Jmjd6/Flvcr1/Fam210b"
"GO:0030858","GO:0030858","positive regulation of epithelial cell differentiation",32,-0.153555201096513,-0.530147907670876,0.99375,0.998475290968475,0.804052709558772,2680,"tags=22%, list=26%, signal=16%","Ipo7/Macroh2a1/Commd5/Ahi1/Pax2/Foxj1/Prom1"
"GO:0030901","GO:0030901","midbrain development",28,-0.151454092111974,-0.512720261916913,0.994106090373281,0.998475290968475,0.804052709558772,3174,"tags=32%, list=31%, signal=22%","Ctnnb1/Dvl3/Otx1/Uqcrq/Rac1/Sos1/Dlg5/Uchl5/Kdm2b"
"GO:0034643","GO:0034643","establishment of mitochondrion localization, microtubule-mediated",21,0.161707824065957,0.504895683761799,0.994011976047904,0.998475290968475,0.804052709558772,1718,"tags=14%, list=17%, signal=12%","Agbl4/Sybu/Kif1b"
"GO:0047497","GO:0047497","mitochondrion transport along microtubule",21,0.161707824065957,0.504895683761799,0.994011976047904,0.998475290968475,0.804052709558772,1718,"tags=14%, list=17%, signal=12%","Agbl4/Sybu/Kif1b"
"GO:1901186","GO:1901186","positive regulation of ERBB signaling pathway",22,-0.157648740903607,-0.497931356156501,0.994106090373281,0.998475290968475,0.804052709558772,2243,"tags=55%, list=22%, signal=43%","Ralb/Hap1/Neu3/Esr1/Hip1r/Gper1/Cnot9/Agt/Spry2/Sos1/Adra2a/Rala"
"GO:0045742","GO:0045742","positive regulation of epidermal growth factor receptor signaling pathway",20,-0.161653284274234,-0.494368353580073,0.994117647058824,0.998475290968475,0.804052709558772,2243,"tags=60%, list=22%, signal=47%","Ralb/Hap1/Neu3/Esr1/Hip1r/Gper1/Cnot9/Agt/Spry2/Sos1/Adra2a/Rala"
"GO:0048246","GO:0048246","macrophage chemotaxis",22,-0.154078179545932,-0.486653787754263,0.994106090373281,0.998475290968475,0.804052709558772,1670,"tags=32%, list=16%, signal=27%","Ednrb/Rarres2/Nup85/Mif/Mdk/Mmp2/Csf1r"
"GO:0051650","GO:0051650","establishment of vesicle localization",160,0.141407968355478,0.686095240586233,0.997854077253219,0.999140819500649,0.804588646726595,2223,"tags=20%, list=22%, signal=16%","Syt10/Atp9a/Unc13c/Smpd3/Nlgn1/Kifc1/Rasgrp1/Ppfia2/Nde1/Ap1s2/Trappc9/Borcs5/Exoc4/Pclo/Sybu/Ap3d1/Dnm3/Bicdl1/Kif13a/Syt6/Lin7a/Kif1b/Map2/Pef1/Bloc1s4/Prkn/Snf8/Kif28/Kif5c/Madd/Dctn2/Clasp2"
"GO:0008360","GO:0008360","regulation of cell shape",97,-0.135769726464295,-0.604125899707471,0.99815157116451,0.999140819500649,0.804588646726595,1356,"tags=12%, list=13%, signal=11%","Bambi/Nherf1/Palmd/Msn/Fn1/Cyfip1/Strip2/Wdr1/S100b/Csf1r/Kit/Kdr"
"GO:0033619","GO:0033619","membrane protein proteolysis",42,-0.142741462370433,-0.532596286423953,0.997991967871486,0.999140819500649,0.804588646726595,3121,"tags=45%, list=30%, signal=32%","Psen2/Sppl2b/Sppl2a/Myh9/Cwh43/Mbtps1/Gpld1/Snx9/Ncstn/Psen1/Afg3l2/Timp3/Pacsin3/Mbtps2/Parl/Adra2a/Prkcq/Adam8/Timp4"
"GO:0009072","GO:0009072","aromatic amino acid metabolic process",25,0.153810542767769,0.507129013935371,0.997950819672131,0.999140819500649,0.804588646726595,2248,"tags=20%, list=22%, signal=16%","Afmid/Gcdh/Oca2/Kynu/Acmsd"
"GO:0010934","GO:0010934","macrophage cytokine production",30,0.140569043045634,0.488212488288899,1,1,0.805280528052805,2444,"tags=20%, list=24%, signal=15%","Epx/Card9/Cd74/Tgfb2/Gas6/Ube2j1"
"GO:0003401","GO:0003401","axis elongation",25,0.144817404542834,0.477477721909947,1,1,0.805280528052805,2949,"tags=28%, list=29%, signal=20%","Tnc/Ptk7/Wnt11/Lrp6/Rdh10/Tmtc3/Ppp2r3a"
"GO:2000404","GO:2000404","regulation of T cell migration",23,-0.148273226017225,-0.471093676621184,1,1,0.805280528052805,2832,"tags=52%, list=28%, signal=38%","Spns2/Wnt5a/Stk39/Apod/Cd99l2/Crk/Crkl/Med23/Cxcl12/Abl2/Fadd/Adam8"
