"","ID","Description","setSize","enrichmentScore","NES","pvalue","p.adjust","qvalue","rank","leading_edge","core_enrichment"
"GO:0098742","GO:0098742","cell-cell adhesion via plasma-membrane adhesion molecules",113,0.602107440104991,2.7016563997252,1e-10,2.818e-07,2.31263157894737e-07,1163,"tags=45%, list=13%, signal=40%","Cdh4/Robo1/Epha3/Il1rapl1/Cntn5/Elfn1/Ptprm/Dscaml1/Nlgn1/Lrfn5/Magi2/Ptprt/Adgrl3/Cdh9/Slitrk1/Robo2/Cdh7/Mdga2/Cdh6/Kirrel3/Pecam1/Tenm4/Cadm3/Alcam/Tgfb2/Palld/Sdk2/Pcdh8/Cadm1/Nectin1/Cadm2/Nrxn1/Clstn3/Cdh23/Hmcn1/Ptprs/Cdh2/Wnk1/Nrcam/Mmp24/Cdh10/Lrrc4c/Pcdh10/Arvcf/Pcdh17/Tenm2/Pcdh19/Cdh22/Flrt3/Colec10/Tenm3"
"GO:0002181","GO:0002181","cytoplasmic translation",117,-0.51739530636923,-2.34650267866633,4.06006958371174e-10,5.72063804344985e-07,4.69472256600774e-07,2575,"tags=56%, list=28%, signal=41%","Rpl10a/Eif3h/Mif4gd/Rpsa/Eif5/Eif3a/Rpl18a/Rpl19/Rps20/Rps10/Piwil1/Rps14/Rpl38/Eif4a2/Cnbp/Rps2/Parp16/Rpl3/Rpl22l1/Ckap5/Eif2s2/Eif3g/Eif3j2/Gtpbp1/Rpl23/Eif2ak4/Rpl7/Denr/Rpl5/Eif2b2/Rplp2/Eif2b5/Rpl14/Rpl30/Rpl12/Rps13/Rps8/Csde1/Rpl8/Mettl3/Rpl34/Ncbp2/Mcts1/Rpl4/Rps12/Rps29/Rpl35a/Rplp0/Rpl9-ps6/Rpl31/Rpl21/Rps3a1/Rpl39/Rps4x/Rpl37a/Rps15a/Rpl27/Rpl29/Rps16/Rpl26/Eif3e/Eif2b1/Pkm/Rpl24/Rps28/Rps21"
"GO:0007189","GO:0007189","adenylate cyclase-activating G protein-coupled receptor signaling pathway",69,0.586666468821886,2.36478531591607,5.13239557731187e-09,4.43064620233042e-06,3.63607250626421e-06,1652,"tags=52%, list=18%, signal=43%","Pde3a/Adgrl3/Calcb/Gna13/Pde10a/Adcy8/Adcy2/Adcy5/Adgrb3/Grk5/Vipr1/Pth1r/Sstr4/Rapgef2/Adgrb1/Oprm1/Fshr/Prkar2b/Ramp3/Gpr12/Vip/Adrb1/Atp2b4/Adgrl2/Htr7/Adcyap1r1/Drd5/Rapgef4/Gnal/Adcy1/Prkar2a/Adgrg6/Cnr1/Mgrn1/Gpr26/Adcy9"
"GO:0051963","GO:0051963","regulation of synapse assembly",137,0.477698073476292,2.19500413655297,6.28906487200911e-09,4.43064620233042e-06,3.63607250626421e-06,2000,"tags=44%, list=22%, signal=35%","Robo1/Il1rapl1/Il1rapl2/Flrt2/Nrg2/Nlgn1/Nckipsd/Lrrtm3/Lrfn5/Adgrl3/Setd5/Epha7/Slitrk1/Mdga2/Gna13/Cux2/Adgrb3/Lrrtm4/Pum2/Dclk1/Asic2/Slitrk4/Nectin1/Nrxn1/Prickle1/Clstn3/Ptprs/Adgrb1/Fzd1/Lhfpl4/Prkca/Gsk3b/Ntrk3/Zdhhc8/Elmo1/Lats1/Adgrl2/Afdn/Flrt3/Grin1/Lrtm2/Iqsec1/Ptpn13/Fgfr1/Ptk2/Lzts3/Cpeb3/Negr1/Ntn1/Adnp/Psd/Cyfip2/Bdnf/Amigo2/Wnt5a/Ptpn1/App/Nectin3/Agrn/Dcx"
"GO:0099054","GO:0099054","presynapse assembly",38,0.695947855420414,2.51243512226849,7.91631383571135e-09,4.46163447780692e-06,3.66150347306481e-06,922,"tags=42%, list=10%, signal=38%","Il1rapl1/Cntn5/Il1rapl2/Nlgn1/Lrrtm3/Lrfn5/Slitrk1/Pclo/Mdga2/Cadm1/Nrxn1/Clstn3/Ptprs/Fzd1/Ntrk3/Pcdh17"
"GO:1901888","GO:1901888","regulation of cell junction assembly",191,0.426998661882138,2.05349481430569,1.25632499155048e-08,5.90053971031543e-06,4.84236141480072e-06,2000,"tags=39%, list=22%, signal=31%","Robo1/Epha3/Il1rapl1/Il1rapl2/Flrt2/Nrg2/Nlgn1/Nckipsd/Lrrtm3/Lrfn5/Adgrl3/Setd5/Epha7/Slitrk1/Mdga2/Gna13/Cux2/Adgrb3/Lrrtm4/Cntnap2/Pum2/Dclk1/Asic2/Slitrk4/Nectin1/Nrxn1/Prickle1/Clstn3/Rapgef2/Ptprs/Adgrb1/Fzd1/Lhfpl4/Dusp22/Prkca/Gsk3b/Ntrk3/Zdhhc8/Dlc1/Rapgef1/Elmo1/Fmn1/Lats1/Adgrl2/Afdn/Flrt3/Grin1/Lrtm2/Iqsec1/Ptpn13/Tjp1/Fgfr1/Ptk2/Lzts3/Limch1/Vcl/Cpeb3/Itgb1bp1/Negr1/Ntn1/Adnp/Rock1/Map4k4/Psd/Cyfip2/Bdnf/Ldb1/Amigo2/Peak1/Wnt5a/Ptpn1/App/Nectin3/Agrn/Dcx"
"GO:0007156","GO:0007156","homophilic cell adhesion via plasma membrane adhesion molecules",59,0.613938406025799,2.410495166184,1.74542646761487e-08,7.02658826534099e-06,5.76646909676671e-06,1163,"tags=49%, list=13%, signal=43%","Cdh4/Robo1/Cntn5/Ptprm/Dscaml1/Ptprt/Cdh9/Robo2/Cdh7/Cdh6/Kirrel3/Pecam1/Cadm3/Palld/Sdk2/Pcdh8/Cadm1/Nectin1/Cadm2/Clstn3/Cdh23/Hmcn1/Cdh2/Nrcam/Cdh10/Pcdh10/Pcdh19/Cdh22/Tenm3"
"GO:0060078","GO:0060078","regulation of postsynaptic membrane potential",111,0.495814180210242,2.22635771179912,2.90600392094057e-08,1.02363988115132e-05,8.40064554514005e-06,1241,"tags=34%, list=14%, signal=30%","Nlgn1/Gria1/Fgf14/Gabra1/Kcnd2/Pclo/Gria4/Glra3/Cux2/Atxn1/Begain/Prkn/Grip2/Slc8a3/Cntnap2/Ppp3ca/Dpp6/Gabra5/Nrxn1/Grid1/Grin2b/Gabra2/Gria2/Oprm1/Nr3c2/Gabrg3/Gsk3b/Dbn1/Adrb1/Reln/Afdn/Grin1/Grik1/Grik2/Kctd16/Gabra4/Kcna2/Rims2"
"GO:0099560","GO:0099560","synaptic membrane adhesion",32,0.707199415216569,2.42137460539257,1.04769806880941e-07,2.99811916794338e-05,2.46044892307781e-05,1163,"tags=62%, list=13%, signal=55%","Epha3/Il1rapl1/Elfn1/Nlgn1/Lrfn5/Magi2/Cdh9/Slitrk1/Mdga2/Cdh6/Tenm4/Pcdh8/Cadm1/Nrxn1/Ptprs/Cdh10/Lrrc4c/Pcdh17/Flrt3/Tenm3"
"GO:0097485","GO:0097485","neuron projection guidance",156,0.43099668380044,2.01667105758726,1.06391737684293e-07,2.99811916794338e-05,2.46044892307781e-05,1128,"tags=28%, list=12%, signal=25%","Cdh4/Unc5c/Robo1/Epha3/Bcl11b/Cntn5/Ptprm/Flrt2/Dscaml1/Epha6/Chl1/Sema4g/Epha5/Epha7/Robo2/Unc5a/Nkx2-1/Epha4/Ext1/Alcam/Trio/Tgfb2/Nfasc/Crppa/Nectin1/Plxna4/Bmpr2/Ephb6/Ptpro/Sema3f/Klf7/Nrcam/Dlx5/Cntn2/Kalrn/Cxcl12/Ank3/Nell2/Kif5c/Reln/Flrt3/Myh10/Edn3"
"GO:0140241","GO:0140241","translation at synapse",30,-0.697556574819675,-2.40983801617446,1.88605020437931e-07,4.08837651995453e-05,3.35518404779056e-05,1291,"tags=63%, list=14%, signal=54%","Rpl23/Rpl7/Rpl5/Rplp2/Rpl14/Rpl12/Rpl8/Rpl34/Rpl4/Rps12/Rpl35a/Rpl37a/Rps15a/Rpl27/Rpl29/Rps16/Rpl26/Rpl24/Rps28"
"GO:0140242","GO:0140242","translation at postsynapse",30,-0.697556574819675,-2.40983801617446,1.88605020437931e-07,4.08837651995453e-05,3.35518404779056e-05,1291,"tags=63%, list=14%, signal=54%","Rpl23/Rpl7/Rpl5/Rplp2/Rpl14/Rpl12/Rpl8/Rpl34/Rpl4/Rps12/Rpl35a/Rpl37a/Rps15a/Rpl27/Rpl29/Rps16/Rpl26/Rpl24/Rps28"
"GO:0007626","GO:0007626","locomotory behavior",189,0.411562786278944,1.97678197152555,1.62785893846319e-07,4.08837651995453e-05,3.35518404779056e-05,2053,"tags=43%, list=23%, signal=34%","Otog/Npas3/Grm5/Mapk10/Lsamp/Gria1/Fgf14/Chl1/Hipk2/Kcnd2/Adgrl3/Cacna1b/Nkx2-1/Epha4/Ppp1r1b/Cacna1c/Adcy8/Atxn1/Prkn/Klhl1/Adcy5/Cntnap2/Shank2/Large1/Fgf12/Cdh23/Gigyf2/Penk/Oprm1/Nr3c2/Dmd/Cntn2/Fshr/Kalrn/Btbd9/Sobp/Astn1/Cxcl12/Dbn1/Zdhhc8/Fign/Reln/Prkce/Grin1/Scn8a/Abca2/Npy1r/Cacna1e/Borcs7/Elp6/Atp2b2/Kcnma1/Rcan1/Grn/Chd7/Uba6/Ntan1/Ulk4/Enpp1/Fkrp/Htr2c/Mtor/Negr1/Ncoa2/Adam22/Usp2/Hexa/Aplp2/Ddhd2/Nav2/Ccnd2/Dab1/Ncor1/Calb1/Fmr1/App/Inpp5f/Apba2/Git1/Htt/Tnr"
"GO:0007188","GO:0007188","adenylate cyclase-modulating G protein-coupled receptor signaling pathway",112,0.476381293431351,2.14003605957954,2.25492530853e-07,4.23625301295836e-05,3.47654098444941e-05,1652,"tags=41%, list=18%, signal=34%","Chrm2/Gabbr2/Pde3a/Adgrl3/Calcb/Gna13/Grm8/Pde10a/Adcy8/Adcy2/Adcy5/Adgrb3/Grk5/Vipr1/Pth1r/Grik3/Sstr4/Rapgef2/Cacna1d/Adgrb1/Npb/Oprm1/Fshr/Prkar2b/Ramp3/Gnai1/Gpr12/Vip/Adrb1/Atp2b4/Adgrl2/Htr7/Adcyap1r1/Drd5/Rapgef4/Gnal/Adcy1/Chrm3/Rims2/Akap5/Prkar2a/Adgrg6/Cnr1/Mgrn1/Gpr26/Adcy9"
"GO:0007411","GO:0007411","axon guidance",155,0.43339217413462,2.0261351169491,2.23038930142762e-07,4.23625301295836e-05,3.47654098444941e-05,1128,"tags=28%, list=12%, signal=25%","Cdh4/Unc5c/Robo1/Epha3/Bcl11b/Cntn5/Ptprm/Flrt2/Dscaml1/Epha6/Chl1/Sema4g/Epha5/Epha7/Robo2/Unc5a/Nkx2-1/Epha4/Ext1/Alcam/Trio/Tgfb2/Nfasc/Crppa/Nectin1/Plxna4/Bmpr2/Ephb6/Ptpro/Sema3f/Klf7/Nrcam/Dlx5/Cntn2/Kalrn/Cxcl12/Ank3/Nell2/Kif5c/Reln/Flrt3/Myh10/Edn3"
"GO:0140236","GO:0140236","translation at presynapse",29,-0.699158220208235,-2.38922073364626,3.33244774855343e-07,5.86927359713972e-05,4.81670243656045e-05,1291,"tags=66%, list=14%, signal=56%","Rpl23/Rpl7/Rpl5/Rplp2/Rpl14/Rpl12/Rpl8/Rpl34/Rpl4/Rps12/Rpl35a/Rpl37a/Rps15a/Rpl27/Rpl29/Rps16/Rpl26/Rpl24/Rps28"
"GO:0099172","GO:0099172","presynapse organization",50,0.59231206906136,2.27015473831279,4.72559612086414e-07,7.83337051093833e-05,6.42856636380094e-05,922,"tags=38%, list=10%, signal=34%","Il1rapl1/Cntn5/Il1rapl2/Nlgn1/Lrrtm3/Lrfn5/Slitrk1/Pclo/Mdga2/Arhgef7/Cadm1/Cap2/Nrxn1/Clstn3/Ptprs/Fzd1/Tln2/Ntrk3/Pcdh17"
"GO:1905606","GO:1905606","regulation of presynapse assembly",25,0.73563675445006,2.37833540656664,6.0281176196535e-07,9.43735302899086e-05,7.74489731601096e-05,822,"tags=44%, list=9%, signal=40%","Il1rapl1/Il1rapl2/Nlgn1/Lrrtm3/Lrfn5/Slitrk1/Mdga2/Nrxn1/Clstn3/Fzd1/Ntrk3"
"GO:0099505","GO:0099505","regulation of presynaptic membrane potential",20,0.755718038422933,2.34799637474649,1.31182756955058e-06,0.000194564741631238,0.000159672308604023,1207,"tags=70%, list=13%, signal=61%","Kcnc1/Gria1/Rimbp2/Kcnh1/Kctd8/Gabra5/Grik3/Kcnc2/Kcnj6/Gabra2/Grik4/Grik2/Kctd16/Kcna2"
"GO:0050905","GO:0050905","neuromuscular process",116,0.453240632514892,2.04210785309203,2.22527589842336e-06,0.000313541374087852,0.000257312165728217,1732,"tags=41%, list=19%, signal=33%","Npas3/Fgf14/Hipk2/Vti1a/Csmd1/Rbfox2/Mdga2/Kcnh1/Stac/Ctnna2/Prkn/Adcy5/Slc8a3/Cntnap2/Synm/Large1/Rbfox1/Nrxn1/Ap1s2/Grin2b/Fgf12/Cdh23/Tpp1/Gigyf2/Tshz3/Penk/Dmd/Prkd1/Dbn1/Opa3/Bace1/Grin1/Itpr1/Myh10/Borcs7/Elp6/Atp2b2/Kcnma1/Jph3/Fkrp/Mtor/Pomk/Hexa/Atp8a2/Aplp2/Nr4a3/Map1a"
"GO:0051965","GO:0051965","positive regulation of synapse assembly",51,0.579577298021056,2.2218236652302,3.58635893216132e-06,0.000481255212896696,0.000394948900950297,1101,"tags=41%, list=12%, signal=36%","Il1rapl1/Flrt2/Nlgn1/Lrrtm3/Adgrl3/Slitrk1/Cux2/Adgrb3/Lrrtm4/Asic2/Slitrk4/Nrxn1/Clstn3/Adgrb1/Prkca/Gsk3b/Ntrk3/Adgrl2/Flrt3/Lrtm2/Iqsec1"
"GO:0001508","GO:0001508","action potential",108,0.4558667424793,2.02903459309573,5.21942393162676e-06,0.000639492897361922,0.000524808896008421,1647,"tags=40%, list=18%, signal=33%","Fgf13/Kcnc1/Kcne2/Kcng2/Gria1/Cacna1g/Kcnd2/Mtnr1b/Cacna1c/Cacna1i/Kcnip1/Kcnk9/Cntnap2/Kcnq3/Dpp6/Kcnd3/Kcnc2/Grin2b/Fgf12/Kcnq2/Cacna1d/Nrcam/Dmd/Ryr2/Ank3/Ntrk3/Kcnk3/Ank2/Cacna1h/Kcnip2/Scn8a/Grik2/Rapgef4/Rnf207/Kcna2/Pawr/Kcnma1/Ptpn3/Scn2b/Cnr1/Mtor/Kcnb1/Kcne4"
"GO:0034765","GO:0034765","regulation of monoatomic ion transmembrane transport",184,0.378880408723793,1.81881498902941,5.03288177103219e-06,0.000639492897361922,0.000524808896008421,1540,"tags=29%, list=17%, signal=25%","Fgf13/Kcnc1/Bcl2/Kcne2/Gria1/Fgf14/Kcnip4/Pik3c2a/Stac/Cacna1c/Kcnip1/Dpp10/Tgfb2/Ppp3ca/Asic2/Dpp6/Fyn/Lrrc38/Ubash3b/Kcnc2/Grin2b/Fgf12/Kcnj6/Cacna1d/Wnk1/Nr3c2/Dmd/Ryr2/Prkd1/Ripk1/Akap7/Plcb1/Atp1b1/Stimate/Ank3/Ank2/Adrb1/Reln/Prkce/Atp2b4/Grin1/Kcnip2/Adcyap1r1/Wnk2/Edn3/Rnf207/Akap5/Ptpn3/Jph3/Chd7/Asph/Scn2b/Mtor/Cemip"
"GO:0007157","GO:0007157","heterophilic cell-cell adhesion via plasma membrane cell adhesion molecules",22,0.70569058600834,2.21994408540975,8.5135106500554e-06,0.000959642920474245,0.000787544543080915,1109,"tags=55%, list=12%, signal=48%","Cdh4/Il1rapl1/Nlgn1/Cadm3/Alcam/Cadm1/Nectin1/Nrxn1/Hmcn1/Cdh2/Tenm2/Colec10"
"GO:0035051","GO:0035051","cardiocyte differentiation",106,0.449980063806895,1.99637949954725,8.33787430801694e-06,0.000959642920474245,0.000787544543080915,1835,"tags=38%, list=20%, signal=30%","Sgcd/Ccn4/Sox6/Col14a1/Rarb/Fhod3/Prox1/Akap13/Popdc2/Prkg1/Tenm4/Egfr/Arid1a/Tgfb2/Igf1/Large1/Prickle1/Bmpr1a/Nebl/Hey2/Ppara/Ctdp1/Ep300/Gsk3b/Pbrm1/Adrb1/Myo18b/Myh10/Smad6/Map2k4/Sorbs2/Hes1/Mtor/Ankrd11/Akap6/Acvr1/Dhx36/Calr/Ccnd2/Fdps"
"GO:0051146","GO:0051146","striated muscle cell differentiation",171,0.393192060641827,1.86664358676811,9.11856969708067e-06,0.000988312669475898,0.000811072778319281,1835,"tags=37%, list=20%, signal=30%","Sgcd/Ccn4/Sox6/Col14a1/Bcl2/Rarb/Fhod3/Prox1/Akap13/Popdc2/Prkg1/Arid1a/Adgrb3/Cntnap2/Hdac4/Ppp3ca/Ezh2/Igf1/Large1/Chuk/Prickle1/Bmpr1a/Adgrb1/Cdh2/Ski/Ripor2/Nebl/Dmd/Ldb3/Prkd1/Hey2/Ppara/Ctdp1/Ep300/Gsk3b/Cxcl12/Igfbp5/Rbm38/Adrb1/Cdon/Nfatc3/Spag9/Myo18b/Myh10/Klf5/Bcl9/Dock5/Map2k4/Capn2/Rcan1/Sorbs2/Fkrp/Smyd3/Mtor/Xk/Akap6/Bdnf/Acvr1/Calr/Rbm24/Ccnd2/Ppif/Fdps"
"GO:0006364","GO:0006364","rRNA processing",149,-0.393400505398465,-1.85106749781222,1.35322637308155e-05,0.00141236737753474,0.00115907927550104,2621,"tags=44%, list=29%, signal=32%","Nol7/Mrto4/Nop2/Pak1ip1/Nol10/Nol8/Utp23/Gar1/Exosc1/Lsm6/Pwp2/Sde2/Las1l/Pin4/Eif6/Kat2b/Utp11/Riok3/Rbfa/Rps14/Mrm2/Exosc10/Rpusd1/Pop5/Mettl5/Mak16/Rpf1/Rpl7l1/Wdr12/Rpp30/Rpl7/Ddx52/Rpl5/Pop4/Utp18/Tbl3/Nol9/Myg1/Rpl14/Zcchc4/Rps8/Frg1/Imp4/Nvl/Mphosph10/Tent4b/Znhit3/Rrp7a/Rexo5/Ngdn/Eri1/Rpl35a/Eif4a3/Ddx18/Nat10/Dcaf13/Bud23/Taf9/Rpl27/Rps16/Rpf2/Exosc9/Rpl26/Rps28/Rps21"
"GO:0016072","GO:0016072","rRNA metabolic process",171,-0.374123554312577,-1.78535150086388,1.92089778294784e-05,0.0019332464115525,0.00158654602599113,2621,"tags=43%, list=29%, signal=31%","Nol7/Mrto4/Nop2/Pak1ip1/Nol10/Nol8/Utp23/Gar1/Exosc1/Lsm6/Polr1b/Pwp2/Sde2/Las1l/Pin4/Eif6/Kat2b/Utp11/Riok3/Rbfa/Rps14/Mrm2/Exosc10/Rpusd1/Polr2e/Macroh2a2/Ercc3/Pop5/Mettl5/Mak16/Rpf1/Polr1f/Rpl7l1/Macroh2a1/Wdr12/Rpp30/Dis3l/Rpl7/Ddx52/Rpl5/Pop4/Utp18/Tbl3/Nol9/Myg1/Rpl14/Ubtf/Zcchc4/Rps8/Frg1/Imp4/Nvl/Mphosph10/Tent4b/Znhit3/Rrp7a/Smarcb1/Rexo5/Ngdn/Eri1/Rpl35a/Eif4a3/Ddx18/Nat10/Dcaf13/Bud23/Taf9/Rpl27/Rps16/Rpf2/Exosc9/Rpl26/Rps28/Rps21"
"GO:0035249","GO:0035249","synaptic transmission, glutamatergic",87,0.458721870470191,1.959979743884,2.32229601207904e-05,0.00225663109035819,0.00185193623903363,1122,"tags=31%, list=12%, signal=27%","Cacng2/Grm5/Nlgn1/Gria1/Syt1/Gria4/Abtb3/Grm8/Egfr/Cckbr/Prkn/Ext1/Shank2/Nrxn1/Grik3/Clstn3/Grid1/Grin2b/Tshz3/Gria2/Cdh2/Pla2g6/Reln/Grin1/Grik4/Grik1/Grik2"
"GO:0055002","GO:0055002","striated muscle cell development",100,0.438401259404182,1.91608021111741,2.6422216881088e-05,0.00248192690569687,0.00203682843816668,1656,"tags=37%, list=18%, signal=31%","Sgcd/Ccn4/Col14a1/Bcl2/Fhod3/Prox1/Akap13/Popdc2/Prkg1/Cntnap2/Hdac4/Ppp3ca/Igf1/Large1/Prickle1/Bmpr1a/Ski/Nebl/Dmd/Ldb3/Prkd1/Hey2/Ppara/Ctdp1/Ep300/Gsk3b/Adrb1/Nfatc3/Myo18b/Myh10/Map2k4/Rcan1/Sorbs2/Smyd3/Mtor/Xk/Akap6"
"GO:1990806","GO:1990806","ligand-gated ion channel signaling pathway",27,0.653932793383056,2.16243892884821,2.78991355475328e-05,0.00249065558755163,0.00204399175445479,1229,"tags=52%, list=14%, signal=45%","Gria1/Gria4/Nrxn1/Grik3/Grin2b/Gria2/Kalrn/Plcb1/Grin1/Grik1/Itpr1/Grik2/Cpeb4/Chrm3"
"GO:0055013","GO:0055013","cardiac muscle cell development",63,0.50737086397972,2.03077928829245,2.82828171758879e-05,0.00249065558755163,0.00204399175445479,1377,"tags=37%, list=15%, signal=31%","Sgcd/Ccn4/Col14a1/Fhod3/Prox1/Akap13/Popdc2/Prkg1/Igf1/Large1/Prickle1/Bmpr1a/Nebl/Hey2/Ppara/Ctdp1/Ep300/Gsk3b/Adrb1/Myo18b/Myh10/Map2k4/Sorbs2"
"GO:0055007","GO:0055007","cardiac muscle cell differentiation",84,0.457867136516395,1.93954609470542,3.01980447564534e-05,0.00257873000374805,0.00211627127049213,1835,"tags=38%, list=20%, signal=31%","Sgcd/Ccn4/Sox6/Col14a1/Rarb/Fhod3/Prox1/Akap13/Popdc2/Prkg1/Arid1a/Igf1/Large1/Prickle1/Bmpr1a/Nebl/Hey2/Ppara/Ctdp1/Ep300/Gsk3b/Adrb1/Myo18b/Myh10/Map2k4/Sorbs2/Mtor/Akap6/Acvr1/Calr/Ccnd2/Fdps"
"GO:0099174","GO:0099174","regulation of presynapse organization",30,0.621449047337144,2.09952318922135,4.15225192680194e-05,0.00284645382341517,0.00233598261179752,822,"tags=37%, list=9%, signal=33%","Il1rapl1/Il1rapl2/Nlgn1/Lrrtm3/Lrfn5/Slitrk1/Mdga2/Nrxn1/Clstn3/Fzd1/Ntrk3"
"GO:0055006","GO:0055006","cardiac cell development",70,0.488820940738269,1.98207484768807,4.09941813378557e-05,0.00284645382341517,0.00233598261179752,1377,"tags=36%, list=15%, signal=31%","Sgcd/Ccn4/Col14a1/Fhod3/Prox1/Akap13/Popdc2/Prkg1/Igf1/Large1/Prickle1/Bmpr1a/Nebl/Hey2/Ppara/Ctdp1/Ep300/Gsk3b/Pbrm1/Adrb1/Myo18b/Myh10/Smad6/Map2k4/Sorbs2"
"GO:0035418","GO:0035418","protein localization to synapse",82,0.462698534852626,1.94673638617128,3.8808669112987e-05,0.00284645382341517,0.00233598261179752,1160,"tags=32%, list=13%, signal=28%","Nrxn3/Cacng2/Grip1/Erbb4/Mapk10/Dlgap1/Nlgn1/Magi2/Pclo/Dlg2/Grip2/Epb41l1/Asic2/Cacna2d2/Nrxn1/Clstn3/Gpc6/Nbea/Vwc2/Lhfpl4/Kalrn/Gsk3b/Kif5c/Reln/Grin1/Rapgef4"
"GO:0055001","GO:0055001","muscle cell development",116,0.423448387118358,1.90787677599745,3.84028365445416e-05,0.00284645382341517,0.00233598261179752,1507,"tags=34%, list=17%, signal=29%","Sgcd/Ccn4/Col14a1/Bcl2/Fhod3/Prox1/Akap13/Popdc2/Prkg1/Cntnap2/Hdac4/Ppp3ca/Igf1/Large1/Cacna2d2/Prickle1/Bmpr1a/Ski/Nebl/Dmd/Ldb3/Prkd1/Hey2/Ppara/Ctdp1/Ep300/Gsk3b/Pbrm1/Ank2/Adrb1/Nfatc3/Myo18b/Myh10/Smad6/Map2k4/Rcan1/Sorbs2/Hes1/Smyd3/Mtor"
"GO:0050806","GO:0050806","positive regulation of synaptic transmission",133,0.405538720175902,1.85850110986278,3.79512940855716e-05,0.00284645382341517,0.00233598261179752,2053,"tags=38%, list=23%, signal=30%","Cacng2/Erbb4/Calb2/Nlgn1/Gria1/Cacna1b/Syt1/Gria4/Epha4/Adcy8/Egfr/Cckbr/Slc8a3/Shank2/Large1/Nrxn1/Clstn3/Grin2b/Tshz3/Cacna1d/Gria2/Gsk3b/Mme/Nalcn/Adrb1/Reln/Prkce/Grin1/Htr7/Grik1/Grik2/Adcy1/Ptk2/Akap5/Lgi1/Nptn/Cpeb3/Braf/Enpp1/Htr2c/Gpr158/Cacng4/Kif5b/Calb1/Gria3/Fmr1/App/Nr2e1/Abl1/Tnr"
"GO:0035265","GO:0035265","organ growth",125,0.40239317478468,1.83032597530936,3.68753959283917e-05,0.00284645382341517,0.00233598261179752,1938,"tags=37%, list=21%, signal=29%","Ccn4/Col14a1/Bcl2/Rarb/Erbb4/Prox1/Akap13/Prkg1/Cacna1c/Tenm4/Ext1/Tgfb2/Acvr2b/Igf1/Cacna2d2/Bmpr1a/Ski/Hey2/Ppara/Ctdp1/Ep300/Gsk3b/Smpd3/Ddr2/Smad1/Adrb1/Arid2/Lats1/Myh10/Fgf9/Fgfr1/Ptk2/Map2k4/Vgll4/Sorbs2/Enpp1/Mtor/Map7/Akap6/Tcf7l2/Ly6e/Ccnd2/Fdps/Fgf1/Atf2/Plag1"
"GO:0045664","GO:0045664","regulation of neuron differentiation",141,0.390976614493572,1.79927896760836,4.2377033218471e-05,0.00284645382341517,0.00233598261179752,1973,"tags=37%, list=22%, signal=29%","Bcl2/Bcl11b/Zfp536/Nlgn1/B2m/Prox1/Sox11/Grip2/Tcf3/Tcf12/Rgs6/Gdpd5/Foxo3/Rap1gap/Brinp3/Zhx2/Vwc2/Brinp1/Dmd/Cntn2/Hey2/Gsk3b/Cxcl12/Brinp2/Six3/Ncoa1/Upf3b/Cdon/Reln/Spag9/Trpc5/Fgfr1/Sox5/Eya1/Ptbp1/Adra2b/Hes1/Disp3/Cntn4/Zeb1/Mtor/Rock1/Bmp6/Apbb1/Bdnf/Calr/Dab1/Sox2/Bcl6/Fmr1/App/Nr2e1"
"GO:0090596","GO:0090596","sensory organ morphogenesis",168,0.377224275282352,1.78615540750869,4.24240811154852e-05,0.00284645382341517,0.00233598261179752,1877,"tags=34%, list=21%, signal=27%","Bcl2/Ptprm/Rarb/Eya4/Prox1/Hipk2/Sox11/Bcar3/Arid1a/Sox1/Olfm3/Sdk2/Large1/Nectin1/Abi2/Thrb/Ankrd24/Cdh23/Pou2f1/Ski/Zhx2/Ripor2/Sox4/Dlx5/Sox12/Sobp/Mfsd2a/Mafb/Six3/Fat1/Cep290/Cdon/Rpgr/Myo3a/Tenm3/Fgf9/Fgfr1/Eya1/Atp2b2/Megf11/Myo3b/Chd7/Zeb1/Enpp1/Aqp1/Hdac1/Ntn1/Tshz1/Lrp5/Atp8a2/Nr4a3/Bdnf/Fat3/Mfap5/Wnt5a/Sox2/Calb1"
"GO:0071560","GO:0071560","cellular response to transforming growth factor beta stimulus",156,0.375081041768507,1.75503689382088,4.02027878757349e-05,0.00284645382341517,0.00233598261179752,2085,"tags=38%, list=23%, signal=30%","Sox6/Spred2/Pde3a/Hipk2/Chst11/Smurf2/Nkx2-1/Igf1r/Sox11/Zeb2/Arid4a/Tgfb2/Adam9/Fyn/Ppargc1a/Rnf111/Zmiz1/Sap130/Bmpr1a/Fut8/Penk/Ski/Crebbp/Arid4b/Tnrc6c/Ppara/Dusp22/Ep300/Dbn1/Ddr2/Zfp451/Smad1/Lats1/Ltbp1/Adamtsl2/Map3k7/Glg1/Sox5/Htra1/Smad6/Ptk2/Itgb8/Pdgfd/Spred1/Wwox/Pxn/Zeb1/Hdac1/Kmt2a/Acvr1/Nlk/Wnt5a/Zfp703/Jun/Yes1/Stk16/Appl2/Abl1/Apaf1/Zfyve9"
"GO:0022407","GO:0022407","regulation of cell-cell adhesion",198,0.357610036054398,1.73370989015375,4.94065360314799e-05,0.00316426405765251,0.00259679807801822,2180,"tags=37%, list=24%, signal=29%","Fut9/Magi1/B2m/Magi2/Epha7/Mdga2/Adk/Kif26b/Prkg1/Arid1a/Ets1/Rc3h1/Ppp3ca/Pcdh8/Igf1/Ubash3b/Zmiz1/Ephb6/St3gal4/Foxo3/Rap1gap/Wnk1/Ripor2/Tnfrsf21/Sox4/Ppara/Sox12/Dusp22/Ep300/Ap3d1/Prkca/Cxcl12/Ank3/Ambra1/Nck2/Peli1/Pbrm1/Arid2/Fbxo38/Afdn/Igfbp2/Cblb/Itpkb/Tenm3/Cd74/Tjp1/Pawr/Ptk2/Mex3b/Chst2/Dnaja3/Hes1/Swap70/Pag1/Glmn/Nfat5/Bmp6/Nr4a3/Flot2/Mad1l1/Slc7a1/Wnt5a/Sox2/Zfp703/Cbfb/Bcl6/Kifap3/Abl1/Tnr/Efnb1/Efnb2/Klhl22/Tfrc/Cd276"
"GO:0007178","GO:0007178","cell surface receptor protein serine/threonine kinase signaling pathway",197,0.35592792275208,1.72746271833194,4.91279277455881e-05,0.00316426405765251,0.00259679807801822,1532,"tags=31%, list=17%, signal=26%","Bmper/Spred2/Ube2o/Hipk2/Magi2/Chst11/Smurf2/Nkx2-1/Sox11/Zeb2/Arid4a/Ext1/Tgfb2/Acvr2b/Adam9/Rnf111/Zmiz1/Bmpr2/Gpr155/Sap130/Bmpr1a/Fstl5/Fut8/Fstl1/Ski/Crebbp/Fzd1/Vwc2/Trps1/Dlx5/Arid4b/Tnrc6c/Ppara/Akap7/Dusp22/Ep300/Smpd3/Dact2/Lemd2/Zfp451/Smad1/Lats1/Ltbp1/Adamtsl2/Map3k7/Acvr2a/Elapor2/Fgf9/Glg1/Htra1/Smad6/Gpc3/Ptk2/Itgb8/Spred1/Hes1/Pxn/Zeb1/Hivep1/Hdac1/Ppm1l"
"GO:0055017","GO:0055017","cardiac muscle tissue growth",74,0.459859512295852,1.89999716410301,5.54292842904831e-05,0.00347110495845737,0.00284861140552495,1847,"tags=39%, list=20%, signal=31%","Ccn4/Col14a1/Erbb4/Akap13/Prkg1/Tenm4/Tgfb2/Igf1/Bmpr1a/Ski/Hey2/Ppara/Ctdp1/Ep300/Gsk3b/Smad1/Adrb1/Arid2/Myh10/Fgf9/Fgfr1/Map2k4/Vgll4/Sorbs2/Mtor/Akap6/Ccnd2/Fdps/Fgf1"
"GO:0002062","GO:0002062","chondrocyte differentiation",67,0.470053567788893,1.89694557148754,6.10202074833549e-05,0.00363432524713678,0.0029825604452428,1240,"tags=34%, list=14%, signal=30%","Ccn4/Sox6/Maf/Rarb/Mef2d/Chst11/Ext1/Pth1r/Wnt9a/Bmpr2/Thrb/Bmpr1a/Trps1/Prkca/Smpd3/Chsy1/Bpnt2/Fgf18/Fgf9/Fgfr1/Glg1/Sox5/Zbtb16"
"GO:0048738","GO:0048738","cardiac muscle tissue development",146,0.385726779220067,1.78981894915721,6.19047593550623e-05,0.00363432524713678,0.0029825604452428,2209,"tags=38%, list=24%, signal=29%","Sgcd/Ccn4/Sox6/Col14a1/Rarb/Erbb4/Fhod3/Prox1/Akap13/Popdc2/Prkg1/Tenm4/Arid1a/Sgcz/Tgfb2/Igf1/Large1/Prickle1/Bmpr1a/Ski/Nebl/Ryr2/Hey2/Ppara/Ctdp1/Ep300/Gsk3b/Smad1/Adrb1/Arid2/Myo18b/Myh10/Fgf9/Fgfr1/Map2k4/Vgll4/Sorbs2/Chd7/Mtor/Gjc1/Akap6/Acvr1/Ly6e/Calr/Ccnd2/Fdps/Fgf1/Abl1/Hnrnpu/Heg1/Efnb2/Mrtfb/Mylk3/Meis1/Lrp2/Egln1"
"GO:0071559","GO:0071559","response to transforming growth factor beta",162,0.374173163282472,1.75827617730941,6.01956100849312e-05,0.00363432524713678,0.0029825604452428,2085,"tags=38%, list=23%, signal=30%","Sox6/Spred2/Pde3a/Hipk2/Chst11/Smurf2/Nkx2-1/Igf1r/Sox11/Zeb2/Arid4a/Tgfb2/Adam9/Fyn/Ppargc1a/Rnf111/Zmiz1/Sap130/Bmpr1a/Fut8/Penk/Ski/Crebbp/Arid4b/Tnrc6c/Ppara/Dusp22/Ep300/Dbn1/Ddr2/Zfp451/Smad1/Lats1/Ltbp1/Adamtsl2/Map3k7/Glg1/Sox5/Htra1/Smad6/Ptk2/Itgb8/Pdgfd/Gdf10/Spred1/Wwox/Pxn/Zeb1/Hdac1/Rock1/Kmt2a/Acvr1/Nlk/Wnt5a/Zfp703/Jun/Yes1/Stk16/Appl2/Abl1/Apaf1/Zfyve9"
"GO:0141091","GO:0141091","transforming growth factor beta receptor superfamily signaling pathway",185,0.362927278100808,1.74264167663547,6.78607303947836e-05,0.00390268445413266,0.00320279322615123,1519,"tags=31%, list=17%, signal=27%","Bmper/Spred2/Ube2o/Hipk2/Magi2/Chst11/Smurf2/Nkx2-1/Sox11/Zeb2/Arid4a/Ext1/Tgfb2/Acvr2b/Adam9/Rnf111/Zmiz1/Bmpr2/Gpr155/Sap130/Bmpr1a/Fstl5/Fut8/Fstl1/Ski/Crebbp/Fzd1/Vwc2/Dlx5/Arid4b/Tnrc6c/Ppara/Dusp22/Ep300/Smpd3/Dact2/Lemd2/Zfp451/Smad1/Lats1/Ltbp1/Adamtsl2/Map3k7/Acvr2a/Elapor2/Fgf9/Glg1/Htra1/Smad6/Gpc3/Ptk2/Itgb8/Spred1/Hes1/Pxn/Zeb1/Hivep1/Hdac1"
"GO:1904064","GO:1904064","positive regulation of cation transmembrane transport",78,0.459974215078283,1.92494377674534,7.17106627760005e-05,0.00404161295405539,0.00331680686566049,1276,"tags=33%, list=14%, signal=29%","Fgf13/Kcnc1/Fgf14/Stac/Cacna1c/Ppp3ca/Dpp6/Lrrc38/Kcnc2/Cacna1d/Wnk1/Dmd/Akap7/Plcb1/Atp1b1/Stimate/Ank3/Ank2/Adrb1/Grin1/Kcnip2/Adcyap1r1/Wnk2/Edn3/Rnf207/Akap5"
"GO:0043583","GO:0043583","ear development",150,0.375429654138611,1.74580507334746,7.65148974590805e-05,0.00422782315764096,0.00346962290438803,1945,"tags=34%, list=21%, signal=27%","Otog/Bcl2/Maf/Bmper/Eya4/Prox1/Cux1/Epha4/Lgr5/Tgfb2/Igf1/Gabra5/Nectin1/Esrrb/Ankrd24/Cdh23/Ripor2/Dlx5/Ush2a/Hey2/Sobp/Mafb/Rdh10/Kcnk3/Cep290/Pjvk/Myo3a/Cebpa/Cdkn1b/Fgf9/Fgfr1/Eya1/Atp2b2/Kcnma1/Hes1/Myo3b/Chd7/Zeb1/Enpp1/Ntn1/Tshz1/Mpv17/Atp8a2/Nr4a3/Bdnf/Wnt5a/Sox2/Calb1/Gabrb2/Ror1/Nectin3"
"GO:0050954","GO:0050954","sensory perception of mechanical stimulus",119,0.398568367412024,1.79824870311356,8.1370883093971e-05,0.00440967593382327,0.00361886295865292,1740,"tags=39%, list=19%, signal=32%","Otog/Cntn5/Tbl1x/Eya4/Lhfpl3/Grm8/Kcnq3/Asic2/Igf1/Large1/Fyn/Thrb/Ankrd24/Grin2b/Cdh23/Kcnq2/Tshz3/Cacna1d/Ripor2/Lhfpl4/Ush2a/Sobp/Tub/Cxcl12/Bace1/Pjvk/Myo3a/Htr7/Scn8a/Tmtc4/Tjp1/Cdkn1b/Fgfr1/Pawr/Atp2b2/Kcnma1/Cabp2/Myo3b/Chd7/Enpp1/Cemip/Hexa/Mpv17/Tmem120a/Map1a/Nav2"
"GO:1901381","GO:1901381","positive regulation of potassium ion transmembrane transport",20,0.685009988738211,2.12830829548404,8.86238557526294e-05,0.00471211368888509,0.00386706278229447,1205,"tags=60%, list=13%, signal=52%","Kcnc1/Dpp6/Lrrc38/Kcnc2/Wnk1/Akap7/Atp1b1/Ank2/Kcnip2/Wnk2/Edn3/Rnf207"
"GO:1901379","GO:1901379","regulation of potassium ion transmembrane transport",50,0.515058385434188,1.97406450970025,9.14206638237183e-05,0.0047708042713933,0.00391522803939004,1205,"tags=38%, list=13%, signal=33%","Kcnc1/Kcne2/Kcnip4/Kcnip1/Dpp10/Dpp6/Lrrc38/Kcnc2/Cacna1d/Wnk1/Nr3c2/Akap7/Atp1b1/Ank3/Ank2/Kcnip2/Wnk2/Edn3/Rnf207"
"GO:0009187","GO:0009187","cyclic nucleotide metabolic process",21,0.673573962293572,2.10949460410898,0.00010001286284782,0.00486584226377382,0.00399322231276795,1652,"tags=52%, list=18%, signal=43%","Rora/Pde10a/Adcy8/Adcy2/Adcy5/Pde8a/Pde7b/Ampd2/Adcy1/Atp2b2/Adcy9"
"GO:0052652","GO:0052652","cyclic purine nucleotide metabolic process",21,0.673573962293572,2.10949460410898,0.00010001286284782,0.00486584226377382,0.00399322231276795,1652,"tags=52%, list=18%, signal=43%","Rora/Pde10a/Adcy8/Adcy2/Adcy5/Pde8a/Pde7b/Ampd2/Adcy1/Atp2b2/Adcy9"
"GO:0060079","GO:0060079","excitatory postsynaptic potential",76,0.453275900012315,1.88413163008237,0.000100553139520292,0.00486584226377382,0.00399322231276795,1241,"tags=32%, list=14%, signal=27%","Nlgn1/Gria1/Pclo/Glra3/Cux2/Atxn1/Begain/Prkn/Grip2/Slc8a3/Cntnap2/Ppp3ca/Nrxn1/Grin2b/Gria2/Oprm1/Gsk3b/Dbn1/Reln/Afdn/Grin1/Grik1/Grik2/Rims2"
"GO:0007098","GO:0007098","centrosome cycle",87,-0.436624793784868,-1.86548128812648,0.000101875334834157,0.00486584226377382,0.00399322231276795,1886,"tags=38%, list=21%, signal=30%","Xrcc2/Trim37/Cep44/Mapk8/Gen1/Ckap5/Kif11/Cep192/Tmem67/Chordc1/Haus2/Bbs4/Nubp1/Chmp4b/Ctnnb1/Cep68/Chmp2a/Chmp3/Vps4b/Uvrag/Azin1/Dync1li1/Spice1/Bnip2/Ccnl2/Nat10/Ranbp1/Brca2/Mcph1/Cetn4/Ccnf/Ubxn2b/Rttn"
"GO:0099565","GO:0099565","chemical synaptic transmission, postsynaptic",87,0.436520544939038,1.86512019798131,0.000101148672989778,0.00486584226377382,0.00399322231276795,1241,"tags=29%, list=14%, signal=25%","Nlgn1/Gria1/Pclo/Glra3/Cux2/Atxn1/Begain/Prkn/Grip2/Slc8a3/Cntnap2/Ppp3ca/Nrxn1/Grin2b/Gria2/Oprm1/Gsk3b/Dbn1/Adrb1/Reln/Afdn/Grin1/Grik1/Grik2/Rims2"
"GO:1904062","GO:1904062","regulation of monoatomic cation transmembrane transport",166,0.363514292490833,1.71975012072014,0.000110349020917764,0.00518272568243764,0.0042532771746724,1540,"tags=29%, list=17%, signal=24%","Fgf13/Kcnc1/Bcl2/Kcne2/Fgf14/Kcnip4/Pik3c2a/Stac/Cacna1c/Kcnip1/Dpp10/Tgfb2/Ppp3ca/Dpp6/Fyn/Lrrc38/Ubash3b/Kcnc2/Grin2b/Fgf12/Cacna1d/Wnk1/Nr3c2/Dmd/Ryr2/Prkd1/Akap7/Plcb1/Atp1b1/Stimate/Ank3/Ank2/Adrb1/Prkce/Atp2b4/Grin1/Kcnip2/Adcyap1r1/Wnk2/Edn3/Rnf207/Akap5/Ptpn3/Jph3/Chd7/Asph/Scn2b/Cemip"
"GO:0031644","GO:0031644","regulation of nervous system process",102,0.415998213345241,1.82911629743733,0.000123204834710835,0.00569165941336284,0.00467094084313554,1241,"tags=31%, list=14%, signal=27%","Dlgap2/Nlgn1/Gria1/Pard3/Pclo/Mtnr1b/Cux2/Tenm4/Begain/Prkn/Grip2/Qki/Slc8a3/Cntnap2/Igf1/Shisa9/Nrxn1/Shisa6/Grin2b/Fgf12/Srebf2/Tnfrsf21/Gsk3b/Dbn1/Reln/Afdn/Grin1/Grik1/Grik2/Rapgef4/Pawr/Rims2"
"GO:0061448","GO:0061448","connective tissue development",166,0.361731724102751,1.71131696619521,0.00012963275505821,0.00589201780248447,0.0048353677905414,1922,"tags=37%, list=21%, signal=29%","Ccn4/Sox6/Maf/Rarb/Mef2d/Pkd1/Chst11/Ext1/Tgfb2/Pum2/Pth1r/Wnt9a/Igf1/Large1/Ppargc1a/Bmpr2/Thrb/Ap1s2/Rasal2/Bmpr1a/Creb5/Klf7/Trps1/Dmd/Csgalnact1/Fbxw4/Ep300/Prkca/Smpd3/Ncoa1/Chsy1/Bpnt2/Smad1/Sptlc2/Fto/Fgf18/Fgf9/Fgfr1/Glg1/Sox5/Zbtb16/Itgb8/Pdgfd/Zfp516/Vps13b/Zeb1/Enpp1/Fkrp/Bmp3/Lrp5/Ncoa2/Mkx/Arid5b/Bmp6/Eif2ak3/Wnt5a/Lipa/Gnas/Atf2/Axin2/Tbl1xr1"
"GO:0016339","GO:0016339","calcium-dependent cell-cell adhesion via plasma membrane cell adhesion molecules",20,0.674669743546153,2.09618142145096,0.000143578395681915,0.00606025631721858,0.00497343510848651,1034,"tags=55%, list=11%, signal=49%","Cdh4/Nlgn1/Cdh9/Cdh7/Cdh6/Nrxn1/Cdh23/Cdh2/Cdh10/Arvcf/Cdh22"
"GO:0097352","GO:0097352","autophagosome maturation",40,-0.538158516669321,-1.99158875926193,0.000137621080773687,0.00606025631721858,0.00497343510848651,2055,"tags=50%, list=23%, signal=39%","Snx14/Tmem39a/Atg5/Lix1l/Chmp7/Lamp2/Map1lc3a/Vps33a/Atp2a2/Fyco1/Chmp4b/Chmp2a/Chmp3/Vps4b/Uvrag/Calm2/Chmp1b2/Gabarapl1/Snap29/Gabarapl2"
"GO:0051966","GO:0051966","regulation of synaptic transmission, glutamatergic",61,0.489913015020009,1.93848408749997,0.000144740365710663,0.00606025631721858,0.00497343510848651,1122,"tags=34%, list=12%, signal=30%","Cacng2/Grm5/Nlgn1/Syt1/Gria4/Grm8/Egfr/Cckbr/Prkn/Shank2/Nrxn1/Grik3/Grin2b/Tshz3/Gria2/Cdh2/Pla2g6/Reln/Grin1/Grik1/Grik2"
"GO:0060419","GO:0060419","heart growth",78,0.451708597702366,1.89035303620563,0.000139794919672782,0.00606025631721858,0.00497343510848651,1847,"tags=38%, list=20%, signal=31%","Ccn4/Col14a1/Erbb4/Prox1/Akap13/Prkg1/Tenm4/Tgfb2/Igf1/Bmpr1a/Ski/Hey2/Ppara/Ctdp1/Ep300/Gsk3b/Smad1/Adrb1/Arid2/Myh10/Fgf9/Fgfr1/Map2k4/Vgll4/Sorbs2/Mtor/Akap6/Ccnd2/Fdps/Fgf1"
"GO:0034767","GO:0034767","positive regulation of monoatomic ion transmembrane transport",86,0.439005426775336,1.87209688991335,0.000142735347050781,0.00606025631721858,0.00497343510848651,1276,"tags=31%, list=14%, signal=27%","Fgf13/Kcnc1/Fgf14/Stac/Cacna1c/Ppp3ca/Dpp6/Lrrc38/Kcnc2/Cacna1d/Wnk1/Dmd/Akap7/Plcb1/Atp1b1/Stimate/Ank3/Ank2/Adrb1/Reln/Grin1/Kcnip2/Adcyap1r1/Wnk2/Edn3/Rnf207/Akap5"
"GO:0071826","GO:0071826","protein-RNA complex organization",140,-0.376076953636561,-1.74902814082229,0.000147551753597574,0.00606025631721858,0.00497343510848651,2593,"tags=42%, list=29%, signal=31%","Mrto4/Nop2/Eif3h/Snrpd1/Rpsa/Faf2/Eif5/Eif3a/Prpf6/Ddx20/Pwp2/Rps27l/Dhx30/Eif6/Rps14/Mrm2/Tarbp2/Rpl38/Ckap5/Eif2s2/Dnajc17/Eif3g/Srsf6/Eif3j2/Sf3a3/Prpf3/Gemin5/Htatsf1/Denr/Rpl5/Ruvbl1/Snrpd2/Ago2/Isy1/Prpf4b/Sf3a2/Nvl/Khdc4/Snrpg/Mcat/Snrpf/Mcts1/Crnkl1/Dyrk3/Znhit3/Rrp7a/Ago1/Sf3b1/Snrpc/Ptges3/Ddx42/Shq1/Taf9/Prpf39/Rpf2/Eif3e/Rpl24/Snrpd3/Rps28"
"GO:0022618","GO:0022618","protein-RNA complex assembly",133,-0.373797683191927,-1.72624567010397,0.000148388107128489,0.00606025631721858,0.00497343510848651,2593,"tags=42%, list=29%, signal=31%","Mrto4/Nop2/Eif3h/Snrpd1/Rpsa/Eif5/Eif3a/Prpf6/Ddx20/Pwp2/Rps27l/Dhx30/Eif6/Rps14/Mrm2/Tarbp2/Rpl38/Ckap5/Eif2s2/Eif3g/Srsf6/Eif3j2/Sf3a3/Prpf3/Gemin5/Htatsf1/Denr/Rpl5/Ruvbl1/Snrpd2/Ago2/Isy1/Prpf4b/Sf3a2/Nvl/Khdc4/Snrpg/Mcat/Snrpf/Mcts1/Crnkl1/Znhit3/Rrp7a/Ago1/Sf3b1/Snrpc/Ptges3/Ddx42/Shq1/Taf9/Prpf39/Rpf2/Eif3e/Rpl24/Snrpd3/Rps28"
"GO:0099558","GO:0099558","maintenance of synapse structure",34,0.575537723804837,1.99832818422939,0.000172608351152287,0.00683154356864717,0.00560640290624849,756,"tags=38%, list=8%, signal=35%","Nlgn1/Adgrl3/Pclo/Rimbp2/Erc1/Dlg2/Adgrb3/Cntnap2/Cadm1/Nrxn1/Plxna4/Prickle1/Erc2"
"GO:0034331","GO:0034331","cell junction maintenance",45,0.530364027975475,1.99251681914096,0.000176301041564542,0.00683154356864717,0.00560640290624849,1241,"tags=40%, list=14%, signal=35%","Plekha7/Nlgn1/Adgrl3/Pclo/Rimbp2/Erc1/Dlg2/Adgrb3/Cntnap2/Cadm1/Nrxn1/Plxna4/Prickle1/Erc2/Afdn/Mtss1/Tjp1/Rims2"
"GO:0097120","GO:0097120","receptor localization to synapse",79,0.443255822571658,1.86258340722611,0.000180627393866449,0.00683154356864717,0.00560640290624849,1316,"tags=33%, list=15%, signal=28%","Nrxn3/Cacng2/Grip1/Erbb4/Mapk10/Nlgn1/Magi2/Cep112/Dlg2/Grip2/Epb41l1/Cacna2d2/Nrxn1/Shisa6/Gpc6/Nbea/Vwc2/Lhfpl4/Kalrn/Gsk3b/Dbn1/Kif5c/Reln/Rapgef4/Lgi1/Nptn"
"GO:0071805","GO:0071805","potassium ion transmembrane transport",117,0.392414570988813,1.76392455365714,0.000181818938129361,0.00683154356864717,0.00560640290624849,1656,"tags=35%, list=18%, signal=29%","Kcnc1/Kcne2/Kcng2/Kcnd2/Kcnip4/Kcnh1/Kcnip1/Kcnk9/Dpp10/Kcnq3/Dpp6/Kcnd3/Large1/Kcnh8/Lrrc38/Kcnc2/Kcnj6/Kcnq2/Cacna1d/Wnk1/Nr3c2/Akap7/Atp1b1/Ank3/Kcnk3/Nalcn/Slc12a1/Ank2/Kcnip2/Wnk2/Edn3/Rnf207/Kcna2/Kcnma1/Aqp1/Slc24a3/Atp1a1/Abcb8/Kcnb1/Kcne4/Akap6"
"GO:0099175","GO:0099175","regulation of postsynapse organization",145,0.371535524617509,1.72792401707893,0.00017954969604674,0.00683154356864717,0.00560640290624849,1385,"tags=27%, list=15%, signal=23%","Il1rapl1/Flrt2/Nlgn1/Nckipsd/Epha7/Dgkb/Gna13/Cux2/Epha4/Cask/Pum2/Shank2/Dclk1/Asic2/Fyn/Nrxn1/Prickle1/Abi2/Grid1/Grin2b/Ptprs/Cdh2/Sema3f/Nrcam/Kalrn/Ppfia2/Dbn1/Zdhhc8/Elmo1/Rps6ka5/Reln/Lats1/Afdn/Grin1/Rapgef4/Fgfr1/Lzts3/Itpka/Cpeb3"
"GO:0030336","GO:0030336","negative regulation of cell migration",182,0.345805959845284,1.65588903874985,0.000179453264213179,0.00683154356864717,0.00560640290624849,1460,"tags=25%, list=16%, signal=22%","Robo1/Bcl2/Ptprm/Stard13/Tafa5/Magi2/Ptprt/Ptprr/Gna13/Nkx2-1/Ptprg/Epha4/Prkg1/Zeb2/Nav3/Arid4a/Wnt11/Ppargc1a/Sap130/Mitf/Bmpr1a/Foxo3/Nrg3/Adgrb1/Ripor2/Arid4b/Tmeff2/Plcb1/Dusp22/Gsk3b/Cxcl12/Igfbp5/Dlc1/Arid2/Atp2b4/Afdn/Drd5/Cd74/Idh2/Ptk2/Limch1/Spred1/Nr2f2/Dab2ip/Itgb1bp1/Braf"
"GO:0002064","GO:0002064","epithelial cell development",111,0.399186233617381,1.79246860039632,0.000188894177571343,0.007003997268369,0.00574792947540499,1356,"tags=30%, list=15%, signal=26%","Bcl11b/Rarb/Magi1/Prox1/Magi2/Pard3/Pecam1/St14/Arid4a/Fndc3a/Palld/Abi2/Jmjd1c/Rapgef2/Ptprs/Cdh2/Dmd/Arid4b/Fshr/Ampd2/Plcb1/Dact2/Six3/Rapgef1/Fat1/Afdn/Cebpa/Klf5/Ccdc88c/Tjp1/Cdk6/Kcnma1/Vcl"
"GO:0014902","GO:0014902","myotube differentiation",65,0.466928933984068,1.8766280359761,0.000216298638096779,0.00791596833969772,0.00649635144085611,1833,"tags=43%, list=20%, signal=35%","Bcl2/Adgrb3/Cntnap2/Hdac4/Ppp3ca/Igf1/Large1/Adgrb1/Ski/Ripor2/Dmd/Gsk3b/Cxcl12/Rbm38/Cdon/Nfatc3/Klf5/Bcl9/Dock5/Capn2/Rcan1/Fkrp/Smyd3/Mtor/Xk/Bdnf/Rbm24/Ppif"
"GO:1901890","GO:1901890","positive regulation of cell junction assembly",77,0.447779501902188,1.87051615763517,0.00022996437098205,0.00830819996701816,0.00681824187648534,1101,"tags=30%, list=12%, signal=26%","Il1rapl1/Flrt2/Nlgn1/Lrrtm3/Adgrl3/Slitrk1/Cux2/Adgrb3/Lrrtm4/Cntnap2/Asic2/Slitrk4/Nrxn1/Clstn3/Adgrb1/Prkca/Gsk3b/Ntrk3/Fmn1/Adgrl2/Flrt3/Lrtm2/Iqsec1"
"GO:0019226","GO:0019226","transmission of nerve impulse",63,0.474641258810601,1.89977727574075,0.000247465948816919,0.00882732966792503,0.00724427301200227,1328,"tags=38%, list=15%, signal=33%","Cacng2/Gria1/Kcnd2/Mtnr1b/Cacna1i/Cntnap2/Kcnq3/Dpp6/Nfasc/Fgf12/Kcnq2/Penk/Oprm1/Nrcam/Ank3/Ntrk3/Scn8a/Grik2/Drd5/Rapgef4/Cacna1e/Kcna2/Pawr/Kcnma1"
"GO:0002088","GO:0002088","lens development in camera-type eye",55,0.49684776769572,1.93709156820438,0.00025488115712253,0.00886734692310233,0.007277113738768,1358,"tags=38%, list=15%, signal=33%","Nhs/Maf/Spred2/Prox1/Hipk2/Sox11/Zeb2/Bcar3/Sox1/Nectin1/Abi2/Pou2f1/Ski/Ntrk3/Six3/Fat1/Cdon/Cdkn1b/Crybg3/Plaat1/Spred1"
"GO:0090100","GO:0090100","positive regulation of transmembrane receptor protein serine/threonine kinase signaling pathway",58,0.482605828301586,1.89655846691797,0.00025341829974894,0.00886734692310233,0.007277113738768,1382,"tags=29%, list=15%, signal=25%","Bmper/Ube2o/Hipk2/Sox11/Zeb2/Tgfb2/Acvr2b/Rnf111/Bmpr2/Bmpr1a/Crebbp/Ep300/Acvr2a/Elapor2/Fgf9/Gpc3/Hes1"
"GO:0042273","GO:0042273","ribosomal large subunit biogenesis",51,-0.516760252023231,-2.01472195791824,0.000271160925559617,0.00920640347261447,0.00755536529428635,2613,"tags=53%, list=29%, signal=38%","Rsl24d1/Mrto4/Zfp622/Nop2/Pak1ip1/Dhx30/Las1l/Eif6/Nop16/Mrm2/Mak16/Rpf1/Rpl7l1/Wdr12/Rpl7/Rpl5/Nol9/Rpl14/Nip7/Nvl/Znhit3/Gtf3a/Rpl35a/Ddx18/Rpf2/Rpl26/Rpl24"
"GO:1904861","GO:1904861","excitatory synapse assembly",31,0.573183165911062,1.95476318609216,0.000268703789706229,0.00920640347261447,0.00755536529428635,1316,"tags=42%, list=15%, signal=36%","Nrxn3/Nlgn1/Cntnap2/Nrxn1/Prickle1/Clstn3/Ptprs/Ntrk3/Reln/Lats1/Ptpn13/Fgfr1/Nptn"
"GO:0043266","GO:0043266","regulation of potassium ion transport",63,0.472201657720684,1.89001264060534,0.000287594552314783,0.0096481124812269,0.00791786004305237,1276,"tags=33%, list=14%, signal=29%","Kcnc1/Kcne2/Kcnip4/Kcnip1/Dpp10/Dpp6/Lrrc38/Kcnc2/Cacna1d/Wnk1/Nr3c2/Akap7/Atp1b1/Ank3/Vip/Ank2/Kcnip2/Wnk2/Edn3/Rnf207/Akap5"
"GO:0044331","GO:0044331","cell-cell adhesion mediated by cadherin",28,0.602332665708605,2.01534973108139,0.000296121198161111,0.00981728866374132,0.0080566968713308,1842,"tags=50%, list=20%, signal=40%","Cdh4/Plekha7/Cdh9/Cdh7/Cdh6/Cdh2/Mmp24/Cdh10/Afdn/Cdh22/Tjp1/Bmp6/Cdh8/Wnt5a"
"GO:0060421","GO:0060421","positive regulation of heart growth",27,0.608811423534748,2.01323061926312,0.000310082623314103,0.0101606143313854,0.00833845193905857,1835,"tags=52%, list=20%, signal=41%","Ccn4/Erbb4/Prox1/Igf1/Bmpr1a/Hey2/Ep300/Adrb1/Fgf9/Fgfr1/Mtor/Akap6/Ccnd2/Fdps"
"GO:0031023","GO:0031023","microtubule organizing center organization",96,-0.404698327722822,-1.75240134352245,0.000333030712189023,0.0107871327235479,0.00885261312376628,1886,"tags=34%, list=21%, signal=28%","Xrcc2/Trim37/Cep44/Mapk8/Gen1/Ckap5/Kif11/Cep192/Tmem67/Chordc1/Haus2/Bbs4/Nubp1/Chmp4b/Ctnnb1/Cep68/Chmp2a/Chmp3/Vps4b/Uvrag/Azin1/Dync1li1/Spice1/Bnip2/Ccnl2/Nat10/Ranbp1/Brca2/Mcph1/Cetn4/Ccnf/Ubxn2b/Rttn"
"GO:0051932","GO:0051932","synaptic transmission, GABAergic",53,0.497438872084092,1.91405739784793,0.000351076178900666,0.0111160974397986,0.00912258267350399,1148,"tags=34%, list=13%, signal=30%","Gabbr2/Erbb4/Nlgn1/Gabra1/Cckbr/Cntnap2/Ezh2/Gabra5/Nrxn1/Clstn3/Slc6a1/Gabra2/Gabrg3/Plcl2/Nalcn/Prkce/Grik1/Gabra4"
"GO:0006813","GO:0006813","potassium ion transport",135,0.364846474650707,1.67630809675058,0.000349975142188779,0.0111160974397986,0.00912258267350399,1656,"tags=33%, list=18%, signal=27%","Kcnc1/Kcne2/Kcng2/Kcnd2/Kcnip4/Kcnh1/Kcnip1/Kcnk9/Dpp10/Kcnq3/Dpp6/Kcnd3/Large1/Kcnh8/Lrrc38/Kcnc2/Kcnj6/Kcnq2/Cacna1d/Wnk1/Nr3c2/Akap7/Atp1b1/Ank3/Kcnk3/Vip/Nalcn/Slc12a1/Ank2/Kcnip2/Wnk2/Edn3/Cdkn1b/Rnf207/Kcna2/Akap5/Kcnma1/Aqp1/Slc24a3/Atp1a1/Abcb8/Kcnb1/Kcne4/Akap6"
"GO:1902414","GO:1902414","protein localization to cell junction",107,0.403420477625586,1.79057182783645,0.000368207260886247,0.0115289784575271,0.00946141932359163,1167,"tags=28%, list=13%, signal=25%","Nrxn3/Cacng2/Grip1/Erbb4/Mapk10/Dlgap1/Nlgn1/Magi2/Pclo/Pecam1/Dlg2/Grip2/Epb41l1/Asic2/Cacna2d2/Nectin1/Nrxn1/Clstn3/Gpc6/Nbea/Vwc2/Lhfpl4/Kalrn/Gsk3b/Kif5c/Reln/Afdn/Grin1/Rapgef4/Tjp1"
"GO:0060412","GO:0060412","ventricular septum morphogenesis",33,0.559976181427276,1.92708187413032,0.000379753896431229,0.0117598514301451,0.00965088849577108,726,"tags=33%, list=8%, signal=31%","Robo1/Prox1/Robo2/Sox11/Tgfb2/Wnt11/Bmpr2/Bmpr1a/Fzd1/Sox4/Hey2"
"GO:0051968","GO:0051968","positive regulation of synaptic transmission, glutamatergic",28,0.594467709072961,1.98903430915095,0.00039987008749543,0.0122481946365448,0.0100516542588954,1062,"tags=39%, list=12%, signal=35%","Cacng2/Nlgn1/Gria4/Egfr/Cckbr/Shank2/Nrxn1/Grin2b/Tshz3/Reln/Grin1"
"GO:0001649","GO:0001649","osteoblast differentiation",123,0.385757666066407,1.75029672664627,0.000405273540106363,0.0122802240432229,0.0100779396447502,1914,"tags=42%, list=21%, signal=34%","Ccn4/Mef2d/Sox11/Wnt11/Pth1r/Hdac4/Acvr2b/Ppp3ca/Igf1/Smoc1/Bmpr2/Bmpr1a/Nell1/Penk/Rassf2/Ski/Fzd1/Dlx5/Prkd1/Fndc3b/Gsk3b/Igfbp5/Ddr2/Smad1/Adar/Vegfc/Tmt1a2/Fto/Igfbp2/Cebpa/Map3k7/Acvr2a/Fgf9/Fam20c/Fgfr1/Lgr4/Smad6/Ptk2/Cdk6/Gdf10/Wwox/Hira/Enpp1/Bmp3/Lrp5/Bmp6/Acvr1/Atraid/Sox2/Cbfb/Gnas/Axin2"
"GO:0014897","GO:0014897","striated muscle hypertrophy",74,0.433705086395663,1.79193517188498,0.000415211359107655,0.0124475064889933,0.0102152223511704,1835,"tags=41%, list=20%, signal=33%","Ccn4/Col14a1/Akap13/Adk/Prkg1/Rap1gds1/Ppp3ca/Ezh2/Igf1/Ryr2/Hey2/Ppara/Ctdp1/Ep300/Prkca/Gsk3b/Igfbp5/Smad1/Adrb1/Nfatc3/Atp2b4/Ptk2/Map2k4/Sorbs2/Mtor/Rock1/Akap6/Nr4a3/Klf15/Fdps"
"GO:0007215","GO:0007215","glutamate receptor signaling pathway",38,0.527635846540051,1.90481344584974,0.000424437676494,0.0125901618143168,0.010332294462685,1137,"tags=39%, list=13%, signal=35%","Grm5/Gria1/Gria4/Grm8/Fyn/Nrxn1/Grik3/Grin2b/Gria2/Kalrn/Plcb1/Grin1/Grik1/Grik2/Cpeb4"
"GO:0090092","GO:0090092","regulation of transmembrane receptor protein serine/threonine kinase signaling pathway",153,0.353212228974593,1.64910876284195,0.000435458227196552,0.0127825133774988,0.0104901504950748,1237,"tags=26%, list=14%, signal=23%","Bmper/Spred2/Ube2o/Hipk2/Magi2/Chst11/Smurf2/Nkx2-1/Sox11/Zeb2/Arid4a/Tgfb2/Acvr2b/Rnf111/Bmpr2/Gpr155/Sap130/Bmpr1a/Fstl5/Fstl1/Ski/Crebbp/Fzd1/Vwc2/Arid4b/Ppara/Ep300/Dact2/Lemd2/Zfp451/Lats1/Ltbp1/Adamtsl2/Acvr2a/Elapor2/Fgf9/Glg1/Htra1/Smad6/Gpc3"
"GO:0040013","GO:0040013","negative regulation of locomotion",197,0.33046119566638,1.60386235211643,0.0004415766678863,0.0128284850526144,0.0105278778008269,1460,"tags=25%, list=16%, signal=21%","Robo1/Bcl2/Ptprm/Stard13/Tafa5/Magi2/Ptprt/Ptprr/Robo2/Gna13/Nkx2-1/Ptprg/Epha4/Prkg1/Zeb2/Nav3/Arid4a/Wnt11/Ppargc1a/Sap130/Mitf/Bmpr1a/Foxo3/Nrg3/Adgrb1/Sema3f/Ripor2/Arid4b/Tmeff2/Plcb1/Dusp22/Gsk3b/Cxcl12/Dbn1/Igfbp5/Dlc1/Arid2/Atp2b4/Afdn/Drd5/Cd74/Idh2/Ptk2/Limch1/Spred1/Nr2f2/Dab2ip/Itgb1bp1/Braf"
"GO:0048839","GO:0048839","inner ear development",137,0.366519075598138,1.68414094955192,0.000454453567533629,0.0130678587072425,0.0107243231779955,1945,"tags=34%, list=21%, signal=27%","Otog/Maf/Bmper/Prox1/Cux1/Epha4/Lgr5/Tgfb2/Igf1/Gabra5/Nectin1/Esrrb/Ankrd24/Cdh23/Ripor2/Dlx5/Ush2a/Hey2/Sobp/Mafb/Kcnk3/Cep290/Pjvk/Myo3a/Cebpa/Cdkn1b/Fgf9/Fgfr1/Eya1/Atp2b2/Kcnma1/Hes1/Myo3b/Chd7/Zeb1/Ntn1/Mpv17/Atp8a2/Nr4a3/Bdnf/Wnt5a/Sox2/Calb1/Gabrb2/Ror1/Nectin3"
"GO:1903522","GO:1903522","regulation of blood circulation",143,0.349605847496718,1.62026945048344,0.000466232696419227,0.0132711488738321,0.0108911561300696,1656,"tags=33%, list=18%, signal=27%","Fgf13/Chrm2/Kcne2/Cacna1g/Kcnd2/Cacna1b/Rbfox2/Popdc2/Mtnr1b/Cacna1c/Kcnip1/Egfr/Tgfb2/Hdac4/Asic2/Kcnd3/Bmpr2/Thrb/Add3/Cacna1d/Dmd/Ryr2/Hey2/Atp1b1/Prkca/Tmem65/Ank2/Adrb1/Atp2b4/Cacna1h/Kcnip2/Htr7/Edn3/Npy1r/Cacna1e/Rnf207/Smad6/Chrm3/Dock5/Adra2b/Scn2b/Htr2c/Atp1a1/Gjc1/Kcne4/Rnls/Akap6"
"GO:0007204","GO:0007204","positive regulation of cytosolic calcium ion concentration",66,0.447642314847727,1.80475261986856,0.00050435567856828,0.0142127430220541,0.0116638886927843,1456,"tags=36%, list=16%, signal=31%","Bcl2/Cacna1g/Pkd1/Gna13/Prkg1/Cacna1c/Cacna1i/Adcy8/Cckbr/Adcy5/Slc8a3/Pth1r/Cacna1d/Oprm1/Ryr2/Pla2g6/Grin1/Trpc5/Adcyap1r1/Itpr1/Akap5/Nptn/Swap70/Asph"
"GO:0022409","GO:0022409","positive regulation of cell-cell adhesion",118,0.379642491200227,1.71092783296953,0.000515834321776539,0.0143922883046167,0.0118112350697557,2559,"tags=48%, list=28%, signal=35%","Magi1/B2m/Adk/Kif26b/Arid1a/Ets1/Ppp3ca/Igf1/Zmiz1/Ephb6/St3gal4/Foxo3/Rap1gap/Sox4/Sox12/Ep300/Ap3d1/Ank3/Ambra1/Nck2/Pbrm1/Arid2/Fbxo38/Afdn/Igfbp2/Itpkb/Cd74/Tjp1/Pawr/Mex3b/Chst2/Dnaja3/Hes1/Nfat5/Nr4a3/Flot2/Slc7a1/Wnt5a/Sox2/Cbfb/Bcl6/Kifap3/Abl1/Efnb1/Efnb2/Klhl22/Tfrc/Cd276/Egr3/Cd47/Il1rl2/Socs5/Smarca4/Cd81/Smarcd3/Smarcd2/Brd2"
"GO:0042551","GO:0042551","neuron maturation",45,0.51041699447064,1.91757810223351,0.000546157429165228,0.0150889376018393,0.012382950174159,1725,"tags=44%, list=19%, signal=36%","Bcl2/Dlg2/Grip2/Adgrb3/Cntnap2/Kcnq3/Nfasc/Nrxn1/Kcnq2/Nrcam/Cntn2/Gsk3b/Ank3/Smim45/Kcnip2/Akap5/Kcnma1/Mtor/Kcnb1/B4galt6"
"GO:0048562","GO:0048562","embryonic organ morphogenesis",164,0.339869443004577,1.60612752981345,0.000551724930162396,0.0150947655650256,0.0123877329746222,1945,"tags=32%, list=21%, signal=25%","Rarb/Dscaml1/Eya4/Prox1/Hipk2/Tead1/Arl13b/Chst11/Asxl2/Sox11/Arid1a/Tgfb2/Wnt11/Wnt9a/Kdm2a/Nectin1/Ankrd24/Cdh23/Ripor2/Dlx5/Ryr2/Ccdc103/Sobp/Mafb/Six3/Rdh10/Cep290/Myo3a/Fgf9/Fgfr1/Rnf207/Eya1/Atp2b2/Hes1/Myo3b/Chd7/Zeb1/Enpp1/Ntn1/Tshz1/Dync2i1/Atp8a2/Tcf7l2/Nr4a3/Acvr1/Mfap5/Wnt5a/Sox2/Sufu/Gnas/Mmp16/Nectin3"
"GO:0043954","GO:0043954","cellular component maintenance",66,0.44369094096059,1.7888219266826,0.000566840681673695,0.0153592023168892,0.0126047467372177,1445,"tags=39%, list=16%, signal=33%","Plekha7/Nlgn1/Adgrl3/Pclo/Rimbp2/Erc1/Igf1r/Dlg2/Adgrb3/Cntnap2/Cadm1/Fyn/Nrxn1/Plxna4/Prickle1/Grin2b/Erc2/Afdn/Pjvk/Grin1/Mtss1/Tjp1/Rims2/Itpka/Grn/Mtmr2"
"GO:2000628","GO:2000628","regulation of miRNA metabolic process",56,0.482420616891035,1.89134281801602,0.000596707836754965,0.0160145017521475,0.0131425274922372,1257,"tags=34%, list=14%, signal=29%","Tead1/Ncor2/Egfr/Ets1/Qki/Tgfb2/Hdac4/Rc3h1/Drosha/Bmpr1a/Foxo3/Srebf2/Ppara/Ep300/Smad1/Nfatc3/Klf5/Smad6/Mrtfa"
"GO:0021953","GO:0021953","central nervous system neuron differentiation",149,0.357297986628296,1.66200527812372,0.000651025729672737,0.0173074576058281,0.0142036100108342,816,"tags=21%, list=9%, signal=19%","Robo1/Bcl11b/Erbb4/Foxp2/B2m/Agbl4/Prox1/Rora/Robo2/Nkx2-1/Epha4/Zeb2/Taok1/Sox1/Dclk1/Zmiz1/Nrxn1/Plxna4/Gdpd5/Bmpr1a/Rapgef2/Kcnq2/Faim2/Gigyf2/Brinp3/Brinp1/Dlx5/Cntn2/Ogdh/Prkca/Brinp2"
"GO:0032543","GO:0032543","mitochondrial translation",99,-0.388593855567125,-1.70547553310683,0.00067451931730913,0.0177644433287582,0.0145786418113936,3325,"tags=56%, list=37%, signal=36%","Gfm1/Mtg1/Qrsl1/Dars2/Mettl8/Fastkd2/Mrpl18/Ptcd3/Mrpl12/Mrpl19/Mrpl54/Mrpl42/Mrpl23/Mrpl28/Mrps5/Rmnd1/Mrps12/Mrps14/Chchd1/Mrpl32/Yars2/Dap3/Mrpl48/Mrpl51/Mrpl27/Cdk5rap1/Mrpl37/Mrps9/Mrpl38/Mrpl43/Mrps33/Mrpl40/Mrps34/Fastkd3/Lars2/Mrps17/Uqcc2/Mrpl46/Mrps26/Rcc1l/Mrpl35/Mrpl3/Gars1/Mrpl20/Coa3/Mrpl39/Aars2/Mrps31/Mrps15/Mrps10/Mrpl24/Mrpl57/C1qbp/Mrpl15/Mrps6"
"GO:0042274","GO:0042274","ribosomal small subunit biogenesis",72,-0.431008322997837,-1.79217080522363,0.000710700684903435,0.0185440234264618,0.0152184152508075,2746,"tags=50%, list=30%, signal=35%","Nop14/Rps19bp1/Rps11/Nol7/Nol10/Rpsa/Utp23/Lsm6/Pwp2/Rps27l/Utp11/Riok3/Rps14/Dnttip2/Exosc10/Pno1/Ddx52/Utp18/Tbl3/Rps13/Rps8/Imp4/Mphosph10/Mcat/Rrp7a/Rps12/Ngdn/Nat10/Rps3a1/Rps4x/Dcaf13/Rps15a/Taf9/Rps16/Rps28/Rps21"
"GO:0045165","GO:0045165","cell fate commitment",118,0.375311506366567,1.69140946327216,0.000720458816164274,0.0186261737977149,0.0152858331155279,2038,"tags=36%, list=22%, signal=29%","Fgf13/Sox6/Bcl2/Bcl11b/Erbb4/Prox1/Nkx2-1/Tenm4/Ext1/Sox1/Tgfb2/Tcf3/Wnt11/Wnt9a/Mitf/Bmpr1a/Myt1l/Hey2/Ep300/Ntrk3/Mta3/Smad1/Cdon/Lats1/Ctr9/Fgfr1/Sox5/Eya1/Hes1/Tox/Nr2f2/Braf/Mtor/Hdac1/Mga/Tcf7l2/Acvr1/Wnt5a/Sox2/Sufu/Nr2e1/Zfp521/Gatad2a"
"GO:0048592","GO:0048592","eye morphogenesis",103,0.39375635090486,1.73764159087177,0.000733095673942531,0.0187805782651823,0.0154125473268109,1945,"tags=37%, list=21%, signal=29%","Bcl2/Ptprm/Rarb/Prox1/Hipk2/Sox11/Bcar3/Arid1a/Sox1/Olfm3/Sdk2/Large1/Nectin1/Abi2/Thrb/Pou2f1/Ski/Zhx2/Sox4/Sox12/Mfsd2a/Six3/Fat1/Cep290/Cdon/Rpgr/Tenm3/Megf11/Zeb1/Aqp1/Lrp5/Atp8a2/Bdnf/Fat3/Mfap5/Sox2/Calb1/Nectin3"
"GO:0007159","GO:0007159","leukocyte cell-cell adhesion",149,0.355129925028472,1.65192033514319,0.000745875862070212,0.018935839453278,0.0155399646180015,2559,"tags=44%, list=28%, signal=32%","Fut9/B2m/Adk/Pecam1/Arid1a/Ets1/Ext1/Rc3h1/Ppp3ca/Igf1/Zmiz1/Ephb6/St3gal4/Foxo3/Wnk1/Ripor2/Tnfrsf21/Sox4/Ppara/Sox12/Dusp22/Ep300/Ap3d1/Cxcl12/Ambra1/Nck2/Peli1/Pbrm1/Podxl2/Arid2/Fbxo38/Igfbp2/Cblb/Itpkb/Cd74/Nt5e/Pawr/Chst2/Dnaja3/Hes1/Pag1/Glmn/Rock1/Nfat5/Nr4a3/Flot2/Mad1l1/Slc7a1/Cbfb/Bcl6/Abl1/Efnb1/Efnb2/Klhl22/Tfrc/Cd276/Jam2/Egr3/Cd47/Il1rl2/Socs5/Smarca4/Cd81/Smarcd3/Smarcd2/Brd2"
"GO:0048588","GO:0048588","developmental cell growth",186,0.327468976151111,1.5724035710099,0.000770175497583162,0.0193781656445478,0.0159029658664493,1128,"tags=22%, list=12%, signal=19%","Cdh4/Ccn4/Fgf13/Col14a1/Robo1/Auts2/Akap13/Epha7/Slitrk1/Syt1/Raph1/Prkg1/Zeb2/Prkn/Ext1/Alcam/Itsn2/Pum2/Dclk1/Igf1/Plxna4/Bmpr2/Prickle1/Clstn3/Ptprs/Fubp1/Sema3f/Ppara/Ctdp1/Ep300/Gsk3b/Cxcl12/Ntrk3/Dbn1/Adrb1/Afdn/Flrt3/Spag9/Trpc5/Edn3"
"GO:0046622","GO:0046622","positive regulation of organ growth",33,0.539471704719056,1.85651850605594,0.00078132342779236,0.0194846851284856,0.0159903825883541,1835,"tags=45%, list=20%, signal=36%","Ccn4/Erbb4/Prox1/Igf1/Cacna2d2/Bmpr1a/Hey2/Ep300/Adrb1/Fgf9/Fgfr1/Mtor/Akap6/Ccnd2/Fdps"
"GO:0045333","GO:0045333","cellular respiration",157,-0.33724760679921,-1.6014874463667,0.000791858701431122,0.0195741914090605,0.0160638371841567,1756,"tags=34%, list=19%, signal=28%","mt-Nd6/Uqcrh/Ndufc2/Cox4i1/Ndufa1/Uqcr11/Msh2/Ndufs2/Pik3ca/Macroh2a1/Atp5pf/Sod2/Chchd4/Pm20d1/Atp5mf/Uqcc2/Uqcrfs1/Ndufa5/Mfn2/Atp5f1c/Akt1/Coq9/Ndufs3/Etfa/Cat/Cs/Cox7b2/Bloc1s1/Ndufb5/Ndufs7/Sdhb/Cox7a2/Ndufv3/Prdm16/Uqcrb/Dld/Uqcr10/Uqcrc1/Slc25a13/Ndufab1/Sucla2/Ndufs6/Cisd1/Pdhb/Suclg2/Ndufa12/Ndufa8/Dlst/Uqcrq/Park7/Cycs/Coq7/Idh3a"
"GO:0097106","GO:0097106","postsynaptic density organization",42,0.512681465107745,1.90908604040473,0.000821926882510124,0.0200949460864785,0.0164912018796434,1192,"tags=36%, list=13%, signal=31%","Nrxn3/Nlgn1/Adgrl3/Dlg2/Cntnap2/Cadm1/Nrxn1/Prickle1/Ptprs/Cdh2/Ntrk3/Dbn1/Reln/Lats1/Fgfr1"
"GO:0042255","GO:0042255","ribosome assembly",41,-0.505293360696016,-1.86493131715762,0.000827187276803233,0.0200949460864785,0.0164912018796434,2593,"tags=56%, list=29%, signal=40%","Mrto4/Nop2/Rpsa/Eif5/Pwp2/Rps27l/Dhx30/Eif6/Rps14/Mrm2/Rpl38/Rpl5/Nip7/Mcat/Eif2a/Ddx3x/Rrp7a/Mterf3/C1qbp/Rpf2/Rpl24/Rps28/Eif1ax"
"GO:2000146","GO:2000146","negative regulation of cell motility",187,0.331164004358504,1.59087985501934,0.000836695645630253,0.0201522079434705,0.0165381946329255,1460,"tags=25%, list=16%, signal=21%","Robo1/Bcl2/Ptprm/Stard13/Tafa5/Magi2/Ptprt/Ptprr/Gna13/Nkx2-1/Ptprg/Epha4/Prkg1/Zeb2/Nav3/Arid4a/Wnt11/Ppargc1a/Sap130/Mitf/Bmpr1a/Foxo3/Nrg3/Adgrb1/Ripor2/Arid4b/Tmeff2/Plcb1/Dusp22/Gsk3b/Cxcl12/Igfbp5/Dlc1/Arid2/Atp2b4/Afdn/Drd5/Cd74/Idh2/Ptk2/Limch1/Spred1/Nr2f2/Dab2ip/Itgb1bp1/Braf"
"GO:0038063","GO:0038063","collagen-activated tyrosine kinase receptor signaling pathway",29,0.561185923729937,1.88950281117164,0.000857453362029476,0.0203530458540701,0.0167030151064182,1192,"tags=45%, list=13%, signal=39%","Epha3/Erbb4/Epha6/Epha5/Epha7/Epha4/Igf1r/Egfr/Ubash3b/Ntrk3/Ddr2/Col4a1/Fgfr1"
"GO:0033108","GO:0033108","mitochondrial respiratory chain complex assembly",85,-0.405990142563579,-1.73209493546872,0.000859479225207361,0.0203530458540701,0.0167030151064182,2125,"tags=48%, list=23%, signal=37%","Ndufs1/Ndufb3/Sco1/Ndufs8/Ndufb10/Ndufa6/Ndufb2/Ndufaf5/Acad9/Tfam/mt-Nd6/Atpaf2/Ndufc2/Ndufa1/Cox14/Ndufs2/Ndufaf3/Fastkd3/Chchd4/Uqcc2/Ndufa5/Ndufs3/Ndufb5/Ndufs7/Cox7a2/Ndufaf4/Atpaf1/Tmem186/Samm50/Coa3/Ndufaf8/Chchd7/Uqcrc1/Ndufab1/Ndufs6/Tmem126a/Ndufa12/Rab5if/Ndufa8/Uqcc5/Higd1a"
"GO:0098869","GO:0098869","cellular oxidant detoxification",33,-0.534026145039436,-1.9109506695533,0.000904035335419408,0.020555870657416,0.0168694661515606,2443,"tags=55%, list=27%, signal=40%","Gpx4/Gpx3/Prdx6b/Prdx4/Prdx3/Prdx1/Gpx1/Cygb/Txnrd1/Sod1/Sod2/Mgst3/Cat/Gstk1/Park7/Cp/Sesn1/Ptgs1"
"GO:0045669","GO:0045669","positive regulation of osteoblast differentiation",49,0.47962339921026,1.83562357267815,0.00089520118443125,0.020555870657416,0.0168694661515606,2268,"tags=51%, list=25%, signal=38%","Ccn4/Sox11/Acvr2b/Ppp3ca/Igf1/Bmpr2/Bmpr1a/Nell1/Fzd1/Dlx5/Prkd1/Ddr2/Smad1/Cebpa/Acvr2a/Fam20c/Gdf10/Lrp5/Bmp6/Acvr1/Atraid/Gnas/Scube2/Cd276/Tent5a"
"GO:0099068","GO:0099068","postsynapse assembly",74,0.417853414532165,1.72644097032639,0.000904516664840163,0.020555870657416,0.0168694661515606,2042,"tags=41%, list=23%, signal=32%","Nrxn3/Flrt2/Nlgn1/Nckipsd/Magi2/Gna13/Pum2/Dclk1/Asic2/Nrxn1/Prickle1/Ptprs/Cdh2/Ntrk3/Zdhhc8/Arhgef9/Elmo1/Reln/Lats1/Afdn/Fgfr1/Lzts3/Cpeb3/Psd/Cyfip2/Wnt5a/Ptpn1/Nectin3/Dcx/Abl1"
"GO:0030534","GO:0030534","adult behavior",120,0.375057324820034,1.69485721270974,0.000894657108600981,0.020555870657416,0.0168694661515606,1838,"tags=36%, list=20%, signal=29%","Otog/Nrxn3/Fgf14/Chl1/Hipk2/Slitrk1/Epha4/Ppp1r1b/Cacna1c/Atxn1/Prkn/Klhl1/Cntnap2/Shank2/Nrxn1/Fgf12/Cdh23/Gigyf2/Oprm1/Crebbp/Cntn2/Kalrn/Btbd9/Ppara/Cxcl12/Pcdh17/Grin1/Grik1/Scn8a/a/Kcnma1/Chd7/Ntan1/Ulk4/Enpp1/Fkrp/Htr2c/Adam22/Hexa/Nr4a3/Bdnf/Ccnd2/Dab1"
"GO:0003015","GO:0003015","heart process",134,0.357240704033699,1.64100648166982,0.000880891229564487,0.020555870657416,0.0168694661515606,1656,"tags=32%, list=18%, signal=27%","Sgcd/Fgf13/Chrm2/Kcne2/Cacna1g/Kcnd2/Cacna1b/Popdc2/Cacna1c/Kcnip1/Sgcz/Ext1/Tgfb2/Rap1gds1/Hdac4/Kcnd3/Fyn/Thrb/Cacna1d/Dmd/Ryr2/Hey2/Ramp3/Atp1b1/Prkca/Tmem65/Ank2/Adrb1/Atp2b4/Cacna1h/Kcnip2/Edn3/Cacna1e/Rnf207/Chrm3/Scn2b/Mtor/Atp1a1/Ankrd11/Gjc1/Kcne4/Rnls/Akap6"
"GO:0006406","GO:0006406","mRNA export from nucleus",45,-0.489819791378828,-1.85685351426242,0.000917047261047256,0.0206440083790227,0.0169417976200788,965,"tags=27%, list=11%, signal=24%","Nup107/Nup214/Nsun2/Sem1/Ncbp2/Chtop/Eny2/Supt6/Eif4a3/Mcm3ap/Nup133/Hnrnpa2b1"
"GO:0038065","GO:0038065","collagen-activated signaling pathway",31,0.543077901823149,1.85209327977505,0.000941928619231561,0.0206440083790227,0.0169417976200788,1192,"tags=42%, list=13%, signal=37%","Epha3/Erbb4/Epha6/Epha5/Epha7/Epha4/Igf1r/Egfr/Ubash3b/Ntrk3/Ddr2/Col4a1/Fgfr1"
"GO:0035176","GO:0035176","social behavior",44,0.491372021155369,1.84148117182718,0.000974768258826921,0.0206440083790227,0.0169417976200788,2273,"tags=57%, list=25%, signal=43%","Nrxn3/Atxn1/Ext1/Cntnap2/Shank2/Nrxn1/Grid1/Kcnq2/Brinp3/Oprm1/Brinp1/Kalrn/Grin1/Vps13b/Ulk4/Mtor/Negr1/Ankrd11/Fmr1/Nr2e1/Htt/Dscam/Gnb1l/Rptor/Atxn1l"
"GO:0051703","GO:0051703","biological process involved in intraspecies interaction between organisms",44,0.491372021155369,1.84148117182718,0.000974768258826921,0.0206440083790227,0.0169417976200788,2273,"tags=57%, list=25%, signal=43%","Nrxn3/Atxn1/Ext1/Cntnap2/Shank2/Nrxn1/Grid1/Kcnq2/Brinp3/Oprm1/Brinp1/Kalrn/Grin1/Vps13b/Ulk4/Mtor/Negr1/Ankrd11/Fmr1/Nr2e1/Htt/Dscam/Gnb1l/Rptor/Atxn1l"
"GO:0098659","GO:0098659","inorganic cation import across plasma membrane",63,0.450618442162483,1.80362465453428,0.000981652634062824,0.0206440083790227,0.0169417976200788,1276,"tags=35%, list=14%, signal=30%","Kcne2/Cacna1b/Cacna1c/Slc8a3/Kcnk9/Ppp3ca/Kcnd3/Fyn/Slc6a1/Kcnj6/Slc5a6/Cacna1d/Wnk1/Atp1b1/Ank3/Slc5a1/Slc12a1/Adrb1/Wnk2/Cacna1e/Pawr/Akap5"
"GO:0099587","GO:0099587","inorganic ion import across plasma membrane",63,0.450618442162483,1.80362465453428,0.000981652634062824,0.0206440083790227,0.0169417976200788,1276,"tags=35%, list=14%, signal=30%","Kcne2/Cacna1b/Cacna1c/Slc8a3/Kcnk9/Ppp3ca/Kcnd3/Fyn/Slc6a1/Kcnj6/Slc5a6/Cacna1d/Wnk1/Atp1b1/Ank3/Slc5a1/Slc12a1/Adrb1/Wnk2/Cacna1e/Pawr/Akap5"
"GO:0014896","GO:0014896","muscle hypertrophy",75,0.421819863370921,1.75704230227333,0.000973678338245229,0.0206440083790227,0.0169417976200788,1835,"tags=40%, list=20%, signal=32%","Ccn4/Col14a1/Akap13/Adk/Prkg1/Rap1gds1/Ppp3ca/Ezh2/Igf1/Ryr2/Hey2/Ppara/Ctdp1/Ep300/Prkca/Gsk3b/Igfbp5/Smad1/Adrb1/Nfatc3/Atp2b4/Ptk2/Map2k4/Sorbs2/Mtor/Rock1/Akap6/Nr4a3/Klf15/Fdps"
"GO:0072073","GO:0072073","kidney epithelium development",86,0.407459016293589,1.73757022270422,0.000970031602895996,0.0206440083790227,0.0169417976200788,1268,"tags=29%, list=14%, signal=25%","Bcl2/Bmper/Rarb/Magi2/Pkd1/Epha7/Robo2/Hs3st3b1/Kif26b/Epha4/Ext1/Wnt11/Ptpro/Tshz3/Gzf1/Ampd2/Fmn1/Smad1/Mtss1/Hs3st3a1/Fgfr1/Lgr4/Smad6/Gpc3/Eya1"
"GO:0034764","GO:0034764","positive regulation of transmembrane transport",125,0.356292673475823,1.62063319146546,0.000938798950383123,0.0206440083790227,0.0169417976200788,1460,"tags=29%, list=16%, signal=24%","Fgf13/Kcnc1/Erbb4/Fgf14/Stac/Cacna1c/Ppp3ca/Dpp6/Igf1/Lrrc38/Kcnc2/Cacna1d/Rhoq/Wnk1/Dmd/Akap7/Plcb1/Atp1b1/Stimate/Ank3/Irs1/Capn10/Ank2/Adrb1/Reln/Grin1/Kcnip2/Adcyap1r1/Wnk2/Edn3/Rnf207/Gpc3/Akap5/Slc38a1/Asph/Braf"
"GO:0048167","GO:0048167","regulation of synaptic plasticity",175,0.334707712017895,1.59576593624455,0.000964612431930097,0.0206440083790227,0.0169417976200788,2053,"tags=34%, list=23%, signal=27%","Grip1/Calb2/Grm5/Nlgn1/Gria1/Fgf14/Epha4/Adcy8/Slc8a3/Shank2/Kcnq3/Large1/Shisa9/Sorcs2/Shisa6/Grin2b/Syngr1/Rapgef2/Kcnq2/Tshz3/Adgrb1/Penk/Cntn2/Gsk3b/Dbn1/Mme/Bace1/Adrb1/Reln/Grin1/Htr7/Grik1/Ctnnd2/Grik2/Drd5/Gnal/Adcy1/Akap5/Atp2b2/Nptn/Slc38a1/Itpka/Cpeb3/Jph3/Braf/Enpp1/Sorcs3/Kmt2a/Kcnb1/Dgki/Bdnf/Map1a/Calb1/Gria3/Fmr1/App/Nr2e1/Htt/Abl1/Tnr"
"GO:0001764","GO:0001764","neuron migration",144,0.345816024432551,1.60829490020157,0.00099362556470813,0.0207410136396112,0.0170214063599514,2349,"tags=41%, list=26%, signal=31%","Unc5c/Fgf13/Flrt2/Auts2/Chl1/Adgrl3/Mdga2/Nkx2-1/Ctnna2/Kirrel3/Prkg1/Sox1/Dclk1/Large1/Fyn/Zmiz1/Abi2/Rapgef2/Sh3rf1/Nrg3/Cntn2/Astn1/Gsk3b/Cxcl12/Ntrk3/Cep85l/Reln/Myh10/Ptk2/Mrtfa/Elp3/Unk/Nr2f2/Dab2ip/Ulk4/Fkrp/Ntn1/Ptprz1/Gas6/Astn2/Apbb1/Fat3/Spock1/Dab1/Nde1/Matn2/Tyro3/Dcx/Vrk1/Plxna1/Fzd3/Mrtfb/Phactr1/Acap3/Pomgnt2/Pcnt/D130043K22Rik/Filip1/Fbxo41"
"GO:0030902","GO:0030902","hindbrain development",130,0.356604742539714,1.63257399263457,0.00105915716602621,0.0219463595136901,0.0180105905089751,1424,"tags=27%, list=16%, signal=23%","Kcnc1/Bcl2/Foxp2/mt-Nd4/Prox1/Arl13b/Rora/Rbfox2/Ctnna2/Prkg1/Igf1r/Klhl1/Cntnap2/Ezh2/Igf1/Pdss2/Nrxn1/mt-Co1/Faim2/Ptprs/Myo16/Ogdh/Mafb/Ncoa1/Dlc1/Cep290/Smad1/Grin1/Kndc1/Myh10/Ttbk2/Atp2b2/Gdf10/Hes1/Gart"
"GO:0055023","GO:0055023","positive regulation of cardiac muscle tissue growth",26,0.589797640511009,1.92670952275317,0.0011147938264984,0.0228178865388341,0.0187258214955805,1835,"tags=50%, list=20%, signal=40%","Ccn4/Erbb4/Igf1/Bmpr1a/Hey2/Ep300/Adrb1/Fgf9/Fgfr1/Mtor/Akap6/Ccnd2/Fdps"
"GO:0003300","GO:0003300","cardiac muscle hypertrophy",73,0.426591038137949,1.75469250619303,0.00111741247067392,0.0228178865388341,0.0187258214955805,1835,"tags=40%, list=20%, signal=32%","Ccn4/Col14a1/Akap13/Adk/Prkg1/Rap1gds1/Ppp3ca/Ezh2/Igf1/Ryr2/Hey2/Ppara/Ctdp1/Ep300/Prkca/Gsk3b/Smad1/Adrb1/Nfatc3/Atp2b4/Ptk2/Map2k4/Sorbs2/Mtor/Rock1/Akap6/Nr4a3/Klf15/Fdps"
"GO:0098815","GO:0098815","modulation of excitatory postsynaptic potential",47,0.48605438570652,1.84629772840327,0.00114158256873728,0.0231437386956953,0.0189932366794078,1241,"tags=36%, list=14%, signal=31%","Nlgn1/Gria1/Pclo/Cux2/Prkn/Grip2/Slc8a3/Nrxn1/Grin2b/Gsk3b/Dbn1/Reln/Afdn/Grin1/Grik1/Grik2/Rims2"
"GO:0071772","GO:0071772","response to BMP",87,0.400448441460784,1.71099501518983,0.00117166285703446,0.0234166378093838,0.01921719519899,1905,"tags=38%, list=21%, signal=30%","Bmper/Ube2o/Hipk2/Smurf2/Sox11/Ext1/Acvr2b/Kcnd3/Bmpr2/Gpr155/Bmpr1a/Fstl5/Vstm2a/Fstl1/Ski/Fzd1/Vwc2/Dlx5/Smpd3/Lemd2/Smad1/Acvr2a/Elapor2/Htra1/Smad6/Gpc3/Hes1/Hivep1/Bmp6/Tcf7l2/Acvr1/Wnt5a/Atf2"
"GO:0071773","GO:0071773","cellular response to BMP stimulus",87,0.400448441460784,1.71099501518983,0.00117166285703446,0.0234166378093838,0.01921719519899,1905,"tags=38%, list=21%, signal=30%","Bmper/Ube2o/Hipk2/Smurf2/Sox11/Ext1/Acvr2b/Kcnd3/Bmpr2/Gpr155/Bmpr1a/Fstl5/Vstm2a/Fstl1/Ski/Fzd1/Vwc2/Dlx5/Smpd3/Lemd2/Smad1/Acvr2a/Elapor2/Htra1/Smad6/Gpc3/Hes1/Hivep1/Bmp6/Tcf7l2/Acvr1/Wnt5a/Atf2"
"GO:0048813","GO:0048813","dendrite morphogenesis",155,0.343608987075493,1.60639318557865,0.00121367462434369,0.0240854583901445,0.0197660722734106,1380,"tags=23%, list=15%, signal=19%","Robo1/Il1rapl1/Grip1/Nlgn1/Epha5/Rbfox2/Cux1/Ctnna2/Cux2/Epha4/Cask/Adgrb3/Hecw2/Cntnap2/Dclk1/Ppp3ca/Fyn/Abi2/Rapgef2/Klf7/Kalrn/Ppfia2/Gsk3b/Dbn1/Hecw1/Reln/Afdn/Grin1/Trpc5/Kndc1/Ctnnd2/Lzts3/Akap5/Ss18l1/Itpka"
"GO:0007007","GO:0007007","inner mitochondrial membrane organization",32,-0.546333147143438,-1.93157751350579,0.00125447639051177,0.0243800997824978,0.0200078739016651,1788,"tags=38%, list=20%, signal=30%","Opa1/Timm10/Micos13/Letm1/Cibar1/Samm50/Maip1/Ghitm/Tomm70a/Tmem126a/Immt/Apool"
"GO:0031547","GO:0031547","brain-derived neurotrophic factor receptor signaling pathway",29,0.550211105305742,1.85255079689661,0.00125098274300085,0.0243800997824978,0.0200078739016651,1192,"tags=41%, list=13%, signal=36%","Epha3/Erbb4/Epha6/Epha5/Epha7/Epha4/Igf1r/Egfr/Rapgef2/Ntrk3/Ddr2/Fgfr1"
"GO:0051153","GO:0051153","regulation of striated muscle cell differentiation",50,0.463418003917358,1.77614239581443,0.00123868104806799,0.0243800997824978,0.0200078739016651,2146,"tags=46%, list=24%, signal=35%","Ccn4/Sox6/Bcl2/Prox1/Hdac4/Ezh2/Igf1/Prkd1/Ppara/Ctdp1/Ep300/Gsk3b/Rbm38/Adrb1/Mtor/Akap6/Bdnf/Rbm24/Ccnd2/Fdps/Epc1/Efnb2/Mylk3"
"GO:0038127","GO:0038127","ERBB signaling pathway",106,0.374072049996517,1.65960635155414,0.00129605055433656,0.0250155511104138,0.0205293660265135,1549,"tags=28%, list=17%, signal=24%","Epha3/Erbb4/Nrg2/Epha6/Epha5/Epha7/Ptprr/Epha4/Igf1r/Bcar3/Egfr/Cadm1/Ccdc88a/Prickle1/Nrg3/Ntrk3/Ddr2/Rhbdf1/Cblb/Hip1/Caml/Fgfr1/Nup62/Ptk2/Grb2/Garem1/Dab2ip/Braf/Dgkd/Zfyve28"
"GO:1902893","GO:1902893","regulation of miRNA transcription",45,0.489192758792136,1.83784108325757,0.00134359088386338,0.0257567286444013,0.0211376238585595,2751,"tags=60%, list=30%, signal=42%","Tead1/Ncor2/Egfr/Ets1/Tgfb2/Hdac4/Bmpr1a/Foxo3/Srebf2/Ppara/Smad1/Nfatc3/Klf5/Smad6/Mrtfa/Ncor1/Jun/App/Srebf1/Apln/Mrtfb/Smarca4/Notch2/Stat3/Ctcf/Atoh8/Bmyc"
"GO:0009060","GO:0009060","aerobic respiration",129,-0.34850458535848,-1.59313502102386,0.00135414312327679,0.025783617036446,0.0211596901980022,1756,"tags=35%, list=19%, signal=29%","mt-Nd6/Uqcrh/Ndufc2/Cox4i1/Ndufa1/Uqcr11/Msh2/Ndufs2/Macroh2a1/Atp5pf/Atp5mf/Uqcc2/Uqcrfs1/Ndufa5/Mfn2/Atp5f1c/Akt1/Coq9/Ndufs3/Cat/Cs/Cox7b2/Bloc1s1/Ndufb5/Ndufs7/Sdhb/Cox7a2/Ndufv3/Uqcrb/Dld/Uqcr10/Uqcrc1/Ndufab1/Sucla2/Ndufs6/Pdhb/Suclg2/Ndufa12/Ndufa8/Dlst/Uqcrq/Park7/Cycs/Coq7/Idh3a"
"GO:0032414","GO:0032414","positive regulation of ion transmembrane transporter activity",46,0.471047797193381,1.77920767662268,0.00136376649441744,0.0257925770554922,0.0211670433644303,1205,"tags=30%, list=13%, signal=27%","Fgf13/Fgf14/Stac/Lrrc38/Dmd/Akap7/Plcb1/Atp1b1/Stimate/Ank3/Ank2/Reln/Wnk2/Rnf207"
"GO:0060420","GO:0060420","regulation of heart growth",52,0.452999806432476,1.74691499182819,0.00143306031036727,0.0269224263640999,0.0220942701886098,1835,"tags=35%, list=20%, signal=28%","Ccn4/Col14a1/Erbb4/Prox1/Igf1/Bmpr1a/Hey2/Ppara/Ctdp1/Ep300/Adrb1/Fgf9/Fgfr1/Vgll4/Mtor/Akap6/Ccnd2/Fdps"
"GO:0007179","GO:0007179","transforming growth factor beta receptor signaling pathway",124,0.354048335953007,1.60585314486683,0.0014569992854278,0.0271908873267254,0.0223145864767157,1519,"tags=30%, list=17%, signal=25%","Spred2/Hipk2/Chst11/Smurf2/Nkx2-1/Sox11/Zeb2/Arid4a/Tgfb2/Adam9/Rnf111/Zmiz1/Sap130/Bmpr1a/Fut8/Ski/Crebbp/Arid4b/Tnrc6c/Ppara/Dusp22/Ep300/Zfp451/Smad1/Lats1/Ltbp1/Adamtsl2/Map3k7/Glg1/Htra1/Smad6/Ptk2/Itgb8/Spred1/Pxn/Zeb1/Hdac1"
"GO:0098900","GO:0098900","regulation of action potential",46,0.468347019738458,1.76900649532158,0.00146934700438426,0.0272409201207555,0.022355646597176,1220,"tags=37%, list=13%, signal=32%","Fgf13/Mtnr1b/Cacna1c/Kcnip1/Kcnk9/Cntnap2/Kcnq3/Kcnc2/Fgf12/Kcnq2/Ryr2/Ank3/Kcnk3/Ank2/Rapgef4/Rnf207/Pawr"
"GO:0035790","GO:0035790","platelet-derived growth factor receptor-alpha signaling pathway",30,0.552049229710772,1.86506064227782,0.00150426738211464,0.0274186217516498,0.0225014799553153,1192,"tags=43%, list=13%, signal=38%","Epha3/Erbb4/Epha6/Epha5/Epha7/Phf14/Epha4/Igf1r/Egfr/Ntrk3/Ddr2/Cblb/Fgfr1"
"GO:0046330","GO:0046330","positive regulation of JNK cascade",52,0.452064062440797,1.7433064578192,0.00150426738211464,0.0274186217516498,0.0225014799553153,1986,"tags=44%, list=22%, signal=35%","Sh3rf3/Hipk2/Taok1/Sh3rf1/Rassf2/Ripk1/Plcb1/Dusp22/Rb1cc1/Map3k5/Fgd4/Map3k7/Ccdc88c/Map2k4/Dab2ip/Mapk8ip1/Mfhas1/Map4k4/Rnf13/Wnt5a/App/Tnfrsf19/Taok3"
"GO:0031214","GO:0031214","biomineral tissue development",94,0.389926692226309,1.69556193825104,0.00150812149450168,0.0274186217516498,0.0225014799553153,2271,"tags=43%, list=25%, signal=32%","Ank/Asxl2/Wnt11/Pth1r/Acvr2b/Igf1/Nectin1/Bmpr2/Prickle1/Bmpr1a/Nell1/Hey2/Ppara/Smpd3/Ddr2/Acvr2a/Mtss1/Fam20c/Fgfr1/Lgr4/Gpc3/Phospho1/Atp2b2/Itgb1bp1/Enpp1/Fkrp/Slc24a3/Gas6/Bmp6/Tcf7l2/Acvr1/Eif2ak3/Atraid/Axin2/Bcor/Cd276/Kl/Slc20a2/Tent5a/Snx10"
"GO:1904862","GO:1904862","inhibitory synapse assembly",21,0.601459565168335,1.88364719887933,0.00168555815145907,0.0283836736839331,0.023293463480483,688,"tags=38%, list=8%, signal=35%","Fgf13/Gabra1/Cntnap2/Gabra5/Clstn3/Gabra2/Gabrg3/Lhfpl4"
"GO:0003298","GO:0003298","physiological muscle hypertrophy",30,0.54889581336163,1.8544070403797,0.0016288798494247,0.0283836736839331,0.023293463480483,1835,"tags=50%, list=20%, signal=40%","Ccn4/Col14a1/Akap13/Prkg1/Igf1/Ppara/Ctdp1/Ep300/Gsk3b/Adrb1/Map2k4/Sorbs2/Mtor/Akap6/Fdps"
"GO:0003301","GO:0003301","physiological cardiac muscle hypertrophy",30,0.54889581336163,1.8544070403797,0.0016288798494247,0.0283836736839331,0.023293463480483,1835,"tags=50%, list=20%, signal=40%","Ccn4/Col14a1/Akap13/Prkg1/Igf1/Ppara/Ctdp1/Ep300/Gsk3b/Adrb1/Map2k4/Sorbs2/Mtor/Akap6/Fdps"
"GO:0061049","GO:0061049","cell growth involved in cardiac muscle cell development",30,0.54889581336163,1.8544070403797,0.0016288798494247,0.0283836736839331,0.023293463480483,1835,"tags=50%, list=20%, signal=40%","Ccn4/Col14a1/Akap13/Prkg1/Igf1/Ppara/Ctdp1/Ep300/Gsk3b/Adrb1/Map2k4/Sorbs2/Mtor/Akap6/Fdps"
"GO:0010613","GO:0010613","positive regulation of cardiac muscle hypertrophy",29,0.543861717844553,1.83117252465237,0.00160090290544603,0.0283836736839331,0.023293463480483,1835,"tags=48%, list=20%, signal=39%","Ccn4/Adk/Ppp3ca/Igf1/Ep300/Prkca/Adrb1/Nfatc3/Ptk2/Mtor/Rock1/Akap6/Nr4a3/Fdps"
"GO:0014742","GO:0014742","positive regulation of muscle hypertrophy",29,0.543861717844553,1.83117252465237,0.00160090290544603,0.0283836736839331,0.023293463480483,1835,"tags=48%, list=20%, signal=39%","Ccn4/Adk/Ppp3ca/Igf1/Ep300/Prkca/Adrb1/Nfatc3/Ptk2/Mtor/Rock1/Akap6/Nr4a3/Fdps"
"GO:0001823","GO:0001823","mesonephros development",55,0.458392436905268,1.78716335704994,0.00169214236298821,0.0283836736839331,0.023293463480483,1382,"tags=35%, list=15%, signal=29%","Bcl2/Bmper/Rarb/Pkd1/Robo2/Hs3st3b1/Kif26b/Wnt11/Tshz3/Gzf1/Fmn1/Smad1/Hs3st3a1/Fgfr1/Lgr4/Smad6/Gpc3/Eya1/Hes1"
"GO:0072163","GO:0072163","mesonephric epithelium development",55,0.458392436905268,1.78716335704994,0.00169214236298821,0.0283836736839331,0.023293463480483,1382,"tags=35%, list=15%, signal=29%","Bcl2/Bmper/Rarb/Pkd1/Robo2/Hs3st3b1/Kif26b/Wnt11/Tshz3/Gzf1/Fmn1/Smad1/Hs3st3a1/Fgfr1/Lgr4/Smad6/Gpc3/Eya1/Hes1"
"GO:0072164","GO:0072164","mesonephric tubule development",55,0.458392436905268,1.78716335704994,0.00169214236298821,0.0283836736839331,0.023293463480483,1382,"tags=35%, list=15%, signal=29%","Bcl2/Bmper/Rarb/Pkd1/Robo2/Hs3st3b1/Kif26b/Wnt11/Tshz3/Gzf1/Fmn1/Smad1/Hs3st3a1/Fgfr1/Lgr4/Smad6/Gpc3/Eya1/Hes1"
"GO:0051216","GO:0051216","cartilage development",112,0.365843440256006,1.64346955916167,0.00164444747092634,0.0283836736839331,0.023293463480483,1914,"tags=36%, list=21%, signal=29%","Ccn4/Sox6/Maf/Rarb/Mef2d/Pkd1/Chst11/Ext1/Tgfb2/Pth1r/Wnt9a/Bmpr2/Thrb/Bmpr1a/Trps1/Csgalnact1/Fbxw4/Ep300/Prkca/Smpd3/Chsy1/Bpnt2/Smad1/Fgf18/Fgf9/Fgfr1/Glg1/Sox5/Zbtb16/Itgb8/Zeb1/Enpp1/Bmp3/Mkx/Bmp6/Eif2ak3/Wnt5a/Gnas/Atf2/Axin2"
"GO:0043270","GO:0043270","positive regulation of monoatomic ion transport",121,0.360683081566615,1.63280385212718,0.00160945737898085,0.0283836736839331,0.023293463480483,1291,"tags=27%, list=14%, signal=24%","Fgf13/Kcnc1/Fgf14/Stac/Cacna1c/Cask/Ppp3ca/Dpp6/Lrrc38/Kcnc2/Fgf12/Cacna1d/Wnk1/Dmd/Akt3/Akap7/Plcb1/Atp1b1/Stimate/Cxcl12/Ank3/Ank2/Adrb1/Reln/Grin1/Kcnip2/Adcyap1r1/Itpr1/Wnk2/Edn3/Rnf207/Akap5/Atp2b2"
"GO:1903037","GO:1903037","regulation of leukocyte cell-cell adhesion",136,0.347975794792692,1.60398171249113,0.00168305630984377,0.0283836736839331,0.023293463480483,2559,"tags=44%, list=28%, signal=32%","Fut9/B2m/Adk/Arid1a/Ets1/Rc3h1/Ppp3ca/Igf1/Zmiz1/Ephb6/St3gal4/Foxo3/Wnk1/Ripor2/Tnfrsf21/Sox4/Ppara/Sox12/Dusp22/Ep300/Ap3d1/Cxcl12/Ambra1/Nck2/Peli1/Pbrm1/Arid2/Fbxo38/Igfbp2/Cblb/Itpkb/Cd74/Pawr/Chst2/Dnaja3/Hes1/Pag1/Glmn/Nfat5/Nr4a3/Flot2/Mad1l1/Slc7a1/Cbfb/Bcl6/Abl1/Efnb1/Efnb2/Klhl22/Tfrc/Cd276/Egr3/Cd47/Il1rl2/Socs5/Smarca4/Cd81/Smarcd3/Smarcd2/Brd2"
"GO:0060047","GO:0060047","heart contraction",128,0.343817204096478,1.56853410872129,0.00166922105779781,0.0283836736839331,0.023293463480483,1656,"tags=31%, list=18%, signal=26%","Sgcd/Fgf13/Chrm2/Kcne2/Cacna1g/Kcnd2/Cacna1b/Popdc2/Cacna1c/Kcnip1/Sgcz/Ext1/Tgfb2/Hdac4/Kcnd3/Thrb/Cacna1d/Dmd/Ryr2/Hey2/Atp1b1/Prkca/Tmem65/Ank2/Adrb1/Atp2b4/Cacna1h/Kcnip2/Edn3/Cacna1e/Rnf207/Chrm3/Scn2b/Mtor/Atp1a1/Ankrd11/Gjc1/Kcne4/Rnls/Akap6"
"GO:0045446","GO:0045446","endothelial cell differentiation",61,0.438289339598503,1.73421992166888,0.00171339493965867,0.0285701002364386,0.0234464570690134,2216,"tags=46%, list=24%, signal=35%","Magi1/Prox1/Pecam1/Acvr2b/Bmpr2/Rapgef2/Ptprs/Fstl1/Fzd1/Dmd/Hey2/Plcb1/Rapgef1/Pbrm1/Afdn/Tjp1/Vcl/Nr2f2/Zeb1/Rock1/Bmp6/Acvr1/Lipa/Rap2c/Foxj2/Heg1/Add1/Flvcr2"
"GO:0038084","GO:0038084","vascular endothelial growth factor signaling pathway",46,0.461675754452009,1.74380827450162,0.00178608901645405,0.0295316491615698,0.0242355658017888,998,"tags=30%, list=11%, signal=27%","Robo1/Epha3/Erbb4/Smoc2/Epha6/Epha5/Epha7/Epha4/Igf1r/Egfr/Ptp4a3/Ntrk3/Ddr2/Vegfc"
"GO:0045727","GO:0045727","positive regulation of translation",93,-0.368161396163384,-1.58758849121502,0.001792019874602,0.0295316491615698,0.0242355658017888,2318,"tags=43%, list=26%, signal=32%","Ptk2b/Rps27l/Eif4g2/Eif6/Plxnb2/Tarbp2/Usp16/Cdk5rap1/Cnbp/Ssb/Mettl5/Jmjd4/Fastkd3/Eif2ak4/Pld1/Uqcc2/Rpl5/Uhmk1/Eif2b5/Slc35a4/Zcchc4/Rcc1l/Ago2/Pcif1/Csde1/Mettl3/Coa3/Ddx3x/Otud6b/Ogt/Eif4a3/Nat10/C1qbp/Rps4x/Rpl26/Eif3e/Fxr1/Pkm/Rps6kb1/Cirbp"
"GO:0031340","GO:0031340","positive regulation of vesicle fusion",20,0.609250423130238,1.89292528706584,0.00181449055665285,0.0297281069107426,0.0243967916338207,1870,"tags=50%, list=21%, signal=40%","Cacna1b/Syt1/Rimbp2/Doc2b/Erc1/Erc2/Znrf1/Rims2/Syt13/Kif5b"
"GO:0099633","GO:0099633","protein localization to postsynaptic specialization membrane",37,0.502636805368284,1.79714808927572,0.00184986074294238,0.0298462230498076,0.0244937253148658,812,"tags=32%, list=9%, signal=30%","Nrxn3/Cacng2/Erbb4/Magi2/Dlg2/Cacna2d2/Gpc6/Nbea/Vwc2/Lhfpl4/Kalrn/Gsk3b"
"GO:0099645","GO:0099645","neurotransmitter receptor localization to postsynaptic specialization membrane",37,0.502636805368284,1.79714808927572,0.00184986074294238,0.0298462230498076,0.0244937253148658,812,"tags=32%, list=9%, signal=30%","Nrxn3/Cacng2/Erbb4/Magi2/Dlg2/Cacna2d2/Gpc6/Nbea/Vwc2/Lhfpl4/Kalrn/Gsk3b"
"GO:0048009","GO:0048009","insulin-like growth factor receptor signaling pathway",55,0.457209407595748,1.78255100644799,0.00185347375220593,0.0298462230498076,0.0244937253148658,1277,"tags=38%, list=14%, signal=33%","Epha3/Erbb4/Epha6/Epha5/Epha7/Phip/Epha4/Igf1r/Atxn1/Egfr/Igf1/Gigyf2/Plcb1/Ntrk3/Igfbp5/Irs1/Ddr2/Atxn7/Igfbp2/Fgfr1/Grb2"
"GO:0099084","GO:0099084","postsynaptic specialization organization",56,0.449989162990376,1.76419444320541,0.00191052511887512,0.0305901124147165,0.025104208649334,1002,"tags=29%, list=11%, signal=26%","Nrxn3/Nlgn1/Myo9a/Adgrl3/Dlg2/Cntnap2/Cadm1/Nrxn1/Prickle1/Ptprs/Cdh2/Ntrk3/Dbn1/Arhgef9/Reln/Lats1"
"GO:0036005","GO:0036005","response to macrophage colony-stimulating factor",27,0.559616637368852,1.85055224959283,0.00194623483871807,0.030647911456014,0.0251516422505184,1192,"tags=41%, list=13%, signal=35%","Epha3/Erbb4/Epha6/Epha5/Epha7/Epha4/Igf1r/Egfr/Ntrk3/Ddr2/Fgfr1"
"GO:0036006","GO:0036006","cellular response to macrophage colony-stimulating factor stimulus",27,0.559616637368852,1.85055224959283,0.00194623483871807,0.030647911456014,0.0251516422505184,1192,"tags=41%, list=13%, signal=35%","Epha3/Erbb4/Epha6/Epha5/Epha7/Epha4/Igf1r/Egfr/Ntrk3/Ddr2/Fgfr1"
"GO:0006084","GO:0006084","acetyl-CoA metabolic process",29,-0.533685996175078,-1.82375549691512,0.0019467622961769,0.030647911456014,0.0251516422505184,1044,"tags=31%, list=12%, signal=28%","Cs/Acly/Fasn/Dld/Pdhb/Mpc1/Dlst/Nudt7/Mpc2"
"GO:0003197","GO:0003197","endocardial cushion development",22,0.597786768881369,1.88050291193585,0.00197688420625694,0.0308389369180848,0.025308409999265,566,"tags=27%, list=6%, signal=26%","Robo1/Epha3/Robo2/Tgfb2/Bmpr2/Bmpr1a"
"GO:2000463","GO:2000463","positive regulation of excitatory postsynaptic potential",34,0.521638102882498,1.81118296828015,0.00198078338615094,0.0308389369180848,0.025308409999265,1241,"tags=35%, list=14%, signal=31%","Nlgn1/Gria1/Cux2/Grip2/Nrxn1/Grin2b/Gsk3b/Dbn1/Reln/Afdn/Grin1/Rims2"
"GO:0050773","GO:0050773","regulation of dendrite development",106,0.365488848674842,1.62152615970273,0.00201050451239475,0.0311296797578484,0.0255470122251664,1408,"tags=27%, list=16%, signal=23%","Robo1/Il1rapl1/Grip1/Cux1/Cux2/Epha4/Cask/Csmd3/Adgrb3/Hecw2/Ppp3ca/Ezh2/Rapgef2/Kalrn/Mfsd2a/Gsk3b/Dbn1/Hecw1/Reln/Afdn/Grin1/Trpc5/Camk1d/Kndc1/Rapgef4/Akap5/Ss18l1/Itpka/Dab2ip"
"GO:0022898","GO:0022898","regulation of transmembrane transporter activity",104,0.373730148392179,1.6494396557453,0.00205326119720107,0.0316179784355881,0.0259477414452158,1656,"tags=31%, list=18%, signal=25%","Fgf13/Bcl2/Cacng2/Kcne2/Nlgn1/Fgf14/Stac/Lrrc38/Shisa9/Fgf12/Cacna1d/Oprm1/Nr3c2/Dmd/Ripk1/Akap7/Plcb1/Atp1b1/Stimate/Ank3/Ank2/Reln/Wnk2/Rnf207/Chrm3/Ptpn3/Jph3/Asph/Scn2b/Cacng4/Kcne4/Akap6"
"GO:0007605","GO:0007605","sensory perception of sound",96,0.377699444633169,1.6458450197415,0.0020908504143,0.0320218286277033,0.026279166820464,1740,"tags=38%, list=19%, signal=31%","Otog/Cntn5/Tbl1x/Eya4/Lhfpl3/Kcnq3/Asic2/Large1/Thrb/Ankrd24/Cdh23/Kcnq2/Cacna1d/Ripor2/Lhfpl4/Ush2a/Sobp/Tub/Pjvk/Myo3a/Scn8a/Tmtc4/Tjp1/Cdkn1b/Fgfr1/Atp2b2/Kcnma1/Cabp2/Myo3b/Chd7/Enpp1/Cemip/Hexa/Mpv17/Map1a/Nav2"
"GO:0002183","GO:0002183","cytoplasmic translational initiation",34,-0.511072634183615,-1.83388413943965,0.00210325178911279,0.0320376407660532,0.0262921432755664,2551,"tags=50%, list=28%, signal=36%","Eif3h/Mif4gd/Eif5/Eif3a/Eif4a2/Eif2s2/Eif3g/Eif3j2/Eif2ak4/Denr/Eif2b2/Eif2b5/Mettl3/Ncbp2/Mcts1/Eif3e/Eif2b1"
"GO:0019228","GO:0019228","neuronal action potential",37,0.498952621035873,1.78397550668165,0.00213720933079771,0.03237987039886,0.0265729988667944,1507,"tags=46%, list=17%, signal=38%","Gria1/Kcnd2/Mtnr1b/Cacna1i/Cntnap2/Kcnq3/Dpp6/Fgf12/Kcnq2/Ank3/Scn8a/Grik2/Rapgef4/Kcna2/Pawr/Kcnma1/Mtor"
"GO:0019098","GO:0019098","reproductive behavior",36,0.51107226871292,1.81094837964727,0.00216890010147423,0.0325104281167786,0.0266801429055928,1933,"tags=50%, list=21%, signal=39%","Npas3/Ppp1r1b/Hdac4/Thrb/Oprm1/Brinp1/Kalrn/Ncoa1/Vip/Grin1/Acvr2a/Drd5/Grn/Cnr1/Ncoa2/Aplp2/Crebrf/App"
"GO:0007612","GO:0007612","learning",148,0.340819913030532,1.58481563411794,0.00216072646068475,0.0325104281167786,0.0266801429055928,1732,"tags=32%, list=19%, signal=27%","Nrxn3/Fgf13/Grm5/Foxp2/Gria1/Csmd1/Ppp1r1b/Cacna1c/Atxn1/Prkn/Adgrb3/Slc8a3/Cntnap2/Shank2/Gabra5/Nrxn1/Clstn3/Ap1s2/Slc6a1/Grin2b/Kcnq2/Epm2a/Cntn2/Kalrn/Plcb1/Prkar2b/Nts/Reln/Grin1/Ctnnd2/Amph/Drd5/Cacna1e/Pias1/Nptn/Deaf1/Jph3/Uba6/Braf/Sorcs3/Htr2c/Mtor/Tafa2/Kmt2a/Dgki/Ddhd2/Bdnf/Map1a"
"GO:0014904","GO:0014904","myotube cell development",22,0.59503053896311,1.87183243166251,0.0021945170318066,0.0327203650562487,0.0268524306258931,1621,"tags=55%, list=18%, signal=45%","Bcl2/Cntnap2/Hdac4/Ppp3ca/Igf1/Large1/Ski/Dmd/Nfatc3/Rcan1/Smyd3/Xk"
"GO:0046605","GO:0046605","regulation of centrosome cycle",41,-0.485731884566811,-1.79273403082689,0.00222124922019295,0.0329446331710722,0.0270364794280549,1884,"tags=44%, list=21%, signal=35%","Trim37/Mapk8/Gen1/Cep192/Tmem67/Chordc1/Nubp1/Chmp4b/Chmp2a/Chmp3/Vps4b/Azin1/Dync1li1/Spice1/Ccnl2/Nat10/Mcph1/Ccnf"
"GO:0034250","GO:0034250","positive regulation of amide metabolic process",23,0.584141299364575,1.86555673729735,0.00245810017247468,0.034116802916204,0.0279984371173659,1108,"tags=30%, list=12%, signal=27%","Slc2a13/Lrrtm3/Epha4/Abcg1/Pla2g6/Smpd3/Abca2"
"GO:0001964","GO:0001964","startle response",22,0.591402512494311,1.86041947524676,0.00244842261274052,0.034116802916204,0.0279984371173659,1062,"tags=50%, list=12%, signal=44%","Npas3/Csmd1/Kcnh1/Ctnna2/Prkn/Nrxn1/Grin2b/Penk/Dbn1/Bace1/Grin1"
"GO:1904645","GO:1904645","response to amyloid-beta",25,0.575065205786375,1.85920283581904,0.00247495098030387,0.034116802916204,0.0279984371173659,931,"tags=40%, list=10%, signal=36%","Grm5/Cacna1b/Epha4/Igf1r/Igf1/Fyn/Foxo3/Ramp3/Gsk3b/Bace1"
"GO:0036215","GO:0036215","response to stem cell factor",27,0.551518503589858,1.82377316784022,0.00248188239809149,0.034116802916204,0.0279984371173659,1192,"tags=41%, list=13%, signal=35%","Epha3/Erbb4/Epha6/Epha5/Epha7/Epha4/Igf1r/Egfr/Ntrk3/Ddr2/Fgfr1"
"GO:0036216","GO:0036216","cellular response to stem cell factor stimulus",27,0.551518503589858,1.82377316784022,0.00248188239809149,0.034116802916204,0.0279984371173659,1192,"tags=41%, list=13%, signal=35%","Epha3/Erbb4/Epha6/Epha5/Epha7/Epha4/Igf1r/Egfr/Ntrk3/Ddr2/Fgfr1"
"GO:0038109","GO:0038109","Kit signaling pathway",27,0.551518503589858,1.82377316784022,0.00248188239809149,0.034116802916204,0.0279984371173659,1192,"tags=41%, list=13%, signal=35%","Epha3/Erbb4/Epha6/Epha5/Epha7/Epha4/Igf1r/Egfr/Ntrk3/Ddr2/Fgfr1"
"GO:0050919","GO:0050919","negative chemotaxis",31,0.516055911909144,1.75993846044274,0.00236192970081039,0.034116802916204,0.0279984371173659,1553,"tags=42%, list=17%, signal=35%","Unc5c/Robo1/Flrt2/Sema4g/Epha7/Robo2/Plxna4/Nrg3/Sema3f/Flrt3/Lgr4/Rtn4rl1/Ntn1"
"GO:0055021","GO:0055021","regulation of cardiac muscle tissue growth",49,0.456523251151915,1.74721425741523,0.00245325184866309,0.034116802916204,0.0279984371173659,1835,"tags=35%, list=20%, signal=28%","Ccn4/Col14a1/Erbb4/Igf1/Bmpr1a/Hey2/Ppara/Ctdp1/Ep300/Adrb1/Fgf9/Fgfr1/Vgll4/Mtor/Akap6/Ccnd2/Fdps"
"GO:1903539","GO:1903539","protein localization to postsynaptic membrane",58,0.437517091815681,1.71936743454706,0.00231243772495858,0.034116802916204,0.0279984371173659,812,"tags=28%, list=9%, signal=25%","Nrxn3/Cacng2/Grip1/Erbb4/Mapk10/Magi2/Dlg2/Grip2/Epb41l1/Cacna2d2/Gpc6/Nbea/Vwc2/Lhfpl4/Kalrn/Gsk3b"
"GO:0008037","GO:0008037","cell recognition",76,0.397920403560491,1.65403547504532,0.00242547597995305,0.034116802916204,0.0279984371173659,1559,"tags=36%, list=17%, signal=30%","Robo1/Epha3/Cntn5/Dscaml1/Robo2/Ncam2/Epha4/Ext1/Cntnap2/Cadm1/Adgrb1/Myo18a/Tnfrsf21/Nrcam/Cntn2/Tub/Adam32/Nck2/St6galnac6/Colec10/Colec11/Nptn/Prss55/Cct3/Cnr1/Cntn6/Ptprz1"
"GO:0007173","GO:0007173","epidermal growth factor receptor signaling pathway",93,0.377433139776465,1.63920671314342,0.0023417903524211,0.034116802916204,0.0279984371173659,1549,"tags=29%, list=17%, signal=24%","Epha3/Erbb4/Nrg2/Epha6/Epha5/Epha7/Epha4/Igf1r/Bcar3/Egfr/Ccdc88a/Prickle1/Ntrk3/Ddr2/Rhbdf1/Cblb/Hip1/Caml/Fgfr1/Nup62/Ptk2/Grb2/Garem1/Dab2ip/Braf/Dgkd/Zfyve28"
"GO:0030509","GO:0030509","BMP signaling pathway",83,0.387558049511071,1.63896552944936,0.0024180555554693,0.034116802916204,0.0279984371173659,1905,"tags=37%, list=21%, signal=30%","Bmper/Ube2o/Hipk2/Smurf2/Sox11/Ext1/Acvr2b/Bmpr2/Gpr155/Bmpr1a/Fstl5/Fstl1/Ski/Fzd1/Vwc2/Dlx5/Smpd3/Lemd2/Smad1/Acvr2a/Elapor2/Htra1/Smad6/Gpc3/Hes1/Hivep1/Bmp6/Tcf7l2/Acvr1/Wnt5a/Atf2"
"GO:0048705","GO:0048705","skeletal system morphogenesis",117,0.349172692131272,1.56954998782264,0.00241177272582902,0.034116802916204,0.0279984371173659,1675,"tags=32%, list=18%, signal=26%","Sox6/Rarb/Dscaml1/Mef2d/Pkd1/Chst11/Asxl2/Sox11/Ext1/Tgfb2/Acvr2b/Wnt9a/Bmpr2/Ski/Dlx5/Csgalnact1/Dhrs3/Smpd3/Rdh10/Chsy1/Bpnt2/Fmn1/Fgf18/Glg1/Sox5/Phospho1/Eya1/Ppargc1b/Wwox/Zeb1/Enpp1/Ankrd11/Lrp5/Dync2i1/Arid5b/Bmp6/Foxn3"
"GO:0060348","GO:0060348","bone development",128,0.339039293211083,1.54673672306728,0.00236719282331832,0.034116802916204,0.0279984371173659,1937,"tags=32%, list=21%, signal=26%","Ccn4/Rarb/Mef2d/Akap13/Asxl2/Ext1/Cadm1/Igf1/Large1/Bmpr2/Ski/Dlx5/Dmd/Csgalnact1/Dhrs3/Smpd3/Ttc9/Chsy1/Opa3/Bpnt2/Ddr2/Smad1/Map3k7/Fgf18/Bbx/Fam20c/Glg1/Zbtb16/Phospho1/Enpp1/Lrrc17/Ankrd11/Lrp5/Xylt1/Bmp6/Foxn3/Lipa/Gnas/Atf2/Axin2/Mmp16"
"GO:0010976","GO:0010976","positive regulation of neuron projection development",167,0.322895770123896,1.52806300173383,0.0023512262519323,0.034116802916204,0.0279984371173659,1842,"tags=32%, list=20%, signal=26%","Epha3/Il1rapl1/Fut9/Nlgn1/Nckipsd/Magi2/Cux2/Igf1r/Cask/Qki/Pum2/Ezh2/Fyn/Nrxn1/Plppr5/Rapgef2/Fzd1/Dmd/Prkd1/Kalrn/Ep300/Ntrk3/Dbn1/Rapgef1/Ddr2/Reln/Fbxo38/Alkal2/Afdn/Htr7/Camk1d/Cbfa2t2/Itpr1/Tenm3/Fgfr1/Ptbp1/Nptn/Itpka/Tox/Dab2ip/Grn/Braf/Cnr1/Mtor/Negr1/Mob2/Adnp/Ptprz1/Apbb1/Atp8a2/Bdnf/Katnb1/Dhx36/Wnt5a"
"GO:0001657","GO:0001657","ureteric bud development",54,0.440393319749509,1.70997673148785,0.00255221540166921,0.0349133155432225,0.0286521064765828,1382,"tags=33%, list=15%, signal=28%","Bcl2/Bmper/Rarb/Robo2/Hs3st3b1/Kif26b/Wnt11/Tshz3/Gzf1/Fmn1/Smad1/Hs3st3a1/Fgfr1/Lgr4/Smad6/Gpc3/Eya1/Hes1"
"GO:0043268","GO:0043268","positive regulation of potassium ion transport",26,0.570134212900056,1.86247441798882,0.00263493508002177,0.0350247502617988,0.0287435569553517,1205,"tags=46%, list=13%, signal=40%","Kcnc1/Dpp6/Lrrc38/Kcnc2/Wnk1/Akap7/Atp1b1/Ank2/Kcnip2/Wnk2/Edn3/Rnf207"
"GO:0015012","GO:0015012","heparan sulfate proteoglycan biosynthetic process",28,0.550317591916835,1.84131207556905,0.00261482470408696,0.0350247502617988,0.0287435569553517,1694,"tags=46%, list=19%, signal=38%","Ndst3/Hs3st3b1/Ndst4/Hs6st1/Ext1/Hs6st2/Hs6st3/Hs3st3a1/Hs3st5/Hs3st2/Pxylp1/Xylt1/Tcf7l2"
"GO:0070252","GO:0070252","actin-mediated cell contraction",57,0.433642180336071,1.70058392411854,0.00258334110954182,0.0350247502617988,0.0287435569553517,1656,"tags=40%, list=18%, signal=33%","Sgcd/Fgf13/Kcne2/Pard3/Cacna1c/Zeb2/Qki/Kcnd3/Cacna1d/Ryr2/Myl6/Dbn1/Ank2/Adrb1/Cacna1h/Ccdc88c/Rnf207/Limch1/Scn2b/Atp1a1/Rock1/Kcne4/Akap6"
"GO:0046620","GO:0046620","regulation of organ growth",68,0.414704287688412,1.67358875023861,0.00263493508002177,0.0350247502617988,0.0287435569553517,1835,"tags=34%, list=20%, signal=27%","Ccn4/Col14a1/Erbb4/Prox1/Cacna1c/Igf1/Cacna2d2/Bmpr1a/Hey2/Ppara/Ctdp1/Ep300/Adrb1/Lats1/Fgf9/Fgfr1/Ptk2/Vgll4/Mtor/Akap6/Tcf7l2/Ccnd2/Fdps"
"GO:0010586","GO:0010586","miRNA metabolic process",66,0.413951652736498,1.66892249681366,0.00261434500290411,0.0350247502617988,0.0287435569553517,1257,"tags=32%, list=14%, signal=28%","Ddx17/Tead1/Ncor2/Egfr/Ets1/Qki/Tgfb2/Hdac4/Rc3h1/Drosha/Bmpr1a/Foxo3/Srebf2/Ppara/Ep300/Tut4/Smad1/Nfatc3/Klf5/Smad6/Mrtfa"
"GO:0045667","GO:0045667","regulation of osteoblast differentiation",85,0.389939154790617,1.65656796123435,0.00260490127067486,0.0350247502617988,0.0287435569553517,1914,"tags=42%, list=21%, signal=34%","Ccn4/Sox11/Hdac4/Acvr2b/Ppp3ca/Igf1/Smoc1/Bmpr2/Bmpr1a/Nell1/Rassf2/Ski/Fzd1/Dlx5/Prkd1/Fndc3b/Gsk3b/Igfbp5/Ddr2/Smad1/Vegfc/Cebpa/Acvr2a/Fam20c/Fgfr1/Smad6/Ptk2/Cdk6/Gdf10/Lrp5/Bmp6/Acvr1/Atraid/Sox2/Gnas/Axin2"
"GO:2001259","GO:2001259","positive regulation of cation channel activity",27,0.547291951825311,1.8097967161881,0.00266043211171638,0.0351976417409238,0.0288854427943706,1656,"tags=41%, list=18%, signal=33%","Fgf13/Fgf14/Stac/Lrrc38/Akap7/Stimate/Ank3/Ank2/Rnf207/Asph/Akap6"
"GO:0003018","GO:0003018","vascular process in circulatory system",136,0.33838504774724,1.55977351439161,0.00280478560905825,0.0367622597503542,0.0301694687055128,1328,"tags=26%, list=15%, signal=22%","Plekha7/Ptprm/Pde3a/Cacna1g/Rbfox2/Mtnr1b/Prkg1/Cacna1c/Zeb2/Egfr/Grip2/Ext1/Rap1gds1/Ptp4a3/Asic2/Bmpr2/Slc5a6/Add3/Pla2g6/Mfsd2a/Smpd3/Slc5a1/Nts/Adrb1/Htr7/Edn3/Drd5/Tjp1/Npy1r/Smad6/Chrm3/Ptk2/Dock5/Adra2b/Kcnma1"
"GO:0003007","GO:0003007","heart morphogenesis",156,0.32372934867521,1.51475784502127,0.00279244857031023,0.0367622597503542,0.0301694687055128,1914,"tags=31%, list=21%, signal=25%","Robo1/Flrt2/Prox1/Tead1/Arl13b/Asxl2/Robo2/Sox11/Ncor2/Ext1/Tgfb2/Wnt11/Kdm2a/Zmiz1/Bmpr2/Prickle1/Bmpr1a/Fzd1/Sox4/Ryr2/Ccdc103/Hey2/Dhrs3/Dlc1/Lemd2/Rbm20/Pbrm1/Arid2/Fgf9/Npy1r/Rnf207/Smad6/Eya1/Adgrg6/Hes1/Cplane2/Chd7/Fkrp/Mtor/Ankrd11/Rnls/Kat6a/Acvr1/Ly6e/Wnt5a/Sufu/Jun/Atf2/Axin2"
"GO:0034332","GO:0034332","adherens junction organization",40,0.491544470132901,1.80439554811895,0.00284164956681075,0.036939104892022,0.0303145991736477,1356,"tags=38%, list=15%, signal=32%","Cdh4/Plekha7/Cdh9/Cdh7/Cdh6/Epha4/Abi2/Cdh2/Cdh10/Afdn/Cdh22/Tbcd/Mtss1/Tjp1/Vcl"
"GO:0045666","GO:0045666","positive regulation of neuron differentiation",62,0.431467993644221,1.71865998623456,0.00284449459246585,0.036939104892022,0.0303145991736477,1933,"tags=42%, list=21%, signal=33%","Prox1/Sox11/Tcf3/Tcf12/Rgs6/Gdpd5/Brinp3/Vwc2/Brinp1/Dmd/Cxcl12/Brinp2/Ncoa1/Upf3b/Cdon/Spag9/Trpc5/Fgfr1/Adra2b/Zeb1/Bmp6/Bdnf/Dab1/Sox2/Bcl6/App"
"GO:1902895","GO:1902895","positive regulation of miRNA transcription",33,0.506375424811789,1.74262215970086,0.00286433338499148,0.0370261077014036,0.0303859992603877,2751,"tags=64%, list=30%, signal=44%","Tead1/Egfr/Ets1/Tgfb2/Bmpr1a/Foxo3/Srebf2/Smad1/Klf5/Smad6/Mrtfa/Jun/Srebf1/Apln/Mrtfb/Smarca4/Notch2/Stat3/Ctcf/Atoh8/Bmyc"
"GO:0007613","GO:0007613","memory",113,0.353726117750362,1.58716927597436,0.00297369269524201,0.038264228379872,0.0314020805164465,1573,"tags=33%, list=17%, signal=27%","Fgf13/Gria1/Csmd1/Cux2/Ppp1r1b/Adcy8/Atxn1/Slc8a3/Shank2/Igf1/Large1/Slc6a1/Grin2b/Kcnq2/Crebbp/Brinp1/Pla2g6/Kalrn/Btbd9/Plcb1/Bace1/Adrb1/Reln/Grin1/Htr7/Adcy1/Rcan1/Cpeb3/Jph3/Vps13b/Ntan1/Ulk4/Sorcs3/Cnr1/Mtor/Adnp/Tafa2"
"GO:0062237","GO:0062237","protein localization to postsynapse",59,0.429992798503178,1.68827288228371,0.00300353487114822,0.0384725512131622,0.0315730435976681,812,"tags=27%, list=9%, signal=25%","Nrxn3/Cacng2/Grip1/Erbb4/Mapk10/Magi2/Dlg2/Grip2/Epb41l1/Cacna2d2/Gpc6/Nbea/Vwc2/Lhfpl4/Kalrn/Gsk3b"
"GO:0009201","GO:0009201","ribonucleoside triphosphate biosynthetic process",76,-0.389794341270345,-1.62785888881374,0.00309053737367071,0.0393175164153744,0.0322664762483947,2538,"tags=47%, list=28%, signal=34%","Ndufs1/Ndufb3/Sdhd/Ndufs8/Ndufv2/Ndufb10/Eno1/Ndufa6/Ndufb2/Sdha/Map2k1/mt-Nd6/Uck1/Ndufc2/Ndufa1/Ndufs2/Atp5pf/Atp5mf/Ndufa5/Atp5f1c/Ndufs3/Atp5mc3/Ndufb5/Ndufs7/Sdhb/Ndufv3/Nme1/Slc25a13/Ndufab1/Ndufs6/Ndufa12/Ctps1/Ndufa8/Atp6v1a/Pid1/Tmsb4x"
"GO:0006399","GO:0006399","tRNA metabolic process",135,-0.323946730740594,-1.49990614363478,0.00309740548055824,0.0393175164153744,0.0322664762483947,1969,"tags=30%, list=22%, signal=24%","Mtfmt/Exosc10/Cdk5rap1/Polr2e/Ssb/Mettl6/Tsen2/Dus2/Pop5/Trmt2a/Aarsd1/Polr2f/Trmt9b/Rpp30/Farsb/Dtd1/Lars2/Adat2/Alkbh8/Lars1/Pop4/Akt1/Tprkb/Polr2l/Rtraf/Thg1l/Gars1/Nsun2/Dus1l/Lcmt2/Aars2/Rars1/Trmu/Nat10/Kars1/Trmt44/Grsf1/Ddx1/Exosc9/Rtcb/Trmt13"
"GO:0038145","GO:0038145","macrophage colony-stimulating factor signaling pathway",26,0.564135338498031,1.84287771626894,0.00324436732923553,0.0394107330898173,0.0323429758314328,1192,"tags=42%, list=13%, signal=37%","Epha3/Erbb4/Epha6/Epha5/Epha7/Epha4/Igf1r/Egfr/Ntrk3/Ddr2/Fgfr1"
"GO:0036323","GO:0036323","vascular endothelial growth factor receptor-1 signaling pathway",25,0.569079119875673,1.83984964284432,0.00316142286653298,0.0394107330898173,0.0323429758314328,1192,"tags=44%, list=13%, signal=38%","Epha3/Erbb4/Epha6/Epha5/Epha7/Epha4/Igf1r/Egfr/Ntrk3/Ddr2/Fgfr1"
"GO:0051298","GO:0051298","centrosome duplication",54,-0.425114473363478,-1.67507645854587,0.0031209334023929,0.0394107330898173,0.0323429758314328,2167,"tags=39%, list=24%, signal=30%","Kat2b/Brca1/Trim37/Cep44/Gen1/Ckap5/Cep192/Tmem67/Chordc1/Nubp1/Chmp4b/Chmp2a/Chmp3/Vps4b/Azin1/Spice1/Nat10/Brca2/Cetn4/Ccnf/Rttn"
"GO:0008344","GO:0008344","adult locomotory behavior",71,0.406671421164704,1.65395744680138,0.00317266934145148,0.0394107330898173,0.0323429758314328,1957,"tags=44%, list=22%, signal=35%","Otog/Fgf14/Chl1/Hipk2/Epha4/Cacna1c/Atxn1/Prkn/Klhl1/Shank2/Fgf12/Cdh23/Gigyf2/Cntn2/Kalrn/Btbd9/Cxcl12/Grin1/Scn8a/Kcnma1/Chd7/Ntan1/Ulk4/Enpp1/Fkrp/Adam22/Hexa/Ccnd2/Dab1/App/Inpp5f"
"GO:1903039","GO:1903039","positive regulation of leukocyte cell-cell adhesion",98,0.372863840115834,1.62717022061126,0.00324460258227027,0.0394107330898173,0.0323429758314328,2559,"tags=48%, list=28%, signal=35%","B2m/Adk/Arid1a/Ets1/Ppp3ca/Igf1/Zmiz1/Ephb6/St3gal4/Foxo3/Sox4/Sox12/Ep300/Ap3d1/Ambra1/Nck2/Pbrm1/Arid2/Fbxo38/Igfbp2/Itpkb/Cd74/Pawr/Chst2/Dnaja3/Hes1/Nfat5/Nr4a3/Flot2/Slc7a1/Cbfb/Bcl6/Abl1/Efnb1/Efnb2/Klhl22/Tfrc/Cd276/Egr3/Cd47/Il1rl2/Socs5/Smarca4/Cd81/Smarcd3/Smarcd2/Brd2"
"GO:0035150","GO:0035150","regulation of tube size",104,0.366213956894075,1.61626731369453,0.00321148798710508,0.0394107330898173,0.0323429758314328,1571,"tags=30%, list=17%, signal=25%","Plekha7/Ptprm/Cacna1g/Rbfox2/Mtnr1b/Prkg1/Cacna1c/Egfr/Grip2/Ext1/Rap1gds1/Asic2/Bmpr2/Add3/Pla2g6/Smpd3/Nts/Adrb1/Htr7/Edn3/Drd5/Npy1r/Smad6/Chrm3/Ptk2/Dock5/Adra2b/Kcnma1/Itgb1bp1/Htr2c/Rock1"
"GO:0035296","GO:0035296","regulation of tube diameter",104,0.366213956894075,1.61626731369453,0.00321148798710508,0.0394107330898173,0.0323429758314328,1571,"tags=30%, list=17%, signal=25%","Plekha7/Ptprm/Cacna1g/Rbfox2/Mtnr1b/Prkg1/Cacna1c/Egfr/Grip2/Ext1/Rap1gds1/Asic2/Bmpr2/Add3/Pla2g6/Smpd3/Nts/Adrb1/Htr7/Edn3/Drd5/Npy1r/Smad6/Chrm3/Ptk2/Dock5/Adra2b/Kcnma1/Itgb1bp1/Htr2c/Rock1"
"GO:0097746","GO:0097746","blood vessel diameter maintenance",104,0.366213956894075,1.61626731369453,0.00321148798710508,0.0394107330898173,0.0323429758314328,1571,"tags=30%, list=17%, signal=25%","Plekha7/Ptprm/Cacna1g/Rbfox2/Mtnr1b/Prkg1/Cacna1c/Egfr/Grip2/Ext1/Rap1gds1/Asic2/Bmpr2/Add3/Pla2g6/Smpd3/Nts/Adrb1/Htr7/Edn3/Drd5/Npy1r/Smad6/Chrm3/Ptk2/Dock5/Adra2b/Kcnma1/Itgb1bp1/Htr2c/Rock1"
"GO:1905475","GO:1905475","regulation of protein localization to membrane",151,0.32168853632681,1.50179772675951,0.00323850370523593,0.0394107330898173,0.0323429758314328,826,"tags=21%, list=9%, signal=19%","Cacng2/Epha3/Grip1/Magi2/Gpc1/Stac/Egfr/Prkn/Grip2/Epb41l1/Dpp10/Dpp6/Fyn/Cacna2d2/Stx8/Nrxn1/Shisa6/Gpc6/Mtcl1/Epm2a/Rhoq/Cdh2/Wnk1/Nbea/Ppfia1/Kalrn/Ramp3/Hectd1/Gsk3b/Ank3/Dbn1"
"GO:0032386","GO:0032386","regulation of intracellular transport",196,-0.301700291743197,-1.46517463955706,0.00315035422606433,0.0394107330898173,0.0323429758314328,2397,"tags=36%, list=26%, signal=27%","Tmem30a/Msn/Sorl1/Rhot1/Rab11a/Oaz2/Mapk14/Oaz1/Ppm1a/Pcm1/Hdac3/Mlc1/Brca1/Stk11/Gcc2/Actn2/Yod1/Ywhae/Dnajc13/Nus1/Map2k1/Ptpn14/Mapt/Ufm1/Mapk8/Stx18/Tmem53/Mtmr4/Pdcd5/Map2k2/Nf2/Chchd4/Prr5l/Sumo1/Ipo5/Nf1/Nolc1/Uhmk1/Vamp2/Yipf5/Ndrg4/Ehd2/Akap1/Prpf4b/Reep2/Nup214/Snx3/Ran/Rbm22/Sirt6/Rab29/Prkcd/Tmem97/Nsun2/Rint1/Chmp3/Ncbp2/Ergic3/Ttc21b/Pgap1/Prkcq/Arf1/Supt6/Snx12/Angpt1/Park7/Rab21/Scp2/Eif3e/Vps35/Vps11"
"GO:0032409","GO:0032409","regulation of transporter activity",112,0.353456199153775,1.58782265823796,0.00330513597038416,0.0398028767715495,0.0326647940932704,2027,"tags=35%, list=22%, signal=27%","Fgf13/Bcl2/Cacng2/Kcne2/Nlgn1/Fgf14/Stac/Lrrc38/Shisa9/Fgf12/Cacna1d/Oprm1/Nr3c2/Dmd/Ripk1/Akap7/Plcb1/Atp1b1/Stimate/Ank3/Slc5a1/Ank2/Reln/Wnk2/Rnf207/Chrm3/Ptpn3/Jph3/Asph/Scn2b/Cacng4/Kcne4/Akap6/Cttnbp2nl/Ndfip2/Ppif/Fmr1/Agrn/Htt"
"GO:0033044","GO:0033044","regulation of chromosome organization",152,-0.325442383314667,-1.53046220294885,0.00329882740950723,0.0398028767715495,0.0326647940932704,2446,"tags=38%, list=27%, signal=28%","Rnf4/Bub3/Terf2/Nfrkb/Cit/Mcrs1/H3f3b/Kat2b/Anapc1/Zfp207/Map3k4/Tnks2/Tnks/Exosc10/Phf10/Lcmt1/Rb1/Gen1/Slf2/Cep192/Cdc27/Uchl5/Spc25/Smg6/Macroh2a1/Slx4/Cct4/Cenpv/Ctc1/Ruvbl1/Sfpq/Pot1b/Prpf4b/Ctnnb1/Ncapg/Nvl/Sirt6/Tent4b/Dync1li1/Smarcb1/Kntc1/Wdhd1/Prkcq/Cdc16/Ptges3/Usp44/Smg1/Nat10/Terf2ip/Anapc7/Smarca5/Smarcd1/Anapc4/Trip13/Smarcc2/Cct8/Mcph1/Hnrnpa2b1"
"GO:0008016","GO:0008016","regulation of heart contraction",102,0.362986628804565,1.59602790877194,0.00340908832862308,0.0408800464257866,0.0335487886135942,1656,"tags=34%, list=18%, signal=28%","Fgf13/Chrm2/Kcne2/Cacna1g/Kcnd2/Cacna1b/Popdc2/Cacna1c/Kcnip1/Tgfb2/Hdac4/Kcnd3/Thrb/Cacna1d/Dmd/Ryr2/Hey2/Atp1b1/Prkca/Tmem65/Ank2/Adrb1/Atp2b4/Cacna1h/Kcnip2/Edn3/Cacna1e/Rnf207/Chrm3/Scn2b/Atp1a1/Gjc1/Kcne4/Rnls/Akap6"
"GO:0008038","GO:0008038","neuron recognition",40,0.486628969688904,1.78635138801371,0.00344174243138767,0.0410967380154681,0.0337266196331789,698,"tags=30%, list=8%, signal=28%","Robo1/Epha3/Cntn5/Dscaml1/Robo2/Ncam2/Epha4/Ext1/Cntnap2/Tnfrsf21/Nrcam/Cntn2"
"GO:0019221","GO:0019221","cytokine-mediated signaling pathway",193,0.311501574773968,1.50573595533212,0.00355182402802442,0.0422322367551596,0.0346584827429254,1436,"tags=24%, list=16%, signal=20%","Robo1/St18/Epha3/Il1rapl2/Erbb4/Epha6/Epha5/Epha7/Epha4/Igf1r/Irf7/Egfr/Prkn/Ext1/Parp14/Hdac4/Chuk/Foxo3/Gigyf2/Wnk1/Traip/Ripk1/Ccdc3/Samhd1/Plcb1/Tank/Cxcl12/Ntrk3/Irs1/Tut4/Ddr2/Rps6ka5/Adar/Stat2/Cebpa/Map3k7/Ctr9/Cd74/Fgfr1/Usp25/Ube2k/Wbp1l/Eda/Dnaja3/Oasl1/Ifih1"
"GO:0035924","GO:0035924","cellular response to vascular endothelial growth factor stimulus",58,0.427636036785104,1.68053657615011,0.00358698803944422,0.042471144097285,0.0348545454341396,1439,"tags=33%, list=16%, signal=28%","Robo1/Epha3/Erbb4/Smoc2/Epha6/Epha5/Epha7/Epha4/Igf1r/Egfr/Ptp4a3/Prkd1/Ntrk3/Ddr2/Vegfc/Atp2b4/Fgfr1/Dab2ip/Itgb1bp1"
"GO:0060840","GO:0060840","artery development",63,0.415428546237137,1.66277519534023,0.0036744502037971,0.0433246890138085,0.0355550191488316,1475,"tags=37%, list=16%, signal=31%","Robo1/Prox1/Robo2/Tgfb2/Wnt11/Acvr2b/Zmiz1/Bmpr2/Prickle1/Bmpr1a/Sox4/Akt3/Hey2/Hectd1/Nfatc3/Arid2/Ltbp1/Myh10/Smad6/Eya1/Hes1/Chd7/Enpp1"
"GO:0008543","GO:0008543","fibroblast growth factor receptor signaling pathway",79,0.383130545620198,1.60993394950453,0.00372483500950375,0.0437357710699232,0.0358923794556129,1316,"tags=28%, list=15%, signal=24%","Epha3/Flrt2/Erbb4/Smoc2/Epha6/Epha5/Epha7/Gpc1/Epha4/Igf1r/Egfr/Ext1/Nrxn1/Ntrk3/Ddr2/Flrt3/Fgf18/Fgf9/Fam20c/Fgfr1/Grb2/Nptn"
"GO:0061744","GO:0061744","motor behavior",26,0.556341491176725,1.81741732304011,0.00378280909525478,0.0442321826988713,0.0362997666838819,1282,"tags=31%, list=14%, signal=26%","Mdga2/Ext1/Cntnap2/Kcnq3/Kcnq2/Mfsd2a/Borcs7/Elp6"
"GO:0030166","GO:0030166","proteoglycan biosynthetic process",56,0.433359409258709,1.69899705282757,0.00383991912442151,0.0447144301347926,0.0366955298666988,1694,"tags=36%, list=19%, signal=29%","Ndst3/Chst11/B4galnt4/Hs3st3b1/Ndst4/Hs6st1/Ext1/Igf1/Bmpr2/Csgalnact1/Hs6st2/Chsy1/Hs6st3/Hs3st3a1/Hs3st5/Hs3st2/Pxylp1/Xylt1/Fam20b/Tcf7l2"
"GO:0003170","GO:0003170","heart valve development",31,0.502801355968023,1.71473560114292,0.00394996610880026,0.045432671406527,0.0372849647305442,1914,"tags=42%, list=21%, signal=33%","Robo1/Robo2/Tgfb2/Bmpr2/Bmpr1a/Sox4/Hey2/Hectd1/Matr3/Smad6/Mtor/Acvr1/Axin2"
"GO:0048814","GO:0048814","regulation of dendrite morphogenesis",78,0.39768177845033,1.66425647233877,0.00394523438398854,0.045432671406527,0.0372849647305442,1380,"tags=29%, list=15%, signal=25%","Robo1/Il1rapl1/Grip1/Cux1/Cux2/Epha4/Cask/Adgrb3/Hecw2/Ppp3ca/Rapgef2/Kalrn/Gsk3b/Dbn1/Hecw1/Reln/Afdn/Grin1/Trpc5/Kndc1/Akap5/Ss18l1/Itpka"
"GO:0007006","GO:0007006","mitochondrial membrane organization",70,-0.395192642207593,-1.64063130524942,0.00393595926105457,0.045432671406527,0.0372849647305442,2387,"tags=40%, list=26%, signal=30%","Rhot1/Hip1r/Afg3l2/Bnip3l/Mtch1/Gclc/Opa1/Bok/Timm10/Pdcd5/Micos13/Letm1/Mfn2/Hspa4/Cibar1/Cln8/Dynlt1c/Vdac2/Samm50/Maip1/Ghitm/Tomm70a/Spg7/Tmem126a/Tomm22/Bnip3/Immt/Apool"
"GO:0009206","GO:0009206","purine ribonucleoside triphosphate biosynthetic process",71,-0.394877576797801,-1.64071621751739,0.00413613254425601,0.0473805752427375,0.0388835395795056,2538,"tags=48%, list=28%, signal=35%","Ndufs1/Ndufb3/Sdhd/Ndufs8/Ndufv2/Ndufb10/Eno1/Ndufa6/Ndufb2/Sdha/Map2k1/mt-Nd6/Ndufc2/Ndufa1/Ndufs2/Atp5pf/Atp5mf/Ndufa5/Atp5f1c/Ndufs3/Atp5mc3/Ndufb5/Ndufs7/Sdhb/Ndufv3/Nme1/Slc25a13/Ndufab1/Ndufs6/Ndufa12/Ndufa8/Atp6v1a/Pid1/Tmsb4x"
"GO:0000045","GO:0000045","autophagosome assembly",80,-0.382637358042399,-1.61584665251402,0.00418761967136293,0.0477761628902864,0.039208184180628,2342,"tags=41%, list=26%, signal=31%","Ulk3/Ulk2/Rab3gap1/Lrsam1/Wdr45b/Wipi1/Tbc1d14/Atg9a/Ift88/Tmem39a/Ift20/Ctsd/Fez2/Atg4b/Atg5/Map1lc3a/Atp2a2/Atg16l1/Rab43/Traf6/Mfn2/Atg101/Tmem41b/Rab33b/Snx7/Trim32/Wipi2/Chek2/Gabarapl1/Pip4k2b/Gabarapl2/Snx4/Ubxn2b"
"GO:0022037","GO:0022037","metencephalon development",100,0.358970985747223,1.5689215927216,0.00423561347687201,0.0481288660396183,0.0394976350114084,1424,"tags=26%, list=16%, signal=22%","Kcnc1/Bcl2/Foxp2/mt-Nd4/Prox1/Rora/Prkg1/Igf1r/Klhl1/Cntnap2/Ezh2/Pdss2/Nrxn1/mt-Co1/Faim2/Ptprs/Myo16/Ogdh/Ncoa1/Grin1/Kndc1/Myh10/Ttbk2/Atp2b2/Gdf10/Gart"
"GO:0007033","GO:0007033","vacuole organization",154,-0.316142807841718,-1.49480733204376,0.0042911630773654,0.0485642471968502,0.0398549367193903,2556,"tags=38%, list=28%, signal=28%","Arl8b/Ppp3cb/Fsip1/Dnajc16/Washc5/Ulk3/Ulk2/Lyset/Rab3gap1/Lrsam1/Hspa8/Wdr45b/Cln5/Wipi1/Tbc1d14/Atg9a/Ift88/Tmem39a/Ift20/Ctsd/Fez2/Atg4b/Atg5/Chmp7/Lyst/Lamp2/Map1lc3a/Vps33a/Atp2a2/Atg16l1/Rab43/Traf6/Mfn2/Atg101/Tmem41b/Rab33b/Cln8/Chmp4b/Rab14/Vps18/Chmp2a/Creg1/Chmp3/Vps4b/Snx7/Trim32/Wipi2/Chmp1b2/Arf1/Tpcn2/Chek2/Gabarapl1/Ppt1/Pip4k2b/Gabarapl2/Snx4/Vps35/Ubxn2b/Vps11"
"GO:0051590","GO:0051590","positive regulation of neurotransmitter transport",20,0.58165445283533,1.80718532200523,0.00435501731765007,0.0490408986172787,0.0402461074529011,611,"tags=30%, list=7%, signal=28%","Nlgn1/Rab3b/Cacna1b/Syt1/Prkn/Cacna1d"
"GO:0042775","GO:0042775","mitochondrial ATP synthesis coupled electron transport",58,-0.414866658272676,-1.65378423776658,0.00436808571786266,0.0490408986172787,0.0402461074529011,1756,"tags=43%, list=19%, signal=35%","mt-Nd6/Uqcrh/Ndufc2/Cox4i1/Uqcr11/Ndufs2/Uqcrfs1/Coq9/Ndufs3/Cox7b2/Ndufs7/Sdhb/Cox7a2/Ndufv3/Uqcrb/Dld/Uqcr10/Uqcrc1/Ndufs6/Ndufa12/Ndufa8/Uqcrq/Park7/Cycs/Coq7"
"GO:0097107","GO:0097107","postsynaptic density assembly",24,0.561567262518375,1.79212078734244,0.00442490966935085,0.0493570192168309,0.0405055362965065,1192,"tags=38%, list=13%, signal=33%","Nrxn3/Nlgn1/Nrxn1/Prickle1/Ptprs/Ntrk3/Reln/Lats1/Fgfr1"
"GO:0099601","GO:0099601","regulation of neurotransmitter receptor activity",21,0.570034219899071,1.78522950462635,0.00443127248469064,0.0493570192168309,0.0405055362965065,991,"tags=38%, list=11%, signal=34%","Cacng2/Dlgap2/Nlgn1/Begain/Shisa9/Shisa6/Oprm1/Reln"
"GO:0006754","GO:0006754","ATP biosynthetic process",66,-0.399412670239963,-1.63063018005871,0.00448799392125605,0.0497919955515731,0.0408625057811834,2538,"tags=50%, list=28%, signal=36%","Ndufs1/Ndufb3/Sdhd/Ndufs8/Ndufv2/Ndufb10/Eno1/Ndufa6/Ndufb2/Sdha/Map2k1/mt-Nd6/Ndufc2/Ndufa1/Ndufs2/Atp5pf/Atp5mf/Ndufa5/Atp5f1c/Ndufs3/Atp5mc3/Ndufb5/Ndufs7/Sdhb/Ndufv3/Slc25a13/Ndufab1/Ndufs6/Ndufa12/Ndufa8/Atp6v1a/Pid1/Tmsb4x"
"GO:0071774","GO:0071774","response to fibroblast growth factor",91,0.367798964791589,1.5856439588966,0.00453422858915914,0.0501076712323548,0.0411215694959036,2100,"tags=36%, list=23%, signal=28%","Kcnc1/Epha3/Flrt2/Erbb4/Smoc2/Epha6/Epha5/Epha7/Gpc1/Epha4/Igf1r/Egfr/Ext1/Nrxn1/Ntrk3/Ddr2/Flrt3/Fgf18/Fgf9/Fam20c/Fgfr1/Grb2/Nptn/Itgb1bp1/Enpp1/Tcf7l2/Wnt5a/Fgf1/Ptpn1/Tyro3/Kif16b/Apln/Tnc"
"GO:0019233","GO:0019233","sensory perception of pain",50,0.434303122912529,1.66455377805544,0.00456550019381645,0.0502561701022451,0.0412434371949619,1676,"tags=46%, list=18%, signal=38%","Kcnd2/Grm8/Dlg2/Fyn/Grin2b/Penk/Oprm1/Mmp24/Cxcl12/Mme/Bace1/Fto/Grin1/Htr7/Npy1r/Cacna1e/Kcna2/Pawr/Retreg1/Aqp1/Pomk/Ano1/Tmem120a"
"GO:0048593","GO:0048593","camera-type eye morphogenesis",87,0.376246531263503,1.60758757638307,0.00459486358864488,0.0503825898552579,0.0413471853543019,1945,"tags=37%, list=21%, signal=29%","Ptprm/Prox1/Hipk2/Sox11/Bcar3/Arid1a/Sox1/Sdk2/Large1/Nectin1/Abi2/Thrb/Pou2f1/Ski/Zhx2/Sox4/Sox12/Mfsd2a/Six3/Fat1/Cdon/Rpgr/Tenm3/Megf11/Zeb1/Aqp1/Lrp5/Atp8a2/Fat3/Sox2/Calb1/Nectin3"
"GO:0006637","GO:0006637","acyl-CoA metabolic process",58,-0.412667510811241,-1.64501776946713,0.00474141764524272,0.0511927774877164,0.0420120773002551,1196,"tags=28%, list=13%, signal=24%","Far1/Acadsb/Cs/Acly/Fasn/Dld/Acsl1/Sucla2/Fitm2/Pdhb/Suclg2/Mmut/Mpc1/Dlst/Nudt7/Mpc2"
"GO:0035383","GO:0035383","thioester metabolic process",58,-0.412667510811241,-1.64501776946713,0.00474141764524272,0.0511927774877164,0.0420120773002551,1196,"tags=28%, list=13%, signal=24%","Far1/Acadsb/Cs/Acly/Fasn/Dld/Acsl1/Sucla2/Fitm2/Pdhb/Suclg2/Mmut/Mpc1/Dlst/Nudt7/Mpc2"
"GO:0006029","GO:0006029","proteoglycan metabolic process",73,0.397868103051089,1.63654675429731,0.00472715332728149,0.0511927774877164,0.0420120773002551,1751,"tags=36%, list=19%, signal=29%","Ndst3/Chst11/B4galnt4/Hs3st3b1/Gpc1/Ndst4/Hs6st1/Ext1/Igf1/Bmpr2/Csgalnact1/Hs6st2/Chsy1/Galns/Bpnt2/Hs6st3/Hs3st3a1/Hs3st5/Hs3st2/Pxylp1/Dsel/Xylt1/Hexa/Fam20b/Tcf7l2/Glb1"
"GO:0032412","GO:0032412","regulation of monoatomic ion transmembrane transporter activity",99,0.366344979703573,1.60122421140494,0.00469902534271041,0.0511927774877164,0.0420120773002551,1656,"tags=30%, list=18%, signal=25%","Fgf13/Cacng2/Kcne2/Nlgn1/Fgf14/Stac/Lrrc38/Shisa9/Fgf12/Cacna1d/Oprm1/Nr3c2/Dmd/Akap7/Plcb1/Atp1b1/Stimate/Ank3/Ank2/Reln/Wnk2/Rnf207/Chrm3/Ptpn3/Jph3/Asph/Scn2b/Cacng4/Kcne4/Akap6"
"GO:0048639","GO:0048639","positive regulation of developmental growth",123,0.34630088167919,1.57126961550379,0.00478202442719802,0.0514341405948245,0.0422101553497551,2000,"tags=35%, list=22%, signal=28%","Cdh4/Ccn4/Bcl2/Erbb4/Prox1/Syt1/Igf1r/Prkn/Itsn2/Pum2/Igf1/Cacna2d2/Bmpr2/Bmpr1a/Hey2/Plcb1/Ep300/Gsk3b/Cxcl12/Ntrk3/Dbn1/Adrb1/Afdn/Trpc5/Fgf9/Fgfr1/Rims2/Chd7/Ist1/Mtor/Ntn1/Adnp/Akap6/Atp8a2/Hsf1/Bdnf/Ccnd2/Fdps/Wnt5a/Cpne9/Celf1/Agrn/Dcx"
"GO:0061614","GO:0061614","miRNA transcription",47,0.448775453665368,1.70469216003702,0.00482602602764853,0.0517100431403558,0.0424365786781822,1257,"tags=34%, list=14%, signal=29%","Ddx17/Tead1/Ncor2/Egfr/Ets1/Tgfb2/Hdac4/Bmpr1a/Foxo3/Srebf2/Ppara/Smad1/Nfatc3/Klf5/Smad6/Mrtfa"
"GO:0043542","GO:0043542","endothelial cell migration",143,0.316570543728765,1.46716533661945,0.00494485196793272,0.052782548657706,0.0433167455085653,1439,"tags=23%, list=16%, signal=20%","Sash1/Robo1/Bmper/Ptprm/Smoc2/Pik3r3/Prox1/Stard13/Pik3c2a/Pecam1/Zeb2/Ets1/Bcas3/Ptp4a3/Igf1/Adgrb1/Fstl1/Akt3/Prkd1/Prkca/Cxcl12/Amotl1/Vegfc/Atp2b4/Fgf18/Fgfr1/Ptk2/Spred1/Nr2f2/Dab2ip/Grn/Pxn/Itgb1bp1"
"GO:0043113","GO:0043113","receptor clustering",54,0.422430770868734,1.64023103089046,0.00498411805729947,0.0530009233413958,0.0434959577830662,1439,"tags=31%, list=16%, signal=27%","Nlgn1/Magi2/Dlg2/Grip2/Lrrtm4/Nrxn1/Shisa6/Grin2b/Cdh2/Lhfpl4/Arhgef9/Reln/Grik2/Akap5/Dnaja3/Sorbs2/Itgb1bp1"
"GO:0045123","GO:0045123","cellular extravasation",27,0.52704856358807,1.74285544757619,0.00520359422206873,0.055126798939059,0.0452405876766324,1571,"tags=44%, list=17%, signal=37%","Fut9/Pecam1/Ext1/St3gal4/Ripor2/Plcb1/Cxcl12/Podxl2/Pawr/Chst2/Pdgfd/Rock1"
"GO:0030201","GO:0030201","heparan sulfate proteoglycan metabolic process",34,0.491986340472354,1.70822889579201,0.00529596571713504,0.0558952486550058,0.0458712268107458,1694,"tags=41%, list=19%, signal=34%","Ndst3/Hs3st3b1/Gpc1/Ndst4/Hs6st1/Ext1/Hs6st2/Hs6st3/Hs3st3a1/Hs3st5/Hs3st2/Pxylp1/Xylt1/Tcf7l2"
"GO:0019058","GO:0019058","viral life cycle",125,-0.326235395871193,-1.48855325133885,0.00543452496156943,0.0571436244093383,0.0468957240399374,2341,"tags=38%, list=26%, signal=28%","Dpp4/Bsg/Lrsam1/Phb1/Hspa8/Ppie/Smc6/Tarbp2/Tmem39a/Inpp5k/Ccnk/Jpt2/Eif2ak2/Fbxl2/Grk2/Atg5/Chmp7/Pcbp2/Cnot7/Eif2ak4/Atg16l1/Rab43/Insr/Ctsb/Tmem41b/Setdb1/Chmp4b/Vps18/Chmp2a/Chmp3/Vps4b/Uvrag/Ppih/Tpcn1/Ddx3x/Smarcb1/Eps15/Chmp1b2/Nr5a2/Tpcn2/Npc1/Eef1a1/P4hb/Itgav/Nrp1/Ddx5/Znfx1"
"GO:0048010","GO:0048010","vascular endothelial growth factor receptor signaling pathway",52,0.42009913474969,1.6200392718218,0.00550134616691592,0.0576312025961676,0.047295861978925,1408,"tags=35%, list=16%, signal=29%","Robo1/Epha3/Erbb4/Epha6/Epha5/Epha7/Epha4/Igf1r/Egfr/Prkd1/Ntrk3/Ddr2/Vegfc/Fgf18/Fgf9/Fgfr1/Epn2/Dab2ip"
"GO:0048013","GO:0048013","ephrin receptor signaling pathway",45,0.45153216348501,1.69635454644483,0.00556946867274645,0.0579540741052349,0.0475608310519597,1247,"tags=31%, list=14%, signal=27%","Epha3/Erbb4/Epha6/Epha5/Epha7/Epha4/Igf1r/Egfr/Ephb6/Ntrk3/Nck2/Ddr2/Fgfr1/Ptk2"
"GO:1990748","GO:1990748","cellular detoxification",44,-0.440226216381898,-1.6550773434878,0.00559386378872388,0.0579540741052349,0.0475608310519597,1887,"tags=43%, list=21%, signal=34%","Gpx4/Gpx3/Prdx6b/Prdx4/Prdx3/Prdx1/Gpx1/Cygb/Txnrd1/Sod1/Sod2/Mgst3/Cat/Rab29/Gstk1/Park7/Cp/Sesn1/Ptgs1"
"GO:0003151","GO:0003151","outflow tract morphogenesis",50,0.429416726819012,1.64582568551032,0.00558815241807042,0.0579540741052349,0.0475608310519597,1552,"tags=32%, list=17%, signal=27%","Robo1/Robo2/Sox11/Tgfb2/Wnt11/Bmpr2/Prickle1/Bmpr1a/Fzd1/Hey2/Dhrs3/Npy1r/Smad6/Eya1/Hes1/Ankrd11"
"GO:0006936","GO:0006936","muscle contraction",166,0.312898185458805,1.48029033061874,0.00586800034705206,0.0605715200659073,0.0497088751203909,1689,"tags=31%, list=19%, signal=26%","Sgcd/Fgf13/Chrm2/Kcne2/Cacna1g/Kcnd2/Stac/Prkg1/Cacna1c/Setd3/Kcnip1/Grip2/Slc8a3/Synm/Rap1gds1/Hdac4/Kcnd3/Large1/Tshz3/Cacna1d/Dmd/Ryr2/Pla2g6/Prkd1/Myl6/Atp1b1/Prkca/Smpd3/Dbn1/Ank2/Adrb1/Atp2b4/Cacna1h/Kcnip2/Htr7/Edn3/Npy1r/Rnf207/Pawr/Chrm3/Dock5/Adra2b/Kcnma1/Tpm4/Fkrp/Scn2b/Mtor/Atp1a1/Kcne4/Akap6/Apbb1/Atp8a2"
"GO:0035904","GO:0035904","aorta development",42,0.460081913247852,1.71321964572989,0.00597453893533714,0.0614461705101462,0.0504266693850776,1879,"tags=45%, list=21%, signal=36%","Robo1/Prox1/Robo2/Tgfb2/Prickle1/Bmpr1a/Sox4/Hey2/Hectd1/Ltbp1/Myh10/Smad6/Eya1/Hes1/Chd7/Enpp1/Kat6a/Cntrl/Sufu"
"GO:0051480","GO:0051480","regulation of cytosolic calcium ion concentration",49,0.43377569957763,1.66015440595839,0.00617252644330364,0.06302238955518,0.0517202158502598,1522,"tags=41%, list=17%, signal=34%","Calb2/Calcb/Rimbp2/Kcnh1/Erc1/Adcy8/Grin2b/Cdh23/Cacna1d/Ryr2/Erc2/Atp2b4/Fto/Trpc5/Itpr1/Npy1r/Atp2b2/Asph/Cnr1/Hcrtr2"
"GO:0071824","GO:0071824","protein-DNA complex organization",119,-0.326116827809897,-1.47928869303897,0.00615911581730805,0.06302238955518,0.0517202158502598,1902,"tags=31%, list=21%, signal=25%","Cenpt/Med14/Macroh2a2/Tbp/Med28/Gtf2f2/Shprh/Macroh2a1/Asf1a/Rpl23/Taf2/Cenpv/Rrn3/Taf13/Med17/Taf10/Mis18a/Psmc6/Med8/Med20/Gtf2b/Med16/Med31/Smarcb1/Mis12/Rad52/Kntc1/Supt6/Taf7/Smarca5/Smarcd1/Mcm3ap/Rbbp4/Taf9/Nap1l4/Smarcc2/Chaf1a"
"GO:0060996","GO:0060996","dendritic spine development",111,0.341207693871522,1.53212717767358,0.00626379687171851,0.063723392001815,0.052295503428332,1669,"tags=28%, list=18%, signal=23%","Il1rapl1/Arid1b/Nlgn1/Epha5/Cux2/Epha4/Cask/Cntnap2/Abi2/Ptprs/Crebbp/Kalrn/Ppfia2/Dbn1/Nck2/Pbrm1/Reln/Afdn/Iqsec1/Ctnnd2/Lzts3/Itpka/Cpeb3/Grn/Uba6/Mapk6/Pak4/Ulk4/Mtor/Ngef/Itsn1"
"GO:0061035","GO:0061035","regulation of cartilage development",39,0.475085447928483,1.73253137906581,0.00636208176458153,0.0644904547215495,0.0529250043043757,1240,"tags=38%, list=14%, signal=33%","Ccn4/Sox6/Maf/Rarb/Tgfb2/Wnt9a/Bmpr2/Thrb/Trps1/Smpd3/Smad1/Fgf18/Glg1/Sox5/Zbtb16"
"GO:0090102","GO:0090102","cochlea development",39,0.474634604100022,1.73088725150249,0.00643316574163426,0.0648650766804082,0.0532324431163785,1945,"tags=44%, list=21%, signal=34%","Epha4/Gabra5/Nectin1/Cdh23/Hey2/Sobp/Kcnk3/Myo3a/Eya1/Atp2b2/Hes1/Myo3b/Zeb1/Wnt5a/Calb1/Gabrb2/Nectin3"
"GO:0050805","GO:0050805","negative regulation of synaptic transmission",53,0.436897215291456,1.68110373747873,0.00646821378906264,0.0648650766804082,0.0532324431163785,1728,"tags=42%, list=19%, signal=34%","Gria1/Adcy8/Prkn/Cntnap2/Shank2/Sorcs2/Grik3/Slc6a1/Penk/Pla2g6/Gnai1/Pcdh17/Grik1/Grik2/Drd5/Rapgef4/Gnal/Sorcs3/Adnp/Kcnb1/Dgki/Bdnf"
"GO:0006119","GO:0006119","oxidative phosphorylation",95,-0.347243494855409,-1.50111979230174,0.00649111129307137,0.0648650766804082,0.0532324431163785,1756,"tags=37%, list=19%, signal=30%","mt-Nd6/Uqcrh/Ndufc2/Cox4i1/Ndufa1/Uqcr11/Msh2/Ndufs2/Macroh2a1/Atp5pf/Atp5mf/Uqcc2/Uqcrfs1/Ndufa5/Atp5f1c/Coq9/Ndufs3/Cox7b2/Ndufb5/Ndufs7/Sdhb/Cox7a2/Ndufv3/Uqcrb/Dld/Uqcr10/Uqcrc1/Ndufab1/Ndufs6/Ndufa12/Ndufa8/Uqcrq/Park7/Cycs/Coq7"
"GO:0046883","GO:0046883","regulation of hormone secretion",184,0.297864493896387,1.42989817822266,0.00644838665171928,0.0648650766804082,0.0532324431163785,1694,"tags=30%, list=19%, signal=25%","Epha5/Mtnr1b/Doc2b/Cacna1c/Sox11/Adcy8/Egfr/Cckbr/Cask/Prkn/Adcy5/Kcnk9/Abcg1/Ppp3ca/Arhgef7/Kcnj6/Cacna1d/Pde3b/Oprm1/Klf7/Sox4/Pla2g6/Prkd1/Kalrn/Plcb1/Brsk2/Pfkl/Rab11fip5/Stxbp5l/Nell2/Irs1/Capn10/Madd/Prkce/Fto/Acvr2a/Itpr1/Edn3/Rapgef4/Fgfr1/Npy1r/Cacna1e/Chrm3/Ptbp1/Chd7/Cnr1/Htr2c/Lrp5/Map4k4/Kcnb1/Ano1/Bmp6/Itsn1/Stxbp4/Tcf7l2"
"GO:0048284","GO:0048284","organelle fusion",135,-0.312921549760593,-1.44885844005468,0.00654261555533007,0.0651487301587284,0.0534652273574862,1947,"tags=33%, list=21%, signal=27%","Trim9/Stx2/Bloc1s6/Vps39/Opa1/Snap23/Pnpla2/Chmp7/Rph3a/Vps8/Stxbp6/Rufy1/Rab3a/Cplx2/Stx16/Gnai3/Stx6/Mfn2/Vat1/Vamp2/Yipf5/Rcc1l/Rab8a/Thg1l/Chmp4b/Rab14/Vps18/Chmp2a/Stx1a/Stx7/Chmp3/Uvrag/Snap47/Yipf4/Yme1l1/Chmp1b2/Bet1/Stx19/Vamp1/Bnip3/Pip4k2b/Snap29/Ankfy1/Gdap1/Vps11"
"GO:0042773","GO:0042773","ATP synthesis coupled electron transport",59,-0.388979191420408,-1.56103745749541,0.00660287768794219,0.0655172863542996,0.0537676882150073,1756,"tags=42%, list=19%, signal=34%","mt-Nd6/Uqcrh/Ndufc2/Cox4i1/Uqcr11/Ndufs2/Uqcrfs1/Coq9/Ndufs3/Cox7b2/Ndufs7/Sdhb/Cox7a2/Ndufv3/Uqcrb/Dld/Uqcr10/Uqcrc1/Ndufs6/Ndufa12/Ndufa8/Uqcrq/Park7/Cycs/Coq7"
"GO:0043406","GO:0043406","positive regulation of MAP kinase activity",57,0.410005323712936,1.60788893222719,0.00664453746588179,0.0656993213293154,0.0539170777933234,1408,"tags=32%, list=16%, signal=27%","Sash1/Robo1/Tenm1/Epha4/Zeb2/Egfr/Adam9/Ezh2/Ntrk3/Map3k5/Nek10/Fgd4/Map3k7/Edn3/Fgf18/Fgfr1/Map2k4/Dab2ip"
"GO:0071763","GO:0071763","nuclear membrane organization",25,-0.52846850369762,-1.74238655916205,0.00673708251899792,0.066381463421455,0.0544768873545765,1675,"tags=36%, list=18%, signal=29%","Tor1a/Chmp7/Brox/Chmp4b/Chmp2a/Chmp3/Vps4b/Chmp1b2/Ubxn2b"
"GO:1905874","GO:1905874","regulation of postsynaptic density organization",20,0.564487205764625,1.75384712993228,0.00690424995241839,0.0673224095706402,0.0552490881277115,1192,"tags=40%, list=13%, signal=35%","Nlgn1/Nrxn1/Prickle1/Ptprs/Cdh2/Dbn1/Lats1/Fgfr1"
"GO:0015986","GO:0015986","proton motive force-driven ATP synthesis",51,-0.439829946359879,-1.71478949321631,0.00687901379083682,0.0673224095706402,0.0552490881277115,2538,"tags=55%, list=28%, signal=40%","Ndufs1/Ndufb3/Sdhd/Ndufs8/Ndufv2/Ndufb10/Ndufa6/Ndufb2/Sdha/mt-Nd6/Ndufc2/Ndufa1/Ndufs2/Atp5pf/Atp5mf/Ndufa5/Atp5f1c/Ndufs3/Atp5mc3/Ndufb5/Ndufs7/Sdhb/Ndufv3/Ndufab1/Ndufs6/Ndufa12/Ndufa8/Atp6v1a"
"GO:0001101","GO:0001101","response to acid chemical",90,0.354745244673232,1.52766202800862,0.00689264274136612,0.0673224095706402,0.0552490881277115,1807,"tags=37%, list=20%, signal=30%","Bcl2/Gria1/Glra3/Igf1r/Egfr/Prkn/Fyn/Gria2/Ep300/Sesn3/Crls1/Atp2b4/Grin1/Cpeb4/Col4a1/Cdkn1b/Cybb/Pdgfd/Gdf10/Capn2/Cpeb3/Dnmt3a/Zeb1/Mtor/Nfat5/Kcnb1/Castor2/Hsf1/Bdnf/Col4a6/Samtor/Tmbim6/Lrp11"
"GO:0003382","GO:0003382","epithelial cell morphogenesis",26,0.53080379866453,1.7339925821243,0.00702514148855023,0.0682649955680501,0.0560226346654985,1153,"tags=38%, list=13%, signal=34%","Bcl11b/Magi1/Pard3/Pecam1/St14/Palld/Jmjd1c/Dact2/Fat1/Ccdc88c"
"GO:0045940","GO:0045940","positive regulation of steroid metabolic process",20,0.562610216759817,1.74801537370224,0.00718749879850402,0.0696026515951351,0.0571204010139748,2029,"tags=65%, list=22%, signal=51%","Igf1r/Qki/Abcg1/Igf1/Ppargc1a/Srebf2/Gnai1/Npy1r/Bmp6/Scap/Fdps/Fgf1/Srebf1"
"GO:0051155","GO:0051155","positive regulation of striated muscle cell differentiation",25,0.537810173294446,1.73875621279164,0.00737070955219137,0.0711323956098469,0.0583758070878315,2146,"tags=60%, list=24%, signal=46%","Ccn4/Bcl2/Prox1/Igf1/Prkd1/Ep300/Gsk3b/Adrb1/Mtor/Akap6/Rbm24/Fdps/Epc1/Efnb2/Mylk3"
"GO:0060411","GO:0060411","cardiac septum morphogenesis",47,0.432477580716406,1.64278401418266,0.00740057206942737,0.0711768330772912,0.0584122753243468,738,"tags=26%, list=8%, signal=24%","Robo1/Prox1/Robo2/Sox11/Tgfb2/Wnt11/Bmpr2/Bmpr1a/Fzd1/Sox4/Hey2/Dhrs3"
"GO:0021988","GO:0021988","olfactory lobe development",31,0.479676765731394,1.63587233303529,0.00750194976900856,0.0719064437043066,0.059011040610497,2318,"tags=45%, list=26%, signal=34%","Robo1/Erbb4/Robo2/Ext1/Ski/Dlx5/Ogdh/Fgfr1/Chd7/Wnt5a/Nr2e1/Htt/Slit1/Pcnt"
"GO:1904646","GO:1904646","cellular response to amyloid-beta",21,0.548338198080394,1.71728204299751,0.00760297828350821,0.0726277722133089,0.0596030090592954,931,"tags=38%, list=10%, signal=34%","Grm5/Epha4/Igf1r/Igf1/Fyn/Foxo3/Gsk3b/Bace1"
"GO:0061333","GO:0061333","renal tubule morphogenesis",43,0.459685946416774,1.71907875746649,0.00766880902738718,0.0730091345918145,0.0599159794920684,1382,"tags=35%, list=15%, signal=30%","Bcl2/Pkd1/Hs3st3b1/Kif26b/Lgr5/Wnt11/Gzf1/Fmn1/Mtss1/Hs3st3a1/Col4a1/Lgr4/Gpc3/Eya1/Hes1"
"GO:0042776","GO:0042776","proton motive force-driven mitochondrial ATP synthesis",49,-0.417193710446143,-1.61046795121498,0.00774443703426945,0.073480887416065,0.0603031301233031,2538,"tags=53%, list=28%, signal=38%","Ndufs1/Ndufb3/Sdhd/Ndufs8/Ndufv2/Ndufb10/Ndufa6/Ndufb2/Sdha/mt-Nd6/Ndufc2/Ndufa1/Ndufs2/Atp5pf/Atp5mf/Ndufa5/Atp5f1c/Ndufs3/Ndufb5/Ndufs7/Sdhb/Ndufv3/Ndufab1/Ndufs6/Ndufa12/Ndufa8"
"GO:0043368","GO:0043368","positive T cell selection",21,0.546894172907435,1.71275965424575,0.00789260695620198,0.0743411182062365,0.0610090906948196,1507,"tags=43%, list=17%, signal=36%","Bcl2/Bcl11b/Ep300/Nfatc3/Itpkb/Cd74/Tox/Braf/Mtor"
"GO:0031114","GO:0031114","regulation of microtubule depolymerization",27,0.515761622201179,1.70553154871439,0.00786201545637174,0.0743411182062365,0.0610090906948196,1928,"tags=44%, list=21%, signal=35%","Fgf13/Nav3/Taok1/Atxn7/Ttbk2/Ccdc88c/Eml4/Spast/Map1a/Map2/Katnb1/Hdgfl3"
"GO:0003158","GO:0003158","endothelium development",74,0.374628438649542,1.54784874944271,0.00791424253437578,0.0743411182062365,0.0610090906948196,2252,"tags=42%, list=25%, signal=32%","Magi1/Prox1/Stard13/Pecam1/Acvr2b/Bmpr2/Rapgef2/Ptprs/Fstl1/Fzd1/Dmd/Hey2/Plcb1/Rapgef1/Pbrm1/Afdn/Tjp1/Vcl/Nr2f2/Zeb1/Rock1/Bmp6/Acvr1/Fgf1/Lipa/Rap2c/Foxj2/Heg1/Add1/Flvcr2/Slc40a1"
"GO:0051147","GO:0051147","regulation of muscle cell differentiation",86,0.36143669110693,1.54131239399948,0.0081545668456621,0.0763440842892884,0.0626528531558651,1835,"tags=38%, list=20%, signal=31%","Ccn4/Sox6/Bcl2/Prox1/Setd3/Hdac4/Ezh2/Igf1/Bmpr2/Bmpr1a/Tshz3/Prkd1/Hey2/Ppara/Ctdp1/Ep300/Gsk3b/Rbm38/Smad1/Adrb1/Nfatc3/Fgf9/Ptbp1/Pias1/Rcan1/Zeb1/Mtor/Akap6/Ankrd17/Bdnf/Rbm24/Ccnd2/Fdps"
"GO:0035270","GO:0035270","endocrine system development",68,0.389024350659852,1.56995429312366,0.00818223592740439,0.0763494729914754,0.0626572754705732,1972,"tags=35%, list=22%, signal=28%","Hipk2/Nkx2-1/Igf1r/Wnt11/Bmpr1a/Rap1gap/Tg/Cdh2/Pde3b/Sox4/Six3/Cdk6/Hes1/Braf/Arid5b/Bmp6/Tcf7l2/Dkk3/Raf1/Eif2ak3/Ly6e/Wnt5a/Sox2/Clock"
"GO:0045216","GO:0045216","cell-cell junction organization",100,0.346435611102376,1.51413437945361,0.00837235058096654,0.0778656235549957,0.0639015258863418,1661,"tags=31%, list=18%, signal=26%","Cdh4/Plekha7/Cdh9/Pard3/Cdh7/Cdh6/Epha4/Pecam1/Ext1/Cntnap2/Tgfb2/Wnt11/Nfasc/Nectin1/Abi2/Ptpro/Cdh2/Prkca/Cdh10/Ugt8a/Afdn/Cdh22/Tbcd/Mtss1/Tjp1/Vcl/Fkrp/Rock1/Kirrel1/Gjc1/Bmp6"
"GO:0010824","GO:0010824","regulation of centrosome duplication",35,-0.471643743000348,-1.69526050488343,0.00846564467816426,0.0784742983653516,0.0644010434831263,1884,"tags=40%, list=21%, signal=32%","Trim37/Gen1/Cep192/Tmem67/Chordc1/Nubp1/Chmp4b/Chmp2a/Chmp3/Vps4b/Azin1/Spice1/Nat10/Ccnf"
"GO:0006470","GO:0006470","protein dephosphorylation",69,0.373570095167686,1.50581825017533,0.00852610351557793,0.0785314807262137,0.0644479709967844,2034,"tags=35%, list=22%, signal=27%","Bcl2/Ptprm/Ptprt/Ptprr/Ppp3ca/Ubash3b/Ptpro/Dusp11/Ptprs/Epm2a/Ctdp1/Dusp22/Ptpn13/Ppp1r12a/Eya1/Phpt1/Ptpn3/Mtmr3/Ptprz1/Cttnbp2nl/Ptpn1/Eya3/Ppm1g/Btrc"
"GO:0032984","GO:0032984","protein-containing complex disassembly",176,-0.294910404403096,-1.41149013231103,0.0085275490071758,0.0785314807262137,0.0644479709967844,1690,"tags=29%, list=19%, signal=24%","Atg5/Sh3gl3/Dnajc17/Lix1l/Chmp7/Plekhh2/Lamp2/Jmjd4/Map1lc3a/Vps33a/Pik3ca/Dnajc6/Gsn/Ccsap/Synj1/Atp2a2/Eef2k/Rpl23/Fyco1/Nsf/Sh3gl1/Insr/Oga/Napa/Abce1/Chmp4b/Ccn2/Chmp2a/Chmp3/Vps4b/Uvrag/Calm2/Dyrk3/Sgk1/Smarcb1/Apc2/Chmp1b2/Capza1b/Stmn1/Zmpste24/Gabarapl1/Bnip3/Smarcd1/Cfl2/Cltc/Wdr1/Snap29/Gabarapl2/Smarcc2/Napb/Dstn"
"GO:0006692","GO:0006692","prostanoid metabolic process",25,-0.521953978874062,-1.72090785151443,0.00869939830247992,0.0796114561449723,0.0653342681074686,2406,"tags=44%, list=27%, signal=32%","Sco1/Acox1/Pnpla8/Ptgr2/Mif/Mgst3/Ptges3/Fabp5/Gstp3/Comt/Ptgs1"
"GO:0060993","GO:0060993","kidney morphogenesis",54,0.409550905411501,1.59022057603368,0.00870132309888271,0.0796114561449723,0.0653342681074686,1382,"tags=30%, list=15%, signal=25%","Bcl2/Erbb4/Pkd1/Hs3st3b1/Kif26b/Wnt11/Ppp3ca/Tshz3/Gzf1/Sox4/Fmn1/Hs3st3a1/Lgr4/Gpc3/Eya1/Hes1"
"GO:0051701","GO:0051701","biological process involved in interaction with host",66,-0.382304241791115,-1.56078382354402,0.00886871424762436,0.0808803778310856,0.0663756266463319,1034,"tags=26%, list=11%, signal=23%","Insr/Ctsb/Dynlt1c/Chmp4b/Vps18/Chmp2a/Chmp3/Vps4b/Uvrag/Tpcn1/Eps15/Chmp1b2/Tpcn2/Npc1/P4hb/Itgav/Nrp1"
"GO:0003281","GO:0003281","ventricular septum development",55,0.412942310071541,1.60996409565092,0.00894109974166988,0.0812774808775023,0.0667015148809804,2638,"tags=51%, list=29%, signal=36%","Robo1/Prox1/Robo2/Sox11/Tgfb2/Wnt11/Bmpr2/Bmpr1a/Fzd1/Sox4/Hey2/Hectd1/Matr3/Ltbp1/Smad6/Hes1/Acvr1/Cntrl/Wnt5a/Sufu/Heg1/Lrp2/Egln1/Trip11/Smarca4/Lrp6/Luzp1/Lmo4"
"GO:0098703","GO:0098703","calcium ion import across plasma membrane",21,0.540645430072049,1.69318988161257,0.00919593927022081,0.0829667336921229,0.0680878241087722,1578,"tags=52%, list=17%, signal=43%","Cacna1b/Cacna1c/Slc8a3/Ppp3ca/Fyn/Cacna1d/Adrb1/Cacna1e/Pawr/Akap5/Nalf2"
"GO:1902656","GO:1902656","calcium ion import into cytosol",21,0.540645430072049,1.69318988161257,0.00919593927022081,0.0829667336921229,0.0680878241087722,1578,"tags=52%, list=17%, signal=43%","Cacna1b/Cacna1c/Slc8a3/Ppp3ca/Fyn/Cacna1d/Adrb1/Cacna1e/Pawr/Akap5/Nalf2"
"GO:0030048","GO:0030048","actin filament-based movement",73,0.381526400916309,1.56932859988061,0.00921525466488093,0.0829667336921229,0.0680878241087722,1656,"tags=34%, list=18%, signal=28%","Sgcd/Fgf13/Kcne2/Pard3/Cacna1c/Zeb2/Qki/Syne2/Kcnd3/Cacna1d/Ryr2/Myl6/Dbn1/Ank2/Adrb1/Cacna1h/Myh10/Ccdc88c/Rnf207/Limch1/Scn2b/Atp1a1/Rock1/Kcne4/Akap6"
"GO:0048384","GO:0048384","retinoic acid receptor signaling pathway",20,0.550335373140175,1.70987775245445,0.00932233766544793,0.0831472891235528,0.0682359994787066,738,"tags=30%, list=8%, signal=28%","Esrrg/Zfp536/Rarb/Ezh2/Thrb/Dhrs3"
"GO:0009145","GO:0009145","purine nucleoside triphosphate biosynthetic process",72,-0.371274474000168,-1.54379216716703,0.00932350930292256,0.0831472891235528,0.0682359994787066,2538,"tags=47%, list=28%, signal=34%","Ndufs1/Ndufb3/Sdhd/Ndufs8/Ndufv2/Ndufb10/Eno1/Ndufa6/Ndufb2/Sdha/Map2k1/mt-Nd6/Ndufc2/Ndufa1/Ndufs2/Atp5pf/Atp5mf/Ndufa5/Atp5f1c/Ndufs3/Atp5mc3/Ndufb5/Ndufs7/Sdhb/Ndufv3/Nme1/Slc25a13/Ndufab1/Ndufs6/Ndufa12/Ndufa8/Atp6v1a/Pid1/Tmsb4x"
"GO:0051225","GO:0051225","spindle assembly",81,-0.359232174305284,-1.52186240909649,0.00932382660150557,0.0831472891235528,0.0682359994787066,2496,"tags=43%, list=28%, signal=32%","Washc5/Rnf4/Wrap73/Rab11a/Poldip2/Cep97/Hdac3/Washc1/Zfp207/Aspm/Bccip/Mlh1/Kif11/Cep192/Chmp7/Mzt1/Ccsap/Bcas2/Haus2/Ska2/Tubgcp2/Chmp4b/Chmp2a/Racgap1/Chmp3/Vps4b/Gtf2b/Spice1/Tubgcp5/Chmp1b2/Chek2/Cltc/Dcaf13/Tubgcp4/Stard9"
"GO:0022029","GO:0022029","telencephalon cell migration",57,0.399930615829193,1.5683796615792,0.00941401505961365,0.0836867332428747,0.0686787019291755,2053,"tags=37%, list=23%, signal=29%","Fgf13/Robo1/Arl13b/Nkx2-1/Egfr/Syne2/Zmiz1/Nrg3/Cntn2/Ogdh/Cxcl12/Reln/Ccdc141/Fgfr1/Dab2ip/Ulk4/Dab1/Efhc1/Nr2e1/Dcx/Tnr"
"GO:0009142","GO:0009142","nucleoside triphosphate biosynthetic process",83,-0.357074029058114,-1.52120228417129,0.0095371730577812,0.0845149486692686,0.0693583886393423,2538,"tags=46%, list=28%, signal=33%","Ndufs1/Ndufb3/Tyms/Sdhd/Ndufs8/Ndufv2/Ndufb10/Eno1/Ndufa6/Ndufb2/Sdha/Tbpl1/Map2k1/mt-Nd6/Uck1/Ndufc2/Ndufa1/Ndufs2/Atp5pf/Atp5mf/Ndufa5/Atp5f1c/Ndufs3/Atp5mc3/Ndufb5/Ndufs7/Sdhb/Ndufv3/Nme1/Slc25a13/Ndufab1/Ndufs6/Ndufa12/Ctps1/Ndufa8/Atp6v1a/Pid1/Tmsb4x"
"GO:0021885","GO:0021885","forebrain cell migration",58,0.40549701013686,1.59353398319176,0.00963553873325942,0.0851189597188873,0.0698540788548786,2053,"tags=38%, list=23%, signal=30%","Fgf13/Robo1/Arl13b/Nkx2-1/Egfr/Syne2/Zmiz1/Nrg3/Cntn2/Ogdh/Cxcl12/Reln/Ccdc141/Fgfr1/Dab2ip/Ulk4/Dab1/Tyro3/Efhc1/Nr2e1/Dcx/Tnr"
"GO:0072028","GO:0072028","nephron morphogenesis",42,0.444192347062742,1.6540512320918,0.00976098582028033,0.0859576813798437,0.0705423876551181,1382,"tags=31%, list=15%, signal=26%","Bcl2/Erbb4/Pkd1/Hs3st3b1/Kif26b/Wnt11/Gzf1/Fmn1/Hs3st3a1/Lgr4/Gpc3/Eya1/Hes1"
"GO:0009612","GO:0009612","response to mechanical stimulus",125,0.316412200037982,1.43923283227703,0.00981954343529758,0.0862039669802759,0.0707445054184252,1902,"tags=33%, list=21%, signal=26%","Kcnc1/Foxp2/Pkd1/Grm8/Egfr/Cntnap2/Wnt11/Kcnq3/Asic2/Igf1/Large1/Fyn/Chuk/Nrxn1/Grin2b/Kcnq2/Ripor2/Dmd/Ryr2/Gsk3b/Cxcl12/Bace1/Ddr2/Igfbp2/Pjvk/Htr7/Pawr/Atp2b2/Map2k4/Capn2/Aqp1/Atp1a1/Mkx/Bmp6/Tmem120a/Atp8a2/Raf1/Lrp11/Sox2/Calb1/Jun"
"GO:2001251","GO:2001251","negative regulation of chromosome organization",52,-0.407173735929932,-1.58833293951147,0.00985861946694654,0.0862782287511035,0.0708054493915709,2430,"tags=48%, list=27%, signal=35%","Bub3/Terf2/Mcrs1/H3f3b/Zfp207/Tnks2/Tnks/Exosc10/Lcmt1/Gen1/Cep192/Spc25/Smg6/Slx4/Ctc1/Pot1b/Prpf4b/Tent4b/Dync1li1/Kntc1/Usp44/Nat10/Terf2ip/Smarca5/Trip13"
"GO:0002063","GO:0002063","chondrocyte development",20,0.545491157186382,1.69482689893541,0.00989162998995904,0.086299112420138,0.0708225878700994,1914,"tags=45%, list=21%, signal=36%","Chst11/Ext1/Bmpr2/Smpd3/Chsy1/Bpnt2/Fgf18/Eif2ak3/Axin2"
"GO:0016032","GO:0016032","viral process",174,-0.290785807363606,-1.38642337251305,0.0099518327559456,0.0865563725501688,0.0710337120364278,2362,"tags=37%, list=26%, signal=28%","Eif3a/Oaz2/Dpp4/Oaz1/Bsg/Lrsam1/Phb1/Hspa8/Rest/Bicd1/Ppie/Smc6/Tarbp2/Tmem39a/Ccnt1/Inpp5k/Ccnk/Jpt2/Ssb/Eif2ak2/Fbxl2/Grk2/Atg5/Larp7/Eif3g/Chmp7/Pcbp2/Cxcr4/Cnot7/Eif2ak4/Atg16l1/Rab43/Denr/Insr/Ubp1/Ctsb/Tmem41b/Csde1/Dynlt1c/Setdb1/Chmp4b/Vps18/Chmp2a/Chmp3/Vps4b/Gtf2b/Mcts1/Trim32/Uvrag/Ppih/Tpcn1/Ddx3x/Smarcb1/Eps15/Chmp1b2/Nr5a2/Tpcn2/Npc1/Eef1a1/P4hb/Itgav/Nrp1/Ddx5/Znfx1"
"GO:0045860","GO:0045860","positive regulation of protein kinase activity",156,0.302371323961925,1.41482178540542,0.0101308059932212,0.0878418808889151,0.0720886826465005,1852,"tags=30%, list=20%, signal=24%","Sash1/Robo1/Tenm1/Prox1/Tead1/Epha4/Adcy8/Zeb2/Egfr/Tgfb2/Adam9/Zfp91/Ezh2/Igf1/Ccdc88a/Nrxn1/Abi2/Rapgef2/Rassf2/Ntrk3/Map3k5/Ddr2/Reln/Vegfc/Nek10/Fgd4/Ccny/Map3k7/Edn3/Fgf18/Fgfr1/Ptk2/Adra2b/Map2k4/Dab2ip/Pxn/Ip6k2/Itgb1bp1/Mtor/Cemip/Gas6/Etaa1/Ccnd2/Dab1/Wnt5a/Fgf1/Ptpn1"
"GO:0006693","GO:0006693","prostaglandin metabolic process",24,-0.52331547893505,-1.70594167321564,0.0102645287395805,0.0880524621343202,0.0722614991255842,433,"tags=42%, list=5%, signal=40%","Sco1/Acox1/Pnpla8/Ptgr2/Mif/Ptges3/Fabp5/Gstp3/Comt/Ptgs1"
"GO:0060323","GO:0060323","head morphogenesis",28,0.506220045850346,1.69376574002058,0.0102792906597033,0.0880524621343202,0.0722614991255842,1703,"tags=50%, list=19%, signal=41%","Tgfb2/Prickle1/Ski/Crebbp/Dlx5/Ep300/Vps13b/Asph/Braf/Ankrd11/Arid5b/Kat6a/Tcf7l2/Ssbp3"
"GO:0061050","GO:0061050","regulation of cell growth involved in cardiac muscle cell development",20,0.543032103987765,1.68718668432877,0.0103185996106008,0.0880524621343202,0.0722614991255842,1835,"tags=50%, list=20%, signal=40%","Ccn4/Col14a1/Igf1/Ppara/Ctdp1/Ep300/Adrb1/Mtor/Akap6/Fdps"
"GO:0072655","GO:0072655","establishment of protein localization to mitochondrion",63,-0.384710103468249,-1.56394640248778,0.0103425709604187,0.0880524621343202,0.0722614991255842,2207,"tags=37%, list=24%, signal=28%","Bnip3l/Mtch1/Dnlz/Dnajc19/Grpel2/Pmpca/Mapt/Timm8a1/Timm10/Pdcd5/Chchd4/Mfn2/Akt1/Hspa4/Rala/Samm50/Maip1/Tomm70a/Tmem126a/Fbxo7/Tomm22/Ywhaz/Gdap1"
"GO:0046889","GO:0046889","positive regulation of lipid biosynthetic process",67,0.371847514396202,1.50062576701751,0.0102695841575119,0.0880524621343202,0.0722614991255842,2029,"tags=39%, list=22%, signal=30%","Erbb4/Igf1r/Qki/Abcg1/Igf1/Ppargc1a/Srebf2/Pla2g6/Ppara/Ccdc3/Mfsd2a/Smpd3/Gnai1/Rdh10/Cd74/Npy1r/Capn2/Htr2c/Mtor/Bmp6/Tcf7l2/Scap/Fdps/Fgf1/Sirt2/Srebf1"
"GO:0016311","GO:0016311","dephosphorylation",121,0.327602965720119,1.48305094342859,0.0103307589240112,0.0880524621343202,0.0722614991255842,1571,"tags=26%, list=17%, signal=21%","Dusp8/Bcl2/Ptprm/Tmem132c/Plpp6/Ptprt/Ptprr/Ppp3ca/Ubash3b/Mtmr11/Plppr5/Ptpro/Dusp11/Ptprs/Epm2a/Uri1/Ctdp1/Dusp22/Dusp4/Ptpn13/Mtmr1/Ppp1r12a/Eya1/Phpt1/Ptpn3/Mtmr3/Ppargc1b/Mtmr2/Ptprz1/Cdk5rap3/Rock1"
"GO:0030282","GO:0030282","bone mineralization",75,0.372977087232963,1.55359331542609,0.0104238679574204,0.0884772888675023,0.0726101391961087,2271,"tags=44%, list=25%, signal=33%","Ank/Asxl2/Wnt11/Pth1r/Acvr2b/Igf1/Bmpr2/Prickle1/Bmpr1a/Nell1/Smpd3/Ddr2/Acvr2a/Mtss1/Fam20c/Lgr4/Gpc3/Phospho1/Enpp1/Fkrp/Slc24a3/Bmp6/Tcf7l2/Acvr1/Eif2ak3/Atraid/Axin2/Bcor/Cd276/Kl/Slc20a2/Tent5a/Snx10"
"GO:0030490","GO:0030490","maturation of SSU-rRNA",34,-0.461939056472764,-1.65757791043995,0.0106015303120982,0.0892005277554052,0.0732036754243865,2855,"tags=53%, list=31%, signal=36%","Gtf2h5/Nop14/Nol7/Nol10/Utp23/Lsm6/Pwp2/Riok3/Rps14/Ddx52/Tbl3/Rps8/Ngdn/Nat10/Dcaf13/Rps16/Rps28/Rps21"
"GO:0044344","GO:0044344","cellular response to fibroblast growth factor stimulus",89,0.353683059240902,1.51871042943102,0.0106040371888079,0.0892005277554052,0.0732036754243865,1900,"tags=33%, list=21%, signal=26%","Epha3/Flrt2/Erbb4/Smoc2/Epha6/Epha5/Epha7/Gpc1/Epha4/Igf1r/Egfr/Ext1/Nrxn1/Ntrk3/Ddr2/Flrt3/Fgf18/Fgf9/Fam20c/Fgfr1/Grb2/Nptn/Itgb1bp1/Enpp1/Tcf7l2/Wnt5a/Fgf1/Ptpn1/Tyro3"
"GO:0006888","GO:0006888","endoplasmic reticulum to Golgi vesicle-mediated transport",92,-0.340705012522029,-1.46465066002229,0.0105532090888079,0.0892005277554052,0.0732036754243865,1084,"tags=21%, list=12%, signal=18%","Sec22a/Yipf5/Klhl12/Trappc6b/Sec31a/Rint1/Ergic3/Yipf6/Pgap1/Yipf4/Bet1/Arf1/Tmed5/Trappc3/Copa/Ergic2/P4hb/Nrbp1/Cnih4"
"GO:0060560","GO:0060560","developmental growth involved in morphogenesis",185,0.300569619926755,1.4432234169771,0.0106636104314417,0.0894346851065555,0.0733958399682875,1128,"tags=20%, list=12%, signal=18%","Cdh4/Fgf13/Robo1/Auts2/Epha7/Slitrk1/Syt1/Kif26b/Raph1/Prkg1/Zeb2/Prkn/Ext1/Alcam/Itsn2/Pum2/Wnt11/Dclk1/Cadm1/Plxna4/Bmpr2/Prickle1/Clstn3/Ptprs/Sema3f/Ep300/Gsk3b/Cxcl12/Ntrk3/Dbn1/Rdh10/Fmn1/Afdn/Flrt3/Spag9/Trpc5/Edn3"
"GO:0006405","GO:0006405","RNA export from nucleus",57,-0.398394204012955,-1.58210910611515,0.0109687552771224,0.091720926916709,0.0752720766635575,965,"tags=23%, list=11%, signal=21%","Nup107/Nup214/Nsun2/Sem1/Ncbp2/Rae1/Chtop/Eny2/Supt6/Eif4a3/Mcm3ap/Nup133/Hnrnpa2b1"
"GO:0021549","GO:0021549","cerebellum development",94,0.348238837078317,1.51428596539399,0.0111377482652277,0.0928585047674903,0.0762056460252424,1424,"tags=26%, list=16%, signal=22%","Kcnc1/Foxp2/mt-Nd4/Prox1/Rora/Prkg1/Igf1r/Klhl1/Cntnap2/Ezh2/Pdss2/Nrxn1/mt-Co1/Faim2/Ptprs/Myo16/Ogdh/Ncoa1/Kndc1/Myh10/Ttbk2/Atp2b2/Gdf10/Gart"
"GO:1903307","GO:1903307","positive regulation of regulated secretory pathway",32,0.475412319294765,1.62776056125358,0.0111798509689401,0.0929345723612777,0.0762680719725551,1033,"tags=31%, list=11%, signal=28%","Nlgn1/Cacna1g/Syt1/Doc2b/Cacna1i/Cacna1d/Scamp5/Syt10/Gab2/Cacna1h"
"GO:0033674","GO:0033674","positive regulation of kinase activity",164,0.298761233720343,1.41186167864114,0.0112717588545043,0.0934229895646854,0.0766688984623711,1852,"tags=30%, list=20%, signal=24%","Sash1/Robo1/Tenm1/Prox1/Tead1/Epha4/Adcy8/Zeb2/Egfr/Tgfb2/Adam9/Zfp91/Ezh2/Igf1/Ccdc88a/Nrxn1/Abi2/Rapgef2/Rassf2/Ntrk3/Map3k5/Ddr2/Reln/Vegfc/Nek10/Fgd4/Ccny/Map3k7/Edn3/Fgf18/Cd74/Fgfr1/Ptk2/Adra2b/Map2k4/Dab2ip/Pxn/Ip6k2/Itgb1bp1/Mtor/Rad50/Cemip/Gas6/Etaa1/Ccnd2/Dab1/Wnt5a/Fgf1/Ptpn1"
"GO:0000470","GO:0000470","maturation of LSU-rRNA",22,-0.53471087382156,-1.71265638623523,0.0113763822968868,0.0935239452002987,0.0767517491334117,2573,"tags=59%, list=28%, signal=42%","Nop2/Pak1ip1/Las1l/Eif6/Mak16/Rpf1/Rpl7l1/Wdr12/Rpl7/Nol9/Znhit3/Ddx18/Rpf2"
"GO:0043457","GO:0043457","regulation of cellular respiration",26,-0.505203191225419,-1.68549394149894,0.0115162558497174,0.0935239452002987,0.0767517491334117,1425,"tags=38%, list=16%, signal=33%","Pik3ca/Macroh2a1/Chchd4/Uqcc2/Mfn2/Akt1/Cox7a2/Prdm16/Cisd1/Park7"
"GO:0035107","GO:0035107","appendage morphogenesis",96,0.343419305849647,1.49646752794322,0.0114675537648762,0.0935239452002987,0.0767517491334117,1568,"tags=29%, list=17%, signal=24%","Rarb/Chst11/Cacna1c/Ext1/Tgfb2/Wnt9a/Large1/Iqce/Prickle1/Bmpr1a/Ski/Dlx5/Mbnl1/Fbxw4/Rdh10/Bpnt2/Fmn1/Ttbk2/Fgf9/Fgfr1/Gpc3/Zbtb16/Traf3ip1/Chd7/Asph/Enpp1/Hdac1/Lrp5"
"GO:0035108","GO:0035108","limb morphogenesis",96,0.343419305849647,1.49646752794322,0.0114675537648762,0.0935239452002987,0.0767517491334117,1568,"tags=29%, list=17%, signal=24%","Rarb/Chst11/Cacna1c/Ext1/Tgfb2/Wnt9a/Large1/Iqce/Prickle1/Bmpr1a/Ski/Dlx5/Mbnl1/Fbxw4/Rdh10/Bpnt2/Fmn1/Ttbk2/Fgf9/Fgfr1/Gpc3/Zbtb16/Traf3ip1/Chd7/Asph/Enpp1/Hdac1/Lrp5"
"GO:0061025","GO:0061025","membrane fusion",113,-0.319182297876588,-1.43414406367487,0.0114210140384792,0.0935239452002987,0.0767517491334117,1947,"tags=35%, list=21%, signal=27%","Trim9/Stx2/Bloc1s6/Vps39/Opa1/Snap23/Stx18/Chmp7/Rph3a/Vps8/Adam8/Stxbp6/Rufy1/Rab3a/Cplx2/Stx16/Gnai3/Stx6/Vamp2/Yipf5/Rab8a/Chmp4b/Rab14/Chmp2a/Stx1a/Stx7/Chmp3/Uvrag/Snap47/Yipf4/Chmp1b2/Bet1/Stx19/Vamp1/Pip4k2b/Snap29/Ankfy1/Ubxn2b/Vps11"
"GO:0099072","GO:0099072","regulation of postsynaptic membrane neurotransmitter receptor levels",128,0.311456611883131,1.42090131995946,0.0114887507219278,0.0935239452002987,0.0767517491334117,1303,"tags=26%, list=14%, signal=22%","Nrxn3/Cacng2/Grip1/Erbb4/Mapk10/Magi2/Prkn/Dlg2/Grip2/Epb41l1/Cntnap2/Cacna2d2/Tspan7/Grid1/Shisa6/Gpc6/Nbea/Vwc2/Lhfpl4/Ppfia1/Kalrn/Rab11fip5/Gsk3b/Rabep1/Cblb/Hip1/Iqsec1/Ctnnd2/Drd5/Rapgef4/Rnf216/Akap5/Lgi1"
"GO:0002790","GO:0002790","peptide secretion",190,0.290927072346211,1.39881372889977,0.0113818832019911,0.0935239452002987,0.0767517491334117,1694,"tags=29%, list=19%, signal=24%","Epha5/Pclo/Mtnr1b/Doc2b/Cacna1c/Adcy8/Egfr/Cckbr/Cask/Prkn/Adcy5/Abcg1/Acvr2b/Ppp3ca/Arhgef7/Kcnj6/Cacna1d/Pde3b/Klf7/Ptprn/Sox4/Pla2g6/Prkd1/Kalrn/Plcb1/Brsk2/Pfkl/Rab11fip5/Smpd3/Stxbp5l/Irs1/Capn10/Vip/Madd/Prkce/Fto/Itpr1/Edn3/Rapgef4/Cd74/Cacna1e/Chrm3/Rims2/Ptbp1/Rab11fip2/Chd7/Aqp1/Cnr1/Htr2c/Lrp5/Map4k4/Kcnb1/Ano1/Itsn1/Stxbp4/Tcf7l2"
"GO:0045132","GO:0045132","meiotic chromosome segregation",41,-0.440646025336138,-1.62633162505528,0.0116257814535591,0.0941308794495641,0.0772498383141057,2605,"tags=49%, list=29%, signal=35%","Brip1/Ndc1/Washc5/Ccne1/Actr3/Terb1/Washc1/M1ap/Aspm/Rec8/Mlh1/Ska2/BC005624/Tex11/Mlh3/Ube2b/Dcaf13/Brca2/Trip13/Spdya"
"GO:0042471","GO:0042471","ear morphogenesis",71,0.380303468969263,1.54671737872468,0.0116577987678843,0.0941308794495641,0.0772498383141057,1945,"tags=35%, list=21%, signal=28%","Eya4/Nectin1/Ankrd24/Cdh23/Ripor2/Dlx5/Sobp/Mafb/Cep290/Myo3a/Fgf9/Fgfr1/Eya1/Atp2b2/Myo3b/Chd7/Zeb1/Enpp1/Ntn1/Tshz1/Atp8a2/Nr4a3/Wnt5a/Sox2/Nectin3"
"GO:0010965","GO:0010965","regulation of mitotic sister chromatid separation",33,-0.456680873309077,-1.63417957852554,0.0117570185973487,0.0946607954495106,0.0776847213785719,2048,"tags=48%, list=23%, signal=38%","Psmg2/Nsmce2/Bub3/Zfp207/Lcmt1/Rb1/Gen1/Cep192/Spc25/Prpf4b/Dync1li1/Kntc1/Cdc16/Usp44/Anapc7/Trip13"
"GO:0032387","GO:0032387","negative regulation of intracellular transport",36,-0.461370208647829,-1.66836975855611,0.0118213178278137,0.0949073323042136,0.077887045337252,1993,"tags=39%, list=22%, signal=30%","Hdac3/Yod1/Mapt/Ufm1/Mtmr4/Sumo1/Nf1/Akap1/Snx3/Sirt6/Snx12/Angpt1/Park7/Vps35"
"GO:0086001","GO:0086001","cardiac muscle cell action potential",33,0.459833284935399,1.58245371483875,0.011865561518203,0.0949919101087957,0.0779564553094857,1647,"tags=39%, list=18%, signal=32%","Fgf13/Kcne2/Kcnd2/Cacna1c/Kcnd3/Cacna1d/Dmd/Ryr2/Ank3/Ank2/Rnf207/Scn2b/Kcne4"
"GO:0030510","GO:0030510","regulation of BMP signaling pathway",60,0.388805655248991,1.53319816232797,0.0119655695200419,0.0955211753752923,0.0783908043403374,1382,"tags=28%, list=15%, signal=24%","Bmper/Ube2o/Hipk2/Smurf2/Sox11/Gpr155/Fstl5/Fstl1/Ski/Fzd1/Vwc2/Lemd2/Elapor2/Htra1/Smad6/Gpc3/Hes1"
"GO:0030225","GO:0030225","macrophage differentiation",33,0.458864820359784,1.57912087570861,0.0120129579141807,0.0956285745823764,0.0784789430194916,1933,"tags=39%, list=21%, signal=31%","Asxl2/Qki/Gab3/Large1/Ripk1/Plcb1/Eif2ak1/Prkca/Cebpa/Enpp1/Hsf1/Epsti1/App"
"GO:0032228","GO:0032228","regulation of synaptic transmission, GABAergic",30,0.488273483315951,1.64959863611726,0.0120687653214814,0.0958021990871396,0.078621430426374,1870,"tags=47%, list=21%, signal=37%","Erbb4/Nlgn1/Cckbr/Cntnap2/Nrxn1/Slc6a1/Plcl2/Nalcn/Prkce/Grik1/Slc38a1/Cnr1/Bdnf/Kif5b"
"GO:0045834","GO:0045834","positive regulation of lipid metabolic process",88,0.342925045403961,1.46683286476041,0.0122889717987836,0.0972761868791353,0.0798310793670241,2029,"tags=34%, list=22%, signal=27%","Erbb4/Igf1r/Qki/Abcg1/Igf1/Ppargc1a/Clstn3/Srebf2/Pla2g6/Ppara/Ccdc3/Mfsd2a/Smpd3/Gnai1/Irs1/Rdh10/Prkce/Cd74/Npy1r/Capn2/Disp3/Htr2c/Mtor/Bmp6/Tcf7l2/Scap/Fdps/Fgf1/Sirt2/Srebf1"
"GO:0007026","GO:0007026","negative regulation of microtubule depolymerization",24,0.523817889678729,1.67165180652671,0.0123312830082101,0.0973376905241903,0.0798815532037078,1928,"tags=46%, list=21%, signal=36%","Fgf13/Nav3/Taok1/Atxn7/Ttbk2/Ccdc88c/Eml4/Map1a/Map2/Katnb1/Hdgfl3"
"GO:0030178","GO:0030178","negative regulation of Wnt signaling pathway",99,0.341730711626233,1.49363992835201,0.0125226044486097,0.0985717858552577,0.0808943310014573,2189,"tags=39%, list=24%, signal=30%","Trabd2b/Rbms3/Prkn/Wnt11/Prickle1/Shisa6/Ptpro/Foxo3/Cdh2/Fzd1/Gsk3b/Six3/Invs/Rapgef1/Rnf213/Lats1/Kremen1/Ccdc88c/Fgf9/Gpc3/Vgll4/Wwox/Amer2/Dab2ip/Hdac1/Ubac2/2210016L21Rik/Tcf7l2/Dkk3/Nlk/Wnt5a/Znrf3/Sox2/Axin2/App/Bicc1/Nxn/Axin1/Nkd1"
"GO:0071248","GO:0071248","cellular response to metal ion",122,0.326139602755413,1.47570264921042,0.0130022218051531,0.101778502908115,0.0835259687307643,1950,"tags=33%, list=22%, signal=26%","Micu2/Nlgn1/B2m/Mt1/Syt1/Kcnh1/Glra3/Adcy8/Egfr/Dlg2/Kcnq3/Chuk/Nrxn1/Kcnq2/Wnk1/Ank3/Smpd3/Bace1/Kcnk3/Nfatc3/Cebpa/Abcb6/Itpkb/Cdkn1b/Adcy1/Akap5/Cybb/Itpka/Asph/Braf/Aqp1/Kcnb1/Bmp6/Hsf1/Calr/Ppif/Wnt5a/Sox2/Jun/Cpne9"
"GO:0019722","GO:0019722","calcium-mediated signaling",117,0.311426912030856,1.39988068082342,0.0129667258019459,0.101778502908115,0.0835259687307643,1656,"tags=30%, list=18%, signal=25%","Sgcd/Grm5/Gria1/Cacna1c/Hdac4/Ppp3ca/Igf1/Grik3/Grin2b/Cacna1d/Exoc4/Dmd/Ryr2/Prkd1/Ramp3/Atp1b1/Gsk3b/Ank2/Nfatc3/Atp2b4/Grin1/Grik1/Itpr1/Grik2/Chrm3/Ptbp1/Akap5/Rcan1/Tox3/Htr2c/Mtor/Negr1/Ksr2/Nfat5/Akap6"
"GO:0007517","GO:0007517","muscle organ development",181,0.296227342959667,1.41763397884859,0.013050467526137,0.101852180499461,0.0835864332887509,1833,"tags=30%, list=20%, signal=25%","Luc7l/Bcl2/Foxp2/Mef2d/Ddx17/Prox1/Svil/Popdc2/Gpc1/Sox11/Cntnap2/Tgfb2/Hdac4/Ppp3ca/Large1/Rbfox1/Bmpr1a/Adgrb1/Ski/Fzd1/Ripor2/Dmd/Mbnl1/Ryr2/Hey2/Myl6/Paxbp1/Ep300/Lemd2/Cdon/Nfatc3/Hlf/Kmt5b/Scn8a/Mtss1/Klf5/Bcl9/Col19a1/Rcan1/Nr2f2/Chd7/Vps13b/Fkrp/Jph1/Negr1/Mkx/Usp2/Xk/Arid5b/Tcf7l2/Hivep3/Bdnf/Ly6e/Rbm24/Ppif"
"GO:0090257","GO:0090257","regulation of muscle system process",144,0.302485003108909,1.40677427740889,0.0130839209868008,0.101852180499461,0.0835864332887509,1328,"tags=26%, list=15%, signal=23%","Ccn4/Fgf13/Chrm2/Tead1/Adk/Prkg1/Cacna1c/Setd3/Slc8a3/Hdac4/Ppp3ca/Igf1/Foxo3/Dmd/Ryr2/Prkd1/Ppara/Ctdp1/Ep300/Atp1b1/Prkca/Gsk3b/Dbn1/Igfbp5/Ank2/Adrb1/Nfatc3/Atp2b4/Cacna1h/Htr7/Edn3/Rnf207/Pawr/Chrm3/Ptk2/Dock5/Adra2b/Kcnma1"
"GO:0032456","GO:0032456","endocytic recycling",73,-0.363337217650152,-1.50870689784186,0.0132313608671561,0.102716184362661,0.0842954902860431,1241,"tags=29%, list=14%, signal=25%","Stx16/Hgs/Stx6/Micall1/Ndrg4/Lmtk2/Ehd2/Rab8a/Snx3/Rab14/Rab35/Snx7/Vps26c/Cmtm6/Eps15/Snx12/Vps29/Snx4/Gga3/Vps35/Rab8b"
"GO:0035791","GO:0035791","platelet-derived growth factor receptor-beta signaling pathway",34,0.460289318608097,1.59817346497031,0.0134337201471161,0.10400061366641,0.0853495753707755,1192,"tags=35%, list=13%, signal=31%","Epha3/Erbb4/Epha6/Epha5/Epha7/Epha4/Igf1r/Egfr/Ntrk3/Ddr2/Hip1/Fgfr1"
"GO:0019933","GO:0019933","cAMP-mediated signaling",41,0.441597904749913,1.63463215634613,0.0135402615344949,0.104538238367689,0.0857907846900801,1372,"tags=37%, list=15%, signal=31%","Pde3a/Epha5/Pde10a/Adcy8/Adcy2/Cap2/Rapgef2/Pde8a/Pde3b/Oprm1/Pde7b/Gnai1/Adcyap1r1/Pde4b/Adgrg6"
"GO:0006493","GO:0006493","protein O-linked glycosylation",62,0.395379662750467,1.57490987917974,0.0136586446535686,0.10487754941078,0.0860692450993553,2285,"tags=45%, list=25%, signal=34%","B3galt1/Fut9/Galnt9/Galntl6/Tmtc2/Galnt18/Tet2/Galnt2/Large1/Crppa/Galnt7/Mgat5b/Galnt14/B3glct/Tmtc4/Pofut2/Fkrp/Tmem260/Pomk/Slc35c2/Gxylt1/Pomt1/Tet3/Tmtc3/Tet1/B3galnt2/Tmtc1/Pomgnt2"
"GO:0043500","GO:0043500","muscle adaptation",73,0.370213757851227,1.52279642213449,0.0136442174771781,0.10487754941078,0.0860692450993553,1835,"tags=38%, list=20%, signal=31%","Ccn4/Tead1/Adk/Hdac4/Ppp3ca/Ezh2/Igf1/Foxo3/Dmd/Hey2/Ppara/Ctdp1/Ep300/Prkca/Gsk3b/Igfbp5/Smad1/Adrb1/Nfatc3/Atp2b4/Ptk2/Mtor/Rock1/Gtf2ird1/Akap6/Nr4a3/Klf15/Fdps"
"GO:0006998","GO:0006998","nuclear envelope organization",33,-0.451455834358347,-1.61548238219146,0.0137040163271386,0.104939994592056,0.0861204916210626,1675,"tags=30%, list=18%, signal=25%","Tor1a/Chmp7/Brox/Chmp4b/Chmp2a/Chmp3/Vps4b/Chmp1b2/Zmpste24/Ubxn2b"
"GO:0051924","GO:0051924","regulation of calcium ion transport",136,0.307911120206444,1.41930505878442,0.0138022397662288,0.105405722659167,0.0865026979500918,1656,"tags=26%, list=18%, signal=22%","Bcl2/Fgf14/Cacna1g/Cacna1b/Stac/Cacna1c/Cask/Tgfb2/Ppp3ca/Igf1/Fyn/Ubash3b/Cacna1d/Dmd/Ryr2/Prkd1/Atp1b1/Stimate/Cxcl12/Ank2/Adrb1/Nfatc3/Prkce/Grin1/Adcyap1r1/Itpr1/Pawr/Akap5/Atp2b2/Hes1/Jph3/Chd7/Asph/Cemip/Usp2/Akap6"
"GO:0010257","GO:0010257","NADH dehydrogenase complex assembly",50,-0.400389172444531,-1.55187325336464,0.0139097604057238,0.105654190898463,0.0867066069268696,2538,"tags=50%, list=28%, signal=36%","Ndufs1/Ndufb3/Ndufs8/Ndufb10/Ndufa6/Ndufb2/Ndufaf5/Acad9/mt-Nd6/Ndufc2/Ndufa1/Ndufs2/Ndufaf3/Ndufa5/Ndufs3/Ndufb5/Ndufs7/Ndufaf4/Tmem186/Ndufaf8/Ndufab1/Ndufs6/Tmem126a/Ndufa12/Ndufa8"
"GO:0032981","GO:0032981","mitochondrial respiratory chain complex I assembly",50,-0.400389172444531,-1.55187325336464,0.0139097604057238,0.105654190898463,0.0867066069268696,2538,"tags=50%, list=28%, signal=36%","Ndufs1/Ndufb3/Ndufs8/Ndufb10/Ndufa6/Ndufb2/Ndufaf5/Acad9/mt-Nd6/Ndufc2/Ndufa1/Ndufs2/Ndufaf3/Ndufa5/Ndufs3/Ndufb5/Ndufs7/Ndufaf4/Tmem186/Ndufaf8/Ndufab1/Ndufs6/Tmem126a/Ndufa12/Ndufa8"
"GO:0060074","GO:0060074","synapse maturation",36,0.4515589382902,1.60006710923935,0.0139748494586647,0.105863241329347,0.0868781671213536,492,"tags=19%, list=5%, signal=18%","Erbb4/Nrg2/Nlgn1/Dlgap4/Robo2/Adgrb3/Nrxn1"
"GO:0060291","GO:0060291","long-term synaptic potentiation",84,0.348853074731476,1.47775755182898,0.0140190119972071,0.105913071871662,0.0869190612610811,2053,"tags=33%, list=23%, signal=26%","Calb2/Nlgn1/Gria1/Epha4/Adcy8/Slc8a3/Shank2/Large1/Grin2b/Tshz3/Gsk3b/Mme/Adrb1/Reln/Htr7/Adcy1/Akap5/Nptn/Cpeb3/Braf/Enpp1/Calb1/Gria3/Fmr1/App/Nr2e1/Abl1/Tnr"
"GO:0051438","GO:0051438","regulation of ubiquitin-protein transferase activity",28,-0.474265102788534,-1.60200688537307,0.0142786082066832,0.106964405249723,0.0877818528757395,2015,"tags=43%, list=22%, signal=33%","Mad2l2/Rps2/Bag2/Rpl23/Rpl5/Fzr1/Stub1/Bag5/Usp44/Park7/Ube2l3/Skp1"
"GO:0021675","GO:0021675","nerve development",55,0.400905081515616,1.56303379736585,0.0143202017080846,0.106964405249723,0.0877818528757395,1740,"tags=33%, list=19%, signal=27%","Kcnc1/Epha4/Ext1/Kcnq3/Large1/Gabra5/Plxna4/Kcnc2/Kcnq2/Sema3f/Dmd/Mafb/Scn8a/Kcna2/Hes1/Chd7/Bdnf/Nav2"
"GO:0021879","GO:0021879","forebrain neuron differentiation",64,0.375648319366867,1.50093141272315,0.0142457661435066,0.106964405249723,0.0877818528757395,767,"tags=23%, list=8%, signal=22%","Robo1/Bcl11b/Erbb4/B2m/Prox1/Robo2/Nkx2-1/Sox1/Zmiz1/Gdpd5/Rapgef2/Kcnq2/Dlx5/Cntn2/Ogdh"
"GO:1905037","GO:1905037","autophagosome organization",86,-0.342787550307715,-1.46263239999405,0.0142350973646589,0.106964405249723,0.0877818528757395,2497,"tags=40%, list=28%, signal=29%","Dnajc16/Ulk3/Ulk2/Rab3gap1/Lrsam1/Wdr45b/Wipi1/Tbc1d14/Atg9a/Ift88/Tmem39a/Ift20/Ctsd/Fez2/Atg4b/Atg5/Map1lc3a/Atp2a2/Atg16l1/Rab43/Traf6/Mfn2/Atg101/Tmem41b/Rab33b/Snx7/Trim32/Wipi2/Chek2/Gabarapl1/Pip4k2b/Gabarapl2/Snx4/Ubxn2b"
"GO:0030072","GO:0030072","peptide hormone secretion",187,0.291968186263979,1.40258693493471,0.014347957836904,0.106964405249723,0.0877818528757395,1694,"tags=29%, list=19%, signal=24%","Epha5/Pclo/Mtnr1b/Doc2b/Cacna1c/Adcy8/Egfr/Cckbr/Cask/Prkn/Adcy5/Abcg1/Acvr2b/Ppp3ca/Arhgef7/Kcnj6/Cacna1d/Pde3b/Klf7/Ptprn/Sox4/Pla2g6/Prkd1/Kalrn/Plcb1/Brsk2/Pfkl/Rab11fip5/Smpd3/Stxbp5l/Irs1/Capn10/Vip/Madd/Prkce/Fto/Itpr1/Edn3/Rapgef4/Cacna1e/Chrm3/Rims2/Ptbp1/Rab11fip2/Chd7/Aqp1/Cnr1/Htr2c/Lrp5/Map4k4/Kcnb1/Ano1/Itsn1/Stxbp4/Tcf7l2"
"GO:0007041","GO:0007041","lysosomal transport",97,-0.336052044686654,-1.45880791431321,0.0146127133111492,0.108650728524587,0.0891657579352723,2404,"tags=40%, list=27%, signal=30%","Vps53/Sorl1/Lyset/Ncoa4/Rilp/Hspa8/Psap/Plekhf2/Sort1/Scyl2/Gcc2/Hgsnat/Vps39/M6pr/Chmp7/Lyst/Lamp2/Vps33a/Bin1/Plekhf1/Vipas39/Hgs/Chmp4b/Vps18/Chmp2a/Stx7/Chmp3/Vps4b/Chmp1b2/Arf1/Tpcn2/Npc1/Rhob/Rbsn/Ankfy1/Gga3/Vps35/Vps11/Lrp1"
"GO:0021772","GO:0021772","olfactory bulb development",29,0.48889528408276,1.64610154064999,0.0147039186229341,0.109039170660668,0.0894845384712892,2318,"tags=45%, list=26%, signal=33%","Robo1/Erbb4/Robo2/Ext1/Ski/Dlx5/Ogdh/Fgfr1/Chd7/Wnt5a/Nr2e1/Slit1/Pcnt"
"GO:0001941","GO:0001941","postsynaptic membrane organization",42,0.425501402191893,1.58445124776739,0.0148197311437317,0.109039170660668,0.0894845384712892,1377,"tags=29%, list=15%, signal=24%","Nlgn1/Magi2/Grip2/Lrrtm4/Nrxn1/Shisa6/Cdh2/Lhfpl4/Dbn1/Reln/Dnaja3/Sorbs2"
"GO:1902305","GO:1902305","regulation of sodium ion transmembrane transport",31,0.458518662117627,1.5637154999469,0.0147852236828449,0.109039170660668,0.0894845384712892,1484,"tags=39%, list=16%, signal=32%","Fgf13/Fgf14/Fgf12/Wnk1/Dmd/Plcb1/Atp1b1/Ank3/Atp2b4/Wnk2/Ptpn3/Scn2b"
"GO:0060349","GO:0060349","bone morphogenesis",57,0.382311893207106,1.49928556092828,0.0148142143175171,0.109039170660668,0.0894845384712892,2652,"tags=51%, list=29%, signal=36%","Rarb/Mef2d/Ext1/Bmpr2/Ski/Dlx5/Csgalnact1/Dhrs3/Smpd3/Chsy1/Bpnt2/Fgf18/Glg1/Phospho1/Enpp1/Lrp5/Bmp6/Foxn3/Gnas/Atf2/Axin2/Mmp16/Scube2/Trip11/Atg9b/Cbs/Sik3/Lrp6/Poc1a"
"GO:1903432","GO:1903432","regulation of TORC1 signaling",70,-0.366866537554756,-1.52303626656243,0.0149926692525692,0.110024328004531,0.0902930217869914,1610,"tags=30%, list=18%, signal=25%","Sec13/Szt2/Otub1/Lars1/Akt1/Itfg2/Lamtor3/Ube2d1/Depdc5/Tbc1d7/Dyrk3/Mios/Tsc2/Ogt/Tbk1/Npc1/Shq1/Atxn3/Ywhaz/Rps6kb1/Sesn1"
"GO:0032205","GO:0032205","negative regulation of telomere maintenance",22,-0.523729659642901,-1.67748402017264,0.0151433480835952,0.110841441297587,0.0909635973743228,2354,"tags=55%, list=26%, signal=40%","Terf2/Mcrs1/Tnks2/Tnks/Exosc10/Smg6/Slx4/Ctc1/Pot1b/Tent4b/Nat10/Terf2ip"
"GO:2001257","GO:2001257","regulation of cation channel activity",51,0.41663735529068,1.59718943265118,0.0152874074571775,0.111605995373902,0.0915910394966427,1656,"tags=31%, list=18%, signal=26%","Fgf13/Kcne2/Fgf14/Stac/Lrrc38/Fgf12/Dmd/Akap7/Stimate/Ank3/Ank2/Rnf207/Jph3/Asph/Kcne4/Akap6"
"GO:0099171","GO:0099171","presynaptic modulation of chemical synaptic transmission",47,0.409089863784169,1.55394480212255,0.0154518566411151,0.112515069805329,0.0923370842935669,1219,"tags=34%, list=13%, signal=30%","Nrxn3/Chrm2/Glra3/Grm8/Cacna1d/Oprm1/Nr3c2/Prkca/Gsk3b/Bace1/Prkce/Htr7/Hip1/Grik1/Grik2/Adcy1"
"GO:0022904","GO:0022904","respiratory electron transport chain",72,-0.354373463465865,-1.47351626750997,0.0156921656994245,0.113677436866268,0.0932909972713725,1756,"tags=40%, list=19%, signal=33%","mt-Nd6/Uqcrh/Ndufc2/Cox4i1/Uqcr11/Ndufs2/Sod2/Pm20d1/Uqcrfs1/Ndufa5/Coq9/Ndufs3/Etfa/Cox7b2/Ndufs7/Sdhb/Cox7a2/Ndufv3/Uqcrb/Dld/Uqcr10/Uqcrc1/Ndufs6/Ndufa12/Ndufa8/Uqcrq/Park7/Cycs/Coq7"
"GO:0051592","GO:0051592","response to calcium ion",92,0.337706391609422,1.46382695691821,0.0156534720612497,0.113677436866268,0.0932909972713725,1950,"tags=34%, list=22%, signal=27%","Cacng2/Micu2/Nlgn1/Syt1/Kcnh1/mt-Cytb/Adcy8/Egfr/Kcnq3/Adam9/Ppp3ca/Nrxn1/Kcnq2/Penk/Wnk1/Ryr2/Ep300/Nfatc3/Itpkb/Adcy1/Akap5/Kcnma1/Itpka/Asph/Braf/Kcnb1/Ppif/Wnt5a/Jun/App/Cpne9"
"GO:0050870","GO:0050870","positive regulation of T cell activation",91,0.338167886911708,1.45789933715072,0.0157997661926632,0.113986681874917,0.093544783564003,2559,"tags=45%, list=28%, signal=33%","B2m/Adk/Arid1a/Ppp3ca/Igf1/Zmiz1/Ephb6/Foxo3/Sox4/Sox12/Ep300/Ap3d1/Ambra1/Nck2/Pbrm1/Arid2/Fbxo38/Igfbp2/Itpkb/Cd74/Dnaja3/Hes1/Flot2/Slc7a1/Cbfb/Bcl6/Abl1/Efnb1/Efnb2/Klhl22/Tfrc/Cd276/Egr3/Cd47/Il1rl2/Socs5/Smarca4/Cd81/Smarcd3/Smarcd2/Brd2"
"GO:0048469","GO:0048469","cell maturation",105,0.323423465884863,1.43232881173689,0.0158157532338866,0.113986681874917,0.093544783564003,1382,"tags=27%, list=15%, signal=23%","Bcl2/Pde3a/Dlg2/Grip2/Adgrb3/Cntnap2/Kcnq3/Pth1r/Nfasc/Nrxn1/Wdr77/Foxo3/Kcnq2/Nrcam/Cntn2/Plcb1/Gsk3b/Ank3/Six3/Tut4/Smim45/Cebpa/Kcnip2/Fam20c/Fgfr1/Akap5/Kcnma1/Hes1"
"GO:0019646","GO:0019646","aerobic electron transport chain",50,-0.396023117878237,-1.53495080947638,0.0158675909215713,0.114068549022929,0.0936119689975623,1756,"tags=46%, list=19%, signal=37%","Sdha/mt-Nd6/Uqcrh/Ndufc2/Cox4i1/Uqcr11/Ndufs2/Uqcrfs1/Coq9/Ndufs3/Cox7b2/Ndufs7/Sdhb/Cox7a2/Uqcrb/Dld/Uqcr10/Uqcrc1/Ndufs6/Ndufa8/Uqcrq/Park7/Cycs"
"GO:0000956","GO:0000956","nuclear-transcribed mRNA catabolic process",84,-0.344502958764972,-1.47057497708719,0.0160852888484707,0.115339297646286,0.0946548268383287,1943,"tags=32%, list=21%, signal=25%","Exosc10/Rc3h2/Rnps1/Ssb/Magoh/Mlh1/Smg6/Cnot7/Xrn2/Edc4/Lsm7/Mtpap/Ago2/Csde1/Cnot6l/Smg8/Ncbp2/Tent4b/Ago1/Eif4a3/Smg1/Lsm1/Exosc9/Eif3e/Pnrc2/Ddx5/Tob1"
"GO:0048012","GO:0048012","hepatocyte growth factor receptor signaling pathway",33,0.449223565665908,1.54594180884708,0.0161458733770994,0.115479876082909,0.0947701945217403,288,"tags=24%, list=3%, signal=24%","Epha3/Erbb4/Epha6/Epha5/Epha7/Epha4/Igf1r/Egfr"
"GO:0042472","GO:0042472","inner ear morphogenesis",64,0.370597481984537,1.48075040805241,0.0163400121351407,0.116572542270447,0.0956669064914166,1945,"tags=34%, list=21%, signal=27%","Nectin1/Ankrd24/Cdh23/Ripor2/Dlx5/Sobp/Mafb/Cep290/Myo3a/Fgf9/Fgfr1/Eya1/Atp2b2/Myo3b/Chd7/Zeb1/Ntn1/Atp8a2/Nr4a3/Wnt5a/Sox2/Nectin3"
"GO:0043525","GO:0043525","positive regulation of neuron apoptotic process",54,0.39049145975149,1.51621580091081,0.0166068269412079,0.118117932223459,0.0969351526259534,2310,"tags=43%, list=25%, signal=32%","Epha7/Tgfb2/Hdac4/Foxo3/Srpk2/Ripk1/Gsk3b/Bace1/Grik2/Pawr/Kcnma1/Map2k4/Grn/Mtor/Bdnf/Jun/Atf2/App/Agrn/Abl1/Egln1/Ptprf/Fas"
"GO:0044403","GO:0044403","biological process involved in symbiotic interaction",73,-0.357422780546031,-1.48414802629672,0.016640460998124,0.118117932223459,0.0969351526259534,1717,"tags=32%, list=19%, signal=26%","Grk2/Gpx1/Tusc2/Gapdh/Chmp7/Fuca2/Insr/Ctsb/Dynlt1c/Chmp4b/Vps18/Chmp2a/Chmp3/Vps4b/Uvrag/Tpcn1/Eps15/Chmp1b2/Tpcn2/Npc1/P4hb/Itgav/Nrp1"
"GO:1905332","GO:1905332","positive regulation of morphogenesis of an epithelium",21,-0.531660227196977,-1.66249992029276,0.0167083320808098,0.118301708049553,0.0970859708583423,1553,"tags=38%, list=17%, signal=32%","Agt/Sox8/Ctnnb1/Sirt6/Mdk/Pdgfra/Itgax/Pik3cd"
"GO:0050879","GO:0050879","multicellular organismal movement",23,0.512012607881436,1.63520122828748,0.0170009475246719,0.1186554977723,0.0973763134009724,1732,"tags=57%, list=19%, signal=46%","Hipk2/Vti1a/Stac/Slc8a3/Synm/Gigyf2/Tshz3/Dmd/Prkd1/Itpr1/Mtor/Atp8a2/Map1a"
"GO:0044458","GO:0044458","motile cilium assembly",53,-0.39209229320985,-1.54445241036412,0.0168720058145206,0.1186554977723,0.0973763134009724,1424,"tags=28%, list=16%, signal=24%","Tpgs1/Dnali1/Mks1/Spag6l/Bbs4/Intu/Atmin/BC048507/Cc2d2a/Ttll1/Ube2b/Spata6/Cfap69/Spag16/Ahi1"
"GO:0006024","GO:0006024","glycosaminoglycan biosynthetic process",38,0.42523095497971,1.53512246362396,0.0169614031927786,0.1186554977723,0.0973763134009724,1630,"tags=34%, list=18%, signal=28%","Chst11/B4galnt4/Hs3st3b1/Ext1/Igf1/Csgalnact1/Smpd3/Chsy1/Hs3st3a1/Hs3st2/Pxylp1/Xylt1/Hexa"
"GO:0043502","GO:0043502","regulation of muscle adaptation",63,0.380135938248531,1.52151462556508,0.0169007454763929,0.1186554977723,0.0973763134009724,1706,"tags=37%, list=19%, signal=30%","Ccn4/Tead1/Adk/Hdac4/Ppp3ca/Igf1/Foxo3/Dmd/Ppara/Ctdp1/Ep300/Prkca/Gsk3b/Igfbp5/Adrb1/Nfatc3/Atp2b4/Ptk2/Mtor/Rock1/Gtf2ird1/Akap6/Nr4a3"
"GO:0030278","GO:0030278","regulation of ossification",79,0.348695118026624,1.46523453938869,0.0170530435052454,0.1186554977723,0.0973763134009724,2268,"tags=39%, list=25%, signal=30%","Bcl2/Ank/Asxl2/Sox11/Acvr2b/Bmpr2/Thrb/Bmpr1a/Nell1/Dhrs3/Chsy1/Ddr2/Kremen1/Acvr2a/Fam20c/Smad6/Zbtb16/Phospho1/Gdf10/Enpp1/Mkx/Bmp6/Acvr1/Wnt5a/Atraid/Bcor/Scube2/Cd276/Kl/Slc20a2/Tent5a"
"GO:0009913","GO:0009913","epidermal cell differentiation",90,0.331006796207294,1.42543563633801,0.0170387003869288,0.1186554977723,0.0973763134009724,1627,"tags=31%, list=18%, signal=26%","Bcl11b/Cux1/St14/Tgfb2/Palld/Ppp3ca/Ezh2/Krt90/Kazn/Ankrd24/Cdh23/Klf7/Ripor2/Ush2a/Hey2/Mafb/Lats1/Myo3a/Ubn1/Fgfr1/Atp2b2/Kcnma1/Hes1/Myo3b/Tmem132e/Hdac1/Rock1/Pphln1"
"GO:0055074","GO:0055074","calcium ion homeostasis",196,0.279548121852733,1.35555026195502,0.0168552950301482,0.1186554977723,0.0973763134009724,1540,"tags=28%, list=17%, signal=23%","Sgcd/Bcl2/Calb2/Ank/Micu2/Calcb/Rimbp2/Kcnh1/Cacna1c/Erc1/Tmtc2/Adcy8/Slc8a3/Tgfb2/Rap1gds1/Pth1r/Ubash3b/Grin2b/Cdh23/Cacna1d/Dmd/Ryr2/Prkd1/Plcb1/Erc2/Atp1b1/Prkca/Plcl2/Gpr12/Ank2/Prkce/Atp2b4/Fto/Grin1/Trpc5/Itpr1/Grik2/Edn3/Tmtc4/Fgfr1/Npy1r/Nt5e/Atp2b2/Nptn/Jph3/Chd7/Tmem203/Asph/Enpp1/Cnr1/Htr2c/Hcrtr2/Slc24a3/Cemip"
"GO:0007528","GO:0007528","neuromuscular junction development",48,0.408351685178492,1.55947426408196,0.0172513347087948,0.119739559629024,0.0982659641048019,1377,"tags=25%, list=15%, signal=21%","Cacng2/Pdzrn3/Ppfibp2/Cntnap2/Large1/Cacna2d2/Kalrn/Gsk3b/Ank3/Col4a1/Dnaja3/Sorbs2"
"GO:0060485","GO:0060485","mesenchyme development",167,0.291680594353422,1.38034116824812,0.0173930022853338,0.120426241867495,0.0988294996013922,1571,"tags=25%, list=17%, signal=21%","Robo1/Bcl2/Epha3/Erbb4/Spred2/Ddx17/Sema4g/Tead1/Robo2/Nkx2-1/Epha4/Zeb2/Qki/Ext1/Tgfb2/Wnt11/Ezh2/Bmpr2/Prickle1/Bmpr1a/Cdh2/Sema3f/Exoc4/Sox4/Hey2/Gsk3b/Rdh10/Edn3/Pofut2/Fgf9/Fgfr1/Pawr/Tcof1/Ptk2/Spred1/Hes1/Dab2ip/Cplane2/Mtor/Ankrd11/Rock1"
"GO:0050881","GO:0050881","musculoskeletal movement",22,0.522030995997075,1.64219226519563,0.017523009271138,0.121029019916831,0.0993241779377971,1732,"tags=59%, list=19%, signal=48%","Hipk2/Vti1a/Stac/Slc8a3/Synm/Gigyf2/Tshz3/Dmd/Prkd1/Itpr1/Mtor/Atp8a2/Map1a"
"GO:0050654","GO:0050654","chondroitin sulfate proteoglycan metabolic process",25,0.506378148135737,1.63713554486983,0.0177476341788032,0.121491037001899,0.0997033387968969,1881,"tags=48%, list=21%, signal=38%","Chst11/B4galnt4/Ext1/Igf1/Csgalnact1/Chsy1/Galns/Bpnt2/Pxylp1/Dsel/Xylt1/Csgalnact2"
"GO:0048736","GO:0048736","appendage development",118,0.314587602153512,1.4177461609473,0.0177572110704842,0.121491037001899,0.0997033387968969,1568,"tags=29%, list=17%, signal=24%","Rarb/Chst11/Cacna1c/Ext1/Tgfb2/Wnt9a/Large1/Iqce/Smoc1/Bmpr2/Prickle1/Bmpr1a/Ski/Dlx5/Dmd/Mbnl1/Fbxw4/Rdh10/Bpnt2/Fmn1/B3glct/Kremen1/Ttbk2/Fgf9/Fgfr1/Gpc3/Zbtb16/Traf3ip1/Cplane2/Chd7/Asph/Enpp1/Hdac1/Lrp5"
"GO:0060173","GO:0060173","limb development",118,0.314587602153512,1.4177461609473,0.0177572110704842,0.121491037001899,0.0997033387968969,1568,"tags=29%, list=17%, signal=24%","Rarb/Chst11/Cacna1c/Ext1/Tgfb2/Wnt9a/Large1/Iqce/Smoc1/Bmpr2/Prickle1/Bmpr1a/Ski/Dlx5/Dmd/Mbnl1/Fbxw4/Rdh10/Bpnt2/Fmn1/B3glct/Kremen1/Ttbk2/Fgf9/Fgfr1/Gpc3/Zbtb16/Traf3ip1/Cplane2/Chd7/Asph/Enpp1/Hdac1/Lrp5"
"GO:0007163","GO:0007163","establishment or maintenance of cell polarity",156,0.291087005918836,1.36202147752035,0.0177623517547134,0.121491037001899,0.0997033387968969,1004,"tags=19%, list=11%, signal=17%","Fgf13/Frmd4a/Pard3b/Pkd1/Myo9a/Pard3/Kif26b/Igf1r/Ust/Dlg2/Wnt11/Igf1/Coro7/Prickle1/Dst/Kcnq2/Mtcl1/Rhoq/Pdlim1/Ripor2/Myo18a/Exoc4/Brsk2/Gsk3b/Ank3/Amotl1/Fat1/Cep290/Carmil1"
"GO:0022406","GO:0022406","membrane docking",65,-0.358429541719622,-1.46670145499423,0.0180561637114363,0.123201620675127,0.101107153495669,1322,"tags=26%, list=15%, signal=23%","Atp2a2/Stx16/Exoc1/Stx6/Vamp2/Ndrg4/Rab8a/Snx3/Vps18/Stx1a/Stx7/Calm2/Stx19/Snap29/Ahcyl1/Esyt1/Vps11"
"GO:0014829","GO:0014829","vascular associated smooth muscle contraction",20,0.519299866023664,1.61345123556191,0.0181646422996349,0.123642420290752,0.10146890193821,1320,"tags=45%, list=15%, signal=39%","Cacna1g/Grip2/Rap1gds1/Smpd3/Htr7/Edn3/Chrm3/Dock5/Adra2b"
"GO:2000649","GO:2000649","regulation of sodium ion transmembrane transporter activity",24,0.506044455266941,1.61493172436061,0.0184756992147421,0.124854964957178,0.102463993878047,1484,"tags=42%, list=16%, signal=35%","Fgf13/Fgf14/Fgf12/Dmd/Plcb1/Atp1b1/Ank3/Wnk2/Ptpn3/Scn2b"
"GO:0003179","GO:0003179","heart valve morphogenesis",27,0.486381624621983,1.60837714517693,0.0184110618657152,0.124854964957178,0.102463993878047,1914,"tags=41%, list=21%, signal=32%","Robo1/Robo2/Tgfb2/Bmpr2/Bmpr1a/Sox4/Hey2/Smad6/Mtor/Acvr1/Axin2"
"GO:0046328","GO:0046328","regulation of JNK cascade",82,0.34720270896302,1.46080459738398,0.0184468115004059,0.124854964957178,0.102463993878047,2153,"tags=40%, list=24%, signal=31%","Sh3rf3/Hipk2/Igf1r/Egfr/Prkn/Taok1/Sh3rf1/Rassf2/Ripk1/Plcb1/Dusp22/Rb1cc1/Rapgef1/Map3k5/Fgd4/Map3k7/Grik2/Ccdc88c/Map2k4/Dab2ip/Mapk8ip1/Ulk4/Mfhas1/Map4k4/Rnf13/Phlpp1/Wnt5a/Ncor1/App/Tnfrsf19/Taok3/Axin1/Mdfic"
"GO:0090090","GO:0090090","negative regulation of canonical Wnt signaling pathway",80,0.345980507740616,1.45533697297282,0.018557140103496,0.125105312946536,0.102669445498315,2189,"tags=38%, list=24%, signal=29%","Rbms3/Prkn/Wnt11/Prickle1/Shisa6/Ptpro/Foxo3/Cdh2/Fzd1/Gsk3b/Invs/Rapgef1/Lats1/Kremen1/Ccdc88c/Gpc3/Amer2/Dab2ip/Hdac1/Ubac2/Tcf7l2/Dkk3/Wnt5a/Znrf3/Sox2/Axin2/App/Bicc1/Axin1/Nkd1"
"GO:0065004","GO:0065004","protein-DNA complex assembly",103,-0.320454638798311,-1.41913063909387,0.0186214554201569,0.125239287288788,0.102779393438223,1902,"tags=31%, list=21%, signal=25%","Cenpt/Med14/Macroh2a2/Tbp/Med28/Gtf2f2/Shprh/Macroh2a1/Asf1a/Taf2/Cenpv/Rrn3/Taf13/Med17/Taf10/Mis18a/Psmc6/Med8/Med20/Gtf2b/Med16/Med31/Smarcb1/Mis12/Rad52/Kntc1/Taf7/Smarca5/Rbbp4/Taf9/Nap1l4/Chaf1a"
"GO:2000630","GO:2000630","positive regulation of miRNA metabolic process",39,0.442628290521963,1.61416731650134,0.0188086714613989,0.126197228995767,0.103565541856374,2751,"tags=54%, list=30%, signal=38%","Tead1/Egfr/Ets1/Tgfb2/Bmpr1a/Foxo3/Srebf2/Smad1/Klf5/Smad6/Mrtfa/Jun/Srebf1/Apln/Mrtfb/Smarca4/Notch2/Stat3/Ctcf/Atoh8/Bmyc"
"GO:1902932","GO:1902932","positive regulation of alcohol biosynthetic process",23,0.507367414096872,1.62036599480841,0.0190705787624861,0.127438017322334,0.104583812355597,2029,"tags=52%, list=22%, signal=41%","Qki/Abcg1/Pth1r/Srebf2/Gnai1/Adcyap1r1/Npy1r/Bmp6/Scap/Fdps/Fgf1/Srebf1"
"GO:0071902","GO:0071902","positive regulation of protein serine/threonine kinase activity",89,0.342878456133081,1.47231560503392,0.0190840465968861,0.127438017322334,0.104583812355597,1852,"tags=34%, list=20%, signal=27%","Sash1/Robo1/Tenm1/Prox1/Tead1/Epha4/Zeb2/Egfr/Adam9/Ezh2/Nrxn1/Rapgef2/Ntrk3/Map3k5/Nek10/Fgd4/Ccny/Map3k7/Edn3/Fgf18/Fgfr1/Map2k4/Dab2ip/Ip6k2/Cemip/Etaa1/Ccnd2/Wnt5a/Fgf1/Ptpn1"
"GO:0035335","GO:0035335","peptidyl-tyrosine dephosphorylation",21,0.513439349398249,1.60798605309029,0.0193558810375991,0.128340877091657,0.105324757002118,1852,"tags=43%, list=20%, signal=34%","Ptprt/Ubash3b/Ptpro/Ptprs/Epm2a/Dusp22/Ptpn13/Ptprz1/Ptpn1"
"GO:0031128","GO:0031128","developmental induction",21,0.513093976677565,1.60690441702436,0.0193558810375991,0.128340877091657,0.105324757002118,1875,"tags=48%, list=21%, signal=38%","Robo1/Hipk2/Robo2/Nkx2-1/Pou2f1/Six3/Fgfr1/2210016L21Rik/Fgf1/Sox2"
"GO:0015718","GO:0015718","monocarboxylic acid transport",57,-0.381172759317628,-1.51371904371342,0.0193091624445306,0.128340877091657,0.105324757002118,1657,"tags=33%, list=18%, signal=27%","Rbp7/Ppard/Abcc1/Slc25a17/Abcc4/Atp5pf/Akt1/Irs2/Pla2g12a/Nherf1/Fabp7/Acsl1/Got2/Abcb11/Fabp5/Mpc1/Pla2r1/Mpc2/Rps6kb1"
"GO:0097553","GO:0097553","calcium ion transmembrane import into cytosol",97,0.325047392812457,1.41795569519634,0.019496013580376,0.128966587487088,0.105838255092874,1656,"tags=34%, list=18%, signal=28%","Bcl2/Cacna1g/Cacna1b/Cacna1c/Cacna1i/Slc8a3/Tgfb2/Ppp3ca/Fyn/Ubash3b/Grin2b/Cacna1d/Dmd/Ryr2/Prkd1/Plcb1/Plcl2/Ank2/Adrb1/Prkce/Grin1/Adcyap1r1/Itpr1/Cacna1e/Pawr/Akap5/Jph3/Chd7/Asph/Htr2c/Cemip/Nalf2/Akap6"
"GO:0048048","GO:0048048","embryonic eye morphogenesis",20,0.518628081248592,1.61136401766279,0.019594900616688,0.129317166130742,0.106125962418005,847,"tags=30%, list=9%, signal=27%","Rarb/Prox1/Hipk2/Sox11/Arid1a/Six3"
"GO:0010171","GO:0010171","body morphogenesis",41,0.428655237926927,1.58672318950058,0.020090177803778,0.131867998896202,0.108219339425108,2038,"tags=44%, list=22%, signal=34%","Tgfb2/Prickle1/Ski/Crebbp/Dlx5/Ep300/Cdon/Gpc3/Vps13b/Asph/Braf/Ankrd11/Arid5b/Kat6a/Tcf7l2/Ssbp3/Gnas/Gatad2a"
"GO:0006099","GO:0006099","tricarboxylic acid cycle",23,-0.483236852078555,-1.55721167056397,0.0200583122042862,0.131867998896202,0.108219339425108,3032,"tags=65%, list=33%, signal=44%","Idh1/Fh1/Dlat/Mdh1/Suclg1/Ireb2/Sdhd/Sdha/Cs/Sdhb/Sucla2/Pdhb/Suclg2/Dlst/Idh3a"
"GO:0006413","GO:0006413","translational initiation",82,-0.338818297028952,-1.44486528464288,0.0201218025285191,0.131867998896202,0.108219339425108,2551,"tags=40%, list=28%, signal=29%","Eif3h/Mif4gd/Eif5/Eif3a/Eif1/Eif4e/Eif4g2/Eif6/Bzw1/Mtfmt/Eif4a2/Eif2ak2/Eif2s2/Eif3g/Mknk1/Eif3j2/Eif4e3/Eif2ak4/Denr/Eif2b2/Uhmk1/Eif2b5/Ago2/Abce1/Mettl3/Ncbp2/Mcts1/Eif2a/Ddx3x/Eif3e/Eif2b1/Rps6kb1/Eif1ax"
"GO:0002065","GO:0002065","columnar/cuboidal epithelial cell differentiation",59,0.375186222019601,1.47308682063308,0.0201970558353155,0.132054068083339,0.108372039736691,1382,"tags=29%, list=15%, signal=25%","Rarb/Prox1/Sox11/Ext1/Wnt11/Kdm2a/Wdr77/Cdh2/Sox4/Afdn/Cbfa2t2/Klf5/Tjp1/Fam20c/Cep152/Kcnma1/Hes1"
"GO:0019068","GO:0019068","virion assembly",21,-0.522843473463931,-1.63492995807138,0.0203871369945204,0.132379263360954,0.108638915843269,1536,"tags=43%, list=17%, signal=36%","Chmp2b/Lrsam1/Chmp7/Rab43/Chmp4b/Chmp2a/Chmp3/Vps4b/Chmp1b2"
"GO:0071230","GO:0071230","cellular response to amino acid stimulus",57,0.373908172829142,1.46632928401242,0.0203877218944833,0.132379263360954,0.108638915843269,1776,"tags=37%, list=20%, signal=30%","Gria1/Glra3/Egfr/Prkn/Fyn/Gria2/Ep300/Sesn3/Cpeb4/Col4a1/Cybb/Pdgfd/Capn2/Cpeb3/Dnmt3a/Zeb1/Mtor/Castor2/Hsf1/Col4a6/Samtor"
"GO:0061326","GO:0061326","renal tubule development",57,0.373736012098139,1.46565413342794,0.0203877218944833,0.132379263360954,0.108638915843269,1493,"tags=30%, list=16%, signal=25%","Bcl2/Pkd1/Hs3st3b1/Kif26b/Lgr5/Wnt11/Prickle1/Gzf1/Fmn1/Mtss1/Hs3st3a1/Col4a1/Lgr4/Gpc3/Eya1/Hes1/Aqp1"
"GO:1904262","GO:1904262","negative regulation of TORC1 signaling",33,-0.439596270927651,-1.57304430890794,0.0206199859608206,0.133226931011953,0.109334566296837,1078,"tags=30%, list=12%, signal=27%","Itfg2/Ube2d1/Depdc5/Tbc1d7/Tsc2/Tbk1/Npc1/Atxn3/Ywhaz/Sesn1"
"GO:0021543","GO:0021543","pallium development",147,0.299450721135963,1.39068293652149,0.0205920582341705,0.133226931011953,0.109334566296837,1519,"tags=26%, list=17%, signal=22%","Fgf13/Robo1/Gria1/Prox1/Epha5/Nkx2-1/Kirrel3/Zeb2/Egfr/Slc32a1/Trappc9/Syne2/Ezh2/Large1/Zmiz1/Kcnq2/Ptprs/Cdh2/Dmd/Plcb1/Ogdh/Mfsd2a/Gsk3b/Ncoa1/Cdon/Reln/Atp2b4/Afdn/Grin1/Ccdc141/Fgfr1/Kcna2/Dab2ip/Gart/Vps13b/Uba6/Ulk4/Hdac1"
"GO:0090276","GO:0090276","regulation of peptide hormone secretion",155,0.293272156432589,1.37106540088766,0.0206601025025633,0.133226931011953,0.109334566296837,1694,"tags=29%, list=19%, signal=24%","Epha5/Mtnr1b/Doc2b/Cacna1c/Adcy8/Egfr/Cckbr/Cask/Prkn/Adcy5/Abcg1/Ppp3ca/Arhgef7/Kcnj6/Cacna1d/Pde3b/Klf7/Sox4/Pla2g6/Prkd1/Kalrn/Plcb1/Brsk2/Pfkl/Stxbp5l/Irs1/Capn10/Madd/Prkce/Fto/Itpr1/Rapgef4/Cacna1e/Chrm3/Ptbp1/Chd7/Cnr1/Htr2c/Lrp5/Map4k4/Kcnb1/Ano1/Itsn1/Stxbp4/Tcf7l2"
"GO:0050885","GO:0050885","neuromuscular process controlling balance",45,0.413059961421069,1.55181889613987,0.0207788387238424,0.133236567831268,0.109342474888983,2197,"tags=47%, list=24%, signal=36%","Rbfox2/Adcy5/Rbfox1/Nrxn1/Ap1s2/Cdh23/Tpp1/Gigyf2/Myh10/Elp6/Atp2b2/Kcnma1/Jph3/Hexa/Aplp2/Nr4a3/Sox2/App/Abl1/Tnr/Nbn"
"GO:0032411","GO:0032411","positive regulation of transporter activity",50,0.393307693667523,1.50743057761619,0.020803438554208,0.133236567831268,0.109342474888983,1205,"tags=28%, list=13%, signal=24%","Fgf13/Fgf14/Stac/Lrrc38/Dmd/Akap7/Plcb1/Atp1b1/Stimate/Ank3/Ank2/Reln/Wnk2/Rnf207"
"GO:0060997","GO:0060997","dendritic spine morphogenesis",65,0.360504405330488,1.44889859012072,0.0207216961630323,0.133236567831268,0.109342474888983,1380,"tags=23%, list=15%, signal=20%","Il1rapl1/Nlgn1/Epha5/Cux2/Epha4/Cask/Abi2/Kalrn/Ppfia2/Dbn1/Reln/Afdn/Ctnnd2/Lzts3/Itpka"
"GO:0051306","GO:0051306","mitotic sister chromatid separation",34,-0.437720796507997,-1.57067542366298,0.0210055316488616,0.13371475601264,0.109734906787109,2048,"tags=47%, list=23%, signal=37%","Psmg2/Nsmce2/Bub3/Zfp207/Lcmt1/Rb1/Gen1/Cep192/Spc25/Prpf4b/Dync1li1/Kntc1/Cdc16/Usp44/Anapc7/Trip13"
"GO:0045921","GO:0045921","positive regulation of exocytosis",56,0.382346840486319,1.49900092455679,0.0210204531276081,0.13371475601264,0.109734906787109,1033,"tags=25%, list=11%, signal=22%","Nlgn1/Cacna1g/Syt1/Doc2b/Cacna1i/Cacna1d/Scamp5/Pla2g6/Prkca/Smpd3/Syt10/Stxbp5/Gab2/Cacna1h"
"GO:0090087","GO:0090087","regulation of peptide transport",159,0.289685386973326,1.35795711652681,0.0209392930769223,0.13371475601264,0.109734906787109,1694,"tags=29%, list=19%, signal=24%","Epha5/Mtnr1b/Doc2b/Cacna1c/Adcy8/Egfr/Cckbr/Cask/Prkn/Adcy5/Abcg1/Ppp3ca/Arhgef7/Kcnj6/Cacna1d/Pde3b/Klf7/Sox4/Pla2g6/Prkd1/Kalrn/Plcb1/Brsk2/Pfkl/Stxbp5l/Irs1/Capn10/Madd/Prkce/Fto/Itpr1/Rapgef4/Cd74/Cacna1e/Chrm3/Ptbp1/Chd7/Cnr1/Htr2c/Lrp5/Map4k4/Kcnb1/Ano1/Itsn1/Stxbp4/Tcf7l2"
"GO:0010661","GO:0010661","positive regulation of muscle cell apoptotic process",24,-0.49287768455331,-1.6067183481532,0.021224104292382,0.134403428979624,0.110300076003225,1744,"tags=46%, list=19%, signal=37%","Mapk8/Grk2/Agt/Sod2/Atp2a2/Fndc1/Mfn2/Pdcd4/Stub1/Arrb1/Bnip3"
"GO:0035725","GO:0035725","sodium ion transmembrane transport",92,0.328040974673865,1.42193110237814,0.0211943983891092,0.134403428979624,0.110300076003225,1550,"tags=32%, list=17%, signal=26%","Fgf13/Fgf14/Slc6a6/Slc8a3/Kcnk9/Asic2/Slc6a1/Fgf12/Slc5a6/Kcnq2/Wnk1/Dmd/Plcb1/Atp1b1/Ank3/Slc5a1/Kcnk3/Nalcn/Slc12a1/Atp2b4/Slc13a3/Grin1/Scn8a/Wnk2/Slc38a1/Ptpn3/Scn2b/Slc24a3/Atp1a1"
"GO:0098927","GO:0098927","vesicle-mediated transport between endosomal compartments",37,-0.438418269915587,-1.59123796316902,0.0215692092985346,0.136282582518544,0.111842229947795,2617,"tags=51%, list=29%, signal=37%","Wdr81/Ptpn23/Msn/Sorl1/Rab11a/Rilp/Ankrd27/Dnajc13/Map2k1/Map2k2/Nf2/Rab5a/Lmtk2/Snx3/Chmp3/Dync1li1/Snx12/Rab21/Vps11"
"GO:0048771","GO:0048771","tissue remodeling",99,0.327692086109573,1.43227976698086,0.0217943243076826,0.137396881205927,0.112756694934602,1600,"tags=30%, list=18%, signal=25%","Egfr/Ext1/Tgfb2/Pth1r/Acvr2b/Ppp3ca/Igf1/Ubash3b/Bmpr2/Mitf/Tpp1/Rassf2/Fshr/Ypel4/Prkca/Gsk3b/Igfbp5/Pbrm1/Ddr2/Nfatc3/Lgr4/Dock5/Ppargc1b/Chd7/Enpp1/Fkrp/Ankrd11/Lrp5/Rock1/Tns3"
"GO:0070509","GO:0070509","calcium ion import",46,0.393803860304894,1.4874474639576,0.0219673227065623,0.138178382560474,0.113398045080633,1382,"tags=35%, list=15%, signal=30%","Cacna1g/Cacna1b/Cacna1c/Cacna1i/Cask/Slc8a3/Ppp3ca/Fyn/Cacna1d/Cxcl12/Adrb1/Cacna1h/Cacna1e/Pawr/Akap5/Hes1"
"GO:0070897","GO:0070897","transcription preinitiation complex assembly",51,-0.403220425084802,-1.57205791490123,0.0220806407571226,0.13845425941919,0.113624447328812,2415,"tags=43%, list=27%, signal=32%","Hmgb1/Med21/Taf12/Med9/Med14/Tbp/Med28/Gtf2f2/Taf2/Rrn3/Taf13/Med17/Taf10/Psmc6/Med8/Med20/Gtf2b/Med16/Med31/Smarcb1/Taf7/Taf9"
"GO:0016082","GO:0016082","synaptic vesicle priming",28,-0.46289659361609,-1.56360551478181,0.0221118309161078,0.13845425941919,0.113624447328812,1767,"tags=54%, list=19%, signal=43%","Efr3a/Snap23/Rph3a/Synj1/Rab3a/Osbpl2/Napa/Stx1a/Cadps2/Sv2a/Snap47/Syngr3/Vamp1/Snap29/Napb"
"GO:0016239","GO:0016239","positive regulation of macroautophagy",64,-0.351644103705472,-1.43983127530473,0.0221585773591394,0.13845425941919,0.113624447328812,661,"tags=19%, list=7%, signal=18%","Snx7/Trim32/Stub1/Ube2a/Tsc2/Fbxo7/Tbk1/Bnip3/Pip4k2b/Snx4/Sesn1/Scoc"
"GO:0003231","GO:0003231","cardiac ventricle development",80,0.340999395247758,1.43438435565708,0.0222972702532445,0.139012627375316,0.114082679893754,1879,"tags=32%, list=21%, signal=26%","Robo1/Prox1/Robo2/Sox11/Tgfb2/Wnt11/Bmpr2/Bmpr1a/Fzd1/Sox4/Ryr2/Hey2/Hectd1/Matr3/Tmem65/Ltbp1/Fgf9/Smad6/Hes1/Chd7/Rnls/Acvr1/Cntrl/Ly6e/Wnt5a/Sufu"
"GO:1902410","GO:1902410","mitotic cytokinetic process",25,-0.488289046589086,-1.6099129197105,0.0223499168639167,0.139033257665601,0.114099610433426,2633,"tags=60%, list=29%, signal=43%","Chmp2b/Spart/Rab11a/Iqgap1/Stx2/Klhdc8b/Chmp7/Mtmr4/Zfyve19/Chmp4b/Chmp2a/Chmp3/Vps4b/Chmp1b2/Arf1"
"GO:0043507","GO:0043507","positive regulation of JUN kinase activity",25,0.494103951794202,1.59745270470499,0.0224411277061156,0.139293167127387,0.114312908811352,2370,"tags=52%, list=26%, signal=39%","Sash1/Epha4/Zeb2/Map3k5/Fgd4/Map3k7/Map2k4/Dab2ip/Wnt5a/Ptpn1/Taok3/Axin1/Map3k13"
"GO:0050708","GO:0050708","regulation of protein secretion",188,0.286918879458005,1.37831390728066,0.0225110222300958,0.139419913504198,0.114416925019134,2307,"tags=37%, list=25%, signal=28%","Frmd4a/Epha5/Mtnr1b/Doc2b/Cacna1c/Adcy8/Egfr/Cask/Prkn/Adcy5/Abcg1/Tgfb2/Rap1gds1/Adam9/Ppp3ca/Igf1/Kcnj6/Cacna1d/Pde3b/Oprm1/Klf7/Myo18a/Sox4/Pla2g6/Plcb1/Brsk2/Ep300/Pfkl/Rab11fip5/Stxbp5l/Irs1/Capn10/Rhbdf1/Madd/Prkce/Vegfc/Fto/Itpr1/Myh10/Rapgef4/Cacna1e/Idh2/Chrm3/Ptbp1/Cnr1/Lrp5/Map4k4/Kcnb1/Ano1/Apbb1/Stxbp4/Tcf7l2/Kif5b/G6pc2/Gnas/Malrd1/Clock/Apbb3/Srebf1/Dnajc1/Pck2/Tmed10/Atp13a2/Tmem132a/Glud1/Ttn/Rptor/Kcnj11/Tardbp"
"GO:0007043","GO:0007043","cell-cell junction assembly",66,0.366536058544313,1.47775777667303,0.022689981471012,0.140220104792351,0.115073613323669,1646,"tags=35%, list=18%, signal=29%","Cdh4/Cdh9/Pard3/Cdh7/Cdh6/Pecam1/Cntnap2/Wnt11/Nfasc/Abi2/Ptpro/Cdh2/Prkca/Cdh10/Ugt8a/Afdn/Cdh22/Tbcd/Tjp1/Vcl/Fkrp/Rock1/Gjc1"
"GO:0051123","GO:0051123","RNA polymerase II preinitiation complex assembly",46,-0.402343036432073,-1.53204018003183,0.0228610376237984,0.140709232053842,0.1154750225327,2415,"tags=43%, list=27%, signal=32%","Hmgb1/Med21/Taf12/Med9/Med14/Tbp/Med28/Gtf2f2/Taf2/Taf13/Med17/Taf10/Psmc6/Med8/Med20/Gtf2b/Med16/Med31/Taf7/Taf9"
"GO:0070167","GO:0070167","regulation of biomineral tissue development",49,0.39101953872383,1.49651723381524,0.0228689951315328,0.140709232053842,0.1154750225327,2268,"tags=43%, list=25%, signal=32%","Ank/Asxl2/Acvr2b/Bmpr2/Bmpr1a/Nell1/Hey2/Ddr2/Acvr2a/Fam20c/Phospho1/Enpp1/Gas6/Bmp6/Acvr1/Atraid/Bcor/Cd276/Kl/Slc20a2/Tent5a"
"GO:0030326","GO:0030326","embryonic limb morphogenesis",74,0.347783497868898,1.43693376347429,0.0230716415576653,0.141338882411958,0.115991754009589,1568,"tags=30%, list=17%, signal=25%","Rarb/Chst11/Cacna1c/Tgfb2/Wnt9a/Prickle1/Bmpr1a/Ski/Dlx5/Mbnl1/Fbxw4/Rdh10/Bpnt2/Ttbk2/Fgf9/Fgfr1/Gpc3/Zbtb16/Traf3ip1/Chd7/Hdac1/Lrp5"
"GO:0035113","GO:0035113","embryonic appendage morphogenesis",74,0.347783497868898,1.43693376347429,0.0230716415576653,0.141338882411958,0.115991754009589,1568,"tags=30%, list=17%, signal=25%","Rarb/Chst11/Cacna1c/Tgfb2/Wnt9a/Prickle1/Bmpr1a/Ski/Dlx5/Mbnl1/Fbxw4/Rdh10/Bpnt2/Ttbk2/Fgf9/Fgfr1/Gpc3/Zbtb16/Traf3ip1/Chd7/Hdac1/Lrp5"
"GO:0017145","GO:0017145","stem cell division",27,0.475896661055639,1.57370524370197,0.0233399164594986,0.142363386543002,0.116832527823008,1773,"tags=37%, list=20%, signal=30%","Fut9/Ext1/Tgfb2/Esrrb/Fubp1/Zbtb16/Tdrd12/Cdk2ap2/Ulk4/Cntrl"
"GO:0060541","GO:0060541","respiratory system development",161,0.289306228790121,1.3564102822144,0.0233399164594986,0.142363386543002,0.116832527823008,1476,"tags=25%, list=16%, signal=22%","Foxp2/Prox1/Hipk2/Pkd1/Cux1/Nkx2-1/Phf14/Sox11/Ncor2/Atxn1/Egfr/Hs6st1/Ext1/Wnt11/Acvr2b/Igf1/Bmpr2/Thrb/Bmpr1a/Smchd1/Pou2f1/Tshz3/Ski/Dlx5/Tnrc6c/Fndc3b/Ep300/Smpd3/Igfbp5/Rdh10/Mme/Cebpa/Adamtsl2/Fgf18/Fgf9/Fgfr1/Gpc3/Eda/Hes1/Chd7/Fkrp"
"GO:0051148","GO:0051148","negative regulation of muscle cell differentiation",37,0.431256789564578,1.54193307588228,0.0234764071990278,0.142886642520217,0.11726194524557,1830,"tags=43%, list=20%, signal=35%","Sox6/Hdac4/Ezh2/Bmpr2/Bmpr1a/Hey2/Ppara/Ctdp1/Smad1/Nfatc3/Fgf9/Ptbp1/Rcan1/Ankrd17/Bdnf/Ccnd2"
"GO:0070306","GO:0070306","lens fiber cell differentiation",24,0.493197591661468,1.57393373025342,0.0235827027310019,0.143224259258542,0.117539015199662,1358,"tags=42%, list=15%, signal=36%","Maf/Spred2/Prox1/Zeb2/Abi2/Ntrk3/Six3/Cdkn1b/Plaat1/Spred1"
"GO:0000460","GO:0000460","maturation of 5.8S rRNA",23,-0.475242935453317,-1.53145158995589,0.0236777942742721,0.143492525300857,0.117759171523658,2219,"tags=43%, list=24%, signal=33%","Las1l/Eif6/Exosc10/Mak16/Rpf1/Wdr12/Nol9/Eri1/Exosc9/Rps21"
"GO:0060325","GO:0060325","face morphogenesis",23,0.498196620499478,1.5910774719791,0.0238011796306349,0.143930738624741,0.118118797489281,1694,"tags=48%, list=19%, signal=39%","Tgfb2/Prickle1/Ski/Crebbp/Dlx5/Ep300/Asph/Ankrd11/Arid5b/Kat6a/Tcf7l2"
"GO:0021954","GO:0021954","central nervous system neuron development",74,0.34650220755589,1.43163986849982,0.0239314434288804,0.144408581547291,0.11851094604587,807,"tags=20%, list=9%, signal=19%","Robo1/Agbl4/Robo2/Epha4/Zeb2/Taok1/Sox1/Dclk1/Zmiz1/Plxna4/Rapgef2/Brinp1/Cntn2/Ogdh/Prkca"
"GO:0010656","GO:0010656","negative regulation of muscle cell apoptotic process",36,0.435045261811354,1.54155206647114,0.0240128558789987,0.144590230485082,0.118660018817274,866,"tags=25%, list=10%, signal=23%","Bcl2/Erbb4/Gria4/Igf1r/Qki/Igf1/Hey2/Gsk3b/Ambra1"
"GO:0033002","GO:0033002","muscle cell proliferation",152,0.294994810987329,1.37739346565659,0.0244170381879332,0.146710476788051,0.120400028950487,1360,"tags=23%, list=15%, signal=20%","Ccn4/Erbb4/Mef2d/Tafa5/Gna13/Prkg1/Igf1r/Tenm4/Egfr/Tgfb2/Hdac4/Igf1/Ppargc1a/Bmpr2/Bmpr1a/Ski/Hey2/Paxbp1/Prkca/Gsk3b/Smpd3/Igfbp5/Map3k5/Ddr2/Vip/Smad1/Arid2/Map3k7/Myh10/Cdkn1b/Fgf9/Fgfr1/Ptk2/Pdgfd/Vgll4"
"GO:0140056","GO:0140056","organelle localization by membrane tethering",57,-0.37094164607134,-1.47308909159664,0.024478448969718,0.146766530205671,0.120446029980897,1322,"tags=28%, list=15%, signal=24%","Atp2a2/Stx16/Exoc1/Stx6/Vamp2/Ndrg4/Rab8a/Vps18/Stx1a/Stx7/Calm2/Stx19/Snap29/Ahcyl1/Esyt1/Vps11"
"GO:0098698","GO:0098698","postsynaptic specialization assembly",35,0.440660109188174,1.54762927778932,0.0245949786757989,0.147152122947773,0.120762472121422,1192,"tags=29%, list=13%, signal=25%","Nrxn3/Nlgn1/Nrxn1/Prickle1/Ptprs/Ntrk3/Arhgef9/Reln/Lats1/Fgfr1"
"GO:0031338","GO:0031338","regulation of vesicle fusion",30,0.450812220860721,1.52303831784294,0.0248377177272023,0.147353028537381,0.12092734813665,1870,"tags=40%, list=21%, signal=32%","Cacna1b/Syt1/Rimbp2/Doc2b/Erc1/Tbc1d4/Erc2/Znrf1/Rims2/Cplane2/Syt13/Kif5b"
"GO:0050709","GO:0050709","negative regulation of protein secretion",56,0.377878194385419,1.48148147904954,0.0247895826153279,0.147353028537381,0.12092734813665,992,"tags=25%, list=11%, signal=22%","Frmd4a/Mtnr1b/Prkn/Ppp3ca/Kcnj6/Pde3b/Oprm1/Klf7/Pfkl/Rab11fip5/Stxbp5l/Irs1/Rhbdf1/Madd"
"GO:0042310","GO:0042310","vasoconstriction",66,0.365297786936212,1.47276545611998,0.0247393718969875,0.147353028537381,0.12092734813665,1320,"tags=29%, list=15%, signal=25%","Cacna1g/Rbfox2/Mtnr1b/Cacna1c/Egfr/Grip2/Rap1gds1/Asic2/Bmpr2/Add3/Smpd3/Htr7/Edn3/Drd5/Npy1r/Smad6/Chrm3/Dock5/Adra2b"
"GO:0007034","GO:0007034","vacuolar transport",123,-0.307360350711981,-1.39961782241685,0.0247705477114003,0.147353028537381,0.12092734813665,2404,"tags=36%, list=27%, signal=27%","Vps53/Sorl1/Vps13d/Lyset/Ncoa4/Rilp/Hspa8/Psap/Plekhf2/Leprotl1/Sort1/Scyl2/Gcc2/Hgsnat/Vps39/M6pr/Chmp7/Lyst/Lamp2/Vps33a/Vps8/Bin1/Plekhf1/Leprot/Vipas39/Hgs/Chmp4b/Vps18/Chmp2a/Stx7/Chmp3/Vps4b/Chmp1b2/Arf1/Tpcn2/Npc1/Rhob/Rbsn/Vps29/Ankfy1/Gga3/Vps35/Vps11/Lrp1"
"GO:0051048","GO:0051048","negative regulation of secretion",117,0.298828866383964,1.34325178962641,0.0249345414631482,0.147616676141075,0.121143714273632,1218,"tags=21%, list=13%, signal=19%","Il1rapl1/Frmd4a/Mtnr1b/Prkg1/Atp9a/Prkn/Kcnk9/Ppp3ca/Kcnj6/Pde3b/Wnk1/Oprm1/Klf7/Kalrn/Pfkl/Rab11fip5/Stxbp5l/Irs1/Rhbdf1/Madd/Htr7/Edn3/Cd74/Npy1r/Idh2"
"GO:0098754","GO:0098754","detoxification",54,-0.366094788957778,-1.44252148774801,0.0250357158657309,0.147904920984548,0.121380266483528,1887,"tags=35%, list=21%, signal=28%","Prdx4/Prdx3/Prdx1/Gpx1/Oscp1/Cygb/Txnrd1/Abcc1/Sod1/Sod2/Mgst3/Cat/Rab29/Gstk1/Park7/Mt4/Cp/Sesn1/Ptgs1"
"GO:1904356","GO:1904356","regulation of telomere maintenance via telomere lengthening",43,-0.408771099815241,-1.52767147205323,0.0254617270467257,0.150107001710613,0.123187435194134,2354,"tags=42%, list=26%, signal=31%","Cct2/Terf2/Mcrs1/Map3k4/Tnks2/Tnks/Exosc10/Slx4/Cct4/Ctc1/Pot1b/Ctnnb1/Tent4b/Prkcq/Ptges3/Nat10/Cct8/Hnrnpa2b1"
"GO:0002028","GO:0002028","regulation of sodium ion transport",48,0.396046208497451,1.51248027608616,0.0259493162459044,0.152662156953985,0.125284359503905,1550,"tags=33%, list=17%, signal=28%","Nkain3/Fgf13/Fgf14/Nkain2/Fgf12/Wnk1/Dmd/Akt3/Plcb1/Atp1b1/Ank3/Atp2b4/Wnk2/Ptpn3/Scn2b/Atp1a1"
"GO:0009309","GO:0009309","amine biosynthetic process",21,-0.514795971542919,-1.60976544393653,0.0262119357162073,0.153565976815535,0.1260260920637,594,"tags=33%, list=7%, signal=31%","Azin1/Odc1/Epas1/Park7/Amd1/Sms/Vps35"
"GO:0042401","GO:0042401","biogenic amine biosynthetic process",21,-0.514795971542919,-1.60976544393653,0.0262119357162073,0.153565976815535,0.1260260920637,594,"tags=33%, list=7%, signal=31%","Azin1/Odc1/Epas1/Park7/Amd1/Sms/Vps35"
"GO:0008217","GO:0008217","regulation of blood pressure",96,0.320838695183766,1.39807133982264,0.026360667019726,0.154116928758481,0.126478238572479,2284,"tags=42%, list=25%, signal=32%","Cacna1b/Gna13/Nkx2-1/Cacna1c/Grip2/Ext1/Asic2/Bmpr2/Arhgef12/Ptpro/Wnk1/Nr3c2/Fshr/Ppara/Mme/Kcnk3/Adrb1/Vegfc/Edn3/Drd5/Npy1r/Chrm3/Corin/Adra2b/Nr2f2/Cnr1/Atp1a1/Lrp5/Gas6/Rnls/Rnpep/Nav2/Ptpn1/Gnas/Manf/Apln/Rps6ka2/Scpep1/Kl/Arhgap42"
"GO:0140053","GO:0140053","mitochondrial gene expression",131,-0.308804241221712,-1.41652594159028,0.0267735529757165,0.156206774918363,0.128193300398059,2378,"tags=49%, list=26%, signal=37%","Gfm1/Mtg1/Qrsl1/Dars2/Mettl8/Trnt1/Fastkd2/Mrpl18/Ptcd3/Mrpl12/Mrpl19/Mrpl54/Elac2/Mrpl42/Mrpl23/Mrpl28/Mrps5/Rmnd1/Mrps12/Polr2b/Mrps14/Polr1b/Chchd1/Mrpl32/Yars2/Dap3/Mrpl48/Mrpl51/Kansl3/Mrpl27/Cdk5rap1/Tfam/Mrpl37/Mrps9/Mrpl38/Mrpl43/Mrps33/Mrpl40/Polrmt/Mrps34/Fastkd3/Lars2/Mrps17/Uqcc2/Mrpl46/Mrps26/Rcc1l/Mtpap/Mrpl35/Mrpl3/Gars1/Mrpl20/Coa3/Mterf3/Mrpl39/Aars2/Mrps31/Mrps15/Mrps10/Mrpl24/Mrpl57/C1qbp/Mrpl15/Mrps6"
"GO:0086003","GO:0086003","cardiac muscle cell contraction",40,0.41800122685685,1.5344279077025,0.0270840531848153,0.157187868465689,0.128998448701625,1656,"tags=38%, list=18%, signal=31%","Sgcd/Fgf13/Kcne2/Cacna1c/Kcnd3/Cacna1d/Ryr2/Ank2/Adrb1/Cacna1h/Rnf207/Scn2b/Atp1a1/Kcne4/Akap6"
"GO:0045778","GO:0045778","positive regulation of ossification",38,0.407154044771704,1.46986317191847,0.0271090504167229,0.157187868465689,0.128998448701625,2268,"tags=50%, list=25%, signal=38%","Asxl2/Sox11/Acvr2b/Bmpr2/Thrb/Bmpr1a/Nell1/Acvr2a/Fam20c/Zbtb16/Bmp6/Acvr1/Wnt5a/Atraid/Scube2/Cd276/Kl/Slc20a2/Tent5a"
"GO:0046888","GO:0046888","negative regulation of hormone secretion",60,0.367838222685444,1.45051616261637,0.027000115515576,0.157187868465689,0.128998448701625,1196,"tags=27%, list=13%, signal=23%","Mtnr1b/Prkn/Kcnk9/Ppp3ca/Kcnj6/Pde3b/Oprm1/Klf7/Kalrn/Pfkl/Rab11fip5/Stxbp5l/Irs1/Madd/Edn3/Npy1r"
"GO:0007617","GO:0007617","mating behavior",28,0.46171201407704,1.54484595703028,0.0272142505232219,0.157473835676467,0.129233131740016,1933,"tags=50%, list=21%, signal=39%","Ppp1r1b/Hdac4/Thrb/Oprm1/Ncoa1/Vip/Grin1/Acvr2a/Drd5/Grn/Cnr1/Ncoa2/Aplp2/App"
"GO:0098813","GO:0098813","nuclear chromosome segregation",179,-0.277809895938751,-1.3359652408168,0.0273906308983066,0.15816966776932,0.129804176194089,2496,"tags=39%, list=28%, signal=28%","Nsmce2/Chmp2b/Brip1/Ndc1/Washc5/Ccne1/Bub3/Wrap73/Actr3/Rab11a/Terb1/Poldip2/Cit/Cep97/Washc1/Kat2b/Anapc1/M1ap/Zfp207/Aspm/Nsl1/Phf10/Lcmt1/Rec8/Rb1/Bccip/Gen1/Klhdc8b/Mlh1/Kif11/Cep192/Chmp7/Cdc27/Spc25/Mzt1/Ccsap/Ska2/BC005624/Tex11/Mlh3/Prpf4b/Ran/Chmp4b/Ncapg/Chmp2a/Racgap1/Chmp3/Vps4b/Ttl/Dync1li1/Smarcb1/Spice1/Mis12/Kntc1/Chmp1b2/Cdc16/Usp44/Chek2/Ube2b/Anapc7/Smarca5/Smarcd1/Cltc/Dcaf13/Anapc4/Brca2/Trip13/Smarcc2/Spdya"
"GO:0014743","GO:0014743","regulation of muscle hypertrophy",51,0.395818469529689,1.51737972784488,0.0274576672278508,0.15823252811469,0.129855763426086,1835,"tags=37%, list=20%, signal=30%","Ccn4/Adk/Ppp3ca/Igf1/Ppara/Ctdp1/Ep300/Prkca/Gsk3b/Igfbp5/Adrb1/Nfatc3/Atp2b4/Ptk2/Mtor/Rock1/Akap6/Nr4a3/Fdps"
"GO:0030203","GO:0030203","glycosaminoglycan metabolic process",50,0.385125323926764,1.47607000536405,0.0275902761637653,0.158672241284675,0.130216620261638,1630,"tags=34%, list=18%, signal=28%","Chst11/B4galnt4/Hs3st3b1/Ext1/Igf1/Csgalnact1/Smpd3/Chsy1/Galns/Bpnt2/Hs3st3a1/Hs3st2/Pxylp1/Dsel/Cemip/Xylt1/Hexa"
"GO:0001510","GO:0001510","RNA methylation",51,-0.394968896052946,-1.53988721937697,0.028088895612508,0.161210810256716,0.132299932813121,1796,"tags=29%, list=20%, signal=24%","Mrm2/Mettl6/Larp7/Mettl5/Trmt9b/Alkbh8/Akt1/Zcchc4/Mettl3/Nsun2/Lcmt2/Trmt44/Rnmt/Bud23/Trmt13"
"GO:0007623","GO:0007623","circadian rhythm",144,0.29012373852673,1.34928544698183,0.0282072896698507,0.16156126481634,0.132587538306936,2082,"tags=34%, list=23%, signal=27%","Mapk10/Nlgn1/Prox1/Kcnd2/Rora/Mtnr1b/Nkx2-1/Prkg1/Egfr/Cntnap2/Ezh2/Igf1/Ppargc1a/Kdm2a/Per3/Dpyd/Btbd9/Ppara/Ep300/Gsk3b/Rai1/Ntrk3/Six3/Adrb1/Thrap3/Htr7/2510009E07Rik/Kcna2/Lgr4/Adcy1/Ahcyl/Kcnma1/Hs3st2/Mtor/Hdac1/Hcrtr2/Kmt2a/Ncoa2/Usp2/Phlpp1/Bdnf/Ncor1/Clock/Agrn/Srebf1/Btrc/Top1/Fbxl21/Hnrnpu"
"GO:0001958","GO:0001958","endochondral ossification",23,0.487096104992483,1.55562604693164,0.0285317930854218,0.162495853153765,0.133354521451877,1937,"tags=52%, list=21%, signal=41%","Mef2d/Ext1/Dlx5/Csgalnact1/Smpd3/Bpnt2/Fgf18/Phospho1/Enpp1/Bmp6/Gnas/Mmp16"
"GO:0036075","GO:0036075","replacement ossification",23,0.487096104992483,1.55562604693164,0.0285317930854218,0.162495853153765,0.133354521451877,1937,"tags=52%, list=21%, signal=41%","Mef2d/Ext1/Dlx5/Csgalnact1/Smpd3/Bpnt2/Fgf18/Phospho1/Enpp1/Bmp6/Gnas/Mmp16"
"GO:0051091","GO:0051091","positive regulation of DNA-binding transcription factor activity",103,0.319189327151336,1.40857829707628,0.0285434518492241,0.162495853153765,0.133354521451877,1972,"tags=33%, list=22%, signal=26%","Hipk2/Epha5/Trim25/Erc1/Adcy8/Trappc9/Tcf3/Hdac4/Ppp3ca/Ppargc1a/Slco3a1/Crebbp/Fzd1/Prkd1/Ripk1/Ep300/Ddr2/Nts/Rps6ka5/Reln/Camk1d/Adcy1/Trim8/Lrp5/Arid5b/Mtdh/Hsf1/Bdnf/Rnf31/Wnt5a/Atf2/Dhx33/Ror1/Clock"
"GO:0061028","GO:0061028","establishment of endothelial barrier",23,0.486285971821868,1.55303874588617,0.0288274567028242,0.163233182790862,0.133959621452887,2162,"tags=48%, list=24%, signal=37%","Pecam1/Rapgef2/Ptprs/Plcb1/Rapgef1/Afdn/Tjp1/Vcl/Rock1/Rap2c/Add1"
"GO:0032330","GO:0032330","regulation of chondrocyte differentiation",30,0.445173487013193,1.50398824041269,0.0289046693444429,0.163233182790862,0.133959621452887,1240,"tags=37%, list=14%, signal=32%","Ccn4/Sox6/Maf/Rarb/Wnt9a/Thrb/Trps1/Fgf18/Glg1/Sox5/Zbtb16"
"GO:0071277","GO:0071277","cellular response to calcium ion",56,0.371211889522367,1.45534605410297,0.0288486525433877,0.163233182790862,0.133959621452887,1950,"tags=38%, list=22%, signal=30%","Micu2/Nlgn1/Syt1/Kcnh1/Adcy8/Kcnq3/Nrxn1/Kcnq2/Wnk1/Nfatc3/Itpkb/Adcy1/Akap5/Itpka/Asph/Braf/Kcnb1/Ppif/Wnt5a/Jun/Cpne9"
"GO:0007254","GO:0007254","JNK cascade",113,0.312322601241601,1.4013916756718,0.0288914216954255,0.163233182790862,0.133959621452887,2153,"tags=37%, list=24%, signal=29%","Mapk10/Fgf14/Sh3rf3/Hipk2/Igf1r/Egfr/Prkn/Taok1/Fgf12/Sh3rf1/Rassf2/Ripk1/Plcb1/Dusp22/Rb1cc1/Rapgef1/Map3k5/Fgd4/Map3k7/Grik2/Ccdc88c/Ptk2/Map2k4/Dab2ip/Mapk8ip1/Mapk6/Ulk4/Mfhas1/Map4k4/Rnf13/Phlpp1/Ercc6/Nlk/Wnt5a/Ncor1/Atf2/App/Tnfrsf19/Taok3/Irak4/Axin1/Mdfic"
"GO:0042509","GO:0042509","regulation of tyrosine phosphorylation of STAT protein",22,0.496881574676863,1.56307783428465,0.0290084623926885,0.16326446992966,0.133985297686102,1957,"tags=45%, list=22%, signal=36%","Erbb4/Pecam1/Parp14/Igf1/Fyn/Ggnbp2/Traf3ip1/Hes1/Hsf1/Inpp5f"
"GO:0002791","GO:0002791","regulation of peptide secretion",158,0.291963667320327,1.36607788231792,0.02902608212731,0.16326446992966,0.133985297686102,1694,"tags=29%, list=19%, signal=24%","Epha5/Mtnr1b/Doc2b/Cacna1c/Adcy8/Egfr/Cckbr/Cask/Prkn/Adcy5/Abcg1/Ppp3ca/Arhgef7/Kcnj6/Cacna1d/Pde3b/Klf7/Sox4/Pla2g6/Prkd1/Kalrn/Plcb1/Brsk2/Pfkl/Stxbp5l/Irs1/Capn10/Madd/Prkce/Fto/Itpr1/Rapgef4/Cd74/Cacna1e/Chrm3/Ptbp1/Chd7/Cnr1/Htr2c/Lrp5/Map4k4/Kcnb1/Ano1/Itsn1/Stxbp4/Tcf7l2"
"GO:0007214","GO:0007214","gamma-aminobutyric acid signaling pathway",23,0.485993812169097,1.55210568327069,0.0291231203468098,0.16328223855234,0.133999879757757,2238,"tags=48%, list=25%, signal=36%","Gabbr2/Gabra1/Gabra5/Gabra2/Gabrg3/Plcl2/Gabra4/Bdnf/Gabrb2/Gabrr2/Gabrg2"
"GO:0045861","GO:0045861","negative regulation of proteolysis",84,-0.329487537304041,-1.40647885683898,0.029203068924904,0.16328223855234,0.133999879757757,1584,"tags=26%, list=17%, signal=22%","Gapdh/Aqp11/Cstb/Uchl5/Anks1/Usp14/Bin1/Rpl23/Rpl5/Akt1/Usp5/Timp3/Ogt/Ophn1/Bag5/Snx12/Park7/Ufsp2/Gabarapl2/Taf9/Timp4/Serpind1"
"GO:0045444","GO:0045444","fat cell differentiation",157,0.278818727198036,1.30611008206103,0.0291460967059256,0.16328223855234,0.133999879757757,2029,"tags=34%, list=22%, signal=27%","Ccn4/Tbl1x/Rora/Asxl2/Ncor2/Trio/Cntnap2/Grk5/Igf1/Ap1s2/Creb5/Vstm2a/Cntn2/Ccdc3/Plcb1/Fndc3b/Ep300/Gsk3b/Runx1t1/Opa3/Bcl2l13/Wdfy2/Adrb1/Fto/Cebpa/Klf5/Fndc5/Smad6/Zbtb16/Pias1/Zfp516/Gdf10/Hes1/Retreg1/Enpp1/Htr2c/Mtor/Negr1/Lrp5/Mkx/Arid5b/Ptgr3/Tmem120a/Tcf7l2/Nr4a3/Ctbp1/Eif2ak3/Wnt5a/Atf2/Axin2/Tbl1xr1/Sirt2/Rreb1/Srebf1"
"GO:0042552","GO:0042552","myelination",121,0.304714182074485,1.37943395661355,0.0295720107697594,0.165017675938974,0.135424091008153,1814,"tags=31%, list=20%, signal=25%","Rarb/Galc/Pard3/Gpc1/Tenm4/Mobp/Qki/Slc8a3/Cntnap2/Igf1/Large1/Fyn/Nfasc/Tg/Srebf2/Cdh2/Ski/Tnfrsf21/Cntn2/Ntrk3/Aspa/Ugt8a/Abca2/Grb2/Adgrg6/Mtmr2/Ulk4/Enpp1/Mtor/Ptprz1/Adam22/Xk/Hexa/Tcf7l2/B4galt6/Raf1/Eif2ak3/Arhgef10"
"GO:0010611","GO:0010611","regulation of cardiac muscle hypertrophy",50,0.383331978485251,1.46919664946918,0.029655839333228,0.165158409567266,0.135539586051803,1835,"tags=36%, list=20%, signal=29%","Ccn4/Adk/Ppp3ca/Igf1/Ppara/Ctdp1/Ep300/Prkca/Gsk3b/Adrb1/Nfatc3/Atp2b4/Ptk2/Mtor/Rock1/Akap6/Nr4a3/Fdps"
"GO:0030511","GO:0030511","positive regulation of transforming growth factor beta receptor signaling pathway",22,0.493246527403192,1.55164279199365,0.0304838622613151,0.168056827401636,0.137918213664561,788,"tags=23%, list=9%, signal=21%","Hipk2/Zeb2/Rnf111/Crebbp/Ep300"
"GO:1903846","GO:1903846","positive regulation of cellular response to transforming growth factor beta stimulus",22,0.493246527403192,1.55164279199365,0.0304838622613151,0.168056827401636,0.137918213664561,788,"tags=23%, list=9%, signal=21%","Hipk2/Zeb2/Rnf111/Crebbp/Ep300"
"GO:0035094","GO:0035094","response to nicotine",26,0.469695066613737,1.5343668666609,0.03071301139526,0.168056827401636,0.137918213664561,741,"tags=23%, list=8%, signal=21%","Bcl2/mt-Nd4/B2m/Ppp1r1b/Penk/Ppara"
"GO:0072088","GO:0072088","nephron epithelium morphogenesis",41,0.411342191332308,1.52263669274986,0.0306422359214269,0.168056827401636,0.137918213664561,1382,"tags=29%, list=15%, signal=25%","Bcl2/Pkd1/Hs3st3b1/Kif26b/Wnt11/Gzf1/Fmn1/Hs3st3a1/Lgr4/Gpc3/Eya1/Hes1"
"GO:0030199","GO:0030199","collagen fibril organization",32,0.440057510549746,1.50670950516994,0.0305939687154335,0.168056827401636,0.137918213664561,1720,"tags=31%, list=19%, signal=25%","Col14a1/Ext1/Tgfb2/Colgalt1/P4ha3/Pxdn/Ddr2/Plod2/Mkx/Zfp469"
"GO:0048645","GO:0048645","animal organ formation",36,0.424665268326287,1.50477129487915,0.03071301139526,0.168056827401636,0.137918213664561,1914,"tags=39%, list=21%, signal=31%","Robo1/Robo2/Ext1/Wnt11/Bmpr1a/Rdh10/Lemd2/Rbm20/Fgfr1/Eya1/Hes1/Wnt5a/Fgf1/Axin2"
"GO:0007589","GO:0007589","body fluid secretion",54,0.370291522317408,1.43778267887926,0.0304239725515679,0.168056827401636,0.137918213664561,1626,"tags=35%, list=18%, signal=29%","Erbb4/mt-Co2/Egfr/Ppp3ca/Chuk/Prickle1/Wnk1/Kalrn/Ncoa1/Madd/Prkce/Chrm3/Atp2b2/Kcnma1/Enpp1/Aqp1/Negr1/Sytl2/Ano1"
"GO:0051928","GO:0051928","positive regulation of calcium ion transport",65,0.350775625333001,1.40979777633446,0.0304239725515679,0.168056827401636,0.137918213664561,2042,"tags=32%, list=23%, signal=25%","Fgf14/Stac/Cacna1c/Cask/Ppp3ca/Cacna1d/Stimate/Cxcl12/Ank2/Adrb1/Grin1/Adcyap1r1/Itpr1/Akap5/Atp2b2/Asph/Cemip/Akap6/Trpv3/Htt/Abl1"
"GO:1904375","GO:1904375","regulation of protein localization to cell periphery",109,0.30710353566541,1.37195580166787,0.0305174302122424,0.168056827401636,0.137918213664561,1301,"tags=26%, list=14%, signal=22%","Cacng2/Epha3/Grip1/Magi2/Stac/Egfr/Epb41l1/Dpp10/Dpp6/Cacna2d2/Stx8/Nrxn1/Gpc6/Epm2a/Rhoq/Wnk1/Nbea/Ppfia1/Kalrn/Ramp3/Hectd1/Gsk3b/Gnai1/Atp2b4/Abca2/Rapgef4/Akap5/Pias1"
"GO:0072078","GO:0072078","nephron tubule morphogenesis",40,0.412765816827518,1.5152094012936,0.030818340725573,0.168140250332963,0.137986675873714,1382,"tags=30%, list=15%, signal=26%","Bcl2/Pkd1/Hs3st3b1/Kif26b/Wnt11/Gzf1/Fmn1/Hs3st3a1/Lgr4/Gpc3/Eya1/Hes1"
"GO:0050770","GO:0050770","regulation of axonogenesis",130,0.300269841690112,1.37466689541063,0.0308475902846494,0.168140250332963,0.137986675873714,826,"tags=17%, list=9%, signal=16%","Cdh4/Fgf13/Robo1/Epha7/Slitrk1/Robo2/Epha4/Ust/Zeb2/Bmpr2/Ptprs/Cdh2/Sema3f/Cntn2/Brsk2/Kif13b/Ep300/Gsk3b/Cxcl12/Ntrk3/Lrrc4c/Dbn1"
"GO:0070979","GO:0070979","protein K11-linked ubiquitination",26,-0.462936720815332,-1.54448161013986,0.0311170417700558,0.16873996596827,0.138478840996708,1760,"tags=46%, list=19%, signal=37%","Ubr4/Cdc27/Arel1/Cdc26/Ube2a/Ube2d3/Cdc16/Rnf26rt/Ube2b/Anapc7/Anapc4/Ube2l3"
"GO:0140058","GO:0140058","neuron projection arborization",29,0.457607414110339,1.54075585080173,0.0312745420304851,0.16873996596827,0.138478840996708,2370,"tags=38%, list=26%, signal=28%","Grip1/Nlgn1/Myo9a/Cntnap2/Mfsd2a/Afdn/Rock1/Wnt5a/Phactr1/Lrp2/Map3k13"
"GO:0022900","GO:0022900","electron transport chain",78,-0.347891314537442,-1.46148349625302,0.0312588576755646,0.16873996596827,0.138478840996708,1910,"tags=41%, list=21%, signal=33%","Sdha/Por/mt-Nd6/Uqcrh/Ndufc2/Fdx1/Cox4i1/Uqcr11/Ndufs2/Sod2/Pm20d1/Uqcrfs1/Ndufa5/Coq9/Ndufs3/Etfa/Cox7b2/Ndufs7/Sdhb/Cox7a2/Ndufv3/Uqcrb/Dld/Uqcr10/Uqcrc1/Ndufs6/Ndufa12/Ndufa8/Uqcrq/Park7/Cycs/Coq7"
"GO:0090659","GO:0090659","walking behavior",38,0.403177723090078,1.45550828861429,0.0311766935247076,0.16873996596827,0.138478840996708,1630,"tags=42%, list=18%, signal=35%","Hipk2/Epha4/Cacna1c/Klhl1/Cntnap2/Large1/Dmd/Cntn2/Scn8a/Borcs7/Kcnma1/Chd7/Ulk4/Enpp1/Fkrp/Hexa"
"GO:0000723","GO:0000723","telomere maintenance",97,-0.317538040581323,-1.37843829257897,0.0313168921935433,0.16873996596827,0.138478840996708,2726,"tags=39%, list=30%, signal=28%","Dkc1/Actr8/Nsmce2/Cct2/Ccne1/Gar1/Terf2/Nfrkb/Mcrs1/Dclre1c/Mad2l2/Map3k4/Tnks2/Smc6/Tnks/Exosc10/Wrn/Uchl5/Smg6/Pcna/Slx4/Cct4/Ctc1/Ruvbl1/Pot1b/Ctnnb1/Nvl/Sirt6/Tent4b/Prkcq/Ptges3/Smg1/Nat10/Terf2ip/Brca2/Cct8/Spdya/Hnrnpa2b1"
"GO:0032200","GO:0032200","telomere organization",97,-0.317538040581323,-1.37843829257897,0.0313168921935433,0.16873996596827,0.138478840996708,2726,"tags=39%, list=30%, signal=28%","Dkc1/Actr8/Nsmce2/Cct2/Ccne1/Gar1/Terf2/Nfrkb/Mcrs1/Dclre1c/Mad2l2/Map3k4/Tnks2/Smc6/Tnks/Exosc10/Wrn/Uchl5/Smg6/Pcna/Slx4/Cct4/Ctc1/Ruvbl1/Pot1b/Ctnnb1/Nvl/Sirt6/Tent4b/Prkcq/Ptges3/Smg1/Nat10/Terf2ip/Brca2/Cct8/Spdya/Hnrnpa2b1"
"GO:0021872","GO:0021872","forebrain generation of neurons",70,0.353587575632331,1.43372957602301,0.0316676650762778,0.170304351497998,0.139762676120093,767,"tags=21%, list=8%, signal=20%","Robo1/Bcl11b/Erbb4/B2m/Prox1/Robo2/Nkx2-1/Sox1/Zmiz1/Gdpd5/Rapgef2/Kcnq2/Dlx5/Cntn2/Ogdh"
"GO:0086009","GO:0086009","membrane repolarization",28,0.456333829950323,1.52685104732248,0.0317877073218958,0.170624303301147,0.140025249095148,1656,"tags=50%, list=18%, signal=41%","Kcne2/Kcnd2/Kcnip1/Kcnd3/Cacna1d/Akap7/Atp1b1/Ank2/Kcnip2/Rnf207/Scn2b/Atp1a1/Kcne4/Akap6"
"GO:0060038","GO:0060038","cardiac muscle cell proliferation",43,0.407621666408888,1.52437496353498,0.0321157520049052,0.1717309092027,0.140933400888398,1360,"tags=28%, list=15%, signal=24%","Erbb4/Tenm4/Tgfb2/Bmpr1a/Ski/Hey2/Smad1/Arid2/Myh10/Fgf9/Fgfr1/Vgll4"
"GO:0042157","GO:0042157","lipoprotein metabolic process",57,-0.363588965925814,-1.44389001667182,0.0320863574332595,0.1717309092027,0.140933400888398,2297,"tags=39%, list=25%, signal=29%","Ppm1a/Rab3gap1/Wdr45b/Wipi1/Zdhhc1/Hhat/Ctsd/Atg5/Dgat2/Zdhhc15/Atg16l1/Atg101/Nmt2/Dbi/Zdhhc22/Rabl3/Wipi2/Glul/Nmt1/Ppt1/Itgav/Abhd12"
"GO:0007596","GO:0007596","blood coagulation",73,-0.337050659446923,-1.39955564728123,0.0321950146127818,0.17182869541443,0.141013650526877,944,"tags=18%, list=10%, signal=16%","Slc6a4/Entpd2/Prkcd/Pdgfra/Gp5/Pdia6/Prkcq/Adra2a/Angpt1/Angptl1/Pip5k1c/Angptl2/Serpind1"
"GO:0032941","GO:0032941","secretion by tissue",28,0.455698561078035,1.52472549607179,0.0323604434487521,0.17205986724261,0.141203364959103,1626,"tags=46%, list=18%, signal=38%","Egfr/Ppp3ca/Prickle1/Wnk1/Madd/Prkce/Chrm3/Kcnma1/Enpp1/Aqp1/Negr1/Sytl2/Ano1"
"GO:0071695","GO:0071695","anatomical structure maturation",150,0.284563294456468,1.32326266099148,0.0323604434487521,0.17205986724261,0.141203364959103,1933,"tags=30%, list=21%, signal=24%","Bcl2/Pde3a/Asxl2/Dlg2/Grip2/Adgrb3/Ext1/Cntnap2/Tgfb2/Kcnq3/Pth1r/Igf1/Nfasc/Nrxn1/Wdr77/Foxo3/Kcnq2/Nrcam/Cntn2/Plcb1/Gsk3b/Ank3/Six3/Tut4/Smim45/Cebpa/Grin1/Kcnip2/Fam20c/Fgfr1/Zbtb16/Phospho1/Akap5/Kcnma1/Hes1/Enpp1/Mtor/Kcnb1/Xylt1/Ankrd17/B4galt6/Brd1/Wnt5a/Cbfb/App"
"GO:0008277","GO:0008277","regulation of G protein-coupled receptor signaling pathway",94,0.3181485518169,1.38344100551429,0.0326962939655529,0.17286708516872,0.141865819773516,1123,"tags=21%, list=12%, signal=19%","Robo1/Grm5/Pde3a/Pde10a/Kctd8/Grk5/Ppp3ca/Rgs6/Sstr4/Oprm1/Cntn2/Plcb1/Ramp3/Tub/Prkca/Rgs11/Adrb1/Atp2b4/Grk4/Kctd16"
"GO:0035264","GO:0035264","multicellular organism growth",144,0.28709705428868,1.33520917381732,0.0325888761675272,0.17286708516872,0.141865819773516,1979,"tags=32%, list=22%, signal=25%","Bcl2/Rarb/Slitrk1/Ext1/Cntnap2/Igf1/Large1/Cacna2d2/Kdm2a/Prickle1/Rasal2/Mbd5/Gigyf2/Brinp3/Dmd/Cox10/Ep300/Mfsd2a/Rai1/Brinp2/Smpd3/Six3/Adrb1/Fto/Npy1r/Garem1/Chd7/Vps13b/Enpp1/Mtor/Ankrd11/Arid5b/Kmt2c/Atp8a2/Tcf7l2/Gins3/Hsf1/Ercc6/Etnk2/Ncor1/Gnas/Tbl1xr1/App/Plag1/Celf1/Apba2"
"GO:1901293","GO:1901293","nucleoside phosphate biosynthetic process",200,-0.26962439646154,-1.32038428722341,0.0326704684150803,0.17286708516872,0.141865819773516,2389,"tags=34%, list=26%, signal=26%","Tyms/Sdhd/Ndufs8/Ndufv2/Ndufb10/Pdk1/Slc25a42/Eno1/Ndufa6/Atic/Ndufb2/Adss2/Mpi/Sdha/Tbpl1/Map2k1/Rd3/mt-Nd6/Uck1/Ndufc2/Gnpnat1/Ndufa1/Ndufs2/Ada/Ampd3/Atp5pf/Uckl1/Rrm1/Atp5mf/Nampt/Ndufa5/Atp5f1c/Gmps/Ndufs3/Aprt/Atp5mc3/Rrm2b/Acly/Ndufb5/Nadsyn1/Ndufs7/Sdhb/Ndufv3/Gars1/Nme1/Dld/Gfpt1/Slc4a7/Tk2/Acsl1/Slc25a13/Ndufab1/Ndufs6/Pdhb/Ndufa12/Mmut/Ctps1/Ndufa8/Mpc1/Gnpda2/Ugp2/Kars1/Atp6v1a/Taf9/Ppat/Pid1/Mpc2/Tmsb4x"
"GO:0046928","GO:0046928","regulation of neurotransmitter secretion",70,0.352990714025523,1.43130941706538,0.0328514691810931,0.173362247476255,0.142272181728487,1543,"tags=30%, list=17%, signal=25%","Nlgn1/Cacna1b/Syt1/Kcnh1/Grm8/Cask/Prkn/Cacna1d/Ppfia2/Prkca/Stxbp5l/Mctp2/Stxbp5/Edn3/Npy1r/Cacna1e/Rims2/Braf/Rims4/Htr2c/Gpr158"
"GO:0072132","GO:0072132","mesenchyme morphogenesis",23,0.479827151913188,1.53241138225217,0.0329813168853662,0.17339804287866,0.14230155773203,2027,"tags=48%, list=22%, signal=37%","Robo1/Robo2/Tgfb2/Wnt11/Bmpr1a/Exoc4/Fgfr1/Cplane2/Acvr1/Wnt5a/Htt"
"GO:0006906","GO:0006906","vesicle fusion",99,-0.315381447739606,-1.3841581255337,0.0329485149547831,0.17339804287866,0.14230155773203,1947,"tags=35%, list=21%, signal=28%","Trim9/Stx2/Bloc1s6/Vps39/Snap23/Chmp7/Rph3a/Vps8/Stxbp6/Rufy1/Rab3a/Cplx2/Stx16/Gnai3/Stx6/Vamp2/Yipf5/Rab8a/Chmp4b/Rab14/Chmp2a/Stx1a/Stx7/Chmp3/Uvrag/Snap47/Yipf4/Chmp1b2/Bet1/Stx19/Vamp1/Pip4k2b/Snap29/Ankfy1/Vps11"
"GO:0048286","GO:0048286","lung alveolus development",37,0.422924998999834,1.51214325282564,0.0331174128861498,0.173789328702365,0.142622671980537,832,"tags=27%, list=9%, signal=25%","Foxp2/Nkx2-1/Phf14/Atxn1/Hs6st1/Igf1/Bmpr2/Tnrc6c/Smpd3/Igfbp5"
"GO:0018105","GO:0018105","peptidyl-serine phosphorylation",137,0.290911120058891,1.33672532370012,0.033317119210377,0.174512345603796,0.143216026032475,2528,"tags=43%, list=28%, signal=32%","Bcl2/Tenm1/Hipk2/Pkd1/Phip/Bcar3/Mapkapk3/Egfr/Fnip2/Dclk1/Nrxn1/Epm2a/Wnk1/Rassf2/Srpk2/Dmd/Akt3/Prkd1/Ripk1/Brsk2/Mark3/Prkca/Gsk3b/Ntrk3/Prkce/Lats1/Myo3a/Ttbk2/Myo3b/Ip6k2/Braf/Smyd3/Mtor/Mapkap1/Rock1/Ercc6/Bdnf/Raf1/Eif2ak3/Wnt5a/App/Inpp5f/Tlk2/Dclk2/Top1/Axin1/Tfrc/Rps6ka2/Akap9/Inpp5j/Rptor/Morc3/Map3k13/Atr/Stk39/Hipk3/Hgf/Pink1/Pdk3"
"GO:0031646","GO:0031646","positive regulation of nervous system process",34,0.425954759878273,1.47896022565509,0.0335093349321397,0.175193517326103,0.143775039245994,1241,"tags=32%, list=14%, signal=28%","Pard3/Mtnr1b/Tenm4/Qki/Cntnap2/Igf1/Grin2b/Srebf2/Rapgef4/Pawr/Rims2"
"GO:0007051","GO:0007051","spindle organization",120,-0.300576237223885,-1.36643091671323,0.0340226031404389,0.177547584536587,0.145706937815876,2550,"tags=39%, list=28%, signal=29%","Rgs14/Washc5/Rnf4/Wrap73/Rab11a/Poldip2/Cep97/Hdac3/Tbce/Washc1/Zfp207/Aspm/Ptpa/Tppp/Bccip/Ckap5/Ntmt1/Mlh1/Kif11/Cep192/Chmp7/Spc25/Mzt1/Ccsap/Bcas2/Haus2/Ska2/Tubgcp2/Chmp4b/Chmp2a/Racgap1/Chmp3/Vps4b/Gtf2b/Rae1/Uvrag/Dlg1/Spice1/Tubgcp5/Chmp1b2/Stmn1/Chek2/Cltc/Dcaf13/Tubgcp4/Ranbp1/Stard9"
"GO:0032526","GO:0032526","response to retinoic acid",50,0.378159347866681,1.44937150572883,0.0341024051600132,0.177635079003544,0.145778741388363,2186,"tags=40%, list=24%, signal=31%","Epha3/Tead1/Brinp3/Brinp1/Gsk3b/Brinp2/Ncoa1/Igfbp2/Tmem161a/Aqp1/Map7/Bmp6/Gdap2/Sox2/Yes1/Srebf1/Tnc/Tfrc/Add1/Ctsh"
"GO:0055123","GO:0055123","digestive system development",72,0.337852108613054,1.38095122047948,0.0344238867973922,0.178978806263932,0.146881490180367,1217,"tags=25%, list=13%, signal=22%","Bcl2/Rarb/Pkd1/Igf1r/Sox11/Egfr/Cckbr/Ext1/Tgfb2/Wnt11/Acvr2b/Igf1/Filip1l/Ccdc103/Cbfa2t2/Klf5/Fgf9/Lgr4"
"GO:0050810","GO:0050810","regulation of steroid biosynthetic process",49,0.379055546120899,1.45072841933819,0.0346954756478648,0.180058656308808,0.1477676844012,2029,"tags=43%, list=22%, signal=33%","Hsd3b4/Prox1/Prkg1/Igf1r/Qki/Abcg1/Igf1/Ppargc1a/Srebf2/Gnai1/Npy1r/Lpcat3/Atp1a1/Bmp6/Dkk3/Scap/Chlsn/Fdps/Fgf1/Malrd1/Srebf1"
"GO:0001961","GO:0001961","positive regulation of cytokine-mediated signaling pathway",23,0.476266938707826,1.52104122277414,0.0347640437815562,0.180082859147841,0.147787546803558,1842,"tags=48%, list=20%, signal=38%","Irf7/Prkn/Parp14/Ripk1/Cd74/Ube2k/C1qtnf4/Gas6/Lsm14a/Crebrf/Wnt5a"
"GO:0035384","GO:0035384","thioester biosynthetic process",27,-0.469514930890422,-1.5783865641797,0.0349572691576026,0.180090648055071,0.147793938880502,978,"tags=26%, list=11%, signal=23%","Acly/Dld/Acsl1/Pdhb/Mmut/Mpc1/Mpc2"
"GO:0071616","GO:0071616","acyl-CoA biosynthetic process",27,-0.469514930890422,-1.5783865641797,0.0349572691576026,0.180090648055071,0.147793938880502,978,"tags=26%, list=11%, signal=23%","Acly/Dld/Acsl1/Pdhb/Mmut/Mpc1/Mpc2"
"GO:0009791","GO:0009791","post-embryonic development",74,0.336547774885378,1.39051123390922,0.0348505363935561,0.180090648055071,0.147793938880502,2323,"tags=35%, list=26%, signal=26%","Sox6/Bcl2/Bcl11b/Foxp2/Chst11/Tet2/Acvr2b/Large1/Gigyf2/Invs/Bpnt2/Itpr1/Dnmt3a/Enpp1/Mtor/Kmt2a/Arid5b/Tcf7l2/Etnk2/Gnas/Tmtc3/Abl1/Heg1/Dscam/Gabrg2/Morc3"
"GO:0048008","GO:0048008","platelet-derived growth factor receptor signaling pathway",69,0.334789852416019,1.34949953506116,0.0356400259282319,0.183046879790514,0.150220012289327,1192,"tags=25%, list=13%, signal=22%","Epha3/Erbb4/Epha6/Epha5/Epha7/Phf14/Epha4/Igf1r/Egfr/Fshr/Smpd3/Ntrk3/Rapgef1/Ddr2/Cblb/Hip1/Fgfr1"
"GO:1903706","GO:1903706","regulation of hemopoiesis",199,0.265672107001469,1.28864278982134,0.035661013841374,0.183046879790514,0.150220012289327,2573,"tags=38%, list=28%, signal=28%","B2m/Asxl2/Rbfox2/Cnot4/Arid1a/Ets1/Qki/Rc3h1/Ppp3ca/Drosha/Ubash3b/Zmiz1/Mitf/Foxo3/Sh3rf1/Rassf2/Sox4/Fshr/Ripk1/Sox12/Cul4a/Ypel4/Ep300/Ap3d1/Prkca/Gsk3b/Mafb/Meaf6/Ambra1/Pbrm1/Arid2/P4htm/Cebpa/Acvr2a/Ctr9/Itpkb/Cd74/Cdk6/Ppargc1b/Tox/Zeb1/Braf/Lrrc17/Mtor/Gas6/Eeig1/Kat6a/Hsf1/Ldb1/Brd1/Ing5/Cbfb/Gnas/Jun/Bcl6/Abl1/Meis1/Meis2/Rptor/Egr3/Fas/Il1rl2/Socs5/L3mbtl1/Cdc73/Pla2g3/Gpr137b/Smarca4/Notch2/Smarcd3/Stat3/Smarcd2/Xrcc6/Brd2/Ninj1"
"GO:0008544","GO:0008544","epidermis development",165,0.27514851371086,1.30312725383336,0.0360264935837525,0.184586652580026,0.151483648619147,1391,"tags=23%, list=15%, signal=20%","Bcl2/Bcl11b/Cux1/Tfdp1/Igf1r/Ncor2/St14/Egfr/Lgr5/Ext1/Tgfb2/Pum2/Palld/Ppp3ca/Ezh2/Krt90/Kazn/Ankrd24/Cdh23/Klf7/Ripor2/Trps1/Ush2a/Hey2/Ppara/Mafb/Igfbp5/Lats1/Myo3a/Ubn1/Elapor2/Fgfr1/Lgr4/Atp2b2/Kcnma1/Eda/Hes1/Myo3b"
"GO:0098739","GO:0098739","import across plasma membrane",109,0.298324774464093,1.33273752195804,0.0361168137844284,0.18471357757626,0.151587811413486,1332,"tags=24%, list=15%, signal=21%","Kcne2/Cacna1b/Slc6a6/Cacna1c/Slc7a2/Slc8a3/Kcnk9/Ppp3ca/Slc43a2/Kcnd3/Fyn/Slc6a1/Kcnj6/Slc5a6/Cacna1d/Wnk1/Atp1b1/Ank3/Slc5a1/Slc12a1/Adrb1/Wnk2/Cacna1e/Pawr/Akap5/Slc38a1"
"GO:0009952","GO:0009952","anterior/posterior pattern specification",92,0.313394589644367,1.35844467227119,0.0364729935156854,0.186197274868118,0.152805428592603,2074,"tags=32%, list=23%, signal=25%","Hipk2/Zeb2/Acvr2b/Pcdh8/Bmpr2/Prickle1/Bmpr1a/Lfng/Ski/Hey2/Ep300/Six3/Cdon/Acvr2a/Scmh1/Bptf/Gpc3/Zbtb16/Hes1/Nr2f2/Tshz1/Lrp5/Kmt2a/Ssbp3/Ldb1/Wnt5a/Axin2/Htt/Palb2"
"GO:0051084","GO:0051084","'de novo' post-translational protein folding",33,-0.419229904507498,-1.50016562701478,0.0366035814837752,0.186526026439925,0.153075223222336,3745,"tags=73%, list=41%, signal=43%","Tcp1/Cct5/Entpd5/Hspa13/H2-DMa/Dnajc7/Hsph1/St13/Selenof/Dnajb4/Cct2/Hspa9/Bag1/Hspa8/Dnajb1/Tor1a/Hspe1-rs1/Hspa2/Chchd4/Cct4/Sdf2l1/Dnajb14/Ptges3/Cct8"
"GO:2001239","GO:2001239","regulation of extrinsic apoptotic signaling pathway in absence of ligand",22,0.481706867271844,1.51534161302919,0.0369947919181183,0.188179284522125,0.154431992863587,1384,"tags=36%, list=15%, signal=31%","Bcl2/Eya4/Tgfb2/Fyn/Ripk1/Fgfr1/Eya1/Wwox"
"GO:0030323","GO:0030323","respiratory tube development",146,0.283548470976048,1.31569922986328,0.037586651397192,0.19084537592304,0.156619958500959,1237,"tags=23%, list=14%, signal=20%","Foxp2/Prox1/Hipk2/Pkd1/Cux1/Nkx2-1/Phf14/Sox11/Ncor2/Atxn1/Egfr/Hs6st1/Ext1/Wnt11/Acvr2b/Igf1/Bmpr2/Thrb/Bmpr1a/Tshz3/Tnrc6c/Fndc3b/Ep300/Smpd3/Igfbp5/Rdh10/Mme/Cebpa/Adamtsl2/Fgf18/Fgf9/Fgfr1/Gpc3"
"GO:0007260","GO:0007260","tyrosine phosphorylation of STAT protein",23,0.473376842942279,1.51181119977677,0.0377352600778435,0.190912443304813,0.156674998296916,1957,"tags=43%, list=22%, signal=34%","Erbb4/Pecam1/Parp14/Igf1/Fyn/Ggnbp2/Traf3ip1/Hes1/Hsf1/Inpp5f"
"GO:0046632","GO:0046632","alpha-beta T cell differentiation",46,0.381721765797785,1.44181185027931,0.0378031026842037,0.190912443304813,0.156674998296916,2042,"tags=39%, list=23%, signal=30%","Bcl2/Bcl11b/Rora/Rc3h1/Sh3rf1/Ep300/Ap3d1/Itpkb/Tox/Braf/Prr7/Mtor/Kmt2a/Ncor1/Cbfb/Atf2/Bcl6/Abl1"
"GO:0050867","GO:0050867","positive regulation of cell activation",153,0.282542989047713,1.3191619114401,0.0377998186840697,0.190912443304813,0.156674998296916,2574,"tags=41%, list=28%, signal=30%","Bcl2/B2m/Plpp6/Adk/Arid1a/Tcf3/Ppp3ca/Igf1/Zmiz1/Ephb6/Foxo3/Sox4/Sox12/Ep300/Ap3d1/Ambra1/Nck2/Peli1/Pbrm1/Ddr2/Arid2/Fbxo38/Igfbp2/Cebpa/Kmt5b/Atad5/Itpkb/Cd74/Fgfr1/Shld2/Dnaja3/Hes1/Tox/Gas6/Zfp335/Nr4a3/Flot2/Slc7a1/Wnt5a/Vav3/Rps6ka1/Cbfb/Bcl6/Abl1/Pms2/Efnb1/Efnb2/Klhl22/Tfrc/Cd276/Egr3/Cd47/Il1rl2/Socs5/Ctsc/Smarca4/Cd81/Smarcd3/Ephb2/Smarcd2/Xrcc6/Brd2/Tafa3"
"GO:0033173","GO:0033173","calcineurin-NFAT signaling cascade",31,0.426076810245478,1.45307697896464,0.0379544598869629,0.191332334847934,0.157019588233877,1656,"tags=35%, list=18%, signal=29%","Ppp3ca/Igf1/Gsk3b/Nfatc3/Atp2b4/Ptbp1/Akap5/Rcan1/Mtor/Nfat5/Akap6"
"GO:0060828","GO:0060828","regulation of canonical Wnt signaling pathway",159,0.277946909347204,1.30293069839737,0.0380220395723361,0.191332334847934,0.157019588233877,1933,"tags=30%, list=21%, signal=24%","Tbl1x/Rbms3/Fam53b/Zeb2/Egfr/Prkn/Lgr5/Wnt11/Usp34/Prickle1/Amer3/Shisa6/Ptpro/Foxo3/Cdh2/Wnk1/Fzd1/Sox4/Dlx5/Gsk3b/Invs/Rapgef1/Lats1/Tmem198/Kremen1/Ccny/Ctnnd2/Wnk2/Ccdc88c/Fgf9/Lgr4/Gpc3/Eda/Amer2/Dab2ip/Hdac1/Ubac2/Csnk1g2/Adnp/Tcf7l2/Dkk3/Wnt5a/Znrf3/Sox2/Zfp703/Axin2/Tbl1xr1/App"
"GO:1904705","GO:1904705","regulation of vascular associated smooth muscle cell proliferation",45,0.38778570038522,1.45686639644353,0.0383067128043541,0.192421241858592,0.157913215181848,1183,"tags=29%, list=13%, signal=25%","Mef2d/Tafa5/Gna13/Prkg1/Igf1/Ppargc1a/Bmpr1a/Igfbp5/Map3k5/Ddr2/Map3k7/Cdkn1b/Fgf9"
"GO:0001778","GO:0001778","plasma membrane repair",21,-0.493701038355775,-1.5438016517471,0.0385109719147625,0.193103058462279,0.158472757626397,3029,"tags=62%, list=33%, signal=41%","Chmp5/Anxa2/Ano5/Chmp2b/Arl8b/Dysf/Chmp7/Rab3a/Chmp4b/Chmp2a/Chmp3/Vps4b/Chmp1b2"
"GO:0071300","GO:0071300","cellular response to retinoic acid",28,0.450184210558919,1.50627498613188,0.0386605557228261,0.193165684444901,0.158524152525287,816,"tags=21%, list=9%, signal=20%","Epha3/Tead1/Brinp3/Brinp1/Gsk3b/Brinp2"
"GO:0032204","GO:0032204","regulation of telomere maintenance",70,-0.342132993024991,-1.42035564169392,0.0386519060716372,0.193165684444901,0.158524152525287,2010,"tags=36%, list=22%, signal=28%","Terf2/Nfrkb/Mcrs1/Map3k4/Tnks2/Tnks/Exosc10/Uchl5/Smg6/Slx4/Cct4/Ctc1/Ruvbl1/Pot1b/Ctnnb1/Nvl/Sirt6/Tent4b/Prkcq/Ptges3/Smg1/Nat10/Terf2ip/Cct8/Hnrnpa2b1"
"GO:1901016","GO:1901016","regulation of potassium ion transmembrane transporter activity",27,0.461832143447766,1.52719639646494,0.038752139697428,0.193280583482039,0.15861844604611,1656,"tags=41%, list=18%, signal=33%","Kcne2/Lrrc38/Cacna1d/Nr3c2/Akap7/Atp1b1/Ank3/Ank2/Rnf207/Kcne4/Akap6"
"GO:0006941","GO:0006941","striated muscle contraction",83,0.325736999593628,1.37752709477646,0.0388827428246814,0.193589345017583,0.158871835569695,1689,"tags=30%, list=19%, signal=25%","Sgcd/Fgf13/Kcne2/Stac/Cacna1c/Slc8a3/Synm/Hdac4/Kcnd3/Large1/Cacna1d/Dmd/Ryr2/Prkd1/Atp1b1/Ank2/Adrb1/Cacna1h/Rnf207/Scn2b/Mtor/Atp1a1/Kcne4/Akap6/Atp8a2"
"GO:0007032","GO:0007032","endosome organization",58,-0.353664469683935,-1.40981376487707,0.0391022762141896,0.194339002419023,0.159487052524969,2496,"tags=47%, list=28%, signal=34%","Washc5/Pi4k2b/Rab11a/Rilp/Washc1/Plekhf2/Dnajc13/Ubr4/Rab22a/Aqp11/Chmp7/Rab5c/Synj1/Plekhf1/Stx6/Dnm1/Snx3/Chmp4b/Vps18/Chmp2a/Stx7/Chmp3/Vps4b/Als2cl/Chmp1b2/Rnf26rt/Vps11"
"GO:0048873","GO:0048873","homeostasis of number of cells within a tissue",28,0.449556090071874,1.5041733527211,0.0392332942982312,0.194646872064112,0.15973971010603,1859,"tags=36%, list=21%, signal=28%","Col14a1/Bcl2/Gigyf2/Brinp1/Akt3/Rpa1/Elp6/Kmt2a/Epsti1/Lipa"
"GO:0022612","GO:0022612","gland morphogenesis",84,0.322605729758733,1.36657260017336,0.0393833260163889,0.195047825508232,0.160068758224043,2176,"tags=31%, list=24%, signal=24%","Robo1/Bcl2/Prox1/Csmd1/Igf1r/Egfr/Tet2/Tgfb2/Igf1/Nrg3/Igfbp5/Itpr1/Fgf18/Fgfr1/Eda/Ntn1/Lrp5/Wnt5a/Fgf1/Lipa/Rps6ka1/Plag1/Btrc/Plxna1/Tnc/Fem1b"
"GO:0006890","GO:0006890","retrograde vesicle-mediated transport, Golgi to endoplasmic reticulum",35,-0.418032633360369,-1.50256252437494,0.0397432971357337,0.195456564273119,0.160404195475718,1249,"tags=37%, list=14%, signal=32%","Arf4/Pitpnb/Tmem115/Rab33b/Rab6a/Rint1/Uvrag/Ergic3/Rer1/Copa/Ergic2/Cog7/Cog4"
"GO:0007272","GO:0007272","ensheathment of neurons",122,0.300280218727806,1.35869520456375,0.0397403756331124,0.195456564273119,0.160404195475718,1814,"tags=31%, list=20%, signal=25%","Rarb/Galc/Pard3/Gpc1/Tenm4/Mobp/Qki/Slc8a3/Cntnap2/Igf1/Large1/Fyn/Nfasc/Tg/Srebf2/Cdh2/Ski/Tnfrsf21/Cntn2/Ntrk3/Aspa/Ugt8a/Abca2/Grb2/Adgrg6/Mtmr2/Ulk4/Enpp1/Mtor/Ptprz1/Adam22/Xk/Hexa/Tcf7l2/B4galt6/Raf1/Eif2ak3/Arhgef10"
"GO:0008366","GO:0008366","axon ensheathment",122,0.300280218727806,1.35869520456375,0.0397403756331124,0.195456564273119,0.160404195475718,1814,"tags=31%, list=20%, signal=25%","Rarb/Galc/Pard3/Gpc1/Tenm4/Mobp/Qki/Slc8a3/Cntnap2/Igf1/Large1/Fyn/Nfasc/Tg/Srebf2/Cdh2/Ski/Tnfrsf21/Cntn2/Ntrk3/Aspa/Ugt8a/Abca2/Grb2/Adgrg6/Mtmr2/Ulk4/Enpp1/Mtor/Ptprz1/Adam22/Xk/Hexa/Tcf7l2/B4galt6/Raf1/Eif2ak3/Arhgef10"
"GO:0050679","GO:0050679","positive regulation of epithelial cell proliferation",122,0.299816857490815,1.35659860728089,0.0397403756331124,0.195456564273119,0.160404195475718,1902,"tags=30%, list=21%, signal=24%","Erbb4/Foxp2/Prox1/Phip/Sox11/Egfr/Igf1/Bmpr1a/Ptprn/Dlx5/Akt3/Prkd1/St8sia1/Prkca/Cxcl12/Mta3/Vip/Vegfc/Itpr1/Fgf18/Fgf9/Fgfr1/Htra1/Eya1/Dab2ip/Grn/Mtor/Bmp6/Stxbp4/Tcf7l2/Nr4a3/Ccnd2/Wnt5a/Fgf1/Zfp703/Jun"
"GO:0006898","GO:0006898","receptor-mediated endocytosis",163,-0.278187345001216,-1.3240758499375,0.0400294373152805,0.196520826401499,0.161277597252285,1426,"tags=23%, list=16%, signal=20%","Gpr107/Dnajc6/Synj1/Cbl/Ap2m1/Rab5a/Hgs/Nsf/Ap2b1/Micall1/Insr/Wasf1/Ston2/Dnm1/Ccdc32/Rala/Ppp3r1/Eps15/Arrb1/Ophn1/Cttn/Arf1/Tpcn2/Snx1/Pick1/Angpt1/Ppt1/Lmbrd1/Cltc/Pla2r1/Itgav/Cap1/Hmmr/Napb/Rab21/Pip5k1c/Ahi1/Lrp1"
"GO:0070884","GO:0070884","regulation of calcineurin-NFAT signaling cascade",24,0.472597825265772,1.50819401920515,0.0401528194455278,0.196783730778256,0.161493353449564,1656,"tags=42%, list=18%, signal=34%","Ppp3ca/Igf1/Gsk3b/Atp2b4/Ptbp1/Akap5/Rcan1/Mtor/Nfat5/Akap6"
"GO:0017015","GO:0017015","regulation of transforming growth factor beta receptor signaling pathway",93,0.319472989930102,1.38748354230785,0.0404456980747123,0.197532022832824,0.162107449913606,1519,"tags=27%, list=17%, signal=23%","Spred2/Hipk2/Chst11/Smurf2/Nkx2-1/Sox11/Zeb2/Arid4a/Rnf111/Sap130/Ski/Crebbp/Arid4b/Ppara/Ep300/Zfp451/Lats1/Ltbp1/Adamtsl2/Glg1/Htra1/Smad6/Spred1/Zeb1/Hdac1"
"GO:0051897","GO:0051897","positive regulation of phosphatidylinositol 3-kinase/protein kinase B signal transduction",99,0.312782256573465,1.36711173858191,0.0404126752208906,0.197532022832824,0.162107449913606,1694,"tags=32%, list=19%, signal=27%","Erbb4/Igf1r/Egfr/Tgfb2/Igf1/Fyn/Ccdc88a/Nrxn1/Fshr/Prkd1/Ramp3/Cxcl12/Ntrk3/Igfbp5/Irs1/Ambra1/Ddr2/Nts/Reln/Fgfr1/Ptk2/Pdgfd/Itgb1bp1/Mtor/Mfhas1/Gas6/Phlpp1/Dcn/Itsn1/Pros1/Mtdh/Tcf7l2"
"GO:1905477","GO:1905477","positive regulation of protein localization to membrane",79,0.323811045768455,1.36067040795016,0.0406108337956144,0.197995379993151,0.162487710524431,1603,"tags=25%, list=18%, signal=21%","Cacng2/Epha3/Grip1/Stac/Egfr/Prkn/Grip2/Dpp10/Dpp6/Fyn/Nrxn1/Mtcl1/Ramp3/Ank3/Atp2b4/Akap5/Rab11fip2/Itgb1bp1/Cemip/Kcnb1"
"GO:0000381","GO:0000381","regulation of alternative mRNA splicing, via spliceosome",46,0.37612626597048,1.42067693295967,0.0406887816531876,0.198032792225704,0.162518413402514,2325,"tags=46%, list=26%, signal=34%","Ddx17/Rbm5/Rbfox2/Rbmxl1/Rbfox1/Nova1/Mbnl1/Rbm20/Thrap3/Mbnl2/Ptbp1/Celf5/Khdrbs2/Rbm24/Fmr1/Celf1/Khdrbs1/Tra2b/Hnrnpu/Rbfox3/Celf3"
"GO:0000462","GO:0000462","maturation of SSU-rRNA from tricistronic rRNA transcript (SSU-rRNA, 5.8S rRNA, LSU-rRNA)",21,-0.488759510467089,-1.52834950900477,0.0409756231226903,0.198742351049468,0.163100722892564,1085,"tags=29%, list=12%, signal=25%","Tbl3/Rps8/Ngdn/Dcaf13/Rps16/Rps21"
"GO:0006497","GO:0006497","protein lipidation",39,-0.402065603148802,-1.47782318359373,0.0409468118471312,0.198742351049468,0.163100722892564,2297,"tags=44%, list=25%, signal=33%","Ppm1a/Rab3gap1/Wdr45b/Wipi1/Zdhhc1/Hhat/Atg5/Zdhhc15/Atg16l1/Atg101/Nmt2/Dbi/Zdhhc22/Rabl3/Wipi2/Glul/Nmt1"
"GO:1903531","GO:1903531","negative regulation of secretion by cell",110,0.307261045184535,1.3763204090557,0.0413313792369011,0.200123413555992,0.164234111382658,1603,"tags=25%, list=18%, signal=20%","Il1rapl1/Frmd4a/Mtnr1b/Prkg1/Atp9a/Prkn/Kcnk9/Ppp3ca/Kcnj6/Pde3b/Oprm1/Klf7/Kalrn/Pfkl/Rab11fip5/Stxbp5l/Irs1/Rhbdf1/Madd/Htr7/Edn3/Npy1r/Idh2/Braf/Cnr1/Map4k4/Kcnb1"
"GO:1902115","GO:1902115","regulation of organelle assembly",171,-0.27009214509988,-1.28890418971786,0.0415304689555418,0.20074247258442,0.164742150934956,2683,"tags=38%, list=30%, signal=27%","Atg3/Wdr44/Chmp2b/Sdc4/Cnot6/Pan2/Rnf4/G3bp2/Wrap73/Msn/Rab11a/Ptk2b/Rab3gap1/Cep97/Cdkl5/Cript/Lrsam1/Gdi2/Kat2b/Wipi1/Tbc1d14/Cyld/Ift88/Ift140/Tmem39a/Trim37/Ift20/Fez2/Mapk8/Sptbn2/Atg5/Stx18/Cep192/Chmp7/Tmem67/Cdkl1/Nf2/Gsn/Ccsap/Arf4/Kif9/Mfn2/Akt1/Bbs4/Intu/Atmin/Chmp4b/Tbc1d7/Cnot6l/Chmp2a/Chmp3/Vps4b/Snx7/Trim32/Spice1/Abi3bp/Dync2li1/Chmp1b2/Chek2/G3bp1/Pip4k2b/Odf2/Snx4/Fscn1/Vps11"
"GO:0001702","GO:0001702","gastrulation with mouth forming second",22,0.472916427171033,1.48768886280571,0.0417300300025802,0.201361685868615,0.165250317079432,1842,"tags=41%, list=20%, signal=33%","Tenm4/Acvr2b/Prickle1/Acvr2a/Lrp5/Acvr1/Zbtb17/Ldb1/Wnt5a"
"GO:0030010","GO:0030010","establishment of cell polarity",108,0.310039250960027,1.37996547410771,0.0427538526941995,0.205622785119843,0.168747248480929,851,"tags=18%, list=9%, signal=16%","Fgf13/Frmd4a/Pard3b/Pkd1/Myo9a/Pard3/Kif26b/Igf1r/Ust/Coro7/Prickle1/Kcnq2/Rhoq/Ripor2/Myo18a/Exoc4/Brsk2/Gsk3b/Amotl1"
"GO:0017157","GO:0017157","regulation of exocytosis",129,0.294317016196916,1.34670249411825,0.0427590319660143,0.205622785119843,0.168747248480929,1462,"tags=24%, list=16%, signal=20%","Il1rapl1/Nlgn1/Cacna1g/Rab3b/Pclo/Syt1/Doc2b/Kcnh1/Cacna1i/Atp9a/Cask/Prkn/Epb41l1/Cacna1d/Scamp5/Pla2g6/Ppfia2/Prkca/Smpd3/Stxbp5l/Syt10/Stxbp5/Gab2/Cacna1h/Rapgef4/Npy1r/Cacna1e/Rims2/Cplane2/Braf/Rims4"
"GO:0043491","GO:0043491","phosphatidylinositol 3-kinase/protein kinase B signal transduction",175,0.278452072891617,1.32755929081601,0.0433960380288227,0.208330553944161,0.170969417285615,1957,"tags=33%, list=22%, signal=26%","Erbb4/Pik3r3/Magi2/Pik3c2a/Igf1r/Egfr/Cntnap2/Tgfb2/Nyap2/Igf1/Fyn/Ccdc88a/Nrxn1/Pde3b/Fshr/Prkd1/Myo16/Ppara/Ramp3/Gsk3b/Cxcl12/Smpd3/Ntrk3/Igfbp5/Sesn3/Irs1/Ambra1/Lemd2/Rapgef1/Gab2/Ddr2/Nts/Reln/Ptpn13/Fgfr1/Ptk2/Pdgfd/Dab2ip/Itgb1bp1/Ulk4/Fkrp/Mtor/Mfhas1/Gas6/Usp49/Phlpp1/Dcn/Itsn1/Pros1/Mtdh/Tcf7l2/Vav3/Ncor1/Ptpn1/Tyro3/Rgl2/Inpp5f"
"GO:0039532","GO:0039532","negative regulation of cytoplasmic pattern recognition receptor signaling pathway",30,-0.421588068415461,-1.45645384346893,0.0435294768815415,0.208615758252014,0.171203474236926,2363,"tags=47%, list=26%, signal=35%","Ufd1/Hspa8/Riok3/Tarbp2/Cptp/Fbxl2/Lamp2/Pcbp2/Ppp6c/Akt1/Ogt/Aars2/Ppt1/C1qbp"
"GO:0010464","GO:0010464","regulation of mesenchymal cell proliferation",25,0.467990305018837,1.51302651155365,0.0439247206792165,0.210152568546744,0.172464679353478,1842,"tags=44%, list=20%, signal=35%","Foxp2/Phf14/Wnt11/Bmpr1a/Fbxw4/Irs1/Fgf9/Fgfr1/Zeb1/Lrp5/Wnt5a"
"GO:0045022","GO:0045022","early endosome to late endosome transport",32,-0.427204327444389,-1.51039393615137,0.0442377432459132,0.210577635923958,0.172813516911933,2617,"tags=50%, list=29%, signal=36%","Wdr81/Ptpn23/Msn/Rilp/Ankrd27/Dnajc13/Map2k1/Map2k2/Nf2/Rab5a/Lmtk2/Snx3/Chmp3/Snx12/Rab21/Vps11"
"GO:0033077","GO:0033077","T cell differentiation in thymus",50,0.366763798524099,1.40569577854546,0.0441846302690344,0.210577635923958,0.172813516911933,1501,"tags=28%, list=17%, signal=23%","Bcl2/Bcl11b/B2m/Tcf3/Mafb/Nfatc3/Itpkb/Cd74/Cdk6/Dnaja3/Tox/Zeb1/Braf/Prr7"
"GO:0051251","GO:0051251","positive regulation of lymphocyte activation",133,0.289646173675583,1.32738924413947,0.0442029228908685,0.210577635923958,0.172813516911933,2559,"tags=41%, list=28%, signal=30%","Bcl2/B2m/Adk/Arid1a/Tcf3/Ppp3ca/Igf1/Zmiz1/Ephb6/Foxo3/Sox4/Sox12/Ep300/Ap3d1/Ambra1/Nck2/Peli1/Pbrm1/Arid2/Fbxo38/Igfbp2/Kmt5b/Atad5/Itpkb/Cd74/Shld2/Dnaja3/Hes1/Tox/Gas6/Zfp335/Flot2/Slc7a1/Vav3/Cbfb/Bcl6/Abl1/Pms2/Efnb1/Efnb2/Klhl22/Tfrc/Cd276/Egr3/Cd47/Il1rl2/Socs5/Smarca4/Cd81/Smarcd3/Ephb2/Smarcd2/Xrcc6/Brd2"
"GO:0140588","GO:0140588","chromatin looping",99,-0.308118555862692,-1.35228246867959,0.0444641858225945,0.21129860986184,0.173405194376924,2300,"tags=35%, list=25%, signal=27%","Ddx20/Dhx8/Afg3l2/Dhx30/Helq/Dhx40/Eif4a2/Recql5/Tor1a/Ercc3/Wrn/Pcbp2/Ighmbp2/Recql/Ddx52/Nsf/Ruvbl1/Chd1l/Vps4b/Wrnip1/Dhx57/Ddx3x/Mcm8/Ddx41/Spg7/Yme1l1/Dhx15/Eif4a3/Ddx18/Ddx42/Helb/G3bp1/Taf9/Ddx1/Ddx5"
"GO:0070588","GO:0070588","calcium ion transmembrane transport",181,0.275880568108269,1.32026187571612,0.0449086044187148,0.213051257999896,0.174843529874032,1656,"tags=28%, list=18%, signal=23%","Bcl2/Cacng2/Micu2/Fgf14/Cacna1g/Pkd1/Cacna1b/Stac/Cacna1c/Cacna1i/Slc8a3/Tgfb2/Ppp3ca/Fyn/Cacna2d2/Ubash3b/Grin2b/Cacna1d/Dmd/Ryr2/Prkd1/Plcb1/Atp1b1/Stimate/Plcl2/Nalcn/Ank2/Adrb1/Prkce/Atp2b4/Cacna1h/Grin1/Trpc5/Adcyap1r1/Itpr1/Cacna1e/Pawr/Cacna2d3/Akap5/Atp2b2/Jph3/Chd7/Asph/Htr2c/Slc24a3/Cemip/Nalf2/Gas6/Cacng4/Akap6"
"GO:0050863","GO:0050863","regulation of T cell activation",145,0.28862783753973,1.34233993639205,0.0456013142130126,0.215413221938977,0.176781909005989,2559,"tags=40%, list=28%, signal=29%","B2m/Adk/Arid1a/Rc3h1/Ppp3ca/Drosha/Igf1/Zmiz1/Ephb6/Foxo3/Sh3rf1/Ripor2/Tnfrsf21/Sox4/Sox12/Dusp22/Ep300/Ap3d1/Ambra1/Nck2/Peli1/Pbrm1/Arid2/Fbxo38/Igfbp2/Cblb/Itpkb/Cd74/Pawr/Dnaja3/Hes1/Tox/Zeb1/Braf/Mapk8ip1/Pag1/Glmn/Flot2/Mad1l1/Slc7a1/Cbfb/Bcl6/Abl1/Efnb1/Efnb2/Klhl22/Tfrc/Cd276/Egr3/Fas/Cd47/Il1rl2/Socs5/Smarca4/Cd81/Smarcd3/Smarcd2/Brd2"
"GO:0007519","GO:0007519","skeletal muscle tissue development",105,0.300890900472811,1.33254000218428,0.0455334271957531,0.215413221938977,0.176781909005989,1833,"tags=32%, list=20%, signal=26%","Bcl2/Foxp2/Mef2d/Ddx17/Svil/Popdc2/Gpc1/Sox11/Cntnap2/Hdac4/Ppp3ca/Large1/Rbfox1/Ski/Dmd/Mbnl1/Myl6/Ep300/Lemd2/Cdon/Nfatc3/Hlf/Klf5/Bcl9/Col19a1/Rcan1/Nr2f2/Fkrp/Usp2/Xk/Tcf7l2/Hivep3/Rbm24/Ppif"
"GO:0051090","GO:0051090","regulation of DNA-binding transcription factor activity",175,0.276818286499906,1.31976998516998,0.045635803228378,0.215413221938977,0.176781909005989,1972,"tags=29%, list=22%, signal=23%","Sox6/Prox1/Hipk2/Epha5/Trim25/Erc1/Igf1r/Adcy8/Trappc9/Tcf3/Hdac4/Ppp3ca/Ezh2/Ppargc1a/Chuk/Slco3a1/Crebbp/Fzd1/Traip/Prkd1/Ripk1/Ep300/Peli1/Tut4/Ddr2/Nts/Rps6ka5/Reln/Camk1d/Adcy1/Dnaja3/Hes1/Taf3/Dab2ip/Enpp1/Tax1bp1/Trim8/Cdk5rap3/Lrp5/Arid5b/Kat6a/Mtdh/Tcf7l2/Hsf1/Bdnf/Rnf31/Wnt5a/Atf2/Dhx33/Ror1/Clock"
"GO:0043200","GO:0043200","response to amino acid",81,0.326740679608898,1.37635132615587,0.0460598251980161,0.217051149511722,0.178126097447705,1794,"tags=35%, list=20%, signal=28%","Gria1/Glra3/Igf1r/Egfr/Prkn/Fyn/Gria2/Ep300/Sesn3/Crls1/Grin1/Cpeb4/Col4a1/Cdkn1b/Cybb/Pdgfd/Gdf10/Capn2/Cpeb3/Dnmt3a/Zeb1/Mtor/Kcnb1/Castor2/Hsf1/Col4a6/Samtor/Tmbim6"
"GO:0071322","GO:0071322","cellular response to carbohydrate stimulus",109,0.292675296696956,1.30749901800457,0.0465549348230912,0.219018040620152,0.179740254470313,1769,"tags=31%, list=20%, signal=25%","Epha5/Igf1r/Adcy8/Prkn/Adcy5/Abcg1/Ppp3ca/Igf1/Foxo3/Cacna1d/Pde3b/Klf7/Ptprn/Sox4/Pla2g6/Ppara/Plcb1/Brsk2/Prkca/Rab11fip5/Prkce/Fto/Tjp1/Cacna1e/Map2k4/Rab11fip2/Lrp5/Map4k4/Gas6/Kcnb1/Ano1/Stxbp4/Tcf7l2/Raf1"
"GO:0006515","GO:0006515","protein quality control for misfolded or incompletely synthesized proteins",20,-0.488106404995063,-1.49811345428864,0.0467674479048025,0.219347406438757,0.180010553190374,648,"tags=40%, list=7%, signal=37%","Afg3l2/Zer1/Ubr4/Stub1/Tmem126a/Yme1l1/Zyg11b/Atxn3"
"GO:0150052","GO:0150052","regulation of postsynapse assembly",36,0.411051272856268,1.4565310663513,0.0470928750616484,0.219347406438757,0.180010553190374,2000,"tags=44%, list=22%, signal=35%","Flrt2/Nckipsd/Gna13/Pum2/Dclk1/Asic2/Zdhhc8/Elmo1/Afdn/Lzts3/Cpeb3/Psd/Cyfip2/Ptpn1/Nectin3/Dcx"
"GO:0050982","GO:0050982","detection of mechanical stimulus",36,0.409993846378466,1.45278415053567,0.0470928750616484,0.219347406438757,0.180010553190374,1291,"tags=33%, list=14%, signal=29%","Pkd1/Grm8/Asic2/Igf1/Fyn/Grin2b/Cxcl12/Bace1/Pjvk/Htr7/Pawr/Atp2b2"
"GO:0007622","GO:0007622","rhythmic behavior",42,0.386276817712256,1.43838958615649,0.0471698113207547,0.219347406438757,0.180010553190374,1618,"tags=40%, list=18%, signal=33%","Mapk10/Nlgn1/Kcnd2/Mtnr1b/Cntnap2/Per3/Btbd9/Six3/Adrb1/2510009E07Rik/Kcna2/Ahcyl/Kcnma1/Mtor/Hcrtr2/Ncoa2/Usp2"
"GO:0048512","GO:0048512","circadian behavior",42,0.386276817712256,1.43838958615649,0.0471698113207547,0.219347406438757,0.180010553190374,1618,"tags=40%, list=18%, signal=33%","Mapk10/Nlgn1/Kcnd2/Mtnr1b/Cntnap2/Per3/Btbd9/Six3/Adrb1/2510009E07Rik/Kcna2/Ahcyl/Kcnma1/Mtor/Hcrtr2/Ncoa2/Usp2"
"GO:0051896","GO:0051896","regulation of phosphatidylinositol 3-kinase/protein kinase B signal transduction",149,0.286188407156673,1.33123236355383,0.0468943571491094,0.219347406438757,0.180010553190374,1957,"tags=33%, list=22%, signal=26%","Erbb4/Magi2/Igf1r/Egfr/Cntnap2/Tgfb2/Igf1/Fyn/Ccdc88a/Nrxn1/Pde3b/Fshr/Prkd1/Ppara/Ramp3/Cxcl12/Smpd3/Ntrk3/Igfbp5/Sesn3/Irs1/Ambra1/Lemd2/Rapgef1/Ddr2/Nts/Reln/Ptpn13/Fgfr1/Ptk2/Pdgfd/Dab2ip/Itgb1bp1/Mtor/Mfhas1/Gas6/Usp49/Phlpp1/Dcn/Itsn1/Pros1/Mtdh/Tcf7l2/Vav3/Ncor1/Ptpn1/Tyro3/Rgl2/Inpp5f"
"GO:0051347","GO:0051347","positive regulation of transferase activity",190,0.263428543492934,1.26659736493507,0.0469043151969981,0.219347406438757,0.180010553190374,1852,"tags=28%, list=20%, signal=23%","Sash1/Robo1/Tenm1/Prox1/Tead1/Asxl2/Epha4/Adcy8/Zeb2/Egfr/Tgfb2/Adam9/Zfp91/Ezh2/Igf1/Ccdc88a/Nrxn1/Abi2/Rapgef2/Rassf2/Ripk1/Ntrk3/Ube2i/Map3k5/Ddr2/Reln/Vegfc/Nek10/Fgd4/Ccny/Map3k7/Edn3/Fgf18/Cd74/Fgfr1/Ptk2/Adra2b/Map2k4/Dab2ip/Pxn/Ip6k2/Itgb1bp1/Mtor/Rad50/Cemip/Gas6/Epm2aip1/Etaa1/Ccnd2/Dab1/Wnt5a/Fgf1/Ptpn1"
"GO:0006622","GO:0006622","protein targeting to lysosome",20,-0.486298322758112,-1.49256402429158,0.0473951895211272,0.219972525222762,0.18052356576684,2404,"tags=50%, list=27%, signal=37%","Vps53/Sorl1/Ncoa4/Hspa8/Sort1/Gcc2/M6pr/Lamp2/Hgs/Gga3"
"GO:0009165","GO:0009165","nucleotide biosynthetic process",144,-0.278432614563316,-1.29519311837609,0.0474603603035625,0.219972525222762,0.18052356576684,2389,"tags=37%, list=26%, signal=28%","Tyms/Sdhd/Ndufs8/Ndufv2/Ndufb10/Eno1/Ndufa6/Atic/Ndufb2/Adss2/Sdha/Tbpl1/Map2k1/Rd3/mt-Nd6/Uck1/Ndufc2/Ndufa1/Ndufs2/Ada/Ampd3/Atp5pf/Uckl1/Rrm1/Atp5mf/Nampt/Ndufa5/Atp5f1c/Gmps/Ndufs3/Aprt/Atp5mc3/Rrm2b/Ndufb5/Nadsyn1/Ndufs7/Sdhb/Ndufv3/Gars1/Nme1/Slc4a7/Slc25a13/Ndufab1/Ndufs6/Ndufa12/Ctps1/Ndufa8/Kars1/Atp6v1a/Taf9/Ppat/Pid1/Tmsb4x"
"GO:0060675","GO:0060675","ureteric bud morphogenesis",36,0.409676935373042,1.45166119883803,0.0476778722444338,0.220256137680024,0.180756316343436,1382,"tags=31%, list=15%, signal=26%","Bcl2/Hs3st3b1/Kif26b/Wnt11/Gzf1/Fmn1/Hs3st3a1/Lgr4/Gpc3/Eya1/Hes1"
"GO:0072171","GO:0072171","mesonephric tubule morphogenesis",36,0.409676935373042,1.45166119883803,0.0476778722444338,0.220256137680024,0.180756316343436,1382,"tags=31%, list=15%, signal=26%","Bcl2/Hs3st3b1/Kif26b/Wnt11/Gzf1/Fmn1/Hs3st3a1/Lgr4/Gpc3/Eya1/Hes1"
"GO:0106056","GO:0106056","regulation of calcineurin-mediated signaling",25,0.465265198565431,1.50421616170966,0.0480518163404686,0.221258200077517,0.181578673030632,1656,"tags=40%, list=18%, signal=33%","Ppp3ca/Igf1/Gsk3b/Atp2b4/Ptbp1/Akap5/Rcan1/Mtor/Nfat5/Akap6"
"GO:1990573","GO:1990573","potassium ion import across plasma membrane",24,0.463209937261328,1.4782345996219,0.0480021069834747,0.221258200077517,0.181578673030632,1125,"tags=33%, list=12%, signal=29%","Kcne2/Kcnk9/Kcnd3/Kcnj6/Wnk1/Atp1b1/Slc12a1/Wnk2"
"GO:0060674","GO:0060674","placenta blood vessel development",21,0.48852019883858,1.52994441759475,0.0486381322957198,0.223398889233695,0.183335459880627,1397,"tags=33%, list=15%, signal=28%","Pkd1/Hs6st1/Arid1a/Hey2/Ggnbp2/Hes1/Nr2f2"
"GO:0070059","GO:0070059","intrinsic apoptotic signaling pathway in response to endoplasmic reticulum stress",40,0.398188460248047,1.461697829272,0.0486752725299818,0.223398889233695,0.183335459880627,2173,"tags=40%, list=24%, signal=31%","Bcl2/Prkn/Brsk2/Gsk3b/Nck2/Map3k5/Itpr1/Ube2k/Dab2ip/Eif2ak3/Hyou1/Tmbim6/Ptpn1/App/Apaf1/Dnajc10"
"GO:0072009","GO:0072009","nephron epithelium development",66,0.347196404883114,1.39978639314939,0.0489236790606654,0.224173866004805,0.183971455534928,1493,"tags=27%, list=16%, signal=23%","Bcl2/Magi2/Pkd1/Hs3st3b1/Kif26b/Ext1/Wnt11/Ptpro/Gzf1/Ampd2/Fmn1/Mtss1/Hs3st3a1/Lgr4/Gpc3/Eya1/Hes1/Aqp1"
"GO:1990089","GO:1990089","response to nerve growth factor",42,0.386115122423626,1.43778747697304,0.0490566037735849,0.224418034795393,0.184171836108281,902,"tags=26%, list=10%, signal=24%","Kcnc1/Grip1/Gria1/Magi2/Kcnc2/Foxo3/Rapgef2/Gria2/Ntrk3/Gad2/Rapgef1"
"GO:0099150","GO:0099150","regulation of postsynaptic specialization assembly",22,0.469553063344063,1.4771084756179,0.0492125984251969,0.224766778544902,0.184458037601565,1192,"tags=32%, list=13%, signal=28%","Nlgn1/Nrxn1/Prickle1/Ptprs/Arhgef9/Lats1/Fgfr1"
"GO:0046887","GO:0046887","positive regulation of hormone secretion",104,0.295456993600727,1.30398493112985,0.0495238095238095,0.225822160579442,0.185324151803457,1273,"tags=26%, list=14%, signal=23%","Doc2b/Cacna1c/Sox11/Adcy8/Egfr/Cckbr/Cask/Prkn/Abcg1/Arhgef7/Cacna1d/Sox4/Pla2g6/Prkd1/Plcb1/Nell2/Irs1/Capn10/Prkce/Fto/Acvr2a/Itpr1/Edn3/Rapgef4/Fgfr1/Chrm3/Ptbp1"
"GO:0010463","GO:0010463","mesenchymal cell proliferation",29,0.43106284502582,1.45138076888026,0.049618320610687,0.225887604977247,0.185377859674652,1568,"tags=38%, list=17%, signal=31%","Foxp2/Phf14/Wnt11/Bmpr1a/Fbxw4/Irs1/Fgf9/Fgfr1/Gpc3/Zeb1/Lrp5"
"GO:0003073","GO:0003073","regulation of systemic arterial blood pressure",53,0.358541828835791,1.3796059745911,0.0499001996007984,0.226439231038728,0.185830559408347,2284,"tags=45%, list=25%, signal=34%","Nkx2-1/Asic2/Bmpr2/Ptpro/Wnk1/Nr3c2/Fshr/Mme/Kcnk3/Adrb1/Edn3/Drd5/Chrm3/Corin/Nr2f2/Gas6/Rnls/Nav2/Ptpn1/Manf/Apln/Rps6ka2/Kl/Arhgap42"
"GO:0018209","GO:0018209","peptidyl-serine modification",147,0.284151639259299,1.3196322740632,0.0498337966395303,0.226439231038728,0.185830559408347,2528,"tags=41%, list=28%, signal=30%","Bcl2/Tenm1/Hipk2/Pkd1/Phip/Bcar3/Mapkapk3/Egfr/Fnip2/Galnt2/Dclk1/Nrxn1/Epm2a/Mgat5b/Wnk1/Rassf2/Srpk2/Dmd/Akt3/Prkd1/Ripk1/Brsk2/Mark3/Prkca/Gsk3b/Ntrk3/Prkce/Lats1/Myo3a/Ttbk2/Myo3b/Ip6k2/Braf/Smyd3/Mtor/Mapkap1/Rock1/Ercc6/Bdnf/Raf1/Eif2ak3/Wnt5a/App/Inpp5f/Tlk2/Dclk2/Top1/Axin1/Tfrc/Rps6ka2/Akap9/Inpp5j/Rptor/Morc3/Map3k13/Atr/Stk39/Hipk3/Hgf/Pink1/Pdk3"
"GO:1990874","GO:1990874","vascular associated smooth muscle cell proliferation",47,0.368319821931105,1.39907810844833,0.0501930501930502,0.227401954090057,0.186620631704402,1183,"tags=28%, list=13%, signal=24%","Mef2d/Tafa5/Gna13/Prkg1/Igf1/Ppargc1a/Bmpr1a/Igfbp5/Map3k5/Ddr2/Map3k7/Cdkn1b/Fgf9"
"GO:0045143","GO:0045143","homologous chromosome segregation",26,-0.440433456813675,-1.46940465932578,0.0512295081967213,0.227564910104593,0.186754363863804,2605,"tags=50%, list=29%, signal=36%","Brip1/Ndc1/Ccne1/Terb1/Rec8/Mlh1/BC005624/Tex11/Mlh3/Ube2b/Brca2/Trip13/Spdya"
"GO:0001708","GO:0001708","cell fate specification",40,0.396422011325042,1.45521342599555,0.0509794011599793,0.227564910104593,0.186754363863804,2038,"tags=38%, list=22%, signal=29%","Sox6/Tenm4/Sox1/Bmpr1a/Myt1l/Ntrk3/Mta3/Cdon/Fgfr1/Eya1/Hdac1/Mga/Sox2/Sufu/Gatad2a"
"GO:0006023","GO:0006023","aminoglycan biosynthetic process",41,0.391834357776125,1.45042590622078,0.0512608310196345,0.227564910104593,0.186754363863804,1630,"tags=32%, list=18%, signal=26%","Chst11/B4galnt4/Hs3st3b1/Ext1/Igf1/Csgalnact1/Smpd3/Chsy1/Hs3st3a1/Hs3st2/Pxylp1/Xylt1/Hexa"
"GO:0070169","GO:0070169","positive regulation of biomineral tissue development",28,0.432208257573937,1.44612909985225,0.0514285714285714,0.227564910104593,0.186754363863804,2268,"tags=50%, list=25%, signal=38%","Asxl2/Acvr2b/Bmpr2/Bmpr1a/Nell1/Acvr2a/Fam20c/Bmp6/Acvr1/Atraid/Cd276/Kl/Slc20a2/Tent5a"
"GO:0071347","GO:0071347","cellular response to interleukin-1",36,0.406722094917123,1.44119093100441,0.0506028594467238,0.227564910104593,0.186754363863804,1408,"tags=28%, list=16%, signal=24%","St18/Rora/Rbmxl1/Rc3h1/Plcb1/Tank/Ep300/Rps6ka5/Hes1/Dab2ip"
"GO:0097237","GO:0097237","cellular response to toxic substance",54,-0.361255064716883,-1.42345154623876,0.050709939148073,0.227564910104593,0.186754363863804,1887,"tags=31%, list=21%, signal=25%","Prdx4/Prdx3/Prdx1/Gpx1/Cygb/Txnrd1/Sod1/Sod2/Mgst3/Cat/Rab29/Gstk1/Abtb2/Park7/Cp/Sesn1/Ptgs1"
"GO:0050974","GO:0050974","detection of mechanical stimulus involved in sensory perception",31,0.417201999816229,1.42281064571832,0.050880626223092,0.227564910104593,0.186754363863804,1291,"tags=35%, list=14%, signal=31%","Grm8/Asic2/Igf1/Fyn/Grin2b/Cxcl12/Bace1/Pjvk/Htr7/Pawr/Atp2b2"
"GO:0043627","GO:0043627","response to estrogen",36,0.400552265911165,1.41932857899462,0.0505836575875486,0.227564910104593,0.186754363863804,1493,"tags=33%, list=16%, signal=28%","Tbl1x/Trim25/Tgfb2/Bcas3/Ep300/Mme/Gstm5/Igfbp2/Smad6/Kcnma1/Rcan1/Aqp1"
"GO:0038034","GO:0038034","signal transduction in absence of ligand",34,0.406553789386272,1.41159799285605,0.0512820512820513,0.227564910104593,0.186754363863804,1384,"tags=32%, list=15%, signal=28%","Bcl2/Eya4/Tgfb2/Igf1/Fyn/Foxo3/Ripk1/Gsk3b/Fgfr1/Eya1/Wwox"
"GO:0097192","GO:0097192","extrinsic apoptotic signaling pathway in absence of ligand",34,0.406553789386272,1.41159799285605,0.0512820512820513,0.227564910104593,0.186754363863804,1384,"tags=32%, list=15%, signal=28%","Bcl2/Eya4/Tgfb2/Igf1/Fyn/Foxo3/Ripk1/Gsk3b/Fgfr1/Eya1/Wwox"
"GO:0060261","GO:0060261","positive regulation of transcription initiation by RNA polymerase II",48,-0.364942606702123,-1.40559902065289,0.051440329218107,0.227564910104593,0.186754363863804,2345,"tags=40%, list=26%, signal=30%","Med13/Med21/Taf12/Med9/Med12/Med14/Tbp/Med28/Taf2/Taf13/Med17/Taf10/Psmc6/Med8/Med20/Med16/Med31/Taf7/Taf9"
"GO:0061001","GO:0061001","regulation of dendritic spine morphogenesis",52,0.358984781687157,1.38436239500015,0.0504854368932039,0.227564910104593,0.186754363863804,1380,"tags=25%, list=15%, signal=21%","Il1rapl1/Nlgn1/Cux2/Epha4/Cask/Abi2/Kalrn/Ppfia2/Dbn1/Reln/Afdn/Lzts3/Itpka"
"GO:1901655","GO:1901655","cellular response to ketone",61,0.346087467946884,1.36939625796793,0.050880626223092,0.227564910104593,0.186754363863804,2144,"tags=36%, list=24%, signal=28%","Grip1/Epha5/Adcy8/Egfr/Adcy2/Adcy5/Foxo3/Akap8/Nr3c2/Prkd1/Gnai1/Prkce/Adcy1/Smyd3/Aqp1/Gas6/Gnas/Axin2/Pck2/Hnrnpu/Tnc/Acaca"
"GO:0042490","GO:0042490","mechanoreceptor differentiation",60,0.343761789945142,1.35557427600928,0.0512820512820513,0.227564910104593,0.186754363863804,1466,"tags=28%, list=16%, signal=24%","Otog/Cux1/Gabra5/Ankrd24/Cdh23/Ripor2/Ush2a/Hey2/Ntrk3/Pjvk/Myo3a/Fgfr1/Atp2b2/Kcnma1/Hes1/Myo3b/Tmem132e"
"GO:0016051","GO:0016051","carbohydrate biosynthetic process",127,0.285253553310567,1.30087858809442,0.0503937503704799,0.227564910104593,0.186754363863804,848,"tags=17%, list=9%, signal=16%","B3galt1/Fut9/Ndst3/Chst11/Prkg1/Ndst4/Gbe1/Ext1/Pth1r/Igf1/Ppargc1a/Esrrb/St3gal4/Epm2a/Oprm1/G6pc3/Csgalnact1/Ppara/Ep300/Gsk3b/Smpd3/Irs1"
"GO:0002696","GO:0002696","positive regulation of leukocyte activation",145,0.285932911335718,1.32980647080498,0.0516814193801677,0.228273103155662,0.187335552513164,2574,"tags=41%, list=28%, signal=30%","Bcl2/B2m/Plpp6/Adk/Arid1a/Tcf3/Ppp3ca/Igf1/Zmiz1/Ephb6/Foxo3/Sox4/Sox12/Ep300/Ap3d1/Ambra1/Nck2/Peli1/Pbrm1/Arid2/Fbxo38/Igfbp2/Cebpa/Kmt5b/Atad5/Itpkb/Cd74/Shld2/Dnaja3/Hes1/Tox/Gas6/Zfp335/Nr4a3/Flot2/Slc7a1/Wnt5a/Vav3/Cbfb/Bcl6/Abl1/Pms2/Efnb1/Efnb2/Klhl22/Tfrc/Cd276/Egr3/Cd47/Il1rl2/Socs5/Ctsc/Smarca4/Cd81/Smarcd3/Ephb2/Smarcd2/Xrcc6/Brd2/Tafa3"
"GO:1903169","GO:1903169","regulation of calcium ion transmembrane transport",92,0.308460170445964,1.33705586821292,0.0518518518518519,0.228667478119747,0.18765920190844,1540,"tags=26%, list=17%, signal=22%","Bcl2/Fgf14/Stac/Cacna1c/Tgfb2/Ppp3ca/Fyn/Ubash3b/Cacna1d/Dmd/Ryr2/Prkd1/Atp1b1/Stimate/Ank2/Adrb1/Prkce/Grin1/Adcyap1r1/Akap5/Jph3/Chd7/Asph/Cemip"
"GO:0030501","GO:0030501","positive regulation of bone mineralization",26,0.451822988730807,1.47598361741868,0.0525291828793774,0.229144330269482,0.188050537373297,2268,"tags=54%, list=25%, signal=40%","Asxl2/Acvr2b/Bmpr2/Bmpr1a/Nell1/Acvr2a/Fam20c/Bmp6/Acvr1/Atraid/Cd276/Kl/Slc20a2/Tent5a"
"GO:0071711","GO:0071711","basement membrane organization",27,0.445358125724986,1.47271976278218,0.0523255813953488,0.229144330269482,0.188050537373297,1476,"tags=33%, list=16%, signal=28%","Flrt2/Ext1/Large1/Prickle1/Hmcn1/Fshr/Pxdn/Col4a1/Fkrp"
"GO:1902473","GO:1902473","regulation of protein localization to synapse",24,0.457401261192852,1.45969746289037,0.0522088353413655,0.229144330269482,0.188050537373297,1160,"tags=38%, list=13%, signal=33%","Nlgn1/Magi2/Cacna2d2/Clstn3/Gpc6/Nbea/Kalrn/Gsk3b/Rapgef4"
"GO:0035196","GO:0035196","miRNA processing",29,-0.417556685364896,-1.42690890461001,0.0523012552301255,0.229144330269482,0.188050537373297,1464,"tags=45%, list=16%, signal=38%","Tarbp2/Zc3h7b/Zc3h7a/Snip1/Ago2/Mettl3/Ncbp2/Ddx3x/Dgcr8/Ago1/Zmpste24/Ddx5/Hnrnpa2b1"
"GO:0010833","GO:0010833","telomere maintenance via telomere lengthening",50,-0.365916210889722,-1.41825908324473,0.0525252525252525,0.229144330269482,0.188050537373297,2388,"tags=40%, list=26%, signal=30%","Cct2/Gar1/Terf2/Mcrs1/Map3k4/Tnks2/Tnks/Exosc10/Slx4/Cct4/Ctc1/Pot1b/Ctnnb1/Tent4b/Prkcq/Ptges3/Nat10/Terf2ip/Cct8/Hnrnpa2b1"
"GO:0006801","GO:0006801","superoxide metabolic process",28,-0.416729195218005,-1.40765794520811,0.0524109014675052,0.229144330269482,0.188050537373297,1791,"tags=43%, list=20%, signal=34%","Mapt/Prdx1/Cygb/Agt/Sod1/Sod2/Gnai3/Akt1/Cyba/Prkcd/Park7/Nox3"
"GO:0090101","GO:0090101","negative regulation of transmembrane receptor protein serine/threonine kinase signaling pathway",94,0.307757666572621,1.33825715461057,0.0520446096654275,0.229144330269482,0.188050537373297,1223,"tags=24%, list=13%, signal=21%","Bmper/Spred2/Hipk2/Magi2/Chst11/Smurf2/Nkx2-1/Arid4a/Gpr155/Sap130/Ski/Fzd1/Vwc2/Arid4b/Ppara/Dact2/Lemd2/Zfp451/Ltbp1/Adamtsl2/Glg1/Htra1/Smad6"
"GO:1901889","GO:1901889","negative regulation of cell junction assembly",25,0.46193196471704,1.49343971799334,0.052768502520212,0.22945870444837,0.188308532992069,1933,"tags=48%, list=21%, signal=38%","Robo1/Epha7/Clstn3/Dusp22/Gsk3b/Dlc1/Ptpn13/Ptk2/Itgb1bp1/Rock1/Wnt5a/App"
"GO:0006891","GO:0006891","intra-Golgi vesicle-mediated transport",25,-0.444544629989381,-1.46568543408285,0.0528455284552846,0.22945870444837,0.188308532992069,1104,"tags=44%, list=12%, signal=39%","Golga5/Copg1/Copb1/Nsf/Rab33b/Rab6a/Trappc3/Copa/Gabarapl2/Cog7/Cog4"
"GO:0031111","GO:0031111","negative regulation of microtubule polymerization or depolymerization",33,0.40964564154733,1.40973976541334,0.0526955394168498,0.22945870444837,0.188308532992069,1928,"tags=39%, list=21%, signal=31%","Fgf13/Nav3/Taok1/Arhgef7/Atxn7/Tbcd/Ttbk2/Ccdc88c/Eml4/Map1a/Map2/Katnb1/Hdgfl3"
"GO:0006022","GO:0006022","aminoglycan metabolic process",54,0.353277226754201,1.37171889405099,0.0530451866404715,0.229971286081306,0.188729190362941,1630,"tags=31%, list=18%, signal=26%","Chst11/B4galnt4/Hs3st3b1/Ext1/Igf1/Csgalnact1/Smpd3/Chsy1/Galns/Bpnt2/Hs3st3a1/Hs3st2/Pxylp1/Dsel/Cemip/Xylt1/Hexa"
"GO:0050714","GO:0050714","positive regulation of protein secretion",106,0.293104772036119,1.30038729529913,0.0531309297912713,0.229989186101079,0.18874388026748,1273,"tags=25%, list=14%, signal=21%","Frmd4a/Doc2b/Cacna1c/Adcy8/Egfr/Cask/Prkn/Abcg1/Tgfb2/Adam9/Igf1/Cacna1d/Myo18a/Sox4/Pla2g6/Plcb1/Ep300/Capn10/Prkce/Vegfc/Fto/Itpr1/Myh10/Rapgef4/Chrm3/Ptbp1"
"GO:0030324","GO:0030324","lung development",145,0.284554099264461,1.32339394135597,0.0533396311796227,0.230185422150347,0.188904924158348,1237,"tags=23%, list=14%, signal=20%","Foxp2/Prox1/Hipk2/Pkd1/Cux1/Nkx2-1/Phf14/Sox11/Ncor2/Atxn1/Egfr/Hs6st1/Ext1/Wnt11/Acvr2b/Igf1/Bmpr2/Thrb/Bmpr1a/Tshz3/Tnrc6c/Fndc3b/Ep300/Smpd3/Igfbp5/Rdh10/Mme/Cebpa/Adamtsl2/Fgf18/Fgf9/Fgfr1/Gpc3"
"GO:0060070","GO:0060070","canonical Wnt signaling pathway",181,0.270770639341111,1.29580765559774,0.0532765681997583,0.230185422150347,0.188904924158348,2096,"tags=31%, list=23%, signal=25%","Tbl1x/Rbms3/Fam53b/Zeb2/Egfr/Prkn/Lgr5/Ext1/Wnt11/Usp34/Wnt9a/Prickle1/Amer3/Shisa6/Ptpro/Foxo3/Cdh2/Wnk1/Fzd1/Sox4/Dlx5/Gsk3b/Invs/Rapgef1/Lats1/Tmem198/Kremen1/Ccny/Ctnnd2/Wnk2/Bcl9/Ccdc88c/Fgf9/Lgr4/Gpc3/Eda/Amer2/Dab2ip/Hdac1/Ubac2/Csnk1g2/Adnp/Lrp5/Tcf7l2/Dkk3/Wnt5a/Znrf3/Sox2/Zfp703/Axin2/Tbl1xr1/App/Siah1b/Btrc/Bicc1/Daam2/Fzd3"
"GO:0032350","GO:0032350","regulation of hormone metabolic process",24,0.458693971869847,1.46382287017617,0.0534362397700987,0.230249730385533,0.188957699621611,1707,"tags=46%, list=19%, signal=37%","Igf1r/Arnt/Igf1/Ppargc1a/Fshr/Rdh10/Kcnma1/Atp1a1/Bmp6/Tcf7l2/Dkk3"
"GO:1903844","GO:1903844","regulation of cellular response to transforming growth factor beta stimulus",95,0.30713165832333,1.33350407582168,0.0540037243947858,0.232339687548865,0.190672852543744,1519,"tags=26%, list=17%, signal=22%","Spred2/Hipk2/Chst11/Smurf2/Nkx2-1/Sox11/Zeb2/Arid4a/Rnf111/Sap130/Ski/Crebbp/Arid4b/Ppara/Ep300/Zfp451/Lats1/Ltbp1/Adamtsl2/Glg1/Htra1/Smad6/Spred1/Zeb1/Hdac1"
"GO:0090174","GO:0090174","organelle membrane fusion",101,-0.308692550591905,-1.36527446930693,0.0541245915538692,0.232504724083542,0.190808292111442,1947,"tags=35%, list=21%, signal=28%","Trim9/Stx2/Bloc1s6/Vps39/Snap23/Chmp7/Rph3a/Vps8/Stxbp6/Rufy1/Rab3a/Cplx2/Stx16/Gnai3/Stx6/Vamp2/Yipf5/Rab8a/Chmp4b/Rab14/Chmp2a/Stx1a/Stx7/Chmp3/Uvrag/Snap47/Yipf4/Chmp1b2/Bet1/Stx19/Vamp1/Pip4k2b/Snap29/Ankfy1/Vps11"
"GO:0097479","GO:0097479","synaptic vesicle localization",52,0.355854880769934,1.37229247629909,0.054368932038835,0.233198859186358,0.191377943906626,1117,"tags=25%, list=12%, signal=22%","Nlgn1/Magi2/Pclo/Nrxn1/Ap1s2/Cdh2/Ap3d1/Borcs5/Pcdh17/Kif5c/Kif1b/Madd/Syn3"
"GO:0000271","GO:0000271","polysaccharide biosynthetic process",42,0.3828996835091,1.42581405885034,0.0547169811320755,0.233747174926956,0.191827926978642,848,"tags=29%, list=9%, signal=26%","Fut9/Ndst3/Ndst4/Gbe1/Ext1/Igf1/Esrrb/Epm2a/Csgalnact1/Gsk3b/Smpd3/Irs1"
"GO:0048146","GO:0048146","positive regulation of fibroblast proliferation",43,0.378854916348724,1.41679649755129,0.054820415879017,0.233747174926956,0.191827926978642,2042,"tags=42%, list=23%, signal=33%","Phip/Egfr/Igf1/Zmiz1/Fndc3b/Ddr2/Cd74/Rnaseh2b/Cdk6/Pdgfd/Fntb/Aqp1/Ptprz1/Gas6/Kmt2c/Wnt5a/Jun/Abl1"
"GO:0010469","GO:0010469","regulation of signaling receptor activity",55,0.361131059546219,1.4079643221666,0.0549115080914282,0.233747174926956,0.191827926978642,1696,"tags=31%, list=19%, signal=25%","Cacng2/Dlgap2/Nlgn1/Begain/Shisa9/Shisa6/Ankrd13c/Oprm1/Ppara/Ramp3/Reln/Adra2b/Tafa1/Hdac1/Zfyve28/Cacng4/Aplp2"
"GO:0030071","GO:0030071","regulation of mitotic metaphase/anaphase transition",54,-0.356237814011277,-1.40368209807791,0.0547667342799189,0.233747174926956,0.191827926978642,1854,"tags=31%, list=20%, signal=25%","Phf10/Lcmt1/Rb1/Gen1/Cep192/Spc25/Prpf4b/Dync1li1/Smarcb1/Kntc1/Cdc16/Usp44/Anapc7/Smarcd1/Anapc4/Trip13/Smarcc2"
"GO:0050817","GO:0050817","coagulation",76,-0.323974080362676,-1.35298035560211,0.0548523206751055,0.233747174926956,0.191827926978642,944,"tags=17%, list=10%, signal=15%","Slc6a4/Entpd2/Prkcd/Pdgfra/Gp5/Pdia6/Prkcq/Adra2a/Angpt1/Angptl1/Pip5k1c/Angptl2/Serpind1"
"GO:0007094","GO:0007094","mitotic spindle assembly checkpoint signaling",24,-0.447132727250876,-1.45759562554522,0.0555555555555556,0.234364604125083,0.192334628987639,2048,"tags=50%, list=23%, signal=39%","Psmg2/Bub3/Zfp207/Lcmt1/Gen1/Cep192/Spc25/Prpf4b/Dync1li1/Kntc1/Usp44/Trip13"
"GO:0071173","GO:0071173","spindle assembly checkpoint signaling",24,-0.447132727250876,-1.45759562554522,0.0555555555555556,0.234364604125083,0.192334628987639,2048,"tags=50%, list=23%, signal=39%","Psmg2/Bub3/Zfp207/Lcmt1/Gen1/Cep192/Spc25/Prpf4b/Dync1li1/Kntc1/Usp44/Trip13"
"GO:0071174","GO:0071174","mitotic spindle checkpoint signaling",24,-0.447132727250876,-1.45759562554522,0.0555555555555556,0.234364604125083,0.192334628987639,2048,"tags=50%, list=23%, signal=39%","Psmg2/Bub3/Zfp207/Lcmt1/Gen1/Cep192/Spc25/Prpf4b/Dync1li1/Kntc1/Usp44/Trip13"
"GO:0030500","GO:0030500","regulation of bone mineralization",43,0.386118608051344,1.44396038673279,0.0554205075456409,0.234364604125083,0.192334628987639,2268,"tags=44%, list=25%, signal=33%","Ank/Asxl2/Acvr2b/Bmpr2/Bmpr1a/Nell1/Ddr2/Acvr2a/Fam20c/Phospho1/Enpp1/Bmp6/Acvr1/Atraid/Bcor/Cd276/Kl/Slc20a2/Tent5a"
"GO:0042158","GO:0042158","lipoprotein biosynthetic process",40,-0.389464155274013,-1.44130848022197,0.0554400987614774,0.234364604125083,0.192334628987639,2297,"tags=42%, list=25%, signal=32%","Ppm1a/Rab3gap1/Wdr45b/Wipi1/Zdhhc1/Hhat/Atg5/Zdhhc15/Atg16l1/Atg101/Nmt2/Dbi/Zdhhc22/Rabl3/Wipi2/Glul/Nmt1"
"GO:0007599","GO:0007599","hemostasis",75,-0.330467237496957,-1.37218454203007,0.0553191489361702,0.234364604125083,0.192334628987639,944,"tags=17%, list=10%, signal=16%","Slc6a4/Entpd2/Prkcd/Pdgfra/Gp5/Pdia6/Prkcq/Adra2a/Angpt1/Angptl1/Pip5k1c/Angptl2/Serpind1"
"GO:0021510","GO:0021510","spinal cord development",56,0.347517890861392,1.36245310419896,0.0562015503875969,0.236456034020038,0.194050990527819,1570,"tags=27%, list=17%, signal=22%","Sox6/Gria1/Pkd1/Sox11/Sox1/Gdpd5/Gigyf2/Ptprs/Sox4/Sox12/Reln/Scyl1/Enpp1/Mtor/Phgdh"
"GO:0015931","GO:0015931","nucleobase-containing compound transport",147,-0.275896870713709,-1.29390481949303,0.0562191422261978,0.236456034020038,0.194050990527819,2019,"tags=27%, list=22%, signal=21%","Thoc7/Tnks/Xpot/Ssb/Hnrnpa3/Mapt/Magoh/Lrrc8c/Ckap5/Sec13/Nup35/Abcc1/Slc25a17/Nup42/Nup88/Abcc4/Abcc5/Lrrc8b/Nup107/Nup214/Ran/Nsun2/Sem1/Ncbp2/Rae1/Slc35b2/Chtop/Slc35b3/Eny2/Nup210/Supt6/Eif4a3/Calhm2/Mcm3ap/Sidt1/Fxr1/Slc25a36/Nup133/Hnrnpa2b1"
"GO:0060324","GO:0060324","face development",35,0.397977512099624,1.39772499662345,0.056420233463035,0.236948163783655,0.194454863782709,1842,"tags=43%, list=20%, signal=34%","Tgfb2/Prickle1/Ski/Crebbp/Dlx5/Ep300/Chd7/Asph/Braf/Ankrd11/Arid5b/Kat6a/Tcf7l2/Raf1/Wnt5a"
"GO:0003279","GO:0003279","cardiac septum development",77,0.317304086052887,1.32547920868257,0.0568181818181818,0.23826433982684,0.195535002278423,1431,"tags=26%, list=16%, signal=22%","Robo1/Prox1/Robo2/Sox11/Tgfb2/Wnt11/Bmpr2/Bmpr1a/Fzd1/Sox4/Hey2/Dhrs3/Hectd1/Matr3/Ank2/Ltbp1/Myh10/Smad6/Hes1/Chd7"
"GO:0006418","GO:0006418","tRNA aminoacylation for protein translation",31,-0.406206490555561,-1.41990422736112,0.0570264765784114,0.238428206228432,0.195669481559847,1493,"tags=52%, list=16%, signal=43%","Rars2/Cars1/Pars2/Dars2/Qars1/Yars1/Wars1/Yars2/Aarsd1/Farsb/Lars2/Lars1/Gars1/Aars2/Rars1/Kars1"
"GO:0071229","GO:0071229","cellular response to acid chemical",63,0.346548221358112,1.38707797449869,0.0569744597249509,0.238428206228432,0.195669481559847,1776,"tags=35%, list=20%, signal=28%","Gria1/Glra3/Egfr/Prkn/Fyn/Gria2/Ep300/Sesn3/Cpeb4/Col4a1/Cybb/Pdgfd/Capn2/Cpeb3/Dnmt3a/Zeb1/Mtor/Castor2/Hsf1/Bdnf/Col4a6/Samtor"
"GO:0086002","GO:0086002","cardiac muscle cell action potential involved in contraction",20,0.480763470774991,1.49371965349129,0.0573613766730402,0.239460043458732,0.196516273384945,1647,"tags=45%, list=18%, signal=37%","Kcne2/Cacna1c/Kcnd3/Cacna1d/Ryr2/Ank2/Rnf207/Scn2b/Kcne4"
"GO:0050906","GO:0050906","detection of stimulus involved in sensory perception",51,0.360654167449234,1.38257652074822,0.0575396825396825,0.239460043458732,0.196516273384945,1689,"tags=35%, list=19%, signal=29%","Cep250/Grm8/Asic2/Igf1/Fyn/Grin2b/Mmp24/Cxcl12/Ccdc66/Bace1/Pjvk/Htr7/Grik2/Pawr/Atp2b2/Ano1/Tmem120a/Atp8a2"
"GO:1902099","GO:1902099","regulation of metaphase/anaphase transition of cell cycle",56,-0.349558136778149,-1.37653248737991,0.0576131687242798,0.239460043458732,0.196516273384945,1854,"tags=30%, list=20%, signal=24%","Phf10/Lcmt1/Rb1/Gen1/Cep192/Spc25/Prpf4b/Dync1li1/Smarcb1/Kntc1/Cdc16/Usp44/Anapc7/Smarcd1/Anapc4/Trip13/Smarcc2"
"GO:0030073","GO:0030073","insulin secretion",157,0.265837140634336,1.24529859618134,0.0575815738963532,0.239460043458732,0.196516273384945,2060,"tags=32%, list=23%, signal=25%","Epha5/Pclo/Mtnr1b/Doc2b/Cacna1c/Adcy8/Cask/Prkn/Adcy5/Abcg1/Acvr2b/Ppp3ca/Kcnj6/Cacna1d/Pde3b/Klf7/Ptprn/Sox4/Pla2g6/Plcb1/Brsk2/Pfkl/Rab11fip5/Stxbp5l/Irs1/Capn10/Prkce/Fto/Itpr1/Rapgef4/Cacna1e/Chrm3/Rims2/Ptbp1/Rab11fip2/Cnr1/Lrp5/Map4k4/Kcnb1/Ano1/Stxbp4/Tcf7l2/Raf1/Kif5b/G6pc2/Gnas/Clock/Htt/Srebf1/Pck2"
"GO:0061077","GO:0061077","chaperone-mediated protein folding",47,-0.363025823570465,-1.39090086234542,0.0578512396694215,0.239526820074975,0.196571074560054,3048,"tags=47%, list=34%, signal=31%","Ppid/Hsph1/St13/Fkbp4/Dnajb4/Cct2/Hspa9/Bag1/Hspa8/Dnajb1/Pdia4/Tor1a/Hspe1-rs1/Hspa2/Chordc1/Pdcd5/Cct4/Sdf2l1/Dnajb14/Dnajb6/Ptges3/Cct8"
"GO:0010770","GO:0010770","positive regulation of cell morphogenesis",53,0.350610161347602,1.34908631140227,0.0578842315369262,0.239526820074975,0.196571074560054,1380,"tags=25%, list=15%, signal=21%","Il1rapl1/Grip1/Cux1/Cux2/Epha4/Cask/Kalrn/Dbn1/Reln/Afdn/Akap5/Ss18l1/Itpka"
"GO:0042593","GO:0042593","glucose homeostasis",168,0.262509954438007,1.2429835653958,0.0577281191806331,0.239526820074975,0.196571074560054,2060,"tags=31%, list=23%, signal=24%","Ccn4/Epha5/Csmd1/Mtnr1b/Cacna1c/Igf1r/Ncor2/Adcy8/Prkn/Adcy5/Abcg1/Ppp3ca/Igf1/Mbd5/Foxo3/Cacna1d/Pde3b/Klf7/Ptprn/Sox4/Pla2g6/Brsk2/Rab11fip5/Stxbp5l/Igfbp5/Sesn3/Prkce/Fto/Cebpa/Ncoa5/Tjp1/Cacna1e/Rab11fip2/Enpp1/Cnr1/Lrp5/Map4k4/Gas6/Kcnb1/Ano1/Stxbp4/Tcf7l2/Klf15/Raf1/Nucks1/Kif5b/G6pc2/Tra2b/Appl2/Dmxl2/Phkb/Pck2"
"GO:0046823","GO:0046823","negative regulation of nucleocytoplasmic transport",20,-0.46268701022107,-1.42009534815218,0.058455114822547,0.240880258441803,0.197681792908984,1786,"tags=40%, list=20%, signal=32%","Hdac3/Ufm1/Sumo1/Nf1/Akap1/Sirt6/Angpt1/Park7"
"GO:0007091","GO:0007091","metaphase/anaphase transition of mitotic cell cycle",58,-0.344431451294117,-1.3730081552297,0.0584677419354839,0.240880258441803,0.197681792908984,1854,"tags=38%, list=20%, signal=30%","Bub3/Cit/Anapc1/Zfp207/Phf10/Lcmt1/Rb1/Gen1/Cep192/Cdc27/Spc25/Prpf4b/Dync1li1/Smarcb1/Kntc1/Cdc16/Usp44/Anapc7/Smarcd1/Anapc4/Trip13/Smarcc2"
"GO:0043414","GO:0043414","macromolecule methylation",84,-0.315794812303933,-1.34802891253232,0.058455114822547,0.240880258441803,0.197681792908984,1811,"tags=24%, list=20%, signal=19%","Lcmt1/Mettl6/Ntmt1/Larp7/Mettl5/Trmt9b/Alkbh8/Smyd2/Akt1/Zcchc4/Rab6a/Mettl3/Nsun2/Lcmt2/Trmt44/Rnmt/Bud23/Comt/Snrpd3/Trmt13"
"GO:0031076","GO:0031076","embryonic camera-type eye development",23,0.451062695350726,1.44054709223678,0.0592885375494071,0.241967596692051,0.198574132431525,1459,"tags=35%, list=16%, signal=29%","Prox1/Hipk2/Sox11/Arid1a/Six3/Rdh10/Traf3ip1/Zeb1"
"GO:0016226","GO:0016226","iron-sulfur cluster assembly",21,-0.459812367157547,-1.4378318795433,0.0594262295081967,0.241967596692051,0.198574132431525,2757,"tags=57%, list=30%, signal=40%","Glrx3/Fdx2/Hspa9/Abcb7/Ciao2b/Ciao3/Hscb/Ciao2a/Nfu1/Nubp1/Ndufab1/Nfs1"
"GO:0031163","GO:0031163","metallo-sulfur cluster assembly",21,-0.459812367157547,-1.4378318795433,0.0594262295081967,0.241967596692051,0.198574132431525,2757,"tags=57%, list=30%, signal=40%","Glrx3/Fdx2/Hspa9/Abcb7/Ciao2b/Ciao3/Hscb/Ciao2a/Nfu1/Nubp1/Ndufab1/Nfs1"
"GO:0045839","GO:0045839","negative regulation of mitotic nuclear division",30,-0.406570817921517,-1.40457397817188,0.0595482546201232,0.241967596692051,0.198574132431525,2430,"tags=43%, list=27%, signal=32%","Psmg2/Bub3/Fgfr2/Zfp207/Lcmt1/Gen1/Cep192/Spc25/Prpf4b/Dync1li1/Kntc1/Usp44/Trip13"
"GO:0019218","GO:0019218","regulation of steroid metabolic process",63,0.343017371791967,1.3729455583943,0.0589390962671906,0.241967596692051,0.198574132431525,1918,"tags=40%, list=21%, signal=32%","Hsd3b4/Prox1/Rora/Prkg1/Igf1r/Lmf1/Qki/Abcg1/Igf1/Ppargc1a/Thrb/Srebf2/Gnai1/Abca2/Npy1r/Kcnma1/Lpcat3/Atp1a1/Bmp6/Dkk3/Scap/Chlsn/Fdps/Fgf1/Malrd1"
"GO:0021766","GO:0021766","hippocampus development",70,0.330554754512746,1.34033591873926,0.0590551181102362,0.241967596692051,0.198574132431525,1009,"tags=24%, list=11%, signal=22%","Fgf13/Prox1/Epha5/Nkx2-1/Kirrel3/Zeb2/Slc32a1/Ezh2/Large1/Kcnq2/Ptprs/Ogdh/Mfsd2a/Gsk3b/Ncoa1/Reln/Atp2b4"
"GO:0045637","GO:0045637","regulation of myeloid cell differentiation",113,0.296087414817193,1.32854438566558,0.0591956857002025,0.241967596692051,0.198574132431525,1902,"tags=29%, list=21%, signal=23%","B2m/Asxl2/Rbfox2/Cnot4/Ets1/Qki/Ppp3ca/Ubash3b/Mitf/Foxo3/Rassf2/Fshr/Ripk1/Cul4a/Ypel4/Prkca/Gsk3b/Mafb/P4htm/Acvr2a/Ctr9/Itpkb/Cd74/Cdk6/Ppargc1b/Lrrc17/Mtor/Eeig1/Hsf1/Ldb1/Brd1/Gnas/Jun"
"GO:0016241","GO:0016241","regulation of macroautophagy",99,-0.295485944214151,-1.29683998090688,0.0595744680851064,0.241967596692051,0.198574132431525,661,"tags=14%, list=7%, signal=13%","Snx7/Trim32/Stub1/Ube2a/Tsc2/Cttn/Fbxo7/Tbk1/Npc1/Bnip3/Pip4k2b/Snx4/Sesn1/Scoc"
"GO:1990138","GO:1990138","neuron projection extension",132,0.28079021287575,1.28562447115416,0.0595903165735568,0.241967596692051,0.198574132431525,1128,"tags=20%, list=12%, signal=18%","Cdh4/Robo1/Auts2/Slitrk1/Syt1/Raph1/Prkn/Alcam/Itsn2/Dclk1/Plxna4/Bmpr2/Prickle1/Clstn3/Ptprs/Sema3f/Ep300/Gsk3b/Cxcl12/Ntrk3/Dbn1/Afdn/Flrt3/Spag9/Trpc5/Edn3"
"GO:0045927","GO:0045927","positive regulation of growth",185,0.267488677872251,1.28438104880843,0.0594173923882182,0.241967596692051,0.198574132431525,2000,"tags=29%, list=22%, signal=23%","Cdh4/Ccn4/Bcl2/Erbb4/Prox1/Tead1/Syt1/Igf1r/Egfr/Prkn/Itsn2/Tgfb2/Pum2/Ino80/Igf1/Cacna2d2/Bmpr2/Bmpr1a/Hey2/Plcb1/Ep300/Mfsd2a/Gsk3b/Cxcl12/Ntrk3/Dbn1/Slc25a33/Adrb1/Afdn/Trpc5/Fgf9/Fgfr1/Rims2/Ptk2/Lgi1/Chd7/Ist1/Mtor/Mapkap1/Ntn1/Adnp/Ddx49/Akap6/Atp8a2/Hsf1/Bdnf/Ccnd2/Fdps/Wnt5a/Cpne9/Celf1/Agrn/Dcx"
"GO:0015908","GO:0015908","fatty acid transport",46,-0.361263157824167,-1.37561638511232,0.0602910602910603,0.244460730791666,0.20062015821198,1657,"tags=35%, list=18%, signal=29%","Mif/Rbp7/Ppard/Abcc1/Slc25a17/Abcc4/Atp5pf/Akt1/Irs2/Pla2g12a/Fabp7/Acsl1/Got2/Fabp5/Pla2r1/Rps6kb1"
"GO:0045058","GO:0045058","T cell selection",25,0.444411648709913,1.43679601763182,0.0607843137254902,0.244749925127284,0.20085748963604,1507,"tags=36%, list=17%, signal=30%","Bcl2/Bcl11b/Ep300/Nfatc3/Itpkb/Cd74/Tox/Braf/Mtor"
"GO:0051985","GO:0051985","negative regulation of chromosome segregation",28,-0.410444297308104,-1.38642836355361,0.0607966457023061,0.244749925127284,0.20085748963604,2048,"tags=36%, list=23%, signal=28%","Zfp207/Lcmt1/Gen1/Cep192/Spc25/Prpf4b/Dync1li1/Kntc1/Usp44/Trip13"
"GO:0001892","GO:0001892","embryonic placenta development",55,0.34969972160756,1.36339624764959,0.060546875,0.244749925127284,0.20085748963604,1397,"tags=27%, list=15%, signal=23%","Pkd1/St14/Egfr/Hs6st1/Arnt/Esrrb/Hey2/Hectd1/Ncoa1/Cebpa/Bptf/Ggnbp2/Grb2/Hes1/Nr2f2"
"GO:0006457","GO:0006457","protein folding",130,-0.281006581806215,-1.28618955801025,0.0607375271149675,0.244749925127284,0.20085748963604,2680,"tags=36%, list=30%, signal=26%","Selenof/Fkbp4/Qsox2/Dnajb4/Cct2/Telo2/Hspa9/Bag1/Pfdn2/Hspa8/Tbce/Ppie/Ppil2/Dnajb1/Dnlz/Mkks/Grpel2/Clgn/Pdia4/Tor1a/Tbcb/Hspe1-rs1/Hspa2/Chordc1/Pdcd5/Nudcd3/Ptges3l/Chchd4/Hspa4l/Ahsa2/Cct4/Pfdn4/Hspa4/Cct6b/Dnaja4/Sdf2l1/Stub1/Ppih/Dnajb14/Dnajb6/Pdrg1/Bag5/Dnajb11/Ptges3/Nudcd2/P4hb/Cct8"
"GO:0043087","GO:0043087","regulation of GTPase activity",143,0.272431106093408,1.26259844257526,0.0607734806629834,0.244749925127284,0.20085748963604,2044,"tags=29%, list=23%, signal=23%","Epha3/Epha5/Epha4/Prkg1/Bcar3/Wnt11/Rap1gds1/Arhgef7/Rgs6/Ezh2/Rapgef2/Rap1gap/Wnk1/Ripor2/Kalrn/Rrp1b/Gsk3b/Ntrk3/Rapgef1/Cblb/Dennd1a/Mex3b/Rab11fip2/Dab2ip/Itgb1bp1/Dennd1b/Mtor/Map4k4/Ngef/Tns3/Asap3/Evi5l/Dgki/Prex1/Evi5/Arhgef10/Wnt5a/Vav3/Bcl6/Usp6nl/Agrn/Myo9b"
"GO:0002021","GO:0002021","response to dietary excess",20,0.473849870000205,1.47223927492375,0.0611854684512428,0.245963837511558,0.201853704012885,2040,"tags=50%, list=23%, signal=39%","Cntnap2/Ppargc1a/Rasal2/Cntn2/Adrb1/Enpp1/C1qtnf4/Lipa/Tbl1xr1/Appl2"
"GO:0042752","GO:0042752","regulation of circadian rhythm",78,0.320550844655269,1.34147161584831,0.0614203454894434,0.246556315654204,0.202339929585106,1628,"tags=27%, list=18%, signal=22%","Mapk10/Nlgn1/Prox1/Rora/Mtnr1b/Nkx2-1/Prkg1/Ezh2/Ppargc1a/Kdm2a/Per3/Ppara/Gsk3b/Adrb1/Thrap3/Kcna2/Adcy1/Mtor/Hcrtr2/Usp2/Phlpp1"
"GO:0034728","GO:0034728","nucleosome organization",47,-0.359747912201487,-1.37834183911957,0.0619834710743802,0.248296522556391,0.203768055005936,575,"tags=19%, list=6%, signal=18%","Smarcb1/Supt6/Smarca5/Smarcd1/Mcm3ap/Rbbp4/Nap1l4/Smarcc2/Chaf1a"
"GO:0048660","GO:0048660","regulation of smooth muscle cell proliferation",103,0.293654869888463,1.29589507345755,0.0620300751879699,0.248296522556391,0.203768055005936,1333,"tags=23%, list=15%, signal=20%","Ccn4/Mef2d/Tafa5/Gna13/Prkg1/Igf1r/Egfr/Hdac4/Igf1/Ppargc1a/Bmpr2/Bmpr1a/Prkca/Gsk3b/Smpd3/Igfbp5/Map3k5/Ddr2/Vip/Map3k7/Cdkn1b/Fgf9/Ptk2/Pdgfd"
"GO:0097484","GO:0097484","dendrite extension",26,0.44211838511492,1.44428129967954,0.0622568093385214,0.248850622292132,0.204222784795418,1950,"tags=42%, list=22%, signal=33%","Auts2/Syt1/Prkn/Itsn2/Afdn/Spag9/Rims2/Cyfip2/Bdnf/Wnt5a/Cpne9"
"GO:0009267","GO:0009267","cellular response to starvation",132,-0.278078773538427,-1.28178007364633,0.0623655913978495,0.248932346401048,0.204289852841919,1784,"tags=26%, list=20%, signal=21%","Atg4b/Eif2ak2/Mapk8/Atg5/Smdt1/Pak2/Szt2/Wrn/Lamp2/Map1lc3a/Eif2ak4/Lars1/Itfg2/Stk24/Stk26/Depdc5/Tbc1d7/Trim32/Mios/Cadps2/Tsc2/Wipi2/Yme1l1/Glul/Prkag2/Gabarapl1/Pick1/Comt/Fos/Atxn3/Gabarapl2/Ywhaz/Sesn1/Higd1a"
"GO:0030307","GO:0030307","positive regulation of cell growth",131,0.278275141424533,1.27451794485271,0.0628465804066543,0.250497402526099,0.205574238298846,1842,"tags=27%, list=20%, signal=22%","Cdh4/Ccn4/Bcl2/Tead1/Syt1/Egfr/Prkn/Itsn2/Tgfb2/Pum2/Ino80/Igf1/Bmpr2/Ep300/Mfsd2a/Gsk3b/Cxcl12/Ntrk3/Dbn1/Slc25a33/Adrb1/Afdn/Trpc5/Rims2/Ptk2/Lgi1/Ist1/Mtor/Mapkap1/Ntn1/Adnp/Ddx49/Akap6/Bdnf/Fdps/Wnt5a"
"GO:0033046","GO:0033046","negative regulation of sister chromatid segregation",26,-0.432805540472653,-1.44395587554461,0.0635245901639344,0.25177537986212,0.206623028484957,2048,"tags=46%, list=23%, signal=36%","Psmg2/Bub3/Zfp207/Lcmt1/Gen1/Cep192/Spc25/Prpf4b/Dync1li1/Kntc1/Usp44/Trip13"
"GO:0033048","GO:0033048","negative regulation of mitotic sister chromatid segregation",26,-0.432805540472653,-1.44395587554461,0.0635245901639344,0.25177537986212,0.206623028484957,2048,"tags=46%, list=23%, signal=36%","Psmg2/Bub3/Zfp207/Lcmt1/Gen1/Cep192/Spc25/Prpf4b/Dync1li1/Kntc1/Usp44/Trip13"
"GO:0045841","GO:0045841","negative regulation of mitotic metaphase/anaphase transition",26,-0.432805540472653,-1.44395587554461,0.0635245901639344,0.25177537986212,0.206623028484957,2048,"tags=46%, list=23%, signal=36%","Psmg2/Bub3/Zfp207/Lcmt1/Gen1/Cep192/Spc25/Prpf4b/Dync1li1/Kntc1/Usp44/Trip13"
"GO:2000816","GO:2000816","negative regulation of mitotic sister chromatid separation",26,-0.432805540472653,-1.44395587554461,0.0635245901639344,0.25177537986212,0.206623028484957,2048,"tags=46%, list=23%, signal=36%","Psmg2/Bub3/Zfp207/Lcmt1/Gen1/Cep192/Spc25/Prpf4b/Dync1li1/Kntc1/Usp44/Trip13"
"GO:0051205","GO:0051205","protein insertion into membrane",27,-0.432915523480392,-1.45534891593415,0.0640422761731576,0.25318957771788,0.207783609968317,1468,"tags=30%, list=16%, signal=25%","Mmgt1/Emc3/Get4/Maip1/Tmco1/Tmem126a/Rab5if/Tomm22"
"GO:0060042","GO:0060042","retina morphogenesis in camera-type eye",42,0.3719960544222,1.38521191600678,0.0641509433962264,0.25318957771788,0.207783609968317,1945,"tags=40%, list=21%, signal=32%","Ptprm/Prox1/Hipk2/Sdk2/Large1/Thrb/Zhx2/Mfsd2a/Cdon/Rpgr/Megf11/Lrp5/Atp8a2/Fat3/Sox2/Calb1/Nectin3"
"GO:0050775","GO:0050775","positive regulation of dendrite morphogenesis",52,0.351109248065763,1.35399176888397,0.0640776699029126,0.25318957771788,0.207783609968317,1380,"tags=25%, list=15%, signal=21%","Il1rapl1/Grip1/Cux1/Cux2/Epha4/Cask/Kalrn/Dbn1/Reln/Afdn/Akap5/Ss18l1/Itpka"
"GO:0018210","GO:0018210","peptidyl-threonine modification",67,0.329871691515089,1.33122836897535,0.0645792563600783,0.254523558633148,0.208878360284272,1540,"tags=27%, list=17%, signal=22%","Bcl2/Spred2/Hipk2/Galntl6/Pard3/Phip/Galnt2/Wnk1/Akt3/Prkd1/Gsk3b/Myo3a/Trpc5/Ube2k/Spred1/Myo3b/Mtor/Cemip"
"GO:0048565","GO:0048565","digestive tract development",63,0.337864927085856,1.3523226201531,0.0648330058939096,0.255166774593628,0.209406224564715,1217,"tags=25%, list=13%, signal=22%","Bcl2/Rarb/Pkd1/Sox11/Egfr/Cckbr/Ext1/Tgfb2/Wnt11/Acvr2b/Filip1l/Ccdc103/Cbfa2t2/Klf5/Fgf9/Lgr4"
"GO:0042745","GO:0042745","circadian sleep/wake cycle",22,0.457714599303095,1.43986732666516,0.0649606299212598,0.255312489704477,0.209525807732523,1522,"tags=41%, list=17%, signal=34%","Nlgn1/Mtnr1b/Cntnap2/Per3/Btbd9/Adrb1/Kcna2/Ahcyl/Hcrtr2"
"GO:0060538","GO:0060538","skeletal muscle organ development",112,0.284058532299585,1.27606921290656,0.0650557620817844,0.255330275134357,0.209540403597244,1699,"tags=29%, list=19%, signal=24%","Bcl2/Foxp2/Mef2d/Ddx17/Svil/Popdc2/Gpc1/Sox11/Cntnap2/Hdac4/Ppp3ca/Large1/Rbfox1/Ski/Dmd/Mbnl1/Myl6/Ep300/Lemd2/Cdon/Nfatc3/Hlf/Klf5/Bcl9/Col19a1/Rcan1/Nr2f2/Fkrp/Negr1/Usp2/Xk/Tcf7l2/Hivep3"
"GO:0048844","GO:0048844","artery morphogenesis",39,0.386654335141746,1.41004270159364,0.0652591170825336,0.255772172376328,0.209903052822379,1431,"tags=36%, list=16%, signal=30%","Prox1/Tgfb2/Wnt11/Zmiz1/Bmpr2/Bmpr1a/Sox4/Akt3/Hey2/Nfatc3/Arid2/Eya1/Hes1/Chd7"
"GO:0033500","GO:0033500","carbohydrate homeostasis",169,0.257617772330058,1.22119204888449,0.0654205607476635,0.256048805815161,0.210130075968738,2060,"tags=31%, list=23%, signal=24%","Ccn4/Epha5/Csmd1/Mtnr1b/Cacna1c/Igf1r/Ncor2/Adcy8/Prkn/Adcy5/Abcg1/Ppp3ca/Igf1/Mbd5/Foxo3/Cacna1d/Pde3b/Klf7/Ptprn/Sox4/Pla2g6/Brsk2/Rab11fip5/Stxbp5l/Igfbp5/Sesn3/Prkce/Fto/Cebpa/Ncoa5/Tjp1/Cacna1e/Rab11fip2/Enpp1/Cnr1/Lrp5/Map4k4/Gas6/Kcnb1/Ano1/Stxbp4/Tcf7l2/Klf15/Raf1/Nucks1/Kif5b/G6pc2/Tra2b/Appl2/Dmxl2/Phkb/Pck2"
"GO:1902683","GO:1902683","regulation of receptor localization to synapse",27,0.431514691621532,1.4269419991998,0.0658914728682171,0.257534217118774,0.211349099775857,1316,"tags=37%, list=15%, signal=32%","Magi2/Epb41l1/Cacna2d2/Gpc6/Nbea/Kalrn/Gsk3b/Dbn1/Rapgef4/Nptn"
"GO:0010996","GO:0010996","response to auditory stimulus",21,0.464251115083925,1.4539386571393,0.066147859922179,0.258178212272438,0.211877603512214,587,"tags=29%, list=6%, signal=27%","Kcnc1/Foxp2/Cntnap2/Kcnq3/Nrxn1/Kcnq2"
"GO:0032968","GO:0032968","positive regulation of transcription elongation by RNA polymerase II",39,-0.381276123034659,-1.40140984346483,0.0665280665280665,0.258231530958804,0.211921360246719,1926,"tags=46%, list=21%, signal=37%","Med21/Med9/Ccnt1/Ccnk/Med14/Map2k1/Med28/Pwwp2b/Leo1/Med17/Ctnnb1/Med8/Med20/Ncbp2/Med16/Med31/Supt6/Cbx7"
"GO:0033559","GO:0033559","unsaturated fatty acid metabolic process",46,-0.356883395020141,-1.35893914209532,0.0665280665280665,0.258231530958804,0.211921360246719,2443,"tags=30%, list=27%, signal=22%","Gpx4/Sco1/Acox1/Pnpla8/Ptgr2/Mif/Gpx1/Mgst3/Decr2/Ptges3/Fabp5/Gstp3/Comt/Ptgs1"
"GO:0006814","GO:0006814","sodium ion transport",119,0.28211236865592,1.27282605080239,0.0664206642066421,0.258231530958804,0.211921360246719,1125,"tags=23%, list=12%, signal=20%","Nkain3/Fgf13/Fgf14/Slc6a6/Nkain2/Slc8a3/Kcnk9/Asic2/Slc6a1/Fgf12/Slc5a6/Kcnq2/Wnk1/Dmd/Akt3/Plcb1/Atp1b1/Ank3/Slc5a1/Kcnk3/Nalcn/Slc12a1/Atp2b4/Slc13a3/Grin1/Scn8a/Wnk2"
"GO:0072522","GO:0072522","purine-containing compound biosynthetic process",157,-0.261834776983743,-1.24337460046484,0.0665280665280665,0.258231530958804,0.211921360246719,2385,"tags=34%, list=26%, signal=26%","Sdhd/Ndufs8/Ndufv2/Ndufb10/Pdk1/Slc25a42/Eno1/Ndufa6/Atic/Ndufb2/Adss2/Sdha/Map2k1/Rd3/mt-Nd6/Ndufc2/Ndufa1/Ndufs2/Ada/Ampd3/Atp5pf/Atp5mf/Nampt/Ndufa5/Atp5f1c/Gmps/Ndufs3/Aprt/Atp5mc3/Acly/Ndufb5/Nadsyn1/Ndufs7/Sdhb/Ndufv3/Nme1/Dld/Slc4a7/Acsl1/Slc25a13/Ndufab1/Ndufs6/Pdhb/Ndufa12/Mmut/Adal/Ndufa8/Mpc1/Atp6v1a/Pgm2/Ppat/Pid1/Mpc2/Tmsb4x"
"GO:0044784","GO:0044784","metaphase/anaphase transition of cell cycle",60,-0.338266191395662,-1.36210074910001,0.0666666666666667,0.258413571756075,0.212070754603152,1854,"tags=37%, list=20%, signal=29%","Bub3/Cit/Anapc1/Zfp207/Phf10/Lcmt1/Rb1/Gen1/Cep192/Cdc27/Spc25/Prpf4b/Dync1li1/Smarcb1/Kntc1/Cdc16/Usp44/Anapc7/Smarcd1/Anapc4/Trip13/Smarcc2"
"GO:0010596","GO:0010596","negative regulation of endothelial cell migration",29,0.410843405561674,1.38330228349365,0.066793893129771,0.258551086318262,0.212183607874648,1632,"tags=31%, list=18%, signal=26%","Ptprm/Stard13/Adgrb1/Atp2b4/Spred1/Nr2f2/Dab2ip/Itgb1bp1/Dcn"
"GO:0106027","GO:0106027","neuron projection organization",95,0.301271818045997,1.30806182432554,0.0670391061452514,0.258789316599066,0.212379114925908,1445,"tags=23%, list=16%, signal=20%","Il1rapl1/Nlgn1/Epha5/Cux2/Epha4/Igf1r/Cask/Cntnap2/Fyn/Abi2/Grin2b/Kalrn/Ppfia2/Gsk3b/Dbn1/Reln/Afdn/Grin1/Ctnnd2/Lzts3/Itpka/Mtmr2"
"GO:0097061","GO:0097061","dendritic spine organization",89,0.303189582230197,1.30189209971237,0.0670391061452514,0.258789316599066,0.212379114925908,1445,"tags=24%, list=16%, signal=20%","Il1rapl1/Nlgn1/Epha5/Cux2/Epha4/Igf1r/Cask/Cntnap2/Fyn/Abi2/Grin2b/Kalrn/Ppfia2/Dbn1/Reln/Afdn/Grin1/Ctnnd2/Lzts3/Itpka/Mtmr2"
"GO:0140888","GO:0140888","interferon-mediated signaling pathway",39,0.385827535192295,1.40702754534568,0.0671785028790787,0.258972669101565,0.212529585751798,1842,"tags=36%, list=20%, signal=29%","Irf7/Parp14/Hdac4/Gigyf2/Samhd1/Adar/Stat2/Ube2k/Dnaja3/Oasl1/Ifih1/Ifngr2/Lsm14a/Wnt5a"
"GO:0032781","GO:0032781","positive regulation of ATP-dependent activity",24,-0.440249149201765,-1.43515603962143,0.0674603174603175,0.259703790441495,0.213129590825881,1495,"tags=42%, list=16%, signal=35%","Msh2/Hspa2/Myl4/Sumo1/Dnajc24/Pot1b/Msh6/Chtop/Dnajb11/Pfn2"
"GO:0048753","GO:0048753","pigment granule organization",27,0.429998771658331,1.42192912268617,0.0678294573643411,0.260334257159654,0.213646992260192,1234,"tags=30%, list=14%, signal=26%","Bcl2/Zeb2/Kif13a/Ap1s2/Hps3/Ap3d1/Abcb6/a"
"GO:1902100","GO:1902100","negative regulation of metaphase/anaphase transition of cell cycle",27,-0.419041711325451,-1.40870878319591,0.0679012345679012,0.260334257159654,0.213646992260192,2048,"tags=37%, list=23%, signal=29%","Zfp207/Lcmt1/Gen1/Cep192/Spc25/Prpf4b/Dync1li1/Kntc1/Usp44/Trip13"
"GO:1905819","GO:1905819","negative regulation of chromosome separation",27,-0.419041711325451,-1.40870878319591,0.0679012345679012,0.260334257159654,0.213646992260192,2048,"tags=37%, list=23%, signal=29%","Zfp207/Lcmt1/Gen1/Cep192/Spc25/Prpf4b/Dync1li1/Kntc1/Usp44/Trip13"
"GO:0001959","GO:0001959","regulation of cytokine-mediated signaling pathway",71,0.32497407274748,1.32168935328352,0.0680933852140078,0.26071624936559,0.213960479569758,1842,"tags=31%, list=20%, signal=25%","Robo1/Irf7/Prkn/Ext1/Parp14/Gigyf2/Traip/Ripk1/Ccdc3/Samhd1/Tank/Adar/Stat2/Cd74/Usp25/Ube2k/Dnaja3/C1qtnf4/Gas6/Lsm14a/Crebrf/Wnt5a"
"GO:0034314","GO:0034314","Arp2/3 complex-mediated actin nucleation",34,-0.393599656249924,-1.41235534561278,0.0686868686868687,0.261216166110493,0.214370743321039,2601,"tags=50%, list=29%, signal=36%","Gmfb/Washc5/Nckap1/Actr3/Hip1r/Washc1/Arpc4/Ap1ar/Wasf3/Dnai3/Wasf1/Cyfip1/Rnh1/Arpc3/Arf1/Pick1/Arpc5"
"GO:0046718","GO:0046718","symbiont entry into host cell",40,-0.377749561617973,-1.39795572759978,0.06875,0.261216166110493,0.214370743321039,1034,"tags=28%, list=11%, signal=24%","Insr/Ctsb/Vps18/Uvrag/Tpcn1/Eps15/Tpcn2/Npc1/P4hb/Itgav/Nrp1"
"GO:0070585","GO:0070585","protein localization to mitochondrion",70,-0.322229967628375,-1.33772878317637,0.0688259109311741,0.261216166110493,0.214370743321039,2255,"tags=34%, list=25%, signal=26%","Bag1/Bnip3l/Mtch1/Dnlz/Dnajc19/Grpel2/Pmpca/Mapt/Timm8a1/Timm10/Pdcd5/Chchd4/Mfn2/Akt1/Hspa4/Rala/Samm50/Maip1/Tomm70a/Tmem126a/Fbxo7/Tomm22/Ywhaz/Gdap1"
"GO:0006633","GO:0006633","fatty acid biosynthetic process",84,-0.307901250136365,-1.31433377375812,0.0688935281837161,0.261216166110493,0.214370743321039,2178,"tags=29%, list=24%, signal=22%","Eif6/Kat2b/Prkab1/Pnpla8/Brca1/Myo5a/Mif/Ubr4/Erlin1/Agt/Decr2/Acly/Fasn/Hacd2/Mcat/Acadl/Cbr4/Ndufab1/Ptges3/Fabp5/Prkag2/Gstp3/Pecr/Ptgs1"
"GO:0003206","GO:0003206","cardiac chamber morphogenesis",74,0.317267356679901,1.31085051376833,0.0689655172413793,0.261216166110493,0.214370743321039,1785,"tags=28%, list=20%, signal=23%","Robo1/Prox1/Robo2/Sox11/Tgfb2/Wnt11/Bmpr2/Bmpr1a/Fzd1/Sox4/Ryr2/Hey2/Dhrs3/Fgf9/Smad6/Adgrg6/Hes1/Chd7/Rnls/Acvr1/Ly6e"
"GO:0001890","GO:0001890","placenta development",94,0.297521502661657,1.29374609582146,0.0687732342007435,0.261216166110493,0.214370743321039,1397,"tags=24%, list=15%, signal=21%","Pkd1/St14/Egfr/Hs6st1/Arid1a/Arnt/Dedd/Bmpr2/Esrrb/Stox2/Hey2/Hectd1/Mme/Ncoa1/Pbrm1/Cebpa/Cdkn1b/Bptf/Ggnbp2/Htra1/Grb2/Hes1/Nr2f2"
"GO:0006874","GO:0006874","intracellular calcium ion homeostasis",181,0.258035814369807,1.23486351582443,0.0686456400742115,0.261216166110493,0.214370743321039,1540,"tags=27%, list=17%, signal=22%","Bcl2/Calb2/Micu2/Calcb/Rimbp2/Kcnh1/Cacna1c/Erc1/Adcy8/Slc8a3/Tgfb2/Rap1gds1/Pth1r/Ubash3b/Grin2b/Cdh23/Cacna1d/Dmd/Ryr2/Prkd1/Plcb1/Erc2/Atp1b1/Prkca/Plcl2/Gpr12/Ank2/Prkce/Atp2b4/Fto/Grin1/Trpc5/Itpr1/Grik2/Edn3/Tmtc4/Npy1r/Atp2b2/Nptn/Jph3/Chd7/Tmem203/Asph/Cnr1/Htr2c/Hcrtr2/Slc24a3/Cemip"
"GO:0010001","GO:0010001","glial cell differentiation",183,0.256426718654069,1.22870610520237,0.0687732342007435,0.261216166110493,0.214370743321039,2042,"tags=31%, list=23%, signal=24%","Sox6/Pard3/Nkx2-1/Gpc1/Epha4/Tenm4/Mobp/Sox11/Zeb2/Egfr/Qki/Slc8a3/Sox1/Cntnap2/Igf1/Large1/Eif2b3/Cdh2/Ski/Tnfrsf21/Exoc4/Sox4/Dmd/Cntn2/Mmp24/Ntrk3/Aspa/Prpf19/Reln/Afdn/Abca2/Sox5/Grb2/Adgrg6/Hes1/Grn/Ulk4/Enpp1/Fkrp/Mtor/Hdac1/Ptprz1/Phgdh/Adam22/Ano1/Tcf7l2/B4galt6/Klf15/Raf1/Arhgef10/Dab1/App/Ror1/Nr2e1/Sirt2/Abl1"
"GO:0050657","GO:0050657","nucleic acid transport",105,-0.292341210771795,-1.30369118559385,0.0691823899371069,0.2613350869206,0.214468337366762,2019,"tags=28%, list=22%, signal=22%","Thoc7/Tnks/Xpot/Ssb/Hnrnpa3/Mapt/Magoh/Ckap5/Sec13/Nup35/Nup42/Nup88/Nup107/Nup214/Ran/Nsun2/Sem1/Ncbp2/Rae1/Chtop/Eny2/Nup210/Supt6/Eif4a3/Mcm3ap/Sidt1/Fxr1/Nup133/Hnrnpa2b1"
"GO:0050658","GO:0050658","RNA transport",105,-0.292341210771795,-1.30369118559385,0.0691823899371069,0.2613350869206,0.214468337366762,2019,"tags=28%, list=22%, signal=22%","Thoc7/Tnks/Xpot/Ssb/Hnrnpa3/Mapt/Magoh/Ckap5/Sec13/Nup35/Nup42/Nup88/Nup107/Nup214/Ran/Nsun2/Sem1/Ncbp2/Rae1/Chtop/Eny2/Nup210/Supt6/Eif4a3/Mcm3ap/Sidt1/Fxr1/Nup133/Hnrnpa2b1"
"GO:0070646","GO:0070646","protein modification by small protein removal",85,-0.309145814672821,-1.31892340177271,0.0694736842105263,0.262084125977595,0.215083046868916,2392,"tags=36%, list=26%, signal=27%","Tnip1/Cops7a/Semp2l2b/Usp46/Cyld/Yod1/Usp16/Cops5/Brcc3dc/Cops3/Mindy3/Stambp/Uchl3/Cops8/Tor1a/Bap1/Uchl5/Usp14/Otub1/Otud4/Usp12/Usp5/Gps1/Spata2/Cops7b/Otud6b/Usp44/Cops2/Senp7/Park7/Atxn3"
"GO:0016233","GO:0016233","telomere capping",26,-0.426338278243407,-1.42237934654637,0.069672131147541,0.26213092866992,0.215121456160702,2010,"tags=35%, list=22%, signal=27%","Map3k4/Tnks2/Tnks/Smg6/Pot1b/Prkcq/Terf2ip/Spdya/Hnrnpa2b1"
"GO:0043162","GO:0043162","ubiquitin-dependent protein catabolic process via the multivesicular body sorting pathway",21,-0.454836353169559,-1.4222718988729,0.069672131147541,0.26213092866992,0.215121456160702,858,"tags=38%, list=9%, signal=35%","Chmp2b/Ptpn23/Chmp7/Chmp4b/Chmp2a/Chmp3/Vps4b/Chmp1b2"
"GO:1901224","GO:1901224","positive regulation of non-canonical NF-kappaB signal transduction",30,0.408072093667874,1.37864371536321,0.0699029126213592,0.26264854368932,0.215546244251405,1933,"tags=50%, list=21%, signal=39%","Sash1/Egfr/Rc3h1/Ptp4a3/Crebbp/Nr3c2/Ripk1/Ank3/Smpd3/Ifi35/Map3k7/Eda/C1qtnf4/Calr/App"
"GO:0002224","GO:0002224","toll-like receptor signaling pathway",23,0.442927131536625,1.4145647555973,0.0711462450592885,0.266609200235472,0.218796613095264,1933,"tags=43%, list=21%, signal=34%","Irf7/Mapkapk3/Rps6ka3/Smpdl3b/Prkce/Lgr4/Rab11fip2/Mfhas1/Tyro3/App"
"GO:0070198","GO:0070198","protein localization to chromosome, telomeric region",25,-0.425017351989066,-1.40130304140153,0.0711382113821138,0.266609200235472,0.218796613095264,2819,"tags=52%, list=31%, signal=36%","Ankrd66/Dkc1/Cct2/Terf2/Tnks2/Tnks/Macroh2a1/Cct4/Pot1b/Terf2ip/Brca2/Cct8/Spdya"
"GO:0008033","GO:0008033","tRNA processing",93,-0.297943047695634,-1.2847923722812,0.0712742980561555,0.266734358462478,0.218899325965435,1969,"tags=29%, list=22%, signal=23%","Mtfmt/Cdk5rap1/Ssb/Mettl6/Tsen2/Dus2/Pop5/Trmt2a/Trmt9b/Rpp30/Adat2/Alkbh8/Pop4/Akt1/Tprkb/Rtraf/Thg1l/Nsun2/Dus1l/Lcmt2/Trmu/Nat10/Trmt44/Grsf1/Ddx1/Rtcb/Trmt13"
"GO:0006687","GO:0006687","glycosphingolipid metabolic process",32,0.400718313549936,1.37201633297224,0.0717054263565891,0.267408557625949,0.219452617049871,1751,"tags=41%, list=19%, signal=33%","B3galt1/Fut9/Galc/St6galnac3/St3gal1/Ugt8a/St6galnac6/Abca2/Itgb8/Map7/Hexa/B4galt6/Glb1"
"GO:0051236","GO:0051236","establishment of RNA localization",107,-0.287708818036384,-1.28771302925475,0.071578947368421,0.267408557625949,0.219452617049871,2019,"tags=27%, list=22%, signal=21%","Thoc7/Tnks/Xpot/Ssb/Hnrnpa3/Mapt/Magoh/Ckap5/Sec13/Nup35/Nup42/Nup88/Nup107/Nup214/Ran/Nsun2/Sem1/Ncbp2/Rae1/Chtop/Eny2/Nup210/Supt6/Eif4a3/Mcm3ap/Sidt1/Fxr1/Nup133/Hnrnpa2b1"
"GO:0098876","GO:0098876","vesicle-mediated transport to the plasma membrane",125,-0.280762210097445,-1.2810673090134,0.0717391304347826,0.267408557625949,0.219452617049871,1241,"tags=22%, list=14%, signal=20%","Stx16/Exoc1/Hgs/Stx6/Nsf/Micall1/Vamp2/Ndrg4/Lmtk2/Ehd2/Rab8a/Snx3/Rab14/Rab35/Snx7/Vps26c/Cmtm6/Eps15/Chic2/Snap47/Snx12/Gga2/Vps29/Pkdcc/Snx4/Gga3/Vps35/Rab8b"
"GO:0044409","GO:0044409","symbiont entry into host",43,-0.360285371369083,-1.34646917036802,0.0718816067653277,0.267585690706332,0.219597983818988,1034,"tags=42%, list=11%, signal=37%","Hmgb1/Dpp4/Bsg/Phb1/Jpt2/Grk2/Fuca2/Insr/Ctsb/Vps18/Uvrag/Tpcn1/Eps15/Tpcn2/Npc1/P4hb/Itgav/Nrp1"
"GO:0010827","GO:0010827","regulation of D-glucose transmembrane transport",48,-0.349369942080141,-1.34561993972447,0.0720164609053498,0.267714685006988,0.219703844817284,1207,"tags=31%, list=13%, signal=27%","Crebl2/Mfn2/Akt1/Irs2/Slc1a2/Prkcb/Insr/Oga/Sirt6/Prkcd/Fabp5/Pea15a/Pid1/Rps6kb1/Ahi1"
"GO:0071326","GO:0071326","cellular response to monosaccharide stimulus",101,0.295823619675882,1.2960755316892,0.0721062618595825,0.267714685006988,0.219703844817284,1769,"tags=32%, list=20%, signal=26%","Epha5/Igf1r/Adcy8/Prkn/Adcy5/Abcg1/Ppp3ca/Igf1/Foxo3/Cacna1d/Pde3b/Klf7/Ptprn/Sox4/Pla2g6/Ppara/Plcb1/Brsk2/Rab11fip5/Prkce/Fto/Tjp1/Cacna1e/Rab11fip2/Lrp5/Map4k4/Gas6/Kcnb1/Ano1/Stxbp4/Tcf7l2/Raf1"
"GO:0048011","GO:0048011","neurotrophin TRK receptor signaling pathway",23,-0.443130200059164,-1.42796956842874,0.0725806451612903,0.268767750413293,0.220568057845432,2828,"tags=65%, list=31%, signal=45%","Ptpn11/Ppp2r5d/Cd2ap/Dok5/Ddit4/Zfyve27/Slc9a6/Sort1/Bcar1/Agt/Sos1/Wasf1/Lmtk2/Cyfip1/Spry1"
"GO:1902003","GO:1902003","regulation of amyloid-beta formation",25,0.435946628220382,1.40942835577184,0.0725490196078431,0.268767750413293,0.220568057845432,435,"tags=20%, list=5%, signal=19%","Slc2a13/Lrrtm3/Epha4/Abcg1/Igf1"
"GO:0021795","GO:0021795","cerebral cortex cell migration",46,0.359794336713534,1.3589891507831,0.072936660268714,0.269731638631543,0.22135908635221,2000,"tags=33%, list=22%, signal=26%","Fgf13/Robo1/Nkx2-1/Egfr/Syne2/Zmiz1/Reln/Ccdc141/Fgfr1/Dab2ip/Ulk4/Dab1/Efhc1/Nr2e1/Dcx"
"GO:0009743","GO:0009743","response to carbohydrate",142,0.267873483825444,1.23542097034344,0.0730337078651685,0.269736551460085,0.221363118134476,1694,"tags=29%, list=19%, signal=24%","Gria1/Epha5/Igf1r/Adcy8/Prkn/Adcy5/Abcg1/Acvr2b/Ppp3ca/Igf1/Eif2b3/Rasal2/Foxo3/Cacna1d/Pde3b/Klf7/Ptprn/Sox4/Pla2g6/Ppara/Plcb1/Brsk2/Ep300/Pfkl/Prkca/Rab11fip5/Prkce/Fto/Tjp1/Cdkn1b/Cacna1e/Map2k4/Rab11fip2/Adnp/Lrp5/Map4k4/Gas6/Kcnb1/Ano1/Stxbp4/Tcf7l2"
"GO:0006734","GO:0006734","NADH metabolic process",28,-0.402392925110145,-1.35923185758682,0.0733752620545073,0.270289527411244,0.221816925674238,623,"tags=21%, list=7%, signal=20%","Slc25a22/Slc25a13/Gpi1/Got2/Dlst/Pkm"
"GO:0072330","GO:0072330","monocarboxylic acid biosynthetic process",104,-0.289313786223337,-1.28765365235541,0.0733752620545073,0.270289527411244,0.221816925674238,2215,"tags=29%, list=24%, signal=22%","Per2/Eif6/Cyp39a1/Kat2b/Prkab1/Pnpla8/Brca1/Myo5a/Mif/Ubr4/Erlin1/Agt/Ldha/Decr2/Acly/Errfi1/Fasn/Hacd2/Mcat/Acadl/Cbr4/Ndufab1/Ptges3/Fabp5/Prkag2/Park7/Gstp3/Pkm/Pecr/Ptgs1"
"GO:1900273","GO:1900273","positive regulation of long-term synaptic potentiation",27,0.425642337296218,1.4075231724862,0.0736434108527132,0.270569924097713,0.222047037183025,1933,"tags=37%, list=21%, signal=29%","Adcy8/Mme/Adrb1/Reln/Adcy1/Akap5/Nptn/Cpeb3/Fmr1/App"
"GO:0021955","GO:0021955","central nervous system neuron axonogenesis",32,0.39730634715148,1.36033412762265,0.0736434108527132,0.270569924097713,0.222047037183025,2977,"tags=50%, list=33%, signal=34%","Epha4/Zeb2/Dclk1/Plxna4/Prkca/Ptk2/B4galt6/Nr2e1/Dcx/Ephb2/B4galt5/Ephb1/Nin/Mycbp2/Slit2/Ephb3"
"GO:0060428","GO:0060428","lung epithelium development",30,0.4052416777506,1.36908134837767,0.0737864077669903,0.270742313915858,0.222188511326861,1104,"tags=27%, list=12%, signal=23%","Foxp2/Pkd1/Nkx2-1/Ncor2/Igf1/Thrb/Fndc3b/Adamtsl2"
"GO:0006767","GO:0006767","water-soluble vitamin metabolic process",25,0.429818898230325,1.38961722329501,0.0745098039215686,0.272686529157117,0.223784059078177,1354,"tags=32%, list=15%, signal=27%","Clybl/Abcd4/Clstn3/Slc5a6/Slc19a2/Hlcs/Tpk1/Aldh1l2"
"GO:0060760","GO:0060760","positive regulation of response to cytokine stimulus",25,0.429310310257661,1.38797294332202,0.0745098039215686,0.272686529157117,0.223784059078177,1842,"tags=48%, list=20%, signal=38%","Irf7/Prkn/Parp14/Ripk1/Cd74/Ube2k/Ifih1/C1qtnf4/Gas6/Lsm14a/Crebrf/Wnt5a"
"GO:0051588","GO:0051588","regulation of neurotransmitter transport",80,0.311659943500546,1.31097049869355,0.075,0.274124513618677,0.224964161376203,1543,"tags=28%, list=17%, signal=23%","Nlgn1/Rab3b/Cacna1b/Syt1/Kcnh1/Grm8/Cask/Prkn/Cacna1d/Ppfia2/Prkca/Stxbp5l/Mctp2/Stxbp5/Edn3/Npy1r/Cacna1e/Rims2/Braf/Rims4/Htr2c/Gpr158"
"GO:0006458","GO:0006458","'de novo' protein folding",35,-0.38963963093183,-1.40050766549785,0.0758196721311475,0.274346668350647,0.225146475800818,3022,"tags=71%, list=33%, signal=48%","Tcp1/Cct5/Entpd5/Hspa13/H2-DMa/Dnajc7/Hsph1/St13/Selenof/Dnajb4/Cct2/Telo2/Hspa9/Bag1/Hspa8/Dnajb1/Tor1a/Hspe1-rs1/Hspa2/Chchd4/Cct4/Sdf2l1/Dnajb14/Ptges3/Cct8"
"GO:0042743","GO:0042743","hydrogen peroxide metabolic process",27,-0.411651733462077,-1.38386560782125,0.0761316872427984,0.274346668350647,0.225146475800818,2411,"tags=59%, list=27%, signal=44%","Gpx3/Acox1/Prdx6b/Prdx4/Prdx3/Prdx1/Gpx1/Txnrd1/Sod1/Sod2/Mfn2/Cat/Insr/Cyba/Park7/Cycs"
"GO:0090199","GO:0090199","regulation of release of cytochrome c from mitochondria",27,-0.410801503848876,-1.38100735793471,0.0761316872427984,0.274346668350647,0.225146475800818,1788,"tags=41%, list=20%, signal=33%","Opa1/Gpx1/Pdcd5/Mllt11/Fam162a/Mfn2/Akt1/Ghitm/Tnfsf10/Bnip3/Higd1a"
"GO:0008053","GO:0008053","mitochondrial fusion",29,-0.403616208742179,-1.37927036612013,0.0753138075313808,0.274346668350647,0.225146475800818,1121,"tags=24%, list=12%, signal=21%","Mfn2/Vat1/Rcc1l/Thg1l/Yme1l1/Bnip3/Gdap1"
"GO:0032642","GO:0032642","regulation of chemokine production",28,-0.402231831774792,-1.35868770489478,0.0754716981132075,0.274346668350647,0.225146475800818,2415,"tags=32%, list=27%, signal=24%","Hmgb1/Egr1/Mif/Eif2ak2/Arg2/Slc37a4/Trim32/Gstp3/Lrp1"
"GO:1904358","GO:1904358","positive regulation of telomere maintenance via telomere lengthening",30,-0.39245472985738,-1.35580734492006,0.0759753593429158,0.274346668350647,0.225146475800818,1215,"tags=23%, list=13%, signal=20%","Cct4/Pot1b/Ctnnb1/Prkcq/Ptges3/Cct8/Hnrnpa2b1"
"GO:0007019","GO:0007019","microtubule depolymerization",35,0.381821186411888,1.34098284516821,0.075875486381323,0.274346668350647,0.225146475800818,2027,"tags=40%, list=22%, signal=31%","Fgf13/Stmn3/Nav3/Taok1/Atxn7/Ttbk2/Ccdc88c/Eml4/Spast/Map1a/Map2/Katnb1/Hdgfl3/Htt"
"GO:0060998","GO:0060998","regulation of dendritic spine development",68,0.328042664350018,1.32385540481074,0.075875486381323,0.274346668350647,0.225146475800818,1919,"tags=31%, list=21%, signal=25%","Il1rapl1/Nlgn1/Cux2/Cask/Ptprs/Crebbp/Kalrn/Ppfia2/Dbn1/Pbrm1/Reln/Afdn/Itpka/Cpeb3/Grn/Mapk6/Mtor/Ngef/Itsn1/Dhx36/Fmr1"
"GO:0038202","GO:0038202","TORC1 signaling",82,-0.302935777921059,-1.29184696585917,0.0759753593429158,0.274346668350647,0.225146475800818,1193,"tags=22%, list=13%, signal=19%","Lars1/Akt1/Itfg2/Lamtor3/Ube2d1/Depdc5/Tbc1d7/Dyrk3/Mios/Tsc2/Ogt/Tbk1/Npc1/Shq1/Atxn3/Ywhaz/Rps6kb1/Sesn1"
"GO:0007269","GO:0007269","neurotransmitter secretion",121,0.277385958448144,1.25571972911202,0.0753676470588235,0.274346668350647,0.225146475800818,1543,"tags=25%, list=17%, signal=21%","Nrxn3/Nlgn1/Cacna1b/Pclo/Syt1/Rimbp2/Doc2b/Kcnh1/Erc1/Grm8/Cask/Prkn/Nrxn1/Cacna1d/Erc2/Ppfia2/Prkca/Stxbp5l/Mctp2/Syt10/Stxbp5/Syn3/Edn3/Npy1r/Cacna1e/Rims2/Braf/Rims4/Htr2c/Gpr158"
"GO:0099643","GO:0099643","signal release from synapse",121,0.277385958448144,1.25571972911202,0.0753676470588235,0.274346668350647,0.225146475800818,1543,"tags=25%, list=17%, signal=21%","Nrxn3/Nlgn1/Cacna1b/Pclo/Syt1/Rimbp2/Doc2b/Kcnh1/Erc1/Grm8/Cask/Prkn/Nrxn1/Cacna1d/Erc2/Ppfia2/Prkca/Stxbp5l/Mctp2/Syt10/Stxbp5/Syn3/Edn3/Npy1r/Cacna1e/Rims2/Braf/Rims4/Htr2c/Gpr158"
"GO:0032210","GO:0032210","regulation of telomere maintenance via telomerase",34,-0.384426717941622,-1.37944005148336,0.0767676767676768,0.27560912991919,0.226182532752778,2010,"tags=35%, list=22%, signal=28%","Map3k4/Tnks/Exosc10/Cct4/Ctc1/Pot1b/Ctnnb1/Tent4b/Prkcq/Ptges3/Nat10/Cct8"
"GO:0050671","GO:0050671","positive regulation of lymphocyte proliferation",46,0.357131011773512,1.34892943241299,0.0767754318618042,0.27560912991919,0.226182532752778,2180,"tags=41%, list=24%, signal=32%","Bcl2/Adk/Tcf3/Ppp3ca/Igf1/Nck2/Peli1/Igfbp2/Atad5/Cd74/Dnaja3/Hes1/Zfp335/Slc7a1/Vav3/Bcl6/Efnb1/Tfrc/Cd276"
"GO:0032368","GO:0032368","regulation of lipid transport",75,-0.315006411625023,-1.30798723633291,0.0765957446808511,0.27560912991919,0.226182532752778,1553,"tags=25%, list=17%, signal=21%","Agt/Abca3/Kdm5b/Atp5pf/Pon1/Mfn2/Akt1/Irs2/Dbi/Prkcd/Tmem97/Acsl1/Abca5/Cry1/Tac1/Pla2r1/Itgav/Scp2/Lrp1"
"GO:0140029","GO:0140029","exocytic process",73,-0.317163102357272,-1.31697535243439,0.0769230769230769,0.275787825406146,0.226329181732958,1359,"tags=29%, list=15%, signal=25%","Synj1/Rab3a/Cplx2/Osbpl2/Exoc1/Vamp2/Napa/Rab8a/Vps18/Stx1a/Cadps2/Sv2a/Snap47/Stx19/Syngr3/Vamp1/Snap29/Snx4/Ywhaz/Napb/Vps11"
"GO:1904707","GO:1904707","positive regulation of vascular associated smooth muscle cell proliferation",32,0.395670490902686,1.35473313207079,0.0775193798449612,0.277572569762517,0.227793857445837,1183,"tags=28%, list=13%, signal=25%","Mef2d/Igf1/Ppargc1a/Bmpr1a/Igfbp5/Map3k5/Ddr2/Map3k7/Fgf9"
"GO:0035773","GO:0035773","insulin secretion involved in cellular response to glucose stimulus",62,0.331185456666338,1.31920606112119,0.0776699029126214,0.277758612192598,0.227946535798863,1870,"tags=37%, list=21%, signal=30%","Epha5/Adcy8/Prkn/Adcy5/Abcg1/Cacna1d/Pde3b/Klf7/Ptprn/Pla2g6/Brsk2/Rab11fip5/Prkce/Fto/Cacna1e/Rab11fip2/Lrp5/Map4k4/Ano1/Stxbp4/Tcf7l2/Raf1/Kif5b"
"GO:0007413","GO:0007413","axonal fasciculation",20,0.454736366517569,1.41285411458063,0.0783938814531549,0.277879192371057,0.228045491628707,1842,"tags=40%, list=20%, signal=32%","Epha3/Ncam2/Epha4/Tnfrsf21/Cntn2/Cnr1/Ptprz1/Wnt5a"
"GO:0106030","GO:0106030","neuron projection fasciculation",20,0.454736366517569,1.41285411458063,0.0783938814531549,0.277879192371057,0.228045491628707,1842,"tags=40%, list=20%, signal=32%","Epha3/Ncam2/Epha4/Tnfrsf21/Cntn2/Cnr1/Ptprz1/Wnt5a"
"GO:0070918","GO:0070918","regulatory ncRNA processing",36,-0.384406898614793,-1.39006124064418,0.0778688524590164,0.277879192371057,0.228045491628707,2332,"tags=50%, list=26%, signal=37%","Tsn/Lin28b/Piwil1/Tarbp2/Zc3h7b/Tsnax/Zc3h7a/Snip1/Gtsf1/Ago2/Mettl3/Ncbp2/Ddx3x/Dgcr8/Ago1/Zmpste24/Ddx5/Hnrnpa2b1"
"GO:1902930","GO:1902930","regulation of alcohol biosynthetic process",37,0.373444449600681,1.3352284828381,0.0779727095516569,0.277879192371057,0.228045491628707,2029,"tags=43%, list=22%, signal=34%","Prkg1/Qki/Abcg1/Pth1r/Srebf2/Gnai1/Adcyap1r1/Npy1r/Lpcat3/Bmp6/Dkk3/Scap/Chlsn/Fdps/Fgf1/Srebf1"
"GO:0046777","GO:0046777","protein autophosphorylation",124,0.273595756653383,1.24094526545768,0.0780669144981413,0.277879192371057,0.228045491628707,2538,"tags=40%, list=28%, signal=29%","Erbb4/Epha7/Epha4/Igf1r/Egfr/Htatip2/Grk5/Fyn/Rassf2/Prkd1/Ripk1/Eif2ak1/Mark3/Prkca/Gsk3b/Ddr2/Vegfc/Nek10/Myo3a/Wnk2/Fgfr1/Gfra2/Ptk2/Myo3b/Aatk/Enpp1/Mtor/Rad50/Eif2ak3/Peak1/Nlk/Tyro3/Jun/Stk16/Taok3/Mak/Vrk1/Abl1/Rap2c/Nbn/Atp13a2/Mob1b/Obscn/Map3k13/Atr/Stk39/Map3k3/Pink1/Vrk2"
"GO:0048762","GO:0048762","mesenchymal cell differentiation",144,0.26241005870188,1.2203967698268,0.0783242258652095,0.277879192371057,0.228045491628707,1571,"tags=22%, list=17%, signal=19%","Bcl2/Epha3/Erbb4/Spred2/Ddx17/Sema4g/Nkx2-1/Epha4/Zeb2/Qki/Ext1/Tgfb2/Wnt11/Ezh2/Bmpr1a/Cdh2/Sema3f/Hey2/Gsk3b/Rdh10/Edn3/Pofut2/Fgfr1/Pawr/Tcof1/Ptk2/Spred1/Hes1/Dab2ip/Mtor/Ankrd11/Rock1"
"GO:0097305","GO:0097305","response to alcohol",154,0.261021768349774,1.21888080552345,0.0783938814531549,0.277879192371057,0.228045491628707,1278,"tags=21%, list=14%, signal=18%","Bcl2/Grip1/Gria1/mt-Nd4/Epha5/Glra3/mt-Cytb/Igf1r/Adcy8/Adcy2/Adcy5/Igf1/Fyn/Kcnc2/Gpr155/Grin2b/Foxo3/Akap8/Penk/Oprm1/Nr3c2/Prkd1/Ppara/Prkca/Gnai1/Prkce/Grin1/Htr7/Tjp1/Borcs7/Adcy1/Cybb"
"GO:0051304","GO:0051304","chromosome separation",47,-0.34839587896026,-1.33484754257256,0.0785123966942149,0.277949665683791,0.228103326550106,2707,"tags=40%, list=30%, signal=29%","Psmg2/Nsmce2/Smarcad1/Bub3/M1ap/Zfp207/Lcmt1/Rb1/Recql5/Gen1/Cep192/Spc25/Prpf4b/Dync1li1/Kntc1/Cdc16/Usp44/Anapc7/Trip13"
"GO:0046456","GO:0046456","icosanoid biosynthetic process",22,-0.442150147811323,-1.41618828304699,0.0789473684210526,0.27844015545748,0.228505853924053,2406,"tags=32%, list=27%, signal=23%","Sco1/Pnpla8/Mif/Mgst3/Ptges3/Fabp5/Ptgs1"
"GO:0050670","GO:0050670","regulation of lymphocyte proliferation",80,0.307856877873587,1.29497323325886,0.0788461538461538,0.27844015545748,0.228505853924053,1916,"tags=32%, list=21%, signal=26%","Bcl2/Adk/Sox11/Tcf3/Rc3h1/Ppp3ca/Igf1/Sh3rf1/Ripor2/Tnfrsf21/Nck2/Peli1/Igfbp2/Cblb/Atad5/Cd74/Pawr/Dnaja3/Hes1/Mapk8ip1/Glmn/Zfp335/Mad1l1/Slc7a1/Vav3/Bcl6"
"GO:0141193","GO:0141193","nuclear receptor-mediated signaling pathway",103,0.288746192184689,1.27423314339684,0.0789473684210526,0.27844015545748,0.228505853924053,865,"tags=19%, list=10%, signal=18%","Esrrg/Zfp536/Rarb/Ddx17/Asxl2/Rbfox2/Ncor2/Arid1a/Ezh2/Igf1/Zmiz1/Thrb/Nr3c2/Fshr/Dhrs3/Ppara/Cnot2/Ep300/Mn1/Ncoa1"
"GO:0050688","GO:0050688","regulation of defense response to virus",24,-0.430321300555475,-1.40279252007573,0.0793650793650794,0.279563492063492,0.229427736006683,2151,"tags=46%, list=24%, signal=35%","Zdhhc1/Tarbp2/Traf3/Atg5/Pcbp2/Eif2ak4/Tomm70a/Zmpste24/Rnf26rt/C1qbp/Elmod2"
"GO:0000387","GO:0000387","spliceosomal snRNP assembly",27,-0.408576706077615,-1.37352816892678,0.0802469135802469,0.282316857015151,0.231687323918526,1406,"tags=30%, list=16%, signal=25%","Prpf3/Gemin5/Snrpd2/Prpf4b/Snrpg/Snrpf/Snrpc/Snrpd3"
"GO:0009755","GO:0009755","hormone-mediated signaling pathway",118,0.276902953252758,1.24791344681631,0.0803738317757009,0.282410795441303,0.231764415817319,865,"tags=19%, list=10%, signal=17%","Esrrg/Zfp536/Rarb/Pde3a/Ddx17/Rbfox2/Ncor2/Arid1a/Ezh2/Igf1/Zmiz1/Esrrb/Thrb/Sstr4/Nr3c2/Fshr/Dhrs3/Ppara/Cnot2/Ep300/Mn1/Ncoa1"
"GO:0090277","GO:0090277","positive regulation of peptide hormone secretion",86,0.299867893563265,1.2787581125095,0.0805243445692884,0.282587301365199,0.231909267901588,1273,"tags=26%, list=14%, signal=22%","Doc2b/Cacna1c/Adcy8/Egfr/Cckbr/Cask/Prkn/Abcg1/Arhgef7/Cacna1d/Sox4/Pla2g6/Prkd1/Plcb1/Irs1/Capn10/Prkce/Fto/Itpr1/Rapgef4/Chrm3/Ptbp1"
"GO:0045324","GO:0045324","late endosome to vacuole transport",22,-0.440253039385014,-1.41011192473679,0.0809716599190283,0.283803653795798,0.23290748473698,2633,"tags=45%, list=29%, signal=32%","Chmp2b/Ptpn23/Leprotl1/Chmp7/Leprot/Chmp4b/Chmp2a/Chmp3/Vps4b/Chmp1b2"
"GO:0007520","GO:0007520","myoblast fusion",21,0.44987653720285,1.40892044655821,0.0817120622568093,0.284277273382332,0.2332961673531,1370,"tags=38%, list=15%, signal=32%","Adgrb3/Adgrb1/Ripor2/Gsk3b/Cxcl12/Cdon/Dock5/Capn2"
"GO:0043407","GO:0043407","negative regulation of MAP kinase activity",31,-0.388913326182001,-1.35945556942637,0.0814663951120163,0.284277273382332,0.2332961673531,1553,"tags=32%, list=17%, signal=27%","Agt/Rgs2/Nf1/Paqr3/Dusp19/Pdcd4/Spry1/Prkcd/Aida/Gstp3"
"GO:0030488","GO:0030488","tRNA methylation",29,-0.397021620914387,-1.35673480047475,0.0815899581589958,0.284277273382332,0.2332961673531,1389,"tags=28%, list=15%, signal=23%","Mettl6/Trmt9b/Alkbh8/Akt1/Nsun2/Lcmt2/Trmt44/Trmt13"
"GO:0051784","GO:0051784","negative regulation of nuclear division",31,-0.386458254056582,-1.35087380775981,0.0814663951120163,0.284277273382332,0.2332961673531,2430,"tags=39%, list=27%, signal=28%","Bub3/Fgfr2/Zfp207/Lcmt1/Gen1/Cep192/Spc25/Prpf4b/Dync1li1/Kntc1/Usp44/Trip13"
"GO:0030879","GO:0030879","mammary gland development",69,0.323063976937704,1.30223387455211,0.0816733067729084,0.284277273382332,0.2332961673531,2034,"tags=32%, list=22%, signal=25%","Robo1/Erbb4/mt-Co2/Csmd1/Igf1r/Igf1/Chuk/Nrg3/Kalrn/Igfbp5/Irs1/Ncoa1/Lats1/Atp2b2/Deaf1/Ntn1/Lrp5/Eif2ak3/Wnt5a/Zfp703/Rreb1/Btrc"
"GO:0048661","GO:0048661","positive regulation of smooth muscle cell proliferation",71,0.317441093561702,1.29105226797953,0.0817120622568093,0.284277273382332,0.2332961673531,1333,"tags=25%, list=15%, signal=22%","Ccn4/Mef2d/Igf1r/Egfr/Hdac4/Igf1/Ppargc1a/Bmpr1a/Prkca/Gsk3b/Smpd3/Igfbp5/Map3k5/Ddr2/Map3k7/Fgf9/Ptk2/Pdgfd"
"GO:0018108","GO:0018108","peptidyl-tyrosine phosphorylation",132,0.270349674436455,1.23782148125606,0.0819366852886406,0.284707249252021,0.233649033135367,2122,"tags=32%, list=23%, signal=25%","Epha3/Erbb4/Epha7/Epha4/Pecam1/Igf1r/Egfr/Parp14/Igf1/Fyn/Abi2/Dusp22/Prkca/Ddr2/Reln/Prkce/Cd74/Ggnbp2/Fgfr1/Ptk2/Traf3ip1/Pdgfd/Hes1/Aatk/Pxn/Mtor/Zfyve28/Adnp/Ptprz1/Bmp6/Aplp2/Hsf1/Acvr1/Ptpn1/Yes1/App/Inpp5f/Agrn/Abl1/Rap2c/Zfp592/Ptpn4"
"GO:2000785","GO:2000785","regulation of autophagosome assembly",32,-0.386109427278884,-1.36510166257345,0.0823045267489712,0.285099002746062,0.233970531184153,2294,"tags=41%, list=25%, signal=30%","Rab3gap1/Lrsam1/Wipi1/Tbc1d14/Ift88/Tmem39a/Ift20/Fez2/Snx7/Trim32/Chek2/Pip4k2b/Snx4"
"GO:0034205","GO:0034205","amyloid-beta formation",31,0.397923348335179,1.35706342836459,0.0821917808219178,0.285099002746062,0.233970531184153,1108,"tags=23%, list=12%, signal=20%","Slc2a13/Lrrtm3/Epha4/Abcg1/Igf1/Bace1/Abca2"
"GO:0060113","GO:0060113","inner ear receptor cell differentiation",57,0.336827594545124,1.32091299799072,0.0823529411764706,0.285099002746062,0.233970531184153,1391,"tags=26%, list=15%, signal=22%","Otog/Cux1/Gabra5/Ankrd24/Cdh23/Ripor2/Ush2a/Hey2/Pjvk/Myo3a/Fgfr1/Atp2b2/Kcnma1/Hes1/Myo3b"
"GO:0048255","GO:0048255","mRNA stabilization",42,0.362501091650313,1.34985526257644,0.0830188679245283,0.28705174209978,0.235573074368988,2491,"tags=48%, list=27%, signal=35%","Qki/Elavl1/Igf2bp3/Rbm38/Vip/Thrap3/Taf15/Nrde2/Tent4a/Ptbp1/Mtor/Syncrip/Rbm24/Axin2/Hnrnpu/Tent5a/Tardbp/Hnrnpa0/Hnrnpd/Ybx1"
"GO:0090150","GO:0090150","establishment of protein localization to membrane",190,-0.249332236194714,-1.21219954083685,0.0831556503198294,0.287172331619215,0.235672037864635,2750,"tags=36%, list=30%, signal=26%","Arfrp1/Zdhhc7/Rftn1/Pex26/Rab10/Zdhhc9/Cacnb3/Acsl3/Atad1/Gorasp1/Golga7b/Rilpl1/Sec61a1/Actr3/Sorl1/Rab11a/Dmtn/Rab3gap1/Srp9/Washc1/Hras/Zdhhc1/Mtch1/Mylk/Blzf1/Rabgef1/Inpp5k/Snap23/Srp72/Sec61b/Zdhhc15/Atp2c1/Aqp11/Timm10/Cdk5r1/Sacm1l/Mmgt1/Pdcd5/Emc3/Nsf/Micall1/Vamp2/Oga/Hspa4/Zdhhc22/Sec61g/Reep2/Rab8a/Get4/Chmp4b/Samm50/Maip1/Arl6ip1/Tmco1/Tsc2/Ogt/Srp68/Tomm70a/Snap47/Srp54c/Tmem126a/Rab5if/Tomm22/Npc1/Gga2/Pkdcc/Gga3/Vps35/Rab8b"
"GO:0033138","GO:0033138","positive regulation of peptidyl-serine phosphorylation",51,0.349417518801889,1.33950055492314,0.0833333333333333,0.287433700530396,0.23588653396036,2270,"tags=45%, list=25%, signal=34%","Bcl2/Tenm1/Phip/Bcar3/Egfr/Fnip2/Nrxn1/Prkd1/Ntrk3/Lats1/Ip6k2/Braf/Smyd3/Mapkap1/Ercc6/Bdnf/Raf1/Wnt5a/App/Axin1/Tfrc/Akap9/Rptor"
"GO:0033045","GO:0033045","regulation of sister chromatid segregation",64,-0.323854534440275,-1.32604494835187,0.0834990059642147,0.287653054776476,0.236066550126599,2167,"tags=33%, list=24%, signal=25%","Kat2b/Anapc1/Zfp207/Phf10/Lcmt1/Rb1/Gen1/Cep192/Cdc27/Spc25/Prpf4b/Dync1li1/Smarcb1/Kntc1/Cdc16/Usp44/Anapc7/Smarcd1/Anapc4/Trip13/Smarcc2"
"GO:0000768","GO:0000768","syncytium formation by plasma membrane fusion",29,0.39801124232068,1.34009662295941,0.083969465648855,0.288568236827406,0.2368176072279,1370,"tags=31%, list=15%, signal=26%","Adgrb3/Adam9/Adgrb1/Ripor2/Gsk3b/Cxcl12/Cdon/Dock5/Capn2"
"GO:0140253","GO:0140253","cell-cell fusion",29,0.39801124232068,1.34009662295941,0.083969465648855,0.288568236827406,0.2368176072279,1370,"tags=31%, list=15%, signal=26%","Adgrb3/Adam9/Adgrb1/Ripor2/Gsk3b/Cxcl12/Cdon/Dock5/Capn2"
"GO:0014910","GO:0014910","regulation of smooth muscle cell migration",63,0.328129089044291,1.31335440251857,0.0844793713163065,0.289966952946835,0.237965483405251,1333,"tags=29%, list=15%, signal=25%","Ccn4/Bcl2/Tafa5/Gna13/Prkg1/Hdac4/Igf1/Ppargc1a/Bmpr1a/Igfbp5/Ddr2/Fat1/Map3k7/Rapgef4/Fgf9/Ptk2/Dock5/Pdgfd"
"GO:0051607","GO:0051607","defense response to virus",122,-0.276674021357434,-1.26259590714998,0.0845986984815618,0.290023275329734,0.238011705165823,786,"tags=18%, list=9%, signal=17%","Ndufaf4/Chmp3/Trim32/Abcf3/Ddx41/Tomm70a/Dhx15/Usp44/Tbk1/Ddx60/Senp7/Zmpste24/Rnf26rt/Polr3h/Smarca5/Bnip3/Itgax/C1qbp/G3bp1/Ddx1/Elmod2/Znfx1"
"GO:0043462","GO:0043462","regulation of ATP-dependent activity",34,-0.38134345543579,-1.36837636732385,0.0848484848484849,0.290526160757023,0.238424405208315,1606,"tags=35%, list=18%, signal=29%","Pxk/Msh2/Hspa2/Myl4/Sumo1/Dnajc24/Pot1b/Msh6/Chtop/Dnajb11/Ublcp1/Pfn2"
"GO:0019229","GO:0019229","regulation of vasoconstriction",51,0.347148383523015,1.33080176965424,0.0853174603174603,0.29177743103714,0.239451277871053,1504,"tags=29%, list=17%, signal=25%","Rbfox2/Mtnr1b/Cacna1c/Egfr/Asic2/Bmpr2/Add3/Htr7/Edn3/Npy1r/Smad6/Chrm3/Dock5/Adra2b/Htr2c"
"GO:0097035","GO:0097035","regulation of membrane lipid distribution",37,0.365521536732064,1.30690057773593,0.0857699805068226,0.292260949296525,0.23984808397313,1108,"tags=27%, list=12%, signal=24%","Xkr4/Atp9a/Xkr6/Abcg1/Plscr1/Tmem30c/Mfsd2a/Ano4/Trpc5/Abca2"
"GO:0048659","GO:0048659","smooth muscle cell proliferation",105,0.286911809840396,1.27063152495024,0.0857142857142857,0.292260949296525,0.23984808397313,1507,"tags=25%, list=17%, signal=21%","Ccn4/Mef2d/Tafa5/Gna13/Prkg1/Igf1r/Egfr/Hdac4/Igf1/Ppargc1a/Bmpr2/Bmpr1a/Prkca/Gsk3b/Smpd3/Igfbp5/Map3k5/Ddr2/Vip/Map3k7/Cdkn1b/Fgf9/Ptk2/Pdgfd/Enpp1/Mtor"
"GO:0050730","GO:0050730","regulation of peptidyl-tyrosine phosphorylation",104,0.285832394733854,1.26150723670258,0.0857142857142857,0.292260949296525,0.23984808397313,2113,"tags=33%, list=23%, signal=25%","Erbb4/Epha7/Epha4/Pecam1/Egfr/Parp14/Igf1/Fyn/Abi2/Dusp22/Prkca/Reln/Prkce/Cd74/Ggnbp2/Traf3ip1/Pdgfd/Hes1/Mtor/Zfyve28/Adnp/Ptprz1/Bmp6/Aplp2/Hsf1/Acvr1/Ptpn1/Yes1/App/Inpp5f/Agrn/Abl1/Rap2c/Zfp592"
"GO:0035909","GO:0035909","aorta morphogenesis",20,0.449900465155458,1.39782909428263,0.0860420650095602,0.292833984537368,0.24031835345284,1678,"tags=45%, list=19%, signal=37%","Prox1/Tgfb2/Bmpr1a/Sox4/Hey2/Eya1/Hes1/Chd7/Kat6a"
"GO:0060443","GO:0060443","mammary gland morphogenesis",24,0.431889440646476,1.37828199055839,0.0863453815261044,0.293249774529982,0.240659577394333,2034,"tags=33%, list=22%, signal=26%","Robo1/Csmd1/Nrg3/Igfbp5/Ntn1/Lrp5/Wnt5a/Btrc"
"GO:0090278","GO:0090278","negative regulation of peptide hormone secretion",46,0.353295301310641,1.33444146422482,0.0863723608445297,0.293249774529982,0.240659577394333,992,"tags=24%, list=11%, signal=21%","Mtnr1b/Prkn/Ppp3ca/Kcnj6/Pde3b/Klf7/Kalrn/Pfkl/Stxbp5l/Irs1/Madd"
"GO:0010594","GO:0010594","regulation of endothelial cell migration",110,0.283013385078704,1.26770739091193,0.0867158671586716,0.294061749281753,0.241325935965041,1439,"tags=22%, list=16%, signal=19%","Sash1/Bmper/Ptprm/Smoc2/Prox1/Stard13/Pik3c2a/Ets1/Bcas3/Igf1/Adgrb1/Akt3/Prkd1/Prkca/Amotl1/Vegfc/Atp2b4/Fgf18/Fgfr1/Spred1/Nr2f2/Dab2ip/Grn/Itgb1bp1"
"GO:0070534","GO:0070534","protein K63-linked ubiquitination",43,0.355509834646154,1.32949334121372,0.0869565217391304,0.294523411371237,0.241704805491991,1525,"tags=28%, list=17%, signal=23%","Sash1/Ube2o/Prkn/Zfp91/Hectd1/Peli1/Prpf19/Rnf213/Ube2e2/Aktip/Rnf8/Trim8"
"GO:0006766","GO:0006766","vitamin metabolic process",38,0.372468371968891,1.34464473506208,0.0872093023255814,0.294757541525459,0.241896947716348,2191,"tags=39%, list=24%, signal=30%","Clybl/Abcd4/Clstn3/Slc5a6/Rdh10/Slc19a2/Fgfr1/Hlcs/Tpk1/Aldh1l2/Enpp1/Mtrr/Lipa/Lrp2/Pltp"
"GO:0046324","GO:0046324","regulation of D-glucose import",39,-0.364656132997378,-1.34032178620294,0.0873180873180873,0.294757541525459,0.241896947716348,1207,"tags=33%, list=13%, signal=29%","Crebl2/Mfn2/Akt1/Irs2/Slc1a2/Insr/Oga/Sirt6/Prkcd/Pea15a/Pid1/Rps6kb1/Ahi1"
"GO:0034204","GO:0034204","lipid translocation",35,0.377365566742496,1.32533439570055,0.0875486381322957,0.294757541525459,0.241896947716348,1108,"tags=29%, list=12%, signal=25%","Xkr4/Atp9a/Xkr6/Abcg1/Plscr1/Tmem30c/Mfsd2a/Ano4/Trpc5/Abca2"
"GO:0033135","GO:0033135","regulation of peptidyl-serine phosphorylation",68,0.319766949532332,1.29045776791563,0.0875486381322957,0.294757541525459,0.241896947716348,2270,"tags=41%, list=25%, signal=31%","Bcl2/Tenm1/Phip/Bcar3/Egfr/Fnip2/Nrxn1/Epm2a/Rassf2/Dmd/Prkd1/Ntrk3/Lats1/Ip6k2/Braf/Smyd3/Mapkap1/Ercc6/Bdnf/Raf1/Wnt5a/App/Inpp5f/Axin1/Tfrc/Akap9/Inpp5j/Rptor"
"GO:0051053","GO:0051053","negative regulation of DNA metabolic process",74,-0.310860125524507,-1.29019764365899,0.0875,0.294757541525459,0.241896947716348,2444,"tags=36%, list=27%, signal=27%","Nudt16l1/Terf2/Gmnn/Mcrs1/Zranb3/H1f10/Mad2l2/Tnks2/Tnks/Exosc10/Recql5/Mlh1/Msh2/Smg6/Otub1/Dffb/Slx4/Pds5a/Ctc1/Pot1b/Msh6/Tent4b/Tipin/Nat10/Terf2ip/C1qbp/Helb"
"GO:0006862","GO:0006862","nucleotide transport",26,-0.41011814687235,-1.36826461878719,0.0881147540983607,0.295630359423463,0.242613238076033,1694,"tags=38%, list=19%, signal=31%","Lrrc8c/Abcc1/Slc25a17/Abcc4/Abcc5/Lrrc8b/Slc35b2/Slc35b3/Calhm2/Slc25a36"
"GO:0140962","GO:0140962","multicellular organismal-level chemical homeostasis",40,0.369259967345779,1.35550511024389,0.0881226053639847,0.295630359423463,0.242613238076033,2252,"tags=45%, list=25%, signal=34%","Erbb4/B2m/Cybrd1/Ext1/Btbd9/Eif2ak1/Aqp1/Nfat5/Bmp6/Lipa/Lpcat1/Mllt6/Ank1/Slc11a2/Htt/Tfrc/Ctsh/Slc40a1"
"GO:1905818","GO:1905818","regulation of chromosome separation",41,-0.358078927935073,-1.32159386737339,0.0880503144654088,0.295630359423463,0.242613238076033,2048,"tags=32%, list=23%, signal=25%","Zfp207/Lcmt1/Rb1/Gen1/Cep192/Spc25/Prpf4b/Dync1li1/Kntc1/Cdc16/Usp44/Anapc7/Trip13"
"GO:0042102","GO:0042102","positive regulation of T cell proliferation",27,0.412846261912861,1.36520883709051,0.0891472868217054,0.298357546631313,0.244851342851965,2180,"tags=41%, list=24%, signal=31%","Adk/Ppp3ca/Igf1/Nck2/Igfbp2/Dnaja3/Hes1/Slc7a1/Efnb1/Tfrc/Cd276"
"GO:0021695","GO:0021695","cerebellar cortex development",48,0.346634732369616,1.32378036821636,0.0891472868217054,0.298357546631313,0.244851342851965,1291,"tags=27%, list=14%, signal=23%","Foxp2/Prox1/Rora/Klhl1/Cntnap2/Ezh2/Nrxn1/Faim2/Ogdh/Kndc1/Myh10/Ttbk2/Atp2b2"
"GO:0051154","GO:0051154","negative regulation of striated muscle cell differentiation",21,0.437720000356248,1.37084868262714,0.0894941634241245,0.298455091750512,0.244931394634446,764,"tags=24%, list=8%, signal=22%","Sox6/Hdac4/Ezh2/Ppara/Ctdp1"
"GO:0010765","GO:0010765","positive regulation of sodium ion transport",26,0.418488949089961,1.36709031707892,0.0894941634241245,0.298455091750512,0.244931394634446,1125,"tags=35%, list=12%, signal=30%","Fgf13/Fgf14/Fgf12/Dmd/Akt3/Plcb1/Atp1b1/Ank3/Wnk2"
"GO:0032944","GO:0032944","regulation of mononuclear cell proliferation",82,0.301092806791376,1.2668039305158,0.0893203883495146,0.298455091750512,0.244931394634446,1916,"tags=32%, list=21%, signal=25%","Bcl2/Adk/Sox11/Tcf3/Rc3h1/Ppp3ca/Igf1/Sh3rf1/Ripor2/Tnfrsf21/Nck2/Peli1/Igfbp2/Cblb/Atad5/Cd74/Pawr/Dnaja3/Hes1/Mapk8ip1/Glmn/Zfp335/Mad1l1/Slc7a1/Vav3/Bcl6"
"GO:0070555","GO:0070555","response to interleukin-1",46,0.352133195378053,1.33005204173176,0.09021113243762,0.300281313934985,0.24643010971393,1408,"tags=26%, list=16%, signal=22%","St18/Rora/Rbmxl1/Hdac4/Rc3h1/Plcb1/Tank/Ep300/Prkca/Rps6ka5/Hes1/Dab2ip"
"GO:0006626","GO:0006626","protein targeting to mitochondrion",51,-0.340432194559084,-1.32726194569943,0.0903614457831325,0.300281313934985,0.24643010971393,2207,"tags=35%, list=24%, signal=27%","Bnip3l/Mtch1/Dnlz/Dnajc19/Grpel2/Pmpca/Timm8a1/Timm10/Pdcd5/Chchd4/Mfn2/Hspa4/Samm50/Tomm70a/Fbxo7/Tomm22/Ywhaz/Gdap1"
"GO:0033047","GO:0033047","regulation of mitotic sister chromatid segregation",30,-0.383813719482686,-1.3259553787129,0.0903490759753593,0.300281313934985,0.24643010971393,2430,"tags=40%, list=27%, signal=29%","Bub3/Kat2b/Zfp207/Lcmt1/Gen1/Cep192/Spc25/Prpf4b/Dync1li1/Kntc1/Usp44/Trip13"
"GO:0031577","GO:0031577","spindle checkpoint signaling",27,-0.400872150131724,-1.34762746420392,0.0905349794238683,0.300503618393947,0.24661254701412,2707,"tags=48%, list=30%, signal=34%","Psmg2/Diaph3/Bub3/Zfp207/Lcmt1/Gen1/Cep192/Spc25/Prpf4b/Dync1li1/Kntc1/Usp44/Trip13"
"GO:1990928","GO:1990928","response to amino acid starvation",50,-0.337188316183795,-1.30691228745748,0.0909090909090909,0.301390374331551,0.247340275823248,1775,"tags=28%, list=20%, signal=23%","Eif2ak2/Mapk8/Szt2/Map1lc3a/Eif2ak4/Lars1/Itfg2/Depdc5/Trim32/Eif2a/Mios/Atxn3/Eif2b1/Sesn1"
"GO:0043647","GO:0043647","inositol phosphate metabolic process",21,0.434634964556343,1.36118698734542,0.0914396887159533,0.30172955831564,0.247618631959755,1438,"tags=33%, list=16%, signal=28%","Prkg1/Pth1r/Plcb1/Adcyap1r1/Itpkb/Itpka/Ip6k2"
"GO:0035640","GO:0035640","exploration behavior",36,0.370942443506402,1.31440827087345,0.0914396887159533,0.30172955831564,0.247618631959755,1577,"tags=33%, list=17%, signal=28%","Lsamp/Chl1/Abtb3/Shank2/Kcnq2/Penk/Brinp3/Brinp1/Prkce/Jph3/Grn/Kmt2a"
"GO:0031110","GO:0031110","regulation of microtubule polymerization or depolymerization",62,0.323804639217932,1.28980616170539,0.0912621359223301,0.30172955831564,0.247618631959755,2221,"tags=39%, list=24%, signal=29%","Fgf13/Stmn3/Nav3/Taok1/Arhgef7/Pde4dip/Atxn7/Tbcd/Ttbk2/Ccdc88c/Cdkn1b/Togaram1/Slain1/Eml4/Spast/Map1a/Map2/Katnb1/Hdgfl3/Git1/Abl1/Numa1/Akap9/Inpp5j"
"GO:0000070","GO:0000070","mitotic sister chromatid segregation",108,-0.280174401622868,-1.25250839794191,0.0912951167728238,0.30172955831564,0.247618631959755,2430,"tags=37%, list=27%, signal=27%","Bub3/Wrap73/Rab11a/Poldip2/Cit/Cep97/Kat2b/Zfp207/Nsl1/Lcmt1/Rb1/Bccip/Gen1/Kif11/Cep192/Chmp7/Spc25/Mzt1/Ccsap/Ska2/Prpf4b/Ran/Chmp4b/Ncapg/Chmp2a/Racgap1/Chmp3/Vps4b/Dync1li1/Spice1/Mis12/Kntc1/Chmp1b2/Cdc16/Usp44/Chek2/Anapc7/Smarca5/Cltc/Trip13"
"GO:0000184","GO:0000184","nuclear-transcribed mRNA catabolic process, nonsense-mediated decay",31,-0.380107440100334,-1.32867438999244,0.0916496945010183,0.302068817665345,0.247897049946122,2148,"tags=35%, list=24%, signal=27%","Hnrnpab/Exosc10/Rnps1/Magoh/Smg6/Smg8/Ncbp2/Eif4a3/Smg1/Eif3e/Pnrc2"
"GO:0002444","GO:0002444","myeloid leukocyte mediated immunity",36,-0.371550305157991,-1.34357026372514,0.0922131147540984,0.303570744599357,0.249129627539048,1927,"tags=39%, list=21%, signal=31%","Abr/D6Wsu163e/Rabgef1/Snap23/Tusc2/Lyst/Cbl/Cplx2/Vamp2/Wdr1/Snx4/Kit/Ywhaz/Ddx1"
"GO:0021987","GO:0021987","cerebral cortex development",104,0.296462269837081,1.30842166842909,0.0926676919598088,0.304356125807391,0.249774161741749,2035,"tags=31%, list=22%, signal=24%","Fgf13/Robo1/Gria1/Nkx2-1/Egfr/Trappc9/Syne2/Zmiz1/Ptprs/Cdh2/Dmd/Plcb1/Gsk3b/Ncoa1/Cdon/Reln/Afdn/Grin1/Ccdc141/Fgfr1/Kcna2/Dab2ip/Gart/Ulk4/Dab1/Nde1/Sox2/Efhc1/Celf1/Nr2e1/Dcx/Tra2b"
"GO:0071331","GO:0071331","cellular response to hexose stimulus",100,0.28765742229113,1.25723793581744,0.0926275992438563,0.304356125807391,0.249774161741749,1769,"tags=31%, list=20%, signal=25%","Epha5/Igf1r/Adcy8/Prkn/Adcy5/Abcg1/Ppp3ca/Igf1/Foxo3/Cacna1d/Pde3b/Klf7/Ptprn/Sox4/Pla2g6/Ppara/Brsk2/Rab11fip5/Prkce/Fto/Tjp1/Cacna1e/Rab11fip2/Lrp5/Map4k4/Gas6/Kcnb1/Ano1/Stxbp4/Tcf7l2/Raf1"
"GO:0048259","GO:0048259","regulation of receptor-mediated endocytosis",90,-0.298066833041161,-1.27694484518251,0.0930735930735931,0.305333393808365,0.250576170556564,1414,"tags=23%, list=16%, signal=20%","Dnajc6/Synj1/Cbl/Ap2m1/Nsf/Insr/Ccdc32/Rala/Ppp3r1/Arrb1/Ophn1/Arf1/Pick1/Angpt1/Ppt1/Itgav/Napb/Rab21/Pip5k1c/Ahi1/Lrp1"
"GO:0046513","GO:0046513","ceramide biosynthetic process",41,0.359594955572005,1.33108756023366,0.0933333333333333,0.305829457364341,0.250983272133823,1725,"tags=29%, list=19%, signal=24%","B3galt1/Cers6/St6galnac3/St3gal1/Pla2g6/Smpd3/Ugt8a/Sptlc2/St6galnac6/Smpd4/Sptlc3/B4galt6"
"GO:0001656","GO:0001656","metanephros development",45,0.347536411682248,1.30565443547162,0.0938697318007663,0.306517849611309,0.251548210973085,1493,"tags=31%, list=16%, signal=26%","Bcl2/Pkd1/Robo2/Kif26b/Tshz3/Rdh10/Slc5a1/Fmn1/Mtss1/Lgr4/Gpc3/Eya1/Hes1/Aqp1"
"GO:0060999","GO:0060999","positive regulation of dendritic spine development",53,0.335054683837942,1.28923156647718,0.093812375249501,0.306517849611309,0.251548210973085,1919,"tags=34%, list=21%, signal=27%","Il1rapl1/Nlgn1/Cux2/Cask/Crebbp/Kalrn/Dbn1/Pbrm1/Reln/Afdn/Itpka/Cpeb3/Grn/Mapk6/Mtor/Itsn1/Dhx36/Fmr1"
"GO:0032092","GO:0032092","positive regulation of protein binding",53,0.334293527068316,1.28630276893524,0.093812375249501,0.306517849611309,0.251548210973085,2234,"tags=40%, list=25%, signal=30%","B2m/Hipk2/Prkn/Arhgef7/Ephb6/Rapgef2/Lfng/Ep300/Mark3/Gsk3b/Plcl2/Aktip/Ip6k2/Tcf7l2/Bdnf/Eif2ak3/Wnt5a/Agrn/Abl1/Add1/Tmem132a"
"GO:2000181","GO:2000181","negative regulation of blood vessel morphogenesis",58,0.330461653447874,1.29865784887832,0.0948616600790514,0.309040645205511,0.253618578878827,1905,"tags=29%, list=21%, signal=23%","Ptprm/Stard13/Tafa5/Adgrb3/Qki/Tgfb2/Fyn/Adgrb1/Pde3b/Atp2b4/Epn2/Spred1/Dab2ip/Rock1/Dcn/Shc1/Atf2"
"GO:0043523","GO:0043523","regulation of neuron apoptotic process",182,0.249536099534101,1.19490159214081,0.0947955390334572,0.309040645205511,0.253618578878827,2042,"tags=29%, list=23%, signal=23%","Bcl2/Chl1/Hipk2/Mt1/Epha7/Mdga2/Mtnr1b/Epha4/Gbe1/Prkn/Tgfb2/Hdac4/Fyn/Ppargc1a/Foxo3/Faim2/Srpk2/Fzd1/Ripk1/Gsk3b/Ambra1/Bace1/Dnajc5/Prodh/Grin1/Grik2/Cpeb4/Pawr/Kcnma1/Map2k4/Tox3/Grn/Retreg1/Braf/Mtor/Adnp/Ptprz1/Rock1/Kcnb1/Pcdhgc5/Itsn1/Nr4a3/Bdnf/Amigo2/Hyou1/Tyro3/Jun/Atf2/Fmr1/App/Agrn/Htt/Abl1"
"GO:0022604","GO:0022604","regulation of cell morphogenesis",184,0.248885612165044,1.19477510986732,0.0949720670391061,0.309043054175752,0.253620555834346,1429,"tags=20%, list=16%, signal=17%","Il1rapl1/Grip1/Myo9a/Cux1/Phip/Syt1/Gna13/Cux2/Epha4/Cask/Prkn/Itsn2/Gas7/Fyn/Brwd3/Rhoq/Zmym4/Cntn2/Kalrn/Ypel4/Mfsd2a/Dbn1/Dlc1/Reln/Arhgap15/Afdn/Spag9/Fgd4/Myh10/Arhgap18/Rhobtb2/Rims2/Ptk2/Akap5/Ss18l1/Itpka/Pxn"
"GO:0051085","GO:0051085","chaperone cofactor-dependent protein refolding",22,-0.426460898718404,-1.36593627963778,0.0951417004048583,0.309237960485456,0.253780508455623,3551,"tags=73%, list=39%, signal=44%","Hspa13/H2-DMa/Dnajc7/Hsph1/St13/Dnajb4/Hspa9/Bag1/Hspa8/Dnajb1/Tor1a/Hspe1-rs1/Hspa2/Sdf2l1/Dnajb14/Ptges3"
"GO:0032288","GO:0032288","myelin assembly",21,0.431194382694398,1.35041179519272,0.0953307392996109,0.309495418601732,0.253991795102165,1445,"tags=33%, list=16%, signal=28%","Gpc1/Tenm4/Mobp/Nfasc/Ugt8a/Abca2/Mtmr2"
"GO:0060350","GO:0060350","endochondral bone morphogenesis",40,0.361084927469392,1.32549560661819,0.0957854406130268,0.310256749020126,0.254616591683993,1937,"tags=40%, list=21%, signal=32%","Rarb/Mef2d/Ext1/Bmpr2/Dlx5/Csgalnact1/Smpd3/Bpnt2/Fgf18/Phospho1/Enpp1/Bmp6/Gnas/Atf2/Axin2/Mmp16"
"GO:0060612","GO:0060612","adipose tissue development",45,0.345278774383657,1.29717275109696,0.0957854406130268,0.310256749020126,0.254616591683993,1922,"tags=40%, list=21%, signal=32%","Pum2/Ppargc1a/Ap1s2/Rasal2/Creb5/Klf7/Ncoa1/Sptlc2/Fto/Zfp516/Vps13b/Enpp1/Lrp5/Ncoa2/Arid5b/Lipa/Atf2/Tbl1xr1"
"GO:0008333","GO:0008333","endosome to lysosome transport",55,-0.3290815033636,-1.29918723538077,0.0959183673469388,0.310330607558753,0.254677204738926,2247,"tags=40%, list=25%, signal=30%","Rilp/Plekhf2/Sort1/Scyl2/Vps39/Chmp7/Lyst/Vps33a/Bin1/Plekhf1/Vipas39/Hgs/Chmp4b/Vps18/Chmp2a/Stx7/Chmp3/Vps4b/Chmp1b2/Tpcn2/Rhob/Vps11"
"GO:0016525","GO:0016525","negative regulation of angiogenesis",57,0.331507267903205,1.30004864860641,0.096078431372549,0.310491994963123,0.254809649596198,1905,"tags=30%, list=21%, signal=24%","Ptprm/Stard13/Tafa5/Adgrb3/Qki/Tgfb2/Fyn/Adgrb1/Pde3b/Atp2b4/Epn2/Spred1/Dab2ip/Rock1/Dcn/Shc1/Atf2"
"GO:0032509","GO:0032509","endosome transport via multivesicular body sorting pathway",26,-0.403708795820598,-1.34688129707763,0.0963114754098361,0.310865968008825,0.255116555868436,2633,"tags=50%, list=29%, signal=36%","Chmp2b/Ptpn23/Rilp/Leprotl1/Sort1/Chmp7/Lyst/Leprot/Chmp4b/Chmp2a/Chmp3/Vps4b/Chmp1b2"
"GO:0002792","GO:0002792","negative regulation of peptide secretion",47,0.350017014703895,1.32955413664448,0.0965250965250965,0.310865968008825,0.255116555868436,1164,"tags=26%, list=13%, signal=22%","Mtnr1b/Prkn/Ppp3ca/Kcnj6/Pde3b/Klf7/Kalrn/Pfkl/Stxbp5l/Irs1/Madd/Cd74"
"GO:2000300","GO:2000300","regulation of synaptic vesicle exocytosis",47,0.34956017882518,1.32781882662583,0.0965250965250965,0.310865968008825,0.255116555868436,1462,"tags=30%, list=16%, signal=25%","Nlgn1/Syt1/Kcnh1/Cask/Cacna1d/Ppfia2/Prkca/Stxbp5l/Stxbp5/Npy1r/Cacna1e/Rims2/Braf/Rims4"
"GO:1904427","GO:1904427","positive regulation of calcium ion transmembrane transport",49,0.342278705510885,1.30997541257596,0.0966469428007889,0.310903064854593,0.255146999919891,1656,"tags=29%, list=18%, signal=23%","Fgf14/Stac/Cacna1c/Ppp3ca/Cacna1d/Stimate/Ank2/Adrb1/Grin1/Adcyap1r1/Akap5/Asph/Cemip/Akap6"
"GO:0032946","GO:0032946","positive regulation of mononuclear cell proliferation",48,0.344058758142277,1.31394285398958,0.0968992248062016,0.311359196697692,0.255521330971884,2180,"tags=40%, list=24%, signal=30%","Bcl2/Adk/Tcf3/Ppp3ca/Igf1/Nck2/Peli1/Igfbp2/Atad5/Cd74/Dnaja3/Hes1/Zfp335/Slc7a1/Vav3/Bcl6/Efnb1/Tfrc/Cd276"
"GO:0045646","GO:0045646","regulation of erythrocyte differentiation",30,0.397321295978308,1.34232287916822,0.0970873786407767,0.311608465842493,0.255725897223098,1801,"tags=37%, list=20%, signal=29%","B2m/Rbfox2/Ets1/Foxo3/Ypel4/Mafb/P4htm/Acvr2a/Cdk6/Ldb1/Brd1"
"GO:0031102","GO:0031102","neuron projection regeneration",51,0.341385474833048,1.30870951905773,0.0972222222222222,0.311686259638478,0.255789739802673,2343,"tags=45%, list=26%, signal=34%","Bcl2/Chl1/Epha4/Igf1r/Pum2/Ptprs/Ntrk3/Kremen1/Nefh/Rtn4rl1/Grn/Braf/Enpp1/Map4k4/Xylt1/Matn2/Jun/Inpp5f/Tnr/Tnc/Ptprf/Fas/D130043K22Rik"
"GO:0001960","GO:0001960","negative regulation of cytokine-mediated signaling pathway",39,0.365463203768285,1.33276334011769,0.0978886756238004,0.311697516930023,0.255798978258287,1587,"tags=31%, list=18%, signal=25%","Robo1/Parp14/Gigyf2/Traip/Ccdc3/Samhd1/Tank/Adar/Stat2/Usp25/Dnaja3/Gas6"
"GO:0006690","GO:0006690","icosanoid metabolic process",40,-0.359648761533507,-1.33096923781052,0.0979166666666667,0.311697516930023,0.255798978258287,2443,"tags=32%, list=27%, signal=24%","Gpx4/Sco1/Acox1/Pnpla8/Ptgr2/Mif/Gpx1/Mgst3/Ptges3/Fabp5/Gstp3/Comt/Ptgs1"
"GO:2000243","GO:2000243","positive regulation of reproductive process",46,0.347808943877604,1.31371879166438,0.0978886756238004,0.311697516930023,0.255798978258287,1066,"tags=22%, list=12%, signal=19%","Unc5c/Pde3a/Smurf2/Igf1r/Hdac4/Lfng/Plcb1/Vip/Cacna1h/Eif4g3"
"GO:0044042","GO:0044042","glucan metabolic process",55,-0.328185784229172,-1.29565100847637,0.0979591836734694,0.311697516930023,0.255798978258287,1119,"tags=27%, list=12%, signal=24%","Slc37a4/Akt1/Irs2/Insr/Gyg1/Gfpt1/Pgm1/Wipi2/Ptges3/Prkag2/Gabarapl1/Npc1/Ugp2/Pgm2/Comt"
"GO:1990542","GO:1990542","mitochondrial transmembrane transport",69,-0.311527731167749,-1.29247940701445,0.098,0.311697516930023,0.255798978258287,2965,"tags=48%, list=33%, signal=32%","Vdac1/Hif1a/Timm17a/Timm23/Psen2/Sfxn2/Tst/Sfxn4/Slc25a15/Pam16/Hspa9/Mcu/Afg3l2/Mcur1/Dnlz/Dnajc19/Grpel2/Opa1/Abcb7/Smdt1/Chchd4/Letm1/Mrs2/Akt1/Vdac2/Maip1/Ghitm/Tomm70a/Slc25a3/Spg7/Mpc1/Slc25a36/Mpc2"
"GO:0006939","GO:0006939","smooth muscle contraction",69,0.314651858116509,1.26832558743959,0.097609561752988,0.311697516930023,0.255798978258287,1328,"tags=29%, list=15%, signal=25%","Chrm2/Cacna1g/Prkg1/Cacna1c/Setd3/Grip2/Rap1gds1/Tshz3/Pla2g6/Smpd3/Adrb1/Atp2b4/Htr7/Edn3/Npy1r/Pawr/Chrm3/Dock5/Adra2b/Kcnma1"
"GO:0033555","GO:0033555","multicellular organismal response to stress",72,0.309727721398055,1.26599439215235,0.0978473581213307,0.311697516930023,0.255798978258287,1507,"tags=32%, list=17%, signal=27%","Bcl2/Kcne2/Gria1/Cacna1b/Cckbr/Ext1/Cntnap2/Ppp3ca/Large1/Gabra5/Grin2b/Penk/Brinp1/Adrb1/Reln/Htr7/Grik1/Grik2/Cacna1e/Capn2/Deaf1/Htr2c/Mtor"
"GO:0048520","GO:0048520","positive regulation of behavior",22,0.43567329253018,1.37053032603716,0.0984251968503937,0.312696961357846,0.256619186471625,629,"tags=27%, list=7%, signal=25%","Nlgn1/Gria1/Mtnr1b/Cckbr/Hdac4/Penk"
"GO:0006949","GO:0006949","syncytium formation",30,0.395864652271819,1.33740170782953,0.0990291262135922,0.313613697164259,0.257371518684351,1370,"tags=30%, list=15%, signal=26%","Adgrb3/Adam9/Adgrb1/Ripor2/Gsk3b/Cxcl12/Cdon/Dock5/Capn2"
"GO:0060292","GO:0060292","long-term synaptic depression",28,0.397583207457693,1.33027686501063,0.0990476190476191,0.313613697164259,0.257371518684351,1919,"tags=39%, list=21%, signal=31%","Gria1/Adcy8/Shank2/Sorcs2/Penk/Drd5/Gnal/Sorcs3/Kcnb1/Dgki/Fmr1"
"GO:0006260","GO:0006260","DNA replication",168,-0.255191096412754,-1.21495121242844,0.0989247311827957,0.313613697164259,0.257371518684351,2350,"tags=33%, list=26%, signal=25%","Mcmbp/Nfrkb/Rnaseh1/Rac1/Gmnn/Atf1/Mcrs1/Sde2/Zranb3/Tnfaip1/Hras/Brca1/Rfc4/Polg2/Recql5/Mapk8/Gen1/Exd2/Poll/Ccna2/Wrn/Uchl5/Faf1/Dbf4/Pole4/Polrmt/Asf1a/Dtd1/Pcna/Recql/Slx4/Rrm1/Pds5a/Ctc1/Ruvbl1/Rrm2b/Esco1/Cacybp/Rfc5/Wrnip1/Tk2/Mcm8/Smarcal1/Wdhd1/Orc4/Tipin/Adra2a/Zmpste24/Smarca5/E4f1/Helb/Brca2/Prim2/Rbbp4/Polb/Chaf1a"
"GO:0051291","GO:0051291","protein heterooligomerization",20,0.444059110663938,1.37968015714952,0.0994263862332696,0.314459659265268,0.258065769454183,1062,"tags=30%, list=12%, signal=27%","Pkd1/Syt1/Kcnc2/Grin2b/Ski/Grin1"
"GO:0035019","GO:0035019","somatic stem cell population maintenance",46,0.346000278147644,1.30688723025944,0.0998080614203455,0.315312911527504,0.258766002997993,2114,"tags=41%, list=23%, signal=32%","Esrrb/Bmpr1a/Ski/Zhx2/Sox4/Cul4a/Vps72/Bcl9/Med24/Hes1/Braf/Lrp5/Kat6a/Tcf7l2/Raf1/Ldb1/Sox2/Nr2e1/Med27"
"GO:0046631","GO:0046631","alpha-beta T cell activation",57,0.330926284897664,1.29777024857013,0.1,0.315565509518477,0.258973301113927,2042,"tags=35%, list=23%, signal=27%","Bcl2/Bcl11b/Rora/Rc3h1/Sh3rf1/Ep300/Ap3d1/Cblb/Itpkb/Tox/Braf/Mapk8ip1/Prr7/Mtor/Kmt2a/Ncor1/Cbfb/Atf2/Bcl6/Abl1"
"GO:0045747","GO:0045747","positive regulation of Notch signaling pathway",27,0.406268024533555,1.34345578121665,0.10077519379845,0.317656035932921,0.26068892120004,1875,"tags=44%, list=21%, signal=35%","Robo1/Robo2/Tgfb2/Zmiz1/Lfng/Epn2/Hes1/Itgb1bp1/Cntn6/Tspan5/Slc35c2/Sox2"
"GO:0046890","GO:0046890","regulation of lipid biosynthetic process",121,0.269223314370275,1.21876763078792,0.101102941176471,0.318333059480776,0.261244530155491,2029,"tags=31%, list=22%, signal=25%","Erbb4/Hsd3b4/Prox1/Prkg1/Igf1r/Qki/Abcg1/Igf1/Ppargc1a/Srebf2/Pla2g6/Ppara/Ccdc3/Mfsd2a/Smpd3/Gnai1/Rdh10/Dcaf5/Abca2/Cd74/Npy1r/Capn2/Lpcat3/Htr2c/Mtor/Atp1a1/Bmp6/Tcf7l2/Dkk3/Scap/Chlsn/Fdps/Fgf1/Lpcat1/Asxl3/Malrd1/Sirt2/Srebf1"
"GO:0000002","GO:0000002","mitochondrial genome maintenance",25,-0.406480931495783,-1.34018755448701,0.101626016260163,0.318980210671131,0.26177562393802,1790,"tags=40%, list=20%, signal=32%","Polg2/Opa1/Chchd4/Rrm1/Rrm2b/Tk2/Mrpl39/Tymp/Mrpl15/Slc25a36"
"GO:0060041","GO:0060041","retina development in camera-type eye",107,0.297564144965431,1.32073110935098,0.101490161328738,0.318980210671131,0.26177562393802,2000,"tags=34%, list=22%, signal=27%","Ptprm/Prox1/Hipk2/Tgfb2/Acvr2b/Sdk2/Large1/Nectin1/Bmpr2/Thrb/Ski/Zhx2/Tub/Mfsd2a/Six3/Cep290/Cdon/Atp2b4/Rpgr/Myh10/Col4a1/Tmem135/Elp6/Megf11/Hes1/Grn/Chd7/Lrp5/Atp8a2/Fat3/Lpcat1/Sox2/Calb1/Nectin3/Nr2e1/Dcx"
"GO:0097306","GO:0097306","cellular response to alcohol",61,0.321640824693902,1.27266596608794,0.101761252446184,0.318980210671131,0.26177562393802,1433,"tags=26%, list=16%, signal=22%","Grip1/Epha5/Glra3/Adcy8/Adcy2/Adcy5/Gpr155/Foxo3/Akap8/Nr3c2/Prkd1/Gnai1/Prkce/Adcy1/Cybb/Dnmt3a"
"GO:0071222","GO:0071222","cellular response to lipopolysaccharide",73,0.303279497410833,1.24747642076974,0.101727447216891,0.318980210671131,0.26177562393802,2124,"tags=32%, list=23%, signal=24%","Sash1/B2m/Adam9/Akap8/Plscr1/Cmpk2/Prkca/Tut4/Prkce/Irf8/Ctr9/Pde4b/Capn2/Dab2ip/Bmp6/Mtdh/Epsti1/Nfkbib/Wnt5a/Git1/Abl1/Irak4/Efnb2"
"GO:0048706","GO:0048706","embryonic skeletal system development",64,0.319557691695433,1.27681704646348,0.102204408817635,0.32001336005344,0.262623492599234,1937,"tags=33%, list=21%, signal=26%","Dscaml1/Etl4/Chst11/Asxl2/Sox11/Ext1/Tgfb2/Wnt11/Wnt9a/Dlx5/Rdh10/Acvr2a/Fgf9/Eya1/Deaf1/Zeb1/Dync2i1/Xylt1/Wnt5a/Gnas/Mmp16"
"GO:0045292","GO:0045292","mRNA cis splicing, via spliceosome",24,-0.411797562028613,-1.34240749656939,0.103174603174603,0.320963489485562,0.263403229763468,2979,"tags=62%, list=33%, signal=42%","Wbp4/Clns1a/Cwc15/Cactin/Dcps/Eif1/Sde2/Exosc10/Rbm17/BC005624/Prpf4b/Rbm22/Ncbp2/Snrpc/Prpf39"
"GO:0006623","GO:0006623","protein targeting to vacuole",32,-0.371939048596736,-1.3150018563226,0.102880658436214,0.320963489485562,0.263403229763468,2404,"tags=47%, list=27%, signal=35%","Snx16/Scarb2/Vps41/Vps53/Sorl1/Vps13d/Ncoa4/Hspa8/Sort1/Gcc2/M6pr/Lamp2/Vps8/Hgs/Gga3"
"GO:0030514","GO:0030514","negative regulation of BMP signaling pathway",38,0.359594578042968,1.29816916686481,0.102713178294574,0.320963489485562,0.263403229763468,1223,"tags=26%, list=13%, signal=23%","Bmper/Hipk2/Smurf2/Gpr155/Ski/Fzd1/Vwc2/Lemd2/Htra1/Smad6"
"GO:0042116","GO:0042116","macrophage activation",46,0.343539976933384,1.29759435842499,0.103646833013436,0.320963489485562,0.263403229763468,2574,"tags=43%, list=28%, signal=31%","Lrfn5/Rora/Slc7a2/Myo18a/Prkce/Ifi35/Cebpa/Grn/Mfhas1/Ifngr2/Epsti1/Wnt5a/Jun/App/Shpk/Stk39/Ctsc/Pla2g3/Gpr137b/Tafa3"
"GO:0010632","GO:0010632","regulation of epithelial cell migration",55,0.328648285151221,1.28132169139812,0.103515625,0.320963489485562,0.263403229763468,1575,"tags=29%, list=17%, signal=24%","Sash1/Ptprr/Ptprg/Tgfb2/Adam9/Bmpr2/Irs1/Gab2/Prkce/Iqsec1/Ptk2/Dock5/Dab2ip/Aqp1/Mtor/Map4k4"
"GO:0034502","GO:0034502","protein localization to chromosome",70,-0.304743019473292,-1.26513220238924,0.103238866396761,0.320963489485562,0.263403229763468,2726,"tags=43%, list=30%, signal=30%","Ankrd66/Dkc1/Zmynd8/Iffo1/Tasor/Scml2/Cct2/Rnf4/Bub3/Terf2/Tnks2/Tnks/Macroh2a2/Rb1/Slf2/Chmp7/Msh2/Macroh2a1/Htatsf1/Cct4/Pot1b/Wbp2/Mis18a/Sirt6/Mcm8/Kntc1/Terf2ip/Brca2/Cct8/Spdya"
"GO:0010977","GO:0010977","negative regulation of neuron projection development",103,0.285188899686364,1.25853485845037,0.103383458646617,0.320963489485562,0.263403229763468,2360,"tags=35%, list=26%, signal=26%","Fgf13/Epha3/Nlgn1/B2m/Epha7/Ntm/Ptprg/Epha4/Ptprs/Sema3f/Gsk3b/Runx1t1/Kremen1/Cbfa2t2/Ptk2/Rtn4rl1/Hes1/Ntn1/Ptprz1/Map4k4/Ngef/Xylt1/Fat3/Map2/Spock1/Dab1/Wnt5a/Ptpn1/Inpp5f/Rap1gap2/Tnr/Efnb2/Inpp5j/Slit1/D130043K22Rik/Tsc1"
"GO:0043534","GO:0043534","blood vessel endothelial cell migration",78,0.297342245086422,1.2443460643662,0.103646833013436,0.320963489485562,0.263403229763468,1439,"tags=22%, list=16%, signal=18%","Robo1/Pik3r3/Stard13/Pik3c2a/Ets1/Igf1/Akt3/Prkd1/Prkca/Cxcl12/Amotl1/Vegfc/Atp2b4/Fgf18/Fgfr1/Spred1/Itgb1bp1"
"GO:0006352","GO:0006352","DNA-templated transcription initiation",126,-0.27174412326485,-1.24093756063325,0.103448275862069,0.320963489485562,0.263403229763468,1901,"tags=35%, list=21%, signal=28%","Hmgb1/Crcp/Med13/Med21/Taf12/Med9/Egr1/Med12/Med14/Tbpl1/Tfam/Tbp/Med28/Ercc3/Gtf2f2/Polr1f/Macroh2a1/Polrmt/Taf2/Ubtf/Glyr1/Ash2l/Rrn3/Taf13/Med17/Wbp2/Taf10/Gtf3c5/Psmc6/Med8/Med20/Snapc5/Gtf2b/Med16/Med31/Smarcb1/Zmpste24/Taf7/Polr3h/Smarca5/Smarcd1/Dpy30/Taf9/Polr2d"
"GO:0050796","GO:0050796","regulation of insulin secretion",135,0.262427664725278,1.20573898819082,0.102803738317757,0.320963489485562,0.263403229763468,1694,"tags=27%, list=19%, signal=22%","Epha5/Mtnr1b/Doc2b/Cacna1c/Adcy8/Cask/Prkn/Adcy5/Abcg1/Ppp3ca/Kcnj6/Cacna1d/Pde3b/Klf7/Sox4/Pla2g6/Plcb1/Brsk2/Pfkl/Stxbp5l/Irs1/Capn10/Prkce/Fto/Itpr1/Rapgef4/Cacna1e/Chrm3/Ptbp1/Cnr1/Lrp5/Map4k4/Kcnb1/Ano1/Stxbp4/Tcf7l2"
"GO:0010883","GO:0010883","regulation of lipid storage",25,0.415865491489362,1.34450544619373,0.103921568627451,0.321461010309722,0.263811527268484,1208,"tags=32%, list=13%, signal=28%","Asxl2/Abcg1/Clstn3/Vstm2a/Srebf2/Ppara/Fto/Tmem135"
"GO:0002090","GO:0002090","regulation of receptor internalization",62,-0.322721276037883,-1.30500929105223,0.104722792607803,0.322176100186442,0.264398375895415,1359,"tags=24%, list=15%, signal=21%","Synj1/Ap2m1/Nsf/Insr/Rala/Ppp3r1/Arrb1/Ophn1/Arf1/Pick1/Angpt1/Napb/Pip5k1c/Ahi1/Lrp1"
"GO:0014009","GO:0014009","glial cell proliferation",50,0.339944928143288,1.30290708175649,0.104536489151874,0.322176100186442,0.264398375895415,1553,"tags=30%, list=17%, signal=25%","Sox11/Atxn1/Egfr/Cntnap2/Igf1/Epm2a/Penk/Ski/Sox4/Vegfc/Idh2/Ptk2/Hes1/Mtor/Ntn1"
"GO:0045047","GO:0045047","protein targeting to ER",28,-0.385517303409928,-1.30222816492686,0.10482180293501,0.322176100186442,0.264398375895415,2436,"tags=36%, list=27%, signal=26%","Spcs3/Sec61a1/Srp9/Srp72/Sec61b/Sec61g/Get4/Chmp4b/Srp68/Srp54c"
"GO:0032007","GO:0032007","negative regulation of TOR signaling",52,-0.32648684205482,-1.27358363222619,0.104722792607803,0.322176100186442,0.264398375895415,1078,"tags=25%, list=12%, signal=22%","Szt2/Pdcd6/Itfg2/Ube2d1/Depdc5/Tbc1d7/Tsc2/Tbk1/Npc1/Atxn3/Ywhaz/Rps6kb1/Sesn1"
"GO:0030301","GO:0030301","cholesterol transport",58,-0.318724105410313,-1.27053088314797,0.104838709677419,0.322176100186442,0.264398375895415,2596,"tags=43%, list=29%, signal=31%","Anxa2/Sec24a/Pip4k2a/Stard3nl/Arv1/Eepd1/Arl8b/Vps53/Stard3/Washc1/Serac1/Stard5/Nus1/Abca3/Pon1/Osbpl2/Soat1/Tmem97/Vps4b/Abca5/Tpcn2/Npc1/Comt/Scp2/Lrp1"
"GO:0003205","GO:0003205","cardiac chamber development",107,0.280762293669183,1.24615650727914,0.104364326375712,0.322176100186442,0.264398375895415,1879,"tags=29%, list=21%, signal=23%","Robo1/Prox1/Robo2/Sox11/Arid1a/Tgfb2/Wnt11/Bmpr2/Bmpr1a/Fzd1/Sox4/Ryr2/Hey2/Dhrs3/Hectd1/Matr3/Tmem65/Ank2/Ltbp1/Myh10/Fgf9/Smad6/Adgrg6/Hes1/Chd7/Rnls/Acvr1/Cntrl/Ly6e/Wnt5a/Sufu"
"GO:0060759","GO:0060759","regulation of response to cytokine stimulus",75,0.300650240699216,1.25232412451063,0.105263157894737,0.323128081642014,0.265179632948901,1842,"tags=31%, list=20%, signal=25%","Robo1/Irf7/Prkn/Ext1/Parp14/Gigyf2/Traip/Ripk1/Ccdc3/Samhd1/Tank/Adar/Stat2/Cd74/Usp25/Ube2k/Dnaja3/Ifih1/C1qtnf4/Gas6/Lsm14a/Crebrf/Wnt5a"
"GO:0046627","GO:0046627","negative regulation of insulin receptor signaling pathway",28,-0.385324221584322,-1.30157595920428,0.106918238993711,0.327851575064501,0.269056034670617,1040,"tags=25%, list=11%, signal=22%","Prkcb/Prkcd/Tsc2/Prkcq/Pip4k2b/Pid1/Rps6kb1"
"GO:0019369","GO:0019369","arachidonate metabolic process",22,-0.418434330365694,-1.34022751959224,0.107287449392713,0.328626122161591,0.269691677706853,3394,"tags=50%, list=37%, signal=31%","Pla2g4a/Mgll/Ptgs2/Cyp2u1/Fads1/Gpx4/Sco1/Pnpla8/Gpx1/Mgst3/Ptgs1"
"GO:0061337","GO:0061337","cardiac conduction",31,0.381879164378916,1.30234692234379,0.107632093933464,0.329323822697612,0.270264255525253,1647,"tags=32%, list=18%, signal=26%","Kcne2/Cacna1c/Kcnd3/Cacna1d/Ryr2/Tmem65/Ank2/Scn2b/Gjc1/Kcne4"
"GO:0015849","GO:0015849","organic acid transport",172,-0.248292938228095,-1.18373334487067,0.107991360691145,0.330064701114583,0.270872267882686,1694,"tags=24%, list=19%, signal=20%","Lrrc8c/Rbp7/Ppard/Agt/Arg2/Rgs2/Abcc1/Slc25a17/Abcc4/Slc36a1/Atp5pf/Slc17a6/Abcc5/Nf1/Slc36a4/Slc16a6/Akt1/Irs2/Slc1a2/Lrrc8b/Pla2g12a/Slc38a7/Cln8/Slc6a17/Nherf1/Fabp7/Prkcd/Arl6ip1/Pianp/Slc25a22/Acsl1/Slc25a13/Got2/Sv2a/Abcb11/Fabp5/Mpc1/Pla2r1/Cck/Mpc2/Rps6kb1"
"GO:0001678","GO:0001678","intracellular glucose homeostasis",111,0.271913232281596,1.22097379581531,0.1090573012939,0.332961511426014,0.273249576258994,1870,"tags=30%, list=21%, signal=24%","Epha5/Igf1r/Adcy8/Prkn/Adcy5/Abcg1/Ppp3ca/Igf1/Foxo3/Cacna1d/Pde3b/Klf7/Ptprn/Sox4/Pla2g6/Brsk2/Rab11fip5/Prkce/Fto/Tjp1/Cacna1e/Rab11fip2/Lrp5/Map4k4/Gas6/Kcnb1/Ano1/Stxbp4/Tcf7l2/Klf15/Raf1/Nucks1/Kif5b"
"GO:0097194","GO:0097194","execution phase of apoptosis",40,0.351270647681537,1.28946866738233,0.109195402298851,0.333022341643031,0.273299497437428,2096,"tags=35%, list=23%, signal=27%","Xkr4/Taok1/Xkr6/Plscr1/Ripk1/Dlc1/Madd/Trpc5/Blcap/Cdk5rap3/Hsf1/Sirt2/Apaf1/Fzd3"
"GO:0046323","GO:0046323","D-glucose import",54,-0.327394035004161,-1.29002909819755,0.109533468559838,0.333692231785538,0.273849252262832,1207,"tags=26%, list=13%, signal=23%","Crebl2/Mfn2/Akt1/Irs2/Slc1a2/Insr/Oga/Sirt6/Prkcd/Tsc2/Pea15a/Pid1/Rps6kb1/Ahi1"
"GO:0032786","GO:0032786","positive regulation of DNA-templated transcription, elongation",45,-0.337810171053883,-1.28060158922787,0.110416666666667,0.336019618430526,0.27575925504907,1926,"tags=40%, list=21%, signal=32%","Med21/Med9/Ccnt1/Ccnk/Med14/Map2k1/Med28/Pwwp2b/Leo1/Med17/Ctnnb1/Med8/Med20/Ncbp2/Med16/Med31/Supt6/Cbx7"
"GO:0021533","GO:0021533","cell differentiation in hindbrain",21,0.424460941211934,1.32932404645318,0.110894941634241,0.337111052346593,0.276654955737726,1291,"tags=33%, list=14%, signal=29%","Foxp2/Prox1/Rora/Nrxn1/Faim2/Kndc1/Atp2b2"
"GO:0007099","GO:0007099","centriole replication",27,-0.39583304345491,-1.33068730373007,0.111111111111111,0.337336189516129,0.276839717741935,2167,"tags=33%, list=24%, signal=25%","Kat2b/Trim37/Cep44/Cep192/Chmp2a/Vps4b/Spice1/Cetn4/Rttn"
"GO:1901880","GO:1901880","negative regulation of protein depolymerization",55,0.325638222278966,1.26958617040211,0.111328125,0.337336189516129,0.276839717741935,1928,"tags=29%, list=21%, signal=23%","Fgf13/Svil/Nav3/Taok1/Add3/Carmil1/Atxn7/Ttbk2/Ccdc88c/Cracd/Eml4/Swap70/Map1a/Map2/Katnb1/Hdgfl3"
"GO:0002793","GO:0002793","positive regulation of peptide secretion",88,0.291016824055663,1.24479984021055,0.111320754716981,0.337336189516129,0.276839717741935,1273,"tags=25%, list=14%, signal=22%","Doc2b/Cacna1c/Adcy8/Egfr/Cckbr/Cask/Prkn/Abcg1/Arhgef7/Cacna1d/Sox4/Pla2g6/Prkd1/Plcb1/Irs1/Capn10/Prkce/Fto/Itpr1/Rapgef4/Chrm3/Ptbp1"
"GO:0090288","GO:0090288","negative regulation of cellular response to growth factor stimulus",66,0.312842417550847,1.26128195202673,0.111545988258317,0.337470884453945,0.276950257048791,2171,"tags=33%, list=24%, signal=26%","Bmper/Hipk2/Smurf2/Gpc1/Cask/Gpr155/Ski/Fzd1/Vwc2/Lemd2/Atp2b4/Htra1/Smad6/Epn2/Dab2ip/Dcn/Tcf7l2/Wnt5a/Ptpn1/Abl1/Apln/Lrp2"
"GO:0070663","GO:0070663","regulation of leukocyte proliferation",89,0.286781287224424,1.23143509561404,0.111731843575419,0.337470884453945,0.276950257048791,1926,"tags=33%, list=21%, signal=26%","Bcl2/Adk/Sox11/Tcf3/Rc3h1/Ppp3ca/Igf1/Sh3rf1/Ripor2/Tnfrsf21/Gsk3b/Nck2/Peli1/Igfbp2/Cblb/Atad5/Cd74/Pawr/Ptk2/Dnaja3/Hes1/Mapk8ip1/Glmn/Zfp335/Mad1l1/Slc7a1/Vav3/Bcl6/Nmbr"
"GO:0031099","GO:0031099","regeneration",123,0.266913975426448,1.21106772095783,0.111721611721612,0.337470884453945,0.276950257048791,2100,"tags=31%, list=23%, signal=24%","Bcl2/Erbb4/Chl1/mt-Cytb/Epha4/Igf1r/Egfr/Pum2/Ezh2/Igf1/Large1/Ptprs/Dmd/Cxcl12/Ntrk3/Kremen1/Itpr1/Klf5/Bcl9/Cdkn1b/Nefh/Ptpn3/Rtn4rl1/Grn/Braf/Enpp1/Fkrp/Map4k4/Gas6/Xylt1/Bdnf/Sox2/Matn2/Jun/Inpp5f/Tnr/Ptgfrn/Tnc"
"GO:0051180","GO:0051180","vitamin transport",22,0.428371313556812,1.34755994021211,0.112204724409449,0.338410190154376,0.277721111564441,2954,"tags=50%, list=33%, signal=34%","Abcd4/Slc5a6/Slc19a2/Tcn2/Slc25a32/Lrp2/Apoa1/Slc23a2/Rbp4/Slc2a3/Slc2a9"
"GO:0099637","GO:0099637","neurotransmitter receptor transport",27,0.399724113122482,1.32181623518772,0.112403100775194,0.338410190154376,0.277721111564441,792,"tags=22%, list=9%, signal=20%","Cacng2/Grip1/Mapk10/Grip2/Epb41l1/Ap3d1"
"GO:0050766","GO:0050766","positive regulation of phagocytosis",32,0.382770716987026,1.31056569598048,0.112403100775194,0.338410190154376,0.277721111564441,2410,"tags=56%, list=27%, signal=41%","Rap1gap/Myo18a/Tub/Rapgef1/Lman2/Camk1d/Colec10/Colec11/Ptk2/Mex3b/Rab31/Gas6/Pros1/Calr/Appl2/Ptx3/Cd47/Apoa1"
"GO:0019079","GO:0019079","viral genome replication",62,-0.316138898567667,-1.27839169750121,0.112936344969199,0.339514420025602,0.278627313434779,2225,"tags=40%, list=25%, signal=31%","Phb1/Hspa8/Ppie/Smc6/Tarbp2/Tmem39a/Inpp5k/Ccnk/Eif2ak2/Fbxl2/Grk2/Atg5/Pcbp2/Cnot7/Eif2ak4/Atg16l1/Tmem41b/Setdb1/Ppih/Ddx3x/Smarcb1/Nr5a2/Eef1a1/Ddx5/Znfx1"
"GO:0046626","GO:0046626","regulation of insulin receptor signaling pathway",49,-0.328978171386384,-1.26993477706197,0.113131313131313,0.339514420025602,0.278627313434779,1121,"tags=31%, list=12%, signal=27%","Inpp5k/Ctsd/Opa1/Agt/Mfn2/Marcks/Prkcb/Prkcd/Tsc2/Ogt/Prkcq/Adipor1/Pip4k2b/Pid1/Rps6kb1"
"GO:0033209","GO:0033209","tumor necrosis factor-mediated signaling pathway",45,0.337496588181864,1.26793597017132,0.113026819923372,0.339514420025602,0.278627313434779,786,"tags=20%, list=9%, signal=18%","St18/Prkn/Ext1/Chuk/Foxo3/Traip/Ripk1/Ccdc3/Tank"
"GO:0090169","GO:0090169","regulation of spindle assembly",22,-0.415400566829215,-1.33051050288385,0.11336032388664,0.339839779481437,0.278894324276537,3350,"tags=64%, list=37%, signal=40%","Drg1/Dync1h1/Chmp5/Sass6/Chmp2b/Rnf4/Cep97/Chmp7/Ccsap/Chmp4b/Chmp2a/Chmp3/Vps4b/Chmp1b2"
"GO:0045598","GO:0045598","regulation of fat cell differentiation",89,0.285948711390215,1.22786002587386,0.113594040968343,0.34017854139085,0.279172334031488,2142,"tags=34%, list=24%, signal=26%","Ccn4/Rora/Asxl2/Ncor2/Trio/Igf1/Vstm2a/Ccdc3/Fndc3b/Runx1t1/Wdfy2/Fto/Cebpa/Klf5/Fndc5/Zbtb16/Hes1/Enpp1/Htr2c/Mtor/Lrp5/Mkx/Ptgr3/Tcf7l2/Wnt5a/Axin2/Sirt2/Rreb1/Hnrnpu/Axin1"
"GO:0072080","GO:0072080","nephron tubule development",53,0.328817043147247,1.26523022082616,0.11377245508982,0.34035114484407,0.279313983497972,1493,"tags=26%, list=16%, signal=22%","Bcl2/Pkd1/Hs3st3b1/Kif26b/Wnt11/Gzf1/Fmn1/Mtss1/Hs3st3a1/Lgr4/Gpc3/Eya1/Hes1/Aqp1"
"GO:1901343","GO:1901343","negative regulation of vasculature development",59,0.322746653017943,1.26719429728774,0.114,0.340670201484624,0.279575821845175,1905,"tags=29%, list=21%, signal=23%","Ptprm/Stard13/Tafa5/Adgrb3/Qki/Tgfb2/Fyn/Adgrb1/Pde3b/Atp2b4/Epn2/Spred1/Dab2ip/Rock1/Dcn/Shc1/Atf2"
"GO:0001836","GO:0001836","release of cytochrome c from mitochondria",37,-0.357208158876624,-1.29648607770756,0.114519427402863,0.340810750279955,0.279691165203041,1788,"tags=38%, list=20%, signal=30%","Opa1/Gpx1/Bok/Pdcd5/Sod2/Mllt11/Fam162a/Mfn2/Akt1/Ghitm/Tnfsf10/Bnip3/Cck/Higd1a"
"GO:0048278","GO:0048278","vesicle docking",42,-0.346386485681814,-1.28702484684871,0.114406779661017,0.340810750279955,0.279691165203041,1241,"tags=26%, list=14%, signal=23%","Stx16/Exoc1/Stx6/Vamp2/Ndrg4/Rab8a/Vps18/Stx1a/Stx7/Stx19/Vps11"
"GO:0007585","GO:0007585","respiratory gaseous exchange by respiratory system",38,0.354640847956318,1.28028575022806,0.114341085271318,0.340810750279955,0.279691165203041,1153,"tags=29%, list=13%, signal=25%","Nlgn1/Hipk2/Chst11/Gls/Fut8/Tshz3/Mafb/Nek10/Fto/Grin1/Ccdc88c"
"GO:0042147","GO:0042147","retrograde transport, endosome to Golgi",71,-0.29995413143564,-1.24630932946036,0.114754098360656,0.340810750279955,0.279691165203041,1316,"tags=23%, list=15%, signal=19%","Rufy1/Stx16/Rab9/Stx6/Snx3/Rab14/Heatr5a/Rab6a/Rab29/Snx1/Snx12/Cltc/Rbsn/Vps29/Ankfy1/Vps35"
"GO:0060294","GO:0060294","cilium movement involved in cell motility",92,-0.289111098981286,-1.2428545116146,0.114718614718615,0.340810750279955,0.279691165203041,2764,"tags=37%, list=30%, signal=26%","Chrna7/Dnah12/Dync2h1/Rsph9/Tacr3/Vdac3/Ccdc40/Nphp4/Ttll9/Tmf1/Ift88/Cfap54/Mkks/Cfap20/Rabl2/Dpcd/Tpgs1/Dnai3/Dnali1/Kif9/Dnah7b/Spag6l/Bbs4/Tubb4b/Ttll1/Rsph3b/Ube2b/Slc9b1/Tekt1/Tac1/Cfap69/Spag16/Slirp/Rsph14"
"GO:0051028","GO:0051028","mRNA transport",84,-0.289309420844839,-1.23497109126502,0.11482254697286,0.340810750279955,0.279691165203041,2019,"tags=27%, list=22%, signal=21%","Thoc7/Tnks/Hnrnpa3/Mapt/Magoh/Sec13/Nup35/Nup42/Nup88/Nup107/Nup214/Nsun2/Sem1/Ncbp2/Chtop/Eny2/Nup210/Supt6/Eif4a3/Mcm3ap/Fxr1/Nup133/Hnrnpa2b1"
"GO:0007030","GO:0007030","Golgi organization",99,-0.280290482876526,-1.2301495606794,0.114893617021277,0.340810750279955,0.279691165203041,1405,"tags=19%, list=15%, signal=16%","Map2k2/Atp8b2/Rab43/Yipf5/Rab33b/Rab8a/Rab29/Bag5/Yipf4/Bet1/Tmed5/Cltc/Rbsn/Tango2/Cog7/Hikeshi/Ywhaz/Cog4/Ubxn2b"
"GO:0015918","GO:0015918","sterol transport",60,-0.313538955874446,-1.26253127723628,0.115151515151515,0.341216582226046,0.280024216932734,2596,"tags=42%, list=29%, signal=30%","Anxa2/Sec24a/Pip4k2a/Stard3nl/Arv1/Eepd1/Arl8b/Vps53/Stard3/Washc1/Serac1/Stard5/Nus1/Abca3/Pon1/Osbpl2/Soat1/Tmem97/Vps4b/Abca5/Tpcn2/Npc1/Comt/Scp2/Lrp1"
"GO:0009994","GO:0009994","oocyte differentiation",30,0.388944295050233,1.31402175330764,0.116504854368932,0.344810708954311,0.282973787894595,921,"tags=27%, list=10%, signal=24%","Bcl2/Pde3a/Lgr5/Igf1/Wdr77/Foxo3/Plcb1/Tut4"
"GO:0001885","GO:0001885","endothelial cell development",36,0.360939937987163,1.27896510114699,0.116731517509728,0.344810708954311,0.282973787894595,2162,"tags=39%, list=24%, signal=30%","Magi1/Pecam1/Rapgef2/Ptprs/Dmd/Plcb1/Rapgef1/Afdn/Tjp1/Vcl/Rock1/Rap2c/Heg1/Add1"
"GO:0060048","GO:0060048","cardiac muscle contraction",68,0.311293017030184,1.25626019984869,0.116731517509728,0.344810708954311,0.282973787894595,1656,"tags=28%, list=18%, signal=23%","Sgcd/Fgf13/Kcne2/Cacna1c/Hdac4/Kcnd3/Cacna1d/Dmd/Ryr2/Atp1b1/Ank2/Adrb1/Cacna1h/Rnf207/Scn2b/Mtor/Atp1a1/Kcne4/Akap6"
"GO:0030217","GO:0030217","T cell differentiation",140,0.259093225934758,1.19619289491393,0.116883116883117,0.344896987828925,0.283044593874023,2585,"tags=39%, list=29%, signal=28%","Bcl2/Bcl11b/B2m/Rora/Arid1a/Tcf3/Rc3h1/Drosha/Zmiz1/Foxo3/Sh3rf1/Lfng/Sox4/Sox12/Ep300/Ap3d1/Mafb/Ambra1/Pbrm1/Nfatc3/Arid2/Itpkb/Cd74/Cdk6/Dnaja3/Tox/Chd7/Zeb1/Braf/Enpp1/Prr7/Mtor/Kmt2a/Prex1/Ncor1/Lipa/Cbfb/Atf2/Bcl6/Abl1/Nhej1/Egr3/Fas/Il1rl2/Tsc1/Socs5/Smarca4/Smarcd3/Stat3/Wwp1/Smarcd2/Brd2/Sp3/Fcer1g"
"GO:1904377","GO:1904377","positive regulation of protein localization to cell periphery",51,0.334229963641651,1.28127869290883,0.117063492063492,0.345067908613934,0.283184862435028,1389,"tags=27%, list=15%, signal=23%","Cacng2/Epha3/Grip1/Stac/Egfr/Dpp10/Dpp6/Nrxn1/Ramp3/Gnai1/Atp2b4/Akap5/Pias1/Rab11fip2"
"GO:0090307","GO:0090307","mitotic spindle assembly",48,-0.330030676536733,-1.27113356239077,0.117283950617284,0.345356502444625,0.283421701046222,2402,"tags=42%, list=26%, signal=31%","Wrap73/Rab11a/Poldip2/Cep97/Zfp207/Bccip/Kif11/Cep192/Chmp7/Mzt1/Ccsap/Chmp4b/Chmp2a/Racgap1/Chmp3/Vps4b/Spice1/Chmp1b2/Chek2/Cltc"
"GO:0018107","GO:0018107","peptidyl-threonine phosphorylation",59,0.319160329942398,1.25311338240584,0.118,0.345734476635764,0.283731890915085,2005,"tags=34%, list=22%, signal=27%","Bcl2/Spred2/Hipk2/Pard3/Phip/Wnk1/Akt3/Prkd1/Gsk3b/Myo3a/Trpc5/Ube2k/Spred1/Myo3b/Mtor/Cemip/Nlk/Wnt5a/App/Sirt2"
"GO:0042129","GO:0042129","regulation of T cell proliferation",59,0.318244502170222,1.24951758452739,0.118,0.345734476635764,0.283731890915085,2180,"tags=37%, list=24%, signal=29%","Adk/Rc3h1/Ppp3ca/Igf1/Sh3rf1/Ripor2/Tnfrsf21/Nck2/Peli1/Igfbp2/Cblb/Pawr/Dnaja3/Hes1/Mapk8ip1/Glmn/Mad1l1/Slc7a1/Bcl6/Efnb1/Tfrc/Cd276"
"GO:0032259","GO:0032259","methylation",134,-0.260072578646812,-1.20150505983921,0.118025751072961,0.345734476635764,0.283731890915085,1811,"tags=24%, list=20%, signal=19%","Lcmt1/Mtr/Mettl6/Ntmt1/Larp7/Mecom/Setd4/Mettl5/Trmt2a/Trmt9b/Coq5/Ezh1/Setdb2/Alkbh8/Smyd2/Akt1/Zcchc4/Pcif1/Setdb1/Rab6a/Mettl3/Prdm16/Nsun2/Dph5/Lcmt2/Suv39h2/Trmt44/Rnmt/Bud23/Comt/Snrpd3/Trmt13"
"GO:0031669","GO:0031669","cellular response to nutrient levels",169,-0.248155913652751,-1.18277650810951,0.117773019271949,0.345734476635764,0.283731890915085,1784,"tags=24%, list=20%, signal=20%","Atg4b/Eif2ak2/Mapk8/Atg5/Smdt1/Sec13/Ppard/Pak2/Szt2/Wrn/Lamp2/Map1lc3a/Eif2ak4/Pld1/Lars1/Itfg2/Phex/Stk24/Stk26/Depdc5/Tbc1d7/Trim32/Mios/Cadps2/Tsc2/Ogt/Wipi2/Yme1l1/Glul/Prkag2/Gabarapl1/Pick1/Comt/Fos/Atxn3/Gabarapl2/Ywhaz/Rps6kb1/Gdap1/Sesn1/Higd1a"
"GO:0044282","GO:0044282","small molecule catabolic process",192,-0.241451250854764,-1.17513300606155,0.117647058823529,0.345734476635764,0.283731890915085,1584,"tags=22%, list=17%, signal=19%","Gapdh/Ppard/Arg2/Slc25a17/Ada/Eci1/Cyp46a1/Pon1/Ldha/Decr2/Blmh/Lpin2/Acadsb/Decr1/Akt1/Irs2/Etfa/Dbi/Aasdhppt/Nudt3/Cdadc1/Dld/Tysnd1/Pgm1/Glo1/Acadl/Gpi1/Got2/Oat/Adal/Abcb11/Galm/Gnpda2/Dlst/Dbt/Park7/Nudt7/Hibch/Scp2/Ppat/Pkm/Aldh6a1/Crat"
"GO:0015865","GO:0015865","purine nucleotide transport",22,-0.410429587651503,-1.31458866614673,0.119433198380567,0.347174605619027,0.284913753145195,1694,"tags=36%, list=19%, signal=30%","Lrrc8c/Slc25a17/Abcc4/Abcc5/Lrrc8b/Slc35b2/Slc35b3/Calhm2"
"GO:0051503","GO:0051503","adenine nucleotide transport",22,-0.410429587651503,-1.31458866614673,0.119433198380567,0.347174605619027,0.284913753145195,1694,"tags=36%, list=19%, signal=30%","Lrrc8c/Slc25a17/Abcc4/Abcc5/Lrrc8b/Slc35b2/Slc35b3/Calhm2"
"GO:0010332","GO:0010332","response to gamma radiation",34,-0.359825597302496,-1.29116374409585,0.119191919191919,0.347174605619027,0.284913753145195,2182,"tags=35%, list=24%, signal=27%","Hras/Egr1/Xrcc2/Gpx1/Wrn/Sod2/Cbl/Chek2/Zmpste24/Brca2/Rpl26/Polb"
"GO:0031103","GO:0031103","axon regeneration",43,0.34363924383802,1.28510111940249,0.119092627599244,0.347174605619027,0.284913753145195,2343,"tags=47%, list=26%, signal=35%","Bcl2/Chl1/Epha4/Igf1r/Pum2/Ptprs/Ntrk3/Kremen1/Nefh/Rtn4rl1/Grn/Braf/Enpp1/Xylt1/Jun/Inpp5f/Tnr/Tnc/Ptprf/D130043K22Rik"
"GO:0042491","GO:0042491","inner ear auditory receptor cell differentiation",36,0.358342595201539,1.26976160098279,0.118677042801556,0.347174605619027,0.284913753145195,1391,"tags=33%, list=15%, signal=28%","Cux1/Ankrd24/Cdh23/Ripor2/Ush2a/Hey2/Myo3a/Fgfr1/Atp2b2/Kcnma1/Hes1/Myo3b"
"GO:0006839","GO:0006839","mitochondrial transport",119,-0.271722629996492,-1.23255281518602,0.119565217391304,0.347174605619027,0.284913753145195,2537,"tags=43%, list=28%, signal=31%","Vdac1/Hif1a/Timm17a/Timm23/Psen2/Sfxn2/Tst/Sfxn4/Slc25a15/Pam16/Hspa9/Slc25a20/Rhot1/Mcu/Hip1r/Afg3l2/Bnip3l/Mtch1/Mcur1/Gclc/Dnlz/Dnajc19/Grpel2/Opa1/Abcb7/Flvcr1/Smdt1/Bok/Tmem14c/Timm10/Pdcd5/Chchd4/Letm1/Mrs2/Akt1/Hspa4/Dynlt1c/Vdac2/Mtx2/Samm50/Maip1/Ghitm/Tomm70a/Slc25a3/Spg7/Tomm22/Mpc1/Bnip3/Slc25a36/Mpc2/Vps35"
"GO:0043405","GO:0043405","regulation of MAP kinase activity",91,0.284976753482762,1.22858330458314,0.119626168224299,0.347174605619027,0.284913753145195,1852,"tags=29%, list=20%, signal=23%","Sash1/Robo1/Tenm1/Epha4/Zeb2/Egfr/Adam9/Ezh2/Ntrk3/Ksr1/Map3k5/Nek10/Fgd4/Map3k7/Edn3/Fgf18/Fgfr1/Nup62/Map2k4/Dab2ip/Mapk8ip1/Cdk5rap3/Fem1a/Wnt5a/Fgf1/Ptpn1"
"GO:0000819","GO:0000819","sister chromatid segregation",136,-0.261759549908363,-1.20917222574119,0.119565217391304,0.347174605619027,0.284913753145195,1879,"tags=28%, list=21%, signal=22%","Nsl1/Phf10/Lcmt1/Rb1/Bccip/Gen1/Kif11/Cep192/Chmp7/Cdc27/Spc25/Mzt1/Ccsap/Ska2/Prpf4b/Ran/Chmp4b/Ncapg/Chmp2a/Racgap1/Chmp3/Vps4b/Dync1li1/Smarcb1/Spice1/Mis12/Kntc1/Chmp1b2/Cdc16/Usp44/Chek2/Anapc7/Smarca5/Smarcd1/Cltc/Anapc4/Trip13/Smarcc2"
"GO:0002429","GO:0002429","immune response-activating cell surface receptor signaling pathway",112,0.267679111351499,1.20248833988055,0.118959107806691,0.347174605619027,0.284913753145195,2042,"tags=33%, list=23%, signal=26%","Bcl2/Rc3h1/Fyn/Chuk/Eif2b3/Plscr1/Wnk1/Tnfrsf21/Cd247/Dusp22/Znrf1/Plcl2/Peli1/Rapgef1/Prkce/Ifi35/Cblb/Map3k7/Pawr/Grb2/Pde4b/Phpt1/Rab11fip2/Dab2ip/Braf/Dennd1b/Mfhas1/Tax1bp1/Nr4a3/Rnf31/Vav3/Lipa/Elf1/Khdrbs1/Btrc/Appl2/Abl1"
"GO:0099024","GO:0099024","plasma membrane invagination",22,0.422455159131579,1.32894904715918,0.12007874015748,0.347635420148672,0.285291927110168,2632,"tags=50%, list=29%, signal=36%","Xkr4/Xkr6/Adgrb1/Spire2/Elmo1/Rab31/Appl2/Xkr8/Spire1/Fcer1g/Arhgap12"
"GO:0060976","GO:0060976","coronary vasculature development",48,0.334293202131575,1.27664869352472,0.12015503875969,0.347635420148672,0.285291927110168,1358,"tags=27%, list=15%, signal=23%","Sgcd/Robo1/Prickle1/Hey2/Pbrm1/Arid2/Ltbp1/Myh10/Fgf9/Fgfr1/Smad6/Gpc3/Spred1"
"GO:0070936","GO:0070936","protein K48-linked ubiquitination",69,-0.30401277429974,-1.26130103660069,0.12,0.347635420148672,0.285291927110168,2156,"tags=35%, list=24%, signal=27%","Anapc1/Trim65/Hace1/Ube2q2l/Rbx1/Ubr4/Tcf25/Cdc27/Ube2g1/Rnf6/Dtx4/Cdc26/Ube2d1/Kbtbd2/Ube2a/Ube2d3/Bfar/Cdc16/Fbxo7/Ube2b/Anapc7/Anapc4/Rnf146/Skp1"
"GO:0070050","GO:0070050","neuron cellular homeostasis",52,0.329597018114597,1.27103359434235,0.120388349514563,0.347953198904655,0.285552716743315,1933,"tags=33%, list=21%, signal=26%","Calb2/Rimbp2/Kcnh1/Erc1/Prkn/Taok1/Cacna1d/Erc2/Nell2/Grin1/Npy1r/Atp2b2/Cnr1/Map1a/Calb1/Tyro3/App"
"GO:0030168","GO:0030168","platelet activation",42,-0.344663846709048,-1.2806242531427,0.120762711864407,0.347964541956951,0.285562025579703,944,"tags=21%, list=10%, signal=19%","Slc6a4/Entpd2/Prkcd/Pdgfra/Gp5/Pdia6/Prkcq/Adra2a/Pip5k1c"
"GO:0042073","GO:0042073","intraciliary transport",42,-0.343691419110832,-1.27701112580547,0.120762711864407,0.347964541956951,0.285562025579703,2732,"tags=48%, list=30%, signal=33%","Ssx2ip/Dync2h1/Ift122/Ift52/Pcm1/Ift88/Dync2i2/Ift140/Ift20/Ift70b/Bbs12/Cluap1/Ift25/Wdr19/Ift172/Intu/BC048507/Ift43/Ttc21b/Dync2li1"
"GO:0031016","GO:0031016","pancreas development",42,0.342833587818662,1.27661883885139,0.120754716981132,0.347964541956951,0.285562025579703,1972,"tags=33%, list=22%, signal=26%","Prox1/Igf1r/Acvr2b/Igf1/Cdh2/Pde3b/Sox4/Invs/Cdk6/Hes1/Bmp6/Eif2ak3/Wnt5a/Clock"
"GO:0071900","GO:0071900","regulation of protein serine/threonine kinase activity",149,0.255029370821465,1.18629316773284,0.120982986767486,0.348243163136645,0.285790679993728,1852,"tags=28%, list=20%, signal=22%","Sash1/Robo1/Tenm1/Prox1/Tead1/Epha4/Zeb2/Egfr/Slc8a3/Pkib/Adam9/Ezh2/Nrxn1/Rapgef2/Ntrk3/Ksr1/Map3k5/Lats1/Nek10/Fgd4/Ccny/Map3k7/Edn3/Fgf18/Cdkn1b/Fgfr1/Nup62/Map2k4/Nr2f2/Dab2ip/Ip6k2/Mapk8ip1/Ulk4/Cemip/Cdk5rap3/Etaa1/Ccnd2/Fem1a/Wnt5a/Fgf1/Ptpn1"
"GO:0071985","GO:0071985","multivesicular body sorting pathway",27,-0.388152146589961,-1.30486613465779,0.121399176954733,0.348728726461199,0.286189164407476,2633,"tags=48%, list=29%, signal=34%","Chmp2b/Ptpn23/Rilp/Leprotl1/Sort1/Chmp7/Lyst/Leprot/Chmp4b/Chmp2a/Chmp3/Vps4b/Chmp1b2"
"GO:0098534","GO:0098534","centriole assembly",29,-0.374051301684834,-1.27823874425249,0.121338912133891,0.348728726461199,0.286189164407476,2167,"tags=31%, list=24%, signal=24%","Kat2b/Trim37/Cep44/Cep192/Chmp2a/Vps4b/Spice1/Cetn4/Rttn"
"GO:0006836","GO:0006836","neurotransmitter transport",150,0.254443548458782,1.18320125457077,0.121904761904762,0.349824459315294,0.287088393080461,1241,"tags=20%, list=14%, signal=18%","Nrxn3/Nlgn1/Rab3b/Cacna1b/Slc6a6/Pclo/Syt1/Rimbp2/Doc2b/Kcnh1/Erc1/Grm8/Cask/Slc32a1/Prkn/Nrxn1/Slc6a1/Cacna1d/Erc2/Ppfia2/Prkca/Stxbp5l/Mctp2/Syt10/Stxbp5/Syn3/Edn3/Npy1r/Cacna1e/Rims2"
"GO:0043045","GO:0043045","epigenetic programming of gene expression",21,0.418238762271878,1.3098374664566,0.122568093385214,0.351279515913662,0.288282505869155,2220,"tags=52%, list=24%, signal=40%","Arid4a/Smchd1/Arid4b/Gsk3b/a/Dnmt3a/Tet3/Gnas/Kdm1b/Axin1/Tet1"
"GO:0051289","GO:0051289","protein homotetramerization",39,-0.351783879684798,-1.29300882478211,0.122661122661123,0.351279515913662,0.288282505869155,2049,"tags=44%, list=23%, signal=34%","Pkd2/Acot13/Usp16/Ryr1/Tdo2/Ryr3/Cby1/Sod2/Osbpl2/Trpm2/Dnm1/Thg1l/Aldh9a1/Aqp4/Cbr4/Apip/Pkm"
"GO:0090317","GO:0090317","negative regulation of intracellular protein transport",26,-0.390176366865726,-1.30173346861305,0.122950819672131,0.351394938981811,0.288377229443442,2261,"tags=35%, list=25%, signal=26%","Hdac3/Yod1/Ufm1/Sumo1/Nf1/Akap1/Sirt6/Angpt1/Park7"
"GO:0015868","GO:0015868","purine ribonucleotide transport",21,-0.415610827533781,-1.29961379900574,0.122950819672131,0.351394938981811,0.288377229443442,1694,"tags=38%, list=19%, signal=31%","Lrrc8c/Slc25a17/Abcc4/Abcc5/Lrrc8b/Slc35b2/Slc35b3/Calhm2"
"GO:0045332","GO:0045332","phospholipid translocation",31,0.377713273139205,1.28813971718328,0.123287671232877,0.351863483294865,0.288761746964558,1078,"tags=26%, list=12%, signal=23%","Xkr4/Atp9a/Xkr6/Plscr1/Tmem30c/Mfsd2a/Ano4/Trpc5"
"GO:1903305","GO:1903305","regulation of regulated secretory pathway",91,0.283147900460431,1.22069880782222,0.123364485981308,0.351863483294865,0.288761746964558,1462,"tags=23%, list=16%, signal=20%","Nlgn1/Cacna1g/Syt1/Doc2b/Kcnh1/Cacna1i/Cask/Cacna1d/Scamp5/Ppfia2/Prkca/Stxbp5l/Syt10/Stxbp5/Gab2/Cacna1h/Npy1r/Cacna1e/Rims2/Braf/Rims4"
"GO:0002042","GO:0002042","cell migration involved in sprouting angiogenesis",32,0.37828396917404,1.29520355486242,0.124031007751938,0.352693622446984,0.289443012407465,2890,"tags=53%, list=32%, signal=36%","Robo1/Pik3r3/Stard13/Pik3c2a/Akt3/Spred1/Itgb1bp1/Nr2e1/Abl1/Efnb2/Egr3/Map3k3/Map2k5/Pdcd10/Hdac7/Slit2/Fgf2"
"GO:0001570","GO:0001570","vasculogenesis",48,0.330475386846399,1.26206865161882,0.124031007751938,0.352693622446984,0.289443012407465,2089,"tags=35%, list=23%, signal=27%","Qki/Zmiz1/Rapgef2/Hey2/Pbrm1/Myo18b/Fgf9/Fgfr1/Ptk2/Itgb8/Spred1/Enpp1/Glmn/Gjc1/Fgf1/Rin2/Heg1"
"GO:1901654","GO:1901654","response to ketone",115,0.267036445354798,1.20001584952298,0.123827392120075,0.352693622446984,0.289443012407465,2144,"tags=31%, list=24%, signal=24%","Grip1/Epha5/Cacna1b/Adcy8/Egfr/Adcy2/Adcy5/Tgfb2/Foxo3/Akap8/Nr3c2/Prkd1/Ep300/Gnai1/Ncoa1/Gad2/Prkce/Htr7/Borcs7/Adcy1/Cybb/Smyd3/Aqp1/Ncoa2/Gas6/Hsf1/Glb1/Calr/Lipa/Gnas/Axin2/Srebf1/Pck2/Hnrnpu/Tnc/Acaca"
"GO:0046849","GO:0046849","bone remodeling",52,0.325900435336564,1.25677836557231,0.124271844660194,0.35302223614156,0.289712693886297,1600,"tags=31%, list=18%, signal=25%","Egfr/Ext1/Pth1r/Ubash3b/Mitf/Tpp1/Rassf2/Fshr/Prkca/Gsk3b/Lgr4/Dock5/Ppargc1b/Enpp1/Lrp5/Tns3"
"GO:1901222","GO:1901222","regulation of non-canonical NF-kappaB signal transduction",43,0.339988544810149,1.2714486699473,0.12476370510397,0.353350875359786,0.289982396311475,1110,"tags=30%, list=12%, signal=27%","Sash1/Egfr/Rc3h1/Ptp4a3/Rassf2/Crebbp/Nr3c2/Ripk1/Ank3/Smpd3/Ifi35/Uaca/Map3k7"
"GO:1903035","GO:1903035","negative regulation of response to wounding",43,0.339958171687213,1.27133508415934,0.12476370510397,0.353350875359786,0.289982396311475,2343,"tags=37%, list=26%, signal=28%","Tafa5/Epha4/Prkg1/Cask/Ubash3b/Ptprs/Kremen1/Rtn4rl1/Xylt1/Pros1/Ajap1/Inpp5f/Git1/Tnr/Cd109/D130043K22Rik"
"GO:0051149","GO:0051149","positive regulation of muscle cell differentiation",42,0.341374710045438,1.27118637565334,0.124528301886792,0.353350875359786,0.289982396311475,2146,"tags=43%, list=24%, signal=33%","Ccn4/Bcl2/Prox1/Setd3/Igf1/Tshz3/Prkd1/Ep300/Gsk3b/Adrb1/Pias1/Mtor/Akap6/Rbm24/Fdps/Epc1/Efnb2/Mylk3"
"GO:0034219","GO:0034219","carbohydrate transmembrane transport",75,-0.298938963086008,-1.24127107807743,0.125531914893617,0.355169614628728,0.291474970430434,1231,"tags=24%, list=14%, signal=21%","Tmem144/Crebl2/Mfn2/Akt1/Irs2/Slc1a2/Prkcb/Insr/Oga/Sirt6/Prkcd/Tsc2/Abcb11/Fabp5/Pea15a/Pid1/Rps6kb1/Ahi1"
"GO:0051303","GO:0051303","establishment of chromosome localization",65,-0.305138646450632,-1.24863395627753,0.125760649087221,0.355459888794172,0.291713188032122,2430,"tags=35%, list=27%, signal=26%","Bub3/Rab11a/Terb1/Kat2b/Zfp207/Nsl1/Rb1/Mlh1/Chmp7/Spc25/Ska2/Chmp4b/Chmp2a/Racgap1/Chmp3/Vps4b/Ttl/Spice1/Mis12/Chmp1b2/Ube2b/Brca2/Spdya"
"GO:0061180","GO:0061180","mammary gland epithelium development",34,0.367759452426141,1.27689992923753,0.126232741617357,0.356436739356425,0.292514854269943,2034,"tags=35%, list=22%, signal=27%","Robo1/Erbb4/Csmd1/Chuk/Lats1/Deaf1/Ntn1/Lrp5/Wnt5a/Zfp703/Rreb1/Btrc"
"GO:0014075","GO:0014075","response to amine",26,0.398636808681642,1.30223873859752,0.126459143968872,0.356718586290571,0.292746155945009,1193,"tags=31%, list=13%, signal=27%","Kcnc1/Gria1/Ppp1r1b/Ppp3ca/Kcnc2/Grin1/Drd5/Gnal"
"GO:0007193","GO:0007193","adenylate cyclase-inhibiting G protein-coupled receptor signaling pathway",46,0.332789495188987,1.25698841618094,0.126679462571977,0.356982725527831,0.292962925548035,1276,"tags=24%, list=14%, signal=21%","Chrm2/Gabbr2/Grm8/Adcy5/Grik3/Npb/Oprm1/Fshr/Gnai1/Chrm3/Akap5"
"GO:0051099","GO:0051099","positive regulation of binding",96,0.28175231840336,1.22775041540018,0.127306273062731,0.358390686803971,0.294118388894073,849,"tags=18%, list=9%, signal=16%","Zfp618/B2m/Hipk2/Epha4/Prkn/Tgfb2/Arhgef7/Igf1/Ephb6/Rapgef2/Lfng/Ski/Ripor2/Ep300/Mark3/Gsk3b/Plcl2"
"GO:0006486","GO:0006486","protein glycosylation",157,0.250592060886029,1.1738839083618,0.128598848368522,0.361307631807074,0.296512221090038,1136,"tags=17%, list=13%, signal=15%","B3galt1/Fut9/Galnt9/Galntl6/Tmtc2/Lmf1/Galnt18/Tet2/Ext1/Galnt2/Large1/Crppa/St6galnac3/Galnt7/St3gal4/St3gal1/Fut8/Mgat5b/Galnt14/St8sia1/Mgat4a/B3glct/Mogs/St6galnac6/Abca2/Tmtc4/Pofut2"
"GO:0043413","GO:0043413","macromolecule glycosylation",157,0.250592060886029,1.1738839083618,0.128598848368522,0.361307631807074,0.296512221090038,1136,"tags=17%, list=13%, signal=15%","B3galt1/Fut9/Galnt9/Galntl6/Tmtc2/Lmf1/Galnt18/Tet2/Ext1/Galnt2/Large1/Crppa/St6galnac3/Galnt7/St3gal4/St3gal1/Fut8/Mgat5b/Galnt14/St8sia1/Mgat4a/B3glct/Mogs/St6galnac6/Abca2/Tmtc4/Pofut2"
"GO:0070665","GO:0070665","positive regulation of leukocyte proliferation",55,0.318785645783384,1.24286960043214,0.12890625,0.361810570219124,0.296924964615223,2180,"tags=40%, list=24%, signal=31%","Bcl2/Adk/Tcf3/Ppp3ca/Igf1/Gsk3b/Nck2/Peli1/Igfbp2/Atad5/Cd74/Ptk2/Dnaja3/Hes1/Zfp335/Slc7a1/Vav3/Bcl6/Nmbr/Efnb1/Tfrc/Cd276"
"GO:0001569","GO:0001569","branching involved in blood vessel morphogenesis",26,-0.386313622911739,-1.2888463142065,0.129098360655738,0.361989234157083,0.297071587704274,854,"tags=27%, list=9%, signal=24%","Ctnnb1/Sirt6/Mdk/Ppp3r1/Angpt1/Sema3e/Nrp1"
"GO:0071333","GO:0071333","cellular response to glucose stimulus",99,0.279131028548817,1.22002862282535,0.129699248120301,0.36331260556959,0.298157631181648,1769,"tags=30%, list=20%, signal=25%","Epha5/Igf1r/Adcy8/Prkn/Adcy5/Abcg1/Ppp3ca/Igf1/Foxo3/Cacna1d/Pde3b/Klf7/Ptprn/Sox4/Pla2g6/Brsk2/Rab11fip5/Prkce/Fto/Tjp1/Cacna1e/Rab11fip2/Lrp5/Map4k4/Gas6/Kcnb1/Ano1/Stxbp4/Tcf7l2/Raf1"
"GO:0045665","GO:0045665","negative regulation of neuron differentiation",59,0.315604474657009,1.23915209265275,0.13,0.363793445878848,0.298552239586056,2197,"tags=37%, list=24%, signal=28%","Zfp536/B2m/Foxo3/Rap1gap/Zhx2/Dmd/Cntn2/Gsk3b/Six3/Spag9/Ptbp1/Hes1/Disp3/Cntn4/Apbb1/Calr/Sox2/Fmr1/App/Nr2e1/Meis1/Nbn"
"GO:0010717","GO:0010717","regulation of epithelial to mesenchymal transition",60,0.312597937144559,1.23268418632086,0.130177514792899,0.363928806236499,0.298663324979114,1914,"tags=30%, list=21%, signal=24%","Epha3/Spred2/Nkx2-1/Epha4/Qki/Tgfb2/Ezh2/Gsk3b/Pofut2/Pawr/Ptk2/Spred1/Dab2ip/Mtor/Tcf7l2/Acvr1/Zfp703/Axin2"
"GO:0002448","GO:0002448","mast cell mediated immunity",20,-0.423148228242863,-1.2987415190658,0.131524008350731,0.36639276055752,0.300685403961328,2163,"tags=40%, list=24%, signal=31%","D6Wsu163e/Rabgef1/Snap23/Cbl/Cplx2/Snx4/Kit/Ywhaz"
"GO:1904376","GO:1904376","negative regulation of protein localization to cell periphery",22,-0.401300897825188,-1.28534985748503,0.131578947368421,0.36639276055752,0.300685403961328,1455,"tags=32%, list=16%, signal=27%","Lypd1/Ap2m1/Ppp2r5a/Ngdn/Cltc/Pkdcc/Pid1"
"GO:0060761","GO:0060761","negative regulation of response to cytokine stimulus",41,0.339249569676443,1.25577646464096,0.131428571428571,0.36639276055752,0.300685403961328,1350,"tags=27%, list=15%, signal=23%","Robo1/Parp14/Gigyf2/Traip/Ccdc3/Samhd1/Tank/Adar/Stat2/Usp25/Dnaja3"
"GO:0007249","GO:0007249","canonical NF-kappaB signal transduction",130,0.258499499576817,1.1834378789036,0.131238447319778,0.36639276055752,0.300685403961328,2145,"tags=34%, list=24%, signal=26%","Akap13/Rora/Trim25/Erc1/Prkn/Chuk/Rassf2/Zc3hav1/Crebbp/Myo18a/Prkd1/Ripk1/Tank/Ep300/Ube2i/Peli1/Prkce/Uaca/Map3k7/Cd74/Usp25/Nup62/Eda/Dnaja3/Dab2ip/Hdac1/Trim8/Rock1/Nfat5/Mtdh/Ankrd17/Nfkbib/Flot2/Dhx36/Rnf31/Wnt5a/Ror1/Tnfrsf19/Otud7b/Btrc/Abl1/Irak4/Tab3/Tfrc"
"GO:1901861","GO:1901861","regulation of muscle tissue development",20,0.425410999570165,1.32174095890645,0.131931166347992,0.367010885260259,0.301192676746027,2139,"tags=45%, list=24%, signal=34%","Luc7l/Bcl2/Igfbp5/Cdon/Usp2/Tcf7l2/Bdnf/Sirt2/Mrtfb"
"GO:0051294","GO:0051294","establishment of spindle orientation",25,-0.391294113117046,-1.29011586992227,0.132113821138211,0.367156556180946,0.301312223648552,3072,"tags=40%, list=34%, signal=27%","Pafah1b1/Gpsm1/Itgb1/Ankfn1/Hdac3/Bccip/Ska2/Spry1/Mcph1/Ubxn2b"
"GO:0042987","GO:0042987","amyloid precursor protein catabolic process",37,0.351282210008798,1.25598870948438,0.132553606237817,0.368015825003121,0.302017394767419,435,"tags=16%, list=5%, signal=16%","Slc2a13/Lrrtm3/Epha4/Abcg1/Adam9/Igf1"
"GO:0018212","GO:0018212","peptidyl-tyrosine modification",136,0.254283165321466,1.17210896008724,0.132841328413284,0.36808934461026,0.302077729673431,2122,"tags=31%, list=23%, signal=24%","Epha3/Erbb4/Epha7/Epha4/Pecam1/Igf1r/Egfr/Parp14/Igf1/Fyn/Abi2/Dusp22/Prkca/Ddr2/Reln/Prkce/Cd74/Ggnbp2/Fgfr1/Ptk2/Traf3ip1/Pdgfd/Hes1/Aatk/Pxn/Mtor/Zfyve28/Adnp/Ptprz1/Bmp6/Aplp2/Hsf1/Acvr1/Ptpn1/Yes1/App/Inpp5f/Agrn/Abl1/Rap2c/Zfp592/Ptpn4"
"GO:0046942","GO:0046942","carboxylic acid transport",170,-0.244161971143954,-1.16410604231935,0.132762312633833,0.36808934461026,0.302077729673431,1694,"tags=24%, list=19%, signal=19%","Lrrc8c/Rbp7/Ppard/Agt/Arg2/Rgs2/Abcc1/Slc25a17/Abcc4/Slc36a1/Atp5pf/Slc17a6/Abcc5/Nf1/Slc36a4/Akt1/Irs2/Slc1a2/Lrrc8b/Pla2g12a/Slc38a7/Cln8/Slc6a17/Nherf1/Fabp7/Prkcd/Arl6ip1/Pianp/Slc25a22/Acsl1/Slc25a13/Got2/Sv2a/Abcb11/Fabp5/Mpc1/Pla2r1/Cck/Mpc2/Rps6kb1"
"GO:1903078","GO:1903078","positive regulation of protein localization to plasma membrane",41,0.335883317748823,1.24331584472392,0.133333333333333,0.368727510631338,0.302601449649639,1389,"tags=27%, list=15%, signal=23%","Epha3/Grip1/Stac/Egfr/Dpp10/Dpp6/Nrxn1/Ramp3/Atp2b4/Akap5/Rab11fip2"
"GO:1902105","GO:1902105","regulation of leukocyte differentiation",146,0.251978278745771,1.16920971623257,0.133333333333333,0.368727510631338,0.302601449649639,2573,"tags=38%, list=28%, signal=28%","Asxl2/Arid1a/Qki/Rc3h1/Ppp3ca/Drosha/Ubash3b/Zmiz1/Mitf/Foxo3/Sh3rf1/Rassf2/Sox4/Fshr/Ripk1/Sox12/Cul4a/Ep300/Ap3d1/Prkca/Gsk3b/Mafb/Ambra1/Pbrm1/Arid2/Itpkb/Cd74/Cdk6/Ppargc1b/Tox/Zeb1/Braf/Lrrc17/Mtor/Gas6/Eeig1/Hsf1/Cbfb/Gnas/Jun/Bcl6/Abl1/Rptor/Egr3/Fas/Il1rl2/Socs5/Pla2g3/Gpr137b/Smarca4/Notch2/Smarcd3/Smarcd2/Xrcc6/Brd2/Ninj1"
"GO:0030148","GO:0030148","sphingolipid biosynthetic process",60,0.310906034605833,1.22601241643225,0.134122287968442,0.370545693622617,0.304093567251462,1108,"tags=20%, list=12%, signal=18%","B3galt1/Fut9/Cers6/St6galnac3/St3gal1/Pla2g6/Pemt/Smpd3/Ugt8a/Sptlc2/St6galnac6/Abca2"
"GO:0071219","GO:0071219","cellular response to molecule of bacterial origin",76,0.293703599830617,1.22083755676153,0.134469696969697,0.371141631792954,0.304582632344373,2124,"tags=30%, list=23%, signal=23%","Sash1/B2m/Adam9/Akap8/Plscr1/Cmpk2/Prkca/Tut4/Prkce/Irf8/Ctr9/Pde4b/Capn2/Dab2ip/Bmp6/Mtdh/Epsti1/Nfkbib/Wnt5a/Git1/Abl1/Irak4/Efnb2"
"GO:0002053","GO:0002053","positive regulation of mesenchymal cell proliferation",20,0.421085843154649,1.30830280993089,0.135755258126195,0.374087348997743,0.307000076854821,1842,"tags=40%, list=20%, signal=32%","Foxp2/Bmpr1a/Fbxw4/Irs1/Fgf9/Fgfr1/Lrp5/Wnt5a"
"GO:0043299","GO:0043299","leukocyte degranulation",27,-0.377319549297535,-1.26844977194679,0.135802469135802,0.374087348997743,0.307000076854821,2357,"tags=41%, list=26%, signal=30%","Milr1/Abr/D6Wsu163e/Rabgef1/Snap23/Cbl/Cplx2/Vamp2/Snx4/Kit/Ywhaz"
"GO:0001539","GO:0001539","cilium or flagellum-dependent cell motility",93,-0.281156296057438,-1.21240440878636,0.136069114470842,0.37409050202813,0.307002664433829,2764,"tags=37%, list=30%, signal=26%","Chrna7/Dnah12/Dync2h1/Rsph9/Tacr3/Vdac3/Ccdc40/Nphp4/Ttll9/Tmf1/Ift88/Cfap54/Mkks/Cfap20/Rabl2/Dpcd/Tpgs1/Dnai3/Dnali1/Kif9/Dnah7b/Spag6l/Bbs4/Tubb4b/Ttll1/Rsph3b/Ube2b/Slc9b1/Tekt1/Tac1/Cfap69/Spag16/Slirp/Rsph14"
"GO:0060285","GO:0060285","cilium-dependent cell motility",93,-0.281156296057438,-1.21240440878636,0.136069114470842,0.37409050202813,0.307002664433829,2764,"tags=37%, list=30%, signal=26%","Chrna7/Dnah12/Dync2h1/Rsph9/Tacr3/Vdac3/Ccdc40/Nphp4/Ttll9/Tmf1/Ift88/Cfap54/Mkks/Cfap20/Rabl2/Dpcd/Tpgs1/Dnai3/Dnali1/Kif9/Dnah7b/Spag6l/Bbs4/Tubb4b/Ttll1/Rsph3b/Ube2b/Slc9b1/Tekt1/Tac1/Cfap69/Spag16/Slirp/Rsph14"
"GO:0043062","GO:0043062","extracellular structure organization",158,0.248967607031903,1.16490227877139,0.137065637065637,0.376462929094508,0.30894963027927,2279,"tags=30%, list=25%, signal=23%","Col14a1/Flrt2/Spock2/Smoc2/Ets1/Ext1/Tgfb2/Large1/Smoc1/Prickle1/Hmcn1/Colgalt1/Fshr/Mmp24/Csgalnact1/P4ha3/Pxdn/Smpd3/Ddr2/Adamts17/Adamtsl2/Col4a1/Col19a1/Ptk2/Mmp17/Plod2/Fkrp/Gas6/Mkx/Mpv17/Apbb1/Aplp2/Zfp469/Col4a6/Pomt1/Matn2/Axin2/App/Mmp16/Nr2e1/Abl1/Tnr/Arhgap33os/Qsox1/Adamts2/Ptx3/Atxn1l/Hpse2"
"GO:0034067","GO:0034067","protein localization to Golgi apparatus",21,-0.409423637450315,-1.28026647435287,0.137295081967213,0.376725940587738,0.309165474383198,2390,"tags=52%, list=26%, signal=39%","Arfrp1/Sorl1/Vps13d/Atg9a/Gcc2/Ift20/Zdhhc15/Paqr3/Rab33b/Rab6a/Cog7"
"GO:0009311","GO:0009311","oligosaccharide metabolic process",24,0.408212177611508,1.30272111280698,0.13855421686747,0.377712157642294,0.309974827365478,1106,"tags=29%, list=12%, signal=26%","B3galt1/Fut9/St6galnac3/St3gal4/St8sia1/Mogs/St6galnac6"
"GO:1905476","GO:1905476","negative regulation of protein localization to membrane",27,-0.376864256239853,-1.2669191956057,0.137860082304527,0.377712157642294,0.309974827365478,586,"tags=30%, list=6%, signal=28%","Lypd1/Ap2m1/Ppp2r5a/Ogt/Ngdn/Cltc/Pkdcc/Pid1"
"GO:0033344","GO:0033344","cholesterol efflux",28,-0.370522930500989,-1.25157909017788,0.138364779874214,0.377712157642294,0.309974827365478,1463,"tags=25%, list=16%, signal=21%","Abca3/Pon1/Soat1/Abca5/Npc1/Comt/Lrp1"
"GO:0035315","GO:0035315","hair cell differentiation",39,0.342263623971824,1.24815961219092,0.138195777351248,0.377712157642294,0.309974827365478,1466,"tags=33%, list=16%, signal=28%","Cux1/Ankrd24/Cdh23/Ripor2/Ush2a/Hey2/Myo3a/Fgfr1/Atp2b2/Kcnma1/Hes1/Myo3b/Tmem132e"
"GO:0009260","GO:0009260","ribonucleotide biosynthetic process",115,-0.268414332382472,-1.21068339715625,0.138592750533049,0.377712157642294,0.309974827365478,2385,"tags=37%, list=26%, signal=27%","Sdhd/Ndufs8/Ndufv2/Ndufb10/Eno1/Ndufa6/Atic/Ndufb2/Adss2/Sdha/Map2k1/mt-Nd6/Uck1/Ndufc2/Ndufa1/Ndufs2/Ada/Ampd3/Atp5pf/Uckl1/Atp5mf/Ndufa5/Atp5f1c/Gmps/Ndufs3/Aprt/Atp5mc3/Ndufb5/Ndufs7/Sdhb/Ndufv3/Nme1/Slc25a13/Ndufab1/Ndufs6/Ndufa12/Ctps1/Ndufa8/Atp6v1a/Ppat/Pid1/Tmsb4x"
"GO:0009152","GO:0009152","purine ribonucleotide biosynthetic process",104,-0.269193109974806,-1.19810222586625,0.138364779874214,0.377712157642294,0.309974827365478,2385,"tags=38%, list=26%, signal=28%","Sdhd/Ndufs8/Ndufv2/Ndufb10/Eno1/Ndufa6/Atic/Ndufb2/Adss2/Sdha/Map2k1/mt-Nd6/Ndufc2/Ndufa1/Ndufs2/Ada/Ampd3/Atp5pf/Atp5mf/Ndufa5/Atp5f1c/Gmps/Ndufs3/Aprt/Atp5mc3/Ndufb5/Ndufs7/Sdhb/Ndufv3/Nme1/Slc25a13/Ndufab1/Ndufs6/Ndufa12/Ndufa8/Atp6v1a/Ppat/Pid1/Tmsb4x"
"GO:0009199","GO:0009199","ribonucleoside triphosphate metabolic process",172,-0.2427223359929,-1.15717557136382,0.138228941684665,0.377712157642294,0.309974827365478,2385,"tags=41%, list=26%, signal=31%","Slc25a25/Cox11/Hif1a/Ndufa10/Cad/Abcc6/Mlst8/Nme3/Mfsd8/Ddit4/Ctps2/Parg/Ndufs1/Ndufb3/Gale/Sdhd/Ndufs8/Ndufv2/Ndufb10/Slc4a4/Hspa8/Eif6/Kat2b/Eno1/Ndufa6/Ndufb2/Mpi/Sdha/Bloc1s6/Map2k1/Bpgm/Opa1/mt-Nd6/Uck1/Ndufc2/Ndufa1/Atp6v1b2/Gapdh/Ndufs2/Ampd3/Ppp2ca/Pgam1/Atp5pf/Gtpbp1/Atp5mf/Gnai3/Ndufa5/Atp5f1c/Ndufs3/Insr/Atp5mc3/Ndufb5/Ndufs7/Sdhb/Ndufv3/Ran/Nme1/Sirt6/Slc25a13/Ndufab1/Gpi1/Ndufs6/Ogt/Ndufa12/Ctps1/Prkag2/Ndufa8/Atp6v1a/Pid1/Pkm/Tmsb4x"
"GO:1902991","GO:1902991","regulation of amyloid precursor protein catabolic process",28,0.379059433164873,1.26829801899249,0.139047619047619,0.378539573370587,0.310653857792081,435,"tags=18%, list=5%, signal=17%","Slc2a13/Lrrtm3/Epha4/Abcg1/Igf1"
"GO:1902117","GO:1902117","positive regulation of organelle assembly",64,-0.298549956162006,-1.22243359007934,0.139165009940358,0.378539573370587,0.310653857792081,2599,"tags=39%, list=29%, signal=28%","Sdc4/Cnot6/Pan2/G3bp2/Wrap73/Msn/Rab3gap1/Lrsam1/Wipi1/Ift88/Ift20/Mapk8/Atg5/Stx18/Tmem67/Bbs4/Atmin/Cnot6l/Vps4b/Snx7/Trim32/G3bp1/Pip4k2b/Snx4/Fscn1"
"GO:1905145","GO:1905145","cellular response to acetylcholine",30,0.376081551688455,1.27056585281061,0.139805825242718,0.379915926262276,0.311783381270114,1377,"tags=27%, list=15%, signal=23%","Chrm2/Large1/Oprm1/Plcb1/Atp2b4/Itpr1/Chrm3/Sorbs2"
"GO:0062149","GO:0062149","detection of stimulus involved in sensory perception of pain",23,0.408686830299914,1.30521240415644,0.140316205533597,0.380568880840882,0.312319237685337,1676,"tags=43%, list=18%, signal=36%","Grm8/Fyn/Grin2b/Mmp24/Cxcl12/Bace1/Htr7/Pawr/Ano1/Tmem120a"
"GO:0055010","GO:0055010","ventricular cardiac muscle tissue morphogenesis",23,0.406071484441911,1.29685984272812,0.140316205533597,0.380568880840882,0.312319237685337,2171,"tags=39%, list=24%, signal=30%","Prox1/Tgfb2/Bmpr1a/Ryr2/Hey2/Chd7/Ly6e/Heg1/Lrp2"
"GO:0042594","GO:0042594","response to starvation",159,-0.247511045730769,-1.1775200694313,0.140495867768595,0.380689764780674,0.312418442801218,1784,"tags=24%, list=20%, signal=20%","Atg4b/Eif2ak2/Mapk8/Atg5/Smdt1/Pak2/Szt2/Wrn/Lamp2/Map1lc3a/Eif2ak4/Cbl/Sstr1/Lars1/Itfg2/Stk24/Stk26/Depdc5/Tbc1d7/Trim32/Eif2a/Mios/Cadps2/Tsc2/Wipi2/Yme1l1/Glul/Prkag2/Gabarapl1/Pick1/Comt/Fos/Atxn3/Gabarapl2/Ywhaz/Eif2b1/Sesn1/Higd1a"
"GO:1990868","GO:1990868","response to chemokine",20,0.413891458547778,1.28595004326845,0.141491395793499,0.382284519027881,0.313727200442365,1334,"tags=25%, list=15%, signal=21%","Robo1/Wnk1/Ripor2/Cxcl12/Wbp1l"
"GO:1990869","GO:1990869","cellular response to chemokine",20,0.413891458547778,1.28595004326845,0.141491395793499,0.382284519027881,0.313727200442365,1334,"tags=25%, list=15%, signal=21%","Robo1/Wnk1/Ripor2/Cxcl12/Wbp1l"
"GO:1902476","GO:1902476","chloride transmembrane transport",56,0.312351463278384,1.22458219255958,0.141472868217054,0.382284519027881,0.313727200442365,1148,"tags=20%, list=13%, signal=17%","Gabra1/Glra3/Ttyh3/Gabra5/Slc6a1/Gabra2/Gabrg3/Best3/Slc12a1/Ano4/Gabra4"
"GO:0032370","GO:0032370","positive regulation of lipid transport",45,-0.326083567784682,-1.2361473126265,0.141666666666667,0.38236092265943,0.313789902163822,1463,"tags=24%, list=16%, signal=21%","Abca3/Pon1/Mfn2/Dbi/Prkcd/Acsl1/Abca5/Tac1/Pla2r1/Scp2/Lrp1"
"GO:0048709","GO:0048709","oligodendrocyte differentiation",87,0.280939233081633,1.20036833111511,0.141791044776119,0.38236092265943,0.313789902163822,1725,"tags=28%, list=19%, signal=23%","Sox6/Nkx2-1/Tenm4/Mobp/Sox11/Qki/Slc8a3/Sox1/Cntnap2/Eif2b3/Tnfrsf21/Exoc4/Cntn2/Aspa/Abca2/Sox5/Hes1/Ulk4/Enpp1/Mtor/Hdac1/Ptprz1/Tcf7l2/B4galt6"
"GO:0021952","GO:0021952","central nervous system projection neuron axonogenesis",24,0.408034142205258,1.30215295121047,0.142570281124498,0.383738545774348,0.314920468068523,496,"tags=17%, list=5%, signal=16%","Epha4/Zeb2/Dclk1/Plxna4"
"GO:0003254","GO:0003254","regulation of membrane depolarization",33,0.369787006043571,1.27257169192299,0.142574257425743,0.383738545774348,0.314920468068523,1632,"tags=30%, list=18%, signal=25%","B2m/Cacna1g/Rbfox2/Cacna1c/Fgf12/Cacna1d/Ank3/Ptpn3/Scn2b/Dcn"
"GO:0034248","GO:0034248","regulation of amide metabolic process",47,0.323063687668915,1.22717080683406,0.142857142857143,0.383766852784965,0.314943698617373,1571,"tags=23%, list=17%, signal=19%","Slc2a13/Lrrtm3/Epha4/Abcg1/Igf1/Pla2g6/Smpd3/Abca2/Tpk1/Mtor/Rock1"
"GO:1905952","GO:1905952","regulation of lipid localization",90,-0.279601203991282,-1.19783644661393,0.142857142857143,0.383766852784965,0.314943698617373,1875,"tags=29%, list=21%, signal=23%","Mif/Nus1/Pnpla2/Osbpl11/Ppard/Agt/Abca3/Kdm5b/Atp5pf/Pon1/Mfn2/Asxl1/Akt1/Irs2/Dbi/Prkcd/Tmem97/Acsl1/Fitm2/Abca5/Cry1/Tac1/Pla2r1/Itgav/Scp2/Lrp1"
"GO:0090162","GO:0090162","establishment of epithelial cell polarity",25,0.393878460331362,1.27342072350686,0.143137254901961,0.383787615902688,0.314960738163762,1842,"tags=32%, list=20%, signal=26%","Frmd4a/Myo9a/Pard3/Myo18a/Fat1/Hes1/Frmd4b/Wnt5a"
"GO:0051494","GO:0051494","negative regulation of cytoskeleton organization",112,0.262075621544627,1.17731591936039,0.143122676579926,0.383787615902688,0.314960738163762,1447,"tags=22%, list=16%, signal=19%","Fgf13/Fhod3/Svil/Ctnna2/Pecam1/Nav3/Prkn/Taok1/Arhgef7/Kifc1/Add3/Ppfia1/Tmeff2/Dbn1/Dlc1/Carmil1/Atxn7/Tbcd/Ttbk2/Ccdc88c/Tjp1/Cracd/Kank4/Eml4/Swap70"
"GO:1900271","GO:1900271","regulation of long-term synaptic potentiation",48,0.321808098426901,1.22896871908474,0.143410852713178,0.384155687210776,0.315262801091508,2042,"tags=31%, list=23%, signal=24%","Calb2/Epha4/Adcy8/Gsk3b/Mme/Adrb1/Reln/Adcy1/Akap5/Nptn/Cpeb3/Calb1/Fmr1/App/Abl1"
"GO:0002027","GO:0002027","regulation of heart rate",53,0.320923352927778,1.23485668749613,0.143712574850299,0.384598324718085,0.315626057825869,1654,"tags=32%, list=18%, signal=26%","Kcne2/Cacna1g/Popdc2/Cacna1c/Kcnd3/Cacna1d/Dmd/Ryr2/Hey2/Ank2/Adrb1/Edn3/Cacna1e/Chrm3/Scn2b/Kcne4/Rnls"
"GO:0003044","GO:0003044","regulation of systemic arterial blood pressure mediated by a chemical signal",23,0.404919954621721,1.29318223216268,0.144268774703557,0.385720500108752,0.316546986940693,1287,"tags=35%, list=14%, signal=30%","Nkx2-1/Nr3c2/Mme/Adrb1/Edn3/Drd5/Chrm3/Corin"
"GO:0051961","GO:0051961","negative regulation of nervous system development",105,0.271608035093775,1.2028564875455,0.144761904761905,0.38667208305123,0.31732791694877,2094,"tags=32%, list=23%, signal=25%","Fgf13/Robo1/B2m/Prox1/Epha7/Sox11/Ppp3ca/Clstn3/Bmpr1a/Rapgef2/Ptprs/Ski/Sema3f/Brinp1/Gsk3b/Ntrk3/Trpc5/Ptpn13/Elapor2/Idh2/Ptk2/Hes1/Ntn1/Bdnf/Map2/Dab1/Wnt5a/App/Nr2e1/Kifap3/Sirt2/Appl2/Tnr/Daam2"
"GO:0061097","GO:0061097","regulation of protein tyrosine kinase activity",32,0.370194066482862,1.26750459963843,0.145348837209302,0.387505225407582,0.31801164701373,2055,"tags=34%, list=23%, signal=27%","Epha4/Abi2/Dusp22/Reln/Ggnbp2/Zfyve28/Aplp2/Ptpn1/App/Agrn/Rap2c"
"GO:0014855","GO:0014855","striated muscle cell proliferation",56,0.311286318378289,1.2204062637406,0.145348837209302,0.387505225407582,0.31801164701373,1360,"tags=23%, list=15%, signal=20%","Erbb4/Tenm4/Tgfb2/Bmpr1a/Ski/Hey2/Paxbp1/Smad1/Arid2/Myh10/Fgf9/Fgfr1/Vgll4"
"GO:0021515","GO:0021515","cell differentiation in spinal cord",21,0.408347949548603,1.27886148276662,0.14591439688716,0.388139622641509,0.31853227408143,604,"tags=19%, list=7%, signal=18%","Sox6/Sox1/Gdpd5/Gigyf2"
"GO:0030216","GO:0030216","keratinocyte differentiation",46,0.325205334657298,1.22834207345496,0.145873320537428,0.388139622641509,0.31853227408143,1166,"tags=24%, list=13%, signal=21%","Bcl11b/St14/Tgfb2/Palld/Ppp3ca/Ezh2/Krt90/Kazn/Mafb/Lats1/Ubn1"
"GO:0006672","GO:0006672","ceramide metabolic process",59,0.311711092848915,1.22386557866958,0.146,0.388139622641509,0.31853227408143,1751,"tags=29%, list=19%, signal=23%","B3galt1/Galc/Cers6/St6galnac3/St3gal1/Pla2g6/Smpd3/Ugt8a/Sptlc2/St6galnac6/Abca2/Itgb8/Smpd4/Sptlc3/Hexa/B4galt6/Glb1"
"GO:0097722","GO:0097722","sperm motility",89,-0.277938733631352,-1.19160643812119,0.146236559139785,0.388402095811418,0.318747676402706,2623,"tags=34%, list=29%, signal=24%","Rsph9/Tacr3/Vdac3/Ccdc40/Nphp4/Fsip1/Ttll9/Tmf1/Ift88/Cfap54/Cfap20/Rabl2/Dpcd/Tpgs1/Dnali1/Kif9/Spag6l/Bbs4/Cox7b2/Tubb4b/Ttll1/Rsph3b/Ube2b/Slc9b1/Tekt1/Tac1/Cfap69/Spag16/Slirp/Rsph14"
"GO:0035987","GO:0035987","endodermal cell differentiation",24,-0.38911386935871,-1.26846155347068,0.146825396825397,0.389380497472133,0.31955061557143,2088,"tags=38%, list=23%, signal=29%","Nr0b1/Map2k1/Mmp14/Col12a1/Macroh2a1/Leo1/Ctnnb1/Itgav/Hsbp1"
"GO:0042149","GO:0042149","cellular response to glucose starvation",33,-0.346977950482912,-1.24162038311175,0.146881287726358,0.389380497472133,0.31955061557143,358,"tags=15%, list=4%, signal=15%","Prkag2/Pick1/Ywhaz/Sesn1/Higd1a"
"GO:0045214","GO:0045214","sarcomere organization",22,0.407809362666626,1.28287666092771,0.147637795275591,0.389774799532637,0.319874205137352,788,"tags=27%, list=9%, signal=25%","Fhod3/Prox1/Akap13/Ldb3/Prkd1/Ep300"
"GO:0002067","GO:0002067","glandular epithelial cell differentiation",20,0.411115595075317,1.27732550734533,0.147227533460803,0.389774799532637,0.319874205137352,517,"tags=20%, list=6%, signal=19%","Rarb/Prox1/Ext1/Wdr77"
"GO:0033238","GO:0033238","regulation of amine metabolic process",22,-0.393156710198691,-1.2592643678642,0.147773279352227,0.389774799532637,0.319874205137352,386,"tags=18%, list=4%, signal=17%","Epas1/Park7/Comt/Vps35"
"GO:0045670","GO:0045670","regulation of osteoclast differentiation",35,0.352577005010905,1.23827522449312,0.147859922178988,0.389774799532637,0.319874205137352,1633,"tags=34%, list=18%, signal=28%","Asxl2/Ppp3ca/Ubash3b/Mitf/Rassf2/Fshr/Gsk3b/Mafb/Ppargc1b/Lrrc17/Mtor/Eeig1"
"GO:1901342","GO:1901342","regulation of vasculature development",153,0.249835702295523,1.16645521340643,0.147448015122873,0.389774799532637,0.319874205137352,1493,"tags=22%, list=16%, signal=19%","Sash1/Bmper/Ptprm/Smoc2/Hipk2/Stard13/Tafa5/Ets1/Adgrb3/Qki/Htatip2/Tgfb2/Fyn/Adgrb1/Pde3b/Wnk1/Akt3/Prkd1/Prkca/Cxcl12/Smad1/Vegfc/Atp2b4/Fgf18/Tjp1/Itgb8/Cybb/Epn2/Spred1/Dab2ip/Grn/Pxn/Pak4/Aqp1"
"GO:0051249","GO:0051249","regulation of lymphocyte activation",200,0.234011847041415,1.13586291532752,0.147727272727273,0.389774799532637,0.319874205137352,2559,"tags=36%, list=28%, signal=26%","Bcl2/B2m/Adk/Sox11/Arid1a/Tcf3/Rc3h1/Ppp3ca/Drosha/Igf1/Zmiz1/Ephb6/Foxo3/Sh3rf1/Ripor2/Tnfrsf21/Sox4/Sox12/Dusp22/Ep300/Ap3d1/Ambra1/Nck2/Peli1/Pbrm1/Arid2/Fbxo38/Igfbp2/Kmt5b/Cblb/Atad5/Itpkb/Cd74/Pawr/Shld2/Dnaja3/Hes1/Tox/Zeb1/Braf/Mapk8ip1/Pag1/Glmn/Gas6/Zfp335/Flot2/Mad1l1/Slc7a1/Vav3/Cbfb/Tyro3/Bcl6/Abl1/Pms2/Efnb1/Efnb2/Klhl22/Tfrc/Cd276/Egr3/Fas/Cd47/Il1rl2/Socs5/Smarca4/Cd81/Smarcd3/Ephb2/Smarcd2/Xrcc6/Brd2"
"GO:0061982","GO:0061982","meiosis I cell cycle process",54,-0.309327963558355,-1.2188434461593,0.148073022312373,0.38997175408997,0.320035838682031,2971,"tags=46%, list=33%, signal=31%","Fancd2/Cdc25a/Ing2/Eme1/Fancm/Hfm1/Brip1/Ndc1/Ccne1/Ubb/Terb1/M1ap/Rad51ap1/Rec8/Mlh1/Hspa2/Slx4/BC005624/Tex11/Mlh3/Ube2b/Brca2/Trip13/Spdya/Rec114"
"GO:0098586","GO:0098586","cellular response to virus",23,0.403098610306266,1.28736545262264,0.148221343873518,0.389997896391758,0.320057292731946,2025,"tags=52%, list=22%, signal=41%","Ext1/Chuk/Penk/Zc3hav1/Crebbp/Rrp1b/Adar/Ifih1/Calr/Atf2/Fmr1/Gbf1"
"GO:1904659","GO:1904659","D-glucose transmembrane transport",67,-0.295892504964833,-1.21606777200107,0.14867617107943,0.390829710915889,0.320739933092603,1207,"tags=24%, list=13%, signal=21%","Crebl2/Mfn2/Akt1/Irs2/Slc1a2/Prkcb/Insr/Oga/Sirt6/Prkcd/Tsc2/Fabp5/Pea15a/Pid1/Rps6kb1/Ahi1"
"GO:0046676","GO:0046676","negative regulation of insulin secretion",40,0.335690701361629,1.2322767193741,0.149425287356322,0.391338717258471,0.32115765635085,848,"tags=22%, list=9%, signal=20%","Mtnr1b/Prkn/Ppp3ca/Kcnj6/Pde3b/Klf7/Pfkl/Stxbp5l/Irs1"
"GO:2001222","GO:2001222","regulation of neuron migration",40,0.335686719468811,1.23226210236565,0.149425287356322,0.391338717258471,0.32115765635085,1559,"tags=25%, list=17%, signal=21%","Unc5c/Flrt2/Ctnna2/Rapgef2/Nrg3/Gsk3b/Reln/Dab2ip/Ulk4/Ptprz1"
"GO:0038061","GO:0038061","non-canonical NF-kappaB signal transduction",57,0.311686383833745,1.22231848687672,0.149019607843137,0.391338717258471,0.32115765635085,1110,"tags=26%, list=12%, signal=23%","Sash1/Egfr/Rc3h1/Zfp91/Ptp4a3/Chuk/Rassf2/Crebbp/Nr3c2/Ripk1/Ank3/Smpd3/Ifi35/Uaca/Map3k7"
"GO:1901874","GO:1901874","negative regulation of post-translational protein modification",58,-0.302782454942612,-1.20698263278426,0.149193548387097,0.391338717258471,0.32115765635085,2023,"tags=31%, list=22%, signal=24%","Gclc/Mad2l2/Minar1/Atg5/Bag2/Rasd2/Rpl23/Spopl/Rpl5/Akt1/Ctnnb1/Ogt/Arrb1/Bag5/Usp44/Cry1/Ube2b/Park7"
"GO:0030279","GO:0030279","negative regulation of ossification",21,0.406616981850208,1.2734404492587,0.149805447470817,0.391388888888889,0.321198830409357,1616,"tags=33%, list=18%, signal=27%","Bcl2/Acvr2b/Chsy1/Kremen1/Smad6/Enpp1/Mkx"
"GO:0036010","GO:0036010","protein localization to endosome",26,-0.378822767891046,-1.26385480391259,0.149590163934426,0.391388888888889,0.321198830409357,2556,"tags=42%, list=28%, signal=30%","Arl8b/Pacsin2/Tmem30a/Msn/Sorl1/Zdhhc1/Nf2/Micall1/Rab35/Nrp1/Vps35"
"GO:0006937","GO:0006937","regulation of muscle contraction",90,0.278490796804268,1.1992826452674,0.15,0.391388888888889,0.321198830409357,1328,"tags=27%, list=15%, signal=23%","Fgf13/Chrm2/Prkg1/Cacna1c/Setd3/Slc8a3/Hdac4/Dmd/Ryr2/Prkd1/Atp1b1/Prkca/Dbn1/Ank2/Adrb1/Cacna1h/Htr7/Edn3/Rnf207/Pawr/Chrm3/Dock5/Adra2b/Kcnma1"
"GO:0031345","GO:0031345","negative regulation of cell projection organization",146,0.248964957306261,1.15522753998014,0.15,0.391388888888889,0.321198830409357,2053,"tags=28%, list=23%, signal=22%","Fgf13/Epha3/Nlgn1/B2m/Epha7/Ntm/Ptprg/Epha4/Ppp3ca/Fyn/Nrxn1/Grin2b/Rapgef2/Rap1gap/Ptprs/Sema3f/Gsk3b/Runx1t1/Trpc5/Kremen1/Cbfa2t2/Ptk2/Rtn4rl1/Hes1/Ntn1/Ptprz1/Map4k4/Ngef/Xylt1/Odf2l/Evi5l/Fat3/Map2/Spock1/Dab1/Wnt5a/Ptpn1/Inpp5f/Rap1gap2/Mak/Tnr"
"GO:0048499","GO:0048499","synaptic vesicle membrane organization",28,0.376019413914029,1.25812639402764,0.15047619047619,0.392268182018413,0.321920434759424,792,"tags=29%, list=9%, signal=26%","Cacna1b/Syt1/Rimbp2/Doc2b/Erc1/Syngr1/Erc2/Ap3d1"
"GO:0002573","GO:0002573","myeloid leukocyte differentiation",132,0.254826773714037,1.16674841632389,0.150837988826816,0.392847922841004,0.32239620726969,1713,"tags=24%, list=19%, signal=20%","Ccn4/Asxl2/Qki/Gab3/Ppp3ca/Large1/Ubash3b/Chuk/Mitf/Rassf2/Fshr/Ripk1/Plcb1/Eif2ak1/Cul4a/Prkca/Gsk3b/Mafb/Gab2/Cebpa/Cd74/Fam20c/Gpc3/Itgb8/Cdk6/Ppargc1b/Enpp1/Lrrc17/Mtor/Eeig1/Hsf1/Epsti1"
"GO:0002761","GO:0002761","regulation of myeloid leukocyte differentiation",63,0.301984569124791,1.20870954936635,0.151277013752456,0.393627539016085,0.323036010316514,1902,"tags=33%, list=21%, signal=27%","Asxl2/Qki/Ppp3ca/Ubash3b/Mitf/Rassf2/Fshr/Ripk1/Cul4a/Prkca/Gsk3b/Mafb/Cd74/Cdk6/Ppargc1b/Lrrc17/Mtor/Eeig1/Hsf1/Gnas/Jun"
"GO:0033059","GO:0033059","cellular pigmentation",39,0.338997473525299,1.23624868508922,0.151631477927063,0.393665588207355,0.323067235923783,1234,"tags=23%, list=14%, signal=20%","Bcl2/Zeb2/Kif13a/Ap1s2/Hps3/Ap3d1/Dctn2/Abcb6/a"
"GO:0043489","GO:0043489","RNA stabilization",49,0.322367696695538,1.23377163019704,0.151873767258383,0.393665588207355,0.323067235923783,3069,"tags=55%, list=34%, signal=37%","Qki/Elavl1/Igf2bp3/Rbm38/Vip/Thrap3/Taf15/Nrde2/Tent4a/Ptbp1/Mtor/Syncrip/Dhx36/Rbm24/Axin2/Hnrnpu/Tent5a/Tardbp/Hnrnpa0/Hnrnpd/Ybx1/Trdmt1/Tirap/Mettl16/Mettl14/Fam76b/Elavl4"
"GO:0008645","GO:0008645","hexose transmembrane transport",69,-0.293939052212558,-1.21950675298792,0.152,0.393665588207355,0.323067235923783,1207,"tags=23%, list=13%, signal=20%","Crebl2/Mfn2/Akt1/Irs2/Slc1a2/Prkcb/Insr/Oga/Sirt6/Prkcd/Tsc2/Fabp5/Pea15a/Pid1/Rps6kb1/Ahi1"
"GO:0032206","GO:0032206","positive regulation of telomere maintenance",54,-0.308677290601206,-1.21627960272177,0.152129817444219,0.393665588207355,0.323067235923783,1225,"tags=43%, list=14%, signal=37%","Ankrd66/Dkc1/Actr8/Cct2/Terf2/Nfrkb/Mcrs1/Map3k4/Tnks2/Tnks/Uchl5/Slx4/Cct4/Ruvbl1/Pot1b/Ctnnb1/Nvl/Sirt6/Prkcq/Ptges3/Terf2ip/Cct8/Hnrnpa2b1"
"GO:0014909","GO:0014909","smooth muscle cell migration",68,0.297990925825366,1.20257801990519,0.151750972762646,0.393665588207355,0.323067235923783,1333,"tags=26%, list=15%, signal=23%","Ccn4/Bcl2/Tafa5/Gna13/Prkg1/Hdac4/Igf1/Ppargc1a/Bmpr1a/Igfbp5/Ddr2/Fat1/Map3k7/Rapgef4/Fgf9/Ptk2/Dock5/Pdgfd"
"GO:0032388","GO:0032388","positive regulation of intracellular transport",101,-0.26944119009059,-1.1916749435806,0.151578947368421,0.393665588207355,0.323067235923783,2397,"tags=36%, list=26%, signal=27%","Tmem30a/Msn/Sorl1/Oaz2/Mapk14/Oaz1/Ppm1a/Pcm1/Hdac3/Mlc1/Brca1/Stk11/Actn2/Ywhae/Stx18/Pdcd5/Nf2/Prr5l/Ipo5/Vamp2/Ehd2/Prpf4b/Ran/Rbm22/Sirt6/Rab29/Prkcd/Ncbp2/Ergic3/Pgap1/Prkcq/Arf1/Rab21/Scp2/Eif3e/Vps11"
"GO:0051899","GO:0051899","membrane depolarization",58,0.31069803467826,1.22099020311788,0.154150197628458,0.397136023237515,0.32591529754317,1632,"tags=31%, list=18%, signal=26%","Cacng2/B2m/Cacna1g/Rbfox2/Cacna1c/Cacna1i/Kcnq3/Fgf12/Kcnq2/Cacna1d/Ank3/Cacna1h/Grik1/Scn8a/Ptpn3/Scn2b/Kmt2a/Dcn"
"GO:0005977","GO:0005977","glycogen metabolic process",54,-0.308318895567009,-1.21486742053965,0.154158215010142,0.397136023237515,0.32591529754317,1119,"tags=26%, list=12%, signal=23%","Slc37a4/Akt1/Irs2/Insr/Gyg1/Gfpt1/Pgm1/Wipi2/Ptges3/Prkag2/Gabarapl1/Ugp2/Pgm2/Comt"
"GO:0050000","GO:0050000","chromosome localization",70,-0.290391848405648,-1.20555371330341,0.153846153846154,0.397136023237515,0.32591529754317,2430,"tags=34%, list=27%, signal=25%","Bub3/Actr3/Rab11a/Terb1/Kat2b/Zfp207/Nsl1/Rb1/Mlh1/Chmp7/Spc25/Ska2/Chmp4b/Chmp2a/Racgap1/Chmp3/Vps4b/Ttl/Spice1/Mis12/Chmp1b2/Ube2b/Brca2/Spdya"
"GO:0015749","GO:0015749","monosaccharide transmembrane transport",70,-0.290285215492128,-1.20511102971721,0.153846153846154,0.397136023237515,0.32591529754317,1207,"tags=23%, list=13%, signal=20%","Crebl2/Mfn2/Akt1/Irs2/Slc1a2/Prkcb/Insr/Oga/Sirt6/Prkcd/Tsc2/Fabp5/Pea15a/Pid1/Rps6kb1/Ahi1"
"GO:0046390","GO:0046390","ribose phosphate biosynthetic process",118,-0.264607448927051,-1.20287720705375,0.154175588865096,0.397136023237515,0.32591529754317,2385,"tags=36%, list=26%, signal=27%","Sdhd/Ndufs8/Ndufv2/Ndufb10/Eno1/Ndufa6/Atic/Ndufb2/Adss2/Sdha/Map2k1/mt-Nd6/Uck1/Ndufc2/Ndufa1/Ndufs2/Ada/Ampd3/Atp5pf/Uckl1/Atp5mf/Ndufa5/Atp5f1c/Gmps/Ndufs3/Aprt/Atp5mc3/Ndufb5/Ndufs7/Sdhb/Ndufv3/Nme1/Slc25a13/Ndufab1/Ndufs6/Ndufa12/Ctps1/Ndufa8/Atp6v1a/Ppat/Pid1/Tmsb4x"
"GO:0060977","GO:0060977","coronary vasculature morphogenesis",24,0.401280947863186,1.2806015881429,0.154618473895582,0.397913113641782,0.326553027780432,1358,"tags=33%, list=15%, signal=28%","Sgcd/Hey2/Pbrm1/Arid2/Fgf9/Fgfr1/Smad6/Spred1"
"GO:0007338","GO:0007338","single fertilization",58,-0.30118642555857,-1.20062037593448,0.155241935483871,0.399153078643749,0.32757062260667,2198,"tags=29%, list=24%, signal=22%","H3f3b/Zpbp/Tarbp2/Crkl/Plat/Stx2/Clgn/Rabl2/Kdm5b/Rab3a/Cct4/Vdac2/Slc9b1/Park7/Cct8/Slirp/Trpc7"
"GO:0007288","GO:0007288","sperm axoneme assembly",21,-0.403565626870342,-1.26194849301049,0.155737704918033,0.400062764319979,0.328317169030291,1424,"tags=29%, list=16%, signal=24%","Tpgs1/Spag6l/Ttll1/Ube2b/Cfap69/Spag16"
"GO:0008643","GO:0008643","carbohydrate transport",78,-0.281203897909078,-1.18133117644105,0.155925155925156,0.400179498540154,0.328412968620044,1231,"tags=23%, list=14%, signal=20%","Tmem144/Crebl2/Mfn2/Akt1/Irs2/Slc1a2/Prkcb/Insr/Oga/Sirt6/Prkcd/Tsc2/Abcb11/Fabp5/Pea15a/Pid1/Rps6kb1/Ahi1"
"GO:0070507","GO:0070507","regulation of microtubule cytoskeleton organization",108,0.26885321925305,1.19664900177349,0.156308851224105,0.400799219972274,0.328921551783305,2221,"tags=34%, list=24%, signal=26%","Fgf13/Epha3/Pkd1/Stmn3/Nav3/Taok1/Arhgef7/Bicd2/Pde4dip/Ripor2/Gsk3b/Gnai1/Atxn7/Fsd1/Tbcd/Ttbk2/Ccdc88c/Cdkn1b/Nup62/Togaram1/Traf3ip1/Cdk2ap2/Slain1/Eml4/Spast/Rock1/Map1a/Map2/Katnb1/Hdgfl3/Agrn/Git1/Abl1/Hnrnpu/Numa1/Akap9/Inpp5j"
"GO:1903115","GO:1903115","regulation of actin filament-based movement",24,0.39831743180505,1.27114416587867,0.156626506024096,0.401248630887185,0.329290367210469,1033,"tags=33%, list=11%, signal=30%","Fgf13/Cacna1c/Zeb2/Ryr2/Dbn1/Ank2/Adrb1/Cacna1h"
"GO:0003143","GO:0003143","embryonic heart tube morphogenesis",40,0.333864585237461,1.22557328559545,0.157088122605364,0.401742746668892,0.32969587031921,2011,"tags=28%, list=22%, signal=21%","Tead1/Arl13b/Kdm2a/Ryr2/Ccdc103/Rnf207/Hes1/Acvr1/Wnt5a/Sufu/Ift57"
"GO:0098727","GO:0098727","maintenance of cell number",131,0.253955745629753,1.16313355676202,0.157116451016636,0.401742746668892,0.32969587031921,1788,"tags=30%, list=20%, signal=24%","Prox1/Tead1/Arid4a/Arid1a/Elavl1/Ezh2/Igf1/Esrrb/Sap130/Jmjd1c/Bmpr1a/Foxo3/Cdh2/Ski/Zhx2/Crebbp/Sox4/Arid4b/Mmp24/Cnot2/Cul4a/Vps72/Tut4/Stag2/Mtf2/Bcl9/Ctr9/Fgfr1/Med24/Hes1/Braf/Hdac1/Trim8/Lrp5/Kat6a/Tcf7l2/Raf1/Ldb1/Smc3"
"GO:0030198","GO:0030198","extracellular matrix organization",157,0.246014369264155,1.15243997868038,0.157389635316699,0.401742746668892,0.32969587031921,2279,"tags=30%, list=25%, signal=23%","Col14a1/Flrt2/Spock2/Smoc2/Ets1/Ext1/Tgfb2/Large1/Smoc1/Prickle1/Hmcn1/Colgalt1/Fshr/Mmp24/Csgalnact1/P4ha3/Pxdn/Smpd3/Ddr2/Adamts17/Adamtsl2/Col4a1/Col19a1/Ptk2/Mmp17/Plod2/Fkrp/Gas6/Mkx/Mpv17/Apbb1/Aplp2/Zfp469/Col4a6/Pomt1/Matn2/Axin2/App/Mmp16/Nr2e1/Abl1/Tnr/Qsox1/Adamts2/Ptx3/Atxn1l/Hpse2"
"GO:0045229","GO:0045229","external encapsulating structure organization",157,0.246014369264155,1.15243997868038,0.157389635316699,0.401742746668892,0.32969587031921,2279,"tags=30%, list=25%, signal=23%","Col14a1/Flrt2/Spock2/Smoc2/Ets1/Ext1/Tgfb2/Large1/Smoc1/Prickle1/Hmcn1/Colgalt1/Fshr/Mmp24/Csgalnact1/P4ha3/Pxdn/Smpd3/Ddr2/Adamts17/Adamtsl2/Col4a1/Col19a1/Ptk2/Mmp17/Plod2/Fkrp/Gas6/Mkx/Mpv17/Apbb1/Aplp2/Zfp469/Col4a6/Pomt1/Matn2/Axin2/App/Mmp16/Nr2e1/Abl1/Tnr/Qsox1/Adamts2/Ptx3/Atxn1l/Hpse2"
"GO:0032232","GO:0032232","negative regulation of actin filament bundle assembly",23,0.399274631022064,1.27515291034103,0.158102766798419,0.402286990572669,0.330142511780716,1263,"tags=30%, list=14%, signal=26%","Prkn/Ppfia1/Tmeff2/Dbn1/Dlc1/Tjp1/Kank4"
"GO:0014888","GO:0014888","striated muscle adaptation",23,0.399167156042578,1.27480967031967,0.158102766798419,0.402286990572669,0.330142511780716,1957,"tags=52%, list=22%, signal=41%","Tead1/Ppp3ca/Ezh2/Hey2/Igfbp5/Smad1/Nfatc3/Atp2b4/Mtor/Gtf2ird1/Klf15/Inpp5f"
"GO:0042311","GO:0042311","vasodilation",37,0.343478522004955,1.22808708581571,0.157894736842105,0.402286990572669,0.330142511780716,1328,"tags=24%, list=15%, signal=21%","Plekha7/Ptprm/Prkg1/Egfr/Ext1/Pla2g6/Adrb1/Ptk2/Kcnma1"
"GO:0071466","GO:0071466","cellular response to xenobiotic stimulus",64,0.298913691582775,1.19433237488137,0.158316633266533,0.402286990572669,0.330142511780716,1587,"tags=27%, list=18%, signal=22%","Kcnc1/Kcne2/Rora/Egfr/Kcnq3/Asic2/Kcnq2/Gstm4/Gstm5/Grin1/Guk1/Ppp1r12a/Akap5/Pde4b/Sult2a7/Braf/Gas6"
"GO:1902904","GO:1902904","negative regulation of supramolecular fiber organization",108,0.267918437399065,1.19248834572647,0.15819209039548,0.402286990572669,0.330142511780716,1447,"tags=22%, list=16%, signal=19%","Fgf13/Fhod3/Svil/Ctnna2/Pecam1/Nav3/Prkn/Taok1/Arhgef7/Add3/Ppfia1/Tmeff2/Dbn1/Dlc1/Carmil1/Atxn7/Tbcd/Ttbk2/Ccdc88c/Tjp1/Cracd/Kank4/Eml4/Swap70"
"GO:0009141","GO:0009141","nucleoside triphosphate metabolic process",184,-0.235801749071691,-1.13892311555316,0.159139784946237,0.404014336917563,0.331560083003207,2389,"tags=33%, list=26%, signal=25%","Tyms/Sdhd/Ndufs8/Ndufv2/Ndufb10/Slc4a4/Hspa8/Eif6/Kat2b/Eno1/Ndufa6/Ndufb2/Mpi/Sdha/Bloc1s6/Tbpl1/Map2k1/Bpgm/Opa1/mt-Nd6/Uck1/Ndufc2/Ndufa1/Atp6v1b2/Gapdh/Ndufs2/Ada/Ampd3/Ppp2ca/Pgam1/Atp5pf/Gtpbp1/Atp5mf/Gnai3/Ndufa5/Atp5f1c/Ndufs3/Insr/Atp5mc3/Rrm2b/Oga/Ndufb5/Ndufs7/Sdhb/Ndufv3/Ran/Nme1/Sirt6/Slc25a13/Ndufab1/Gpi1/Ndufs6/Ogt/Ndufa12/Ctps1/Prkag2/Ndufa8/Atp6v1a/Pid1/Pkm/Tmsb4x"
"GO:0007631","GO:0007631","feeding behavior",69,0.29836964776686,1.2026938631264,0.159362549800797,0.404215720376819,0.331725351188925,1728,"tags=33%, list=19%, signal=27%","Nkx2-1/Gls/Phf21a/Grin2b/Gigyf2/Npb/Oprm1/Cntn2/Fto/Grin1/Npy1r/a/Mmp17/Cnr1/Htr2c/Mtor/Negr1/Hcrtr2/C1qtnf4/Atp8a2/Aplp2/Nr4a3/Bdnf"
"GO:0061045","GO:0061045","negative regulation of wound healing",26,0.388883962544899,1.27037882557832,0.159533073929961,0.404284354617473,0.331781676849796,456,"tags=15%, list=5%, signal=15%","Tafa5/Prkg1/Cask/Ubash3b"
"GO:1903077","GO:1903077","negative regulation of protein localization to plasma membrane",21,-0.401494651303582,-1.25547255868526,0.159836065573771,0.404688259467103,0.332113147080507,1455,"tags=33%, list=16%, signal=28%","Lypd1/Ap2m1/Ppp2r5a/Ngdn/Cltc/Pkdcc/Pid1"
"GO:0048546","GO:0048546","digestive tract morphogenesis",23,0.398500136366258,1.27267942708498,0.160079051383399,0.404939647036283,0.332319451846667,402,"tags=22%, list=4%, signal=21%","Bcl2/Sox11/Egfr/Wnt11/Acvr2b"
"GO:0031641","GO:0031641","regulation of myelination",42,0.329909862459452,1.22849440808402,0.160377358490566,0.405330400203063,0.332640128962732,672,"tags=21%, list=7%, signal=20%","Rarb/Pard3/Tenm4/Qki/Igf1/Tg/Srebf2/Cdh2/Tnfrsf21"
"GO:0042168","GO:0042168","heme metabolic process",25,-0.382946373620435,-1.26259296364401,0.160569105691057,0.405451379782615,0.332739412566735,2509,"tags=52%, list=28%, signal=38%","Cox15/Ireb2/Slc6a9/Cyb5r4/Blvra/Abcb7/Tmem14c/Srrd/Uros/Hmox2/Cpox/Alas1/Snx3"
"GO:0140353","GO:0140353","lipid export from cell",29,-0.360612471262428,-1.23231447224492,0.161087866108787,0.406342458583895,0.333470688995113,2119,"tags=31%, list=23%, signal=24%","Tmf1/Mif/Agt/Kdm5b/Abcc4/Atp5pf/Mfn2/Cry1/Tac1"
"GO:0006112","GO:0006112","energy reserve metabolic process",59,-0.299455339462288,-1.20176351861045,0.161354581673307,0.406342458583895,0.333470688995113,1119,"tags=25%, list=12%, signal=22%","Slc37a4/Akt1/Irs2/Insr/Gyg1/S100b/Gfpt1/Pgm1/Wipi2/Ptges3/Prkag2/Gabarapl1/Ugp2/Pgm2/Comt"
"GO:0045765","GO:0045765","regulation of angiogenesis",148,0.247669466227862,1.15166522601747,0.161350844277674,0.406342458583895,0.333470688995113,1493,"tags=22%, list=16%, signal=19%","Sash1/Bmper/Ptprm/Smoc2/Hipk2/Stard13/Tafa5/Ets1/Adgrb3/Qki/Htatip2/Tgfb2/Fyn/Adgrb1/Pde3b/Wnk1/Akt3/Prkd1/Prkca/Smad1/Vegfc/Atp2b4/Fgf18/Tjp1/Itgb8/Cybb/Epn2/Spred1/Dab2ip/Grn/Pxn/Pak4/Aqp1"
"GO:0061003","GO:0061003","positive regulation of dendritic spine morphogenesis",28,0.374129204960938,1.25180192862475,0.161904761904762,0.407000552228028,0.334010762857188,1380,"tags=29%, list=15%, signal=24%","Il1rapl1/Cux2/Cask/Kalrn/Dbn1/Reln/Afdn/Itpka"
"GO:0043038","GO:0043038","amino acid activation",35,-0.341103537516004,-1.22605115367019,0.161885245901639,0.407000552228028,0.334010762857188,1493,"tags=51%, list=16%, signal=43%","Gatc/Rars2/Cars1/Pars2/Qrsl1/Dars2/Qars1/Yars1/Wars1/Yars2/Aarsd1/Farsb/Lars2/Lars1/Gars1/Aars2/Rars1/Kars1"
"GO:0042181","GO:0042181","ketone biosynthetic process",30,-0.355715410544813,-1.22888458114182,0.162217659137577,0.407423675088852,0.334358004620749,1348,"tags=43%, list=15%, signal=37%","Stard3/Rest/Coq4/Egr1/Coq5/Coq2/Coq9/Pdss1/Sirt6/Rtn4ip1/Coq8a/Scp2/Coq7"
"GO:0010803","GO:0010803","regulation of tumor necrosis factor-mediated signaling pathway",25,0.38592659397626,1.24771210415604,0.162745098039216,0.408021073197962,0.334848267833074,1587,"tags=32%, list=18%, signal=26%","Prkn/Ext1/Traip/Ripk1/Ccdc3/Tank/Ube2k/Gas6"
"GO:0072593","GO:0072593","reactive oxygen species metabolic process",128,-0.256408092727399,-1.1749192849572,0.162689804772234,0.408021073197962,0.334848267833074,2451,"tags=36%, list=27%, signal=27%","Hbp1/Gpx3/Acox1/Mapk14/Ptk2b/Cflar/Prdx6b/Eif6/Cyb5r4/Brca1/Prdx4/Mapt/Abcb7/Prdx3/Ndufc2/Atg5/Prdx1/Gpx1/Tusc2/Cygb/Agt/Arg2/Txnrd1/Sod1/Sod2/Arf4/Gnai3/Mfn2/Akt1/Ndufs3/Cat/Fam210b/Insr/Cyba/Ccn2/Prkcd/Ndufs6/Ogt/Bnip3/Park7/Cycs/Pla2r1/Coq7/Pid1/Nox3/Sesn1"
"GO:1903051","GO:1903051","negative regulation of proteolysis involved in protein catabolic process",53,-0.303765495313695,-1.19653295804923,0.163672654690619,0.408468111077205,0.335215135794934,1565,"tags=26%, list=17%, signal=22%","Aqp11/Uchl5/Anks1/Usp14/Rpl23/Rpl5/Usp5/Ogt/Ophn1/Bag5/Park7/Ufsp2/Gabarapl2/Taf9"
"GO:0045471","GO:0045471","response to ethanol",81,0.280725668782268,1.18251925954538,0.163776493256262,0.408468111077205,0.335215135794934,1494,"tags=25%, list=16%, signal=21%","Bcl2/Gria1/mt-Nd4/Glra3/mt-Cytb/Igf1r/Igf1/Fyn/Kcnc2/Grin2b/Penk/Oprm1/Ppara/Prkca/Prkce/Grin1/Tjp1/Cybb/Dnmt3a/Cnr1"
"GO:0031623","GO:0031623","receptor internalization",104,-0.264162126412265,-1.17571074413352,0.163522012578616,0.408468111077205,0.335215135794934,1359,"tags=22%, list=15%, signal=19%","Synj1/Ap2m1/Rab5a/Hgs/Nsf/Ap2b1/Insr/Dnm1/Rala/Ppp3r1/Eps15/Arrb1/Ophn1/Arf1/Snx1/Pick1/Angpt1/Lmbrd1/Cltc/Napb/Pip5k1c/Ahi1/Lrp1"
"GO:0006006","GO:0006006","glucose metabolic process",126,-0.257363341226036,-1.17526676573679,0.163793103448276,0.408468111077205,0.335215135794934,2287,"tags=32%, list=25%, signal=24%","Hmgb1/Mapk14/Pdk1/Got1/Per2/Kat2b/Eno1/Lepr/Stk11/Xpc/Lcmt1/Clk2/Dgat2/Gapdh/Pik3ca/Pgam1/Ldha/Slc37a4/Akt1/Irs2/Insr/Hectd4/Errfi1/Sirt6/Pgm1/Kbtbd2/Slc25a13/Pgm2l1/Gpi1/Ogt/Pgp/Pdhb/Cry1/Fabp5/Galm/Prkag2/Zmpste24/Adipor1/Pgm2/Pkm"
"GO:0001763","GO:0001763","morphogenesis of a branching structure",129,0.254066974281541,1.16253090752017,0.163302752293578,0.408468111077205,0.335215135794934,1277,"tags=19%, list=14%, signal=16%","Fgf13/Bcl2/Prox1/Pkd1/Epha7/Csmd1/Gna13/Hs3st3b1/Nkx2-1/St14/Ext1/Igf1/Gzf1/Cxcl12/Rdh10/Nfatc3/Ctnnd2/Hs3st3a1/Col4a1/Fgfr1/Lgr4/Gpc3/Eya1/Grb2"
"GO:0009615","GO:0009615","response to virus",162,-0.242647445268339,-1.15771429599213,0.163223140495868,0.408468111077205,0.335215135794934,786,"tags=17%, list=9%, signal=15%","Ndufaf4/Chmp3/Trim32/Abcf3/Ddx3x/Ddx41/Tomm70a/Stmn1/Odc1/Arf1/Dhx15/Usp44/Tbk1/Ddx60/Senp7/Zmpste24/Rnf26rt/Polr3h/Smarca5/Bnip3/Itgax/C1qbp/G3bp1/Rps15a/Ddx1/Elmod2/Znfx1"
"GO:0001667","GO:0001667","ameboidal-type cell migration",160,0.244562010262685,1.15072471457398,0.16412213740458,0.408565532867586,0.335295086365876,1623,"tags=24%, list=18%, signal=20%","Sash1/Erbb4/Prox1/Sema4g/Smurf2/Ptprr/Gna13/Ptprg/Zeb2/Tgfb2/Adam9/Bmpr2/Fut8/Cdh2/Pdlim1/Sema3f/Fndc3b/Cxcl12/Irs1/Amotl1/Gab2/Ddr2/Prkce/Iqsec1/Edn3/Fgfr1/Gpc3/Ptk2/Dock5/Dab2ip/Itgb1bp1/Braf/Aqp1/Mtor/Ankrd11/Lrp5/Rock1/Map4k4/Arid5b"
"GO:0051259","GO:0051259","protein complex oligomerization",159,0.244966755736685,1.14832975436123,0.164092664092664,0.408565532867586,0.335295086365876,1258,"tags=18%, list=14%, signal=16%","Kcnc1/B2m/Clybl/Kcnd2/Pkd1/Syt1/Atl2/Glra3/Adcy8/Rbmxl1/Kctd8/Elavl1/Kcnd3/Gls/Kcnc2/Grin2b/Gria2/Ski/Ripor2/Cd247/Samhd1/Pxdn/Nacc2/Grin1/Itpr1/Kctd16/Cd74/Kcna2/Lzts3"
"GO:0006111","GO:0006111","regulation of gluconeogenesis",32,-0.348625890124718,-1.23257747312565,0.164609053497942,0.409415986546515,0.335993023212691,2167,"tags=34%, list=24%, signal=26%","Kat2b/Lepr/Stk11/Xpc/Clk2/Dgat2/Sirt6/Ogt/Pgp/Cry1/Prkag2"
"GO:0030316","GO:0030316","osteoclast differentiation",65,0.295798346611298,1.18883930689349,0.165029469548134,0.41009968711344,0.336554111758331,1633,"tags=28%, list=18%, signal=23%","Ccn4/Asxl2/Ppp3ca/Ubash3b/Chuk/Mitf/Rassf2/Fshr/Gsk3b/Mafb/Gab2/Fam20c/Gpc3/Ppargc1b/Enpp1/Lrrc17/Mtor/Eeig1"
"GO:0043039","GO:0043039","tRNA aminoacylation",34,-0.342416698679355,-1.2286953180157,0.165656565656566,0.411295332176389,0.33753533479942,1493,"tags=53%, list=16%, signal=44%","Gatc/Rars2/Cars1/Pars2/Qrsl1/Dars2/Qars1/Yars1/Wars1/Yars2/Aarsd1/Farsb/Lars2/Lars1/Gars1/Aars2/Rars1/Kars1"
"GO:0048663","GO:0048663","neuron fate commitment",33,0.358524286590146,1.23381257460341,0.166336633663366,0.411823448563823,0.337968740986411,822,"tags=21%, list=9%, signal=19%","Bcl11b/Prox1/Nkx2-1/Sox1/Tgfb2/Myt1l/Ntrk3"
"GO:0098884","GO:0098884","postsynaptic neurotransmitter receptor internalization",40,-0.331348261561262,-1.22623623465181,0.166666666666667,0.411823448563823,0.337968740986411,1359,"tags=25%, list=15%, signal=21%","Synj1/Ap2m1/Ap2b1/Rala/Ppp3r1/Eps15/Ophn1/Pick1/Pip5k1c/Lrp1"
"GO:0140239","GO:0140239","postsynaptic endocytosis",40,-0.331348261561262,-1.22623623465181,0.166666666666667,0.411823448563823,0.337968740986411,1359,"tags=25%, list=15%, signal=21%","Synj1/Ap2m1/Ap2b1/Rala/Ppp3r1/Eps15/Ophn1/Pick1/Pip5k1c/Lrp1"
"GO:0009247","GO:0009247","glycolipid biosynthetic process",42,0.327676135946725,1.22017661937162,0.166037735849057,0.411823448563823,0.337968740986411,1179,"tags=21%, list=13%, signal=19%","B3galt1/Fut9/Pigs/St6galnac3/St3gal4/St3gal1/Ugt8a/St6galnac6/Pigc"
"GO:0045599","GO:0045599","negative regulation of fat cell differentiation",36,0.343959715600116,1.21879688600333,0.167315175097276,0.411823448563823,0.337968740986411,2142,"tags=33%, list=24%, signal=26%","Ccn4/Rora/Ncor2/Trio/Runx1t1/Enpp1/Mkx/Ptgr3/Tcf7l2/Wnt5a/Sirt2/Axin1"
"GO:0006858","GO:0006858","extracellular transport",33,-0.338908812954528,-1.21274590963172,0.167002012072435,0.411823448563823,0.337968740986411,1596,"tags=30%, list=18%, signal=25%","Dpcd/Arrdc1/Katnip/Spag6l/Nherf1/Aqp4/Ttll1/Rsph3b/Spag16/Rsph14"
"GO:0010631","GO:0010631","epithelial cell migration",69,0.296152109282634,1.19375521958077,0.167330677290837,0.411823448563823,0.337968740986411,1575,"tags=28%, list=17%, signal=23%","Sash1/Prox1/Ptprr/Ptprg/Zeb2/Tgfb2/Adam9/Bmpr2/Irs1/Gab2/Prkce/Iqsec1/Ptk2/Dock5/Dab2ip/Aqp1/Mtor/Rock1/Map4k4"
"GO:0090130","GO:0090130","tissue migration",69,0.296152109282634,1.19375521958077,0.167330677290837,0.411823448563823,0.337968740986411,1575,"tags=28%, list=17%, signal=23%","Sash1/Prox1/Ptprr/Ptprg/Zeb2/Tgfb2/Adam9/Bmpr2/Irs1/Gab2/Prkce/Iqsec1/Ptk2/Dock5/Dab2ip/Aqp1/Mtor/Rock1/Map4k4"
"GO:0090132","GO:0090132","epithelium migration",69,0.296152109282634,1.19375521958077,0.167330677290837,0.411823448563823,0.337968740986411,1575,"tags=28%, list=17%, signal=23%","Sash1/Prox1/Ptprr/Ptprg/Zeb2/Tgfb2/Adam9/Bmpr2/Irs1/Gab2/Prkce/Iqsec1/Ptk2/Dock5/Dab2ip/Aqp1/Mtor/Rock1/Map4k4"
"GO:0032102","GO:0032102","negative regulation of response to external stimulus",169,0.241218888866813,1.14345600639499,0.166355140186916,0.411823448563823,0.337968740986411,1515,"tags=22%, list=17%, signal=19%","Robo1/Lrfn5/Tafa5/Rora/Robo2/Ctnna2/Epha4/Prkg1/Cask/Ets1/Parp14/Arnt/Igf1/Ubash3b/Nrxn1/Smpdl3b/Gigyf2/Ptprs/Sema3f/Ppara/Samhd1/Dbn1/Bace1/Adar/Stat2/Uaca/Grin1/Kremen1/Nt5e/Htra1/Traf3ip1/Dnaja3/Rtn4rl1/Grn/Zdhhc18/Lpcat3/Ilrun/Mfhas1"
"GO:1901796","GO:1901796","regulation of signal transduction by p53 class mediator",54,-0.301921923779285,-1.1896614642173,0.168356997971602,0.413987801294918,0.339744947684037,1392,"tags=26%, list=15%, signal=22%","Kdm8/Rpl23/Eef1e1/Smyd2/Rpl5/Rrm2b/Rrn3/Mdm4/Dyrk3/Zmpste24/Pla2r1/Rpf2/Rpl26/Ddx5"
"GO:1903034","GO:1903034","regulation of response to wounding",85,0.277891408866742,1.18055855375208,0.16888045540797,0.414912923574244,0.340504162374441,2053,"tags=32%, list=23%, signal=25%","Ccn4/Smoc2/Tafa5/Epha4/Prkg1/Igf1r/Cask/Pum2/Ubash3b/St3gal4/Ptprs/Ntrk3/Ddr2/Prkce/Kremen1/Ptk2/Rtn4rl1/Grn/Braf/Mtor/Xylt1/Pros1/Ajap1/Inpp5f/Git1/Rreb1/Tnr"
"GO:0007219","GO:0007219","Notch signaling pathway",108,0.264949862274969,1.17927540199156,0.169491525423729,0.416051497076714,0.341438548831774,1933,"tags=27%, list=21%, signal=21%","Robo1/Maml3/Robo2/Cdh6/Grip2/Tgfb2/Ptp4a3/Zmiz1/Gdpd5/Lfng/Srebf2/Gmds/Hey2/Cebpa/Cbfa2t2/Cdkn1b/Spen/Cdk6/Epn2/Sorbs2/Hes1/Itgb1bp1/Cntn6/Tspan5/Ctbp1/Slc35c2/Sox2/Bcl6/App"
"GO:0060119","GO:0060119","inner ear receptor cell development",43,0.320052000392512,1.19689235541821,0.170132325141777,0.417261002828135,0.342431146843007,1391,"tags=26%, list=15%, signal=22%","Otog/Gabra5/Ankrd24/Cdh23/Ripor2/Pjvk/Myo3a/Fgfr1/Atp2b2/Hes1/Myo3b"
"GO:2000045","GO:2000045","regulation of G1/S transition of mitotic cell cycle",93,0.272176369194632,1.1820724905266,0.170686456400742,0.4178926447761,0.34294951274629,1344,"tags=23%, list=15%, signal=19%","Bcl2/Pkd1/Tfdp1/Egfr/Arid1a/Tcf3/Ino80/Ezh2/Gigyf2/Crebbp/Myo16/Plcb1/Cul4a/Ambra1/Pbrm1/Ddr2/Arid2/Ube2e2/Cdkn1b/Ecd/Cdk2ap2"
"GO:0009746","GO:0009746","response to hexose",129,0.251579265560182,1.15114793149321,0.170642201834862,0.4178926447761,0.34294951274629,1694,"tags=28%, list=19%, signal=23%","Epha5/Igf1r/Adcy8/Prkn/Adcy5/Abcg1/Acvr2b/Ppp3ca/Igf1/Eif2b3/Rasal2/Foxo3/Cacna1d/Pde3b/Klf7/Ptprn/Sox4/Pla2g6/Ppara/Brsk2/Ep300/Pfkl/Rab11fip5/Prkce/Fto/Tjp1/Cdkn1b/Cacna1e/Rab11fip2/Lrp5/Map4k4/Gas6/Kcnb1/Ano1/Stxbp4/Tcf7l2"
"GO:0051168","GO:0051168","nuclear export",111,-0.263320155986844,-1.18260791524928,0.171366594360087,0.419193630995421,0.344017185498091,2306,"tags=32%, list=25%, signal=24%","Eif4e/Ppm1a/Hdac3/Eif6/Thoc7/Xpot/Ywhae/Ssb/Ptpn14/Magoh/Strada/Nup88/Stradb/Lsg1/Chchd4/Uhmk1/Nup107/Prpf4b/Nup214/Ran/Rbm22/Sirt6/Nsun2/Sem1/Ncbp2/Rae1/Chtop/Eny2/Supt6/Eif4a3/Park7/Ahcyl1/Mcm3ap/Nup133/Hnrnpa2b1"
"GO:1902175","GO:1902175","regulation of oxidative stress-induced intrinsic apoptotic signaling pathway",26,-0.374311390982432,-1.2488036352356,0.172131147540984,0.420334119385175,0.344953143434772,1634,"tags=35%, list=18%, signal=28%","Gpx1/Sod1/Sod2/Sfpq/Ctnnb1/Bag5/Fbxo7/Park7/P4hb"
"GO:0031047","GO:0031047","regulatory ncRNA-mediated gene silencing",70,-0.288302786845288,-1.19688103211336,0.172064777327935,0.420334119385175,0.344953143434772,956,"tags=21%, list=11%, signal=19%","Gtsf1/Ago2/Mettl3/Cnot6l/Ncbp2/Ddx3x/Dgcr8/Ago1/Eri1/Cnot10/Zmpste24/Fxr1/Ddx5/Hnrnpa2b1/Znfx1"
"GO:0060395","GO:0060395","SMAD protein signal transduction",40,0.329339712418776,1.20896306848197,0.172413793103448,0.420659799970145,0.345220417815699,1223,"tags=28%, list=13%, signal=24%","Bmper/Hipk2/Magi2/Tgfb2/Zmiz1/Bmpr2/Bmpr1a/Ski/Smad1/Acvr2a/Smad6"
"GO:0098661","GO:0098661","inorganic anion transmembrane transport",68,0.295067125524283,1.19077867411325,0.173151750972763,0.420956612666902,0.34546400135564,1148,"tags=19%, list=13%, signal=17%","Ank/Gabra1/Glra3/Ttyh3/Gabra5/Slc6a1/Slc5a6/Gabra2/Gabrg3/Best3/Slc12a1/Ano4/Gabra4"
"GO:0007040","GO:0007040","lysosome organization",66,-0.290207855530728,-1.18479388106095,0.173116089613035,0.420956612666902,0.34546400135564,1536,"tags=24%, list=17%, signal=20%","Chmp7/Lyst/Lamp2/Vps33a/Cln8/Chmp4b/Rab14/Vps18/Chmp2a/Creg1/Chmp3/Chmp1b2/Arf1/Tpcn2/Ppt1/Vps35"
"GO:0080171","GO:0080171","lytic vacuole organization",66,-0.290207855530728,-1.18479388106095,0.173116089613035,0.420956612666902,0.34546400135564,1536,"tags=24%, list=17%, signal=20%","Chmp7/Lyst/Lamp2/Vps33a/Cln8/Chmp4b/Rab14/Vps18/Chmp2a/Creg1/Chmp3/Chmp1b2/Arf1/Tpcn2/Ppt1/Vps35"
"GO:0006367","GO:0006367","transcription initiation at RNA polymerase II promoter",100,-0.266638790107883,-1.17535886387398,0.173361522198731,0.420956612666902,0.34546400135564,971,"tags=19%, list=11%, signal=17%","Glyr1/Ash2l/Taf13/Med17/Wbp2/Taf10/Psmc6/Med8/Med20/Gtf2b/Med16/Med31/Smarcb1/Zmpste24/Taf7/Smarcd1/Dpy30/Taf9/Polr2d"
"GO:0046651","GO:0046651","lymphocyte proliferation",110,0.260523698233137,1.16696889677501,0.173431734317343,0.420956612666902,0.34546400135564,2180,"tags=33%, list=24%, signal=25%","Bcl2/Adk/Sox11/Tcf3/Rc3h1/Ppp3ca/Igf1/Fyn/Ephb6/Sh3rf1/Ripor2/Tnfrsf21/Cxcl12/Plcl2/Nck2/Peli1/Igfbp2/Cblb/Atad5/Cd74/Pawr/Dnaja3/Hes1/Mapk8ip1/Glmn/Zfp335/Mad1l1/Slc7a1/Vav3/Lipa/Bcl6/Alkbh5/Abl1/Efnb1/Tfrc/Cd276"
"GO:0007093","GO:0007093","mitotic cell cycle checkpoint signaling",83,-0.273466111113335,-1.16501688449971,0.172916666666667,0.420956612666902,0.34546400135564,2473,"tags=35%, list=27%, signal=26%","Mbtps2/Bub3/Nabp1/Rps27l/Sde2/Brca1/Zfp207/Xpc/Lcmt1/Brcc3dc/Gen1/Cep192/Zfyve19/Msh2/Spc25/Uimc1/Mbd4/Prpf4b/Fzr1/Rint1/Pabir1/Dync1li1/Kntc1/Usp44/Tipin/Chek2/Trip13/Syf2/Rpl24"
"GO:0043367","GO:0043367","CD4-positive, alpha-beta T cell differentiation",29,0.365505270380262,1.23064960591191,0.173664122137405,0.421157914099145,0.345629202224729,2559,"tags=48%, list=28%, signal=35%","Rora/Rc3h1/Sh3rf1/Ep300/Tox/Braf/Mtor/Kmt2a/Ncor1/Cbfb/Bcl6/Socs5/Stat3/Brd2"
"GO:0000380","GO:0000380","alternative mRNA splicing, via spliceosome",58,0.300824676032541,1.18218959019873,0.173913043478261,0.421398930801151,0.34582699599198,2082,"tags=36%, list=23%, signal=28%","Ddx17/Rbm5/Rbfox2/Rbmxl1/Rbfox1/Nova1/Mbnl1/Rbm20/Thrap3/Mbnl2/Sfswap/Ptbp1/Celf5/Khdrbs2/Rbm24/Fmr1/Celf1/Cdk13/Khdrbs1/Tra2b/Hnrnpu"
"GO:0090148","GO:0090148","membrane fission",26,-0.371798839147499,-1.24042108546348,0.174180327868852,0.421548269905437,0.345949553241285,1536,"tags=31%, list=17%, signal=26%","Chmp7/Exoc1/Dnm1/Chmp4b/Chmp2a/Chmp3/Vps4b/Chmp1b2"
"GO:0036503","GO:0036503","ERAD pathway",80,-0.278056550501525,-1.17421035059441,0.174273858921162,0.421548269905437,0.345949553241285,2363,"tags=32%, list=26%, signal=24%","Faf2/Ufd1/Dnajb9/Uggt2/Ubxn10/Yod1/Ubxn4/Sel1l/Clgn/Tor1a/Sec61b/Erlin1/Aqp11/Tmem67/Usp14/Faf1/Ube4a/Get4/Derl1/Psmc6/Sdf2l1/Man1b1/Stub1/Eif2a/Ube2j2/Atxn3"
"GO:0009205","GO:0009205","purine ribonucleoside triphosphate metabolic process",166,-0.240376658081216,-1.14572404952289,0.174736842105263,0.422305678432789,0.346571131267729,2385,"tags=33%, list=26%, signal=24%","Sdhd/Ndufs8/Ndufv2/Ndufb10/Slc4a4/Hspa8/Eif6/Kat2b/Eno1/Ndufa6/Ndufb2/Mpi/Sdha/Bloc1s6/Map2k1/Bpgm/Opa1/mt-Nd6/Ndufc2/Ndufa1/Atp6v1b2/Gapdh/Ndufs2/Ampd3/Ppp2ca/Pgam1/Atp5pf/Gtpbp1/Atp5mf/Gnai3/Ndufa5/Atp5f1c/Ndufs3/Insr/Atp5mc3/Ndufb5/Ndufs7/Sdhb/Ndufv3/Ran/Nme1/Sirt6/Slc25a13/Ndufab1/Gpi1/Ndufs6/Ogt/Ndufa12/Prkag2/Ndufa8/Atp6v1a/Pid1/Pkm/Tmsb4x"
"GO:0042098","GO:0042098","T cell proliferation",80,0.27846208059707,1.17132657013058,0.175,0.422579263067695,0.34679565237,2180,"tags=35%, list=24%, signal=27%","Adk/Rc3h1/Ppp3ca/Igf1/Fyn/Ephb6/Sh3rf1/Ripor2/Tnfrsf21/Cxcl12/Nck2/Peli1/Igfbp2/Cblb/Pawr/Dnaja3/Hes1/Mapk8ip1/Glmn/Mad1l1/Slc7a1/Lipa/Bcl6/Alkbh5/Abl1/Efnb1/Tfrc/Cd276"
"GO:0015909","GO:0015909","long-chain fatty acid transport",29,-0.354483709801281,-1.21137076661248,0.175732217573222,0.423984066028544,0.347948523799899,1473,"tags=38%, list=16%, signal=32%","Pnpla8/Mif/Abcc1/Atp5pf/Akt1/Irs2/Pla2g12a/Acsl1/Fabp5/Pla2r1/Rps6kb1"
"GO:0048260","GO:0048260","positive regulation of receptor-mediated endocytosis",35,-0.338076948365477,-1.21517248279298,0.176229508196721,0.424494875069588,0.34836772646815,1359,"tags=31%, list=15%, signal=27%","Synj1/Cbl/Ap2m1/Nsf/Insr/Arrb1/Pick1/Angpt1/Ppt1/Rab21/Ahi1"
"GO:0140115","GO:0140115","export across plasma membrane",40,0.325624230937562,1.1953240212519,0.176245210727969,0.424494875069588,0.34836772646815,1647,"tags=30%, list=18%, signal=25%","Kcne2/Kcnip1/Slc8a3/Kcnd3/Atp1b1/Slc30a4/Slc47a2/Kcnip2/Kcna2/Atp1a1/Kcnb1/Kcne4"
"GO:0030888","GO:0030888","regulation of B cell proliferation",26,0.380621442592682,1.24338740550401,0.17704280155642,0.425928815212092,0.34954450973851,1220,"tags=31%, list=13%, signal=27%","Bcl2/Tcf3/Rc3h1/Tnfrsf21/Peli1/Atad5/Cd74/Pawr"
"GO:0003229","GO:0003229","ventricular cardiac muscle tissue development",28,0.371068333918682,1.24156053548259,0.177142857142857,0.425928815212092,0.34954450973851,726,"tags=21%, list=8%, signal=20%","Col14a1/Prox1/Tgfb2/Bmpr1a/Ryr2/Hey2"
"GO:0043401","GO:0043401","steroid hormone receptor signaling pathway",78,0.279744116467678,1.17069974451488,0.178502879078695,0.42883300361787,0.351927873052356,1002,"tags=21%, list=11%, signal=18%","Esrrg/Pde3a/Ddx17/Rbfox2/Ncor2/Arid1a/Igf1/Zmiz1/Esrrb/Nr3c2/Fshr/Ppara/Cnot2/Ep300/Ncoa1/Lats1"
"GO:0034284","GO:0034284","response to monosaccharide",132,0.250104074730782,1.14512509362833,0.17877094972067,0.429111189363585,0.352156170121324,1694,"tags=28%, list=19%, signal=23%","Epha5/Igf1r/Adcy8/Prkn/Adcy5/Abcg1/Acvr2b/Ppp3ca/Igf1/Eif2b3/Rasal2/Foxo3/Cacna1d/Pde3b/Klf7/Ptprn/Sox4/Pla2g6/Ppara/Plcb1/Brsk2/Ep300/Pfkl/Rab11fip5/Prkce/Fto/Tjp1/Cdkn1b/Cacna1e/Rab11fip2/Lrp5/Map4k4/Gas6/Kcnb1/Ano1/Stxbp4/Tcf7l2"
"GO:0010212","GO:0010212","response to ionizing radiation",85,-0.273000278170763,-1.16471399087498,0.178947368421053,0.429169092945129,0.352203689514941,2466,"tags=35%, list=27%, signal=26%","Swi5/Rnf4/Nabp1/Mapk14/Hras/Cyp2r1/Egr1/Brca1/Stk11/Dclre1c/Tnks1bp1/Xrcc2/Brcc3dc/Rad51ap1/Clk2/Gpx1/Wrn/Msh2/Uimc1/Sod2/Cbl/Rrm1/Net1/Chek2/Zmpste24/Kars1/Rhob/Brca2/Rpl26/Polb"
"GO:1900076","GO:1900076","regulation of cellular response to insulin stimulus",59,-0.295990568762696,-1.18785882405868,0.179282868525896,0.429608098219367,0.352563965405831,2037,"tags=29%, list=22%, signal=22%","Myo5a/Inpp5k/Ctsd/Opa1/Grk2/Agt/Mfn2/Marcks/Prkcb/Prkcd/Kbtbd2/Tsc2/Prkcq/Adipor1/Pip4k2b/Pid1/Rps6kb1"
"GO:0043242","GO:0043242","negative regulation of protein-containing complex disassembly",62,0.291810314614065,1.16236364848712,0.180582524271845,0.432354760746014,0.354818052877738,2162,"tags=29%, list=24%, signal=22%","Fgf13/Svil/Nav3/Taok1/Add3/Carmil1/Atxn7/Ttbk2/Ccdc88c/Cracd/Eml4/Swap70/Map1a/Map2/Katnb1/Hdgfl3/Scaf8/Add1"
"GO:0040014","GO:0040014","regulation of multicellular organism growth",47,0.310043792481967,1.17771419536296,0.181467181467181,0.434104004562409,0.356253594570099,1952,"tags=32%, list=22%, signal=25%","Bcl2/Cacna2d2/Mbd5/Mfsd2a/Rai1/Adrb1/Fto/Npy1r/Chd7/Atp8a2/Hsf1/Ncor1/Gnas/App/Celf1"
"GO:0030317","GO:0030317","flagellated sperm motility",84,-0.271939072602676,-1.1608225278977,0.181628392484342,0.434121128092347,0.356267647237266,2623,"tags=33%, list=29%, signal=24%","Rsph9/Tacr3/Vdac3/Ccdc40/Nphp4/Ttll9/Tmf1/Ift88/Cfap54/Cfap20/Rabl2/Dpcd/Tpgs1/Dnali1/Kif9/Spag6l/Bbs4/Tubb4b/Ttll1/Rsph3b/Ube2b/Slc9b1/Tekt1/Tac1/Cfap69/Spag16/Slirp/Rsph14"
"GO:0050435","GO:0050435","amyloid-beta metabolic process",38,0.331440521766808,1.19653046035595,0.182170542635659,0.434717027702455,0.356756680685179,1108,"tags=21%, list=12%, signal=19%","Slc2a13/Lrrtm3/Epha4/Abcg1/Igf1/Mme/Bace1/Abca2"
"GO:0140238","GO:0140238","presynaptic endocytosis",70,-0.286078922553762,-1.1876487211196,0.182186234817814,0.434717027702455,0.356756680685179,1675,"tags=29%, list=18%, signal=23%","Tor1a/Sh3gl3/Dnajc6/Bin1/Synj1/Ap2m1/Necap1/Sh3gl1/Ap2b1/Vamp2/Ston2/Dnm1/Stx1a/Calm2/Ophn1/Arpc3/Ap3m2/Park7/Cltc/Pip5k1c"
"GO:0060219","GO:0060219","camera-type eye photoreceptor cell differentiation",21,-0.396368335746092,-1.23944258546222,0.182377049180328,0.43478731873056,0.356814366012118,1222,"tags=29%, list=13%, signal=25%","Sox8/Bbs4/Pde6c/Slc4a7/Prom1/Ahi1"
"GO:0035050","GO:0035050","embryonic heart tube development",52,0.309173058282546,1.19227214430092,0.18252427184466,0.43478731873056,0.356814366012118,2011,"tags=27%, list=22%, signal=21%","Tead1/Arl13b/Kdm2a/Plxna4/Ryr2/Ccdc103/Invs/Rnf207/Traf3ip1/Hes1/Acvr1/Wnt5a/Sufu/Ift57"
"GO:0030032","GO:0030032","lamellipodium assembly",49,0.303752851060084,1.16252854759001,0.183431952662722,0.436580441388134,0.358285917496444,1507,"tags=29%, list=17%, signal=24%","Auts2/Hdac4/Arhgef7/Ccdc88a/Abi2/Ptpro/Arhgef6/Nck2/Carmil1/Fgd4/Vcl/Pxn/Aqp1/Mtor"
"GO:0060563","GO:0060563","neuroepithelial cell differentiation",27,0.369461205051127,1.22174220437624,0.184108527131783,0.437820953128577,0.35930396101135,1382,"tags=30%, list=15%, signal=25%","Sox11/Wnt11/Kdm2a/Cdh2/Sox4/Afdn/Fam20c/Hes1"
"GO:0021697","GO:0021697","cerebellar cortex formation",24,0.386757976141794,1.23425465652304,0.184738955823293,0.438949728086037,0.360230306154056,1291,"tags=29%, list=14%, signal=25%","Foxp2/Prox1/Rora/Nrxn1/Faim2/Kndc1/Atp2b2"
"GO:0060441","GO:0060441","epithelial tube branching involved in lung morphogenesis",25,-0.374068270855901,-1.23332142367607,0.184959349593496,0.439103156827693,0.360356219622144,854,"tags=28%, list=9%, signal=25%","Ctnnb1/Kras/Spry1/Dlg5/Pdgfra/Rspo2/Hhip"
"GO:1900077","GO:1900077","negative regulation of cellular response to insulin stimulus",32,-0.341680541513404,-1.20802198116765,0.185185185185185,0.439269235565532,0.360492514488616,1040,"tags=22%, list=11%, signal=19%","Prkcb/Prkcd/Tsc2/Prkcq/Pip4k2b/Pid1/Rps6kb1"
"GO:0048864","GO:0048864","stem cell development",55,0.302296764117332,1.17858336283353,0.185546875,0.43975701745164,0.360892819596299,1552,"tags=24%, list=17%, signal=20%","Bcl2/Erbb4/Sema4g/Zeb2/Msi2/Bmpr1a/Cdh2/Sema3f/Rdh10/Edn3/Tcof1/Hes1/Ankrd11"
"GO:0008089","GO:0008089","anterograde axonal transport",38,0.331018952900524,1.19500855836594,0.186046511627907,0.439831434368659,0.360953890892363,2486,"tags=45%, list=27%, signal=33%","Agbl4/Dlg2/Ap3d1/Ank3/Borcs5/Kif5c/Kif1b/Madd/Spast/Map1a/Map2/Kif5b/Arl8a/Fez1/Ap3s2/Kif1a/Kif21a"
"GO:2001252","GO:2001252","positive regulation of chromosome organization",69,-0.286022303213005,-1.18666141041097,0.186,0.439831434368659,0.360953890892363,2726,"tags=39%, list=30%, signal=28%","Dkc1/Actr8/Nsmce2/Cct2/Terf2/Nfrkb/Mcrs1/Map3k4/Tnks2/Tnks/Slf2/Uchl5/Macroh2a1/Slx4/Cct4/Ruvbl1/Sfpq/Pot1b/Ctnnb1/Ncapg/Nvl/Sirt6/Prkcq/Ptges3/Terf2ip/Cct8/Hnrnpa2b1"
"GO:0043123","GO:0043123","positive regulation of canonical NF-kappaB signal transduction",74,0.283078791218004,1.16959394369533,0.185823754789272,0.439831434368659,0.360953890892363,2145,"tags=38%, list=24%, signal=29%","Akap13/Trim25/Prkn/Chuk/Zc3hav1/Prkd1/Ripk1/Ube2i/Peli1/Prkce/Map3k7/Cd74/Nup62/Eda/Dab2ip/Trim8/Nfat5/Mtdh/Ankrd17/Flot2/Dhx36/Rnf31/Ror1/Tnfrsf19/Abl1/Irak4/Tab3/Tfrc"
"GO:0034315","GO:0034315","regulation of Arp2/3 complex-mediated actin nucleation",23,-0.377007502524104,-1.21489178711327,0.1875,0.442525125628141,0.363164506744248,2601,"tags=57%, list=29%, signal=40%","Gmfb/Washc5/Nckap1/Hip1r/Washc1/Ap1ar/Wasf3/Dnai3/Wasf1/Cyfip1/Rnh1/Arf1/Pick1"
"GO:0033146","GO:0033146","regulation of intracellular estrogen receptor signaling pathway",23,-0.376619884830118,-1.21364270440322,0.1875,0.442525125628141,0.363164506744248,860,"tags=17%, list=9%, signal=16%","Wbp2/Vps18/Ufsp2/Vps11"
"GO:0006942","GO:0006942","regulation of striated muscle contraction",45,0.311910612730648,1.17181239517081,0.187739463601533,0.442719504961606,0.363324026895016,1205,"tags=27%, list=13%, signal=23%","Fgf13/Cacna1c/Slc8a3/Hdac4/Dmd/Ryr2/Prkd1/Atp1b1/Ank2/Adrb1/Cacna1h/Rnf207"
"GO:0007229","GO:0007229","integrin-mediated signaling pathway",54,-0.294975257370541,-1.16228954889625,0.188640973630832,0.444473464625153,0.36476343871408,2318,"tags=39%, list=26%, signal=29%","Diaph3/Itgb1/Sema7a/Ptk2b/Ptn/Plpp3/Fermt3/Bcar1/Mapk8/Lama2/Lama5/Lims2/Fermt2/Itga6/Ccn2/Itga3/Itgax/Nid1/Itgav/Ctnna1/Nrp1"
"GO:0140014","GO:0140014","mitotic nuclear division",157,-0.239262845796612,-1.13618728850871,0.189189189189189,0.445392761182235,0.36551787244308,1811,"tags=24%, list=20%, signal=20%","Lcmt1/Rb1/Bccip/Gen1/Klhdc8b/Kif11/Cep192/Chmp7/Spc25/Mzt1/Ccsap/Ska2/Brox/Insr/Prpf4b/Ran/Chmp4b/Ncapg/Chmp2a/Racgap1/Chmp3/Vps4b/Dync1li1/Spice1/Mis12/Kntc1/Chmp1b2/Cdc16/Ywhah/Usp44/Chek2/Anapc7/Smarca5/Cltc/Ranbp1/Trip13/Rpl24/Ubxn2b"
"GO:0010719","GO:0010719","negative regulation of epithelial to mesenchymal transition",23,0.388208390757261,1.23981094923502,0.189723320158103,0.445533596837945,0.365633451216975,1408,"tags=35%, list=16%, signal=29%","Spred2/Nkx2-1/Epha4/Tgfb2/Gsk3b/Pawr/Spred1/Dab2ip"
"GO:0006164","GO:0006164","purine nucleotide biosynthetic process",120,-0.254788258137352,-1.15827703596897,0.189655172413793,0.445533596837945,0.365633451216975,2385,"tags=36%, list=26%, signal=27%","Sdhd/Ndufs8/Ndufv2/Ndufb10/Eno1/Ndufa6/Atic/Ndufb2/Adss2/Sdha/Map2k1/Rd3/mt-Nd6/Ndufc2/Ndufa1/Ndufs2/Ada/Ampd3/Atp5pf/Atp5mf/Nampt/Ndufa5/Atp5f1c/Gmps/Ndufs3/Aprt/Atp5mc3/Ndufb5/Nadsyn1/Ndufs7/Sdhb/Ndufv3/Nme1/Slc4a7/Slc25a13/Ndufab1/Ndufs6/Ndufa12/Ndufa8/Atp6v1a/Ppat/Pid1/Tmsb4x"
"GO:2000144","GO:2000144","positive regulation of DNA-templated transcription initiation",53,-0.294047795140045,-1.15825491556713,0.189620758483034,0.445533596837945,0.365633451216975,2606,"tags=40%, list=29%, signal=28%","Med23/Bclaf1/Med13/Med21/Taf12/Med9/Med12/Med14/Tbp/Med28/Taf2/Taf13/Med17/Taf10/Psmc6/Med8/Med20/Med16/Med31/Taf7/Taf9"
"GO:2000107","GO:2000107","negative regulation of leukocyte apoptotic process",27,0.365791002507207,1.20960550021025,0.189922480620155,0.445629933711571,0.365712511435629,1164,"tags=22%, list=13%, signal=19%","Bcl2/Bcl11b/St3gal1/Cxcl12/Itpkb/Cd74"
"GO:0046189","GO:0046189","phenol-containing compound biosynthetic process",24,-0.372793683582092,-1.21525983070183,0.19047619047619,0.446557325093099,0.366473588296865,386,"tags=17%, list=4%, signal=16%","Epas1/Park7/Vps35/Slc24a5"
"GO:0050850","GO:0050850","positive regulation of calcium-mediated signaling",32,0.357023934215762,1.22241148568068,0.191860465116279,0.449428753697152,0.368830066815825,2027,"tags=38%, list=22%, signal=29%","Grm5/Ppp3ca/Igf1/Exoc4/Ramp3/Ptbp1/Akap5/Htr2c/Negr1/Akap6/App/Htt"
"GO:0043949","GO:0043949","regulation of cAMP-mediated signaling",21,0.39222370247731,1.22836366946577,0.192607003891051,0.450758607582908,0.369921430226607,1086,"tags=29%, list=12%, signal=25%","Pde3a/Pde10a/Pde3b/Oprm1/Gnai1/Adcyap1r1"
"GO:0021545","GO:0021545","cranial nerve development",29,0.36229471092109,1.21983971053318,0.192748091603053,0.450758607582908,0.369921430226607,1431,"tags=34%, list=16%, signal=29%","Kcnc1/Ext1/Plxna4/Kcnc2/Sema3f/Dmd/Mafb/Kcna2/Hes1/Chd7"
"GO:0048863","GO:0048863","stem cell differentiation",148,0.24309101222541,1.13037537408758,0.193245778611632,0.451547764616567,0.37056906311404,1270,"tags=19%, list=14%, signal=17%","Sox6/Bcl2/Erbb4/Sema4g/Zeb2/Ext1/Tgfb2/Ezh2/Msi2/Bmpr2/Esrrb/Prickle1/Bmpr1a/Cdh2/Sema3f/Fzd1/Prkca/Gsk3b/Rdh10/Mta3/Smad1/Mtf2/Edn3/Ccdc88c/Fgfr1/Sox5/Tcof1/Cdk6"
"GO:1990090","GO:1990090","cellular response to nerve growth factor stimulus",40,0.32092943572751,1.17809004123366,0.193486590038314,0.451735882956064,0.370723445091507,902,"tags=22%, list=10%, signal=20%","Grip1/Gria1/Magi2/Foxo3/Rapgef2/Gria2/Ntrk3/Gad2/Rapgef1"
"GO:0000082","GO:0000082","G1/S transition of mitotic cell cycle",128,0.251312636514133,1.14651750298824,0.194085027726433,0.452757953752555,0.37156222195449,1344,"tags=23%, list=15%, signal=20%","Bcl2/Pkd1/Tfdp1/Egfr/Cables1/Arid1a/Tcf3/Ino80/Ppp3ca/Ezh2/Rbbp8/Ccnj/Gigyf2/Crebbp/Myo16/Plcb1/Cul4a/Ambra1/Pbrm1/Ddr2/Arid2/Lats1/Ube2e2/Cdkn1b/Nasp/Cdk6/Ecd/Pias1/Cdk2ap2"
"GO:1902686","GO:1902686","mitochondrial outer membrane permeabilization involved in programmed cell death",22,-0.379073106536732,-1.21415517907873,0.194331983805668,0.452959082187239,0.371727280850684,2387,"tags=36%, list=26%, signal=27%","Rhot1/Hip1r/Bnip3l/Gclc/Bok/Vdac2/Spg7/Bnip3"
"GO:0099149","GO:0099149","regulation of postsynaptic neurotransmitter receptor internalization",30,-0.343227813196053,-1.1857438698246,0.195071868583162,0.454163461362726,0.372715671664827,763,"tags=20%, list=8%, signal=18%","Rala/Ppp3r1/Ophn1/Pick1/Pip5k1c/Lrp1"
"GO:0002275","GO:0002275","myeloid cell activation involved in immune response",33,-0.331307181046063,-1.18554435083143,0.195171026156942,0.454163461362726,0.372715671664827,2649,"tags=42%, list=29%, signal=30%","Milr1/Dysf/Hmgb1/Abr/D6Wsu163e/Rabgef1/Snap23/Cbl/Cplx2/Vamp2/Kars1/Snx4/Kit/Ywhaz"
"GO:0044091","GO:0044091","membrane biogenesis",41,0.319272614206049,1.1818291622499,0.196190476190476,0.455782985906646,0.374044757400509,820,"tags=20%, list=9%, signal=18%","Il1rapl1/Nlgn1/Magi2/Nrxn1/Cdh2/Exoc4/Mafb/Ank3"
"GO:0051898","GO:0051898","negative regulation of phosphatidylinositol 3-kinase/protein kinase B signal transduction",41,0.318472332645768,1.1788668158291,0.196190476190476,0.455782985906646,0.374044757400509,1852,"tags=29%, list=20%, signal=23%","Magi2/Igf1r/Cntnap2/Ppara/Smpd3/Lemd2/Rapgef1/Dab2ip/Usp49/Phlpp1/Ncor1/Ptpn1"
"GO:0032480","GO:0032480","negative regulation of type I interferon production",22,0.390232452844752,1.2275836504037,0.196850393700787,0.456939381753558,0.374993770017021,2424,"tags=41%, list=27%, signal=30%","Qki/Ptprs/Crebbp/Traip/Traf3ip1/Ilrun/Klhl22/Morc3/Rel"
"GO:0046364","GO:0046364","monosaccharide biosynthetic process",62,-0.28670810011495,-1.15938043832605,0.197125256673511,0.45720080107486,0.375208307482525,2268,"tags=32%, list=25%, signal=24%","Got1/Per2/Kat2b/Eno1/Lepr/Stk11/Xpc/Clk2/Dgat2/Gapdh/Pgam1/Slc37a4/Sirt6/Pgd/Slc25a13/Gpi1/Ogt/Pgp/Cry1/Prkag2"
"GO:0072599","GO:0072599","establishment of protein localization to endoplasmic reticulum",32,-0.337024597960031,-1.19156075065496,0.197530864197531,0.457764782326186,0.37567114667761,2791,"tags=38%, list=31%, signal=26%","Spcs3/Rab10/Sec61a1/Rab3gap1/Srp9/Srp72/Sec61b/Sec61g/Get4/Chmp4b/Srp68/Srp54c"
"GO:0000209","GO:0000209","protein polyubiquitination",173,-0.234968392916295,-1.12010899984404,0.198257080610022,0.45907021623586,0.376742469489442,2156,"tags=30%, list=24%, signal=23%","Anapc1/Ppil2/Ube3b/Trim65/Hace1/Brca1/G2e3/Tnks2/Tnks/Hectd2/Rc3h2/Ube2q2l/Rbx1/Ubr4/Tcf25/Rnf25/Cdc27/Ube2g1/Shprh/Rnf6/Dtx4/Cbl/Arel1/Cul4b/Traf6/Cdc26/Ube4a/Ctnnb1/Ube2d1/Pex10/Trim32/Stub1/Kbtbd2/Ube2a/Mkrn2/Ddx3x/Ube3d/Traf7/Ube2j2/Ube2d3/Bfar/Cdc16/Fbxo7/Nhlrc3/Rnf26rt/Ube2b/Anapc7/Anapc4/Ube2l3/Rnf146/Skp1/Wsb1"
"GO:0045840","GO:0045840","positive regulation of mitotic nuclear division",23,0.384298409887899,1.22732374594794,0.199604743083004,0.46031730927822,0.3777659140429,1739,"tags=35%, list=19%, signal=28%","Phip/Igf1r/Igf1/Smpd3/Edn3/Nup62/Lrp5/Mad1l1"
"GO:0051279","GO:0051279","regulation of release of sequestered calcium ion into cytosol",38,0.326502699736029,1.17870447324928,0.199612403100775,0.46031730927822,0.3777659140429,1656,"tags=34%, list=18%, signal=28%","Cacna1c/Tgfb2/Ubash3b/Dmd/Ryr2/Prkd1/Ank2/Prkce/Jph3/Chd7/Asph/Cemip/Akap6"
"GO:0043279","GO:0043279","response to alkaloid",67,0.289535147510415,1.16844643567633,0.199608610567515,0.46031730927822,0.3777659140429,1728,"tags=30%, list=19%, signal=24%","Gria1/Adgrl3/Ppp1r1b/Adcy8/Oprm1/Crebbp/Ryr2/Irs1/Gad2/Prkce/Grin1/Drd5/Gnal/Npy1r/Hes1/Dnmt3a/Cnr1/Mtor/Cacng4/Bdnf"
"GO:0014911","GO:0014911","positive regulation of smooth muscle cell migration",40,0.318264333189383,1.16830679791129,0.199233716475096,0.46031730927822,0.3777659140429,1333,"tags=32%, list=15%, signal=28%","Ccn4/Bcl2/Hdac4/Igf1/Igfbp5/Ddr2/Fat1/Map3k7/Rapgef4/Fgf9/Ptk2/Dock5/Pdgfd"
"GO:0034243","GO:0034243","regulation of transcription elongation by RNA polymerase II",59,-0.28937535495489,-1.16131088326622,0.199203187250996,0.46031730927822,0.3777659140429,1926,"tags=32%, list=21%, signal=26%","Ccnt1/Ccnk/Med14/Map2k1/Recql5/Med28/Pwwp2b/Leo1/Nelfe/Med17/Ctnnb1/Sirt6/Med8/Med20/Ncbp2/Med16/Med31/Supt6/Cbx7"
"GO:0043271","GO:0043271","negative regulation of monoatomic ion transport",80,0.273604436093106,1.15089331019249,0.2,0.460834014717907,0.37818995567414,1999,"tags=29%, list=22%, signal=23%","Bcl2/Kcne2/Pik3c2a/Tgfb2/Ppp3ca/Wnk1/Best3/Ank3/Vip/Prkce/Htr7/Wnk2/Pawr/Akap5/Hes1/Cnr1/Mtor/Usp2/Kcne4/Tmbim6/Ppif/Fmr1/Agrn"
"GO:0090398","GO:0090398","cellular senescence",61,-0.287987332558239,-1.1638001437996,0.20162932790224,0.464208697735713,0.380959437049555,2365,"tags=39%, list=26%, signal=29%","Bmal1/Terf2/Mapk14/Hras/Smc6/Mif/Hmga1/Map2k1/Opa1/Vash1/Arg2/Wrn/Eef1e1/Nampt/Pot1b/Fzr1/Kras/Sirt6/Prkcd/Ndufs6/Zmpste24/Pla2r1/Brca2/Id2"
"GO:0070527","GO:0070527","platelet aggregation",24,-0.369251978466216,-1.20371432403401,0.202380952380952,0.465179056940884,0.381755776063323,944,"tags=25%, list=10%, signal=22%","Slc6a4/Prkcd/Pdgfra/Pdia6/Prkcq/Pip5k1c"
"GO:0070228","GO:0070228","regulation of lymphocyte apoptotic process",26,0.368336129270124,1.20325460648489,0.202334630350195,0.465179056940884,0.381755776063323,580,"tags=15%, list=6%, signal=14%","Bcl2/Bcl11b/Tgfb2/St3gal1"
"GO:0022010","GO:0022010","central nervous system myelination",22,0.388506119766148,1.22215299427299,0.202755905511811,0.465281874374824,0.381840154645507,1725,"tags=41%, list=19%, signal=33%","Tenm4/Mobp/Cntnap2/Cntn2/Aspa/Abca2/Ulk4/Enpp1/B4galt6"
"GO:0032291","GO:0032291","axon ensheathment in central nervous system",22,0.388506119766148,1.22215299427299,0.202755905511811,0.465281874374824,0.381840154645507,1725,"tags=41%, list=19%, signal=33%","Tenm4/Mobp/Cntnap2/Cntn2/Aspa/Abca2/Ulk4/Enpp1/B4galt6"
"GO:0042220","GO:0042220","response to cocaine",40,0.317762390604914,1.16646423224356,0.203065134099617,0.46561232538057,0.382111343939753,1728,"tags=28%, list=19%, signal=22%","Gria1/Adgrl3/Ppp1r1b/Crebbp/Gad2/Drd5/Dnmt3a/Cnr1/Mtor/Cacng4/Bdnf"
"GO:0007498","GO:0007498","mesoderm development",53,0.301294701444234,1.15932908462817,0.203592814371257,0.466442724307483,0.38279282257052,2142,"tags=36%, list=24%, signal=28%","Tead1/Ext1/Wnt11/Acvr2b/Bmpr2/Bmpr1a/Exoc4/Smad1/Acvr2a/Pofut2/Fgfr1/Eya1/Ssbp3/Nr4a3/Acvr1/Wnt5a/Htt/Palb2/Axin1"
"GO:0097720","GO:0097720","calcineurin-mediated signaling",35,0.340335843617908,1.19528340524075,0.204280155642023,0.467353864210446,0.38354056242589,1656,"tags=31%, list=18%, signal=26%","Ppp3ca/Igf1/Gsk3b/Nfatc3/Atp2b4/Ptbp1/Akap5/Rcan1/Mtor/Nfat5/Akap6"
"GO:0032355","GO:0032355","response to estradiol",54,0.300433610367781,1.1665355945408,0.204322200392927,0.467353864210446,0.38354056242589,1883,"tags=31%, list=21%, signal=25%","Gria1/Egfr/Ezh2/Penk/Ramp3/Prkca/Ncoa1/Igfbp2/Cdkn1b/Lcor/Nr2f2/Grn/Dnmt3a/Hsf1/Calr/Sstr3/Zfp703"
"GO:0051785","GO:0051785","positive regulation of nuclear division",32,0.352741355701004,1.20774839824294,0.205426356589147,0.469117887251391,0.384988232898027,2005,"tags=38%, list=22%, signal=29%","Phip/Igf1r/Igf1/Plcb1/Smpd3/Eif4g3/Edn3/Nup62/Lrp5/Mad1l1/Wnt5a/Sirt2"
"GO:1905144","GO:1905144","response to acetylcholine",32,0.352644777038108,1.20741772330639,0.205426356589147,0.469117887251391,0.384988232898027,1377,"tags=25%, list=15%, signal=21%","Chrm2/Large1/Oprm1/Plcb1/Atp2b4/Itpr1/Chrm3/Sorbs2"
"GO:0045744","GO:0045744","negative regulation of G protein-coupled receptor signaling pathway",41,0.316723558686341,1.17239350126508,0.205714285714286,0.469268231375876,0.385111614931381,1100,"tags=22%, list=12%, signal=19%","Robo1/Grm5/Pde3a/Grk5/Ppp3ca/Sstr4/Oprm1/Atp2b4/Grk4"
"GO:0061041","GO:0061041","regulation of wound healing",52,0.303425675673778,1.17010836254989,0.205825242718447,0.469268231375876,0.385111614931381,995,"tags=17%, list=11%, signal=15%","Ccn4/Smoc2/Tafa5/Prkg1/Cask/Ubash3b/St3gal4/Ddr2/Prkce"
"GO:0043506","GO:0043506","regulation of JUN kinase activity",32,0.351867949341129,1.20475794896586,0.207364341085271,0.470212448973511,0.385886500464982,2457,"tags=47%, list=27%, signal=34%","Sash1/Epha4/Zeb2/Map3k5/Fgd4/Map3k7/Map2k4/Dab2ip/Mapk8ip1/Wnt5a/Ptpn1/Taok3/Axin1/Map3k13/Hipk3"
"GO:0019076","GO:0019076","viral release from host cell",20,-0.392436093397023,-1.20447874776915,0.206680584551148,0.470212448973511,0.385886500464982,858,"tags=30%, list=9%, signal=27%","Chmp7/Chmp4b/Chmp2a/Chmp3/Vps4b/Chmp1b2"
"GO:0035891","GO:0035891","exit from host cell",20,-0.392436093397023,-1.20447874776915,0.206680584551148,0.470212448973511,0.385886500464982,858,"tags=30%, list=9%, signal=27%","Chmp7/Chmp4b/Chmp2a/Chmp3/Vps4b/Chmp1b2"
"GO:0045933","GO:0045933","positive regulation of muscle contraction",25,-0.364821454204048,-1.20283421594941,0.207317073170732,0.470212448973511,0.385886500464982,2184,"tags=44%, list=24%, signal=33%","Ptger3/Eno1/Map2k1/Rgs2/Ada/Npnt/Ccn2/Npy2r/Cttn/Kit/Ptgs1"
"GO:1905515","GO:1905515","non-motile cilium assembly",51,-0.296721771303777,-1.15684568559123,0.206827309236948,0.470212448973511,0.385886500464982,2811,"tags=47%, list=31%, signal=33%","Exoc5/Vangl2/Bbs7/Dync2h1/Ift122/Ift52/Wrap73/Pcm1/Ift88/Ift140/Mkks/Tbc1d32/Cep350/Tmem67/Mks1/Ift172/Spag6l/Bbs4/Intu/Atmin/Gorab/Cc2d2a/Pcdh15/Ahi1"
"GO:0072006","GO:0072006","nephron development",92,0.265199674627765,1.14953830407523,0.207407407407407,0.470212448973511,0.385886500464982,1382,"tags=23%, list=15%, signal=20%","Bcl2/Erbb4/Magi2/Pkd1/Hs3st3b1/Kif26b/Kirrel3/Ext1/Wnt11/Ppp3ca/Ptpro/Gzf1/Ampd2/Fmn1/Mtss1/Hs3st3a1/Lgr4/Gpc3/Eya1/Pdgfd/Hes1"
"GO:0031032","GO:0031032","actomyosin structure organization",128,0.248898048346067,1.13550187068421,0.207024029574861,0.470212448973511,0.385886500464982,1619,"tags=25%, list=18%, signal=21%","Fhod3/Rtkn/Prox1/Akap13/Zeb2/Epb41l1/Wnt11/Ccdc88a/Cdc42bpa/Pdlim1/Myo18a/Nebl/Ppfia1/Ldb3/Prkd1/Tmeff2/Ep300/Cdc42bpb/Dlc1/Carmil1/Myo18b/Myh10/Tjp1/Kank4/Limch1/Pxn/Itgb1bp1/Braf/Mtor/Cnn3/Rock1/Asap3"
"GO:0120316","GO:0120316","sperm flagellum assembly",34,-0.324960845070667,-1.1660584031582,0.208080808080808,0.470981298933106,0.38651746806471,1424,"tags=29%, list=16%, signal=25%","Ift88/Cfap54/Tpgs1/Dnali1/Spag6l/Bbs4/Ttll1/Ube2b/Cfap69/Spag16"
"GO:0043535","GO:0043535","regulation of blood vessel endothelial cell migration",59,0.291350635502023,1.14392468633531,0.208,0.470981298933106,0.38651746806471,1439,"tags=24%, list=16%, signal=20%","Stard13/Pik3c2a/Ets1/Igf1/Akt3/Prkd1/Prkca/Amotl1/Vegfc/Atp2b4/Fgf18/Fgfr1/Spred1/Itgb1bp1"
"GO:0035137","GO:0035137","hindlimb morphogenesis",24,0.381848037908417,1.218585647733,0.208835341365462,0.472309784885932,0.387607708861975,1431,"tags=29%, list=16%, signal=25%","Rarb/Large1/Bmpr1a/Fmn1/Gpc3/Zbtb16/Chd7"
"GO:0010799","GO:0010799","regulation of peptidyl-threonine phosphorylation",29,0.358460080192207,1.20692857852567,0.209923664122137,0.473251908396947,0.388380875853757,2270,"tags=45%, list=25%, signal=34%","Spred2/Pard3/Phip/Gsk3b/Trpc5/Ube2k/Spred1/Cemip/Wnt5a/App/Sirt2/Axin1/Rptor"
"GO:0043030","GO:0043030","regulation of macrophage activation",28,0.358270626889945,1.19874058417134,0.20952380952381,0.473251908396947,0.388380875853757,2574,"tags=43%, list=28%, signal=31%","Lrfn5/Rora/Slc7a2/Myo18a/Cebpa/Grn/Mfhas1/Wnt5a/Shpk/Ctsc/Gpr137b/Tafa3"
"GO:1903146","GO:1903146","regulation of autophagy of mitochondrion",31,-0.334706866839188,-1.16997563111748,0.209775967413442,0.473251908396947,0.388380875853757,648,"tags=16%, list=7%, signal=15%","Stub1/Ube2a/Cttn/Fbxo7/Bnip3"
"GO:0006094","GO:0006094","gluconeogenesis",56,-0.292195512953674,-1.15064298017654,0.209876543209877,0.473251908396947,0.388380875853757,2268,"tags=34%, list=25%, signal=26%","Got1/Per2/Kat2b/Eno1/Lepr/Stk11/Xpc/Clk2/Dgat2/Gapdh/Pgam1/Slc37a4/Sirt6/Slc25a13/Gpi1/Ogt/Pgp/Cry1/Prkag2"
"GO:0043243","GO:0043243","positive regulation of protein-containing complex disassembly",24,-0.367396564009357,-1.19766590970183,0.21031746031746,0.473760674000482,0.388798401546098,1475,"tags=33%, list=16%, signal=28%","Jmjd4/Fyco1/Insr/Oga/Bnip3/Cfl2/Wdr1/Dstn"
"GO:0009268","GO:0009268","response to pH",24,0.38134842169423,1.21699123035346,0.210843373493976,0.47456599561184,0.389459300122974,1328,"tags=25%, list=15%, signal=21%","Kcnk9/Asic2/Tg/Rab11fip5/Kcnk3/Kcnma1"
"GO:0099170","GO:0099170","postsynaptic modulation of chemical synaptic transmission",31,0.350865074551018,1.1965775895174,0.211350293542074,0.475165004576769,0.389950885306923,1919,"tags=42%, list=21%, signal=33%","Igf1r/Trio/Ppp3ca/Igf1/Rnf19a/Plcb1/Iqsec1/Nefh/Braf/Sorcs3/Wnt5a/Fbxo2/Fmr1"
"GO:0045197","GO:0045197","establishment or maintenance of epithelial cell apical/basal polarity",30,0.353330087419161,1.19370158368541,0.211650485436893,0.475165004576769,0.389950885306923,595,"tags=20%, list=7%, signal=19%","Pard3b/Myo9a/Pard3/Dlg2/Wnt11/Mtcl1"
"GO:0019748","GO:0019748","secondary metabolic process",25,0.369212711044791,1.19367562580357,0.211764705882353,0.475165004576769,0.389950885306923,1234,"tags=24%, list=14%, signal=21%","Bcl2/Zeb2/Rapgef2/Prkce/Acmsd/a"
"GO:0009299","GO:0009299","mRNA transcription",39,-0.319130440049852,-1.17298858495388,0.212058212058212,0.475165004576769,0.389950885306923,874,"tags=18%, list=10%, signal=16%","Taf13/Taf10/Ncbp2/Epas1/Taf7/Taf9/Ddx5"
"GO:0014013","GO:0014013","regulation of gliogenesis",77,0.276687469037846,1.15581079359798,0.212121212121212,0.475165004576769,0.389950885306923,2171,"tags=35%, list=24%, signal=27%","Zcchc24/Tenm4/Sox11/Atxn1/Egfr/Qki/Ezh2/Igf1/Ski/Ntrk3/Aspa/Prpf19/Vegfc/Idh2/Ptk2/Hes1/Mtor/Hdac1/Ntn1/Ptprz1/Dab1/Plag1/Nr2e1/Sirt2/Daam2/Ptpra/Lrp2"
"GO:0002768","GO:0002768","immune response-regulating cell surface receptor signaling pathway",114,0.253132501682278,1.13726925665586,0.212007504690432,0.475165004576769,0.389950885306923,2042,"tags=32%, list=23%, signal=25%","Bcl2/Rc3h1/Fyn/Chuk/Eif2b3/Plscr1/Wnk1/Tnfrsf21/Cd247/Dusp22/Znrf1/Plcl2/Peli1/Rapgef1/Prkce/Ifi35/Cblb/Map3k7/Pawr/Grb2/Pde4b/Phpt1/Rab11fip2/Dab2ip/Braf/Dennd1b/Mfhas1/Tax1bp1/Nr4a3/Rnf31/Vav3/Lipa/Elf1/Khdrbs1/Btrc/Appl2/Abl1"
"GO:0006401","GO:0006401","RNA catabolic process",195,-0.229086587064342,-1.11451196584459,0.212314225053079,0.475219607783618,0.389995696201341,1431,"tags=18%, list=16%, signal=16%","Smg6/Dis3l/Cnot7/Fastkd3/Gtpbp1/Prr5l/Csdc2/Xrn2/Edc4/Lsm7/Gtsf1/Mtpap/Ago2/Csde1/Lsm5/Mettl3/Cnot6l/Nsun2/Smg8/Ncbp2/Tent4b/Ago1/Eif4a3/Smg1/Cnot10/Lsm1/Grsf1/Slirp/Vim/Exosc9/Eif3e/Fxr1/Pnrc2/Cirbp/Ddx5/Tob1"
"GO:0032506","GO:0032506","cytokinetic process",35,-0.322521712747224,-1.15926126382922,0.213114754098361,0.47642972293568,0.390988794325833,2633,"tags=49%, list=29%, signal=35%","Chmp2b/Spart/Snx9/Rab11a/Iqgap1/Stx2/Klhdc8b/Chmp7/Mtmr4/Zfyve19/Chmp4b/Chmp2a/Racgap1/Chmp3/Vps4b/Chmp1b2/Arf1"
"GO:1902806","GO:1902806","regulation of cell cycle G1/S phase transition",105,0.255980694639429,1.13364849138993,0.213333333333333,0.47642972293568,0.390988794325833,1875,"tags=30%, list=21%, signal=24%","Bcl2/Pkd1/Tfdp1/Egfr/Arid1a/Tcf3/Ino80/Ezh2/Gigyf2/Crebbp/Myo16/Plcb1/Rassf1/Cul4a/Mn1/Ambra1/Pbrm1/Ddr2/Arid2/Atp2b4/Ube2e2/Cdkn1b/Ecd/Cdk2ap2/Apbb1/Stxbp4/Ankrd17/Kmt2e/Acvr1/Ccnd2/Sox2"
"GO:0006403","GO:0006403","RNA localization",126,-0.248112984804999,-1.13302439966758,0.213362068965517,0.47642972293568,0.390988794325833,2019,"tags=25%, list=22%, signal=20%","Thoc7/Tnks/Xpot/Exosc10/Ssb/Hnrnpa3/Mapt/Magoh/Ckap5/Sec13/Nup35/Nup42/Nup88/Cct4/Nup107/Nup214/Ran/Nsun2/Sem1/Ncbp2/Rae1/Chtop/Znhit3/Eny2/Nup210/Supt6/Eif4a3/Mcm3ap/Sidt1/Fxr1/Nup133/Hnrnpa2b1"
"GO:0060251","GO:0060251","regulation of glial cell proliferation",35,0.337281917537912,1.18455780218511,0.214007782101167,0.477016698969962,0.391470504514963,1553,"tags=31%, list=17%, signal=26%","Sox11/Atxn1/Egfr/Igf1/Ski/Vegfc/Idh2/Ptk2/Hes1/Mtor/Ntn1"
"GO:0051310","GO:0051310","metaphase chromosome alignment",56,-0.289890123574179,-1.14156453787168,0.213991769547325,0.477016698969962,0.391470504514963,2430,"tags=36%, list=27%, signal=26%","Bub3/Rab11a/Kat2b/Zfp207/Nsl1/Rb1/Mlh1/Chmp7/Spc25/Ska2/Chmp4b/Chmp2a/Racgap1/Chmp3/Vps4b/Ttl/Spice1/Mis12/Chmp1b2/Brca2"
"GO:0006402","GO:0006402","mRNA catabolic process",171,-0.233108548502282,-1.11241511563593,0.214132762312634,0.477016698969962,0.391470504514963,1431,"tags=19%, list=16%, signal=17%","Smg6/Dis3l/Cnot7/Fastkd3/Gtpbp1/Prr5l/Csdc2/Xrn2/Edc4/Lsm7/Gtsf1/Mtpap/Ago2/Csde1/Lsm5/Mettl3/Cnot6l/Smg8/Ncbp2/Tent4b/Ago1/Eif4a3/Smg1/Cnot10/Lsm1/Vim/Exosc9/Eif3e/Fxr1/Pnrc2/Cirbp/Ddx5/Tob1"
"GO:0001676","GO:0001676","long-chain fatty acid metabolic process",44,-0.31150393101401,-1.17113220304313,0.214583333333333,0.477265851091818,0.391674974729642,3394,"tags=45%, list=37%, signal=29%","Pla2g4a/Mgll/Acsbg1/Ptgs2/Acot7/Cyp2u1/Fads1/Acsl3/Acsbg2/Gpx4/Sco1/Pnpla8/Acad9/Myo5a/Gpx1/Mgst3/Acsl1/Acadl/Gstp3/Ptgs1"
"GO:0007218","GO:0007218","neuropeptide signaling pathway",37,0.326586623943024,1.16769110605056,0.214424951267057,0.477265851091818,0.391674974729642,1926,"tags=38%, list=21%, signal=30%","Tenm1/Cckbr/Sstr4/Rapgef2/Penk/Npb/Oprm1/Nts/Npy1r/Gpr139/Hcrtr2/Sstr3/Tyro3/Nmbr"
"GO:0034340","GO:0034340","response to type I interferon",34,0.344230381064766,1.19520449120552,0.214990138067061,0.477793540278374,0.392108030328186,1842,"tags=32%, list=20%, signal=26%","Irf7/Hdac4/Gigyf2/Samhd1/Adar/Stat2/Ube2k/Oasl1/Ifih1/Lsm14a/Wnt5a"
"GO:2001057","GO:2001057","reactive nitrogen species metabolic process",43,0.310330680610829,1.16053772143061,0.215500945179584,0.47855135028847,0.392729937837125,1114,"tags=21%, list=12%, signal=18%","Rora/Slc7a2/Igf1/Oprm1/Ppara/Smpd3/Nfatc3/Atp2b4/Acvr2a"
"GO:0003208","GO:0003208","cardiac ventricle morphogenesis",36,0.33199304096815,1.17639382216835,0.215953307392996,0.478801274770624,0.392935041900213,2171,"tags=33%, list=24%, signal=25%","Prox1/Tgfb2/Bmpr1a/Sox4/Ryr2/Hey2/Fgf9/Chd7/Rnls/Ly6e/Heg1/Lrp2"
"GO:0046822","GO:0046822","regulation of nucleocytoplasmic transport",86,-0.266534181614777,-1.13726863588166,0.215811965811966,0.478801274770624,0.392935041900213,1320,"tags=22%, list=15%, signal=19%","Chchd4/Sumo1/Ipo5/Nf1/Nolc1/Uhmk1/Akap1/Prpf4b/Nup214/Ran/Rbm22/Sirt6/Prkcd/Nsun2/Ncbp2/Prkcq/Supt6/Angpt1/Park7"
"GO:0030512","GO:0030512","negative regulation of transforming growth factor beta receptor signaling pathway",64,0.285307975087819,1.13996970046743,0.216432865731463,0.47911061714946,0.393188908101066,1358,"tags=25%, list=15%, signal=21%","Spred2/Chst11/Smurf2/Nkx2-1/Arid4a/Sap130/Ski/Arid4b/Ppara/Zfp451/Ltbp1/Adamtsl2/Glg1/Htra1/Smad6/Spred1"
"GO:0044272","GO:0044272","sulfur compound biosynthetic process",106,0.254138567328012,1.12751000914494,0.216318785578748,0.47911061714946,0.393188908101066,1780,"tags=25%, list=20%, signal=20%","Ndst3/Ppcdc/Chst11/B4galnt4/Hs3st3b1/Ndst4/Hs6st1/Ext1/Igf1/Gcdh/Csgalnact1/Hs6st2/Mat2b/Chsy1/Slc19a2/Hs6st3/Hs3st3a1/Slc25a16/Tpk1/Hs3st5/Hs3st2/Pxylp1/Xylt1/Tcf7l2/Mtrr/Eif2ak3"
"GO:0048668","GO:0048668","collateral sprouting",27,0.359353202702327,1.18831684630717,0.217054263565891,0.479732482140143,0.393699250405997,610,"tags=19%, list=7%, signal=17%","Fgf13/Epha7/Prkg1/Zeb2/Ptprs"
"GO:0009798","GO:0009798","axis specification",42,0.314689985207242,1.17181973350267,0.216981132075472,0.479732482140143,0.393699250405997,2142,"tags=33%, list=24%, signal=26%","Arl13b/Prickle1/Wdr77/Bmpr1a/Ski/Hey2/Six3/Smad6/Gpc3/Ldb1/Wnt5a/Axin2/Bcor/Axin1"
"GO:2001235","GO:2001235","positive regulation of apoptotic signaling pathway",82,-0.266155458387689,-1.13500004431498,0.217659137577002,0.480315935545804,0.394178069700098,1809,"tags=26%, list=20%, signal=21%","Gsdme/Mapk8/Bok/Pak2/Agt/Plagl2/Faf1/Sod1/Eef1e1/Plekhf1/Nf1/G0s2/Sfpq/Nherf1/Prkcd/Traf7/Tnfsf10/Park7/Pea15a/Ctnna1/Rpl26"
"GO:0042326","GO:0042326","negative regulation of phosphorylation",190,0.228512641877111,1.09871734557749,0.217636022514071,0.480315935545804,0.394178069700098,1588,"tags=24%, list=18%, signal=20%","Spred2/Ptprt/Pard3/Pecam1/Atxn1/Prkn/Slc8a3/Pkib/Parp14/Cadm1/Igf1/Ppargc1a/Ubash3b/Ptpro/Epm2a/Rassf2/Dmd/Dusp22/Prkca/Ntrk3/Deptor/Nck2/Adar/Lats1/Atxn7/Spag9/Ptpn13/Cdkn1b/Ggnbp2/Gfra2/Nup62/Traf3ip1/Garem1/Dnaja3/Spred1/Nr2f2/Dab2ip/Itgb1bp1/Mapk8ip1/Enpp1/Smyd3/Mtor/Zfyve28/Cdk5rap3/Kirrel1"
"GO:0048265","GO:0048265","response to pain",24,0.377769536646398,1.20556999069471,0.218875502008032,0.480433068895618,0.394274196841236,1507,"tags=42%, list=17%, signal=35%","Gria1/Cacna1b/Cntnap2/Grin2b/Reln/Htr7/Grik1/Cacna1e/Capn2/Mtor"
"GO:0031663","GO:0031663","lipopolysaccharide-mediated signaling pathway",22,0.382815504408246,1.20425159646978,0.218503937007874,0.480433068895618,0.394274196841236,1686,"tags=27%, list=19%, signal=22%","Sash1/Prkca/Tut4/Prkce/Bmp6/Mtdh"
"GO:0048599","GO:0048599","oocyte development",29,0.355681330373837,1.19757257836363,0.219465648854962,0.480433068895618,0.394274196841236,921,"tags=24%, list=10%, signal=22%","Bcl2/Pde3a/Igf1/Wdr77/Foxo3/Plcb1/Tut4"
"GO:0060337","GO:0060337","type I interferon-mediated signaling pathway",32,0.349386203132268,1.1962607173253,0.218992248062016,0.480433068895618,0.394274196841236,1842,"tags=34%, list=20%, signal=27%","Irf7/Hdac4/Gigyf2/Samhd1/Adar/Stat2/Ube2k/Oasl1/Ifih1/Lsm14a/Wnt5a"
"GO:0071357","GO:0071357","cellular response to type I interferon",32,0.349386203132268,1.1962607173253,0.218992248062016,0.480433068895618,0.394274196841236,1842,"tags=34%, list=20%, signal=27%","Irf7/Hdac4/Gigyf2/Samhd1/Adar/Stat2/Ube2k/Oasl1/Ifih1/Lsm14a/Wnt5a"
"GO:0050672","GO:0050672","negative regulation of lymphocyte proliferation",28,0.356348072476934,1.19230789383286,0.219047619047619,0.480433068895618,0.394274196841236,1739,"tags=32%, list=19%, signal=26%","Sox11/Rc3h1/Ripor2/Tnfrsf21/Peli1/Cblb/Pawr/Glmn/Mad1l1"
"GO:0021696","GO:0021696","cerebellar cortex morphogenesis",31,0.34921074409479,1.19093572062489,0.219178082191781,0.480433068895618,0.394274196841236,598,"tags=19%, list=7%, signal=18%","Foxp2/Prox1/Rora/Cntnap2/Nrxn1/Faim2"
"GO:0035794","GO:0035794","positive regulation of mitochondrial membrane permeability",23,-0.367995527781321,-1.18585105442924,0.219758064516129,0.480433068895618,0.394274196841236,2387,"tags=35%, list=26%, signal=26%","Rhot1/Hip1r/Bnip3l/Gclc/Bok/Vdac2/Spg7/Bnip3"
"GO:0061178","GO:0061178","regulation of insulin secretion involved in cellular response to glucose stimulus",56,0.296321935226684,1.16173800287268,0.218992248062016,0.480433068895618,0.394274196841236,1694,"tags=32%, list=19%, signal=26%","Epha5/Adcy8/Prkn/Adcy5/Abcg1/Cacna1d/Pde3b/Klf7/Pla2g6/Brsk2/Prkce/Fto/Cacna1e/Lrp5/Map4k4/Ano1/Stxbp4/Tcf7l2"
"GO:0071383","GO:0071383","cellular response to steroid hormone stimulus",117,0.249428434395585,1.12119419699932,0.218455743879473,0.480433068895618,0.394274196841236,865,"tags=17%, list=10%, signal=16%","Esrrg/Pde3a/Ddx17/Rbfox2/Ncor2/Egfr/Arid1a/Igf1/Zmiz1/Esrrb/Sstr4/Foxo3/Uri1/Nr3c2/Fshr/Ppara/Cnot2/Ep300/Gsk3b/Ncoa1"
"GO:0070085","GO:0070085","glycosylation",168,0.232946053312982,1.10299861394487,0.219739292364991,0.480433068895618,0.394274196841236,1136,"tags=16%, list=13%, signal=14%","B3galt1/Fut9/Galnt9/Galntl6/Tmtc2/Lmf1/Galnt18/Tet2/Ext1/Galnt2/Large1/Crppa/St6galnac3/Galnt7/St3gal4/St3gal1/Fut8/Mgat5b/Galnt14/St8sia1/Mgat4a/B3glct/Mogs/St6galnac6/Abca2/Tmtc4/Pofut2"
"GO:0099504","GO:0099504","synaptic vesicle cycle",184,0.228122649926747,1.09510253227781,0.219739292364991,0.480433068895618,0.394274196841236,1462,"tags=22%, list=16%, signal=19%","Nlgn1/Fgf14/Magi2/Rab3b/Cacna1b/Pclo/Syt1/Rimbp2/Doc2b/Kcnh1/Erc1/Cask/Slc32a1/Prkn/Itsn2/Nrxn1/Ap1s2/Cacna1d/Cdh2/Scamp5/Btbd9/Erc2/Ppfia2/Ap3d1/Prkca/Stxbp5l/Syt10/Stxbp5/Pcdh17/Dnajc5/Syn3/Amph/Rapgef4/Npy1r/Cacna1e/Rims2/Dennd1a/Capn2/Grn/Braf/Rims4"
"GO:0141085","GO:0141085","regulation of inflammasome-mediated signaling pathway",24,-0.363816812488484,-1.1859963766094,0.220238095238095,0.480736601379514,0.394523295069587,2220,"tags=46%, list=24%, signal=35%","Hspa8/Zdhhc1/Cptp/Brcc3dc/Eif2ak2/Fbxl2/Mapk8/Lamp2/Ppp2ca/Ddx3x/Ogt"
"GO:0033143","GO:0033143","regulation of intracellular steroid hormone receptor signaling pathway",49,-0.296730173613279,-1.14544975822288,0.22020202020202,0.480736601379514,0.394523295069587,860,"tags=16%, list=9%, signal=15%","Wbp2/Vps18/Cry1/Park7/Ufsp2/Shq1/Ddx5/Vps11"
"GO:0046209","GO:0046209","nitric oxide metabolic process",42,0.313750263533489,1.16832046611868,0.220754716981132,0.481491325427887,0.395142670040368,1114,"tags=21%, list=12%, signal=19%","Rora/Slc7a2/Igf1/Oprm1/Ppara/Smpd3/Nfatc3/Atp2b4/Acvr2a"
"GO:0010927","GO:0010927","cellular component assembly involved in morphogenesis",75,0.27587335537684,1.14911884801631,0.221804511278195,0.483033317451279,0.396408127615875,1124,"tags=19%, list=12%, signal=16%","Fhod3/Prox1/Akap13/Gpc1/Tenm4/Mobp/Nfasc/Nebl/Ldb3/Prkd1/Ep300/Ugt8a/Abca2/Myh10"
"GO:0032989","GO:0032989","cellular anatomical entity morphogenesis",75,0.27587335537684,1.14911884801631,0.221804511278195,0.483033317451279,0.396408127615875,1124,"tags=19%, list=12%, signal=16%","Fhod3/Prox1/Akap13/Gpc1/Tenm4/Mobp/Nfasc/Nebl/Ldb3/Prkd1/Ep300/Ugt8a/Abca2/Myh10"
"GO:0060259","GO:0060259","regulation of feeding behavior",22,-0.368419945786199,-1.18003355431619,0.222672064777328,0.48380098576909,0.397038125484551,2768,"tags=55%, list=31%, signal=38%","Napepld/Tacr3/Sgip1/Lepr/Ift88/Cfap20/Crhr2/Eif2ak4/Insr/Npy2r/Ttc21b/Cck"
"GO:2000106","GO:2000106","regulation of leukocyte apoptotic process",42,0.310684539832955,1.15690454664674,0.222641509433962,0.48380098576909,0.397038125484551,1991,"tags=29%, list=22%, signal=22%","Bcl2/Bcl11b/Tgfb2/Rapgef2/St3gal1/Cxcl12/Itpkb/Cd74/Gas6/Nr4a3/Wnt5a/Kifap3"
"GO:0001933","GO:0001933","negative regulation of protein phosphorylation",181,0.228651282103251,1.09424006433125,0.222634508348794,0.48380098576909,0.397038125484551,1588,"tags=24%, list=18%, signal=20%","Spred2/Ptprt/Pard3/Pecam1/Prkn/Slc8a3/Pkib/Parp14/Cadm1/Igf1/Ppargc1a/Ubash3b/Ptpro/Epm2a/Rassf2/Dmd/Dusp22/Prkca/Ntrk3/Deptor/Nck2/Adar/Lats1/Spag9/Ptpn13/Cdkn1b/Ggnbp2/Gfra2/Nup62/Traf3ip1/Garem1/Dnaja3/Spred1/Nr2f2/Dab2ip/Itgb1bp1/Mapk8ip1/Enpp1/Smyd3/Mtor/Zfyve28/Cdk5rap3/Kirrel1"
"GO:0095500","GO:0095500","acetylcholine receptor signaling pathway",28,0.355445576196491,1.1892882242389,0.222857142857143,0.483830068236848,0.397061992423277,1377,"tags=25%, list=15%, signal=21%","Chrm2/Large1/Oprm1/Plcb1/Itpr1/Chrm3/Sorbs2"
"GO:1905710","GO:1905710","positive regulation of membrane permeability",26,-0.3576752939765,-1.19330113406241,0.223360655737705,0.484223542636904,0.397384902757939,2387,"tags=35%, list=26%, signal=26%","Rhot1/Hip1r/Hspa8/Bnip3l/Gclc/Bok/Vdac2/Spg7/Bnip3"
"GO:0071480","GO:0071480","cellular response to gamma radiation",20,-0.386574992290083,-1.18648964880344,0.223382045929019,0.484223542636904,0.397384902757939,381,"tags=40%, list=4%, signal=38%","Gtf2h5/Rnf4/Hras/Egr1/Wrn/Chek2/Zmpste24/Rpl26"
"GO:0070231","GO:0070231","T cell apoptotic process",28,0.354739318432694,1.18692515068275,0.224761904761905,0.486287901837816,0.399079048349962,722,"tags=18%, list=8%, signal=16%","Bcl2/Bcl11b/Tgfb2/St3gal1/Ripk1"
"GO:0015698","GO:0015698","inorganic anion transport",88,0.266186901571655,1.1385919477946,0.224528301886792,0.486287901837816,0.399079048349962,1509,"tags=23%, list=17%, signal=19%","Ank/Kcne2/Gabra1/Glra3/Ttyh3/Gabra5/Slc6a1/Slc5a6/Gabra2/Tg/Gabrg3/Best3/Slc12a1/Ano4/Gabra4/Fgfr1/Ip6k2/Enpp1/Mtor/Mfsd5"
"GO:0014015","GO:0014015","positive regulation of gliogenesis",50,0.295491379560855,1.1325299457492,0.224852071005917,0.486287901837816,0.399079048349962,1559,"tags=28%, list=17%, signal=23%","Tenm4/Atxn1/Egfr/Qki/Igf1/Aspa/Prpf19/Vegfc/Ptk2/Hes1/Mtor/Hdac1/Ntn1/Ptprz1"
"GO:0032496","GO:0032496","response to lipopolysaccharide",123,0.248473550050539,1.12739805211485,0.225274725274725,0.486828355693386,0.399522579454772,1842,"tags=24%, list=20%, signal=20%","Sash1/B2m/Nkx2-1/Mapkapk3/Tcf3/Adam9/Rps6ka3/Akap8/Plscr1/Penk/Cmpk2/Prkca/Peli1/Tut4/Prkce/Irf8/Ctr9/Tjp1/Smad6/Pde4b/Capn2/Dab2ip/Cnr1/Bmp6/Mtdh/Hsf1/Epsti1/Nfkbib/Fbxo3/Wnt5a"
"GO:1901185","GO:1901185","negative regulation of ERBB signaling pathway",22,0.379359102471381,1.1933785322846,0.226377952755905,0.487806123896819,0.400324998767813,1549,"tags=27%, list=17%, signal=23%","Egfr/Cadm1/Cblb/Nup62/Dab2ip/Zfyve28"
"GO:0006278","GO:0006278","RNA-templated DNA biosynthetic process",39,-0.316758439020318,-1.1642701119348,0.226611226611227,0.487806123896819,0.400324998767813,1215,"tags=38%, list=13%, signal=33%","Cct2/Gar1/Terf2/Map3k4/Tnks/Exosc10/Cct4/Ctc1/Pot1b/Ctnnb1/Tent4b/Prkcq/Ptges3/Nat10/Cct8"
"GO:0007004","GO:0007004","telomere maintenance via telomerase",39,-0.316758439020318,-1.1642701119348,0.226611226611227,0.487806123896819,0.400324998767813,1215,"tags=38%, list=13%, signal=33%","Cct2/Gar1/Terf2/Map3k4/Tnks/Exosc10/Cct4/Ctc1/Pot1b/Ctnnb1/Tent4b/Prkcq/Ptges3/Nat10/Cct8"
"GO:0043536","GO:0043536","positive regulation of blood vessel endothelial cell migration",41,0.310679228575164,1.1500196261696,0.226666666666667,0.487806123896819,0.400324998767813,1192,"tags=24%, list=13%, signal=21%","Pik3c2a/Ets1/Igf1/Akt3/Prkd1/Prkca/Amotl1/Vegfc/Fgf18/Fgfr1"
"GO:0009749","GO:0009749","response to glucose",126,0.246902800358997,1.12414899083472,0.226765799256506,0.487806123896819,0.400324998767813,1694,"tags=28%, list=19%, signal=23%","Epha5/Igf1r/Adcy8/Prkn/Adcy5/Abcg1/Acvr2b/Ppp3ca/Igf1/Eif2b3/Rasal2/Foxo3/Cacna1d/Pde3b/Klf7/Ptprn/Sox4/Pla2g6/Brsk2/Ep300/Pfkl/Rab11fip5/Prkce/Fto/Tjp1/Cdkn1b/Cacna1e/Rab11fip2/Lrp5/Map4k4/Gas6/Kcnb1/Ano1/Stxbp4/Tcf7l2"
"GO:0048545","GO:0048545","response to steroid hormone",181,0.227793423750561,1.0901346730542,0.226345083487941,0.487806123896819,0.400324998767813,2105,"tags=28%, list=23%, signal=22%","Esrrg/Bcl2/Tbl1x/Pde3a/Ddx17/Rbfox2/Ncor2/Egfr/Arid1a/Tgfb2/Adam9/Igf1/Zmiz1/Esrrb/Sstr4/Foxo3/Uri1/Nr3c2/Fshr/Ppara/Paqr8/Cnot2/Ep300/Gsk3b/Ncoa1/Gad2/Lats1/Igfbp2/Htr7/Abca2/Cybb/Ppargc1b/Fkrp/Smyd3/Aqp1/Hdac1/Atp1a1/Ncoa2/Bmp6/Bdnf/Glb1/Calr/Ncor1/Sstr3/Jun/Axin2/Clock/Srebf1/Pck2/Hnrnpu/Bckdhb"
"GO:0060122","GO:0060122","inner ear receptor cell stereocilium organization",33,0.342652929904487,1.17919345900311,0.227722772277228,0.489223528201435,0.401488211668803,1391,"tags=27%, list=15%, signal=23%","Otog/Ankrd24/Cdh23/Ripor2/Pjvk/Myo3a/Atp2b2/Hes1/Myo3b"
"GO:1900078","GO:1900078","positive regulation of cellular response to insulin stimulus",24,-0.360017464162899,-1.17361098595964,0.228174603174603,0.489223528201435,0.401488211668803,2390,"tags=38%, list=26%, signal=28%","Sorl1/Myo5a/Ctsd/Opa1/Agt/Mfn2/Marcks/Tsc2/Adipor1"
"GO:0051642","GO:0051642","centrosome localization",27,0.353760689034179,1.16982340265594,0.228682170542636,0.489223528201435,0.401488211668803,1872,"tags=30%, list=21%, signal=24%","Pard3b/Pard3/Syne2/Bicd2/Ccdc141/Ranbp2/Kif5b/Nde1"
"GO:0071479","GO:0071479","cellular response to ionizing radiation",42,-0.312588900120512,-1.16144739455501,0.228813559322034,0.489223528201435,0.401488211668803,2466,"tags=38%, list=27%, signal=28%","Swi5/Rnf4/Mapk14/Hras/Egr1/Brca1/Tnks1bp1/Brcc3dc/Rad51ap1/Wrn/Net1/Chek2/Zmpste24/Rhob/Brca2/Rpl26"
"GO:0070301","GO:0070301","cellular response to hydrogen peroxide",42,-0.312578627857887,-1.16140922719635,0.228813559322034,0.489223528201435,0.401488211668803,1744,"tags=31%, list=19%, signal=25%","Mapk8/Plekha1/Map1lc3a/Pcna/Trpm2/Cat/Sirt6/Prkcd/Net1/Bnip3/Park7/Rhob/Rnf146"
"GO:0045010","GO:0045010","actin nucleation",43,-0.306531901704807,-1.1455801100428,0.228329809725159,0.489223528201435,0.401488211668803,2699,"tags=47%, list=30%, signal=33%","Wasl/Diaph3/Gmfb/Washc5/Nckap1/Actr3/Hip1r/Washc1/Arpc4/Ap1ar/Wasf3/Gsn/Dnai3/Wasf1/Cyfip1/Rnh1/Arpc3/Arf1/Pick1/Arpc5"
"GO:0021761","GO:0021761","limbic system development",86,0.267081167534961,1.13894223761499,0.228464419475655,0.489223528201435,0.401488211668803,1009,"tags=21%, list=11%, signal=19%","Fgf13/Prox1/Epha5/Nkx2-1/Kirrel3/Zeb2/Slc32a1/Cntnap2/Ezh2/Large1/Kcnq2/Ptprs/Ogdh/Mfsd2a/Gsk3b/Ncoa1/Reln/Atp2b4"
"GO:0007162","GO:0007162","negative regulation of cell adhesion",135,0.241831425901255,1.11110838517794,0.22803738317757,0.489223528201435,0.401488211668803,2208,"tags=32%, list=24%, signal=24%","Dscaml1/Epha5/Epha4/Prkg1/Cask/Rc3h1/Ubash3b/Pde3b/Wnk1/Ripor2/Tnfrsf21/Ppara/Dusp22/Cxcl12/Dact2/Dlc1/Peli1/Cblb/Tbcd/Cd74/Pawr/Ptk2/Itgb1bp1/Swap70/Pag1/Glmn/Ptprz1/Bmp6/Mad1l1/Spock1/Dab1/Ptpn1/Zfp703/Cbfb/Ajap1/Bcl6/Abl1/Tnr/Tnc/Plxnc1/Cd276/Jam2/Dscam"
"GO:0032438","GO:0032438","melanosome organization",26,0.362415866229736,1.18391470684196,0.229571984435798,0.490164452877925,0.402260394820067,1234,"tags=27%, list=14%, signal=23%","Zeb2/Kif13a/Ap1s2/Hps3/Ap3d1/Abcb6/a"
"GO:0051606","GO:0051606","detection of stimulus",85,0.269668597080376,1.14562580491369,0.229601518026565,0.490164452877925,0.402260394820067,1291,"tags=24%, list=14%, signal=20%","Pkd1/Syt1/Cep250/Grm8/Asic2/Cadm1/Igf1/Fyn/Grin2b/Ryr2/Mmp24/Cxcl12/Ccdc66/Bace1/Kcnk3/Pjvk/Htr7/Grik2/Pawr/Atp2b2"
"GO:0003351","GO:0003351","epithelial cilium movement involved in extracellular fluid movement",31,-0.33073568395659,-1.15609426906708,0.230142566191446,0.49094757874905,0.402903078148617,1243,"tags=26%, list=14%, signal=22%","Katnip/Spag6l/Nherf1/Aqp4/Ttll1/Rsph3b/Spag16/Rsph14"
"GO:0044743","GO:0044743","protein transmembrane import into intracellular organelle",32,-0.326368839251322,-1.15388699057157,0.230452674897119,0.491237244977369,0.403140796838101,3324,"tags=56%, list=37%, signal=36%","Tomm7/Grpel1/Pex14/Pex13/Pex5/Timm17a/Timm23/Pex26/Pam16/Hspa8/Dnlz/Dnajc19/Trim37/Grpel2/Chchd4/Pex1/Pex10/Tomm70a"
"GO:0032273","GO:0032273","positive regulation of protein polymerization",52,0.295534564981507,1.13967766616822,0.231067961165049,0.491504951302009,0.403360493821865,1588,"tags=29%, list=18%, signal=24%","Tenm1/Nav3/Pde4dip/Ambra1/Nck2/Fmn1/Prkce/Carmil1/Cdkn1b/Cracd/Togaram1/Grb2/Slain1/Mtor/Kirrel1"
"GO:0019319","GO:0019319","hexose biosynthetic process",59,-0.279141768580957,-1.12024181837386,0.231075697211155,0.491504951302009,0.403360493821865,2268,"tags=32%, list=25%, signal=24%","Got1/Per2/Kat2b/Eno1/Lepr/Stk11/Xpc/Clk2/Dgat2/Gapdh/Pgam1/Slc37a4/Sirt6/Slc25a13/Gpi1/Ogt/Pgp/Cry1/Prkag2"
"GO:0009144","GO:0009144","purine nucleoside triphosphate metabolic process",172,-0.230974475454915,-1.10116779945962,0.23110151187905,0.491504951302009,0.403360493821865,2385,"tags=33%, list=26%, signal=24%","Sdhd/Ndufs8/Ndufv2/Ndufb10/Slc4a4/Hspa8/Eif6/Kat2b/Eno1/Ndufa6/Ndufb2/Mpi/Sdha/Bloc1s6/Map2k1/Bpgm/Opa1/mt-Nd6/Ndufc2/Ndufa1/Atp6v1b2/Gapdh/Ndufs2/Ada/Ampd3/Ppp2ca/Pgam1/Atp5pf/Gtpbp1/Atp5mf/Gnai3/Ndufa5/Atp5f1c/Ndufs3/Insr/Atp5mc3/Oga/Ndufb5/Ndufs7/Sdhb/Ndufv3/Ran/Nme1/Sirt6/Slc25a13/Ndufab1/Gpi1/Ndufs6/Ogt/Ndufa12/Prkag2/Ndufa8/Atp6v1a/Pid1/Pkm/Tmsb4x"
"GO:0000132","GO:0000132","establishment of mitotic spindle orientation",21,-0.37895389715816,-1.18498768873801,0.23155737704918,0.492103083351878,0.40385135935306,3072,"tags=43%, list=34%, signal=28%","Pafah1b1/Gpsm1/Itgb1/Ankfn1/Hdac3/Bccip/Spry1/Mcph1/Ubxn2b"
"GO:0045576","GO:0045576","mast cell activation",24,-0.35815402180174,-1.16753640168401,0.232142857142857,0.492975562493272,0.404567371707339,232,"tags=38%, list=3%, signal=37%","D6Wsu163e/Rabgef1/Snap23/Cbl/Cplx2/Cd226/Snx4/Kit/Ywhaz"
"GO:0007628","GO:0007628","adult walking behavior",32,0.343772241515887,1.17703911758827,0.232558139534884,0.493485570187728,0.404985916739172,1838,"tags=41%, list=20%, signal=33%","Hipk2/Epha4/Cacna1c/Klhl1/Cntn2/Scn8a/Kcnma1/Chd7/Ulk4/Enpp1/Fkrp/Hexa/Dab1"
"GO:0006783","GO:0006783","heme biosynthetic process",20,-0.382873999430244,-1.17513043052478,0.233820459290188,0.495790861008088,0.406877786274241,2509,"tags=50%, list=28%, signal=36%","Cox15/Ireb2/Slc6a9/Abcb7/Tmem14c/Srrd/Uros/Cpox/Alas1/Snx3"
"GO:0050829","GO:0050829","defense response to Gram-negative bacterium",20,0.381330581223839,1.18478424064355,0.235181644359465,0.498302160755618,0.408938719950727,944,"tags=25%, list=10%, signal=22%","B2m/Drosha/Adgrb1/Prkd1/Vip"
"GO:0051453","GO:0051453","regulation of intracellular pH",45,-0.305766326378513,-1.15912686190326,0.235416666666667,0.498425369396444,0.409039832865409,2420,"tags=36%, list=27%, signal=26%","Car2/Slc12a5/Slc4a4/Slc9a6/Cln5/Slc9a8/Atp6v1b2/Aqp11/Lamp2/Vps33a/Slc9a9/Creg1/Slc4a7/Tpcn2/Slc9b1/Ppt1"
"GO:0007140","GO:0007140","male meiotic nuclear division",23,-0.36087640926167,-1.16290997616659,0.235887096774194,0.498589214709415,0.409174294840158,1761,"tags=48%, list=19%, signal=39%","Ubb/M1ap/Rec8/Mlh1/Hspa2/Tex11/Mlh3/Suv39h2/Brca2/Trip13/Spdya"
"GO:0008637","GO:0008637","apoptotic mitochondrial changes",69,-0.269591776211669,-1.11849374611984,0.236,0.498589214709415,0.409174294840158,2387,"tags=35%, list=26%, signal=26%","Rhot1/Hip1r/Bnip3l/Dap3/Ggct/Gclc/Opa1/Gpx1/Bok/Pdcd5/Sod2/Mllt11/Fam162a/Mfn2/Akt1/Vdac2/Ppp2cb/Ghitm/Rnf7/Tnfsf10/Bnip3/Cck/Higd1a/Vps35"
"GO:0006368","GO:0006368","transcription elongation by RNA polymerase II",81,-0.26378964531147,-1.11752669672416,0.236024844720497,0.498589214709415,0.409174294840158,2006,"tags=28%, list=22%, signal=22%","Tcea1/Ccnt1/Ccnk/Med14/Map2k1/Recql5/Med28/Pwwp2b/Gtf2f2/Leo1/Nelfe/Glyr1/Med17/Ctnnb1/Sirt6/Med8/Med20/Ncbp2/Med16/Med31/Eny2/Supt6/Cbx7"
"GO:0045663","GO:0045663","positive regulation of myoblast differentiation",30,0.347486677409427,1.17396002181138,0.236893203883495,0.49953894980073,0.409953708383028,997,"tags=27%, list=11%, signal=24%","Arid1a/Ripor2/Sox4/Plcb1/Map3k5/Pbrm1/Cdon/Arid2"
"GO:1901568","GO:1901568","fatty acid derivative metabolic process",22,-0.363283855383692,-1.16358287328689,0.236842105263158,0.49953894980073,0.409953708383028,1654,"tags=27%, list=18%, signal=22%","Dgat2/Far1/Acsl1/Fitm2/Nudt7/Pecr"
"GO:2000059","GO:2000059","negative regulation of ubiquitin-dependent protein catabolic process",39,-0.315631636746542,-1.16012846313303,0.237006237006237,0.49953894980073,0.409953708383028,1494,"tags=26%, list=16%, signal=22%","Uchl5/Anks1/Usp14/Rpl23/Rpl5/Usp5/Ogt/Bag5/Park7/Taf9"
"GO:1903426","GO:1903426","regulation of reactive oxygen species biosynthetic process",31,0.343496859611031,1.17144929516317,0.238747553816047,0.502082542278821,0.412041143545841,1062,"tags=26%, list=12%, signal=23%","Prkn/Hdac4/Fyn/Foxo3/Adgrb1/Ppara/Slc25a33/Grin1"
"GO:0097696","GO:0097696","cell surface receptor signaling pathway via STAT",72,0.274808528556538,1.12326418345065,0.238747553816047,0.502082542278821,0.412041143545841,1838,"tags=26%, list=20%, signal=21%","Erbb4/Pkd1/Ptprt/Pecam1/Parp14/Igf1/Fyn/Ep300/Stat2/Ctr9/Ggnbp2/Traf3ip1/Pias1/Hes1/C1qtnf4/Hsf1/Ercc6/Nlk/Dab1"
"GO:0031123","GO:0031123","RNA 3'-end processing",64,-0.274315906356725,-1.12320558520382,0.238568588469185,0.502082542278821,0.412041143545841,1943,"tags=25%, list=21%, signal=20%","Exosc10/Rprd1a/Ints2/Ssb/Larp7/Cstf1/Leo1/Mtpap/Ncbp2/Tent4b/Rexo5/Eri1/Ahcyl1/Zcchc8/Exosc9/Rps21"
"GO:0010761","GO:0010761","fibroblast migration",47,0.296474383714952,1.12617023378364,0.239382239382239,0.503041872169389,0.412828431196499,1623,"tags=28%, list=18%, signal=23%","Gna13/Zeb2/Fut8/Pdlim1/Fndc3b/Ddr2/Prkce/Fgfr1/Ptk2/Itgb1bp1/Braf/Aqp1/Arid5b"
"GO:0031112","GO:0031112","positive regulation of microtubule polymerization or depolymerization",22,0.37265276166347,1.1722818903477,0.240157480314961,0.503919418858942,0.413548602305889,2211,"tags=45%, list=24%, signal=34%","Nav3/Pde4dip/Cdkn1b/Togaram1/Slain1/Spast/Katnb1/Git1/Numa1/Akap9"
"GO:1904036","GO:1904036","negative regulation of epithelial cell apoptotic process",22,0.372558109842033,1.17198413697626,0.240157480314961,0.503919418858942,0.413548602305889,1694,"tags=36%, list=19%, signal=30%","Bcl2/Igf1r/Igf1/Ppara/Adar/Cdkn1b/Mtor/Tcf7l2"
"GO:0010559","GO:0010559","regulation of glycoprotein biosynthetic process",30,0.346973919971229,1.17222770580485,0.240776699029126,0.504805764063379,0.414275994041031,1897,"tags=37%, list=21%, signal=29%","Bcl2/Igf1/Plcb1/Ep300/Abca2/Pawr/Acot8/Pxylp1/Tcf7l2/Pomt1/Itm2b"
"GO:0003341","GO:0003341","cilium movement",114,-0.247767916552673,-1.1161561047178,0.240938166311301,0.504805764063379,0.414275994041031,2764,"tags=35%, list=30%, signal=25%","Chrna7/Dnah12/Dync2h1/Rsph9/Tacr3/Vdac3/Dnaaf5/Ccdc40/Nphp4/Ttll9/Vangl1/Tmf1/Ift88/Cfap54/Mkks/Cfap91/Cfap20/Rabl2/Dpcd/Tpgs1/Dnai3/Dnali1/Katnip/Kif9/Dnah7b/Spag6l/Bbs4/Nherf1/Tubb4b/Aqp4/Ttll1/Rsph3b/Ube2b/Slc9b1/Tekt1/Tac1/Cfap69/Spag16/Slirp/Rsph14"
"GO:0001666","GO:0001666","response to hypoxia",187,0.225607987428052,1.08379895642945,0.242085661080074,0.506833129958135,0.415939780552846,1507,"tags=20%, list=17%, signal=17%","Bcl2/mt-Nd4/mt-Co2/Kcnd2/Rora/mt-Cytb/Epha4/Slc8a3/Tgfb2/Arnt/Adsl/Grin2b/mt-Co1/Foxo3/Penk/Pdlim1/Sox4/mt-Nd5/Ryr2/Ppara/Ep300/Atp1b1/Gad2/Kcnk3/Ddr2/Nfatc3/Prkce/Vegfc/Itpr1/Cdkn1b/Cybb/Kcnma1/Capn2/Scfd1/Dnmt3a/Aqp1/Mtor"
"GO:1903321","GO:1903321","negative regulation of protein modification by small protein conjugation or removal",54,-0.286477324246545,-1.1288051850032,0.243407707910751,0.50922265842056,0.417900780900964,2023,"tags=31%, list=22%, signal=25%","Gclc/Mad2l2/Minar1/Atg5/Bag2/Rasd2/Rpl23/Spopl/Rpl5/Akt1/Ctnnb1/Ogt/Arrb1/Bag5/Usp44/Cry1/Park7"
"GO:0071108","GO:0071108","protein K48-linked deubiquitination",20,-0.378714239840083,-1.16236314915979,0.244258872651357,0.510245739904762,0.418740387199119,1993,"tags=45%, list=22%, signal=35%","Yod1/Mindy3/Bap1/Usp14/Otub1/Otud4/Usp5/Park7/Atxn3"
"GO:0010721","GO:0010721","negative regulation of cell development",144,0.23697535781834,1.10210699483365,0.24408014571949,0.510245739904762,0.418740387199119,2094,"tags=28%, list=23%, signal=22%","Fgf13/B2m/Prox1/Epha7/Sox11/Qki/Rc3h1/Ppp3ca/Igf1/Ubash3b/Bmpr1a/Rapgef2/Ptprs/Ski/Sema3f/Brinp1/Cul4a/Gsk3b/Mafb/Ntrk3/Cebpa/Trpc5/Cd74/Idh2/Ptk2/Cdk6/Hes1/Lrrc17/Ntn1/Bdnf/Map2/Dab1/Wnt5a/Cbfb/Bcl6/Nr2e1/Kifap3/Sirt2/Appl2/Tnr/Daam2"
"GO:0006885","GO:0006885","regulation of pH",51,-0.28968241682791,-1.12940096247917,0.244979919678715,0.510616430217913,0.419044599450433,2420,"tags=35%, list=27%, signal=26%","Car2/Slc12a5/Slc4a4/Slc9a6/Cln5/Slc26a4/Slc9a8/Atp6v1b2/Aqp11/Lamp2/Vps33a/Slc9a9/Creg1/Slc4a7/Tpcn2/Slc9b1/Ppt1/Rogdi"
"GO:0000422","GO:0000422","autophagy of mitochondrion",75,-0.26900724423603,-1.11698692139848,0.24468085106383,0.510616430217913,0.419044599450433,3042,"tags=40%, list=34%, signal=27%","Dnm1l/Phb2/Vdac1/Timm23/Fundc1/Atg3/Arhgap26/Cisd2/Ulk3/Ulk2/Vps13d/Wdr45b/Bnip3l/Wipi1/Atg9a/Spata18/Atg4b/Atg5/Map1lc3a/Mfn2/Snx7/Stub1/Ube2a/Ogt/Cttn/Wipi2/Fbxo7/Gabarapl1/Bnip3/Gabarapl2"
"GO:0044843","GO:0044843","cell cycle G1/S phase transition",141,0.238733751416175,1.09865552531258,0.244821092278719,0.510616430217913,0.419044599450433,1344,"tags=23%, list=15%, signal=20%","Bcl2/Pkd1/Tfdp1/Egfr/Cables1/Arid1a/Tcf3/Ino80/Ppp3ca/Ezh2/Rbbp8/Ccnj/Gigyf2/Crebbp/Myo16/Plcb1/Rassf1/Cul4a/Mn1/Ambra1/Pbrm1/Ddr2/Arid2/Lats1/Atp2b4/Ube2e2/Cdkn1b/Nasp/Cdk6/Ecd/Pias1/Cdk2ap2"
"GO:0050772","GO:0050772","positive regulation of axonogenesis",73,0.272822077250692,1.12219622935679,0.245681381957774,0.511654384762612,0.419896411536162,826,"tags=15%, list=9%, signal=14%","Cdh4/Robo1/Slitrk1/Robo2/Zeb2/Bmpr2/Ep300/Gsk3b/Cxcl12/Ntrk3/Dbn1"
"GO:0019827","GO:0019827","stem cell population maintenance",128,0.240538281464741,1.09736364101424,0.245841035120148,0.511654384762612,0.419896411536162,1788,"tags=29%, list=20%, signal=24%","Prox1/Tead1/Arid4a/Arid1a/Elavl1/Esrrb/Sap130/Jmjd1c/Bmpr1a/Foxo3/Cdh2/Ski/Zhx2/Crebbp/Sox4/Arid4b/Mmp24/Cnot2/Cul4a/Vps72/Tut4/Stag2/Mtf2/Bcl9/Ctr9/Fgfr1/Med24/Hes1/Braf/Hdac1/Trim8/Lrp5/Kat6a/Tcf7l2/Raf1/Ldb1/Smc3"
"GO:0032945","GO:0032945","negative regulation of mononuclear cell proliferation",29,0.35165593942224,1.18401916015144,0.24618320610687,0.511988394693107,0.420170521512367,1916,"tags=34%, list=21%, signal=27%","Sox11/Rc3h1/Ripor2/Tnfrsf21/Peli1/Cblb/Pawr/Glmn/Mad1l1/Bcl6"
"GO:0045910","GO:0045910","negative regulation of DNA recombination",30,-0.334891389500303,-1.15694415455255,0.246406570841889,0.512075012265814,0.420241605449177,2354,"tags=40%, list=26%, signal=30%","Terf2/Zranb3/H1f10/Mad2l2/Recql5/Mlh1/Msh2/Pot1b/Msh6/Terf2ip/C1qbp/Helb"
"GO:0006576","GO:0006576","biogenic amine metabolic process",56,-0.282363715465265,-1.11192613388346,0.246913580246914,0.512750529945322,0.420795978592459,742,"tags=16%, list=8%, signal=15%","Hdac10/Azin1/Odc1/Epas1/Park7/Comt/Amd1/Sms/Vps35"
"GO:1901799","GO:1901799","negative regulation of proteasomal protein catabolic process",41,-0.309929214945658,-1.14388342300416,0.247379454926625,0.512926152779383,0.420940105956559,558,"tags=22%, list=6%, signal=21%","Aqp11/Uchl5/Usp14/Ogt/Ophn1/Bag5/Park7/Gabarapl2/Taf9"
"GO:0050848","GO:0050848","regulation of calcium-mediated signaling",54,0.289481850124701,1.12401166344405,0.2475442043222,0.512926152779383,0.420940105956559,1656,"tags=30%, list=18%, signal=24%","Grm5/Ppp3ca/Igf1/Exoc4/Ramp3/Gsk3b/Atp2b4/Itpr1/Ptbp1/Akap5/Rcan1/Htr2c/Mtor/Negr1/Nfat5/Akap6"
"GO:0008585","GO:0008585","female gonad development",65,-0.273725992521318,-1.12009269541406,0.247464503042596,0.512926152779383,0.420940105956559,2370,"tags=35%, list=26%, signal=26%","Ubb/Inhbb/Rac1/Phb1/Lsm14b/Slit3/Grk2/Plekha1/Mmp14/Agt/Sod1/Bcas2/Eif2b2/Mfn2/Eif2b5/Insr/Nup107/Pdgfra/Arrb1/Angpt1/Brca2/Kit/Ctnna1"
"GO:1905330","GO:1905330","regulation of morphogenesis of an epithelium",36,-0.313411037144144,-1.1333317292017,0.247950819672131,0.513391190180798,0.42132174548101,1553,"tags=22%, list=17%, signal=18%","Agt/Sox8/Ctnnb1/Sirt6/Mdk/Pdgfra/Itgax/Pik3cd"
"GO:0032602","GO:0032602","chemokine production",34,-0.313212625216563,-1.123902215141,0.248484848484848,0.513741968474177,0.421609616651513,2112,"tags=26%, list=23%, signal=20%","Egr1/Mif/Eif2ak2/Tusc2/Arg2/Slc37a4/Trim32/Gstp3/Lrp1"
"GO:0009411","GO:0009411","response to UV",91,-0.258598305527413,-1.11065515150454,0.248394004282655,0.513741968474177,0.421609616651513,2066,"tags=30%, list=23%, signal=23%","Stk11/Xpc/Map3k4/Hmgn1/Rbx1/Mapk8/Ercc3/Gpx1/Wrn/Msh2/Pcna/Eif2ak4/Cul4b/Akt1/Cat/Col6a3/Mettl3/Sirt6/Prkcd/Msh6/Trim32/Ube2a/Tipin/Ube2b/Brca2/Rpl26/Cirbp"
"GO:0071887","GO:0071887","leukocyte apoptotic process",57,0.290391778296817,1.13880893571064,0.249019607843137,0.514470128227244,0.422207191257426,1991,"tags=28%, list=22%, signal=22%","Bcl2/Bcl11b/Tgfb2/Rapgef2/St3gal1/Tnfrsf21/Ripk1/Cxcl12/Itpkb/Cd74/Dnaja3/Gas6/Nr4a3/Wnt5a/Lipa/Kifap3"
"GO:2001237","GO:2001237","negative regulation of extrinsic apoptotic signaling pathway",54,-0.284329187885309,-1.12034089391478,0.249492900608519,0.514726144623713,0.422417294736206,611,"tags=19%, list=7%, signal=17%","Ddx3x/Cttn/Park7/Gstp3/Pea15a/Itgav/Psme3/Ctnna1/Nrp1/Rps6kb1"
"GO:0032606","GO:0032606","type I interferon production",63,0.275489004561338,1.10265962106534,0.24950884086444,0.514726144623713,0.422417294736206,2133,"tags=33%, list=24%, signal=26%","Irf7/Qki/Chuk/Ptprs/Zc3hav1/Crebbp/Traip/Tank/Ap3d1/Irf8/Rnf216/Traf3ip1/Ifih1/Uap1/Ilrun/Dhx36/Usp22/Dhx33/Nmbr/Polr3f/Klhl22"
"GO:0021575","GO:0021575","hindbrain morphogenesis",40,0.309572226454527,1.13639920938342,0.25095785440613,0.51695850417871,0.424249312196267,1382,"tags=25%, list=15%, signal=21%","Foxp2/Prox1/Rora/Cntnap2/Nrxn1/Faim2/Dlc1/Kndc1/Atp2b2/Hes1"
"GO:0008286","GO:0008286","insulin receptor signaling pathway",112,0.246439723265944,1.10707515507832,0.25092936802974,0.51695850417871,0.424249312196267,943,"tags=17%, list=10%, signal=15%","Epha3/Erbb4/Epha6/Pik3r3/Epha5/Epha7/Phip/Epha4/Igf1r/Bcar3/Egfr/Rhoq/Plcb1/Prkca/Gsk3b/Ntrk3/Sesn3/Irs1/Ddr2"
"GO:0033628","GO:0033628","regulation of cell adhesion mediated by integrin",21,0.371981949815508,1.16497067863165,0.252918287937743,0.520616315126779,0.427251146514338,1447,"tags=29%, list=16%, signal=24%","Tgfb2/Adam9/Wnk1/Ptk2/Itgb1bp1/Swap70"
"GO:1903076","GO:1903076","regulation of protein localization to plasma membrane",78,0.270101024781468,1.13034441866951,0.253358925143954,0.521019369113324,0.427581918472217,780,"tags=18%, list=9%, signal=17%","Epha3/Grip1/Stac/Egfr/Dpp10/Dpp6/Stx8/Nrxn1/Epm2a/Rhoq/Wnk1/Ppfia1/Ramp3/Hectd1"
"GO:0000423","GO:0000423","mitophagy",65,-0.27226988297922,-1.11413426360127,0.253549695740365,0.521019369113324,0.427581918472217,661,"tags=37%, list=7%, signal=34%","Dnm1l/Phb2/Vdac1/Timm23/Fundc1/Arhgap26/Ulk3/Ulk2/Vps13d/Bnip3l/Atg9a/Atg4b/Atg5/Map1lc3a/Mfn2/Snx7/Stub1/Ube2a/Ogt/Cttn/Fbxo7/Gabarapl1/Bnip3/Gabarapl2"
"GO:0032006","GO:0032006","regulation of TOR signaling",105,-0.24796404988673,-1.10579191119869,0.253668763102725,0.521019369113324,0.427581918472217,1610,"tags=22%, list=18%, signal=18%","Sec13/Szt2/Pdcd6/Otub1/Lars1/Akt1/Itfg2/Lamtor3/Ube2d1/Depdc5/Tbc1d7/Dyrk3/Mios/Tsc2/Ogt/Tbk1/Zmpste24/Npc1/Shq1/Atxn3/Ywhaz/Rps6kb1/Sesn1"
"GO:0021680","GO:0021680","cerebellar Purkinje cell layer development",27,0.347424001740736,1.1488691097654,0.253875968992248,0.521065171609727,0.427619506939065,1291,"tags=26%, list=14%, signal=22%","Foxp2/Rora/Klhl1/Cntnap2/Faim2/Myh10/Atp2b2"
"GO:1902017","GO:1902017","regulation of cilium assembly",57,-0.28052489534684,-1.11402471961114,0.254065040650407,0.521073715103963,0.427626518278513,2402,"tags=37%, list=26%, signal=27%","Wrap73/Rab11a/Cep97/Cdkl5/Gdi2/Cyld/Ift88/Ift140/Ift20/Atg5/Tmem67/Cdkl1/Arf4/Akt1/Bbs4/Intu/Atmin/Tbc1d7/Trim32/Dync2li1/Odf2"
"GO:1903038","GO:1903038","negative regulation of leukocyte cell-cell adhesion",49,0.292174255539616,1.11821473197785,0.254437869822485,0.521458848843464,0.427942583732058,1916,"tags=33%, list=21%, signal=26%","Rc3h1/Wnk1/Ripor2/Tnfrsf21/Ppara/Dusp22/Cxcl12/Peli1/Cblb/Cd74/Pawr/Pag1/Glmn/Mad1l1/Cbfb/Bcl6"
"GO:0035303","GO:0035303","regulation of dephosphorylation",23,0.367187376454397,1.1726766875415,0.254940711462451,0.522109683794467,0.428476700644893,1571,"tags=39%, list=17%, signal=32%","Tmem132c/Epm2a/Uri1/Mtmr1/Mtmr3/Ppargc1b/Mtmr2/Cdk5rap3/Rock1"
"GO:1904263","GO:1904263","positive regulation of TORC1 signaling",38,-0.312495330766715,-1.14414655568678,0.255144032921811,0.522146612036066,0.428507006328952,1834,"tags=29%, list=20%, signal=23%","Rbx1/Sec13/Otub1/Lars1/Akt1/Lamtor3/Mios/Ogt/Tbk1/Shq1/Rps6kb1"
"GO:0014912","GO:0014912","negative regulation of smooth muscle cell migration",23,0.366482611368235,1.17042589778202,0.256916996047431,0.522186050924443,0.428539372410819,832,"tags=26%, list=9%, signal=24%","Tafa5/Gna13/Prkg1/Ppargc1a/Bmpr1a/Igfbp5"
"GO:0001974","GO:0001974","blood vessel remodeling",31,0.338110952538761,1.15308139203075,0.256360078277886,0.522186050924443,0.428539372410819,993,"tags=23%, list=11%, signal=20%","Ext1/Tgfb2/Acvr2b/Igf1/Bmpr2/Pbrm1/Nfatc3"
"GO:2000242","GO:2000242","negative regulation of reproductive process",31,-0.325903460829753,-1.13920312083367,0.256619144602851,0.522186050924443,0.428539372410819,2066,"tags=32%, list=23%, signal=25%","Stk11/Plat/Prdx4/Ada/Sod1/Tex11/Arhgdib/Ube2b/Trip13/Kit"
"GO:0031397","GO:0031397","negative regulation of protein ubiquitination",48,-0.291094212006531,-1.12116736111351,0.257201646090535,0.522186050924443,0.428539372410819,2023,"tags=33%, list=22%, signal=26%","Gclc/Mad2l2/Minar1/Atg5/Bag2/Rasd2/Rpl23/Spopl/Rpl5/Akt1/Ogt/Arrb1/Bag5/Usp44/Cry1/Park7"
"GO:0000281","GO:0000281","mitotic cytokinesis",62,-0.275997670911425,-1.11606996994492,0.256673511293634,0.522186050924443,0.428539372410819,2633,"tags=40%, list=29%, signal=29%","Chmp2b/Spart/Snx9/Rab11a/Poldip2/Cit/Iqgap1/Stx2/Stambp/Klhdc8b/Chmp7/Mtmr4/Zfyve19/Exoc1/Bbs4/Chmp4b/Chmp2a/Racgap1/Chmp3/Vps4b/Rab35/Chmp1b2/Stmn1/Arf1/Rhob"
"GO:0042177","GO:0042177","negative regulation of protein catabolic process",82,-0.260176053791447,-1.10950132066368,0.256673511293634,0.522186050924443,0.428539372410819,864,"tags=16%, list=10%, signal=14%","Snx3/Mdm4/Timp3/Azin1/Ogt/Ophn1/Bag5/Snx12/Park7/Gabarapl2/Taf9/Vps35/Timp4"
"GO:0006997","GO:0006997","nucleus organization",98,-0.253064815686624,-1.10905127704949,0.256900212314225,0.522186050924443,0.428539372410819,2198,"tags=28%, list=24%, signal=21%","H3f3b/Tmf1/Ift88/Piwil1/Sun2/Tbpl1/Tor1a/Chmp7/Nup35/Bin1/Baz2a/Sumo1/Nolc1/Brox/Nup107/Rrn3/Chmp4b/Chmp2a/Chmp3/Vps4b/Dyrk3/Chmp1b2/Zmpste24/Smarca5/Fxr1/Nup133/Ubxn2b"
"GO:0062013","GO:0062013","positive regulation of small molecule metabolic process",101,0.253043875060263,1.10864702172449,0.256166982922201,0.522186050924443,0.428539372410819,2051,"tags=30%, list=23%, signal=23%","Clybl/Prkn/Qki/Abcg1/Arnt/Pth1r/Igf1/Ppargc1a/Esrrb/Srebf2/Oprm1/Ppara/Gnai1/Irs1/Rdh10/Adcyap1r1/Cd74/Npy1r/Phka1/Mtor/Bmp6/Tcf7l2/Scap/Epm2aip1/Fdps/Fgf1/App/Sirt2/Srebf1/Phkb"
"GO:0016053","GO:0016053","organic acid biosynthetic process",152,-0.230965416656907,-1.08616412153038,0.25635593220339,0.522186050924443,0.428539372410819,857,"tags=27%, list=9%, signal=25%","Got1/Per2/Eif6/Cyp39a1/Kat2b/Prkab1/Pnpla8/Brca1/Myo5a/Mif/Mtr/Ubr4/Psph/Erlin1/Agt/Mgst3/Ldha/Decr2/Uros/Acly/Errfi1/Aasdhppt/Fasn/Hacd2/Mcat/Acadl/Cbr4/Ndufab1/Got2/Oat/Glul/Ptges3/Fabp5/Prkag2/Apip/Ugp2/Park7/Gstp3/Pkm/Pecr/Ptgs1"
"GO:0046394","GO:0046394","carboxylic acid biosynthetic process",152,-0.230965416656907,-1.08616412153038,0.25635593220339,0.522186050924443,0.428539372410819,857,"tags=27%, list=9%, signal=25%","Got1/Per2/Eif6/Cyp39a1/Kat2b/Prkab1/Pnpla8/Brca1/Myo5a/Mif/Mtr/Ubr4/Psph/Erlin1/Agt/Mgst3/Ldha/Decr2/Uros/Acly/Errfi1/Aasdhppt/Fasn/Hacd2/Mcat/Acadl/Cbr4/Ndufab1/Got2/Oat/Glul/Ptges3/Fabp5/Prkag2/Apip/Ugp2/Park7/Gstp3/Pkm/Pecr/Ptgs1"
"GO:0036293","GO:0036293","response to decreased oxygen levels",198,0.222074258520452,1.07662621159464,0.257088846880907,0.522186050924443,0.428539372410819,1507,"tags=20%, list=17%, signal=17%","Bcl2/mt-Nd4/mt-Co2/Kcnd2/Rora/mt-Cytb/Epha4/Zeb2/Slc8a3/Tgfb2/Arnt/Adsl/Grin2b/mt-Co1/Foxo3/Penk/Pdlim1/Sox4/mt-Nd5/Ryr2/Ppara/Ep300/Atp1b1/Gad2/Kcnk3/Ddr2/Nfatc3/Prkce/Vegfc/Acvr2a/Itpr1/Cpeb4/Cdkn1b/Cybb/Kcnma1/Capn2/Scfd1/Dnmt3a/Aqp1/Mtor"
"GO:0045880","GO:0045880","positive regulation of smoothened signaling pathway",28,-0.342060147045977,-1.15543544645686,0.257861635220126,0.523149091468909,0.429329705262109,1097,"tags=32%, list=12%, signal=28%","Uchl5/Ift172/Intu/Cibar1/Gorab/Dlg5/Armc9/Tubd1/Ctnna1"
"GO:0060260","GO:0060260","regulation of transcription initiation by RNA polymerase II",57,-0.278001290839699,-1.10400294311248,0.258130081300813,0.523316956191145,0.429467465821951,2415,"tags=35%, list=27%, signal=26%","Hmgb1/Med13/Med21/Taf12/Med9/Med12/Med14/Tbp/Med28/Taf2/Taf13/Med17/Taf10/Psmc6/Med8/Med20/Med16/Med31/Taf7/Taf9"
"GO:0051098","GO:0051098","regulation of binding",191,0.223850036950436,1.07652536435053,0.258490566037736,0.523671038888814,0.429758048798597,2234,"tags=29%, list=25%, signal=22%","Zfp618/B2m/Hipk2/Epha4/Sox11/Prkn/Tgfb2/Hdac4/Ppp3ca/Arhgef7/Igf1/Large1/Ubash3b/Ephb6/Rapgef2/Lfng/Plscr1/Ski/Ripor2/Hey2/Ep300/Mark3/Wapl/Gsk3b/Plcl2/Rsf1/Runx1t1/Cdon/Cblb/Ttbk2/Aktip/Traf3ip1/Hes1/Ip6k2/Itgb1bp1/Ilrun/Rock1/Tns3/Btaf1/Tcf7l2/Aplp2/Bdnf/Eif2ak3/Tmbim6/Wnt5a/Jun/App/Agrn/Sirt2/Abl1/Add1/Dnaaf11/Ckmt1/Dscam/Tmem132a"
"GO:1903409","GO:1903409","reactive oxygen species biosynthetic process",39,0.310219049998294,1.13130015000362,0.259117082533589,0.524186603431195,0.430181154136317,1278,"tags=26%, list=14%, signal=22%","Prkn/Hdac4/Fyn/Foxo3/Adgrb1/Dmd/Ppara/Slc25a33/Grin1/Cybb"
"GO:0010506","GO:0010506","regulation of autophagy",195,-0.22349557243522,-1.08731154007886,0.259023354564756,0.524186603431195,0.430181154136317,2356,"tags=30%, list=26%, signal=22%","Ulk3/Hmgb1/Tecpr1/Ulk2/Poldip2/Vps13d/Rab3gap1/Lrsam1/Lzts1/Bnip3l/Washc1/Eif4g2/Wipi1/Tbc1d14/Trim65/Lepr/Stk11/Tmem39a/Cptp/Map2k1/Mapt/Fez2/Ubr4/Fbxl2/Atg5/Bok/Plekhf1/Kdm4a/Atg16l1/Fyco1/Nampt/Gnai3/Herc1/Akt1/Atg101/Rab8a/Chmp4b/Depdc5/Snx7/Trim32/Uvrag/Stub1/Ube2a/Tpcn1/Tsc2/Cisd1/Cttn/Fbxo7/Tpcn2/Tbk1/Zmpste24/Npc1/Bnip3/Pip4k2b/Snx4/Mtmr9/Sesn1/Scoc"
"GO:0045787","GO:0045787","positive regulation of cell cycle",195,0.223472746440289,1.08106722796564,0.259887005649718,0.525366988465498,0.431149853818945,2095,"tags=31%, list=23%, signal=24%","Smoc2/Prox1/Svil/Phip/Tfdp1/Igf1r/Egfr/Tgfb2/Tcf3/Ino80/Ezh2/Igf1/Gdpd5/Lfng/Plscr1/Wnk1/Srpk2/Crebbp/Sgo2a/Plcb1/Cul4a/Prkca/Smpd3/Mta3/Ddr2/Prkce/Ube2e2/Eif4g3/Ccny/Map3k7/Edn3/Atad5/Fgfr1/Nup62/Rad51c/Rad18/Incenp/Fntb/Hes1/Spast/Lrp5/Usp2/Stxbp4/Hsf1/Nr4a3/Ankrd17/Kmt2e/Mad1l1/Rad51b/Ncapd2/Calr/Ccnd2/Wnt5a/Usp22/App/Nr2e1/Sirt2/Abl1/Hnrnpu/Lsm11"
"GO:0032212","GO:0032212","positive regulation of telomere maintenance via telomerase",26,-0.345992933748071,-1.15432563325518,0.260245901639344,0.525715376931665,0.431435763743927,1215,"tags=31%, list=13%, signal=27%","Map3k4/Tnks/Cct4/Pot1b/Ctnnb1/Prkcq/Ptges3/Cct8"
"GO:0032024","GO:0032024","positive regulation of insulin secretion",73,0.268879953645514,1.10598113309343,0.261036468330134,0.52693464738848,0.432436375298828,1273,"tags=23%, list=14%, signal=20%","Doc2b/Cacna1c/Adcy8/Cask/Prkn/Abcg1/Cacna1d/Sox4/Pla2g6/Plcb1/Capn10/Prkce/Fto/Itpr1/Rapgef4/Chrm3/Ptbp1"
"GO:0045601","GO:0045601","regulation of endothelial cell differentiation",20,0.3763187142414,1.16921249972013,0.261950286806883,0.528123032904149,0.433411640689707,2824,"tags=45%, list=31%, signal=31%","Plcb1/Vcl/Zeb1/Rock1/Bmp6/Foxj2/Add1/Atoh8/Cul7"
"GO:0039531","GO:0039531","regulation of cytoplasmic pattern recognition receptor signaling pathway",69,-0.265379629503511,-1.10101821397632,0.262,0.528123032904149,0.433411640689707,2694,"tags=41%, list=30%, signal=29%","Zdhhc9/Stmp1/Slc15a2/Hmgb1/Ufd1/Hcfc2/Tab1/Hspa8/Slc15a4/Zdhhc1/Riok3/Tarbp2/Cptp/Brcc3dc/Eif2ak2/Fbxl2/Mapk8/Lamp2/Pcbp2/Ppp2ca/Ppp6c/Akt1/Ddx3x/Ogt/Aars2/Ddx60/Ppt1/C1qbp"
"GO:1905244","GO:1905244","regulation of modification of synaptic structure",26,0.351105051068462,1.14696532999731,0.262645914396887,0.528490853871884,0.4337134981721,2209,"tags=46%, list=24%, signal=35%","Epha4/Cap2/Rapgef2/Kalrn/Gsk3b/Myh10/Ptk2/Camkv/Itsn1/Kif5b/Abl1/Egln1"
"GO:0007595","GO:0007595","lactation",25,0.351955215230416,1.13788163090634,0.262745098039216,0.528490853871884,0.4337134981721,1291,"tags=24%, list=14%, signal=21%","Erbb4/mt-Co2/Chuk/Kalrn/Ncoa1/Atp2b2"
"GO:0030641","GO:0030641","regulation of cellular pH",47,-0.295152154885789,-1.13084899227304,0.262396694214876,0.528490853871884,0.4337134981721,2420,"tags=34%, list=27%, signal=25%","Car2/Slc12a5/Slc4a4/Slc9a6/Cln5/Slc9a8/Atp6v1b2/Aqp11/Lamp2/Vps33a/Slc9a9/Creg1/Slc4a7/Tpcn2/Slc9b1/Ppt1"
"GO:0061383","GO:0061383","trabecula morphogenesis",29,0.345110159244618,1.16197963719847,0.263358778625954,0.529261513034333,0.434345950519752,2658,"tags=41%, list=29%, signal=29%","Tgfb2/Bmpr1a/Hey2/Ppargc1b/Adgrg6/Chd7/Enpp1/Heg1/Egln1/Slc40a1/Smarca4/Rbp4"
"GO:0050732","GO:0050732","negative regulation of peptidyl-tyrosine phosphorylation",27,0.344377474113116,1.13879478713403,0.263565891472868,0.529261513034333,0.434345950519752,1957,"tags=33%, list=22%, signal=26%","Pecam1/Parp14/Igf1/Dusp22/Ggnbp2/Traf3ip1/Zfyve28/Ptpn1/Inpp5f"
"GO:0048488","GO:0048488","synaptic vesicle endocytosis",65,-0.268544181496199,-1.09888861236448,0.26369168356998,0.529261513034333,0.434345950519752,1675,"tags=28%, list=18%, signal=23%","Tor1a/Sh3gl3/Dnajc6/Bin1/Synj1/Ap2m1/Sh3gl1/Ap2b1/Vamp2/Ston2/Dnm1/Stx1a/Ophn1/Arpc3/Ap3m2/Park7/Cltc/Pip5k1c"
"GO:0071356","GO:0071356","cellular response to tumor necrosis factor",86,0.262247320879788,1.11832875828755,0.264044943820225,0.529593346395298,0.43461827426337,1587,"tags=24%, list=18%, signal=20%","St18/Rora/Prkn/Ext1/Chuk/Foxo3/Tnfrsf21/Traip/Ripk1/Ccdc3/Tank/Smpd3/Dbn1/Map3k5/Cebpa/Map3k7/Ube2k/Hes1/Dab2ip/Smpd4/Gas6"
"GO:0051983","GO:0051983","regulation of chromosome segregation",79,-0.261373374153875,-1.10425548762904,0.264583333333333,0.5299188580905,0.434885410042519,2167,"tags=29%, list=24%, signal=22%","Kat2b/Anapc1/Zfp207/Smc6/Phf10/Lcmt1/Rb1/Gen1/Cep192/Cdc27/Spc25/BC005624/Prpf4b/Dync1li1/Smarcb1/Kntc1/Cdc16/Usp44/Anapc7/Smarcd1/Anapc4/Trip13/Smarcc2"
"GO:0043488","GO:0043488","regulation of mRNA stability",115,0.243281313610361,1.09326437384723,0.264540337711069,0.5299188580905,0.434885410042519,2491,"tags=40%, list=27%, signal=29%","Qki/Pum2/Rc3h1/Elavl1/Gigyf2/Pan3/Igf2bp3/Tnrc6c/Tnrc6b/Cnot2/Pcbp4/Rbm38/Tut4/Vip/Thrap3/Fto/Taf15/Rbm33/Nrde2/Tent4a/Ptbp1/Brf1/Cpeb3/Mtor/Rock1/Syncrip/Dhx36/Rbm24/Axin2/Fmr1/Celf1/Alkbh5/Dis3l2/Hnrnpu/Tbrg4/Ythdf3/Tent5a/Tardbp/Hnrnpa0/Samd4/Hnrnpd/Nanos1/Tnrc6a/Dcp1b/Fastk/Ybx1"
"GO:1902110","GO:1902110","positive regulation of mitochondrial membrane permeability involved in apoptotic process",20,-0.372048170629118,-1.1419034135981,0.265135699373695,0.529926928863099,0.434892033436266,2387,"tags=50%, list=26%, signal=37%","Tmem14a/Siva1/Fzd9/Rhot1/Hip1r/Bnip3l/Gclc/Bok/Vdac2/Bnip3"
"GO:0070227","GO:0070227","lymphocyte apoptotic process",39,0.308259213416072,1.12415306016674,0.264875239923225,0.529926928863099,0.434892033436266,722,"tags=15%, list=8%, signal=14%","Bcl2/Bcl11b/Tgfb2/St3gal1/Tnfrsf21/Ripk1"
"GO:0045580","GO:0045580","regulation of T cell differentiation",76,0.266734065974215,1.10873331343855,0.265151515151515,0.529926928863099,0.434892033436266,1460,"tags=24%, list=16%, signal=20%","Arid1a/Rc3h1/Drosha/Zmiz1/Foxo3/Sh3rf1/Sox4/Sox12/Ep300/Ap3d1/Ambra1/Pbrm1/Arid2/Itpkb/Cd74/Tox/Zeb1/Braf"
"GO:1903036","GO:1903036","positive regulation of response to wounding",38,0.313536498925603,1.13189530778555,0.265503875968992,0.530255083260539,0.435161337986405,1507,"tags=32%, list=17%, signal=26%","Ccn4/Smoc2/Igf1r/Pum2/St3gal4/Ntrk3/Ddr2/Prkce/Ptk2/Grn/Braf/Mtor"
"GO:0090128","GO:0090128","regulation of synapse maturation",22,0.365777967071345,1.15065533064039,0.265748031496063,0.530366822065089,0.435253038017631,1838,"tags=36%, list=20%, signal=29%","Nrg2/Dlgap4/Adgrb3/Nrxn1/Reln/Dab2ip/Rock1/Dab1"
"GO:0071216","GO:0071216","cellular response to biotic stimulus",90,0.256879053353723,1.10621461877737,0.266666666666667,0.531823543288511,0.436448516904434,2668,"tags=37%, list=29%, signal=26%","Sash1/B2m/Adam9/Akap8/Plscr1/Cmpk2/Prkca/Gsk3b/Tut4/Prkce/Irf8/Ctr9/Pde4b/Capn2/Dab2ip/Bmp6/Mtdh/Epsti1/Nfkbib/Eif2ak3/Wnt5a/Git1/Abl1/Irak4/Efnb2/Hspa5/Shpk/Sgms1/Cdc73/Notch2/Ephb2/Ahr/Ednrb"
"GO:0120163","GO:0120163","negative regulation of cold-induced thermogenesis",27,0.342978606835934,1.13416898294271,0.267441860465116,0.532992335778428,0.437407703001459,1217,"tags=19%, list=13%, signal=16%","Qki/Acvr2b/Nova1/Plcl2/Lgr4"
"GO:0072527","GO:0072527","pyrimidine-containing compound metabolic process",39,-0.304928370247915,-1.12078778029925,0.268191268191268,0.533730927798724,0.438013838995106,1238,"tags=23%, list=14%, signal=20%","Uckl1/Rrm1/Cdadc1/Nme1/Slc4a7/Tk2/Ctps1/Tymp/Aldh6a1"
"GO:0046034","GO:0046034","ATP metabolic process",151,-0.231266645020541,-1.08813669208141,0.268085106382979,0.533730927798724,0.438013838995106,2385,"tags=32%, list=26%, signal=24%","Sdhd/Ndufs8/Ndufv2/Ndufb10/Slc4a4/Hspa8/Eif6/Kat2b/Eno1/Ndufa6/Ndufb2/Mpi/Sdha/Bloc1s6/Map2k1/Bpgm/mt-Nd6/Ndufc2/Ndufa1/Atp6v1b2/Gapdh/Ndufs2/Ampd3/Ppp2ca/Pgam1/Atp5pf/Atp5mf/Ndufa5/Atp5f1c/Ndufs3/Insr/Atp5mc3/Ndufb5/Ndufs7/Sdhb/Ndufv3/Sirt6/Slc25a13/Ndufab1/Gpi1/Ndufs6/Ogt/Ndufa12/Prkag2/Ndufa8/Atp6v1a/Pid1/Pkm/Tmsb4x"
"GO:0006354","GO:0006354","DNA-templated transcription elongation",92,-0.25603717519459,-1.10067361458251,0.268398268398268,0.533765928261341,0.438042562620061,2006,"tags=29%, list=22%, signal=23%","Tcea1/Ccnt1/Ccnk/Med14/Polr2e/Map2k1/Recql5/Med28/Ercc3/Pwwp2b/Gtf2f2/Polr1f/Leo1/Nelfe/Ubtf/Glyr1/Med17/Ctnnb1/Sirt6/Med8/Med20/Ncbp2/Med16/Med31/Eny2/Supt6/Cbx7"
"GO:0050795","GO:0050795","regulation of behavior",57,0.287048723789861,1.12569871486548,0.268627450980392,0.533844962526619,0.438107423208315,1522,"tags=30%, list=17%, signal=25%","Nlgn1/Gria1/Mtnr1b/Cckbr/Hdac4/Per3/Nrxn1/Mbd5/Penk/Dbn1/Adrb1/Reln/Fto/Kcna2/Cnr1/Mtor/Hcrtr2"
"GO:0046825","GO:0046825","regulation of protein export from nucleus",23,-0.353908571505515,-1.14045639418954,0.270161290322581,0.536136983189459,0.439988402400823,2297,"tags=43%, list=25%, signal=33%","Ppm1a/Hdac3/Ywhae/Ptpn14/Chchd4/Uhmk1/Prpf4b/Rbm22/Sirt6/Park7"
"GO:0048145","GO:0048145","regulation of fibroblast proliferation",66,0.271879574931899,1.09613269092759,0.270058708414873,0.536136983189459,0.439988402400823,1902,"tags=33%, list=21%, signal=27%","Phip/Egfr/Igf1/Zmiz1/Ski/Fndc3b/Ddr2/Cd74/Pawr/Rnaseh2b/Cdk6/Pdgfd/Fntb/Dab2ip/Aqp1/Ptprz1/Kmt2a/Gas6/Kmt2c/Ing5/Wnt5a/Jun"
"GO:0099188","GO:0099188","postsynaptic cytoskeleton organization",26,0.347984824876424,1.13677239414199,0.270428015564202,0.536288633258214,0.440112856175823,1271,"tags=27%, list=14%, signal=23%","Arhgef7/Abi2/Adgrb1/Dbn1/Frmpd4/Myh10/Nefh"
"GO:0045070","GO:0045070","positive regulation of viral genome replication",22,-0.353201043888944,-1.13128805314555,0.271255060728745,0.536919693406498,0.440630744616964,2180,"tags=32%, list=24%, signal=24%","Ppie/Tarbp2/Tmem39a/Cnot7/Ppih/Ddx3x/Nr5a2"
"GO:0006826","GO:0006826","iron ion transport",30,-0.327211880285533,-1.1304138716775,0.271047227926078,0.536919693406498,0.440630744616964,1787,"tags=33%, list=20%, signal=27%","Abcb7/Flvcr1/Mmgt1/Abcc5/Pgrmc2/Heph/Lmtk2/Snx3/Cltc/Cp"
"GO:0006809","GO:0006809","nitric oxide biosynthetic process",38,0.311086632602986,1.12305106730709,0.271317829457364,0.536919693406498,0.440630744616964,1114,"tags=21%, list=12%, signal=19%","Rora/Slc7a2/Igf1/Oprm1/Smpd3/Nfatc3/Atp2b4/Acvr2a"
"GO:0071320","GO:0071320","cellular response to cAMP",29,0.342508325422539,1.15321930998223,0.272900763358779,0.53778317291412,0.441339371294431,1656,"tags=31%, list=18%, signal=25%","Slc8a3/Rapgef2/Penk/Akap7/Igfbp5/Rapgef1/Itpr1/Aqp1/Akap6"
"GO:0048662","GO:0048662","negative regulation of smooth muscle cell proliferation",29,0.340487380159276,1.1464148239916,0.272900763358779,0.53778317291412,0.441339371294431,1170,"tags=28%, list=13%, signal=24%","Tafa5/Gna13/Prkg1/Ppargc1a/Bmpr2/Igfbp5/Vip/Cdkn1b"
"GO:0042417","GO:0042417","dopamine metabolic process",27,-0.339785085963748,-1.14226870991455,0.273662551440329,0.53778317291412,0.441339371294431,386,"tags=15%, list=4%, signal=14%","Epas1/Park7/Comt/Vps35"
"GO:0098974","GO:0098974","postsynaptic actin cytoskeleton organization",22,0.362442382113119,1.14016232953451,0.273622047244095,0.53778317291412,0.441339371294431,1124,"tags=27%, list=12%, signal=24%","Arhgef7/Abi2/Adgrb1/Dbn1/Frmpd4/Myh10"
"GO:0032469","GO:0032469","endoplasmic reticulum calcium ion homeostasis",22,0.361931959408837,1.13855665434782,0.273622047244095,0.53778317291412,0.441339371294431,1933,"tags=32%, list=21%, signal=25%","Bcl2/Rap1gds1/Itpr1/Tmtc4/Pacs2/Tmbim6/App"
"GO:0009112","GO:0009112","nucleobase metabolic process",21,-0.363662764614679,-1.1371723635843,0.272540983606557,0.53778317291412,0.441339371294431,1453,"tags=33%, list=16%, signal=28%","Ada/Rrm1/Aprt/Ctps1/Tymp/Ppat/Aldh6a1"
"GO:0002437","GO:0002437","inflammatory response to antigenic stimulus",21,-0.362638504790443,-1.13396950621592,0.272540983606557,0.53778317291412,0.441339371294431,613,"tags=19%, list=7%, signal=18%","Mkrn2/Kars1/Park7/Psma1"
"GO:0045739","GO:0045739","positive regulation of DNA repair",94,0.254708950166992,1.10757947543734,0.273234200743494,0.53778317291412,0.441339371294431,1741,"tags=26%, list=19%, signal=21%","Eya4/Egfr/Arid1a/Ino80/Smchd1/Spire2/Crebbp/Ep400/Meaf6/Vps72/Peli1/Pbrm1/Ino80d/Arid2/Kmt5b/Actr5/Tmem161a/Eya1/Shld2/Rnf8/Fam168a/Apbb1/Ercc6/Babam2"
"GO:0034612","GO:0034612","response to tumor necrosis factor",98,0.251009868896231,1.09540196662835,0.273069679849341,0.53778317291412,0.441339371294431,1587,"tags=23%, list=18%, signal=20%","St18/Rora/Prkn/Ext1/Adam9/Chuk/Foxo3/Tnfrsf21/Traip/Ripk1/Ccdc3/Tank/Smpd3/Dbn1/Map3k5/Cebpa/Map3k7/Map4k3/Ube2k/Hes1/Dab2ip/Smpd4/Gas6"
"GO:0051348","GO:0051348","negative regulation of transferase activity",130,-0.237837001019616,-1.088598940472,0.273318872017354,0.53778317291412,0.441339371294431,1937,"tags=28%, list=21%, signal=23%","Cdk5rap1/Inpp5k/Eif4a2/Mapt/Rb1/Prdx3/Bag2/Agt/Zgpat/Rgs2/Chordc1/Macroh2a1/Nf2/Rpl23/Nf1/Nolc1/Rpl5/Akt1/Irs2/Paqr3/Rtraf/Dusp19/Pdcd4/Prkar1a/Cln8/Errfi1/Spry1/Prkcd/Tsc2/Bag5/Aida/Usp44/Fbxo7/Prkag2/Taf7/Park7/Gstp3"
"GO:0042100","GO:0042100","B cell proliferation",34,0.328748687390682,1.14145040432482,0.274161735700197,0.537791921999705,0.441346551355329,1220,"tags=26%, list=13%, signal=23%","Bcl2/Tcf3/Rc3h1/Tnfrsf21/Plcl2/Peli1/Atad5/Cd74/Pawr"
"GO:0014812","GO:0014812","muscle cell migration",76,0.264761044457727,1.10053205622204,0.274621212121212,0.537791921999705,0.441346551355329,1571,"tags=28%, list=17%, signal=23%","Ccn4/Bcl2/Tafa5/Gna13/Prkg1/Hdac4/Igf1/Ppargc1a/Bmpr1a/Igfbp5/Ddr2/Fat1/Map3k7/Rapgef4/Fgf9/Ptk2/Dock5/Pdgfd/Itgb1bp1/Enpp1/Rock1"
"GO:0035282","GO:0035282","segmentation",46,0.291057706486689,1.09936212165049,0.27447216890595,0.537791921999705,0.441346551355329,1042,"tags=17%, list=11%, signal=15%","Zeb2/Pcdh8/Bmpr1a/Lfng/Sema3f/Ep300/Mafb/Mtf2"
"GO:0051781","GO:0051781","positive regulation of cell division",49,0.286730982617653,1.09738213685316,0.274161735700197,0.537791921999705,0.441346551355329,2903,"tags=49%, list=32%, signal=33%","Svil/Igf1r/Tgfb2/Wnk1/Prkce/Vegfc/Fgf9/Nup62/Garem1/Pdgfd/Incenp/Itgb1bp1/Spast/Fgf1/Sirt2/Pdgfc/Pkp4/Ybx1/Arf6/Rab11fip3/Tgfb3/Cdc14a/Fgf2/Cdc42"
"GO:0006360","GO:0006360","transcription by RNA polymerase I",57,-0.274790217618014,-1.09125108042658,0.274390243902439,0.537791921999705,0.441346551355329,1923,"tags=32%, list=21%, signal=25%","Dek/Polr2e/Macroh2a2/Tbp/Ercc3/Polr1f/Macroh2a1/Polr2f/Polrmt/Baz2a/Polr2l/Ubtf/Rrn3/Smarcb1/Taf1a/Sf3b1/Zmpste24/Smarca5"
"GO:0035914","GO:0035914","skeletal muscle cell differentiation",48,0.289089343878602,1.10401746377503,0.275193798449612,0.538538975021533,0.441959630989619,1145,"tags=25%, list=13%, signal=22%","Mef2d/Ddx17/Gpc1/Sox11/Hdac4/Large1/Rbfox1/Lemd2/Cdon/Hlf/Klf5/Bcl9"
"GO:0031398","GO:0031398","positive regulation of protein ubiquitination",71,-0.265782006378777,-1.10432415972119,0.276639344262295,0.540992138883517,0.443972854628922,859,"tags=15%, list=9%, signal=14%","Fzr1/Ube2d1/Derl1/Tbc1d7/Stub1/Ddx3x/Arrb1/Cry1/Angpt1/Ube2l3/Skp1"
"GO:1903018","GO:1903018","regulation of glycoprotein metabolic process",32,0.329942130975397,1.12968630912722,0.27906976744186,0.545118308856528,0.447359054408798,1897,"tags=34%, list=21%, signal=27%","Bcl2/Igf1/Plcb1/Ep300/Abca2/Pawr/Acot8/Pxylp1/Tcf7l2/Pomt1/Itm2b"
"GO:0016079","GO:0016079","synaptic vesicle exocytosis",89,0.255510243314673,1.09715764215934,0.279329608938547,0.545118308856528,0.447359054408798,1241,"tags=21%, list=14%, signal=19%","Nlgn1/Cacna1b/Pclo/Syt1/Rimbp2/Doc2b/Kcnh1/Erc1/Cask/Cacna1d/Erc2/Ppfia2/Prkca/Stxbp5l/Syt10/Stxbp5/Npy1r/Cacna1e/Rims2"
"GO:0061640","GO:0061640","cytoskeleton-dependent cytokinesis",79,-0.259267559865909,-1.09535880107502,0.279166666666667,0.545118308856528,0.447359054408798,2633,"tags=39%, list=29%, signal=28%","Chmp2b/Spart/Snx9/Septin14/Washc5/Actr3/Rab11a/Poldip2/Cit/Washc1/Iqgap1/Stx2/Stambp/Klhdc8b/Chmp7/Mtmr4/Zfyve19/Exoc1/Septin10/Bbs4/Chmp4b/Chmp2a/Racgap1/Chmp3/Vps4b/Rab35/Chmp1b2/Stmn1/Arf1/Orc4/Rhob"
"GO:1902808","GO:1902808","positive regulation of cell cycle G1/S phase transition",38,0.310150580315659,1.11967183332477,0.281007751937984,0.547877032281636,0.449623039827707,1830,"tags=32%, list=20%, signal=25%","Tfdp1/Egfr/Ezh2/Crebbp/Plcb1/Cul4a/Ddr2/Ube2e2/Stxbp4/Ankrd17/Kmt2e/Ccnd2"
"GO:0032835","GO:0032835","glomerulus development",42,0.297647213332908,1.10835709619384,0.281132075471698,0.547877032281636,0.449623039827707,1764,"tags=33%, list=19%, signal=27%","Bcl2/Magi2/Kirrel3/Ext1/Ppp3ca/Ptpro/Ampd2/Mtss1/Lgr4/Pdgfd/Hes1/Aqp1/Mpv17/Klf15"
"GO:0032367","GO:0032367","intracellular cholesterol transport",22,-0.351682187131382,-1.12642321898382,0.281376518218623,0.547974449440277,0.449702986597545,3029,"tags=55%, list=33%, signal=36%","Anxa2/Pip4k2a/Arv1/Arl8b/Vps53/Serac1/Nus1/Osbpl2/Tmem97/Tpcn2/Npc1/Scp2"
"GO:0008593","GO:0008593","regulation of Notch signaling pathway",61,0.277153281524621,1.096637994016,0.281800391389432,0.548420927441589,0.450069395087659,1916,"tags=28%, list=21%, signal=22%","Robo1/Robo2/Tgfb2/Zmiz1/Gdpd5/Lfng/Srebf2/Hey2/Cbfa2t2/Epn2/Hes1/Itgb1bp1/Cntn6/Tspan5/Slc35c2/Sox2/Bcl6"
"GO:0030857","GO:0030857","negative regulation of epithelial cell differentiation",25,0.347200648606926,1.12250997624781,0.282352941176471,0.549117038119596,0.45064066816658,1459,"tags=24%, list=16%, signal=20%","Spred2/Tgfb2/Ezh2/Spred1/Hes1/Zeb1"
"GO:0051125","GO:0051125","regulation of actin nucleation",28,-0.337480125834648,-1.13996472033225,0.283018867924528,0.549951635073905,0.451325591967939,2601,"tags=50%, list=29%, signal=36%","Gmfb/Washc5/Nckap1/Hip1r/Washc1/Ap1ar/Wasf3/Gsn/Dnai3/Wasf1/Cyfip1/Rnh1/Arf1/Pick1"
"GO:0034198","GO:0034198","cellular response to amino acid starvation",45,-0.296984115650262,-1.12583445693971,0.283333333333333,0.549951635073905,0.451325591967939,1775,"tags=27%, list=20%, signal=22%","Eif2ak2/Mapk8/Szt2/Map1lc3a/Eif2ak4/Lars1/Itfg2/Depdc5/Trim32/Mios/Atxn3/Sesn1"
"GO:0016125","GO:0016125","sterol metabolic process",82,-0.255403007568568,-1.08914702206202,0.283367556468172,0.549951635073905,0.451325591967939,2172,"tags=32%, list=24%, signal=24%","Cyp39a1/Lepr/Cyb5r2/Fdft1/Por/Hsd17b7/Sqle/Dgat2/Fdx1/Erlin1/Cyp46a1/Sod1/Pon1/Cat/Soat1/Cln8/Errfi1/Gpr146/Dhcr24/Msmo1/Acadl/Abca5/Npc1/Idi2/Scp2/Lrp1"
"GO:0050918","GO:0050918","positive chemotaxis",27,-0.33832534751937,-1.13736145053634,0.283950617283951,0.550703950107483,0.451942989946636,565,"tags=15%, list=6%, signal=14%","Tsc2/Angpt1/Nrp1/Lrp1"
"GO:0090049","GO:0090049","regulation of cell migration involved in sprouting angiogenesis",23,0.35533494465032,1.1348238871497,0.284584980237154,0.551175583717045,0.45233004274265,3031,"tags=57%, list=33%, signal=38%","Stard13/Pik3c2a/Akt3/Spred1/Itgb1bp1/Nr2e1/Abl1/Map3k3/Map2k5/Pdcd10/Hdac7/Fgf2/Hdac9"
"GO:0140374","GO:0140374","antiviral innate immune response",29,-0.33084398593539,-1.1305871660403,0.284518828451883,0.551175583717045,0.45233004274265,2231,"tags=45%, list=25%, signal=34%","Hcfc2/Phb1/Zdhhc1/Trim65/Eif2ak2/Dus2/Traf6/Akap1/Dhx15/Usp44/Tbk1/Senp7/Smarca5"
"GO:0034446","GO:0034446","substrate adhesion-dependent cell spreading",60,-0.267459819457067,-1.07698383611297,0.284848484848485,0.551307026307026,0.452437912964229,2428,"tags=33%, list=27%, signal=25%","Ntn4/Megf9/St6gal1/Dmtn/Rac1/Fermt3/Rac3/Crkl/Bcar1/Lama5/Ap1ar/Lims2/Fermt2/Mdk/Parvb/C1qbp/P4hb/Itgav/Actn4/Nrp1"
"GO:0060043","GO:0060043","regulation of cardiac muscle cell proliferation",31,0.333350961666078,1.13684809091964,0.285714285714286,0.552603196391803,0.453501633287061,1360,"tags=19%, list=15%, signal=17%","Erbb4/Bmpr1a/Hey2/Fgf9/Fgfr1/Vgll4"
"GO:0046628","GO:0046628","positive regulation of insulin receptor signaling pathway",21,-0.360674600161347,-1.12782838238849,0.286885245901639,0.553727046756335,0.45442393699289,1850,"tags=33%, list=20%, signal=27%","Ctsd/Opa1/Agt/Mfn2/Marcks/Tsc2/Adipor1"
"GO:0007129","GO:0007129","homologous chromosome pairing at meiosis",21,-0.359938424209299,-1.12552636241597,0.286885245901639,0.553727046756335,0.45442393699289,2605,"tags=48%, list=29%, signal=34%","Brip1/Ndc1/Ccne1/Terb1/Rec8/Mlh1/Tex11/Mlh3/Ube2b/Trip13"
"GO:0003352","GO:0003352","regulation of cilium movement",21,-0.359820971401349,-1.12515908784122,0.286885245901639,0.553727046756335,0.45442393699289,1881,"tags=43%, list=21%, signal=34%","Tacr3/Ccdc40/Mkks/Cfap20/Kif9/Spag6l/Bbs4/Tac1/Cfap69"
"GO:0032527","GO:0032527","protein exit from endoplasmic reticulum",31,-0.319710512764344,-1.11755552695629,0.287169042769857,0.553727046756335,0.45442393699289,2936,"tags=42%, list=32%, signal=28%","Tm9sf4/Steep1/Faf2/Tmem30a/Sorl1/Ufd1/Gcc2/Yod1/Sel1l/Sec61b/Tecpr2/Sec13/Derl1"
"GO:1901184","GO:1901184","regulation of ERBB signaling pathway",44,0.291861070511856,1.09378768630981,0.28735632183908,0.553727046756335,0.45442393699289,1549,"tags=23%, list=17%, signal=19%","Egfr/Cadm1/Ccdc88a/Rhbdf1/Cblb/Hip1/Nup62/Dab2ip/Dgkd/Zfyve28"
"GO:0035023","GO:0035023","regulation of Rho protein signal transduction",52,-0.279725619276827,-1.09117405155789,0.287474332648871,0.553727046756335,0.45442393699289,1075,"tags=21%, list=12%, signal=19%","Fermt2/Arhgdib/Net1/Itga3/Arrb1/Ophn1/Dock7/Dock9/Stmn1/Nrp1/Abra"
"GO:0048634","GO:0048634","regulation of muscle organ development",20,0.37226429378322,1.15661552035283,0.288718929254302,0.555744496337857,0.45607958554192,2139,"tags=40%, list=24%, signal=31%","Luc7l/Bcl2/Cdon/Usp2/Tcf7l2/Bdnf/Sirt2/Mrtfb"
"GO:0090279","GO:0090279","regulation of calcium ion import",24,0.355512560256065,1.13454165141149,0.289156626506024,0.556142465463119,0.456406184536428,1382,"tags=33%, list=15%, signal=28%","Cask/Ppp3ca/Fyn/Cxcl12/Adrb1/Pawr/Akap5/Hes1"
"GO:0045685","GO:0045685","regulation of glial cell differentiation",52,0.28283107702618,1.09068887358475,0.289320388349515,0.556142465463119,0.456406184536428,2164,"tags=37%, list=24%, signal=28%","Epha4/Tenm4/Qki/Sox1/Tnfrsf21/Cntn2/Ntrk3/Aspa/Prpf19/Hes1/Mtor/Hdac1/Ptprz1/Tcf7l2/Dab1/Nr2e1/Sirt2/Daam2/Ptpra"
"GO:0060236","GO:0060236","regulation of mitotic spindle organization",26,-0.339311499877538,-1.13203456996638,0.290983606557377,0.55854459362296,0.458377525004536,1536,"tags=35%, list=17%, signal=29%","Chmp7/Ccsap/Chmp4b/Chmp2a/Chmp3/Vps4b/Rae1/Chmp1b2/Cltc"
"GO:1904385","GO:1904385","cellular response to angiotensin",24,0.353674894411103,1.12867713725485,0.291164658634538,0.55854459362296,0.458377525004536,1852,"tags=42%, list=20%, signal=33%","Rap1gds1/Ppp3ca/Nr3c2/Prkd1/Prkca/Ddr2/Map3k7/Rock1/Hsf1/Ptpn1"
"GO:0006221","GO:0006221","pyrimidine nucleotide biosynthetic process",21,-0.35937379388619,-1.12376076510561,0.290983606557377,0.55854459362296,0.458377525004536,2901,"tags=67%, list=32%, signal=45%","Dtymk/Uprt/Upp1/Dut/Cad/Nme3/Ctps2/Tyms/Tbpl1/Uck1/Uckl1/Nme1/Slc4a7/Ctps1"
"GO:0043393","GO:0043393","regulation of protein binding",118,0.238018738974635,1.07267467346071,0.291588785046729,0.558977684531757,0.458732947187729,2274,"tags=31%, list=25%, signal=24%","B2m/Hipk2/Prkn/Hdac4/Arhgef7/Large1/Ubash3b/Ephb6/Rapgef2/Lfng/Plscr1/Ep300/Mark3/Gsk3b/Plcl2/Cdon/Cblb/Ttbk2/Aktip/Ip6k2/Itgb1bp1/Rock1/Tcf7l2/Aplp2/Bdnf/Eif2ak3/Tmbim6/Wnt5a/App/Agrn/Abl1/Add1/Dnaaf11/Ckmt1/Dscam/Tmem132a/Ptprf"
"GO:0072576","GO:0072576","liver morphogenesis",21,0.360357464759939,1.1285651910787,0.291828793774319,0.559057471690028,0.458798425648273,1867,"tags=33%, list=21%, signal=27%","Prox1/Tet2/Itpr1/Fgf18/Fgf1/Lipa/Rps6ka1"
"GO:0010660","GO:0010660","regulation of muscle cell apoptotic process",60,0.278147288429633,1.09683309828331,0.293885601577909,0.562233282584215,0.461404699801098,909,"tags=17%, list=10%, signal=15%","Bcl2/Erbb4/Gria4/Igf1r/Qki/Igf1/Hey2/Gsk3b/Ambra1/Map3k5"
"GO:0014823","GO:0014823","response to activity",40,-0.295427348702296,-1.09330200792043,0.29375,0.562233282584215,0.461404699801098,2220,"tags=38%, list=24%, signal=28%","Hspa8/Hadh/Stk11/Gclc/Bloc1s6/Ppard/Agt/Pik3ca/Sod2/Cbl/Cat/Uqcrc1/Cab39/Cry1/Fos"
"GO:0098885","GO:0098885","modification of postsynaptic actin cytoskeleton",23,-0.350583280139182,-1.12974077409267,0.294354838709677,0.5627489385915,0.461827880200787,1428,"tags=35%, list=16%, signal=29%","Wasf3/Marcks/Wasf1/Cyfip1/Cttn/Cttnbp2/Cap1/Pfn2"
"GO:0032943","GO:0032943","mononuclear cell proliferation",114,0.240489895708523,1.0804687786358,0.294559099437148,0.562757655738226,0.461835034050608,2180,"tags=32%, list=24%, signal=24%","Bcl2/Adk/Sox11/Tcf3/Rc3h1/Ppp3ca/Igf1/Fyn/Ephb6/Sh3rf1/Ripor2/Tnfrsf21/Cxcl12/Plcl2/Nck2/Peli1/Igfbp2/Cblb/Atad5/Cd74/Pawr/Dnaja3/Hes1/Mapk8ip1/Glmn/Zfp335/Mad1l1/Slc7a1/Vav3/Lipa/Bcl6/Alkbh5/Abl1/Efnb1/Tfrc/Cd276"
"GO:1902850","GO:1902850","microtubule cytoskeleton organization involved in mitosis",97,-0.249454969798987,-1.08288846909664,0.295010845986985,0.563238864492766,0.462229944824851,2402,"tags=32%, list=26%, signal=24%","Wrap73/Rab11a/Poldip2/Cep97/Ankfn1/Hdac3/Tbce/Zfp207/Ptpa/Bccip/Ckap5/Kif11/Cep192/Chmp7/Spc25/Mzt1/Ccsap/Chmp4b/Spry1/Chmp2a/Racgap1/Chmp3/Vps4b/Rae1/Spice1/Chmp1b2/Stmn1/Chek2/Cltc/Mcph1/Ubxn2b"
"GO:0099500","GO:0099500","vesicle fusion to plasma membrane",26,0.342035152362688,1.11733642169635,0.295719844357977,0.563783538290568,0.462676939084971,254,"tags=19%, list=3%, signal=19%","Cacna1b/Syt1/Rimbp2/Doc2b/Erc1"
"GO:1903322","GO:1903322","positive regulation of protein modification by small protein conjugation or removal",93,-0.253519829964428,-1.09323022060601,0.295896328293737,0.563783538290568,0.462676939084971,859,"tags=15%, list=9%, signal=14%","Fzr1/Ube2d1/Derl1/Tbc1d7/Stub1/Ddx3x/Dcun1d2/Traf7/Arrb1/Cry1/Angpt1/Ube2l3/Skp1/Tes3-ps"
"GO:0042180","GO:0042180","ketone metabolic process",116,-0.237816507059529,-1.07346830891987,0.295503211991435,0.563783538290568,0.462676939084971,2337,"tags=33%, list=26%, signal=25%","Stard3/Pdk1/Rest/Eif6/Kat2b/Coq4/Egr1/Brca1/Tdo2/Ubr4/Kdsr/Dgat2/Erlin1/Ppard/Agt/Cyp46a1/Vkorc1l1/Coq5/Coq2/Akt1/Irs2/Coq9/Pdss1/Dbi/Sirt6/Rtn4ip1/Tysnd1/Glo1/Coq8a/Acadl/Cbr4/Abcb11/Nmt1/Fabp5/Prkag2/Park7/Scp2/Coq7"
"GO:0030520","GO:0030520","estrogen receptor signaling pathway",32,-0.312574187949657,-1.10511557994004,0.296296296296296,0.564164164164164,0.462989305094568,860,"tags=19%, list=9%, signal=17%","Wbp2/Vps18/Taf7/Ufsp2/Ddx5/Vps11"
"GO:0010508","GO:0010508","positive regulation of autophagy",102,-0.242022814893793,-1.07041868963344,0.296842105263158,0.564821777604037,0.463528984870221,1269,"tags=19%, list=14%, signal=16%","Plekhf1/Atg16l1/Fyco1/Gnai3/Atg101/Depdc5/Snx7/Trim32/Stub1/Ube2a/Tpcn1/Tsc2/Fbxo7/Tbk1/Bnip3/Pip4k2b/Snx4/Sesn1/Scoc"
"GO:0045582","GO:0045582","positive regulation of T cell differentiation",52,0.281319027844194,1.08485791880975,0.297087378640777,0.564907039817617,0.463598956512385,1164,"tags=23%, list=13%, signal=20%","Arid1a/Zmiz1/Foxo3/Sox4/Sox12/Ep300/Ap3d1/Ambra1/Pbrm1/Arid2/Itpkb/Cd74"
"GO:2000179","GO:2000179","positive regulation of neural precursor cell proliferation",39,0.302664818035006,1.10375153958373,0.297504798464491,0.565319300116613,0.46393728376086,3015,"tags=49%, list=33%, signal=33%","Prox1/Igf1/Cdon/Vegfc/Tox/Disp3/Zfp335/Sox2/Nr2e1/Fzd3/Lrp2/Nap1l1/Smarcd3/Foxg1/Fgf2/Gnai2/Ryk/Gpr37l1/Disc1"
"GO:0033157","GO:0033157","regulation of intracellular protein transport",114,-0.236978994574654,-1.06755368154437,0.298507462686567,0.566842338174357,0.465187186496232,2397,"tags=32%, list=26%, signal=24%","Tmem30a/Sorl1/Oaz2/Mapk14/Oaz1/Ppm1a/Pcm1/Hdac3/Brca1/Gcc2/Yod1/Ywhae/Ptpn14/Ufm1/Pdcd5/Chchd4/Prr5l/Sumo1/Ipo5/Nf1/Nolc1/Uhmk1/Vamp2/Akap1/Prpf4b/Snx3/Ran/Rbm22/Sirt6/Rab29/Prkcd/Ergic3/Prkcq/Angpt1/Park7/Eif3e"
"GO:0019320","GO:0019320","hexose catabolic process",26,-0.334564460598746,-1.11619716813791,0.299180327868852,0.567737484130927,0.465921800693155,2166,"tags=35%, list=24%, signal=26%","Gale/Eno1/Mpi/Gapdh/Ldha/Pgm1/Gpi1/Galm/Pkm"
"GO:0021591","GO:0021591","ventricular system development",22,-0.349367659205112,-1.11900988361303,0.299595141700405,0.568142065485694,0.466253826107381,1596,"tags=36%, list=18%, signal=30%","Dpcd/Uchl5/Spag6l/Bbs4/Dbi/Sema6d/Ttc21b/Kdm2b"
"GO:0031629","GO:0031629","synaptic vesicle fusion to presynaptic active zone membrane",25,0.346080751581535,1.1188893160088,0.3,0.56852723604573,0.466569921778218,254,"tags=20%, list=3%, signal=19%","Cacna1b/Syt1/Rimbp2/Doc2b/Erc1"
"GO:0006694","GO:0006694","steroid biosynthetic process",81,0.257695022407259,1.08550574804013,0.300578034682081,0.568857556570923,0.466841003991751,1918,"tags=28%, list=21%, signal=23%","Hsd3b4/Prox1/Prkg1/Igf1r/Qki/Abcg1/Igf1/Ppargc1a/Srebf2/Gnai1/Cacna1h/Npy1r/Lpcat3/Atp1a1/Bmp6/Dkk3/Sc5d/Scap/Chlsn/Fdps/Fgf1/Lipa/Malrd1"
"GO:0045055","GO:0045055","regulated exocytosis",149,0.229609862186913,1.06805192625087,0.300567107750473,0.568857556570923,0.466841003991751,1241,"tags=19%, list=14%, signal=16%","Nlgn1/Cacna1g/Cacna1b/Pclo/Syt1/Rimbp2/Doc2b/Kcnh1/Cacna1c/Erc1/Cacna1i/Cask/Syngr1/Cacna1d/Scamp5/Erc2/Ppfia2/Prkca/Rab11fip5/Stxbp5l/Syt10/Stxbp5/Gab2/Cacna1h/Rapgef4/Npy1r/Cacna1e/Rims2"
"GO:0001504","GO:0001504","neurotransmitter uptake",25,-0.335519069067212,-1.10622281591974,0.300813008130081,0.568920172423201,0.466892390577032,2685,"tags=60%, list=30%, signal=42%","Slc29a1/Itgb1/Arl6ip5/Nos1/Slc6a9/Per2/Tor1a/Slc17a6/Slc1a2/Slc6a4/Cln8/Slc18b1/Syngr3/Gpm6b/Park7"
"GO:0060338","GO:0060338","regulation of type I interferon-mediated signaling pathway",22,0.354031172925688,1.11370255458923,0.301181102362205,0.569234303458547,0.467150186656616,1842,"tags=36%, list=20%, signal=29%","Irf7/Gigyf2/Samhd1/Adar/Stat2/Ube2k/Lsm14a/Wnt5a"
"GO:0040001","GO:0040001","establishment of mitotic spindle localization",24,-0.340379320290487,-1.10959314325274,0.301587301587302,0.569619983829099,0.467466700710669,3072,"tags=38%, list=34%, signal=25%","Pafah1b1/Gpsm1/Itgb1/Ankfn1/Hdac3/Bccip/Spry1/Mcph1/Ubxn2b"
"GO:0042542","GO:0042542","response to hydrogen peroxide",63,-0.268529032333626,-1.09164019945309,0.302231237322515,0.569917947532648,0.467711228840621,1756,"tags=30%, list=19%, signal=24%","mt-Nd6/Mapk8/Prdx3/Plekha1/Gpx1/Map1lc3a/Sod1/Sod2/Pcna/Trpm2/Cat/Sirt6/Ppp2cb/Prkcd/Net1/Bnip3/Park7/Rhob/Rnf146"
"GO:0170036","GO:0170036","import into the mitochondrion",43,-0.290230899883492,-1.08465952280078,0.302325581395349,0.569917947532648,0.467711228840621,2965,"tags=67%, list=33%, signal=46%","Slc25a28/Micu1/Romo1/Slc25a38/Tomm7/Grpel1/Mrpl18/Vdac1/Hif1a/Timm17a/Timm23/Psen2/Sfxn2/Tst/Pam16/Hspa9/Mcu/Afg3l2/Mcur1/Dnlz/Dnajc19/Grpel2/Opa1/Smdt1/Akt1/Maip1/Tomm70a/Spg7/Slc25a36"
"GO:0009581","GO:0009581","detection of external stimulus",65,0.268015463824444,1.07717748222742,0.302554027504912,0.569917947532648,0.467711228840621,1291,"tags=25%, list=14%, signal=21%","Pkd1/Cep250/Grm8/Asic2/Igf1/Fyn/Grin2b/Mmp24/Cxcl12/Ccdc66/Bace1/Pjvk/Htr7/Grik2/Pawr/Atp2b2"
"GO:0009582","GO:0009582","detection of abiotic stimulus",65,0.268015463824444,1.07717748222742,0.302554027504912,0.569917947532648,0.467711228840621,1291,"tags=25%, list=14%, signal=21%","Pkd1/Cep250/Grm8/Asic2/Igf1/Fyn/Grin2b/Mmp24/Cxcl12/Ccdc66/Bace1/Pjvk/Htr7/Grik2/Pawr/Atp2b2"
"GO:0006414","GO:0006414","translational elongation",57,-0.269643574854203,-1.07081265461483,0.302845528455285,0.570085971400796,0.467849120005808,2014,"tags=25%, list=22%, signal=19%","Mtrfr/Usp16/Klhdc10/Tcf25/Rnf25/Gtpbp1/Eef2k/Rplp2/Abce1/Eif4a3/Eef1b2/Ltn1/Ufsp2/Eef1a1"
"GO:0006120","GO:0006120","mitochondrial electron transport, NADH to ubiquinone",27,-0.335825114583351,-1.12895632044591,0.304526748971193,0.571342462450615,0.468880277167084,1756,"tags=48%, list=19%, signal=39%","Ndufs1/Ndufs8/Ndufv2/mt-Nd6/Ndufc2/Ndufs2/Coq9/Ndufs3/Ndufs7/Dld/Ndufs6/Ndufa8/Park7"
"GO:0032435","GO:0032435","negative regulation of proteasomal ubiquitin-dependent protein catabolic process",27,-0.335277067296829,-1.12711392861411,0.304526748971193,0.571342462450615,0.468880277167084,558,"tags=15%, list=6%, signal=14%","Ogt/Bag5/Park7/Taf9"
"GO:0007266","GO:0007266","Rho protein signal transduction",87,0.255121702580716,1.09005783563549,0.30410447761194,0.571342462450615,0.468880277167084,1018,"tags=16%, list=11%, signal=14%","Robo1/Rtkn/Stard13/Akap13/Gna13/Pecam1/Ctnnal1/Arhgef7/Arhgef12/Cdh2/Ripor2/Dlc1/Adrb1/Arhgdig"
"GO:0009166","GO:0009166","nucleotide catabolic process",100,0.247329136595236,1.08097879305126,0.304347826086957,0.571342462450615,0.468880277167084,1541,"tags=24%, list=17%, signal=20%","Pde10a/Arnt/Hdac4/Igf1/Ppargc1a/Esrrb/Pde8a/Dpyd/Pde7b/Ppara/Samhd1/Ogdh/Ep300/Pfkl/Bcl2l13/Nt5e/Fhit/Nt5c1b/Nt5m/Enpp1/Fkrp/Mtor/Eno4/Nt5c1a"
"GO:0051260","GO:0051260","protein homooligomerization",115,0.238835128269774,1.0732839817643,0.303939962476548,0.571342462450615,0.468880277167084,1258,"tags=18%, list=14%, signal=16%","Kcnc1/B2m/Clybl/Kcnd2/Atl2/Glra3/Adcy8/Rbmxl1/Kctd8/Elavl1/Kcnd3/Gls/Kcnc2/Ripor2/Samhd1/Pxdn/Nacc2/Itpr1/Kctd16/Kcna2/Lzts3"
"GO:0035357","GO:0035357","peroxisome proliferator activated receptor signaling pathway",20,-0.362426112103578,-1.11237105100759,0.304801670146138,0.57147778208371,0.468991329138961,1146,"tags=30%, list=13%, signal=26%","Lmo3/Asxl1/Paqr3/Stub1/Fabp5/Actn4"
"GO:1904894","GO:1904894","positive regulation of receptor signaling pathway via STAT",21,-0.355221466793376,-1.11077645086185,0.305327868852459,0.571839368461429,0.469288070116828,668,"tags=24%, list=7%, signal=22%","Mgat5/Calm2/Prl5a1/Adipor1/Kit"
"GO:0006195","GO:0006195","purine nucleotide catabolic process",89,0.252697250145499,1.08507868629102,0.305400372439479,0.571839368461429,0.469288070116828,2283,"tags=34%, list=25%, signal=25%","Pde10a/Arnt/Hdac4/Igf1/Ppargc1a/Esrrb/Pde8a/Pde7b/Ppara/Samhd1/Ogdh/Ep300/Pfkl/Bcl2l13/Nt5e/Nt5c1b/Enpp1/Fkrp/Mtor/Eno4/Nt5c1a/Mtch2/Ncor1/Lipa/App/Git1/Pde7a/Rptor/Adpgk/Pfkfb3"
"GO:0006665","GO:0006665","sphingolipid metabolic process",88,0.253462842340331,1.08416586109196,0.305660377358491,0.571946177553935,0.469375724510103,1751,"tags=25%, list=19%, signal=20%","B3galt1/Fut9/Galc/Cers6/St6galnac3/Smpdl3b/St3gal1/Pla2g6/Pemt/St8sia1/Smpd3/Ugt8a/Sptlc2/St6galnac6/Abca2/Itgb8/Smpd4/Map7/Sptlc3/Hexa/B4galt6/Glb1"
"GO:0086004","GO:0086004","regulation of cardiac muscle cell contraction",20,0.364762606528393,1.13330797232133,0.305927342256214,0.572065859640353,0.469473943308003,1656,"tags=40%, list=18%, signal=33%","Fgf13/Cacna1c/Ryr2/Ank2/Adrb1/Cacna1h/Atp1a1/Akap6"
"GO:0006284","GO:0006284","base-excision repair",20,-0.361577180095815,-1.10976547884219,0.306889352818372,0.573484215014702,0.470637936717829,1868,"tags=40%, list=21%, signal=32%","Hmga1/Mpg/Poll/Neil1/Wrn/Pcna/Sirt6/Polb"
"GO:0010664","GO:0010664","negative regulation of striated muscle cell apoptotic process",21,0.357906299229361,1.12088864663074,0.307392996108949,0.573550918518778,0.470692677892404,1991,"tags=33%, list=22%, signal=26%","Bcl2/Qki/Hey2/Ambra1/Hsf1/Rgl2/Kifap3"
"GO:0010667","GO:0010667","negative regulation of cardiac muscle cell apoptotic process",21,0.357906299229361,1.12088864663074,0.307392996108949,0.573550918518778,0.470692677892404,1991,"tags=33%, list=22%, signal=26%","Bcl2/Qki/Hey2/Ambra1/Hsf1/Rgl2/Kifap3"
"GO:0032365","GO:0032365","intracellular lipid transport",31,-0.314789217791315,-1.10035302601462,0.307535641547862,0.573550918518778,0.470692677892404,1186,"tags=39%, list=13%, signal=34%","Arv1/Arl8b/Vps53/Serac1/Nus1/Osbpl2/Tmem41b/Tmem97/Sgpp1/Tpcn2/Npc1/Scp2"
"GO:0007029","GO:0007029","endoplasmic reticulum organization",62,-0.266278120085016,-1.07676638175562,0.308008213552361,0.573985625626125,0.471049426431809,3087,"tags=45%, list=34%, signal=30%","Emc1/Rtn1/Pex5/Ccdc47/Steep1/Rab10/Sptssb/Sec61a1/Zfyve27/Dmtn/Rab3gap1/Bnip1/Casq1/Myo5a/Stx18/Lnpk/Sec31b/Mmgt1/Emc3/Reep2/Get4/Sec31a/Arl6ip1/Tmco1/Rab5if/Tmem38a/Shtn1/Esyt1"
"GO:0019318","GO:0019318","hexose metabolic process",150,-0.225574051085246,-1.06472947249968,0.308176100628931,0.573985625626125,0.471049426431809,2287,"tags=27%, list=25%, signal=21%","Pdk1/Got1/Per2/Kat2b/Eno1/Lepr/Stk11/Xpc/Mpi/Lcmt1/Chst1/Clk2/Dgat2/Gapdh/Fuca2/Pik3ca/Pgam1/Ldha/Slc37a4/Akt1/Irs2/Insr/Hectd4/Errfi1/Sirt6/Pgm1/Kbtbd2/Slc25a13/Pgm2l1/Gpi1/Ogt/Pgp/Pdhb/Cry1/Fabp5/Galm/Prkag2/Zmpste24/Adipor1/Pgm2/Pkm"
"GO:0002520","GO:0002520","immune system development",116,0.237144144867659,1.06846978361573,0.308411214953271,0.574044124001531,0.471097433951426,2310,"tags=33%, list=25%, signal=25%","Bcl2/Bcl11b/Cacna1c/Tet2/Tcf3/Rc3h1/Ezh2/Samhd1/Mafb/Adar/Nfatc3/Kmt5b/Cblb/Atad5/Shld2/Hes1/Tox/Rnf8/Swap70/Ccnb2/Braf/Lrrc17/Lrp5/Kmt2a/Phlpp1/Mad1l1/Raf1/Lipa/Bcl6/Dcaf1/Abl1/Pms2/Nhej1/Tfrc/Nbn/Slc40a1/Xkr8/Fas"
"GO:1904035","GO:1904035","regulation of epithelial cell apoptotic process",35,0.314908671761589,1.1059813903869,0.309338521400778,0.575390068189698,0.472202002096585,1170,"tags=26%, list=13%, signal=22%","Bcl2/Igf1r/Wnt11/Igf1/Ppargc1a/Ppara/Capn10/Adar/Cdkn1b"
"GO:1900024","GO:1900024","regulation of substrate adhesion-dependent cell spreading",39,-0.297382433914776,-1.09305210838973,0.30977130977131,0.575435432389948,0.472239230869491,2377,"tags=36%, list=26%, signal=27%","St6gal1/Dmtn/Rac1/Rac3/Crkl/Bcar1/Ap1ar/Lims2/Fermt2/Mdk/C1qbp/P4hb/Actn4/Nrp1"
"GO:0048678","GO:0048678","response to axon injury",60,0.275927766701072,1.08808073938745,0.309664694280079,0.575435432389948,0.472239230869491,2100,"tags=35%, list=23%, signal=27%","Bcl2/Chl1/Epha4/Igf1r/Pum2/Ptprs/Ntrk3/Flrt3/Kremen1/Nefh/Rtn4rl1/Grn/Braf/Enpp1/Kcnb1/Xylt1/Matn2/Jun/Inpp5f/Tnr/Tnc"
"GO:0048640","GO:0048640","negative regulation of developmental growth",70,0.26515187625421,1.07513983330384,0.311023622047244,0.577251806163418,0.473729863711116,2680,"tags=39%, list=30%, signal=27%","Fgf13/Epha7/Ptprs/Sema3f/Ppara/Ctdp1/Gsk3b/Rai1/Adrb1/Spag9/Cdkn1b/Ptk2/Vgll4/Ntn1/Tcf7l2/Map2/Wnt5a/Gnas/Tnr/Slit1/D130043K22Rik/Alms1/Bbs2/Rbp4/Ttc3/Rgs4/Wwc1"
"GO:1902600","GO:1902600","proton transmembrane transport",87,-0.251188692387624,-1.0732047563679,0.311158798283262,0.577251806163418,0.473729863711116,1812,"tags=31%, list=20%, signal=25%","Slc9a8/mt-Nd6/Uqcrh/Atp6v1b2/Ndufs2/Ndufa4/Slc36a1/Atp5pf/Slc17a6/Letm1/Atp5mf/Atp6v1c1/Uqcrfs1/Atp5f1c/Ndufs3/Slc9a9/Atp5mc3/Atp6v1h/Ndufs7/Atp6v1g1/Ghitm/Slc25a22/Slc25a13/Slc18b1/Slc25a3/Slc9b1/Atp6v1a"
"GO:0017156","GO:0017156","calcium-ion regulated exocytosis",51,0.281874633050805,1.08057325999267,0.311507936507937,0.577519319131161,0.473949402013807,1241,"tags=20%, list=14%, signal=17%","Cacna1g/Syt1/Doc2b/Cacna1c/Cacna1i/Scamp5/Syt10/Cacna1h/Rapgef4/Rims2"
"GO:0046677","GO:0046677","response to antibiotic",24,0.348515714696162,1.11221272803819,0.313253012048193,0.579005844393035,0.475169340006537,429,"tags=17%, list=5%, signal=16%","Gria1/Ehmt1/Ets1/Ezh2"
"GO:0046365","GO:0046365","monosaccharide catabolic process",27,-0.32958388567002,-1.10797493899743,0.312757201646091,0.579005844393035,0.475169340006537,2166,"tags=33%, list=24%, signal=25%","Gale/Eno1/Mpi/Gapdh/Ldha/Pgm1/Gpi1/Galm/Pkm"
"GO:0019882","GO:0019882","antigen processing and presentation",32,0.32239512408867,1.10384617064712,0.313953488372093,0.579005844393035,0.475169340006537,1164,"tags=25%, list=13%, signal=22%","B2m/Rab3b/Tapbp/Ext1/Rab5b/Ap3d1/Marchf8/Cd74"
"GO:0032366","GO:0032366","intracellular sterol transport",24,-0.338001493525445,-1.10184173146873,0.313492063492063,0.579005844393035,0.475169340006537,3029,"tags=50%, list=33%, signal=33%","Anxa2/Pip4k2a/Arv1/Arl8b/Vps53/Serac1/Nus1/Osbpl2/Tmem97/Tpcn2/Npc1/Scp2"
"GO:0030866","GO:0030866","cortical actin cytoskeleton organization",27,0.332470370234907,1.09942012169957,0.313953488372093,0.579005844393035,0.475169340006537,627,"tags=15%, list=7%, signal=14%","Fhod3/Rtkn/Epb41l1/Rhoq"
"GO:0007616","GO:0007616","long-term memory",27,0.332408884725281,1.09921680010304,0.313953488372093,0.579005844393035,0.475169340006537,1877,"tags=41%, list=21%, signal=32%","Gria1/Adcy8/Crebbp/Btbd9/Reln/Grin1/Adcy1/Cpeb3/Mtor/Ccnd2/Calb1"
"GO:0008203","GO:0008203","cholesterol metabolic process",80,-0.253275552631235,-1.06956219846539,0.313278008298755,0.579005844393035,0.475169340006537,1847,"tags=29%, list=20%, signal=23%","Fdft1/Por/Hsd17b7/Sqle/Dgat2/Fdx1/Erlin1/Cyp46a1/Sod1/Pon1/Cat/Soat1/Cln8/Errfi1/Gpr146/Dhcr24/Msmo1/Acadl/Abca5/Npc1/Idi2/Scp2/Lrp1"
"GO:0030518","GO:0030518","nuclear receptor-mediated steroid hormone signaling pathway",72,-0.257029613381035,-1.06875191173911,0.313645621181263,0.579005844393035,0.475169340006537,860,"tags=17%, list=9%, signal=15%","Wbp2/Errfi1/Vps18/Ptges3/Ywhah/Cry1/Taf7/Park7/Ufsp2/Shq1/Ddx5/Vps11"
"GO:2000573","GO:2000573","positive regulation of DNA biosynthetic process",48,-0.281492180706067,-1.08418454369415,0.314814814814815,0.580214616185839,0.476161335684244,2010,"tags=29%, list=22%, signal=23%","Map3k4/Tnks/Rfc4/Polg2/Ccna2/Crhr2/Pcna/Cct4/Pot1b/Ctnnb1/Rfc5/Prkcq/Ptges3/Cct8"
"GO:0010043","GO:0010043","response to zinc ion",27,0.332297747378797,1.09884928875184,0.315891472868217,0.581438387029808,0.477165640545548,954,"tags=22%, list=11%, signal=20%","Mt1/Glra3/Gsk3b/Slc30a3/Kcnk3/Slc30a4"
"GO:0030521","GO:0030521","androgen receptor signaling pathway",27,0.33211895962344,1.09825806958361,0.315891472868217,0.581438387029808,0.477165640545548,788,"tags=22%, list=9%, signal=20%","Ddx17/Ncor2/Arid1a/Igf1/Zmiz1/Ep300"
"GO:0120034","GO:0120034","positive regulation of plasma membrane bounded cell projection assembly",78,0.259569650407522,1.08627172307666,0.316698656429942,0.582543612153771,0.47807265918413,1507,"tags=22%, list=17%, signal=18%","Tenm1/Auts2/Nlgn1/Hdac4/Ccdc88a/Abi2/Plppr5/Rhoq/Ripor2/Gsk3b/Tenm2/Septin9/Myo3a/Ttbk2/Myo3b/Aqp1/Mtor"
"GO:0030522","GO:0030522","intracellular receptor signaling pathway",198,0.217507894315401,1.0544882680635,0.31758034026465,0.583784343682834,0.479090883071677,891,"tags=15%, list=10%, signal=14%","Esrrg/Zfp536/Rarb/Ddx17/Rora/Asxl2/Rbfox2/Trim25/Ncor2/Irf7/Arid1a/Arnt/Pum2/Ezh2/Igf1/Zmiz1/Thrb/Ptprs/Zc3hav1/Nr3c2/Fshr/Prkd1/Dhrs3/Ppara/Cnot2/Irf2/Ep300/Mn1/Ncoa1/Peli1"
"GO:0046686","GO:0046686","response to cadmium ion",33,-0.30592557444703,-1.09471921319481,0.317907444668008,0.584004679970304,0.47927170516408,1390,"tags=33%, list=15%, signal=28%","Gsn/Sod2/Pcna/Sumo1/Akt1/Cat/Gpi1/Npc1/Mt4/Fos/Kit"
"GO:0018958","GO:0018958","phenol-containing compound metabolic process",62,0.269691663137274,1.07425875588186,0.318446601941748,0.584614022326935,0.479771770592161,1842,"tags=31%, list=20%, signal=25%","Bcl2/Slitrk1/Zeb2/Prkn/Tgfb2/Kcnj6/Rapgef2/Tg/Btbd9/Reln/a/Atp2b2/Sult2a7/Htr2c/Rnls/Iyd/Ly6e/Slco4a1/Wnt5a"
"GO:0034142","GO:0034142","toll-like receptor 4 signaling pathway",29,0.327715355282407,1.10341164823694,0.318702290076336,0.584702508746819,0.479844388224856,1521,"tags=34%, list=17%, signal=29%","Chuk/Znrf1/Peli1/Prkce/Ifi35/Map3k7/Rab11fip2/Dab2ip/Mfhas1/Tax1bp1"
"GO:0055117","GO:0055117","regulation of cardiac muscle contraction",38,0.301302897876057,1.08773089415986,0.319767441860465,0.586274984491081,0.481134862697286,1205,"tags=26%, list=13%, signal=23%","Fgf13/Cacna1c/Hdac4/Dmd/Ryr2/Atp1b1/Ank2/Adrb1/Cacna1h/Rnf207"
"GO:0008406","GO:0008406","gonad development",127,-0.231847401821411,-1.05961896299868,0.32034632034632,0.586954441310748,0.481692468551684,2370,"tags=35%, list=26%, signal=26%","Ubb/Inhbb/Rac1/Phb1/H3f3b/Tmf1/Nr0b1/Aspm/Crkl/Lsm14b/Prdx4/Rec8/Slit3/Grk2/Plekha1/Eif2s2/Bok/Mmp14/Agt/Msh2/Sod1/Bcas2/Cbl/Sox8/Rrm1/Wdr19/Eif2b2/Mfn2/Tex11/Adam25/Eif2b5/Insr/Nup107/Spata2/Pdgfra/Arrb1/Tnfsf10/Angpt1/Brca2/Itgav/Gfra1/Kit/Ctnna1/Nhlh2"
"GO:0048024","GO:0048024","regulation of mRNA splicing, via spliceosome",80,0.257300712646307,1.08231311275824,0.321153846153846,0.587288474017871,0.48196659721985,2325,"tags=40%, list=26%, signal=30%","Ddx17/Rbm5/Rbfox2/Rbmxl1/Qki/Rbfox1/Wdr77/Nova1/Mbnl1/Pcbp4/Upf3b/Rbm20/Prpf19/Rbm39/Thrap3/Mbnl2/Sfswap/Ptbp1/Tra2a/Celf5/Khdrbs2/Upf3a/Rbm24/Fmr1/Celf1/Khdrbs1/Tra2b/Hnrnpu/Srsf7/Rbfox3/Srsf3/Celf3"
"GO:0008306","GO:0008306","associative learning",93,0.248496768771016,1.07923107071399,0.320964749536178,0.587288474017871,0.48196659721985,1732,"tags=28%, list=19%, signal=23%","Gria1/Csmd1/Ppp1r1b/Cacna1c/Atxn1/Cntnap2/Shank2/Gabra5/Ap1s2/Slc6a1/Grin2b/Nts/Reln/Grin1/Drd5/Cacna1e/Pias1/Nptn/Deaf1/Braf/Mtor/Tafa2/Kmt2a/Ddhd2/Bdnf/Map1a"
"GO:0007369","GO:0007369","gastrulation",110,0.238318354898846,1.0675040680893,0.321033210332103,0.587288474017871,0.48196659721985,2142,"tags=31%, list=24%, signal=24%","Tenm4/Arid1a/Ext1/Tcf3/Wnt11/Acvr2b/Bmpr2/Prickle1/Bmpr1a/Wnk1/Exoc4/Tnrc6c/Smad1/Dusp4/Acvr2a/Pofut2/Ctr9/Fgfr1/Gpc3/Eya1/Grb2/Hira/Lrp5/Nr4a3/Acvr1/Zbtb17/Ldb1/Wnt5a/Sox2/Kif16b/Htt/Apln/Brd3/Axin1"
"GO:0019674","GO:0019674","NAD metabolic process",22,-0.342439418052355,-1.0968190192851,0.321862348178138,0.587821190645491,0.48240377865905,1408,"tags=32%, list=16%, signal=27%","Macroh2a1/Ldha/Nampt/Nadsyn1/Slc25a22/Slc25a13/Got2"
"GO:0006261","GO:0006261","DNA-templated DNA replication",93,-0.250139873886393,-1.07865514721097,0.321814254859611,0.587821190645491,0.48240377865905,2995,"tags=44%, list=33%, signal=30%","Ssbp1/Rtf2/Lig3/Kat7/Eme1/Fancm/Zfp830/Rfc1/Orc3/Ccne1/Noc3l/Mcmbp/Rnaseh1/Gmnn/Zranb3/Brca1/Rfc4/Polg2/Recql5/Gen1/Exd2/Wrn/Dbf4/Pole4/Polrmt/Asf1a/Pcna/Recql/Rrm1/Rrm2b/Rfc5/Wrnip1/Tk2/Smarcal1/Wdhd1/Orc4/Tipin/Zmpste24/Helb/Brca2/Prim2"
"GO:0050684","GO:0050684","regulation of mRNA processing",95,0.246986299818786,1.07236498926378,0.322160148975791,0.587984002470065,0.48253739248692,2325,"tags=38%, list=26%, signal=28%","Ddx17/Rbm5/Rbfox2/Rbmxl1/Qki/Rbfox1/Wdr77/Nova1/Srpk2/Mbnl1/Pcbp4/Upf3b/Rbm20/Prpf19/Rbm39/Thrap3/Mbnl2/Sfswap/Ptbp1/Tra2a/Fip1l1/Celf5/Khdrbs2/Upf3a/Dhx36/Rbm24/Fmr1/Celf1/Alkbh5/Khdrbs1/Tra2b/Hnrnpu/Srsf7/Rbfox3/Srsf3/Celf3"
"GO:0006636","GO:0006636","unsaturated fatty acid biosynthetic process",28,-0.32797820899183,-1.10786845999824,0.322851153039832,0.588102488213476,0.482634629489002,433,"tags=29%, list=5%, signal=27%","Fads1/Sco1/Pnpla8/Mif/Decr2/Ptges3/Fabp5/Ptgs1"
"GO:0001756","GO:0001756","somitogenesis",33,0.320080471800123,1.10151341419011,0.322772277227723,0.588102488213476,0.482634629489002,788,"tags=15%, list=9%, signal=14%","Zeb2/Pcdh8/Bmpr1a/Lfng/Ep300"
"GO:1990830","GO:1990830","cellular response to leukemia inhibitory factor",86,-0.249204540024002,-1.06332518242718,0.322649572649573,0.588102488213476,0.482634629489002,1781,"tags=26%, list=20%, signal=21%","Parp16/Nfyb/Mynn/Gnpnat1/Polr1f/Nup35/Kdm5b/Nrp2/Chchd4/Eef1e1/Sstr1/B3gnt2/Ubtf/Cacybp/Nr5a2/Hells/Mpc1/Smarca5/Rnmt/Rps16/Mrpl15/Mcf2"
"GO:1901875","GO:1901875","positive regulation of post-translational protein modification",94,-0.249601352436737,-1.07951749841143,0.323275862068966,0.588495723068698,0.482957343237806,859,"tags=15%, list=9%, signal=14%","Fzr1/Ube2d1/Derl1/Tbc1d7/Stub1/Ddx3x/Dcun1d2/Traf7/Arrb1/Cry1/Angpt1/Ube2l3/Skp1/Tes3-ps"
"GO:0009408","GO:0009408","response to heat",54,-0.27117736343543,-1.06851882502914,0.324543610547667,0.590422139782651,0.484538284375811,2069,"tags=37%, list=23%, signal=29%","Casq1/Dnajb1/Gclc/Ywhae/Mapt/Hspa2/Pdcd6/Chordc1/Sod1/Sumo1/Nf1/Trpm2/Eif2b2/Akt1/Eif2b5/Dnaja4/Atxn3/Hikeshi/Hsbp1/Eif2b1"
"GO:0016042","GO:0016042","lipid catabolic process",170,-0.220649658444728,-1.05200494338968,0.325481798715203,0.591746908889963,0.485625474891207,1461,"tags=28%, list=16%, signal=24%","Hadh/Rarres2/Prdx6b/Psap/Cyp39a1/Pnpla8/Eci3/Pnpla6/Pik3cg/Hadha/Plbd1/Pnpla2/Plce1/Ppard/Slc25a17/Eci1/Cyp46a1/Decr2/Lpin2/Pld1/Etnppl/Decr1/Akt1/Irs2/Gpcpd1/Etfa/Plch2/Dbi/Pla2g7/Pla2g12a/Asah1/Sirt6/Prkcd/Tysnd1/Iah1/Acadl/Fitm2/Ywhah/Abcb11/Plch1/Adra2a/Ppt1/Nudt7/Scp2/Abhd12/Crat/Lct/Lrp1"
"GO:0009261","GO:0009261","ribonucleotide catabolic process",92,0.247669033949237,1.07354973816454,0.325925925925926,0.591790759831997,0.485661461787344,2283,"tags=33%, list=25%, signal=25%","Pde10a/Arnt/Hdac4/Igf1/Ppargc1a/Esrrb/Pde8a/Dpyd/Pde7b/Ppara/Ogdh/Ep300/Pfkl/Bcl2l13/Nt5e/Nt5c1b/Enpp1/Fkrp/Mtor/Eno4/Nt5c1a/Mtch2/Ncor1/Lipa/App/Git1/Pde7a/Rptor/Adpgk/Pfkfb3"
"GO:0046434","GO:0046434","organophosphate catabolic process",146,0.228631683253883,1.06087868696315,0.325925925925926,0.591790759831997,0.485661461787344,1541,"tags=23%, list=17%, signal=19%","Plpp6/Pde10a/Plbd2/Arnt/Hdac4/Igf1/Ppargc1a/Esrrb/Smpdl3b/Pde8a/Dpyd/Pla2g6/Pde7b/Ppara/Samhd1/Plcb1/Ogdh/Ep300/Pfkl/Smpd3/Bcl2l13/Pla2g4d/Nt5e/Fhit/Nt5c1b/Pla2g4e/Nt5m/Enpp1/Fkrp/Smpd4/Mtor/Eno4/Nt5c1a"
"GO:0090224","GO:0090224","regulation of spindle organization",29,-0.320987490270846,-1.09690474177329,0.326359832635983,0.592197043379395,0.485994884130041,1536,"tags=31%, list=17%, signal=26%","Chmp7/Ccsap/Chmp4b/Chmp2a/Chmp3/Vps4b/Rae1/Chmp1b2/Cltc"
"GO:0035329","GO:0035329","hippo signaling",36,0.305994189899602,1.08426873517459,0.326848249027237,0.59270165106741,0.486408997570169,1575,"tags=25%, list=17%, signal=21%","Tead1/Sox11/Shank2/Coro7/Mark3/Amotl1/Lats1/Vgll4/Map4k4"
"GO:0030239","GO:0030239","myofibril assembly",31,0.324189014726224,1.10560251767869,0.328767123287671,0.594650676139061,0.488008492576862,788,"tags=23%, list=9%, signal=21%","Fhod3/Prox1/Akap13/Nebl/Ldb3/Prkd1/Ep300"
"GO:0051491","GO:0051491","positive regulation of filopodium assembly",31,0.323889119543095,1.10457976596766,0.328767123287671,0.594650676139061,0.488008492576862,1999,"tags=35%, list=22%, signal=28%","Tenm1/Nlgn1/Plppr5/Rhoq/Ripor2/Tenm2/Myo3a/Myo3b/Fmr1/Mien1/Agrn"
"GO:0001707","GO:0001707","mesoderm formation",31,0.32317310692523,1.10213790237253,0.328767123287671,0.594650676139061,0.488008492576862,2142,"tags=42%, list=24%, signal=32%","Wnt11/Bmpr2/Bmpr1a/Exoc4/Smad1/Pofut2/Fgfr1/Eya1/Nr4a3/Acvr1/Wnt5a/Htt/Axin1"
"GO:0070664","GO:0070664","negative regulation of leukocyte proliferation",30,0.325854798601316,1.10087819574911,0.328155339805825,0.594650676139061,0.488008492576862,1916,"tags=33%, list=21%, signal=26%","Sox11/Rc3h1/Ripor2/Tnfrsf21/Peli1/Cblb/Pawr/Glmn/Mad1l1/Bcl6"
"GO:1901657","GO:1901657","glycosyl compound metabolic process",42,-0.285205670975903,-1.05970296238788,0.330508474576271,0.597416857829334,0.490278598726625,1453,"tags=24%, list=16%, signal=20%","Ada/Fuca2/Aprt/Cdadc1/Lcmt2/Tk2/Cbr4/Adal/Pgm2/Tymp"
"GO:0141084","GO:0141084","inflammasome-mediated signaling pathway",25,-0.329751823180745,-1.087207923555,0.33130081300813,0.598465186574943,0.49113892454714,2220,"tags=44%, list=24%, signal=33%","Hspa8/Zdhhc1/Cptp/Brcc3dc/Eif2ak2/Fbxl2/Mapk8/Lamp2/Ppp2ca/Ddx3x/Ogt"
"GO:0051653","GO:0051653","spindle localization",35,-0.299556457360588,-1.07671571749405,0.331967213114754,0.598901156566823,0.491496709490609,2837,"tags=34%, list=31%, signal=24%","Gpsm1/Wasl/Itgb1/Actr3/Ankfn1/Hdac3/Aspm/Bccip/Ska2/Spry1/Mcph1/Ubxn2b"
"GO:2001234","GO:2001234","negative regulation of apoptotic signaling pathway",153,-0.223146222882054,-1.05161482549614,0.331923890063425,0.598901156566823,0.491496709490609,1354,"tags=19%, list=15%, signal=16%","Tpt1/Stradb/Sod2/Gnai3/Mfn2/Akt1/Ndufs3/Rrm2b/Itga6/Rrn3/Vdac2/Ctnnb1/Mdm4/Trim32/Ghitm/Ddx3x/Bag5/Cttn/Fbxo7/Hells/Park7/Gstp3/Pea15a/Itgav/Psme3/Ctnna1/Nrp1/Rps6kb1/Higd1a"
"GO:0017158","GO:0017158","regulation of calcium ion-dependent exocytosis",34,0.315046341230587,1.0938744012424,0.333333333333333,0.59906462585034,0.491630862871464,1033,"tags=21%, list=11%, signal=18%","Cacna1g/Syt1/Doc2b/Cacna1i/Scamp5/Syt10/Cacna1h"
"GO:0005978","GO:0005978","glycogen biosynthetic process",27,-0.323869126741021,-1.0887634121266,0.333333333333333,0.59906462585034,0.491630862871464,1101,"tags=33%, list=12%, signal=29%","Akt1/Irs2/Insr/Gyg1/Gfpt1/Pgm1/Ptges3/Ugp2/Pgm2"
"GO:0009250","GO:0009250","glucan biosynthetic process",27,-0.323869126741021,-1.0887634121266,0.333333333333333,0.59906462585034,0.491630862871464,1101,"tags=33%, list=12%, signal=29%","Akt1/Irs2/Insr/Gyg1/Gfpt1/Pgm1/Ptges3/Ugp2/Pgm2"
"GO:0002237","GO:0002237","response to molecule of bacterial origin",128,0.230988303750679,1.05379553097333,0.33271719038817,0.59906462585034,0.491630862871464,1842,"tags=23%, list=20%, signal=19%","Sash1/B2m/Nkx2-1/Mapkapk3/Tcf3/Adam9/Rps6ka3/Akap8/Plscr1/Penk/Cmpk2/Prkca/Peli1/Tut4/Prkce/Irf8/Ctr9/Tjp1/Smad6/Pde4b/Capn2/Dab2ip/Cnr1/Bmp6/Mtdh/Hsf1/Epsti1/Nfkbib/Fbxo3/Wnt5a"
"GO:0051881","GO:0051881","regulation of mitochondrial membrane potential",58,-0.263703405181675,-1.05120169634888,0.332661290322581,0.59906462585034,0.491630862871464,1791,"tags=31%, list=20%, signal=25%","Mapt/Prdx3/Ndufc2/Tusc2/Bok/Sod1/Sod2/Mllt11/Mfn2/Akt1/Oga/Ndufs6/Ppp2r3c/Bnip3/Park7/Cck/Slc25a36/Pid1"
"GO:0009308","GO:0009308","amine metabolic process",59,-0.261059879906451,-1.04767622580297,0.332669322709163,0.59906462585034,0.491630862871464,742,"tags=15%, list=8%, signal=14%","Hdac10/Azin1/Odc1/Epas1/Park7/Comt/Amd1/Sms/Vps35"
"GO:0170034","GO:0170034","L-amino acid biosynthetic process",26,-0.325559757126611,-1.0861550515977,0.334016393442623,0.599607821322282,0.492076643922548,833,"tags=23%, list=9%, signal=21%","Aasdhppt/Got2/Oat/Glul/Apip/Park7"
"GO:0045732","GO:0045732","positive regulation of protein catabolic process",145,-0.226756067223331,-1.0569456383982,0.334061135371179,0.599607821322282,0.492076643922548,1834,"tags=21%, list=20%, signal=17%","Rbx1/Zer1/Atg4b/Mapk8/Csnk1e/Bag2/Tmem67/Faf1/Adam8/Sumo1/Cul4b/Nsf/Akt1/Usp5/Paqr3/Fzr1/Sirt6/Osbpl7/Trim32/Stub1/Eif2a/Pabir1/Adra2a/Snx1/Zyg11b/Atxn3/Gga3/Vps35/Vps11/Lrp1"
"GO:0070372","GO:0070372","regulation of ERK1 and ERK2 cascade",154,0.224276815625407,1.04729466595067,0.334608030592734,0.600207148447056,0.492568490208876,1628,"tags=24%, list=18%, signal=20%","Bmper/Erbb4/Spred2/Epha7/Ptprr/Epha4/Egfr/Igf1/Nrxn1/Sstr4/Rapgef2/Pde8a/Oprm1/Dmd/Fshr/Ramp3/Prkca/Cxcl12/Rapgef1/Ddr2/Dusp4/Alkal2/Nek10/Wnk2/Fgf18/Cd74/Garem1/Nptn/Pdgfd/Spred1/Dab2ip/Itgb1bp1/Braf/Htr2c/Mfhas1/Gas6/Phlpp1"
"GO:0043524","GO:0043524","negative regulation of neuron apoptotic process",126,0.231481768104483,1.05393699720267,0.336431226765799,0.603093636785001,0.494937327711572,1919,"tags=28%, list=21%, signal=22%","Bcl2/Chl1/Hipk2/Mt1/Mdga2/Mtnr1b/Epha4/Gbe1/Prkn/Fyn/Ppargc1a/Faim2/Fzd1/Ambra1/Dnajc5/Grin1/Grik2/Cpeb4/Map2k4/Tox3/Grn/Retreg1/Braf/Adnp/Ptprz1/Rock1/Pcdhgc5/Itsn1/Nr4a3/Bdnf/Amigo2/Hyou1/Tyro3/Jun/Fmr1"
"GO:1902652","GO:1902652","secondary alcohol metabolic process",88,-0.245624738827524,-1.05475071412301,0.336864406779661,0.603486267199672,0.495259545417683,2172,"tags=31%, list=24%, signal=24%","Cyp39a1/Cyp2r1/Lepr/Fdft1/Por/Hsd17b7/Sqle/Dgat2/Fdx1/Erlin1/Cyp46a1/Sod1/Pon1/Cat/Soat1/Cln8/Errfi1/Gpr146/Dhcr24/Msmo1/Acadl/Abca5/Npc1/Idi2/Scp2/Idh3a/Lrp1"
"GO:0030098","GO:0030098","lymphocyte differentiation",195,0.216324185983175,1.0464854968131,0.337099811676083,0.603524313407371,0.495290768576442,2585,"tags=34%, list=29%, signal=25%","Bcl2/Bcl11b/B2m/Rora/Phf14/Arid1a/Tcf3/Rc3h1/Drosha/Ezh2/Zmiz1/Foxo3/St3gal1/Sh3rf1/Lfng/Sox4/Sox12/Hectd1/Ep300/Ap3d1/Mafb/Plcl2/Ambra1/Pbrm1/Nfatc3/Arid2/Irf8/Itpkb/Cd74/Cdk6/Dnaja3/Tox/Chd7/Zeb1/Braf/Enpp1/Prr7/Mtor/Kmt2a/Gas6/Prex1/Ncor1/Lipa/Cbfb/Tyro3/Atf2/Bcl6/Dcaf1/Tpd52/Abl1/Cmtm7/Nhej1/Egr3/Fas/Il1rl2/Tsc1/Socs5/Smarca4/Notch2/Smarcd3/Stat3/Wwp1/Smarcd2/Xrcc6/Brd2/Sp3/Fcer1g"
"GO:0000245","GO:0000245","spliceosomal complex assembly",37,-0.296732565613493,-1.07699007024421,0.337423312883436,0.603719933781284,0.495451307204617,1498,"tags=30%, list=17%, signal=25%","Srsf6/Sf3a3/Htatsf1/Isy1/Sf3a2/Khdc4/Crnkl1/Sf3b1/Snrpc/Ddx42/Prpf39"
"GO:0001706","GO:0001706","endoderm formation",29,-0.318036770589351,-1.08682130080322,0.338912133891213,0.605300883401452,0.496748735883228,2088,"tags=34%, list=23%, signal=27%","Nr0b1/Dusp5/Map2k1/Mmp14/Col12a1/Macroh2a1/Leo1/Ctnnb1/Itgav/Hsbp1"
"GO:0070542","GO:0070542","response to fatty acid",29,-0.317970210737776,-1.08659384702693,0.338912133891213,0.605300883401452,0.496748735883228,2008,"tags=34%, list=22%, signal=27%","Oaz1/Aacs/Gnpat/Dgat2/Pik3ca/Cat/Acsl1/Smarcd1/Ranbp1/Pid1"
"GO:0009154","GO:0009154","purine ribonucleotide catabolic process",86,0.249849002051573,1.06545730681383,0.338951310861423,0.605300883401452,0.496748735883228,2283,"tags=34%, list=25%, signal=25%","Pde10a/Arnt/Hdac4/Igf1/Ppargc1a/Esrrb/Pde8a/Pde7b/Ppara/Ogdh/Ep300/Pfkl/Bcl2l13/Nt5e/Nt5c1b/Enpp1/Fkrp/Mtor/Eno4/Nt5c1a/Mtch2/Ncor1/Lipa/App/Git1/Pde7a/Rptor/Adpgk/Pfkfb3"
"GO:0097284","GO:0097284","hepatocyte apoptotic process",20,0.352585527480809,1.09547410306714,0.340344168260038,0.606502235258669,0.497734642285793,2546,"tags=45%, list=28%, signal=32%","Igf1r/Ppara/Gsk3b/Adar/Dnmt3a/Mtch2/Atf2/Fas/Arf6"
"GO:0009126","GO:0009126","purine nucleoside monophosphate metabolic process",28,0.322373536011051,1.07863221786802,0.340952380952381,0.606502235258669,0.497734642285793,1541,"tags=32%, list=17%, signal=27%","Adk/Adsl/Ampd2/Guk1/Nt5e/Nt5c1b/Pals2/Gart/Nt5c1a"
"GO:0071709","GO:0071709","membrane assembly",37,0.30166192685113,1.07857432973003,0.341130604288499,0.606502235258669,0.497734642285793,820,"tags=19%, list=9%, signal=17%","Il1rapl1/Nlgn1/Magi2/Nrxn1/Cdh2/Mafb/Ank3"
"GO:0032479","GO:0032479","regulation of type I interferon production",61,0.269947828174594,1.06812751106491,0.340508806262231,0.606502235258669,0.497734642285793,2133,"tags=33%, list=24%, signal=25%","Irf7/Qki/Chuk/Ptprs/Zc3hav1/Crebbp/Traip/Tank/Irf8/Rnf216/Traf3ip1/Ifih1/Uap1/Ilrun/Dhx36/Usp22/Dhx33/Nmbr/Polr3f/Klhl22"
"GO:0001894","GO:0001894","tissue homeostasis",146,0.226461941774322,1.05081082384319,0.340740740740741,0.606502235258669,0.497734642285793,1786,"tags=25%, list=20%, signal=21%","Col14a1/Bcl2/Ank/Zeb2/Egfr/Ext1/Pth1r/Ubash3b/Esrrb/Prickle1/Cdh23/Tpp1/Gigyf2/Brinp1/Ush2a/Fshr/Akt3/Tub/Prkca/Mfsd2a/Ccdc66/Cep290/Tjp1/Nt5e/Rpa1/Cracd/Elp6/Ppargc1b/Vps13b/Enpp1/Ankrd11/Kmt2a/Tns3/Epsti1/Ercc6/Map1a/Ldb1"
"GO:0060249","GO:0060249","anatomical structure homeostasis",146,0.226461941774322,1.05081082384319,0.340740740740741,0.606502235258669,0.497734642285793,1786,"tags=25%, list=20%, signal=21%","Col14a1/Bcl2/Ank/Zeb2/Egfr/Ext1/Pth1r/Ubash3b/Esrrb/Prickle1/Cdh23/Tpp1/Gigyf2/Brinp1/Ush2a/Fshr/Akt3/Tub/Prkca/Mfsd2a/Ccdc66/Cep290/Tjp1/Nt5e/Rpa1/Cracd/Elp6/Ppargc1b/Vps13b/Enpp1/Ankrd11/Kmt2a/Tns3/Epsti1/Ercc6/Map1a/Ldb1"
"GO:0030856","GO:0030856","regulation of epithelial cell differentiation",68,0.259420820591277,1.046923747375,0.340466926070039,0.606502235258669,0.497734642285793,2288,"tags=32%, list=25%, signal=24%","Spred2/Zeb2/Tgfb2/Wnt9a/Ezh2/Klf7/Hey2/Plcb1/Cdkn1b/Vcl/Spred1/Hes1/Zeb1/Rock1/Bmp6/Sox2/Ajap1/Foxj2/Add1/Numa1/Rptor/Cd109"
"GO:0001541","GO:0001541","ovarian follicle development",37,-0.295414488540901,-1.07220611295909,0.341513292433538,0.606799784412175,0.497978830209387,2492,"tags=41%, list=27%, signal=30%","Kitl/Rac1/Phb1/Lsm14b/Grk2/Mmp14/Sod1/Bcas2/Eif2b2/Mfn2/Eif2b5/Arrb1/Angpt1/Kit/Ctnna1"
"GO:0021801","GO:0021801","cerebral cortex radial glia-guided migration",23,0.342291521185187,1.09316744794695,0.343873517786561,0.608308583253314,0.499217047330145,2000,"tags=35%, list=22%, signal=27%","Syne2/Zmiz1/Reln/Dab2ip/Ulk4/Dab1/Nr2e1/Dcx"
"GO:0022030","GO:0022030","telencephalon glial cell migration",23,0.342291521185187,1.09316744794695,0.343873517786561,0.608308583253314,0.499217047330145,2000,"tags=35%, list=22%, signal=27%","Syne2/Zmiz1/Reln/Dab2ip/Ulk4/Dab1/Nr2e1/Dcx"
"GO:0007020","GO:0007020","microtubule nucleation",28,-0.322004692171506,-1.08769068385619,0.343815513626834,0.608308583253314,0.499217047330145,1806,"tags=32%, list=20%, signal=26%","Tppp/Ckap5/Cep192/Mzt1/Haus2/Tubgcp2/Slain2/Tubgcp5/Tubgcp4"
"GO:0035088","GO:0035088","establishment or maintenance of apical/basal cell polarity",34,0.312897097819749,1.08641199955264,0.343195266272189,0.608308583253314,0.499217047330145,595,"tags=18%, list=7%, signal=17%","Pard3b/Myo9a/Pard3/Dlg2/Wnt11/Mtcl1"
"GO:0061245","GO:0061245","establishment or maintenance of bipolar cell polarity",34,0.312897097819749,1.08641199955264,0.343195266272189,0.608308583253314,0.499217047330145,595,"tags=18%, list=7%, signal=17%","Pard3b/Myo9a/Pard3/Dlg2/Wnt11/Mtcl1"
"GO:0046637","GO:0046637","regulation of alpha-beta T cell differentiation",24,0.337662623170783,1.07757742746469,0.343373493975904,0.608308583253314,0.499217047330145,1916,"tags=29%, list=21%, signal=23%","Rc3h1/Sh3rf1/Ep300/Ap3d1/Itpkb/Cbfb/Bcl6"
"GO:0006664","GO:0006664","glycolipid metabolic process",57,0.271453405777471,1.06453965722299,0.343137254901961,0.608308583253314,0.499217047330145,1751,"tags=28%, list=19%, signal=23%","B3galt1/Fut9/Galc/Pigs/St6galnac3/St3gal4/St3gal1/Ugt8a/St6galnac6/Abca2/Pigc/Itgb8/Map7/Hexa/B4galt6/Glb1"
"GO:0043487","GO:0043487","regulation of RNA stability",123,0.231383872303901,1.0498571251272,0.344322344322344,0.6087204305523,0.499555035644318,2491,"tags=39%, list=27%, signal=29%","Qki/Pum2/Rc3h1/Elavl1/Gigyf2/Pan3/Igf2bp3/Tnrc6c/Tnrc6b/Cnot2/Pcbp4/Rbm38/Tut4/Vip/Thrap3/Fto/Taf15/Rbm33/Nrde2/Tent4a/Ptbp1/Brf1/Cpeb3/Mtor/Rock1/Ddx49/Syncrip/Dhx36/Rbm24/Axin2/Fmr1/Celf1/Alkbh5/Dis3l2/Hnrnpu/Zc3h18/Tbrg4/Ythdf3/Tent5a/Tardbp/Hnrnpa0/Samd4/Hnrnpd/Nanos1/Tnrc6a/Dcp1b/Fastk/Ybx1"
"GO:0006605","GO:0006605","protein targeting",197,-0.212857371882986,-1.03537794951776,0.346808510638298,0.612731274594811,0.502846591567293,2436,"tags=31%, list=27%, signal=23%","Sec61a1/Vps53/Actr3/Sorl1/Dmtn/Vps13d/Ncoa4/Srp9/Hspa8/Bnip3l/Hras/Zdhhc1/Mtch1/Sort1/Gcc2/Ywhae/Dnlz/Dnajc19/Rabgef1/Inpp5k/Asb3/Bloc1s6/M6pr/Grpel2/Pmpca/Srp72/Timm8a1/Sec61b/Zdhhc15/Aqp11/Timm10/Cdk5r1/Zfand6/Lamp2/Pdcd5/Vps8/Ap4b1/Chchd4/Hgs/Mfn2/Micall1/Oga/Hspa4/Pex1/Zdhhc22/Sec61g/Get4/Chmp4b/Samm50/Arl6ip1/Ywhab/Ogt/Srp68/Tomm70a/Srp54c/Fbxo7/Tomm22/Pick1/Ywhaz/Gga3/Gdap1"
"GO:0140467","GO:0140467","integrated stress response signaling",23,0.34077078943832,1.08831072687779,0.347826086956522,0.612991815536885,0.503060408178453,2174,"tags=35%, list=24%, signal=27%","Akt3/Eif2ak1/Nck2/Atad3a/Eif2ak3/Ptpn1/Tmem33/Hspa5"
"GO:0042306","GO:0042306","regulation of protein import into nucleus",49,-0.274521552744811,-1.05971914615036,0.347474747474747,0.612991815536885,0.503060408178453,1292,"tags=22%, list=14%, signal=19%","Sumo1/Ipo5/Nf1/Nolc1/Akap1/Ran/Rbm22/Sirt6/Prkcd/Prkcq/Angpt1"
"GO:0021536","GO:0021536","diencephalon development",43,0.282305333344069,1.05573186531851,0.347826086956522,0.612991815536885,0.503060408178453,865,"tags=19%, list=10%, signal=17%","Kcnc1/Nkx2-1/Zeb2/Kcnc2/Bmpr1a/Ogdh/Six3/Ncoa1"
"GO:0120162","GO:0120162","positive regulation of cold-induced thermogenesis",51,-0.269488362067988,-1.05066927716683,0.347389558232932,0.612991815536885,0.503060408178453,1121,"tags=24%, list=12%, signal=21%","Mfn2/Decr1/G0s2/Sirt6/Prdm16/Acsl1/Acadl/Ogt/Epas1/Fabp5/Adipor1/Dio2"
"GO:0019080","GO:0019080","viral gene expression",49,-0.27325271203931,-1.05482111619392,0.349494949494949,0.61554797979798,0.505158160552897,2362,"tags=41%, list=26%, signal=30%","Eif3a/Oaz2/Oaz1/Rest/Tarbp2/Ccnt1/Inpp5k/Ssb/Atg5/Larp7/Eif3g/Pcbp2/Eif2ak4/Denr/Ubp1/Csde1/Gtf2b/Mcts1/Trim32/Smarcb1"
"GO:0044060","GO:0044060","regulation of endocrine process",22,-0.337799209284551,-1.08195662622612,0.350202429149798,0.616203938829637,0.505696482615036,1553,"tags=32%, list=17%, signal=26%","Agt/Kdm5b/Crhr2/Mfn2/Cry1/Tac1/Rab8b"
"GO:0001835","GO:0001835","blastocyst hatching",23,0.337843313973075,1.0789613253145,0.351778656126482,0.616203938829637,0.505696482615036,2483,"tags=48%, list=27%, signal=35%","Stmn3/Smim14/Rbbp8/Pemt/Arhgdig/Ctr9/Grn/Tbl1xr1/Bcor/Smarca4/Necab1"
"GO:0035188","GO:0035188","hatching",23,0.337843313973075,1.0789613253145,0.351778656126482,0.616203938829637,0.505696482615036,2483,"tags=48%, list=27%, signal=35%","Stmn3/Smim14/Rbbp8/Pemt/Arhgdig/Ctr9/Grn/Tbl1xr1/Bcor/Smarca4/Necab1"
"GO:0071684","GO:0071684","organism emergence from protective structure",23,0.337843313973075,1.0789613253145,0.351778656126482,0.616203938829637,0.505696482615036,2483,"tags=48%, list=27%, signal=35%","Stmn3/Smim14/Rbbp8/Pemt/Arhgdig/Ctr9/Grn/Tbl1xr1/Bcor/Smarca4/Necab1"
"GO:0044788","GO:0044788","modulation by host of viral process",27,-0.320045767540286,-1.07591027712399,0.351851851851852,0.616203938829637,0.505696482615036,2225,"tags=41%, list=25%, signal=31%","Phb1/Hspa8/Smc6/Ccnk/Fbxl2/Eif2ak4/Rab5a/Tmem41b/Fasn/Rab29/Eef1a1"
"GO:0097009","GO:0097009","energy homeostasis",50,0.276942592533652,1.0614380012165,0.351084812623274,0.616203938829637,0.505696482615036,2537,"tags=38%, list=28%, signal=28%","Cntnap2/Ppargc1a/Rasal2/Cntn2/Ampd2/Mfsd2a/Adrb1/Cebpa/Ppargc1b/Enpp1/C1qtnf4/Nr4a3/Lipa/Tbl1xr1/Appl2/Stk39/Pprc1/Nr1d2/Stat3"
"GO:0070374","GO:0070374","positive regulation of ERK1 and ERK2 cascade",101,0.241155478243694,1.05656105157157,0.351043643263757,0.616203938829637,0.505696482615036,2084,"tags=32%, list=23%, signal=25%","Bmper/Erbb4/Egfr/Igf1/Nrxn1/Sstr4/Rapgef2/Pde8a/Oprm1/Fshr/Ramp3/Prkca/Cxcl12/Rapgef1/Ddr2/Alkal2/Fgf18/Cd74/Garem1/Nptn/Pdgfd/Braf/Htr2c/Mfhas1/Gas6/Shc1/Fgf1/Jun/App/Dennd2b/Abl1/Alkal1"
"GO:0010821","GO:0010821","regulation of mitochondrion organization",70,-0.254099175654583,-1.05488568787167,0.352226720647773,0.616203938829637,0.505696482615036,1791,"tags=27%, list=20%, signal=22%","Mapt/Opa1/Gpx1/Bok/Ddhd1/Pdcd5/Mllt11/Fam162a/Mfn2/Akt1/Vat1/Myo19/Rala/Ghitm/Yme1l1/Tnfsf10/Bnip3/Higd1a/Vps35"
"GO:0042982","GO:0042982","amyloid precursor protein metabolic process",51,0.27492252193332,1.05392217297308,0.351190476190476,0.616203938829637,0.505696482615036,1933,"tags=27%, list=21%, signal=22%","Slc2a13/Lrrtm3/Epha4/Abcg1/Adam9/Igf1/Bace1/Abca2/Pawr/Tmcc2/Rock1/Flot2/Itm2b/App"
"GO:0043470","GO:0043470","regulation of carbohydrate catabolic process",46,0.278311070728263,1.05121645081277,0.351247600767754,0.616203938829637,0.505696482615036,2547,"tags=39%, list=28%, signal=28%","Arnt/Hdac4/Igf1/Ppargc1a/Esrrb/Ppara/Ep300/Phka1/Mtor/Mtch2/Ncor1/App/Git1/Phkb/Rptor/Slc25a12/Stat3/Zbtb20"
"GO:0098656","GO:0098656","monoatomic anion transmembrane transport",76,0.251534588182537,1.04555365427896,0.352272727272727,0.616203938829637,0.505696482615036,1148,"tags=17%, list=13%, signal=15%","Gabra1/Glra3/Ttyh3/Gabra5/Slc6a1/Slc5a6/Gabra2/Gabrg3/Ripk1/Best3/Slc12a1/Ano4/Gabra4"
"GO:1904752","GO:1904752","regulation of vascular associated smooth muscle cell migration",29,0.319225818785636,1.07482753306603,0.353053435114504,0.617186464114561,0.506502805894322,1254,"tags=31%, list=14%, signal=27%","Tafa5/Gna13/Prkg1/Igfbp5/Ddr2/Fat1/Map3k7/Fgf9/Dock5"
"GO:0021587","GO:0021587","cerebellum morphogenesis",38,0.297027844109361,1.07229756082981,0.354651162790698,0.619326178953029,0.508258793156701,598,"tags=16%, list=7%, signal=15%","Foxp2/Prox1/Rora/Cntnap2/Nrxn1/Faim2"
"GO:0060425","GO:0060425","lung morphogenesis",42,0.283854272973993,1.05699594567945,0.354716981132075,0.619326178953029,0.508258793156701,435,"tags=14%, list=5%, signal=14%","Foxp2/Hipk2/Nkx2-1/Sox11/Ext1/Igf1"
"GO:0010565","GO:0010565","regulation of ketone metabolic process",78,0.252630154106509,1.0572306599464,0.355086372360845,0.619587242918179,0.508473038994151,2040,"tags=29%, list=23%, signal=23%","Prox1/Prkg1/Ncor2/Ppargc1a/Ppara/Mfsd2a/Irs1/Rdh10/Dcaf5/Cd74/Tpk1/Kcnma1/Cnr1/Mtor/Bmp6/Dkk3/Scap/Eif2ak3/Ncor1/Malrd1/Sirt2/Srebf1/Appl2"
"GO:0046467","GO:0046467","membrane lipid biosynthetic process",84,0.24942088430039,1.05655825347813,0.355640535372849,0.620170191015277,0.508951443599628,1179,"tags=18%, list=13%, signal=16%","B3galt1/Fut9/Cers6/Pigs/St6galnac3/St3gal4/St3gal1/Pla2g6/Pemt/Smpd3/Ugt8a/Sptlc2/St6galnac6/Abca2/Pigc"
"GO:0070192","GO:0070192","chromosome organization involved in meiotic cell cycle",28,-0.317907222488941,-1.07384995510453,0.356394129979036,0.621099974199705,0.509714483327762,2605,"tags=39%, list=29%, signal=28%","Brip1/Ndc1/Ccne1/Terb1/Rec8/Mlh1/Tex11/Mlh3/Ube2b/Trip13/Spdya"
"GO:0006509","GO:0006509","membrane protein ectodomain proteolysis",30,-0.308729054435101,-1.06656153627056,0.357289527720739,0.621507338961138,0.510048792984057,773,"tags=17%, list=9%, signal=15%","Timp3/Sppl2a/Prkcq/Adra2a/Timp4"
"GO:1905954","GO:1905954","positive regulation of lipid localization",53,-0.267730484784526,-1.05459097185598,0.357285429141717,0.621507338961138,0.510048792984057,1621,"tags=25%, list=18%, signal=20%","Osbpl11/Abca3/Pon1/Mfn2/Dbi/Prkcd/Acsl1/Fitm2/Abca5/Tac1/Pla2r1/Scp2/Lrp1"
"GO:0010595","GO:0010595","positive regulation of endothelial cell migration",78,0.251798304513491,1.05374945677288,0.35700575815739,0.621507338961138,0.510048792984057,1439,"tags=21%, list=16%, signal=17%","Sash1/Smoc2/Prox1/Pik3c2a/Ets1/Bcas3/Igf1/Akt3/Prkd1/Prkca/Amotl1/Vegfc/Fgf18/Fgfr1/Grn/Itgb1bp1"
"GO:1901532","GO:1901532","regulation of hematopoietic progenitor cell differentiation",29,-0.312997771857587,-1.06960162162508,0.357740585774059,0.621908063362922,0.510377653135236,2498,"tags=66%, list=28%, signal=48%","Pcid2/Rara/Flcn/Nfe2l2/Fnip1/Notch1/Nudt21/Sos2/Ap2a2/Zbtb1/Kitl/Hspa9/Hmgb1/Flt1/Eif2ak2/Sos1/Pdcd2/Mettl3/Tmsb4x"
"GO:0045920","GO:0045920","negative regulation of exocytosis",21,0.345425865896705,1.08180250576726,0.357976653696498,0.621934778123756,0.510399576981768,307,"tags=14%, list=3%, signal=14%","Il1rapl1/Atp9a/Prkn"
"GO:0090114","GO:0090114","COPII-coated vesicle budding",28,-0.317333830950459,-1.07191311179208,0.358490566037736,0.622060600427549,0.510502834835951,1610,"tags=36%, list=18%, signal=29%","Trappc2l/Sec24a/Sar1b/Sec23a/Sec13/Sec31b/Pdcd6/Klhl12/Sec31a/Trappc3"
"GO:0009636","GO:0009636","response to toxic substance",113,-0.230435477092479,-1.03538847151243,0.358369098712446,0.622060600427549,0.510502834835951,1775,"tags=26%, list=20%, signal=21%","Eif2ak2/Prdx3/Prdx1/Gpx1/Oscp1/Cygb/Txnrd1/Abcc1/Kdm5b/Sod1/Sod2/Mgst3/Pon1/Blmh/Cat/Slc6a4/Rab29/Gstk1/Abtb2/Dhx15/Park7/Mt4/Comt/Fos/Cp/Rps6kb1/Sesn1/Scn3a/Ptgs1"
"GO:0009167","GO:0009167","purine ribonucleoside monophosphate metabolic process",26,0.328701126087921,1.07377776083434,0.359922178988327,0.623776568504985,0.511911068322234,1541,"tags=35%, list=17%, signal=29%","Adk/Adsl/Ampd2/Guk1/Nt5e/Nt5c1b/Pals2/Gart/Nt5c1a"
"GO:0045907","GO:0045907","positive regulation of vasoconstriction",26,0.328238554045804,1.072266662964,0.359922178988327,0.623776568504985,0.511911068322234,2042,"tags=35%, list=23%, signal=27%","Rbfox2/Egfr/Add3/Npy1r/Smad6/Chrm3/Htr2c/Shc1/Abl1"
"GO:0051954","GO:0051954","positive regulation of amine transport",33,0.310580565562721,1.06882077881877,0.36039603960396,0.624213914937898,0.512269982861515,1603,"tags=27%, list=18%, signal=23%","Rab3b/Syt1/Slc6a1/Grin2b/Cxcl12/Grik1/Slc38a1/Htr2c/Kcnb1"
"GO:0002833","GO:0002833","positive regulation of response to biotic stimulus",170,0.217792721638881,1.03342198225339,0.360747663551402,0.62443913752325,0.512454814963423,2133,"tags=29%, list=24%, signal=23%","Sash1/Trim25/Irf7/Mapkapk3/Pum2/Cadm1/Chuk/Rps6ka3/Smpdl3b/Rnf144a/Ptprs/Plscr1/Zc3hav1/Prkd1/Irf2/Prkca/Matr3/Znrf1/Peli1/Hexim1/Prkce/Lats1/Fbxo38/Ifi35/Map3k7/Cd74/Lgr4/Elp6/Ube2k/Rab11fip2/Oasl1/Dab2ip/Grn/Ifih1/Zdhhc18/Mfhas1/Tax1bp1/Bmp6/Ankrd17/Lsm14a/Wnt5a/Tyro3/Dhx33/App/Sirt2/Srebf1/Appl2/Polr3f/Rnf34/Klhl22"
"GO:0001658","GO:0001658","branching involved in ureteric bud morphogenesis",31,0.315681790619275,1.07658978756184,0.362035225048924,0.6255151834383,0.51333788727128,1268,"tags=23%, list=14%, signal=19%","Bcl2/Hs3st3b1/Gzf1/Hs3st3a1/Lgr4/Gpc3/Eya1"
"GO:1903509","GO:1903509","liposaccharide metabolic process",58,0.26839613846949,1.05475097699048,0.361660079051383,0.6255151834383,0.51333788727128,1849,"tags=29%, list=20%, signal=23%","B3galt1/Fut9/Galc/Pigs/St6galnac3/St3gal4/St3gal1/Ugt8a/St6galnac6/Abca2/Pigc/Itgb8/Map7/Hexa/B4galt6/Glb1/Aoah"
"GO:0043122","GO:0043122","regulation of canonical NF-kappaB signal transduction",113,0.233359438841938,1.0470839245462,0.361940298507463,0.6255151834383,0.51333788727128,2145,"tags=33%, list=24%, signal=25%","Akap13/Rora/Trim25/Prkn/Chuk/Zc3hav1/Prkd1/Ripk1/Tank/Ube2i/Peli1/Prkce/Uaca/Map3k7/Cd74/Nup62/Eda/Dnaja3/Dab2ip/Hdac1/Trim8/Nfat5/Mtdh/Ankrd17/Nfkbib/Flot2/Dhx36/Rnf31/Wnt5a/Ror1/Tnfrsf19/Otud7b/Btrc/Abl1/Irak4/Tab3/Tfrc"
"GO:0006110","GO:0006110","regulation of glycolytic process",36,0.30080002948047,1.06586359568552,0.363813229571984,0.626283250417747,0.513968212307269,788,"tags=19%, list=9%, signal=18%","Arnt/Hdac4/Igf1/Ppargc1a/Esrrb/Ppara/Ep300"
"GO:0030811","GO:0030811","regulation of nucleotide catabolic process",36,0.30080002948047,1.06586359568552,0.363813229571984,0.626283250417747,0.513968212307269,788,"tags=19%, list=9%, signal=18%","Arnt/Hdac4/Igf1/Ppargc1a/Esrrb/Ppara/Ep300"
"GO:0033121","GO:0033121","regulation of purine nucleotide catabolic process",36,0.30080002948047,1.06586359568552,0.363813229571984,0.626283250417747,0.513968212307269,788,"tags=19%, list=9%, signal=18%","Arnt/Hdac4/Igf1/Ppargc1a/Esrrb/Ppara/Ep300"
"GO:0098926","GO:0098926","postsynaptic signal transduction",39,0.291330464849888,1.06241766450872,0.362763915547025,0.626283250417747,0.513968212307269,1501,"tags=23%, list=17%, signal=19%","Chrm2/Large1/Oprm1/Plcb1/Itpr1/Chrm3/Sorbs2/Cabp1/Prr7"
"GO:1904018","GO:1904018","positive regulation of vasculature development",82,0.25064463173149,1.05455061521992,0.363106796116505,0.626283250417747,0.513968212307269,1493,"tags=24%, list=16%, signal=21%","Sash1/Bmper/Smoc2/Hipk2/Ets1/Wnk1/Akt3/Prkd1/Prkca/Cxcl12/Smad1/Vegfc/Fgf18/Tjp1/Itgb8/Cybb/Grn/Pxn/Pak4/Aqp1"
"GO:0045926","GO:0045926","negative regulation of growth",134,0.225752272987138,1.03700653100449,0.363805970149254,0.626283250417747,0.513968212307269,1916,"tags=24%, list=21%, signal=19%","Fgf13/Bcl2/Mt1/Sertad2/Epha7/Tgfb2/Wnt11/Bmpr2/Ptprs/Sema3f/Ppara/Ctdp1/Gsk3b/Rai1/Igfbp5/Adrb1/Spag9/Dnajc2/Cdkn1b/Gpc3/Ptk2/Vgll4/Dab2ip/Ip6k2/Enpp1/Ntn1/Tcf7l2/Map2/Ing5/Wnt5a/Gnas/Bcl6"
"GO:0060632","GO:0060632","regulation of microtubule-based movement",32,-0.297670683299943,-1.05242378445896,0.364197530864198,0.626562052487978,0.514197015171674,2587,"tags=41%, list=29%, signal=29%","Tacr3/Ccdc40/Rhot1/Stk11/Mkks/Cfap20/Mapt/Kif9/Spag6l/Bbs4/Ttc21b/Tac1/Cfap69"
"GO:0035710","GO:0035710","CD4-positive, alpha-beta T cell activation",37,0.297220300525134,1.06269355820715,0.364522417153996,0.626632648284256,0.514254950610927,2559,"tags=43%, list=28%, signal=31%","Rora/Rc3h1/Sh3rf1/Ep300/Cblb/Tox/Braf/Mtor/Kmt2a/Ncor1/Cbfb/Bcl6/Socs5/Cd81/Stat3/Brd2"
"GO:0048704","GO:0048704","embryonic skeletal system morphogenesis",39,0.29101111695051,1.06125307346742,0.36468330134357,0.626632648284256,0.514254950610927,418,"tags=15%, list=5%, signal=15%","Dscaml1/Chst11/Asxl2/Sox11/Tgfb2/Wnt9a"
"GO:1905168","GO:1905168","positive regulation of double-strand break repair via homologous recombination",29,0.317595706408069,1.069338974302,0.366412213740458,0.629219755222797,0.516378096531503,2795,"tags=45%, list=31%, signal=31%","Crebbp/Ep400/Meaf6/Vps72/Peli1/Arid2/Rnf8/Ercc6/Epc1/Epc2/Mbtd1/Actb/Hdgfl2"
"GO:0031146","GO:0031146","SCF-dependent proteasomal ubiquitin-dependent protein catabolic process",33,-0.294065431370651,-1.05227906571639,0.368209255533199,0.631920634648328,0.51859461145358,2233,"tags=33%, list=25%, signal=25%","Fbxo39/Fbxl13/Rbx1/Fbxl2/Fbxl14/Fbxl3/Cul5/Cul2/Fbxl18/Skp1/Ccnf"
"GO:0061053","GO:0061053","somite development",43,0.277306280537798,1.03703700298108,0.368620037807183,0.632240576105078,0.518857175937715,2259,"tags=30%, list=25%, signal=23%","Zeb2/Wnt11/Pcdh8/Bmpr1a/Lfng/Ep300/Rad51b/Wnt5a/Axin2/Palb2/Mthfd1/Rbbp6/Ttn"
"GO:0043516","GO:0043516","regulation of DNA damage response, signal transduction by p53 class mediator",21,-0.341393258812097,-1.06753568638362,0.368852459016393,0.632244620129216,0.518860494723353,1285,"tags=29%, list=14%, signal=25%","Eef1e1/Smyd2/Dyrk3/Zmpste24/Pla2r1/Ddx5"
"GO:0000272","GO:0000272","polysaccharide catabolic process",20,-0.346079629312452,-1.06219984745632,0.369519832985386,0.632244620129216,0.518860494723353,670,"tags=55%, list=7%, signal=51%","Ppp1ca/Ppp1r3c/Atg3/Pygb/Hmgb1/Wdr45b/Wipi1/Pgm1/Wipi2/Gabarapl1/Pgm2"
"GO:0005980","GO:0005980","glycogen catabolic process",20,-0.346079629312452,-1.06219984745632,0.369519832985386,0.632244620129216,0.518860494723353,670,"tags=55%, list=7%, signal=51%","Ppp1ca/Ppp1r3c/Atg3/Pygb/Hmgb1/Wdr45b/Wipi1/Pgm1/Wipi2/Gabarapl1/Pgm2"
"GO:0009251","GO:0009251","glucan catabolic process",20,-0.346079629312452,-1.06219984745632,0.369519832985386,0.632244620129216,0.518860494723353,670,"tags=55%, list=7%, signal=51%","Ppp1ca/Ppp1r3c/Atg3/Pygb/Hmgb1/Wdr45b/Wipi1/Pgm1/Wipi2/Gabarapl1/Pgm2"
"GO:0003407","GO:0003407","neural retina development",47,0.275579694781763,1.0468008919003,0.370656370656371,0.633804400794692,0.520140550799723,1877,"tags=30%, list=21%, signal=24%","Ptprm/Hipk2/Tgfb2/Sdk2/Large1/Thrb/Zhx2/Six3/Atp2b4/Megf11/Hes1/Atp8a2/Fat3/Calb1"
"GO:0071901","GO:0071901","negative regulation of protein serine/threonine kinase activity",53,-0.265119411504584,-1.04430594842991,0.37125748502994,0.634447297037217,0.520668152699102,1553,"tags=30%, list=17%, signal=25%","Cdk5rap1/Inpp5k/Agt/Rgs2/Chordc1/Macroh2a1/Nf1/Nolc1/Paqr3/Dusp19/Pdcd4/Spry1/Prkcd/Aida/Fbxo7/Gstp3"
"GO:0048332","GO:0048332","mesoderm morphogenesis",33,0.307583087103134,1.05850536434374,0.372277227722772,0.635804380438044,0.521781862396766,2142,"tags=39%, list=24%, signal=30%","Wnt11/Bmpr2/Bmpr1a/Exoc4/Smad1/Pofut2/Fgfr1/Eya1/Nr4a3/Acvr1/Wnt5a/Htt/Axin1"
"GO:0061005","GO:0061005","cell differentiation involved in kidney development",31,0.314760138259083,1.07344661760985,0.373776908023483,0.636437055474427,0.522301076118679,1382,"tags=23%, list=15%, signal=19%","Magi2/Ext1/Ptpro/Tshz3/Ampd2/Mtss1/Hes1"
"GO:1904738","GO:1904738","vascular associated smooth muscle cell migration",31,0.314216462554445,1.07159248560492,0.373776908023483,0.636437055474427,0.522301076118679,1852,"tags=39%, list=20%, signal=31%","Tafa5/Gna13/Prkg1/Igfbp5/Ddr2/Fat1/Map3k7/Fgf9/Dock5/Enpp1/Nr4a3/Ptpn1"
"GO:0050931","GO:0050931","pigment cell differentiation",23,0.332423246045615,1.06165139662142,0.373517786561265,0.636437055474427,0.522301076118679,1475,"tags=26%, list=16%, signal=22%","Bcl2/Zeb2/Mitf/Ap3d1/Edn3/Enpp1"
"GO:0010634","GO:0010634","positive regulation of epithelial cell migration",41,0.285445639047945,1.05661420821457,0.373333333333333,0.636437055474427,0.522301076118679,1575,"tags=29%, list=17%, signal=24%","Tgfb2/Adam9/Bmpr2/Irs1/Gab2/Prkce/Iqsec1/Ptk2/Dock5/Aqp1/Mtor/Map4k4"
"GO:0015844","GO:0015844","monoamine transport",64,-0.254613824548003,-1.04253403895042,0.37375745526839,0.636437055474427,0.522301076118679,1717,"tags=25%, list=19%, signal=20%","Grk2/Tor1a/Agt/Crhr2/Chrna4/Rab3a/Prkcb/Slc6a4/Stx1a/Npy2r/Slc18b1/Gpm6b/Pick1/Park7/Comt/Ptgs1"
"GO:0050433","GO:0050433","regulation of catecholamine secretion",36,-0.288807508147511,-1.04436243087608,0.375,0.638134057971015,0.523693745232647,2385,"tags=42%, list=26%, signal=31%","Chrna7/Grm2/Sdhd/Sncg/Ptger3/Myo5a/Grk2/Agt/Crhr2/Chrna4/Rab3a/Prkcb/Stx1a/Npy2r/Ptgs1"
"GO:0001952","GO:0001952","regulation of cell-matrix adhesion",71,0.253583066710225,1.03133778215077,0.375486381322957,0.638576115007902,0.524056525595742,2042,"tags=30%, list=23%, signal=23%","Bcl2/Epha3/Cask/Dmd/Dusp22/Gsk3b/Dlc1/Fmn1/Ptk2/Cdk6/Limch1/Vcl/Itgb1bp1/Rock1/Map4k4/Ldb1/Peak1/Ajap1/Bcl6/Rin2/Abl1"
"GO:0022408","GO:0022408","negative regulation of cell-cell adhesion",81,0.24726381871043,1.04156570035853,0.375722543352601,0.638592356554662,0.524069854450933,2053,"tags=30%, list=23%, signal=23%","Prkg1/Rc3h1/Ubash3b/Wnk1/Ripor2/Tnfrsf21/Ppara/Dusp22/Cxcl12/Peli1/Cblb/Cd74/Pawr/Ptk2/Swap70/Pag1/Glmn/Bmp6/Mad1l1/Zfp703/Cbfb/Bcl6/Abl1/Tnr"
"GO:0008630","GO:0008630","intrinsic apoptotic signaling pathway in response to DNA damage",59,0.267277275428431,1.04940589174346,0.376,0.63867872212176,0.524140731575775,1252,"tags=20%, list=14%, signal=18%","Bcl2/Hipk2/Fnip2/Plscr1/Uri1/Ep300/Cxcl12/Nacc2/Uaca/Atad5/Cd74/Tmem161a"
"GO:0006635","GO:0006635","fatty acid beta-oxidation",48,-0.271753391662857,-1.04667499537042,0.376543209876543,0.639216123754276,0.524581757830543,2615,"tags=42%, list=29%, signal=30%","Echs1/Acsbg2/Etfdh/Acox1/Hadh/Eci3/Hadha/Ppard/Slc25a17/Eci1/Decr1/Akt1/Irs2/Etfa/Dbi/Tysnd1/Acadl/Abcb11/Scp2/Crat"
"GO:0006611","GO:0006611","protein export from nucleus",42,-0.278694341078014,-1.03550963005242,0.379237288135593,0.643401973489525,0.528016934651857,2426,"tags=38%, list=27%, signal=28%","Hspa9/Ppm1a/Hdac3/Ywhae/Ptpn14/Strada/Stradb/Chchd4/Uhmk1/Prpf4b/Nup214/Ran/Rbm22/Sirt6/Park7/Ahcyl1"
"GO:0007009","GO:0007009","plasma membrane organization",87,-0.242190626321149,-1.03476048083597,0.379828326180258,0.64401698145365,0.528521649640906,2808,"tags=45%, list=31%, signal=31%","Baiap2/Ano5/Wasl/Pacsin3/Chmp2b/Arv1/Snx9/Arl8b/Pacsin2/Dysf/Hdac3/Psap/Iqgap1/Atg9a/Degs1l/Stx2/Plscr5/Chmp7/Cxcr4/A4galt/Gsn/Bin1/Sod1/Atp2a2/Rab3a/Osbpl2/Akt1/Micall1/Tmem41b/Ehd2/Vdac2/Chmp4b/Nherf1/Chmp2a/Chmp3/Vps4b/Bin3/Chmp1b2/Colec12"
"GO:0008347","GO:0008347","glial cell migration",51,0.271679499696539,1.04148996836957,0.380952380952381,0.644845555705407,0.529201630826185,2000,"tags=35%, list=22%, signal=28%","Epha4/Syne2/Tgfb2/Arhgef7/Zmiz1/Fubp1/Reln/Grin1/Idh2/Dab2ip/Ulk4/Enpp1/Ntn1/Ptprz1/Dab1/Matn2/Nr2e1/Dcx"
"GO:0072583","GO:0072583","clathrin-dependent endocytosis",34,-0.289765834761435,-1.03976799573575,0.381818181818182,0.644845555705407,0.529201630826185,2347,"tags=41%, list=26%, signal=31%","Hip1r/Sgip1/Scyl2/Snap91/Sh3gl3/Gpr107/Dnajc6/Ap2m1/Ap2b1/Ston2/Dnm1/Ccdc32/Lmbrd1/Cltc"
"GO:0014033","GO:0014033","neural crest cell differentiation",52,0.269605381480135,1.03968627822231,0.380582524271845,0.644845555705407,0.529201630826185,1552,"tags=23%, list=17%, signal=19%","Erbb4/Sema4g/Zeb2/Ext1/Bmpr1a/Cdh2/Sema3f/Rdh10/Edn3/Tcof1/Hes1/Ankrd11"
"GO:2001244","GO:2001244","positive regulation of intrinsic apoptotic signaling pathway",34,-0.289661057265864,-1.03939202219609,0.381818181818182,0.644845555705407,0.529201630826185,1809,"tags=35%, list=20%, signal=28%","Bclaf1/Serinc3/Ubb/Gsdme/Bok/Plagl2/Sod1/Plekhf1/Sfpq/Nherf1/Park7/Rpl26"
"GO:0050873","GO:0050873","brown fat cell differentiation",34,-0.289166761489308,-1.0376183385273,0.381818181818182,0.644845555705407,0.529201630826185,983,"tags=35%, list=11%, signal=32%","Dhrs7b/Mapk14/Rarres2/Arl4a/Mecom/Rgs2/Itga6/Prdm16/Bnip3/Nudt7/Aldh6a1/Dio2"
"GO:0050731","GO:0050731","positive regulation of peptidyl-tyrosine phosphorylation",67,0.255805112582727,1.03232569377201,0.38160469667319,0.644845555705407,0.529201630826185,2042,"tags=30%, list=23%, signal=23%","Erbb4/Epha4/Pecam1/Parp14/Igf1/Fyn/Abi2/Reln/Cd74/Hes1/Mtor/Adnp/Ptprz1/Bmp6/Hsf1/Acvr1/Ptpn1/Yes1/Agrn/Abl1"
"GO:0070661","GO:0070661","leukocyte proliferation",125,0.226328300712422,1.02947712262575,0.381918819188192,0.644845555705407,0.529201630826185,2180,"tags=31%, list=24%, signal=24%","Bcl2/Adk/Sox11/Tcf3/Rc3h1/Ppp3ca/Igf1/Fyn/Ephb6/Sh3rf1/Ripor2/Tnfrsf21/Gsk3b/Cxcl12/Plcl2/Nck2/Peli1/Igfbp2/Cblb/Atad5/Cd74/Pawr/Ptk2/Dnaja3/Hes1/Mapk8ip1/Glmn/Zfp335/Mad1l1/Slc7a1/Vav3/Lipa/Bcl6/Nmbr/Alkbh5/Abl1/Efnb1/Tfrc/Cd276"
"GO:0060415","GO:0060415","muscle tissue morphogenesis",34,0.302269700227033,1.04951254491022,0.382642998027613,0.645681418228631,0.529887593234584,726,"tags=18%, list=8%, signal=16%","Prox1/Tgfb2/Bmpr1a/Fzd1/Ryr2/Hey2"
"GO:0048675","GO:0048675","axon extension",89,0.242732495574199,1.04229016052269,0.383612662942272,0.646930271796123,0.530912482587906,826,"tags=16%, list=9%, signal=14%","Cdh4/Auts2/Raph1/Alcam/Dclk1/Plxna4/Bmpr2/Ptprs/Sema3f/Ep300/Gsk3b/Cxcl12/Ntrk3/Dbn1"
"GO:0006820","GO:0006820","monoatomic anion transport",87,0.243000649586624,1.03826824400644,0.384328358208955,0.647749589373706,0.531584867152528,1148,"tags=17%, list=13%, signal=15%","Kcne2/Gabra1/Glra3/Ttyh3/Gabra5/Slc6a1/Slc5a6/Gabra2/Tg/Gabrg3/Ripk1/Best3/Slc12a1/Ano4/Gabra4"
"GO:0045912","GO:0045912","negative regulation of carbohydrate metabolic process",36,0.296542586430616,1.05077764783711,0.385214007782101,0.648288632027831,0.532027240134901,821,"tags=22%, list=9%, signal=20%","Prkg1/Prkn/Hdac4/Ppargc1a/Ppara/Ep300/Gsk3b/Smpd3"
"GO:0071260","GO:0071260","cellular response to mechanical stimulus",35,0.298881285447873,1.04969208307646,0.385214007782101,0.648288632027831,0.532027240134901,1661,"tags=26%, list=18%, signal=21%","Egfr/Wnt11/Ripor2/Gsk3b/Map2k4/Aqp1/Atp1a1/Mkx/Bmp6"
"GO:0050851","GO:0050851","antigen receptor-mediated signaling pathway",75,0.247658075787965,1.03159133422892,0.385338345864662,0.648288632027831,0.532027240134901,2042,"tags=31%, list=23%, signal=24%","Bcl2/Rc3h1/Fyn/Eif2b3/Wnk1/Tnfrsf21/Cd247/Dusp22/Plcl2/Cblb/Pawr/Grb2/Pde4b/Phpt1/Braf/Dennd1b/Rnf31/Vav3/Lipa/Elf1/Khdrbs1/Btrc/Abl1"
"GO:1901021","GO:1901021","positive regulation of calcium ion transmembrane transporter activity",22,0.335438164379723,1.0552131256951,0.385826771653543,0.648723056395993,0.532383756640394,1456,"tags=23%, list=16%, signal=19%","Fgf14/Stac/Stimate/Ank2/Asph"
"GO:0006900","GO:0006900","vesicle budding from membrane",61,-0.252624620490519,-1.02089410337078,0.386965376782077,0.65024951208819,0.533636464105843,2554,"tags=43%, list=28%, signal=31%","Fnbp1l/Trappc2l/Anxa2/Sec24a/Wasl/Arfgap2/Sar1b/Sec23a/Fsip1/Rilp/Snap91/Prkci/Sec13/Chmp7/Sec31b/Pdcd6/Ap2m1/Dnm1/Snx3/Chmp4b/Klhl12/Trappc6b/Sec31a/Arf1/Ap3m2/Trappc3"
"GO:0050920","GO:0050920","regulation of chemotaxis",97,0.237426013498507,1.03572456039423,0.388170055452865,0.651496853047155,0.534660112115573,1333,"tags=22%, list=15%, signal=19%","Robo1/Smoc2/Robo2/Plxna4/Bmpr2/Wnk1/Sema3f/Ripor2/Prkd1/Prkca/Cxcl12/Ntrk3/Mtus1/Vegfc/Camk1d/Edn3/Fgf18/Cd74/Fgfr1/Ptk2/Pdgfd"
"GO:0015850","GO:0015850","organic hydroxy compound transport",148,-0.219189894257983,-1.02829969443473,0.388059701492537,0.651496853047155,0.534660112115573,2596,"tags=33%, list=29%, signal=24%","Arv1/Nos1/Xbp1/Eepd1/Arl8b/Vps53/Sdhd/Stard3/Sncg/Washc1/Ptger3/Tmf1/Serac1/Myo5a/Stard5/Nus1/Flvcr1/Grk2/Tor1a/Aqp11/Agt/Abca3/Kdm5b/Crhr2/Abcc4/Chrna4/Pon1/Rab3a/Osbpl2/Mfn2/Prkcb/Soat1/Slc6a4/Tmem97/Stx1a/Vps4b/Npy2r/Slc18b1/Abca5/Abcb11/Tpcn2/Gpm6b/Npc1/Park7/Tac1/Comt/Scp2/Ptgs1/Lrp1"
"GO:0007131","GO:0007131","reciprocal meiotic recombination",25,-0.318749177886811,-1.05093166273484,0.390243902439024,0.652258195179817,0.53528491831088,2971,"tags=48%, list=33%, signal=32%","Fancd2/Eme1/Fancm/Hfm1/Brip1/Terb1/Rad51ap1/Mlh1/Slx4/Tex11/Ube2b/Trip13"
"GO:0140527","GO:0140527","reciprocal homologous recombination",25,-0.318749177886811,-1.05093166273484,0.390243902439024,0.652258195179817,0.53528491831088,2971,"tags=48%, list=33%, signal=32%","Fancd2/Eme1/Fancm/Hfm1/Brip1/Terb1/Rad51ap1/Mlh1/Slx4/Tex11/Ube2b/Trip13"
"GO:0046033","GO:0046033","AMP metabolic process",20,0.336636363192262,1.04592046265398,0.390057361376673,0.652258195179817,0.53528491831088,1541,"tags=35%, list=17%, signal=29%","Adk/Adsl/Ampd2/Nt5e/Nt5c1b/Gart/Nt5c1a"
"GO:0048644","GO:0048644","muscle organ morphogenesis",37,0.291158105026544,1.04101853771373,0.389863547758285,0.652258195179817,0.53528491831088,2259,"tags=35%, list=25%, signal=26%","Prox1/Tgfb2/Bmpr1a/Fzd1/Ryr2/Hey2/Chd7/Arid5b/Ly6e/Heg1/Lrp2/Egln1/Ttn"
"GO:0007127","GO:0007127","meiosis I",50,-0.265979232552646,-1.03091213588222,0.38989898989899,0.652258195179817,0.53528491831088,2971,"tags=46%, list=33%, signal=31%","Fancd2/Ing2/Eme1/Fancm/Hfm1/Brip1/Ndc1/Ccne1/Ubb/Terb1/M1ap/Rad51ap1/Rec8/Mlh1/Hspa2/Slx4/BC005624/Tex11/Mlh3/Ube2b/Brca2/Trip13/Spdya"
"GO:0002292","GO:0002292","T cell differentiation involved in immune response",24,0.322996059131596,1.03077225193568,0.389558232931727,0.652258195179817,0.53528491831088,2585,"tags=46%, list=29%, signal=33%","Rora/Rc3h1/Ep300/Mtor/Kmt2a/Bcl6/Tsc1/Socs5/Stat3/Brd2/Fcer1g"
"GO:0015748","GO:0015748","organophosphate ester transport",99,-0.231049892667527,-1.01404058048303,0.38936170212766,0.652258195179817,0.53528491831088,1977,"tags=29%, list=22%, signal=23%","Tnfaip8l3/Cptp/Pitpnm3/Atp11b/Lrrc8c/Prelid3b/Plscr5/Abcc1/Abca3/Slc25a17/Abcc4/Prelid3a/Atp8b2/Abcc5/Pitpnm2/Etnppl/Osbpl2/Slc37a4/Pitpnb/Lrrc8b/Dbi/Tmem41b/Vdac2/Slc35b2/Slc35b3/Calhm2/Scp2/Slc25a36/Esyt1"
"GO:0090181","GO:0090181","regulation of cholesterol metabolic process",29,0.314154676016758,1.05775308748129,0.391221374045802,0.653504346212845,0.53630758979105,2029,"tags=45%, list=22%, signal=35%","Lmf1/Qki/Abcg1/Thrb/Srebf2/Gnai1/Npy1r/Lpcat3/Scap/Chlsn/Fdps/Fgf1/Srebf1"
"GO:1905039","GO:1905039","carboxylic acid transmembrane transport",83,-0.241909145204847,-1.03057829553783,0.391666666666667,0.653860584518167,0.536599941797622,1553,"tags=24%, list=17%, signal=20%","Lrrc8c/Agt/Arg2/Rgs2/Abcc1/Slc36a1/Slc17a6/Abcc5/Akt1/Irs2/Slc1a2/Lrrc8b/Cln8/Prkcd/Arl6ip1/Slc25a22/Acsl1/Slc25a13/Mpc1/Mpc2"
"GO:1901879","GO:1901879","regulation of protein depolymerization",65,0.257575161698417,1.03521699906226,0.392927308447937,0.655576764479744,0.538008349169622,1928,"tags=28%, list=21%, signal=22%","Fgf13/Svil/Nav3/Taok1/Add3/Carmil1/Atxn7/Ttbk2/Ccdc88c/Cracd/Eml4/Swap70/Asph/Spast/Map1a/Map2/Katnb1/Hdgfl3"
"GO:1902107","GO:1902107","positive regulation of leukocyte differentiation",94,0.238262180082117,1.03606214174608,0.394052044609665,0.656675731348337,0.538910231882371,2573,"tags=40%, list=28%, signal=29%","Asxl2/Arid1a/Ppp3ca/Zmiz1/Foxo3/Sox4/Ripk1/Sox12/Ep300/Ap3d1/Prkca/Gsk3b/Ambra1/Pbrm1/Arid2/Itpkb/Cd74/Ppargc1b/Tox/Gas6/Eeig1/Hsf1/Cbfb/Gnas/Jun/Bcl6/Rptor/Egr3/Il1rl2/Socs5/Pla2g3/Smarca4/Notch2/Smarcd3/Smarcd2/Xrcc6/Brd2/Ninj1"
"GO:1903708","GO:1903708","positive regulation of hemopoiesis",94,0.238262180082117,1.03606214174608,0.394052044609665,0.656675731348337,0.538910231882371,2573,"tags=40%, list=28%, signal=29%","Asxl2/Arid1a/Ppp3ca/Zmiz1/Foxo3/Sox4/Ripk1/Sox12/Ep300/Ap3d1/Prkca/Gsk3b/Ambra1/Pbrm1/Arid2/Itpkb/Cd74/Ppargc1b/Tox/Gas6/Eeig1/Hsf1/Cbfb/Gnas/Jun/Bcl6/Rptor/Egr3/Il1rl2/Socs5/Pla2g3/Smarca4/Notch2/Smarcd3/Smarcd2/Xrcc6/Brd2/Ninj1"
"GO:0009451","GO:0009451","RNA modification",111,-0.229184756773549,-1.02930102862472,0.394793926247288,0.657523217591524,0.539605733461051,2005,"tags=24%, list=22%, signal=19%","Mrm2/Mtfmt/Cdk5rap1/Rpusd1/Mettl6/Dus2/Larp7/Mettl5/Trmt9b/Adat2/Alkbh8/Akt1/Tprkb/Zcchc4/Thg1l/Mettl3/Nsun2/Virma/Dus1l/Lcmt2/Dnajb11/Trmu/Nat10/Trmt44/Rnmt/Bud23/Trmt13"
"GO:0070316","GO:0070316","regulation of G0 to G1 transition",24,-0.321316896625155,-1.04745207494465,0.396825396825397,0.660516224603643,0.542061987021107,1218,"tags=25%, list=13%, signal=22%","Rrm1/Rrm2b/Ccn2/Smarcb1/Smarcd1/Smarcc2"
"GO:0120193","GO:0120193","tight junction organization",30,0.310972916013162,1.05060077119278,0.398058252427184,0.661396318006961,0.542784248127187,1167,"tags=23%, list=13%, signal=20%","Pard3/Pecam1/Ext1/Wnt11/Afdn/Tbcd/Tjp1"
"GO:0009395","GO:0009395","phospholipid catabolic process",33,0.303943321704407,1.04597960671581,0.398019801980198,0.661396318006961,0.542784248127187,1488,"tags=27%, list=16%, signal=23%","Plpp6/Plbd2/Smpdl3b/Pla2g6/Plcb1/Smpd3/Pla2g4d/Pla2g4e/Smpd4"
"GO:0099590","GO:0099590","neurotransmitter receptor internalization",44,-0.274625411349674,-1.03248348089419,0.397916666666667,0.661396318006961,0.542784248127187,1359,"tags=23%, list=15%, signal=19%","Synj1/Ap2m1/Ap2b1/Rala/Ppp3r1/Eps15/Ophn1/Pick1/Pip5k1c/Lrp1"
"GO:0043588","GO:0043588","skin development",136,0.221850211436357,1.0226104441207,0.398523985239852,0.661779958989926,0.543099088528955,1895,"tags=26%, list=21%, signal=21%","Bcl2/Bcl11b/Pkd1/Ncor2/St14/Egfr/Lgr5/Ext1/Tgfb2/Pum2/Palld/Ppp3ca/Ezh2/Krt90/Kazn/Trps1/Mafb/Igfbp5/Dact2/Lats1/Abcb6/Ubn1/Lgr4/Eda/Enpp1/Hdac1/Rock1/Pphln1/Atp8a2/Tcf7l2/Ldb1/Wnt5a/Ncor1/Sufu/Gnas"
"GO:1901976","GO:1901976","regulation of cell cycle checkpoint",27,-0.308691587202884,-1.03774048844903,0.39917695473251,0.662163333652719,0.543413710371306,890,"tags=22%, list=10%, signal=20%","Prpf4b/Dync1li1/Usp44/Chek2/Cry1/Brca2"
"GO:0060021","GO:0060021","roof of mouth development",56,0.263656366012471,1.03367177276863,0.39922480620155,0.662163333652719,0.543413710371306,1623,"tags=29%, list=18%, signal=24%","Sox11/Tgfb2/Wnt11/Acvr2b/Bmpr1a/Ski/Fzd1/Dlx5/Dhrs3/B3glct/Itgb8/Chd7/Asph/Ankrd11/Tshz1/Arid5b"
"GO:0070371","GO:0070371","ERK1 and ERK2 cascade",170,0.213960892915933,1.01524003381762,0.4,0.663058823529412,0.544148606811146,1515,"tags=22%, list=17%, signal=18%","Bmper/Erbb4/Spred2/Epha7/Ptprr/Epha4/Egfr/Cckbr/Cntnap2/Igf1/Nrxn1/Sstr4/Rapgef2/Pde8a/Oprm1/Dmd/Fshr/Ramp3/Prkca/Cxcl12/Rapgef1/Ddr2/Dusp4/Alkal2/Nek10/Wnk2/Fgf18/Cd74/Garem1/Nptn/Pdgfd/Spred1/Dab2ip/Itgb1bp1/Braf/Htr2c/Mfhas1"
"GO:0071496","GO:0071496","cellular response to external stimulus",36,0.293129163204054,1.03868242444187,0.400778210116732,0.66356815282547,0.544566595105733,1661,"tags=25%, list=18%, signal=21%","Egfr/Wnt11/Ripor2/Gsk3b/Map2k4/Aqp1/Atp1a1/Mkx/Bmp6"
"GO:0060711","GO:0060711","labyrinthine layer development",26,0.317370376863145,1.03676326479059,0.400778210116732,0.66356815282547,0.544566595105733,2209,"tags=38%, list=24%, signal=29%","St14/Hs6st1/Hey2/Ncoa1/Ggnbp2/Grb2/Hes1/Birc6/Gab1/Egln1"
"GO:0006520","GO:0006520","amino acid metabolic process",166,-0.215456853354676,-1.02694704424909,0.402105263157895,0.665374416664091,0.546048931086253,2023,"tags=25%, list=22%, signal=20%","Gclc/Adss2/Mpst/Tdo2/Bloc1s6/Prdx4/Ddah1/Mtr/Nit2/Psph/Arg2/Txnrd1/P4ha1/Aarsd1/Farsb/Pm20d1/Blmh/Lars2/Lars1/Acadsb/Etfa/Aasdhppt/Gars1/Dld/Azin1/Got2/Oat/Aars2/Mmut/Glul/Odc1/Rars1/Apip/Dlst/Kars1/Dbt/Park7/Comt/P4hb/Hibch/Ppat/Aldh6a1"
"GO:0045540","GO:0045540","regulation of cholesterol biosynthetic process",23,0.325350645793582,1.0390638188132,0.403162055335968,0.666340570050885,0.546841818535652,2029,"tags=48%, list=22%, signal=37%","Qki/Abcg1/Srebf2/Gnai1/Npy1r/Lpcat3/Scap/Chlsn/Fdps/Fgf1/Srebf1"
"GO:0106118","GO:0106118","regulation of sterol biosynthetic process",23,0.325350645793582,1.0390638188132,0.403162055335968,0.666340570050885,0.546841818535652,2029,"tags=48%, list=22%, signal=37%","Qki/Abcg1/Srebf2/Gnai1/Npy1r/Lpcat3/Scap/Chlsn/Fdps/Fgf1/Srebf1"
"GO:0016054","GO:0016054","organic acid catabolic process",138,-0.221992839810729,-1.03102461044331,0.403846153846154,0.666689198323645,0.547127925261308,2478,"tags=37%, list=27%, signal=27%","Echs1/Nos1/Acsbg2/Npl/Asrgl1/Etfdh/Acox1/Aldh5a1/Phyh/Oaz1/Got1/Gcsh/Hadh/Cyp39a1/Mccc1/Eci3/Acad9/Tdo2/Hadha/Ddah1/Ppard/Arg2/Slc25a17/Eci1/Pon1/Ldha/Decr2/Blmh/Lpin2/Acadsb/Decr1/Akt1/Irs2/Etfa/Dbi/Aasdhppt/Dld/Tysnd1/Acadl/Got2/Oat/Abcb11/Gnpda2/Dlst/Dbt/Nudt7/Hibch/Scp2/Ppat/Aldh6a1/Crat"
"GO:0046395","GO:0046395","carboxylic acid catabolic process",138,-0.221992839810729,-1.03102461044331,0.403846153846154,0.666689198323645,0.547127925261308,2478,"tags=37%, list=27%, signal=27%","Echs1/Nos1/Acsbg2/Npl/Asrgl1/Etfdh/Acox1/Aldh5a1/Phyh/Oaz1/Got1/Gcsh/Hadh/Cyp39a1/Mccc1/Eci3/Acad9/Tdo2/Hadha/Ddah1/Ppard/Arg2/Slc25a17/Eci1/Pon1/Ldha/Decr2/Blmh/Lpin2/Acadsb/Decr1/Akt1/Irs2/Etfa/Dbi/Aasdhppt/Dld/Tysnd1/Acadl/Got2/Oat/Abcb11/Gnpda2/Dlst/Dbt/Nudt7/Hibch/Scp2/Ppat/Aldh6a1/Crat"
"GO:0042476","GO:0042476","odontogenesis",60,0.263555615094961,1.03929297138448,0.404339250493097,0.666722064300495,0.547154897190313,2112,"tags=37%, list=23%, signal=28%","Bcl11b/Ank/Acvr2b/Chuk/Nectin1/Bmpr1a/Ppara/Smpd3/Tmt1a2/Acvr2a/Fam20c/Fgfr1/Eda/Enpp1/Aqp1/Hdac1/Ankrd11/Tcf7l2/Atf2/Axin2/Tnc/Bcor"
"GO:0045807","GO:0045807","positive regulation of endocytosis",101,-0.228922072420387,-1.01246842639093,0.404210526315789,0.666722064300495,0.547154897190313,1377,"tags=22%, list=15%, signal=19%","Bin1/Synj1/Sod1/Eef2k/Cbl/Ap2m1/Nsf/Sh3gl1/Ap2b1/Insr/Dnm1/Cyba/Arrb1/Arf1/Pick1/Angpt1/Ppt1/Ankfy1/Rab21/Actn4/Ahi1/Lrp1"
"GO:0030330","GO:0030330","DNA damage response, signal transduction by p53 class mediator",32,-0.292265632707046,-1.03331406314846,0.405349794238683,0.667997497172286,0.548201599225846,1285,"tags=25%, list=14%, signal=22%","Eef1e1/Smyd2/Mdm4/Dyrk3/Ndufs6/Zmpste24/Pla2r1/Ddx5"
"GO:0032965","GO:0032965","regulation of collagen biosynthetic process",22,-0.32508116138031,-1.04122125496282,0.406882591093117,0.669740152862386,0.549631734279131,2268,"tags=36%, list=25%, signal=27%","Got1/Suco/Larp6/Ppard/Cygb/Errfi1/Ccn2/Vim"
"GO:0001837","GO:0001837","epithelial to mesenchymal transition",98,0.235667306435323,1.02844733585348,0.406779661016949,0.669740152862386,0.549631734279131,1914,"tags=26%, list=21%, signal=20%","Epha3/Spred2/Ddx17/Nkx2-1/Epha4/Qki/Tgfb2/Wnt11/Ezh2/Hey2/Gsk3b/Pofut2/Fgfr1/Pawr/Tcof1/Ptk2/Spred1/Dab2ip/Mtor/Rock1/Tcf7l2/Acvr1/Wnt5a/Zfp703/Axin2"
"GO:0042059","GO:0042059","negative regulation of epidermal growth factor receptor signaling pathway",20,0.3294325055631,1.02353826355661,0.407265774378585,0.669979540104409,0.549828190806988,2373,"tags=35%, list=26%, signal=26%","Egfr/Cblb/Nup62/Dab2ip/Zfyve28/Ptprf/Socs5"
"GO:0044546","GO:0044546","NLRP3 inflammasome complex assembly",23,-0.326441296870265,-1.0519441864872,0.409274193548387,0.670153792806133,0.549971193752596,2220,"tags=52%, list=24%, signal=39%","Csnk1a1/Stmp1/Hspa8/Zdhhc1/Cptp/Brcc3dc/Eif2ak2/Fbxl2/Mapk8/Lamp2/Ppp2ca/Ddx3x"
"GO:0140632","GO:0140632","canonical inflammasome complex assembly",23,-0.326441296870265,-1.0519441864872,0.409274193548387,0.670153792806133,0.549971193752596,2220,"tags=52%, list=24%, signal=39%","Csnk1a1/Stmp1/Hspa8/Zdhhc1/Cptp/Brcc3dc/Eif2ak2/Fbxl2/Mapk8/Lamp2/Ppp2ca/Ddx3x"
"GO:1900225","GO:1900225","regulation of NLRP3 inflammasome complex assembly",23,-0.326441296870265,-1.0519441864872,0.409274193548387,0.670153792806133,0.549971193752596,2220,"tags=52%, list=24%, signal=39%","Csnk1a1/Stmp1/Hspa8/Zdhhc1/Cptp/Brcc3dc/Eif2ak2/Fbxl2/Mapk8/Lamp2/Ppp2ca/Ddx3x"
"GO:0048538","GO:0048538","thymus development",34,0.297291132084102,1.03222642685812,0.408284023668639,0.670153792806133,0.549971193752596,1769,"tags=26%, list=20%, signal=21%","Bcl2/Bcl11b/Mafb/Nfatc3/Hes1/Ccnb2/Braf/Mad1l1/Raf1"
"GO:0090303","GO:0090303","positive regulation of wound healing",26,0.31547805294429,1.03058155387118,0.408560311284047,0.670153792806133,0.549971193752596,1507,"tags=27%, list=17%, signal=23%","Ccn4/Smoc2/St3gal4/Ddr2/Prkce/Ptk2/Mtor"
"GO:0070830","GO:0070830","bicellular tight junction assembly",23,0.321830070119519,1.02782024867862,0.409090909090909,0.670153792806133,0.549971193752596,1167,"tags=26%, list=13%, signal=23%","Pard3/Pecam1/Wnt11/Afdn/Tbcd/Tjp1"
"GO:1902745","GO:1902745","positive regulation of lamellipodium organization",23,0.321362498008754,1.02632697589965,0.409090909090909,0.670153792806133,0.549971193752596,1507,"tags=26%, list=17%, signal=22%","Auts2/Hdac4/Abi2/Carmil1/Aqp1/Mtor"
"GO:0017148","GO:0017148","negative regulation of translation",87,-0.239100850500078,-1.02155940050164,0.407725321888412,0.670153792806133,0.549971193752596,935,"tags=14%, list=10%, signal=12%","Ago2/Pcif1/Cyfip1/Eif2a/Ddx3x/Otud6b/Ago1/Eif4a3/Cnot10/Fxr1/Cirbp/Tob1"
"GO:0006821","GO:0006821","chloride transport",62,0.257050424588893,1.02390510001495,0.409708737864078,0.670475739431458,0.550235403806699,1148,"tags=18%, list=13%, signal=16%","Gabra1/Glra3/Ttyh3/Gabra5/Slc6a1/Gabra2/Gabrg3/Best3/Slc12a1/Ano4/Gabra4"
"GO:0045023","GO:0045023","G0 to G1 transition",25,-0.313932459368904,-1.0350507056936,0.410569105691057,0.671169528532813,0.550804771650887,1854,"tags=32%, list=20%, signal=26%","Phf10/Ccnc/Rrm1/Rrm2b/Ccn2/Smarcb1/Smarcd1/Smarcc2"
"GO:0034341","GO:0034341","response to type II interferon",54,0.26399272583602,1.02504147592068,0.410609037328094,0.671169528532813,0.550804771650887,2026,"tags=31%, list=22%, signal=25%","Atl2/Parp14/Stx8/Myo18a/Rab11fip5/Irf8/Cd74/Dnaja3/Rab12/Stxbp4/Syncrip/Epsti1/Vps26b/Wnt5a/Kif5b/Vamp4/Kif16b"
"GO:0052548","GO:0052548","regulation of endopeptidase activity",22,-0.322301421358238,-1.03231786486183,0.410931174089069,0.671306694830722,0.550917339114376,2168,"tags=36%, list=24%, signal=28%","Nrdc/Reck/Psma3/Gapdh/Bin1/Akt1/Timp3/Serpind1"
"GO:0000079","GO:0000079","regulation of cyclin-dependent protein serine/threonine kinase activity",24,0.317342928287925,1.01273150423776,0.411646586345382,0.671696630180246,0.551237345077136,1830,"tags=33%, list=20%, signal=27%","Prox1/Egfr/Lats1/Ccny/Cdkn1b/Nr2f2/Cdk5rap3/Ccnd2"
"GO:0043114","GO:0043114","regulation of vascular permeability",24,0.317119706925595,1.0120191414091,0.411646586345382,0.671696630180246,0.551237345077136,417,"tags=12%, list=5%, signal=12%","Pde3a/Zeb2/Ptp4a3"
"GO:0021782","GO:0021782","glial cell development",87,0.23924034859529,1.02220161573261,0.412313432835821,0.67223131159236,0.551676138944535,2005,"tags=34%, list=22%, signal=27%","Pard3/Tenm4/Mobp/Sox11/Zeb2/Egfr/Cntnap2/Eif2b3/Ski/Sox4/Dmd/Cntn2/Ntrk3/Aspa/Abca2/Grb2/Adgrg6/Grn/Ulk4/Enpp1/Phgdh/Adam22/Ano1/Tcf7l2/B4galt6/Raf1/Arhgef10/App/Ror1/Sirt2"
"GO:0005976","GO:0005976","polysaccharide metabolic process",71,0.248862185738063,1.01213767161188,0.412451361867704,0.67223131159236,0.551676138944535,986,"tags=20%, list=11%, signal=18%","Fut9/Ndst3/Ndst4/Gbe1/Ext1/Igf1/Esrrb/Epm2a/Csgalnact1/Gsk3b/Smpd3/Rb1cc1/Irs1/Adrb1"
"GO:1990823","GO:1990823","response to leukemia inhibitory factor",88,-0.236689176565283,-1.01638002425611,0.413135593220339,0.672957284216714,0.552271918652318,1781,"tags=25%, list=20%, signal=20%","Parp16/Nfyb/Mynn/Gnpnat1/Polr1f/Nup35/Kdm5b/Nrp2/Chchd4/Eef1e1/Sstr1/B3gnt2/Ubtf/Cacybp/Nr5a2/Hells/Mpc1/Smarca5/Rnmt/Rps16/Mrpl15/Mcf2"
"GO:0032623","GO:0032623","interleukin-2 production",27,0.312124022929845,1.03213838584302,0.414728682170543,0.675137596857396,0.554061223075604,3212,"tags=48%, list=35%, signal=31%","Nav3/Cd247/Map3k7/Pawr/Pde4b/Glmn/Abl1/Cd276/Fcer1g/Hdac7/Prnp/Plcg2/Card9"
"GO:0006643","GO:0006643","membrane lipid metabolic process",118,0.226801068266249,1.02212020318688,0.414953271028037,0.675137596857396,0.554061223075604,1751,"tags=22%, list=19%, signal=18%","B3galt1/Agmo/Fut9/Galc/Cers6/Pigs/St6galnac3/St3gal4/Smpdl3b/St3gal1/Pla2g6/Pemt/St8sia1/Smpd3/Ugt8a/Sptlc2/St6galnac6/Abca2/Pigc/Itgb8/Smpd4/Map7/Sptlc3/Hexa/B4galt6/Glb1"
"GO:0097205","GO:0097205","renal filtration",20,-0.334495705865198,-1.02664605960968,0.41544885177453,0.67555387438005,0.554402847115524,1031,"tags=25%, list=11%, signal=22%","Coro2b/Cyba/Itga3/Tmem63c/Comt"
"GO:1900087","GO:1900087","positive regulation of G1/S transition of mitotic cell cycle",31,0.304669628331557,1.03903430666231,0.416829745596869,0.677038070681025,0.555620873813534,2270,"tags=39%, list=25%, signal=29%","Tfdp1/Egfr/Crebbp/Plcb1/Cul4a/Ddr2/Ube2e2/Ankrd17/Kmt2e/Ccnd2/Lsm11/Rptor"
"GO:0044839","GO:0044839","cell cycle G2/M phase transition",101,-0.227070837945537,-1.00428085218362,0.416842105263158,0.677038070681025,0.555620873813534,1566,"tags=23%, list=17%, signal=19%","Ccna2/Zfyve19/Hspa2/Macroh2a1/Uimc1/Kdm8/Taf2/Rrm1/Ctc1/Rrm2b/Mbd4/Fzr1/Rint1/Vps4b/Kat14/Calm2/Ube2a/Dyrk3/Pabir1/Prkcq/Chek2/Syf2/Kcnh5"
"GO:0042130","GO:0042130","negative regulation of T cell proliferation",25,0.317001034605933,1.02487373008594,0.417647058823529,0.677564428189238,0.556052836551401,1739,"tags=32%, list=19%, signal=26%","Rc3h1/Ripor2/Tnfrsf21/Peli1/Cblb/Pawr/Glmn/Mad1l1"
"GO:0032784","GO:0032784","regulation of DNA-templated transcription elongation",64,-0.245681519581313,-1.00596009411223,0.417495029821074,0.677564428189238,0.556052836551401,1926,"tags=30%, list=21%, signal=24%","Ccnt1/Ccnk/Med14/Map2k1/Recql5/Med28/Pwwp2b/Leo1/Nelfe/Med17/Ctnnb1/Sirt6/Med8/Med20/Ncbp2/Med16/Med31/Supt6/Cbx7"
"GO:2000677","GO:2000677","regulation of transcription regulatory region DNA binding",24,-0.315417123792172,-1.02821956846735,0.418650793650794,0.678802034814693,0.55706849594258,2231,"tags=46%, list=25%, signal=35%","Sri/Lamtor5/Hcfc2/Per2/Mad2l2/Dazap2/Rb1/Traf6/Zmpste24/Park7/Id2"
"GO:0036465","GO:0036465","synaptic vesicle recycling",75,-0.245196786970097,-1.01811980934692,0.419148936170213,0.679218920142415,0.557410618786331,1414,"tags=28%, list=16%, signal=24%","Tor1a/Sh3gl3/Dnajc6/Bin1/Synj1/Rab3a/Ap2m1/Rab5a/Sh3gl1/Ap2b1/Vamp2/Ston2/Dnm1/Cyfip1/Stx1a/Ophn1/Arpc3/Ap3m2/Park7/Cltc/Pip5k1c"
"GO:0046545","GO:0046545","development of primary female sexual characteristics",67,-0.247902773206992,-1.01883815246534,0.419551934826884,0.679481236978252,0.557625892809839,1747,"tags=34%, list=19%, signal=28%","Ubb/Inhbb/Rac1/Phb1/Lsm14b/Slit3/Grk2/Plekha1/Mmp14/Agt/Sod1/Bcas2/Eif2b2/Mfn2/Eif2b5/Insr/Nup107/Pdgfra/Arrb1/Angpt1/Brca2/Kit/Ctnna1"
"GO:0051495","GO:0051495","positive regulation of cytoskeleton organization",114,0.227458658922875,1.02192226693134,0.420262664165103,0.680241348430362,0.558249689029736,1588,"tags=25%, list=18%, signal=21%","Tenm1/Prox1/Nav3/Wnt11/Ccdc88a/Abi2/Pde4dip/Add3/Prkd1/Ep300/Nck2/Fmn1/Prkce/Carmil1/Mtss1/Cdkn1b/Cracd/Nup62/Togaram1/Grb2/Limch1/Slain1/Pxn/Itgb1bp1/Swap70/Braf/Mtor/Spast/Kirrel1"
"GO:0050994","GO:0050994","regulation of lipid catabolic process",33,-0.285037752417861,-1.01997456283841,0.420523138832998,0.680272218846951,0.558275023273972,1101,"tags=24%, list=12%, signal=21%","Akt1/Irs2/Dbi/Sirt6/Prkcd/Tysnd1/Abcb11/Adra2a"
"GO:0007566","GO:0007566","embryo implantation",32,-0.288148616924255,-1.01875822821447,0.421810699588477,0.681878440366972,0.559593191694833,2433,"tags=44%, list=27%, signal=32%","Fkbp4/Ints1/Polr1b/Bsg/H3f3b/Reck/Stx2/Ppard/Sod1/Exoc1/Arhgdib/Ago2/Errfi1/C1qbp"
"GO:0008589","GO:0008589","regulation of smoothened signaling pathway",69,-0.2445503273099,-1.01460072540537,0.422,0.681878440366972,0.559593191694833,2519,"tags=36%, list=28%, signal=26%","Ift122/Kif7/Ulk3/Tctn1/Fgfr2/Ptch2/Kctd21/Sall1/Ift140/Por/Wnt7b/Rb1/Uchl5/Mks1/Runx2/Ift172/Intu/Cibar1/Gorab/Dlg5/Armc9/Ttc21b/Tubd1/Ctnna1/Hhip"
"GO:2001238","GO:2001238","positive regulation of extrinsic apoptotic signaling pathway",29,-0.299047228548885,-1.02192868243135,0.422594142259414,0.682447159247581,0.560059918892434,1561,"tags=52%, list=17%, signal=43%","Traf2/Ppp1ca/Stk4/Psen2/Bmpr1b/Itm2c/Cyld/Pak2/Agt/Faf1/Nf1/G0s2/Tnfsf10/Pea15a/Ctnna1"
"GO:0048679","GO:0048679","regulation of axon regeneration",28,0.309053531465554,1.03406470707697,0.422857142857143,0.68248077237768,0.560087503983326,2343,"tags=50%, list=26%, signal=37%","Epha4/Igf1r/Pum2/Ptprs/Ntrk3/Kremen1/Rtn4rl1/Grn/Braf/Xylt1/Inpp5f/Tnr/Ptprf/D130043K22Rik"
"GO:0045687","GO:0045687","positive regulation of glial cell differentiation",29,0.307643330652917,1.03582950592081,0.423664122137405,0.683330037385466,0.560784465330346,1559,"tags=28%, list=17%, signal=23%","Tenm4/Qki/Aspa/Prpf19/Hes1/Mtor/Hdac1/Ptprz1"
"GO:0030834","GO:0030834","regulation of actin filament depolymerization",38,-0.278035186546111,-1.01797681349659,0.423868312757202,0.683330037385466,0.560784465330346,3077,"tags=47%, list=34%, signal=31%","Tmod2/Twf2/Twf1/Sema5a/Eps8/Specc1l/Dmtn/Mtpn/Actn2/Sptan1/Shroom2/Plekhh2/Pik3ca/Gsn/Capza1b/Cfl2/Wdr1/Dstn"
"GO:0006302","GO:0006302","double-strand break repair",194,-0.208103756558817,-1.01188148454342,0.424307036247335,0.683646213919376,0.561043940077274,2079,"tags=25%, list=23%, signal=19%","Brca1/Dclre1c/Mad2l2/Smc6/Tnks1bp1/Dek/Xrcc2/Phf10/Brcc3dc/Rad51ap1/Rec8/Recql5/Gen1/Exd2/Slf2/Mlh1/Poll/Wrn/Msh2/Uimc1/Otub1/Recql/Htatsf1/Slx4/Ruvbl1/Sfpq/Pot1b/Sirt6/Hpf1/Sem1/Yeats4/Uvrag/Mcm8/Smarcb1/Rad52/Smarcal1/Chek2/Terf2ip/Smarcd1/C1qbp/Helb/Fan1/Brca2/Trip13/Smarcc2/Ddx1/Polb/Nsmce1"
"GO:0061462","GO:0061462","protein localization to lysosome",40,-0.273317100156559,-1.01147756195475,0.425,0.684371428571429,0.561639097744361,2586,"tags=38%, list=29%, signal=27%","Lamtor5/Vps53/Sorl1/Ncoa4/Hspa8/Sort1/Gcc2/M6pr/Szt2/Lamp2/Hgs/Akt1/Glmp/Lmbrd1/Gga3"
"GO:0032253","GO:0032253","dense core granule localization",20,0.325081758759215,1.01002060590709,0.426386233269598,0.686211539322518,0.563149210672583,2733,"tags=50%, list=30%, signal=35%","Ppfia2/Syt10/Kif1b/Map2/Kif5b/Kif1a/Tanc2/Unc13c/Rims1/Sybu"
"GO:0045911","GO:0045911","positive regulation of DNA recombination",45,0.269982991630392,1.01429513189086,0.4272030651341,0.686741721362175,0.563584312066303,2145,"tags=31%, list=24%, signal=24%","Crebbp/Ep400/Meaf6/Vps72/Peli1/Arid2/Kmt5b/Atad5/Shld2/Rnf8/Ercc6/Epc1/Pms2/Tfrc"
"GO:0061351","GO:0061351","neural precursor cell proliferation",138,0.220126894023345,1.01149744292934,0.426966292134831,0.686741721362175,0.563584312066303,2237,"tags=30%, list=25%, signal=23%","Fgf13/Rarb/Prox1/Rora/Ncor2/Zeb2/Cntnap2/Igf1/Foxo3/Cdh2/Ntrk3/Dbn1/Six3/Rapgef1/Cdon/Vegfc/Afdn/Fgfr1/Sox5/Tox/Disp3/Tafa1/Grn/Ankrd11/Ptprz1/Zfp335/Ptbp2/Lnx2/Bdnf/Wnt5a/Nde1/Sox2/Nr2e1/Kifap3/Sirt2/Appl2/Fzd3/Lrp2/Nbn/Rere/Nap1l1"
"GO:0071868","GO:0071868","cellular response to monoamine stimulus",31,0.301163230671192,1.02707621460741,0.428571428571429,0.687084648409167,0.563865740000351,2027,"tags=35%, list=22%, signal=28%","Adcy5/Oprm1/Prkd1/Htr7/Drd5/Gnal/Htr2c/Nr4a3/Gnas/App/Htt"
"GO:0071870","GO:0071870","cellular response to catecholamine stimulus",31,0.301163230671192,1.02707621460741,0.428571428571429,0.687084648409167,0.563865740000351,2027,"tags=35%, list=22%, signal=28%","Adcy5/Oprm1/Prkd1/Htr7/Drd5/Gnal/Htr2c/Nr4a3/Gnas/App/Htt"
"GO:0002690","GO:0002690","positive regulation of leukocyte chemotaxis",37,0.284818684800926,1.01835231664932,0.428849902534113,0.687084648409167,0.563865740000351,1933,"tags=35%, list=21%, signal=28%","Wnk1/Ripor2/Cxcl12/Vegfc/Camk1d/Edn3/Cd74/Ptk2/Swap70/Gas6/Calr/Wnt5a/App"
"GO:0047496","GO:0047496","vesicle transport along microtubule",37,0.284106915317994,1.0158074270738,0.428849902534113,0.687084648409167,0.563865740000351,2027,"tags=32%, list=22%, signal=25%","Kif13a/Kifc1/Ap3d1/Borcs5/Kif1b/Madd/Bicdl1/Map2/Kif5b/Nde1/Kif16b/Htt"
"GO:0000086","GO:0000086","G2/M transition of mitotic cell cycle",91,-0.236097932956802,-1.0140181891882,0.428265524625268,0.687084648409167,0.563865740000351,1566,"tags=23%, list=17%, signal=19%","Ccna2/Zfyve19/Hspa2/Uimc1/Kdm8/Taf2/Rrm1/Ctc1/Rrm2b/Mbd4/Fzr1/Rint1/Vps4b/Kat14/Calm2/Ube2a/Pabir1/Prkcq/Chek2/Syf2/Kcnh5"
"GO:0000075","GO:0000075","cell cycle checkpoint signaling",112,-0.22421268344887,-1.00832305113505,0.428879310344828,0.687084648409167,0.563865740000351,2482,"tags=31%, list=27%, signal=23%","Tti1/Mbtps2/Bub3/Nabp1/Mapk14/Rps27l/Sde2/Brca1/Zfp207/Xpc/Lcmt1/Brcc3dc/Gen1/Cep192/Zfyve19/Msh2/Spc25/Uimc1/Eif2ak4/Mbd4/Prpf4b/Fzr1/Nsun2/Rint1/Pabir1/Dync1li1/Kntc1/Usp44/Tipin/Chek2/Cry1/Brca2/Trip13/Syf2/Rpl24"
"GO:0007259","GO:0007259","cell surface receptor signaling pathway via JAK-STAT",67,0.250726768673666,1.01183155725455,0.430528375733855,0.689334637964775,0.565712225769904,1382,"tags=19%, list=15%, signal=17%","Erbb4/Pkd1/Pecam1/Parp14/Igf1/Fyn/Ep300/Stat2/Ctr9/Ggnbp2/Traf3ip1/Pias1/Hes1"
"GO:0051209","GO:0051209","release of sequestered calcium ion into cytosol",64,-0.244411631729541,-1.00076044985304,0.431411530815109,0.690356441701862,0.566550783466807,2069,"tags=34%, list=23%, signal=27%","Casq1/Pkd2/Myo5a/Cherp/Ryr1/Ryr3/Plce1/Atg5/Letm1/Trpm2/Htr2b/Plch2/Dbi/Cyba/Calm2/Ghitm/Gp5/Fkbp1a/Tpcn2/Plch1/Tmem38a/Itgav"
"GO:0061842","GO:0061842","microtubule organizing center localization",28,0.305993993403417,1.02382777396376,0.432380952380952,0.691122815547092,0.567179719008241,516,"tags=14%, list=6%, signal=14%","Pard3b/Pard3/Syne2/Bicd2"
"GO:0034440","GO:0034440","lipid oxidation",71,-0.240735251098096,-1.0002548987658,0.432377049180328,0.691122815547092,0.567179719008241,2398,"tags=35%, list=26%, signal=26%","Etfdh/Acox1/Mapk14/Phyh/Hadh/Eci3/Hadha/Por/Dgat2/Ppard/Cygb/Slc25a17/Eci1/Decr1/Akt1/Irs2/Etfa/Dbi/Pla2g7/Tysnd1/Acadl/Abcb11/Adipor1/Scp2/Crat"
"GO:0044088","GO:0044088","regulation of vacuole organization",40,-0.270878157532564,-1.00245165125376,0.433333333333333,0.692252456538171,0.568106774873692,2294,"tags=40%, list=25%, signal=30%","Pip4k2a/Mtm1/Ppp3cb/Rab3gap1/Lrsam1/Wipi1/Tbc1d14/Ift88/Tmem39a/Ift20/Fez2/Snx7/Trim32/Chek2/Pip4k2b/Snx4"
"GO:1900026","GO:1900026","positive regulation of substrate adhesion-dependent cell spreading",28,-0.302061559369162,-1.02032533085549,0.433962264150943,0.692472061368833,0.568286996685714,1160,"tags=21%, list=13%, signal=19%","Lims2/Fermt2/Mdk/C1qbp/P4hb/Nrp1"
"GO:0071897","GO:0071897","DNA biosynthetic process",105,-0.224359948591604,-1.00052978027613,0.433962264150943,0.692472061368833,0.568286996685714,2530,"tags=33%, list=28%, signal=24%","Cct2/Pam16/Zbtb1/Gar1/Terf2/Poldip2/Ptk2b/Phb1/Mad2l2/Map3k4/Tnks/Exosc10/Rfc4/Polg2/Poll/Ccna2/Wrn/Crhr2/Pcna/Rrm1/Cct4/Ctc1/Rrm2b/Pot1b/Ctnnb1/Ccn2/Rfc5/Tent4b/Wrnip1/Tk2/Prkcq/Ptges3/Nat10/Cct8/Polb"
"GO:0002752","GO:0002752","cell surface pattern recognition receptor signaling pathway",30,0.300855679207161,1.01642037719899,0.43495145631068,0.693265386811932,0.568938050437344,1521,"tags=33%, list=17%, signal=28%","Chuk/Znrf1/Peli1/Prkce/Ifi35/Map3k7/Rab11fip2/Dab2ip/Mfhas1/Tax1bp1"
"GO:0140895","GO:0140895","cell surface toll-like receptor signaling pathway",30,0.300855679207161,1.01642037719899,0.43495145631068,0.693265386811932,0.568938050437344,1521,"tags=33%, list=17%, signal=28%","Chuk/Znrf1/Peli1/Prkce/Ifi35/Map3k7/Rab11fip2/Dab2ip/Mfhas1/Tax1bp1"
"GO:1902229","GO:1902229","regulation of intrinsic apoptotic signaling pathway in response to DNA damage",22,0.324650119838789,1.02127636056515,0.437007874015748,0.694187254214418,0.569694593967008,1684,"tags=32%, list=19%, signal=26%","Plscr1/Cxcl12/Nacc2/Atad5/Cd74/Tmem161a/Mtch2"
"GO:0061387","GO:0061387","regulation of extent of cell growth",85,0.239033842992289,1.01548100796487,0.436432637571158,0.694187254214418,0.569694593967008,826,"tags=15%, list=9%, signal=14%","Cdh4/Fgf13/Epha7/Pum2/Plxna4/Bmpr2/Ptprs/Sema3f/Ep300/Gsk3b/Cxcl12/Ntrk3/Dbn1"
"GO:1902116","GO:1902116","negative regulation of organelle assembly",33,-0.283101112066906,-1.01304451978767,0.436619718309859,0.694187254214418,0.569694593967008,2816,"tags=36%, list=31%, signal=25%","Mtm1/Wdr44/Cep97/Gdi2/Kat2b/Tmem39a/Trim37/Fez2/Mfn2/Akt1/Tbc1d7/Trim32"
"GO:0062208","GO:0062208","positive regulation of pattern recognition receptor signaling pathway",40,0.275936608549148,1.01292724927717,0.436781609195402,0.694187254214418,0.569694593967008,1917,"tags=30%, list=21%, signal=24%","Pum2/Zc3hav1/Prkd1/Znrf1/Peli1/Lats1/Ifi35/Map3k7/Oasl1/Mfhas1/Ankrd17/Dhx33"
"GO:0045766","GO:0045766","positive regulation of angiogenesis",80,0.240675696446069,1.01238142524648,0.436538461538462,0.694187254214418,0.569694593967008,1493,"tags=24%, list=16%, signal=20%","Sash1/Bmper/Smoc2/Hipk2/Ets1/Wnk1/Akt3/Prkd1/Prkca/Smad1/Vegfc/Fgf18/Tjp1/Itgb8/Cybb/Grn/Pxn/Pak4/Aqp1"
"GO:0006334","GO:0006334","nucleosome assembly",32,-0.28537525410515,-1.0089529193362,0.436213991769547,0.694187254214418,0.569694593967008,334,"tags=22%, list=4%, signal=21%","Shprh/Macroh2a1/Asf1a/Smarca5/Rbbp4/Nap1l4/Chaf1a"
"GO:2001242","GO:2001242","regulation of intrinsic apoptotic signaling pathway",111,-0.223028414931893,-1.00165203015122,0.438177874186551,0.69565366166631,0.570898021994279,2166,"tags=29%, list=24%, signal=22%","Eno1/Cyld/Armc10/G2e3/Mif/Map2k1/Gsdme/Opa1/Gpx1/Bok/Plagl2/Sod1/Tpt1/Sod2/Plekhf1/Akt1/Ndufs3/Rrm2b/Sfpq/Rrn3/Vdac2/Ctnnb1/Mdm4/Nherf1/Trim32/Ddx3x/Bag5/Fbxo7/Hells/Park7/P4hb/Rpl26"
"GO:0048525","GO:0048525","negative regulation of viral process",30,0.300521904583961,1.01529274241641,0.438834951456311,0.696304556984169,0.571432188448029,1525,"tags=30%, list=17%, signal=25%","Prox1/Plscr1/Zc3hav1/Srpk2/Crebbp/Hexim1/Oasl1/Ifih1/Trim8"
"GO:1905953","GO:1905953","negative regulation of lipid localization",29,-0.295317681020485,-1.00918376715406,0.439330543933054,0.696698634104303,0.571755593413453,1719,"tags=31%, list=19%, signal=25%","Pnpla2/Ppard/Atp5pf/Asxl1/Akt1/Irs2/Cry1/Pla2r1/Itgav"
"GO:0070570","GO:0070570","regulation of neuron projection regeneration",33,0.296899487145586,1.02173920801157,0.43960396039604,0.696740135205872,0.571789651879758,2343,"tags=45%, list=26%, signal=34%","Epha4/Igf1r/Pum2/Ptprs/Ntrk3/Kremen1/Rtn4rl1/Grn/Braf/Map4k4/Xylt1/Inpp5f/Tnr/Ptprf/D130043K22Rik"
"GO:0006778","GO:0006778","porphyrin-containing compound metabolic process",28,-0.300243709409654,-1.01418486609309,0.440251572327044,0.696982545403152,0.571988589238626,2509,"tags=46%, list=28%, signal=34%","Cox15/Ireb2/Slc6a9/Cyb5r4/Blvra/Abcb7/Tmem14c/Srrd/Uros/Hmox2/Cpox/Alas1/Snx3"
"GO:0030041","GO:0030041","actin filament polymerization",101,0.230670387608168,1.01062330855045,0.44022770398482,0.696982545403152,0.571988589238626,1727,"tags=24%, list=19%, signal=19%","Tenm1/Fhod3/Svil/Pecam1/Gas7/Coro7/Add3/Spire2/Dbn1/Nck2/Fmn1/Prkce/Lats1/Carmil1/Mtss1/Arhgap18/Cracd/Kank4/Grb2/Mtor/Kirrel1/Ssh3/Prex1/Cyfip2"
"GO:0042440","GO:0042440","pigment metabolic process",42,-0.270573696472719,-1.00533676877906,0.440677966101695,0.697265866633676,0.572221100815877,2509,"tags=40%, list=28%, signal=29%","Cox15/Ireb2/Slc6a9/Cyb5r4/Blvra/Myo5a/Ddt/Abcb7/Tmem14c/Srrd/Uros/Hmox2/Cpox/Alas1/Snx3/Slc24a5/Lct"
"GO:0050680","GO:0050680","negative regulation of epithelial cell proliferation",78,0.238882915213373,0.999699909118835,0.441458733205374,0.69810926496787,0.572913247594192,2011,"tags=26%, list=22%, signal=20%","Robo1/Ptprm/B2m/Cask/Tgfb2/Wdr77/Rap1gap/Mtss1/Cdkn1b/Gpc3/Cdk6/Nr2f2/Dab2ip/Zeb1/Hsf1/Wnt5a/Sox2/Atf2/Celf1/Ift57"
"GO:1902905","GO:1902905","positive regulation of supramolecular fiber organization",111,0.224539667091289,1.0082519608889,0.44177449168207,0.698216779338235,0.573001480783722,1588,"tags=25%, list=18%, signal=21%","Tenm1/Prox1/Nav3/Wnt11/Ccdc88a/Abi2/Pde4dip/Colgalt1/Prkd1/Ep300/Nck2/Fmn1/Prkce/Carmil1/Mtss1/Cdkn1b/Cracd/Togaram1/Grb2/Limch1/Slain1/Pxn/Itgb1bp1/Swap70/Braf/Mtor/Spast/Kirrel1"
"GO:0045776","GO:0045776","negative regulation of blood pressure",30,0.299782282938845,1.0127939811715,0.442718446601942,0.699316470024816,0.573903957507946,2647,"tags=50%, list=29%, signal=36%","Bmpr2/Ppara/Adrb1/Vegfc/Drd5/Cnr1/Rnls/Rnpep/Gnas/Apln/Scpep1/Kl/Arhgap42/Npy/Ahr"
"GO:0045453","GO:0045453","bone resorption",34,0.290944918963123,1.01019169999619,0.443786982248521,0.700611605588981,0.574966828836798,1600,"tags=29%, list=18%, signal=24%","Egfr/Ext1/Pth1r/Ubash3b/Tpp1/Fshr/Prkca/Ppargc1b/Enpp1/Tns3"
"GO:0090263","GO:0090263","positive regulation of canonical Wnt signaling pathway",72,0.245159942271269,1.0020772783749,0.444227005870841,0.700913607247498,0.575214670771638,1555,"tags=24%, list=17%, signal=20%","Tbl1x/Fam53b/Zeb2/Egfr/Lgr5/Usp34/Wnk1/Sox4/Dlx5/Tmem198/Wnk2/Fgf9/Lgr4/Gpc3/Eda/Csnk1g2/Adnp"
"GO:0030901","GO:0030901","midbrain development",25,-0.306061382403336,-1.00909937914343,0.445121951219512,0.701147936577186,0.57540697645216,1494,"tags=28%, list=16%, signal=23%","Uchl5/Sos1/Tfap2d/Ctnnb1/Dlg5/Kdm2b/Uqcrq"
"GO:0045746","GO:0045746","negative regulation of Notch signaling pathway",25,-0.305746323302131,-1.00806061384438,0.445121951219512,0.701147936577186,0.57540697645216,1832,"tags=40%, list=20%, signal=32%","Hif1an/Ccnc/Dlk1/Kctd10/Mmp14/Arrdc1/Rfng/Mettl3/Dlx1/Arrb1"
"GO:2000177","GO:2000177","regulation of neural precursor cell proliferation",77,0.239004773845547,0.998398294988707,0.445075757575758,0.701147936577186,0.57540697645216,2237,"tags=34%, list=25%, signal=26%","Prox1/Igf1/Foxo3/Cdh2/Ntrk3/Six3/Rapgef1/Cdon/Vegfc/Afdn/Tox/Disp3/Tafa1/Ptprz1/Zfp335/Ptbp2/Bdnf/Wnt5a/Sox2/Nr2e1/Kifap3/Sirt2/Appl2/Fzd3/Lrp2/Nap1l1"
"GO:1902749","GO:1902749","regulation of cell cycle G2/M phase transition",75,-0.239482673069119,-0.99439334609535,0.446808510638298,0.703411387138952,0.57726450918691,1513,"tags=21%, list=17%, signal=18%","Zfyve19/Hspa2/Macroh2a1/Uimc1/Rrm1/Ctc1/Rrm2b/Mbd4/Fzr1/Rint1/Vps4b/Dyrk3/Pabir1/Prkcq/Syf2/Kcnh5"
"GO:0016579","GO:0016579","protein deubiquitination",68,-0.242616687718605,-1.00173330914412,0.448770491803279,0.705711632757611,0.579152238305806,2128,"tags=29%, list=23%, signal=23%","Usp46/Cyld/Yod1/Usp16/Brcc3dc/Mindy3/Stambp/Uchl3/Bap1/Uchl5/Usp14/Otub1/Otud4/Usp12/Usp5/Spata2/Otud6b/Usp44/Park7/Atxn3"
"GO:0072665","GO:0072665","protein localization to vacuole",56,-0.251062184586095,-0.988663163789164,0.448559670781893,0.705711632757611,0.579152238305806,2586,"tags=32%, list=29%, signal=23%","Lamtor5/Ptpn23/Vps53/Sorl1/Vps13d/Ncoa4/Hspa8/Sort1/Gcc2/M6pr/Szt2/Lamp2/Vps8/Hgs/Akt1/Glmp/Lmbrd1/Gga3"
"GO:0097178","GO:0097178","ruffle assembly",25,-0.304970455375025,-1.00550253926016,0.449186991869919,0.705972639759861,0.579366437395844,2486,"tags=40%, list=27%, signal=29%","Eps8/Fam98a/Rac1/Arhgap24/Def8/Hras/Inpp5k/Arhgef26/Cyfip1/Pfn2"
"GO:0046854","GO:0046854","phosphatidylinositol phosphate biosynthetic process",35,-0.277003910307217,-0.995653596196972,0.450819672131148,0.708143721329751,0.581148166210251,898,"tags=17%, list=10%, signal=16%","Impa1/Uvrag/Smg1/Pip4k2b/Pik3cd/Pip5k1c"
"GO:2000404","GO:2000404","regulation of T cell migration",20,0.318300779584146,0.98895227921541,0.451242829827916,0.708413534515358,0.581369592219282,2446,"tags=35%, list=27%, signal=26%","Wnk1/Ripor2/Cxcl12/Wnt5a/App/Abl1/Stk39"
"GO:1905898","GO:1905898","positive regulation of response to endoplasmic reticulum stress",24,-0.308421491695815,-1.00541470065043,0.452380952380952,0.708916020538419,0.581781964485043,1612,"tags=33%, list=18%, signal=27%","Tmem259/Xbp1/Serinc3/Bok/Tmem67/Stub1/Eif2a/Atxn3"
"GO:0010657","GO:0010657","muscle cell apoptotic process",65,0.249082786602237,1.00108540421434,0.451866404715128,0.708916020538419,0.581781964485043,909,"tags=15%, list=10%, signal=14%","Bcl2/Erbb4/Gria4/Igf1r/Qki/Igf1/Hey2/Gsk3b/Ambra1/Map3k5"
"GO:0061384","GO:0061384","heart trabecula morphogenesis",23,0.313222648000815,1.00033095055541,0.452569169960474,0.708916020538419,0.581781964485043,2658,"tags=39%, list=29%, signal=28%","Tgfb2/Bmpr1a/Hey2/Adgrg6/Chd7/Heg1/Egln1/Smarca4/Rbp4"
"GO:0071806","GO:0071806","protein transmembrane transport",54,-0.252516725891141,-0.994990407131293,0.452332657200811,0.708916020538419,0.581781964485043,3324,"tags=46%, list=37%, signal=29%","Tomm7/Grpel1/Pex14/Pex13/Pex5/Timm17a/Timm23/Pex26/Pam16/Sec61a1/Rab11a/Hspa8/Dnlz/Dnajc19/Bloc1s6/Trim37/Ift20/Grpel2/Sec61b/Chchd4/Pex1/Sec61g/Pex10/Tomm70a/Srp54c"
"GO:0021884","GO:0021884","forebrain neuron development",33,0.294146521747531,1.01226525198512,0.453465346534653,0.709030861341113,0.581876210214944,767,"tags=21%, list=8%, signal=19%","Robo1/Robo2/Sox1/Zmiz1/Rapgef2/Cntn2/Ogdh"
"GO:0071346","GO:0071346","cellular response to type II interferon",50,0.260746427729805,0.999362952956527,0.453648915187377,0.709030861341113,0.581876210214944,2026,"tags=32%, list=22%, signal=25%","Atl2/Parp14/Stx8/Myo18a/Rab11fip5/Irf8/Dnaja3/Rab12/Stxbp4/Syncrip/Epsti1/Vps26b/Wnt5a/Kif5b/Vamp4/Kif16b"
"GO:1904019","GO:1904019","epithelial cell apoptotic process",60,0.253186106754832,0.998402333821222,0.453648915187377,0.709030861341113,0.581876210214944,1694,"tags=27%, list=19%, signal=22%","Bcl2/Igf1r/Wnt11/Igf1/Ppargc1a/Ryr2/Ppara/Gsk3b/Six3/Capn10/Adar/Cdkn1b/Dnmt3a/Mtor/Mtch2/Tcf7l2"
"GO:0032467","GO:0032467","positive regulation of cytokinesis",26,0.305162358967087,0.996882969043909,0.453307392996109,0.709030861341113,0.581876210214944,1544,"tags=27%, list=17%, signal=22%","Svil/Igf1r/Wnk1/Prkce/Nup62/Incenp/Spast"
"GO:0006835","GO:0006835","dicarboxylic acid transport",63,-0.24335836702917,-0.989314913227855,0.454361054766734,0.709750250738723,0.582466587304537,1329,"tags=19%, list=15%, signal=16%","Slc17a6/Abcc5/Nf1/Slc1a2/Lrrc8b/Cln8/Prkcd/Arl6ip1/Pianp/Slc25a22/Slc25a13/Cck"
"GO:0098868","GO:0098868","bone growth",20,0.317668971130849,0.986989266712793,0.455066921606119,0.710459049909165,0.583048273374336,943,"tags=20%, list=10%, signal=18%","Rarb/Ext1/Smpd3/Ddr2"
"GO:0061013","GO:0061013","regulation of mRNA catabolic process",125,0.220791037903526,1.00429032377744,0.455719557195572,0.711084004527753,0.58356115122613,2491,"tags=38%, list=27%, signal=28%","Qki/Pum2/Rc3h1/Elavl1/Gigyf2/Pan3/Zc3hav1/Igf2bp3/Tnrc6c/Tnrc6b/Cnot2/Pcbp4/Rbm38/Tut4/Vip/Thrap3/Fto/Taf15/Rbm33/Nrde2/Tent4a/Ptbp1/Brf1/Cpeb3/Mtor/Rock1/Syncrip/Upf3a/Dhx36/Rbm24/Axin2/Fmr1/Celf1/Alkbh5/Dis3l2/Hnrnpu/Tbrg4/Ythdf3/Tent5a/Tardbp/Hnrnpa0/Samd4/Hnrnpd/Nanos1/Tnrc6a/Dcp1b/Fastk/Ybx1"
"GO:0007143","GO:0007143","female meiotic nuclear division",20,-0.328633717987972,-1.00865423893723,0.457202505219207,0.712595415358197,0.584801511912876,2984,"tags=55%, list=33%, signal=37%","Marf1/Sycp2/Washc5/Ubb/Washc1/Mlh1/Ska2/Mlh3/Orc4/Dcaf13/Trip13"
"GO:0045137","GO:0045137","development of primary sexual characteristics",129,-0.21874282101148,-0.999949106530352,0.457330415754923,0.712595415358197,0.584801511912876,2370,"tags=34%, list=26%, signal=26%","Ubb/Inhbb/Rac1/Phb1/H3f3b/Tmf1/Nr0b1/Aspm/Crkl/Lsm14b/Prdx4/Rec8/Slit3/Grk2/Plekha1/Eif2s2/Bok/Mmp14/Agt/Msh2/Sod1/Bcas2/Cbl/Sox8/Rrm1/Wdr19/Eif2b2/Mfn2/Tex11/Adam25/Eif2b5/Insr/Nup107/Spata2/Pdgfra/Arrb1/Tnfsf10/Angpt1/Brca2/Itgav/Gfra1/Kit/Ctnna1/Nhlh2"
"GO:0044703","GO:0044703","multi-organism reproductive process",99,-0.226369292708073,-0.993498184877059,0.457446808510638,0.712595415358197,0.584801511912876,1603,"tags=22%, list=18%, signal=18%","Rxfp1/Hspe1-rs1/Ppard/Rgs2/Sod1/Exoc1/Akt1/Ctsb/Arhgdib/Slc6a4/Ago2/Errfi1/Itga3/Ube2a/Prl5a1/Rsph3b/Adra2a/C1qbp/Dcaf13/Comt/Fos/Rsph14"
"GO:0055008","GO:0055008","cardiac muscle tissue morphogenesis",30,0.297381785404362,1.00468406409799,0.458252427184466,0.713455988842997,0.585507753721589,2259,"tags=37%, list=25%, signal=28%","Prox1/Tgfb2/Bmpr1a/Ryr2/Hey2/Chd7/Ly6e/Heg1/Lrp2/Egln1/Ttn"
"GO:0002220","GO:0002220","innate immune response activating cell surface receptor signaling pathway",31,0.294351163596179,1.00384458686367,0.459882583170254,0.715203708263674,0.586942044397031,1521,"tags=32%, list=17%, signal=27%","Chuk/Znrf1/Peli1/Prkce/Ifi35/Map3k7/Rab11fip2/Dab2ip/Mfhas1/Tax1bp1"
"GO:0050432","GO:0050432","catecholamine secretion",42,-0.267701181895254,-0.994663726420453,0.459745762711864,0.715203708263674,0.586942044397031,2385,"tags=43%, list=26%, signal=32%","Chrnb2/Nisch/Chrna7/Grm2/Sdhd/Sncg/Ptger3/Myo5a/Grk2/Agt/Crhr2/Chrna4/Rab3a/Prkcb/Stx1a/Npy2r/Comt/Ptgs1"
"GO:0070873","GO:0070873","regulation of glycogen metabolic process",26,0.303971157858,0.992991636894115,0.461089494163424,0.716685159709062,0.588157818490459,2141,"tags=38%, list=24%, signal=29%","Igf1/Esrrb/Gsk3b/Irs1/Phka1/Enpp1/Mtor/Epm2aip1/Phkb/Rubcnl"
"GO:0015800","GO:0015800","acidic amino acid transport",53,0.258288216326451,0.993847684571414,0.465069860279441,0.72167778979486,0.59225509102361,613,"tags=13%, list=7%, signal=12%","Slc6a6/Prkg1/Slc32a1/Ttyh3/Slc6a1/Grin2b/Epm2a"
"GO:0034614","GO:0034614","cellular response to reactive oxygen species",91,-0.231307534953243,-0.99344388492291,0.464668094218415,0.72167778979486,0.59225509102361,1744,"tags=25%, list=19%, signal=21%","Mapk8/Prdx3/Plekha1/Adprs/Prdx1/Cygb/Map1lc3a/Sod1/Sod2/Pcna/Trpm2/Akt1/Cat/Pex10/Sirt6/Prkcd/Net1/Pdgfra/Bnip3/Park7/Rhob/Rnf146/Fos"
"GO:0046165","GO:0046165","alcohol biosynthetic process",90,0.230051069600074,0.990683564636713,0.464814814814815,0.72167778979486,0.59225509102361,2060,"tags=30%, list=23%, signal=23%","Prkg1/Qki/Abcg1/Pth1r/Srebf2/Gnai1/Sptlc2/Cacna1h/Adcyap1r1/Abca2/Itpkb/Npy1r/Itpka/Ip6k2/Lpcat3/Sptlc3/Bmp6/Dkk3/Sc5d/Scap/Chlsn/Fdps/Fgf1/Lipa/Dhdds/Srebf1/Pck2"
"GO:0010324","GO:0010324","membrane invagination",29,0.297917558742528,1.00308300856865,0.465648854961832,0.72217857637999,0.592666068621583,917,"tags=17%, list=10%, signal=16%","Xkr4/Xkr6/Adgrb1/Spire2/Elmo1"
"GO:2000736","GO:2000736","regulation of stem cell differentiation",59,0.253551526161094,0.995514732733971,0.466,0.722325632563256,0.592786752359447,2082,"tags=31%, list=23%, signal=24%","Sox6/Tgfb2/Ezh2/Esrrb/Prickle1/Fzd1/Gsk3b/Mta3/Sox5/Cdk6/Hes1/Hdac1/Mtch2/Dhx36/Rbm24/Cdk13/Gatad2a/Hnrnpu"
"GO:0002695","GO:0002695","negative regulation of leukocyte activation",64,0.248566612929825,0.99316679528708,0.466933867735471,0.72337528272598,0.593648162619617,1916,"tags=28%, list=21%, signal=22%","Lrfn5/Sox11/Rc3h1/Ripor2/Tnfrsf21/Dusp22/Peli1/Cblb/Cd74/Pawr/Grn/Cnr1/Pag1/Glmn/Mad1l1/Cbfb/Tyro3/Bcl6"
"GO:0016482","GO:0016482","cytosolic transport",100,-0.224179912194131,-0.988197729194811,0.46723044397463,0.723437028088191,0.593698834824906,2201,"tags=28%, list=24%, signal=21%","Washc1/Cln5/Wipi1/Tbc1d14/Golt1b/Sort1/Gcc2/Dennd2a/Mapk8/Ap1ar/Rufy1/Stx16/Rab9/Stx6/Snx3/Rab14/Heatr5a/Rab6a/Rab29/Eps15/Tpcn2/Snx1/Snx12/Cltc/Rbsn/Vps29/Ankfy1/Vps35"
"GO:1903825","GO:1903825","organic acid transmembrane transport",87,-0.23151270919246,-0.989139034497425,0.467811158798283,0.723938410485207,0.594110301384334,1553,"tags=23%, list=17%, signal=19%","Agt/Arg2/Rgs2/Abcc1/Slc36a1/Slc17a6/Abcc5/Slc16a6/Akt1/Irs2/Slc1a2/Lrrc8b/Cln8/Prkcd/Arl6ip1/Slc25a22/Acsl1/Slc25a13/Mpc1/Mpc2"
"GO:0051938","GO:0051938","L-glutamate import",30,-0.28853518678599,-0.996798090965778,0.468172484599589,0.724099924040419,0.594242849769078,2685,"tags=40%, list=30%, signal=28%","Itgb1/Arl6ip5/Rab3gap1/Grm1/Per2/Slc17a6/Nf1/Slc1a2/Cln8/Arl6ip1/Slc25a22/Slc25a13"
"GO:0051452","GO:0051452","intracellular pH reduction",29,-0.289103115714844,-0.987946845596574,0.468619246861925,0.724393328391061,0.594483636201547,2420,"tags=38%, list=27%, signal=28%","Car2/Slc12a5/Cln5/Slc9a8/Atp6v1b2/Aqp11/Lamp2/Creg1/Slc4a7/Tpcn2/Ppt1"
"GO:0006904","GO:0006904","vesicle docking involved in exocytosis",29,-0.288217985965237,-0.984922107720934,0.47071129707113,0.727228308742568,0.596810202946256,1162,"tags=17%, list=13%, signal=15%","Exoc1/Vamp2/Rab8a/Vps18/Vps11"
"GO:0071425","GO:0071425","hematopoietic stem cell proliferation",22,-0.309187677414097,-0.990315095864691,0.47165991902834,0.72749734637212,0.597030992484235,1775,"tags=27%, list=20%, signal=22%","Eif2ak2/Mecom/Ctc1/Pdcd2/Brca2/Prg4"
"GO:2000819","GO:2000819","regulation of nucleotide-excision repair",22,-0.308258780951194,-0.987339879654906,0.47165991902834,0.72749734637212,0.597030992484235,575,"tags=18%, list=6%, signal=17%","Smarcb1/Rad52/Smarcd1/Smarcc2"
"GO:0006289","GO:0006289","nucleotide-excision repair",48,-0.253459191396572,-0.976213751586658,0.47119341563786,0.72749734637212,0.597030992484235,575,"tags=25%, list=6%, signal=24%","Xpc/Hmgn1/Phf10/Ercc3/Poll/Slx4/Smarcb1/Rad52/Smarcd1/Fan1/Brca2/Smarcc2"
"GO:0045815","GO:0045815","transcription initiation-coupled chromatin remodeling",30,-0.286197824385981,-0.988723240878422,0.472279260780287,0.727656072651094,0.597161253451292,971,"tags=23%, list=11%, signal=21%","Glyr1/Ash2l/Wbp2/Smarcb1/Zmpste24/Smarcd1/Dpy30"
"GO:0002753","GO:0002753","cytoplasmic pattern recognition receptor signaling pathway",87,-0.231200631820877,-0.987805682600275,0.472103004291845,0.727656072651094,0.597161253451292,2708,"tags=40%, list=30%, signal=28%","Rftn1/Zdhhc9/Stmp1/Slc15a2/Hmgb1/Ufd1/Hcfc2/Tab1/Phb1/Hspa8/Slc15a4/Zdhhc1/Riok3/Tarbp2/Ywhae/Cptp/Brcc3dc/Eif2ak2/Fbxl2/Mapk8/Lamp2/Pcbp2/Ppp2ca/Ipo5/Ppp6c/Traf6/Akt1/Ddx3x/Ogt/Aars2/Tbk1/Ddx60/Colec12/Ppt1/C1qbp"
"GO:0003016","GO:0003016","respiratory system process",25,0.305359797741431,0.987237266649892,0.472549019607843,0.727673845494482,0.597175838986731,1153,"tags=28%, list=13%, signal=25%","Nlgn1/Hipk2/Gls/Tshz3/Nek10/Fto/Ccdc88c"
"GO:0050921","GO:0050921","positive regulation of chemotaxis",66,0.245988213955446,0.991746890022887,0.473581213307241,0.728865024085092,0.598153396554088,1933,"tags=32%, list=21%, signal=25%","Smoc2/Bmpr2/Wnk1/Ripor2/Prkd1/Prkca/Cxcl12/Ntrk3/Vegfc/Camk1d/Edn3/Fgf18/Cd74/Fgfr1/Ptk2/Pdgfd/Swap70/Gas6/Calr/Wnt5a/App"
"GO:0050768","GO:0050768","negative regulation of neurogenesis",99,0.22747488208592,0.994249433900205,0.477443609022556,0.729629116174384,0.598780459540219,2094,"tags=29%, list=23%, signal=23%","Fgf13/B2m/Prox1/Epha7/Sox11/Ppp3ca/Bmpr1a/Rapgef2/Ptprs/Ski/Sema3f/Brinp1/Gsk3b/Ntrk3/Trpc5/Idh2/Ptk2/Hes1/Ntn1/Bdnf/Map2/Dab1/Wnt5a/Nr2e1/Kifap3/Sirt2/Appl2/Tnr/Daam2"
"GO:0032720","GO:0032720","negative regulation of tumor necrosis factor production",20,-0.321112108859124,-0.985568649978519,0.475991649269311,0.729629116174384,0.598780459540219,857,"tags=20%, list=9%, signal=18%","Errfi1/Gpr18/Gstp3/Fxr1"
"GO:1903556","GO:1903556","negative regulation of tumor necrosis factor superfamily cytokine production",20,-0.321112108859124,-0.985568649978519,0.475991649269311,0.729629116174384,0.598780459540219,857,"tags=20%, list=9%, signal=18%","Errfi1/Gpr18/Gstp3/Fxr1"
"GO:0002762","GO:0002762","negative regulation of myeloid leukocyte differentiation",23,0.308349791092213,0.984768635331993,0.476284584980237,0.729629116174384,0.598780459540219,1490,"tags=26%, list=16%, signal=22%","Qki/Ubash3b/Cul4a/Mafb/Cdk6/Lrrc17"
"GO:0072348","GO:0072348","sulfur compound transport",43,-0.263390072850653,-0.984349188330177,0.47568710359408,0.729629116174384,0.598780459540219,1694,"tags=28%, list=19%, signal=23%","Lrrc8c/Abcc1/Slc25a17/Abcc4/Slc36a1/Abcc5/Slc16a6/Slc1a2/Nherf1/Racgap1/Slc35b2/Slc35b3"
"GO:0042278","GO:0042278","purine nucleoside metabolic process",21,0.314229601489578,0.984102245485366,0.474708171206226,0.729629116174384,0.598780459540219,1541,"tags=33%, list=17%, signal=28%","Adk/Pemt/Macrod2/Nt5e/Nt5c1b/Ahcyl/Nt5c1a"
"GO:0051282","GO:0051282","regulation of sequestering of calcium ion",65,-0.240261258405963,-0.983154277942933,0.476673427991886,0.729629116174384,0.598780459540219,2069,"tags=34%, list=23%, signal=26%","Casq1/Pkd2/Myo5a/Cherp/Ryr1/Ryr3/Plce1/Atg5/Letm1/Trpm2/Htr2b/Plch2/Dbi/Cyba/Calm2/Ghitm/Gp5/Fkbp1a/Tpcn2/Plch1/Tmem38a/Itgav"
"GO:0051283","GO:0051283","negative regulation of sequestering of calcium ion",65,-0.240261258405963,-0.983154277942933,0.476673427991886,0.729629116174384,0.598780459540219,2069,"tags=34%, list=23%, signal=26%","Casq1/Pkd2/Myo5a/Cherp/Ryr1/Ryr3/Plce1/Atg5/Letm1/Trpm2/Htr2b/Plch2/Dbi/Cyba/Calm2/Ghitm/Gp5/Fkbp1a/Tpcn2/Plch1/Tmem38a/Itgav"
"GO:2000142","GO:2000142","regulation of DNA-templated transcription initiation",63,-0.241399387206615,-0.981351151895853,0.476673427991886,0.729629116174384,0.598780459540219,2606,"tags=37%, list=29%, signal=26%","Med23/Bclaf1/Hmgb1/Med13/Med21/Taf12/Med9/Med12/Med14/Tbp/Med28/Taf2/Rrn3/Taf13/Med17/Taf10/Psmc6/Med8/Med20/Med16/Med31/Taf7/Taf9"
"GO:1904754","GO:1904754","positive regulation of vascular associated smooth muscle cell migration",21,-0.313469935952715,-0.980219540369127,0.475409836065574,0.729629116174384,0.598780459540219,489,"tags=33%, list=5%, signal=32%","Iqgap1/Myo5a/Agt/Ssh1/Dock7/Nrp1/Lrp1"
"GO:0002200","GO:0002200","somatic diversification of immune receptors",49,0.255299606347426,0.977087390395115,0.477317554240631,0.729629116174384,0.598780459540219,2197,"tags=33%, list=24%, signal=25%","Bcl11b/Tcf3/Ezh2/Samhd1/Adar/Kmt5b/Atad5/Shld2/Rnf8/Swap70/Bcl6/Dcaf1/Pms2/Nhej1/Tfrc/Nbn"
"GO:0014032","GO:0014032","neural crest cell development",49,0.25520951045763,0.976742573733995,0.477317554240631,0.729629116174384,0.598780459540219,1552,"tags=22%, list=17%, signal=19%","Erbb4/Sema4g/Zeb2/Bmpr1a/Cdh2/Sema3f/Rdh10/Edn3/Tcof1/Hes1/Ankrd11"
"GO:0033619","GO:0033619","membrane protein proteolysis",39,-0.264940130043293,-0.973807914370166,0.476091476091476,0.729629116174384,0.598780459540219,773,"tags=36%, list=9%, signal=33%","Gpld1/Psen2/Pacsin3/Snx9/Mbtps2/Afg3l2/Nrdc/Sppl2b/Adam8/Timp3/Sppl2a/Prkcq/Adra2a/Timp4"
"GO:0009416","GO:0009416","response to light stimulus",196,0.205002527670468,0.994072964051387,0.480446927374302,0.731512019142769,0.600325690507139,1716,"tags=23%, list=19%, signal=19%","Kcnc1/Bcl2/Mapk10/Ppp1r1b/Cacna1c/Cep250/Atxn1/Egfr/Ext1/Cntnap2/Ino80/Asic2/Large1/Per3/Kcnc2/Ap1s2/Crebbp/Cul4a/Ep300/Polh/Mme/Ccdc66/Nts/Uaca/Rpgr/Actr5/Grin1/Drd5/Cacna1e/Map4k3/Rev1/Tmem161a/Pias1/Rad18/Nptn/Deaf1/Braf/Aqp1/Mtor/Tafa2/Kmt2a/Usp2/Atp8a2/Ddhd2/Ercc6"
"GO:0030838","GO:0030838","positive regulation of actin filament polymerization",30,0.293821418832632,0.992655608649382,0.479611650485437,0.731512019142769,0.600325690507139,1588,"tags=30%, list=18%, signal=25%","Tenm1/Nck2/Fmn1/Prkce/Carmil1/Cracd/Grb2/Mtor/Kirrel1"
"GO:0006109","GO:0006109","regulation of carbohydrate metabolic process",115,0.220691968858834,0.99175174437767,0.480300187617261,0.731512019142769,0.600325690507139,2051,"tags=25%, list=23%, signal=20%","Rora/Prkg1/Prkn/Arnt/Pth1r/Hdac4/Igf1/Ppargc1a/Esrrb/Oprm1/Ppara/Ep300/Gsk3b/Smpd3/Irs1/Adcyap1r1/Phka1/Enpp1/Mtor/Ncoa2/Igfbp4/Mtch2/Tcf7l2/Epm2aip1/Ncor1/Ranbp2/App/Git1/Phkb"
"GO:0099159","GO:0099159","regulation of modification of postsynaptic structure",22,0.313933230888233,0.987563434940975,0.480314960629921,0.731512019142769,0.600325690507139,1669,"tags=36%, list=18%, signal=30%","Cap2/Rapgef2/Kalrn/Gsk3b/Myh10/Ptk2/Camkv/Itsn1"
"GO:2000241","GO:2000241","regulation of reproductive process",85,-0.230134708833748,-0.981834586252495,0.48,0.731512019142769,0.600325690507139,1180,"tags=20%, list=13%, signal=18%","Kif9/BC005624/Mfn2/Tex11/Insr/Arhgdib/Ago2/Fzr1/Ctnnb1/Mettl3/Ube2b/C1qbp/Park7/Tac1/Trip13/Cfap69/Kit"
"GO:0048477","GO:0048477","oogenesis",53,-0.248407873518351,-0.978479163331853,0.479041916167665,0.731512019142769,0.600325690507139,2333,"tags=38%, list=26%, signal=28%","Inhbb/Ptk2b/Ddx20/Ptn/Washc1/H3f3b/Aspm/Lsm14b/Rec8/Mlh1/Bcas2/Akt1/Ctnnb1/Mettl3/Mdk/Dcaf13/Brca2/Trip13/Spdya/Rec114"
"GO:0043297","GO:0043297","apical junction assembly",30,-0.282709473514227,-0.976672088544747,0.480492813141684,0.731512019142769,0.600325690507139,766,"tags=20%, list=8%, signal=18%","Dlg5/Dlg1/Pof1b/Wdr1/Ctnna1/Actn4"
"GO:0035850","GO:0035850","epithelial cell differentiation involved in kidney development",24,0.303684445882936,0.96914340379942,0.481927710843373,0.733300372114809,0.601793327681534,1126,"tags=21%, list=12%, signal=18%","Magi2/Ext1/Ptpro/Ampd2/Mtss1"
"GO:1990776","GO:1990776","response to angiotensin",29,0.294053923565938,0.990074219112586,0.482824427480916,0.734268341414583,0.602587705385618,1852,"tags=38%, list=20%, signal=30%","Rap1gds1/Ppp3ca/Nr3c2/Prkd1/Prkca/Ddr2/Map3k7/Cybb/Rock1/Hsf1/Ptpn1"
"GO:0051208","GO:0051208","sequestering of calcium ion",66,-0.238349711453627,-0.973079378456041,0.484725050916497,0.736761161533273,0.604633473493183,2069,"tags=33%, list=23%, signal=26%","Casq1/Pkd2/Myo5a/Cherp/Ryr1/Ryr3/Plce1/Atg5/Letm1/Trpm2/Htr2b/Plch2/Dbi/Cyba/Calm2/Ghitm/Gp5/Fkbp1a/Tpcn2/Plch1/Tmem38a/Itgav"
"GO:0046530","GO:0046530","photoreceptor cell differentiation",42,-0.264552913993443,-0.982966101999016,0.485169491525424,0.737039152085522,0.604861610373872,1982,"tags=38%, list=22%, signal=30%","Nphp4/Ush1c/Ptn/Ift140/Ift20/Prkci/Rabl2/Cfap418/Tmem67/Sox8/Bbs4/Pde6c/Dlx1/Slc4a7/Prom1/Ahi1"
"GO:0031396","GO:0031396","regulation of protein ubiquitination",130,-0.216110486081712,-0.98915494714818,0.48590021691974,0.737751514698182,0.605446220832956,2023,"tags=25%, list=22%, signal=19%","Gclc/Mad2l2/Minar1/Rbx1/Rps2/Mapk8/Tcf25/Atg5/Bag2/Pdcd6/Rasd2/Rpl23/Spopl/Rpl5/Akt1/Fzr1/Ctnnb1/Ube2d1/Derl1/Tbc1d7/Stub1/Ddx3x/Ogt/Arrb1/Bag5/Usp44/Cry1/Angpt1/Park7/Ube2l3/Skp1/Tes3-ps"
"GO:0060986","GO:0060986","endocrine hormone secretion",30,-0.281418498381255,-0.972212176523737,0.486652977412731,0.738496548383994,0.606057643270567,1553,"tags=27%, list=17%, signal=22%","Agt/Rab11fip1/Kdm5b/Crhr2/Mfn2/Cry1/Tac1/Rab8b"
"GO:0017004","GO:0017004","cytochrome complex assembly",25,-0.295157218480187,-0.973147816229735,0.48780487804878,0.739050616312615,0.606512346957086,1527,"tags=56%, list=17%, signal=47%","Cox20/Uqcc1/Smim20/Surf1/Stmp1/Cox15/Sco1/Cox14/Fastkd3/Uqcc2/Cyba/Coa3/Uqcrc1/Uqcc5"
"GO:0003401","GO:0003401","axis elongation",20,0.311655550846209,0.9683057256164,0.487571701720841,0.739050616312615,0.606512346957086,2189,"tags=35%, list=24%, signal=27%","Wnt11/Rdh10/Wnt5a/Fgf1/Tmtc3/Tnc/Nkd1"
"GO:0043029","GO:0043029","T cell homeostasis",20,0.311463639956567,0.967709463452147,0.487571701720841,0.739050616312615,0.606512346957086,403,"tags=15%, list=4%, signal=14%","Bcl2/Tgfb2/Rc3h1"
"GO:0071548","GO:0071548","response to dexamethasone",25,0.302979847265052,0.979542816298399,0.488235294117647,0.739305243860037,0.606721310657242,2082,"tags=36%, list=23%, signal=28%","Egfr/Foxo3/Ep300/Gad2/Smyd3/Aqp1/Axin2/Pck2/Hnrnpu"
"GO:0043648","GO:0043648","dicarboxylic acid metabolic process",63,-0.238749728354463,-0.970579601078021,0.488843813387424,0.739829143998797,0.607151256720092,1044,"tags=21%, list=12%, signal=18%","Cs/Acly/Sdhb/Aasdhppt/Dld/D2hgdh/Fahd1/Sucla2/Got2/Oat/Suclg2/Glul/Dlst"
"GO:0010712","GO:0010712","regulation of collagen metabolic process",24,-0.298312912196419,-0.97246202158937,0.490079365079365,0.741300939771149,0.608359106748801,2268,"tags=33%, list=25%, signal=25%","Got1/Suco/Larp6/Ppard/Cygb/Errfi1/Ccn2/Vim"
"GO:0045879","GO:0045879","negative regulation of smoothened signaling pathway",30,-0.279934239155433,-0.967084528907245,0.490759753593429,0.741931859241568,0.608876879740662,2519,"tags=37%, list=28%, signal=27%","Ift122/Kif7/Ulk3/Ptch2/Kctd21/Sall1/Wnt7b/Rb1/Runx2/Ift172/Hhip"
"GO:0006790","GO:0006790","sulfur compound metabolic process",195,0.20356127704685,0.984743907270968,0.491525423728814,0.742690961966647,0.609499848134445,1780,"tags=24%, list=20%, signal=19%","Ndst3/Ppcdc/Chst11/B4galnt4/Hs3st3b1/Gpc1/Ndst4/Hs6st1/Ext1/Igf1/Gcdh/Slc5a6/Far2/Gstm4/Csgalnact1/Pemt/Ogdh/Hs6st2/Mat2b/Chsy1/Slc19a2/Galns/Bpnt2/Gstm5/Hs6st3/Hs3st3a1/Slc25a16/Hlcs/Tpk1/Ehhadh/Sult2a7/Chst2/Ahcyl/Hs3st5/Acot8/Hs3st2/Pxylp1/Enpp1/Dsel/Phgdh/Xylt1/Tcf7l2/Gstz1/Mtrr/Chac2/Eif2ak3"
"GO:0030258","GO:0030258","lipid modification",118,0.220229755664963,0.992505389541707,0.493457943925234,0.744653514966513,0.611110445026869,1507,"tags=21%, list=17%, signal=18%","B3galt1/Plpp6/Dgkb/Hao1/Abcd4/Ppargc1a/Echdc2/Mtmr11/Plppr5/St3gal4/Gcdh/Ppara/Mfsd2a/Irs1/Rnf213/Acads/Mtmr1/Ehhadh/Aldh1l2/Mtmr3/Mtmr2/Lpcat3/Cnr1/Dgkd/Mtor"
"GO:0097193","GO:0097193","intrinsic apoptotic signaling pathway",189,-0.203219166922319,-0.987530800276665,0.493617021276596,0.744653514966513,0.611110445026869,2182,"tags=27%, list=24%, signal=21%","Hras/Eno1/Cyld/Brca1/Stk11/Armc10/G2e3/Mif/Map2k1/Gsdme/Mapt/Opa1/Mlh1/Gpx1/Bok/Atp2a3/Msh2/Plagl2/Sod1/Tpt1/Sod2/Plekhf1/Mllt11/Akt1/Ndufs3/Rrm2b/Stk24/Sfpq/Rrn3/Mbd4/Vdac2/Ctnnb1/Mdm4/Nherf1/Msh6/Trim32/Ddx3x/Bag5/Sgpp1/Rnf7/Fbxo7/Chek2/Hells/Bnip3/Park7/Cycs/Brca2/P4hb/Rpl26/Polb/Ddx5"
"GO:0072523","GO:0072523","purine-containing compound catabolic process",100,0.224386140103149,0.980703940688914,0.493383742911153,0.744653514966513,0.611110445026869,1541,"tags=23%, list=17%, signal=19%","Pde10a/Arnt/Hdac4/Igf1/Ppargc1a/Esrrb/Pde8a/Dpyd/Pde7b/Ppara/Samhd1/Ogdh/Ep300/Pfkl/Bcl2l13/Nt5e/Nt5c1b/Ahcyl/Enpp1/Fkrp/Mtor/Eno4/Nt5c1a"
"GO:0061138","GO:0061138","morphogenesis of a branching epithelium",118,0.219962314097787,0.991300115549515,0.495327102803738,0.746833480845872,0.612899464875567,1277,"tags=18%, list=14%, signal=15%","Bcl2/Prox1/Pkd1/Csmd1/Gna13/Hs3st3b1/Nkx2-1/St14/Ext1/Igf1/Gzf1/Cxcl12/Rdh10/Nfatc3/Hs3st3a1/Col4a1/Fgfr1/Lgr4/Gpc3/Eya1/Grb2"
"GO:0021517","GO:0021517","ventral spinal cord development",22,0.311210643683062,0.97899878708685,0.496062992125984,0.747302546838108,0.613284410520086,1879,"tags=32%, list=21%, signal=25%","Sox1/Gdpd5/Gigyf2/Reln/Scyl1/Dab1/Sufu"
"GO:0042058","GO:0042058","regulation of epidermal growth factor receptor signaling pathway",40,0.265386703817641,0.97419992695481,0.496168582375479,0.747302546838108,0.613284410520086,1549,"tags=22%, list=17%, signal=19%","Egfr/Ccdc88a/Rhbdf1/Cblb/Hip1/Nup62/Dab2ip/Dgkd/Zfyve28"
"GO:0009124","GO:0009124","nucleoside monophosphate biosynthetic process",31,-0.279906284049842,-0.978418920494703,0.496945010183299,0.747672738225594,0.613588213320993,2094,"tags=48%, list=23%, signal=37%","Cad/Nme3/Hprt1/Tyms/Atic/Adss2/Uck1/Ada/Ampd3/Uckl1/Gmps/Aprt/Nme1/Tk2/Ppat"
"GO:2000379","GO:2000379","positive regulation of reactive oxygen species metabolic process",39,-0.26123105063817,-0.960174906493459,0.496881496881497,0.747672738225594,0.613588213320993,1791,"tags=28%, list=20%, signal=23%","Mapt/Agt/Sod1/Sod2/Gnai3/Mfn2/Cyba/Prkcd/Ogt/Park7/Pid1"
"GO:1904063","GO:1904063","negative regulation of cation transmembrane transport",47,0.259047238359208,0.984001670999282,0.498069498069498,0.748188450195655,0.614011439647326,995,"tags=15%, list=11%, signal=13%","Bcl2/Kcne2/Pik3c2a/Tgfb2/Ppp3ca/Ank3/Prkce"
"GO:1901873","GO:1901873","regulation of post-translational protein modification",162,-0.205508601212971,-0.980518238345719,0.497933884297521,0.748188450195655,0.614011439647326,1834,"tags=22%, list=20%, signal=18%","Rbx1/Rps2/Mapk8/Tcf25/Atg5/Bag2/Pdcd6/Dcun1d5/Rasd2/Otud4/Rpl23/Spopl/Rpl5/Akt1/Fzr1/Ctnnb1/Ube2d1/Derl1/Tbc1d7/Stub1/Ddx3x/Dcun1d2/Traf7/Ogt/Arrb1/Bag5/Usp44/Epas1/Cry1/Ube2b/Angpt1/Park7/Ube2l3/Skp1/Tes3-ps"
"GO:0042596","GO:0042596","fear response",45,0.259504467665212,0.974928519264257,0.498084291187739,0.748188450195655,0.614011439647326,1504,"tags=29%, list=17%, signal=24%","Bcl2/Cckbr/Ext1/Large1/Gabra5/Grin2b/Penk/Brinp1/Adrb1/Grik2/Cacna1e/Deaf1/Htr2c"
"GO:0016925","GO:0016925","protein sumoylation",35,0.278236490627999,0.977186112531378,0.5,0.749468085106383,0.615061590145577,1436,"tags=26%, list=16%, signal=22%","Arnt/Hdac4/Zmiz1/Ube2i/Zfp451/Eya1/Pias1/Cbx4/Ifih1"
"GO:0014014","GO:0014014","negative regulation of gliogenesis",32,-0.273568032421254,-0.967208126766252,0.5,0.749468085106383,0.615061590145577,1391,"tags=34%, list=15%, signal=29%","Ptn/Rnf10/Rb1/Nf2/Kdm4a/Nf1/Mfn2/Ctnnb1/Dlx1/Id4/Id2"
"GO:0006473","GO:0006473","protein acetylation",35,-0.268929299352388,-0.966630484479339,0.5,0.749468085106383,0.615061590145577,1256,"tags=23%, list=14%, signal=20%","Dip2b/Bloc1s1/Esco1/Gtf2b/Ddx3x/Nat10/Naa20/Park7"
"GO:0045777","GO:0045777","positive regulation of blood pressure",24,0.29982829164049,0.956837319313486,0.5,0.749468085106383,0.615061590145577,1996,"tags=42%, list=22%, signal=33%","Grip2/Wnk1/Nr3c2/Adrb1/Drd5/Adra2b/Nr2f2/Cnr1/Ptpn1/Manf"
"GO:0031952","GO:0031952","regulation of protein autophosphorylation",27,0.294236988487804,0.972989158291652,0.501937984496124,0.751702685144153,0.616895446289531,2309,"tags=41%, list=25%, signal=30%","Epha7/Rassf2/Vegfc/Nek10/Gfra2/Enpp1/Rad50/Jun/Rap2c/Nbn/Mob1b"
"GO:0048199","GO:0048199","vesicle targeting, to, from or within Golgi",22,-0.303613987048653,-0.972462800602669,0.502024291497976,0.751702685144153,0.616895446289531,3047,"tags=41%, list=34%, signal=27%","Trappc2l/Cep19/Arfgap2/Sar1b/Wipi1/Pdcd6/Ap1ar/Klhl12/Trappc3"
"GO:0050868","GO:0050868","negative regulation of T cell activation",44,0.259512077013328,0.972555585395658,0.503831417624521,0.753309473312124,0.618214079738051,1916,"tags=30%, list=21%, signal=23%","Rc3h1/Ripor2/Tnfrsf21/Dusp22/Peli1/Cblb/Cd74/Pawr/Pag1/Glmn/Mad1l1/Cbfb/Bcl6"
"GO:0070373","GO:0070373","negative regulation of ERK1 and ERK2 cascade",45,0.258413993595519,0.970831733264282,0.503831417624521,0.753309473312124,0.618214079738051,1628,"tags=27%, list=18%, signal=22%","Spred2/Ptprr/Epha4/Igf1/Dmd/Rapgef1/Dusp4/Wnk2/Spred1/Dab2ip/Itgb1bp1/Phlpp1"
"GO:0032418","GO:0032418","lysosome localization",44,-0.256038575869742,-0.962604293455515,0.504166666666667,0.753309473312124,0.618214079738051,2649,"tags=34%, list=29%, signal=24%","Milr1/Arl8b/Fam98a/Def8/D6Wsu163e/Rabgef1/Snap23/Vps33a/Rab3a/Cbl/Cplx2/Bloc1s1/Snx4/Kit/Ywhaz"
"GO:1990849","GO:1990849","vacuolar localization",44,-0.256038575869742,-0.962604293455515,0.504166666666667,0.753309473312124,0.618214079738051,2649,"tags=34%, list=29%, signal=24%","Milr1/Arl8b/Fam98a/Def8/D6Wsu163e/Rabgef1/Snap23/Vps33a/Rab3a/Cbl/Cplx2/Bloc1s1/Snx4/Kit/Ywhaz"
"GO:0060351","GO:0060351","cartilage development involved in endochondral bone morphogenesis",20,0.308416866455892,0.958243217087053,0.504780114722753,0.75382637164214,0.618638279667469,2652,"tags=50%, list=29%, signal=35%","Rarb/Ext1/Smpd3/Atf2/Axin2/Scube2/Trip11/Cbs/Sik3/Poc1a"
"GO:0043001","GO:0043001","Golgi to plasma membrane protein transport",31,-0.278255859485687,-0.972649823077332,0.505091649694501,0.753892091546136,0.618692213636719,1104,"tags=32%, list=12%, signal=28%","Arfrp1/Rab10/Acsl3/Blzf1/Atp2c1/Nsf/Vamp2/Gga2/Pkdcc/Gga3"
"GO:0072577","GO:0072577","endothelial cell apoptotic process",22,0.308316330195872,0.969893926919235,0.505905511811024,0.754707110790611,0.619361070713448,2042,"tags=36%, list=23%, signal=28%","Bmpr2/Foxo3/Map3k5/Braf/Pak4/Gas6/Ptpn1/Abl1"
"GO:1900180","GO:1900180","regulation of protein localization to nucleus",104,-0.218736150368421,-0.973532601404049,0.507337526205451,0.756442935897862,0.620785600152256,1391,"tags=20%, list=15%, signal=17%","Nf2/Sumo1/Ipo5/Pin1/Nf1/Nolc1/Akt1/Fermt2/Akap1/Ran/Nvl/Rbm22/Sirt6/Prkcd/Ogt/Prkcq/Glul/Angpt1/Park7/Ywhaz/Ctnna1"
"GO:0042742","GO:0042742","defense response to bacterium",68,-0.23279469776077,-0.961179567374084,0.508196721311475,0.757178430210444,0.621389193968229,1620,"tags=22%, list=18%, signal=18%","Tusc2/Arg2/Lyst/Pld1/Slc9a9/Rpl30/Rab14/Cyba/Prkcd/Dhx15/Tbk1/Colec12/Rpl39/Tac1/Znfx1"
"GO:0032649","GO:0032649","regulation of type II interferon production",29,-0.280976348272851,-0.960175390282568,0.50836820083682,0.757178430210444,0.621389193968229,299,"tags=10%, list=3%, signal=10%","C1qbp/Ufsp2/Cd226"
"GO:0014003","GO:0014003","oligodendrocyte development",37,0.268411113111933,0.959688017108181,0.508771929824561,0.757379449680726,0.621554163441244,1725,"tags=32%, list=19%, signal=26%","Tenm4/Mobp/Sox11/Cntnap2/Eif2b3/Cntn2/Aspa/Abca2/Ulk4/Enpp1/Tcf7l2/B4galt6"
"GO:0045668","GO:0045668","negative regulation of osteoblast differentiation",31,0.287083778590884,0.979060159280336,0.510763209393346,0.7579414028807,0.622015338287288,1914,"tags=39%, list=21%, signal=31%","Hdac4/Ski/Fndc3b/Gsk3b/Igfbp5/Vegfc/Fgfr1/Smad6/Cdk6/Lrp5/Sox2/Axin2"
"GO:0032608","GO:0032608","interferon-beta production",31,0.28666514576275,0.977632468989354,0.510763209393346,0.7579414028807,0.622015338287288,1436,"tags=26%, list=16%, signal=22%","Irf7/Ptprs/Zc3hav1/Crebbp/Traip/Rnf216/Traf3ip1/Ifih1"
"GO:0032648","GO:0032648","regulation of interferon-beta production",31,0.28666514576275,0.977632468989354,0.510763209393346,0.7579414028807,0.622015338287288,1436,"tags=26%, list=16%, signal=22%","Irf7/Ptprs/Zc3hav1/Crebbp/Traip/Rnf216/Traf3ip1/Ifih1"
"GO:0010389","GO:0010389","regulation of G2/M transition of mitotic cell cycle",68,-0.232376529926527,-0.959453005807718,0.510245901639344,0.7579414028807,0.622015338287288,1513,"tags=21%, list=17%, signal=17%","Zfyve19/Hspa2/Uimc1/Rrm1/Ctc1/Rrm2b/Mbd4/Fzr1/Rint1/Vps4b/Pabir1/Prkcq/Syf2/Kcnh5"
"GO:0019395","GO:0019395","fatty acid oxidation",68,-0.232342304235067,-0.959311692300032,0.510245901639344,0.7579414028807,0.622015338287288,2398,"tags=35%, list=26%, signal=26%","Etfdh/Acox1/Mapk14/Phyh/Hadh/Eci3/Hadha/Por/Dgat2/Ppard/Cygb/Slc25a17/Eci1/Decr1/Akt1/Irs2/Etfa/Dbi/Tysnd1/Acadl/Abcb11/Adipor1/Scp2/Crat"
"GO:0035886","GO:0035886","vascular associated smooth muscle cell differentiation",24,0.298105800555696,0.951340360560535,0.51004016064257,0.7579414028807,0.622015338287288,1382,"tags=29%, list=15%, signal=25%","Qki/Hey2/Pbrm1/Nfatc3/Fgf9/Smad6/Hes1"
"GO:0051384","GO:0051384","response to glucocorticoid",71,0.238932946289625,0.97175484982474,0.511673151750973,0.758492867771826,0.62246790575425,2391,"tags=34%, list=26%, signal=25%","Bcl2/Egfr/Adam9/Sstr4/Foxo3/Nr3c2/Ep300/Gsk3b/Gad2/Igfbp2/Htr7/Fkrp/Smyd3/Aqp1/Bmp6/Glb1/Sstr3/Axin2/Pck2/Hnrnpu/Bckdhb/Fas/Alad/Zfp764l1"
"GO:0098732","GO:0098732","macromolecule deacylation",43,-0.257750978705706,-0.963274598523432,0.511627906976744,0.758492867771826,0.62246790575425,788,"tags=16%, list=9%, signal=15%","Sirt6/Hdac10/Kat14/Nek3/Desi2/Ppt1/Abhd12"
"GO:0032094","GO:0032094","response to food",22,-0.300667214340316,-0.963024411849421,0.512145748987854,0.75861667944488,0.622569513555863,2169,"tags=36%, list=24%, signal=28%","Gfral/Mkks/Acbd7/Etnppl/Akt1/Bbs4/Cck/Comt"
"GO:0140719","GO:0140719","constitutive heterochromatin formation",35,-0.266818594283912,-0.959043836732713,0.512295081967213,0.75861667944488,0.622569513555863,1373,"tags=26%, list=15%, signal=22%","Baz2a/Ezh1/Cenpv/Hat1/Setdb1/Sirt6/Mbd3l2/Hells/Smarca5"
"GO:0061512","GO:0061512","protein localization to cilium",52,0.250459290495578,0.965852707212133,0.512621359223301,0.758701150363058,0.622638835810257,1023,"tags=17%, list=11%, signal=15%","Arl13b/Ccdc88a/Iqce/Tub/Gsk3b/Ccdc66/Invs/Fam149b/Rabep1"
"GO:0018279","GO:0018279","protein N-linked glycosylation via asparagine",31,-0.274789737000701,-0.96053391138362,0.515274949083503,0.762228244890977,0.625533395848297,3334,"tags=45%, list=37%, signal=29%","Alg6/Alg1/Stt3b/Dpm1/Srd5a3/St6gal1/Uggt2/Magt1/Nus1/Alg12/Alg11/Dpagt1/Mgat5/Rft1"
"GO:1904950","GO:1904950","negative regulation of establishment of protein localization",101,0.220912906476684,0.967873400482621,0.518026565464896,0.762723999037648,0.625940243504431,1603,"tags=21%, list=18%, signal=17%","Siah3/Frmd4a/Mtnr1b/Prkn/Ppp3ca/Kcnj6/Pde3b/Oprm1/Klf7/Pfkl/Rab11fip5/Stxbp5l/Irs1/Rhbdf1/Madd/Idh2/Cabp1/Itgb1bp1/Ubac2/Map4k4/Kcnb1"
"GO:0045639","GO:0045639","positive regulation of myeloid cell differentiation",56,0.246791845663568,0.967553973643992,0.517441860465116,0.762723999037648,0.625940243504431,1902,"tags=27%, list=21%, signal=21%","Asxl2/Ets1/Ppp3ca/Foxo3/Ripk1/Prkca/Gsk3b/Acvr2a/Cd74/Ppargc1b/Eeig1/Hsf1/Brd1/Gnas/Jun"
"GO:0019915","GO:0019915","lipid storage",52,0.250029204413929,0.964194155015991,0.518446601941748,0.762723999037648,0.625940243504431,1630,"tags=25%, list=18%, signal=21%","Asxl2/Abcg1/Clstn3/Vstm2a/Srebf2/Ppara/Ldah/Rnf213/Fto/Tmem135/Enpp1/Negr1/Hexa"
"GO:0170062","GO:0170062","nutrient storage",52,0.250029204413929,0.964194155015991,0.518446601941748,0.762723999037648,0.625940243504431,1630,"tags=25%, list=18%, signal=21%","Asxl2/Abcg1/Clstn3/Vstm2a/Srebf2/Ppara/Ldah/Rnf213/Fto/Tmem135/Enpp1/Negr1/Hexa"
"GO:0043547","GO:0043547","positive regulation of GTPase activity",94,0.221453641551806,0.962971689777014,0.518587360594795,0.762723999037648,0.625940243504431,2360,"tags=31%, list=26%, signal=23%","Bcar3/Wnt11/Arhgef7/Rgs6/Ezh2/Rapgef2/Rap1gap/Kalrn/Gsk3b/Ntrk3/Rapgef1/Dennd1a/Mex3b/Rab11fip2/Dennd1b/Map4k4/Asap3/Evi5l/Prex1/Evi5/Arhgef10/Wnt5a/Usp6nl/Agrn/Myo9b/Ralbp1/Arhgap42/Pkp4/Tsc1"
"GO:0043543","GO:0043543","protein acylation",60,-0.23859397572304,-0.960749378240315,0.517171717171717,0.762723999037648,0.625940243504431,1043,"tags=20%, list=12%, signal=18%","Dip2b/Nmt2/Bloc1s1/Esco1/Zdhhc22/Gtf2b/Ddx3x/Glul/Nmt1/Nat10/Naa20/Park7"
"GO:0051489","GO:0051489","regulation of filopodium assembly",49,0.25042810205171,0.958443078765734,0.516765285996055,0.762723999037648,0.625940243504431,1055,"tags=18%, list=12%, signal=16%","Tenm1/Nlgn1/Nrxn1/Plppr5/Rhoq/Ripor2/Dbn1/Tenm2/Myo3a"
"GO:0032371","GO:0032371","regulation of sterol transport",31,-0.273719814658243,-0.956793972972183,0.517311608961303,0.762723999037648,0.625940243504431,1463,"tags=19%, list=16%, signal=16%","Abca3/Pon1/Tmem97/Abca5/Scp2/Lrp1"
"GO:0032374","GO:0032374","regulation of cholesterol transport",31,-0.273719814658243,-0.956793972972183,0.517311608961303,0.762723999037648,0.625940243504431,1463,"tags=19%, list=16%, signal=16%","Abca3/Pon1/Tmem97/Abca5/Scp2/Lrp1"
"GO:0046320","GO:0046320","regulation of fatty acid oxidation",24,-0.293008795222791,-0.955171277193014,0.517857142857143,0.762723999037648,0.625940243504431,1654,"tags=33%, list=18%, signal=27%","Dgat2/Ppard/Akt1/Irs2/Dbi/Tysnd1/Acadl/Abcb11"
"GO:0141137","GO:0141137","positive regulation of gene expression, epigenetic",32,-0.269396875867262,-0.952460875483534,0.516460905349794,0.762723999037648,0.625940243504431,971,"tags=22%, list=11%, signal=20%","Glyr1/Ash2l/Wbp2/Smarcb1/Zmpste24/Smarcd1/Dpy30"
"GO:0006749","GO:0006749","glutathione metabolic process",28,-0.286583138512111,-0.968041204020303,0.519916142557652,0.764116541091043,0.627083052847118,1634,"tags=29%, list=18%, signal=23%","Gclc/Gpx1/Sod1/Sod2/Slc1a2/Glo1/Gstk1/Gstp3"
"GO:0051497","GO:0051497","negative regulation of stress fiber assembly",20,0.303377052980487,0.942584647133708,0.520076481835564,0.764116541091043,0.627083052847118,1263,"tags=25%, list=14%, signal=22%","Ppfia1/Tmeff2/Dlc1/Tjp1/Kank4"
"GO:0002562","GO:0002562","somatic diversification of immune receptors via germline recombination within a single locus",44,0.258222092260371,0.967721198144776,0.521072796934866,0.764384769267284,0.627303178095784,2197,"tags=32%, list=24%, signal=24%","Bcl11b/Tcf3/Ezh2/Kmt5b/Atad5/Shld2/Rnf8/Swap70/Bcl6/Dcaf1/Pms2/Nhej1/Tfrc/Nbn"
"GO:0016444","GO:0016444","somatic cell DNA recombination",44,0.258222092260371,0.967721198144776,0.521072796934866,0.764384769267284,0.627303178095784,2197,"tags=32%, list=24%, signal=24%","Bcl11b/Tcf3/Ezh2/Kmt5b/Atad5/Shld2/Rnf8/Swap70/Bcl6/Dcaf1/Pms2/Nhej1/Tfrc/Nbn"
"GO:0052547","GO:0052547","regulation of peptidase activity",32,-0.268553161063843,-0.949477896049433,0.520576131687243,0.764384769267284,0.627303178095784,1604,"tags=31%, list=18%, signal=26%","Nrdc/Reck/Psma3/Gapdh/Cstb/Bin1/Akt1/Timp3/Park7/Serpind1"
"GO:0002285","GO:0002285","lymphocyte activation involved in immune response",82,0.231950907136179,0.975899504136656,0.522330097087379,0.764548541953935,0.627437580468714,2585,"tags=37%, list=29%, signal=26%","Rora/Phf14/Rc3h1/St3gal1/Lfng/Ep300/Plcl2/Irf8/Kmt5b/Atad5/Cd74/Shld2/Rnf8/Swap70/Enpp1/Mtor/Kmt2a/Bcl6/Abl1/Plxna1/Pms2/Tfrc/Nbn/Tsc1/Socs5/Notch2/Cd81/Stat3/Brd2/Fcer1g"
"GO:0110020","GO:0110020","regulation of actomyosin structure organization",73,0.235427146938454,0.968380049169533,0.522072936660269,0.764548541953935,0.627437580468714,1619,"tags=25%, list=18%, signal=20%","Prox1/Akap13/Wnt11/Ccdc88a/Ppfia1/Prkd1/Tmeff2/Ep300/Dlc1/Carmil1/Tjp1/Kank4/Limch1/Pxn/Itgb1bp1/Braf/Mtor/Asap3"
"GO:2000036","GO:2000036","regulation of stem cell population maintenance",46,0.254754192462603,0.962239113699104,0.522072936660269,0.764548541953935,0.627437580468714,770,"tags=17%, list=8%, signal=16%","Tead1/Arid4a/Arid1a/Elavl1/Esrrb/Sap130/Arid4b/Cnot2"
"GO:1902459","GO:1902459","positive regulation of stem cell population maintenance",36,-0.264617012499768,-0.956886710453089,0.522540983606557,0.764548541953935,0.627437580468714,788,"tags=19%, list=9%, signal=18%","Sirt6/Smarcb1/Ogt/Brd9/Kdm2b/Smarcd1/Rbbp4"
"GO:1901524","GO:1901524","regulation of mitophagy",30,-0.275325064979246,-0.951161285468795,0.521560574948665,0.764548541953935,0.627437580468714,648,"tags=13%, list=7%, signal=12%","Stub1/Ube2a/Cttn/Fbxo7"
"GO:0030177","GO:0030177","positive regulation of Wnt signaling pathway",95,0.222051158045757,0.96410160356448,0.523277467411546,0.76522880288829,0.627995846231211,1555,"tags=19%, list=17%, signal=16%","Ccn4/Tbl1x/Fam53b/Zeb2/Egfr/Lgr5/Usp34/Wnk1/Sox4/Dlx5/Tmem198/Wnk2/Fgf9/Lgr4/Gpc3/Eda/Csnk1g2/Adnp"
"GO:0072384","GO:0072384","organelle transport along microtubule",69,0.237073700184799,0.955616921677366,0.52390438247012,0.765748210477592,0.628422105419771,2027,"tags=26%, list=22%, signal=20%","Agbl4/Syne2/Kif13a/Bicd2/Kifc1/Ap3d1/Borcs5/Kif1b/Madd/Borcs7/Nefh/Bicdl1/Spast/Map2/Kif5b/Nde1/Kif16b/Htt"
"GO:0009161","GO:0009161","ribonucleoside monophosphate metabolic process",37,0.266338839742574,0.952278726569912,0.524366471734893,0.766026292041953,0.628650316990838,1541,"tags=27%, list=17%, signal=23%","Adk/Adsl/Dpyd/Ampd2/Guk1/Nt5e/Nt5c1b/Pals2/Gart/Nt5c1a"
"GO:0000959","GO:0000959","mitochondrial RNA metabolic process",42,-0.259495183781788,-0.964173727815465,0.525423728813559,0.766378917078991,0.628939703717658,2320,"tags=50%, list=26%, signal=37%","Mettl4/Polr1a/Supv3l1/Dars2/Mettl8/Trnt1/Mrpl12/Elac2/Polr2b/Polr1b/Yars2/Kansl3/Cdk5rap1/Tfam/Polrmt/Myg1/Gars1/Mterf3/Aars2/Grsf1/Slirp"
"GO:0045428","GO:0045428","regulation of nitric oxide biosynthetic process",27,0.288067128837656,0.952586534615316,0.525193798449612,0.766378917078991,0.628939703717658,2340,"tags=37%, list=26%, signal=28%","Igf1/Oprm1/Smpd3/Nfatc3/Atp2b4/Acvr2a/Mtor/App/Ptx3/Cd47"
"GO:0045069","GO:0045069","regulation of viral genome replication",40,-0.254790460557817,-0.942915147668135,0.525,0.766378917078991,0.628939703717658,1970,"tags=28%, list=22%, signal=22%","Tarbp2/Tmem39a/Inpp5k/Eif2ak2/Cnot7/Setdb1/Ppih/Ddx3x/Nr5a2/Ddx5/Znfx1"
"GO:0060390","GO:0060390","regulation of SMAD protein signal transduction",29,0.286071778681228,0.963198482282633,0.526717557251908,0.767517373745111,0.629873994291588,1738,"tags=31%, list=19%, signal=25%","Bmper/Tgfb2/Bmpr2/Bmpr1a/Ski/Acvr2a/Smad6/Bmp6/Acvr1"
"GO:0072595","GO:0072595","maintenance of protein localization in organelle",32,-0.26710682173706,-0.944364319223423,0.526748971193416,0.767517373745111,0.629873994291588,2261,"tags=28%, list=25%, signal=21%","Hdac3/Sun2/Grk2/Supt7l/Akt1/Bbs4/Park7/Rer1/Skp1"
"GO:0032869","GO:0032869","cellular response to insulin stimulus",171,0.20492529445573,0.972864218158285,0.527102803738318,0.767636021154821,0.629971363967406,967,"tags=15%, list=11%, signal=13%","Epha3/Erbb4/Epha6/Pik3r3/Epha5/Epha7/Phip/Epha4/Igf1r/Bcar3/Egfr/Rhoq/Pde3b/Tbc1d4/Akt3/Plcb1/Prkca/Gsk3b/Ntrk3/Sesn3/Irs1/Ncoa1/Capn10/Ddr2/Slc25a33"
"GO:1903421","GO:1903421","regulation of synaptic vesicle recycling",34,-0.267847411457285,-0.961118022776008,0.529292929292929,0.769985586950747,0.63189956838773,1359,"tags=29%, list=15%, signal=25%","Synj1/Ap2m1/Sh3gl1/Vamp2/Dnm1/Cyfip1/Ophn1/Arpc3/Park7/Pip5k1c"
"GO:0007052","GO:0007052","mitotic spindle organization",77,-0.229602754440962,-0.96022987226664,0.529535864978903,0.769985586950747,0.63189956838773,2402,"tags=34%, list=26%, signal=25%","Wrap73/Rab11a/Poldip2/Cep97/Tbce/Zfp207/Ptpa/Bccip/Ckap5/Kif11/Cep192/Chmp7/Spc25/Mzt1/Ccsap/Chmp4b/Chmp2a/Racgap1/Chmp3/Vps4b/Rae1/Spice1/Chmp1b2/Stmn1/Chek2/Cltc"
"GO:0060117","GO:0060117","auditory receptor cell development",22,0.301084356873461,0.947143763148825,0.529527559055118,0.769985586950747,0.63189956838773,1391,"tags=32%, list=15%, signal=27%","Ankrd24/Cdh23/Ripor2/Myo3a/Fgfr1/Atp2b2/Myo3b"
"GO:2000781","GO:2000781","positive regulation of double-strand break repair",61,0.243376714885038,0.962991132320487,0.530332681017613,0.770746516300996,0.632524035827309,1401,"tags=21%, list=15%, signal=18%","Arid1a/Smchd1/Spire2/Crebbp/Ep400/Meaf6/Vps72/Peli1/Pbrm1/Arid2/Kmt5b/Shld2/Rnf8"
"GO:1902373","GO:1902373","negative regulation of mRNA catabolic process",48,0.250482246696064,0.956578928188331,0.531007751937985,0.771139016152577,0.632846146384974,2491,"tags=44%, list=27%, signal=32%","Qki/Elavl1/Igf2bp3/Rbm38/Vip/Thrap3/Taf15/Nrde2/Tent4a/Ptbp1/Mtor/Syncrip/Upf3a/Rbm24/Axin2/Hnrnpu/Tent5a/Tardbp/Hnrnpa0/Hnrnpd/Ybx1"
"GO:0009062","GO:0009062","fatty acid catabolic process",67,-0.231579139279363,-0.951750798753248,0.531568228105906,0.771139016152577,0.632846146384974,1573,"tags=24%, list=17%, signal=20%","Ppard/Slc25a17/Eci1/Decr2/Lpin2/Decr1/Akt1/Irs2/Etfa/Dbi/Tysnd1/Acadl/Abcb11/Nudt7/Scp2/Crat"
"GO:0042789","GO:0042789","mRNA transcription by RNA polymerase II",37,-0.261983054623711,-0.950866811058073,0.531697341513292,0.771139016152577,0.632846146384974,874,"tags=19%, list=10%, signal=17%","Taf2/Taf13/Taf10/Ncbp2/Epas1/Taf7/Taf9"
"GO:1900744","GO:1900744","regulation of p38MAPK cascade",25,0.29403902496732,0.950636873105809,0.531372549019608,0.771139016152577,0.632846146384974,1628,"tags=24%, list=18%, signal=20%","Sash1/Map3k5/Dab2ip/Ulk4/Mfhas1/Phlpp1"
"GO:0050852","GO:0050852","T cell receptor signaling pathway",62,0.241649995146416,0.962560800452748,0.532038834951456,0.771237364656998,0.632926857476906,2042,"tags=31%, list=23%, signal=24%","Rc3h1/Fyn/Eif2b3/Wnk1/Tnfrsf21/Cd247/Dusp22/Cblb/Pawr/Pde4b/Phpt1/Braf/Dennd1b/Rnf31/Lipa/Elf1/Khdrbs1/Btrc/Abl1"
"GO:0002287","GO:0002287","alpha-beta T cell activation involved in immune response",22,0.300046384621741,0.943878535573577,0.533464566929134,0.771716195896458,0.633319817109752,2559,"tags=41%, list=28%, signal=29%","Rora/Rc3h1/Ep300/Mtor/Kmt2a/Bcl6/Socs5/Stat3/Brd2"
"GO:0002293","GO:0002293","alpha-beta T cell differentiation involved in immune response",22,0.300046384621741,0.943878535573577,0.533464566929134,0.771716195896458,0.633319817109752,2559,"tags=41%, list=28%, signal=29%","Rora/Rc3h1/Ep300/Mtor/Kmt2a/Bcl6/Socs5/Stat3/Brd2"
"GO:0002294","GO:0002294","CD4-positive, alpha-beta T cell differentiation involved in immune response",22,0.300046384621741,0.943878535573577,0.533464566929134,0.771716195896458,0.633319817109752,2559,"tags=41%, list=28%, signal=29%","Rora/Rc3h1/Ep300/Mtor/Kmt2a/Bcl6/Socs5/Stat3/Brd2"
"GO:0042093","GO:0042093","T-helper cell differentiation",22,0.300046384621741,0.943878535573577,0.533464566929134,0.771716195896458,0.633319817109752,2559,"tags=41%, list=28%, signal=29%","Rora/Rc3h1/Ep300/Mtor/Kmt2a/Bcl6/Socs5/Stat3/Brd2"
"GO:0045621","GO:0045621","positive regulation of lymphocyte differentiation",61,0.242804690083387,0.960727748940868,0.534246575342466,0.772249256964385,0.633757281218764,2559,"tags=39%, list=28%, signal=28%","Arid1a/Zmiz1/Foxo3/Sox4/Sox12/Ep300/Ap3d1/Ambra1/Pbrm1/Arid2/Itpkb/Cd74/Tox/Gas6/Cbfb/Bcl6/Egr3/Il1rl2/Socs5/Smarca4/Smarcd3/Smarcd2/Xrcc6/Brd2"
"GO:0008542","GO:0008542","visual learning",54,0.245435674967194,0.952987419313332,0.534381139489195,0.772249256964385,0.633757281218764,1709,"tags=30%, list=19%, signal=24%","Ppp1r1b/Cacna1c/Atxn1/Ap1s2/Nts/Grin1/Drd5/Cacna1e/Pias1/Nptn/Deaf1/Braf/Mtor/Tafa2/Kmt2a/Ddhd2"
"GO:0099563","GO:0099563","modification of synaptic structure",47,0.252193166940895,0.957966196653031,0.534749034749035,0.77238481800245,0.633868531303045,1396,"tags=26%, list=15%, signal=22%","Dlgap4/Ctnna2/Epha4/Cap2/Rapgef2/Kalrn/Gsk3b/Myh10/Ptk2/Itpka/Camkv/Cabp1"
"GO:0006383","GO:0006383","transcription by RNA polymerase III",44,0.256772817194041,0.962289849527957,0.53639846743295,0.774370328496954,0.635497968588326,647,"tags=14%, list=7%, signal=13%","Tenm1/Baz1b/Setd5/Ell/Gtf3c2/Ski"
"GO:1903313","GO:1903313","positive regulation of mRNA metabolic process",94,0.219621797524356,0.955006077081915,0.537174721189591,0.775093888536747,0.636091768374448,2491,"tags=41%, list=27%, signal=30%","Rbmxl1/Qki/Rc3h1/Elavl1/Wdr77/Gigyf2/Pan3/Zc3hav1/Tnrc6c/Tnrc6b/Cnot2/Upf3b/Prpf19/Tut4/Thrap3/Fto/Tent4a/Tra2a/Cpeb3/Rock1/Syncrip/Upf3a/Dhx36/Rbm24/Celf1/Alkbh5/Dis3l2/Tra2b/Hnrnpu/Ythdf3/Tardbp/Celf3/Samd4/Hnrnpd/Nanos1/Cdc73/Tnrc6a/Dcp1b/Ybx1"
"GO:0072331","GO:0072331","signal transduction by p53 class mediator",87,-0.22349620344182,-0.954888479588842,0.53862660944206,0.776791087721456,0.637484598903306,1612,"tags=23%, list=18%, signal=19%","Bok/Hapstr1/Msh2/Kdm8/Rpl23/Eef1e1/Smyd2/Rpl5/Rrm2b/Rrn3/Mdm4/Dyrk3/Ndufs6/Chek2/Zmpste24/Pla2r1/Brca2/Rpf2/Rpl26/Ddx5"
"GO:0080164","GO:0080164","regulation of nitric oxide metabolic process",28,0.283028337792536,0.946986801367582,0.539047619047619,0.777000608939228,0.637656545455711,2492,"tags=39%, list=27%, signal=29%","Igf1/Oprm1/Smpd3/Nfatc3/Atp2b4/Acvr2a/Mtor/App/Ptx3/Cd47/Npy"
"GO:0010948","GO:0010948","negative regulation of cell cycle process",173,-0.205081539873606,-0.977636505332587,0.540305010893246,0.777248102224637,0.637859654322785,2482,"tags=30%, list=27%, signal=22%","Tti1/Mbtps2/Bub3/Fgfr2/Nabp1/Mapk14/Rps27l/Sde2/Miip/Kat2b/Brca1/Pkd2/Zfp207/Xpc/Tnks/Trim37/Crlf3/Lcmt1/Brcc3dc/Rb1/Gen1/Cep192/Tmem67/Zfyve19/Msh2/Spc25/Macroh2a1/Uimc1/Eif2ak4/Nubp1/Mbd4/Prpf4b/Fzr1/Chmp2a/Nsun2/Rint1/Pabir1/Dlg1/Dync1li1/Kntc1/Usp44/Fbxo7/Tipin/Chek2/Cry1/Smarca5/Brca2/Trip13/Syf2/Ccnf/Rpl24/Tmsb4x"
"GO:0051222","GO:0051222","positive regulation of protein transport",184,0.201835075523562,0.968909060013596,0.540037243947858,0.777248102224637,0.637859654322785,1276,"tags=17%, list=14%, signal=15%","Tenm1/Frmd4a/Doc2b/Cacna1c/Adcy8/Egfr/Cask/Prkn/Abcg1/Tgfb2/Adam9/Igf1/Cacna1d/Myo18a/Sox4/Pla2g6/Prkd1/Plcb1/Ep300/Gsk3b/Capn10/Cep290/Prkce/Vegfc/Fto/Uaca/Itpr1/Myh10/Rapgef4/Chrm3/Ptbp1/Akap5"
"GO:0051293","GO:0051293","establishment of spindle localization",31,-0.270504687652435,-0.945555421808696,0.539714867617108,0.777248102224637,0.637859654322785,2292,"tags=35%, list=25%, signal=27%","Dync1h1/Pafah1b1/Gpsm1/Itgb1/Ankfn1/Hdac3/Bccip/Ska2/Spry1/Mcph1/Ubxn2b"
"GO:0070302","GO:0070302","regulation of stress-activated protein kinase signaling cascade",23,-0.292616341465262,-0.942944603598575,0.540322580645161,0.777248102224637,0.637859654322785,1845,"tags=35%, list=20%, signal=28%","Map2k1/Klhdc10/Eif2ak2/Prdx1/Crhr2/Map2k2/Nbr1/Zmpste24"
"GO:1900242","GO:1900242","regulation of synaptic vesicle endocytosis",28,-0.282114514999981,-0.952946765082079,0.540880503144654,0.77765370299063,0.63819251633126,2647,"tags=46%, list=29%, signal=33%","Cxadr/Snx9/Ppp3cb/Rac1/Snap91/Tor1a/Ap2m1/Sh3gl1/Dnm1/Ophn1/Arpc3/Park7/Pip5k1c"
"GO:0006400","GO:0006400","tRNA modification",69,-0.229215775405109,-0.95098008887827,0.542,0.778865884752677,0.639187310448482,1389,"tags=25%, list=15%, signal=21%","Mtfmt/Cdk5rap1/Mettl6/Dus2/Trmt9b/Adat2/Alkbh8/Akt1/Tprkb/Thg1l/Nsun2/Dus1l/Lcmt2/Trmu/Nat10/Trmt44/Trmt13"
"GO:0040036","GO:0040036","regulation of fibroblast growth factor receptor signaling pathway",26,0.287592171657121,0.939485914729929,0.542801556420233,0.779620176346696,0.639806330519477,2070,"tags=31%, list=23%, signal=24%","Smoc2/Gpc1/Nrxn1/Fam20c/Nptn/Tcf7l2/Wnt5a/Apln"
"GO:0050866","GO:0050866","negative regulation of cell activation",75,0.229534723988395,0.9561005891598,0.543233082706767,0.77984249977976,0.639988783391033,1916,"tags=27%, list=21%, signal=21%","Lrfn5/Prkg1/Sox11/Rc3h1/Ubash3b/Ripor2/Tnfrsf21/Dusp22/Peli1/Cblb/Cd74/Pawr/Grn/Cnr1/Pag1/Glmn/Mad1l1/Cbfb/Tyro3/Bcl6"
"GO:0120192","GO:0120192","tight junction assembly",25,0.29223293884775,0.94479774320984,0.545098039215686,0.781723294915931,0.641532284535617,1167,"tags=24%, list=13%, signal=21%","Pard3/Pecam1/Wnt11/Afdn/Tbcd/Tjp1"
"GO:0010614","GO:0010614","negative regulation of cardiac muscle hypertrophy",20,-0.305761074893819,-0.938452713196462,0.544885177453027,0.781723294915931,0.641532284535617,1474,"tags=30%, list=16%, signal=25%","Rgs2/P2rx4/Akap1/Errfi1/Stub1/Tomm70a"
"GO:0046460","GO:0046460","neutral lipid biosynthetic process",31,-0.269400061892381,-0.941694176794596,0.545824847250509,0.781969709990816,0.641734508553966,1719,"tags=26%, list=19%, signal=21%","Pnpla2/Plce1/Dgat2/Mogat1/Cnep1r1/Lpin2/Acsl1/Fitm2"
"GO:0046463","GO:0046463","acylglycerol biosynthetic process",31,-0.269400061892381,-0.941694176794596,0.545824847250509,0.781969709990816,0.641734508553966,1719,"tags=26%, list=19%, signal=21%","Pnpla2/Plce1/Dgat2/Mogat1/Cnep1r1/Lpin2/Acsl1/Fitm2"
"GO:0001776","GO:0001776","leukocyte homeostasis",58,-0.23735550740202,-0.946170990271653,0.546370967741935,0.782354363362182,0.642050179786603,1899,"tags=29%, list=21%, signal=23%","Rc3h2/Mif/Spns2/Mecom/Bap1/Sos1/Ada/Ppp2ca/Nf1/Slc37a4/Akt1/Bbs4/Lmo1/Ppp2r3c/Wdr37/Pik3cd/Gpr183"
"GO:1903320","GO:1903320","regulation of protein modification by small protein conjugation or removal",157,-0.201532130788556,-0.957015471690405,0.546777546777547,0.782538916617129,0.642201636026982,1834,"tags=24%, list=20%, signal=19%","Gclc/Mad2l2/Minar1/Rbx1/Rps2/Mapk8/Tcf25/Atg5/Bag2/Pdcd6/Dcun1d5/Rasd2/Otud4/Rpl23/Spopl/Rpl5/Akt1/Fzr1/Ctnnb1/Ube2d1/Derl1/Tbc1d7/Stub1/Ddx3x/Dcun1d2/Traf7/Ogt/Arrb1/Bag5/Usp44/Epas1/Cry1/Angpt1/Park7/Ube2l3/Skp1/Tes3-ps"
"GO:0090313","GO:0090313","regulation of protein targeting to membrane",22,0.296588403116643,0.933000502421515,0.547244094488189,0.782809065110516,0.642423337211088,1603,"tags=27%, list=18%, signal=23%","Fyn/Mtcl1/Ank3/Itgb1bp1/Cemip/Kcnb1"
"GO:0007606","GO:0007606","sensory perception of chemical stimulus",23,0.292377075710144,0.93375699341185,0.549407114624506,0.784708185003476,0.643981876826654,2050,"tags=39%, list=23%, signal=30%","B2m/Asic2/Igf1/Syt10/Gnal/Or5aq6/Nav2/Gnas/Dmxl2"
"GO:0045923","GO:0045923","positive regulation of fatty acid metabolic process",23,0.292326336323537,0.933594948364473,0.549407114624506,0.784708185003476,0.643981876826654,2029,"tags=26%, list=22%, signal=20%","Ppargc1a/Ppara/Irs1/Cd74/Sirt2/Srebf1"
"GO:0042790","GO:0042790","nucleolar large rRNA transcription by RNA polymerase I",20,-0.303903016302783,-0.932749894004578,0.549060542797495,0.784708185003476,0.643981876826654,1867,"tags=35%, list=21%, signal=28%","Polr2e/Macroh2a2/Ercc3/Polr1f/Macroh2a1/Ubtf/Smarcb1"
"GO:0045600","GO:0045600","positive regulation of fat cell differentiation",43,0.254145884931593,0.950424513712047,0.550094517958412,0.784937393887946,0.644169980341346,2082,"tags=35%, list=23%, signal=27%","Asxl2/Igf1/Vstm2a/Ccdc3/Fndc3b/Wdfy2/Cebpa/Klf5/Fndc5/Zbtb16/Htr2c/Lrp5/Axin2/Rreb1/Hnrnpu"
"GO:0006779","GO:0006779","porphyrin-containing compound biosynthetic process",23,-0.290301881488396,-0.93548634773186,0.550403225806452,0.784937393887946,0.644169980341346,2509,"tags=43%, list=28%, signal=32%","Cox15/Ireb2/Slc6a9/Abcb7/Tmem14c/Srrd/Uros/Cpox/Alas1/Snx3"
"GO:0033014","GO:0033014","tetrapyrrole biosynthetic process",23,-0.290301881488396,-0.93548634773186,0.550403225806452,0.784937393887946,0.644169980341346,2509,"tags=43%, list=28%, signal=32%","Cox15/Ireb2/Slc6a9/Abcb7/Tmem14c/Srrd/Uros/Cpox/Alas1/Snx3"
"GO:0042475","GO:0042475","odontogenesis of dentin-containing tooth",46,-0.247391111856831,-0.942014870962981,0.553014553014553,0.787465897117236,0.646245032298595,1540,"tags=28%, list=17%, signal=24%","Lama5/Nf2/Traf6/Runx2/Prkcb/Itga6/Ctnnb1/Pdgfra/Dlx1/Jag2/Rogdi/Rspo2/Ctnna1"
"GO:0051591","GO:0051591","response to cAMP",39,0.257223980993136,0.938038873768913,0.55278310940499,0.787465897117236,0.646245032298595,2211,"tags=33%, list=24%, signal=25%","Slc8a3/Rapgef2/Penk/Akap7/Igfbp5/Rapgef1/Itpr1/Braf/Aqp1/Akap6/Srebf1/Bckdhb/Akap9"
"GO:0051016","GO:0051016","barbed-end actin filament capping",20,0.296684784451056,0.921791942120702,0.552581261950287,0.787465897117236,0.646245032298595,1213,"tags=20%, list=13%, signal=17%","Svil/Add3/Carmil1/Cracd"
"GO:0070972","GO:0070972","protein localization to endoplasmic reticulum",54,-0.241516217593456,-0.95164515864869,0.553752535496957,0.787683884446366,0.646423926685094,1101,"tags=26%, list=12%, signal=23%","Sec61a1/Rab3gap1/Srp9/Ywhae/Srp72/Sec61b/Akt1/Sec61g/Get4/Chmp4b/Srp68/Srp54c/Rer1/Gabarapl2"
"GO:0090497","GO:0090497","mesenchymal cell migration",34,0.272958818528237,0.947742046503793,0.554240631163708,0.787683884446366,0.646423926685094,649,"tags=15%, list=7%, signal=14%","Erbb4/Sema4g/Zeb2/Cdh2/Sema3f"
"GO:0002209","GO:0002209","behavioral defense response",41,0.254964836272685,0.943785547046211,0.554285714285714,0.787683884446366,0.646423926685094,1504,"tags=29%, list=17%, signal=25%","Bcl2/Cckbr/Large1/Gabra5/Grin2b/Penk/Brinp1/Ep300/Grik2/Cacna1e/Deaf1/Htr2c"
"GO:0002526","GO:0002526","acute inflammatory response",27,0.282324226766432,0.933595783380572,0.554263565891473,0.787683884446366,0.646423926685094,2668,"tags=48%, list=29%, signal=34%","Ext1/Ephb6/Plscr1/Eif2ak1/Cnr1/Acvr1/Lipa/Tfrc/Mylk3/Npy/Stat3/Fcer1g/Ednrb"
"GO:0098930","GO:0098930","axonal transport",52,0.245502921827578,0.946739333192517,0.555339805825243,0.788784058878797,0.647326800402196,2486,"tags=37%, list=27%, signal=27%","Agbl4/Dlg2/Dst/Ap3d1/Ank3/Borcs5/Kif5c/Kif1b/Madd/Spast/Map1a/Map2/Kif5b/Bsn/Arl8a/Fez1/Ap3s2/Kif1a/Kif21a"
"GO:0002931","GO:0002931","response to ischemia",39,0.256383413731951,0.93497351118505,0.556621880998081,0.790206781185184,0.648494377596597,1866,"tags=21%, list=21%, signal=16%","Bcl2/Faim2/Map3k5/Cpeb4/Rcan1/Hyou1/Ppif/Panx2"
"GO:0016601","GO:0016601","Rac protein signal transduction",42,-0.252211594292579,-0.937111007315829,0.557203389830508,0.790634014371789,0.648844992557178,2968,"tags=48%, list=33%, signal=32%","Arhgap44/Nisch/Lrp4/Ssx2ip/Eps8/Nckap1/Rac1/Arhgap24/Dbnl/Rac3/Crkl/Pik3cg/Nf1/Wasf1/Dynlt1c/Cyfip1/Kras/Ogt/Rasgrf1/Garre1"
"GO:0046148","GO:0046148","pigment biosynthetic process",34,-0.262565844453545,-0.942166153097017,0.557575757575758,0.790764209787864,0.648951839267841,2509,"tags=38%, list=28%, signal=28%","Cox15/Ireb2/Slc6a9/Myo5a/Ddt/Abcb7/Tmem14c/Srrd/Uros/Cpox/Alas1/Snx3/Slc24a5"
"GO:0050764","GO:0050764","regulation of phagocytosis",50,0.244654152931905,0.937686083969916,0.55818540433925,0.791019825099231,0.649161613590457,1819,"tags=30%, list=20%, signal=24%","Rap1gap/Plscr1/Myo18a/Tub/Rapgef1/Lman2/Camk1d/Colec10/Colec11/Ptk2/Mex3b/Rab31/Gas6/Pros1/Calr"
"GO:0097062","GO:0097062","dendritic spine maintenance",20,0.295543731871958,0.918246721306987,0.558317399617591,0.791019825099231,0.649161613590457,1445,"tags=35%, list=16%, signal=29%","Igf1r/Cntnap2/Fyn/Grin2b/Grin1/Itpka/Mtmr2"
"GO:0006096","GO:0006096","glycolytic process",67,0.234308307938287,0.945573308159402,0.559686888454012,0.792561634001711,0.650426920885196,2283,"tags=33%, list=25%, signal=25%","Arnt/Hdac4/Igf1/Ppargc1a/Esrrb/Ppara/Ogdh/Ep300/Pfkl/Bcl2l13/Enpp1/Fkrp/Mtor/Eno4/Mtch2/Ncor1/Lipa/App/Git1/Rptor/Adpgk/Pfkfb3"
"GO:0015813","GO:0015813","L-glutamate transmembrane transport",22,-0.29256493522677,-0.937073153428773,0.560728744939271,0.793638173399732,0.651310398176837,1329,"tags=45%, list=15%, signal=39%","Itgb1/Arl6ip5/Grm1/Per2/Slc17a6/Slc1a2/Cln8/Arl6ip1/Slc25a22/Slc25a13"
"GO:0045661","GO:0045661","regulation of myoblast differentiation",43,0.251957817874938,0.942241841114965,0.561436672967864,0.794241237160362,0.651805310986259,997,"tags=21%, list=11%, signal=19%","Arid1a/Prickle1/Ripor2/Sox4/Plcb1/Map3k5/Pbrm1/Cdon/Arid2"
"GO:0032892","GO:0032892","positive regulation of organic acid transport",32,-0.260084812852375,-0.919537792529567,0.561728395061728,0.794255201848445,0.651816771305156,715,"tags=16%, list=8%, signal=14%","Arl6ip1/Acsl1/Abcb11/Pla2r1/Cck"
"GO:0008202","GO:0008202","steroid metabolic process",149,-0.203542404335792,-0.957728126736685,0.562367864693446,0.794374053946748,0.651914308961565,2212,"tags=28%, list=24%, signal=22%","Rest/Cyp39a1/Cyp2r1/Egr1/Lepr/Cyb5r2/Nr0b1/Fdft1/Por/Hsd17b7/Sqle/Plekha1/Dgat2/Fdx1/Erlin1/Cyp46a1/Sod1/Pon1/Slc37a4/Cat/Soat1/Dhrs11/Cln8/Errfi1/Asah1/Pdgfra/Gpr146/Dhcr24/Msmo1/Stub1/Acadl/Ywhah/Abca5/Nr5a2/Abcb11/Npc1/Igfbp7/Comt/Idi2/Kit/Scp2/Lrp1"
"GO:1901019","GO:1901019","regulation of calcium ion transmembrane transporter activity",33,0.272508196542385,0.937799898506888,0.562376237623762,0.794374053946748,0.651914308961565,1456,"tags=21%, list=16%, signal=18%","Fgf14/Stac/Dmd/Stimate/Ank2/Jph3/Asph"
"GO:0090068","GO:0090068","positive regulation of cell cycle process",145,0.208160587345172,0.968105751538215,0.564338235294118,0.795152573529412,0.652553212074303,1842,"tags=26%, list=20%, signal=21%","Svil/Phip/Tfdp1/Igf1r/Egfr/Ino80/Ezh2/Igf1/Plscr1/Wnk1/Crebbp/Sgo2a/Plcb1/Cul4a/Smpd3/Mta3/Ddr2/Prkce/Ube2e2/Eif4g3/Edn3/Atad5/Fgfr1/Nup62/Rad51c/Rad18/Incenp/Spast/Lrp5/Stxbp4/Ankrd17/Kmt2e/Mad1l1/Rad51b/Ncapd2/Ccnd2/Wnt5a"
"GO:0014020","GO:0014020","primary neural tube formation",74,0.230923017415627,0.954102430164648,0.563218390804598,0.795152573529412,0.652553212074303,2638,"tags=36%, list=29%, signal=26%","Zeb2/St14/Arid1a/Tgfb2/Kdm2a/Prickle1/Ski/Hectd1/Dlc1/Deaf1/Glmn/Wnt5a/Sufu/Ift57/Gatad2a/Abl1/Apaf1/Fzd3/Mthfd1/Lrp2/Tsc1/Rps7/Mthfd1l/Brd2/Lrp6/Luzp1/Lmo4"
"GO:0042445","GO:0042445","hormone metabolic process",99,0.217785871917738,0.951900613729681,0.56390977443609,0.795152573529412,0.652553212074303,1821,"tags=24%, list=20%, signal=20%","Hsd3b4/Igf1r/Arnt/Igf1/Ppargc1a/Kcnj6/Tg/Fshr/Dhrs3/Ece2/Rdh10/Mme/Reln/Cacna1h/Corin/Sult2a7/Kcnma1/Enpp1/Atp1a1/Bmp6/Tcf7l2/Dkk3/Iyd/Slco4a1"
"GO:0048710","GO:0048710","regulation of astrocyte differentiation",21,0.298819163997217,0.935839936434106,0.56420233463035,0.795152573529412,0.652553212074303,1973,"tags=38%, list=22%, signal=30%","Epha4/Qki/Cntn2/Ntrk3/Prpf19/Hes1/Dab1/Nr2e1"
"GO:0060688","GO:0060688","regulation of morphogenesis of a branching structure",31,-0.265909373563285,-0.929492394621926,0.564154786150713,0.795152573529412,0.652553212074303,2428,"tags=29%, list=27%, signal=21%","Ntn4/Fgfr2/Sall1/Agt/Sox8/Ctnnb1/Sirt6/Mdk/Pdgfra"
"GO:0071715","GO:0071715","icosanoid transport",23,0.286825799086205,0.916028026948333,0.565217391304348,0.795993307693979,0.653243172464111,718,"tags=17%, list=8%, signal=16%","Abcc10/Slco3a1/Sstr4/Pla2g6"
"GO:0061458","GO:0061458","reproductive system development",176,-0.201696932947541,-0.965354990269257,0.56745182012848,0.796783522745061,0.653891673628516,2225,"tags=30%, list=25%, signal=23%","Phb1/H3f3b/Psap/Tmf1/Nr0b1/Stk11/Aspm/Crkl/Dnajc19/Lsm14b/Prdx4/Rec8/Slit3/Grk2/Plekha1/Eif2s2/Bok/Mmp14/Agt/Msh2/Kdm5b/Sod1/Bcas2/Cbl/Sox8/Rrm1/Wdr19/Eif2b2/Mfn2/Tex11/Adam25/Eif2b5/Insr/Nup107/Errfi1/Ctnnb1/Spata2/Tcf7/Pdgfra/Dhcr24/Dlg1/Ndufs6/Arrb1/Id4/Tnfsf10/Angpt1/Brca2/Itgav/Gfra1/Kit/Ctnna1/Nhlh2"
"GO:0001843","GO:0001843","neural tube closure",72,0.231163219065413,0.944866470743153,0.569471624266145,0.796783522745061,0.653891673628516,2638,"tags=36%, list=29%, signal=26%","Zeb2/St14/Arid1a/Tgfb2/Kdm2a/Prickle1/Ski/Hectd1/Dlc1/Deaf1/Glmn/Wnt5a/Sufu/Ift57/Gatad2a/Abl1/Apaf1/Fzd3/Mthfd1/Lrp2/Tsc1/Rps7/Mthfd1l/Brd2/Lrp6/Lmo4"
"GO:0060606","GO:0060606","tube closure",72,0.231163219065413,0.944866470743153,0.569471624266145,0.796783522745061,0.653891673628516,2638,"tags=36%, list=29%, signal=26%","Zeb2/St14/Arid1a/Tgfb2/Kdm2a/Prickle1/Ski/Hectd1/Dlc1/Deaf1/Glmn/Wnt5a/Sufu/Ift57/Gatad2a/Abl1/Apaf1/Fzd3/Mthfd1/Lrp2/Tsc1/Rps7/Mthfd1l/Brd2/Lrp6/Lmo4"
"GO:0071867","GO:0071867","response to monoamine",34,0.271111088899515,0.941326532730864,0.570019723865878,0.796783522745061,0.653891673628516,2027,"tags=35%, list=22%, signal=28%","Adcy5/Oprm1/Prkd1/Htr7/Drd5/Gnal/Htr2c/Rnls/Nr4a3/Gnas/App/Htt"
"GO:0071869","GO:0071869","response to catecholamine",34,0.271111088899515,0.941326532730864,0.570019723865878,0.796783522745061,0.653891673628516,2027,"tags=35%, list=22%, signal=28%","Adcy5/Oprm1/Prkd1/Htr7/Drd5/Gnal/Htr2c/Rnls/Nr4a3/Gnas/App/Htt"
"GO:0002687","GO:0002687","positive regulation of leukocyte migration",56,0.239810439101247,0.940183184131739,0.569767441860465,0.796783522745061,0.653891673628516,2042,"tags=30%, list=23%, signal=24%","Pecam1/Wnk1/Ripor2/Cxcl12/Vegfc/Camk1d/Edn3/Cd74/Pawr/Ptk2/Pdgfd/Swap70/Gas6/Calr/Wnt5a/App/Abl1"
"GO:0010762","GO:0010762","regulation of fibroblast migration",34,0.269500651482287,0.935734922751749,0.570019723865878,0.796783522745061,0.653891673628516,1493,"tags=26%, list=16%, signal=22%","Gna13/Zeb2/Ddr2/Prkce/Fgfr1/Ptk2/Itgb1bp1/Braf/Aqp1"
"GO:0006584","GO:0006584","catecholamine metabolic process",34,-0.260277143545369,-0.933953597748344,0.56969696969697,0.796783522745061,0.653891673628516,386,"tags=12%, list=4%, signal=11%","Epas1/Park7/Comt/Vps35"
"GO:0009712","GO:0009712","catechol-containing compound metabolic process",34,-0.260277143545369,-0.933953597748344,0.56969696969697,0.796783522745061,0.653891673628516,386,"tags=12%, list=4%, signal=11%","Epas1/Park7/Comt/Vps35"
"GO:0022011","GO:0022011","myelination in peripheral nervous system",21,0.29818722667967,0.933860839206296,0.568093385214008,0.796783522745061,0.653891673628516,2005,"tags=33%, list=22%, signal=26%","Pard3/Ski/Ntrk3/Adgrg6/Adam22/Arhgef10/Sirt2"
"GO:0032292","GO:0032292","peripheral nervous system axon ensheathment",21,0.29818722667967,0.933860839206296,0.568093385214008,0.796783522745061,0.653891673628516,2005,"tags=33%, list=22%, signal=26%","Pard3/Ski/Ntrk3/Adgrg6/Adam22/Arhgef10/Sirt2"
"GO:0010828","GO:0010828","positive regulation of D-glucose transmembrane transport",29,0.276780160604756,0.931913773002798,0.566793893129771,0.796783522745061,0.653891673628516,1764,"tags=31%, list=19%, signal=25%","Erbb4/Igf1/Rhoq/Irs1/Capn10/Gpc3/Braf/Nr4a3/Klf15"
"GO:1900181","GO:1900181","negative regulation of protein localization to nucleus",31,-0.265457087575303,-0.92791141844049,0.566191446028513,0.796783522745061,0.653891673628516,1292,"tags=23%, list=14%, signal=19%","Sumo1/Nf1/Akap1/Sirt6/Angpt1/Ywhaz/Ctnna1"
"GO:1902622","GO:1902622","regulation of neutrophil migration",24,-0.284157222152102,-0.926316278664152,0.567460317460317,0.796783522745061,0.653891673628516,2499,"tags=42%, list=28%, signal=30%","Dysf/Mcu/Dpp4/Rac1/Ptger3/Rac3/Adam8/Mpp1/Mdk/C1qbp"
"GO:0001953","GO:0001953","negative regulation of cell-matrix adhesion",20,-0.300429636383993,-0.922089273420736,0.567849686847599,0.796783522745061,0.653891673628516,198,"tags=20%, list=2%, signal=20%","Mmp14/Nf1/Sema3e/Lrp1"
"GO:0006940","GO:0006940","regulation of smooth muscle contraction",40,0.255385263128606,0.937485944496235,0.57088122605364,0.797592114536022,0.654555255924561,1328,"tags=28%, list=15%, signal=24%","Chrm2/Prkg1/Setd3/Adrb1/Htr7/Edn3/Pawr/Chrm3/Dock5/Adra2b/Kcnma1"
"GO:0048168","GO:0048168","regulation of neuronal synaptic plasticity",51,0.242468798534485,0.929510035164076,0.571428571428571,0.797961206286281,0.654858156292615,1933,"tags=31%, list=21%, signal=25%","Grm5/Shisa9/Shisa6/Grin2b/Syngr1/Cntn2/Gsk3b/Grin1/Grik1/Grik2/Nptn/Jph3/Kmt2a/Bdnf/Fmr1/App"
"GO:0010812","GO:0010812","negative regulation of cell-substrate adhesion",34,-0.259646191272097,-0.931689548982465,0.571717171717172,0.797968791430901,0.654864381148889,1822,"tags=24%, list=20%, signal=19%","Bcar1/Mmp14/Ap1ar/Nf1/Coro2b/Sema3e/Actn4/Lrp1"
"GO:0007292","GO:0007292","female gamete generation",79,-0.223060570549559,-0.942390784449239,0.572916666666667,0.799247112211221,0.655913453187424,2370,"tags=37%, list=26%, signal=27%","Ubb/Inhbb/Ptk2b/Ddx20/Ptn/Washc1/H3f3b/M1ap/Aspm/Lsm14b/Magoh/Rec8/Mlh1/Agt/Sos1/Bcas2/Ska2/Akt1/Mlh3/Ctnnb1/Mettl3/Mdk/Mcm8/Orc4/Dcaf13/Brca2/Trip13/Spdya/Rec114"
"GO:0006901","GO:0006901","vesicle coating",24,-0.282128581876466,-0.919703170270697,0.573412698412698,0.799543287544277,0.656156513665824,844,"tags=21%, list=9%, signal=19%","Pdcd6/Klhl12/Trappc6b/Ap3m2/Trappc3"
"GO:0099518","GO:0099518","vesicle cytoskeletal trafficking",46,0.248860997266211,0.939979762958624,0.573896353166987,0.799674118013218,0.656263881541609,2027,"tags=30%, list=22%, signal=24%","Kif13a/Kifc1/Ppfia2/Ap3d1/Borcs5/Kif1b/Madd/F8a/Bicdl1/Map2/Kif5b/Nde1/Kif16b/Htt"
"GO:0032964","GO:0032964","collagen biosynthetic process",27,-0.27447900973859,-0.922726739060507,0.574074074074074,0.799674118013218,0.656263881541609,2268,"tags=33%, list=25%, signal=25%","Got1/Suco/Larp6/Ppard/Cygb/Errfi1/Ccn2/P3h3/Vim"
"GO:0046856","GO:0046856","phosphatidylinositol dephosphorylation",22,-0.288779574192502,-0.924948801621204,0.574898785425101,0.80042726152566,0.65688195942321,1922,"tags=32%, list=21%, signal=25%","Inpp5k/Mtmr4/Sacm1l/Synj1/Mtmr10/Mtmr6/Mtmr9"
"GO:1901292","GO:1901292","nucleoside phosphate catabolic process",109,0.213226997026717,0.952571304687758,0.577281191806331,0.803245080304774,0.659194442280673,1541,"tags=22%, list=17%, signal=18%","Pde10a/Arnt/Hdac4/Igf1/Ppargc1a/Esrrb/Pde8a/Dpyd/Pde7b/Ppara/Samhd1/Ogdh/Ep300/Pfkl/Bcl2l13/Nt5e/Fhit/Nt5c1b/Nt5m/Enpp1/Fkrp/Mtor/Eno4/Nt5c1a"
"GO:0001935","GO:0001935","endothelial cell proliferation",90,0.218840626546222,0.942407320126944,0.577777777777778,0.803245080304774,0.659194442280673,1902,"tags=21%, list=21%, signal=17%","Bmper/Ptprm/Prox1/Zeb2/Igf1/Bmpr2/Akt3/Prkd1/Prkca/Cxcl12/Vip/Fgfr1/Nr2f2/Itgb1bp1/Mtor/Bmp6/Wnt5a/Lipa/Jun"
"GO:0002011","GO:0002011","morphogenesis of an epithelial sheet",39,0.252545701779636,0.920978225894388,0.577735124760077,0.803245080304774,0.659194442280673,2881,"tags=38%, list=32%, signal=26%","Pard3/Sox11/Chuk/Tmeff2/Flrt3/Mrtfa/Mtor/Wnt5a/Rreb1/Col5a1/Notch2/Lrp6/Arhgap12/Pdcd10/Lama1"
"GO:0034063","GO:0034063","stress granule assembly",27,-0.273143553869469,-0.918237285238712,0.578189300411523,0.803420832623112,0.659338675907877,879,"tags=30%, list=10%, signal=27%","G3bp2/Bicd1/Dazap2/Atg5/Csde1/Ddx3x/G3bp1/Cirbp"
"GO:2001243","GO:2001243","negative regulation of intrinsic apoptotic signaling pathway",73,-0.224263023759763,-0.931220790056836,0.58004158004158,0.804592047311317,0.660299849816206,2166,"tags=30%, list=24%, signal=23%","Eno1/Armc10/G2e3/Mif/Map2k1/Opa1/Gpx1/Tpt1/Sod2/Akt1/Ndufs3/Rrm2b/Rrn3/Vdac2/Ctnnb1/Mdm4/Trim32/Ddx3x/Bag5/Fbxo7/Hells/Park7"
"GO:0051145","GO:0051145","smooth muscle cell differentiation",45,0.247289783669113,0.929039352543008,0.580459770114943,0.804592047311317,0.660299849816206,1738,"tags=31%, list=19%, signal=25%","Qki/Tshz3/Hey2/Pbrm1/Nfatc3/Fgf9/Smad6/Mrtfa/Pias1/Rcan1/Hes1/Zeb1/Ankrd17/Acvr1"
"GO:0043388","GO:0043388","positive regulation of DNA binding",25,0.286720227106782,0.92697498294069,0.580392156862745,0.804592047311317,0.660299849816206,647,"tags=16%, list=7%, signal=15%","Hipk2/Prkn/Igf1/Ski"
"GO:0051057","GO:0051057","positive regulation of small GTPase mediated signal transduction",50,0.241764414818149,0.926610583378106,0.579881656804734,0.804592047311317,0.660299849816206,1162,"tags=20%, list=13%, signal=18%","Robo1/Auts2/Akap13/Igf1/Rasgef1a/Cdon/Reln/Adcyap1r1/Arhgef3/Itpkb"
"GO:0045682","GO:0045682","regulation of epidermis development",26,0.28262984470789,0.923275333453587,0.579766536964981,0.804592047311317,0.660299849816206,1571,"tags=27%, list=17%, signal=22%","Tgfb2/Ezh2/Klf7/Hey2/Elapor2/Hes1/Rock1"
"GO:0009566","GO:0009566","fertilization",80,-0.221755044827369,-0.936453640323055,0.580912863070539,0.804824212454661,0.660490379426577,316,"tags=25%, list=3%, signal=24%","Zpbp/Tarbp2/Crkl/Plat/Stx2/Rec8/Clgn/Rabl2/Kdm5b/Rab3a/Cct4/Tex11/Vdac2/Slc9b1/Park7/Itgav/Cfap69/Cct8/Slirp/Trpc7"
"GO:0031124","GO:0031124","mRNA 3'-end processing",29,-0.269509143985299,-0.920988720586236,0.581589958158996,0.805366340094374,0.660935284146031,1204,"tags=21%, list=13%, signal=18%","Cstf1/Leo1/Ncbp2/Tent4b/Ahcyl1/Zcchc8"
"GO:0048534","GO:0048534","hematopoietic or lymphoid organ development",64,0.234781008890963,0.938085366518375,0.583166332665331,0.807152615643862,0.662401216454209,1859,"tags=27%, list=21%, signal=21%","Bcl2/Bcl11b/Tet2/Tcf3/Rc3h1/Mafb/Nfatc3/Hes1/Tox/Ccnb2/Braf/Lrrc17/Lrp5/Kmt2a/Mad1l1/Raf1/Lipa"
"GO:0030218","GO:0030218","erythrocyte differentiation",100,0.216127078253511,0.944606815890519,0.584120982986768,0.80760899951129,0.662775754333534,1947,"tags=24%, list=21%, signal=19%","Sox6/B2m/Rbfox2/Arid4a/Ets1/Tcf3/Foxo3/Plcb1/Ypel4/Mafb/Adar/P4htm/Acvr2a/Cdk6/Mfhas1/Cdk5rap3/Kmt2e/Ldb1/Brd1/Ncor1/Ank1/Bcl6/Slc11a2/Exoc6"
"GO:0032890","GO:0032890","regulation of organic acid transport",52,-0.238930696745282,-0.93203824906394,0.585215605749487,0.80760899951129,0.662775754333534,1553,"tags=23%, list=17%, signal=19%","Agt/Arg2/Rgs2/Atp5pf/Akt1/Irs2/Arl6ip1/Acsl1/Sv2a/Abcb11/Pla2r1/Cck"
"GO:0030865","GO:0030865","cortical cytoskeleton organization",42,0.248808986487696,0.926496850692827,0.584905660377358,0.80760899951129,0.662775754333534,627,"tags=12%, list=7%, signal=11%","Fhod3/Nlgn1/Rtkn/Epb41l1/Rhoq"
"GO:0007088","GO:0007088","regulation of mitotic nuclear division",62,-0.228853419443555,-0.925429653506497,0.585215605749487,0.80760899951129,0.662775754333534,1811,"tags=23%, list=20%, signal=18%","Lcmt1/Rb1/Gen1/Cep192/Spc25/Insr/Prpf4b/Dync1li1/Kntc1/Cdc16/Ywhah/Usp44/Anapc7/Trip13"
"GO:0006959","GO:0006959","humoral immune response",39,-0.248637566672294,-0.913886583341131,0.584199584199584,0.80760899951129,0.662775754333534,683,"tags=18%, list=8%, signal=17%","Rpl30/Cxcl14/Ppp2r3c/Rpl39/C1qbp/Tac1/Gpr183"
"GO:0060218","GO:0060218","hematopoietic stem cell differentiation",20,0.289810275154064,0.900433019762331,0.58508604206501,0.80760899951129,0.662775754333534,342,"tags=10%, list=4%, signal=10%","Bcl2/Ext1"
"GO:0009135","GO:0009135","purine nucleoside diphosphate metabolic process",79,0.223906614299588,0.940866929041115,0.586206896551724,0.807642703606401,0.662803414076151,2283,"tags=32%, list=25%, signal=24%","Arnt/Hdac4/Igf1/Ppargc1a/Esrrb/Ppara/Ogdh/Ep300/Pfkl/Bcl2l13/Guk1/Nt5e/Pals2/Enpp1/Fkrp/Mtor/Eno4/Mtch2/Ncor1/Lipa/App/Git1/Rptor/Adpgk/Pfkfb3"
"GO:0009179","GO:0009179","purine ribonucleoside diphosphate metabolic process",79,0.223906614299588,0.940866929041115,0.586206896551724,0.807642703606401,0.662803414076151,2283,"tags=32%, list=25%, signal=24%","Arnt/Hdac4/Igf1/Ppargc1a/Esrrb/Ppara/Ogdh/Ep300/Pfkl/Bcl2l13/Guk1/Nt5e/Pals2/Enpp1/Fkrp/Mtor/Eno4/Mtch2/Ncor1/Lipa/App/Git1/Rptor/Adpgk/Pfkfb3"
"GO:0043484","GO:0043484","regulation of RNA splicing",128,0.205965669570949,0.939639360969839,0.587800369685767,0.807642703606401,0.662803414076151,2150,"tags=32%, list=24%, signal=25%","Ddx17/Rbm5/Rbfox2/Rbmxl1/Qki/Aff2/Ccnl1/Rbfox1/Wdr77/Nova1/Rps26/Mbnl1/Hnrnpll/Rrp1b/Pcbp4/Upf3b/Rbm38/Rbm20/Prpf19/Rbm39/Thrap3/Atxn7/Mbnl2/Sfswap/Ptbp1/Tra2a/Celf5/Ptbp2/Khdrbs2/Upf3a/Tmbim6/Rbm24/Sf3b3/Usp22/Fmr1/Celf1/Khdrbs1/Tra2b/Hnrnpu/Mbnl3/Srsf7"
"GO:0072676","GO:0072676","lymphocyte migration",36,0.263426470500646,0.933433036996406,0.585603112840467,0.807642703606401,0.662803414076151,2206,"tags=33%, list=24%, signal=25%","Ext1/Cadm1/Wnk1/Ripor2/Cxcl12/Gnai1/Gas6/Wnt5a/App/Cklf/Abl1/Jam2"
"GO:0060326","GO:0060326","cell chemotaxis",120,-0.205092017323578,-0.932356049933788,0.588362068965517,0.807642703606401,0.662803414076151,2647,"tags=35%, list=29%, signal=25%","Cxadr/Nedd9/Nup85/Sema5a/Hbegf/Dysf/Hmgb1/Mcu/Dpp4/Rac1/Ptk2b/Bsg/Ptn/Rarres2/Flt1/Rac3/Crkl/Mif/Bcar1/Nbl1/Lyst/Fgf16/Abcc1/Cxcr4/P2rx4/Adam8/Mpp1/Trpm2/Slc37a4/Pla2g7/Mdk/Prkcd/Pdgfra/Cxcl14/Prkcq/Gpr18/C1qbp/Elmo2/Gpr183/Kit/Nrp1/Tmsb4x"
"GO:0032881","GO:0032881","regulation of polysaccharide metabolic process",31,0.272952437355885,0.930867143052486,0.587084148727984,0.807642703606401,0.662803414076151,2141,"tags=35%, list=24%, signal=27%","Igf1/Esrrb/Gsk3b/Smpd3/Irs1/Phka1/Enpp1/Mtor/Epm2aip1/Phkb/Rubcnl"
"GO:0045824","GO:0045824","negative regulation of innate immune response",35,0.264823346697375,0.930078208227356,0.587548638132296,0.807642703606401,0.662803414076151,1449,"tags=26%, list=16%, signal=22%","Parp14/Smpdl3b/Gigyf2/Samhd1/Adar/Stat2/Dnaja3/Grn/Zdhhc18"
"GO:0042733","GO:0042733","embryonic digit morphogenesis",42,0.248340156967468,0.924751057342936,0.588679245283019,0.807642703606401,0.662803414076151,1568,"tags=24%, list=17%, signal=20%","Chst11/Prickle1/Bmpr1a/Fbxw4/Bpnt2/Ttbk2/Zbtb16/Traf3ip1/Hdac1/Lrp5"
"GO:0022600","GO:0022600","digestive system process",41,0.249095203144264,0.922058335584223,0.588571428571429,0.807642703606401,0.662803414076151,1513,"tags=29%, list=17%, signal=24%","Cckbr/Ppp3ca/Wnk1/Slc5a1/Madd/Cracd/Pawr/Chrm3/Kcnma1/Lpcat3/Aqp1/Negr1"
"GO:0043094","GO:0043094","metabolic compound salvage",28,-0.272880161129094,-0.921754298260988,0.587002096436059,0.807642703606401,0.662803414076151,2020,"tags=32%, list=22%, signal=25%","Adss2/Uck1/Ada/Ampd3/Uckl1/Gmps/Aprt/Apip/Pgm2"
"GO:0099010","GO:0099010","modification of postsynaptic structure",41,0.248965880651332,0.9215796315342,0.588571428571429,0.807642703606401,0.662803414076151,1396,"tags=27%, list=15%, signal=23%","Dlgap4/Ctnna2/Cap2/Rapgef2/Kalrn/Gsk3b/Myh10/Ptk2/Itpka/Camkv/Cabp1"
"GO:0001754","GO:0001754","eye photoreceptor cell differentiation",29,-0.268466677503138,-0.917426318741675,0.587866108786611,0.807642703606401,0.662803414076151,1222,"tags=21%, list=13%, signal=18%","Sox8/Bbs4/Pde6c/Slc4a7/Prom1/Ahi1"
"GO:0120033","GO:0120033","negative regulation of plasma membrane bounded cell projection assembly",29,-0.267516904721246,-0.914180677401616,0.589958158995816,0.809003451119323,0.663920130779259,1101,"tags=34%, list=12%, signal=30%","Wdr44/Actr3/Arhgap24/Cep97/Gdi2/Akt1/Tbc1d7/Prkcd/Trim32/Pfn2"
"GO:0009266","GO:0009266","response to temperature stimulus",95,-0.216566421678167,-0.936208011799986,0.591397849462366,0.809650060070039,0.664450779565155,1553,"tags=23%, list=17%, signal=19%","Agt/Hspa2/Pdcd6/Cxcr4/Chordc1/Sod1/Sumo1/Eif2ak4/Nf1/Trpm2/Eif2b2/Akt1/Eif2b5/Dnaja4/Acadl/Tac1/Comt/Atxn3/Hikeshi/Hsbp1/Eif2b1/Cirbp"
"GO:0006469","GO:0006469","negative regulation of protein kinase activity",110,-0.208984891258646,-0.935483205866012,0.591304347826087,0.809650060070039,0.664450779565155,1553,"tags=22%, list=17%, signal=18%","Agt/Zgpat/Rgs2/Chordc1/Macroh2a1/Nf2/Nf1/Nolc1/Akt1/Paqr3/Rtraf/Dusp19/Pdcd4/Prkar1a/Errfi1/Spry1/Prkcd/Tsc2/Aida/Fbxo7/Prkag2/Taf7/Park7/Gstp3"
"GO:0046488","GO:0046488","phosphatidylinositol metabolic process",106,-0.209433665553529,-0.935333750387549,0.591578947368421,0.809650060070039,0.664450779565155,1977,"tags=24%, list=22%, signal=19%","Tnfaip8l3/Pik3cg/Inpp5k/Pigp/Plce1/Mtmr4/Ddhd1/Sacm1l/Pik3ca/Synj1/Pigh/Mtmr10/Mtmr6/Htr2b/Plch2/Impa1/Pigk/Uvrag/Pgap1/Plch1/Smg1/Pip4k2b/Pik3cd/Mtmr9/Pip5k1c"
"GO:0032570","GO:0032570","response to progesterone",23,-0.280910820668368,-0.905224025135762,0.590725806451613,0.809650060070039,0.664450779565155,860,"tags=17%, list=9%, signal=16%","Wbp2/Errfi1/Gpi1/Fos"
"GO:0045773","GO:0045773","positive regulation of axon extension",41,0.248657494350113,0.920438099477262,0.592380952380952,0.810354137771613,0.665028590894712,1078,"tags=20%, list=12%, signal=17%","Cdh4/Bmpr2/Ep300/Gsk3b/Cxcl12/Ntrk3/Dbn1/Trpc5"
"GO:0015807","GO:0015807","L-amino acid transport",54,-0.237705689951849,-0.936630555413487,0.594320486815416,0.812612873287648,0.666882254160458,2710,"tags=37%, list=30%, signal=26%","Slc7a6/Itgb1/Arl6ip5/Slc25a15/Rab3gap1/Grm1/Per2/Slc15a4/Agt/Arg2/Slc36a1/Slc17a6/Nf1/Slc36a4/Slc1a2/Cln8/Slc6a17/Arl6ip1/Slc25a22/Slc25a13"
"GO:0048026","GO:0048026","positive regulation of mRNA splicing, via spliceosome",24,-0.278233187251048,-0.907004680941384,0.595238095238095,0.813472818807445,0.667587980620805,686,"tags=17%, list=8%, signal=15%","Zfp64/Eif4a3/Slirp/Cirbp"
"GO:2000278","GO:2000278","regulation of DNA biosynthetic process",71,-0.223458757378508,-0.92847107235197,0.596311475409836,0.814150066717499,0.668143773702269,2010,"tags=25%, list=22%, signal=20%","Map3k4/Tnks/Exosc10/Rfc4/Polg2/Ccna2/Crhr2/Pcna/Cct4/Ctc1/Pot1b/Ctnnb1/Rfc5/Tent4b/Prkcq/Ptges3/Nat10/Cct8"
"GO:0051341","GO:0051341","regulation of oxidoreductase activity",26,-0.27220518851459,-0.908149837638703,0.596311475409836,0.814150066717499,0.668143773702269,2406,"tags=35%, list=27%, signal=26%","Sco1/Terf2/Nus1/Por/Szt2/Ndufa4/Akt1/Htr2b/Park7"
"GO:2000737","GO:2000737","negative regulation of stem cell differentiation",23,0.283336151149691,0.904883229917476,0.598814229249012,0.816380502188542,0.669974212135604,812,"tags=17%, list=9%, signal=16%","Ezh2/Esrrb/Prickle1/Gsk3b"
"GO:0045604","GO:0045604","regulation of epidermal cell differentiation",23,0.28304127226011,0.903941482946761,0.598814229249012,0.816380502188542,0.669974212135604,1571,"tags=26%, list=17%, signal=22%","Tgfb2/Ezh2/Klf7/Hey2/Hes1/Rock1"
"GO:0032885","GO:0032885","regulation of polysaccharide biosynthetic process",24,0.282762613201176,0.902375887669409,0.598393574297189,0.816380502188542,0.669974212135604,1795,"tags=33%, list=20%, signal=27%","Igf1/Esrrb/Gsk3b/Smpd3/Irs1/Enpp1/Mtor/Epm2aip1"
"GO:1903046","GO:1903046","meiotic cell cycle process",97,-0.216518897683166,-0.939912393132719,0.600867678958785,0.8183881678617,0.671621831381777,3015,"tags=40%, list=33%, signal=27%","Grb14/Marf1/Fancd2/Cdc25a/Ing2/Eme1/Fancm/Sycp2/Hfm1/Brip1/Ndc1/Washc5/Ccne1/Actr3/Ubb/Terb1/Washc1/M1ap/Aspm/Lsm14b/Rad51ap1/Rec8/Mlh1/Hspa2/Slx4/Ska2/BC005624/Tex11/Mlh3/Fzr1/Nsun2/Suv39h2/Orc4/Ube2b/Dcaf13/Brca2/Trip13/Spdya/Rec114"
"GO:0035967","GO:0035967","cellular response to topologically incorrect protein",78,-0.222540825181014,-0.934888942763697,0.600831600831601,0.8183881678617,0.671621831381777,1993,"tags=23%, list=22%, signal=18%","Yod1/Cops5/Parp16/Eif2ak2/Ubr4/Tm7sf3/Bok/Eif2ak4/Akt1/Derl1/Sdf2l1/Tmbim4/Stub1/Eif2a/Dnajb14/Pdia6/Bfar/Atxn3"
"GO:0048483","GO:0048483","autonomic nervous system development",20,-0.293080949865777,-0.899534424659019,0.60125260960334,0.818516837614596,0.671727426035362,1341,"tags=30%, list=15%, signal=26%","Nrp2/Nf1/Sox8/Slc6a4/Ctnnb1/Nrp1"
"GO:0002274","GO:0002274","myeloid leukocyte activation",88,0.218863436862368,0.936169831824215,0.60188679245283,0.818984539416743,0.67211125213798,2585,"tags=38%, list=29%, signal=27%","Lrfn5/Plpp6/Rora/Slc7a2/Adam9/Plscr1/Myo18a/Gab2/Prkce/Ifi35/Cebpa/Itgb8/Grn/Cnr1/Mfhas1/Ifngr2/Nr4a3/Epsti1/Kmt2e/Wnt5a/Jun/App/Ptpre/Shpk/Stk39/Ctsc/Pla2g3/Chga/Gpr137b/Npy/Notch2/Tafa3/Fcer1g"
"GO:0000302","GO:0000302","response to reactive oxygen species",123,0.206367286069735,0.936349467731774,0.602564102564103,0.819466489270653,0.672506771105908,1716,"tags=23%, list=19%, signal=19%","Bcl2/Egfr/Adam9/Ezh2/Fyn/Chuk/Foxo3/Ptprn/mt-Nd5/Ripk1/Ep300/Prkca/Smpd3/Sesn3/Map3k5/Ddr2/Pjvk/Adcyap1r1/Pawr/Pdgfd/Map2k4/Ppargc1b/Capn2/Aqp1/Mpv17/Hsf1/Nr4a3/Ercc6"
"GO:0030851","GO:0030851","granulocyte differentiation",23,-0.279263060105189,-0.899914181798607,0.602822580645161,0.819466489270653,0.672506771105908,809,"tags=17%, list=9%, signal=16%","Bap1/Fasn/Prdm16/Srp54c"
"GO:0006310","GO:0006310","DNA recombination",191,-0.195045451108546,-0.948416859389171,0.603813559322034,0.819627461545998,0.672638875281669,2373,"tags=28%, list=26%, signal=21%","Nabp1/Terb1/Terf2/Nfrkb/Mcrs1/Zranb3/Helq/Slc15a4/Zgrf1/Mrgbp/H1f10/Brca1/Dclre1c/Mad2l2/Smc6/Xrcc2/Rad51ap1/Rec8/Recql5/Gen1/Exd2/Mlh1/Poll/Wrn/Msh2/Uchl5/Recql/Xrn2/Htatsf1/Slx4/Tex11/Ruvbl1/Sfpq/Pot1b/Sirt6/Tcf7/Msh6/Hdac10/Sem1/Yeats4/Mcm8/Rad52/Supt6/Terf2ip/Ube2b/C1qbp/Helb/Fan1/Top3b/Brca2/Trip13/Polb/Nsmce1/Rec114"
"GO:1903533","GO:1903533","regulation of protein targeting",34,0.264151718095225,0.917162857184494,0.603550295857988,0.819627461545998,0.672638875281669,1603,"tags=21%, list=18%, signal=17%","Siah3/Fyn/Mtcl1/Ank3/Itgb1bp1/Cemip/Kcnb1"
"GO:0090630","GO:0090630","activation of GTPase activity",30,-0.259742506012954,-0.897328457649835,0.603696098562628,0.819627461545998,0.672638875281669,795,"tags=13%, list=9%, signal=12%","Tbc1d7/Rasgrf1/Apc2/Dock7"
"GO:0016447","GO:0016447","somatic recombination of immunoglobulin gene segments",37,0.254335105458069,0.90936008650382,0.604288499025341,0.819877222076751,0.67284384479572,2197,"tags=32%, list=24%, signal=25%","Tcf3/Ezh2/Kmt5b/Atad5/Shld2/Rnf8/Swap70/Bcl6/Pms2/Nhej1/Tfrc/Nbn"
"GO:0050878","GO:0050878","regulation of body fluid levels",149,0.20413363449233,0.949546850712542,0.604914933837429,0.820332186503309,0.673217217790807,1900,"tags=26%, list=21%, signal=20%","Erbb4/mt-Co2/Gna13/Prkg1/Egfr/Ext1/Ppp3ca/Ubash3b/Pdss2/Chuk/Prickle1/St3gal4/Ptpro/Wnk1/Nr3c2/Kalrn/Prkca/Prrg1/Ncoa1/Adrb1/Madd/Prkce/Chrm3/Atp2b2/Adra2b/Kcnma1/Enpp1/Aqp1/Negr1/Gas6/Nfat5/Sytl2/Ano1/Pros1/Eif2ak3/Mllt6/Gnas/Tyro3"
"GO:0042698","GO:0042698","ovulation cycle",44,0.244464652559347,0.916163386362135,0.60536398467433,0.820366788044303,0.673245614035088,865,"tags=16%, list=10%, signal=14%","Igf1r/Egfr/Cckbr/Foxo3/Ptprn/Fshr/Ncoa1"
"GO:0002312","GO:0002312","B cell activation involved in immune response",50,0.238847707595308,0.915431718269555,0.605522682445759,0.820366788044303,0.673245614035088,2197,"tags=32%, list=24%, signal=24%","Phf14/St3gal1/Lfng/Plcl2/Irf8/Kmt5b/Atad5/Shld2/Rnf8/Swap70/Enpp1/Bcl6/Abl1/Pms2/Tfrc/Nbn"
"GO:0042446","GO:0042446","hormone biosynthetic process",31,0.268194415571315,0.914640557248422,0.60665362035225,0.82150403755533,0.674178913940107,1707,"tags=29%, list=19%, signal=24%","Igf1r/Arnt/Igf1/Ppargc1a/Tg/Cacna1h/Atp1a1/Bmp6/Dkk3"
"GO:0005996","GO:0005996","monosaccharide metabolic process",164,-0.198300879339057,-0.942441722501644,0.607966457023061,0.822886395720934,0.675313365731162,2287,"tags=27%, list=25%, signal=20%","Pdk1/Got1/Per2/Kat2b/Eno1/Lepr/Stk11/Xpc/Gclc/Mpi/Lcmt1/Chst1/Clk2/Dgat2/Gapdh/Fuca2/Pik3ca/Pgam1/Ldha/Rpia/Slc37a4/Akt1/Irs2/Insr/Hectd4/Errfi1/Sirt6/Pgd/Pgm1/Kbtbd2/Slc25a13/Pgm2l1/Gpi1/Ogt/Pgp/Pdhb/Cry1/Fabp5/Galm/Prkag2/Zmpste24/Adipor1/Pgm2/Pkm"
"GO:0034766","GO:0034766","negative regulation of monoatomic ion transmembrane transport",53,0.242030655912197,0.931291447959888,0.608782435129741,0.823595248293619,0.675895095626268,2672,"tags=36%, list=29%, signal=25%","Bcl2/Kcne2/Pik3c2a/Tgfb2/Ppp3ca/Ank3/Prkce/Mtor/Kcne4/Tmbim6/Ppif/Fmr1/Agrn/Commd1/Stk39/Ephb2/Cbarp/Ahr/Rgs4"
"GO:0046660","GO:0046660","female sex differentiation",73,-0.219934282306841,-0.913246297569568,0.609147609147609,0.823693840008619,0.675976006312404,1747,"tags=25%, list=19%, signal=20%","Slit3/Grk2/Plekha1/Mmp14/Agt/Sod1/Bcas2/Eif2b2/Mfn2/Eif2b5/Insr/Nup107/Pdgfra/Arrb1/Angpt1/Brca2/Kit/Ctnna1"
"GO:0097191","GO:0097191","extrinsic apoptotic signaling pathway",114,-0.205879923773461,-0.927457182333499,0.609808102345416,0.824191478373804,0.676384400279126,1634,"tags=22%, list=18%, signal=18%","Gpx1/Bok/Pak2/Agt/Mknk1/Faim/Faf1/Stradb/Nf1/Mllt11/Mknk2/G0s2/Itga6/Ddx3x/Cttn/Sgpp1/Tnfsf10/Park7/Gstp3/Pea15a/Itgav/Psme3/Ctnna1/Nrp1/Rps6kb1"
"GO:0048608","GO:0048608","reproductive structure development",173,-0.199154594585696,-0.949382387082154,0.612200435729848,0.826244614648157,0.678069335617646,2225,"tags=32%, list=25%, signal=24%","Fgfr2/Ubb/Inhbb/Rac1/Phb1/H3f3b/Psap/Tmf1/Nr0b1/Stk11/Aspm/Crkl/Dnajc19/Lsm14b/Prdx4/Rec8/Slit3/Grk2/Plekha1/Eif2s2/Bok/Mmp14/Agt/Msh2/Kdm5b/Sod1/Bcas2/Cbl/Sox8/Rrm1/Wdr19/Eif2b2/Mfn2/Tex11/Adam25/Eif2b5/Insr/Nup107/Errfi1/Ctnnb1/Spata2/Tcf7/Pdgfra/Dhcr24/Dlg1/Arrb1/Id4/Tnfsf10/Angpt1/Brca2/Itgav/Gfra1/Kit/Ctnna1/Nhlh2"
"GO:0007265","GO:0007265","Ras protein signal transduction",78,0.221158550440124,0.925525304220113,0.612284069097889,0.826244614648157,0.678069335617646,1748,"tags=28%, list=19%, signal=23%","Tgfb2/Igf1/Rapgef2/Rasgef1a/Rassf1/Ksr1/Rapgef1/Rapgef4/Itpkb/Lztr1/Nup62/Grb2/Plaat1/A930011G23Rik/Dab2ip/Ksr2/Mapkap1/Ntn1/Rapgefl1/Ralgps2/Dgki/Rapgef5"
"GO:0032091","GO:0032091","negative regulation of protein binding",44,-0.241230300505011,-0.906931005177217,0.6125,0.826244614648157,0.678069335617646,1744,"tags=23%, list=19%, signal=18%","Mapk8/Atp2a3/Bag2/Atp2a2/Pin1/Epb41l5/Akt1/Tle5/Stub1/Park7"
"GO:0048536","GO:0048536","spleen development",27,0.273736790850648,0.905198666870769,0.612403100775194,0.826244614648157,0.678069335617646,403,"tags=11%, list=4%, signal=11%","Bcl2/Tet2/Rc3h1"
"GO:0043604","GO:0043604","amide biosynthetic process",96,0.21312328653858,0.92869583136702,0.614391143911439,0.828318710294208,0.679771471561158,1266,"tags=17%, list=14%, signal=14%","B3galt1/Ppcdc/Cers6/St6galnac3/Agmat/Gcdh/St3gal1/Pla2g6/Pemt/Smpd3/Ugt8a/Sptlc2/Cebpa/St6galnac6/Slc25a16/Tpk1"
"GO:0032611","GO:0032611","interleukin-1 beta production",23,-0.277016970850768,-0.892676247884691,0.61491935483871,0.828318710294208,0.679771471561158,2764,"tags=39%, list=30%, signal=27%","Chrna7/Stmp1/Hmgb1/Egr1/Cptp/Arg2/Errfi1/Aqp4/Gstp3"
"GO:0032651","GO:0032651","regulation of interleukin-1 beta production",23,-0.277016970850768,-0.892676247884691,0.61491935483871,0.828318710294208,0.679771471561158,2764,"tags=39%, list=30%, signal=27%","Chrna7/Stmp1/Hmgb1/Egr1/Cptp/Arg2/Errfi1/Aqp4/Gstp3"
"GO:0042304","GO:0042304","regulation of fatty acid biosynthetic process",28,-0.267361476604576,-0.903112887466693,0.616352201257862,0.829852127637197,0.681029892203848,2178,"tags=29%, list=24%, signal=22%","Eif6/Kat2b/Brca1/Ubr4/Erlin1/Agt/Acadl/Fabp5"
"GO:0170041","GO:0170041","non-proteinogenic amino acid metabolic process",47,-0.236879171484445,-0.907581286226128,0.617768595041322,0.831361939267644,0.682268940484485,1935,"tags=28%, list=21%, signal=22%","Mpst/Tdo2/Prdx4/Ddah1/Mtr/Arg2/P4ha1/Blmh/Mmut/Park7/Comt/P4hb/Aldh6a1"
"GO:1901605","GO:1901605","alpha-amino acid metabolic process",120,-0.202377914762147,-0.920017637272417,0.618534482758621,0.831745698020443,0.682583877535734,594,"tags=25%, list=7%, signal=24%","Gclc/Adss2/Mpst/Tdo2/Bloc1s6/Prdx4/Ddah1/Mtr/Nit2/Psph/Arg2/Txnrd1/P4ha1/Blmh/Acadsb/Aasdhppt/Azin1/Got2/Oat/Mmut/Glul/Odc1/Apip/Dlst/Park7/Comt/P4hb/Hibch/Ppat/Aldh6a1"
"GO:0008631","GO:0008631","intrinsic apoptotic signaling pathway in response to oxidative stress",42,-0.242762306025074,-0.90200147132635,0.61864406779661,0.831745698020443,0.682583877535734,1358,"tags=29%, list=15%, signal=24%","Mapt/Gpx1/Sod1/Sod2/Stk24/Sfpq/Ctnnb1/Bag5/Rnf7/Fbxo7/Park7/P4hb"
"GO:0008361","GO:0008361","regulation of cell size",141,0.203650324674622,0.937201183779974,0.619585687382298,0.832508093516692,0.683209548188776,2447,"tags=34%, list=27%, signal=25%","Cdh4/Fgf13/Epha7/Pum2/Plxna4/Bmpr2/Ptprs/Wnk1/Sema3f/Fshr/Akt3/Prkd1/Ep300/Gsk3b/Cxcl12/Ntrk3/Rb1cc1/Dbn1/Deptor/Slc12a1/Trpc5/Map3k7/Atp2b2/Kcnma1/Ist1/Aqp1/Mtor/Ntn1/Adnp/Abcb8/Xk/Bdnf/Map2/Wnt5a/Vav3/Dcx/Abl1/Tnr/Add1/Dscam/Rptor/Slit1/D130043K22Rik/Tsc1/Map3k13/Arhgap5/Stk39/Vav2"
"GO:2000134","GO:2000134","negative regulation of G1/S transition of mitotic cell cycle",33,0.264524866591506,0.910326354178039,0.61980198019802,0.832508093516692,0.683209548188776,736,"tags=12%, list=8%, signal=11%","Bcl2/Ezh2/Gigyf2/Myo16"
"GO:0045445","GO:0045445","myoblast differentiation",63,0.229495913033258,0.918569787945755,0.620825147347741,0.832934539660734,0.68355951725174,1145,"tags=21%, list=13%, signal=18%","Ddx17/Arid1a/Igf1/Prickle1/Ripor2/Sox4/Mbnl1/Plcb1/Map3k5/Pbrm1/Cdon/Arid2/Bcl9"
"GO:1903578","GO:1903578","regulation of ATP metabolic process",49,0.239156538304919,0.915304340854649,0.621301775147929,0.832934539660734,0.68355951725174,788,"tags=16%, list=9%, signal=15%","Prkn/Arnt/Hdac4/Igf1/Ppargc1a/Esrrb/Ppara/Ep300"
"GO:0046634","GO:0046634","regulation of alpha-beta T cell activation",34,0.261932942902041,0.909459033751869,0.621301775147929,0.832934539660734,0.68355951725174,1916,"tags=26%, list=21%, signal=21%","Rc3h1/Sh3rf1/Ep300/Ap3d1/Cblb/Itpkb/Mapk8ip1/Cbfb/Bcl6"
"GO:0006220","GO:0006220","pyrimidine nucleotide metabolic process",28,-0.266912940117034,-0.901597788554381,0.620545073375262,0.832934539660734,0.68355951725174,1876,"tags=39%, list=21%, signal=31%","Cad/Nme3/Ctps2/Tyms/Tbpl1/Uck1/Uckl1/Nme1/Slc4a7/Ctps1/Tymp"
"GO:0050900","GO:0050900","leukocyte migration",139,0.202940279941583,0.9339774806478,0.624765478424015,0.835194078841971,0.685413840056707,2093,"tags=28%, list=23%, signal=22%","Fut9/Pecam1/Ext1/Tgfb2/Cadm1/St3gal4/Ptpro/Wnk1/Ripor2/Plcb1/Prkca/Cxcl12/Smpd3/Gnai1/Podxl2/Mtus1/Vegfc/Camk1d/Edn3/Cd74/Pawr/Ptk2/Pde4b/Chst2/Pdgfd/Swap70/Enpp1/Rock1/Gas6/Prex1/Calr/Wnt5a/Vav3/App/Gbf1/Cklf/Abl1/Myo9b/Irak4"
"GO:0007200","GO:0007200","phospholipase C-activating G protein-coupled receptor signaling pathway",65,0.229444597105676,0.922157810949544,0.62475442043222,0.835194078841971,0.685413840056707,1702,"tags=25%, list=19%, signal=20%","Grm5/Dgkb/Cckbr/Pth1r/Oprm1/Fshr/Prkd1/Plcb1/Itpr1/Chrm3/Gpr139/Htr2c/Dgkd/Hcrtr2/Ano1/Dgki"
"GO:0072329","GO:0072329","monocarboxylic acid catabolic process",75,-0.219112461013743,-0.909811012572744,0.623404255319149,0.835194078841971,0.685413840056707,1573,"tags=23%, list=17%, signal=19%","Ppard/Slc25a17/Eci1/Ldha/Decr2/Lpin2/Decr1/Akt1/Irs2/Etfa/Dbi/Tysnd1/Acadl/Abcb11/Nudt7/Scp2/Crat"
"GO:0035272","GO:0035272","exocrine system development",33,0.264111910579466,0.908905222222771,0.623762376237624,0.835194078841971,0.685413840056707,435,"tags=12%, list=5%, signal=12%","Igf1r/Egfr/Tgfb2/Igf1"
"GO:0150076","GO:0150076","neuroinflammatory response",41,0.243078207944237,0.899785644222352,0.624761904761905,0.835194078841971,0.685413840056707,439,"tags=12%, list=5%, signal=12%","Adcy8/Zeb2/Egfr/Igf1/Large1"
"GO:0030850","GO:0030850","prostate gland development",28,0.267307734348007,0.894387107331237,0.624761904761905,0.835194078841971,0.685413840056707,2176,"tags=29%, list=24%, signal=22%","Igf1r/Igf1/Wdr77/Cdkn1b/Wnt5a/Plag1/Tnc/Fem1b"
"GO:0002221","GO:0002221","pattern recognition receptor signaling pathway",123,0.204884983577994,0.929623822521269,0.626373626373626,0.836550179678142,0.686526743398781,1521,"tags=22%, list=17%, signal=19%","Trim25/Irf7/Mapkapk3/Pum2/Chuk/Rps6ka3/Smpdl3b/Rnf144a/Ptprs/Zc3hav1/Prkd1/Irf2/Znrf1/Peli1/Prkce/Lats1/Ifi35/Map3k7/Lgr4/Elp6/Rab11fip2/Oasl1/Dab2ip/Ifih1/Zdhhc18/Mfhas1/Tax1bp1"
"GO:0002758","GO:0002758","innate immune response-activating signaling pathway",123,0.204884983577994,0.929623822521269,0.626373626373626,0.836550179678142,0.686526743398781,1521,"tags=22%, list=17%, signal=19%","Trim25/Irf7/Mapkapk3/Pum2/Chuk/Rps6ka3/Smpdl3b/Rnf144a/Ptprs/Zc3hav1/Prkd1/Irf2/Znrf1/Peli1/Prkce/Lats1/Ifi35/Map3k7/Lgr4/Elp6/Rab11fip2/Oasl1/Dab2ip/Ifih1/Zdhhc18/Mfhas1/Tax1bp1"
"GO:0010662","GO:0010662","regulation of striated muscle cell apoptotic process",33,0.262555317484668,0.903548418776712,0.627722772277228,0.836765739014772,0.686703645218876,1991,"tags=30%, list=22%, signal=24%","Bcl2/Qki/Hey2/Ambra1/Map3k5/Capn2/Hsf1/Ptpn1/Rgl2/Kifap3"
"GO:0010665","GO:0010665","regulation of cardiac muscle cell apoptotic process",33,0.262555317484668,0.903548418776712,0.627722772277228,0.836765739014772,0.686703645218876,1991,"tags=30%, list=22%, signal=24%","Bcl2/Qki/Hey2/Ambra1/Map3k5/Capn2/Hsf1/Ptpn1/Rgl2/Kifap3"
"GO:0002763","GO:0002763","positive regulation of myeloid leukocyte differentiation",33,0.262532082934367,0.903468460231645,0.627722772277228,0.836765739014772,0.686703645218876,2573,"tags=45%, list=28%, signal=33%","Asxl2/Ppp3ca/Ripk1/Prkca/Gsk3b/Cd74/Ppargc1b/Eeig1/Hsf1/Gnas/Jun/Rptor/Pla2g3/Notch2/Ninj1"
"GO:0006518","GO:0006518","peptide metabolic process",30,0.266358616275346,0.899874404692126,0.627184466019417,0.836765739014772,0.686703645218876,2186,"tags=27%, list=24%, signal=20%","Tapbp/Tpp1/Dmd/Mme/Eif2ak3/Cpd/Mipep/Ctsh"
"GO:0030970","GO:0030970","retrograde protein transport, ER to cytosol",20,-0.288782900665592,-0.886342699928306,0.62839248434238,0.836866739544814,0.686786532733165,2481,"tags=30%, list=27%, signal=22%","Faf2/Ufd1/Yod1/Sel1l/Sec61b/Derl1"
"GO:1903513","GO:1903513","endoplasmic reticulum to cytosol transport",20,-0.288782900665592,-0.886342699928306,0.62839248434238,0.836866739544814,0.686786532733165,2481,"tags=30%, list=27%, signal=22%","Faf2/Ufd1/Yod1/Sel1l/Sec61b/Derl1"
"GO:0000910","GO:0000910","cytokinesis",121,-0.202496586983807,-0.91960528735849,0.62882096069869,0.837041788969725,0.686930189520932,1536,"tags=21%, list=17%, signal=17%","Chmp7/Mtmr4/Zfyve19/Pin1/Exoc1/Cenpv/Septin10/Bbs4/Myo19/Chmp4b/Klhl13/Chmp2a/Racgap1/Chmp3/Vps4b/Rab35/Uvrag/Calm2/Chmp1b2/Stmn1/Arf1/Orc4/Rhob/Brca2/Dstn"
"GO:0006446","GO:0006446","regulation of translational initiation",47,-0.235189179432367,-0.901106233351177,0.630165289256198,0.838435214883837,0.688073724216425,2513,"tags=32%, list=28%, signal=23%","Mif4gd/Eif5/Eif1/Eif4g2/Bzw1/Eif2ak2/Mknk1/Eif2ak4/Uhmk1/Eif2b5/Ago2/Mettl3/Ncbp2/Ddx3x/Rps6kb1"
"GO:0046683","GO:0046683","response to organophosphorus",61,0.230821328370171,0.913312074558596,0.632093933463796,0.840234315079,0.689550181251564,2315,"tags=33%, list=26%, signal=25%","Pde3a/Slc8a3/Rapgef2/Penk/Akap7/Igfbp5/Rapgef1/Crls1/Itpr1/Nt5e/Asph/Braf/Aqp1/Akap6/Srebf1/Bckdhb/Cib2/Akap9/Kcnj11/Hsp90b1"
"GO:0065002","GO:0065002","intracellular protein transmembrane transport",25,-0.269304420362801,-0.887909873682002,0.632113821138211,0.840234315079,0.689550181251564,3285,"tags=44%, list=36%, signal=28%","Pex14/Pex13/Pex5/Pex26/Sec61a1/Trim37/Sec61b/Pex1/Sec61g/Pex10/Srp54c"
"GO:0043086","GO:0043086","negative regulation of catalytic activity",193,-0.191408357101893,-0.928592234612251,0.634408602150538,0.840921773984885,0.690114354131258,1937,"tags=25%, list=21%, signal=20%","Cdk5rap1/Inpp5k/Reck/Eif4a2/Mkks/Mapt/Rd3/Rb1/Prdx3/Gapdh/Bag2/Neil1/Agt/Zgpat/Cstb/Rgs2/Chordc1/Macroh2a1/Nf2/Bin1/Rpl23/Nf1/Nolc1/Rpl5/Akt1/Irs2/Bbs4/Paqr3/Rtraf/Dusp19/Pdcd4/Prkar1a/Cln8/Errfi1/Spry1/Prkcd/Timp3/Tsc2/Bag5/Aida/Usp44/Fbxo7/Prkag2/Taf7/Park7/Gstp3/Pla2r1/Serpind1"
"GO:0043409","GO:0043409","negative regulation of MAPK cascade",97,0.210854410833233,0.919811139265949,0.634011090573013,0.840921773984885,0.690114354131258,1852,"tags=24%, list=20%, signal=19%","Dusp8/Spred2/Ptprr/Epha4/Igf1r/Prkn/Igf1/Dmd/Prkca/Lemd2/Rapgef1/Dusp4/Wnk2/Nup62/Spred1/Dab2ip/Itgb1bp1/Mapk8ip1/Cdk5rap3/Phlpp1/Fem1a/Ncor1/Ptpn1"
"GO:0014074","GO:0014074","response to purine-containing compound",73,0.223167549615207,0.917952774264879,0.63531669865643,0.840921773984885,0.690114354131258,1493,"tags=22%, list=16%, signal=18%","Pde3a/Slc8a3/Slc6a1/Rapgef2/Penk/Ryr2/Akap7/Igfbp5/Irs1/Rapgef1/Itpr1/Gnal/Nt5e/Asph/Braf/Aqp1"
"GO:0051224","GO:0051224","negative regulation of protein transport",92,0.210941355799035,0.914349418961037,0.635185185185185,0.840921773984885,0.690114354131258,992,"tags=15%, list=11%, signal=14%","Frmd4a/Mtnr1b/Prkn/Ppp3ca/Kcnj6/Pde3b/Oprm1/Klf7/Pfkl/Rab11fip5/Stxbp5l/Irs1/Rhbdf1/Madd"
"GO:0050886","GO:0050886","endocrine process",47,0.236741188809371,0.899271217320421,0.633204633204633,0.840921773984885,0.690114354131258,1661,"tags=28%, list=18%, signal=23%","Nkx2-1/Kcnk9/Oprm1/Nr3c2/Rab11fip5/Mme/Acvr2a/Edn3/Drd5/Fgfr1/Corin/Aqp1/Bmp6"
"GO:0007080","GO:0007080","mitotic metaphase chromosome alignment",34,-0.249362199553977,-0.894787457106395,0.634343434343434,0.840921773984885,0.690114354131258,1536,"tags=24%, list=17%, signal=20%","Chmp7/Ska2/Chmp4b/Chmp2a/Chmp3/Vps4b/Mis12/Chmp1b2"
"GO:0002708","GO:0002708","positive regulation of lymphocyte mediated immunity",39,0.24378896492507,0.889044346536664,0.633397312859885,0.840921773984885,0.690114354131258,2145,"tags=28%, list=24%, signal=22%","B2m/Cadm1/Fbxo38/Kmt5b/Map3k7/Atad5/Shld2/Dennd1b/Pms2/Klhl22/Tfrc"
"GO:0051055","GO:0051055","negative regulation of lipid biosynthetic process",39,0.243240734092593,0.887045070144639,0.63531669865643,0.840921773984885,0.690114354131258,1918,"tags=26%, list=21%, signal=20%","Prox1/Ccdc3/Dcaf5/Abca2/Atp1a1/Dkk3/Chlsn/Lpcat1/Asxl3/Malrd1"
"GO:0045922","GO:0045922","negative regulation of fatty acid metabolic process",20,-0.287956313890293,-0.883805710541279,0.634655532359081,0.840921773984885,0.690114354131258,2079,"tags=35%, list=23%, signal=27%","Brca1/Ubr4/Dgat2/Erlin1/Akt1/Dbi/Acadl"
"GO:0045913","GO:0045913","positive regulation of carbohydrate metabolic process",56,0.231069492047251,0.905914069474547,0.635658914728682,0.8409797285002,0.690161915324396,2051,"tags=25%, list=23%, signal=19%","Arnt/Pth1r/Igf1/Esrrb/Oprm1/Ppara/Irs1/Adcyap1r1/Phka1/Mtor/Tcf7l2/Epm2aip1/App/Phkb"
"GO:0046032","GO:0046032","ADP catabolic process",71,0.224222481853802,0.911926494712267,0.636186770428016,0.841283115469802,0.690410894134382,2283,"tags=32%, list=25%, signal=24%","Arnt/Hdac4/Igf1/Ppargc1a/Esrrb/Ppara/Ogdh/Ep300/Pfkl/Bcl2l13/Nt5e/Enpp1/Fkrp/Mtor/Eno4/Mtch2/Ncor1/Lipa/App/Git1/Rptor/Adpgk/Pfkfb3"
"GO:0030042","GO:0030042","actin filament depolymerization",40,-0.24301540726601,-0.899338649202939,0.6375,0.842624296435272,0.691511553273428,2627,"tags=45%, list=29%, signal=32%","Tmod2/Twf2/Twf1/Sema5a/Eps8/Specc1l/Dmtn/Mtpn/Actn2/Sptan1/Shroom2/Plekhh2/Pik3ca/Gsn/Capza1b/Cfl2/Wdr1/Dstn"
"GO:0043473","GO:0043473","pigmentation",67,0.227531201399977,0.918223654595831,0.637964774951076,0.842843289175871,0.691691272765077,1475,"tags=19%, list=16%, signal=16%","Bcl2/Zeb2/Kif13a/Ap1s2/Mitf/Hps3/Ap3d1/Dctn2/Edn3/Abcb6/a/Eda/Enpp1"
"GO:0030833","GO:0030833","regulation of actin filament polymerization",84,0.216577857001058,0.917433690354033,0.638623326959847,0.843317964092244,0.692080821452565,1727,"tags=24%, list=19%, signal=19%","Tenm1/Fhod3/Svil/Pecam1/Add3/Dbn1/Nck2/Fmn1/Prkce/Lats1/Carmil1/Arhgap18/Cracd/Kank4/Grb2/Mtor/Kirrel1/Ssh3/Prex1/Cyfip2"
"GO:0061014","GO:0061014","positive regulation of mRNA catabolic process",69,0.226740957332853,0.913966819160876,0.641434262948207,0.845891690517388,0.694192986465467,2491,"tags=42%, list=27%, signal=31%","Qki/Rc3h1/Elavl1/Gigyf2/Pan3/Zc3hav1/Tnrc6c/Tnrc6b/Cnot2/Tut4/Fto/Tent4a/Cpeb3/Rock1/Syncrip/Dhx36/Rbm24/Celf1/Alkbh5/Dis3l2/Hnrnpu/Ythdf3/Tardbp/Samd4/Hnrnpd/Nanos1/Tnrc6a/Dcp1b/Ybx1"
"GO:0035567","GO:0035567","non-canonical Wnt signaling pathway",38,0.247081052359811,0.891985095091422,0.641472868217054,0.845891690517388,0.694192986465467,2189,"tags=32%, list=24%, signal=24%","Wnt11/Prickle1/Fzd1/Rnf213/Ccdc88c/Gpc3/Wnt5a/Znrf3/Abl1/Daam2/Fzd3/Nkd1"
"GO:1903170","GO:1903170","negative regulation of calcium ion transmembrane transport",27,0.267367405986652,0.884136248955518,0.641472868217054,0.845891690517388,0.694192986465467,407,"tags=11%, list=4%, signal=11%","Bcl2/Tgfb2/Ppp3ca"
"GO:0002460","GO:0002460","adaptive immune response based on somatic recombination of immune receptors built from immunoglobulin superfamily domains",104,0.207823100240238,0.917217046553243,0.643809523809524,0.848575883112834,0.69639580710429,2649,"tags=35%, list=29%, signal=25%","B2m/Rora/Irf7/Rc3h1/Bach2/Ephb6/Dusp22/Ep300/C8b/Fbxo38/Kmt5b/Map3k7/Atad5/Cd74/Shld2/Rnf8/Swap70/Enpp1/Dennd1b/Mtor/Bcl6/Pms2/Klhl22/Tfrc/Ctsh/Nbn/Fas/Socs5/Ctsc/Cd81/Ephb2/Stat3/Brd2/Fcer1g/Ahr/Susd4"
"GO:0051865","GO:0051865","protein autoubiquitination",54,0.234052202296737,0.908787217999924,0.644400785854617,0.848958118063726,0.696709493625941,1711,"tags=24%, list=19%, signal=20%","Sash1/Sh3rf3/Cnot4/Prkn/Sh3rf1/Hectd1/Rnf213/Rad18/Rnf8/Rchy1/Rnf13/Klhl24/Rnf208"
"GO:0048708","GO:0048708","astrocyte differentiation",57,-0.229911567368152,-0.913028303801658,0.646341463414634,0.851116936403009,0.698481158446607,1553,"tags=25%, list=17%, signal=20%","Agt/Abcc1/Bin1/Kdm4a/Nf1/Sox8/Cul4b/Eif2b5/Kras/Ttc21b/Id4/Vim/Id2/Lrp1"
"GO:0033673","GO:0033673","negative regulation of kinase activity",116,-0.20156945177295,-0.909854497486377,0.646680942184154,0.85116622843295,0.698521610648535,1937,"tags=26%, list=21%, signal=21%","Cdk5rap1/Inpp5k/Mapt/Rb1/Prdx3/Agt/Zgpat/Rgs2/Chordc1/Macroh2a1/Nf2/Nf1/Nolc1/Akt1/Irs2/Paqr3/Rtraf/Dusp19/Pdcd4/Prkar1a/Errfi1/Spry1/Prkcd/Tsc2/Aida/Fbxo7/Prkag2/Taf7/Park7/Gstp3"
"GO:1901988","GO:1901988","negative regulation of cell cycle phase transition",150,-0.196542422069949,-0.927697615783222,0.647798742138365,0.851560857683414,0.698845468727526,2482,"tags=29%, list=27%, signal=21%","Tti1/Mbtps2/Bub3/Nabp1/Mapk14/Rps27l/Sde2/Miip/Brca1/Pkd2/Zfp207/Xpc/Crlf3/Lcmt1/Brcc3dc/Rb1/Gen1/Cep192/Zfyve19/Msh2/Spc25/Macroh2a1/Uimc1/Eif2ak4/Mbd4/Prpf4b/Fzr1/Nsun2/Rint1/Pabir1/Dlg1/Dync1li1/Kntc1/Usp44/Fbxo7/Tipin/Chek2/Cry1/Brca2/Trip13/Syf2/Rpl24/Tmsb4x"
"GO:0034605","GO:0034605","cellular response to heat",33,-0.248662024638375,-0.889808236711129,0.647887323943662,0.851560857683414,0.698845468727526,2220,"tags=33%, list=24%, signal=25%","Hspa8/Dnajb1/Ywhae/Mapt/Pdcd6/Chordc1/Sumo1/Nf1/Atxn3/Hikeshi/Hsbp1"
"GO:0046173","GO:0046173","polyol biosynthetic process",41,0.238756767558093,0.883789269826226,0.647619047619048,0.851560857683414,0.698845468727526,1596,"tags=22%, list=18%, signal=18%","Prkg1/Pth1r/Sptlc2/Adcyap1r1/Abca2/Itpkb/Itpka/Ip6k2/Sptlc3"
"GO:0051321","GO:0051321","meiotic cell cycle",130,-0.201712912977957,-0.923256105677236,0.648590021691974,0.852087030828896,0.69927728016551,3015,"tags=40%, list=33%, signal=27%","Grb14/Xrn1/Marf1/Fancd2/Cdc25a/Ing2/Eme1/Fancm/Sycp2/Tubgcp6/Hfm1/Brip1/Ndc1/Washc5/Ccne1/Bub3/Actr3/Ubb/Terb1/Washc1/M1ap/Piwil1/Sun2/Aspm/Mapk1ip1/Lsm14b/Rad51ap1/Rec8/Clgn/Mlh1/Hspa2/Ppp2ca/Slx4/Ska2/BC005624/Tex11/Insr/Mlh3/Tubgcp2/Fzr1/Mettl3/Nsun2/Tubgcp5/Suv39h2/Orc4/Ube2b/Dcaf13/Tubgcp4/Brca2/Trip13/Spdya/Rec114"
"GO:0072526","GO:0072526","pyridine-containing compound catabolic process",70,0.224279703339164,0.909411037432457,0.649606299212598,0.852230237980029,0.699394805140684,2283,"tags=31%, list=25%, signal=24%","Arnt/Hdac4/Igf1/Ppargc1a/Esrrb/Ppara/Ogdh/Ep300/Pfkl/Bcl2l13/Enpp1/Fkrp/Mtor/Eno4/Mtch2/Ncor1/Lipa/App/Git1/Rptor/Adpgk/Pfkfb3"
"GO:0046031","GO:0046031","ADP metabolic process",74,0.219415881787194,0.906558507561379,0.649425287356322,0.852230237980029,0.699394805140684,2283,"tags=31%, list=25%, signal=23%","Arnt/Hdac4/Igf1/Ppargc1a/Esrrb/Ppara/Ogdh/Ep300/Pfkl/Bcl2l13/Nt5e/Enpp1/Fkrp/Mtor/Eno4/Mtch2/Ncor1/Lipa/App/Git1/Rptor/Adpgk/Pfkfb3"
"GO:0048854","GO:0048854","brain morphogenesis",28,0.261774151354006,0.875872247298274,0.64952380952381,0.852230237980029,0.699394805140684,1875,"tags=29%, list=21%, signal=23%","Ctnna2/Foxo3/Cdh2/Akt3/Afdn/Zfp335/Wnt5a/Sox2"
"GO:0051651","GO:0051651","maintenance of location in cell",119,-0.199706996723746,-0.905884876159838,0.65,0.852349930200093,0.699493032254904,2069,"tags=27%, list=23%, signal=21%","Casq1/Sun2/Pkd2/Aspm/Myo5a/Cherp/Ryr1/Ryr3/Grk2/Plce1/Atg5/Supt7l/Letm1/Trpm2/Akt1/Htr2b/Plch2/Bbs4/Dbi/Cyba/Uvrag/Calm2/Ghitm/Gp5/Fkbp1a/Tpcn2/Plch1/Tmem38a/Park7/Rer1/Skp1/Itgav"
"GO:0072332","GO:0072332","intrinsic apoptotic signaling pathway by p53 class mediator",47,0.232539604641481,0.883311325725994,0.650579150579151,0.852712579689324,0.699790645690279,1384,"tags=21%, list=15%, signal=18%","Zfp385b/Hipk2/Prkn/Uri1/Ep300/Pttg1ip/Atad5/Cd74/Fhit/Wwox"
"GO:0006650","GO:0006650","glycerophospholipid metabolic process",191,-0.190806946030845,-0.927806946922863,0.652542372881356,0.854414464534075,0.701187321572359,2103,"tags=25%, list=23%, signal=20%","Pnpla8/Serac1/Bpnt1/Pnpla6/Tnfaip8l3/Dnajc19/Pik3cg/Gnpat/Inpp5k/Hadha/Spata18/Hdhd5/Pigp/Cds2/Plce1/Ptdss2/Mtmr4/Ddhd1/Sacm1l/Abca3/Pik3ca/Synj1/Pigh/Pon1/Pld1/Mtmr10/Mtmr6/Far1/Agpat3/Gpcpd1/Htr2b/Plch2/Dbi/Pla2g7/Impa1/Pigk/Uvrag/Etnk1/Pgp/Pgap1/Plch1/Smg1/Fabp5/Pip4k2b/Pik3cd/Mtmr9/Abhd12/Pip5k1c"
"GO:0006606","GO:0006606","protein import into nucleus",121,-0.20006886099303,-0.908580164957025,0.652838427947598,0.854414464534075,0.701187321572359,1610,"tags=20%, list=18%, signal=17%","Sec13/Agt/Nup35/Nup88/Sumo1/Ipo5/Nf1/Nolc1/Akt1/Nup107/Akap1/Nup214/Ran/Rbm22/Sirt6/Prkcd/Ppp3r1/Tsc2/Prkcq/Angpt1/Hikeshi/Nup133/Abra/Ddx5"
"GO:2000060","GO:2000060","positive regulation of ubiquitin-dependent protein catabolic process",69,-0.216577289574473,-0.898545005135614,0.654,0.854414464534075,0.701187321572359,1834,"tags=22%, list=20%, signal=17%","Rbx1/Zer1/Mapk8/Csnk1e/Sumo1/Akt1/Usp5/Paqr3/Fzr1/Sirt6/Stub1/Pabir1/Traf7/Zyg11b/Atxn3"
"GO:0009116","GO:0009116","nucleoside metabolic process",31,-0.253824985587262,-0.887251135628844,0.653767820773931,0.854414464534075,0.701187321572359,1077,"tags=23%, list=12%, signal=20%","Ada/Aprt/Cdadc1/Tk2/Adal/Pgm2/Tymp"
"GO:0071385","GO:0071385","cellular response to glucocorticoid stimulus",31,0.259922636968995,0.886430781984662,0.653620352250489,0.854414464534075,0.701187321572359,2082,"tags=32%, list=23%, signal=25%","Egfr/Sstr4/Foxo3/Gsk3b/Smyd3/Aqp1/Sstr3/Axin2/Pck2/Hnrnpu"
"GO:0051647","GO:0051647","nucleus localization",29,0.260927569094202,0.878538385351482,0.652671755725191,0.854414464534075,0.701187321572359,2437,"tags=38%, list=27%, signal=28%","Syne2/Cdc42bpa/Dmd/Myh10/Ptk2/Mtor/Ntn1/Tlk2/Slit1/Kif1a/Tacc2"
"GO:0042461","GO:0042461","photoreceptor cell development",26,-0.260214423656941,-0.868145415907947,0.653688524590164,0.854414464534075,0.701187321572359,2713,"tags=46%, list=30%, signal=32%","Samd11/Nphp4/Ush1c/Ift140/Ift20/Prkci/Rabl2/Cfap418/Tmem67/Bbs4/Pde6c/Ahi1"
"GO:2000058","GO:2000058","regulation of ubiquitin-dependent protein catabolic process",113,-0.204945188414123,-0.92085597258432,0.65450643776824,0.854679861738138,0.701405123543644,1834,"tags=21%, list=20%, signal=17%","Rbx1/Zer1/Mapk8/Csnk1e/Uchl5/Anks1/Usp14/Sumo1/Rpl23/Rpl5/Akt1/Usp5/Paqr3/Fzr1/Sirt6/Stub1/Pabir1/Traf7/Ogt/Bag5/Park7/Zyg11b/Atxn3/Taf9"
"GO:0051496","GO:0051496","positive regulation of stress fiber assembly",39,-0.240967505838557,-0.88569468224116,0.654885654885655,0.854778960383407,0.701486450249279,1075,"tags=18%, list=12%, signal=16%","Nf2/Fermt2/Ccn2/Prkcq/Tac1/Pfn2/Nrp1"
"GO:0043433","GO:0043433","negative regulation of DNA-binding transcription factor activity",68,0.225270551872516,0.909106253700355,0.655642023346304,0.85497418870425,0.701646667133554,1694,"tags=24%, list=19%, signal=19%","Prox1/Igf1r/Hdac4/Ezh2/Chuk/Traip/Peli1/Tut4/Dnaja3/Hes1/Taf3/Dab2ip/Tax1bp1/Cdk5rap3/Kat6a/Tcf7l2"
"GO:2000027","GO:2000027","regulation of animal organ morphogenesis",43,-0.238771444548579,-0.892343720832203,0.6553911205074,0.85497418870425,0.701646667133554,1222,"tags=19%, list=13%, signal=16%","Sox8/Runx2/Spag6l/Prkcb/Ctnnb1/Spry1/Rspo2/Ahi1"
"GO:0008584","GO:0008584","male gonad development",76,0.217380352010947,0.90358476365308,0.65719696969697,0.855418503744139,0.702011300558766,1183,"tags=18%, list=13%, signal=16%","Bcl2/Csmd1/Nkx2-1/Arid4a/Fndc3a/Tgfb2/Jmjd1c/Arid4b/Fshr/Adam32/Ncoa1/Rad21l/Acvr2a/Fgf9"
"GO:0046546","GO:0046546","development of primary male sexual characteristics",76,0.217380352010947,0.90358476365308,0.65719696969697,0.855418503744139,0.702011300558766,1183,"tags=18%, list=13%, signal=16%","Bcl2/Csmd1/Nkx2-1/Arid4a/Fndc3a/Tgfb2/Jmjd1c/Arid4b/Fshr/Adam32/Ncoa1/Rad21l/Acvr2a/Fgf9"
"GO:0002685","GO:0002685","regulation of leukocyte migration",87,0.211438461783953,0.903412566202178,0.656716417910448,0.855418503744139,0.702011300558766,1447,"tags=21%, list=16%, signal=18%","Fut9/Pecam1/St3gal4/Wnk1/Ripor2/Plcb1/Cxcl12/Smpd3/Mtus1/Vegfc/Camk1d/Edn3/Cd74/Pawr/Ptk2/Chst2/Pdgfd/Swap70"
"GO:0021895","GO:0021895","cerebral cortex neuron differentiation",24,0.271632086908732,0.866855213879956,0.656626506024096,0.855418503744139,0.702011300558766,1622,"tags=29%, list=18%, signal=24%","Nkx2-1/Gdpd5/Kcnq2/Cntn2/Hes1/Tox/Zfp335"
"GO:0031100","GO:0031100","animal organ regeneration",35,0.251618545239881,0.883702017333515,0.657587548638132,0.855531723020432,0.70210421556008,1587,"tags=20%, list=18%, signal=17%","mt-Cytb/Egfr/Ezh2/Cxcl12/Itpr1/Ptpn3/Gas6"
"GO:0061900","GO:0061900","glial cell activation",24,-0.264672672839254,-0.862799134618929,0.658730158730159,0.856622790632943,0.702999615636538,1553,"tags=21%, list=17%, signal=17%","Agt/Nampt/Hspa4/Calhm2/Lrp1"
"GO:1902369","GO:1902369","negative regulation of RNA catabolic process",57,-0.228548523407854,-0.907615362950861,0.660569105691057,0.858222102276348,0.704312113369368,879,"tags=12%, list=10%, signal=11%","Csde1/Nsun2/Tent4b/Slirp/Fxr1/Cirbp/Tob1"
"GO:0006040","GO:0006040","amino sugar metabolic process",27,-0.257616683810528,-0.866040003592486,0.660493827160494,0.858222102276348,0.704312113369368,2478,"tags=37%, list=27%, signal=27%","Npl/Ctbs/St6gal1/Chst1/Gnpnat1/Oga/Dpagt1/Gfpt1/Ogt/Gnpda2"
"GO:0062014","GO:0062014","negative regulation of small molecule metabolic process",68,0.224893643136279,0.907585193418223,0.66147859922179,0.859007692445624,0.70495681905907,2045,"tags=31%, list=23%, signal=24%","Prox1/Prkg1/Hdac4/Ppargc1a/Ppara/Ep300/Mfsd2a/Dcaf5/Atp2b4/Acmsd/Atcay/Cnr1/Mtch2/Tcf7l2/Dkk3/Chlsn/Ncor1/Malrd1/Git1/Appl2/Amdhd2"
"GO:2001236","GO:2001236","regulation of extrinsic apoptotic signaling pathway",84,-0.211785130619853,-0.904044234410114,0.661795407098121,0.859023241456705,0.704969579575055,1634,"tags=24%, list=18%, signal=20%","Gpx1/Pak2/Agt/Faim/Faf1/Stradb/Nf1/G0s2/Itga6/Ddx3x/Cttn/Tnfsf10/Park7/Gstp3/Pea15a/Itgav/Psme3/Ctnna1/Nrp1/Rps6kb1"
"GO:0045088","GO:0045088","regulation of innate immune response",192,0.193877977704026,0.932714131015544,0.665399239543726,0.859374491378055,0.705257837793727,1521,"tags=21%, list=17%, signal=18%","Trim25/Irf7/Mapkapk3/Parp14/Pum2/Cadm1/Chuk/Rps6ka3/Smpdl3b/Rnf144a/Gigyf2/Ptprs/Plscr1/Zc3hav1/Prkd1/Samhd1/Irf2/Matr3/Znrf1/Peli1/Hexim1/Adar/Stat2/Prkce/Lats1/Ifi35/Map3k7/Cd74/Lgr4/Elp6/Ube2k/Dnaja3/Rab11fip2/Oasl1/Dab2ip/Grn/Ifih1/Zdhhc18/Mfhas1/Tax1bp1"
"GO:0006935","GO:0006935","chemotaxis",188,0.193768544586095,0.930834109979287,0.665420560747664,0.859374491378055,0.705257837793727,1379,"tags=19%, list=15%, signal=17%","Unc5c/Robo1/Flrt2/Smoc2/Sema4g/Epha7/Robo2/Tgfb2/Plxna4/Bmpr2/Ptpro/Nrg3/Wnk1/Sema3f/Ripor2/Pla2g6/Prkd1/Prkca/Cxcl12/Ntrk3/Mtus1/Vegfc/Flrt3/Camk1d/Colec10/Maco1/Edn3/Fgf18/Cd74/Fgfr1/Lgr4/Ptk2/Clxn/Pde4b/Pdgfd/Rtn4rl1"
"GO:0042330","GO:0042330","taxis",188,0.193768544586095,0.930834109979287,0.665420560747664,0.859374491378055,0.705257837793727,1379,"tags=19%, list=15%, signal=17%","Unc5c/Robo1/Flrt2/Smoc2/Sema4g/Epha7/Robo2/Tgfb2/Plxna4/Bmpr2/Ptpro/Nrg3/Wnk1/Sema3f/Ripor2/Pla2g6/Prkd1/Prkca/Cxcl12/Ntrk3/Mtus1/Vegfc/Flrt3/Camk1d/Colec10/Maco1/Edn3/Fgf18/Cd74/Fgfr1/Lgr4/Ptk2/Clxn/Pde4b/Pdgfd/Rtn4rl1"
"GO:0019364","GO:0019364","pyridine nucleotide catabolic process",69,0.224860456464325,0.906386735626542,0.665338645418327,0.859374491378055,0.705257837793727,2283,"tags=32%, list=25%, signal=24%","Arnt/Hdac4/Igf1/Ppargc1a/Esrrb/Ppara/Ogdh/Ep300/Pfkl/Bcl2l13/Enpp1/Fkrp/Mtor/Eno4/Mtch2/Ncor1/Lipa/App/Git1/Rptor/Adpgk/Pfkfb3"
"GO:1901800","GO:1901800","positive regulation of proteasomal protein catabolic process",77,-0.216140390400375,-0.903928439234729,0.662447257383966,0.859374491378055,0.705257837793727,1834,"tags=23%, list=20%, signal=19%","Rbx1/Zer1/Mapk8/Csnk1e/Bag2/Tmem67/Sumo1/Akt1/Usp5/Paqr3/Fzr1/Sirt6/Osbpl7/Stub1/Eif2a/Pabir1/Zyg11b/Atxn3"
"GO:0097581","GO:0097581","lamellipodium organization",61,0.225653580934455,0.892864370853593,0.665362035225049,0.859374491378055,0.705257837793727,1507,"tags=25%, list=17%, signal=21%","Auts2/Hdac4/Arhgef7/Ccdc88a/Abi2/Ptpro/Arhgef6/Nck2/Carmil1/Fgd4/Phpt1/Vcl/Pxn/Aqp1/Mtor"
"GO:0032963","GO:0032963","collagen metabolic process",49,-0.229513927909204,-0.885978901407607,0.664646464646465,0.859374491378055,0.705257837793727,1573,"tags=22%, list=17%, signal=19%","Ppard/Cygb/Mmp14/Vipas39/Ctsb/Mmp27/Errfi1/Ccn2/Prkcd/P3h3/Vim"
"GO:0035136","GO:0035136","forelimb morphogenesis",22,0.277660417632894,0.873457311316973,0.663385826771654,0.859374491378055,0.705257837793727,1475,"tags=27%, list=16%, signal=23%","Cacna1c/Wnt9a/Rdh10/Fmn1/Zbtb16/Enpp1"
"GO:0043403","GO:0043403","skeletal muscle tissue regeneration",26,0.267002200675699,0.872224043134875,0.665369649805447,0.859374491378055,0.705257837793727,1476,"tags=27%, list=16%, signal=23%","Ezh2/Igf1/Large1/Dmd/Klf5/Bcl9/Fkrp"
"GO:0007435","GO:0007435","salivary gland morphogenesis",25,-0.25979045500199,-0.856541863567826,0.664634146341463,0.859374491378055,0.705257837793727,97,"tags=8%, list=1%, signal=8%","Nrp1/Polb"
"GO:0099022","GO:0099022","vesicle tethering",25,-0.259308271077979,-0.854952079536494,0.664634146341463,0.859374491378055,0.705257837793727,1379,"tags=20%, list=15%, signal=17%","Fam91a1/Exoc1/Trappc6b/5730455P16Rik/Trappc3"
"GO:1901607","GO:1901607","alpha-amino acid biosynthetic process",33,-0.246231489780792,-0.881110849407876,0.665995975855131,0.859723618854676,0.705544354198097,833,"tags=18%, list=9%, signal=17%","Aasdhppt/Got2/Oat/Glul/Apip/Park7"
"GO:0015914","GO:0015914","phospholipid transport",60,-0.222608473287972,-0.896380353503587,0.666666666666667,0.859801678108314,0.705608414629251,2086,"tags=33%, list=23%, signal=26%","Atg9a/Tnfaip8l3/Cptp/Pitpnm3/Atp11b/Prelid3b/Plscr5/Abcc1/Abca3/Prelid3a/Atp8b2/Pitpnm2/Etnppl/Osbpl2/Pitpnb/Dbi/Tmem41b/Vdac2/Scp2/Esyt1"
"GO:0050685","GO:0050685","positive regulation of mRNA processing",27,-0.256937081742192,-0.863755358945262,0.666666666666667,0.859801678108314,0.705608414629251,686,"tags=15%, list=8%, signal=14%","Zfp64/Eif4a3/Slirp/Cirbp"
"GO:0032231","GO:0032231","regulation of actin filament bundle assembly",73,0.218701682199289,0.899583368000349,0.667946257197697,0.860270819370708,0.70599342204529,1619,"tags=25%, list=18%, signal=20%","Prkn/Wnt11/Ccdc88a/Ppfia1/Tmeff2/Dbn1/Dlc1/Carmil1/Mtss1/Tjp1/Kank4/Limch1/Pxn/Itgb1bp1/Swap70/Braf/Mtor/Asap3"
"GO:0031529","GO:0031529","ruffle organization",30,-0.253307167512251,-0.8750963922866,0.66735112936345,0.860270819370708,0.70599342204529,2486,"tags=37%, list=27%, signal=27%","Eps8/Fam98a/Rac1/Arhgap24/Def8/Hras/Inpp5k/Plekha1/Arhgef26/Cyfip1/Pfn2"
"GO:0071364","GO:0071364","cellular response to epidermal growth factor stimulus",29,0.258341521803798,0.869831211100629,0.66793893129771,0.860270819370708,0.70599342204529,1408,"tags=21%, list=16%, signal=18%","Erbb4/Egfr/Pde8a/Dusp22/Garem1/Dab2ip"
"GO:0006909","GO:0006909","phagocytosis",102,0.206195099417011,0.906626049574791,0.669829222011385,0.860803463112787,0.706430543669939,1685,"tags=23%, list=19%, signal=19%","Xkr4/Pecam1/Xkr6/Rap1gap/Plscr1/Adgrb1/Myo18a/Eif2ak1/Tub/Rapgef1/Elmo1/Irf8/Lman2/Camk1d/Colec10/Colec11/Ptk2/Mex3b/Rab11fip2/Rab31/Gas6/Rab39/Pros1"
"GO:0032436","GO:0032436","positive regulation of proteasomal ubiquitin-dependent protein catabolic process",55,-0.227550061160584,-0.898349289912243,0.669387755102041,0.860803463112787,0.706430543669939,2023,"tags=25%, list=22%, signal=20%","Gclc/Rbx1/Zer1/Mapk8/Csnk1e/Sumo1/Akt1/Usp5/Paqr3/Fzr1/Sirt6/Stub1/Pabir1/Zyg11b"
"GO:0046661","GO:0046661","male sex differentiation",89,0.209041822851455,0.897622852599046,0.670391061452514,0.860803463112787,0.706430543669939,1875,"tags=26%, list=21%, signal=21%","Bcl2/Csmd1/Nkx2-1/Arid4a/Fndc3a/Tgfb2/Jmjd1c/Bmpr1a/Arid4b/Fshr/Adam32/Ncoa1/Rad21l/Acvr2a/Fgf9/Lgr4/Map7/Arid5b/Bmp6/Ago4/Mamld1/Wnt5a/Sox2"
"GO:0002040","GO:0002040","sprouting angiogenesis",76,0.215126770801426,0.89421730414839,0.670454545454545,0.860803463112787,0.706430543669939,1439,"tags=17%, list=16%, signal=15%","Robo1/Bmper/Pik3r3/Stard13/Pik3c2a/Akt3/Rnf213/Smad1/Vegfc/Tjp1/Epn2/Spred1/Itgb1bp1"
"GO:0048489","GO:0048489","synaptic vesicle transport",40,0.239477182670723,0.879089458925839,0.670498084291188,0.860803463112787,0.706430543669939,992,"tags=18%, list=11%, signal=16%","Nlgn1/Ap1s2/Ap3d1/Borcs5/Kif5c/Kif1b/Madd"
"GO:0009948","GO:0009948","anterior/posterior axis specification",21,0.279703239331906,0.875972806480452,0.669260700389105,0.860803463112787,0.706430543669939,1842,"tags=29%, list=20%, signal=23%","Prickle1/Ski/Hey2/Gpc3/Ldb1/Wnt5a"
"GO:1902235","GO:1902235","regulation of endoplasmic reticulum stress-induced intrinsic apoptotic signaling pathway",21,0.279504637949814,0.875350827948999,0.669260700389105,0.860803463112787,0.706430543669939,1933,"tags=33%, list=21%, signal=26%","Prkn/Nck2/Eif2ak3/Hyou1/Tmbim6/Ptpn1/App"
"GO:0030593","GO:0030593","neutrophil chemotaxis",33,0.25612441522897,0.881417343237619,0.671287128712871,0.861424011253584,0.706939805283376,2033,"tags=33%, list=22%, signal=26%","Tgfb2/Ripor2/Prkca/Camk1d/Edn3/Cd74/Pde4b/Prex1/Vav3/Gbf1/Cklf"
"GO:0099111","GO:0099111","microtubule-based transport",174,-0.194282097275013,-0.926308071790174,0.671739130434783,0.861611683916804,0.707093821510298,2387,"tags=30%, list=26%, signal=23%","Rhot1/Ubb/Terf2/Pcm1/Vangl1/Hspa8/Bicd1/Ift88/Stk11/Sun2/Myo5a/Copg1/Dync2i2/Ift140/Rabgef1/Cfap54/Bloc1s6/Ift20/Map2k1/Mapt/Atg5/Ift70b/Dpcd/Bbs12/Sod1/Cluap1/Katnip/Atg16l1/Fyco1/Ift25/Wdr19/Ift172/Spag6l/Bloc1s1/Wasf1/Intu/Dync1i1/Sfpq/Nherf1/BC048507/Aqp4/Ttll1/Ift43/Kif21b/Rsph3b/Ttc21b/Spg7/Dync2li1/Ap3m2/Spag16/Hsbp1/Rab21/Rsph14"
"GO:0051092","GO:0051092","positive regulation of NF-kappaB transcription factor activity",56,0.226294655402491,0.887194195822658,0.672480620155039,0.862170331026797,0.707552283166812,1972,"tags=27%, list=22%, signal=21%","Trim25/Erc1/Trappc9/Slco3a1/Prkd1/Ripk1/Nts/Rps6ka5/Trim8/Mtdh/Rnf31/Wnt5a/Dhx33/Ror1/Clock"
"GO:0022602","GO:0022602","ovulation cycle process",29,-0.255078136255339,-0.871673899020437,0.673640167364017,0.863264207199545,0.708449988127974,1747,"tags=24%, list=19%, signal=20%","Slit3/Grk2/Plekha1/Agt/Mfn2/Pdgfra/Arrb1"
"GO:0031929","GO:0031929","TOR signaling",128,-0.197565211414677,-0.905288029167364,0.674620390455531,0.863304622017488,0.70848315512025,1525,"tags=20%, list=17%, signal=16%","Sec13/Szt2/Pdcd6/Pik3ca/Otub1/Prr5l/Lars1/Akt1/Itfg2/Lamtor3/Ube2d1/Depdc5/Tbc1d7/Dyrk3/Mios/Tsc2/Ogt/Tbk1/Zmpste24/Npc1/Shq1/Atxn3/Ywhaz/Rps6kb1/Sesn1"
"GO:0031507","GO:0031507","heterochromatin formation",94,-0.209275625797308,-0.90511007986808,0.674568965517241,0.863304622017488,0.70848315512025,2261,"tags=28%, list=25%, signal=21%","Hdac3/H3f3b/Pcgf5/Brca1/Piwil1/Macroh2a2/Bahd1/Rb1/Bap1/Macroh2a1/Baz2a/Ezh1/Cbx1/Lrif1/Cenpv/Hat1/Setdb1/Mis18a/Mettl3/Sirt6/Mbd3l2/Wdhd1/Hells/Smarca5/Cbx5/Znfx1"
"GO:0038179","GO:0038179","neurotrophin signaling pathway",31,-0.25057204493276,-0.875880405977615,0.674134419551935,0.863304622017488,0.70848315512025,2828,"tags=48%, list=31%, signal=33%","Cd2ap/Dok5/Ddit4/Zfyve27/Slc9a6/Sort1/Bcar1/Agt/Sos1/Kidins220/Wasf1/Lmtk2/Cyfip1/Spry1/Gfra1"
"GO:0002720","GO:0002720","positive regulation of cytokine production involved in immune response",32,-0.246587260185691,-0.871816783188209,0.674897119341564,0.863304622017488,0.70848315512025,232,"tags=9%, list=3%, signal=9%","Cd226/Kit/Ddx1"
"GO:0035825","GO:0035825","homologous recombination",31,-0.25041247502142,-0.875322625644363,0.676171079429735,0.864541788490469,0.709498453294072,3271,"tags=52%, list=36%, signal=33%","Mre11a/Ubr2/Fancd2/Eme1/Fancm/Hfm1/Brip1/Terb1/Brca1/Rad51ap1/Mlh1/Slx4/Tex11/Hdac10/Ube2b/Trip13"
"GO:0007286","GO:0007286","spermatid development",103,-0.205223877517736,-0.908832194007868,0.676595744680851,0.864692430163555,0.709622079514897,2198,"tags=27%, list=24%, signal=21%","H3f3b/Tmf1/Ift88/Stk11/Zpbp/Piwil1/Tarbp2/Cfap54/Mkks/Tbpl1/Slc9a8/Rec8/Hspa2/Tpgs1/Dnali1/Spag6l/Bbs4/Sbf1/Nsun2/Dld/Ttll1/Ube2b/Trip13/Cfap69/Spag16/Slirp/Kit/Fxr1"
"GO:0030308","GO:0030308","negative regulation of cell growth",101,0.206125336473479,0.903085444486094,0.679316888045541,0.867436731187795,0.711874228986435,1553,"tags=19%, list=17%, signal=16%","Fgf13/Bcl2/Sertad2/Epha7/Tgfb2/Wnt11/Bmpr2/Ptprs/Sema3f/Ppara/Ctdp1/Spag9/Dnajc2/Cdkn1b/Vgll4/Dab2ip/Ip6k2/Enpp1/Ntn1"
"GO:0043255","GO:0043255","regulation of carbohydrate biosynthetic process",64,0.224266062095799,0.896072097366592,0.67935871743487,0.867436731187795,0.711874228986435,848,"tags=16%, list=9%, signal=14%","Prkg1/Pth1r/Igf1/Esrrb/Oprm1/Ppara/Ep300/Gsk3b/Smpd3/Irs1"
"GO:0048713","GO:0048713","regulation of oligodendrocyte differentiation",36,0.249488518378447,0.884044891020764,0.680933852140078,0.869054164551965,0.713201598565862,2164,"tags=36%, list=24%, signal=28%","Tenm4/Qki/Sox1/Tnfrsf21/Aspa/Hes1/Mtor/Hdac1/Ptprz1/Tcf7l2/Sirt2/Daam2/Ptpra"
"GO:0002709","GO:0002709","regulation of T cell mediated immunity",23,0.268684273391645,0.858089912452482,0.681818181818182,0.869788880200831,0.713804553360437,1482,"tags=22%, list=16%, signal=18%","B2m/Dusp22/Fbxo38/Map3k7/Dennd1b"
"GO:0032271","GO:0032271","regulation of protein polymerization",126,0.19897690505919,0.905942284560863,0.682156133828996,0.869826237615435,0.713835211251396,1774,"tags=23%, list=20%, signal=19%","Tenm1/Fhod3/Svil/Pecam1/Nav3/Arhgef7/Pde4dip/Add3/Dbn1/Ambra1/Nck2/Fmn1/Prkce/Lats1/Carmil1/Tbcd/Cdkn1b/Arhgap18/Cracd/Togaram1/Kank4/Grb2/Slain1/Mtor/Kirrel1/Ssh3/Prex1/Cyfip2/Map2"
"GO:0031670","GO:0031670","cellular response to nutrient",27,-0.254183721087717,-0.854499279580282,0.683127572016461,0.870670962434368,0.714528446628182,1257,"tags=37%, list=14%, signal=32%","Brip1/Xbp1/Trim24/Kat2b/Tnks/Pld1/Phex/Ogt/Rps6kb1/Gdap1"
"GO:1904888","GO:1904888","cranial skeletal system development",36,0.24885528158651,0.881801061307249,0.684824902723735,0.871754359053024,0.715417551394978,1937,"tags=28%, list=21%, signal=22%","Chst11/Ext1/Tgfb2/Rdh10/B3glct/Colec10/Cplane2/Foxn3/Gnas/Mmp16"
"GO:0045638","GO:0045638","negative regulation of myeloid cell differentiation",42,0.233219769350832,0.868446855047733,0.684905660377358,0.871754359053024,0.715417551394978,2801,"tags=43%, list=31%, signal=30%","Qki/Ubash3b/Cul4a/Ypel4/Mafb/Ctr9/Itpkb/Cdk6/Lrrc17/Ldb1/Meis1/Meis2/Cdc73/Gpr137b/Bmyc/Gabpa/Tob2/Thoc5"
"GO:0007549","GO:0007549","sex-chromosome dosage compensation",20,0.269082736075592,0.836033092621206,0.684512428298279,0.871754359053024,0.715417551394978,590,"tags=15%, list=7%, signal=14%","Ncor2/Cdyl/Smchd1"
"GO:0046326","GO:0046326","positive regulation of D-glucose import",25,0.268716593991282,0.868768704058609,0.686274509803922,0.873102288319391,0.716523748622652,1237,"tags=24%, list=14%, signal=21%","Erbb4/Igf1/Rhoq/Irs1/Capn10/Gpc3"
"GO:0071384","GO:0071384","cellular response to corticosteroid stimulus",35,0.246666712917317,0.866310834148765,0.686770428015564,0.873338928767085,0.716717950954871,2082,"tags=31%, list=23%, signal=24%","Egfr/Sstr4/Foxo3/Nr3c2/Gsk3b/Smyd3/Aqp1/Sstr3/Axin2/Pck2/Hnrnpu"
"GO:0010810","GO:0010810","regulation of cell-substrate adhesion",131,0.198681999900736,0.909976266282435,0.687615526802218,0.87375329440339,0.717058005978203,2042,"tags=28%, list=23%, signal=22%","Bcl2/Epha3/Spock2/Smoc2/Cask/Smoc1/Vwc2/Dmd/Dusp22/Gsk3b/Dbn1/Dlc1/Fmn1/Prkce/Carmil1/Tbcd/Ptk2/Dock5/Cdk6/Limch1/Vcl/Itgb1bp1/Braf/Ptprz1/Rock1/Map4k4/Prex1/Ldb1/Peak1/Calr/Spock1/Ptpn1/Ajap1/Bcl6/Rreb1/Rin2/Abl1"
"GO:0030968","GO:0030968","endoplasmic reticulum unfolded protein response",55,-0.225004907655958,-0.888301229138556,0.687755102040816,0.87375329440339,0.717058005978203,1993,"tags=24%, list=22%, signal=19%","Yod1/Cops5/Parp16/Eif2ak2/Bok/Eif2ak4/Akt1/Derl1/Tmbim4/Stub1/Eif2a/Pdia6/Bfar"
"GO:1903725","GO:1903725","regulation of phospholipid metabolic process",29,-0.248503604069142,-0.849206869156142,0.688284518828452,0.87375329440339,0.717058005978203,1953,"tags=31%, list=22%, signal=24%","Dnajc19/Spata18/Mtmr4/Abca3/Htr2b/Prkcd/Arf1/Scp2/Mtmr9"
"GO:0051957","GO:0051957","positive regulation of amino acid transport",20,0.268434199093973,0.834018105014312,0.688336520076482,0.87375329440339,0.717058005978203,1504,"tags=25%, list=17%, signal=21%","Slc6a1/Grin2b/Grik1/Slc38a1/Htr2c"
"GO:0046847","GO:0046847","filopodium assembly",58,0.222971810844408,0.876241128767996,0.689723320158103,0.875119457994387,0.718179167462429,1092,"tags=17%, list=12%, signal=15%","Tenm1/Nlgn1/Nrxn1/Plppr5/Rhoq/Ripor2/Dbn1/Tenm2/Myo3a/Fgd4"
"GO:0007431","GO:0007431","salivary gland development",26,-0.250886534790266,-0.837025065829357,0.690573770491803,0.875804178778533,0.71874109326377,97,"tags=8%, list=1%, signal=8%","Nrp1/Polb"
"GO:1901990","GO:1901990","regulation of mitotic cell cycle phase transition",200,-0.186038875899196,-0.911055571282635,0.694092827004219,0.875877434261195,0.718801211412291,1895,"tags=23%, list=21%, signal=19%","Klhl18/Crlf3/Phf10/Lcmt1/Brcc3dc/Rb1/Gen1/Ercc3/Larp7/Cep192/Zfyve19/Hspa2/Spc25/Dbf4/Ppp2ca/Uimc1/Rrm1/Cul4b/Akt1/Ctc1/Rrm2b/Plrg1/Mbd4/Prpf4b/Fzr1/Rint1/Vps4b/Ddx3x/Pabir1/Dlg1/Dync1li1/Smarcb1/Kntc1/Prkcq/Cdc16/Usp44/Fbxo7/Anapc7/Smarcd1/Anapc4/Trip13/Smarcc2/Psme3/Syf2/Kcnh5/Id2"
"GO:0048754","GO:0048754","branching morphogenesis of an epithelial tube",99,-0.205424371412993,-0.901574315521289,0.693617021276596,0.875877434261195,0.718801211412291,1559,"tags=23%, list=17%, signal=19%","Mmp14/Agt/Lama5/Tmem67/Cxcr4/Kdm5b/Sox8/Mks1/Ctnnb1/Kras/Npnt/Spry1/Sirt6/Mdk/Dlg5/Pdgfra/Ppp3r1/Dlg1/Angpt1/Rspo2/Sema3e/Hhip/Nrp1"
"GO:0008360","GO:0008360","regulation of cell shape",89,-0.208541460893413,-0.894079584263311,0.69247311827957,0.875877434261195,0.718801211412291,2824,"tags=38%, list=31%, signal=27%","Myl12a/Baiap2/Plxnb1/Cdc42ep4/Shroom3/Eps8/Arhgef18/Msn/Dmtn/Rac1/Ptk2b/Ptn/Cfdp1/Plxnb2/Rac3/Strip2/Myo10/Bambi/Wasf3/Nf2/Epb41/Plekho1/Fermt2/S100b/Cyfip1/Nherf1/Parvb/Dlg1/Zmpste24/Wdr1/Sema3e/Palmd/Kit/Coch"
"GO:0007632","GO:0007632","visual behavior",56,0.224735570241631,0.881081761116461,0.693798449612403,0.875877434261195,0.718801211412291,1709,"tags=29%, list=19%, signal=23%","Ppp1r1b/Cacna1c/Atxn1/Ap1s2/Nts/Grin1/Drd5/Cacna1e/Pias1/Nptn/Deaf1/Braf/Mtor/Tafa2/Kmt2a/Ddhd2"
"GO:0051346","GO:0051346","negative regulation of hydrolase activity",55,-0.223107320528611,-0.880809708197164,0.691836734693878,0.875877434261195,0.718801211412291,2182,"tags=31%, list=24%, signal=24%","Hras/Lepr/Sort1/Reck/Mkks/Gapdh/Neil1/Cstb/Rgs2/Bin1/Akt1/Bbs4/Spry1/Timp3/Park7/Pla2r1/Serpind1"
"GO:0051262","GO:0051262","protein tetramerization",58,0.221957785546447,0.872256182561926,0.693675889328063,0.875877434261195,0.718801211412291,1116,"tags=17%, list=12%, signal=15%","Kcnc1/B2m/Pkd1/Kcnd3/Gls/Grin2b/Gria2/Samhd1/Grin1/Itpr1"
"GO:0048524","GO:0048524","positive regulation of viral process",39,-0.236350675494584,-0.868725165665734,0.694386694386694,0.875877434261195,0.718801211412291,2415,"tags=28%, list=27%, signal=21%","Hmgb1/Bsg/Ppie/Tarbp2/Tmem39a/Atg5/Cnot7/Ppih/Ddx3x/Nr5a2/P4hb"
"GO:0001662","GO:0001662","behavioral fear response",40,0.23653757462102,0.868298541724262,0.691570881226054,0.875877434261195,0.718801211412291,1504,"tags=28%, list=17%, signal=23%","Bcl2/Cckbr/Large1/Gabra5/Grin2b/Penk/Brinp1/Grik2/Cacna1e/Deaf1/Htr2c"
"GO:0010874","GO:0010874","regulation of cholesterol efflux",20,-0.278279602973266,-0.854105606896447,0.693110647181628,0.875877434261195,0.718801211412291,1463,"tags=20%, list=16%, signal=17%","Abca3/Pon1/Abca5/Lrp1"
"GO:0014741","GO:0014741","negative regulation of muscle hypertrophy",21,-0.270352100657712,-0.845390199985573,0.694672131147541,0.875877434261195,0.718801211412291,1474,"tags=29%, list=16%, signal=24%","Rgs2/P2rx4/Akap1/Errfi1/Stub1/Tomm70a"
"GO:0007095","GO:0007095","mitotic G2 DNA damage checkpoint signaling",25,-0.255518889958035,-0.842458304250483,0.693089430894309,0.875877434261195,0.718801211412291,2079,"tags=28%, list=23%, signal=22%","Brca1/Brcc3dc/Uimc1/Mbd4/Fzr1/Rint1/Syf2"
"GO:1903670","GO:1903670","regulation of sprouting angiogenesis",26,-0.250495817226124,-0.835721526780837,0.692622950819672,0.875877434261195,0.718801211412291,642,"tags=15%, list=7%, signal=14%","Ppp1r16b/Slc39a12/Glul/Pkm"
"GO:0045823","GO:0045823","positive regulation of heart contraction",20,0.267328426520965,0.83058249826588,0.692160611854684,0.875877434261195,0.718801211412291,2070,"tags=40%, list=23%, signal=31%","Tgfb2/Ryr2/Hey2/Adrb1/Edn3/Atp1a1/Ptpn1/Apln"
"GO:0046466","GO:0046466","membrane lipid catabolic process",20,-0.27634144633919,-0.848156947955869,0.695198329853862,0.876148879037649,0.719023976409441,1189,"tags=20%, list=13%, signal=17%","Etnppl/Asah1/Prkcd/Lct"
"GO:0050821","GO:0050821","protein stabilization",133,0.198131247569033,0.907995032745155,0.696629213483146,0.87716761554759,0.719860016942981,1851,"tags=26%, list=20%, signal=21%","Tbl1x/Epha4/Abtb3/Ncor2/Prkn/Tcf3/Igf1/Per3/Rassf2/Brinp1/Sox4/Atf7ip/Rassf1/Ep300/Atp1b1/Ank2/Hip1/Caml/Cd74/Zswim7/Dnaja3/Pex6/Grn/Ip6k2/Cct3/Usp2/Apbb1/Stxbp4/Flot2/Mtrr/Nlk/Calr/Naa16/Ncor1"
"GO:0006575","GO:0006575","modified amino acid metabolic process",98,-0.204822917211091,-0.89763216307106,0.696390658174098,0.87716761554759,0.719860016942981,2147,"tags=24%, list=24%, signal=19%","Folh1/Atic/Gclc/Prdx4/Mtr/Ptdss2/Gpx1/P4ha1/Sod1/Sod2/Ggh/Slc1a2/Ctsb/Aasdhppt/Aldh9a1/Glo1/Gstk1/Acadl/Park7/Gstp3/P4hb/Abhd12/Crat/Dio2"
"GO:0007548","GO:0007548","sex differentiation",152,-0.192178422866072,-0.903760012519516,0.697033898305085,0.877285183306712,0.719956500588266,2119,"tags=32%, list=23%, signal=25%","Ubb/Inhbb/Rac1/Phb1/H3f3b/Tmf1/Nr0b1/Aspm/Crkl/Dnajc19/Lsm14b/Prdx4/Rec8/Slit3/Grk2/Plekha1/Eif2s2/Bok/Mmp14/Agt/Msh2/Sod1/Bcas2/Cbl/Sox8/Rrm1/Wdr19/Eif2b2/Mfn2/Tex11/Adam25/Eif2b5/Insr/Nup107/Ctnnb1/Spata2/Tcf7/Pdgfra/Dhcr24/Arrb1/Tnfsf10/Angpt1/Brca2/Itgav/Gfra1/Kit/Ctnna1/Nhlh2"
"GO:0044380","GO:0044380","protein localization to cytoskeleton",48,0.228629357826409,0.873123859861201,0.697674418604651,0.877307680333738,0.719974963091862,3222,"tags=56%, list=36%, signal=36%","Cep250/4933427D14Rik/Filip1l/Gsk3b/Dctn2/Ttbk2/Nup62/Cttnbp2nl/Map1a/Htt/Abl1/Hnrnpu/Numa1/Snx10/Filip1/Rab11fip3/Luzp1/Mid1/Mapre3/Fam83d/Abhd17c/Champ1/Disc1/Klhl21/Stk3/Mapre1/C2cd3"
"GO:0070849","GO:0070849","response to epidermal growth factor",32,0.250398049830759,0.85733594521476,0.697674418604651,0.877307680333738,0.719974963091862,1408,"tags=19%, list=16%, signal=16%","Erbb4/Egfr/Pde8a/Dusp22/Garem1/Dab2ip"
"GO:1990266","GO:1990266","neutrophil migration",44,0.23288595722102,0.872770705171785,0.699233716475096,0.878876276996797,0.721262254141408,2093,"tags=32%, list=23%, signal=25%","Pecam1/Tgfb2/Ripor2/Prkca/Camk1d/Edn3/Cd74/Pawr/Pde4b/Prex1/Vav3/Gbf1/Cklf/Irak4"
"GO:0051250","GO:0051250","negative regulation of lymphocyte activation",53,0.226908658202762,0.873104657159409,0.70059880239521,0.880199476214757,0.72234815630489,1916,"tags=28%, list=21%, signal=22%","Sox11/Rc3h1/Ripor2/Tnfrsf21/Dusp22/Peli1/Cblb/Cd74/Pawr/Pag1/Glmn/Mad1l1/Cbfb/Tyro3/Bcl6"
"GO:0050953","GO:0050953","sensory perception of light stimulus",65,0.220200475212899,0.885004880279887,0.701375245579568,0.880217716940366,0.722363125814495,1396,"tags=22%, list=15%, signal=18%","Elfn1/Cep250/Kcnk9/Cdh23/Ush2a/Rdh10/Ccdc66/Opa3/Rpgr/Myo3a/Crybg3/Cabp2/Myo3b/Cabp1"
"GO:0007044","GO:0007044","cell-substrate junction assembly",65,0.219620749052597,0.882674910371345,0.701375245579568,0.880217716940366,0.722363125814495,1803,"tags=25%, list=20%, signal=20%","Bcl2/Epha3/Dst/Dusp22/Dlc1/Tesk2/Fmn1/Ptk2/Limch1/Vcl/Pxn/Itgb1bp1/Rock1/Map4k4/Ldb1/Peak1"
"GO:0022038","GO:0022038","corpus callosum development",27,0.257073571079326,0.850096375812623,0.701550387596899,0.880217716940366,0.722363125814495,1473,"tags=22%, list=16%, signal=19%","Kcnc1/Zeb2/Ptprs/Kcna2/Rtn4rl1/Ulk4"
"GO:0006984","GO:0006984","ER-nucleus signaling pathway",35,0.243912986040412,0.856639551795602,0.702334630350194,0.88080951861453,0.722848796233283,2174,"tags=31%, list=24%, signal=24%","Srebf2/Akt3/Gsk3b/Nck2/Atad3a/Scap/Eif2ak3/Ptpn1/Tmem33/Srebf1/Hspa5"
"GO:0071621","GO:0071621","granulocyte chemotaxis",41,0.23098218792528,0.855010650785754,0.702857142857143,0.88107269954245,0.723064779386188,2033,"tags=29%, list=22%, signal=23%","Tgfb2/Ripor2/Prkca/Camk1d/Edn3/Cd74/Ptk2/Pde4b/Prex1/Vav3/Gbf1/Cklf"
"GO:1900037","GO:1900037","regulation of cellular response to hypoxia",21,0.271297248587761,0.849646978717479,0.704280155642023,0.8824639744772,0.724206548850027,2537,"tags=38%, list=28%, signal=27%","Epha4/Ep300/Dnmt3a/Hyou1/Tmbim6/Commd1/Pink1/Stat3"
"GO:0045619","GO:0045619","regulation of lymphocyte differentiation",90,0.205789563503935,0.886204696598576,0.705555555555556,0.883669135802469,0.725195581546459,1460,"tags=20%, list=16%, signal=17%","Arid1a/Rc3h1/Drosha/Zmiz1/Foxo3/Sh3rf1/Sox4/Sox12/Ep300/Ap3d1/Ambra1/Pbrm1/Arid2/Itpkb/Cd74/Tox/Zeb1/Braf"
"GO:0051445","GO:0051445","regulation of meiotic cell cycle",25,0.263542474137366,0.852040621384725,0.705882352941177,0.883685682180469,0.72520916056572,1066,"tags=20%, list=12%, signal=18%","Pde3a/Igf1r/Lfng/Plcb1/Eif4g3"
"GO:0090316","GO:0090316","positive regulation of intracellular protein transport",72,-0.21123418332759,-0.878330454947763,0.706720977596741,0.884342679781358,0.725748334944396,2397,"tags=32%, list=26%, signal=24%","Tmem30a/Sorl1/Oaz2/Mapk14/Oaz1/Ppm1a/Pcm1/Hdac3/Brca1/Ywhae/Pdcd5/Prr5l/Ipo5/Vamp2/Prpf4b/Ran/Rbm22/Sirt6/Rab29/Prkcd/Ergic3/Prkcq/Eif3e"
"GO:0006721","GO:0006721","terpenoid metabolic process",26,0.257466947716784,0.841074948231943,0.708171206225681,0.885764074187292,0.726914822378499,857,"tags=15%, list=9%, signal=14%","Plpp6/Egfr/Dhrs3/Rdh10"
"GO:0050830","GO:0050830","defense response to Gram-positive bacterium",21,-0.268593435766959,-0.839890860198366,0.709016393442623,0.886427771393661,0.727459494883222,406,"tags=19%, list=4%, signal=18%","Pld1/Tbk1/Rpl39/Tac1"
"GO:0042771","GO:0042771","intrinsic apoptotic signaling pathway in response to DNA damage by p53 class mediator",25,-0.253804639268102,-0.836806335703114,0.709349593495935,0.886451066284499,0.727478612165046,381,"tags=12%, list=4%, signal=12%","Chek2/Brca2/Rpl26"
"GO:1903312","GO:1903312","negative regulation of mRNA metabolic process",62,-0.217261140062092,-0.87855318944744,0.71047227926078,0.886620643230567,0.727617777885606,299,"tags=8%, list=3%, signal=8%","C1qbp/Fxr1/Cirbp/Hnrnpa2b1/Tob1"
"GO:0044774","GO:0044774","mitotic DNA integrity checkpoint signaling",47,-0.224845864723404,-0.861476751330555,0.710743801652893,0.886620643230567,0.727617777885606,3034,"tags=40%, list=33%, signal=27%","Babam1/Fancd2/Eme1/Zfp830/Fbxo31/Mbtps2/Rps27l/Sde2/Brca1/Xpc/Brcc3dc/Msh2/Uimc1/Mbd4/Fzr1/Rint1/Tipin/Chek2/Syf2"
"GO:0002381","GO:0002381","immunoglobulin production involved in immunoglobulin-mediated immune response",31,0.248342361769244,0.846937829309912,0.710371819960861,0.886620643230567,0.727617777885606,2197,"tags=32%, list=24%, signal=25%","Kmt5b/Atad5/Shld2/Rnf8/Swap70/Enpp1/Bcl6/Pms2/Tfrc/Nbn"
"GO:0048147","GO:0048147","negative regulation of fibroblast proliferation",20,-0.274275873935953,-0.841817220026816,0.709812108559499,0.886620643230567,0.727617777885606,1325,"tags=25%, list=15%, signal=21%","Sod2/Nf1/Trim32/Med31/Tsc2"
"GO:0048144","GO:0048144","fibroblast proliferation",80,0.208707710338299,0.87791086666519,0.711538461538462,0.887219196732471,0.728108989287378,1902,"tags=30%, list=21%, signal=24%","Phip/Egfr/Igf1/Zmiz1/Ski/Fndc3b/Ddr2/Cd74/Pawr/Rnaseh2b/Cdk6/Ecd/Pdgfd/Fntb/Dab2ip/Aqp1/Ptprz1/Kmt2a/Gas6/Kmt2c/Zfp469/Ing5/Wnt5a/Jun"
"GO:0170039","GO:0170039","proteinogenic amino acid metabolic process",89,0.205173005424987,0.881010201182405,0.713221601489758,0.887594895816508,0.728417312057401,1783,"tags=27%, list=20%, signal=22%","Hao1/Agmat/Gls/Gcdh/Aldh4a1/Aspa/Afmid/Gad2/Aspg/Atp2b4/Acmsd/Prodh/Aldh18a1/Amt/Slc38a1/Plod2/Gart/Atcay/Bcat1/Phgdh/Gstz1/Mtrr/Iyd/Gpt2"
"GO:0001704","GO:0001704","formation of primary germ layer",63,0.219278772942016,0.877675132860267,0.713163064833006,0.887594895816508,0.728417312057401,2142,"tags=33%, list=24%, signal=26%","Arid1a/Wnt11/Bmpr2/Bmpr1a/Exoc4/Tnrc6c/Smad1/Dusp4/Pofut2/Ctr9/Fgfr1/Eya1/Grb2/Nr4a3/Acvr1/Wnt5a/Sox2/Kif16b/Htt/Brd3/Axin1"
"GO:0008625","GO:0008625","extrinsic apoptotic signaling pathway via death domain receptors",45,0.229673935043654,0.86285862983515,0.71264367816092,0.887594895816508,0.728417312057401,992,"tags=16%, list=11%, signal=14%","Bcl2/Dedd/Faim2/Trps1/Ripk1/Gsk3b/Madd"
"GO:0009156","GO:0009156","ribonucleoside monophosphate biosynthetic process",25,-0.252737958188239,-0.833289435900265,0.713414634146341,0.887594895816508,0.728417312057401,2094,"tags=36%, list=23%, signal=28%","Atic/Adss2/Uck1/Ada/Ampd3/Uckl1/Gmps/Aprt/Ppat"
"GO:0051882","GO:0051882","mitochondrial depolarization",20,0.263596901584303,0.818988746922001,0.713193116634799,0.887594895816508,0.728417312057401,587,"tags=15%, list=6%, signal=14%","Rbfox2/Kcnq3/Kcnq2"
"GO:0045089","GO:0045089","positive regulation of innate immune response",158,0.194390818761217,0.909541246938848,0.714285714285714,0.887894637343248,0.728663299183114,1521,"tags=21%, list=17%, signal=18%","Trim25/Irf7/Mapkapk3/Pum2/Cadm1/Chuk/Rps6ka3/Smpdl3b/Rnf144a/Ptprs/Plscr1/Zc3hav1/Prkd1/Irf2/Matr3/Znrf1/Peli1/Hexim1/Prkce/Lats1/Ifi35/Map3k7/Cd74/Lgr4/Elp6/Ube2k/Rab11fip2/Oasl1/Dab2ip/Ifih1/Zdhhc18/Mfhas1/Tax1bp1"
"GO:0032609","GO:0032609","type II interferon production",33,-0.235660023825709,-0.843282083657964,0.714285714285714,0.887894637343248,0.728663299183114,299,"tags=39%, list=3%, signal=38%","Abl2/Ifnar1/Slc7a5/Cebpg/Tyk2/Hmgb1/Rnf19b/Hras/Nras/Azi2/C1qbp/Ufsp2/Cd226"
"GO:0002335","GO:0002335","mature B cell differentiation",24,0.262519745292006,0.837775141157296,0.714859437751004,0.888216003343179,0.728927032738771,999,"tags=21%, list=11%, signal=19%","Phf14/St3gal1/Lfng/Plcl2/Irf8"
"GO:0034394","GO:0034394","protein localization to cell surface",46,-0.228073714591346,-0.86845816411202,0.717255717255717,0.890408198778243,0.730726088945426,1260,"tags=17%, list=14%, signal=15%","Leprot/Akt1/Ctnnb1/Tsc2/Gpm6b/Angpt1/Gga2/Gga3"
"GO:0006805","GO:0006805","xenobiotic metabolic process",27,0.253516077741091,0.838332380855404,0.717054263565892,0.890408198778243,0.730726088945426,1308,"tags=22%, list=14%, signal=19%","Rora/Gstm4/Gstm5/Grin1/Guk1/Sult2a7"
"GO:0007224","GO:0007224","smoothened signaling pathway",112,-0.19899266443204,-0.894904282252008,0.717672413793103,0.890533184530588,0.730828660271825,2519,"tags=34%, list=28%, signal=25%","Ift122/Kif7/Ift52/Ulk3/Tctn1/Fgfr2/Ptch2/Kctd21/Sall1/Ift88/Ift140/Disp1/Tctn3/Hhat/Ift20/Por/Wnt7b/Tbc1d32/Rb1/B9d1/Uchl5/Cluap1/Mks1/Ift25/Wdr19/Runx2/Ift172/Intu/Cibar1/Gorab/Cc2d2a/Dlg5/Tmem231/Armc9/Ttc21b/Tubd1/Ctnna1/Hhip"
"GO:0000725","GO:0000725","recombinational repair",111,-0.199912776702764,-0.89783644249384,0.718004338394794,0.890552916195656,0.730844853341995,2209,"tags=27%, list=24%, signal=21%","Helq/Zgrf1/Mrgbp/Brca1/Mad2l2/Smc6/Xrcc2/Rad51ap1/Rec8/Recql5/Gen1/Exd2/Poll/Wrn/Recql/Htatsf1/Slx4/Ruvbl1/Sfpq/Sirt6/Sem1/Yeats4/Mcm8/Rad52/Terf2ip/C1qbp/Helb/Fan1/Brca2/Nsmce1"
"GO:0048806","GO:0048806","genitalia development",22,0.270394846242683,0.850601455571392,0.718503937007874,0.890780507913853,0.7310316297063,2658,"tags=50%, list=29%, signal=35%","Pkd1/Lgr4/Chd7/Bmp6/Tcf7l2/Wnt5a/Sox2/Tyro3/Lrp2/Lrp6/Rbp4"
"GO:0044773","GO:0044773","mitotic DNA damage checkpoint signaling",46,-0.227801363855859,-0.867421108087568,0.721413721413721,0.89342451429408,0.733201470958908,3034,"tags=41%, list=33%, signal=28%","Babam1/Fancd2/Eme1/Zfp830/Fbxo31/Mbtps2/Rps27l/Sde2/Brca1/Xpc/Brcc3dc/Msh2/Uimc1/Mbd4/Fzr1/Rint1/Tipin/Chek2/Syf2"
"GO:0090559","GO:0090559","regulation of membrane permeability",36,0.241210777248747,0.854713301725726,0.721789883268482,0.89342451429408,0.733201470958908,2146,"tags=28%, list=24%, signal=21%","Bcl2/Laptm4b/Ppm1k/Gsk3b/Mtor/Mtch2/Ppif/Atf2/Heg1/Mylk3"
"GO:0016445","GO:0016445","somatic diversification of immunoglobulins",41,0.229807832219891,0.850663620198946,0.721904761904762,0.89342451429408,0.733201470958908,2197,"tags=32%, list=24%, signal=24%","Tcf3/Ezh2/Samhd1/Kmt5b/Atad5/Shld2/Rnf8/Swap70/Bcl6/Pms2/Nhej1/Tfrc/Nbn"
"GO:0019692","GO:0019692","deoxyribose phosphate metabolic process",26,0.254357043330078,0.830915730925602,0.721789883268482,0.89342451429408,0.733201470958908,1541,"tags=27%, list=17%, signal=22%","Adk/Dpyd/Samhd1/Cmpk2/Guk1/Nt5m/Nt5c1a"
"GO:0051235","GO:0051235","maintenance of location",125,-0.192845325404562,-0.879918426294242,0.723913043478261,0.89512371940401,0.734595947678686,2069,"tags=26%, list=23%, signal=21%","Casq1/Sun2/Pkd2/Aspm/Myo5a/Cherp/Ryr1/Ryr3/Nbl1/Grk2/Plce1/Atg5/Supt7l/Letm1/Trpm2/Akt1/Htr2b/Plch2/Bbs4/Dbi/Cyba/Uvrag/Calm2/Ghitm/Gp5/Fkbp1a/Tpcn2/Plch1/Tmem38a/Park7/Rer1/Skp1/Itgav"
"GO:0030858","GO:0030858","positive regulation of epithelial cell differentiation",23,-0.258604425137913,-0.833342546521639,0.723790322580645,0.89512371940401,0.734595947678686,2382,"tags=35%, list=26%, signal=26%","Ptch2/Commd5/Macroh2a2/Vezf1/Macroh2a1/Ctnnb1/Prom1/Ahi1"
"GO:0031348","GO:0031348","negative regulation of defense response",104,-0.199015530826218,-0.885761713912959,0.725366876310273,0.896528007650153,0.735748396700678,2121,"tags=26%, list=23%, signal=20%","Cyld/Trim65/Ttll12/Tarbp2/Rabgef1/Rb1/Atg5/Gpx1/Ppard/Arg2/Pcbp2/Ada/Cnot7/Sod1/Dtx4/Mettl3/Mdk/Mkrn2/Rnf26rt/C1qbp/Cck/Ywhaz/Fxr1/Trafd1/Vps35/Psma1/Tmsb4x"
"GO:0002250","GO:0002250","adaptive immune response",141,0.195108663655963,0.897892359544489,0.726930320150659,0.897343753256226,0.736417849876332,1551,"tags=19%, list=17%, signal=16%","B2m/Rora/Irf7/Alcam/Rc3h1/Fyn/Bach2/Ephb6/Tnfrsf21/Cd247/Dusp22/Ep300/C8b/Fbxo38/Kmt5b/Marchf8/Map3k7/Atad5/Cd74/Shld2/Rnf8/Swap70/Enpp1/Dennd1b/Prr7/Mtor/Pag1"
"GO:0000288","GO:0000288","nuclear-transcribed mRNA catabolic process, deadenylation-dependent decay",35,-0.235880845095865,-0.84784222516284,0.727459016393443,0.897343753256226,0.736417849876332,935,"tags=40%, list=10%, signal=36%","Cnot6/Pan2/Eif4enif1/Cnot8/Dcps/Rc3h2/Mlh1/Cnot7/Ago2/Csde1/Cnot6l/Tent4b/Lsm1/Tob1"
"GO:0045981","GO:0045981","positive regulation of nucleotide metabolic process",28,0.248777753132473,0.83238749352026,0.727619047619048,0.897343753256226,0.736417849876332,741,"tags=18%, list=8%, signal=16%","Prkn/Arnt/Igf1/Esrrb/Ppara"
"GO:1900544","GO:1900544","positive regulation of purine nucleotide metabolic process",28,0.248777753132473,0.83238749352026,0.727619047619048,0.897343753256226,0.736417849876332,741,"tags=18%, list=8%, signal=16%","Prkn/Arnt/Igf1/Esrrb/Ppara"
"GO:1903580","GO:1903580","positive regulation of ATP metabolic process",28,0.248777753132473,0.83238749352026,0.727619047619048,0.897343753256226,0.736417849876332,741,"tags=18%, list=8%, signal=16%","Prkn/Arnt/Igf1/Esrrb/Ppara"
"GO:0048515","GO:0048515","spermatid differentiation",107,-0.197672979071825,-0.884735033217512,0.728421052631579,0.897547234943502,0.736584840002568,2198,"tags=26%, list=24%, signal=20%","H3f3b/Tmf1/Ift88/Stk11/Zpbp/Piwil1/Tarbp2/Cfap54/Mkks/Tbpl1/Slc9a8/Rec8/Hspa2/Tpgs1/Dnali1/Spag6l/Bbs4/Sbf1/Nsun2/Dld/Ttll1/Ube2b/Trip13/Cfap69/Spag16/Slirp/Kit/Fxr1"
"GO:0001919","GO:0001919","regulation of receptor recycling",22,0.263281554056316,0.82822463599918,0.728346456692913,0.897547234943502,0.736584840002568,752,"tags=14%, list=8%, signal=13%","Gria1/Gria2/Ramp3"
"GO:0150115","GO:0150115","cell-substrate junction organization",71,0.216038034529026,0.878639848795525,0.729571984435798,0.898572487823461,0.737426228287379,1803,"tags=25%, list=20%, signal=20%","Bcl2/Epha3/Prickle1/Dst/Dusp22/Dlc1/Tesk2/Fmn1/Iqsec1/Ptk2/Limch1/Vcl/Pxn/Itgb1bp1/Rock1/Map4k4/Ldb1/Peak1"
"GO:0000724","GO:0000724","double-strand break repair via homologous recombination",108,-0.198888119502304,-0.889121341866291,0.73036093418259,0.898685114316554,0.737518656812771,2209,"tags=27%, list=24%, signal=21%","Helq/Mrgbp/Brca1/Mad2l2/Smc6/Xrcc2/Rad51ap1/Rec8/Recql5/Gen1/Exd2/Poll/Wrn/Recql/Htatsf1/Slx4/Ruvbl1/Sfpq/Sirt6/Sem1/Yeats4/Mcm8/Rad52/Terf2ip/C1qbp/Helb/Fan1/Brca2/Nsmce1"
"GO:0031113","GO:0031113","regulation of microtubule polymerization",38,0.234057930627767,0.844970439918158,0.73062015503876,0.898685114316554,0.737518656812771,2221,"tags=34%, list=24%, signal=26%","Nav3/Arhgef7/Pde4dip/Tbcd/Cdkn1b/Togaram1/Slain1/Map2/Git1/Abl1/Numa1/Akap9/Inpp5j"
"GO:0043124","GO:0043124","negative regulation of canonical NF-kappaB signal transduction",30,0.24803420664389,0.837966637490803,0.730097087378641,0.898685114316554,0.737518656812771,1519,"tags=23%, list=17%, signal=19%","Rora/Ripk1/Tank/Uaca/Dnaja3/Dab2ip/Hdac1"
"GO:0009064","GO:0009064","glutamine family amino acid metabolic process",39,-0.230210186569989,-0.846155324275922,0.731808731808732,0.899361973936767,0.738074131238682,594,"tags=38%, list=7%, signal=36%","Nos1/Asrgl1/Aldh5a1/Got1/Gclc/Bloc1s6/Ddah1/Nit2/Arg2/Azin1/Got2/Oat/Glul/Odc1/Ppat"
"GO:0034103","GO:0034103","regulation of tissue remodeling",40,0.229638881296262,0.842974339583068,0.731800766283525,0.899361973936767,0.738074131238682,943,"tags=18%, list=10%, signal=16%","Egfr/Ppp3ca/Ubash3b/Fshr/Ypel4/Prkca/Ddr2"
"GO:0048066","GO:0048066","developmental pigmentation",29,0.245179949794584,0.825516437227549,0.732824427480916,0.90021762713218,0.738776335142281,1128,"tags=17%, list=12%, signal=15%","Bcl2/Zeb2/Mitf/Ap3d1/Edn3"
"GO:0009137","GO:0009137","purine nucleoside diphosphate catabolic process",73,0.211196826431085,0.868713722369705,0.735124760076775,0.900687640824501,0.739162058530286,2283,"tags=32%, list=25%, signal=24%","Arnt/Hdac4/Igf1/Ppargc1a/Esrrb/Ppara/Ogdh/Ep300/Pfkl/Bcl2l13/Nt5e/Enpp1/Fkrp/Mtor/Eno4/Mtch2/Ncor1/Lipa/App/Git1/Rptor/Adpgk/Pfkfb3"
"GO:0009181","GO:0009181","purine ribonucleoside diphosphate catabolic process",73,0.211196826431085,0.868713722369705,0.735124760076775,0.900687640824501,0.739162058530286,2283,"tags=32%, list=25%, signal=24%","Arnt/Hdac4/Igf1/Ppargc1a/Esrrb/Ppara/Ogdh/Ep300/Pfkl/Bcl2l13/Nt5e/Enpp1/Fkrp/Mtor/Eno4/Mtch2/Ncor1/Lipa/App/Git1/Rptor/Adpgk/Pfkfb3"
"GO:0050779","GO:0050779","RNA destabilization",67,0.214710307996899,0.866483728276614,0.73385518590998,0.900687640824501,0.739162058530286,2491,"tags=42%, list=27%, signal=31%","Rc3h1/Elavl1/Gigyf2/Pan3/Tnrc6c/Tnrc6b/Cnot2/Tut4/Fto/Tent4a/Cpeb3/Rock1/Syncrip/Dhx36/Rbm24/Celf1/Alkbh5/Dis3l2/Hnrnpu/Zc3h18/Ythdf3/Tardbp/Samd4/Hnrnpd/Nanos1/Tnrc6a/Dcp1b/Ybx1"
"GO:0031960","GO:0031960","response to corticosteroid",81,0.204516994896357,0.861500433566915,0.734104046242775,0.900687640824501,0.739162058530286,2105,"tags=27%, list=23%, signal=21%","Bcl2/Egfr/Adam9/Sstr4/Foxo3/Nr3c2/Ep300/Gsk3b/Gad2/Igfbp2/Htr7/Cybb/Fkrp/Smyd3/Aqp1/Bmp6/Glb1/Sstr3/Axin2/Pck2/Hnrnpu/Bckdhb"
"GO:0070613","GO:0070613","regulation of protein processing",30,-0.242660073145702,-0.838314038435316,0.735112936344969,0.900687640824501,0.739162058530286,3029,"tags=40%, list=33%, signal=27%","Anxa2/Timm17a/Timm23/Ctsz/Ift52/Eno1/Ift88/Plat/Bag2/Mmp14/Gsn/Snx12"
"GO:0045724","GO:0045724","positive regulation of cilium assembly",22,0.261175824417521,0.821600483502609,0.734251968503937,0.900687640824501,0.739162058530286,2817,"tags=45%, list=31%, signal=31%","Ccdc88a/Gsk3b/Septin9/Ttbk2/Htt/Dzip1/Zmynd10/Rab11fip3/Mns1/Tapt1"
"GO:0001942","GO:0001942","hair follicle development",62,0.216144858033992,0.860966570418861,0.735922330097087,0.901272979666924,0.739642425134747,2297,"tags=31%, list=25%, signal=23%","Bcl2/Egfr/Lgr5/Ext1/Tgfb2/Pum2/Trps1/Igfbp5/Lgr4/Eda/Hdac1/Ldb1/Wnt5a/Gnas/Tnfrsf19/Fzd3/Numa1/Cd109/Barx2"
"GO:0032434","GO:0032434","regulation of proteasomal ubiquitin-dependent protein catabolic process",88,-0.20428150417226,-0.877216453995351,0.73728813559322,0.901459354980292,0.739795376673154,1834,"tags=20%, list=20%, signal=16%","Rbx1/Zer1/Mapk8/Csnk1e/Uchl5/Sumo1/Akt1/Usp5/Paqr3/Fzr1/Sirt6/Stub1/Pabir1/Ogt/Bag5/Park7/Zyg11b/Taf9"
"GO:0001655","GO:0001655","urogenital system development",36,0.238981365370476,0.846813538667386,0.737354085603113,0.901459354980292,0.739795376673154,2176,"tags=28%, list=24%, signal=21%","Igf1r/Wnt11/Igf1/Wdr77/Cdkn1b/Acvr1/Wnt5a/Plag1/Tnc/Fem1b"
"GO:0042246","GO:0042246","tissue regeneration",43,0.226072262924185,0.845438125474013,0.737240075614367,0.901459354980292,0.739795376673154,1170,"tags=19%, list=13%, signal=16%","Erbb4/Ezh2/Igf1/Large1/Dmd/Klf5/Bcl9/Cdkn1b"
"GO:0042908","GO:0042908","xenobiotic transport",22,-0.257674279960605,-0.825319855549383,0.736842105263158,0.901459354980292,0.739795376673154,1563,"tags=50%, list=17%, signal=41%","Slc22a4/Slc7a5/Abcc6/Slc15a2/Tmem30a/Oscp1/Abcc1/Abca3/Abcc4/Abcc5/Abcb11"
"GO:0008064","GO:0008064","regulation of actin polymerization or depolymerization",98,-0.200012743916656,-0.876551678924941,0.738853503184713,0.902900768419134,0.740978293009913,2825,"tags=41%, list=31%, signal=28%","Mlst8/Baiap2/Twf1/Cdc42ep4/Sema5a/Snx9/Eps8/Nckap1/Specc1l/Actr3/Dmtn/Hip1r/Rac1/Ptk2b/Mtpn/Cit/Washc1/Dbnl/Actn2/Sptan1/Shroom2/Mkks/Arhgap40/Plekhh2/Pik3ca/Gsn/Bin1/Ssh1/Bbs4/Cyfip1/Prkcd/Dlg1/Arpc3/Cttn/Capza1b/Cfl2/Wdr1/Arpc5/Dstn/Pfn2"
"GO:0007565","GO:0007565","female pregnancy",86,-0.206016179710244,-0.879045750339252,0.739316239316239,0.903074626091531,0.741120971769114,1918,"tags=24%, list=21%, signal=19%","Reck/Stx2/Prdx3/Hspe1-rs1/Ppard/Rgs2/Sod1/Exoc1/Akt1/Ctsb/Arhgdib/Ago2/Errfi1/Itga3/Ube2a/Prl5a1/Adra2a/C1qbp/Dcaf13/Comt/Fos"
"GO:1901991","GO:1901991","negative regulation of mitotic cell cycle phase transition",103,-0.199156014552086,-0.88196071453524,0.746808510638298,0.90318712925875,0.741213299085381,2473,"tags=29%, list=27%, signal=21%","Mbtps2/Bub3/Nabp1/Rps27l/Sde2/Miip/Brca1/Pkd2/Zfp207/Crlf3/Lcmt1/Brcc3dc/Rb1/Gen1/Cep192/Zfyve19/Spc25/Uimc1/Mbd4/Prpf4b/Fzr1/Rint1/Pabir1/Dlg1/Dync1li1/Kntc1/Usp44/Fbxo7/Trip13/Syf2"
"GO:0009063","GO:0009063","amino acid catabolic process",57,-0.217828352271349,-0.865043256722061,0.745934959349594,0.90318712925875,0.741213299085381,1274,"tags=35%, list=14%, signal=30%","Asrgl1/Aldh5a1/Oaz1/Got1/Gcsh/Mccc1/Tdo2/Ddah1/Arg2/Blmh/Acadsb/Etfa/Dld/Got2/Oat/Dlst/Dbt/Hibch/Ppat/Aldh6a1"
"GO:0061157","GO:0061157","mRNA destabilization",65,0.214557028570584,0.862323376912473,0.742632612966601,0.90318712925875,0.741213299085381,2491,"tags=42%, list=27%, signal=30%","Rc3h1/Elavl1/Gigyf2/Pan3/Tnrc6c/Tnrc6b/Cnot2/Tut4/Fto/Tent4a/Cpeb3/Rock1/Syncrip/Dhx36/Rbm24/Celf1/Alkbh5/Dis3l2/Hnrnpu/Ythdf3/Tardbp/Samd4/Hnrnpd/Nanos1/Tnrc6a/Dcp1b/Ybx1"
"GO:0010906","GO:0010906","regulation of glucose metabolic process",64,-0.210592891349857,-0.862287261828633,0.745526838966203,0.90318712925875,0.741213299085381,2287,"tags=30%, list=25%, signal=22%","Hmgb1/Pdk1/Kat2b/Lepr/Stk11/Xpc/Lcmt1/Clk2/Dgat2/Akt1/Irs2/Insr/Sirt6/Ogt/Pgp/Cry1/Prkag2/Zmpste24/Adipor1"
"GO:0071674","GO:0071674","mononuclear cell migration",75,0.206997011927672,0.862222332288036,0.742481203007519,0.90318712925875,0.741213299085381,2044,"tags=27%, list=23%, signal=21%","Pecam1/Ext1/Cadm1/Ptpro/Wnk1/Ripor2/Plcb1/Cxcl12/Gnai1/Mtus1/Ptk2/Pdgfd/Enpp1/Gas6/Calr/Wnt5a/App/Cklf/Abl1/Myo9b"
"GO:0051783","GO:0051783","regulation of nuclear division",74,-0.207087110177277,-0.85949685934167,0.741666666666667,0.90318712925875,0.741213299085381,1811,"tags=23%, list=20%, signal=19%","Lcmt1/Rad51ap1/Rb1/Gen1/Cep192/Spc25/Insr/Prpf4b/Fzr1/Dync1li1/Kntc1/Cdc16/Ywhah/Usp44/Ube2b/Anapc7/Trip13"
"GO:0032680","GO:0032680","regulation of tumor necrosis factor production",59,-0.214138690895135,-0.859373778750673,0.741035856573705,0.90318712925875,0.741213299085381,857,"tags=12%, list=9%, signal=11%","Errfi1/Cyba/Akap12/Gpr18/Angpt1/Gstp3/Fxr1"
"GO:1900542","GO:1900542","regulation of purine nucleotide metabolic process",52,0.222368697977558,0.857526221191037,0.739805825242718,0.90318712925875,0.741213299085381,788,"tags=15%, list=9%, signal=14%","Prkn/Arnt/Hdac4/Igf1/Ppargc1a/Esrrb/Ppara/Ep300"
"GO:0002700","GO:0002700","regulation of production of molecular mediator of immune response",73,-0.205956930782342,-0.855207303395081,0.744282744282744,0.90318712925875,0.741213299085381,2618,"tags=32%, list=29%, signal=23%","Sema7a/Xbp1/Mapkapk2/Dnajb9/Gprc5b/Phb1/Slc15a4/Atg9a/Mad2l2/Cuedc2/Rabgef1/Mif/Atg5/Mlh1/Tril/Msh2/Traf6/Gpi1/Supt6/Angpt1/Cd226/Kit/Ddx1"
"GO:1903900","GO:1903900","regulation of viral life cycle",56,0.217200760442114,0.851541339541461,0.74031007751938,0.90318712925875,0.741213299085381,1436,"tags=20%, list=16%, signal=17%","Bcl2/Prox1/Trim25/Plscr1/Zc3hav1/Srpk2/Adar/Cd74/Hs3st5/Oasl1/Ifih1"
"GO:0032147","GO:0032147","activation of protein kinase activity",35,-0.234669251810873,-0.84348731475745,0.745901639344262,0.90318712925875,0.741213299085381,1699,"tags=31%, list=19%, signal=26%","Cops8/Strada/Stradb/Traf6/Insr/Prkcd/Dlg1/Cab39/Ppp2r3c/Adra2a/Angpt1"
"GO:0009880","GO:0009880","embryonic pattern specification",34,-0.23445602122991,-0.841299553079149,0.745454545454545,0.90318712925875,0.741213299085381,1540,"tags=21%, list=17%, signal=17%","Lama5/Nrp2/Epb41l5/Ctnnb1/Pgap1/Nrp1/Satb2"
"GO:0014037","GO:0014037","Schwann cell differentiation",33,0.242815366423753,0.835616061745468,0.744554455445545,0.90318712925875,0.741213299085381,2005,"tags=30%, list=22%, signal=24%","Pard3/Gpc1/Ski/Ntrk3/Grb2/Adgrg6/Adam22/Raf1/Arhgef10/Sirt2"
"GO:0051646","GO:0051646","mitochondrion localization",39,0.228652373041936,0.833844549270741,0.746641074856046,0.90318712925875,0.741213299085381,1544,"tags=18%, list=17%, signal=15%","Agbl4/Pkd1/Prkn/Kif1b/Cluh/Atcay/Spast"
"GO:1903573","GO:1903573","negative regulation of response to endoplasmic reticulum stress",32,0.242401514947249,0.829956671304955,0.748062015503876,0.90318712925875,0.741213299085381,1852,"tags=31%, list=20%, signal=25%","Prkn/Akt3/Nck2/Atad3a/Usp25/Lpcat3/Hyou1/Tmbim6/Crebrf/Ptpn1"
"GO:0009394","GO:0009394","2'-deoxyribonucleotide metabolic process",25,0.255384420523699,0.825665392522544,0.747058823529412,0.90318712925875,0.741213299085381,1541,"tags=28%, list=17%, signal=23%","Adk/Dpyd/Samhd1/Cmpk2/Guk1/Nt5m/Nt5c1a"
"GO:1902743","GO:1902743","regulation of lamellipodium organization",28,0.246487741235764,0.824725324219219,0.746666666666667,0.90318712925875,0.741213299085381,1507,"tags=21%, list=17%, signal=18%","Auts2/Hdac4/Abi2/Carmil1/Aqp1/Mtor"
"GO:0010837","GO:0010837","regulation of keratinocyte proliferation",24,0.258297650263653,0.824301235587171,0.744979919678715,0.90318712925875,0.741213299085381,2497,"tags=38%, list=28%, signal=27%","Bcl11b/Cask/Prkd1/Zeb1/Stxbp4/Ift57/Efnb2/Cd109/Notch2"
"GO:1903350","GO:1903350","response to dopamine",30,-0.23859109632446,-0.824257006526046,0.745379876796715,0.90318712925875,0.741213299085381,1171,"tags=17%, list=13%, signal=15%","Gnai3/Htr2b/Nherf1/Comt/Vps35"
"GO:1902253","GO:1902253","regulation of intrinsic apoptotic signaling pathway by p53 class mediator",21,-0.262683449460212,-0.821410350915775,0.747950819672131,0.90318712925875,0.741213299085381,1008,"tags=33%, list=11%, signal=30%","Ubb/Armc10/Mif/Rrm2b/Rrn3/Mdm4/Rpl26"
"GO:0009262","GO:0009262","deoxyribonucleotide metabolic process",27,-0.244262115993718,-0.821145434696659,0.740740740740741,0.90318712925875,0.741213299085381,1453,"tags=26%, list=16%, signal=22%","Ada/Rrm1/Rrm2b/Oga/Nme1/Tk2/Tymp"
"GO:0048169","GO:0048169","regulation of long-term neuronal synaptic plasticity",29,-0.239943471378485,-0.819954482620247,0.742677824267782,0.90318712925875,0.741213299085381,1594,"tags=31%, list=18%, signal=26%","Synpo/Agt/Nf1/Rab5a/S100b/Rab8a/Kras/Kit/Fxr1"
"GO:0009226","GO:0009226","nucleotide-sugar biosynthetic process",23,-0.253017550746033,-0.815339064445326,0.747983870967742,0.90318712925875,0.741213299085381,694,"tags=57%, list=8%, signal=52%","Ugdh/Gmppa/Gnpda1/Slc35c1/Uap1l1/Gfus/Cmas/Pmm1/Mpi/Gnpnat1/Gfpt1/Gnpda2/Ugp2"
"GO:0046580","GO:0046580","negative regulation of Ras protein signal transduction",21,0.260335222941829,0.815316177284094,0.743190661478599,0.90318712925875,0.741213299085381,1547,"tags=29%, list=17%, signal=24%","Tgfb2/Rapgef1/Lztr1/Nup62/Dab2ip/Mapkap1"
"GO:2000178","GO:2000178","negative regulation of neural precursor cell proliferation",22,-0.254491509446646,-0.815125575774043,0.746963562753036,0.90318712925875,0.741213299085381,1248,"tags=23%, list=14%, signal=20%","Nf1/Lims2/Slc6a4/Kdm2b/Ctnna1"
"GO:0140448","GO:0140448","signaling receptor ligand precursor processing",21,0.259645719026917,0.813156793356804,0.743190661478599,0.90318712925875,0.741213299085381,1287,"tags=19%, list=14%, signal=16%","Ece2/Mme/Bace1/Corin"
"GO:0090311","GO:0090311","regulation of protein deacetylation",20,0.255239309584707,0.793021925013643,0.747609942638623,0.90318712925875,0.741213299085381,788,"tags=15%, list=9%, signal=14%","Spred2/Ncor2/Ep300"
"GO:0034976","GO:0034976","response to endoplasmic reticulum stress",184,-0.186833878843955,-0.902408163728869,0.750537634408602,0.904736978021594,0.742485204405306,1913,"tags=22%, list=21%, signal=18%","Ubxn4/Cops5/Sel1l/Opa1/Ufm1/Parp16/Eif2ak2/Clgn/Pdia4/Tor1a/Sec61b/Erlin1/Bok/Atp2a3/Aqp11/Tmem67/Usp14/Faf1/Eif2ak4/Marcks/Akt1/Eif2b5/Ube4a/Get4/Derl1/Psmc6/Ppp2cb/Sdf2l1/Tmbim4/Man1b1/Stub1/Tmco1/Eif2a/Ddx3x/Pdia6/Ube2j2/Rasgrf1/Bfar/Park7/P4hb/Atxn3"
"GO:1901136","GO:1901136","carbohydrate derivative catabolic process",141,0.191822767797249,0.882770628246075,0.751412429378531,0.904736978021594,0.742485204405306,2283,"tags=31%, list=25%, signal=24%","Galc/Gpc1/Pde10a/Arnt/Hdac4/Igf1/Ppargc1a/Esrrb/Pde8a/Dpyd/Pde7b/Ppara/Samhd1/Ogdh/Ep300/Pfkl/Bcl2l13/Galns/Nt5e/Nt5c1b/Ahcyl/Nt5m/Enpp1/Fkrp/Mtor/Eno4/Cemip/Nt5c1a/Edem1/Hexa/Mtch2/Glb1/Aoah/Ncor1/Lipa/Fbxo2/App/Git1/Amdhd2/Pde7a/Edem3/Rptor/Adpgk/Pfkfb3"
"GO:0030516","GO:0030516","regulation of axon extension",71,-0.204903686207665,-0.851374756997552,0.75,0.904736978021594,0.742485204405306,637,"tags=13%, list=7%, signal=12%","Cyfip1/Sema6d/Ttl/Rpl4/Cttn/Rab21/Nrp1/Shtn1/Lrp1"
"GO:0003014","GO:0003014","renal system process",59,0.215708804764675,0.846933545914585,0.75,0.904736978021594,0.742485204405306,1598,"tags=22%, list=18%, signal=18%","Bcl2/Cacna1c/Ppp3ca/Ptpro/Nr3c2/Slc5a1/Adrb1/Corin/Kcnma1/Aqp1/Gas6/Kirrel1/Nfat5"
"GO:0034109","GO:0034109","homotypic cell-cell adhesion",37,-0.230151156394762,-0.835333019750999,0.752556237218814,0.904736978021594,0.742485204405306,2677,"tags=38%, list=30%, signal=27%","Jup/Cxadr/Ctnna3/Plpp3/Jak1/Fermt3/Map2k1/Pdia4/Slc6a4/Prkcd/Pdgfra/Pdia6/Prkcq/Pip5k1c"
"GO:0006479","GO:0006479","protein methylation",33,0.240975118312225,0.829283098135142,0.752475247524752,0.904736978021594,0.742485204405306,277,"tags=9%, list=3%, signal=9%","Rab3b/Ehmt1/Setd3"
"GO:0008213","GO:0008213","protein alkylation",33,0.240975118312225,0.829283098135142,0.752475247524752,0.904736978021594,0.742485204405306,277,"tags=9%, list=3%, signal=9%","Rab3b/Ehmt1/Setd3"
"GO:0035330","GO:0035330","regulation of hippo signaling",27,0.248837914267522,0.822862529957691,0.751937984496124,0.904736978021594,0.742485204405306,1575,"tags=22%, list=17%, signal=18%","Sox11/Shank2/Coro7/Mark3/Vgll4/Map4k4"
"GO:0008340","GO:0008340","determination of adult lifespan",27,0.248316516571798,0.821138360920668,0.751937984496124,0.904736978021594,0.742485204405306,2303,"tags=41%, list=25%, signal=30%","Large1/Polg/Kcnq2/Dmd/Tmem135/Enpp1/Atp8a2/Lipa/Htt/Kl/Kcnj11"
"GO:0090207","GO:0090207","regulation of triglyceride metabolic process",25,0.253085393441885,0.818232569901517,0.750980392156863,0.904736978021594,0.742485204405306,2078,"tags=32%, list=23%, signal=25%","Lmf1/Thrb/Mfsd2a/Tcf7l2/Tbl1xr1/Srebf1/Atg14/Cdk8"
"GO:0043267","GO:0043267","negative regulation of potassium ion transport",21,0.257821859654579,0.807444842301717,0.752918287937743,0.904786241112392,0.742525632857916,1999,"tags=29%, list=22%, signal=22%","Kcne2/Ank3/Vip/Akap5/Kcne4/Agrn"
"GO:0002218","GO:0002218","activation of innate immune response",136,0.191244760892758,0.88153573803739,0.756457564575646,0.905948753495185,0.743479665096157,1521,"tags=21%, list=17%, signal=18%","Trim25/Irf7/Mapkapk3/Pum2/Chuk/Rps6ka3/Smpdl3b/Rnf144a/Ptprs/Zc3hav1/Prkd1/Irf2/Matr3/Znrf1/Peli1/Hexim1/Prkce/Lats1/Ifi35/Map3k7/Lgr4/Elp6/Rab11fip2/Oasl1/Dab2ip/Ifih1/Zdhhc18/Mfhas1/Tax1bp1"
"GO:2000377","GO:2000377","regulation of reactive oxygen species metabolic process",84,-0.202499886572714,-0.864408442599146,0.755741127348643,0.905948753495185,0.743479665096157,1791,"tags=24%, list=20%, signal=19%","Mapt/Abcb7/Ndufc2/Atg5/Tusc2/Agt/Arg2/Sod1/Sod2/Arf4/Gnai3/Mfn2/Akt1/Insr/Cyba/Prkcd/Ogt/Park7/Coq7/Pid1"
"GO:0009134","GO:0009134","nucleoside diphosphate catabolic process",75,0.205416218221907,0.855637717258295,0.755639097744361,0.905948753495185,0.743479665096157,2283,"tags=31%, list=25%, signal=23%","Arnt/Hdac4/Igf1/Ppargc1a/Esrrb/Ppara/Ogdh/Ep300/Pfkl/Bcl2l13/Nt5e/Enpp1/Fkrp/Mtor/Eno4/Mtch2/Ncor1/Lipa/App/Git1/Rptor/Adpgk/Pfkfb3"
"GO:0009191","GO:0009191","ribonucleoside diphosphate catabolic process",75,0.205416218221907,0.855637717258295,0.755639097744361,0.905948753495185,0.743479665096157,2283,"tags=31%, list=25%, signal=23%","Arnt/Hdac4/Igf1/Ppargc1a/Esrrb/Ppara/Ogdh/Ep300/Pfkl/Bcl2l13/Nt5e/Enpp1/Fkrp/Mtor/Eno4/Mtch2/Ncor1/Lipa/App/Git1/Rptor/Adpgk/Pfkfb3"
"GO:0050771","GO:0050771","negative regulation of axonogenesis",41,0.223661366043161,0.827911675155035,0.756190476190476,0.905948753495185,0.743479665096157,2343,"tags=29%, list=26%, signal=22%","Fgf13/Epha7/Ptprs/Sema3f/Ptk2/Ntn1/Map2/Dab1/Wnt5a/Tnr/Slit1/D130043K22Rik"
"GO:0033120","GO:0033120","positive regulation of RNA splicing",35,0.234235196885495,0.822650476024675,0.754863813229572,0.905948753495185,0.743479665096157,1288,"tags=23%, list=14%, signal=20%","Rbmxl1/Wdr77/Hnrnpll/Upf3b/Rbm20/Prpf19/Thrap3/Tra2a"
"GO:2000008","GO:2000008","regulation of protein localization to cell surface",30,0.243213637535575,0.821680673787874,0.755339805825243,0.905948753495185,0.743479665096157,2585,"tags=37%, list=29%, signal=26%","Erbb4/Cd247/Rab11fip5/Abca2/Astn2/Map1a/Gbf1/Commd1/Ephb2/Arf6/Fcer1g"
"GO:0170038","GO:0170038","proteinogenic amino acid biosynthetic process",26,-0.242441356147833,-0.808849674850192,0.756147540983607,0.905948753495185,0.743479665096157,833,"tags=19%, list=9%, signal=18%","Aasdhppt/Got2/Oat/Glul/Apip"
"GO:0008154","GO:0008154","actin polymerization or depolymerization",118,0.194376375950521,0.875992438660136,0.760747663551402,0.906463812214736,0.743902355323214,1727,"tags=22%, list=19%, signal=18%","Tenm1/Fhod3/Svil/Pecam1/Gas7/Mical3/Coro7/Add3/Spire2/Dbn1/Nck2/Fmn1/Prkce/Lats1/Carmil1/Mtss1/Arhgap18/Cracd/Kank4/Grb2/Swap70/Mtor/Kirrel1/Ssh3/Prex1/Cyfip2"
"GO:0042303","GO:0042303","molting cycle",69,0.213300749454893,0.859790881176072,0.758964143426295,0.906463812214736,0.743902355323214,2297,"tags=30%, list=25%, signal=23%","Bcl2/Egfr/Lgr5/Ext1/Tgfb2/Pum2/Trps1/Igfbp5/Lgr4/Eda/Hdac1/Ldb1/Wnt5a/Gnas/Trpv3/Tnfrsf19/Clock/Fzd3/Numa1/Cd109/Barx2"
"GO:0042633","GO:0042633","hair cycle",69,0.213300749454893,0.859790881176072,0.758964143426295,0.906463812214736,0.743902355323214,2297,"tags=30%, list=25%, signal=23%","Bcl2/Egfr/Lgr5/Ext1/Tgfb2/Pum2/Trps1/Igfbp5/Lgr4/Eda/Hdac1/Ldb1/Wnt5a/Gnas/Trpv3/Tnfrsf19/Clock/Fzd3/Numa1/Cd109/Barx2"
"GO:1905897","GO:1905897","regulation of response to endoplasmic reticulum stress",57,-0.216300927326358,-0.8589775236114,0.760162601626016,0.906463812214736,0.743902355323214,1859,"tags=23%, list=21%, signal=18%","Cops5/Opa1/Bok/Aqp11/Tmem67/Usp14/Akt1/Stub1/Eif2a/Pdia6/Bfar/Park7/Atxn3"
"GO:0031109","GO:0031109","microtubule polymerization or depolymerization",88,0.200027385982395,0.855600218016928,0.760377358490566,0.906463812214736,0.743902355323214,2221,"tags=30%, list=24%, signal=23%","Fgf13/Stmn3/Nav3/Taok1/Arhgef7/Pde4dip/Atxn7/Tbcd/Ttbk2/Ccdc88c/Cdkn1b/Togaram1/Slain1/Eml4/Spast/Map1a/Map2/Katnb1/Nde1/Hdgfl3/Git1/Htt/Abl1/Numa1/Akap9/Inpp5j"
"GO:0051101","GO:0051101","regulation of DNA binding",50,0.220749391719756,0.846066294726059,0.757396449704142,0.906463812214736,0.743902355323214,1505,"tags=22%, list=17%, signal=18%","Hipk2/Sox11/Prkn/Igf1/Ski/Hey2/Rsf1/Runx1t1/Traf3ip1/Hes1/Ilrun"
"GO:0000266","GO:0000266","mitochondrial fission",35,-0.232198519986777,-0.834606598874519,0.760245901639344,0.906463812214736,0.743902355323214,1791,"tags=26%, list=20%, signal=21%","Mapt/Opa1/Ddhd1/Mfn2/Myo19/Rala/Bnip3/Gdap1/Vps35"
"GO:0030837","GO:0030837","negative regulation of actin filament polymerization",40,0.224764507366405,0.825081149539606,0.760536398467433,0.906463812214736,0.743902355323214,1263,"tags=18%, list=14%, signal=15%","Fhod3/Svil/Pecam1/Add3/Carmil1/Cracd/Kank4"
"GO:0001755","GO:0001755","neural crest cell migration",32,0.240753851328314,0.82431524858984,0.757751937984496,0.906463812214736,0.743902355323214,649,"tags=12%, list=7%, signal=12%","Erbb4/Sema4g/Zeb2/Sema3f"
"GO:0030219","GO:0030219","megakaryocyte differentiation",32,0.239021744289324,0.81838470070223,0.75968992248062,0.906463812214736,0.743902355323214,788,"tags=9%, list=9%, signal=9%","Maf/Cnot4/Ep300"
"GO:0006536","GO:0006536","glutamate metabolic process",21,0.254065070756221,0.795679354985556,0.75875486381323,0.906463812214736,0.743902355323214,1457,"tags=29%, list=16%, signal=24%","Gls/Aldh4a1/Gad2/Prodh/Aldh18a1/Atcay"
"GO:0001832","GO:0001832","blastocyst growth",21,0.253989280402498,0.795441995243089,0.760700389105058,0.906463812214736,0.743902355323214,2476,"tags=43%, list=27%, signal=31%","Igf1/Esrrb/Ctr9/Grn/Rad51b/Palb2/Nbn/Taf8/Smarca4"
"GO:0042060","GO:0042060","wound healing",179,-0.18686654334072,-0.898626039692363,0.762312633832976,0.9078739441295,0.745059600034557,2711,"tags=34%, list=30%, signal=24%","Vangl2/Scnn1g/Itgb1/Mcam/Cxadr/Chmp2b/Sdc4/Hbegf/Xbp1/Arl8b/Dysf/Hmgb1/Dmtn/Arhgap24/Cflar/Angptl7/Hps5/Plpp3/Hras/Mylk/Fermt3/Plat/Dcbld2/Bloc1s6/Grhl3/Pdia4/Tor1a/Gpx1/Ppard/Chmp7/Lnpk/Lyst/Srsf6/Cxcr4/Rab3a/Nf1/Fgfr1op2/Fermt2/Slc6a4/Entpd2/Chmp4b/Prkcd/Chmp2a/Tmem97/Pdgfra/Chmp3/Vps4b/Gp5/Pdia6/Prkcq/Chmp1b2/Adra2a/Angpt1/Elk3/Angptl1/Itgav/Nrp1/Pip5k1c/Angptl2/Serpind1"
"GO:0031297","GO:0031297","replication fork processing",33,-0.228763731081334,-0.81860449931174,0.762575452716298,0.9078739441295,0.745059600034557,1715,"tags=33%, list=19%, signal=27%","Zranb3/Brca1/Gen1/Exd2/Wrn/Asf1a/Pcna/Recql/Smarcal1/Tipin/Brca2"
"GO:0006140","GO:0006140","regulation of nucleotide metabolic process",53,0.220390982028488,0.848025784159637,0.764471057884232,0.909257880367337,0.746195346892921,788,"tags=15%, list=9%, signal=14%","Prkn/Arnt/Hdac4/Igf1/Ppargc1a/Esrrb/Ppara/Ep300"
"GO:0007586","GO:0007586","digestion",45,-0.219953636829491,-0.833820296178611,0.764583333333333,0.909257880367337,0.746195346892921,1413,"tags=20%, list=16%, signal=17%","Crhr2/Epb41/Heph/Mdk/Npc1/Copa/Cck/Comt/Tymp"
"GO:2000765","GO:2000765","regulation of cytoplasmic translation",25,0.249029561288152,0.805119944470605,0.764705882352941,0.909257880367337,0.746195346892921,2491,"tags=44%, list=27%, signal=32%","Nmnat2/Cpeb4/Unk/Cpeb3/Syncrip/Dhx36/Rbm24/Fmr1/Hnrnpu/Hnrnpd/Ybx1"
"GO:0098773","GO:0098773","skin epidermis development",72,0.20928222990743,0.855429175806443,0.765166340508806,0.909421656496759,0.746329752091211,381,"tags=10%, list=4%, signal=9%","Bcl2/Ncor2/Egfr/Lgr5/Ext1/Tgfb2/Pum2"
"GO:0022404","GO:0022404","molting cycle process",64,0.212411205011664,0.848705114809847,0.767535070140281,0.911468111106326,0.748009204026969,2297,"tags=30%, list=25%, signal=22%","Bcl2/Egfr/Lgr5/Ext1/Tgfb2/Pum2/Trps1/Igfbp5/Lgr4/Eda/Hdac1/Ldb1/Wnt5a/Gnas/Tnfrsf19/Fzd3/Numa1/Cd109/Barx2"
"GO:0022405","GO:0022405","hair cycle process",64,0.212411205011664,0.848705114809847,0.767535070140281,0.911468111106326,0.748009204026969,2297,"tags=30%, list=25%, signal=22%","Bcl2/Egfr/Lgr5/Ext1/Tgfb2/Pum2/Trps1/Igfbp5/Lgr4/Eda/Hdac1/Ldb1/Wnt5a/Gnas/Tnfrsf19/Fzd3/Numa1/Cd109/Barx2"
"GO:0072089","GO:0072089","stem cell proliferation",69,-0.201926537830189,-0.837761347591586,0.768,0.911636057287279,0.74814703143706,1391,"tags=17%, list=15%, signal=15%","Nf2/Nf1/Runx2/Fermt2/Ctc1/Pdcd2/Ctnnb1/Sirt6/Dgcr8/Ndufs6/Brca2/Prg4"
"GO:1990845","GO:1990845","adaptive thermogenesis",92,-0.200804409835999,-0.863234471440797,0.768398268398268,0.911724766461609,0.748219831876342,2437,"tags=33%, list=27%, signal=24%","Dhrs7b/Sorl1/Bmal1/Hdac3/Per2/Hadh/Nrdc/Clic5/Prkab1/Lepr/Stk11/Acot13/Rb1/Pwwp2b/Cxcr4/Pm20d1/Mfn2/Decr1/G0s2/S100b/Sirt6/Prdm16/Acsl1/Acadl/Ogt/Dock7/Epas1/Fabp5/Adipor1/Dio2"
"GO:0050856","GO:0050856","regulation of T cell receptor signaling pathway",23,0.251793563520462,0.804146495624742,0.768774703557312,0.911787506155095,0.748271320093663,2034,"tags=35%, list=22%, signal=27%","Rc3h1/Dusp22/Cblb/Pawr/Phpt1/Lipa/Elf1/Btrc"
"GO:0035195","GO:0035195","miRNA-mediated post-transcriptional gene silencing",34,-0.229593019662971,-0.823849623563893,0.76969696969697,0.912497290957535,0.74885381503631,935,"tags=18%, list=10%, signal=16%","Ago2/Ncbp2/Dgcr8/Ago1/Zmpste24/Fxr1"
"GO:0045932","GO:0045932","negative regulation of muscle contraction",20,-0.263522742055668,-0.808813327062619,0.77035490605428,0.912893240227485,0.749178756407973,1717,"tags=35%, list=19%, signal=28%","Grk2/Arg2/Rgs2/Bin1/Sod1/Stub1/Adra2a"
"GO:0002260","GO:0002260","lymphocyte homeostasis",39,-0.226564533370554,-0.832755444317842,0.771309771309771,0.913013739725205,0.749277646026027,1899,"tags=31%, list=21%, signal=24%","Rc3h2/Mif/Spns2/Sos1/Ada/Ppp2ca/Akt1/Bbs4/Lmo1/Ppp2r3c/Wdr37/Pik3cd"
"GO:0050854","GO:0050854","regulation of antigen receptor-mediated signaling pathway",27,0.245841539437595,0.812954053668967,0.771317829457364,0.913013739725205,0.749277646026027,2034,"tags=33%, list=22%, signal=26%","Rc3h1/Dusp22/Plcl2/Cblb/Pawr/Phpt1/Lipa/Elf1/Btrc"
"GO:0010718","GO:0010718","positive regulation of epithelial to mesenchymal transition",28,0.242613800519973,0.811763474689427,0.771428571428571,0.913013739725205,0.749277646026027,1914,"tags=29%, list=21%, signal=23%","Tgfb2/Ezh2/Ptk2/Mtor/Tcf7l2/Acvr1/Zfp703/Axin2"
"GO:0051955","GO:0051955","regulation of amino acid transport",35,0.231606542489476,0.813418457015824,0.77431906614786,0.914514303606316,0.750509105010301,1504,"tags=20%, list=17%, signal=17%","Prkg1/Slc43a2/Slc6a1/Grin2b/Grik1/Slc38a1/Htr2c"
"GO:0021846","GO:0021846","cell proliferation in forebrain",22,0.250435263245451,0.787813090386332,0.773622047244094,0.914514303606316,0.750509105010301,1192,"tags=18%, list=13%, signal=16%","Ncor2/Zeb2/Six3/Fgfr1"
"GO:0032663","GO:0032663","regulation of interleukin-2 production",21,0.250996814046014,0.786070208349062,0.77431906614786,0.914514303606316,0.750509105010301,3212,"tags=48%, list=35%, signal=31%","Nav3/Map3k7/Pde4b/Glmn/Abl1/Cd276/Hdac7/Prnp/Plcg2/Card9"
"GO:0002712","GO:0002712","regulation of B cell mediated immunity",23,-0.243191894004318,-0.783676273655798,0.774193548387097,0.914514303606316,0.750509105010301,2153,"tags=26%, list=24%, signal=20%","Slc15a4/Mad2l2/Mlh1/Msh2/Supt6/Cd226"
"GO:0002889","GO:0002889","regulation of immunoglobulin mediated immune response",23,-0.243191894004318,-0.783676273655798,0.774193548387097,0.914514303606316,0.750509105010301,2153,"tags=26%, list=24%, signal=20%","Slc15a4/Mad2l2/Mlh1/Msh2/Supt6/Cd226"
"GO:0000154","GO:0000154","rRNA modification",23,-0.242364298350211,-0.781009379346018,0.776209677419355,0.916363163371488,0.752026397940742,2726,"tags=39%, list=30%, signal=27%","Dkc1/Nop2/Gar1/Mrm2/Rpusd1/Mettl5/Zcchc4/Nat10/Bud23"
"GO:0006661","GO:0006661","phosphatidylinositol biosynthetic process",67,-0.204743405919678,-0.841460507755154,0.778004073319756,0.917328652140197,0.752818739961904,1425,"tags=16%, list=16%, signal=14%","Pik3ca/Pigh/Htr2b/Impa1/Pigk/Uvrag/Pgap1/Smg1/Pip4k2b/Pik3cd/Pip5k1c"
"GO:0006903","GO:0006903","vesicle targeting",50,-0.215309172078203,-0.834519433460802,0.777777777777778,0.917328652140197,0.752818739961904,1472,"tags=18%, list=16%, signal=15%","Pdcd6/Ap1ar/Fam91a1/Exoc1/Klhl12/Trappc6b/5730455P16Rik/Trappc3/Ahi1"
"GO:0050818","GO:0050818","regulation of coagulation",24,-0.24685654330063,-0.804720826105685,0.777777777777778,0.917328652140197,0.752818739961904,779,"tags=17%, list=9%, signal=15%","Prkcd/Pdgfra/Gp5/Angpt1"
"GO:0019432","GO:0019432","triglyceride biosynthetic process",25,-0.240795258274356,-0.793913768922082,0.778455284552846,0.917476784554546,0.752940306924036,1654,"tags=24%, list=18%, signal=20%","Dgat2/Mogat1/Cnep1r1/Lpin2/Acsl1/Fitm2"
"GO:0032008","GO:0032008","positive regulation of TOR signaling",47,-0.215323033421021,-0.8249908778459,0.778925619834711,0.917488592061518,0.752949996921727,1610,"tags=23%, list=18%, signal=19%","Rbx1/Sec13/Otub1/Lars1/Akt1/Lamtor3/Mios/Ogt/Tbk1/Shq1/Rps6kb1"
"GO:0051654","GO:0051654","establishment of mitochondrion localization",24,0.252849415424172,0.80691436929021,0.779116465863454,0.917488592061518,0.752949996921727,149,"tags=8%, list=2%, signal=8%","Agbl4/Pkd1"
"GO:1901606","GO:1901606","alpha-amino acid catabolic process",49,-0.214202722627515,-0.826873970572804,0.77979797979798,0.917907563521599,0.75329383177952,560,"tags=37%, list=6%, signal=35%","Qdpr/Nos1/Asrgl1/Oaz1/Got1/Gcsh/Mccc1/Tdo2/Ddah1/Arg2/Blmh/Acadsb/Got2/Oat/Dlst/Hibch/Ppat/Aldh6a1"
"GO:0032635","GO:0032635","interleukin-6 production",54,-0.208516722168637,-0.82161740990454,0.780933062880324,0.918115898841806,0.753464805108307,2812,"tags=31%, list=31%, signal=22%","Psen2/Chrna7/Il17d/Xbp1/Mapkapk2/Hmgb1/Bsg/Rabgef1/Grk2/Setd4/Crhr2/Traf6/Azi2/Cyba/Aqp4/Arrb1/Prg4"
"GO:0033363","GO:0033363","secretory granule organization",41,0.220247540351075,0.815274954753009,0.780952380952381,0.918115898841806,0.753464805108307,1493,"tags=17%, list=16%, signal=14%","Abcg1/Ap1s2/Hps3/Ap3d1/Ptbp1/Vps13b/Aqp1"
"GO:0090140","GO:0090140","regulation of mitochondrial fission",26,-0.237955255814098,-0.793882835636202,0.780737704918033,0.918115898841806,0.753464805108307,1791,"tags=27%, list=20%, signal=22%","Mapt/Ddhd1/Mfn2/Myo19/Rala/Bnip3/Vps35"
"GO:1903828","GO:1903828","negative regulation of protein localization",163,0.188217214395385,0.887656040391683,0.782857142857143,0.919528112449799,0.754623758190657,1649,"tags=21%, list=18%, signal=18%","Siah3/Frmd4a/Mtnr1b/Prkn/Dclk1/Ppp3ca/Kcnj6/Rhoq/Pde3b/Wnk1/Oprm1/Klf7/Ripor2/Ppfia1/Hectd1/Mark3/Pfkl/Rab11fip5/Gsk3b/Stxbp5l/Irs1/Rhbdf1/Madd/Lats1/Ttbk2/Idh2/Cabp1/Itgb1bp1/Ilrun/Mtor/Mfhas1/Ubac2/Map4k4/Kcnb1/Astn2"
"GO:0035966","GO:0035966","response to topologically incorrect protein",96,-0.198825008569259,-0.860940577894519,0.782608695652174,0.919528112449799,0.754623758190657,1993,"tags=23%, list=22%, signal=18%","Yod1/Ubxn4/Cops5/Parp16/Eif2ak2/Ubr4/Tm7sf3/Bok/Eif2ak4/Hspa4l/Mfn2/Akt1/Derl1/Sdf2l1/Tmbim4/Stub1/Eif2a/Dnajb14/Pdia6/Ube2j2/Bfar/Atxn3"
"GO:0072678","GO:0072678","T cell migration",24,0.252284385792313,0.805111199097955,0.783132530120482,0.919528112449799,0.754623758190657,827,"tags=17%, list=9%, signal=15%","Wnk1/Ripor2/Cxcl12/Gnai1"
"GO:0008608","GO:0008608","attachment of spindle microtubules to kinetochore",24,-0.244850151366018,-0.798180244464522,0.783730158730159,0.919846558642894,0.754885095565514,2430,"tags=38%, list=27%, signal=28%","Bub3/Kat2b/Zfp207/Nsl1/Rb1/Spc25/Ska2/Racgap1/Mis12"
"GO:0010658","GO:0010658","striated muscle cell apoptotic process",37,0.231063983734455,0.826155570849118,0.785575048732943,0.920418838181792,0.755354744867729,2203,"tags=32%, list=24%, signal=25%","Bcl2/Qki/Hey2/Ambra1/Map3k5/Capn2/Hsf1/Ptpn1/Rgl2/Kifap3/Apaf1/Rps6ka2"
"GO:0010659","GO:0010659","cardiac muscle cell apoptotic process",37,0.231063983734455,0.826155570849118,0.785575048732943,0.920418838181792,0.755354744867729,2203,"tags=32%, list=24%, signal=25%","Bcl2/Qki/Hey2/Ambra1/Map3k5/Capn2/Hsf1/Ptpn1/Rgl2/Kifap3/Apaf1/Rps6ka2"
"GO:0060071","GO:0060071","Wnt signaling pathway, planar cell polarity pathway",24,0.25190919648584,0.803913863355298,0.785140562248996,0.920418838181792,0.755354744867729,2189,"tags=33%, list=24%, signal=25%","Prickle1/Ccdc88c/Gpc3/Wnt5a/Znrf3/Abl1/Fzd3/Nkd1"
"GO:0002286","GO:0002286","T cell activation involved in immune response",34,0.23120201010574,0.802757966915577,0.785009861932939,0.920418838181792,0.755354744867729,2585,"tags=41%, list=29%, signal=30%","Rora/Rc3h1/Ep300/Cd74/Mtor/Kmt2a/Bcl6/Plxna1/Tsc1/Socs5/Cd81/Stat3/Brd2/Fcer1g"
"GO:0002313","GO:0002313","mature B cell differentiation involved in immune response",20,0.249341854687943,0.774698685374254,0.78585086042065,0.920418838181792,0.755354744867729,999,"tags=20%, list=11%, signal=18%","Phf14/St3gal1/Lfng/Irf8"
"GO:0045814","GO:0045814","negative regulation of gene expression, epigenetic",114,-0.190510269325642,-0.858219268571205,0.786780383795309,0.920742160105972,0.7556200835803,2261,"tags=26%, list=25%, signal=20%","Hdac3/H3f3b/Pcgf5/Brca1/Piwil1/Trim37/Macroh2a2/Sdr16c5/Bahd1/Rb1/Bap1/Macroh2a1/Baz2a/Ezh1/Cbx1/Lrif1/Cenpv/Hat1/Phf19/Setdb1/Mis18a/Mettl3/Sirt6/Mbd3l2/Suv39h2/Wdhd1/Hells/Smarca5/Cbx5/Znfx1"
"GO:0051150","GO:0051150","regulation of smooth muscle cell differentiation",23,0.247380048579572,0.790051168788416,0.786561264822134,0.920742160105972,0.7556200835803,1710,"tags=35%, list=19%, signal=28%","Tshz3/Hey2/Nfatc3/Fgf9/Pias1/Rcan1/Zeb1/Ankrd17"
"GO:0031648","GO:0031648","protein destabilization",37,-0.224267262374719,-0.813977441805401,0.787321063394683,0.920992427001335,0.755825468649634,1537,"tags=19%, list=17%, signal=16%","Fbxl3/Kdm8/Gsn/Derl1/Sirt6/Gga3/Vps35"
"GO:0007588","GO:0007588","excretion",21,0.247713207303913,0.775786629867357,0.787937743190661,0.921331352826259,0.756103612924168,1890,"tags=33%, list=21%, signal=26%","Cacna1c/Nr3c2/Corin/Kcnma1/Arid5b/Lipa/Mllt6"
"GO:0016485","GO:0016485","protein processing",115,-0.189459189726456,-0.854556064143592,0.788912579957356,0.921755456772678,0.756451659829507,2940,"tags=31%, list=32%, signal=21%","F3/Timm17a/Timm23/Ctsz/Psen2/Spcs3/Xpnpep3/Dync2h1/Pmpcb/Sec11a/Ift52/Sde2/Afg3l2/Cln5/Eno1/Ift88/Disp1/Plat/Pmpca/Atg4b/Bag2/Mmp14/Gsn/Ift172/Phex/Yipf5/Tysnd1/Dhcr24/Ogt/Spg7/Yme1l1/Zmpste24/Metap2/Snx12/P4hb/Vps35"
"GO:0045833","GO:0045833","negative regulation of lipid metabolic process",60,0.210527005341535,0.830182414665097,0.788954635108481,0.921755456772678,0.756451659829507,2078,"tags=28%, list=23%, signal=22%","Prox1/Pde3b/Ccdc3/Mfsd2a/Dcaf5/Abca2/Cnr1/Atp1a1/Dkk3/Chlsn/Ncor1/Lpcat1/Asxl3/Malrd1/Srebf1/Appl2/Cdk8"
"GO:0097529","GO:0097529","myeloid leukocyte migration",86,0.196580430084242,0.838298547883039,0.790262172284644,0.922900456484926,0.757391320046836,2093,"tags=29%, list=23%, signal=23%","Pecam1/Tgfb2/Ptpro/Ripor2/Plcb1/Prkca/Cxcl12/Mtus1/Vegfc/Camk1d/Edn3/Cd74/Pawr/Ptk2/Pde4b/Pdgfd/Swap70/Enpp1/Prex1/Vav3/App/Gbf1/Cklf/Myo9b/Irak4"
"GO:0002688","GO:0002688","regulation of leukocyte chemotaxis",47,0.215665103935671,0.819212835439174,0.791505791505791,0.923969892486877,0.758268967835967,1933,"tags=30%, list=21%, signal=24%","Wnk1/Ripor2/Cxcl12/Mtus1/Vegfc/Camk1d/Edn3/Cd74/Ptk2/Swap70/Gas6/Calr/Wnt5a/App"
"GO:0006695","GO:0006695","cholesterol biosynthetic process",39,0.221116214291023,0.806361847852484,0.792706333973129,0.924222775811451,0.758476500114959,2029,"tags=33%, list=22%, signal=26%","Qki/Abcg1/Srebf2/Gnai1/Npy1r/Lpcat3/Sc5d/Scap/Chlsn/Fdps/Fgf1/Lipa/Srebf1"
"GO:1902653","GO:1902653","secondary alcohol biosynthetic process",39,0.221116214291023,0.806361847852484,0.792706333973129,0.924222775811451,0.758476500114959,2029,"tags=33%, list=22%, signal=26%","Qki/Abcg1/Srebf2/Gnai1/Npy1r/Lpcat3/Sc5d/Scap/Chlsn/Fdps/Fgf1/Lipa/Srebf1"
"GO:0001782","GO:0001782","B cell homeostasis",23,-0.23929639793912,-0.77112319143686,0.792338709677419,0.924222775811451,0.758476500114959,1899,"tags=35%, list=21%, signal=28%","Rc3h2/Mif/Spns2/Sos1/Ada/Bbs4/Ppp2r3c/Pik3cd"
"GO:0061136","GO:0061136","regulation of proteasomal protein catabolic process",136,-0.187603568222101,-0.866616038358566,0.793478260869565,0.924357891331308,0.758587384578419,1834,"tags=21%, list=20%, signal=17%","Rbx1/Zer1/Mapk8/Csnk1e/Gpx1/Bag2/Aqp11/Tmem67/Uchl5/Usp14/Sumo1/Akt1/Usp5/Paqr3/Fzr1/Sirt6/Osbpl7/Stub1/Eif2a/Pabir1/Ogt/Ophn1/Bag5/Park7/Zyg11b/Atxn3/Gabarapl2/Taf9/Psme3"
"GO:0010591","GO:0010591","regulation of lamellipodium assembly",24,0.248561066492107,0.793229028677463,0.793172690763052,0.924357891331308,0.758587384578419,526,"tags=12%, list=6%, signal=12%","Auts2/Hdac4/Abi2"
"GO:0007601","GO:0007601","visual perception",62,0.20954569981407,0.834680242481492,0.794174757281553,0.924404983898975,0.758626031760505,1689,"tags=24%, list=19%, signal=20%","Elfn1/Cep250/Kcnk9/Ush2a/Rdh10/Ccdc66/Opa3/Rpgr/Myo3a/Crybg3/Cabp2/Myo3b/Cabp1/Gjc1/Atp8a2"
"GO:0097530","GO:0097530","granulocyte migration",52,0.215372186004289,0.830545389228075,0.794174757281553,0.924404983898975,0.758626031760505,2093,"tags=29%, list=23%, signal=22%","Pecam1/Tgfb2/Ripor2/Prkca/Camk1d/Edn3/Cd74/Pawr/Ptk2/Pde4b/Prex1/Vav3/Gbf1/Cklf/Irak4"
"GO:0051345","GO:0051345","positive regulation of hydrolase activity",125,0.190331583667298,0.865742421437524,0.79520295202952,0.924975804485764,0.759094483753025,2044,"tags=25%, list=23%, signal=19%","Epha4/Bcar3/Lmf1/Wnt11/Arhgef7/Rgs6/Ezh2/Rapgef2/Rap1gap/Kalrn/Tank/Gsk3b/Ntrk3/Rapgef1/Dennd1a/Mex3b/Ppargc1b/Rab11fip2/Grn/Dennd1b/Rock1/Map4k4/Asap3/Evi5l/Prex1/Evi5/Arhgef10/Wnt5a/Usp6nl/Agrn/Myo9b"
"GO:0015872","GO:0015872","dopamine transport",37,0.229545481591925,0.820726256491587,0.795321637426901,0.924975804485764,0.759094483753025,821,"tags=14%, list=9%, signal=12%","Rab3b/Syt1/Prkn/Cxcl12/Smpd3"
"GO:0009119","GO:0009119","ribonucleoside metabolic process",21,0.242833578995408,0.760504641306223,0.795719844357977,0.9250571457924,0.759161237647418,1541,"tags=29%, list=17%, signal=24%","Adk/Pemt/Nt5e/Nt5c1b/Ahcyl/Nt5c1a"
"GO:0002698","GO:0002698","negative regulation of immune effector process",30,0.234833068661411,0.79336749386497,0.796116504854369,0.925136622960664,0.759226461710276,2649,"tags=37%, list=29%, signal=26%","Tgfb2/Rc3h1/Dusp22/Grn/Tmbim6/Bcl6/Socs5/Apoa1/Tgfb3/Ahr/Susd4"
"GO:0001824","GO:0001824","blastocyst development",96,0.192129919437468,0.837216139824114,0.797047970479705,0.925455781133831,0.759488383381654,1428,"tags=19%, list=16%, signal=16%","Agbl4/Stmn3/Smim14/Igf1/Rbbp8/Esrrb/Pemt/Cnot2/Atp1b1/Matr3/Pbrm1/Lats1/Arhgdig/Ctr9/Tjp1/Nasp/Capn2/Grn"
"GO:0106106","GO:0106106","cold-induced thermogenesis",83,0.197302532849848,0.834383521699277,0.796934865900383,0.925455781133831,0.759488383381654,1793,"tags=22%, list=20%, signal=18%","Esrrg/Ehmt1/Igf1r/Qki/Acvr2b/Ppargc1a/Clstn3/Nova1/Pemt/Plcl2/Adrb1/Lgr4/Zfp516/Ppargc1b/Ksr2/Hsf1/Prkab2/Sfxn5"
"GO:0051017","GO:0051017","actin filament bundle assembly",116,0.189396287041104,0.853338419741974,0.798130841121495,0.925950065986156,0.759894025240591,1507,"tags=20%, list=17%, signal=17%","Zeb2/Prkn/Gas7/Wnt11/Ccdc88a/Pdlim1/Spire2/Ppfia1/Tmeff2/Dbn1/Dlc1/Carmil1/Myh10/Mtss1/Tjp1/Pawr/Kank4/Limch1/Pxn/Itgb1bp1/Swap70/Braf/Mtor"
"GO:0001659","GO:0001659","temperature homeostasis",102,-0.192247988861182,-0.850274551230865,0.797894736842105,0.925950065986156,0.759894025240591,2261,"tags=28%, list=25%, signal=22%","Hdac3/Per2/Hadh/Ptger3/Nrdc/Egr1/Prkab1/Lepr/Stk11/Acot13/Rb1/Gpx1/Pwwp2b/Cxcr4/Trpm2/Mfn2/Decr1/G0s2/Sirt6/Prdm16/Acsl1/Acadl/Ogt/Dock7/Epas1/Fabp5/Adipor1/Nox3/Dio2"
"GO:0140013","GO:0140013","meiotic nuclear division",82,-0.196552207834153,-0.838182188535154,0.798767967145791,0.925984109216962,0.759921963299714,2984,"tags=41%, list=33%, signal=28%","Marf1/Fancd2/Ing2/Eme1/Fancm/Sycp2/Hfm1/Brip1/Ndc1/Washc5/Ccne1/Actr3/Ubb/Terb1/Washc1/M1ap/Aspm/Rad51ap1/Rec8/Mlh1/Hspa2/Slx4/Ska2/BC005624/Tex11/Mlh3/Fzr1/Suv39h2/Orc4/Ube2b/Dcaf13/Brca2/Trip13/Spdya"
"GO:0150116","GO:0150116","regulation of cell-substrate junction organization",49,0.217919222352493,0.834024491191609,0.800788954635108,0.925984109216962,0.759921963299714,1803,"tags=27%, list=20%, signal=21%","Epha3/Dusp22/Dlc1/Fmn1/Iqsec1/Ptk2/Limch1/Vcl/Itgb1bp1/Rock1/Map4k4/Ldb1/Peak1"
"GO:1903555","GO:1903555","regulation of tumor necrosis factor superfamily cytokine production",60,-0.206023699950882,-0.829598237049977,0.8,0.925984109216962,0.759921963299714,857,"tags=12%, list=9%, signal=11%","Errfi1/Cyba/Akap12/Gpr18/Angpt1/Gstp3/Fxr1"
"GO:0031098","GO:0031098","stress-activated protein kinase signaling cascade",38,-0.22133025556712,-0.810361706701593,0.800411522633745,0.925984109216962,0.759921963299714,3062,"tags=47%, list=34%, signal=32%","Stk25/Qars1/Kat7/Cd2ap/Arl6ip5/Mapk14/Gfral/Map2k1/Klhdc10/Eif2ak2/Mapk8/Prdx1/Agt/Crhr2/Map2k2/Errfi1/Nbr1/Zmpste24"
"GO:0045806","GO:0045806","negative regulation of endocytosis",44,0.215568994938094,0.80787311510903,0.800766283524904,0.925984109216962,0.759921963299714,1108,"tags=14%, list=12%, signal=12%","Epha3/Plscr1/Scamp5/Ank3/Ankrd13d/Abca2"
"GO:0033627","GO:0033627","cell adhesion mediated by integrin",38,0.222361081283235,0.80274374881738,0.800387596899225,0.925984109216962,0.759921963299714,1447,"tags=21%, list=16%, signal=18%","Ext1/Tgfb2/Adam9/Wnk1/Ptk2/Itgb8/Itgb1bp1/Swap70"
"GO:0048821","GO:0048821","erythrocyte development",30,0.233615432055696,0.789253791702746,0.8,0.925984109216962,0.759921963299714,310,"tags=7%, list=3%, signal=6%","Sox6/Arid4a"
"GO:1902108","GO:1902108","regulation of mitochondrial membrane permeability involved in apoptotic process",23,-0.238232931223929,-0.767696211948378,0.800403225806452,0.925984109216962,0.759921963299714,2387,"tags=30%, list=26%, signal=22%","Rhot1/Hip1r/Bnip3l/Gclc/Bok/Vdac2/Bnip3"
"GO:0040018","GO:0040018","positive regulation of multicellular organism growth",20,0.245114530191141,0.761564497636616,0.801147227533461,0.926018411480432,0.75995011393766,1952,"tags=25%, list=22%, signal=20%","Bcl2/Chd7/Atp8a2/Hsf1/Celf1"
"GO:0014044","GO:0014044","Schwann cell development",29,0.233510855228583,0.786226807794688,0.801526717557252,0.926077199703295,0.759998359324694,2005,"tags=31%, list=22%, signal=24%","Pard3/Ski/Ntrk3/Grb2/Adgrg6/Adam22/Raf1/Arhgef10/Sirt2"
"GO:0050792","GO:0050792","regulation of viral process",73,0.202802852129696,0.834186874670057,0.802303262955854,0.926214909876934,0.760111373127498,1525,"tags=21%, list=17%, signal=17%","Bcl2/Prox1/Trim25/Plscr1/Zc3hav1/Srpk2/Crebbp/Rsf1/Hexim1/Adar/Cd74/Hs3st5/Oasl1/Ifih1/Trim8"
"GO:0043112","GO:0043112","receptor metabolic process",59,0.208399998084344,0.818237111548216,0.802,0.926214909876934,0.760111373127498,2026,"tags=25%, list=22%, signal=20%","Gria1/Fut8/Gria2/Ramp3/Abca2/Arfgef2/Caml/Pex6/Mtmr2/Ptpn1/Znrf3/Gria3/Inpp5f/Git1/Kif16b"
"GO:1902692","GO:1902692","regulation of neuroblast proliferation",34,0.229503471866607,0.796860461513476,0.80276134122288,0.926364234056542,0.760233918128655,2096,"tags=32%, list=23%, signal=25%","Prox1/Six3/Cdon/Vegfc/Tafa1/Zfp335/Bdnf/Sox2/Nr2e1/Kifap3/Fzd3"
"GO:0044248","GO:0044248","cellular catabolic process",182,-0.182501841042135,-0.879082986096058,0.803879310344828,0.926530368244859,0.760370258501347,1311,"tags=17%, list=14%, signal=15%","Pon1/Ldha/Decr2/Blmh/Lpin2/Gusb/Acadsb/Decr1/Akt1/Irs2/Etfa/Dbi/Aasdhppt/Dld/Tysnd1/Uvrag/Acadl/Got2/Fitm2/Oat/Abcb11/Thop1/Gnpda2/Dlst/Dbt/Nudt7/Hibch/Scp2/Ppat/Aldh6a1/Crat"
"GO:0048041","GO:0048041","focal adhesion assembly",62,0.20905724473007,0.83273458667316,0.803883495145631,0.926530368244859,0.760370258501347,1803,"tags=24%, list=20%, signal=20%","Bcl2/Epha3/Dusp22/Dlc1/Tesk2/Fmn1/Ptk2/Limch1/Vcl/Pxn/Itgb1bp1/Rock1/Map4k4/Ldb1/Peak1"
"GO:0007422","GO:0007422","peripheral nervous system development",46,0.216471412095896,0.817640164045289,0.804222648752399,0.926530368244859,0.760370258501347,1814,"tags=26%, list=20%, signal=21%","Pard3/Gpc1/Plxna4/Ski/Dmd/Ntrk3/Nefh/Grb2/Adgrg6/Adam22/Raf1/Arhgef10"
"GO:0035774","GO:0035774","positive regulation of insulin secretion involved in cellular response to glucose stimulus",32,0.22924590261682,0.784913272046013,0.804263565891473,0.926530368244859,0.760370258501347,1045,"tags=19%, list=12%, signal=17%","Adcy8/Prkn/Abcg1/Cacna1d/Pla2g6/Fto"
"GO:0045103","GO:0045103","intermediate filament-based process",25,-0.237978023094443,-0.784625206449328,0.804878048780488,0.926530368244859,0.760370258501347,1920,"tags=28%, list=21%, signal=22%","Prph/Tor1a/Sod1/Cln8/Dnajb6/Atxn3/Vim"
"GO:0045104","GO:0045104","intermediate filament cytoskeleton organization",25,-0.237978023094443,-0.784625206449328,0.804878048780488,0.926530368244859,0.760370258501347,1920,"tags=28%, list=21%, signal=22%","Prph/Tor1a/Sod1/Cln8/Dnajb6/Atxn3/Vim"
"GO:0050871","GO:0050871","positive regulation of B cell activation",41,0.216630470528402,0.801885899731928,0.805714285714286,0.926735860058309,0.760538898266073,2145,"tags=27%, list=24%, signal=21%","Bcl2/Tcf3/Peli1/Kmt5b/Atad5/Cd74/Shld2/Vav3/Bcl6/Pms2/Tfrc"
"GO:0009066","GO:0009066","aspartate family amino acid metabolic process",29,-0.229275919746566,-0.783500451473145,0.805439330543933,0.926735860058309,0.760538898266073,2468,"tags=31%, list=27%, signal=23%","Asrgl1/Got1/Adss2/Mtr/Nit2/Aasdhppt/Got2/Apip/Dlst"
"GO:0009185","GO:0009185","ribonucleoside diphosphate metabolic process",85,0.193938387796616,0.823903205744565,0.806451612903226,0.926979907222793,0.760739179025242,2017,"tags=26%, list=22%, signal=20%","Arnt/Hdac4/Igf1/Ppargc1a/Esrrb/Ppara/Ogdh/Ep300/Pfkl/Bcl2l13/Guk1/Nt5e/Pals2/Enpp1/Fkrp/Mtor/Eno4/Mtch2/Ncor1/Lipa/App/Git1"
"GO:0044848","GO:0044848","biological phase",27,-0.232634382368334,-0.782056031317389,0.806584362139918,0.926979907222793,0.760739179025242,2057,"tags=33%, list=23%, signal=26%","Piwil1/Myo5a/Dek/Mlh1/Ppard/Akt1/Ctnnb1/Chek2/Ube2b"
"GO:0051648","GO:0051648","vesicle localization",167,0.183847941273095,0.870036906635712,0.809073724007561,0.927544399715842,0.761202437778082,1234,"tags=15%, list=14%, signal=13%","Nlgn1/Magi2/Pclo/Atp9a/Trappc9/Prkn/Kif13a/Nrxn1/Kifc1/Ap1s2/Cdh2/Exoc4/Ppfia2/Ap3d1/Smpd3/Syt10/Borcs5/Pcdh17/Dctn2/Kif5c/Kif1b/Madd/Syn3/F8a/a"
"GO:0071478","GO:0071478","cellular response to radiation",95,-0.194576270096531,-0.841145462712768,0.808602150537634,0.927544399715842,0.761202437778082,2498,"tags=28%, list=28%, signal=21%","Zbtb1/Swi5/Rnf4/Mapk14/Sde2/Hras/Egr1/Brca1/Stk11/Xpc/Tnks1bp1/Rbx1/Brcc3dc/Rad51ap1/Wrn/Pcna/Eif2ak4/Cul4b/Gpr52/Mettl3/Prkcd/Net1/Chek2/Zmpste24/Rhob/Brca2/Rpl26"
"GO:0006513","GO:0006513","protein monoubiquitination",41,-0.220131318236995,-0.812458308777061,0.809224318658281,0.927544399715842,0.761202437778082,2370,"tags=34%, list=26%, signal=25%","Ubb/Kbtbd8/Rnf10/Trim37/Rbx1/Fbxl2/Pdcd6/Cbl/Fancl/Klhl12/Stub1/Ube3d/Ube2d3/Skp1"
"GO:1903008","GO:1903008","organelle disassembly",53,-0.205751856055075,-0.810457016177765,0.808383233532934,0.927544399715842,0.761202437778082,1821,"tags=25%, list=20%, signal=20%","Mtrfr/Klhdc10/Tcf25/Pnpla2/Rnf25/Kif9/Denr/Abce1/Mcts1/Dyrk3/Rrp7a/Ltn1/Ufsp2"
"GO:0006720","GO:0006720","isoprenoid metabolic process",41,0.216069516466069,0.79980945521383,0.80952380952381,0.927544399715842,0.761202437778082,857,"tags=15%, list=9%, signal=13%","Plpp6/Egfr/Crppa/Pdss2/Dhrs3/Rdh10"
"GO:2000514","GO:2000514","regulation of CD4-positive, alpha-beta T cell activation",25,0.243362211062898,0.786797233403496,0.807843137254902,0.927544399715842,0.761202437778082,2559,"tags=36%, list=28%, signal=26%","Rc3h1/Sh3rf1/Ep300/Cblb/Cbfb/Bcl6/Socs5/Cd81/Brd2"
"GO:0071539","GO:0071539","protein localization to centrosome",27,-0.23212707355017,-0.780350591575648,0.808641975308642,0.927544399715842,0.761202437778082,2376,"tags=33%, list=26%, signal=25%","Rab11a/Pcm1/Bicd1/Cep350/Cep192/Nudcd3/Bbs4/Mcph1/Ubxn2b"
"GO:0019083","GO:0019083","viral transcription",30,0.229974364510025,0.776952693521948,0.809708737864078,0.927544399715842,0.761202437778082,2476,"tags=43%, list=27%, signal=32%","Ctdp1/Ep300/Rrp1b/Rsf1/Hexim1/Hdac1/Trim8/Nucks1/Jun/Mdfic/Tardbp/Trim62/Smarca4"
"GO:0051602","GO:0051602","response to electrical stimulus",30,-0.226001679111049,-0.780764539681758,0.811088295687885,0.928747182953458,0.762189518863228,2561,"tags=37%, list=28%, signal=26%","Xbp1/Nsmf/Grm1/Rest/Adss2/Sod2/Neurod2/Rab3a/Cyfip1/Akap12/Rps6kb1"
"GO:0110053","GO:0110053","regulation of actin filament organization",178,-0.180918273863825,-0.868689817333736,0.812903225806452,0.930447315321925,0.763584756550846,2825,"tags=37%, list=31%, signal=26%","Mlst8/Baiap2/Twf1/Ppm1e/Rhpn1/Cdc42ep4/Sema5a/Gmfb/Sdc4/Snx9/Fhod1/Washc5/Eps8/Nckap1/Arhgef18/Specc1l/Actr3/Dmtn/Hip1r/Rac1/Ptk2b/Mtpn/Cit/Washc1/Dbnl/Actn2/Sptan1/Shroom2/Inpp5k/Mkks/Synpo/Arhgap40/Pak2/Plekhh2/Ap1ar/Wasf3/Pik3ca/Nf2/Gsn/Dnai3/Bin1/Ssh1/Fermt2/Coro2b/Bbs4/Wasf1/Cyfip1/Ccn2/Prkcd/Dlg1/Rnh1/Arpc3/Cttn/Prkcq/Capza1b/Stmn1/Arf1/Pick1/Cfl2/Wdr1/Tac1/Arpc5/Dstn/Pfn2/Nrp1"
"GO:0006476","GO:0006476","protein deacetylation",31,0.227508172627488,0.775885662448639,0.814090019569472,0.93142739551229,0.764389073228681,788,"tags=13%, list=9%, signal=12%","Spred2/Ncor2/Hdac4/Ep300"
"GO:0034599","GO:0034599","cellular response to oxidative stress",152,-0.181986714129217,-0.855831328964678,0.815677966101695,0.931731053293302,0.764638274283884,1744,"tags=21%, list=19%, signal=17%","Mapk8/Prdx3/Plekha1/Adprs/Prdx1/Cygb/Map1lc3a/Sod1/Vkorc1l1/Sod2/Atp2a2/Chchd4/Pcna/Prr5l/Trpm2/Akt1/Cat/Stk24/Stk26/Pex10/Sirt6/Prkcd/Net1/Pdgfra/Rad52/Bnip3/Park7/Rhob/Pla2r1/Rnf146/Fos/Coq7"
"GO:0042770","GO:0042770","signal transduction in response to DNA damage",111,-0.185752508129828,-0.834240681532622,0.815618221258134,0.931731053293302,0.764638274283884,911,"tags=17%, list=10%, signal=16%","Msh2/Uimc1/Eif2ak4/Eef1e1/Smyd2/Mbd4/Fzr1/Mdm4/Rint1/Dyrk3/Ndufs6/Tipin/Chek2/Cry1/Zmpste24/Pla2r1/Brca2/Syf2/Ddx5"
"GO:0120161","GO:0120161","regulation of cold-induced thermogenesis",80,-0.196595137282566,-0.830205383247936,0.815352697095436,0.931731053293302,0.764638274283884,2437,"tags=32%, list=27%, signal=24%","Dhrs7b/Bmal1/Hdac3/Per2/Hadh/Nrdc/Prkab1/Lepr/Stk11/Acot13/Rb1/Pwwp2b/Cxcr4/Mfn2/Decr1/G0s2/Sirt6/Prdm16/Acsl1/Acadl/Ogt/Dock7/Epas1/Fabp5/Adipor1/Dio2"
"GO:0032481","GO:0032481","positive regulation of type I interferon production",35,0.224427854617668,0.788206400614829,0.815175097276265,0.931731053293302,0.764638274283884,2108,"tags=31%, list=23%, signal=24%","Irf7/Chuk/Zc3hav1/Tank/Ifih1/Uap1/Dhx36/Usp22/Dhx33/Nmbr/Polr3f"
"GO:0051893","GO:0051893","regulation of focal adhesion assembly",45,0.215505337696537,0.80962883477244,0.818007662835249,0.932125189595524,0.764961727817925,1803,"tags=27%, list=20%, signal=21%","Epha3/Dusp22/Dlc1/Fmn1/Ptk2/Limch1/Vcl/Itgb1bp1/Rock1/Map4k4/Ldb1/Peak1"
"GO:0090109","GO:0090109","regulation of cell-substrate junction assembly",45,0.215505337696537,0.80962883477244,0.818007662835249,0.932125189595524,0.764961727817925,1803,"tags=27%, list=20%, signal=21%","Epha3/Dusp22/Dlc1/Fmn1/Ptk2/Limch1/Vcl/Itgb1bp1/Rock1/Map4k4/Ldb1/Peak1"
"GO:0034308","GO:0034308","primary alcohol metabolic process",35,0.223686030019917,0.785601060484132,0.817120622568093,0.932125189595524,0.764961727817925,1707,"tags=26%, list=19%, signal=21%","Hao1/Dhrs3/Rdh10/Cacna1h/Tpk1/Sult2a7/Kcnma1/Bmp6/Dkk3"
"GO:0009409","GO:0009409","response to cold",24,-0.238017631593667,-0.775907102006663,0.817460317460317,0.932125189595524,0.764961727817925,1553,"tags=21%, list=17%, signal=17%","Agt/Hspa2/Eif2ak4/Acadl/Cirbp"
"GO:0089718","GO:0089718","amino acid import across plasma membrane",31,-0.221489944113569,-0.774223246740119,0.816700610997963,0.932125189595524,0.764961727817925,2685,"tags=42%, list=30%, signal=30%","Itgb1/Arl6ip5/Slc6a9/Grm1/Per2/Agt/Arg2/Rgs2/Slc36a1/Slc1a2/Cln8/Prkcd/Arl6ip1"
"GO:0016242","GO:0016242","negative regulation of macroautophagy",26,-0.231910758956675,-0.773716765806191,0.817622950819672,0.932125189595524,0.764961727817925,2328,"tags=23%, list=26%, signal=17%","Poldip2/Lzts1/Tmem39a/Fez2/Tsc2/Npc1"
"GO:0002832","GO:0002832","negative regulation of response to biotic stimulus",49,0.214991993863121,0.822821348003527,0.82051282051282,0.93284024577573,0.765548548791333,1505,"tags=24%, list=17%, signal=21%","Parp14/Smpdl3b/Gigyf2/Samhd1/Adar/Stat2/Htra1/Traf3ip1/Dnaja3/Grn/Zdhhc18/Ilrun"
"GO:0071706","GO:0071706","tumor necrosis factor superfamily cytokine production",63,-0.202117450872382,-0.821659887073774,0.81947261663286,0.93284024577573,0.765548548791333,1622,"tags=27%, list=18%, signal=22%","Mapkapk2/Cactin/Hmgb1/Mapk14/Hdac3/Mif/Setd4/Arg2/Adam8/Azi2/Errfi1/Cyba/Akap12/Gpr18/Angpt1/Gstp3/Fxr1"
"GO:0019217","GO:0019217","regulation of fatty acid metabolic process",61,-0.202057668843406,-0.816545443047268,0.820773930753564,0.93284024577573,0.765548548791333,2287,"tags=28%, list=25%, signal=21%","Pdk1/Eif6/Kat2b/Brca1/Ubr4/Dgat2/Erlin1/Ppard/Agt/Akt1/Irs2/Dbi/Tysnd1/Acadl/Abcb11/Fabp5/Prkag2"
"GO:0051937","GO:0051937","catecholamine transport",55,-0.206019473365441,-0.813348265704606,0.820408163265306,0.93284024577573,0.765548548791333,1717,"tags=22%, list=19%, signal=18%","Grk2/Tor1a/Agt/Crhr2/Chrna4/Rab3a/Prkcb/Stx1a/Npy2r/Park7/Comt/Ptgs1"
"GO:0046824","GO:0046824","positive regulation of nucleocytoplasmic transport",45,-0.211037405751484,-0.800019834656695,0.820833333333333,0.93284024577573,0.765548548791333,890,"tags=33%, list=10%, signal=30%","Jup/Xbp1/Mapk14/Ppm1a/Hdac3/Brca1/Ywhae/Ipo5/Prpf4b/Ran/Rbm22/Sirt6/Prkcd/Ncbp2/Prkcq"
"GO:0072666","GO:0072666","establishment of protein localization to vacuole",40,-0.213965266633258,-0.791831415280043,0.820833333333333,0.93284024577573,0.765548548791333,2485,"tags=42%, list=27%, signal=31%","Snx16/Cacng5/Scarb2/Vps41/Ptpn23/Vps53/Sorl1/Vps13d/Ncoa4/Hspa8/Sort1/Gcc2/M6pr/Lamp2/Vps8/Hgs/Gga3"
"GO:1903351","GO:1903351","cellular response to dopamine",28,0.230168173738673,0.770121551521729,0.820952380952381,0.93284024577573,0.765548548791333,2027,"tags=29%, list=22%, signal=22%","Adcy5/Oprm1/Htr7/Drd5/Gnal/Htr2c/Gnas/Htt"
"GO:0001578","GO:0001578","microtubule bundle formation",78,0.19734488198142,0.825867602987324,0.821497120921305,0.933030692271483,0.765704841403179,2783,"tags=41%, list=31%, signal=29%","Spag1/Dnah5/Lrguk/Mtcl1/Ccdc103/Ccdc66/Ccdc88c/Togaram1/Clxn/Cfap206/Cplane2/Ulk4/Ift46/Spast/Map7/Ttll13/Map2/Armc2/Cfap47/Dcx/Dnaaf11/Numa1/Odad2/Lrrc61/Pla2g3/Bbs2/Cfap44/Zmynd10/Cfap43/Ccser2/Mns1/Aaas"
"GO:0015804","GO:0015804","neutral amino acid transport",33,0.219487274416816,0.755335605619583,0.821782178217822,0.933030692271483,0.765704841403179,428,"tags=9%, list=5%, signal=9%","Slc6a6/Slc32a1/Slc43a2"
"GO:0050727","GO:0050727","regulation of inflammatory response",147,-0.181518491007106,-0.851287837131406,0.822649572649573,0.933473442631265,0.766068190751518,1758,"tags=20%, list=19%, signal=16%","Rb1/Fbxl2/Camk2n1/Gpx1/Setd4/Bap1/Ppard/Agt/Abcc1/Ada/Adam8/Sod1/Arel1/Hspa4/Pdcd4/Spata2/Mdk/Mkrn2/Calhm2/Kars1/Park7/Tac1/Snx4/Mcph1/Fxr1/Abhd12/Vps35/Psma1/Tmsb4x"
"GO:0006376","GO:0006376","mRNA splice site recognition",22,0.240750811631945,0.757347980738993,0.822834645669291,0.933473442631265,0.766068190751518,2653,"tags=41%, list=29%, signal=29%","Luc7l/Mbnl1/Sfswap/Celf5/Ptbp2/Celf1/Celf3/Celf2/Setx"
"GO:0051258","GO:0051258","protein polymerization",177,0.182922297572082,0.871278795329634,0.825842696629214,0.936409108398335,0.76847738640736,1298,"tags=16%, list=14%, signal=14%","Fgf13/Tenm1/Fhod3/Svil/Pecam1/Nav3/Prkn/Gas7/Arhgef7/Coro7/Pde4dip/Add3/Spire2/Dbn1/Ambra1/Nck2/Fmn1/Prkce/Lats1/Carmil1/Tbcd/Mtss1/Cdkn1b/Arhgap18/Cracd/Togaram1/Kank4/Grb2/Ube2k"
"GO:0006865","GO:0006865","amino acid transport",110,-0.1861742036696,-0.83337527344424,0.826086956521739,0.936409108398335,0.76847738640736,1553,"tags=19%, list=17%, signal=16%","Agt/Arg2/Rgs2/Slc36a1/Slc17a6/Nf1/Slc36a4/Slc1a2/Lrrc8b/Slc6a4/Slc38a7/Cln8/Slc6a17/Nherf1/Prkcd/Arl6ip1/Pianp/Slc25a22/Slc25a13/Sv2a/Cck"
"GO:0051054","GO:0051054","positive regulation of DNA metabolic process",199,-0.177437303033168,-0.867791294293257,0.827368421052632,0.936516371161502,0.768565413111882,2354,"tags=29%, list=26%, signal=22%","Terf2/Nfrkb/Rac1/Ptk2b/Atf1/Mcrs1/Tnfaip1/Helq/Hras/Mrgbp/Brca1/Mad2l2/Map3k4/Tnks2/Tnks/Phf10/Rfc4/Brcc3dc/Polg2/Rad51ap1/Mapk8/Slf2/Mlh1/Ccna2/Wrn/Msh2/Uchl5/Faf1/Dbf4/Crhr2/Uimc1/Pcna/Slx4/Cct4/Akt1/Ctc1/Ruvbl1/Oga/Pot1b/Ctnnb1/Nvl/Sirt6/Prkcd/Cacybp/Rfc5/Hdac10/Yeats4/Smarcb1/Prkcq/Ptges3/Terf2ip/Ube2b/Smarca5/Smarcd1/Smarcc2/Cct8/Hnrnpa2b1"
"GO:0060491","GO:0060491","regulation of cell projection assembly",145,-0.183394245767087,-0.85482937918455,0.827510917030568,0.936516371161502,0.768565413111882,2486,"tags=32%, list=27%, signal=24%","Eps8/Nckap1/Fam98a/Wrap73/Actr3/Rab11a/Dmtn/Rac1/Arhgap24/Cep97/Cdkl5/Def8/Gdi2/Hras/Cyld/Ift88/Ift140/Ift20/Podxl/Plce1/Atg5/Myo10/Tmem67/Cdkl1/Pld1/Arf4/Rab5a/Trpm2/Akt1/Bbs4/Intu/Atmin/Cyfip1/Tbc1d7/Prkcd/Rala/Trim32/Ppp1r16b/Bin3/Cttn/Dync2li1/Prkcq/Odf2/Fscn1/Kit/Pfn2/Nrp1"
"GO:0001825","GO:0001825","blastocyst formation",36,0.218152352972802,0.773007408770699,0.826848249027237,0.936516371161502,0.768565413111882,1167,"tags=19%, list=13%, signal=17%","Esrrb/Cnot2/Matr3/Pbrm1/Lats1/Ctr9/Tjp1"
"GO:0006884","GO:0006884","cell volume homeostasis",22,0.237060125915752,0.745737912404211,0.826771653543307,0.936516371161502,0.768565413111882,1565,"tags=27%, list=17%, signal=23%","Wnk1/Fshr/Slc12a1/Kcnma1/Aqp1/Abcb8"
"GO:0032872","GO:0032872","regulation of stress-activated MAPK cascade",22,-0.236592985336457,-0.757797357624266,0.827935222672065,0.936620416495335,0.76865079938749,1845,"tags=32%, list=20%, signal=25%","Map2k1/Klhdc10/Eif2ak2/Prdx1/Crhr2/Map2k2/Nbr1"
"GO:0008088","GO:0008088","axo-dendritic transport",70,0.200631869868531,0.813523623416058,0.828740157480315,0.936778886393713,0.768780849952183,2486,"tags=36%, list=27%, signal=26%","Agbl4/Dlg2/Dst/Ap3d1/Ank3/Borcs5/Kif5c/Kif1b/Madd/Spast/Map1a/Flot2/Map2/Kif5b/Bsn/App/Kifap3/Arl8a/Htt/Hnrnpu/Fez1/Stau2/Ap3s2/Kif1a/Kif21a"
"GO:0043173","GO:0043173","nucleotide salvage",22,0.235311794815959,0.740238055439594,0.828740157480315,0.936778886393713,0.768780849952183,728,"tags=14%, list=8%, signal=13%","Adk/Adsl/Ampd2"
"GO:0006879","GO:0006879","intracellular iron ion homeostasis",35,-0.221820043672138,-0.797302550515578,0.829918032786885,0.937734168561926,0.769564815782209,2429,"tags=34%, list=27%, signal=25%","Ireb2/Sco1/Ncoa4/Neo1/Abcb7/Frrs1/Sod1/Nubp1/Atp6v1g1/Cisd1/Atp6v1a/Cp"
"GO:0055088","GO:0055088","lipid homeostasis",87,-0.19236784646268,-0.821892442026859,0.830472103004292,0.93778032620815,0.769602695707783,2561,"tags=31%, list=28%, signal=22%","Xbp1/Sar1b/Washc5/Acox1/Med13/Got1/Cyp39a1/Pnpla8/Bloc1s6/Nus1/Map2k1/Pnpla2/Dgat2/Lyst/Abca3/Etnppl/Slc37a4/Soat1/Cln8/Errfi1/Tmem97/Ddx3x/Fitm2/Abca5/Nr5a2/Abcb11/Npc1"
"GO:0046839","GO:0046839","phospholipid dephosphorylation",31,-0.220132406487627,-0.769477942421519,0.830957230142566,0.93778032620815,0.769602695707783,2235,"tags=32%, list=25%, signal=24%","Plpp3/Plpp4/Inpp5k/Mtmr4/Sacm1l/Synj1/Mtmr10/Mtmr6/Sgpp1/Mtmr9"
"GO:1902807","GO:1902807","negative regulation of cell cycle G1/S phase transition",36,0.216147460204787,0.765903213274536,0.830739299610895,0.93778032620815,0.769602695707783,2920,"tags=42%, list=32%, signal=28%","Bcl2/Ezh2/Gigyf2/Myo16/Cdk2ap2/Apbb1/Acvr1/Sox2/Ctdspl/Cdc73/Wac/Ptprv/Jade1/Rbl1/Dgkz"
"GO:0010569","GO:0010569","regulation of double-strand break repair via homologous recombination",51,0.210867985166706,0.808367548698876,0.831349206349206,0.937847103079289,0.769657497092076,1401,"tags=20%, list=15%, signal=17%","Smchd1/Crebbp/Ep400/Radx/Meaf6/Vps72/Peli1/Arid2/Shld2/Rnf8"
"GO:0018198","GO:0018198","peptidyl-cysteine modification",26,0.233287752093966,0.76208804957526,0.832684824902724,0.938977925800671,0.770585522761224,1009,"tags=19%, list=11%, signal=17%","Rab3b/Dmd/Zdhhc8/Zdhhc14/Atp2b4"
"GO:0045931","GO:0045931","positive regulation of mitotic cell cycle",83,0.192202175716598,0.812814341186003,0.833333333333333,0.939333333333333,0.770877192982456,2095,"tags=29%, list=23%, signal=22%","Smoc2/Tfdp1/Egfr/Crebbp/Plcb1/Cul4a/Prkca/Mta3/Ddr2/Ube2e2/Fgfr1/Rad51c/Hes1/Usp2/Hsf1/Ankrd17/Kmt2e/Mad1l1/Rad51b/Ccnd2/Usp22/App/Abl1/Lsm11"
"GO:0062197","GO:0062197","cellular response to chemical stress",183,-0.179232917708206,-0.865330668075099,0.834051724137931,0.939391590176135,0.770925002284924,1744,"tags=21%, list=19%, signal=17%","Mapk8/Prdx3/Plekha1/Lrrc8c/Adprs/Atg5/Prdx1/Cygb/Map1lc3a/Pik3ca/Sod1/Vkorc1l1/Sod2/Atp2a2/Chchd4/Pcna/Prr5l/Letm1/Trpm2/Akt1/Cat/Stk24/Stk26/Pex10/Sirt6/Prkcd/Net1/Pdgfra/Ddx3x/Rad52/Prkg2/Bnip3/Park7/Rhob/Pla2r1/Rnf146/Fos/Coq7"
"GO:0051170","GO:0051170","import into nucleus",126,-0.184529634461672,-0.842666813553252,0.834051724137931,0.939391590176135,0.770925002284924,1610,"tags=19%, list=18%, signal=16%","Sec13/Agt/Nup35/Nup88/Sumo1/Ipo5/Nf1/Nolc1/Akt1/Nup107/Akap1/Nup214/Ran/Rbm22/Sirt6/Prkcd/Ppp3r1/Tsc2/Prkcq/Angpt1/Hikeshi/Nup133/Abra/Ddx5"
"GO:0051056","GO:0051056","regulation of small GTPase mediated signal transduction",167,0.181202404189661,0.857517240195485,0.835538752362949,0.940156738581503,0.771552932151792,2099,"tags=27%, list=23%, signal=21%","Robo1/Auts2/Stard13/Akap13/Stmn3/Tgfb2/Igf1/Cdc42bpa/Grin2b/Rap1gap/Rasgef1a/Cdh2/Ripor2/Dlc1/Rapgef1/Cdon/Reln/Madd/Adcyap1r1/Iqsec1/Arfgef2/Arhgef3/Itpkb/Lztr1/Arhgap18/Nup62/Dennd1a/Dab2ip/Mapkap1/Map4k4/Psd/Tns3/Dgki/Garnl3/Bcl6/Rgl2/Agrn/Rap1gap2/Psd2/Git1/Gbf1/Abl1/Myo9b/Heg1/Fbxo8"
"GO:0044706","GO:0044706","multi-multicellular organism process",97,-0.192078529914455,-0.833816321130041,0.835140997830803,0.940156738581503,0.771552932151792,1603,"tags=30%, list=18%, signal=25%","Ints1/Bmal1/Polr1b/Bsg/Ptn/H3f3b/Reck/Stx2/Prdx3/Rxfp1/Hspe1-rs1/Ppard/Rgs2/Sod1/Exoc1/Akt1/Ctsb/Arhgdib/Slc6a4/Ago2/Errfi1/Itga3/Ube2a/Prl5a1/Adra2a/C1qbp/Dcaf13/Comt/Fos"
"GO:0009953","GO:0009953","dorsal/ventral pattern formation",46,-0.20887406580023,-0.795349819423529,0.835758835758836,0.940156738581503,0.771552932151792,2813,"tags=46%, list=31%, signal=32%","Lrp4/Psen2/Bmpr1b/Dync2h1/Fbxl15/Ift122/Ift52/Tctn1/Ift88/Map3k4/Disp1/Nbl1/Tbc1d32/Mapk8/Wdr19/Ift172/Intu/Ctnnb1/Ttc21b/Aida/Hhip"
"GO:0071622","GO:0071622","regulation of granulocyte chemotaxis",21,-0.240959009845148,-0.753478094032721,0.836065573770492,0.940156738581503,0.771552932151792,2499,"tags=38%, list=28%, signal=28%","Dysf/Mcu/Dpp4/Rac1/Rarres2/Mpp1/Mdk/C1qbp"
"GO:0015837","GO:0015837","amine transport",70,-0.194363195887085,-0.806893422861781,0.838056680161943,0.942019834342384,0.773081908053572,2385,"tags=37%, list=26%, signal=28%","Chrna7/Itgb1/Grm2/Arl6ip5/Sdhd/Sncg/Rab3gap1/Per2/Ptger3/Myo5a/Flvcr1/Grk2/Tor1a/Agt/Arg2/Rgs2/Crhr2/Chrna4/Rab3a/Prkcb/Stx1a/Arl6ip1/Npy2r/Sv2a/Cck/Ptgs1"
"GO:0060135","GO:0060135","maternal process involved in female pregnancy",36,0.214534803343973,0.760188877929414,0.83852140077821,0.942166390507574,0.773202181444526,1507,"tags=19%, list=17%, signal=16%","Csmd1/Dedd/Bmpr2/Stox2/Nr2f2/Cnr1/Mtor"
"GO:0009132","GO:0009132","nucleoside diphosphate metabolic process",88,0.19123132400801,0.817975807209317,0.839622641509434,0.94227662436224,0.773292646417333,2017,"tags=26%, list=22%, signal=21%","Arnt/Hdac4/Igf1/Ppargc1a/Esrrb/Ppara/Ogdh/Cmpk2/Ep300/Pfkl/Bcl2l13/Guk1/Nt5e/Pals2/Enpp1/Fkrp/Mtor/Eno4/Mtch2/Ncor1/Lipa/App/Git1"
"GO:0002637","GO:0002637","regulation of immunoglobulin production",33,-0.215358536538319,-0.77063556422229,0.839034205231388,0.94227662436224,0.773292646417333,2561,"tags=30%, list=28%, signal=22%","Xbp1/Dnajb9/Phb1/Slc15a4/Mad2l2/Mlh1/Msh2/Traf6/Gpi1/Supt6"
"GO:0001893","GO:0001893","maternal placenta development",24,0.240494896814852,0.76748758803861,0.839357429718876,0.94227662436224,0.773292646417333,607,"tags=12%, list=7%, signal=12%","Dedd/Bmpr2/Stox2"
"GO:0032886","GO:0032886","regulation of microtubule-based process",173,-0.179015843962955,-0.853379705452616,0.840958605664488,0.942649701973957,0.773598817838999,1884,"tags=24%, list=21%, signal=19%","Trim37/Mkks/Tppp/Cfap20/Mapt/Mapk8/Gen1/Ckap5/Cep192/Chmp7/Tmem67/Cdk5r1/Chordc1/Ccsap/Ska2/Kif9/Spag6l/Bbs4/Nubp1/Chmp4b/Chmp2a/Chmp3/Vps4b/Rae1/Sgk1/Azin1/Dync1li1/Spice1/Slain2/Slc39a12/Ttc21b/Apc2/Chmp1b2/Stmn1/Ccnl2/Nat10/Cltc/Tac1/Cfap69/Mcph1/Ccnf"
"GO:0007160","GO:0007160","cell-matrix adhesion",124,-0.182066379929902,-0.831604097500702,0.84051724137931,0.942649701973957,0.773598817838999,1261,"tags=17%, list=14%, signal=15%","Mmp14/Agt/Adam8/Epb41l5/Nf1/Fermt2/Coro2b/Itga6/Ctnnb1/Npnt/Ccn2/Itga3/Gp5/Cttn/Gpm6b/Itgax/Nid1/Sema3e/Itgav/Nrp1/Lrp1"
"GO:1902106","GO:1902106","negative regulation of leukocyte differentiation",41,-0.212644824907358,-0.784827239477238,0.840670859538784,0.942649701973957,0.773598817838999,854,"tags=15%, list=9%, signal=13%","Ctnnb1/Nme1/Mdk/Prdm16/Fbxo7/Id2"
"GO:0043247","GO:0043247","telomere maintenance in response to DNA damage",22,-0.231997139559462,-0.743077057354573,0.842105263157895,0.94318467073885,0.774037847526523,2354,"tags=41%, list=26%, signal=30%","Actr8/Terf2/Nfrkb/Mcrs1/Mad2l2/Uchl5/Ruvbl1/Pot1b/Terf2ip"
"GO:0044786","GO:0044786","cell cycle DNA replication",22,-0.231598339902787,-0.741799718867045,0.842105263157895,0.94318467073885,0.774037847526523,1749,"tags=23%, list=19%, signal=18%","Recql5/Dbf4/Pcna/Zmpste24/Brca2"
"GO:0006066","GO:0006066","alcohol metabolic process",183,-0.178557825768272,-0.862071346255956,0.842672413793103,0.943444919375831,0.774251424253371,1860,"tags=21%, list=21%, signal=17%","Nus1/Por/Sdr16c5/Hsd17b7/Sqle/Pnpla2/Dgat2/Mogat1/Fdx1/Erlin1/Cyp46a1/Sod1/Coq2/Pon1/Sptssa/Cat/Soat1/Impa1/Cln8/Errfi1/Nudt3/Asah1/Dpagt1/Gpr146/Dhcr24/Msmo1/Acadl/Cbr4/Pgp/Sgpp1/Abca5/Npc1/Park7/Idi2/Scp2/Idh3a/Pecr/Lrp1"
"GO:0002534","GO:0002534","cytokine production involved in inflammatory response",27,0.230179194490136,0.761161476856575,0.843023255813954,0.943462881208785,0.774266164885772,741,"tags=11%, list=8%, signal=10%","Rap1gds1/Ezh2/Ppara"
"GO:0001895","GO:0001895","retina homeostasis",36,0.213343284328568,0.755966814705948,0.844357976653696,0.944581491945263,0.77518416861669,2481,"tags=36%, list=27%, signal=26%","Esrrb/Cdh23/Ush2a/Tub/Ccdc66/Cep290/Elp6/Ercc6/Map1a/Mak/Cib2/Spata7/Bbs2"
"GO:1903050","GO:1903050","regulation of proteolysis involved in protein catabolic process",159,-0.177559799499257,-0.844730896018274,0.84504132231405,0.944595972344701,0.775196052161409,1834,"tags=21%, list=20%, signal=17%","Rbx1/Zer1/Mapk8/Csnk1e/Gpx1/Bag2/Aqp11/Tmem67/Uchl5/Anks1/Usp14/Sumo1/Rpl23/Rpl5/Akt1/Usp5/Paqr3/Fzr1/Sirt6/Osbpl7/Stub1/Eif2a/Pabir1/Traf7/Ogt/Ophn1/Bag5/Park7/Ufsp2/Zyg11b/Atxn3/Gabarapl2/Taf9/Psme3"
"GO:0071675","GO:0071675","regulation of mononuclear cell migration",55,-0.201946755340349,-0.797269503399763,0.844897959183673,0.944595972344701,0.775196052161409,2699,"tags=36%, list=30%, signal=26%","Wasl/Nedd9/Med23/Hmgb1/Msn/Abr/Ptk2b/Rarres2/Crkl/Mif/Nbl1/Spns2/Mmp14/P2rx4/Adam8/Akt1/Pla2g7/Mdk/Cxcl14/C1qbp"
"GO:0040029","GO:0040029","epigenetic regulation of gene expression",166,0.180170352085942,0.852368094324113,0.850094876660342,0.944624354270048,0.775219344190092,2005,"tags=26%, list=22%, signal=21%","Ehmt1/Ncor2/Arid4a/Tet2/Hdac4/Baz1a/Ezh2/Kdm2a/Cdyl/Smchd1/Tdrd9/Arid4b/Atf7ip/Ep300/Gsk3b/Vps72/Tut4/Mtf2/Scmh1/Ctr9/Nrde2/Spen/a/Msl2/Tdrd12/Lcor/Rnf8/Atad2b/Dnmt3a/Hdac1/Glmn/Kmt2a/Zfp335/Pphln1/Kmt2e/Tet3/Gnas/Atf2/Bcl6/Epc1/App/Kdm1b/Sirt2"
"GO:0043467","GO:0043467","regulation of generation of precursor metabolites and energy",87,-0.189104845393871,-0.807951256084953,0.847639484978541,0.944624354270048,0.775219344190092,1425,"tags=20%, list=16%, signal=17%","Pik3ca/Ppp2ca/Macroh2a1/Chchd4/Uqcc2/Mfn2/Akt1/Irs2/Insr/Cox7a2/Sirt6/Prdm16/Gfpt1/Ogt/Cisd1/Prkag2/Park7"
"GO:1903052","GO:1903052","positive regulation of proteolysis involved in protein catabolic process",89,-0.187054337250943,-0.801957861844319,0.849462365591398,0.944624354270048,0.775219344190092,1834,"tags=21%, list=20%, signal=17%","Rbx1/Zer1/Mapk8/Csnk1e/Bag2/Tmem67/Sumo1/Akt1/Usp5/Paqr3/Fzr1/Sirt6/Osbpl7/Stub1/Eif2a/Pabir1/Traf7/Zyg11b/Atxn3"
"GO:0050728","GO:0050728","negative regulation of inflammatory response",64,0.200610721264281,0.801555385052959,0.845691382765531,0.944624354270048,0.775219344190092,2647,"tags=39%, list=29%, signal=28%","Lrfn5/Rora/Ets1/Arnt/Igf1/Smpdl3b/Ppara/Uaca/Nt5e/Grn/Lpcat3/Mfhas1/Fem1a/Aoah/Tyro3/Git1/Cd276/Socs5/Apoa1/Npy/Nr1d2/Hgf/Stat3/Tafa3/Ahr"
"GO:0006893","GO:0006893","Golgi to plasma membrane transport",51,-0.203339958002679,-0.792772812355842,0.849397590361446,0.944624354270048,0.775219344190092,1162,"tags=14%, list=13%, signal=12%","Exoc1/Nsf/Vamp2/Chic2/Gga2/Pkdcc/Gga3"
"GO:0001738","GO:0001738","morphogenesis of a polarized epithelium",42,-0.21327034497107,-0.792421888323611,0.849576271186441,0.944624354270048,0.775219344190092,1072,"tags=17%, list=12%, signal=15%","Spag6l/Intu/Nherf1/Dlg5/Ophn1/Wdr1/Ahi1"
"GO:0019724","GO:0019724","B cell mediated immunity",45,0.210065278099899,0.789191154855107,0.848659003831418,0.944624354270048,0.775219344190092,2649,"tags=38%, list=29%, signal=27%","Irf7/C8b/Kmt5b/Atad5/Cd74/Shld2/Rnf8/Swap70/Enpp1/Bcl6/Pms2/Tfrc/Nbn/Fas/Cd81/Fcer1g/Susd4"
"GO:0072091","GO:0072091","regulation of stem cell proliferation",47,0.205906268041771,0.7821434928458,0.849420849420849,0.944624354270048,0.775219344190092,1192,"tags=15%, list=13%, signal=13%","Rarb/Sox11/Wnt11/Vegfc/Cebpa/Fgf9/Fgfr1"
"GO:0001906","GO:0001906","cell killing",45,-0.206096780284041,-0.781290461276228,0.85,0.944624354270048,0.775219344190092,3140,"tags=49%, list=35%, signal=32%","Ebag9/Rab27a/Gfer/Cebpg/Gfus/Hmgn2-ps/Hprt1/Arl8b/Ppp3cb/Rnf19b/Hspa8/Pik3r6/Prdx1/Tusc2/Gapdh/Lyst/Rpl30/Oga/Stx7/Cxcl14/Tac1/Cd226"
"GO:0008652","GO:0008652","amino acid biosynthetic process",39,0.211394618545185,0.770909341871302,0.848368522072937,0.944624354270048,0.775219344190092,3014,"tags=54%, list=33%, signal=36%","Hao1/Gls/Dpyd/Gad2/Atp2b4/Aldh18a1/Slc38a1/Plod2/Bcat1/Phgdh/Mtrr/Mthfd1/Ilvbl/Slc25a12/Cbs/Upb1/Aass/Mthfd2l/Mthfr/Pcbd1/Gad1"
"GO:0034389","GO:0034389","lipid droplet organization",23,0.235674910201443,0.752668775545428,0.845849802371542,0.944624354270048,0.775219344190092,2107,"tags=30%, list=23%, signal=23%","Clstn3/Ldah/Rnf213/Negr1/Ddhd2/Ptgfrn/Zfyve1"
"GO:1901797","GO:1901797","negative regulation of signal transduction by p53 class mediator",25,-0.226447564594359,-0.746608719618132,0.849593495934959,0.944624354270048,0.775219344190092,2056,"tags=28%, list=23%, signal=22%","Armc10/Mif/Hapstr1/Rrm2b/Rrn3/Mdm4/Dyrk3"
"GO:0002204","GO:0002204","somatic recombination of immunoglobulin genes involved in immune response",30,0.220339570717333,0.744402200319327,0.848543689320388,0.944624354270048,0.775219344190092,2197,"tags=30%, list=24%, signal=23%","Kmt5b/Atad5/Shld2/Rnf8/Swap70/Bcl6/Pms2/Tfrc/Nbn"
"GO:0002208","GO:0002208","somatic diversification of immunoglobulins involved in immune response",30,0.220339570717333,0.744402200319327,0.848543689320388,0.944624354270048,0.775219344190092,2197,"tags=30%, list=24%, signal=23%","Kmt5b/Atad5/Shld2/Rnf8/Swap70/Bcl6/Pms2/Tfrc/Nbn"
"GO:0045190","GO:0045190","isotype switching",30,0.220339570717333,0.744402200319327,0.848543689320388,0.944624354270048,0.775219344190092,2197,"tags=30%, list=24%, signal=23%","Kmt5b/Atad5/Shld2/Rnf8/Swap70/Bcl6/Pms2/Tfrc/Nbn"
"GO:0002449","GO:0002449","lymphocyte mediated immunity",93,0.184983326699912,0.803389737121874,0.851576994434137,0.945656529230276,0.776066413178035,2722,"tags=34%, list=30%, signal=24%","B2m/Irf7/Cadm1/Ephb6/Dusp22/C8b/Fbxo38/Kmt5b/Map3k7/Atad5/Cd74/Grb2/Shld2/Rnf8/Swap70/Enpp1/Dennd1b/Kif5b/Bcl6/Pms2/Klhl22/Tfrc/Ctsh/Nbn/Fas/Ctsc/Cd81/Fcer1g/Ahr/Susd4/Ap1g1/Plekhm2"
"GO:0035194","GO:0035194","regulatory ncRNA-mediated post-transcriptional gene silencing",42,-0.21235869386105,-0.789034580565505,0.851694915254237,0.945656529230276,0.776066413178035,2590,"tags=38%, list=29%, signal=27%","Cnot6/Eif4enif1/Cnot8/Tsn/Lin28b/Eif6/Piwil1/Tsnax/Cnot7/Gtsf1/Ago2/Ncbp2/Dgcr8/Ago1/Zmpste24/Fxr1"
"GO:0051952","GO:0051952","regulation of amine transport",68,-0.190870721420577,-0.788080824881768,0.852459016393443,0.946132141865585,0.776456731417837,2764,"tags=37%, list=30%, signal=26%","Chrna7/Itgb1/Grm2/Arl6ip5/Sdhd/Sncg/Rab3gap1/Per2/Ptger3/Myo5a/Grk2/Tor1a/Agt/Arg2/Rgs2/Crhr2/Chrna4/Rab3a/Prkcb/Stx1a/Arl6ip1/Npy2r/Sv2a/Cck/Ptgs1"
"GO:0002718","GO:0002718","regulation of cytokine production involved in immune response",43,-0.213332227381387,-0.79727152430155,0.854122621564482,0.947328696442006,0.777438700864027,313,"tags=33%, list=3%, signal=32%","Sema7a/Mapkapk2/Gprc5b/Atg9a/Cuedc2/Rabgef1/Mif/Atg5/Tril/Traf6/Angpt1/Cd226/Kit/Ddx1"
"GO:0032640","GO:0032640","tumor necrosis factor production",62,-0.196346785226082,-0.793980434553672,0.854209445585216,0.947328696442006,0.777438700864027,857,"tags=26%, list=9%, signal=24%","Mapkapk2/Cactin/Hmgb1/Mapk14/Hdac3/Mif/Setd4/Arg2/Azi2/Errfi1/Cyba/Akap12/Gpr18/Angpt1/Gstp3/Fxr1"
"GO:0009303","GO:0009303","rRNA transcription",24,-0.23156817699509,-0.754882703126631,0.85515873015873,0.948008379853384,0.777996492674119,1867,"tags=33%, list=21%, signal=27%","Polr1b/Polr2e/Macroh2a2/Ercc3/Polr1f/Macroh2a1/Ubtf/Smarcb1"
"GO:0014046","GO:0014046","dopamine secretion",25,-0.225056246281912,-0.742021474947615,0.855691056910569,0.948225481075102,0.778174659864032,1369,"tags=20%, list=15%, signal=17%","Chrna4/Rab3a/Prkcb/Npy2r/Comt"
"GO:0051926","GO:0051926","negative regulation of calcium ion transport",39,0.209879645648416,0.765384571341007,0.856046065259117,0.948245995243786,0.778191495106869,1919,"tags=23%, list=21%, signal=18%","Bcl2/Tgfb2/Ppp3ca/Prkce/Pawr/Hes1/Usp2/Tmbim6/Fmr1"
"GO:0034391","GO:0034391","regulation of smooth muscle cell apoptotic process",23,-0.227653434864068,-0.733604202761988,0.856854838709677,0.948396282593822,0.778314830547468,1584,"tags=26%, list=17%, signal=22%","Gapdh/Sod2/Mfn2/Pdcd4/Stub1/Arrb1"
"GO:0035020","GO:0035020","regulation of Rac protein signal transduction",23,-0.227575340042095,-0.733352545282506,0.856854838709677,0.948396282593822,0.778314830547468,3151,"tags=52%, list=35%, signal=34%","Dock2/Arhgap44/Lrp4/Ssx2ip/Arhgap24/Crkl/Pik3cg/Nf1/Dynlt1c/Kras/Ogt/Rasgrf1"
"GO:0043244","GO:0043244","regulation of protein-containing complex disassembly",90,0.187240538078565,0.806325847693907,0.857407407407407,0.948635286248164,0.778510972278666,1799,"tags=21%, list=20%, signal=17%","Fgf13/Svil/Igf1r/Nav3/Taok1/Add3/Wnk1/Carmil1/Atxn7/Ttbk2/Ccdc88c/Cracd/Eml4/Swap70/Asph/Spast/Map1a/Map2/Katnb1"
"GO:0002367","GO:0002367","cytokine production involved in immune response",49,-0.205159021862803,-0.791963112913009,0.858585858585859,0.948821548821549,0.77866383129541,2086,"tags=35%, list=23%, signal=27%","Ddx21/Psen2/Sema7a/Mapkapk2/Gprc5b/Atg9a/Cuedc2/Rabgef1/Mif/Atg5/Tril/Traf6/Dlg1/Angpt1/Cd226/Kit/Ddx1"
"GO:0000041","GO:0000041","transition metal ion transport",56,0.19880115855086,0.779405212533363,0.858527131782946,0.948821548821549,0.77866383129541,1147,"tags=16%, list=13%, signal=14%","B2m/Pik3c2a/Nectin1/Ryr2/Ap3d1/Slc30a3/Slc30a4/Tcn2/Abcb6"
"GO:1903524","GO:1903524","positive regulation of blood circulation",22,0.22979757001492,0.722891542710938,0.858267716535433,0.948821548821549,0.77866383129541,2070,"tags=36%, list=23%, signal=28%","Tgfb2/Ryr2/Hey2/Adrb1/Edn3/Atp1a1/Ptpn1/Apln"
"GO:0051693","GO:0051693","actin filament capping",26,0.228679401751043,0.747033814223963,0.859922178988327,0.949223986013284,0.7789940970719,1213,"tags=15%, list=13%, signal=13%","Svil/Add3/Carmil1/Cracd"
"GO:1905508","GO:1905508","protein localization to microtubule organizing center",28,-0.218528505970883,-0.738161355657956,0.859538784067086,0.949223986013284,0.7789940970719,2376,"tags=32%, list=26%, signal=24%","Rab11a/Pcm1/Bicd1/Cep350/Cep192/Nudcd3/Bbs4/Mcph1/Ubxn2b"
"GO:0032760","GO:0032760","positive regulation of tumor necrosis factor production",34,0.212134620326513,0.73655396182687,0.859960552268245,0.949223986013284,0.7789940970719,2585,"tags=32%, list=29%, signal=23%","Ripk1/Arfgef2/Cybb/Ifih1/C1qtnf4/Wnt5a/App/Ephb2/Stat3/Zbtb20/Fcer1g"
"GO:0046850","GO:0046850","regulation of bone remodeling",26,0.226792846282306,0.740870947272394,0.861867704280156,0.950956613414831,0.780416002268269,807,"tags=15%, list=9%, signal=14%","Egfr/Ubash3b/Fshr/Prkca"
"GO:0016126","GO:0016126","sterol biosynthetic process",42,-0.208434158464168,-0.7744526763143,0.86228813559322,0.951048127632757,0.780491104706275,2090,"tags=29%, list=23%, signal=22%","Cyb5r2/Fdft1/Por/Hsd17b7/Sqle/Erlin1/Sod1/Gpr146/Dhcr24/Msmo1/Idi2/Scp2"
"GO:0050864","GO:0050864","regulation of B cell activation",57,0.197778805256779,0.775615177680335,0.862745098039216,0.951179845960293,0.78059920121578,1335,"tags=18%, list=15%, signal=15%","Bcl2/Tcf3/Rc3h1/Tnfrsf21/Peli1/Kmt5b/Atad5/Cd74/Pawr/Shld2"
"GO:0001947","GO:0001947","heart looping",35,0.214583496720706,0.7536323237136,0.863813229571984,0.951612854157096,0.780954555520205,2011,"tags=20%, list=22%, signal=16%","Arl13b/Kdm2a/Ccdc103/Rnf207/Wnt5a/Sufu/Ift57"
"GO:0061371","GO:0061371","determination of heart left/right asymmetry",35,0.214583496720706,0.7536323237136,0.863813229571984,0.951612854157096,0.780954555520205,2011,"tags=20%, list=22%, signal=16%","Arl13b/Kdm2a/Ccdc103/Rnf207/Wnt5a/Sufu/Ift57"
"GO:0030832","GO:0030832","regulation of actin filament length",100,-0.186719125209479,-0.823068461947942,0.866807610993658,0.953792990152334,0.782743714976907,2825,"tags=40%, list=31%, signal=28%","Mlst8/Baiap2/Twf1/Cdc42ep4/Sema5a/Snx9/Eps8/Nckap1/Specc1l/Actr3/Dmtn/Hip1r/Rac1/Ptk2b/Mtpn/Cit/Washc1/Dbnl/Actn2/Sptan1/Shroom2/Mkks/Arhgap40/Plekhh2/Pik3ca/Gsn/Bin1/Ssh1/Bbs4/Cyfip1/Prkcd/Dlg1/Arpc3/Cttn/Capza1b/Cfl2/Wdr1/Arpc5/Dstn/Pfn2"
"GO:0033013","GO:0033013","tetrapyrrole metabolic process",35,-0.213961514754361,-0.769056116849266,0.866803278688525,0.953792990152334,0.782743714976907,2509,"tags=43%, list=28%, signal=31%","Cox15/Ireb2/Slc6a9/Cyb5r4/Blvra/Mtr/Abcb7/Tmem14c/Srrd/Uros/Hmox2/Cpox/Alas1/Snx3/Mmaa"
"GO:0046685","GO:0046685","response to arsenic-containing substance",22,0.227692523499925,0.71626953916841,0.866141732283465,0.953792990152334,0.782743714976907,1833,"tags=23%, list=20%, signal=18%","Gria1/Nefh/Hsf1/Dhx36/Ppif"
"GO:0051261","GO:0051261","protein depolymerization",83,0.186339733286239,0.788022336287997,0.867816091954023,0.954317035937103,0.783173780566216,1799,"tags=23%, list=20%, signal=19%","Fgf13/Svil/Stmn3/Nav3/Taok1/Mical3/Add3/Carmil1/Atxn7/Ttbk2/Ccdc88c/Cracd/Eml4/Swap70/Asph/Spast/Map1a/Map2/Katnb1"
"GO:0032410","GO:0032410","negative regulation of transporter activity",30,0.216021333509511,0.729813330655387,0.867961165048544,0.954317035937103,0.783173780566216,2633,"tags=37%, list=29%, signal=26%","Kcne2/Ank3/Kcne4/Cttnbp2nl/Ndfip2/Ppif/Fmr1/Agrn/Stk39/Ephb2/Cbarp"
"GO:1900182","GO:1900182","positive regulation of protein localization to nucleus",61,-0.195371236653935,-0.789524564474286,0.869653767820774,0.954688086372786,0.783478288357181,2677,"tags=38%, list=30%, signal=27%","Tyk2/Cd2ap/Jup/Lamtor5/Xbp1/Ppp3cb/Hnrnpm/Mapk14/Mcrs1/Hdac3/Jak1/Brca1/Stk11/Larp7/Ipo5/Akt1/Fermt2/Ran/Rbm22/Prkcd/Ogt/Prkcq/Park7"
"GO:1902750","GO:1902750","negative regulation of cell cycle G2/M phase transition",45,-0.203424263937108,-0.771159242697337,0.86875,0.954688086372786,0.783478288357181,2473,"tags=29%, list=27%, signal=21%","Mbtps2/Nabp1/Miip/Brca1/Brcc3dc/Zfyve19/Macroh2a1/Uimc1/Mbd4/Fzr1/Rint1/Pabir1/Syf2"
"GO:1903055","GO:1903055","positive regulation of extracellular matrix organization",21,0.224400904059091,0.702777308460614,0.869649805447471,0.954688086372786,0.783478288357181,943,"tags=14%, list=10%, signal=13%","Tgfb2/Colgalt1/Ddr2"
"GO:0001937","GO:0001937","negative regulation of endothelial cell proliferation",21,0.223707159184077,0.700604642721745,0.869649805447471,0.954688086372786,0.783478288357181,52,"tags=5%, list=1%, signal=5%","Ptprm"
"GO:0006641","GO:0006641","triglyceride metabolic process",54,-0.195802875909756,-0.771521104320483,0.870182555780933,0.954813148990691,0.78358092276439,1948,"tags=26%, list=21%, signal=20%","Pik3cg/Sel1l/Ccnc/Pnpla2/Dgat2/Mogat1/Gpx1/Cnep1r1/Lpin2/Slc37a4/Cat/Dbi/Acsl1/Fitm2"
"GO:0051894","GO:0051894","positive regulation of focal adhesion assembly",22,-0.225047182432191,-0.720816637675784,0.870445344129555,0.954813148990691,0.78358092276439,2599,"tags=32%, list=29%, signal=23%","Sdc4/Poldip2/Rac1/Iqgap1/Epb41l5/Fermt2/Nrp1"
"GO:0001818","GO:0001818","negative regulation of cytokine production",113,0.181463436131234,0.814226533149279,0.871268656716418,0.955344387014345,0.78401689076632,741,"tags=12%, list=8%, signal=11%","Nav3/Laptm4b/Qki/Tgfb2/Wnt11/Ezh2/Igf1/Akap8/Ptprs/Crebbp/Tnfrsf21/Traip/Ppara"
"GO:0006612","GO:0006612","protein targeting to membrane",78,-0.190716036850342,-0.801193731146052,0.873180873180873,0.956357390774259,0.784848226637424,2716,"tags=35%, list=30%, signal=24%","Zdhhc7/Zdhhc9/Cacnb3/Golga7b/Sec61a1/Actr3/Dmtn/Srp9/Hras/Zdhhc1/Rabgef1/Inpp5k/Srp72/Sec61b/Zdhhc15/Aqp11/Cdk5r1/Micall1/Oga/Zdhhc22/Sec61g/Get4/Chmp4b/Arl6ip1/Ogt/Srp68/Srp54c"
"GO:0016073","GO:0016073","snRNA metabolic process",37,-0.210186770576101,-0.76287233367575,0.87321063394683,0.956357390774259,0.784848226637424,2835,"tags=32%, list=31%, signal=22%","Ints8/Ice1/Dkc1/Ints1/Ints10/Exosc10/Ints2/Larp7/Ints11/Snapc5/Ice2/Exosc9"
"GO:0072528","GO:0072528","pyrimidine-containing compound biosynthetic process",26,-0.217714632056185,-0.72635466220291,0.872950819672131,0.956357390774259,0.784848226637424,2901,"tags=58%, list=32%, signal=39%","Dtymk/Uprt/Slc25a19/Upp1/Dut/Cad/Nme3/Ctps2/Tyms/Tbpl1/Uck1/Uckl1/Nme1/Slc4a7/Ctps1"
"GO:0010811","GO:0010811","positive regulation of cell-substrate adhesion",82,-0.187369397674767,-0.79902278146916,0.874743326488706,0.956458494957331,0.784931199216039,1261,"tags=17%, list=14%, signal=15%","Epb41l5/Lims2/Fermt2/Itga6/Npnt/Mdk/Itga3/Npy2r/Vit/Abi3bp/Nid1/C1qbp/P4hb/Nrp1"
"GO:0006892","GO:0006892","post-Golgi vesicle-mediated transport",84,-0.186422988707697,-0.795781212823713,0.874739039665971,0.956458494957331,0.784931199216039,1162,"tags=14%, list=13%, signal=13%","Exoc1/Nsf/Vamp2/Rab14/Eps15/Chic2/Gga2/Rbsn/Vps29/Pkdcc/Ankfy1/Gga3"
"GO:0032272","GO:0032272","negative regulation of protein polymerization",52,0.20229261467845,0.780106296514685,0.87378640776699,0.956458494957331,0.784931199216039,1263,"tags=17%, list=14%, signal=15%","Fhod3/Svil/Pecam1/Arhgef7/Add3/Carmil1/Tbcd/Cracd/Kank4"
"GO:0042398","GO:0042398","modified amino acid biosynthetic process",24,-0.226767580712969,-0.739233371922786,0.875,0.956458494957331,0.784931199216039,2094,"tags=25%, list=23%, signal=19%","Atic/Gclc/Ptdss2/Slc1a2/Aldh9a1/Park7"
"GO:0045943","GO:0045943","positive regulation of transcription by RNA polymerase I",25,-0.220898073863534,-0.728311776674648,0.873983739837398,0.956458494957331,0.784931199216039,1005,"tags=16%, list=11%, signal=14%","Ubtf/Smarcb1/Sf3b1/Smarca5"
"GO:0062207","GO:0062207","regulation of pattern recognition receptor signaling pathway",92,-0.186600263150949,-0.8021725203315,0.876623376623377,0.95711920779724,0.785473422558192,2694,"tags=36%, list=30%, signal=25%","Zdhhc9/Stmp1/Slc15a2/Cactin/Hmgb1/Ufd1/Hcfc2/Tab1/Hspa8/Slc15a4/Zdhhc1/Riok3/Tarbp2/Ywhae/Cptp/Brcc3dc/Eif2ak2/Fbxl2/Mapk8/Lamp2/Pcbp2/Ppp2ca/Otud4/Ppp6c/Akt1/Cyba/Trim32/Ddx3x/Ogt/Aars2/Ddx60/Ppt1/C1qbp"
"GO:0032637","GO:0032637","interleukin-8 production",22,-0.222617947374583,-0.713035900199201,0.876518218623482,0.95711920779724,0.785473422558192,2940,"tags=41%, list=32%, signal=28%","F3/Il17d/Lamtor5/Cactin/Hmgb1/Ssc5d/Anxa4/Arrb1/Park7"
"GO:0032677","GO:0032677","regulation of interleukin-8 production",22,-0.222617947374583,-0.713035900199201,0.876518218623482,0.95711920779724,0.785473422558192,2940,"tags=41%, list=32%, signal=28%","F3/Il17d/Lamtor5/Cactin/Hmgb1/Ssc5d/Anxa4/Arrb1/Park7"
"GO:0033144","GO:0033144","negative regulation of intracellular steroid hormone receptor signaling pathway",24,-0.22447224345306,-0.731750865397789,0.876984126984127,0.957142242386239,0.785492326219629,821,"tags=29%, list=9%, signal=27%","Bmal1/Phb1/Nr0b1/Brca1/Vps18/Cry1/Vps11"
"GO:0062125","GO:0062125","regulation of mitochondrial gene expression",24,0.226053680895303,0.721401562425466,0.877510040160643,0.957345448382768,0.785659090096351,1688,"tags=25%, list=19%, signal=20%","Rbfox2/Nsun3/Rpusd3/Kansl1/Rpusd4/Mtres1"
"GO:0009123","GO:0009123","nucleoside monophosphate metabolic process",49,-0.20015703239232,-0.772654231851708,0.878787878787879,0.958126813346228,0.786300328311107,1453,"tags=20%, list=16%, signal=17%","Ada/Ampd3/Uckl1/Gmps/Aprt/Nme1/Tk2/Taf9/Tymp/Ppat"
"GO:0034644","GO:0034644","cellular response to UV",55,0.195575183602521,0.762501240296364,0.87890625,0.958126813346228,0.786300328311107,1493,"tags=16%, list=16%, signal=14%","Ino80/Crebbp/Cul4a/Ep300/Polh/Mme/Actr5/Tmem161a/Aqp1"
"GO:1901264","GO:1901264","carbohydrate derivative transport",51,-0.197600927290606,-0.770397733878905,0.879518072289157,0.958233741915464,0.78638808075465,2276,"tags=27%, list=25%, signal=21%","Slc25a42/Slc37a1/Psap/Slc15a4/Lrrc8c/Slc25a17/Abcc4/Abcc5/Slc37a4/Lrrc8b/Slc35b2/Slc35b3/Calhm2/Rft1"
"GO:0071482","GO:0071482","cellular response to light stimulus",60,0.195016178332225,0.76901773985698,0.879684418145957,0.958233741915464,0.78638808075465,1252,"tags=15%, list=14%, signal=13%","Ino80/Crebbp/Cul4a/Ep300/Polh/Mme/Rpgr/Actr5/Tmem161a"
"GO:0034101","GO:0034101","erythrocyte homeostasis",107,0.182411454612696,0.809628736812157,0.882352941176471,0.960769160832803,0.788468808169164,2162,"tags=25%, list=24%, signal=19%","Sox6/B2m/Rbfox2/Arid4a/Ets1/Tcf3/Foxo3/Plcb1/Ypel4/Mafb/Adar/P4htm/Acvr2a/Cdk6/Mfhas1/Cdk5rap3/Kmt2e/Ldb1/Brd1/Ncor1/Ank1/Bcl6/Slc11a2/Exoc6/Hnrnpu/Axin1/Add1"
"GO:0032465","GO:0032465","regulation of cytokinesis",54,-0.192387846973712,-0.75806488268032,0.884381338742394,0.96260587585016,0.789976134340444,1266,"tags=19%, list=14%, signal=16%","Pin1/Cenpv/Bbs4/Myo19/Klhl13/Racgap1/Chmp3/Uvrag/Calm2/Brca2"
"GO:0033273","GO:0033273","response to vitamin",45,0.203629148033451,0.765011352434253,0.885057471264368,0.96272870035912,0.790076932011874,1859,"tags=27%, list=21%, signal=21%","Trim25/mt-Cytb/Egfr/Penk/Pemt/Mn1/Hlcs/Dnmt3a/Enpp1/Gas6/Scap/Lipa"
"GO:0009218","GO:0009218","pyrimidine ribonucleotide metabolic process",20,-0.235097808360732,-0.721570514491709,0.88517745302714,0.96272870035912,0.790076932011874,2901,"tags=35%, list=32%, signal=24%","Cad/Nme3/Ctps2/Uck1/Uckl1/Nme1/Ctps1"
"GO:0061951","GO:0061951","establishment of protein localization to plasma membrane",55,-0.195689708338372,-0.772567186456823,0.885714285714286,0.962940917107584,0.790251090689687,1104,"tags=31%, list=12%, signal=27%","Arfrp1/Rab10/Acsl3/Gorasp1/Rilpl1/Sorl1/Rab11a/Washc1/Blzf1/Atp2c1/Nsf/Vamp2/Rab8a/Gga2/Pkdcc/Gga3/Vps35"
"GO:0035082","GO:0035082","axoneme assembly",56,-0.195071694001841,-0.768177009514693,0.886831275720165,0.963058330657255,0.790347447780803,1424,"tags=20%, list=16%, signal=17%","Tpgs1/Dnai3/Dnaaf10/Cluap1/Dnah7b/Spag6l/Cc2d2a/Ttll1/Ube2b/Cfap69/Spag16"
"GO:0042307","GO:0042307","positive regulation of protein import into nucleus",30,-0.210007779356518,-0.725510659141221,0.887063655030801,0.963058330657255,0.790347447780803,2677,"tags=33%, list=30%, signal=24%","Jup/Xbp1/Mapk14/Hdac3/Brca1/Ipo5/Ran/Rbm22/Prkcd/Prkcq"
"GO:0010934","GO:0010934","macrophage cytokine production",20,0.221202741543224,0.687271189544909,0.887189292543021,0.963058330657255,0.790347447780803,7065,"tags=100%, list=78%, signal=22%","Tgfb2/Cd74/Gas6/Wnt5a/Tgfb3/Tirap/Plcg2/Card9/Sirt1/Ash1l/Ube2j1/Panx1/Ripk2/Rtn4/Psen2/Sema7a/Mapkapk2/Gprc5b/Atg9a/Cuedc2"
"GO:0016101","GO:0016101","diterpenoid metabolic process",20,0.220934421087673,0.686437524838139,0.887189292543021,0.963058330657255,0.790347447780803,857,"tags=15%, list=9%, signal=14%","Egfr/Dhrs3/Rdh10"
"GO:0010907","GO:0010907","positive regulation of glucose metabolic process",34,0.207685323680288,0.721105530698204,0.889546351084813,0.964873601754042,0.791837175695204,848,"tags=15%, list=9%, signal=13%","Igf1/Esrrb/Oprm1/Ppara/Irs1"
"GO:0044273","GO:0044273","sulfur compound catabolic process",20,-0.233534453498827,-0.716772210416041,0.889352818371608,0.964873601754042,0.791837175695204,1917,"tags=30%, list=21%, signal=24%","Hgsnat/Ids/Blmh/Gusb/Fitm2/Nudt7"
"GO:0030183","GO:0030183","B cell differentiation",73,0.188573844395572,0.775658844286175,0.890595009596929,0.965195745789367,0.792101547756617,999,"tags=12%, list=11%, signal=11%","Bcl2/Phf14/Tcf3/Ezh2/St3gal1/Lfng/Ep300/Plcl2/Irf8"
"GO:0045005","GO:0045005","DNA-templated DNA replication maintenance of fidelity",34,-0.203415179437415,-0.72991556647802,0.890909090909091,0.965195745789367,0.792101547756617,1715,"tags=26%, list=19%, signal=22%","Gen1/Exd2/Wrn/Asf1a/Pcna/Recql/Smarcal1/Tipin/Brca2"
"GO:0071526","GO:0071526","semaphorin-plexin signaling pathway",29,-0.212646557888169,-0.726673234126611,0.891213389121339,0.965195745789367,0.792101547756617,637,"tags=34%, list=7%, signal=32%","Crmp1/Plxnb1/Sema5a/Sema7a/Rac1/Plxnb2/Nrp2/Sema6d/Sema3e/Nrp1"
"GO:0045191","GO:0045191","regulation of isotype switching",20,0.220191882231227,0.684130475840498,0.891013384321224,0.965195745789367,0.792101547756617,2145,"tags=30%, list=24%, signal=23%","Kmt5b/Atad5/Shld2/Bcl6/Pms2/Tfrc"
"GO:0061572","GO:0061572","actin filament bundle organization",117,0.179428439105405,0.806540461952986,0.892655367231638,0.965343754318799,0.792223013050839,1507,"tags=20%, list=17%, signal=17%","Zeb2/Prkn/Gas7/Wnt11/Ccdc88a/Pdlim1/Spire2/Ppfia1/Tmeff2/Dbn1/Dlc1/Carmil1/Myh10/Mtss1/Tjp1/Pawr/Kank4/Limch1/Pxn/Itgb1bp1/Swap70/Braf/Mtor"
"GO:1901989","GO:1901989","positive regulation of cell cycle phase transition",67,0.192702230111891,0.777668051209636,0.892367906066536,0.965343754318799,0.792223013050839,1933,"tags=27%, list=21%, signal=21%","Tfdp1/Egfr/Ezh2/Crebbp/Plcb1/Cul4a/Mta3/Ddr2/Ube2e2/Atad5/Rad51c/Stxbp4/Ankrd17/Kmt2e/Mad1l1/Rad51b/Ccnd2/App"
"GO:0032233","GO:0032233","positive regulation of actin filament bundle assembly",43,-0.20486853801302,-0.765640773492066,0.892177589852008,0.965343754318799,0.792223013050839,1594,"tags=19%, list=18%, signal=15%","Synpo/Nf2/Fermt2/Ccn2/Prkcq/Tac1/Pfn2/Nrp1"
"GO:1903707","GO:1903707","negative regulation of hemopoiesis",44,0.201017793158447,0.753340575707067,0.89272030651341,0.965343754318799,0.792223013050839,1490,"tags=20%, list=16%, signal=17%","Qki/Rc3h1/Ubash3b/Cul4a/Mafb/Cebpa/Cd74/Cdk6/Lrrc17"
"GO:0030595","GO:0030595","leukocyte chemotaxis",80,0.18328671615113,0.770979661286271,0.894230769230769,0.966235547428032,0.792954875686148,2044,"tags=29%, list=23%, signal=22%","Tgfb2/Ptpro/Wnk1/Ripor2/Prkca/Cxcl12/Mtus1/Vegfc/Camk1d/Edn3/Cd74/Ptk2/Pde4b/Swap70/Gas6/Prex1/Calr/Wnt5a/Vav3/App/Gbf1/Cklf/Myo9b"
"GO:0046425","GO:0046425","regulation of receptor signaling pathway via JAK-STAT",42,-0.201949334565444,-0.750357828997528,0.894067796610169,0.966235547428032,0.792954875686148,1514,"tags=19%, list=17%, signal=16%","Cdk5r1/Nf2/Leprot/Hgs/Calm2/Prl5a1/Adipor1/Kit"
"GO:0003333","GO:0003333","amino acid transmembrane transport",64,-0.19000023003992,-0.777969175776948,0.894632206759443,0.966298795955581,0.793006781485343,2745,"tags=38%, list=30%, signal=26%","Sfxn2/Slc7a6/Itgb1/Arl6ip5/Slc25a15/Slc6a9/Grm1/Per2/Slc15a4/Lrrc8c/Agt/Arg2/Rgs2/Slc36a1/Slc17a6/Slc36a4/Slc1a2/Lrrc8b/Slc38a7/Cln8/Prkcd/Arl6ip1/Slc25a22/Slc25a13"
"GO:0007584","GO:0007584","response to nutrient",87,0.182462390975345,0.779606583757941,0.895522388059702,0.966357887236127,0.793055275580954,2145,"tags=31%, list=24%, signal=24%","Trim25/mt-Cytb/Egfr/Adsl/Penk/Dpyd/Pemt/Ppara/Mn1/Ncoa1/Igfbp2/Hlcs/Cybb/Ahcyl/Dnmt3a/Enpp1/Cnr1/Mtor/Gas6/Scap/Samtor/Lipa/Srebf1/Apaf1/Tnc/Bckdhb/Tfrc"
"GO:0051100","GO:0051100","negative regulation of binding",65,0.189839300098387,0.762980674285799,0.895874263261297,0.966357887236127,0.793055275580954,1902,"tags=22%, list=21%, signal=17%","B2m/Sox11/Ppp3ca/Plscr1/Hey2/Wapl/Rsf1/Ttbk2/Itgb1bp1/Ilrun/Rock1/Btaf1/Tmbim6/Jun"
"GO:0042632","GO:0042632","cholesterol homeostasis",50,-0.195676494858699,-0.758424901526099,0.896969696969697,0.966357887236127,0.793055275580954,1119,"tags=16%, list=12%, signal=14%","Slc37a4/Soat1/Errfi1/Tmem97/Abca5/Nr5a2/Abcb11/Npc1"
"GO:0055092","GO:0055092","sterol homeostasis",50,-0.195676494858699,-0.758424901526099,0.896969696969697,0.966357887236127,0.793055275580954,1119,"tags=16%, list=12%, signal=14%","Slc37a4/Soat1/Errfi1/Tmem97/Abca5/Nr5a2/Abcb11/Npc1"
"GO:0051058","GO:0051058","negative regulation of small GTPase mediated signal transduction",52,0.195307704735217,0.753170205763348,0.897087378640777,0.966357887236127,0.793055275580954,2703,"tags=37%, list=30%, signal=26%","Stmn3/Tgfb2/Ripor2/Dlc1/Rapgef1/Lztr1/Nup62/Dab2ip/Mapkap1/Tns3/Bcl6/Git1/Heg1/Arhgap42/Arhgap22/Timp2/Ephb2/Arhgap12/Arhgap17"
"GO:0046578","GO:0046578","regulation of Ras protein signal transduction",40,0.203698266036222,0.747749729126098,0.896551724137931,0.966357887236127,0.793055275580954,1702,"tags=25%, list=19%, signal=20%","Tgfb2/Igf1/Rasgef1a/Rapgef1/Itpkb/Lztr1/Nup62/Dab2ip/Mapkap1/Dgki"
"GO:2000378","GO:2000378","negative regulation of reactive oxygen species metabolic process",26,0.213799357955513,0.698424731869899,0.896887159533074,0.966357887236127,0.793055275580954,1110,"tags=15%, list=12%, signal=14%","Prkn/Fyn/Ppara/Map3k7"
"GO:0045930","GO:0045930","negative regulation of mitotic cell cycle",136,-0.175386996003958,-0.810182797144974,0.897826086956522,0.966414787258777,0.793101971389763,911,"tags=28%, list=10%, signal=26%","Mbtps2/Bub3/Fgfr2/Nabp1/Rps27l/Sde2/Miip/Brca1/Pkd2/Zfp207/Xpc/Crlf3/Lcmt1/Brcc3dc/Rb1/Gen1/Cep192/Zfyve19/Msh2/Spc25/Uimc1/Mbd4/Prpf4b/Fzr1/Ctnnb1/Nherf1/Rint1/Pabir1/Dlg1/Dync1li1/Kntc1/Usp44/Fbxo7/Tipin/Chek2/Trip13/Syf2/Rpl24"
"GO:0007212","GO:0007212","G protein-coupled dopamine receptor signaling pathway",22,0.219771933033226,0.691353140525544,0.897637795275591,0.966414787258777,0.793101971389763,1193,"tags=18%, list=13%, signal=16%","Adcy5/Oprm1/Drd5/Gnal"
"GO:0007405","GO:0007405","neuroblast proliferation",56,0.189288765547875,0.742111623581286,0.89922480620155,0.967181490028996,0.793731176868142,2197,"tags=29%, list=24%, signal=22%","Fgf13/Prox1/Six3/Cdon/Vegfc/Fgfr1/Sox5/Tafa1/Zfp335/Bdnf/Nde1/Sox2/Nr2e1/Kifap3/Fzd3/Nbn"
"GO:1902882","GO:1902882","regulation of response to oxidative stress",23,0.216405403962907,0.691128259189544,0.899209486166008,0.967181490028996,0.793731176868142,1547,"tags=26%, list=17%, signal=22%","Prkn/Fut8/Sesn3/Adcyap1r1/Usp25/Mapkap1"
"GO:0071456","GO:0071456","cellular response to hypoxia",95,0.179782057272356,0.780577643610772,0.901303538175047,0.967202349800945,0.79374829573519,2571,"tags=33%, list=28%, signal=24%","Bcl2/Kcnd2/Rora/Epha4/Slc8a3/Foxo3/Ep300/Gad2/Kcnk3/Ddr2/Prkce/Cdkn1b/Cybb/Dnmt3a/Aqp1/Mtor/Hyou1/Tmbim6/Ptpn1/Atf2/Sirt2/Egln1/Rptor/Rwdd3/Commd1/Cbs/Pink1/Pdk3/Sirt4/Stat3/Ado"
"GO:0010507","GO:0010507","negative regulation of autophagy",59,-0.193051348603045,-0.774746806606548,0.900398406374502,0.967202349800945,0.79374829573519,2328,"tags=27%, list=26%, signal=20%","Poldip2/Lzts1/Washc1/Eif4g2/Tbc1d14/Lepr/Tmem39a/Cptp/Fez2/Kdm4a/Nampt/Herc1/Akt1/Tsc2/Npc1/Mtmr9"
"GO:0018205","GO:0018205","peptidyl-lysine modification",88,0.179306628362196,0.766968930604721,0.9,0.967202349800945,0.79374829573519,1856,"tags=22%, list=20%, signal=17%","Ehmt1/Arnt/Hdac4/Zmiz1/Crebbp/Sox4/Ep300/Ube2i/Zfp451/Eya1/Pias1/Cbx4/Plod2/Ifih1/Mettl21a/Kmt2a/Klf15/Fn3k/Ranbp2"
"GO:0032675","GO:0032675","regulation of interleukin-6 production",50,-0.194133030149209,-0.752442567924155,0.901010101010101,0.967202349800945,0.79374829573519,2764,"tags=30%, list=30%, signal=21%","Chrna7/Il17d/Xbp1/Mapkapk2/Hmgb1/Bsg/Rabgef1/Grk2/Setd4/Crhr2/Traf6/Cyba/Aqp4/Arrb1/Prg4"
"GO:0071677","GO:0071677","positive regulation of mononuclear cell migration",35,-0.204463447955707,-0.734916583026403,0.899590163934426,0.967202349800945,0.79374829573519,2640,"tags=34%, list=29%, signal=24%","Nedd9/Med23/Hmgb1/Ptk2b/Rarres2/Mmp14/P2rx4/Adam8/Pla2g7/Mdk/Cxcl14/C1qbp"
"GO:0009988","GO:0009988","cell-cell recognition",24,-0.217749581880489,-0.709835846650565,0.900793650793651,0.967202349800945,0.79374829573519,2828,"tags=42%, list=31%, signal=29%","Cd2ap/Nedd9/Cct2/Msn/Zpbp/Clgn/Cct4/Vdac2/Dlg1/Cct8"
"GO:0031333","GO:0031333","negative regulation of protein-containing complex assembly",103,-0.178726657458584,-0.791489480612407,0.902127659574468,0.967718212668767,0.794171645897905,2486,"tags=30%, list=27%, signal=22%","Eps8/Hmgb1/Sorl1/Dmtn/Hip1r/Crbn/Mtpn/Hspa8/Riok3/Ankrd27/Sptan1/Trim9/Cptp/Mkks/Lcmt1/Fbxl2/Lamp2/Gsn/Ssh1/Bbs4/Vdac2/Prkcd/Ddx3x/Sgk1/Ogt/Capza1b/Stmn1/Aida/Park7/Pfn2/Vps35"
"GO:0045740","GO:0045740","positive regulation of DNA replication",29,0.210115896413293,0.70745640643657,0.902671755725191,0.967933412341548,0.794348252554772,1355,"tags=21%, list=15%, signal=18%","Egfr/Ino80/Baz1a/Atad5/Fgfr1/Map2k4"
"GO:0016064","GO:0016064","immunoglobulin mediated immune response",44,0.200052761756259,0.749723993808136,0.904214559386973,0.968482184854614,0.794798610483578,2649,"tags=36%, list=29%, signal=26%","Irf7/C8b/Kmt5b/Atad5/Cd74/Shld2/Rnf8/Swap70/Enpp1/Bcl6/Pms2/Tfrc/Nbn/Cd81/Fcer1g/Susd4"
"GO:1901992","GO:1901992","positive regulation of mitotic cell cycle phase transition",57,0.188924437108432,0.740891627218438,0.903921568627451,0.968482184854614,0.794798610483578,1933,"tags=26%, list=21%, signal=21%","Tfdp1/Egfr/Crebbp/Plcb1/Cul4a/Mta3/Ddr2/Ube2e2/Rad51c/Ankrd17/Kmt2e/Mad1l1/Rad51b/Ccnd2/App"
"GO:0006356","GO:0006356","regulation of transcription by RNA polymerase I",35,-0.203093330852885,-0.729991879908953,0.903688524590164,0.968482184854614,0.794798610483578,1923,"tags=26%, list=21%, signal=20%","Dek/Macroh2a2/Macroh2a1/Baz2a/Ubtf/Smarcb1/Sf3b1/Zmpste24/Smarca5"
"GO:0090075","GO:0090075","relaxation of muscle",23,-0.215477975624224,-0.694369266226811,0.907258064516129,0.971372806157466,0.797170839762412,1717,"tags=30%, list=19%, signal=25%","Grk2/Rgs2/Pik3ca/P2rx4/Gsn/Sod1/Atp2a2"
"GO:0007492","GO:0007492","endoderm development",45,0.19735544688841,0.741441776840154,0.908045977011494,0.971478194084431,0.797257327856074,2654,"tags=42%, list=29%, signal=30%","Nkx2-1/Ext1/Bmpr1a/Tnrc6c/Dusp4/Ctr9/Bptf/Grb2/Hdac1/Ssbp3/Ankrd17/Sox2/Kif16b/Brd3/Col5a1/Cdc73/Tnrc6a/Angpt2/Lama3"
"GO:0007062","GO:0007062","sister chromatid cohesion",35,-0.199724284964607,-0.717882293980375,0.907786885245902,0.971478194084431,0.797257327856074,1991,"tags=49%, list=22%, signal=38%","Mre11a/Ppp2r5d/Ppp2r5c/Phb2/Cdk11b/Nsmce2/Mcmbp/Tnks/Rec8/Rb1/Slf2/Macroh2a1/Pds5a/Sfpq/Esco1/Ctnnb1/Gtf2b"
"GO:0001841","GO:0001841","neural tube formation",87,0.179625998064565,0.767487535138944,0.912313432835821,0.975132726583239,0.800256471668363,2638,"tags=32%, list=29%, signal=23%","Zeb2/St14/Arid1a/Tgfb2/Kdm2a/Prickle1/Ski/Hectd1/Dlc1/Map3k7/Deaf1/Glmn/Wnt5a/Sufu/Ift57/Gatad2a/Abl1/Apaf1/Fzd3/Mthfd1/Lrp2/Tsc1/Rps7/Mthfd1l/Brd2/Lrp6/Luzp1/Lmo4"
"GO:0035601","GO:0035601","protein deacylation",40,-0.197075862618959,-0.729327996410658,0.9125,0.975132726583239,0.800256471668363,788,"tags=28%, list=9%, signal=25%","Hdac3/Kat2b/Yeats2/Tppp/Mapt/Zzz3/Sirt6/Kat14/Nek3/Ppt1/Abhd12"
"GO:0033028","GO:0033028","myeloid cell apoptotic process",20,0.213783072333977,0.664218469457025,0.912045889101338,0.975132726583239,0.800256471668363,2585,"tags=35%, list=29%, signal=25%","Bcl2/Itpkb/Gas6/Lipa/Trim35/Arf6/Fcer1g"
"GO:0071453","GO:0071453","cellular response to oxygen levels",112,-0.175525515713374,-0.789368472977233,0.913793103448276,0.975774522742418,0.800783170768777,1573,"tags=19%, list=17%, signal=16%","Ppard/Ccna2/Ndufs2/Map1lc3a/Adam8/Eef2k/Cbl/Fndc1/Fam162a/Akt1/Atp6v1g1/Ogt/Suv39h2/Epas1/Pick1/Bnip3/Atp6v1a/B3gat1/Fos/P4hb/Higd1a"
"GO:2000772","GO:2000772","regulation of cellular senescence",33,-0.199033675429243,-0.712218940698266,0.913480885311871,0.975774522742418,0.800783170768777,1875,"tags=33%, list=21%, signal=27%","Bmal1/Terf2/Mif/Vash1/Arg2/Eef1e1/Nampt/Fzr1/Kras/Sirt6/Zmpste24"
"GO:0046635","GO:0046635","positive regulation of alpha-beta T cell activation",21,0.210799470607708,0.660180426633206,0.914396887159533,0.97604940455135,0.801008756415269,2559,"tags=33%, list=28%, signal=24%","Ep300/Ap3d1/Itpkb/Cbfb/Socs5/Cd81/Brd2"
"GO:0120032","GO:0120032","regulation of plasma membrane bounded cell projection assembly",144,-0.175519871953153,-0.816470910379937,0.916114790286976,0.97751286597073,0.802209766739268,2486,"tags=32%, list=27%, signal=24%","Eps8/Nckap1/Fam98a/Wrap73/Actr3/Rab11a/Dmtn/Rac1/Arhgap24/Cep97/Cdkl5/Def8/Gdi2/Hras/Cyld/Ift88/Ift140/Ift20/Podxl/Plce1/Atg5/Myo10/Tmem67/Cdkl1/Pld1/Arf4/Rab5a/Trpm2/Akt1/Bbs4/Intu/Atmin/Cyfip1/Tbc1d7/Prkcd/Rala/Trim32/Ppp1r16b/Bin3/Dync2li1/Prkcq/Odf2/Fscn1/Kit/Pfn2/Nrp1"
"GO:1904892","GO:1904892","regulation of receptor signaling pathway via STAT",47,0.19302399396699,0.73320964087291,0.916988416988417,0.977978037201114,0.802591516092356,1957,"tags=23%, list=22%, signal=18%","Erbb4/Ptprt/Parp14/Ep300/Ggnbp2/Traf3ip1/Hes1/Ercc6/Nlk/Dab1/Inpp5f"
"GO:0032612","GO:0032612","interleukin-1 production",30,-0.203672345826711,-0.70362373395093,0.917864476386037,0.977978037201114,0.802591516092356,2764,"tags=33%, list=30%, signal=23%","Chrna7/Stmp1/Hmgb1/Hdac3/Egr1/Cptp/Arg2/Errfi1/Aqp4/Gstp3"
"GO:0032652","GO:0032652","regulation of interleukin-1 production",30,-0.203672345826711,-0.70362373395093,0.917864476386037,0.977978037201114,0.802591516092356,2764,"tags=33%, list=30%, signal=23%","Chrna7/Stmp1/Hmgb1/Hdac3/Egr1/Cptp/Arg2/Errfi1/Aqp4/Gstp3"
"GO:0045494","GO:0045494","photoreceptor cell maintenance",29,0.203069047830927,0.683729795266812,0.91793893129771,0.977978037201114,0.802591516092356,2481,"tags=38%, list=27%, signal=28%","Esrrb/Cdh23/Ush2a/Tub/Cep290/Ercc6/Map1a/Mak/Cib2/Spata7/Bbs2"
"GO:0001938","GO:0001938","positive regulation of endothelial cell proliferation",55,0.187978776731432,0.732884652167407,0.919921875,0.979720273526077,0.804021306987707,2299,"tags=27%, list=25%, signal=20%","Prox1/Igf1/Akt3/Prkd1/Prkca/Cxcl12/Vip/Fgfr1/Mtor/Bmp6/Wnt5a/Jun/Apln/Rptor/Egr3"
"GO:0007097","GO:0007097","nuclear migration",24,0.214949321199314,0.685964393684424,0.921686746987952,0.981229034005307,0.805259492626223,2437,"tags=33%, list=27%, signal=24%","Syne2/Cdc42bpa/Myh10/Ptk2/Ntn1/Slit1/Kif1a/Tacc2"
"GO:2000648","GO:2000648","positive regulation of stem cell proliferation",26,-0.203905293289375,-0.680282988009587,0.922131147540984,0.981331410034174,0.805343508963087,1138,"tags=19%, list=13%, signal=17%","Runx2/Fermt2/Pdcd2/Ctnnb1/Sirt6"
"GO:0002706","GO:0002706","regulation of lymphocyte mediated immunity",53,0.190667877262481,0.733656498289336,0.924151696606786,0.982867191793369,0.806603869997397,2719,"tags=34%, list=30%, signal=24%","B2m/Cadm1/Dusp22/Fbxo38/Kmt5b/Map3k7/Atad5/Shld2/Dennd1b/Bcl6/Pms2/Klhl22/Tfrc/Cd81/Fcer1g/Ahr/Susd4/Ap1g1"
"GO:0046902","GO:0046902","regulation of mitochondrial membrane permeability",30,0.19507911308479,0.659061468368544,0.924271844660194,0.982867191793369,0.806603869997397,812,"tags=10%, list=9%, signal=9%","Bcl2/Ppm1k/Gsk3b"
"GO:0030705","GO:0030705","cytoskeleton-dependent intracellular transport",159,0.17158036620438,0.804316647718821,0.924710424710425,0.982899698340875,0.806630546955625,2027,"tags=26%, list=22%, signal=20%","Agbl4/Dlg2/Syne2/Kif13a/Ccdc88a/Prickle1/Bicd2/Kifc1/Dst/Ppfia2/Ap3d1/Tub/Ank3/Borcs5/Kif5c/Kif1b/Madd/Rpgr/Ccdc88c/F8a/Borcs7/Nefh/Traf3ip1/Ift46/Bicdl1/Spast/Dync2i1/Map1a/Flot2/Map2/Cilk1/Kif5b/Nde1/Bsn/App/Kifap3/Arl8a/Ift57/Mak/Kif16b/Htt"
"GO:0000018","GO:0000018","regulation of DNA recombination",79,-0.179739498579601,-0.759367048356535,0.925,0.982899698340875,0.806630546955625,2243,"tags=27%, list=25%, signal=20%","Terf2/Zranb3/Helq/Slc15a4/Mrgbp/H1f10/Mad2l2/Rad51ap1/Recql5/Mlh1/Msh2/Ruvbl1/Pot1b/Sirt6/Msh6/Yeats4/Supt6/Terf2ip/Ube2b/C1qbp/Helb"
"GO:0031334","GO:0031334","positive regulation of protein-containing complex assembly",107,0.175860474734924,0.780552374395205,0.925996204933586,0.983587374859723,0.807194898422477,1588,"tags=20%, list=18%, signal=16%","Tenm1/Trabd2b/Nav3/Fnip2/Pde4dip/Prkd1/Gsk3b/Ambra1/Nck2/Fmn1/Prkce/Lats1/Carmil1/Cdkn1b/Cracd/Togaram1/Grb2/Slain1/Dab2ip/Mtor/Kirrel1"
"GO:0051650","GO:0051650","establishment of vesicle localization",150,-0.167569972998148,-0.790945093634366,0.930817610062893,0.9836144011295,0.807217077913232,2066,"tags=22%, list=23%, signal=17%","Stk11/Myo5a/Snap91/Shroom2/Bloc1s6/Cops5/Map2k1/Mapk8/Tor1a/Pdcd6/Ap1ar/Fam91a1/Synj1/Rab3a/Fyco1/Exoc1/Hgs/Bloc1s1/Dync1i1/Dnm1/Ctnnb1/Klhl12/Trappc6b/5730455P16Rik/Chmp2a/Vps4b/Cadps2/Arf1/Ap3m2/Trappc3/Actn4/Myo5c/Ahi1"
"GO:0021915","GO:0021915","neural tube development",125,0.172117431226971,0.782893510425021,0.935424354243542,0.9836144011295,0.807217077913232,2171,"tags=24%, list=24%, signal=19%","Arl13b/Pkd1/Zeb2/St14/Arid1a/Tgfb2/Kdm2a/Prickle1/Ski/Hectd1/Ambra1/Dlc1/Map3k7/Ttbk2/Traf3ip1/Hes1/Deaf1/Glmn/Phgdh/Tcf7l2/Ssbp3/Wnt5a/Sufu/Ift57/Gatad2a/Abl1/Apaf1/Fzd3/Mthfd1/Lrp2"
"GO:0002440","GO:0002440","production of molecular mediator of immune response",106,-0.173449469268427,-0.774627814323876,0.936842105263158,0.9836144011295,0.807217077913232,2352,"tags=25%, list=26%, signal=18%","Dnajb9/Gprc5b/Phb1/Slc15a4/Atg9a/Mad2l2/Cuedc2/Rabgef1/Mif/Atg5/Mlh1/Tril/Msh2/Traf6/Itm2a/Fam210b/Msh6/Dlg1/Gpi1/Supt6/Angpt1/Cd226/Mcm3ap/Kit/Ddx1/Polb"
"GO:0051302","GO:0051302","regulation of cell division",100,-0.17261969579083,-0.760917379818935,0.936575052854123,0.9836144011295,0.807217077913232,1363,"tags=18%, list=15%, signal=15%","Zzz3/Pin1/Cenpv/Htr2b/Cat/Zbtb18/Bbs4/Intu/Myo19/Klhl13/Mdk/Racgap1/Chmp3/Kat14/Uvrag/Calm2/Yme1l1/Brca2"
"GO:0015695","GO:0015695","organic cation transport",73,-0.181733796219639,-0.754624130445012,0.933471933471933,0.9836144011295,0.807217077913232,1553,"tags=19%, list=17%, signal=16%","Agt/Arg2/Rgs2/Slc25a17/Crhr2/Slc36a1/Slc36a4/Slc1a2/Atp13a3/Slc6a17/Stx1a/Slc18b1/Comt/Ptgs1"
"GO:0009799","GO:0009799","specification of symmetry",77,-0.180071097565556,-0.753081762609027,0.936708860759494,0.9836144011295,0.807217077913232,2085,"tags=25%, list=23%, signal=19%","Ift88/Pkd2/Map3k4/Ift140/Disp1/Nbl1/Tbc1d32/Mapk8/Dpcd/Tmem67/Cluap1/Setdb2/Mks1/Ift172/Ctnnb1/Cc2d2a/Dync2li1/Aida/Rttn"
"GO:0009855","GO:0009855","determination of bilateral symmetry",77,-0.180071097565556,-0.753081762609027,0.936708860759494,0.9836144011295,0.807217077913232,2085,"tags=25%, list=23%, signal=19%","Ift88/Pkd2/Map3k4/Ift140/Disp1/Nbl1/Tbc1d32/Mapk8/Dpcd/Tmem67/Cluap1/Setdb2/Mks1/Ift172/Ctnnb1/Cc2d2a/Dync2li1/Aida/Rttn"
"GO:0034620","GO:0034620","cellular response to unfolded protein",65,-0.183962233782376,-0.752777448694959,0.931034482758621,0.9836144011295,0.807217077913232,1993,"tags=22%, list=22%, signal=17%","Yod1/Cops5/Parp16/Eif2ak2/Tm7sf3/Bok/Eif2ak4/Akt1/Derl1/Tmbim4/Stub1/Eif2a/Pdia6/Bfar"
"GO:0030038","GO:0030038","contractile actin filament bundle assembly",80,-0.176675353246243,-0.746085744437532,0.933609958506224,0.9836144011295,0.807217077913232,1075,"tags=14%, list=12%, signal=12%","Fermt2/Spag6l/Coro2b/Bbs4/Ccn2/Arrb1/Prkcq/Stmn1/Tac1/Pfn2/Nrp1"
"GO:0043149","GO:0043149","stress fiber assembly",80,-0.176675353246243,-0.746085744437532,0.933609958506224,0.9836144011295,0.807217077913232,1075,"tags=14%, list=12%, signal=12%","Fermt2/Spag6l/Coro2b/Bbs4/Ccn2/Arrb1/Prkcq/Stmn1/Tac1/Pfn2/Nrp1"
"GO:0006275","GO:0006275","regulation of DNA replication",72,-0.179324931738214,-0.745648958875349,0.934826883910387,0.9836144011295,0.807217077913232,2329,"tags=31%, list=26%, signal=23%","Nfrkb/Rac1/Gmnn/Atf1/Mcrs1/Tnfaip1/Hras/Mapk8/Ccna2/Uchl5/Faf1/Dbf4/Pcna/Pds5a/Ctc1/Ruvbl1/Esco1/Cacybp/Wrnip1/Tipin/Zmpste24/Smarca5"
"GO:0032922","GO:0032922","circadian regulation of gene expression",50,0.190558956736157,0.730355400740135,0.932938856015779,0.9836144011295,0.807217077913232,2082,"tags=30%, list=23%, signal=23%","Rora/Ppargc1a/Kdm2a/Per3/Ppara/Rai1/Lgr4/Hdac1/Kmt2a/Ncoa2/Usp2/Ncor1/Clock/Top1/Hnrnpu"
"GO:0050777","GO:0050777","negative regulation of immune response",58,0.184425509010432,0.724760747006176,0.930830039525692,0.9836144011295,0.807217077913232,1449,"tags=19%, list=16%, signal=16%","Parp14/Rc3h1/Smpdl3b/Gigyf2/Samhd1/Dusp22/Adar/Stat2/Dnaja3/Grn/Zdhhc18"
"GO:0035821","GO:0035821","modulation of process of another organism",58,0.184289452471467,0.724226068049104,0.930830039525692,0.9836144011295,0.807217077913232,2307,"tags=33%, list=25%, signal=25%","Trim25/Prkn/Ppara/Ctdp1/Ep300/Rrp1b/Zdhhc8/Cd74/Hdac1/Trim8/Rad50/Ly6e/Nucks1/Jun/Fmr1/Zfyve1/Nbn/Ptx3/Tardbp"
"GO:0016441","GO:0016441","post-transcriptional gene silencing",46,-0.187179112482426,-0.71273986429286,0.929313929313929,0.9836144011295,0.807217077913232,2590,"tags=37%, list=29%, signal=27%","Cnot6/Eif4enif1/Cnot8/Tsn/Lin28b/Eif6/Piwil1/Tarbp2/Tsnax/Cnot7/Gtsf1/Ago2/Ncbp2/Dgcr8/Ago1/Zmpste24/Fxr1"
"GO:1902475","GO:1902475","L-alpha-amino acid transmembrane transport",37,-0.196157180069069,-0.711951971650683,0.926380368098159,0.9836144011295,0.807217077913232,2710,"tags=41%, list=30%, signal=29%","Slc7a6/Itgb1/Arl6ip5/Slc25a15/Grm1/Per2/Slc15a4/Agt/Arg2/Slc17a6/Slc1a2/Cln8/Arl6ip1/Slc25a22/Slc25a13"
"GO:0032790","GO:0032790","ribosome disassembly",37,-0.195160562102503,-0.70833474934952,0.928425357873211,0.9836144011295,0.807217077913232,2014,"tags=24%, list=22%, signal=19%","Mtrfr/Klhdc10/Tcf25/Rnf25/Denr/Abce1/Mcts1/Ltn1/Ufsp2"
"GO:0044818","GO:0044818","mitotic G2/M transition checkpoint",36,-0.192872446835832,-0.697449795258115,0.932377049180328,0.9836144011295,0.807217077913232,911,"tags=28%, list=10%, signal=25%","Mbtps2/Nabp1/Brca1/Brcc3dc/Uimc1/Mbd4/Fzr1/Rint1/Pabir1/Syf2"
"GO:0009225","GO:0009225","nucleotide-sugar metabolic process",34,-0.193611008962443,-0.69473521924003,0.931313131313131,0.9836144011295,0.807217077913232,750,"tags=12%, list=8%, signal=11%","Dpagt1/Gfpt1/Gnpda2/Ugp2"
"GO:0170035","GO:0170035","L-amino acid catabolic process",37,0.193737627791526,0.692697398773337,0.929824561403509,0.9836144011295,0.807217077913232,1949,"tags=30%, list=21%, signal=23%","Gls/Aldh4a1/Afmid/Gad2/Atp2b4/Acmsd/Prodh/Ahcyl/Gstz1/Gpt2/Hmgcl"
"GO:0043616","GO:0043616","keratinocyte proliferation",31,0.197631831318244,0.673996466115373,0.929549902152642,0.9836144011295,0.807217077913232,720,"tags=10%, list=8%, signal=9%","Bcl11b/Cask/Prkd1"
"GO:0034311","GO:0034311","diol metabolic process",20,-0.219572074179207,-0.673918381622673,0.935281837160752,0.9836144011295,0.807217077913232,3170,"tags=40%, list=35%, signal=26%","Acer3/Naaa/Qdpr/Sptssb/Plpp3/Sptssa/Asah1/Sgpp1"
"GO:0030517","GO:0030517","negative regulation of axon extension",23,-0.208302444508096,-0.671246400600011,0.931451612903226,0.9836144011295,0.807217077913232,1599,"tags=22%, list=18%, signal=18%","Ifrd1/Rnf6/Dip2b/Sema6d/Nrp1"
"GO:1905562","GO:1905562","regulation of vascular endothelial cell proliferation",22,-0.205989387660655,-0.659775324470839,0.931174089068826,0.9836144011295,0.807217077913232,2415,"tags=32%, list=27%, signal=23%","Hmgb1/Slc39a9/Flt1/Dlk1/Sirt6/Mdk/Tsc2"
"GO:0097006","GO:0097006","regulation of plasma lipoprotein particle levels",25,-0.199524234993402,-0.657841182297804,0.934959349593496,0.9836144011295,0.807217077913232,1654,"tags=24%, list=18%, signal=20%","Dgat2/Plagl2/Soat1/Pla2g7/Arf1/Abca5"
"GO:0048701","GO:0048701","embryonic cranial skeleton morphogenesis",22,-0.205114781633846,-0.656973998239059,0.935222672064777,0.9836144011295,0.807217077913232,2067,"tags=36%, list=23%, signal=28%","Fgfr2/Med12/Ift140/Mmp14/Wdr19/Runx2/Pdgfra/Eif4a3"
"GO:0032729","GO:0032729","positive regulation of type II interferon production",21,0.205268823076539,0.642859580256509,0.929961089494163,0.9836144011295,0.807217077913232,2180,"tags=29%, list=24%, signal=22%","Irf8/Pde4b/Wnt5a/App/Abl1/Cd276"
"GO:0044319","GO:0044319","wound healing, spreading of cells",21,0.203619352292113,0.637693778259748,0.93579766536965,0.9836144011295,0.807217077913232,1507,"tags=19%, list=17%, signal=16%","Pard3/Tmeff2/Mrtfa/Mtor"
"GO:0090504","GO:0090504","epiboly",21,0.203619352292113,0.637693778259748,0.93579766536965,0.9836144011295,0.807217077913232,1507,"tags=19%, list=17%, signal=16%","Pard3/Tmeff2/Mrtfa/Mtor"
"GO:0090505","GO:0090505","epiboly involved in wound healing",21,0.203619352292113,0.637693778259748,0.93579766536965,0.9836144011295,0.807217077913232,1507,"tags=19%, list=17%, signal=16%","Pard3/Tmeff2/Mrtfa/Mtor"
"GO:0051953","GO:0051953","negative regulation of amine transport",21,0.202983252140313,0.63570164389439,0.93579766536965,0.9836144011295,0.807217077913232,428,"tags=10%, list=5%, signal=9%","Prkg1/Slc43a2"
"GO:0018345","GO:0018345","protein palmitoylation",20,-0.219340821531016,-0.673208612809872,0.937369519832985,0.983801604055625,0.807370708643759,2716,"tags=35%, list=30%, signal=25%","Zdhhc7/Zdhhc9/Zdhhc1/Hhat/Zdhhc15/Zdhhc22/Glul"
"GO:0045017","GO:0045017","glycerolipid biosynthetic process",140,-0.167976766148556,-0.781212696383605,0.941684665226782,0.984297992065679,0.807778076488849,1745,"tags=20%, list=19%, signal=16%","Hdhd5/Pigp/Pnpla2/Cds2/Plce1/Ptdss2/Dgat2/Mogat1/Pik3ca/Pigh/Cnep1r1/Lpin2/Pld1/Far1/Agpat3/Htr2b/Impa1/Pigk/Uvrag/Acsl1/Etnk1/Fitm2/Pgap1/Smg1/Fabp5/Pip4k2b/Pik3cd/Pip5k1c"
"GO:0016052","GO:0016052","carbohydrate catabolic process",107,-0.173183561780441,-0.775126499352609,0.938947368421053,0.984297992065679,0.807778076488849,788,"tags=10%, list=9%, signal=9%","Sirt6/Pgm1/Gpi1/Ogt/Wipi2/Galm/Prkag2/Gabarapl1/Pgm2/Pkm/Lct"
"GO:0170033","GO:0170033","L-amino acid metabolic process",97,-0.173162124280497,-0.751699867189382,0.939262472885033,0.984297992065679,0.807778076488849,594,"tags=10%, list=7%, signal=10%","Azin1/Got2/Oat/Glul/Odc1/Apip/Dlst/Park7/P4hb/Ppat"
"GO:0051492","GO:0051492","regulation of stress fiber assembly",66,-0.183514967370415,-0.749212698002059,0.938900203665988,0.984297992065679,0.807778076488849,1594,"tags=18%, list=18%, signal=15%","Synpo/Pak2/Nf2/Fermt2/Coro2b/Bbs4/Ccn2/Prkcq/Stmn1/Tac1/Pfn2/Nrp1"
"GO:0002456","GO:0002456","T cell mediated immunity",37,0.191548588220218,0.684870617604691,0.939571150097466,0.984297992065679,0.807778076488849,1110,"tags=14%, list=12%, signal=12%","B2m/Ephb6/Dusp22/Fbxo38/Map3k7"
"GO:0038066","GO:0038066","p38MAPK cascade",37,0.189690744104854,0.678228006147592,0.941520467836257,0.984297992065679,0.807778076488849,1628,"tags=19%, list=18%, signal=16%","Sash1/Map3k5/Map3k7/Dab2ip/Ulk4/Mfhas1/Phlpp1"
"GO:0170040","GO:0170040","proteinogenic amino acid catabolic process",37,0.189640863666822,0.678049661599514,0.941520467836257,0.984297992065679,0.807778076488849,1949,"tags=30%, list=21%, signal=23%","Gls/Aldh4a1/Afmid/Gad2/Atp2b4/Acmsd/Prodh/Amt/Gstz1/Gpt2/Hmgcl"
"GO:0034390","GO:0034390","smooth muscle cell apoptotic process",24,-0.206984101504418,-0.674741754568484,0.94047619047619,0.984297992065679,0.807778076488849,1584,"tags=25%, list=17%, signal=21%","Gapdh/Sod2/Mfn2/Pdcd4/Stub1/Arrb1"
"GO:1905517","GO:1905517","macrophage migration",20,-0.218176160919704,-0.669633995239539,0.941544885177453,0.984297992065679,0.807778076488849,2637,"tags=40%, list=29%, signal=28%","Nup85/Abr/Ptk2b/Rarres2/Mif/Mmp14/P2rx4/Mdk"
"GO:0071168","GO:0071168","protein localization to chromatin",27,-0.196197661815353,-0.659565293792751,0.940329218106996,0.984297992065679,0.807778076488849,1861,"tags=44%, list=21%, signal=35%","Pias4/Jarid2/Zmynd8/Tasor/Rnf4/Macroh2a2/Chmp7/Msh2/Macroh2a1/Wbp2/Sirt6/Mcm8"
"GO:0002052","GO:0002052","positive regulation of neuroblast proliferation",21,0.199159200592201,0.623725503844219,0.941634241245136,0.984297992065679,0.807778076488849,3015,"tags=48%, list=33%, signal=32%","Cdon/Vegfc/Zfp335/Sox2/Nr2e1/Fzd3/Smarcd3/Foxg1/Fgf2/Disc1"
"GO:0034763","GO:0034763","negative regulation of transmembrane transport",75,-0.177703814047319,-0.737871713221684,0.942553191489362,0.984840524144242,0.808223313116768,2799,"tags=41%, list=31%, signal=29%","Sri/Kcnh2/Fkbp1b/Arl6ip5/Nos1/Ppp3cb/Dysf/Slc6a9/Oaz2/Crbn/Oaz1/Ptger3/Pkd2/Actn2/Ywhae/Inpp5k/Grk2/Rgs2/Bin1/Sumo1/Akt1/Irs2/Prkcb/Nherf1/Sirt6/Ppp3r1/Calm2/Fabp5/Pea15a/Pid1/Ahi1"
"GO:0051403","GO:0051403","stress-activated MAPK cascade",31,-0.19270940137603,-0.673620190784788,0.942973523421589,0.98491452520461,0.808284043134185,1845,"tags=45%, list=20%, signal=36%","Stk25/Qars1/Cd2ap/Arl6ip5/Mapk14/Map2k1/Klhdc10/Eif2ak2/Mapk8/Prdx1/Agt/Crhr2/Map2k2/Nbr1"
"GO:0010972","GO:0010972","negative regulation of G2/M transition of mitotic cell cycle",44,-0.185005214676028,-0.695546807170979,0.945833333333333,0.984980906627248,0.808338519988071,2473,"tags=27%, list=27%, signal=20%","Mbtps2/Nabp1/Miip/Brca1/Brcc3dc/Zfyve19/Uimc1/Mbd4/Fzr1/Rint1/Pabir1/Syf2"
"GO:0061082","GO:0061082","myeloid leukocyte cytokine production",29,-0.199243637975508,-0.680871678454146,0.945606694560669,0.984980906627248,0.808338519988071,2834,"tags=38%, list=31%, signal=26%","Ddx21/Psen2/Sema7a/Mapkapk2/Gprc5b/Atg9a/Cuedc2/Rabgef1/Mif/Kit/Ddx1"
"GO:0002532","GO:0002532","production of molecular mediator involved in inflammatory response",37,0.188632911335046,0.674445787812744,0.943469785575049,0.984980906627248,0.808338519988071,741,"tags=11%, list=8%, signal=10%","Slc7a2/Rap1gds1/Ezh2/Ppara"
"GO:0021799","GO:0021799","cerebral cortex radially oriented cell migration",34,0.190689362256689,0.662093745152116,0.944773175542406,0.984980906627248,0.808338519988071,2000,"tags=26%, list=22%, signal=21%","Syne2/Zmiz1/Reln/Ccdc141/Dab2ip/Ulk4/Dab1/Nr2e1/Dcx"
"GO:0101023","GO:0101023","vascular endothelial cell proliferation",23,-0.201371260514616,-0.648910933925548,0.945564516129032,0.984980906627248,0.808338519988071,2415,"tags=30%, list=27%, signal=22%","Hmgb1/Slc39a9/Flt1/Dlk1/Sirt6/Mdk/Tsc2"
"GO:0070266","GO:0070266","necroptotic process",21,0.198258834891756,0.620905744332813,0.945525291828794,0.984980906627248,0.808338519988071,1833,"tags=24%, list=20%, signal=19%","Ripk1/Peli1/Map3k7/Rnf31/Ppif"
"GO:1903909","GO:1903909","regulation of receptor clustering",21,0.197762435629119,0.619351124313876,0.945525291828794,0.984980906627248,0.808338519988071,540,"tags=10%, list=6%, signal=9%","Grip2/Shisa6"
"GO:1900101","GO:1900101","regulation of endoplasmic reticulum unfolded protein response",21,0.196243058611967,0.614592749140974,0.945525291828794,0.984980906627248,0.808338519988071,2174,"tags=33%, list=24%, signal=25%","Akt3/Nck2/Atad3a/Crebrf/Ptpn1/Tmem33/Hspa5"
"GO:0045995","GO:0045995","regulation of embryonic development",59,-0.181412839097289,-0.728039554165721,0.946215139442231,0.985014504229112,0.808366092335497,2329,"tags=27%, list=26%, signal=20%","Nfrkb/Mcrs1/Kat2b/Yeats2/Lama2/Lama5/Uchl5/Ccsap/Zzz3/Ruvbl1/Insr/Poglut1/Ctnnb1/Rab14/Racgap1/Kat14"
"GO:0014047","GO:0014047","glutamate secretion",25,0.200627217810295,0.648633734995869,0.947058823529412,0.98552871665653,0.808788088040938,551,"tags=8%, list=6%, signal=8%","Prkg1/Grin2b"
"GO:0002244","GO:0002244","hematopoietic progenitor cell differentiation",86,0.169778091691879,0.724002524903748,0.949438202247191,0.987640034674265,0.810520771050525,1905,"tags=22%, list=21%, signal=18%","Bcl2/Tet2/Slc8a3/Ext1/Arhgef7/Sox4/Smpd3/Dact2/Adar/Cdk6/Rrs1/Hes1/Braf/Ptprz1/Ssbp3/Dhx36/Lipa/Gpatch4/Atf2"
"GO:0046470","GO:0046470","phosphatidylcholine metabolic process",40,0.182091426624488,0.668433843763962,0.950191570881226,0.987772679267271,0.810629627712896,2460,"tags=30%, list=27%, signal=22%","Pla2g6/Pemt/Mfsd2a/Plaat1/Capn2/Lpcat3/Lpcat1/Mboat2/Pcyt1b/Mboat1/Apoa1/Pla2g3"
"GO:0032088","GO:0032088","negative regulation of NF-kappaB transcription factor activity",33,0.191628476579724,0.659463341534916,0.95049504950495,0.987772679267271,0.810629627712896,1563,"tags=24%, list=17%, signal=20%","Chuk/Traip/Peli1/Tut4/Dnaja3/Dab2ip/Tax1bp1/Cdk5rap3"
"GO:1902041","GO:1902041","regulation of extrinsic apoptotic signaling pathway via death domain receptors",27,-0.191351455949818,-0.643273615462303,0.950617283950617,0.987772679267271,0.810629627712896,1634,"tags=44%, list=18%, signal=37%","Tmbim1/Stk4/Psen2/Bmpr1b/Cflar/Brca1/Gpx1/Faim/Faf1/Ddx3x/Park7/Pea15a"
"GO:1903557","GO:1903557","positive regulation of tumor necrosis factor superfamily cytokine production",35,0.185380839597883,0.651070539222178,0.95136186770428,0.988181991592577,0.810965535665045,2585,"tags=31%, list=29%, signal=23%","Ripk1/Arfgef2/Cybb/Ifih1/C1qtnf4/Wnt5a/App/Ephb2/Stat3/Zbtb20/Fcer1g"
"GO:0002819","GO:0002819","regulation of adaptive immune response",73,0.173945499533406,0.715488224622688,0.953934740882918,0.990489351439964,0.812859103176422,1482,"tags=16%, list=16%, signal=14%","B2m/Irf7/Rc3h1/Dusp22/Ep300/Fbxo38/Kmt5b/Map3k7/Atad5/Cd74/Shld2/Dennd1b"
"GO:0006986","GO:0006986","response to unfolded protein",82,-0.166284446441824,-0.709107584055063,0.95482546201232,0.991049043075771,0.813318422037828,1993,"tags=22%, list=22%, signal=17%","Yod1/Ubxn4/Cops5/Parp16/Eif2ak2/Tm7sf3/Bok/Eif2ak4/Hspa4l/Mfn2/Akt1/Derl1/Tmbim4/Stub1/Eif2a/Pdia6/Ube2j2/Bfar"
"GO:0036294","GO:0036294","cellular response to decreased oxygen levels",103,0.169265043569402,0.746964408094034,0.956766917293233,0.991272022208996,0.813501413019,2571,"tags=33%, list=28%, signal=24%","Bcl2/Kcnd2/Rora/Epha4/Slc8a3/Foxo3/Ep300/Gad2/Kcnk3/Ddr2/Prkce/Acvr2a/Cpeb4/Cdkn1b/Cybb/Dnmt3a/Aqp1/Mtor/Hyou1/Tmbim6/Ptpn1/Atf2/Sirt2/Egln1/Rptor/Tsc1/Rwdd3/Commd1/Cbs/Pink1/Pdk3/Sirt4/Stat3/Ado"
"GO:0016331","GO:0016331","morphogenesis of embryonic epithelium",110,0.165568755216591,0.741635363407958,0.957564575645756,0.991272022208996,0.813501413019,1110,"tags=13%, list=12%, signal=11%","Sox11/Zeb2/St14/Arid1a/Tgfb2/Pcdh8/Kdm2a/Prickle1/Ski/Hectd1/Rdh10/Dlc1/Vegfc/Map3k7"
"GO:0002703","GO:0002703","regulation of leukocyte mediated immunity",70,-0.177787612225347,-0.738080346519273,0.955465587044534,0.991272022208996,0.813501413019,2517,"tags=29%, list=28%, signal=21%","Ppp3cb/Zbtb1/Hmgb1/Abr/Dpp4/Hspa8/D6Wsu163e/Slc15a4/Mad2l2/Pik3r6/Rabgef1/Mlh1/Msh2/Traf6/Stx7/Supt6/Cd226/Snx4/Kit/Ddx1"
"GO:0002377","GO:0002377","immunoglobulin production",59,-0.176313384248264,-0.707574603320752,0.956175298804781,0.991272022208996,0.813501413019,1167,"tags=14%, list=13%, signal=12%","Traf6/Itm2a/Fam210b/Msh6/Gpi1/Supt6/Mcm3ap/Polb"
"GO:0072698","GO:0072698","protein localization to microtubule cytoskeleton",42,0.18347658303116,0.683216787118166,0.956603773584906,0.991272022208996,0.813501413019,3222,"tags=52%, list=36%, signal=34%","Cep250/4933427D14Rik/Gsk3b/Dctn2/Ttbk2/Nup62/Map1a/Htt/Abl1/Hnrnpu/Numa1/Snx10/Rab11fip3/Mid1/Mapre3/Fam83d/Abhd17c/Champ1/Disc1/Stk3/Mapre1/C2cd3"
"GO:0002705","GO:0002705","positive regulation of leukocyte mediated immunity",44,0.17976791451903,0.67370386516321,0.957854406130268,0.991272022208996,0.813501413019,2145,"tags=27%, list=24%, signal=21%","B2m/Cadm1/Fbxo38/Kmt5b/Map3k7/Atad5/Shld2/Dennd1b/Dhx36/Pms2/Klhl22/Tfrc"
"GO:0001909","GO:0001909","leukocyte mediated cytotoxicity",30,-0.194874313353463,-0.673229305904644,0.956878850102669,0.991272022208996,0.813501413019,3140,"tags=53%, list=35%, signal=35%","Ebag9/Rab27a/Gfer/Cebpg/Gfus/Hprt1/Arl8b/Ppp3cb/Rnf19b/Hspa8/Pik3r6/Prdx1/Tusc2/Lyst/Stx7/Cd226"
"GO:0072344","GO:0072344","rescue of stalled ribosome",31,-0.185588687584574,-0.648729570252143,0.957230142566191,0.991272022208996,0.813501413019,2014,"tags=23%, list=22%, signal=18%","Mtrfr/Klhdc10/Tcf25/Rnf25/Abce1/Ltn1/Ufsp2"
"GO:0014059","GO:0014059","regulation of dopamine secretion",23,0.186872385664524,0.596809433728637,0.958498023715415,0.991573946707063,0.813749191631025,1494,"tags=17%, list=16%, signal=15%","Syt1/Cxcl12/Kcna2/Cnr1"
"GO:0002699","GO:0002699","positive regulation of immune effector process",86,0.165761010812933,0.706872065548733,0.960674157303371,0.99346046799299,0.815297392021441,2719,"tags=35%, list=30%, signal=25%","B2m/Cadm1/Myo18a/Ep300/Gab2/Fbxo38/Kmt5b/Colec10/Map3k7/Atad5/Cd74/Colec11/Shld2/Dennd1b/Nr4a3/Ankrd17/Dhx36/Wnt5a/Appl2/Pms2/Klhl22/Tfrc/Socs5/Pla2g3/Cd81/Ephb2/Brd2/Fcer1g/Rbp4/Ap1g1"
"GO:0031122","GO:0031122","cytoplasmic microtubule organization",46,0.185861519226127,0.702022690194471,0.961612284069098,0.993701289514748,0.815495025611259,1365,"tags=17%, list=15%, signal=15%","Stmn3/Clip4/Ccdc88a/Pde4dip/Wdr73/Fsd1/Ccdc88c/Slain1"
"GO:0032252","GO:0032252","secretory granule localization",25,-0.192513823481464,-0.634727511933097,0.961382113821138,0.993701289514748,0.815495025611259,2037,"tags=24%, list=22%, signal=19%","Myo5a/Pik3cg/Mapk8/Rab3a/Cadps2/Myo5c"
"GO:0048311","GO:0048311","mitochondrion distribution",20,-0.209729218157892,-0.643708339543208,0.962421711899791,0.993808861903119,0.815583306414087,1791,"tags=25%, list=20%, signal=20%","Mapt/Opa1/Mfn2/Myo19/Ogt"
"GO:0042558","GO:0042558","pteridine-containing compound metabolic process",20,-0.20907548088495,-0.641701865966664,0.962421711899791,0.993808861903119,0.815583306414087,2686,"tags=35%, list=30%, signal=25%","Qdpr/Tyms/Folh1/Atic/Mtr/Ggh/Aasdhppt"
"GO:0042755","GO:0042755","eating behavior",27,-0.186908215452678,-0.628336601449132,0.962962962962963,0.994003527336861,0.815743061357097,2288,"tags=30%, list=25%, signal=22%","Sgip1/Gfral/Lepr/Oprl1/Uchl3/Bbs12/Ttc21b/Cck"
"GO:0007281","GO:0007281","germ cell development",186,-0.163769389775213,-0.792192115955318,0.965665236051502,0.995334541036259,0.816835376585358,2333,"tags=27%, list=26%, signal=20%","Inhbb/Ptk2b/Ddx20/Ptn/Gmcl1/Washc1/H3f3b/Tmf1/Ift88/Stk11/Zpbp/Piwil1/Aspm/Tarbp2/Lsm14b/Cfap54/Mkks/Tbpl1/Slc9a8/Rec8/Mlh1/Msh2/Hspa2/Cxcr4/Pik3ca/Tpgs1/Dnali1/Bcas2/Akt1/Spag6l/Bbs4/Sbf1/Ctnnb1/Mettl3/Mdk/Nsun2/Dld/Ttll1/Ube2b/Dcaf13/Brca2/Trip13/Cfap69/Spag16/Slirp/Kit/Fxr1/Spdya/Rps6kb1/Rec114"
"GO:0022412","GO:0022412","cellular process involved in reproduction in multicellular organism",193,-0.163164300423811,-0.791569943097292,0.965591397849462,0.995334541036259,0.816835376585358,2333,"tags=26%, list=26%, signal=20%","Inhbb/Ptk2b/Ddx20/Ptn/Gmcl1/Washc1/H3f3b/Tmf1/Ift88/Stk11/Zpbp/Piwil1/Aspm/Tarbp2/Lsm14b/Cfap54/Mkks/Tbpl1/Slc9a8/Rec8/Mlh1/Msh2/Hspa2/Cxcr4/Pik3ca/Tpgs1/Dnali1/Bcas2/Mfn2/Akt1/Spag6l/Bbs4/Sbf1/Ctnnb1/Mettl3/Mdk/Nsun2/Dld/Ttll1/Ube2b/Dcaf13/Brca2/Trip13/Cfap69/Spag16/Slirp/Kit/Fxr1/Spdya/Rps6kb1/Rec114"
"GO:0000077","GO:0000077","DNA damage checkpoint signaling",73,-0.17537087259296,-0.728202981441622,0.964656964656965,0.995334541036259,0.816835376585358,3034,"tags=36%, list=33%, signal=24%","Babam1/Fancd2/Eme1/Stk38/Zfp830/Fbxo31/Tiprl/Tti1/Mbtps2/Mapk14/Rps27l/Sde2/Brca1/Xpc/Brcc3dc/Msh2/Uimc1/Eif2ak4/Mbd4/Fzr1/Rint1/Tipin/Chek2/Cry1/Brca2/Syf2"
"GO:0045185","GO:0045185","maintenance of protein location",46,0.181372109643883,0.685065616963636,0.965451055662188,0.995334541036259,0.816835376585358,2523,"tags=35%, list=28%, signal=25%","Ccdc88a/Ankrd13c/Ank3/Dbn1/Ltbp1/Taf3/Kdelr3/Fkrp/Hnrnpu/Hspa5/Taf8/Morc3/Dzip1/Pex5l/Tnrc6a/Pink1"
"GO:0001881","GO:0001881","receptor recycling",42,0.178065511330715,0.663067430938928,0.966037735849057,0.995354420337346,0.816851690815117,2026,"tags=24%, list=22%, signal=19%","Gria1/Gria2/Ramp3/Arfgef2/Caml/Pex6/Ptpn1/Gria3/Inpp5f/Kif16b"
"GO:0006739","GO:0006739","NADP metabolic process",23,0.179259934223249,0.572497747345448,0.966403162055336,0.995366999514597,0.816862014094942,2404,"tags=35%, list=27%, signal=26%","Tkt/Idh2/Aldh1l2/Mtor/Rpe/Rptor/Shpk/Nadk"
"GO:0010970","GO:0010970","transport along microtubule",145,-0.164347209565254,-0.76604815236025,0.96943231441048,0.995575897233504,0.81703344896418,2387,"tags=29%, list=26%, signal=22%","Rhot1/Ubb/Terf2/Pcm1/Hspa8/Bicd1/Ift88/Stk11/Sun2/Myo5a/Copg1/Dync2i2/Ift140/Rabgef1/Bloc1s6/Ift20/Map2k1/Mapt/Atg5/Ift70b/Bbs12/Sod1/Cluap1/Atg16l1/Fyco1/Ift25/Wdr19/Ift172/Bloc1s1/Wasf1/Intu/Dync1i1/Sfpq/BC048507/Ift43/Kif21b/Ttc21b/Spg7/Dync2li1/Ap3m2/Hsbp1/Rab21"
"GO:0046474","GO:0046474","glycerophospholipid biosynthetic process",115,0.165463165669898,0.74356300336574,0.968105065666041,0.995575897233504,0.81703344896418,2441,"tags=30%, list=27%, signal=22%","Pik3c2a/Dgkb/Ttc7/Pigs/Plscr1/Lclat1/Pla2g6/Pemt/Bpnt2/Crls1/Pgs1/Itpkb/Pigc/Capn2/Itpka/Ip6k2/Lpcat3/Htr2c/Dgkd/Inpp4a/Ttc7b/Dgki/Etnk2/Lpcat1/Atg14/Abhd8/Pcyt1b/Pigt/Gpat3/Pigyl/Agpat4/Apoa1/Abhd5/Pigx"
"GO:0002824","GO:0002824","positive regulation of adaptive immune response based on somatic recombination of immune receptors built from immunoglobulin superfamily domains",46,0.179056337876312,0.67631865130385,0.967370441458733,0.995575897233504,0.81703344896418,1482,"tags=17%, list=16%, signal=15%","B2m/Ep300/Fbxo38/Kmt5b/Map3k7/Atad5/Shld2/Dennd1b"
"GO:0002821","GO:0002821","positive regulation of adaptive immune response",51,0.175376944802501,0.672311782446336,0.968253968253968,0.995575897233504,0.81703344896418,1482,"tags=18%, list=16%, signal=15%","B2m/Ep300/Fbxo38/Kmt5b/Map3k7/Atad5/Cd74/Shld2/Dennd1b"
"GO:1903053","GO:1903053","regulation of extracellular matrix organization",38,-0.174424045240101,-0.638622887902916,0.969135802469136,0.995575897233504,0.81703344896418,2983,"tags=39%, list=33%, signal=27%","Phldb2/Lamc1/Antxr1/Aebp1/Sema5a/Dpp4/Cflar/Angptl7/Mad2l2/Reck/Rb1/Lama2/Agt/Nid1/Fscn1"
"GO:0045738","GO:0045738","negative regulation of DNA repair",21,-0.201077696457306,-0.628769347850937,0.969262295081967,0.995575897233504,0.81703344896418,299,"tags=43%, list=3%, signal=42%","Mre11a/Csnk2a1/Klhl15/Nudt16l1/Mad2l2/Recql5/Otub1/C1qbp/Helb"
"GO:2000780","GO:2000780","negative regulation of double-strand break repair",21,-0.201077696457306,-0.628769347850937,0.969262295081967,0.995575897233504,0.81703344896418,299,"tags=43%, list=3%, signal=42%","Mre11a/Csnk2a1/Klhl15/Nudt16l1/Mad2l2/Recql5/Otub1/C1qbp/Helb"
"GO:0085029","GO:0085029","extracellular matrix assembly",26,0.188325139569116,0.615207343771768,0.968871595330739,0.995575897233504,0.81703344896418,821,"tags=12%, list=9%, signal=11%","Prickle1/Pxdn/Smpd3"
"GO:0002263","GO:0002263","cell activation involved in immune response",115,-0.160119219094553,-0.722218066385406,0.970149253731343,0.995616975495896,0.817067160421532,1927,"tags=23%, list=21%, signal=18%","D6Wsu163e/Slc15a4/Mad2l2/Rabgef1/Rc3h2/Opa1/Snap23/Mlh1/Msh2/Ada/Eif2ak4/Cbl/Cplx2/Itm2a/Itfg2/Vamp2/Mdk/Msh6/Sema6d/Supt6/Kars1/Snx4/Gpr183/Kit/Ywhaz/Lrp1"
"GO:0046785","GO:0046785","microtubule polymerization",64,-0.171981548362018,-0.704190428611225,0.970178926441352,0.995616975495896,0.817067160421532,2052,"tags=25%, list=23%, signal=19%","Prune1/Zfp207/Tppp/Mapt/Mapk8/Ckap5/Cep192/Mzt1/Haus2/Tubgcp2/Sgk1/Slain2/Tubgcp5/Slc39a12/Stmn1/Tubgcp4"
"GO:0051851","GO:0051851","host-mediated perturbation of symbiont process",56,0.169956135468561,0.666317534826309,0.970930232558139,0.996025262231102,0.817402226708652,2307,"tags=32%, list=25%, signal=24%","Trim25/Prkn/Ctdp1/Ep300/Rrp1b/Zdhhc8/Cd74/Hdac1/Trim8/Rad50/Ly6e/Nucks1/Jun/Fmr1/Zfyve1/Nbn/Ptx3/Tardbp"
"GO:0002262","GO:0002262","myeloid cell homeostasis",127,-0.162411710545596,-0.742274991891983,0.971861471861472,0.996326041202531,0.817649065228031,2492,"tags=30%, list=27%, signal=22%","Kitl/Ankrd54/Ireb2/Hspa9/Hmgb1/Dmtn/Mapk14/Rac1/Slc15a4/Rps14/Lmo2/Tcea1/Hmga1/Bpgm/Rb1/Flvcr1/Prdx1/Mecom/Bap1/Tmem14c/Ampd3/Sod1/Hscb/Nf1/Acin1/Slc37a4/Fam210b/Alas1/Bbs4/Heph/Racgap1/Dyrk3/Gpi1/Klf13/Epas1/Pik3cd/Kit/Id2"
"GO:0031570","GO:0031570","DNA integrity checkpoint signaling",74,-0.173592986826969,-0.720482442648388,0.972916666666667,0.996326041202531,0.817649065228031,3034,"tags=35%, list=33%, signal=24%","Babam1/Fancd2/Eme1/Stk38/Zfp830/Fbxo31/Tiprl/Tti1/Mbtps2/Mapk14/Rps27l/Sde2/Brca1/Xpc/Brcc3dc/Msh2/Uimc1/Eif2ak4/Mbd4/Fzr1/Rint1/Tipin/Chek2/Cry1/Brca2/Syf2"
"GO:0006487","GO:0006487","protein N-linked glycosylation",53,0.169572519902917,0.652485268857366,0.974051896207585,0.996326041202531,0.817649065228031,1102,"tags=11%, list=12%, signal=10%","Fut9/St3gal1/Fut8/Mgat5b/Mgat4a/Mogs"
"GO:0035459","GO:0035459","vesicle cargo loading",21,-0.19777706462274,-0.61844828210033,0.973360655737705,0.996326041202531,0.817649065228031,1610,"tags=43%, list=18%, signal=35%","Mia2/Ap3b2/Sec24a/Sar1b/Sec23a/Sec13/Sec31b/Sec31a/Ap3m2"
"GO:0030101","GO:0030101","natural killer cell activation",23,-0.187409457261763,-0.603919574359439,0.973790322580645,0.996326041202531,0.817649065228031,1890,"tags=26%, list=21%, signal=21%","Bloc1s6/Prdx1/Tusc2/Lyst/Rabl3/Id2"
"GO:0022616","GO:0022616","DNA strand elongation",20,0.193420415935306,0.600952223352773,0.973231357552581,0.996326041202531,0.817649065228031,2197,"tags=30%, list=24%, signal=23%","Ino80/Ino80d/Actr5/Rad50/Nucks1/Nbn"
"GO:0034643","GO:0034643","establishment of mitochondrion localization, microtubule-mediated",20,0.191908645520515,0.596255191823941,0.973231357552581,0.996326041202531,0.817649065228031,2223,"tags=25%, list=25%, signal=19%","Agbl4/Kif1b/Spast/Kif5b/Fez1"
"GO:0047497","GO:0047497","mitochondrion transport along microtubule",20,0.191908645520515,0.596255191823941,0.973231357552581,0.996326041202531,0.817649065228031,2223,"tags=25%, list=25%, signal=19%","Agbl4/Kif1b/Spast/Kif5b/Fez1"
"GO:0120254","GO:0120254","olefinic compound metabolic process",55,0.168867018055706,0.658372439390436,0.974609375,0.996411649705837,0.817719321057758,1062,"tags=13%, list=12%, signal=11%","Hsd3b4/Prkg1/Ppargc1a/Dhrs3/Rdh10/Cacna1h/Grin1"
"GO:0032507","GO:0032507","maintenance of protein location in cell",41,-0.171045259453954,-0.631292009393594,0.974842767295597,0.996411649705837,0.817719321057758,2390,"tags=27%, list=26%, signal=20%","Sorl1/Vps13d/Hdac3/Sun2/Grk2/Supt7l/Akt1/Bbs4/Park7/Rer1/Skp1"
"GO:0002443","GO:0002443","leukocyte mediated immunity",126,-0.160808476307234,-0.734342571682253,0.976293103448276,0.996484260776727,0.81777891036064,2556,"tags=28%, list=28%, signal=20%","Arl8b/Ppp3cb/Zbtb1/Hmgb1/Abr/Dpp4/Rnf19b/Hspa8/D6Wsu163e/Slc15a4/Mad2l2/Pik3r6/Rabgef1/Snap23/Prdx1/Mlh1/Tusc2/Lyst/Msh2/Cbl/Cplx2/Traf6/Vamp2/Prkcd/Msh6/Stx7/Dlg1/Supt6/C1qbp/Wdr1/Cd226/Snx4/Kit/Ywhaz/Ddx1"
"GO:0006090","GO:0006090","pyruvate metabolic process",88,-0.162772650601428,-0.698971000564024,0.976694915254237,0.996484260776727,0.81777891036064,788,"tags=11%, list=9%, signal=10%","Sirt6/Dld/Fahd1/Gpi1/Ogt/Pdhb/Prkag2/Mpc1/Pkm/Mpc2"
"GO:0006639","GO:0006639","acylglycerol metabolic process",71,0.171500919315235,0.69750468774602,0.976653696498054,0.996484260776727,0.81777891036064,2078,"tags=23%, list=23%, signal=18%","Agmo/Dgkb/Lmf1/Thrb/Mfsd2a/Pgs1/Dgkd/Tcf7l2/Dgki/Ddhd2/Lipa/Tbl1xr1/Srebf1/Pck2/Atg14/Cdk8"
"GO:0050729","GO:0050729","positive regulation of inflammatory response",54,0.163657813878244,0.635457081449698,0.976424361493124,0.996484260776727,0.81777891036064,2585,"tags=35%, list=29%, signal=25%","Ccn4/Ets1/Ripk1/Prkca/Ifi35/Cebpa/Grn/Cnr1/Fem1a/Wnt5a/App/Clock/Cd47/Ctsc/Pla2g3/Cd81/Ninj1/Tafa3/Fcer1g"
"GO:1904407","GO:1904407","positive regulation of nitric oxide metabolic process",20,-0.196637330140597,-0.603526253465175,0.977035490605428,0.996484260776727,0.81777891036064,2318,"tags=35%, list=26%, signal=26%","Ptk2b/Pkd2/Ddah1/Agt/Sod2/Akt1/Insr"
"GO:0046503","GO:0046503","glycerolipid catabolic process",34,0.173181232463136,0.601303656557564,0.976331360946746,0.996484260776727,0.81777891036064,1957,"tags=24%, list=22%, signal=19%","Pla2g6/Plcb1/Pla2g4d/Pla2g4e/Smpd4/Dgkd/Ddhd2/Inpp5f"
"GO:0006638","GO:0006638","neutral lipid metabolic process",72,0.168556314882883,0.68896432143815,0.978473581213307,0.997081112288195,0.818268724999875,2078,"tags=22%, list=23%, signal=17%","Agmo/Dgkb/Lmf1/Thrb/Mfsd2a/Pgs1/Dgkd/Tcf7l2/Dgki/Ddhd2/Lipa/Tbl1xr1/Srebf1/Pck2/Atg14/Cdk8"
"GO:0007368","GO:0007368","determination of left/right symmetry",71,0.168143901489399,0.683851491718167,0.978599221789883,0.997081112288195,0.818268724999875,2290,"tags=25%, list=25%, signal=19%","Arl13b/Acvr2b/Kdm2a/Dnah5/Ccdc103/Invs/Cep290/Acvr2a/Rnf207/Acvr1/Cfap45/Wnt5a/Sufu/Ift57/Bicc1/Daam2/Dnaaf11/Odad2"
"GO:0030835","GO:0030835","negative regulation of actin filament depolymerization",32,0.171573605303467,0.58744953954782,0.978682170542636,0.997081112288195,0.818268724999875,1447,"tags=16%, list=16%, signal=13%","Svil/Add3/Carmil1/Cracd/Swap70"
"GO:0120178","GO:0120178","steroid hormone biosynthetic process",21,-0.191681623470904,-0.599387856078803,0.979508196721312,0.997562016032041,0.818663385462774,3148,"tags=43%, list=35%, signal=28%","Med1/Cyp27a1/Bmpr1b/Stard3/Rest/Egr1/Hsd17b7/Dhrs11/Scp2"
"GO:0002822","GO:0002822","regulation of adaptive immune response based on somatic recombination of immune receptors built from immunoglobulin superfamily domains",64,0.170245588905947,0.680229190688679,0.979959919839679,0.997661507987072,0.818745034943632,2649,"tags=33%, list=29%, signal=23%","B2m/Rc3h1/Dusp22/Ep300/Fbxo38/Kmt5b/Map3k7/Atad5/Shld2/Dennd1b/Bcl6/Pms2/Klhl22/Tfrc/Socs5/Cd81/Ephb2/Brd2/Fcer1g/Ahr/Susd4"
"GO:0071214","GO:0071214","cellular response to abiotic stimulus",174,-0.155902958143497,-0.743322058850662,0.989130434782609,0.998320714411528,0.819286022024627,2499,"tags=28%, list=28%, signal=20%","Dysf/Zbtb1/Nsmf/Swi5/Rnf4/Mapk14/Rac1/Mtpn/Sde2/Got1/Grm1/Rest/Hras/Mylk/Egr1/Brca1/Stk11/Pkd2/Xpc/Gclc/Adss2/Tnks1bp1/Rbx1/Brcc3dc/Rad51ap1/Lrrc8c/Wrn/Pik3ca/Pcna/Neurod2/Eif2ak4/Letm1/Cul4b/Akt1/Gpr52/Ctnnb1/Mettl3/Prkcd/Net1/Ddx3x/Prkg2/Chek2/Zmpste24/Bnip3/Rhob/Brca2/Asic1/Rpl26"
"GO:0104004","GO:0104004","cellular response to environmental stimulus",174,-0.155902958143497,-0.743322058850662,0.989130434782609,0.998320714411528,0.819286022024627,2499,"tags=28%, list=28%, signal=20%","Dysf/Zbtb1/Nsmf/Swi5/Rnf4/Mapk14/Rac1/Mtpn/Sde2/Got1/Grm1/Rest/Hras/Mylk/Egr1/Brca1/Stk11/Pkd2/Xpc/Gclc/Adss2/Tnks1bp1/Rbx1/Brcc3dc/Rad51ap1/Lrrc8c/Wrn/Pik3ca/Pcna/Neurod2/Eif2ak4/Letm1/Cul4b/Akt1/Gpr52/Ctnnb1/Mettl3/Prkcd/Net1/Ddx3x/Prkg2/Chek2/Zmpste24/Bnip3/Rhob/Brca2/Asic1/Rpl26"
"GO:0006282","GO:0006282","regulation of DNA repair",146,0.157388059987927,0.730299650719269,0.988888888888889,0.998320714411528,0.819286022024627,1944,"tags=23%, list=21%, signal=18%","Eya4/Egfr/Arid1a/Ino80/Smchd1/Spire2/Crebbp/Ep400/Cul4a/Radx/Meaf6/Vps72/Peli1/Pbrm1/Ino80d/Arid2/Atxn7/Kmt5b/Actr5/Tmem161a/Eya1/Shld2/Rnf8/Fam168a/Apbb1/Hsf1/Ercc6/Babam2/Sf3b3/Usp22/Axin2/Epc1/Eya3"
"GO:0008654","GO:0008654","phospholipid biosynthetic process",145,0.152982047298437,0.711483387708378,0.990808823529412,0.998320714411528,0.819286022024627,2441,"tags=30%, list=27%, signal=22%","Erbb4/Pik3c2a/Dgkb/Ttc7/Pigs/Plscr1/Lclat1/Pla2g6/Pemt/Bpnt2/Crls1/Pgs1/Sptlc2/Abca2/Itpkb/Pigc/Capn2/Itpka/Ip6k2/Lpcat3/Htr2c/Dgkd/Inpp4a/Ttc7b/Dgki/Etnk2/Fdps/Lpcat1/Dhdds/Atg14/Abhd8/Mboat2/Pcyt1b/Ggps1/Pigt/Mboat1/Gpat3/Pigyl/Agpat4/Sgms1/Apoa1/Abhd5/Pigx"
"GO:0002366","GO:0002366","leukocyte activation involved in immune response",112,0.155048477799089,0.696520493243895,0.990706319702602,0.998320714411528,0.819286022024627,2585,"tags=33%, list=29%, signal=24%","Rora/Phf14/Rc3h1/St3gal1/Lfng/Ep300/Plcl2/Gab2/Prkce/Irf8/Ifi35/Kmt5b/Atad5/Cd74/Shld2/Rnf8/Grn/Swap70/Enpp1/Mtor/Kmt2a/Nr4a3/Bcl6/Abl1/Plxna1/Pms2/Tfrc/Nbn/Tsc1/Socs5/Pla2g3/Chga/Notch2/Cd81/Stat3/Brd2/Fcer1g"
"GO:2000779","GO:2000779","regulation of double-strand break repair",90,0.160722064593487,0.692127657324298,0.992592592592593,0.998320714411528,0.819286022024627,1057,"tags=13%, list=12%, signal=12%","Arid1a/Smchd1/Spire2/Crebbp/Ep400/Radx/Meaf6/Vps72/Peli1/Pbrm1/Arid2/Kmt5b"
"GO:0072524","GO:0072524","pyridine-containing compound metabolic process",116,0.153532351418125,0.691750911199114,0.992523364485981,0.998320714411528,0.819286022024627,2291,"tags=28%, list=25%, signal=21%","Nmnat2/Arnt/Hdac4/Igf1/Ppargc1a/Esrrb/Ppara/Ogdh/Ep300/Pfkl/Afmid/Bcl2l13/Tkt/Acmsd/Idh2/Aldh1l2/Enpp1/Fkrp/Mtor/Eno4/Rpe/Mtch2/Ncor1/Lipa/App/Git1/Htt/Pck2/Rptor/Adpgk/Pfkfb3/Shpk"
"GO:0019362","GO:0019362","pyridine nucleotide metabolic process",110,-0.154088966490928,-0.689751491092779,0.991304347826087,0.998320714411528,0.819286022024627,2323,"tags=27%, list=26%, signal=21%","Slc4a4/Got1/Naxd/Eif6/Cyb5r4/Kat2b/Eno1/Mpi/Bpgm/Fdx1/Gapdh/Txnrd1/Ppp2ca/Macroh2a1/Pgam1/Ldha/Nampt/Rpia/Insr/Nadsyn1/Sirt6/Pgd/Slc25a22/Slc25a13/Gpi1/Got2/Ogt/Prkag2/Dlst/Pkm"
"GO:0046496","GO:0046496","nicotinamide nucleotide metabolic process",110,-0.154088966490928,-0.689751491092779,0.991304347826087,0.998320714411528,0.819286022024627,2323,"tags=27%, list=26%, signal=21%","Slc4a4/Got1/Naxd/Eif6/Cyb5r4/Kat2b/Eno1/Mpi/Bpgm/Fdx1/Gapdh/Txnrd1/Ppp2ca/Macroh2a1/Pgam1/Ldha/Nampt/Rpia/Insr/Nadsyn1/Sirt6/Pgd/Slc25a22/Slc25a13/Gpi1/Got2/Ogt/Prkag2/Dlst/Pkm"
"GO:0002697","GO:0002697","regulation of immune effector process",127,-0.150172833490303,-0.686339294050575,0.984848484848485,0.998320714411528,0.819286022024627,2618,"tags=29%, list=29%, signal=21%","Sema7a/Xbp1/Mapkapk2/Ppp3cb/Zbtb1/Hmgb1/Abr/Dnajb9/Dpp4/Gprc5b/Phb1/Hspa8/D6Wsu163e/Slc15a4/Atg9a/Mad2l2/Cuedc2/Pik3r6/Rabgef1/Rc3h2/Mif/Opa1/Atg5/Mlh1/Tril/Msh2/Traf6/Stx7/Gpi1/Supt6/Ddx60/Angpt1/C1qbp/Cd226/Snx4/Kit/Ddx1"
"GO:0001936","GO:0001936","regulation of endothelial cell proliferation",76,0.164764661059786,0.684877156306147,0.982954545454545,0.998320714411528,0.819286022024627,944,"tags=11%, list=10%, signal=10%","Ptprm/Prox1/Igf1/Akt3/Prkd1/Prkca/Cxcl12/Vip"
"GO:0035148","GO:0035148","tube formation",108,-0.15021667329815,-0.671537598463712,0.987261146496815,0.998320714411528,0.819286022024627,1308,"tags=14%, list=14%, signal=12%","Cluap1/Sox8/Mks1/Traf6/Ift172/Bbs4/Ctnnb1/Cc2d2a/Rala/Tsc2/Slc39a12/Kdm2b/Pik3cd/Ywhaz/Coq7"
"GO:0001838","GO:0001838","embryonic epithelial tube formation",94,0.154328135024783,0.671082326411802,0.994423791821561,0.998320714411528,0.819286022024627,2638,"tags=30%, list=29%, signal=21%","Zeb2/St14/Arid1a/Tgfb2/Kdm2a/Prickle1/Ski/Hectd1/Dlc1/Map3k7/Deaf1/Glmn/Wnt5a/Sufu/Ift57/Gatad2a/Abl1/Apaf1/Fzd3/Mthfd1/Lrp2/Tsc1/Rps7/Mthfd1l/Brd2/Lrp6/Luzp1/Lmo4"
"GO:0002702","GO:0002702","positive regulation of production of molecular mediator of immune response",55,-0.155863465581599,-0.615336391976085,0.991836734693878,0.998320714411528,0.819286022024627,2618,"tags=27%, list=29%, signal=20%","Sema7a/Xbp1/Mapkapk2/Dnajb9/Gprc5b/Phb1/Mad2l2/Mif/Mlh1/Msh2/Traf6/Gpi1/Cd226/Kit/Ddx1"
"GO:0006303","GO:0006303","double-strand break repair via nonhomologous end joining",43,-0.157759019641952,-0.589581684896575,0.987315010570824,0.998320714411528,0.819286022024627,2209,"tags=40%, list=24%, signal=30%","Psmd14/Zbtb7a/Mre11a/Lig3/Fh1/Iffo1/Nudt16l1/Helq/Dclre1c/Mad2l2/Dek/Mlh1/Poll/Pot1b/Uvrag/Smarcal1/Polb"
"GO:2000401","GO:2000401","regulation of lymphocyte migration",27,-0.175125670448937,-0.588726762651291,0.989711934156379,0.998320714411528,0.819286022024627,2699,"tags=37%, list=30%, signal=26%","Wasl/Nedd9/Med23/Msn/Ptk2b/Crkl/Spns2/Adam8/Akt1/Cxcl14"
"GO:0007031","GO:0007031","peroxisome organization",28,-0.173131046091645,-0.584814539969063,0.987421383647799,0.998320714411528,0.819286022024627,1884,"tags=43%, list=21%, signal=34%","Pex14/Pex13/Dnm1l/Pex5/Pex26/Acox1/Trim37/Opa1/Zfand6/Pex1/Pex10/Rab8b"
"GO:0006970","GO:0006970","response to osmotic stress",48,-0.150875530111706,-0.581106435562339,0.993827160493827,0.998320714411528,0.819286022024627,2499,"tags=29%, list=28%, signal=21%","Dysf/Slc12a5/Rac1/Ptk2b/Mlc1/Mylk/Pkd2/Ryr1/Lrrc8c/Agt/Mknk1/Letm1/Ddx3x/Prkg2"
"GO:0061515","GO:0061515","myeloid cell development",55,0.145721010669156,0.568131648022846,0.994140625,0.998320714411528,0.819286022024627,3079,"tags=36%, list=34%, signal=24%","Sox6/Arid4a/Ep300/Fam20c/Rabgap1l/Brd1/Ank1/Bcl6/Slc11a2/App/Meis1/Notch2/Rhd/Ninj1/Hba-a2/Rac2/Maea/Pabpc4/L3mbtl3/Gpr68"
"GO:0001954","GO:0001954","positive regulation of cell-matrix adhesion",39,0.155607028879464,0.567464361437259,0.988483685220729,0.998320714411528,0.819286022024627,2042,"tags=23%, list=23%, signal=18%","Dmd/Gsk3b/Fmn1/Cdk6/Itgb1bp1/Rock1/Map4k4/Rin2/Abl1"
"GO:0021532","GO:0021532","neural tube patterning",24,0.177798551789567,0.567405726595464,0.981927710843373,0.998320714411528,0.819286022024627,1703,"tags=17%, list=19%, signal=14%","Arl13b/Traf3ip1/Hes1/Ssbp3"
"GO:0006081","GO:0006081","aldehyde metabolic process",45,0.150034993460486,0.563664261075312,0.994252873563218,0.998320714411528,0.819286022024627,1707,"tags=20%, list=19%, signal=16%","Mgat4a/Rdh10/Tkt/Cacna1h/Idh2/Kcnma1/Bmp6/Rpe/Dkk3"
"GO:0002639","GO:0002639","positive regulation of immunoglobulin production",23,-0.174324408585481,-0.561753521789237,0.987903225806452,0.998320714411528,0.819286022024627,2561,"tags=30%, list=28%, signal=22%","Xbp1/Dnajb9/Phb1/Mad2l2/Mlh1/Msh2/Gpi1"
"GO:0046621","GO:0046621","negative regulation of organ growth",26,0.164351901060955,0.536893251357145,0.994163424124514,0.998320714411528,0.819286022024627,1694,"tags=19%, list=19%, signal=16%","Ppara/Ctdp1/Ptk2/Vgll4/Tcf7l2"
"GO:0006505","GO:0006505","GPI anchor metabolic process",21,-0.170568053222581,-0.533365785855507,0.991803278688525,0.998320714411528,0.819286022024627,3016,"tags=52%, list=33%, signal=35%","Pign/Pigq/Pigv/Pigu/Dpm2/Dpm1/Pigb/Pigp/Pigh/Pigk/Pgap1"
"GO:0006506","GO:0006506","GPI anchor biosynthetic process",21,-0.170568053222581,-0.533365785855507,0.991803278688525,0.998320714411528,0.819286022024627,3016,"tags=52%, list=33%, signal=35%","Pign/Pigq/Pigv/Pigu/Dpm2/Dpm1/Pigb/Pigp/Pigh/Pigk/Pgap1"
"GO:0180046","GO:0180046","GPI anchored protein biosynthesis",21,-0.170568053222581,-0.533365785855507,0.991803278688525,0.998320714411528,0.819286022024627,3016,"tags=52%, list=33%, signal=35%","Pign/Pigq/Pigv/Pigu/Dpm2/Dpm1/Pigb/Pigp/Pigh/Pigk/Pgap1"
"GO:0055022","GO:0055022","negative regulation of cardiac muscle tissue growth",20,0.171629164515189,0.533247369512841,0.990439770554493,0.998320714411528,0.819286022024627,1360,"tags=15%, list=15%, signal=13%","Ppara/Ctdp1/Vgll4"
"GO:0061117","GO:0061117","negative regulation of heart growth",20,0.171629164515189,0.533247369512841,0.990439770554493,0.998320714411528,0.819286022024627,1360,"tags=15%, list=15%, signal=13%","Ppara/Ctdp1/Vgll4"
"GO:1903317","GO:1903317","regulation of protein maturation",32,0.15412268526841,0.527699469476448,0.994186046511628,0.998320714411528,0.819286022024627,1195,"tags=12%, list=13%, signal=11%","Rasal2/Sox4/Cntn2/Glg1"
"GO:0016180","GO:0016180","snRNA processing",26,-0.158141841212907,-0.527603783767292,0.993852459016393,0.998320714411528,0.819286022024627,3578,"tags=46%, list=39%, signal=28%","Ints14/Mettl4/Usb1/Ints4/Ints8/Dkc1/Ints1/Ints10/Ints2/Larp7/Ints11/Exosc9"
"GO:0072337","GO:0072337","modified amino acid transport",24,-0.160767422300742,-0.524081278765942,0.990079365079365,0.998320714411528,0.819286022024627,1473,"tags=17%, list=16%, signal=14%","Abcc1/Abcc4/Abcc5/Nherf1"
"GO:0150117","GO:0150117","positive regulation of cell-substrate junction organization",25,-0.157915599952758,-0.520655473154048,0.991869918699187,0.998320714411528,0.819286022024627,2599,"tags=40%, list=29%, signal=29%","Ptpn11/Ppm1f/Mapre2/Sdc4/Poldip2/Rac1/Iqgap1/Epb41l5/Fermt2/Nrp1"
"GO:0048261","GO:0048261","negative regulation of receptor-mediated endocytosis",20,-0.169198869326468,-0.519311158375337,0.989561586638831,0.998320714411528,0.819286022024627,180,"tags=15%, list=2%, signal=15%","Rabgef1/Sh3gl3/Itgav"
"GO:0032413","GO:0032413","negative regulation of ion transmembrane transporter activity",24,0.161140481475417,0.514245088361103,0.993975903614458,0.998320714411528,0.819286022024627,2633,"tags=33%, list=29%, signal=24%","Kcne2/Ank3/Kcne4/Fmr1/Agrn/Stk39/Ephb2/Cbarp"
"GO:0001736","GO:0001736","establishment of planar polarity",25,0.158400833647915,0.512114584834932,0.990196078431373,0.998320714411528,0.819286022024627,760,"tags=8%, list=8%, signal=7%","Erbb4/Brsk2"
"GO:0007164","GO:0007164","establishment of tissue polarity",25,0.158400833647915,0.512114584834932,0.990196078431373,0.998320714411528,0.819286022024627,760,"tags=8%, list=8%, signal=7%","Erbb4/Brsk2"
"GO:0071470","GO:0071470","cellular response to osmotic stress",30,0.148450280101729,0.50152913880146,0.992233009708738,0.998320714411528,0.819286022024627,2573,"tags=33%, list=28%, signal=24%","Wnk1/Aqp1/Mtor/Atp1a1/Nlk/Trpv3/Rptor/Stk39/Xrcc6/Ninj1"
"GO:0035162","GO:0035162","embryonic hemopoiesis",21,-0.159976110657218,-0.500244813531697,0.993852459016393,0.998320714411528,0.819286022024627,3148,"tags=38%, list=35%, signal=25%","Med1/Stk4/Hif1a/Tgfbr2/Kitl/Lmo2/Hscb/Kit"
"GO:0042113","GO:0042113","B cell activation",131,-0.148870534639178,-0.682888853535551,0.995661605206074,0.998337751627225,0.819300003856791,2352,"tags=24%, list=26%, signal=18%","Dnajb9/Dpp4/Ptk2b/Skap2/Phb1/Slc15a4/Cyld/Irf2bp2/Dclre1c/Mad2l2/Mif/Hmga1/Mlh1/Mmp14/Msh2/Ada/Chrna4/Itm2a/Irs2/Itfg2/Prkcb/Prkcd/Msh6/Tsc2/Rabl3/Ppp2r3c/Supt6/Ctps1/Pik3cd/Gpr183/Kit/Id2"
"GO:0019751","GO:0019751","polyol metabolic process",64,0.151583187855636,0.605662148779748,0.995991983967936,0.998337751627225,0.819300003856791,1596,"tags=17%, list=18%, signal=14%","Prkg1/Pth1r/Plcb1/Sptlc2/Adcyap1r1/Abca2/Itpkb/Itpka/Ip6k2/Fkrp/Sptlc3"
"GO:0060972","GO:0060972","left/right pattern formation",76,0.138929843317514,0.577489586694998,0.996212121212121,0.998337751627225,0.819300003856791,2290,"tags=24%, list=25%, signal=18%","Arl13b/Acvr2b/Kdm2a/Dnah5/Ccdc103/Invs/Cep290/Acvr2a/Rnf207/Acvr1/Cfap45/Wnt5a/Sufu/Ift57/Bicc1/Daam2/Dnaaf11/Odad2"
"GO:1900015","GO:1900015","regulation of cytokine production involved in inflammatory response",25,0.153243072917932,0.495439391693056,0.996078431372549,0.998337751627225,0.819300003856791,741,"tags=8%, list=8%, signal=7%","Ezh2/Ppara"
"GO:0097300","GO:0097300","programmed necrotic cell death",29,0.142214363716382,0.478833179287664,0.99618320610687,0.998337751627225,0.819300003856791,2573,"tags=31%, list=28%, signal=22%","Ripk1/Peli1/Map3k5/Map3k7/Rnf31/Ppif/Fas/Atg9b/Ninj1"
"GO:0001819","GO:0001819","positive regulation of cytokine production",183,-0.146533984940084,-0.707461289506778,0.997844827586207,0.998728622862286,0.81962077786726,2415,"tags=28%, list=27%, signal=21%","Rftn1/Stmp1/Il17d/Sema7a/Lamtor5/Xbp1/Mapkapk2/Hmgb1/Sorl1/Mapk14/Bsg/Gprc5b/Phb1/Hras/Nras/Tmf1/Trim65/Egr1/Riok3/Brca1/Traf3/Mif/Dlk1/Opa1/Eif2ak2/Grk2/Setd4/Tusc2/Gapdh/Agt/Crhr2/Adam8/Sod1/Traf6/Htr2b/Cyba/Mdk/Trim32/Akap12/Ddx3x/Tomm70a/Prkcq/Tbk1/Adra2a/Park7/G3bp1/Pla2r1/Cd226/Kit/Ddx1/Lrp1"
"GO:0045862","GO:0045862","positive regulation of proteolysis",137,-0.145899905291739,-0.675587883679356,0.997849462365591,0.998728622862286,0.81962077786726,1834,"tags=19%, list=20%, signal=15%","Rbx1/Zer1/Mapk8/Csnk1e/Bag2/Mmp14/Tmem67/Gsn/Adam8/Sumo1/Akt1/Usp5/Paqr3/Oga/Fzr1/Sirt6/Osbpl7/Trim32/Stub1/Eif2a/Pabir1/Traf7/Ogt/Adra2a/Zyg11b/Atxn3"
"GO:0061008","GO:0061008","hepaticobiliary system development",104,-0.134600973920542,-0.599070780351916,0.9979035639413,0.998728622862286,0.81962077786726,1453,"tags=15%, list=16%, signal=13%","Ada/Pik3ca/Ezh1/Sod2/Pcna/Ldha/Nf1/Mks1/Lims2/Errfi1/Taf10/Mdk/Smarcb1/Zmpste24/Npc1/Pkm"
"GO:0032755","GO:0032755","positive regulation of interleukin-6 production",33,0.142170342801634,0.489259900222208,0.998019801980198,0.998728622862286,0.81962077786726,3212,"tags=42%, list=35%, signal=27%","Tut4/Cd74/Ifih1/C1qtnf4/Wnt5a/App/Il1rl2/Stat3/Zbtb20/Fcer1g/Tirap/Nos2/Plcg2/Card9"
"GO:0072175","GO:0072175","epithelial tube formation",102,-0.143938512101253,-0.636611360705075,1,1,0.820664151507228,1308,"tags=28%, list=14%, signal=25%","Vangl2/Shroom3/Sdc4/Ift122/Ift52/Nckap1/Tctn1/Specc1l/Fgfr2/Sall1/Plxnb2/Med12/Podxl/Opa1/Grhl3/Cluap1/Sox8/Mks1/Traf6/Ift172/Bbs4/Ctnnb1/Cc2d2a/Rala/Tsc2/Slc39a12/Kdm2b/Pik3cd/Coq7"
"GO:0001889","GO:0001889","liver development",103,0.129795865949629,0.572787447057045,1,1,0.820664151507228,2583,"tags=27%, list=28%, signal=20%","Prox1/Pkd1/Egfr/Tet2/Cadm1/Ezh2/Rb1cc1/Cebpa/Itpr1/Fgf18/Ptpn3/Hes1/Cdk5rap3/Fgf1/Lipa/Rps6ka1/Jun/Atf2/Pck2/Mrtfb/Hnrnpd/Upf2/Smarca4/Notch2/Hgf/Arf6/Upb1/Sp3"
