"","ID","Description","setSize","enrichmentScore","NES","pvalue","p.adjust","qvalue","rank","leading_edge","core_enrichment"
"GO:0002181","GO:0002181","cytoplasmic translation",118,-0.581498624474875,-2.68157857919501,1e-10,1.6163451248035e-07,1.34390619545309e-07,1935,"tags=58%, list=20%, signal=46%","Rwdd1/Eif3i/Rpl19/Rpl7/Csde1/Rpl6/Rpl12/Eif4a2/Rps17/Rpl9-ps6/Eef2/Etf1/Piwil1/Cpeb1/Rps11/Ckap5/Rpl23/Mcts1/Pkm/Rpl3/Rpl22l1/Rps14/Rpl5/Eif2b1/Eif3e/Rpl21/Rplp2/Gtpbp1/Denr/Rpl14/Ncbp2/Rps8/Rps10/Rpl18a/Rpl13/Parp16/Rps2/Eif2b5/Eif3j2/Eif2b2/Alkbh3/Eif2s2/Rps13/Rps3a1/Rpl39/Eif3k/Rplp0/Rpl4/Rpl10a/Rpl24/Rpl34/Mettl3/Rpl8/Rps29/Rps20/Rpl31/Rps15a/Rpl37a/Rps16/Rpl26/Rps21/Rps4x/Rpl38/Rpl27/Rpl30/Rpl29/Rpl35a/Rps28"
"GO:0140241","GO:0140241","translation at synapse",30,-0.771446090557615,-2.67525270179538,1.68135761942112e-10,1.6163451248035e-07,1.34390619545309e-07,1848,"tags=87%, list=20%, signal=70%","Rpl7/Rpl6/Rpl12/Eef2/Rps11/Rpl23/Rps14/Rpl5/Rplp2/Rpl14/Rps10/Rpl13/Rpl4/Rpl10a/Rpl24/Rpl34/Rpl8/Rps15a/Rpl37a/Rps16/Rpl26/Rpl38/Rpl27/Rpl29/Rpl35a/Rps28"
"GO:0140242","GO:0140242","translation at postsynapse",30,-0.771446090557615,-2.67525270179538,1.68135761942112e-10,1.6163451248035e-07,1.34390619545309e-07,1848,"tags=87%, list=20%, signal=70%","Rpl7/Rpl6/Rpl12/Eef2/Rps11/Rpl23/Rps14/Rpl5/Rplp2/Rpl14/Rps10/Rpl13/Rpl4/Rpl10a/Rpl24/Rpl34/Rpl8/Rps15a/Rpl37a/Rps16/Rpl26/Rpl38/Rpl27/Rpl29/Rpl35a/Rps28"
"GO:0140236","GO:0140236","translation at presynapse",29,-0.781179856997194,-2.68133419961692,2.9442174040346e-10,2.12278074830894e-07,1.76498085431337e-07,1173,"tags=76%, list=12%, signal=67%","Rps11/Rpl23/Rps14/Rpl5/Rplp2/Rpl14/Rps10/Rpl13/Rpl4/Rpl10a/Rpl24/Rpl34/Rpl8/Rps15a/Rpl37a/Rps16/Rpl26/Rpl38/Rpl27/Rpl29/Rpl35a/Rps28"
"GO:0030279","GO:0030279","negative regulation of ossification",22,0.808801533967634,2.54526954670492,5.12451182368472e-09,2.95581841990135e-06,2.45760798617974e-06,769,"tags=59%, list=8%, signal=54%","Acvr2b/Adrb2/Mkx/Bcl2/Gfra4/Calcr/Bcor/Smad6/Smurf1/Rbpj/Sox9/Lrp4/Hif1a"
"GO:0098742","GO:0098742","cell-cell adhesion via plasma-membrane adhesion molecules",116,0.499384197767432,2.21215101221473,8.18203033652215e-09,3.93282924842165e-06,3.26994124677148e-06,1456,"tags=38%, list=15%, signal=33%","Robo1/Fgfrl1/Dab1/Pecam1/Tenm3/Nrcam/Cdh6/Adgrl3/Alcam/Tgfb2/Cdh4/Cadm1/Ptprf/Robo2/Cadm2/Dscam/Pcdh17/Wnk1/Il1rapl1/Kirrel3/Epha3/Igsf11/Magi2/Tenm4/Grid2/Nrxn1/Fat3/Elfn2/Pcdh10/Cdh10/Apoa1/Mmp24/Hmcn1/Gpc4/Ptprs/Plxnb2/Sdk2/Cdh2/Elfn1/Celsr1/Cntn5/Pcdh19/Tgfbr2/Acvr1"
"GO:0009060","GO:0009060","aerobic respiration",130,-0.462149108689767,-2.17652969627023,1.48272511462753e-08,6.10882747226544e-06,5.07916964078425e-06,2314,"tags=51%, list=24%, signal=39%","Dguok/Dlst/Mtfr1l/Chchd2/Uqcrfs1/Aco2/Park7/Mdh2/Uqcrc1/Sdhc/Cox7a2l/Sucla2/Atp5f1c/Chchd10/Dlat/Pdhb/Atp5pd/Atp5po/Ndufb4/Ndufv2/Coa6/Ireb2/Coq9/Ndufa10/Uqcrc2/Ndufa11/Ndufa2/Sirt3/Suclg1/Ndufa12/Ndufb5/Ndufb3/Ndufs3/Uqcrq/Ndufs1/Oxa1l/Cox7a2/Ndufv3/Ndufb2/Ndufb9/Idh3b/Ndufc2/Cox4i1/Ndufa1/Uqcr10/Cycs/Ndufs6/Cox7b2/Ndufab1/Uqcr11/Uqcrb/Uqcc2/Ndufa8/Atp5mf/Ndufa5/Sdhb/Cs/Atp5pf/Mdh1/Bloc1s1/Uqcrh/Sdhd/Dld/Idh3a/Coq7/mt-Nd6"
"GO:0015986","GO:0015986","proton motive force-driven ATP synthesis",52,-0.614307079200003,-2.44399387879308,7.35197713572125e-08,2.47589823187787e-05,2.05857952121242e-05,1528,"tags=54%, list=16%, signal=45%","Atp5pd/Atp5po/Ndufb4/Ndufv2/Ndufa10/Ndufa11/Ndufa2/Ndufa12/Ndufb5/Ndufb3/Ndufs3/Ndufs1/Ndufv3/Ndufb2/Ndufb9/Atp5mc3/Ndufc2/Ndufa1/Ndufs6/Ndufab1/Ndufa8/Atp5mf/Ndufa5/Sdhb/Atp5pf/Atp6v1a/Sdhd/mt-Nd6"
"GO:0033108","GO:0033108","mitochondrial respiratory chain complex assembly",85,-0.510304815170276,-2.23142661713134,7.72645079296145e-08,2.47589823187787e-05,2.05857952121242e-05,1550,"tags=41%, list=16%, signal=35%","Atpaf1/Acad9/Timmdc1/Ndufb4/Ndufaf8/Ndufa10/Ndufa11/Ndufa2/Stmp1/Ndufa12/Ndufb5/Ndufb3/Ndufs3/Ndufs1/Oxa1l/Smim20/Cox7a2/Ndufb2/Ndufb9/Ndufc2/Ndufa1/Ndufs6/Samm50/Ndufab1/Uqcc2/Ndufa8/Ndufa5/Rab5if/Uqcc5/Atp23/mt-Nd6/Cox14/Cox20/Higd1a/Sdhaf4"
"GO:0006119","GO:0006119","oxidative phosphorylation",96,-0.486651789934333,-2.1809771819798,9.3819610254103e-08,2.70575755972833e-05,2.24969549640891e-05,2206,"tags=51%, list=23%, signal=40%","Chchd2/Uqcrfs1/Park7/Uqcrc1/Sdhc/Cox7a2l/Atp5f1c/Chchd10/Atp5pd/Atp5po/Ndufb4/Ndufv2/Coa6/Coq9/Ndufa10/Uqcrc2/Ndufa11/Ndufa2/Ndufa12/Ndufb5/Ndufb3/Ndufs3/Uqcrq/Ndufs1/Cox7a2/Ndufv3/Ndufb2/Ndufb9/Ndufc2/Cox4i1/Ndufa1/Uqcr10/Cycs/Ndufs6/Cox7b2/Ndufab1/Uqcr11/Uqcrb/Uqcc2/Ndufa8/Atp5mf/Ndufa5/Sdhb/Atp5pf/Uqcrh/Sdhd/Dld/Coq7/mt-Nd6"
"GO:0042776","GO:0042776","proton motive force-driven mitochondrial ATP synthesis",50,-0.599154746606176,-2.34918422685154,1.48731937998719e-07,3.89948099262095e-05,3.24221392115867e-05,1528,"tags=52%, list=16%, signal=44%","Atp5pd/Atp5po/Ndufb4/Ndufv2/Ndufa10/Ndufa11/Ndufa2/Ndufa12/Ndufb5/Ndufb3/Ndufs3/Ndufs1/Ndufv3/Ndufb2/Ndufb9/Ndufc2/Ndufa1/Ndufs6/Ndufab1/Ndufa8/Atp5mf/Ndufa5/Sdhb/Atp5pf/Sdhd/mt-Nd6"
"GO:0009206","GO:0009206","purine ribonucleoside triphosphate biosynthetic process",73,-0.533854867920473,-2.28239347837039,2.64900465498937e-07,5.63217274122739e-05,4.68285623203008e-05,1528,"tags=47%, list=16%, signal=39%","Atp5pd/Atp5po/Ndufb4/Ndufv2/Ndufa10/Ndufa11/Ndufa2/Eno1/Impdh2/Ndufa12/Ndufb5/Ndufb3/Ndufs3/Ndufs1/Ndufv3/Ndufb2/Ndufb9/Atp5mc3/Ndufc2/Ndufa1/Ndufs6/Cox11/Map2k1/Ndufab1/Ndufa8/Atp5mf/Ndufa5/Sdhb/Atp5pf/Nme1/Atp6v1a/Sdhd/mt-Nd6/Tmsb4x"
"GO:0009142","GO:0009142","nucleoside triphosphate biosynthetic process",85,-0.496309901101273,-2.17023059696912,2.73406443748903e-07,5.63217274122739e-05,4.68285623203008e-05,1528,"tags=40%, list=16%, signal=34%","Atp5pd/Atp5po/Ndufb4/Ndufv2/Ndufa10/Ndufa11/Ndufa2/Eno1/Impdh2/Ndufa12/Ndufb5/Ndufb3/Ndufs3/Ndufs1/Ndufv3/Ndufb2/Ndufb9/Atp5mc3/Ndufc2/Ndufa1/Ndufs6/Cox11/Map2k1/Ndufab1/Ndufa8/Atp5mf/Ndufa5/Sdhb/Atp5pf/Nme1/Atp6v1a/Sdhd/mt-Nd6/Tmsb4x"
"GO:0090596","GO:0090596","sensory organ morphogenesis",179,0.415578157609132,1.95623337962186,2.42081284919754e-07,5.63217274122739e-05,4.68285623203008e-05,1518,"tags=32%, list=16%, signal=27%","Col8a2/Six3/Pou2f1/Insig1/Tenm3/Arid1a/Chd7/Myo3b/Col11a1/Col5a1/Bcl2/Zhx2/Dscam/Zeb1/Meis1/Ush1c/Bcar3/Gli3/Hipk2/Lrp5/Lrp6/Pou3f4/Sox1/Ski/Fat3/Rpgrip1l/Rest/Lrig1/Sox9/Bcr/Hif1a/Stau2/Fgfr3/Tshz1/Fgfr1/Mafb/Prox1/Abi2/Alms1/Bdnf/Sdk2/Dlx5/Nherf1/Otx1/Mfsd2a/Pax6/Large1/Spry2/Tsku/Fzd2/Dzank1/Celsr1/Vangl2/Cep290/Fgf9/Scrib/Fgfr2"
"GO:0006754","GO:0006754","ATP biosynthetic process",68,-0.53551896096656,-2.24580055709792,4.02212977789907e-07,7.73321485297395e-05,6.42976255021339e-05,1528,"tags=47%, list=16%, signal=40%","Atp5pd/Atp5po/Ndufb4/Ndufv2/Ndufa10/Ndufa11/Ndufa2/Eno1/Ndufa12/Ndufb5/Ndufb3/Ndufs3/Ndufs1/Ndufv3/Ndufb2/Ndufb9/Atp5mc3/Ndufc2/Ndufa1/Ndufs6/Cox11/Map2k1/Ndufab1/Ndufa8/Atp5mf/Ndufa5/Sdhb/Atp5pf/Atp6v1a/Sdhd/mt-Nd6/Tmsb4x"
"GO:0009145","GO:0009145","purine nucleoside triphosphate biosynthetic process",74,-0.525370693255261,-2.25549576994581,4.58143255290411e-07,8.25803217660965e-05,6.86612062862865e-05,1528,"tags=46%, list=16%, signal=39%","Atp5pd/Atp5po/Ndufb4/Ndufv2/Ndufa10/Ndufa11/Ndufa2/Eno1/Impdh2/Ndufa12/Ndufb5/Ndufb3/Ndufs3/Ndufs1/Ndufv3/Ndufb2/Ndufb9/Atp5mc3/Ndufc2/Ndufa1/Ndufs6/Cox11/Map2k1/Ndufab1/Ndufa8/Atp5mf/Ndufa5/Sdhb/Atp5pf/Nme1/Atp6v1a/Sdhd/mt-Nd6/Tmsb4x"
"GO:0061448","GO:0061448","connective tissue development",172,0.411786067283911,1.92951277424504,5.1843844620966e-07,8.79515575805094e-05,7.31271071495731e-05,1673,"tags=34%, list=18%, signal=29%","Nfia/Sox5/Trps1/Bmpr1b/Ap1s2/Col11a1/Col5a1/Tgfb2/Ppargc1a/Mkx/Smpd3/Bmpr1a/Zeb1/Csgalnact1/Pkd1/Gli3/Chst11/Vps13b/Lrp5/Lrp6/Ep300/Fgf18/Klf7/Pum2/Pdgfd/Rasal2/Sptlc2/Runx1/Ext1/Ncoa2/Sox9/Hif1a/Wnt7a/Prkca/Fgfr3/Fgfr1/Rxfp1/Zfp516/Smad1/Zbtb16/Arid5b/Mef2d/Spi1/Ncoa1/Pdgfrb/Sik3/Paxip1/Large1/Chsy1/Trip11/Fgf9/Tgfbr2/Thra/Sox6/Bmpr2/Fbxw4/Axin2/Tapt1/Tbl1xr1"
"GO:0071559","GO:0071559","response to transforming growth factor beta",170,0.416150977146919,1.94085298999941,6.33919802988301e-07,0.000101568039545459,8.4448497731424e-05,1665,"tags=35%, list=18%, signal=29%","Sox5/Smurf2/Bmpr1b/Pde3a/Tgfb2/Zfp451/Penk/Zmiz1/Fyn/Ppargc1a/Bmpr1a/Zeb1/Spred1/Hipk2/Zfp703/Smad6/Chst11/Smurf1/Nlk/Ep300/Ptk2/Igf1r/Rock1/Ski/Lats1/Arid4b/Pdgfd/Ptprk/Runx1/Nr3c1/Wwox/Spred2/Crebbp/Sox9/Wnt7a/Rnf111/Htra1/Cd109/Fut8/Prdm16/Ddr2/Appl2/Smad1/Abl1/Ppara/Myocd/Tet1/Spi1/Tnrc6c/Col1a2/Spry2/Map3k7/Zfhx3/Tgfbr2/Acvr1/Itgb5/Sox6/Dcp1a/Creb1"
"GO:0009201","GO:0009201","ribonucleoside triphosphate biosynthetic process",78,-0.521954791518818,-2.25320961112963,6.87513826191962e-07,0.000104357361828296,8.67676729122044e-05,1528,"tags=44%, list=16%, signal=37%","Atp5pd/Atp5po/Ndufb4/Ndufv2/Ndufa10/Ndufa11/Ndufa2/Eno1/Impdh2/Ndufa12/Ndufb5/Ndufb3/Ndufs3/Ndufs1/Ndufv3/Ndufb2/Ndufb9/Atp5mc3/Ndufc2/Ndufa1/Ndufs6/Cox11/Map2k1/Ndufab1/Ndufa8/Atp5mf/Ndufa5/Sdhb/Atp5pf/Nme1/Atp6v1a/Sdhd/mt-Nd6/Tmsb4x"
"GO:0045333","GO:0045333","cellular respiration",160,-0.4106283575901,-1.99045044647809,7.31630048782403e-07,0.000105501053034422,8.77185921645428e-05,2314,"tags=47%, list=24%, signal=36%","Dguok/Dlst/Mtfr1l/Chchd2/Uqcrfs1/Aco2/Park7/Mdh2/Uqcrc1/Trap1/Sdhc/Cox7a2l/Sucla2/Atp5f1c/Chchd10/Slc25a25/Dlat/Pdhb/Atp5pd/Atp5po/Ndufb4/Ndufv2/Coa6/Ireb2/Coq9/Ndufa10/Uqcrc2/Pm20d1/Chchd5/Ndufa11/Il10rb/Ndufa2/Sirt3/Suclg1/Ndufa12/Nr4a3/Ndufb5/Ndufb3/Ndufs3/Uqcrq/Ndufs1/Oxa1l/Cox7a2/Ndufv3/Ndufb2/Ndufb9/Idh3b/Ndufc2/Cox4i1/Ndufa1/Uqcr10/Cycs/Ndufs6/Cox7b2/Ndufab1/Uqcr11/Uqcrb/Uqcc2/Ndufa8/Atp5mf/Ndufa5/Sdhb/Cs/Atp5pf/Mdh1/Bloc1s1/Cisd1/Uqcrh/Sdhd/Dld/Idh3a/Coq7/mt-Nd6/Sod2/Sdhaf4"
"GO:2000628","GO:2000628","regulation of miRNA metabolic process",61,0.55704496332423,2.19141778652999,1.00223621713211e-06,0.000134540154067745,0.000111863081599505,1251,"tags=38%, list=13%, signal=33%","Qki/Tgfb2/Rc3h1/Ncor2/Srebf2/Bmpr1a/Hdac4/Egfr/Smad6/Klf5/Srebf1/Foxo3/Ep300/Rest/Nr3c1/Nfatc3/Sox9/Hif1a/Smad1/Ppara/Myocd/Spi1/Pax6"
"GO:0048592","GO:0048592","eye morphogenesis",113,0.459474415018067,2.01936335626739,1.07296239374415e-06,0.000134540154067745,0.000111863081599505,1467,"tags=33%, list=15%, signal=28%","Col8a2/Six3/Pou2f1/Tenm3/Arid1a/Col5a1/Bcl2/Zhx2/Dscam/Zeb1/Meis1/Ush1c/Bcar3/Gli3/Hipk2/Lrp5/Lrp6/Sox1/Ski/Fat3/Rpgrip1l/Sox9/Hif1a/Stau2/Fgfr3/Prox1/Abi2/Alms1/Bdnf/Sdk2/Mfsd2a/Pax6/Large1/Tsku/Dzank1/Cep290/Scrib"
"GO:0009199","GO:0009199","ribonucleoside triphosphate metabolic process",174,-0.389210119794361,-1.90128204419952,1.06536053615552e-06,0.000134540154067745,0.000111863081599505,1528,"tags=34%, list=16%, signal=29%","Atp5pd/Atp5po/Ddit4/Ndufb4/Entpd4/Ndufv2/Fkrp/Hspa8/Ndufa10/Pfkfb2/Ndufa11/Gapdh/Uchl1/Ndufa2/Ampd3/Eno2/Eno1/Impdh2/Pfkl/Ogt/Ndufa12/Rab23/Ndufb5/Ndufb3/Ndufs3/Ndufs1/Ran/Pkm/Ndufv3/Ndufb2/Ndufb9/Atp5mc3/Gpi1/Eif6/Gtpbp1/Ndufc2/Dnm1l/Ppp2ca/Ndufa1/Bpgm/Ndufs6/Cox11/Map2k1/Ndufab1/Pgam1/Ndufa8/Atp5mf/Ndufa5/Sdhb/Atp5pf/Nme1/Atp6v1a/Itpa/Sdhd/mt-Nd6/Gale/Atp6v1b2/Tmsb4x/Esrrb"
"GO:0009205","GO:0009205","purine ribonucleoside triphosphate metabolic process",168,-0.390493898672,-1.90107750561957,1.43091565377565e-06,0.000171948364395374,0.000142966046460567,1528,"tags=35%, list=16%, signal=29%","Atp5pd/Atp5po/Ddit4/Ndufb4/Ndufv2/Fkrp/Hspa8/Ndufa10/Pfkfb2/Ndufa11/Gapdh/Uchl1/Ndufa2/Ampd3/Eno2/Eno1/Impdh2/Pfkl/Ogt/Ndufa12/Rab23/Ndufb5/Ndufb3/Ndufs3/Ndufs1/Ran/Pkm/Ndufv3/Ndufb2/Ndufb9/Atp5mc3/Gpi1/Eif6/Gtpbp1/Ndufc2/Dnm1l/Ppp2ca/Ndufa1/Bpgm/Ndufs6/Cox11/Map2k1/Ndufab1/Pgam1/Ndufa8/Atp5mf/Ndufa5/Sdhb/Atp5pf/Nme1/Atp6v1a/Itpa/Sdhd/mt-Nd6/Gale/Atp6v1b2/Tmsb4x/Esrrb"
"GO:0035107","GO:0035107","appendage morphogenesis",98,0.469735772572071,1.999506548192,1.68821034940749e-06,0.00018233837990426,0.000151604799409411,1687,"tags=38%, list=18%, signal=31%","Gpc3/Nfia/Frem2/Sall3/Chd7/Tgfb2/Pcnt/Bmpr1a/Gli3/Chst11/Gna12/Lrp5/Lrp6/Ski/Tulp3/Lef1/Rpgrip1l/Ext1/Sox9/Lrp4/Wnt7a/Ttbk2/Lmbr1/Mbnl1/Fgfr1/Vps54/Zbtb16/Dlx5/Sik3/Large1/Rdh10/Fgf9/Cacna1c/Fgfr2/Fbxw4/Asph/Traf3ip1"
"GO:0035108","GO:0035108","limb morphogenesis",98,0.469735772572071,1.999506548192,1.68821034940749e-06,0.00018233837990426,0.000151604799409411,1687,"tags=38%, list=18%, signal=31%","Gpc3/Nfia/Frem2/Sall3/Chd7/Tgfb2/Pcnt/Bmpr1a/Gli3/Chst11/Gna12/Lrp5/Lrp6/Ski/Tulp3/Lef1/Rpgrip1l/Ext1/Sox9/Lrp4/Wnt7a/Ttbk2/Lmbr1/Mbnl1/Fgfr1/Vps54/Zbtb16/Dlx5/Sik3/Large1/Rdh10/Fgf9/Cacna1c/Fgfr2/Fbxw4/Asph/Traf3ip1"
"GO:0071560","GO:0071560","cellular response to transforming growth factor beta stimulus",164,0.414515097535542,1.91320209467648,1.70705140687067e-06,0.00018233837990426,0.000151604799409411,1665,"tags=35%, list=18%, signal=29%","Sox5/Smurf2/Bmpr1b/Pde3a/Tgfb2/Zfp451/Penk/Zmiz1/Fyn/Ppargc1a/Bmpr1a/Zeb1/Spred1/Hipk2/Zfp703/Smad6/Chst11/Smurf1/Nlk/Ep300/Ptk2/Igf1r/Ski/Lats1/Arid4b/Pdgfd/Ptprk/Runx1/Nr3c1/Wwox/Spred2/Crebbp/Sox9/Wnt7a/Rnf111/Htra1/Cd109/Fut8/Prdm16/Ddr2/Appl2/Smad1/Abl1/Ppara/Myocd/Tet1/Spi1/Tnrc6c/Col1a2/Spry2/Map3k7/Tgfbr2/Acvr1/Itgb5/Sox6/Dcp1a/Creb1"
"GO:0010586","GO:0010586","miRNA metabolic process",71,0.516486164232263,2.08843239867129,2.09848196388505e-06,0.00021614364228016,0.00017971210201993,1251,"tags=37%, list=13%, signal=32%","Qki/Tgfb2/Tut4/Rc3h1/Ncor2/Srebf2/Bmpr1a/Hdac4/Egfr/Ddx17/Smad6/Klf5/Srebf1/Foxo3/Ep300/Rest/Nr3c1/Nfatc3/Sox9/Hif1a/Ago4/Smad1/Ppara/Myocd/Spi1/Pax6"
"GO:0048593","GO:0048593","camera-type eye morphogenesis",94,0.467340607059704,1.98582052361053,2.68611939696845e-06,0.000260084859342655,0.000216246919330815,1299,"tags=32%, list=14%, signal=28%","Col8a2/Six3/Pou2f1/Tenm3/Arid1a/Zhx2/Dscam/Zeb1/Meis1/Ush1c/Bcar3/Gli3/Hipk2/Lrp5/Lrp6/Sox1/Ski/Fat3/Rpgrip1l/Sox9/Hif1a/Fgfr3/Prox1/Abi2/Alms1/Sdk2/Mfsd2a/Pax6/Large1/Tsku"
"GO:0060541","GO:0060541","respiratory system development",173,0.400368564750011,1.87471655002723,2.70545970190001e-06,0.000260084859342655,0.000216246919330815,1465,"tags=32%, list=15%, signal=28%","Gpc3/Foxp2/Fgfrl1/Pou2f1/Acvr2b/Chd7/Hs6st1/Ncor2/Smpd3/Bmpr1a/Egfr/Yap1/Fndc3b/Tns3/Pkd1/Gli3/Hipk2/Lrp6/Srebf1/Ep300/Atxn1/Cux1/Fgf18/Ski/Tulp3/Rbpj/Clcn2/Foxp4/Lef1/Rpgrip1l/Man1a2/Ext1/Sox9/Dnaaf1/Fgfr3/Fgfr1/Rxfp1/Igfbp5/Prox1/Phf14/Dlx5/Myocd/Pdgfrb/Tnrc6c/Eda/Spry2/Smchd1/Tshz3/Epas1/Celsr1/Vangl2/Dhcr7/Rdh10/Fgf9/Tgfbr2/Thra"
"GO:0009144","GO:0009144","purine nucleoside triphosphate metabolic process",174,-0.378203078454319,-1.8475129128351,3.5548433652752e-06,0.000329729554521767,0.000274152830571789,1528,"tags=34%, list=16%, signal=29%","Atp5pd/Atp5po/Ddit4/Ndufb4/Ndufv2/Fkrp/Hspa8/Ndufa10/Pfkfb2/Ndufa11/Gapdh/Uchl1/Ndufa2/Ampd3/Eno2/Eno1/Impdh2/Pfkl/Ogt/Ndufa12/Rab23/Ndufb5/Ndufb3/Ndufs3/Oga/Ndufs1/Ran/Pkm/Ndufv3/Ndufb2/Ndufb9/Atp5mc3/Gpi1/Eif6/Gtpbp1/Ndufc2/Dnm1l/Ppp2ca/Ndufa1/Bpgm/Ndufs6/Cox11/Map2k1/Ndufab1/Pgam1/Ndufa8/Atp5mf/Ndufa5/Sdhb/Atp5pf/Nme1/Atp6v1a/Itpa/Sdhd/mt-Nd6/Gale/Atp6v1b2/Tmsb4x/Esrrb"
"GO:0009141","GO:0009141","nucleoside triphosphate metabolic process",187,-0.368487759698927,-1.80538451880709,3.65858035530394e-06,0.000329729554521767,0.000274152830571789,1528,"tags=33%, list=16%, signal=28%","Atp5pd/Atp5po/Ddit4/Ndufb4/Entpd4/Ndufv2/Fkrp/Hspa8/Ndufa10/Pfkfb2/Ndufa11/Gapdh/Uchl1/Ndufa2/Ampd3/Eno2/Eno1/Impdh2/Pfkl/Ogt/Ndufa12/Rab23/Ndufb5/Ndufb3/Ndufs3/Oga/Ndufs1/Ran/Pkm/Ndufv3/Ndufb2/Ndufb9/Atp5mc3/Gpi1/Eif6/Gtpbp1/Ndufc2/Dnm1l/Ppp2ca/Ndufa1/Bpgm/Ndufs6/Cox11/Map2k1/Ndufab1/Pgam1/Ndufa8/Atp5mf/Ndufa5/Sdhb/Atp5pf/Nme1/Atp6v1a/Itpa/Sdhd/mt-Nd6/Rrm2b/Gale/Atp6v1b2/Tmsb4x/Esrrb"
"GO:0030278","GO:0030278","regulation of ossification",86,0.489123996387783,2.04908153206233,4.06664032779086e-06,0.000355399718343904,0.00029549622541332,2030,"tags=41%, list=21%, signal=32%","Acvr2b/Bmpr1b/Adrb2/Mkx/Asxl2/Bcl2/Bmpr1a/Gfra4/Calcr/Bcor/Rxra/Smad6/Smurf1/Slc8a1/Lrp6/Rbpj/Sox9/Lrp4/Hif1a/Fam20c/Fgfr3/Ddr2/Dhrs3/Zbtb16/Ccdc134/Ank/Chsy1/Acvr1/Bmpr2/Tacr1/Wnt4/Creb3l1/S1pr1/Ano6/Fzd9"
"GO:0042775","GO:0042775","mitochondrial ATP synthesis coupled electron transport",58,-0.530832866166725,-2.16783064522539,7.09510302701936e-06,0.000601831680291877,0.000500391476642418,2381,"tags=60%, list=25%, signal=45%","Snca/Dguok/Chchd2/Uqcrfs1/Park7/Uqcrc1/Sdhc/Cox7a2l/Ndufv2/Coa6/Coq9/Ndufa10/Uqcrc2/Ndufa12/Ndufs3/Uqcrq/Ndufs1/Cox7a2/Ndufv3/Ndufb9/Ndufc2/Cox4i1/Uqcr10/Cycs/Ndufs6/Cox7b2/Uqcr11/Uqcrb/Ndufa8/Sdhb/Uqcrh/Sdhd/Dld/Coq7/mt-Nd6"
"GO:0099054","GO:0099054","presynapse assembly",38,0.612688911083486,2.19501178161118,8.1595176104991e-06,0.000672344251105126,0.000559018980953893,1489,"tags=50%, list=16%, signal=42%","Cadm1/Pcdh17/Farp1/Lrrtm3/Il1rapl1/Igsf11/Grid2/Nrxn1/Il1rapl2/Efnb1/Arf6/Lrp4/Wnt7a/Nlgn4l/Gpc4/Ptprs/Efnb2/Cntn5/Bsn"
"GO:1902893","GO:1902893","regulation of miRNA transcription",50,0.560208407852093,2.13292968569769,8.4842344138055e-06,0.000679681445817085,0.000565119473527746,1251,"tags=40%, list=13%, signal=35%","Tgfb2/Ncor2/Srebf2/Bmpr1a/Hdac4/Egfr/Smad6/Klf5/Srebf1/Foxo3/Rest/Nr3c1/Nfatc3/Sox9/Hif1a/Smad1/Ppara/Myocd/Spi1/Pax6"
"GO:0141091","GO:0141091","transforming growth factor beta receptor superfamily signaling pathway",192,0.375882688739141,1.77832960148701,1.04149215092526e-05,0.000811800908991475,0.000674969877612446,1665,"tags=33%, list=18%, signal=28%","Gpc3/Nfia/Acvr2b/Smurf2/Bmpr1b/Tgfb2/Zfp451/Zmiz1/Smpd3/Tcf7l2/Bmpr1a/Zeb1/Spred1/Gpr155/Hipk2/Zfp703/Ube2o/Smad6/Magi2/Chst11/Smurf1/Nlk/Ep300/Ptk2/Ski/Lats1/Arid4b/Ptprk/Rbpj/Lef1/Ext1/Hivep1/Spred2/Crebbp/Rnf111/Htra1/Cd109/Zfp423/Fut8/Prdm16/Appl2/Lrp2/Neo1/Smad1/Abl1/Ppara/Fstl5/Dlx5/Myocd/Tet1/Spi1/Tnrc6c/Col1a2/Spry2/Map3k7/Fgf9/Tgfbr2/Acvr1/Fstl1/Itgb5/Bmpr2/Dcp1a/Creb1"
"GO:0010257","GO:0010257","NADH dehydrogenase complex assembly",49,-0.538764190282407,-2.10152193827653,1.18832344586668e-05,0.000878749953302439,0.000730634496540972,1502,"tags=45%, list=16%, signal=38%","Acad9/Timmdc1/Ndufb4/Ndufaf8/Ndufa10/Ndufa11/Ndufa2/Ndufa12/Ndufb5/Ndufb3/Ndufs3/Ndufs1/Oxa1l/Ndufb2/Ndufb9/Ndufc2/Ndufa1/Ndufs6/Ndufab1/Ndufa8/Ndufa5/mt-Nd6"
"GO:0032981","GO:0032981","mitochondrial respiratory chain complex I assembly",49,-0.538764190282407,-2.10152193827653,1.18832344586668e-05,0.000878749953302439,0.000730634496540972,1502,"tags=45%, list=16%, signal=38%","Acad9/Timmdc1/Ndufb4/Ndufaf8/Ndufa10/Ndufa11/Ndufa2/Ndufa12/Ndufb5/Ndufb3/Ndufs3/Ndufs1/Oxa1l/Ndufb2/Ndufb9/Ndufc2/Ndufa1/Ndufs6/Ndufab1/Ndufa8/Ndufa5/mt-Nd6"
"GO:0035265","GO:0035265","organ growth",125,0.42562235194938,1.90666461398321,1.23920536410359e-05,0.000893467067518688,0.000742871005112626,1518,"tags=33%, list=16%, signal=28%","Erbb4/Acvr2b/Tgfb2/Hey2/Smpd3/Tcf7l2/Bcl2/Bmpr1a/Yap1/Meis1/Arid2/Wwc1/Rxra/Tenm4/Map2k4/Ep300/Ptk2/Ski/Lats1/Rbpj/Prkg1/Nr3c1/Ext1/Sox9/Vgll4/Nlgn4l/Ddr2/Fgfr1/Prox1/Smad1/Abl1/Akap13/Ppara/Myocd/Pdgfrb/Spry2/Fgf9/Tgfbr2/Ctdp1/Cacna1c/Fgfr2"
"GO:0045446","GO:0045446","endothelial cell differentiation",61,0.522586191575382,2.05585679902592,1.36083186720244e-05,0.000957229050002887,0.00079588574929067,2638,"tags=59%, list=28%, signal=43%","Acvr2b/Pecam1/Hey2/Zeb1/Nr2f2/Rock1/Rbpj/Vcl/Magi1/Pbrm1/Plcb1/Ptprs/Prox1/Afdn/Fzd2/Tjp1/Acvr1/Fstl1/Rap2c/Bmpr2/Rapgef1/Fzd1/Dmd/S1pr1/Vegfa/Foxj2/Vezf1/Fasn/Col18a1/Add1/Agt/Rapgef2/Dicer1/Rock2/Lipa/Vhl"
"GO:0007156","GO:0007156","homophilic cell adhesion via plasma membrane adhesion molecules",59,0.526796350258553,2.05552172655192,1.46333389974981e-05,0.00100482261116154,0.000835457299155406,2002,"tags=47%, list=21%, signal=38%","Robo1/Pecam1/Tenm3/Nrcam/Cdh6/Cdh4/Cadm1/Ptprf/Robo2/Cadm2/Dscam/Kirrel3/Igsf11/Fat3/Pcdh10/Cdh10/Hmcn1/Plxnb2/Sdk2/Cdh2/Celsr1/Cntn5/Pcdh19/Ptprt/Cdh7/Ret/Dscaml1/Palld"
"GO:0007517","GO:0007517","muscle organ development",192,0.372316360686933,1.76145703210871,1.57291582829558e-05,0.00105495098809406,0.000877136415387354,1382,"tags=30%, list=15%, signal=26%","Foxp2/Fgfrl1/Luc7l/Chd7/Col11a1/Adrb2/Tgfb2/Hey2/Mkx/Tcf7l2/Bcl2/Bmpr1a/Hdac4/Cenpf/Ddx17/Rbm24/Rxra/Klf5/Pmp22/Myl6/Nr2f2/Vps13b/Lrp6/Ep300/Bcl9/Ski/Vax1/Rbpj/Ppp3ca/Paxbp1/Lef1/Nfatc3/Nr1d2/Chd2/Rbfox1/Mtm1/Mbnl1/Kmt5b/Popdc2/Mtss1/Dpf3/Lrp2/Prox1/Svil/Vps54/Bdnf/Arid5b/Myocd/Etv1/Negr1/Mef2d/Cops2/Large1/Fzd2/Chrna1/Scn8a/Vangl2/Zfhx3"
"GO:0031214","GO:0031214","biomineral tissue development",104,0.441648663352945,1.91004310652209,1.80287120144815e-05,0.00115544012110588,0.000960687858923718,2044,"tags=38%, list=22%, signal=30%","Gpc3/Acvr2b/Bmpr1b/Adrb2/Hey2/Smpd3/Tcf7l2/Asxl2/Bmpr1a/Bcor/Foxo1/Rxra/Slc8a1/Sox9/Fbxo5/Hif1a/Fam20c/Itgb1bp1/Tcirg1/Fgfr3/Ddr2/Fgfr1/Mtss1/Lgr4/Icmt/Slc24a3/Klf10/Ppara/Ank/Col1a2/Acvr1/Fgfr2/Bmpr2/Axin2/Wnt4/Eif2ak3/S1pr1/Ano6/Fzd9/Atp2b2"
"GO:0009152","GO:0009152","purine ribonucleotide biosynthetic process",105,-0.420510073027836,-1.90502712882358,1.76686095578499e-05,0.00115544012110588,0.000960687858923718,1528,"tags=37%, list=16%, signal=32%","Atp5pd/Atp5po/Ndufb4/Ndufv2/Ndufa10/Ndufa11/Ndufa2/Ampd3/Eno1/Impdh2/Aprt/Ndufa12/Ndufb5/Ndufb3/Ndufs3/Ndufs1/Ndufv3/Ndufb2/Ndufb9/Atp5mc3/Ndufc2/Ndufa1/Ndufs6/Cox11/Map2k1/Hprt1/Ndufab1/Ndufa8/Atp5mf/Ndufa5/Sdhb/Atp5pf/Nme1/Gmps/Atp6v1a/Sdhd/mt-Nd6/Papss2/Tmsb4x"
"GO:0061614","GO:0061614","miRNA transcription",52,0.539020465719756,2.0536099084573,2.05626687776056e-05,0.00128918992944814,0.00107189380950539,1251,"tags=40%, list=13%, signal=35%","Tgfb2/Ncor2/Srebf2/Bmpr1a/Hdac4/Egfr/Ddx17/Smad6/Klf5/Srebf1/Foxo3/Rest/Nr3c1/Nfatc3/Sox9/Hif1a/Smad1/Ppara/Myocd/Spi1/Pax6"
"GO:0019646","GO:0019646","aerobic electron transport chain",50,-0.533097294773642,-2.09018415251349,2.13341190579632e-05,0.00130909785879076,0.00108844620860112,1413,"tags=56%, list=15%, signal=48%","Uqcrfs1/Park7/Uqcrc1/Sdhc/Cox7a2l/Ndufv2/Coq9/Ndufa10/Uqcrc2/Ndufs3/Uqcrq/Ndufs1/Cox7a2/Ndufb9/Ndufc2/Cox4i1/Uqcr10/Cycs/Ndufs6/Cox7b2/Uqcr11/Uqcrb/Ndufa8/Sdhb/Uqcrh/Sdhd/Dld/mt-Nd6"
"GO:0046034","GO:0046034","ATP metabolic process",153,-0.37959075425801,-1.82017256264474,2.34010748883802e-05,0.00140601458287685,0.00116902738148531,1528,"tags=34%, list=16%, signal=29%","Atp5pd/Atp5po/Ddit4/Ndufb4/Ndufv2/Fkrp/Hspa8/Ndufa10/Pfkfb2/Ndufa11/Gapdh/Uchl1/Ndufa2/Ampd3/Eno2/Eno1/Pfkl/Ogt/Ndufa12/Ndufb5/Ndufb3/Ndufs3/Ndufs1/Pkm/Ndufv3/Ndufb2/Ndufb9/Atp5mc3/Gpi1/Eif6/Ndufc2/Dnm1l/Ppp2ca/Ndufa1/Bpgm/Ndufs6/Cox11/Map2k1/Ndufab1/Pgam1/Ndufa8/Atp5mf/Ndufa5/Sdhb/Atp5pf/Atp6v1a/Sdhd/mt-Nd6/Gale/Atp6v1b2/Tmsb4x/Esrrb"
"GO:0042773","GO:0042773","ATP synthesis coupled electron transport",59,-0.509813625269724,-2.08789242242305,2.51027260025297e-05,0.00144792523582591,0.00120387389123711,2381,"tags=59%, list=25%, signal=45%","Snca/Dguok/Chchd2/Uqcrfs1/Park7/Uqcrc1/Sdhc/Cox7a2l/Ndufv2/Coa6/Coq9/Ndufa10/Uqcrc2/Ndufa12/Ndufs3/Uqcrq/Ndufs1/Cox7a2/Ndufv3/Ndufb9/Ndufc2/Cox4i1/Uqcr10/Cycs/Ndufs6/Cox7b2/Uqcr11/Uqcrb/Ndufa8/Sdhb/Uqcrh/Sdhd/Dld/Coq7/mt-Nd6"
"GO:0099172","GO:0099172","presynapse organization",50,0.539785717659546,2.05517261964346,2.50364416391773e-05,0.00144792523582591,0.00120387389123711,1489,"tags=50%, list=16%, signal=42%","Cadm1/Pcdh17/Cap2/Farp1/Lrrtm3/Il1rapl1/Igsf11/Grid2/Nrxn1/Il1rapl2/Efnb1/Arf6/Lrp4/Wnt7a/Nlgn4l/Cacna2d3/Gpc4/Ptprs/Chd4/Tln2/Efnb2/Arhgef7/Cntn5/Clasp2/Bsn"
"GO:0055017","GO:0055017","cardiac muscle tissue growth",71,0.482822516737831,1.95231209777354,2.71415660250495e-05,0.0015348289493381,0.00127612977100233,1518,"tags=37%, list=16%, signal=31%","Erbb4/Tgfb2/Hey2/Bmpr1a/Yap1/Meis1/Arid2/Rxra/Tenm4/Map2k4/Ep300/Ski/Rbpj/Prkg1/Nr3c1/Vgll4/Fgfr1/Smad1/Abl1/Akap13/Ppara/Myocd/Fgf9/Tgfbr2/Ctdp1/Fgfr2"
"GO:0009260","GO:0009260","ribonucleotide biosynthetic process",117,-0.403765232174452,-1.86342432062845,4.32760538182687e-05,0.00240015652330552,0.00199560426311773,1528,"tags=34%, list=16%, signal=29%","Atp5pd/Atp5po/Ndufb4/Ndufv2/Ndufa10/Ndufa11/Umps/Ndufa2/Ampd3/Eno1/Impdh2/Aprt/Ndufa12/Ndufb5/Ndufb3/Ndufs3/Ndufs1/Ndufv3/Ndufb2/Ndufb9/Atp5mc3/Ndufc2/Ndufa1/Ndufs6/Cox11/Map2k1/Hprt1/Ndufab1/Ndufa8/Atp5mf/Ndufa5/Sdhb/Atp5pf/Nme1/Gmps/Atp6v1a/Sdhd/mt-Nd6/Papss2/Tmsb4x"
"GO:0030282","GO:0030282","bone mineralization",82,0.457191362186247,1.89623827522257,4.51587515289308e-05,0.00245731772470635,0.00204313080402988,2030,"tags=39%, list=21%, signal=31%","Gpc3/Acvr2b/Bmpr1b/Adrb2/Smpd3/Tcf7l2/Asxl2/Bmpr1a/Bcor/Rxra/Slc8a1/Sox9/Hif1a/Fam20c/Fgfr3/Ddr2/Mtss1/Lgr4/Icmt/Slc24a3/Klf10/Ank/Col1a2/Acvr1/Fgfr2/Bmpr2/Axin2/Wnt4/Eif2ak3/S1pr1/Ano6/Fzd9"
"GO:0051251","GO:0051251","positive regulation of lymphocyte activation",148,0.387192282071214,1.78011159584202,4.70612897128363e-05,0.00246772290057855,0.00205178216202567,1817,"tags=34%, list=19%, signal=28%","Vav3/B2m/Arid1a/Tox/Zmiz1/Bcl2/Arid2/Gli3/Shld2/Foxo3/Ep300/Atad5/Igfbp2/Sox13/Ppp3ca/Itpkb/Sh3kbp1/Lef1/Efnb1/Runx1/Rif1/Pbrm1/Ptprc/Nck2/Cd74/Brd2/Kmt5b/Actl6a/Ambra1/Tfrc/Abl1/Efnb2/Smarcd2/Spi1/Paxip1/Fbxo38/Rasgrp1/Tgfbr2/Socs5/Zfp335/Dpp4/Cbfb/Gpam/Ap3d1/Sox12/Adk/Tirap/Tacr1/Irf1/Sox4"
"GO:0002696","GO:0002696","positive regulation of leukocyte activation",159,0.372537265065403,1.71614361921346,4.69899435017748e-05,0.00246772290057855,0.00205178216202567,1817,"tags=33%, list=19%, signal=27%","Vav3/B2m/Arid1a/Tox/Zmiz1/Bcl2/Arid2/Gli3/Shld2/Foxo3/Ep300/Plpp6/Atad5/Igfbp2/Sox13/Ppp3ca/Itpkb/Sh3kbp1/Lef1/Efnb1/Runx1/Rif1/Pbrm1/Ptprc/Nck2/Cd74/Ttbk1/Brd2/Kmt5b/Actl6a/Ambra1/Tfrc/Abl1/Efnb2/Smarcd2/Spi1/Paxip1/Fbxo38/Rasgrp1/Tgfbr2/Socs5/Zfp335/Dpp4/Cbfb/Gpam/Ap3d1/Sox12/Adk/Tirap/Tacr1/Irf1/Sox4"
"GO:0051216","GO:0051216","cartilage development",118,0.410074733287984,1.82213463089306,4.81358299186546e-05,0.00247899524081071,0.0020611545217048,1660,"tags=33%, list=18%, signal=28%","Nfia/Sox5/Trps1/Bmpr1b/Col11a1/Tgfb2/Mkx/Smpd3/Bmpr1a/Zeb1/Csgalnact1/Pkd1/Gli3/Chst11/Lrp6/Ep300/Fgf18/Runx1/Ext1/Sox9/Hif1a/Wnt7a/Prkca/Fgfr3/Fgfr1/Smad1/Zbtb16/Mef2d/Sik3/Chsy1/Trip11/Fgf9/Tgfbr2/Thra/Sox6/Bmpr2/Fbxw4/Axin2/Tapt1"
"GO:0042274","GO:0042274","ribosomal small subunit biogenesis",73,-0.468240982049362,-2.00187396978913,5.49742691605464e-05,0.00278150512735116,0.00231267562599676,2380,"tags=44%, list=25%, signal=33%","Ddx52/Rps12/Rps15/Ngdn/Nol7/Tbl3/Nat10/Ltv1/Nol11/Pwp2/Tsr3/Utp11/Mphosph10/Lsm6/Rps17/Fcf1/Rrp7a/Rps11/Gtf2h5/Rps14/Rps8/Rps13/Rps3a1/Utp18/Dcaf13/Riok3/Rps19bp1/Rps15a/Rps16/Rps21/Rps4x/Rps28"
"GO:0003197","GO:0003197","endocardial cushion development",24,0.65359561918498,2.08633970425531,6.29451511932655e-05,0.00305576754997494,0.00254071044559563,1599,"tags=50%, list=17%, signal=42%","Robo1/Nfatc1/Tgfb2/Robo2/Bmpr1a/Rbm24/Epha3/Rbpj/Sox9/Tgfbr2/Acvr1/Bmpr2"
"GO:0007189","GO:0007189","adenylate cyclase-activating G protein-coupled receptor signaling pathway",72,0.480301980115828,1.94732942293445,6.16885329298791e-05,0.00305576754997494,0.00254071044559563,1218,"tags=29%, list=13%, signal=26%","Adgrb3/Adcy5/Adra1d/Pde3a/Adgrl3/Grk5/Adrb2/Prkar2a/Adcy8/Calcr/Htr7/Calcrl/Adcyap1r1/Sstr4/Calcb/Prkar2b/Pde10a/Rxfp1/Gna13/Nherf1/Cnr1"
"GO:0046390","GO:0046390","ribose phosphate biosynthetic process",121,-0.389948985897233,-1.80988885551544,6.46330861818554e-05,0.00305576754997494,0.00254071044559563,1528,"tags=33%, list=16%, signal=28%","Atp5pd/Atp5po/Ndufb4/Ndufv2/Ndufa10/Ndufa11/Umps/Ndufa2/Ampd3/Eno1/Impdh2/Aprt/Ndufa12/Ndufb5/Ndufb3/Ndufs3/Ndufs1/Ndufv3/Ndufb2/Ndufb9/Atp5mc3/Ndufc2/Ndufa1/Ndufs6/Cox11/Map2k1/Hprt1/Ndufab1/Ndufa8/Atp5mf/Ndufa5/Sdhb/Atp5pf/Nme1/Gmps/Atp6v1a/Sdhd/mt-Nd6/Papss2/Tmsb4x"
"GO:0072522","GO:0072522","purine-containing compound biosynthetic process",160,-0.367632690355898,-1.78203633317817,6.39769183826981e-05,0.00305576754997494,0.00254071044559563,1672,"tags=32%, list=18%, signal=27%","Dlat/Nt5e/Pdhb/Atp5pd/Atp5po/Mpc1/Ndufb4/Ndufv2/Vdac1/Ndufa10/Ndufa11/Ndufa2/Acot7/Ampd3/Eno1/Impdh2/Aprt/Ndufa12/Ndufb5/Ndufb3/Ndufs3/Ndufs1/Ndufv3/Ndufb2/Pdk1/Ndufb9/Atp5mc3/Ndufc2/Rd3/Pgm2/Ndufa1/Ndufs6/Cox11/Map2k1/Hprt1/Ndufab1/Ndufa8/Atp5mf/Ndufa5/Sdhb/Atp5pf/Nme1/Gmps/Atp6v1a/Acly/Sdhd/Dld/mt-Nd6/Papss2/Tmsb4x/Mpc2/Pdk4"
"GO:0016226","GO:0016226","iron-sulfur cluster assembly",21,-0.67317210061214,-2.10949038788177,7.38294731803814e-05,0.00333642947428752,0.00277406611520073,1494,"tags=57%, list=16%, signal=48%","Glrx3/Fdx2/Hspa9/Nubp1/Ciapin1/Ciao2b/Ndufab1/Nfs1/Nfu1/Ciao3/Ciao2a/Hscb"
"GO:0031163","GO:0031163","metallo-sulfur cluster assembly",21,-0.67317210061214,-2.10949038788177,7.38294731803814e-05,0.00333642947428752,0.00277406611520073,1494,"tags=57%, list=16%, signal=48%","Glrx3/Fdx2/Hspa9/Nubp1/Ciapin1/Ciao2b/Ndufab1/Nfs1/Nfu1/Ciao3/Ciao2a/Hscb"
"GO:0060421","GO:0060421","positive regulation of heart growth",24,0.650336810724666,2.07593727608758,7.75106708659028e-05,0.00333642947428752,0.00277406611520073,1776,"tags=50%, list=19%, signal=41%","Erbb4/Hey2/Bmpr1a/Yap1/Ep300/Rbpj/Nr3c1/Fgfr1/Prox1/Fgf9/Fgfr2/Mtor"
"GO:0060419","GO:0060419","heart growth",74,0.475372078654474,1.93864167064323,7.56885393627261e-05,0.00333642947428752,0.00277406611520073,1518,"tags=36%, list=16%, signal=31%","Erbb4/Tgfb2/Hey2/Bmpr1a/Yap1/Meis1/Arid2/Rxra/Tenm4/Map2k4/Ep300/Ski/Rbpj/Prkg1/Nr3c1/Vgll4/Fgfr1/Prox1/Smad1/Abl1/Akap13/Ppara/Myocd/Fgf9/Tgfbr2/Ctdp1/Fgfr2"
"GO:0048738","GO:0048738","cardiac muscle tissue development",149,0.384065975550927,1.76716832104496,7.57031067474151e-05,0.00333642947428752,0.00277406611520073,1589,"tags=32%, list=17%, signal=27%","Erbb4/Fhod3/Arid1a/Chd7/Col11a1/Tgfb2/Hey2/Bmpr1a/Nrap/Yap1/Meis1/Arid2/Rxra/Atg7/Tenm4/Map2k4/Sgcz/Slc8a1/Nebl/Lrp6/Ep300/Ski/Rbpj/Prkg1/Nr3c1/Vgll4/Popdc2/Fgfr1/Lrp2/Prox1/Smad1/Abl1/Akap13/Ppara/Efnb2/Sgcd/Myocd/Pdgfrb/Large1/Fgf9/Tgfbr2/Ctdp1/Acvr1/Fgfr2/Sgcg/Slc9a1/Sox6"
"GO:0006364","GO:0006364","rRNA processing",153,-0.366337085517658,-1.75662000261802,7.71001134722343e-05,0.00333642947428752,0.00277406611520073,2402,"tags=39%, list=25%, signal=29%","Pdcd11/Tent4b/Ddx52/Rpf1/Rps15/Ngdn/Nol7/Pa2g4/Tbl3/Sbds/Nat10/Mettl5/Sde2/Nol11/Nhp2/Exosc9/Tfb2m/Rpl7/Pwp2/Tsr3/Myg1/Utp11/Mphosph10/Nvl/Lsm6/Rps17/Exosc3/Gar1/Fcf1/Nol9/Ddx18/Bop1/Rrp7a/Rpf2/Gtf2h5/Eif4a3/Utp14a/Rpp30/Rps14/Rpl5/Pop5/Eif6/Rpl14/Rps8/Pin4/Znhit3/Ddx21/Ddx47/Utp18/Dcaf13/Rpl7l1/Riok3/Rps16/Rpl26/Rps21/Rpl27/Rpl35a/Bud23/Rps28"
"GO:0002089","GO:0002089","lens morphogenesis in camera-type eye",20,0.68583172703361,2.11718564591781,8.10717254355372e-05,0.00337642238730865,0.00280731812478615,1054,"tags=50%, list=11%, signal=45%","Six3/Pou2f1/Meis1/Bcar3/Hipk2/Sox1/Ski/Fgfr3/Prox1/Abi2"
"GO:0060412","GO:0060412","ventricular septum morphogenesis",35,0.588430084242813,2.06124842108767,8.1370883093971e-05,0.00337642238730865,0.00280731812478615,1871,"tags=54%, list=20%, signal=44%","Robo1/Fgfrl1/Nfatc1/Tgfb2/Robo2/Hey2/Bmpr1a/Lrp6/Rbpj/Rbm15/Prox1/Fzd2/Vangl2/Tgfbr2/Acvr1/Fgfr2/Bmpr2/Sox4/Fzd1"
"GO:0050867","GO:0050867","positive regulation of cell activation",172,0.365781927990449,1.71395041920868,8.19519996919574e-05,0.00337642238730865,0.00280731812478615,1817,"tags=33%, list=19%, signal=27%","Vav3/B2m/Arid1a/Tox/Zmiz1/Bcl2/Arid2/Gli3/Shld2/Foxo3/Ep300/Plpp6/Atad5/Igfbp2/Sox13/Ppp3ca/Itpkb/Sh3kbp1/Lef1/Efnb1/Runx1/Rif1/Pbrm1/Ptprc/Nck2/Rps6ka1/Cd74/Ttbk1/Brd2/Ddr2/Kmt5b/Fgfr1/Actl6a/Ambra1/Tfrc/Abl1/Efnb2/Smarcd2/Spi1/Pdgfrb/Paxip1/Fbxo38/Rasgrp1/Tgfbr2/Socs5/Zfp335/Dpp4/Cbfb/Gpam/Ap3d1/Sox12/Adk/Tirap/Tacr1/Irf1/Sox4"
"GO:0003231","GO:0003231","cardiac ventricle development",84,0.455379207463959,1.89707611692227,8.36222660525163e-05,0.00338133942725053,0.00281140638560359,1657,"tags=36%, list=17%, signal=30%","Robo1/Fgfrl1/Chd7/Col11a1/Nfatc1/Tgfb2/Robo2/Hey2/Bmpr1a/Greb1l/Rxra/Smad6/Lrp6/Rbpj/Hectd1/Hif1a/Rbm15/Lrp2/Prox1/Myocd/Lmo4/Fzd2/Vangl2/Trip11/Fgf9/Tgfbr2/Acvr1/Fgfr2/Bmpr2/Luzp1"
"GO:1901888","GO:1901888","regulation of cell junction assembly",195,0.349728103105076,1.65896590609596,8.44162409022325e-05,0.00338133942725053,0.00281140638560359,1978,"tags=34%, list=21%, signal=28%","Robo1/Adgrb3/Adgrl3/Dock1/Nckipsd/Lims1/Farp1/Lrrtm3/Il1rapl1/Ptpra/Epha3/Asic2/Igsf11/Enpp2/Grid2/Nrxn1/Il1rapl2/Ptk2/Rock1/Nrg2/Lats1/Pum2/Vcl/Arf6/Lrrtm4/Adnp/Lrp4/Cpeb3/Wnt7a/Clasp1/Stau2/Itgb1bp1/Prkca/Fgfr1/St8sia2/Gpc4/Gna13/Ptprs/Rcc2/Chd4/Elmo1/Abl1/Setd5/Bdnf/Negr1/Cux2/Afdn/Dlc1/Dock4/Tjp1/Clasp2/Thbs2/Slk/Peak1/Map4k4/Dcx/Slitrk2/Rapgef1/Wnt4/Iqsec1/Fzd1/Apod/Caskin1/Srgap3/Fmn1/Numb/Adgrb1"
"GO:0030217","GO:0030217","T cell differentiation",162,0.373207834207915,1.72116019586072,8.96007359187849e-05,0.00353984277246268,0.00294319360379224,1817,"tags=31%, list=19%, signal=25%","Rora/Lfng/Bcl11b/B2m/Arid1a/Nhej1/Chd7/Tox/Zmiz1/Rc3h1/Bcl2/Zeb1/Prex1/Cdk6/Arid2/Gli3/Foxo3/Ep300/Fas/Sox13/Itpkb/Lef1/Runx1/Pbrm1/Nfatc3/Ptprc/Cd74/Sh3rf1/Tcirg1/Brd2/Actl6a/Ambra1/Mafb/Abl1/Smarcd2/Spi1/Rasgrp1/Tgfbr2/Themis/Socs5/Cbfb/Prr7/Patz1/Ap3d1/Hs1bp3/Sox12/Mtor/Irf1/Wnt4/Sox4"
"GO:0022900","GO:0022900","electron transport chain",81,-0.443665228417581,-1.93461078780834,9.80067080820717e-05,0.00381961278525263,0.00317580769574622,1423,"tags=41%, list=15%, signal=35%","Fdx2/Ndufv2/Coa6/Coq9/Ndufa10/Uqcrc2/Pm20d1/Enox2/Ndufa12/Ndufb3/Ndufs3/Uqcrq/Ndufs1/Cox7a2/Ndufv3/Ndufb9/Ndufc2/Cox4i1/Uqcr10/Cycs/Ndufs6/Cox7b2/Uqcr11/Uqcrb/Ndufa8/Ndufa5/Sdhb/Uqcrh/Sdhd/Dld/Coq7/mt-Nd6/Sod2"
"GO:0099560","GO:0099560","synaptic membrane adhesion",33,0.587361931662843,2.03696967810523,0.000112507199881522,0.00432627685944412,0.00359707229936992,1029,"tags=42%, list=11%, signal=38%","Tenm3/Cdh6/Cadm1/Ptprf/Pcdh17/Il1rapl1/Epha3/Magi2/Tenm4/Nrxn1/Elfn2/Cdh10/Gpc4/Ptprs"
"GO:0055006","GO:0055006","cardiac cell development",67,0.459216733366493,1.84725098100315,0.000115531935751975,0.00438413293037758,0.00364517658785318,1276,"tags=33%, list=13%, signal=29%","Fhod3/Hey2/Bmpr1a/Nrap/Meis1/Smad6/Atg7/Map2k4/Slc8a1/Nebl/Ep300/Prkg1/Pbrm1/Nr3c1/Popdc2/Prox1/Akap13/Ppara/Sgcd/Myocd/Pdgfrb/Large1"
"GO:0002064","GO:0002064","epithelial cell development",120,0.39310580410676,1.74120241773473,0.000122695466671613,0.00459550293351859,0.0038209196593019,2681,"tags=49%, list=28%, signal=36%","Six3/Bcl11b/Pecam1/Pard3/Yap1/Cdk6/Fndc3a/Magi2/Klf5/Rock1/Arid4b/Vcl/Magi1/Akap9/Sox9/Plcb1/Hif1a/Clock/Fgfr3/Spint2/Ptprs/Prox1/Abi2/E2f4/Cdh2/Pax6/Afdn/Epas1/Tjp1/Scrib/Fgfr2/Rap2c/Luzp1/Ampd2/Hrh2/Rapgef1/Dmd/Arid4a/Palld/Esr2/Vegfa/Rarb/Frs2/Vezf1/Dact2/Myo1e/Fasn/Col18a1/Shroom3/Jmjd1c/Add1/Agt/Rapgef2/Dicer1/Rock2/Bmal1/Map7/Gpat4/Wnt5a"
"GO:0052652","GO:0052652","cyclic purine nucleotide metabolic process",20,0.67414674997286,2.08111372808324,0.000125581731462641,0.00464330401972125,0.00386066375535624,2044,"tags=65%, list=22%, signal=51%","Rora/Adcy5/Adcy8/Pde7b/Pde7a/Pde10a/Pde8a/Pde5a/Adcy2/Pde9a/Ampd2/Adcy9/Atp2b2"
"GO:0045165","GO:0045165","cell fate commitment",130,0.390547436350463,1.75963531363355,0.000131641926295539,0.00480576348653587,0.00399574028116239,1612,"tags=32%, list=17%, signal=27%","Nfia/Erbb4/Sox5/Bcl11b/Tox/Tgfb2/Hey2/Tcf7l2/Bcl2/Bmpr1a/Zfp521/Gli3/Tenm4/Nr2f2/Ep300/Sox1/Lats1/Sox13/Rbpj/Runx1/Ext1/Pou3f2/Sox9/Wnt7a/Fgfr3/Brd2/Fgfr1/Prox1/Smad1/Chd4/Lmo4/Pax6/Zdhhc16/Spry2/Epas1/Myt1l/Tead4/Acvr1/Fgfr2/Sox6/Fgf13"
"GO:0003170","GO:0003170","heart valve development",34,0.586984176165189,2.04852658136753,0.000133884472701323,0.00482653524088268,0.00401301090544227,1817,"tags=50%, list=19%, signal=41%","Robo1/Fgfrl1/Nfatc1/Tgfb2/Robo2/Hey2/Bmpr1a/Smad6/Rbpj/Sox9/Hectd1/Tgfbr2/Acvr1/Bmpr2/Axin2/Mtor/Sox4"
"GO:0003281","GO:0003281","ventricular septum development",57,0.490037634257752,1.90814068141198,0.000156272203632517,0.00556406216390345,0.0046262258593226,1871,"tags=44%, list=20%, signal=35%","Robo1/Fgfrl1/Nfatc1/Tgfb2/Robo2/Hey2/Bmpr1a/Smad6/Lrp6/Rbpj/Hectd1/Rbm15/Lrp2/Prox1/Lmo4/Fzd2/Vangl2/Trip11/Tgfbr2/Acvr1/Fgfr2/Bmpr2/Luzp1/Sox4/Fzd1"
"GO:0022618","GO:0022618","protein-RNA complex assembly",134,-0.370031253207647,-1.74851292929427,0.000165346747943174,0.00581536611058674,0.00483517191032798,3234,"tags=56%, list=34%, signal=37%","Rpsa/Eif5/Eif3d/Nop2/Eral1/Rrs1/Puf60/Prpf4b/Nufip1/Snrpd1/Rps27l/Nop53/Gemin4/Celf3/Eif3g/Eif3f/Mrm2/Tarbp2/Eif2s3y/Eif3a/Sf3a3/Naf1/Eif2d/Prmt5/Rps15/Clns1a/Lsm4/Sf3a2/Snrnp200/Gemin5/Sf3a1/Strap/Ago2/Eif4h/Ago1/Eif3i/Slu7/Ddx42/Pwp2/Nvl/Isy1/Dhx30/Ddx20/Snrpd2/Sf3b1/Snrpb/Bop1/Rrp7a/Fastkd2/Khdc4/Ruvbl1/Snrpf/Prpf39/Ckap5/Rpf2/Mcts1/Rps14/Rpl5/Eif3e/Snrpc/Eif6/Srsf6/Denr/Znhit3/Snrpg/Eif3j2/Eif2s2/Prpf8/Eif3k/Shq1/Rpl24/Ptges3/Rpl38/Rps28/Snrpd3"
"GO:0071826","GO:0071826","protein-RNA complex organization",141,-0.35407181354336,-1.68530354133632,0.000170883309348993,0.00593768029111441,0.00493686973617002,3234,"tags=54%, list=34%, signal=36%","Rpsa/Eif5/Eif3d/Nop2/Eral1/Rrs1/Puf60/Prpf4b/Nufip1/Snrpd1/Rps27l/Nop53/Gemin4/Celf3/Eif3g/Eif3f/Mrm2/Tarbp2/Eif2s3y/Eif3a/Sf3a3/Naf1/Eif2d/Prmt5/Rps15/Clns1a/Lsm4/Sf3a2/Dyrk3/Snrnp200/Gemin5/Sf3a1/Strap/Ago2/Eif4h/Ago1/Eif3i/Slu7/Ddx42/Pwp2/Nvl/Isy1/Dhx30/Ddx20/Snrpd2/Sf3b1/Snrpb/Bop1/Rrp7a/Fastkd2/Khdc4/Ruvbl1/Snrpf/Prpf39/Ckap5/Rpf2/Mcts1/Rps14/Rpl5/Eif3e/Snrpc/Eif6/Srsf6/Denr/Znhit3/Snrpg/Eif3j2/Eif2s2/Prpf8/Eif3k/Shq1/Rpl24/Ptges3/Rpl38/Rps28/Snrpd3"
"GO:0016072","GO:0016072","rRNA metabolic process",176,-0.345111081466135,-1.6927251204366,0.000179956999703525,0.0061785236564877,0.00513711836246404,2735,"tags=41%, list=29%, signal=30%","Polr1f/Dhx37/Mrm2/Rpusd2/Pwp1/Ddx51/Dis3l/Naf1/Pdcd11/Tent4b/Ddx52/Rpf1/Rps15/Ngdn/Nol7/Pa2g4/Tbl3/Sbds/Nat10/Mettl5/Sde2/Nol11/Nhp2/Exosc9/Tfb2m/Rpl7/Pwp2/Tsr3/Myg1/Utp11/Mphosph10/Nvl/Lsm6/Ippk/Rps17/Ubtf/Exosc3/Gar1/Fcf1/Nol9/Ddx18/Bop1/Rrp7a/Smarcb1/Polr1d/Rpf2/Gtf2h5/Eif4a3/Utp14a/Rpp30/Rps14/Rpl5/Pop5/Eif6/Rpl14/Rps8/Pin4/Znhit3/Polr2e/Ddx21/Ddx47/Utp18/Dcaf13/Rpl7l1/Riok3/Rps16/Rpl26/Rps21/Rpl27/Rpl35a/Bud23/Rps28"
"GO:0007179","GO:0007179","transforming growth factor beta receptor signaling pathway",129,0.38629608636244,1.74223784515703,0.000200140775265116,0.00679065877487759,0.00564607660747907,1665,"tags=33%, list=18%, signal=27%","Smurf2/Bmpr1b/Tgfb2/Zfp451/Zmiz1/Bmpr1a/Zeb1/Spred1/Hipk2/Zfp703/Smad6/Chst11/Smurf1/Nlk/Ep300/Ptk2/Ski/Lats1/Arid4b/Ptprk/Spred2/Crebbp/Rnf111/Htra1/Cd109/Fut8/Prdm16/Appl2/Smad1/Ppara/Myocd/Tet1/Spi1/Tnrc6c/Col1a2/Spry2/Map3k7/Tgfbr2/Acvr1/Itgb5/Dcp1a/Creb1"
"GO:0030326","GO:0030326","embryonic limb morphogenesis",76,0.448503546690806,1.83134232584345,0.00021822655615963,0.00723408491913072,0.00601476218913051,1687,"tags=36%, list=18%, signal=29%","Gpc3/Frem2/Chd7/Tgfb2/Bmpr1a/Gli3/Chst11/Gna12/Lrp5/Lrp6/Ski/Tulp3/Lef1/Rpgrip1l/Lrp4/Wnt7a/Ttbk2/Lmbr1/Mbnl1/Fgfr1/Zbtb16/Dlx5/Rdh10/Fgf9/Cacna1c/Fbxw4/Traf3ip1"
"GO:0035113","GO:0035113","embryonic appendage morphogenesis",76,0.448503546690806,1.83134232584345,0.00021822655615963,0.00723408491913072,0.00601476218913051,1687,"tags=36%, list=18%, signal=29%","Gpc3/Frem2/Chd7/Tgfb2/Bmpr1a/Gli3/Chst11/Gna12/Lrp5/Lrp6/Ski/Tulp3/Lef1/Rpgrip1l/Lrp4/Wnt7a/Ttbk2/Lmbr1/Mbnl1/Fgfr1/Zbtb16/Dlx5/Rdh10/Fgf9/Cacna1c/Fbxw4/Traf3ip1"
"GO:0035137","GO:0035137","hindlimb morphogenesis",25,0.622499792708922,1.99946085083469,0.000221883984475154,0.00727174330939029,0.00604607316548328,1276,"tags=40%, list=13%, signal=35%","Gpc3/Sall3/Chd7/Bmpr1a/Lrp6/Rpgrip1l/Wnt7a/Lmbr1/Zbtb16/Large1"
"GO:0007188","GO:0007188","adenylate cyclase-modulating G protein-coupled receptor signaling pathway",115,0.400538622982538,1.76856594110528,0.000226955149863652,0.00735436687872779,0.00611477032985689,1400,"tags=25%, list=15%, signal=22%","Grm3/Chrm2/Adgrb3/Adcy5/Adra1d/Pde3a/Adgrl3/Grk5/Adrb2/Prkar2a/Adcy8/Calcr/Gpr146/Htr7/Gabbr2/Calcrl/Adcyap1r1/Gna12/Sstr4/Calcb/Prkar2b/Pde10a/Rxfp1/Gna13/Nherf1/Cnr1/Gnao1/Gpr37l1/Chrm3"
"GO:1905314","GO:1905314","semi-lunar valve development",21,0.660852377579545,2.05725986799882,0.000231630481889494,0.0074224701085478,0.00617139459350021,1653,"tags=52%, list=17%, signal=43%","Robo1/Nfatc1/Tgfb2/Robo2/Hey2/Smad6/Rbpj/Sox9/Tgfbr2/Bmpr2/Axin2"
"GO:0006164","GO:0006164","purine nucleotide biosynthetic process",121,-0.373667686746082,-1.73432168403228,0.00024253739260247,0.00766652327094514,0.00637431199766882,1528,"tags=33%, list=16%, signal=28%","Atp5pd/Atp5po/Ndufb4/Ndufv2/Ndufa10/Ndufa11/Ndufa2/Ampd3/Eno1/Impdh2/Aprt/Ndufa12/Ndufb5/Ndufb3/Ndufs3/Ndufs1/Ndufv3/Ndufb2/Ndufb9/Atp5mc3/Ndufc2/Rd3/Ndufa1/Ndufs6/Cox11/Map2k1/Hprt1/Ndufab1/Ndufa8/Atp5mf/Ndufa5/Sdhb/Atp5pf/Nme1/Gmps/Atp6v1a/Sdhd/mt-Nd6/Papss2/Tmsb4x"
"GO:0001649","GO:0001649","osteoblast differentiation",132,0.382290599097279,1.72685194883358,0.000244563155661218,0.00766652327094514,0.00637431199766882,1653,"tags=32%, list=17%, signal=27%","Acvr2b/Bmpr1b/Nfatc1/Prkd1/Penk/Bmpr1a/Hdac4/Yap1/Fndc3b/Cdk6/Gli3/Smad6/Lrp5/Ptk2/Rassf2/Adar/Ski/Igfbp2/Ppp3ca/Lef1/Rest/Wwox/Sox9/Fbxo5/Fam20c/Tcirg1/Asf1a/Ddr2/Fgfr1/Igfbp5/Lgr4/Smad1/Dlx5/Mef2d/Smoc1/Map3k7/Fgf9/Acvr1/Tmt1a2/Cbfb/Bmpr2/Axin2"
"GO:0060038","GO:0060038","cardiac muscle cell proliferation",43,0.516243268683465,1.8999852525794,0.000272919759121664,0.00811443902378227,0.006746730453382,1518,"tags=40%, list=16%, signal=33%","Erbb4/Tgfb2/Hey2/Bmpr1a/Yap1/Arid2/Rxra/Tenm4/Ski/Rbpj/Vgll4/Fgfr1/Smad1/Abl1/Fgf9/Tgfbr2/Fgfr2"
"GO:0035051","GO:0035051","cardiocyte differentiation",108,0.400785068417979,1.75120955120051,0.000270371528755797,0.00811443902378227,0.006746730453382,1589,"tags=32%, list=17%, signal=27%","Fhod3/Arid1a/Tgfb2/Hey2/Bmpr1a/Egfr/Nrap/Meis1/Rxra/Smad6/Atg7/Tenm4/Map2k4/Slc8a1/Nebl/Ep300/Rbpj/Prkg1/Pbrm1/Rest/Nr3c1/Popdc2/Prox1/Akap13/Ppara/Efnb2/Sgcd/Myocd/Pdgfrb/Large1/Vangl2/Ctdp1/Acvr1/Slc9a1/Sox6"
"GO:0060041","GO:0060041","retina development in camera-type eye",119,0.393192190610442,1.74363788500082,0.000265245389796626,0.00811443902378227,0.006746730453382,1276,"tags=26%, list=13%, signal=23%","Rhoj/Nfia/Six3/Acvr2b/Bmpr1b/Tmem135/Chd7/Tgfb2/Zhx2/Dscam/Ush1c/Vstm4/Hipk2/Lrp5/Lrp6/Ski/Clcn2/Fat3/Rpgrip1l/Sox9/Hif1a/Tcirg1/Actl6a/Prox1/Alms1/Sdk2/Grn/Mfsd2a/Pdgfrb/Pax6/Large1"
"GO:0050870","GO:0050870","positive regulation of T cell activation",99,0.404477285715108,1.73171124705696,0.000270474241566811,0.00811443902378227,0.006746730453382,1817,"tags=37%, list=19%, signal=31%","B2m/Arid1a/Zmiz1/Arid2/Gli3/Foxo3/Ep300/Igfbp2/Sox13/Ppp3ca/Itpkb/Lef1/Efnb1/Runx1/Pbrm1/Ptprc/Nck2/Cd74/Brd2/Actl6a/Ambra1/Tfrc/Abl1/Efnb2/Smarcd2/Fbxo38/Rasgrp1/Tgfbr2/Socs5/Dpp4/Cbfb/Gpam/Ap3d1/Sox12/Adk/Irf1/Sox4"
"GO:0045637","GO:0045637","regulation of myeloid cell differentiation",129,0.382061302059746,1.7231385020917,0.0002662048442373,0.00811443902378227,0.006746730453382,1231,"tags=27%, list=13%, signal=24%","B2m/Qki/Meis2/Cnot4/Lrrc17/Asxl2/Ninj1/Meis1/Cdk6/Cul4a/Rcor1/Cib1/Foxo3/Brd1/Fas/Rassf2/Nedd9/Ppp3ca/Itpkb/Rbfox2/Lef1/Runx1/Faxdc2/Hif1a/Cd74/Ppargc1b/Eeig1/Prkca/Fgfr3/Prdm16/Rbm15/Mafb/Klf10/P4htm/Spi1"
"GO:0048736","GO:0048736","appendage development",124,0.381716175401143,1.70743254777359,0.000311620343160408,0.0090779097946931,0.00754780586623508,1687,"tags=32%, list=18%, signal=27%","Gpc3/Nfia/Frem2/Sall3/Chd7/Tgfb2/Pcnt/Bmpr1a/Gli3/Chst11/Gna12/Lrp5/Lrp6/Ski/Tulp3/Lef1/Rpgrip1l/Ext1/Sox9/Lrp4/Wnt7a/Ttbk2/Lmbr1/Mbnl1/Fgfr1/Vps54/Zbtb16/Dlx5/Sik3/Large1/Smoc1/Rdh10/Fgf9/Cacna1c/Fgfr2/Znrf3/Bmpr2/Fbxw4/Asph/Traf3ip1"
"GO:0060173","GO:0060173","limb development",124,0.381716175401143,1.70743254777359,0.000311620343160408,0.0090779097946931,0.00754780586623508,1687,"tags=32%, list=18%, signal=27%","Gpc3/Nfia/Frem2/Sall3/Chd7/Tgfb2/Pcnt/Bmpr1a/Gli3/Chst11/Gna12/Lrp5/Lrp6/Ski/Tulp3/Lef1/Rpgrip1l/Ext1/Sox9/Lrp4/Wnt7a/Ttbk2/Lmbr1/Mbnl1/Fgfr1/Vps54/Zbtb16/Dlx5/Sik3/Large1/Smoc1/Rdh10/Fgf9/Cacna1c/Fgfr2/Znrf3/Bmpr2/Fbxw4/Asph/Traf3ip1"
"GO:0055013","GO:0055013","cardiac muscle cell development",59,0.479596561256569,1.87135152162429,0.000324511112751576,0.00908631115704413,0.00755479115838621,2505,"tags=53%, list=26%, signal=39%","Fhod3/Hey2/Bmpr1a/Nrap/Meis1/Atg7/Map2k4/Slc8a1/Nebl/Ep300/Prkg1/Nr3c1/Popdc2/Prox1/Akap13/Ppara/Sgcd/Myocd/Pdgfrb/Large1/Ctdp1/Cavin4/Mtor/Myh10/Vegfa/Hnrnpu/Mylk3/Srf/Agt/Dyrk1a/Dicer1"
"GO:0048705","GO:0048705","skeletal system morphogenesis",129,0.380375126665418,1.71553366557049,0.000324496933599234,0.00908631115704413,0.00755479115838621,2169,"tags=41%, list=23%, signal=32%","Acvr2b/Sox5/Insig1/Bmpr1b/Col11a1/Tgfb2/Smpd3/Asxl2/Zeb1/Csgalnact1/Pkd1/Gli3/Chst11/Lrp5/Lrp6/Fgf18/Ski/Tulp3/Ryk/Ext1/Wwox/Sox9/Wnt7a/Pcgf2/Ppargc1b/Fgfr3/Mthfd1l/Foxn3/Dhrs3/Arid5b/Dlx5/Mef2d/Pdgfrb/Sik3/Chsy1/Trip11/Rdh10/Tgfbr2/Thra/Fgfr2/Sox6/Bmpr2/Axin2/Csrnp1/Dscaml1/Mmp2/Fmn1/Mmp16/Vegfa/Rarb/Atf2/Glg1/Nle1"
"GO:1902107","GO:1902107","positive regulation of leukocyte differentiation",107,0.391042515637932,1.70337272816877,0.00032224249696317,0.00908631115704413,0.00755479115838621,1817,"tags=34%, list=19%, signal=28%","Arid1a/Tox/Zmiz1/Asxl2/Ninj1/Arid2/Gli3/Foxo3/Ep300/Sox13/Nedd9/Ppp3ca/Itpkb/Lef1/Runx1/Pbrm1/Ptprc/Cd74/Ppargc1b/Eeig1/Prkca/Brd2/Actl6a/Ambra1/Klf10/Smarcd2/Spi1/Rasgrp1/Tgfbr2/Socs5/Cbfb/Ap3d1/Creb1/Sox12/Irf1/Sox4"
"GO:1903708","GO:1903708","positive regulation of hemopoiesis",107,0.391042515637932,1.70337272816877,0.00032224249696317,0.00908631115704413,0.00755479115838621,1817,"tags=34%, list=19%, signal=28%","Arid1a/Tox/Zmiz1/Asxl2/Ninj1/Arid2/Gli3/Foxo3/Ep300/Sox13/Nedd9/Ppp3ca/Itpkb/Lef1/Runx1/Pbrm1/Ptprc/Cd74/Ppargc1b/Eeig1/Prkca/Brd2/Actl6a/Ambra1/Klf10/Smarcd2/Spi1/Rasgrp1/Tgfbr2/Socs5/Cbfb/Ap3d1/Creb1/Sox12/Irf1/Sox4"
"GO:0071772","GO:0071772","response to BMP",89,0.417083488531598,1.75564869404959,0.000333875800102635,0.00917045530948571,0.00762475260785767,1170,"tags=30%, list=12%, signal=27%","Gpc3/Nfia/Acvr2b/Smurf2/Bmpr1b/Smpd3/Tcf7l2/Bmpr1a/Gpr155/Hipk2/Ube2o/Smad6/Smurf1/Ski/Rbpj/Lef1/Ext1/Hivep1/Sox9/Htra1/Zfp423/Lrp2/Neo1/Smad1/Abl1/Fstl5/Dlx5"
"GO:0071773","GO:0071773","cellular response to BMP stimulus",89,0.417083488531598,1.75564869404959,0.000333875800102635,0.00917045530948571,0.00762475260785767,1170,"tags=30%, list=12%, signal=27%","Gpc3/Nfia/Acvr2b/Smurf2/Bmpr1b/Smpd3/Tcf7l2/Bmpr1a/Gpr155/Hipk2/Ube2o/Smad6/Smurf1/Ski/Rbpj/Lef1/Ext1/Hivep1/Sox9/Htra1/Zfp423/Lrp2/Neo1/Smad1/Abl1/Fstl5/Dlx5"
"GO:0030500","GO:0030500","regulation of bone mineralization",50,0.49215143538821,1.8738105170949,0.000337469959107917,0.00918172983082294,0.00763412678101126,2030,"tags=40%, list=21%, signal=32%","Acvr2b/Bmpr1b/Adrb2/Asxl2/Bmpr1a/Bcor/Rxra/Slc8a1/Sox9/Hif1a/Fam20c/Fgfr3/Ddr2/Ank/Acvr1/Bmpr2/Wnt4/S1pr1/Ano6/Fzd9"
"GO:0022904","GO:0022904","respiratory electron transport chain",74,-0.435050315919607,-1.86773674258511,0.000346244162660542,0.00933241275806546,0.00775941173183193,1413,"tags=41%, list=15%, signal=35%","Ndufv2/Coa6/Coq9/Ndufa10/Uqcrc2/Pm20d1/Ndufa12/Ndufs3/Uqcrq/Ndufs1/Cox7a2/Ndufv3/Ndufb9/Ndufc2/Cox4i1/Uqcr10/Cycs/Ndufs6/Cox7b2/Uqcr11/Uqcrb/Ndufa8/Ndufa5/Sdhb/Uqcrh/Sdhd/Dld/Coq7/mt-Nd6/Sod2"
"GO:0046889","GO:0046889","positive regulation of lipid biosynthetic process",64,0.465818854444769,1.85446847705939,0.000352725124268243,0.00941906720731123,0.00783146036143331,1894,"tags=41%, list=20%, signal=33%","Zbtb20/Erbb4/Qki/Ppargc1a/Smpd3/Srebf2/Tcf7l2/Elovl5/Scap/Slc27a1/Srebf1/Igf1r/Mid1ip1/Cd74/Chp1/Ppara/Mfsd2a/Mapk9/Rdh10/Prkcd/Gpam/Creb1/Nr1h3/Mtor/Wnt4/Sirt2"
"GO:0055023","GO:0055023","positive regulation of cardiac muscle tissue growth",23,0.641354817568991,2.02079038722193,0.000356885516425523,0.00944273237955238,0.00785113671093522,1776,"tags=48%, list=19%, signal=39%","Erbb4/Hey2/Bmpr1a/Yap1/Ep300/Rbpj/Nr3c1/Fgfr1/Fgf9/Fgfr2/Mtor"
"GO:0009165","GO:0009165","nucleotide biosynthetic process",148,-0.347978185098679,-1.65652422731836,0.000367213203879028,0.00962766254533741,0.0080048964443677,1617,"tags=30%, list=17%, signal=25%","Rrm1/Kars1/Atp5pd/Atp5po/Ndufb4/Ndufv2/Ndufa10/Ndufa11/Umps/Ndufa2/Ampd3/Eno1/Impdh2/Aprt/Ndufa12/Ndufb5/Ndufb3/Ndufs3/Ndufs1/Ndufv3/Ndufb2/Ndufb9/Atp5mc3/Ndufc2/Rd3/Ndufa1/Ndufs6/Cox11/Map2k1/Hprt1/Ndufab1/Ndufa8/Atp5mf/Ndufa5/Sdhb/Atp5pf/Nme1/Gmps/Atp6v1a/Sdhd/mt-Nd6/Rrm2b/Papss2/Tmsb4x"
"GO:0003179","GO:0003179","heart valve morphogenesis",30,0.582861241722844,1.97086148126064,0.000380289080428633,0.00988066403564124,0.00821525391385895,1817,"tags=50%, list=19%, signal=41%","Robo1/Fgfrl1/Nfatc1/Tgfb2/Robo2/Hey2/Bmpr1a/Smad6/Sox9/Tgfbr2/Acvr1/Bmpr2/Axin2/Mtor/Sox4"
"GO:0002183","GO:0002183","cytoplasmic translational initiation",34,-0.540907346530143,-1.94815772838722,0.000393947988405843,0.0101441607014505,0.0084343375713206,2731,"tags=62%, list=29%, signal=44%","Eif3g/Eif3f/Eif2s3y/Eif3a/Mif4gd/Eif4ebp1/Eif2d/Eif4h/Eif3i/Eif4a2/Mcts1/Eif2b1/Eif3e/Denr/Ncbp2/Eif2b5/Eif3j2/Eif2b2/Eif2s2/Eif3k/Mettl3"
"GO:0051963","GO:0051963","regulation of synapse assembly",139,0.369220687470648,1.68108221006703,0.000402948177213571,0.0102840933016278,0.00855068418903134,1290,"tags=27%, list=14%, signal=24%","Robo1/Adgrb3/Adgrl3/Dock1/Nckipsd/Farp1/Lrrtm3/Il1rapl1/Asic2/Igsf11/Grid2/Nrxn1/Il1rapl2/Ptk2/Nrg2/Lats1/Pum2/Arf6/Lrrtm4/Adnp/Lrp4/Cpeb3/Wnt7a/Stau2/Prkca/Fgfr1/St8sia2/Gpc4/Gna13/Ptprs/Chd4/Elmo1/Setd5/Bdnf/Negr1/Cux2/Afdn/Dock4"
"GO:0030509","GO:0030509","BMP signaling pathway",84,0.429706393740119,1.79012507266857,0.000426880882757659,0.0107993374199394,0.00897908264932546,1170,"tags=31%, list=12%, signal=27%","Gpc3/Nfia/Acvr2b/Smurf2/Bmpr1b/Smpd3/Tcf7l2/Bmpr1a/Gpr155/Hipk2/Ube2o/Smad6/Smurf1/Ski/Rbpj/Lef1/Ext1/Hivep1/Htra1/Zfp423/Lrp2/Neo1/Smad1/Abl1/Fstl5/Dlx5"
"GO:0007159","GO:0007159","leukocyte cell-cell adhesion",167,0.346639048613058,1.60779149460848,0.000432759579753231,0.0108528576348549,0.00902358190094151,1817,"tags=33%, list=19%, signal=27%","Chst2/B2m/Pecam1/Arid1a/Zmiz1/Rc3h1/Wnk1/Arid2/Gli3/Fut9/Foxo3/Ep300/Mad1l1/Rock1/Igfbp2/Sox13/Ppp3ca/Itpkb/Lef1/Efnb1/Runx1/Pbrm1/Ext1/Ptprc/Nck2/Cd74/Brd2/Actl6a/Ambra1/Tfrc/Pde5a/Abl1/Ppara/Efnb2/Smarcd2/Pawr/Itch/Fbxo38/Rasgrp1/Tgfbr2/Scrib/Socs5/Nfat5/Dpp4/Cbfb/Gpam/Ap3d1/Sox12/Pag1/Adk/Marchf7/Jam2/Rac2/Irf1/Sox4"
"GO:0045324","GO:0045324","late endosome to vacuole transport",22,-0.624522567872404,-1.97969579408158,0.000438873450367008,0.0108781329475817,0.00904459699780678,1862,"tags=50%, list=20%, signal=40%","Chmp4b/Chmp3/Chmp7/Leprot/Chmp1a/Leprotl1/Vps4b/Chmp5/Chmp2b/Ptpn23/Chmp2a"
"GO:0030323","GO:0030323","respiratory tube development",157,0.356017756073783,1.6401723604114,0.000441311218747245,0.0108781329475817,0.00904459699780678,1518,"tags=30%, list=16%, signal=26%","Gpc3/Foxp2/Acvr2b/Hs6st1/Ncor2/Smpd3/Bmpr1a/Egfr/Yap1/Fndc3b/Tns3/Pkd1/Gli3/Hipk2/Srebf1/Ep300/Atxn1/Cux1/Fgf18/Tulp3/Rbpj/Clcn2/Foxp4/Man1a2/Ext1/Sox9/Dnaaf1/Fgfr3/Fgfr1/Rxfp1/Igfbp5/Prox1/Phf14/Myocd/Pdgfrb/Tnrc6c/Spry2/Tshz3/Epas1/Celsr1/Vangl2/Dhcr7/Rdh10/Fgf9/Tgfbr2/Thra/Fgfr2"
"GO:0042255","GO:0042255","ribosome assembly",41,-0.508416094866426,-1.916594470657,0.000452390344250982,0.0110567267188121,0.00919308835150523,3234,"tags=68%, list=34%, signal=45%","Rpsa/Eif5/Nop2/Eral1/Rrs1/Rps27l/Nop53/Dhx37/Mrm2/Rps15/Sbds/C1qbp/Pwp2/Nip7/Dhx30/Ddx3x/Mterf3/Bop1/Rrp7a/Fastkd2/Rpf2/Rps14/Rpl5/Eif6/Eif1ax/Rpl24/Rpl38/Rps28"
"GO:0045621","GO:0045621","positive regulation of lymphocyte differentiation",70,0.444927357888572,1.7935981280866,0.000460298825737527,0.0111554774237565,0.00927519438328251,1817,"tags=39%, list=19%, signal=31%","Arid1a/Tox/Zmiz1/Arid2/Gli3/Foxo3/Ep300/Sox13/Itpkb/Lef1/Runx1/Pbrm1/Ptprc/Cd74/Brd2/Actl6a/Ambra1/Smarcd2/Spi1/Rasgrp1/Tgfbr2/Socs5/Cbfb/Ap3d1/Sox12/Irf1/Sox4"
"GO:0048562","GO:0048562","embryonic organ morphogenesis",172,0.344043627151236,1.61209090405727,0.000473073809899237,0.0113695405645783,0.0094531766574602,1518,"tags=28%, list=16%, signal=24%","Six3/Insig1/Arid1a/Chd7/Myo3b/Col11a1/Tgfb2/Tcf7l2/Asxl2/Zeb1/Yap1/Ush1c/Gli3/Hipk2/Chst11/Lrp6/Pou3f4/Tulp3/Rbpj/Rest/Lrig1/Ift57/Sox9/Bcr/Hif1a/Dnaaf1/Pcgf2/Tshz1/Mthfd1l/Fgfr1/Mafb/Prox1/Dlx5/Nherf1/Otx1/Pax6/Spry2/Fzd2/Celsr1/Vangl2/Cep290/Rdh10/Fgf9/Tgfbr2/Acvr1/Scrib/Kdm2a/Fgfr2"
"GO:0045058","GO:0045058","T cell selection",28,0.588182840279578,1.95428076118053,0.000479081783031629,0.0114187757211836,0.00949411310783864,905,"tags=39%, list=10%, signal=36%","Bcl11b/Tox/Bcl2/Gli3/Ep300/Fas/Itpkb/Nfatc3/Ptprc/Cd74/Brd2"
"GO:0002062","GO:0002062","chondrocyte differentiation",69,0.437764974885104,1.7723608644655,0.000506383975176286,0.0119705851181017,0.00995291367947868,1653,"tags=38%, list=17%, signal=31%","Sox5/Trps1/Bmpr1b/Col11a1/Mkx/Smpd3/Bmpr1a/Gli3/Chst11/Fgf18/Runx1/Ext1/Sox9/Hif1a/Wnt7a/Prkca/Fgfr1/Zbtb16/Mef2d/Chsy1/Trip11/Fgf9/Tgfbr2/Sox6/Bmpr2/Axin2"
"GO:1903039","GO:1903039","positive regulation of leukocyte cell-cell adhesion",109,0.387845503724957,1.6952780364969,0.000529388879420635,0.0124126628312936,0.0103204781114267,1817,"tags=37%, list=19%, signal=30%","Chst2/B2m/Arid1a/Zmiz1/Arid2/Gli3/Foxo3/Ep300/Igfbp2/Sox13/Ppp3ca/Itpkb/Lef1/Efnb1/Runx1/Pbrm1/Ptprc/Nck2/Cd74/Brd2/Actl6a/Ambra1/Tfrc/Abl1/Efnb2/Smarcd2/Pawr/Fbxo38/Rasgrp1/Tgfbr2/Socs5/Nfat5/Dpp4/Cbfb/Gpam/Ap3d1/Sox12/Adk/Irf1/Sox4"
"GO:0006457","GO:0006457","protein folding",133,-0.349154803331712,-1.64899634752078,0.000549779002832878,0.0126845011533602,0.0105464974185541,1861,"tags=40%, list=20%, signal=32%","Grpel1/Dnaja2/Canx/Chchd4/Qsox2/Pfdn5/Tor1a/Ppia/Ppih/Dnaja3/Cct5/Trap1/Tbcel/Ric3/Ero1b/Selenof/Hspd1/Stub1/Nudcd2/Sdf2l1/Dffa/Pdrg1/Hspa2/Bag1/Ube4b/Dnajb14/Hspa13/Sdf2/Dnajb11/Dnlz/Hspa8/Ptges3l/Hspa9/Ric8a/Cct2/Cct4/Sgta/Hspe1-rs1/Chordc1/Dnajb6/Nudc/Pdcd5/P4hb/Hspa4/Cct6b/Dnajb2/Hspa4l/Pfdn2/Grpel2/Cct8/Ptges3/Pfdn4/Ahsa2"
"GO:0060070","GO:0060070","canonical Wnt signaling pathway",195,0.33027181882857,1.5666733165458,0.000545985566288315,0.0126845011533602,0.0105464974185541,1871,"tags=32%, list=20%, signal=26%","Gpc3/Rbms3/Gpc5/Ctnnd2/Prkn/Tbl1x/Cdk14/Tcf7l2/Egfr/Yap1/Wnk1/Foxo1/Gli3/Zfp703/Btrc/Lrp5/Lrp6/Foxo3/Sema5a/Bcl9/Lats1/Sox13/Rbpj/Disc1/Lef1/Usp34/Ext1/Sox9/Adnp/Lrp4/Wnt7a/Invs/Fgfr3/Dab2ip/Lgr4/Wnk2/Dlx5/Daam2/Cdh2/Nherf1/Eda/Nkd1/Egf/Fzd2/Ptpro/Otulin/Fgf9/Thra/Usp8/Fgfr2/Znrf3/Stk3/Axin2/Tbl1xr1/Rnf14/Amer2/Ccny/Rapgef1/Wnt4/Sox4/Zeb2/Fzd1"
"GO:0060443","GO:0060443","mammary gland morphogenesis",27,0.589382242800613,1.9430604100951,0.000557792108270946,0.0127672415893128,0.0106152917513886,1518,"tags=48%, list=16%, signal=41%","Robo1/Gli3/Btrc/Lrp5/Lrp6/Nr3c1/Nrg3/Rxfp1/Igfbp5/Ncoa3/Tgfbr2/Scrib/Fgfr2"
"GO:0030490","GO:0030490","maturation of SSU-rRNA",35,-0.540353791416582,-1.95597670432285,0.000570189459671168,0.0129482393833988,0.0107657819240027,2380,"tags=51%, list=25%, signal=39%","Ddx52/Ngdn/Nol7/Tbl3/Nat10/Nol11/Pwp2/Tsr3/Lsm6/Fcf1/Gtf2h5/Rps14/Rps8/Dcaf13/Riok3/Rps16/Rps21/Rps28"
"GO:0010977","GO:0010977","negative regulation of neuron projection development",104,0.388182783474492,1.67881375212831,0.00060739437565587,0.0135792665069111,0.0112904478804086,1689,"tags=33%, list=18%, signal=27%","Dab1/B2m/Mylip/Ntm/Xylt1/Epha3/Pmp22/Cib1/Epha4/Ptk2/Sema5a/Thoc2/Ryk/Ptprg/Fat3/Arf6/Rtn4rl1/Lrp4/Runx1t1/Map2/Ptprs/Neo1/Ttc3/Sema3g/Efnb2/Tsku/Diaph2/Rufy3/Prag1/Map4k4/Sema3f/Fgf13/Ube3a/Ptprz1"
"GO:0048839","GO:0048839","inner ear development",136,0.362255889686042,1.64679963316651,0.000605334695937269,0.0135792665069111,0.0112904478804086,1518,"tags=31%, list=16%, signal=26%","Frem2/Kcnk3/Insig1/Chd7/Myo3b/Col11a1/Tgfb2/Hey2/Zeb1/Ush1c/Gli3/Epha4/Pou3f4/Gabrb2/Cux1/Rbpj/Rpgrip1l/Rest/Lrig1/Sox9/Bcr/Fgfr3/Diaph3/Fgfr1/Mafb/Prox1/Alms1/Bdnf/Dlx5/Otog/Nherf1/Otx1/Spry2/Tsku/Fzd2/Celsr1/Vangl2/Trip11/Cep290/Fgf9/Scrib/Fgfr2"
"GO:0019068","GO:0019068","virion assembly",22,-0.614341074601449,-1.94742112468949,0.00061892219729756,0.0137305509000474,0.0114162329185736,1862,"tags=50%, list=20%, signal=40%","Chmp4b/Chmp3/Rab1a/Chmp7/Chmp1a/Spcs1/Tbc1d20/Vps4b/Chmp5/Chmp2b/Chmp2a"
"GO:0009187","GO:0009187","cyclic nucleotide metabolic process",21,0.637641567205894,1.98500368748792,0.000627845998317005,0.0138221973980629,0.0114924321748987,2044,"tags=62%, list=22%, signal=49%","Rora/Adcy5/Adcy8/Pde7b/Pde7a/Pde10a/Pde8a/Pde5a/Adcy2/Pde9a/Ampd2/Adcy9/Atp2b2"
"GO:0045667","GO:0045667","regulation of osteoblast differentiation",91,0.407798078378909,1.73592178567151,0.000640703740505275,0.0139984059667971,0.0116389403578231,1170,"tags=29%, list=12%, signal=25%","Acvr2b/Bmpr1b/Nfatc1/Prkd1/Bmpr1a/Hdac4/Yap1/Fndc3b/Cdk6/Gli3/Smad6/Lrp5/Ptk2/Rassf2/Ski/Ppp3ca/Rest/Sox9/Fbxo5/Fam20c/Tcirg1/Ddr2/Fgfr1/Igfbp5/Smad1/Dlx5"
"GO:0021772","GO:0021772","olfactory bulb development",33,0.54059434454434,1.87477980548471,0.000763026511788833,0.0165456275187894,0.0137568214788679,1655,"tags=42%, list=17%, signal=35%","Robo1/Erbb4/Sall3/Chd7/Robo2/Pcnt/Ski/Rpgrip1l/Ext1/Fgfr1/Dlx5/Pax6/Kif14/Ogdh"
"GO:0043583","GO:0043583","ear development",149,0.354190300221066,1.6297040561175,0.000784728608914045,0.0168892336425978,0.0140425119489882,1518,"tags=30%, list=16%, signal=26%","Frem2/Kcnk3/Insig1/Chd7/Myo3b/Col11a1/Tgfb2/Hey2/Bcl2/Zeb1/Ush1c/Gli3/Epha4/Pou3f4/Gabrb2/Cux1/Rbpj/Rpgrip1l/Rest/Lrig1/Sox9/Bcr/Fgfr3/Tshz1/Diaph3/Fgfr1/Mafb/Prox1/Alms1/Bdnf/Dlx5/Otog/Nherf1/Otx1/Spry2/Tsku/Fzd2/Celsr1/Vangl2/Trip11/Cep290/Rdh10/Fgf9/Scrib/Fgfr2"
"GO:0021953","GO:0021953","central nervous system neuron differentiation",160,0.351828705465286,1.62074637376581,0.000819718227511397,0.0175116101343916,0.0145599853588379,1364,"tags=25%, list=14%, signal=22%","Foxp2/Rora/Robo1/Erbb4/Sox5/Bcl11b/B2m/Sall3/Bmpr1b/Tox/Robo2/Zmiz1/Brinp2/Bmpr1a/Gli3/Atg7/Grid2/Nrxn1/Epha4/Brinp3/Pou3f4/Sox1/Ptk2/Tulp3/Dclk2/Ryk/Taok1/Disc1/Wnt7a/Prkca/Gigyf2/Fgfr1/Prox1/Dlx5/Lmo4/Pax6/Zdhhc16/Tsku/D16Ertd472e/Agbl4"
"GO:0030324","GO:0030324","lung development",155,0.352623431295728,1.61950855367914,0.000827019801421526,0.0175376846124976,0.0145816649198006,1518,"tags=30%, list=16%, signal=25%","Gpc3/Foxp2/Acvr2b/Hs6st1/Ncor2/Smpd3/Bmpr1a/Egfr/Yap1/Fndc3b/Tns3/Pkd1/Gli3/Hipk2/Srebf1/Ep300/Atxn1/Cux1/Fgf18/Rbpj/Clcn2/Foxp4/Man1a2/Ext1/Sox9/Dnaaf1/Fgfr3/Fgfr1/Rxfp1/Igfbp5/Prox1/Phf14/Myocd/Pdgfrb/Tnrc6c/Spry2/Tshz3/Epas1/Celsr1/Vangl2/Dhcr7/Rdh10/Fgf9/Tgfbr2/Thra/Fgfr2"
"GO:1902895","GO:1902895","positive regulation of miRNA transcription",38,0.522972102498775,1.87359344305541,0.000879936973358917,0.0183894074722255,0.0152898278055806,1251,"tags=37%, list=13%, signal=32%","Tgfb2/Srebf2/Bmpr1a/Egfr/Smad6/Klf5/Srebf1/Foxo3/Nr3c1/Hif1a/Smad1/Myocd/Spi1/Pax6"
"GO:0050954","GO:0050954","sensory perception of mechanical stimulus",113,0.373790578573847,1.64278787374991,0.000875880991228553,0.0183894074722255,0.0152898278055806,1427,"tags=26%, list=15%, signal=22%","Chd7/Myo3b/Col11a1/Tbl1x/Cemip/Fyn/Cdc14a/Tmtc4/Ush1c/Htr7/Asic2/Pou3f4/Fam107b/Rest/Lrig1/Diaph3/Fgfr1/Lrp2/Alms1/Otog/Nherf1/Homer2/Pawr/Large1/Spry2/Tshz3/Cntn5/Scn8a/Tjp1"
"GO:0071985","GO:0071985","multivesicular body sorting pathway",27,-0.570604680405017,-1.92983047764976,0.000998456803785435,0.0202785170571633,0.0168605233433893,1862,"tags=48%, list=20%, signal=39%","Chmp4b/Rab27a/Chmp3/Chmp7/Leprot/Chmp1a/Leprotl1/Vps4b/Chmp5/Chmp2b/Ptpn23/Sort1/Chmp2a"
"GO:0043162","GO:0043162","ubiquitin-dependent protein catabolic process via the multivesicular body sorting pathway",21,-0.614946285586426,-1.92703066174096,0.000989294613801894,0.0202785170571633,0.0168605233433893,1862,"tags=52%, list=20%, signal=42%","Chmp4b/Chmp3/Chmp7/Chmp1a/Vps37d/Vps4b/Chmp5/Chmp2b/Vps37a/Ptpn23/Chmp2a"
"GO:1905606","GO:1905606","regulation of presynapse assembly",25,0.592931636441715,1.90448833585541,0.000981684776575936,0.0202785170571633,0.0168605233433893,1005,"tags=40%, list=11%, signal=36%","Farp1/Lrrtm3/Il1rapl1/Igsf11/Grid2/Nrxn1/Il1rapl2/Arf6/Wnt7a/Gpc4"
"GO:0061351","GO:0061351","neural precursor cell proliferation",154,0.35086712964957,1.61504854768774,0.000996869687022454,0.0202785170571633,0.0168605233433893,2111,"tags=38%, list=22%, signal=30%","Rora/Nfia/Six3/Sox5/Tox/Ncor2/Pcnt/Lims1/Foxo1/Gli3/Lrp6/Foxo3/Ptbp2/Igf2bp1/Vax1/Ryk/Disc1/Lef1/Pou3f2/Hif1a/Zfp503/Wnt7a/Rsu1/Fgfr3/Zfp423/Spint2/Appl2/Fgfr1/Lrp2/Cip2a/Prox1/Bdnf/Disp3/Plxnb2/Tafa1/Cdh2/Ngf/Grn/Pax6/Afdn/Egf/Gpr37l1/Kif14/Zfp335/Fgfr2/Pde9a/Fgf13/Ptprz1/Rapgef1/Zeb2/Sirt2/Dbn1/Nbn/Tacc2/Numb/Fzd9/Vegfa/Rarb/Frs2"
"GO:0070167","GO:0070167","regulation of biomineral tissue development",58,0.464795090954745,1.80852194445019,0.00101045906729146,0.0203787688815985,0.0169438774772908,915,"tags=26%, list=10%, signal=24%","Acvr2b/Bmpr1b/Adrb2/Hey2/Asxl2/Bmpr1a/Bcor/Rxra/Slc8a1/Sox9/Fbxo5/Hif1a/Fam20c/Fgfr3/Ddr2"
"GO:0035150","GO:0035150","regulation of tube size",107,0.368961383016874,1.60718779274703,0.00109409632642939,0.021612149352208,0.0179693686489269,1507,"tags=29%, list=16%, signal=25%","Adra1d/Agtr1b/Adrb2/Smpd3/Egfr/Vstm4/Htr7/Asic2/Smad6/Slc8a1/Plekha7/Ptk2/Rock1/Rap1gds1/Rbfox2/Prkg1/Ext1/Hif1a/Mtnr1b/Itgb1bp1/Mgll/Add3/Arhgap42/Pde5a/Abl1/Nts/Dock5/Dock4/Chrm3/Gclm/Cacna1c"
"GO:0035296","GO:0035296","regulation of tube diameter",107,0.368961383016874,1.60718779274703,0.00109409632642939,0.021612149352208,0.0179693686489269,1507,"tags=29%, list=16%, signal=25%","Adra1d/Agtr1b/Adrb2/Smpd3/Egfr/Vstm4/Htr7/Asic2/Smad6/Slc8a1/Plekha7/Ptk2/Rock1/Rap1gds1/Rbfox2/Prkg1/Ext1/Hif1a/Mtnr1b/Itgb1bp1/Mgll/Add3/Arhgap42/Pde5a/Abl1/Nts/Dock5/Dock4/Chrm3/Gclm/Cacna1c"
"GO:0097746","GO:0097746","blood vessel diameter maintenance",107,0.368961383016874,1.60718779274703,0.00109409632642939,0.021612149352208,0.0179693686489269,1507,"tags=29%, list=16%, signal=25%","Adra1d/Agtr1b/Adrb2/Smpd3/Egfr/Vstm4/Htr7/Asic2/Smad6/Slc8a1/Plekha7/Ptk2/Rock1/Rap1gds1/Rbfox2/Prkg1/Ext1/Hif1a/Mtnr1b/Itgb1bp1/Mgll/Add3/Arhgap42/Pde5a/Abl1/Nts/Dock5/Dock4/Chrm3/Gclm/Cacna1c"
"GO:1903037","GO:1903037","regulation of leukocyte cell-cell adhesion",153,0.346011794106056,1.59203522347208,0.00110865706083406,0.0217507956696968,0.0180846457900464,1817,"tags=33%, list=19%, signal=27%","Chst2/B2m/Arid1a/Zmiz1/Rc3h1/Wnk1/Arid2/Gli3/Fut9/Foxo3/Ep300/Mad1l1/Igfbp2/Sox13/Ppp3ca/Itpkb/Lef1/Efnb1/Runx1/Pbrm1/Ptprc/Nck2/Cd74/Brd2/Actl6a/Ambra1/Tfrc/Pde5a/Abl1/Ppara/Efnb2/Smarcd2/Pawr/Itch/Fbxo38/Rasgrp1/Tgfbr2/Scrib/Socs5/Nfat5/Dpp4/Cbfb/Gpam/Ap3d1/Sox12/Pag1/Adk/Marchf7/Irf1/Sox4"
"GO:1902105","GO:1902105","regulation of leukocyte differentiation",170,0.335262581126793,1.56360412145598,0.00115374770630974,0.0224824890878195,0.0186930104905661,1231,"tags=24%, list=13%, signal=21%","Qki/Arid1a/Tox/Lrrc17/Zmiz1/Rc3h1/Asxl2/Zeb1/Ninj1/Cdk6/Arid2/Cul4a/Gli3/Foxo3/Ep300/Fas/Rassf2/Sox13/Nedd9/Ppp3ca/Itpkb/Lef1/Runx1/Pbrm1/Ptprc/Cd74/Ppargc1b/Eeig1/Prkca/Sh3rf1/Fgfr3/Prdm16/Brd2/Actl6a/Ambra1/Mafb/Klf10/Abl1/Smarcd2/Spi1"
"GO:0045582","GO:0045582","positive regulation of T cell differentiation",59,0.458569397124487,1.78930502927473,0.00116249472386017,0.0225009045880049,0.0187083220130941,1817,"tags=42%, list=19%, signal=34%","Arid1a/Zmiz1/Arid2/Gli3/Foxo3/Ep300/Sox13/Itpkb/Lef1/Runx1/Pbrm1/Ptprc/Cd74/Brd2/Actl6a/Ambra1/Smarcd2/Rasgrp1/Tgfbr2/Socs5/Cbfb/Ap3d1/Sox12/Irf1/Sox4"
"GO:0046620","GO:0046620","regulation of organ growth",67,0.423720729385076,1.70446431097988,0.00119902267838081,0.0229005391023196,0.0190405971512826,1610,"tags=31%, list=17%, signal=26%","Erbb4/Hey2/Tcf7l2/Bmpr1a/Yap1/Wwc1/Ep300/Ptk2/Lats1/Rbpj/Nr3c1/Vgll4/Fgfr1/Prox1/Ppara/Fgf9/Tgfbr2/Ctdp1/Cacna1c/Fgfr2/Stk3"
"GO:0022409","GO:0022409","positive regulation of cell-cell adhesion",130,0.360176254866292,1.62279610158873,0.00119548625365873,0.0229005391023196,0.0190405971512826,1916,"tags=35%, list=20%, signal=29%","Chst2/B2m/Arid1a/Zmiz1/Arid2/Gli3/Foxo3/Ep300/Igfbp2/Sox13/Ppp3ca/Itpkb/Lef1/Efnb1/Runx1/Magi1/Pbrm1/Ptprc/Nck2/Cd74/Brd2/Actl6a/Ambra1/Tfrc/Abl1/Efnb2/Smarcd2/Pawr/Afdn/Fbxo38/Rasgrp1/Tjp1/Tgfbr2/Socs5/Nfat5/Dpp4/Cbfb/Gpam/Ap3d1/Sox12/Adk/Irf1/Sox4/Mex3b/Ank3/Myo10"
"GO:0060411","GO:0060411","cardiac septum morphogenesis",50,0.467515526334349,1.78001210025821,0.00134730035093746,0.0253961713209389,0.021115584447441,1599,"tags=42%, list=17%, signal=35%","Robo1/Fgfrl1/Chd7/Nfatc1/Tgfb2/Robo2/Hey2/Bmpr1a/Smad6/Lrp6/Rbpj/Rbm15/Lrp2/Prox1/Dhrs3/Fzd2/Vangl2/Tgfbr2/Acvr1/Fgfr2/Bmpr2"
"GO:0002573","GO:0002573","myeloid leukocyte differentiation",144,0.353818884259742,1.61953143993776,0.00133994122317975,0.0253961713209389,0.021115584447441,1276,"tags=25%, list=13%, signal=22%","Gpc3/Qki/Gab2/Nfatc1/Lrrc17/Asxl2/Ninj1/Calcr/Cdk6/Eif2ak1/Cul4a/Rassf2/Rbpj/Nedd9/Ppp3ca/Lef1/Runx1/Nr3c1/Plcb1/Cd74/Ppargc1b/Eeig1/Fam20c/Prkca/Tcirg1/Cd109/Fgfr3/Prdm16/Diaph3/Mafb/Tfrc/Klf10/Vps54/Gab3/Spi1/Large1"
"GO:0006099","GO:0006099","tricarboxylic acid cycle",23,-0.594955535060938,-1.91036536499959,0.00141121624265138,0.0264282314532896,0.0219736883168821,2610,"tags=74%, list=28%, signal=54%","Ogdhl/Fh1/Dlst/Aco2/Mdh2/Sdhc/Sucla2/Dlat/Pdhb/Ireb2/Suclg1/Idh3b/Sdhb/Cs/Mdh1/Sdhd/Idh3a"
"GO:0043954","GO:0043954","cellular component maintenance",69,0.416303430190811,1.68547040019954,0.00142486935475585,0.0265117627039733,0.0220431401706881,1489,"tags=35%, list=16%, signal=30%","Adgrb3/Adgrl3/Cadm1/Fyn/Zfp804a/Nrxn1/Mtmr2/Plekha7/Igf1r/Ctbp2/Nedd9/Arf6/Epb41l3/Rimbp2/Mtss1/C1ql1/Myocd/Grn/Afdn/Kifc3/Dlg2/Tjp1/Erc1/Bsn"
"GO:0046632","GO:0046632","alpha-beta T cell differentiation",53,0.450241443336322,1.72438035775047,0.00145485333769233,0.0268961347814403,0.0223627253931385,2152,"tags=43%, list=23%, signal=34%","Rora/Bcl11b/Tox/Rc3h1/Bcl2/Gli3/Ep300/Itpkb/Lef1/Runx1/Sh3rf1/Brd2/Abl1/Tgfbr2/Socs5/Cbfb/Prr7/Ap3d1/Mtor/Irf1/Ncor1/Atf2/Kmt2a"
"GO:2000630","GO:2000630","positive regulation of miRNA metabolic process",44,0.490419843787477,1.80609945024537,0.00149460342888611,0.0274550082096022,0.0228273993362558,1251,"tags=32%, list=13%, signal=28%","Tgfb2/Srebf2/Bmpr1a/Egfr/Smad6/Klf5/Srebf1/Foxo3/Nr3c1/Hif1a/Smad1/Myocd/Spi1/Pax6"
"GO:0090150","GO:0090150","establishment of protein localization to membrane",189,-0.304857457449635,-1.4965669772004,0.00152800800820066,0.0278909816180425,0.0231898883589681,1966,"tags=32%, list=21%, signal=26%","Nectin3/Rab8b/Actr3/Chmp4b/Nsg1/Zdhhc7/Reep1/Dmtn/Snap47/Emc3/Snap23/Rack1/Timm13/Cacnb3/Arfrp1/Tomm70a/Sorl1/Gorasp1/Srp68/Maip1/Emc6/Rab3ip/Rab8a/Optn/Tomm22/Vps37d/Get4/Ogt/Oga/Timm10/Cdk5r1/Oxa1l/Rab11fip3/Gga2/Romo1/Nsf/Srp72/Sec61b/Rab26/Ssr3/Sgta/Atp2c1/Pdcd5/Arl6ip1/Samm50/Vamp3/Tsc2/Srp9/Hspa4/Gga3/Vps37a/Rab5if/Arhgap44/Amn/Golga7b/Srp54c/Rabgef1/Sec61g/Vps35/Inpp5k"
"GO:0051965","GO:0051965","positive regulation of synapse assembly",51,0.462159425156007,1.76112868189095,0.00156033992832164,0.0281885260641617,0.0234372809599826,1216,"tags=29%, list=13%, signal=26%","Adgrb3/Adgrl3/Lrrtm3/Il1rapl1/Asic2/Grid2/Nrxn1/Lrrtm4/Adnp/Wnt7a/Stau2/Prkca/St8sia2/Bdnf/Cux2"
"GO:0045580","GO:0045580","regulation of T cell differentiation",89,0.390826824828876,1.64512531298247,0.00156385720189524,0.0281885260641617,0.0234372809599826,1817,"tags=35%, list=19%, signal=28%","Arid1a/Tox/Zmiz1/Rc3h1/Zeb1/Arid2/Gli3/Foxo3/Ep300/Fas/Sox13/Itpkb/Lef1/Runx1/Pbrm1/Ptprc/Cd74/Sh3rf1/Brd2/Actl6a/Ambra1/Abl1/Smarcd2/Rasgrp1/Tgfbr2/Socs5/Cbfb/Ap3d1/Sox12/Irf1/Sox4"
"GO:0051146","GO:0051146","striated muscle cell differentiation",178,0.324790964057609,1.52822940279767,0.00161234125988088,0.0288819390900401,0.0240138175221226,1456,"tags=26%, list=15%, signal=23%","Adgrb3/Fhod3/Arid1a/Dock1/Prkd1/Hey2/Bcl2/Bmpr1a/Hdac4/Nrap/Rbm24/Meis1/Rxra/Atg7/Klf5/Map2k4/Pmp22/Slc8a1/Nebl/Ep300/Bcl9/Ski/Ppp3ca/Prkg1/Nr3c1/Nfatc3/Popdc2/Casp7/Igfbp5/Neo1/Prox1/Akap13/Ppara/Bdnf/Efnb2/Sgcd/Myocd/Cdh2/Ezh2/Pdgfrb/Large1/Epc1/Dock5/Smyd3/Chuk/Ctdp1/Acvr1"
"GO:0021988","GO:0021988","olfactory lobe development",35,0.518255260500557,1.81542865674819,0.00166614131414874,0.0296614293210183,0.0246619227656324,2505,"tags=57%, list=26%, signal=42%","Robo1/Erbb4/Sall3/Chd7/Robo2/Pcnt/Ski/Rpgrip1l/Ext1/Fgfr1/Dlx5/Pax6/Kif14/Ogdh/Sema3a/Htt/Srf/Nfix/Lhx2/Dicer1"
"GO:0046622","GO:0046622","positive regulation of organ growth",31,0.535180688349016,1.81129490102521,0.00169191341376829,0.0298535513143822,0.0248216621264919,1776,"tags=39%, list=19%, signal=32%","Erbb4/Hey2/Bmpr1a/Yap1/Ep300/Rbpj/Nr3c1/Fgfr1/Prox1/Fgf9/Fgfr2/Mtor"
"GO:0060042","GO:0060042","retina morphogenesis in camera-type eye",45,0.470363265842506,1.74228923934522,0.00169763606642118,0.0298535513143822,0.0248216621264919,1276,"tags=31%, list=13%, signal=27%","Zhx2/Dscam/Ush1c/Hipk2/Lrp5/Lrp6/Fat3/Rpgrip1l/Sox9/Prox1/Alms1/Sdk2/Mfsd2a/Large1"
"GO:0090199","GO:0090199","regulation of release of cytochrome c from mitochondria",27,-0.554969018078361,-1.87694942228442,0.00178266988161676,0.0311589087186833,0.0259069983433683,738,"tags=30%, list=8%, signal=27%","Dnm1l/Pdcd5/Bnip3/Higd1a/Fam162a/Mllt11/Tnfsf10/Hgf"
"GO:0003158","GO:0003158","endothelium development",74,0.418289070325577,1.70584823661298,0.00181601659453621,0.0315505533653159,0.0262326303256404,2638,"tags=49%, list=28%, signal=35%","Acvr2b/Pecam1/Hey2/Zeb1/Nr2f2/Rock1/Rbpj/Vcl/Magi1/Pbrm1/Plcb1/Ptprs/Prox1/Afdn/Fzd2/Tjp1/Acvr1/Fstl1/Rap2c/Bmpr2/Rapgef1/Fzd1/Dmd/S1pr1/Vegfa/Foxj2/Vezf1/Fasn/Col18a1/Add1/Agt/Rapgef2/Dicer1/Rock2/Lipa/Vhl"
"GO:0055007","GO:0055007","cardiac muscle cell differentiation",83,0.40365359906059,1.68372738902211,0.00189541301973531,0.0327327613707582,0.0272155742764389,2505,"tags=48%, list=26%, signal=36%","Fhod3/Arid1a/Hey2/Bmpr1a/Nrap/Meis1/Rxra/Atg7/Map2k4/Slc8a1/Nebl/Ep300/Prkg1/Nr3c1/Popdc2/Prox1/Akap13/Ppara/Efnb2/Sgcd/Myocd/Pdgfrb/Large1/Ctdp1/Acvr1/Slc9a1/Sox6/Cavin4/Mtor/Myh10/Vegfa/Rarb/Frs2/Hnrnpu/Mylk3/Srf/Agt/Itgb1/Dyrk1a/Dicer1"
"GO:0006084","GO:0006084","acetyl-CoA metabolic process",32,-0.522318640319123,-1.851635331777,0.00192101305953428,0.0327822583650703,0.0272567284311373,1826,"tags=44%, list=19%, signal=35%","Acat1/Dlat/Pdhb/Mpc1/Vdac1/Nudt7/Pdk1/Mvd/Cs/Acly/Dld/Aadat/Mpc2/Pdk4"
"GO:0045834","GO:0045834","positive regulation of lipid metabolic process",87,0.38865931206154,1.63657961630729,0.00191467518389088,0.0327822583650703,0.0272567284311373,1894,"tags=33%, list=20%, signal=27%","Zbtb20/Erbb4/Qki/Ppargc1a/Smpd3/Srebf2/Tcf7l2/Elovl5/Scap/Slc27a1/Srebf1/Igf1r/Mid1ip1/Cd74/Chp1/Apoa1/Ppara/Disp3/Mfsd2a/Mapk9/Rdh10/Prkcd/Gpam/Creb1/Prkce/Nr1h3/Mtor/Wnt4/Sirt2"
"GO:0007006","GO:0007006","mitochondrial membrane organization",71,-0.39865675392172,-1.69600737319679,0.00194134105136492,0.0329342799537437,0.0273831264087263,1596,"tags=55%, list=17%, signal=46%","Pink1/Tmem11/Bak1/Hip1r/Bcl2l1/Cox18/Mul1/Siva1/Ghitm/Snca/Micu1/Oma1/Cibar1/Stat3/Chchd10/Cnp/Spg7/Slc25a5/Timm13/Gclc/Tomm70a/Maip1/Bnip3l/Tomm22/Tmem14a/Timm10/Oxa1l/Romo1/Apool/Micos10/Pdcd5/Samm50/Hspa4/Vdac2/Immt/Bnip3/Micos13/Dynlt1c/Bok"
"GO:0099505","GO:0099505","regulation of presynaptic membrane potential",20,0.608466463769069,1.87835647190919,0.00198154803038707,0.0333809653484291,0.0277545218861675,944,"tags=30%, list=10%, signal=27%","Kcnc1/Kctd8/Grik4/Kcnc2/Rimbp2/Gabra2"
"GO:0060485","GO:0060485","mesenchyme development",184,0.32686763852151,1.54196547073252,0.0019908204021948,0.0333809653484291,0.0277545218861675,1853,"tags=32%, list=20%, signal=26%","Robo1/Erbb4/Exoc4/Qki/Nfatc1/Tgfb2/Robo2/Hey2/Tcf7l2/Bcl2/Bmpr1a/Ddx17/Yap1/Spred1/Rbm24/Epha3/Rxra/Zfp703/Epha4/Lrp6/Ptk2/Sema5a/Rock1/Rbpj/Lef1/Efnb1/Ext1/Spred2/Sox9/Hif1a/Clasp1/Fgfr1/Dab2ip/Sema3g/Myocd/Cdh2/Ezh2/Pax6/Pawr/Spry2/Vangl2/Clasp2/Rdh10/Fgf9/Tgfbr2/Acvr1/Sema4g/Fgfr2/Bmpr2/Sema3f/Axin2/Tapt1/Tead1/Mtor/Wnt4/Sox4/Zeb2/Ret"
"GO:0031128","GO:0031128","developmental induction",21,0.610189184163268,1.89954332170793,0.00201865567140555,0.0336520402100208,0.0279799064159528,936,"tags=38%, list=10%, signal=34%","Robo1/Six3/Pou2f1/Robo2/Hipk2/Rbpj/Sox9/Fgfr1"
"GO:0032924","GO:0032924","activin receptor signaling pathway",21,0.609888763594048,1.89860810046708,0.00208766788793587,0.0342092851636764,0.0284432263679301,1599,"tags=52%, list=17%, signal=44%","Acvr2b/Bmpr1b/Bmpr1a/Smad6/Magi2/Smurf1/Ski/Fgf9/Tgfbr2/Acvr1/Bmpr2"
"GO:0042273","GO:0042273","ribosomal large subunit biogenesis",51,-0.443402653257081,-1.75626908247359,0.00207597377533015,0.0342092851636764,0.0284432263679301,3330,"tags=59%, list=35%, signal=38%","Tma16/Gtpbp4/Heatr3/Nop2/Noc2l/Rrs1/Nop53/Mrm2/Gtf3a/Rpf1/Rsl24d1/Rpl7/Nip7/Nvl/Dhx30/Malsu1/Nol9/Ddx18/Bop1/Fastkd2/Nop16/Rpf2/Rpl5/Eif6/Rpl14/Znhit3/Rpl7l1/Rpl24/Rpl26/Rpl35a"
"GO:0010634","GO:0010634","positive regulation of epithelial cell migration",43,0.475306333151678,1.74932067540332,0.00208258083823684,0.0342092851636764,0.0284432263679301,1811,"tags=53%, list=19%, signal=43%","Gab2/Tgfb2/Dock1/Enpp2/Ptk2/Rreb1/Arf6/Sox9/Hif1a/Clasp1/Arhgap5/Epb41l4b/Dock5/Clasp2/Tgfbr2/Scrib/Hbegf/Map4k4/Bmpr2/Prkce/Mtor/Tacr1/Iqsec1"
"GO:0006085","GO:0006085","acetyl-CoA biosynthetic process",20,-0.604896031397451,-1.86342588745252,0.00211223745835923,0.0344163436717968,0.0286153846574031,1826,"tags=50%, list=19%, signal=40%","Acat1/Dlat/Pdhb/Mpc1/Vdac1/Pdk1/Acly/Dld/Mpc2/Pdk4"
"GO:0070169","GO:0070169","positive regulation of biomineral tissue development",33,0.509731926865869,1.76774901983933,0.00213911058286844,0.0346583984325427,0.0288166404954129,872,"tags=30%, list=9%, signal=28%","Acvr2b/Bmpr1b/Adrb2/Asxl2/Bmpr1a/Rxra/Slc8a1/Fbxo5/Fam20c/Fgfr3"
"GO:0042310","GO:0042310","vasoconstriction",67,0.409858915339398,1.64870360425075,0.00218037789961272,0.0351296640362183,0.02920847312742,1935,"tags=39%, list=20%, signal=31%","Adra1d/Agtr1b/Smpd3/Egfr/Htr7/Asic2/Smad6/Slc8a1/Rap1gds1/Rbfox2/Hif1a/Mtnr1b/Mgll/Add3/Arhgap42/Pde5a/Abl1/Dock5/Dock4/Chrm3/Cacna1c/Bmpr2/Hrh2/Tacr1/Tbxas1/Mmp2"
"GO:0007605","GO:0007605","sensory perception of sound",91,0.385484623420423,1.64093749165518,0.0022300795052208,0.035730829405871,0.0297083106017133,1427,"tags=27%, list=15%, signal=24%","Chd7/Myo3b/Col11a1/Tbl1x/Cemip/Cdc14a/Tmtc4/Ush1c/Asic2/Pou3f4/Fam107b/Rest/Lrig1/Diaph3/Fgfr1/Lrp2/Alms1/Otog/Nherf1/Homer2/Large1/Spry2/Cntn5/Scn8a/Tjp1"
"GO:0010976","GO:0010976","positive regulation of neuron projection development",167,0.319507776601082,1.48195042576959,0.00225214353139544,0.0358849831190301,0.029836481328984,1316,"tags=25%, list=14%, signal=22%","Kalrn/Qki/Tenm3/Tox/Lrp8/Prkd1/Nckipsd/Fyn/Il1rapl1/Zfp804a/Epha3/Htr7/Magi2/Nrxn1/Fut9/Lrp6/Ep300/Igf1r/Ptpn5/Pum2/Ryk/Disc1/Arf6/Adnp/Stau2/Ddr2/Fgfr1/Cobl/Mob2/Dab2ip/Abl1/Bdnf/Plxnb2/Ngf/Grn/Ezh2/Negr1/Cux2/Cnr1/Cask/Afdn/Fbxo38"
"GO:0007215","GO:0007215","glutamate receptor signaling pathway",41,0.482344143638038,1.75522528127512,0.00228250452071424,0.0361689177897794,0.0300725581155988,1235,"tags=24%, list=13%, signal=21%","Grm3/Necab2/Kalrn/Adrb2/Fyn/Cpeb4/Nrxn1/Plcb1/Homer2/Grm5"
"GO:0032509","GO:0032509","endosome transport via multivesicular body sorting pathway",26,-0.560827311138604,-1.87541884953782,0.00233831264323333,0.0368507850441799,0.0306394949743199,1862,"tags=46%, list=20%, signal=37%","Chmp4b/Chmp3/Chmp7/Leprot/Chmp1a/Leprotl1/Vps4b/Chmp5/Chmp2b/Ptpn23/Sort1/Chmp2a"
"GO:0010463","GO:0010463","mesenchymal cell proliferation",30,0.539558652311073,1.82444000149602,0.00236111821839844,0.0370079616405495,0.0307701790704328,1603,"tags=47%, list=17%, signal=39%","Gpc3/Foxp2/Bmpr1a/Zeb1/Lrp5/Lrp6/Sox9/Arhgap5/Fgfr1/Phf14/Fgf9/Tgfbr2/Fgfr2/Fbxw4"
"GO:0009952","GO:0009952","anterior/posterior pattern specification",102,0.375751307744372,1.61675988738328,0.00239414031627957,0.0373227063359475,0.0310318727765853,1653,"tags=31%, list=17%, signal=26%","Gpc3/Lfng/Six3/Acvr2b/Hey2/Bmpr1a/Gli3/Hipk2/Nr2f2/Lrp5/Lrp6/Ep300/Ski/Bptf/Tulp3/Ssbp3/Rbpj/Lef1/Pcgf2/Tshz1/Cobl/Abi1/Zbtb16/Otx1/Pax6/Pofut1/Celsr1/Vangl2/Atm/Bmpr2/Ofd1/Axin2"
"GO:0010632","GO:0010632","regulation of epithelial cell migration",57,0.440047705100115,1.71348661646231,0.00241849398416284,0.037472018214548,0.0311560177723703,1811,"tags=47%, list=19%, signal=39%","Sash1/Gab2/Tgfb2/Dock1/Enpp2/Ptk2/Rreb1/Ptprg/Arf6/Sox9/Hif1a/Clasp1/Arhgap5/Dab2ip/Epb41l4b/Dock5/Ptprr/Clasp2/Tgfbr2/Scrib/Hbegf/Map4k4/Bmpr2/Prkce/Mtor/Tacr1/Iqsec1"
"GO:0007219","GO:0007219","Notch signaling pathway",115,0.357370586146439,1.57795880533343,0.00242970437105425,0.037472018214548,0.0311560177723703,1447,"tags=23%, list=15%, signal=19%","Maml2/Lfng/Robo1/Maml3/Cdh6/Tgfb2/Robo2/Zmiz1/Hey2/Srebf2/Ctbp1/Yap1/Cdk6/Rbpj/Sox9/Gmds/Spen/Itgb1bp1/Zfp423/Ccdc85c/Rbm15/Dtx3l/Mfng/Pofut1/Cfap58/Tgfbr2"
"GO:0030501","GO:0030501","positive regulation of bone mineralization",30,0.537319946456747,1.81687013954547,0.0025592509084155,0.0380457712364449,0.0316330633172573,2030,"tags=47%, list=21%, signal=37%","Acvr2b/Bmpr1b/Adrb2/Asxl2/Bmpr1a/Rxra/Slc8a1/Fam20c/Fgfr3/Acvr1/Bmpr2/Wnt4/Ano6/Fzd9"
"GO:0061384","GO:0061384","heart trabecula morphogenesis",24,0.566509651740831,1.80835297021205,0.00254219068452899,0.0380457712364449,0.0316330633172573,599,"tags=25%, list=6%, signal=23%","Chd7/Nfatc1/Tgfb2/Hey2/Bmpr1a/Rbpj"
"GO:0098869","GO:0098869","cellular oxidant detoxification",34,-0.492191208444202,-1.77269935918939,0.00251455721298029,0.0380457712364449,0.0316330633172573,2431,"tags=50%, list=26%, signal=37%","Selenow/Txnrd1/Gsto1/Gpx3/Park7/Gstk1/Cygb/Txnrd3/Gsr/Srxn1/Prdx1/Sod1/Mgst3/Sod2/Sesn1/Ptgs1/Cp"
"GO:0061077","GO:0061077","chaperone-mediated protein folding",50,-0.444848062419427,-1.74417386743676,0.00248134866049657,0.0380457712364449,0.0316330633172573,1737,"tags=38%, list=18%, signal=31%","Sdf2l1/Dffa/Hspa2/Bag1/Dnajb14/Hspa13/Sdf2/Hspa8/Hspa9/Cct2/Cct4/Sgta/Hspe1-rs1/Chordc1/Dnajb6/Pdcd5/Dnajb2/Cct8/Ptges3"
"GO:0019218","GO:0019218","regulation of steroid metabolic process",63,0.431605123636925,1.71285056214568,0.00252307775069938,0.0380457712364449,0.0316330633172573,1049,"tags=29%, list=11%, signal=26%","Lpcat3/Rora/Insig1/Qki/Ppargc1a/Srebf2/Gpr146/Scap/Srebf1/Igf1r/Clcn2/Prkg1/Rest/Nr3c1/Hsd3b4/Apoa1/Lmf1/Prox1"
"GO:0030316","GO:0030316","osteoclast differentiation",71,0.404250853674111,1.63460444532621,0.00255832242771296,0.0380457712364449,0.0316330633172573,1098,"tags=27%, list=12%, signal=24%","Gpc3/Gab2/Nfatc1/Lrrc17/Asxl2/Ninj1/Calcr/Rassf2/Nedd9/Ppp3ca/Ppargc1b/Eeig1/Fam20c/Tcirg1/Cd109/Fgfr3/Mafb/Tfrc/Klf10"
"GO:0043542","GO:0043542","endothelial cell migration",144,0.341993410224634,1.56540282260267,0.0025041277181537,0.0380457712364449,0.0316330633172573,2785,"tags=47%, list=29%, signal=33%","Rhoj/Robo1/Sash1/Pecam1/Prkd1/Spred1/Tns3/Vstm4/Bcas3/Nr2f2/Cib1/Pik3r3/Ptk2/Sema5a/Fgf18/Hif1a/Wnt7a/Rin2/Itgb1bp1/Prkca/Pik3c2a/Apoa1/Akt3/Fgfr1/Dab2ip/Prox1/Abl1/Efnb2/Grn/Paxip1/Egf/Amot/Jcad/Gab1/Fstl1/Dpp4/Patz1/Angpt2/Ptp4a3/Map2k5/Zeb2/Adgrb1/Prkx/Angpt1/Emp2/Vegfa/Pik3cb/Plpp3/Col18a1/Pdcd6/Srf/Adtrp/Bmper/Agt/Itgb1/Map3k3/Dicer1/Fbxw7/Rock2/Vhl/Wnt5a/Prcp/Hdac9/Calr/Fgf2/Gadd45a/Atp2b4"
"GO:0030879","GO:0030879","mammary gland development",76,0.402117761433261,1.64193857979417,0.00258175028877261,0.0381834247836933,0.0317475150219919,1518,"tags=37%, list=16%, signal=31%","Robo1/Erbb4/Kalrn/Gli3/Zfp703/Btrc/Lrp5/Lrp6/Igf1r/Lats1/Rreb1/mt-Co2/Lef1/Nr3c1/Sox9/Hif1a/Arhgap5/Nrg3/Rxfp1/Igfbp5/Ncoa1/Egf/Ncoa3/Tgfbr2/Chuk/Scrib/Atp7b/Fgfr2"
"GO:0016082","GO:0016082","synaptic vesicle priming",27,-0.542286478579145,-1.83405606353697,0.00260020775295342,0.0382601997934575,0.0318113494158319,1960,"tags=59%, list=21%, signal=47%","Osbpl2/Snap25/Snap29/Snap47/Snap23/Efr3a/Rab3a/Synj1/Vamp1/Rph3a/Syngr3/Stxbp1/Napb/Napa/Stx1a/Sv2a"
"GO:0060074","GO:0060074","synapse maturation",37,0.500388681477015,1.78207404404773,0.00264924607952509,0.0385880085522745,0.0320839052055191,693,"tags=30%, list=7%, signal=28%","Nfia/Dab1/Erbb4/Adgrb3/Bcan/Robo2/Nrxn1/Rock1/Nrg2/Disc1/Dlgap4"
"GO:0050905","GO:0050905","neuromuscular process",119,0.356378325224194,1.58038426014849,0.0026393100800951,0.0385880085522745,0.0320839052055191,1345,"tags=24%, list=14%, signal=20%","Adcy5/Npas3/Prkn/Ap1s2/Ctnna2/Adrb2/Prkd1/Penk/Ush1c/Vti1a/Hipk2/Grid2/Pmp22/Nrxn1/Fgf12/Rbfox2/Fgf14/Rest/Bcr/Rbfox1/Igdcc3/Gigyf2/Icmt/Vps54/Abl1/Large1/Tshz3/Chrna1"
"GO:0042472","GO:0042472","inner ear morphogenesis",65,0.41827443197025,1.66698959459936,0.00269133949027618,0.0390041361304347,0.0324298934612491,1518,"tags=37%, list=16%, signal=31%","Insig1/Chd7/Myo3b/Col11a1/Zeb1/Ush1c/Pou3f4/Rest/Lrig1/Sox9/Bcr/Fgfr1/Mafb/Dlx5/Nherf1/Otx1/Spry2/Fzd2/Celsr1/Vangl2/Cep290/Fgf9/Scrib/Fgfr2"
"GO:0048663","GO:0048663","neuron fate commitment",37,0.499132802368745,1.77760138180704,0.00271674189354435,0.0391754181049095,0.0325723054394422,1336,"tags=41%, list=14%, signal=35%","Nfia/Bcl11b/Tgfb2/Zfp521/Gli3/Sox1/Rbpj/Runx1/Pou3f2/Sox9/Prox1/Lmo4/Pax6/Zdhhc16/Myt1l"
"GO:0003206","GO:0003206","cardiac chamber morphogenesis",78,0.401099293287481,1.65396460039799,0.0027426384445271,0.0393520859403788,0.0327191954785689,1599,"tags=32%, list=17%, signal=27%","Robo1/Fgfrl1/Chd7/Col11a1/Nfatc1/Tgfb2/Robo2/Hey2/Bmpr1a/Rxra/Smad6/Lrp6/Rbpj/Hif1a/Rbm15/Lrp2/Prox1/Dhrs3/Fzd2/Vangl2/Fgf9/Tgfbr2/Acvr1/Fgfr2/Bmpr2"
"GO:0001837","GO:0001837","epithelial to mesenchymal transition",106,0.353388831360115,1.53768634931728,0.00292713748824682,0.0417914084955635,0.0347473642429717,1518,"tags=28%, list=16%, signal=24%","Qki/Nfatc1/Tgfb2/Hey2/Tcf7l2/Ddx17/Spred1/Epha3/Zfp703/Epha4/Lrp6/Ptk2/Rock1/Rbpj/Lef1/Spred2/Sox9/Hif1a/Clasp1/Fgfr1/Dab2ip/Myocd/Ezh2/Pawr/Spry2/Vangl2/Clasp2/Tgfbr2/Acvr1/Fgfr2"
"GO:0033674","GO:0033674","positive regulation of kinase activity",180,0.322335030083464,1.51959159215947,0.00295257845076805,0.0419469766109117,0.0348767109714785,1544,"tags=28%, list=16%, signal=24%","Robo1/Dab1/Sash1/Lrp8/Adrb2/Tgfb2/Fgd4/Cemip/Egfr/Adcy8/Zfp91/Map2k4/Nrxn1/Cib1/Epha4/Ptk2/Rassf2/Fgf18/Mmd2/Nedd9/Ptprc/Tenm1/Cd74/Ttbk1/Itgb1bp1/Unc119/Ddr2/Fgfr1/Dab2ip/Ccdc88a/Abi1/Prox1/Abi2/Pde5a/Abl1/Ezh2/Lmo4/Pdgfrb/Egf/Map3k7/Vangl2/Cenpe/Rad50/Gab1/Taok3/Rasgrp1/Ip6k2/Kif14/Prkcd/C1qtnf9"
"GO:0090092","GO:0090092","regulation of transmembrane receptor protein serine/threonine kinase signaling pathway",155,0.336168805221537,1.54393669625372,0.00299194220448772,0.0422978495967773,0.0351684434562591,1485,"tags=26%, list=16%, signal=23%","Gpc3/Acvr2b/Smurf2/Tgfb2/Zfp451/Tcf7l2/Bmpr1a/Zeb1/Spred1/Gpr155/Hipk2/Zfp703/Ube2o/Smad6/Magi2/Chst11/Smurf1/Ep300/Ski/Lats1/Arid4b/Rbpj/Spred2/Crebbp/Rnf111/Htra1/Cd109/Zfp423/Prdm16/Lrp2/Neo1/Abl1/Ppara/Fstl5/Myocd/Tet1/Spry2/Fgf9/Tgfbr2/Acvr1/Fstl1"
"GO:1902600","GO:1902600","proton transmembrane transport",89,-0.361996598413024,-1.61058655962096,0.00306424770010191,0.043108733498019,0.0358426508900238,1599,"tags=31%, list=17%, signal=26%","Atp6v0a1/Slc25a5/Atp5pd/Atp5po/Ndufv2/Phb2/Ndufa10/Slc9b1/Ndufa2/Atp6v1c2/Ndufa4/Ndufs3/Slc9a6/Atp6v1c1/Ndufs1/Atp5mc3/Atp6v0d1/Slc25a3/Atp6v1g1/Slc4a10/Atp6v1e1/Atp5mf/Atp5pf/Atp6v1a/Uqcrh/mt-Nd6/Atp6v1b2/Slc25a22"
"GO:1902930","GO:1902930","regulation of alcohol biosynthetic process",41,0.475028810746767,1.72860516490995,0.00311552255187254,0.0434066040560406,0.0360903146359809,683,"tags=27%, list=7%, signal=25%","Lpcat3/Qki/Srebf2/Gpr146/Scap/Adcyap1r1/Srebf1/Clcn2/Prkg1/Ntsr1/Rest"
"GO:0007034","GO:0007034","vacuolar transport",126,-0.331799892999403,-1.55015986212117,0.00310784124270246,0.0434066040560406,0.0360903146359809,2281,"tags=36%, list=24%, signal=27%","Ndfip1/Igf2r/Scarb2/Plekhf2/Psap/Plekhf1/Lhcgr/Ehd3/Vps53/Chmp4b/Chmp3/Vps29/Cacng5/Vipas39/Chmp7/Arf1/Sorl1/Vti1b/Hspa8/Vps51/Leprot/Chmp1a/Vps37d/Bin1/Vps39/M6pr/Leprotl1/Stx7/Atp6v0d1/Vps18/Ncoa4/Tpcn2/Vps4b/Chmp5/Chmp2b/Gga3/Vps37a/Ptpn23/Lamp2/Sort1/Vps11/Rhob/Chmp2a/Vps35/Lrp1"
"GO:0097352","GO:0097352","autophagosome maturation",42,-0.463020706051535,-1.75950720731704,0.00318763840824967,0.0439863596621628,0.0365723510148211,1862,"tags=40%, list=20%, signal=33%","Chmp4b/Smcr8/Ubqln4/Lix1l/Chmp3/Snap29/Map1lc3a/Chmp7/Chmp1a/Calm2/Vps4b/Chmp5/Chmp2b/Lamp2/Gabarapl1/Chmp2a/Gabarapl2"
"GO:0038127","GO:0038127","ERBB signaling pathway",113,0.352388546767709,1.54872718752588,0.00317529134297621,0.0439863596621628,0.0365723510148211,1520,"tags=29%, list=16%, signal=25%","Erbb4/Garem1/Cadm1/Ptprf/Egfr/Epha5/Bcar3/Epha3/Plce1/Epha4/Ptk2/Igf1r/Nrg2/Snx5/Rbpj/Sox9/Fgfr3/Ddr2/Fgfr1/Nrg3/Dab2ip/Ccdc88a/Abl1/Pdgfrb/Spry2/Egf/Ptprr/Gab1/Socs5/Zfyve28/Kif16b/Fgfr2/Hbegf"
"GO:0006413","GO:0006413","translational initiation",83,-0.383155420173146,-1.67674935116557,0.00322361626838792,0.0440611816020416,0.0366345615334881,2731,"tags=51%, list=29%, signal=36%","Eif3g/Eif3f/Eif2s3y/Eif3a/Mif4gd/Eif4e/Eif1/Eif4ebp1/Eif2d/Dhx33/Ago2/Bzw2/Eif4h/Eif2ak2/Eif3i/Ppp1r15b/Ddx3x/Eif4a2/Eif4g1/Eif2s1/Tmed2/Eif1b/Rps6kb1/Mcts1/Zfp598/Eif2b1/Eif3e/Eif6/Denr/Abce1/Ncbp2/Eif4e3/Paip2/Eif2b5/Eif3j2/Eif2b2/Eif2s2/Mknk1/Eif3k/Eif1ax/Mettl3/Klhl25"
"GO:0060828","GO:0060828","regulation of canonical Wnt signaling pathway",169,0.323066956326759,1.50274655339309,0.00321099242937561,0.0440611816020416,0.0366345615334881,1871,"tags=31%, list=20%, signal=26%","Gpc3/Rbms3/Gpc5/Ctnnd2/Prkn/Tbl1x/Cdk14/Tcf7l2/Egfr/Yap1/Wnk1/Foxo1/Gli3/Zfp703/Btrc/Foxo3/Sema5a/Lats1/Sox13/Rbpj/Usp34/Sox9/Adnp/Lrp4/Invs/Fgfr3/Dab2ip/Lgr4/Wnk2/Dlx5/Daam2/Cdh2/Nherf1/Eda/Nkd1/Egf/Ptpro/Otulin/Fgf9/Thra/Usp8/Fgfr2/Znrf3/Stk3/Axin2/Tbl1xr1/Rnf14/Amer2/Ccny/Rapgef1/Sox4/Zeb2/Fzd1"
"GO:0043368","GO:0043368","positive T cell selection",24,0.555775903234311,1.77408981876595,0.00346350954394949,0.047095714306965,0.0391576163191716,905,"tags=38%, list=10%, signal=34%","Bcl11b/Tox/Bcl2/Ep300/Itpkb/Nfatc3/Ptprc/Cd74/Brd2"
"GO:0050810","GO:0050810","regulation of steroid biosynthetic process",48,0.456793836576336,1.71522509754407,0.0034782895795366,0.047095714306965,0.0391576163191716,773,"tags=29%, list=8%, signal=27%","Lpcat3/Insig1/Qki/Ppargc1a/Srebf2/Gpr146/Scap/Srebf1/Igf1r/Clcn2/Prkg1/Rest/Nr3c1/Hsd3b4"
"GO:0000387","GO:0000387","spliceosomal snRNP assembly",28,-0.510957156214445,-1.73216893094426,0.00358179614528026,0.0480460468976198,0.0399477680242273,3040,"tags=68%, list=32%, signal=46%","Prpf3/Gemin2/Prpf6/Prpf4b/Snrpd1/Gemin4/Prmt5/Clns1a/Lsm4/Gemin5/Strap/Ddx20/Snrpd2/Snrpb/Snrpf/Snrpc/Snrpg/Prpf8/Snrpd3"
"GO:0002028","GO:0002028","regulation of sodium ion transport",50,0.446047528777243,1.69827514551025,0.00357472541575309,0.0480460468976198,0.0399477680242273,1949,"tags=38%, list=21%, signal=30%","Nkain3/Nkain2/Adrb2/Wnk1/Slc8a1/Fgf12/Nkain4/Fgf14/Plcb1/Chp1/Akt3/Wnk2/Nherf1/Slc9a1/Fgf13/Slmap/Ank3/Atp1b1/Dmd"
"GO:2000045","GO:2000045","regulation of G1/S transition of mitotic cell cycle",101,0.348478796082323,1.49745180109355,0.00373660993673687,0.0498906623034682,0.0414814689858021,1524,"tags=30%, list=16%, signal=25%","Arid1a/Bcl2/Egfr/Arid2/Cul4a/Tfdp1/Pkd1/Ino80/Mtbp/Pbrm1/Crebbp/Plcb1/Ankrd17/Ddr2/Appl2/Gigyf2/Actl6a/Dpf3/Ambra1/Cdkn2c/Ezh2/Smarcd2/Myo16/Ube2e2/Kmt2e/Ctdspl/Acvr1/Kif14/Rbl1/Ctdsp1"
"GO:0045860","GO:0045860","positive regulation of protein kinase activity",172,0.31720671416589,1.48634073779235,0.00377848149960421,0.0502172379947398,0.0417529995444986,1544,"tags=27%, list=16%, signal=23%","Robo1/Dab1/Sash1/Lrp8/Adrb2/Tgfb2/Fgd4/Cemip/Egfr/Adcy8/Zfp91/Map2k4/Nrxn1/Cib1/Epha4/Ptk2/Rassf2/Fgf18/Mmd2/Nedd9/Ptprc/Tenm1/Ttbk1/Itgb1bp1/Unc119/Ddr2/Fgfr1/Dab2ip/Ccdc88a/Abi1/Prox1/Abi2/Pde5a/Abl1/Ezh2/Pdgfrb/Egf/Map3k7/Vangl2/Cenpe/Gab1/Taok3/Rasgrp1/Ip6k2/Kif14/Prkcd/C1qtnf9"
"GO:0043500","GO:0043500","muscle adaptation",71,0.396425207188893,1.60296113173509,0.00379764349287232,0.0502403845570815,0.0417722446970697,1776,"tags=37%, list=19%, signal=30%","Nfatc1/Hey2/Gtf2ird1/Hdac4/Foxo1/Foxo3/Ep300/Ptk2/Rock1/Ppp3ca/Nr3c1/Nfatc3/Prkca/Igfbp5/Smad1/Pde5a/Ppara/Ezh2/Ctdp1/Slc9a1/Pde9a/Tbce/Tead1/Casq1/Adk/Mtor"
"GO:2000177","GO:2000177","regulation of neural precursor cell proliferation",83,0.390392668154303,1.62841314774491,0.00387579698758475,0.0510401758547691,0.0424372292127761,1774,"tags=36%, list=19%, signal=30%","Six3/Tox/Lims1/Foxo1/Gli3/Foxo3/Ptbp2/Vax1/Ryk/Disc1/Hif1a/Rsu1/Fgfr3/Spint2/Appl2/Lrp2/Cip2a/Prox1/Bdnf/Disp3/Tafa1/Cdh2/Pax6/Afdn/Egf/Gpr37l1/Zfp335/Pde9a/Ptprz1/Rapgef1"
"GO:0001885","GO:0001885","endothelial cell development",36,0.495835295507707,1.74654082956684,0.00395824541300939,0.0518889989596322,0.0431429811044756,2535,"tags=56%, list=27%, signal=41%","Pecam1/Rock1/Vcl/Magi1/Plcb1/Ptprs/Afdn/Tjp1/Rap2c/Rapgef1/Dmd/Vegfa/Vezf1/Fasn/Col18a1/Add1/Agt/Rapgef2/Dicer1/Rock2"
"GO:0019229","GO:0019229","regulation of vasoconstriction",52,0.441112467264948,1.68059098147549,0.00401548302735716,0.0521945741869363,0.0433970508788382,1935,"tags=44%, list=20%, signal=35%","Adra1d/Agtr1b/Egfr/Htr7/Asic2/Smad6/Rbfox2/Hif1a/Mtnr1b/Mgll/Add3/Arhgap42/Pde5a/Abl1/Dock5/Dock4/Chrm3/Cacna1c/Bmpr2/Hrh2/Tacr1/Tbxas1/Mmp2"
"GO:1901890","GO:1901890","positive regulation of cell junction assembly",78,0.392674786591102,1.61922548196818,0.00406002505727449,0.0521945741869363,0.0433970508788382,2117,"tags=37%, list=22%, signal=29%","Adgrb3/Adgrl3/Lims1/Lrrtm3/Il1rapl1/Asic2/Enpp2/Grid2/Nrxn1/Rock1/Lrrtm4/Adnp/Wnt7a/Stau2/Itgb1bp1/Prkca/St8sia2/Abl1/Bdnf/Cux2/Thbs2/Map4k4/Slitrk2/Wnt4/Iqsec1/Fmn1/Adgrb1/Vegfa/Slitrk1"
"GO:0003205","GO:0003205","cardiac chamber development",112,0.354794350080542,1.55556969290221,0.00404560223291472,0.0521945741869363,0.0433970508788382,1657,"tags=29%, list=17%, signal=25%","Robo1/Fgfrl1/Arid1a/Chd7/Col11a1/Nfatc1/Tgfb2/Robo2/Hey2/Bmpr1a/Ank2/Greb1l/Rxra/Smad6/Lrp6/Rbpj/Hectd1/Hif1a/Rbm15/Lrp2/Prox1/Dhrs3/Myocd/Lmo4/Fzd2/Vangl2/Trip11/Fgf9/Tgfbr2/Acvr1/Fgfr2/Bmpr2/Luzp1"
"GO:0030902","GO:0030902","hindbrain development",136,0.334957517112345,1.52270241012517,0.00402695745212395,0.0521945741869363,0.0433970508788382,1474,"tags=29%, list=16%, signal=25%","Foxp2/Rora/Dab1/Kcnc1/Ctnna2/Pcnt/Bcl2/Atg7/Grid2/Nrxn1/Lrp6/Glud1/Igf1r/mt-Nd4/Rbfox2/Lef1/Pdss2/Rpgrip1l/Prkg1/Wnt7a/Ttbk2/Zfp423/Nlgn4l/Ptprs/Mafb/Prox1/Smad1/Abl1/Ezh2/Otx1/Ncoa1/Myo16/Pax6/Dlc1/Egf/Gpr37l1/Cep290/Scrib/Kif14"
"GO:0099504","GO:0099504","synaptic vesicle cycle",184,-0.303072144107884,-1.48473579398062,0.00407204548961881,0.0521945741869363,0.0433970508788382,1742,"tags=31%, list=18%, signal=26%","Slc17a6/Arhgdia/Htr1b/Snap29/Snap47/Lrrk2/Atp6v0a1/Snap23/Trim9/Scrn1/Efr3a/Cxadr/Ppp3cb/Rab3a/Synj1/Tprg1l/Bin1/Syn2/Slc9a6/Atp6v1c1/Cdk5r1/Ppp3r1/Prkcb/Vamp1/Rph3a/Dnm1l/Septin5/Atp6v0d1/Vps18/Atp6v1g1/Casp3/Atp6v1e1/Ctnnb1/Ap2b1/Syngr3/Ap2m1/Dnm1/Stx19/Rac1/Slc4a8/Stxbp1/Napb/Cyfip1/Arpc3/Atp6v1a/Napa/Cltc/Cplx2/Atp6v1b2/Pfn2/Pacsin1/Dnajc6/Sv2b/Stx1a/Snap91/Sv2a/Sptbn2"
"GO:0033077","GO:0033077","T cell differentiation in thymus",58,0.435440220680288,1.69430187607814,0.00421459346243797,0.053078111553149,0.0441316658581186,1101,"tags=24%, list=12%, signal=21%","Bcl11b/B2m/Tox/Bcl2/Zeb1/Cdk6/Gli3/Fas/Itpkb/Nfatc3/Ptprc/Cd74/Mafb/Abl1"
"GO:0000381","GO:0000381","regulation of alternative mRNA splicing, via spliceosome",48,0.451185642171139,1.69416676657403,0.00420705393924935,0.053078111553149,0.0441316658581186,1294,"tags=38%, list=14%, signal=33%","Nova1/Ddx17/Rbm24/Rbm5/Rbm47/Celf2/Mbnl2/Rbfox2/Rest/Tra2b/Rbfox1/Thrap3/Rbfox3/Mbnl1/Rbmxl1/Rbm15/Celf1/Wtap"
"GO:0035019","GO:0035019","somatic stem cell population maintenance",51,0.441282016865978,1.68157214676088,0.00421301184809427,0.053078111553149,0.0441316658581186,1817,"tags=43%, list=19%, signal=35%","Tcf7l2/Zhx2/Bmpr1a/Yap1/Cul4a/Lrp5/Ldb2/Bcl9/Ski/Rbpj/Rif1/Rest/Sox9/Wnt7a/Fgfr3/Prdm16/Klf10/Spi1/Vangl2/Med24/Taf5l/Sox4"
"GO:0003018","GO:0003018","vascular process in circulatory system",137,0.339691526606867,1.5434535357959,0.00418965854093289,0.053078111553149,0.0441316658581186,2068,"tags=35%, list=22%, signal=28%","Adra1d/Pde3a/Agtr1b/Adrb2/Smpd3/Egfr/Vstm4/Slc27a1/Htr7/Asic2/Smad6/Slc8a1/Plekha7/Ptk2/Rock1/Rap1gds1/Rbfox2/Prkg1/Nr3c1/Ext1/Bcr/Hif1a/Mtnr1b/Itgb1bp1/Mgll/Add3/Arhgap42/Pde5a/Abl1/Mfsd2a/Nts/Dock5/Dock4/Amot/Chrm3/Tjp1/Gclm/Cacna1c/Bmpr2/Ptp4a3/Hrh2/Tacr1/Zeb2/Tbxas1/Mmp2/Angpt1/Esr2/Vegfa"
"GO:0002065","GO:0002065","columnar/cuboidal epithelial cell differentiation",68,0.414244112696633,1.67219740563853,0.00430108562978749,0.0539318737230744,0.0448415243233679,1823,"tags=38%, list=19%, signal=31%","Yap1/Rxra/Klf5/Dmbt1/Vax1/Clcn2/Lef1/Ext1/Pou3f2/Sox9/Hif1a/Fam20c/Fgfr3/Prox1/Abl1/E2f4/Cdh2/Pax6/Afdn/Tjp1/Kdm2a/Fgfr2/Cep152/Wnt4/Sox4/Wdr77"
"GO:0008544","GO:0008544","epidermis development",176,0.314182408769302,1.47461098840095,0.00435524654756515,0.0543745932605104,0.0452096223985118,1518,"tags=28%, list=16%, signal=24%","Bcl11b/Trps1/Myo3b/Tgfb2/Hey2/Ncor2/Bcl2/Egfr/Yap1/Ush1c/Tfdp1/Cux1/Igf1r/Ldb2/Sox21/Rock1/Klf7/Lats1/Pum2/Rbpj/Ppp3ca/Runx1/Rest/Ext1/Pou3f2/Sox9/Bcr/Lrp4/Kazn/Cd109/Fgfr3/Fgfr1/Krt90/Igfbp5/Lgr4/Mafb/Ppara/Nherf1/Ezh2/Pax6/Eda/Celsr1/Ncoa3/Vangl2/Gab1/Scrib/Ubn1/Apcdd1/Fgfr2"
"GO:0060043","GO:0060043","regulation of cardiac muscle cell proliferation",31,0.515438856084128,1.7444795601567,0.0044105678094548,0.0548279205278778,0.045586540244728,1518,"tags=32%, list=16%, signal=27%","Erbb4/Hey2/Bmpr1a/Yap1/Rbpj/Vgll4/Fgfr1/Fgf9/Tgfbr2/Fgfr2"
"GO:0055010","GO:0055010","ventricular cardiac muscle tissue morphogenesis",25,0.55503838747744,1.78277573658644,0.00451734133184384,0.0554383506427133,0.0460940808687134,1049,"tags=36%, list=11%, signal=32%","Chd7/Col11a1/Tgfb2/Hey2/Bmpr1a/Rxra/Rbpj/Lrp2/Prox1"
"GO:0051384","GO:0051384","response to glucocorticoid",79,0.389548595895448,1.61369199284261,0.00450606765748744,0.0554383506427133,0.0460940808687134,740,"tags=23%, list=8%, signal=21%","Agtr1b/Bcl2/Egfr/Gad2/Calcr/Foxo1/Htr7/Rxra/Nr3c2/Foxo3/Ep300/Fas/Sstr4/Igfbp2/Pappa/Rest/Nr3c1/Acsbg1"
"GO:0048639","GO:0048639","positive regulation of developmental growth",123,0.346164515192803,1.54690923054041,0.00450169885732779,0.0554383506427133,0.0460940808687134,1776,"tags=31%, list=19%, signal=25%","Erbb4/Prkn/Chd7/Adrb2/Cdh4/Hey2/Bcl2/Bmpr1a/Dscam/Yap1/Smurf1/Ep300/Igf1r/Sema5a/Pum2/Rbpj/Disc1/Nr3c1/Pou3f2/Plcb1/Adnp/Mtm1/Fgfr1/Prox1/Bdnf/Syt1/Ngf/Afdn/Celf1/Fgf9/Fgfr2/Rufy3/Ist1/Bmpr2/Gpam/Creb1/Dcx/Mtor"
"GO:0045598","GO:0045598","regulation of fat cell differentiation",93,0.368988695002133,1.56740234797146,0.00456279872511768,0.0555411483071592,0.0461795517350568,2068,"tags=35%, list=22%, signal=28%","Rora/Insig1/Ncor2/Mkx/Tcf7l2/Asxl2/Yap1/Fndc3b/Foxo1/Klf5/Lrp5/Lrp6/Trio/Sox13/Rreb1/Runx1t1/Prdm16/Ptgr3/Alms1/Zbtb16/Taf8/Cds1/Stk3/Axin2/Creb1/Mtor/Lmo3/Fndc5/Sirt2/Fto/Slc7a10/Metrnl/Vegfa"
"GO:0006839","GO:0006839","mitochondrial transport",122,-0.336401422467542,-1.55905219813825,0.00456423444826516,0.0555411483071592,0.0461795517350568,1977,"tags=34%, list=21%, signal=28%","Timm17a/Stat3/Chchd10/Tst/Hspd1/Cnp/Slc41a3/Spg7/Slc25a5/Timm13/Tomm7/Mpc1/Gclc/Tomm70a/Dnlz/Vdac1/Maip1/Bnip3l/Hspa9/Tomm22/Slc25a38/Nptx1/Tmem14a/Smdt1/Timm10/Romo1/Dnajc19/Flvcr1/Slc25a3/Pdcd5/Timm23/Samm50/Hspa4/Vdac2/Mrpl18/Grpel2/Bnip3/Dynlt1c/Slc25a36/Vps35/Bok/Mpc2"
"GO:0001836","GO:0001836","release of cytochrome c from mitochondria",37,-0.473854385168623,-1.72750199056716,0.00458881922055405,0.0556056917314197,0.046233216207086,738,"tags=27%, list=8%, signal=25%","Dnm1l/Pdcd5/Sod2/Bnip3/Higd1a/Bok/Fam162a/Mllt11/Tnfsf10/Hgf"
"GO:0007041","GO:0007041","lysosomal transport",100,-0.343046900165619,-1.54606005309437,0.00463988061864114,0.055989187046699,0.0465520724477627,2172,"tags=35%, list=23%, signal=27%","Scarb2/Plekhf2/Psap/Plekhf1/Lhcgr/Ehd3/Vps53/Chmp4b/Chmp3/Cacng5/Vipas39/Chmp7/Arf1/Sorl1/Hspa8/Vps51/Chmp1a/Bin1/Vps39/M6pr/Stx7/Vps18/Ncoa4/Tpcn2/Vps4b/Chmp5/Chmp2b/Gga3/Lamp2/Sort1/Vps11/Rhob/Chmp2a/Vps35/Lrp1"
"GO:0006891","GO:0006891","intra-Golgi vesicle-mediated transport",26,-0.541190321999537,-1.80975232644213,0.00469971912377414,0.0560082229461348,0.0465678997997281,1562,"tags=42%, list=16%, signal=35%","Trappc3/Copb2/Vti1b/Copb1/Rab6a/Nsf/Copg1/Cog4/Copa/Cope/Gabarapl2"
"GO:1904036","GO:1904036","negative regulation of epithelial cell apoptotic process",22,0.57388831535004,1.80600603599832,0.00468142599685756,0.0560082229461348,0.0465678997997281,1197,"tags=45%, list=13%, signal=40%","Lims1/Tcf7l2/Bcl2/Yap1/Atg7/Igf1r/Adar/Alms1/Ppara/Ngf"
"GO:0099024","GO:0099024","plasma membrane invagination",24,0.545245578686714,1.74047601604533,0.00469799276141746,0.0560082229461348,0.0465678997997281,2164,"tags=58%, list=23%, signal=45%","Gulp1/Spire1/Clcn2/Xkr6/Appl2/Arhgap12/Elmo1/Xkr8/Rab31/Adgrb1/Ano6/Gsn/Snx33/Fcer1g"
"GO:0006120","GO:0006120","mitochondrial electron transport, NADH to ubiquinone",27,-0.523139704003396,-1.76930014688599,0.00473230229377567,0.0561108920464184,0.0466532637717136,1413,"tags=41%, list=15%, signal=35%","Ndufv2/Coq9/Ndufa10/Ndufs3/Ndufs1/Ndufb9/Ndufc2/Ndufs6/Ndufa8/Dld/mt-Nd6"
"GO:0055008","GO:0055008","cardiac muscle tissue morphogenesis",31,0.512791176306941,1.73551860737127,0.00474724606772749,0.0561108920464184,0.0466532637717136,1049,"tags=32%, list=11%, signal=29%","Chd7/Col11a1/Tgfb2/Hey2/Bmpr1a/Rxra/Lrp6/Rbpj/Lrp2/Prox1"
"GO:0045747","GO:0045747","positive regulation of Notch signaling pathway",29,0.527184809927089,1.76830860798781,0.00480331774344806,0.0565419117228743,0.0470116340260996,262,"tags=21%, list=3%, signal=20%","Lfng/Robo1/Tgfb2/Robo2/Zmiz1/Yap1"
"GO:0061383","GO:0061383","trabecula morphogenesis",32,0.502747358472845,1.72664477046573,0.00487305738400629,0.0568983704270208,0.0473080107426649,872,"tags=25%, list=9%, signal=23%","Chd7/Nfatc1/Tgfb2/Hey2/Bmpr1a/Rbpj/Ppargc1b/Fgfr3"
"GO:0098727","GO:0098727","maintenance of cell number",143,0.331368038770518,1.51760946598291,0.00487305256070041,0.0568983704270208,0.0473080107426649,1370,"tags=28%, list=14%, signal=24%","Arid1a/Tut4/Tcf7l2/Zhx2/Bmpr1a/Yap1/Foxo1/Cul4a/Cnot2/Lrp5/Foxo3/Ldb2/Bcl9/Igf2bp1/Ski/Elavl1/Arid4b/Rbpj/Rif1/Rest/Crebbp/Sox9/Wnt7a/Trim8/Fgfr3/Prdm16/Mmp24/Fgfr1/Actl6a/Stag2/Prox1/Klf10/Zc3h13/Tet1/Cdh2/Ezh2/Spi1/Tead4/Ncoa3/Vangl2"
"GO:0018210","GO:0018210","peptidyl-threonine modification",69,0.391889241441155,1.58662568863046,0.00490075298816812,0.0569910145882132,0.047385039503595,1309,"tags=29%, list=14%, signal=25%","Myo3b/Galnt16/Prkd1/Phip/Cemip/Bcl2/Pard3/Spred1/Wnk1/Hipk2/Nlk/Spred2/Hipk3/Galntl6/Ttbk1/Akt3/Galnt1/Ube2k/Spry2/Egf"
"GO:0002042","GO:0002042","cell migration involved in sprouting angiogenesis",34,0.49525045377386,1.72838342188048,0.00500384057275126,0.0579561293647174,0.0481874818208724,2766,"tags=59%, list=29%, signal=42%","Rhoj/Robo1/Spred1/Cib1/Pik3r3/Itgb1bp1/Pik3c2a/Akt3/Abl1/Efnb2/Jcad/Map2k5/Vegfa/Srf/Adtrp/Itgb1/Map3k3/Fbxw7/Hdac9/Fgf2"
"GO:0035176","GO:0035176","social behavior",45,0.439708544109398,1.62873999838771,0.00506832428615689,0.0584681889651059,0.0486132325215385,2410,"tags=49%, list=25%, signal=37%","Nrxn3/Kalrn/Dscam/Nrxn1/Vps13b/Brinp3/Atxn1/Gnb1l/Ext1/Grid1/Nlgn4l/Negr1/Mtor/Ulk4/Kcnq2/Htt/Fmr1/Rptor/Shank2/Ankrd11/Nfix/Oprm1"
"GO:0048644","GO:0048644","muscle organ morphogenesis",39,0.468335311120184,1.68865833940439,0.00512331514640452,0.0588670951483293,0.0489449020906249,2037,"tags=44%, list=21%, signal=34%","Chd7/Col11a1/Tgfb2/Hey2/Bmpr1a/Rxra/Lrp6/Rbpj/Lrp2/Prox1/Arid5b/Fzd2/Vangl2/Fgfr2/Fzd1/S1pr1/Angpt1"
"GO:0019827","GO:0019827","stem cell population maintenance",140,0.330306376602055,1.50495269350386,0.00517864654972736,0.0592667327357686,0.0492771797839554,1370,"tags=28%, list=14%, signal=24%","Arid1a/Tut4/Tcf7l2/Zhx2/Bmpr1a/Yap1/Foxo1/Cul4a/Cnot2/Lrp5/Foxo3/Ldb2/Bcl9/Igf2bp1/Ski/Elavl1/Arid4b/Rbpj/Rif1/Rest/Crebbp/Sox9/Wnt7a/Trim8/Fgfr3/Prdm16/Mmp24/Fgfr1/Actl6a/Stag2/Prox1/Klf10/Zc3h13/Tet1/Cdh2/Spi1/Tead4/Ncoa3/Vangl2"
"GO:0007007","GO:0007007","inner mitochondrial membrane organization",31,-0.500598481500873,-1.76032002047665,0.00528490645546339,0.0602273466827387,0.0500758798975396,3166,"tags=61%, list=33%, signal=41%","Pink1/Tmem11/Cox18/Ghitm/Micu1/Oma1/Cibar1/Chchd10/Timm13/Tomm70a/Maip1/Timm10/Oxa1l/Romo1/Apool/Micos10/Samm50/Immt/Micos13"
"GO:0045444","GO:0045444","fat cell differentiation",163,0.328229705514069,1.51550983663195,0.00530435022795272,0.0602273466827387,0.0500758798975396,1215,"tags=22%, list=13%, signal=20%","Rora/Insig1/Ap1s2/Grk5/Tbl1x/Adrb2/Ncor2/Mkx/Tcf7l2/Asxl2/Ctbp1/Yap1/Fndc3b/Foxo1/Smad6/Pias1/Klf5/Lrp5/Lrp6/Srebf1/Ep300/Trio/Sox13/Rreb1/Ctbp2/Plcb1/Bbs9/Runx1t1/Zfp423/Prdm16/Ptgr3/Zfp516/Alms1/Zbtb16/Arid5b/Negr1"
"GO:0061025","GO:0061025","membrane fusion",116,-0.325543097128744,-1.50244418789264,0.00552957805062374,0.0625384435215641,0.0519974357041109,3115,"tags=49%, list=33%, signal=33%","Ubxn2b/Plekhm2/Vamp4/Pikfyve/Stx11/Doc2b/Syt7/Dysf/Gas6/Tpst2/Adam8/Rubcnl/Bloc1s6/Snca/Gnai3/Stx6/Ykt6/Syt9/Uvrag/Stx12/Rufy1/Snap25/Chmp4b/Chmp3/Snap29/Snap47/Snap23/Trim9/Rab14/Chmp7/Vti1b/Anxa7/Sec22b/Rab3a/Rab8a/Chmp1a/Pip4k2b/Ubxn2a/Vps39/Stx7/Vamp1/Rph3a/Dnm1l/Bnip1/Yipf4/Vamp3/Glipr1l1/Stx19/Chmp5/Chmp2b/Nsfl1c/Stxbp1/Cplx2/Vps11/Chmp2a/Stx16/Stx1a"
"GO:0003208","GO:0003208","cardiac ventricle morphogenesis",38,0.47917840589649,1.71669868249523,0.00558574307923061,0.0627111874310816,0.0521410632046149,1518,"tags=34%, list=16%, signal=29%","Chd7/Col11a1/Tgfb2/Hey2/Bmpr1a/Rxra/Rbpj/Hif1a/Lrp2/Prox1/Fgf9/Tgfbr2/Fgfr2"
"GO:0055021","GO:0055021","regulation of cardiac muscle tissue growth",46,0.447959219332402,1.666901595709,0.00558834090491955,0.0627111874310816,0.0521410632046149,1518,"tags=30%, list=16%, signal=26%","Erbb4/Hey2/Bmpr1a/Yap1/Ep300/Rbpj/Nr3c1/Vgll4/Fgfr1/Ppara/Fgf9/Tgfbr2/Ctdp1/Fgfr2"
"GO:1990748","GO:1990748","cellular detoxification",45,-0.414287337763709,-1.59329050071713,0.00564307332352582,0.0630799359110406,0.0524476582251808,2431,"tags=42%, list=26%, signal=32%","Selenow/Txnrd1/Gsto1/Aldh2/Gpx3/Park7/Gstk1/Cygb/Txnrd3/Gsr/Srxn1/Prdx1/Sod1/Mgst3/Esd/Sod2/Sesn1/Ptgs1/Cp"
"GO:0008637","GO:0008637","apoptotic mitochondrial changes",71,-0.372626240073675,-1.585265631134,0.00570720778184258,0.063550529895112,0.0528389324407129,2021,"tags=37%, list=21%, signal=29%","Parl/Jun/Chchd10/Hspd1/Ggct/Slc25a5/Gclc/Bnip3l/Cck/Rnf7/Nptx1/Tmem14a/Ndufs1/Ppp2cb/Dnm1l/Pdcd5/Vdac2/Sod2/Bnip3/Higd1a/Vps35/Bok/Fam162a/Mllt11/Tnfsf10/Hgf"
"GO:0046890","GO:0046890","regulation of lipid biosynthetic process",121,0.333426043833258,1.48450024608673,0.00588318421458284,0.0652580895186804,0.0542586787077721,1810,"tags=31%, list=19%, signal=26%","Lpcat3/Zbtb20/Erbb4/Insig1/Qki/Ppargc1a/Smpd3/Srebf2/Tcf7l2/Elovl5/Gpr146/Scap/Slc27a1/Atg7/Srebf1/Igf1r/Mid1ip1/Clcn2/Prkg1/Rest/Nr3c1/Hsd3b4/Cd74/Chp1/Dcaf5/Brca1/Prox1/Ppara/Mfsd2a/Mapk9/Dhcr7/Rdh10/Prkcd/Gpam/Creb1/Nr1h3/Mtor/Wnt4"
"GO:0055002","GO:0055002","striated muscle cell development",100,0.353011424593841,1.51341964930464,0.00592959677879602,0.0655209084676159,0.0544771988791988,1453,"tags=29%, list=15%, signal=25%","Fhod3/Prkd1/Hey2/Bcl2/Bmpr1a/Hdac4/Nrap/Meis1/Atg7/Map2k4/Pmp22/Slc8a1/Nebl/Ep300/Ski/Ppp3ca/Prkg1/Nr3c1/Nfatc3/Popdc2/Prox1/Akap13/Ppara/Sgcd/Myocd/Pdgfrb/Large1/Smyd3/Ctdp1"
"GO:0060420","GO:0060420","regulation of heart growth",49,0.4372640388847,1.65955209026582,0.00596820360250302,0.0656957984336592,0.0546226107131454,1518,"tags=31%, list=16%, signal=26%","Erbb4/Hey2/Bmpr1a/Yap1/Ep300/Rbpj/Nr3c1/Vgll4/Fgfr1/Prox1/Ppara/Fgf9/Tgfbr2/Ctdp1/Fgfr2"
"GO:0022037","GO:0022037","metencephalon development",106,0.340962355270659,1.48361553281939,0.00601177713884246,0.0659238223133903,0.0548122006094982,1251,"tags=25%, list=13%, signal=22%","Foxp2/Rora/Dab1/Kcnc1/Pcnt/Bcl2/Atg7/Grid2/Nrxn1/Lrp6/Glud1/Igf1r/mt-Nd4/Pdss2/Rpgrip1l/Prkg1/Wnt7a/Ttbk2/Nlgn4l/Ptprs/Prox1/Abl1/Ezh2/Otx1/Ncoa1/Myo16/Pax6"
"GO:0001570","GO:0001570","vasculogenesis",54,0.419035140614304,1.61651069699971,0.00604188512845985,0.0660030178427205,0.0548780475384033,1518,"tags=33%, list=16%, signal=28%","Qki/Zmiz1/Hey2/Yap1/Spred1/Ptk2/Wars2/Pbrm1/Wnt7a/Rin2/Fgfr1/Myocd/Pdgfrb/Paxip1/Amot/Fgf9/Tgfbr2/Fgfr2"
"GO:0045599","GO:0045599","negative regulation of fat cell differentiation",38,0.475418204795299,1.70322743212815,0.00612738455464616,0.0666844417192435,0.0554446157516741,988,"tags=29%, list=10%, signal=26%","Rora/Insig1/Ncor2/Mkx/Tcf7l2/Yap1/Foxo1/Lrp6/Trio/Runx1t1/Ptgr3"
"GO:0030166","GO:0030166","proteoglycan biosynthetic process",59,0.41950995754555,1.63689788628286,0.00629463740986599,0.067991514194957,0.056531377960476,1017,"tags=29%, list=11%, signal=26%","Hs6st2/Bmpr1b/Ndst3/Hs6st1/Tcf7l2/Csgalnact1/Xylt1/Fam20b/Chst11/Pxylp1/B4galnt4/Hs3st4/Ext1/B4galt7/Hs6st3/Ndst2/Slc10a7"
"GO:0014897","GO:0014897","striated muscle hypertrophy",71,0.387805133848736,1.56810552148023,0.00628454379668467,0.067991514194957,0.056531377960476,1776,"tags=35%, list=19%, signal=29%","Hey2/Meis1/Foxo1/Map2k4/Ep300/Ptk2/Rock1/Rap1gds1/Ppp3ca/Prkg1/Nr3c1/Nfatc3/Prkca/Igfbp5/Smad1/Pde5a/Akap13/Ppara/Myocd/Ezh2/Ctdp1/Slc9a1/Pde9a/Adk/Mtor"
"GO:0060349","GO:0060349","bone morphogenesis",61,0.413728741334071,1.62761102290127,0.00634982616060115,0.0683317113700512,0.0568142340685366,1653,"tags=38%, list=17%, signal=31%","Insig1/Bmpr1b/Smpd3/Csgalnact1/Gli3/Lrp5/Lrp6/Fgf18/Ski/Ext1/Sox9/Fgfr3/Foxn3/Dhrs3/Dlx5/Mef2d/Sik3/Chsy1/Trip11/Tgfbr2/Fgfr2/Bmpr2/Axin2"
"GO:0032543","GO:0032543","mitochondrial translation",101,-0.328307716663507,-1.48401683113571,0.00640993953837489,0.0687221770582646,0.0571388858087184,3509,"tags=51%, list=37%, signal=33%","Mrpl21/Mrpl38/Mrpl2/Lars2/Gars1/Trub2/Rmnd1/Ptcd1/Cdk5rap1/Rcc1l/Mrpl19/Mrpl24/Mrpl37/Mrps33/Mrpl15/Mrps12/Gatc/Mrpl43/Aars2/Iars2/Mrpl54/Mrps25/Qrsl1/Mrpl22/Mrpl23/C1qbp/Coa3/Mrpl3/Mrpl28/Mrpl20/Mrps15/Malsu1/Mrpl39/Mrpl35/Mrps31/Mrpl51/Mrps11/Fastkd2/Mrps9/Mrpl42/Mrpl57/Mrpl46/Mrpl32/Mrpl47/Uqcc2/Mrpl48/Mrpl18/Mrps26/Mrps14/Gfm1/Mrps6/Mrps17"
"GO:0042471","GO:0042471","ear morphogenesis",72,0.393244014450521,1.59436286218868,0.00648618502099388,0.0692637055825583,0.0575891383739937,1518,"tags=35%, list=16%, signal=29%","Insig1/Chd7/Myo3b/Col11a1/Zeb1/Ush1c/Pou3f4/Rest/Lrig1/Sox9/Bcr/Tshz1/Fgfr1/Mafb/Dlx5/Nherf1/Otx1/Spry2/Fzd2/Celsr1/Vangl2/Cep290/Fgf9/Scrib/Fgfr2"
"GO:0035264","GO:0035264","multicellular organism growth",151,0.310451980813655,1.43018555119304,0.00650848273677993,0.0692637055825583,0.0575891383739937,1673,"tags=28%, list=18%, signal=23%","Six3/Chd7/Garem1/Adrb2/Slc1a2/Brinp2/Smpd3/Pcnt/Tcf7l2/Bcl2/Pmp22/Vps13b/Brinp3/Zfx/Ep300/Kmt2c/Atn1/Rasal2/Rai1/Ext1/Aaas/Pou3f2/Cox10/Gigyf2/Icmt/Mbd5/Alms1/Arid5b/Rbbp6/Mfsd2a/Sik3/Large1/Celf1/Ncoa3/Dhcr7/Ercc6/Atm/Kdm2a/Gpam/Gins3/Creb1/Tbl1xr1"
"GO:0046605","GO:0046605","regulation of centrosome cycle",44,-0.437138044439605,-1.68471456215803,0.00658130694021717,0.0696878793008129,0.0579418165731994,1157,"tags=30%, list=12%, signal=26%","Chmp1a/Nubp1/Dync1li1/Chordc1/Vps4b/Chmp5/Chmp2b/Mcph1/Ccnl2/Ccnf/Chmp2a/Azin1/Kat2a"
"GO:0002761","GO:0002761","regulation of myeloid leukocyte differentiation",74,0.388241708259118,1.58331039560259,0.00659666818624199,0.0696878793008129,0.0579418165731994,1098,"tags=26%, list=12%, signal=23%","Qki/Lrrc17/Asxl2/Ninj1/Cdk6/Cul4a/Rassf2/Nedd9/Ppp3ca/Lef1/Runx1/Cd74/Ppargc1b/Eeig1/Prkca/Fgfr3/Prdm16/Mafb/Klf10"
"GO:0060415","GO:0060415","muscle tissue morphogenesis",36,0.484002640148732,1.70486123173692,0.00671175227716509,0.0706448670341026,0.0587375016802999,2037,"tags=44%, list=21%, signal=35%","Chd7/Col11a1/Tgfb2/Hey2/Bmpr1a/Rxra/Lrp6/Rbpj/Lrp2/Prox1/Fzd2/Vangl2/Fgfr2/Fzd1/S1pr1/Angpt1"
"GO:0019318","GO:0019318","hexose metabolic process",151,-0.296669597500033,-1.417348811394,0.00694970449940083,0.0728834464591709,0.0605987630608042,1222,"tags=22%, list=13%, signal=19%","Pfkfb2/Gapdh/Eno2/Eno1/Pfkl/Phkg1/Ogt/Irs2/Wdtc1/Pkm/Pdk1/Serp1/Gpi1/Galk2/Pgm2/Ldha/Slc37a4/Sik1/Ddb1/Pgam1/Cry1/Pgm1/Mdh1/Errfi1/Lcmt1/Man1c1/Gale/Fabp5/Clk2/Kat2a/Pgm2l1/Esrrb/Pdk4"
"GO:0072132","GO:0072132","mesenchyme morphogenesis",26,0.540460709338084,1.74569101863792,0.00708594516074561,0.0737756889660301,0.0613406159079556,1456,"tags=42%, list=15%, signal=36%","Robo1/Exoc4/Tgfb2/Robo2/Bmpr1a/Rbpj/Lef1/Sox9/Fgfr1/Tgfbr2/Acvr1"
"GO:0060840","GO:0060840","artery development",68,0.399407521506194,1.6123058862741,0.00706093153608351,0.0737756889660301,0.0613406159079556,1243,"tags=29%, list=13%, signal=26%","Robo1/Acvr2b/Chd7/Tgfb2/Robo2/Zmiz1/Hey2/Bmpr1a/Arid2/Gli3/Smad6/Rbpj/Nfatc3/Hectd1/Akt3/Lrp2/Prox1/Efnb2/Myocd/Pdgfrb"
"GO:0050680","GO:0050680","negative regulation of epithelial cell proliferation",84,0.371586084352992,1.54800015998209,0.00723137250532588,0.0748624306571086,0.0622441846254812,1282,"tags=26%, list=14%, signal=23%","Gpc3/Robo1/B2m/Nfatc1/Tgfb2/Lims1/Zeb1/Cdk6/Nr2f2/Lrp6/Ptprk/Ift57/Sox9/Cd109/Fgfr3/Mtss1/Dab2ip/Trim24/Efnb2/Pax6/Cask/Celf1"
"GO:0048284","GO:0048284","organelle fusion",135,-0.30955795215064,-1.46847217787898,0.00724223930420711,0.0748624306571086,0.0622441846254812,2299,"tags=36%, list=24%, signal=27%","Gnai3/Stx6/Oma1/Usp30/Mcl1/Syt9/Uvrag/Stx12/Fundc1/Parl/Rufy1/Snap25/Chmp4b/Chmp3/Snap29/Snap47/Snap23/Trim9/Rab14/Chmp7/Vti1b/Sec22b/Rab3a/Rab8a/Chmp1a/Pip4k2b/Vps39/Stx7/Vamp1/Rph3a/Dnm1l/Vps18/Bnip1/Gdap1/Yipf4/Vamp3/Stx19/Chmp5/Chmp2b/Yme1l1/Stxbp1/Thg1l/Cplx2/Vps11/Bnip3/Chmp2a/Stx16/Stx1a"
"GO:0045778","GO:0045778","positive regulation of ossification",42,0.456314693923398,1.66825672057672,0.00732274363806466,0.075424259472066,0.0627113158177116,2030,"tags=40%, list=21%, signal=32%","Acvr2b/Bmpr1b/Adrb2/Asxl2/Bmpr1a/Rxra/Slc8a1/Lrp6/Fam20c/Fgfr3/Zbtb16/Acvr1/Bmpr2/Tacr1/Wnt4/Ano6/Fzd9"
"GO:0007173","GO:0007173","epidermal growth factor receptor signaling pathway",100,0.34838115044884,1.49356888135633,0.0073904017941756,0.0758502447487631,0.0630655002327478,1520,"tags=29%, list=16%, signal=25%","Erbb4/Garem1/Ptprf/Egfr/Epha5/Bcar3/Epha3/Plce1/Epha4/Ptk2/Igf1r/Nrg2/Snx5/Sox9/Fgfr3/Ddr2/Fgfr1/Dab2ip/Ccdc88a/Abl1/Pdgfrb/Spry2/Egf/Gab1/Socs5/Zfyve28/Kif16b/Fgfr2/Hbegf"
"GO:0048009","GO:0048009","insulin-like growth factor receptor signaling pathway",57,0.414030938154814,1.61218082291375,0.00751012369051046,0.0768056621398304,0.0638598796826533,1853,"tags=42%, list=20%, signal=34%","Erbb4/Phip/Egfr/Epha5/Epha3/Epha4/Atxn1/Igf1r/Igfbp2/Plcb1/Grb10/Atxn7/Fgfr3/Ddr2/Gigyf2/Fgfr1/Igfbp5/Zfand2b/Pdgfrb/Fgfr2/Map2k5/Grb2/Eif2ak3/Ret"
"GO:0060021","GO:0060021","roof of mouth development",60,0.405114497642027,1.58613834798133,0.00764304279432164,0.0778888177343591,0.0647604667489853,1695,"tags=35%, list=18%, signal=29%","Acvr2b/Insig1/Chd7/Tgfb2/Bmpr1a/Bcor/Gli3/Lrp6/Ski/Vax1/Lef1/Wnt7a/Tshz1/Prdm16/Dhrs3/Arid5b/Dlx5/Fzd2/Tgfbr2/Asph/Csrnp1"
"GO:0072655","GO:0072655","establishment of protein localization to mitochondrion",63,-0.39149177203145,-1.61043801755688,0.0077722800633021,0.0789269566991664,0.065623624848785,2021,"tags=40%, list=21%, signal=31%","Parl/Timm17a/Hspd1/Fbxo7/Rala/Lrrk2/Timm13/Tomm7/Tomm70a/Dnlz/Maip1/Bnip3l/Tomm22/Timm10/Oxa1l/Romo1/Dnajc19/Mapt/Gdap1/Pdcd5/Timm23/Samm50/Hspa4/Ywhaz/Grpel2"
"GO:0010464","GO:0010464","regulation of mesenchymal cell proliferation",26,0.535171709757754,1.7286075213449,0.00791146758746788,0.080058500078096,0.0665644438199513,1603,"tags=50%, list=17%, signal=42%","Foxp2/Bmpr1a/Zeb1/Lrp5/Lrp6/Sox9/Arhgap5/Fgfr1/Phf14/Fgf9/Tgfbr2/Fgfr2/Fbxw4"
"GO:0046631","GO:0046631","alpha-beta T cell activation",68,0.396319450919225,1.59984013609037,0.00798476639809785,0.0805177143080916,0.0669462563668271,2152,"tags=41%, list=23%, signal=32%","Rora/Bcl11b/Tox/Rc3h1/Bcl2/Gli3/Ep300/Itpkb/Lef1/Runx1/Ptprc/Sh3rf1/Tcirg1/Brd2/Abl1/Itch/Tgfbr2/Socs5/Cbfb/Prr7/Ap3d1/Mtor/Irf1/Cblb/Ncor1/Prkcq/Atf2/Kmt2a"
"GO:0015012","GO:0015012","heparan sulfate proteoglycan biosynthetic process",29,0.512478142797144,1.71897879879948,0.0081893435916547,0.0821749594403022,0.0683241687732712,943,"tags=34%, list=10%, signal=31%","Hs6st2/Ndst3/Hs6st1/Tcf7l2/Xylt1/Pxylp1/Hs3st4/Ext1/Hs6st3/Ndst2"
"GO:0030178","GO:0030178","negative regulation of Wnt signaling pathway",106,0.334315950950445,1.45469530589569,0.00820609858488455,0.0821749594403022,0.0683241687732712,1943,"tags=33%, list=21%, signal=27%","Gpc3/Rbms3/Six3/Prkn/Tcf7l2/Foxo1/Gli3/Lrp6/Nlk/Foxo3/Lats1/Sox13/Wwox/Sox9/Grb10/Lrp4/Vgll4/Invs/Dab2ip/Cdh2/Nherf1/Nkd1/Tsku/Ptpro/Fgf9/Apcdd1/Znrf3/Stk3/Axin2/Amer2/Trabd2b/Rapgef1/Fzd1/2210016L21Rik/Lzts2"
"GO:0061028","GO:0061028","establishment of endothelial barrier",24,0.524702864129653,1.67490170716758,0.00833964490467998,0.0832233076300936,0.0691958153081806,2535,"tags=62%, list=27%, signal=46%","Pecam1/Rock1/Vcl/Plcb1/Ptprs/Afdn/Tjp1/Rap2c/Rapgef1/Vegfa/Fasn/Add1/Rapgef2/Dicer1/Rock2"
"GO:0002088","GO:0002088","lens development in camera-type eye",57,0.410719831933156,1.5992878203353,0.00844055854445267,0.0836514461931323,0.0695517900678719,1518,"tags=28%, list=16%, signal=24%","Six3/Pou2f1/Spred1/Meis1/Bcar3/Hipk2/Sox1/Ski/Spred2/Fgfr3/Prox1/Abi2/Pax6/Spry2/Tgfbr2/Fgfr2"
"GO:0048545","GO:0048545","response to steroid hormone",192,0.297405088112777,1.40704610153208,0.00841839717641104,0.0836514461931323,0.0695517900678719,1145,"tags=22%, list=12%, signal=20%","Esrrg/Arid1a/Pde3a/Agtr1b/Tbl1x/Tgfb2/Zmiz1/Ncor2/Bcl2/Egfr/Ddx17/Tfpi/Gad2/Yap1/Calcr/Foxo1/Htr7/Rxra/Cnot2/Nr3c2/Srebf1/Foxo3/Ep300/Fas/Lats1/Sstr4/Igfbp2/Rbfox2/Pappa/Rest/Nr3c1/Ncoa2/Acsbg1/Ppargc1b/Clock/Bckdhb/Uri1/Brca1/Vps54/Ppara/Bdnf/Cpn1"
"GO:0003300","GO:0003300","cardiac muscle hypertrophy",69,0.378923349925364,1.5341312223897,0.00852779339325571,0.0838222558563168,0.0696938093439995,1776,"tags=35%, list=19%, signal=28%","Hey2/Meis1/Foxo1/Map2k4/Ep300/Ptk2/Rock1/Rap1gds1/Ppp3ca/Prkg1/Nr3c1/Nfatc3/Prkca/Smad1/Pde5a/Akap13/Ppara/Myocd/Ezh2/Ctdp1/Slc9a1/Pde9a/Adk/Mtor"
"GO:0007411","GO:0007411","axon guidance",171,0.305134324502405,1.42359548290136,0.00854498724748861,0.0838222558563168,0.0696938093439995,1410,"tags=25%, list=15%, signal=21%","Robo1/Kalrn/Bcl11b/Unc5c/Bmpr1b/Nrcam/Alcam/Tgfb2/Cdh4/Robo2/Dscam/Epha5/Gli3/Epha3/Epha4/Sema5a/Trio/Klf7/Vax1/Ryk/Efnb1/Ext1/Crppa/Rtn4rl1/Lgr4/Lrp2/Unc5a/Neo1/Sema3g/Bdnf/Efnb2/Dlx5/Etv1/Lmo4/Enah/Lama3/Pax6/Cntn5/Vangl2/Ptpro/Diaph2/Lgi1"
"GO:0022604","GO:0022604","regulation of cell morphogenesis",188,0.295090987528446,1.39419900764708,0.00848725084716774,0.0838222558563168,0.0696938093439995,1265,"tags=21%, list=13%, signal=18%","Rhoj/Kalrn/Wtip/Prkn/Lrp8/Fgd4/Ptprf/Myo9a/Phip/Fyn/Il1rapl1/Smurf1/Enpp2/Gna12/Epha4/Fam171a1/Dnmbp/Cux1/Ptk2/Rreb1/Sh3kbp1/Epb41l3/Wasf3/Ago4/Stau2/Zmym4/Grip1/Tnik/Gna13/Eps8/Brwd1/Plxnb2/Syt1/Nherf1/Cux2/Mfsd2a/Cask/Afdn/Dlc1"
"GO:0048762","GO:0048762","mesenchymal cell differentiation",157,0.311098371272838,1.43322893655047,0.00860351455740291,0.084110291469661,0.0699332958492911,1853,"tags=31%, list=20%, signal=25%","Erbb4/Qki/Nfatc1/Tgfb2/Hey2/Tcf7l2/Bcl2/Bmpr1a/Ddx17/Spred1/Epha3/Zfp703/Epha4/Lrp6/Ptk2/Sema5a/Rock1/Rbpj/Lef1/Efnb1/Ext1/Spred2/Sox9/Hif1a/Clasp1/Fgfr1/Dab2ip/Sema3g/Myocd/Cdh2/Ezh2/Pax6/Pawr/Spry2/Vangl2/Clasp2/Rdh10/Tgfbr2/Acvr1/Sema4g/Fgfr2/Sema3f/Axin2/Tapt1/Mtor/Wnt4/Zeb2/Ret"
"GO:0048714","GO:0048714","positive regulation of oligodendrocyte differentiation",20,0.554695757895361,1.71236449142868,0.00868881026634834,0.084657191919421,0.070388014888839,1776,"tags=45%, list=19%, signal=37%","Aspa/Qki/Ptpra/Tenm4/Enpp2/Clcn2/Mir219a-1/Ptprz1/Mtor"
"GO:0045445","GO:0045445","myoblast differentiation",65,0.392021553229997,1.56236145493006,0.00873760322406679,0.0848459518458202,0.0705449588673547,1382,"tags=32%, list=15%, signal=28%","Arid1a/Mkx/Tcf7l2/Ddx17/Rbm24/Arid2/Bcl9/Rbpj/Pbrm1/Rest/Sox9/Plcb1/Mbnl1/Actl6a/Dpf3/Myocd/Xkr8/Smarcd2/Plekhm3/Epas1/Zfhx3"
"GO:0031345","GO:0031345","negative regulation of cell projection organization",147,0.323899297064629,1.48873261819265,0.00884950675293186,0.0856442197162936,0.0712086767332348,1729,"tags=29%, list=18%, signal=24%","Dab1/B2m/Mylip/Ntm/Ptprf/Fyn/Yap1/Xylt1/Epha3/Pmp22/Nrxn1/Cib1/Epha4/Ptk2/Sema5a/Thoc2/Ryk/Ppp3ca/Ptprg/Fat3/Arf6/Rtn4rl1/Lrp4/Runx1t1/Map2/Ptprs/Neo1/Ttc3/Sema3g/Efnb2/Spry2/Tsku/Diaph2/Prkcd/Rufy3/Prag1/Map4k4/Sema3f/Fgf13/Luzp1/Ube3a/Ptprz1/Marchf7"
"GO:0061035","GO:0061035","regulation of cartilage development",40,0.458555068587024,1.65735922839643,0.00893504971070341,0.0859951425139423,0.0715004506339005,1660,"tags=38%, list=18%, signal=31%","Sox5/Trps1/Bmpr1b/Tgfb2/Mkx/Smpd3/Gli3/Fgf18/Sox9/Smad1/Zbtb16/Sox6/Bmpr2/Axin2/Tapt1"
"GO:1990542","GO:1990542","mitochondrial transmembrane transport",70,-0.368798165569383,-1.56597347067446,0.00897522118470757,0.0859951425139423,0.0715004506339005,2708,"tags=44%, list=29%, signal=32%","Grpel1/Ghitm/Chchd4/Sfxn1/Micu1/Mcur1/Mcu/Timm17a/Tst/Hspd1/Slc41a3/Spg7/Slc25a5/Tomm7/Mpc1/Tomm70a/Dnlz/Vdac1/Maip1/Hspa9/Slc25a38/Smdt1/Romo1/Dnajc19/Slc25a3/Timm23/Vdac2/Mrpl18/Grpel2/Slc25a36/Mpc2"
"GO:0097485","GO:0097485","neuron projection guidance",172,0.303716269339104,1.42312833773418,0.00897502958167165,0.0859951425139423,0.0715004506339005,1410,"tags=24%, list=15%, signal=21%","Robo1/Kalrn/Bcl11b/Unc5c/Bmpr1b/Nrcam/Alcam/Tgfb2/Cdh4/Robo2/Dscam/Epha5/Gli3/Epha3/Epha4/Sema5a/Trio/Klf7/Vax1/Ryk/Efnb1/Ext1/Crppa/Rtn4rl1/Lgr4/Lrp2/Unc5a/Neo1/Sema3g/Bdnf/Efnb2/Dlx5/Etv1/Lmo4/Enah/Lama3/Pax6/Cntn5/Vangl2/Ptpro/Diaph2/Lgi1"
"GO:0170036","GO:0170036","import into the mitochondrion",43,-0.422176685980857,-1.61420725236865,0.00903518925498401,0.0862830656005758,0.0717398435791341,2470,"tags=49%, list=26%, signal=36%","Sfxn1/Micu1/Mcur1/Mcu/Timm17a/Tst/Spg7/Tomm7/Tomm70a/Dnlz/Vdac1/Maip1/Hspa9/Slc25a38/Smdt1/Romo1/Dnajc19/Timm23/Mrpl18/Grpel2/Slc25a36"
"GO:0014896","GO:0014896","muscle hypertrophy",72,0.383828317730407,1.55618799716712,0.00925387928037466,0.0880798278699687,0.0732337571675993,1776,"tags=35%, list=19%, signal=28%","Hey2/Meis1/Foxo1/Map2k4/Ep300/Ptk2/Rock1/Rap1gds1/Ppp3ca/Prkg1/Nr3c1/Nfatc3/Prkca/Igfbp5/Smad1/Pde5a/Akap13/Ppara/Myocd/Ezh2/Ctdp1/Slc9a1/Pde9a/Adk/Mtor"
"GO:0071763","GO:0071763","nuclear membrane organization",29,-0.49524360011736,-1.69988203131671,0.0096616342320996,0.0910248587714562,0.0756823958980134,1975,"tags=41%, list=21%, signal=33%","Brox/Chmp4b/Chmp3/Chmp7/Chmp1a/Ubxn2a/Vps4b/Pafah1b1/Chmp5/Chmp2b/Nsfl1c/Chmp2a"
"GO:0003407","GO:0003407","neural retina development",51,0.413586013183935,1.57603231828776,0.00964914050623424,0.0910248587714562,0.0756823958980134,1276,"tags=25%, list=13%, signal=22%","Six3/Tgfb2/Zhx2/Dscam/Ush1c/Hipk2/Fat3/Rpgrip1l/Sox9/Actl6a/Alms1/Sdk2/Large1"
"GO:0042476","GO:0042476","odontogenesis",67,0.372677665601595,1.49913784354867,0.00960254020701819,0.0910248587714562,0.0756823958980134,1518,"tags=31%, list=16%, signal=27%","Acvr2b/Bcl11b/Smpd3/Tcf7l2/Bmpr1a/Bcor/Foxo1/Gli3/Lrp6/Lef1/Lrp4/Fam20c/Tcirg1/Fgfr1/Ppara/Ank/Eda/Chuk/Apcdd1/Tmt1a2/Fgfr2"
"GO:0050863","GO:0050863","regulation of T cell activation",161,0.313940154426758,1.44594107202027,0.00968953940458982,0.0910248587714562,0.0756823958980134,1817,"tags=31%, list=19%, signal=26%","B2m/Arid1a/Tox/Zmiz1/Rc3h1/Zeb1/Arid2/Gli3/Foxo3/Ep300/Mad1l1/Fas/Igfbp2/Sox13/Ppp3ca/Itpkb/Lef1/Efnb1/Runx1/Pbrm1/Ptprc/Nck2/Cd74/Sh3rf1/Brd2/Actl6a/Ambra1/Tfrc/Pde5a/Abl1/Efnb2/Smarcd2/Pawr/Itch/Fbxo38/Rasgrp1/Tgfbr2/Scrib/Socs5/Dpp4/Cbfb/Gpam/Ap3d1/Sox12/Pag1/Adk/Marchf7/Rac2/Irf1/Sox4"
"GO:0001667","GO:0001667","ameboidal-type cell migration",170,0.3023704785706,1.41020129628127,0.00974459983103561,0.0912448893269698,0.075865339764522,1863,"tags=35%, list=20%, signal=29%","Gpc3/Erbb4/Sash1/Smurf2/Gab2/Tgfb2/Dock1/Fndc3b/Enpp2/Pmp22/Gna12/Lrp5/Slc8a1/Lrp6/Ptk2/Sema5a/Rock1/Rreb1/Ptprg/Efnb1/Arf6/Sox9/Hif1a/Clasp1/Itgb1bp1/Arhgap5/Fut8/Ddr2/Appl2/Fgfr1/Dab2ip/Epb41l4b/Gna13/Prox1/Rcc2/Sema3g/Arid5b/Daam2/Cdh2/Nherf1/Pax6/Dock5/Amot/Ptprr/Clasp2/Tgfbr2/Acvr1/Scrib/Sema4g/Hbegf/Map4k4/Bmpr2/Sema3f/Prkce/Mtor/Tacr1/Iqsec1/Zeb2/Ret/Rffl"
"GO:0022612","GO:0022612","gland morphogenesis",91,0.354376953596249,1.50851783444658,0.00979769921086161,0.0914451926347084,0.0760318814591816,1518,"tags=33%, list=16%, signal=28%","Robo1/Tgfb2/Lims1/Bcl2/Egfr/Gli3/Rxra/Btrc/Lrp5/Lrp6/Igf1r/Fgf18/Nr3c1/Rps6ka1/Sox9/Fgfr1/Nrg3/Rxfp1/Igfbp5/Tet2/Prox1/Nherf1/Pax6/Eda/Ncoa3/Tgfbr2/Cyp7b1/Scrib/Mki67/Fgfr2"
"GO:0045143","GO:0045143","homologous chromosome segregation",33,-0.458518842397052,-1.6354703114466,0.0098976005462136,0.0916874558926132,0.0762333106516435,1922,"tags=39%, list=20%, signal=32%","Psmc3ip/Rnf212b/Brca2/Ccne1/Terb1/Mlh3/Ndc1/Cpeb1/Trip13/Syce2/Rec8/Ube2b/Spdya"
"GO:0006006","GO:0006006","glucose metabolic process",125,-0.321538954470875,-1.49991241261141,0.00991903128935344,0.0916874558926132,0.0762333106516435,1222,"tags=24%, list=13%, signal=21%","Pfkfb2/Gapdh/Eno2/Eno1/Pfkl/Phkg1/Ogt/Irs2/Wdtc1/Pkm/Pdk1/Serp1/Gpi1/Pgm2/Ldha/Slc37a4/Sik1/Ddb1/Pgam1/Cry1/Pgm1/Mdh1/Errfi1/Lcmt1/Fabp5/Clk2/Kat2a/Pgm2l1/Esrrb/Pdk4"
"GO:0033002","GO:0033002","muscle cell proliferation",160,0.313667077379114,1.44494968811485,0.00988605550414906,0.0916874558926132,0.0762333106516435,2111,"tags=33%, list=22%, signal=26%","Erbb4/Tafa5/Tgfb2/Ppargc1a/Hey2/Smpd3/Tcf7l2/Bmpr1a/Hdac4/Egfr/Yap1/Arid2/Rxra/Calcrl/Tenm4/Gna12/Ptk2/Igf1r/Ski/Pdgfd/Rbpj/Paxbp1/Prkg1/Hif1a/Vgll4/Prkca/Ddr2/Fgfr1/Igfbp5/Gna13/Smad1/Abl1/Myocd/Mef2d/Pdgfrb/Map3k7/Fgf9/Tgfbr2/Fgfr2/Hbegf/Bmpr2/Ndc80/Mtor/Tacr1/Apod/Mmp2/Myh10/S1pr1/Angpt1/Esr2/Vegfa/Foxj2/Frs2"
"GO:1902410","GO:1902410","mitotic cytokinetic process",25,-0.517579736997866,-1.70377130924659,0.0100048987389469,0.0921857123422456,0.0766475847564185,1883,"tags=48%, list=20%, signal=39%","Zfyve19/Chmp4b/Chmp3/Chmp7/Arf1/Chmp1a/Rab11fip3/Vps4b/Chmp5/Chmp2b/Mtmr4/Chmp2a"
"GO:0043534","GO:0043534","blood vessel endothelial cell migration",80,0.365460732230702,1.51823405009696,0.0101323273494481,0.0930625225344218,0.0773766064433217,2785,"tags=45%, list=29%, signal=32%","Rhoj/Robo1/Prkd1/Spred1/Cib1/Pik3r3/Fgf18/Hif1a/Itgb1bp1/Prkca/Pik3c2a/Apoa1/Akt3/Fgfr1/Abl1/Efnb2/Amot/Jcad/Gab1/Angpt2/Map2k5/Angpt1/Emp2/Vegfa/Col18a1/Srf/Adtrp/Itgb1/Map3k3/Fbxw7/Vhl/Prcp/Hdac9/Fgf2/Gadd45a/Atp2b4"
"GO:0043627","GO:0043627","response to estrogen",38,0.458132426884989,1.64129961610101,0.0102741002827461,0.0940168859647512,0.078170109580153,1150,"tags=32%, list=12%, signal=28%","Agtr1b/Tbl1x/Tgfb2/Gli3/Smad6/Bcas3/Ep300/Igfbp2/Wnt7a/Sts/Trim24/Trim25"
"GO:0090100","GO:0090100","positive regulation of transmembrane receptor protein serine/threonine kinase signaling pathway",60,0.395826100681889,1.54977163512484,0.0103014341070948,0.0940168859647512,0.078170109580153,1599,"tags=28%, list=17%, signal=24%","Gpc3/Acvr2b/Tgfb2/Bmpr1a/Hipk2/Ube2o/Ep300/Rbpj/Crebbp/Rnf111/Zfp423/Neo1/Myocd/Fgf9/Tgfbr2/Acvr1/Bmpr2"
"GO:0035249","GO:0035249","synaptic transmission, glutamatergic",87,0.354616310028707,1.49323020597329,0.0103787535397554,0.0944237388285637,0.0785083863973532,1521,"tags=26%, list=16%, signal=22%","Grm3/Prkn/Adrb2/Grik4/Dscam/Egfr/Grid2/Nrxn1/Unc13c/Cacng4/Disc1/Plat/Nr3c1/Ext1/Grid1/Vps54/Cdh2/Syt1/Cnr1/Grm5/Tshz3/Cckbr/Cacng2"
"GO:0006406","GO:0006406","mRNA export from nucleus",45,-0.401097256736728,-1.54256331480452,0.0105017560126644,0.0952423406934717,0.0791890109131063,1052,"tags=29%, list=11%, signal=26%","Thoc7/Eif4a3/Supt6/Mcm3ap/Ncbp2/Chtop/Sem1/Eny2/Thoc1/Nup133/Poldip3/Hnrnpa2b1/Nup214"
"GO:0060236","GO:0060236","regulation of mitotic spindle organization",28,-0.47714598411746,-1.61754745806165,0.0107890959110179,0.0972591300772892,0.0808658655069949,1862,"tags=43%, list=20%, signal=35%","Chmp4b/Chmp3/Chmp7/Chmp1a/Ccsap/Numa1/Vps4b/Chmp5/Chmp2b/Cltc/Chmp2a/Rae1"
"GO:0045132","GO:0045132","meiotic chromosome segregation",53,-0.394547210032592,-1.5716582248786,0.0107915817006701,0.0972591300772892,0.0808658655069949,1951,"tags=36%, list=21%, signal=29%","Actr3/Psmc3ip/Rnf212b/Brca2/Ccne1/Terb1/Mlh3/Ndc1/Cpeb1/Actr2/Trip13/Golga2/Ddb1/Syce2/Dcaf13/M1ap/Rec8/Ube2b/Spdya"
"GO:0034331","GO:0034331","cell junction maintenance",48,0.42681219896062,1.60264639532387,0.0108524932856194,0.0975033976190855,0.0810689611563898,1489,"tags=38%, list=16%, signal=32%","Adgrb3/Adgrl3/Cadm1/Nrxn1/Plekha7/Ctbp2/Arf6/Epb41l3/Rimbp2/Mtss1/C1ql1/Grn/Afdn/Kifc3/Dlg2/Tjp1/Erc1/Bsn"
"GO:0002063","GO:0002063","chondrocyte development",22,0.544341678531901,1.71302382498316,0.0109423937132628,0.0977023636812688,0.0812343910015075,1836,"tags=55%, list=19%, signal=44%","Bmpr1b/Col11a1/Smpd3/Chst11/Fgf18/Ext1/Sox9/Chsy1/Tgfbr2/Bmpr2/Axin2/Eif2ak3"
"GO:0001659","GO:0001659","temperature homeostasis",106,0.32899651005234,1.43154904056655,0.0109198773501597,0.0977023636812688,0.0812343910015075,1505,"tags=25%, list=16%, signal=21%","Esrrg/Acvr2b/Qki/Adrb2/Nova1/Ppargc1a/Slc27a1/Igf1r/Ehmt1/Rbpj/Ntsr1/Elovl6/Grb10/Ppargc1b/Acot11/Zfp423/Prdm16/Appl2/Lgr4/Zfp516/Alms1/Cnr1/Epas1/Nrdc/Thra/Sfxn5"
"GO:0055001","GO:0055001","muscle cell development",117,0.330018989877368,1.46233920024955,0.0109812970681324,0.0977471010632523,0.0812715877881921,1276,"tags=26%, list=13%, signal=22%","Fhod3/Prkd1/Hey2/Bcl2/Bmpr1a/Hdac4/Nrap/Ank2/Meis1/Smad6/Atg7/Map2k4/Pmp22/Slc8a1/Nebl/Ep300/Ski/Ppp3ca/Prkg1/Pbrm1/Nr3c1/Nfatc3/Popdc2/Prox1/Akap13/Ppara/Sgcd/Myocd/Pdgfrb/Large1"
"GO:0021549","GO:0021549","cerebellum development",97,0.350863077132874,1.49003098700673,0.0110449261476414,0.0980109754147623,0.0814909854715047,1251,"tags=26%, list=13%, signal=23%","Foxp2/Rora/Dab1/Kcnc1/Pcnt/Atg7/Grid2/Nrxn1/Lrp6/Glud1/Igf1r/mt-Nd4/Pdss2/Rpgrip1l/Prkg1/Wnt7a/Ttbk2/Nlgn4l/Ptprs/Prox1/Abl1/Ezh2/Ncoa1/Myo16/Pax6"
"GO:0051703","GO:0051703","biological process involved in intraspecies interaction between organisms",46,0.426882693763873,1.58847371079005,0.0110989538224338,0.0981882908708559,0.0816384139732133,2410,"tags=48%, list=25%, signal=36%","Nrxn3/Kalrn/Dscam/Nrxn1/Vps13b/Brinp3/Atxn1/Gnb1l/Ext1/Grid1/Nlgn4l/Negr1/Mtor/Ulk4/Kcnq2/Htt/Fmr1/Rptor/Shank2/Ankrd11/Nfix/Oprm1"
"GO:0045669","GO:0045669","positive regulation of osteoblast differentiation",51,0.408502265784654,1.55665992670808,0.0112244877903035,0.0989951767193741,0.0823092972358326,1871,"tags=33%, list=20%, signal=27%","Acvr2b/Bmpr1b/Prkd1/Bmpr1a/Yap1/Gli3/Lrp5/Ppp3ca/Fbxo5/Fam20c/Ddr2/Smad1/Dlx5/Acvr1/Bmpr2/Wnt4/Fzd1"
"GO:0045664","GO:0045664","regulation of neuron differentiation",147,0.32014004213907,1.47145402117654,0.0113599676837096,0.0998845939018855,0.0830488009739744,1382,"tags=22%, list=15%, signal=19%","Dab1/Six3/Sox5/Bcl11b/B2m/Hey2/Brinp2/Bcl2/Zhx2/Zeb1/Meis1/Rgs6/Gli3/Brinp3/Foxo3/Sox21/Rock1/Mmd2/Atn1/Rest/Sox9/Fgfr3/Fgfr1/Prox1/Ttc3/Bdnf/Disp3/Ngf/Ncoa1/Pax6/Zfp536/Gpr37l1/Zfhx3"
"GO:1901381","GO:1901381","positive regulation of potassium ion transmembrane transport",23,0.540703830798289,1.70365774713108,0.0114247528185711,0.1001488970479,0.0832685551774276,2190,"tags=52%, list=23%, signal=40%","Kcnc1/Kcnc2/Ank2/Wnk1/Lrrc38/Akap9/Wnk2/Dpp6/Atp1b1/Lrrc55/Ano6/Akap7"
"GO:0090169","GO:0090169","regulation of spindle assembly",22,-0.535415571579884,-1.69723242949171,0.0115312555477441,0.100471725074604,0.0835369697495977,1862,"tags=45%, list=20%, signal=37%","Chmp4b/Chmp3/Chmp7/Chmp1a/Ccsap/Numa1/Vps4b/Chmp5/Chmp2b/Chmp2a"
"GO:0048013","GO:0048013","ephrin receptor signaling pathway",48,0.426128419779973,1.60007885802824,0.0115182823084733,0.100471725074604,0.0835369697495977,1518,"tags=35%, list=16%, signal=30%","Erbb4/Egfr/Epha5/Epha3/Epha4/Ptk2/Igf1r/Rbpj/Efnb1/Nck2/Fgfr3/Ddr2/Fgfr1/Efnb2/Pdgfrb/Diaph2/Fgfr2"
"GO:0061180","GO:0061180","mammary gland epithelium development",39,0.447266660744011,1.61269192962712,0.0116432546300843,0.10114200708784,0.0840942740879263,1518,"tags=36%, list=16%, signal=30%","Robo1/Erbb4/Zfp703/Btrc/Lrp5/Lrp6/Lats1/Rreb1/Nr3c1/Hif1a/Ncoa3/Chuk/Scrib/Fgfr2"
"GO:0071548","GO:0071548","response to dexamethasone",27,0.49427480240483,1.62951261594982,0.0117991939372379,0.102188814759742,0.0849646397630089,700,"tags=30%, list=7%, signal=28%","Agtr1b/Egfr/Gad2/Foxo1/Foxo3/Ep300/Pappa/Nr3c1"
"GO:0009791","GO:0009791","post-embryonic development",80,0.363633779032519,1.5106443357753,0.0118541380189687,0.102357287564987,0.0851047160643259,1776,"tags=31%, list=19%, signal=26%","Foxp2/Acvr2b/Bcl11b/Tcf7l2/Bcl2/Dscam/Chst11/Atg7/Slc8a1/Zfx/Atn1/Invs/Gigyf2/Tet2/Vps54/Abl1/Arid5b/Large1/Dhcr7/Atm/Fgfr2/Sox6/Tbce/Csrnp1/Mtor"
"GO:0045907","GO:0045907","positive regulation of vasoconstriction",26,0.52175934258428,1.68528550272475,0.0120391036106383,0.103644103919644,0.0861746363708844,1852,"tags=46%, list=20%, signal=37%","Adra1d/Egfr/Smad6/Rbfox2/Mgll/Add3/Pde5a/Abl1/Chrm3/Hrh2/Tacr1/Tbxas1"
"GO:0031076","GO:0031076","embryonic camera-type eye development",24,0.508484681198419,1.62313171669166,0.0123370843827044,0.105662315193499,0.0878526731917623,1687,"tags=42%, list=18%, signal=34%","Six3/Arid1a/Zeb1/Hipk2/Lrp6/Tulp3/Prox1/Pax6/Rdh10/Traf3ip1"
"GO:0007204","GO:0007204","positive regulation of cytosolic calcium ion concentration",70,0.378633372689108,1.52635277747155,0.0123834474810689,0.105662315193499,0.0878526731917623,1647,"tags=27%, list=17%, signal=23%","Adcy5/Adra1d/Agtr1b/Bcl2/Adcy8/Calcr/Pkd1/Adcyap1r1/Slc8a1/Lrp6/Prkg1/Gna13/Abl1/Swap70/Fzd2/Cckbr/Cacna1c/Cacna2d1/Asph"
"GO:0106106","GO:0106106","cold-induced thermogenesis",87,0.349631293149537,1.47223913034944,0.012361930186352,0.105662315193499,0.0878526731917623,1505,"tags=26%, list=16%, signal=22%","Esrrg/Acvr2b/Qki/Adrb2/Nova1/Ppargc1a/Igf1r/Ehmt1/Rbpj/Elovl6/Grb10/Ppargc1b/Acot11/Zfp423/Prdm16/Appl2/Lgr4/Zfp516/Alms1/Epas1/Nrdc/Thra/Sfxn5"
"GO:0010092","GO:0010092","specification of animal organ identity",20,0.53677122698271,1.65703086065278,0.0125200296224042,0.105870606043076,0.0880258561085213,1653,"tags=45%, list=17%, signal=37%","Robo1/Robo2/Gli3/Rbpj/Ext1/Fgfr1/Lrp2/Fgfr2/Axin2"
"GO:0090314","GO:0090314","positive regulation of protein targeting to membrane",20,0.535633081310479,1.65351736662031,0.0125200296224042,0.105870606043076,0.0880258561085213,1113,"tags=35%, list=12%, signal=31%","Cemip/Fyn/Cib1/Chp1/Itgb1bp1/Mtcl1/C2cd5"
"GO:0035094","GO:0035094","response to nicotine",27,0.493021368555876,1.62538032706884,0.0124734264507849,0.105870606043076,0.0880258561085213,1345,"tags=33%, list=14%, signal=29%","B2m/Agtr1b/Penk/Bcl2/mt-Nd4/Ppp1r1b/Ppara/Cnr1/Chrna1"
"GO:0010721","GO:0010721","negative regulation of cell development",157,0.303769295649071,1.39946391483347,0.0125546973879098,0.105870606043076,0.0880258561085213,1612,"tags=26%, list=17%, signal=22%","Dab1/B2m/Qki/Lrrc17/Rc3h1/Bmpr1a/Cdk6/Cul4a/Gli3/Ptk2/Sema5a/Fas/Ski/Vax1/Ryk/Ppp3ca/Runx1/Rest/Lrp4/Wnt7a/Cd74/Fgfr3/Prdm16/Appl2/Map2/Ptprs/Mafb/Prox1/Ttc3/Sema3g/Bdnf/Daam2/Pax6/Gpr37l1/Socs5/Ctdsp1/Idh2/Rufy3/Cbfb/Sema3f/Fgf13"
"GO:1904019","GO:1904019","epithelial cell apoptotic process",64,0.386251020777418,1.53770148079883,0.0126263540064118,0.106088909925424,0.0882073643368553,1447,"tags=30%, list=15%, signal=25%","Six3/Ppargc1a/Lims1/Tcf7l2/Bcl2/Capn10/Yap1/Atg7/Igf1r/Fas/Adar/Lef1/Arf6/Alms1/Abl1/Ppara/Ngf/Mtch2/Tgfbr2"
"GO:0006029","GO:0006029","proteoglycan metabolic process",78,0.366755001974713,1.51234320388169,0.0126713677461851,0.106088909925424,0.0882073643368553,1017,"tags=24%, list=11%, signal=22%","Hs6st2/Bmpr1b/Col11a1/Ndst3/Hs6st1/Tcf7l2/Csgalnact1/Xylt1/Fam20b/Chst11/Pxylp1/B4galnt4/Hs3st4/Ext1/B4galt7/Hs6st3/Ndst2/Galns/Slc10a7"
"GO:1902806","GO:1902806","regulation of cell cycle G1/S phase transition",114,0.325619796035232,1.43707734677362,0.0126909410278333,0.106088909925424,0.0882073643368553,1524,"tags=28%, list=16%, signal=24%","Arid1a/Bcl2/Egfr/Arid2/Cul4a/Tfdp1/Pkd1/Ino80/Mtbp/Mn1/Stxbp4/Pbrm1/Crebbp/Plcb1/Ankrd17/Ddr2/Appl2/Gigyf2/Actl6a/Dpf3/Ambra1/Cdkn2c/Ezh2/Smarcd2/Myo16/Ube2e2/Kmt2e/Ctdspl/Acvr1/Kif14/Rbl1/Ctdsp1"
"GO:0001964","GO:0001964","startle response",21,0.543134388854281,1.69079906349506,0.0131726629149585,0.109565577551816,0.0910980311201684,419,"tags=29%, list=4%, signal=27%","Npas3/Prkn/Ctnna2/Penk/Grid2/Nrxn1"
"GO:0007157","GO:0007157","heterophilic cell-cell adhesion via plasma membrane cell adhesion molecules",23,0.53337013411188,1.68055062551801,0.0132470847393368,0.109565577551816,0.0910980311201684,1189,"tags=35%, list=13%, signal=30%","Alcam/Cdh4/Cadm1/Il1rapl1/Grid2/Nrxn1/Hmcn1/Cdh2"
"GO:0002067","GO:0002067","glandular epithelial cell differentiation",23,0.533350466377704,1.68048865612591,0.0132470847393368,0.109565577551816,0.0910980311201684,2201,"tags=57%, list=23%, signal=43%","Yap1/Rxra/Clcn2/Ext1/Sox9/Hif1a/Prox1/Pax6/Fgfr2/Wnt4/Wdr77/Rarb/Fasn"
"GO:0003279","GO:0003279","cardiac septum development",80,0.361508180831994,1.50181396008716,0.0133110568563986,0.109565577551816,0.0910980311201684,1657,"tags=32%, list=17%, signal=27%","Robo1/Fgfrl1/Chd7/Nfatc1/Tgfb2/Robo2/Hey2/Bmpr1a/Ank2/Smad6/Lrp6/Rbpj/Hectd1/Rbm15/Lrp2/Prox1/Dhrs3/Lmo4/Fzd2/Vangl2/Trip11/Tgfbr2/Acvr1/Fgfr2/Bmpr2/Luzp1"
"GO:0021872","GO:0021872","forebrain generation of neurons",77,0.35650136045677,1.46518965959341,0.0133208248395129,0.109565577551816,0.0910980311201684,1518,"tags=31%, list=16%, signal=26%","Robo1/Erbb4/Bcl11b/B2m/Sall3/Tox/Robo2/Zmiz1/Gli3/Atg7/Lrp6/Pou3f4/Sox1/Dclk2/Disc1/Lef1/Fgfr1/Prox1/Dlx5/Pax6/Zdhhc16/D16Ertd472e/Zfp335/Fgfr2"
"GO:0007266","GO:0007266","Rho protein signal transduction",90,0.339600856065785,1.43638260004948,0.0133347842304742,0.109565577551816,0.0910980311201684,1370,"tags=29%, list=14%, signal=25%","Rhoj/Robo1/Pecam1/Agtr1b/Tns3/Ctnnal1/Arhgef12/Gna12/Rock1/Bcr/Apoa1/Arhgap5/Gna13/Arhgap42/Eps8/Abl1/Mcf2l/Akap13/Ralbp1/Cdh2/Pdgfrb/Dlc1/Col1a2/Arhgef7/Celsr1/Vangl2"
"GO:0010765","GO:0010765","positive regulation of sodium ion transport",26,0.517997431911007,1.67313451087319,0.0134149869589653,0.109911427243341,0.0913855869991717,1949,"tags=46%, list=21%, signal=37%","Adrb2/Fgf12/Fgf14/Plcb1/Chp1/Akt3/Wnk2/Slc9a1/Fgf13/Ank3/Atp1b1/Dmd"
"GO:0010631","GO:0010631","epithelial cell migration",71,0.370759944220972,1.49918261758593,0.0137118862104061,0.110950319236237,0.0922493712023318,1849,"tags=44%, list=20%, signal=35%","Sash1/Gab2/Tgfb2/Dock1/Enpp2/Ptk2/Rock1/Rreb1/Ptprg/Arf6/Sox9/Hif1a/Clasp1/Arhgap5/Dab2ip/Epb41l4b/Prox1/Daam2/Dock5/Ptprr/Clasp2/Tgfbr2/Scrib/Hbegf/Map4k4/Bmpr2/Prkce/Mtor/Tacr1/Iqsec1/Zeb2"
"GO:0090130","GO:0090130","tissue migration",71,0.370759944220972,1.49918261758593,0.0137118862104061,0.110950319236237,0.0922493712023318,1849,"tags=44%, list=20%, signal=35%","Sash1/Gab2/Tgfb2/Dock1/Enpp2/Ptk2/Rock1/Rreb1/Ptprg/Arf6/Sox9/Hif1a/Clasp1/Arhgap5/Dab2ip/Epb41l4b/Prox1/Daam2/Dock5/Ptprr/Clasp2/Tgfbr2/Scrib/Hbegf/Map4k4/Bmpr2/Prkce/Mtor/Tacr1/Iqsec1/Zeb2"
"GO:0090132","GO:0090132","epithelium migration",71,0.370759944220972,1.49918261758593,0.0137118862104061,0.110950319236237,0.0922493712023318,1849,"tags=44%, list=20%, signal=35%","Sash1/Gab2/Tgfb2/Dock1/Enpp2/Ptk2/Rock1/Rreb1/Ptprg/Arf6/Sox9/Hif1a/Clasp1/Arhgap5/Dab2ip/Epb41l4b/Prox1/Daam2/Dock5/Ptprr/Clasp2/Tgfbr2/Scrib/Hbegf/Map4k4/Bmpr2/Prkce/Mtor/Tacr1/Iqsec1/Zeb2"
"GO:0120161","GO:0120161","regulation of cold-induced thermogenesis",84,0.357714866268473,1.49021369079455,0.0137341414588546,0.110950319236237,0.0922493712023318,1505,"tags=27%, list=16%, signal=23%","Esrrg/Acvr2b/Qki/Adrb2/Nova1/Ppargc1a/Igf1r/Ehmt1/Rbpj/Elovl6/Grb10/Ppargc1b/Acot11/Zfp423/Prdm16/Appl2/Lgr4/Zfp516/Alms1/Epas1/Nrdc/Thra/Sfxn5"
"GO:0034764","GO:0034764","positive regulation of transmembrane transport",128,0.325431229403054,1.46501092342212,0.0136821568206797,0.110950319236237,0.0922493712023318,2470,"tags=37%, list=26%, signal=28%","Gpc3/Erbb4/Kcnc1/Adrb2/Slc1a2/Cemip/Kcnc2/Capn10/Ank2/Wnk1/Adcyap1r1/Lrrc38/Ppp3ca/Fgf14/Ntsr1/Akap9/Plcb1/Chp1/Abl1/Slc38a1/Wnk2/C2cd5/Azin2/Nherf1/Dpp6/Cacna1c/Stimate/Prkcd/Slc9a1/Fgf13/Asph/Casq1/Ank3/Atp1b1/Dmd/Lrrc55/Ano6/Adipor2/Vmp1/Akap7/Ak1/Htt/Braf/Agt/Ephb2/Irs1/Itgb1"
"GO:0001959","GO:0001959","regulation of cytokine-mediated signaling pathway",76,0.358989585580237,1.46583639630238,0.0141114530373946,0.113679973630855,0.0945189356635839,2060,"tags=37%, list=22%, signal=29%","Robo1/Prkn/Ptprf/Stat2/Rbm47/Adar/Irf7/Irak2/Samhd1/Ext1/Ptprc/Hif1a/Cd74/Apoa1/Gigyf2/Lsm14a/Tank/Ube2k/Rnf113a1/Otulin/Parp14/Crebrf/Rffl/Laptm5/Nkiras2/Usp25/Angpt1/C1qtnf4"
"GO:1900180","GO:1900180","regulation of protein localization to nucleus",111,0.324192977058799,1.42496129779828,0.0142049931279359,0.114114763735284,0.0948804408310745,2244,"tags=32%, list=24%, signal=25%","Tgfb2/Prkd1/Fyn/Tcf7l2/Yap1/Gli3/Ep300/Epm2a/Mark3/Lats1/Dclk2/Ptpn5/Otud7b/Crebbp/Chp1/Trim8/Mfhas1/Brca1/Dtx3l/Tfrc/Pinx1/Prkcd/Mdfic/Mtor/Bag3/Eif2ak3/Tardbp/Apod/Larp7/Lzts2/Angpt1/Prkcq/Cabp1/Ubr5/Htt/Fermt1"
"GO:0060674","GO:0060674","placenta blood vessel development",24,0.503774409536554,1.60809607921565,0.0142682469600323,0.114304511757592,0.0950382063595134,990,"tags=29%, list=10%, signal=26%","Arid1a/Hs6st1/Hey2/Pkd1/Nr2f2/Rbpj/Rbm15"
"GO:0060603","GO:0060603","mammary gland duct morphogenesis",20,0.530070010815601,1.63634398059174,0.0144383410040033,0.115245500083873,0.09582058879884,1810,"tags=45%, list=19%, signal=36%","Robo1/Btrc/Lrp5/Lrp6/Nr3c1/Ncoa3/Scrib/Fgfr2/Wnt4"
"GO:0042475","GO:0042475","odontogenesis of dentin-containing tooth",49,0.406985765737301,1.54463669127812,0.0144656279578231,0.115245500083873,0.09582058879884,1486,"tags=33%, list=16%, signal=28%","Acvr2b/Bcl11b/Smpd3/Tcf7l2/Bmpr1a/Foxo1/Gli3/Lrp6/Lef1/Lrp4/Fam20c/Tcirg1/Ppara/Eda/Chuk/Apcdd1"
"GO:0030857","GO:0030857","negative regulation of epithelial cell differentiation",28,0.479463313678113,1.59305213522996,0.0146385386991655,0.115872538207722,0.0963419381112457,1288,"tags=36%, list=14%, signal=31%","Tgfb2/Zeb1/Yap1/Spred1/Foxp4/Spred2/Sox9/Fgfr3/Ezh2/Spry2"
"GO:0010717","GO:0010717","regulation of epithelial to mesenchymal transition",65,0.37736834123528,1.50396259031959,0.0146123047588444,0.115872538207722,0.0963419381112457,1456,"tags=29%, list=15%, signal=25%","Qki/Tgfb2/Tcf7l2/Spred1/Epha3/Zfp703/Epha4/Ptk2/Lef1/Spred2/Clasp1/Dab2ip/Myocd/Ezh2/Pawr/Spry2/Clasp2/Tgfbr2/Acvr1"
"GO:0008277","GO:0008277","regulation of G protein-coupled receptor signaling pathway",93,0.34496891579104,1.46537033766013,0.0146648670061784,0.115872538207722,0.0963419381112457,1235,"tags=24%, list=13%, signal=21%","Robo1/Necab2/Pde3a/Grk5/Adrb2/Kctd8/Calcr/Rgs6/Bicd1/Rock1/Tulp3/Sstr4/Ppp3ca/Rpgrip1l/Plcb1/Pde10a/Hif1a/Prkca/Mgll/Pde5a/Homer2/Grm5"
"GO:0045619","GO:0045619","regulation of lymphocyte differentiation",107,0.322995622250308,1.40696193446262,0.0147262629147645,0.116039732913062,0.096480951739527,1817,"tags=30%, list=19%, signal=24%","Arid1a/Tox/Zmiz1/Rc3h1/Zeb1/Arid2/Gli3/Foxo3/Ep300/Fas/Sox13/Itpkb/Lef1/Runx1/Pbrm1/Ptprc/Cd74/Sh3rf1/Brd2/Actl6a/Ambra1/Abl1/Smarcd2/Spi1/Rasgrp1/Tgfbr2/Socs5/Cbfb/Ap3d1/Sox12/Irf1/Sox4"
"GO:0017015","GO:0017015","regulation of transforming growth factor beta receptor signaling pathway",95,0.336450739615289,1.4313411817641,0.0150675132140371,0.118405199207856,0.0984477128971076,1288,"tags=24%, list=14%, signal=21%","Smurf2/Zfp451/Zeb1/Spred1/Hipk2/Zfp703/Smad6/Chst11/Smurf1/Ep300/Ski/Lats1/Arid4b/Spred2/Crebbp/Rnf111/Htra1/Cd109/Prdm16/Ppara/Myocd/Tet1/Spry2"
"GO:1903035","GO:1903035","negative regulation of response to wounding",44,0.425721240413249,1.56782990739124,0.0151243541854107,0.118528906170447,0.0985505687481853,1542,"tags=32%, list=16%, signal=27%","Tafa5/Tfpi/Xylt1/Epha4/Plat/Prkg1/Rtn4rl1/Clasp1/Cd109/Ptprs/Neo1/Cask/Clasp2/Prkcd"
"GO:0007369","GO:0007369","gastrulation",114,0.322407663735504,1.42290105092495,0.0151987269390176,0.118788966103325,0.098766794942468,2282,"tags=36%, list=24%, signal=28%","Gpc3/Acvr2b/Exoc4/Arid1a/Col11a1/Col5a1/Bmpr1a/Wnk1/Tenm4/Lrp5/Lrp6/Lef1/Ext1/Zbtb17/Ahdc1/Clasp1/Apoa1/Fgfr1/Smad1/Lama3/Tnrc6c/Amot/Vangl2/Clasp2/Tgfbr2/Acvr1/Kif16b/Bmpr2/Map2k5/Grb2/Mmp15/Col12a1/Nsd1/Mmp2/Nat8f5/Frs2/Plpp3/Hira/Htt/Ctr9/Srf"
"GO:1903522","GO:1903522","regulation of blood circulation",145,0.310537975292297,1.42557042189718,0.0152893470121446,0.119174261575743,0.0990871479193895,1949,"tags=32%, list=21%, signal=26%","Chrm2/Adra1d/Agtr1b/Adrb2/Tgfb2/Hey2/Hdac4/Egfr/Ank2/Htr7/Asic2/Smad6/Slc8a1/Srebf1/Kcnd2/Rbfox2/Akap9/Hif1a/Mtnr1b/Prkca/Mgll/Add3/Popdc2/Arhgap42/Kcne2/Pde5a/Abl1/Gnao1/Dock5/Dock4/Epas1/Chrm3/Thra/Cacna1c/Hbegf/Slc9a1/Bmpr2/Fgf13/Cacna2d1/Hrh2/Tacr1/Tbxas1/Kcnip1/Atp1b1/Mmp2/Dmd"
"GO:0090174","GO:0090174","organelle membrane fusion",102,-0.311149884465441,-1.41042071687179,0.0153398561139367,0.1192456739423,0.0991465235566683,2522,"tags=39%, list=27%, signal=29%","Rubcnl/Bloc1s6/Snca/Gnai3/Stx6/Syt9/Uvrag/Stx12/Rufy1/Snap25/Chmp4b/Chmp3/Snap29/Snap47/Snap23/Trim9/Rab14/Chmp7/Vti1b/Sec22b/Rab3a/Rab8a/Chmp1a/Pip4k2b/Vps39/Stx7/Vamp1/Rph3a/Bnip1/Yipf4/Vamp3/Stx19/Chmp5/Chmp2b/Stxbp1/Cplx2/Vps11/Chmp2a/Stx16/Stx1a"
"GO:0030510","GO:0030510","regulation of BMP signaling pathway",59,0.388832550742634,1.51719683640521,0.0154720853372014,0.119950252990561,0.0997323440807719,1121,"tags=27%, list=12%, signal=24%","Gpc3/Smurf2/Tcf7l2/Gpr155/Hipk2/Ube2o/Smad6/Smurf1/Ski/Rbpj/Htra1/Zfp423/Lrp2/Neo1/Abl1/Fstl5"
"GO:0030201","GO:0030201","heparan sulfate proteoglycan metabolic process",35,0.45259335643957,1.58541748006697,0.0155957101717248,0.120121113821753,0.099874405900414,943,"tags=29%, list=10%, signal=26%","Hs6st2/Ndst3/Hs6st1/Tcf7l2/Xylt1/Pxylp1/Hs3st4/Ext1/Hs6st3/Ndst2"
"GO:0002011","GO:0002011","morphogenesis of an epithelial sheet",41,0.420836029899053,1.53140045068025,0.0155560207006944,0.120121113821753,0.099874405900414,1776,"tags=32%, list=19%, signal=26%","Col5a1/Pard3/Lrp6/Rreb1/Wnt7a/Clasp1/Arhgap12/Vangl2/Clasp2/Chuk/Hbegf/Itgb5/Mtor"
"GO:0051321","GO:0051321","meiotic cell cycle",152,-0.29290587187503,-1.40256827329888,0.0156190768665595,0.120121113821753,0.099874405900414,1619,"tags=28%, list=17%, signal=23%","Ubb/Hspa2/Ccne1/Chtf18/Terb1/Mlh3/Nsun2/Rad54l/Tubgcp5/Eme1/Lsm14b/Ndc1/Piwil1/Cpeb1/Fanca/Grb14/Orc4/Actr2/Bub3/Trip13/Ppp2ca/Numa1/Golga2/Klhdc3/Fancm/Cdc25a/Fzr1/Mcm6/Tubgcp6/Ddb1/Mapk1ip1/Syce2/Dcaf13/M1ap/Tubgcp4/Mettl3/Rec8/Rsph1/Rad51ap1/Ube2b/Spdya/Rec114"
"GO:0072091","GO:0072091","regulation of stem cell proliferation",51,0.399570346413813,1.52262349137406,0.0156996273540354,0.120419482151697,0.100122483517617,1518,"tags=31%, list=16%, signal=26%","Nfatc1/Yap1/Gli3/Lrp6/Rbpj/Ptprc/Sox9/Cd109/Fgfr1/Cdkn2c/Ngf/Ago3/Ncoa3/Fgf9/Tgfbr2/Fgfr2"
"GO:0002053","GO:0002053","positive regulation of mesenchymal cell proliferation",21,0.535348671200638,1.66656181321675,0.015829353769803,0.121092456955204,0.100682026769821,1603,"tags=52%, list=17%, signal=44%","Foxp2/Bmpr1a/Lrp5/Lrp6/Sox9/Arhgap5/Fgfr1/Fgf9/Tgfbr2/Fgfr2/Fbxw4"
"GO:2000179","GO:2000179","positive regulation of neural precursor cell proliferation",45,0.407093910732522,1.50793097926514,0.0159243089619644,0.12149657948758,0.101018033459635,1509,"tags=31%, list=16%, signal=26%","Tox/Gli3/Ryk/Disc1/Hif1a/Rsu1/Lrp2/Cip2a/Prox1/Disp3/Pax6/Egf/Gpr37l1/Zfp335"
"GO:0006888","GO:0006888","endoplasmic reticulum to Golgi vesicle-mediated transport",93,-0.332478875276325,-1.48532946485945,0.0161055439949634,0.122555115782254,0.101898150869397,2254,"tags=39%, list=24%, signal=30%","Mia2/Ykt6/Creb3l2/Lman2l/Steep1/Ero1b/Sec31a/Rab1a/Lrrk2/Trappc3/Copb2/Zw10/Yipf6/Sec16a/Arf1/Sorl1/Sec22b/Sar1b/Tmed2/Copb1/Golt1b/Trappc2b/Nrbp1/Cnih4/Sec22a/Tbc1d20/Golga2/P4hb/Copg1/Yipf4/Rint1/Sec13/Copa/Tmed5/Trappc6b/Cope"
"GO:0006626","GO:0006626","protein targeting to mitochondrion",52,-0.390925375827764,-1.55527953028339,0.016345738614415,0.123766996994957,0.1029057665357,2021,"tags=40%, list=21%, signal=32%","Parl/Timm17a/Hspd1/Fbxo7/Lrrk2/Timm13/Tomm7/Tomm70a/Dnlz/Bnip3l/Tomm22/Timm10/Romo1/Dnajc19/Gdap1/Pdcd5/Timm23/Samm50/Hspa4/Ywhaz/Grpel2"
"GO:0015931","GO:0015931","nucleobase-containing compound transport",149,-0.293821645497775,-1.40234335045592,0.0163506330981548,0.123766996994957,0.1029057665357,2040,"tags=32%, list=22%, signal=26%","Magoh/Shoc2/Igf2bp2/Slc35c2/Abcc5/Nup107/Lrrc8b/Nup54/Tst/Slc35b4/Slc25a25/Tnks/Slc25a17/Slc35a1/Xpot/Casc3/Ssb/Slc25a5/Zfp36l1/Nsun2/Ndc1/Sidt1/Cpeb1/Arc/Hnrnpa1/Thoc7/Ckap5/Eif4a3/Ran/Supt6/Mcm3ap/Ncbp2/Fxr1/Mapt/Chtop/Abcc1/Sem1/Eny2/Sec13/Mrpl18/Calhm2/Thoc1/Nup133/Poldip3/Hnrnpa2b1/Slc25a36/Nup214/Rae1"
"GO:0016079","GO:0016079","synaptic vesicle exocytosis",88,-0.332902937833586,-1.4737010819077,0.0164393346962765,0.12411267346613,0.103193178391066,1709,"tags=32%, list=18%, signal=26%","Htr1b/Snap29/Snap47/Lrrk2/Snap23/Trim9/Efr3a/Rab3a/Synj1/Tprg1l/Prkcb/Vamp1/Rph3a/Dnm1l/Septin5/Vps18/Syngr3/Stx19/Slc4a8/Stxbp1/Napb/Napa/Cplx2/Pfn2/Sv2b/Stx1a/Sv2a/Sptbn2"
"GO:0099174","GO:0099174","regulation of presynapse organization",30,0.482165710921135,1.63037402252076,0.0164890648905763,0.124163089149927,0.103235096387887,1005,"tags=37%, list=11%, signal=33%","Farp1/Lrrtm3/Il1rapl1/Igsf11/Grid2/Nrxn1/Il1rapl2/Arf6/Wnt7a/Cacna2d3/Gpc4"
"GO:0050432","GO:0050432","catecholamine secretion",45,-0.386908196671526,-1.487994196815,0.0165506620192762,0.124302367873939,0.103350899341862,3166,"tags=40%, list=33%, signal=27%","Pink1/Adora2b/Syt7/Ptger3/Chrna4/Snca/Rtn4/Oprk1/Nisch/Htr1b/Rab3a/Abat/Comt/Prkcb/Crhr2/Sdhd/Ptgs1/Stx1a"
"GO:0031960","GO:0031960","response to corticosteroid",89,0.340225605797112,1.43212727649054,0.0166081195107248,0.124409913425793,0.103440317827563,740,"tags=20%, list=8%, signal=19%","Agtr1b/Bcl2/Egfr/Gad2/Calcr/Foxo1/Htr7/Rxra/Nr3c2/Foxo3/Ep300/Fas/Sstr4/Igfbp2/Pappa/Rest/Nr3c1/Acsbg1"
"GO:0051084","GO:0051084","'de novo' post-translational protein folding",35,-0.45221470027016,-1.63693016155569,0.016749681213951,0.124464777553112,0.103485934471855,2519,"tags=49%, list=27%, signal=36%","Chchd4/Tor1a/Cct5/Selenof/Sdf2l1/Hspa2/Bag1/Dnajb14/Hspa13/Sdf2/Hspa8/Hspa9/Cct2/Cct4/Hspe1-rs1/Cct8/Ptges3"
"GO:1904064","GO:1904064","positive regulation of cation transmembrane transport",83,0.358442483655931,1.49514194478917,0.0167271968520429,0.124464777553112,0.103485934471855,2238,"tags=37%, list=24%, signal=29%","Kcnc1/Adrb2/Cemip/Kcnc2/Ank2/Wnk1/Adcyap1r1/Lrrc38/Ppp3ca/Fgf14/Ntsr1/Akap9/Plcb1/Chp1/Abl1/Wnk2/Dpp6/Cacna1c/Stimate/Slc9a1/Fgf13/Asph/Casq1/Ank3/Atp1b1/Dmd/Lrrc55/Ano6/Vmp1/Akap7/Htt"
"GO:0043502","GO:0043502","regulation of muscle adaptation",60,0.380948758456419,1.49152261378098,0.0166973268576643,0.124464777553112,0.103485934471855,1776,"tags=37%, list=19%, signal=30%","Nfatc1/Gtf2ird1/Hdac4/Foxo1/Foxo3/Ep300/Ptk2/Rock1/Ppp3ca/Nr3c1/Nfatc3/Prkca/Igfbp5/Pde5a/Ppara/Ctdp1/Slc9a1/Pde9a/Tead1/Casq1/Adk/Mtor"
"GO:0007033","GO:0007033","vacuole organization",163,-0.294340483807067,-1.42694567471537,0.0167880715909017,0.124464777553112,0.103485934471855,2154,"tags=31%, list=23%, signal=25%","Hexa/Ift88/Tbc1d12/Stx12/Clvs1/Atg9b/Hps4/Chmp4b/Smcr8/Atg101/Chmp3/Rab1a/Creg1/Lrba/Lrrk2/Wipi1/Map1lc3a/Ppp3cb/Rab14/Chmp7/Arf1/Ralb/Sec22b/Pi4kb/Hspa8/Emc6/Srpx/Chmp1a/Atg4b/Pip4k2b/Atg4c/Synpo2/Ubxn2a/Rab23/Ctsd/Trim32/Vps18/Ift20/Tpcn2/Vps4b/Chmp5/Chmp2b/Lamp2/Nsfl1c/Gabarapl1/Ppt1/Vps11/Chmp2a/Vps35/Gabarapl2/Chek2"
"GO:0002833","GO:0002833","positive regulation of response to biotic stimulus",189,0.282118815029229,1.33374478612409,0.0168340488211945,0.124485632821346,0.103503274533552,1902,"tags=29%, list=20%, signal=23%","Sash1/Smpdl3a/Cadm1/Prkd1/Ninj1/Slc15a2/Rbm47/Srebf1/Mapkapk3/Lyplal1/Irf7/Nek7/Lats1/Pum2/Arf6/Irak2/Polr3f/Cd74/Tkfc/Ankrd17/Prkca/Mfhas1/Appl2/Smpdl3b/Dab2ip/Lgr4/Lsm14a/Ptprs/Irf2/Trim25/Ifi35/Grn/Spi1/Ube2k/Itch/Fbxo38/Map3k7/Otulin/Abhd17a/Rasgrp1/Chuk/Hexim1/Dpp4/Card9/Prkce/Nr1h3/Rps6ka3/Tirap/Zdhhc18/Lrrfip2/Oasl1/Irf1/Sirt2/Usp15"
"GO:0051148","GO:0051148","negative regulation of muscle cell differentiation",42,0.426767732293944,1.56023495847402,0.0171482092467672,0.12581271189155,0.104606671176346,1791,"tags=38%, list=19%, signal=31%","Nfatc1/Hey2/Bmpr1a/Hdac4/Nfatc3/Ankrd17/Smad1/Ppara/Bdnf/Myocd/Ezh2/Fgf9/Ctdp1/Sox6/Bmpr2/Ptbp1"
"GO:2000243","GO:2000243","positive regulation of reproductive process",49,0.400722535593345,1.52086579828695,0.0170719822846495,0.12581271189155,0.104606671176346,768,"tags=24%, list=8%, signal=23%","Lfng/Unc5c/Smurf2/Pde3a/Hdac4/Cib1/Eif4g3/Igf1r/Runx1/Sox9/Plcb1/Fbxo5"
"GO:0000380","GO:0000380","alternative mRNA splicing, via spliceosome",60,0.379043088859624,1.48406137592439,0.0172316300961035,0.12581271189155,0.104606671176346,1294,"tags=32%, list=14%, signal=28%","Nova1/Ddx17/Rbm24/Rbm5/Rbm47/Celf2/Mbnl2/Rbfox2/Rest/Tra2b/Rbfox1/Cdk13/Thrap3/Rbfox3/Mbnl1/Rbmxl1/Rbm15/Celf1/Wtap"
"GO:0035924","GO:0035924","cellular response to vascular endothelial growth factor stimulus",60,0.37892009515428,1.48357982062646,0.0172316300961035,0.12581271189155,0.104606671176346,1622,"tags=32%, list=17%, signal=26%","Robo1/Erbb4/Prkd1/Egfr/Epha5/Epha3/Epha4/Igf1r/Itgb1bp1/Fgfr3/Ddr2/Fgfr1/Dab2ip/Pdgfrb/Spry2/Jcad/Gab1/Fgfr2/Ptp4a3"
"GO:0060996","GO:0060996","dendritic spine development",113,0.321568171275982,1.41327342805606,0.0172316300961035,0.12581271189155,0.104606671176346,2034,"tags=32%, list=21%, signal=25%","Kalrn/Arid1b/Ctnnd2/Spire1/Lrp8/Dscam/Epha5/Il1rapl1/Epha4/Disc1/Arf6/Pbrm1/Nr3c1/Nck2/Crebbp/Cpeb3/Wnt7a/Stau2/Ptprs/Abi2/Grn/Cux2/Cask/Afdn/D16Ertd472e/Wasl/Itsn1/Dip2a/Ppfia2/Ube3a/Mtor/Iqsec1/Dbn1/Pak4/Ulk4/Dnm3"
"GO:0045638","GO:0045638","negative regulation of myeloid cell differentiation",51,0.396139148479199,1.50954839051714,0.0172827474980402,0.125867282283707,0.104652043595257,1031,"tags=24%, list=11%, signal=21%","Qki/Meis2/Lrrc17/Meis1/Cdk6/Cul4a/Cib1/Itpkb/Runx1/Prdm16/Rbm15/Mafb"
"GO:0010595","GO:0010595","positive regulation of endothelial cell migration",76,0.353208459014205,1.44223073732923,0.0173994650599067,0.126398129049801,0.105093414838837,1397,"tags=29%, list=15%, signal=25%","Rhoj/Sash1/Prkd1/Bcas3/Cib1/Sema5a/Fgf18/Hif1a/Wnt7a/Rin2/Itgb1bp1/Prkca/Pik3c2a/Akt3/Fgfr1/Prox1/Abl1/Grn/Egf/Amot/Jcad/Gab1"
"GO:0031016","GO:0031016","pancreas development",42,0.423727017365483,1.54911830327462,0.0176882993346368,0.127956428031788,0.106389058711005,1251,"tags=29%, list=13%, signal=25%","Acvr2b/Meis2/Cdk6/Pde3b/Igf1r/Sox9/Dnaaf1/Clock/Invs/Prox1/Cdh2/Pax6"
"GO:0055123","GO:0055123","digestive system development",80,0.355928766855018,1.47863539250829,0.0177027097034269,0.127956428031788,0.106389058711005,1518,"tags=29%, list=16%, signal=24%","Acvr2b/Tgfb2/Tcf7l2/Bcl2/Egfr/Yap1/Pkd1/Gli3/Klf5/Igf1r/Foxp4/Ext1/Sox9/Hif1a/Dnaaf1/Fgfr3/Cobl/Lgr4/Myocd/Vangl2/Fgf9/Cckbr/Fgfr2"
"GO:0048565","GO:0048565","digestive tract development",72,0.369692224821033,1.498874825897,0.0177846058645895,0.128093146826606,0.106502733218121,1750,"tags=33%, list=18%, signal=27%","Acvr2b/Tgfb2/Tcf7l2/Bcl2/Egfr/Yap1/Pkd1/Gli3/Klf5/Foxp4/Ext1/Sox9/Hif1a/Dnaaf1/Fgfr3/Cobl/Lgr4/Myocd/Vangl2/Fgf9/Cckbr/Fgfr2/Hrh2/Ccdc103"
"GO:0050773","GO:0050773","regulation of dendrite development",104,0.327542557607772,1.41655677049196,0.0178104548812306,0.128093146826606,0.106502733218121,1264,"tags=24%, list=13%, signal=21%","Robo1/Kalrn/Adgrb3/Lrp8/Ptprf/Prex1/Il1rapl1/Epha4/Cux1/Ppp3ca/Fat3/Arf6/Stau2/Csmd3/Grip1/Tnik/Cobl/Dab2ip/Camsap2/Abl1/Ezh2/Cux2/Mfsd2a/Cask/Afdn"
"GO:0060977","GO:0060977","coronary vasculature morphogenesis",25,0.505405337975913,1.62335505798029,0.0179696701188416,0.128891030962728,0.107166132029015,1518,"tags=48%, list=16%, signal=40%","Hey2/Spred1/Arid2/Rxra/Smad6/Pbrm1/Fgfr1/Lrp2/Sgcd/Pdgfrb/Fgf9/Fgfr2"
"GO:0030534","GO:0030534","adult behavior",119,0.321483989785966,1.42564292322733,0.0180107785984672,0.128891030962728,0.107166132029015,1203,"tags=23%, list=13%, signal=20%","Nrxn3/Dab1/Kalrn/Prkn/Chd7/Slc1a2/Pcdh17/Prex2/Hipk2/Atg7/Pmp22/Nrxn1/Epha4/Atxn1/Fgf12/Fgf14/Ntsr1/Crebbp/Ppp1r1b/Gigyf2/Oxr1/Eps8/Ppara/Bdnf/Otog/Ngf/Homer2"
"GO:1902932","GO:1902932","positive regulation of alcohol biosynthetic process",24,0.494277518322048,1.57778109449692,0.0181468848729422,0.128905458062969,0.107178127406177,679,"tags=25%, list=7%, signal=23%","Qki/Srebf2/Scap/Adcyap1r1/Srebf1/Ntsr1"
"GO:2000649","GO:2000649","regulation of sodium ion transmembrane transporter activity",24,0.493318041023273,1.57471835122722,0.0181468848729422,0.128905458062969,0.107178127406177,1949,"tags=50%, list=21%, signal=40%","Fgf12/Fgf14/Plcb1/Chp1/Wnk2/Nherf1/Slc9a1/Fgf13/Slmap/Ank3/Atp1b1/Dmd"
"GO:0018107","GO:0018107","peptidyl-threonine phosphorylation",61,0.382582297498144,1.50508075065558,0.0181302117013604,0.128905458062969,0.107178127406177,1309,"tags=28%, list=14%, signal=24%","Myo3b/Prkd1/Phip/Cemip/Bcl2/Pard3/Spred1/Wnk1/Hipk2/Nlk/Spred2/Hipk3/Ttbk1/Akt3/Ube2k/Spry2/Egf"
"GO:0021587","GO:0021587","cerebellum morphogenesis",41,0.414724963616614,1.50916259794385,0.0182613524731605,0.129388931158759,0.107580109927605,1101,"tags=24%, list=12%, signal=22%","Foxp2/Rora/Dab1/Pcnt/Grid2/Nrxn1/Lrp6/Wnt7a/Prox1/Abl1"
"GO:1900182","GO:1900182","positive regulation of protein localization to nucleus",66,0.372117115898338,1.48466925873724,0.0183944042215988,0.129388931158759,0.107580109927605,2064,"tags=30%, list=22%, signal=24%","Tgfb2/Prkd1/Fyn/Tcf7l2/Yap1/Gli3/Ep300/Ptpn5/Crebbp/Trim8/Brca1/Dtx3l/Tfrc/Pinx1/Prkcd/Bag3/Eif2ak3/Tardbp/Larp7/Prkcq"
"GO:0031644","GO:0031644","regulation of nervous system process",102,0.330492689374756,1.42202385525172,0.0183658297894764,0.129388931158759,0.107580109927605,1264,"tags=24%, list=13%, signal=21%","Grm3/Qki/Prkn/Lrp8/Adrb2/Srebf2/Pard3/Igsf11/Tenm4/Nrxn1/Mtmr2/Fgf12/Cacng4/Ntsr1/Wasf3/Wnt7a/Mtnr1b/Mgll/Nlgn4l/Shisa9/Begain/Cux2/Pawr/Afdn"
"GO:0051099","GO:0051099","positive regulation of binding",100,0.326017535427697,1.39769228347732,0.0183329749955775,0.129388931158759,0.107580109927605,1309,"tags=26%, list=14%, signal=23%","Lfng/B2m/Prkn/Tgfb2/Tcf7l2/Tns3/Hipk2/Epha4/Spon1/Ep300/Mark3/Ski/Ctbp2/Hipk3/H1f0/Zfp618/Dtx3l/Abl1/Bdnf/Mfng/Pinx1/Myocd/Ngf/Pax6/Arhgef7/Egf"
"GO:0019058","GO:0019058","viral life cycle",128,-0.301979260802688,-1.41571825947308,0.0184768665669483,0.129652757126713,0.107799467382528,2469,"tags=34%, list=26%, signal=26%","Cnot7/Adarb1/Eps15/Ppia/Ppih/Bsg/Jpt2/Uvrag/Ltf/Ccnk/Eif2ak2/Nectin3/Chmp4b/Chmp3/Rab1a/Hacd3/Stau1/Ddx3x/Chmp7/Trim28/Hspa8/Znfx1/Chmp1a/Smarcb1/Spcs1/Fbxl2/Cd81/Ctsb/Kpna6/Tbc1d20/Vps18/Tpcn2/P4hb/Vps4b/Ddb1/Chmp5/Chmp2b/Setdb1/Chmp2a/Pcbp2/Inpp5k/Eef1a1/Ddx5/Nrp1"
"GO:0010171","GO:0010171","body morphogenesis",45,0.40150548974769,1.48723071108122,0.0186006049484553,0.130204234639187,0.108257992009661,1935,"tags=42%, list=20%, signal=34%","Gpc3/Tgfb2/Tcf7l2/Vps13b/Lrp6/Ep300/Ski/Ssbp3/Lef1/Crebbp/Clasp1/Arid5b/Dlx5/Clasp2/Ofd1/Asph/Csrnp1/Crispld1/Mmp2"
"GO:0060078","GO:0060078","regulation of postsynaptic membrane potential",108,0.324939136211031,1.41980468767901,0.0188635718501665,0.131725281394383,0.109522662609097,1345,"tags=25%, list=14%, signal=22%","Prkn/Adrb2/Gabrr2/Igsf11/Grid2/Nrxn1/Nr3c2/Mtmr2/Atxn1/Gabrb2/Kcnd2/Ppp3ca/Fgf14/Ntsr1/Grid1/Wnt7a/Gabra1/Nlgn4l/Gabra2/Begain/Bdnf/Gabrg1/Gabra4/Dpp6/Cux2/Afdn/Chrna1"
"GO:0003007","GO:0003007","heart morphogenesis",161,0.301102873805794,1.38681530858681,0.0189588949949087,0.132071142911393,0.109810228320371,2110,"tags=32%, list=22%, signal=26%","Robo1/Fgfrl1/Chd7/Col11a1/Nfatc1/Col5a1/Tgfb2/Robo2/Zmiz1/Hey2/Ncor2/Asxl2/Bmpr1a/Yap1/Arid2/Rxra/Smad6/Slc8a1/Lrp6/Rbpj/Pbrm1/Ext1/Ift57/Sox9/Hif1a/Dnaaf1/Uty/Rbm15/Lrp2/Prox1/Dhrs3/Dlc1/Fzd2/Vangl2/Fgf9/Tgfbr2/Acvr1/Kdm2a/Fgfr2/Bmpr2/Axin2/Tead1/Ccdc103/Mtor/Sox4/Fzd1/Arl13b/S1pr1/Angpt1/Emp2/Vegfa/Atf2"
"GO:0060976","GO:0060976","coronary vasculature development",50,0.394165799270636,1.50074137154519,0.0191237549513862,0.132898576577826,0.110498196015872,1518,"tags=32%, list=16%, signal=27%","Gpc3/Robo1/Hey2/Spred1/Arid2/Rxra/Smad6/Pbrm1/Fgfr1/Lrp2/Sgcd/Myocd/Pdgfrb/Vangl2/Fgf9/Fgfr2"
"GO:0014829","GO:0014829","vascular associated smooth muscle contraction",22,0.521671881667619,1.64168278374454,0.0191912603418124,0.133047102946603,0.110621687901439,1400,"tags=36%, list=15%, signal=31%","Smpd3/Htr7/Slc8a1/Rap1gds1/Arhgap42/Dock5/Dock4/Chrm3"
"GO:0021795","GO:0021795","cerebral cortex cell migration",45,0.399319242610748,1.47913255559618,0.0194034951947151,0.134195875639229,0.111576832143282,982,"tags=27%, list=10%, signal=24%","Robo1/Dab1/Lrp8/Zmiz1/Syne2/Egfr/Gli3/Lrp6/Disc1/Pou3f2/Fgfr1/Dab2ip"
"GO:0014888","GO:0014888","striated muscle adaptation",24,0.490321718976788,1.56515380478777,0.0195321173092286,0.134440635608151,0.111780337220004,1776,"tags=46%, list=19%, signal=37%","Nfatc1/Hey2/Gtf2ird1/Foxo1/Ppp3ca/Nfatc3/Igfbp5/Smad1/Ezh2/Tead1/Mtor"
"GO:0006458","GO:0006458","'de novo' protein folding",37,-0.427949961787527,-1.56015103793545,0.0195212471704783,0.134440635608151,0.111780337220004,2519,"tags=46%, list=27%, signal=34%","Chchd4/Tor1a/Cct5/Selenof/Sdf2l1/Hspa2/Bag1/Dnajb14/Hspa13/Sdf2/Hspa8/Hspa9/Cct2/Cct4/Hspe1-rs1/Cct8/Ptges3"
"GO:0002708","GO:0002708","positive regulation of lymphocyte mediated immunity",43,0.408103395418603,1.50198652429956,0.0196140213631931,0.134682946693926,0.111981806178832,1527,"tags=35%, list=16%, signal=29%","B2m/Cadm1/Shld2/Tap2/Atad5/Rif1/Dennd1b/Ptprc/Kmt5b/Tfrc/Paxip1/Fbxo38/Map3k7/Rasgrp1/Dpp4"
"GO:0045540","GO:0045540","regulation of cholesterol biosynthetic process",22,0.520338660134222,1.63748718318563,0.020311898527801,0.137665887497763,0.11446196500471,461,"tags=27%, list=5%, signal=26%","Lpcat3/Qki/Srebf2/Gpr146/Scap/Srebf1"
"GO:0106118","GO:0106118","regulation of sterol biosynthetic process",22,0.520338660134222,1.63748718318563,0.020311898527801,0.137665887497763,0.11446196500471,461,"tags=27%, list=5%, signal=26%","Lpcat3/Qki/Srebf2/Gpr146/Scap/Srebf1"
"GO:0043536","GO:0043536","positive regulation of blood vessel endothelial cell migration",41,0.410842715355375,1.49503529820115,0.020155089351984,0.137665887497763,0.11446196500471,1397,"tags=32%, list=15%, signal=27%","Rhoj/Prkd1/Cib1/Fgf18/Hif1a/Prkca/Pik3c2a/Akt3/Fgfr1/Abl1/Amot/Jcad/Gab1"
"GO:0006414","GO:0006414","translational elongation",57,-0.364397306542752,-1.47932425351821,0.0204780394370806,0.137665887497763,0.11446196500471,932,"tags=21%, list=10%, signal=19%","Eif4a3/Zfp598/Rplp2/Gtpbp1/Abce1/Ltn1/Srp9/Gcn1/Eef1b2/Ufsp2/Gfm1/Eef1a1"
"GO:0042303","GO:0042303","molting cycle",78,0.354445917405219,1.46158572192657,0.0204010251873778,0.137665887497763,0.11446196500471,1518,"tags=31%, list=16%, signal=26%","Trps1/Nfatc1/Tgfb2/Bcl2/Egfr/Ldb2/Sox21/Pum2/Rbpj/Runx1/Ext1/Lrig1/Sox9/Lrp4/Clock/Cd109/Igfbp5/Lgr4/Eda/Tsku/Celsr1/Vangl2/Apcdd1/Fgfr2"
"GO:0042633","GO:0042633","hair cycle",78,0.354445917405219,1.46158572192657,0.0204010251873778,0.137665887497763,0.11446196500471,1518,"tags=31%, list=16%, signal=26%","Trps1/Nfatc1/Tgfb2/Bcl2/Egfr/Ldb2/Sox21/Pum2/Rbpj/Runx1/Ext1/Lrig1/Sox9/Lrp4/Clock/Cd109/Igfbp5/Lgr4/Eda/Tsku/Celsr1/Vangl2/Apcdd1/Fgfr2"
"GO:0034767","GO:0034767","positive regulation of monoatomic ion transmembrane transport",91,0.333668497552913,1.42036572706994,0.0202208041168179,0.137665887497763,0.11446196500471,2238,"tags=35%, list=24%, signal=27%","Kcnc1/Adrb2/Cemip/Kcnc2/Ank2/Wnk1/Adcyap1r1/Lrrc38/Ppp3ca/Fgf14/Ntsr1/Akap9/Plcb1/Chp1/Abl1/Wnk2/Nherf1/Dpp6/Cacna1c/Stimate/Slc9a1/Fgf13/Asph/Casq1/Ank3/Atp1b1/Dmd/Lrrc55/Ano6/Vmp1/Akap7/Htt"
"GO:0050657","GO:0050657","nucleic acid transport",107,-0.304496733285094,-1.38137320742362,0.0204487945034433,0.137665887497763,0.11446196500471,2188,"tags=36%, list=23%, signal=28%","Nup188/Xpo5/Magoh/Igf2bp2/Nup107/Nup54/Tst/Tnks/Xpot/Casc3/Ssb/Zfp36l1/Nsun2/Ndc1/Sidt1/Cpeb1/Arc/Hnrnpa1/Thoc7/Ckap5/Eif4a3/Ran/Supt6/Mcm3ap/Ncbp2/Fxr1/Mapt/Chtop/Sem1/Eny2/Sec13/Mrpl18/Thoc1/Nup133/Poldip3/Hnrnpa2b1/Nup214/Rae1"
"GO:0050658","GO:0050658","RNA transport",107,-0.304496733285094,-1.38137320742362,0.0204487945034433,0.137665887497763,0.11446196500471,2188,"tags=36%, list=23%, signal=28%","Nup188/Xpo5/Magoh/Igf2bp2/Nup107/Nup54/Tst/Tnks/Xpot/Casc3/Ssb/Zfp36l1/Nsun2/Ndc1/Sidt1/Cpeb1/Arc/Hnrnpa1/Thoc7/Ckap5/Eif4a3/Ran/Supt6/Mcm3ap/Ncbp2/Fxr1/Mapt/Chtop/Sem1/Eny2/Sec13/Mrpl18/Thoc1/Nup133/Poldip3/Hnrnpa2b1/Nup214/Rae1"
"GO:0048010","GO:0048010","vascular endothelial growth factor receptor signaling pathway",55,0.389500009578847,1.51048142578745,0.02064004562397,0.138222429949511,0.114924700863197,982,"tags=29%, list=10%, signal=26%","Robo1/Erbb4/Prkd1/Egfr/Epha5/Slc31a1/Epha3/Epha4/Igf1r/Fgf18/Grb10/Hif1a/Fgfr3/Ddr2/Fgfr1/Dab2ip"
"GO:0042733","GO:0042733","embryonic digit morphogenesis",43,0.406340482803382,1.49549828866785,0.0206961575589854,0.138222429949511,0.114924700863197,1114,"tags=30%, list=12%, signal=27%","Frem2/Bmpr1a/Gli3/Chst11/Gna12/Lrp5/Lrp6/Tulp3/Lrp4/Wnt7a/Ttbk2/Lmbr1/Zbtb16"
"GO:0048771","GO:0048771","tissue remodeling",113,0.316057404960656,1.38905393030299,0.0207046080922985,0.138222429949511,0.114924700863197,1620,"tags=27%, list=17%, signal=23%","Acvr2b/Chd7/Adrb2/Tgfb2/Egfr/Tns3/Lrp5/Lrp6/Rassf2/Rock1/Rbpj/Ppp3ca/Pbrm1/Nfatc3/Ext1/Bcr/Hif1a/Ppargc1b/Prkca/Tcirg1/Fgfr3/Ddr2/Igfbp5/Lgr4/Tfrc/Dock5/Epas1/Tpp1/Bmpr2/Plekhm1/Angpt2"
"GO:0097284","GO:0097284","hepatocyte apoptotic process",21,0.522371717744733,1.62616403837405,0.0208722179993392,0.139019576697677,0.11558748657468,2110,"tags=48%, list=22%, signal=37%","Lims1/Igf1r/Fas/Adar/Arf6/Ppara/Mtch2/Stk3/Gsn/Atf2"
"GO:0061982","GO:0061982","meiosis I cell cycle process",68,-0.357504508026331,-1.49926311076162,0.0210066169153917,0.139592357566796,0.116063723825521,1922,"tags=35%, list=20%, signal=28%","Psmd13/Psmc3ip/Rnf212b/Brca2/Ubb/Hspa2/Ccne1/Chtf18/Terb1/Mlh3/Rad54l/Eme1/Ndc1/Cpeb1/Trip13/Fancm/Cdc25a/Syce2/M1ap/Rec8/Rad51ap1/Ube2b/Spdya/Rec114"
"GO:0043268","GO:0043268","positive regulation of potassium ion transport",30,0.473274977681716,1.6003112864398,0.0213150383766376,0.141316254432696,0.117497053652705,1200,"tags=30%, list=13%, signal=26%","Kcnc1/Adrb2/Kcnc2/Ank2/Wnk1/Lrrc38/Akap9/Wnk2/Dpp6"
"GO:0006090","GO:0006090","pyruvate metabolic process",91,-0.310676357956699,-1.3809651460815,0.0214461078905779,0.141859117331254,0.117948415680194,2143,"tags=35%, list=23%, signal=27%","Sirt6/Prkaa2/Pgk1/Stat3/Ldhb/Dlat/Pdhb/Mpc1/Ddit4/Fkrp/Vdac1/Pfkfb2/Gapdh/Uchl1/Fahd1/Eno2/Eno1/Pfkl/Ogt/Pkm/Pdk1/Gpi1/Eif6/Ppp2ca/Ldha/Bpgm/Pgam1/Dld/Gale/Mpc2/Esrrb/Pdk4"
"GO:0060348","GO:0060348","bone development",138,0.301856774630558,1.37580776056507,0.0215363186360488,0.142129846559187,0.118173512833721,1660,"tags=29%, list=18%, signal=24%","Insig1/Bmpr1b/Cadm1/Lrrc17/Smpd3/Asxl2/Csgalnact1/Ninj1/Xylt1/Gli3/Lrp5/Bbx/Lrp6/Fgf18/Ski/Tulp3/Ext1/Ptprc/Sox9/Fam20c/Fgfr3/Ddr2/Foxn3/Slc10a7/Smad1/Dhrs3/Akap13/Zbtb16/Dlx5/Mef2d/Sik3/Large1/Chsy1/Map3k7/Trip11/Tgfbr2/Fgfr2/Bmpr2/Axin2/Tapt1"
"GO:1902808","GO:1902808","positive regulation of cell cycle G1/S phase transition",39,0.42968625597033,1.54930295077739,0.0217782945625701,0.143398633603772,0.119228442714575,1428,"tags=31%, list=15%, signal=26%","Egfr/Cul4a/Tfdp1/Mtbp/Stxbp4/Crebbp/Plcb1/Ankrd17/Ddr2/Ezh2/Ube2e2/Kmt2e"
"GO:0006405","GO:0006405","RNA export from nucleus",57,-0.361488847509975,-1.46751693795824,0.0218319295335248,0.1434243388945,0.119249815315596,2188,"tags=39%, list=23%, signal=30%","Nup188/Xpo5/Magoh/Nup107/Xpot/Casc3/Ssb/Nsun2/Thoc7/Eif4a3/Supt6/Mcm3ap/Ncbp2/Chtop/Sem1/Eny2/Thoc1/Nup133/Poldip3/Hnrnpa2b1/Nup214/Rae1"
"GO:0045927","GO:0045927","positive regulation of growth",187,0.286179628702232,1.35285020417339,0.0219273632645948,0.143723899216117,0.119498884011356,1776,"tags=27%, list=19%, signal=23%","Erbb4/Prkn/Chd7/Adrb2/Tgfb2/Cdh4/Hey2/Bcl2/Bmpr1a/Dscam/Egfr/Yap1/Smurf1/Cib1/Ep300/Ptk2/Igf1r/Sema5a/Ino80/Pum2/Rbpj/Disc1/Nr3c1/Pou3f2/Plcb1/Adnp/Mtm1/Fgfr1/Prox1/Bdnf/Syt1/Ngf/Mfsd2a/Afdn/Celf1/Ncoa3/Lgi1/Fgf9/Fgfr2/Hbegf/Mapkap1/Rufy3/Slc9a1/Ist1/Bmpr2/Gpam/Tead1/Creb1/Map2k5/Dcx/Mtor"
"GO:0002691","GO:0002691","regulation of cellular extravasation",21,0.517225382433943,1.61014329083444,0.0222730176295202,0.144678835849265,0.120292863736267,1253,"tags=33%, list=13%, signal=29%","Chst2/Pecam1/Fut9/Pdgfd/Bcr/Plcb1/Pawr"
"GO:1903556","GO:1903556","negative regulation of tumor necrosis factor superfamily cytokine production",21,-0.513246181282755,-1.60833742968324,0.0222173892439883,0.144678835849265,0.120292863736267,3208,"tags=57%, list=34%, signal=38%","Ptpn6/Gpr18/Twist2/Gas6/Tspo/Arg2/Ltf/Rad21/Cactin/Fxr1/Errfi1/Gstp3"
"GO:0050679","GO:0050679","positive regulation of epithelial cell proliferation",129,0.307639100682269,1.38748618684126,0.0221592983554873,0.144678835849265,0.120292863736267,1518,"tags=25%, list=16%, signal=21%","Foxp2/Erbb4/Agtr1b/Prkd1/Phip/Tcf7l2/Bmpr1a/Egfr/Yap1/Zfp703/St8sia1/Sema5a/Fgf18/Rbpj/Rreb1/Stxbp4/Sox9/Wnt7a/Htra1/Prkca/Fgfr3/Akt3/Fgfr1/Dab2ip/Prox1/Dlx5/Grn/Egf/Jcad/Fgf9/Cyp7b1/Fgfr2"
"GO:1905475","GO:1905475","regulation of protein localization to membrane",158,0.293683414661814,1.3530121903749,0.0222737181404554,0.144678835849265,0.120292863736267,1200,"tags=20%, list=13%, signal=17%","Gpc3/Necab2/Kalrn/Gpc5/Prkn/Cemip/Fyn/Ppp2r5a/Egfr/Farp1/Wnk1/Epha3/Magi2/Nrxn1/Cib1/Epm2a/Lyplal1/Arhgef16/Arf6/Hectd1/Lrp4/Chp1/Itgb1bp1/Grip1/Tnik/Mtcl1/Gpc4/Ppfia1/C2cd5/Cdh2/Dpp6"
"GO:0032102","GO:0032102","negative regulation of response to external stimulus",176,0.287471801213332,1.34924510441277,0.0224031159338946,0.145192328883937,0.120719806262358,1697,"tags=27%, list=18%, signal=23%","Lpcat3/Rora/Robo1/Tafa5/Ctnna2/Tap1/Robo2/Tfpi/Stat2/Xylt1/Grid2/Nrxn1/Epha4/Tap2/Sema5a/Adar/Ryk/Plat/Prkg1/Samhd1/Nr1d2/Rtn4rl1/Bcr/Clasp1/Htra1/Cd109/Apoa1/Mfhas1/Usp38/Gigyf2/Smpdl3b/Ptprs/Neo1/Ppara/Fem1a/Grn/Cask/Itch/Otulin/Clasp2/Parp14/Socs5/Dpp4/Prkcd/Sema3f/Angpt2/Traf3ip1/Nr1h3"
"GO:0045926","GO:0045926","negative regulation of growth",137,0.307947103742355,1.3992166683019,0.022609042951577,0.146198385364009,0.121556289458797,1612,"tags=26%, list=17%, signal=22%","Gpc3/Adrb2/Tgfb2/Tcf7l2/Bcl2/Mt1/Wwc1/Gng4/D7Ertd443e/Ptk2/Sema5a/Sertad2/Ryk/Rai1/Hif1a/Vgll4/Fgfr3/Dab2ip/Map2/Igfbp5/Ptprs/Brca1/Alms1/Ttc3/Ppara/Sema3g/Cdkn2c/Ip6k2/Tgfbr2/Ctdp1/Foxk1/Bmpr2/Stk3/Sema3f/Fgf13"
"GO:0007032","GO:0007032","endosome organization",56,-0.368877123527207,-1.49101201928004,0.0226626944267106,0.146217473661372,0.121572160376891,2267,"tags=43%, list=24%, signal=33%","Stx6/Rnf26rt/Plekhf2/Stx12/Plekhf1/Chmp4b/Rab27a/Chmp3/Chmp7/Exoc8/Snx3/Synj1/Snx10/Chmp1a/Rab5c/Stx7/Vps18/Ubr4/Vps4b/Dnm1/Chmp5/Chmp2b/Vps11/Chmp2a"
"GO:0006998","GO:0006998","nuclear envelope organization",37,-0.425798791723369,-1.55230864861883,0.0228020573819879,0.146788244396547,0.122046726306787,1975,"tags=32%, list=21%, signal=26%","Brox/Chmp4b/Chmp3/Chmp7/Chmp1a/Ubxn2a/Vps4b/Pafah1b1/Chmp5/Chmp2b/Nsfl1c/Chmp2a"
"GO:0060759","GO:0060759","regulation of response to cytokine stimulus",80,0.349269636921244,1.4509713593637,0.0230267441985847,0.147575845041596,0.122701574934213,2807,"tags=50%, list=30%, signal=35%","Robo1/Prkn/Ptprf/Stat2/Rbm47/Adar/Irf7/Irak2/Samhd1/Ext1/Ptprc/Hif1a/Cd74/Apoa1/Gigyf2/Lsm14a/Tank/Ube2k/Rnf113a1/Otulin/Parp14/Map2k5/Crebrf/Rffl/Laptm5/Nkiras2/Usp25/Angpt1/C1qtnf4/Taf9/Tnfrsf11b/Vrk2/Dicer1/Eif4e2/Pias3/Wnt5a/Ythdf2/Ythdf3/Parp9/Ifih1"
"GO:0051345","GO:0051345","positive regulation of hydrolase activity",134,0.305494467450304,1.38395662450041,0.023006610279874,0.147575845041596,0.122701574934213,1854,"tags=31%, list=20%, signal=25%","Kalrn/Agtr1b/Lims1/Prex1/Bcar3/Rgs6/Epha4/Rock1/Arhgef16/Nedd9/Dennd1b/Bcr/Ppargc1b/Rsu1/Apoa1/Fgfr3/Mtss2/Lmf1/Pkp4/Arhgap42/Rcc2/Tank/Dennd1a/Arhgap11a/Ralbp1/Grn/Ezh2/Wrn/Arhgef7/Rangap1/Rapgef6/Rasgrp1/Scrib/Fgfr2/Prkcd/Map4k4/Nr1h3/Rapgef1/Ralgapa2/Wnt4/Mex3b"
"GO:0035270","GO:0035270","endocrine system development",73,0.353945106561044,1.44060964002341,0.0231728707056326,0.148183057904755,0.123206440582171,1836,"tags=30%, list=19%, signal=24%","Six3/Tcf7l2/Bmpr1a/Cdk6/Pde3b/Hipk2/Igf1r/Rbpj/Nr3c1/Pou3f2/Sox9/Clock/Apoa1/Arid5b/Cdh2/Pdgfrb/Pax6/Thra/Creb1/Wnt4/Sox4/Eif2ak3"
"GO:0070585","GO:0070585","protein localization to mitochondrion",70,-0.341112402728419,-1.44841548321159,0.0233348304136802,0.14888860821472,0.12379306865944,2021,"tags=39%, list=21%, signal=31%","Parl/Timm17a/Hspd1/Fbxo7/Rala/Lrrk2/Bag1/Timm13/Tomm7/Tomm70a/Dnlz/Maip1/Bnip3l/Tomm22/Timm10/Oxa1l/Romo1/Dnajc19/Dnm1l/Mapt/Gdap1/Pdcd5/Timm23/Samm50/Hspa4/Ywhaz/Grpel2"
"GO:0046189","GO:0046189","phenol-containing compound biosynthetic process",24,-0.494095480487894,-1.6017713959101,0.0234773892074584,0.149138305009493,0.124000678447925,1332,"tags=38%, list=14%, signal=32%","Nr4a2/Ddt/Cyp2d22/a/Kl/Crhr2/Gipc1/Vps35/Slc24a5"
"GO:0072073","GO:0072073","kidney epithelium development",96,0.322437299594333,1.37435774586845,0.02343405578218,0.149138305009493,0.124000678447925,1381,"tags=23%, list=15%, signal=20%","Gpc3/Agtr1b/Gzf1/Robo2/Bcl2/Yap1/Greb1l/Pkd1/Gli3/Smad6/Magi2/Epha4/Ext1/Sox9/Fgfr1/Mtss1/Lgr4/Smad1/Bdnf/Efnb2/Tshz3/Ptpro"
"GO:0099633","GO:0099633","protein localization to postsynaptic specialization membrane",38,0.436289466014731,1.56304529227018,0.0236581905660048,0.149387640307254,0.124207987670605,1521,"tags=29%, list=16%, signal=24%","Nrxn3/Erbb4/Kalrn/Magi2/Gphn/Tnik/Gpc4/Gpc6/Lgi1/Dlg2/Cacng2"
"GO:0099645","GO:0099645","neurotransmitter receptor localization to postsynaptic specialization membrane",38,0.436289466014731,1.56304529227018,0.0236581905660048,0.149387640307254,0.124207987670605,1521,"tags=29%, list=16%, signal=24%","Nrxn3/Erbb4/Kalrn/Magi2/Gphn/Tnik/Gpc4/Gpc6/Lgi1/Dlg2/Cacng2"
"GO:0021575","GO:0021575","hindbrain morphogenesis",43,0.403332717932885,1.48442849029208,0.0236720359294088,0.149387640307254,0.124207987670605,1474,"tags=28%, list=16%, signal=24%","Foxp2/Rora/Dab1/Pcnt/Grid2/Nrxn1/Lrp6/Wnt7a/Prox1/Abl1/Dlc1/Kif14"
"GO:0048588","GO:0048588","developmental cell growth",189,0.27630297854147,1.30624984009685,0.0239219556048623,0.150635196428871,0.125245265152554,1612,"tags=25%, list=17%, signal=21%","Robo1/Bcan/Prkn/Auts2/Alcam/Cdh4/Dscam/Meis1/Smurf1/Map2k4/Ep300/Sema5a/Fubp1/Pum2/Vcl/Ryk/Disc1/Prkg1/Nr3c1/Ext1/Sox9/Adnp/Mgll/Raph1/St8sia2/Cobl/Map2/Ptprs/Ttc3/Abl1/Akap13/Ppara/Sema3g/Bdnf/Myocd/Syt1/Ngf/Afdn/Jade2/Clasp2/Tgfbr2/Ctdp1/Rufy3/Ist1/Bmpr2/Sema3f/Fgf13"
"GO:0045055","GO:0045055","regulated exocytosis",156,-0.282590710037744,-1.36092568630779,0.0242753074943696,0.152527204387281,0.126818370535888,1709,"tags=28%, list=18%, signal=23%","Htr1b/Rab11fip1/Cdk5r2/Snap29/Snap47/Lrrk2/Snap23/Trim9/Abr/Efr3a/Ppp3cb/Arf1/Rab3a/Synj1/Tprg1l/Nr4a3/Syn2/Rab26/Prkcb/Vamp1/Adra2a/Rph3a/Dnm1l/Septin5/Vps18/Milr1/Syngr3/Steap2/Vamp3/Stx19/Slc4a8/Ywhaz/Stxbp1/Napb/Napa/Cplx2/Kit/Pfn2/Rabgef1/Sv2b/Stx1a/Sv2a/Sptbn2"
"GO:0014855","GO:0014855","striated muscle cell proliferation",57,0.378243115714238,1.47282785260271,0.0244447474399947,0.153257938297706,0.127425937456082,1518,"tags=32%, list=16%, signal=27%","Erbb4/Tgfb2/Hey2/Bmpr1a/Yap1/Arid2/Rxra/Tenm4/Ski/Rbpj/Paxbp1/Vgll4/Fgfr1/Smad1/Abl1/Fgf9/Tgfbr2/Fgfr2"
"GO:0046165","GO:0046165","alcohol biosynthetic process",94,0.321360107338494,1.36552117873408,0.0245323630222169,0.153312028044816,0.127470910243847,1442,"tags=24%, list=15%, signal=21%","Lpcat3/Insig1/Qki/Srebf2/Gpr146/Scap/Sptlc3/Adcyap1r1/Srebf1/Clcn2/Itpkb/Sptlc2/Prkg1/Ntsr1/Rest/Apoa1/Impa2/Dhdds/Agk/Lss/Fdft1/Dhcr7/Ip6k2"
"GO:0032984","GO:0032984","protein-containing complex disassembly",182,-0.270792068335661,-1.32107713548409,0.0245596938130045,0.153312028044816,0.127470910243847,1948,"tags=30%, list=21%, signal=24%","Wdr1/Sh3gl1/Traf2/Chmp4b/Smcr8/Ubqln4/Twf2/Capza1b/Lix1l/Chmp3/Dmtn/Kif21a/Snap29/Map1lc3a/Ddit4/Etf1/Chmp7/Hspa8/Synj1/Cebpg/Stmn4/Chmp1a/Smarcb1/Map1s/Oga/Rpl23/Ccsap/Arhgef2/Nsf/Sptan1/Mtpn/Calm2/Abce1/Wdr47/Vps4b/Stmn1/Chmp5/Chmp2b/Lamp2/Plekhh2/Gabarapl1/Katnb1/Napb/Ccn2/Napa/Cltc/Bnip3/Dstn/Chmp2a/Cfl2/Dnajc6/Apc2/Gabarapl2/Smarcc2"
"GO:0002520","GO:0002520","immune system development",127,0.307592384293273,1.37800819653325,0.0248046554248116,0.154506752149367,0.128464260674596,1507,"tags=28%, list=16%, signal=23%","Bcl11b/Nhej1/Tox/Lrrc17/Rc3h1/Bcl2/Phlpp1/Shld2/Lrp5/Mad1l1/Fas/Adar/Atad5/Lef1/Runx1/Rif1/Samhd1/Nfatc3/Ptprc/Kmt5b/Rbm15/Tet2/Mafb/Tfrc/Abl1/Swap70/Ezh2/Xkr8/Lmo4/Polq/Paxip1/Itch/Tgfbr2/Atm/Cacna1c"
"GO:0010324","GO:0010324","membrane invagination",31,0.455004248213309,1.53994135564943,0.0248891973934491,0.154699235523076,0.128624300504258,2164,"tags=52%, list=23%, signal=40%","Gulp1/Spire1/Smurf1/Clcn2/Xkr6/Appl2/Arhgap12/Elmo1/Xkr8/Rab31/Wasl/Adgrb1/Ano6/Gsn/Snx33/Fcer1g"
"GO:0006694","GO:0006694","steroid biosynthetic process",85,0.337639230125782,1.41555324323738,0.0249785790856424,0.154920907705361,0.128808609297325,869,"tags=20%, list=9%, signal=18%","Lpcat3/Insig1/Qki/Bmpr1b/Ppargc1a/Srebf2/Gpr146/Scap/Srebf1/Igf1r/Clcn2/Prkg1/Rest/Faxdc2/Nr3c1/Hsd3b4/Apoa1"
"GO:0061462","GO:0061462","protein localization to lysosome",43,-0.395746751889385,-1.51315147949725,0.0251567255153642,0.155548608102723,0.129330509255421,2341,"tags=40%, list=25%, signal=30%","Rtn4/Scarb2/Lhcgr/Vps53/Cacng5/Sorl1/Rragc/Hspa8/Sh3bp4/Cd81/M6pr/Meak7/Ncoa4/Gga3/Lamp2/Sort1/Lmbrd1"
"GO:0007626","GO:0007626","locomotory behavior",189,0.27566700642344,1.30324321859075,0.0251876560277294,0.155548608102723,0.129330509255421,2267,"tags=32%, list=24%, signal=25%","Dab1/Kalrn/Adcy5/Npas3/Prkn/Chd7/Fign/Adgrl3/Penk/Dscam/Adcy8/Meis1/Prex2/Hipk2/Atg7/Pmp22/Nr3c2/Epha4/Atxn1/Kcnd2/Fgf12/Fgf14/Ntsr1/Ncoa2/Ppp1r1b/Gigyf2/Oxr1/Eps8/Otog/Ngf/Grn/Negr1/Grm5/Large1/Gnao1/Celsr1/Scn8a/Zfhx3/Cacna1c/Dpp4/Lsamp/Tbce/Ube3a/Prkce/Myo6/Ntan1/Btbd9/Mtor/Nav2/Dbn1/Dmd/Ncor1/Ulk4/Atp2b2/Gria1/Astn1/Crbn/Htt/Adam22/Npas2/Fmr1"
"GO:0019320","GO:0019320","hexose catabolic process",26,-0.482364679447518,-1.61303808537878,0.0254754576139673,0.155890953076613,0.12961515114553,1222,"tags=38%, list=13%, signal=34%","Pfkfb2/Gapdh/Eno2/Eno1/Pfkl/Pkm/Gpi1/Ldha/Pgm1/Gale"
"GO:0035904","GO:0035904","aorta development",46,0.398243146011339,1.48190305482671,0.0255133598655205,0.155890953076613,0.12961515114553,1243,"tags=28%, list=13%, signal=25%","Robo1/Chd7/Tgfb2/Robo2/Hey2/Bmpr1a/Smad6/Rbpj/Hectd1/Lrp2/Prox1/Efnb2/Pdgfrb"
"GO:0097581","GO:0097581","lamellipodium organization",62,0.359827301324794,1.42265244040951,0.0253774094577114,0.155890953076613,0.12961515114553,1054,"tags=27%, list=11%, signal=25%","Vav3/Auts2/Fgd4/Hdac4/Spata13/Plce1/Enpp2/Pmp22/Carmil1/Rreb1/Vcl/Nck2/Wasf3/Mtss2/Ccdc88a/Abi1/Abi2"
"GO:0045639","GO:0045639","positive regulation of myeloid cell differentiation",65,0.356343876591394,1.42017175560782,0.0253366949148273,0.155890953076613,0.12961515114553,852,"tags=23%, list=9%, signal=21%","Asxl2/Ninj1/Rcor1/Foxo3/Brd1/Nedd9/Ppp3ca/Lef1/Runx1/Faxdc2/Hif1a/Cd74/Ppargc1b/Eeig1/Prkca"
"GO:1901654","GO:1901654","response to ketone",123,0.308336391319553,1.37786627141167,0.0254074118887686,0.155890953076613,0.12961515114553,1797,"tags=28%, list=19%, signal=23%","Adcy5/Agtr1b/Tgfb2/Prkd1/Egfr/Epha5/Gad2/Yap1/Adcy8/Foxo1/Htr7/Nr3c2/Srebf1/Foxo3/Ep300/Pappa/Nr3c1/Ncoa2/Grip1/Vps54/Ncoa1/Pax6/Cdc5lrt1/Smyd3/Adcy2/Akap8/Card9/Axin2/Creb1/Ube3a/Prkce/Nr1h3/Acaca/Tacr1"
"GO:0003229","GO:0003229","ventricular cardiac muscle tissue development",30,0.463398582903995,1.56691567759198,0.0256048055998056,0.155932805043408,0.129649948860824,1049,"tags=30%, list=11%, signal=27%","Chd7/Col11a1/Tgfb2/Hey2/Bmpr1a/Rxra/Rbpj/Lrp2/Prox1"
"GO:0072028","GO:0072028","nephron morphogenesis",50,0.383674921886937,1.46079855118214,0.0256283459051926,0.155932805043408,0.129649948860824,339,"tags=16%, list=4%, signal=16%","Gpc3/Erbb4/Agtr1b/Gzf1/Bcl2/Greb1l/Pkd1/Gli3"
"GO:0060323","GO:0060323","head morphogenesis",33,0.421986829722696,1.46344924716418,0.0258462079752717,0.156927292211965,0.130476812781538,1935,"tags=45%, list=20%, signal=36%","Tgfb2/Tcf7l2/Vps13b/Lrp6/Ep300/Ski/Ssbp3/Lef1/Crebbp/Arid5b/Dlx5/Asph/Csrnp1/Crispld1/Mmp2"
"GO:0021533","GO:0021533","cell differentiation in hindbrain",22,0.510477156809073,1.60645338435602,0.0261952622004288,0.158712470979069,0.131961095295393,1049,"tags=27%, list=11%, signal=24%","Foxp2/Rora/Grid2/Nrxn1/Wnt7a/Prox1"
"GO:0032720","GO:0032720","negative regulation of tumor necrosis factor production",20,-0.505176611951779,-1.556233017882,0.0262956264041512,0.158859956785411,0.132083722007871,3208,"tags=55%, list=34%, signal=36%","Ptpn6/Gpr18/Twist2/Gas6/Tspo/Arg2/Rad21/Cactin/Fxr1/Errfi1/Gstp3"
"GO:1905477","GO:1905477","positive regulation of protein localization to membrane",82,0.338874261222423,1.40550849767796,0.0263297709235181,0.158859956785411,0.132083722007871,1200,"tags=22%, list=13%, signal=19%","Necab2/Prkn/Cemip/Fyn/Egfr/Farp1/Epha3/Nrxn1/Cib1/Arhgef16/Arf6/Lrp4/Chp1/Itgb1bp1/Grip1/Mtcl1/C2cd5/Dpp6"
"GO:1901861","GO:1901861","regulation of muscle tissue development",23,0.504129988237864,1.58842033494477,0.0266250014359202,0.159999065259866,0.133030830959185,1134,"tags=39%, list=12%, signal=35%","Luc7l/Adrb2/Tcf7l2/Bcl2/Cenpf/Lef1/Mtm1/Igfbp5/Bdnf"
"GO:0032414","GO:0032414","positive regulation of ion transmembrane transporter activity",48,0.40138228922592,1.50715907497789,0.0266295254246656,0.159999065259866,0.133030830959185,2238,"tags=42%, list=24%, signal=32%","Adrb2/Ank2/Lrrc38/Fgf14/Akap9/Plcb1/Chp1/Wnk2/Stimate/Slc9a1/Fgf13/Asph/Casq1/Ank3/Atp1b1/Dmd/Lrrc55/Vmp1/Akap7/Htt"
"GO:0048640","GO:0048640","negative regulation of developmental growth",71,0.353098850728911,1.42776928185871,0.0270161610025192,0.161984632705333,0.134681726148897,1612,"tags=28%, list=17%, signal=24%","Adrb2/Tcf7l2/Wwc1/Ptk2/Sema5a/Ryk/Rai1/Vgll4/Fgfr3/Map2/Ptprs/Alms1/Ttc3/Ppara/Sema3g/Tgfbr2/Ctdp1/Stk3/Sema3f/Fgf13"
"GO:0050871","GO:0050871","positive regulation of B cell activation",47,0.4078039220207,1.52556443555885,0.0271162792567629,0.162247612814324,0.134900380316457,1275,"tags=26%, list=13%, signal=22%","Vav3/Bcl2/Shld2/Atad5/Sh3kbp1/Rif1/Ptprc/Cd74/Kmt5b/Tfrc/Spi1/Paxip1"
"GO:0010837","GO:0010837","regulation of keratinocyte proliferation",27,0.462520823436581,1.52482690451235,0.0272382437354105,0.162303915150669,0.134947192756122,1518,"tags=44%, list=16%, signal=37%","Bcl11b/Nfatc1/Prkd1/Zeb1/Yap1/Ptprk/Stxbp4/Ift57/Cd109/Efnb2/Cask/Fgfr2"
"GO:0048844","GO:0048844","artery morphogenesis",43,0.39962718504816,1.47079062175022,0.027188988321784,0.162303915150669,0.134947192756122,1599,"tags=37%, list=17%, signal=31%","Chd7/Tgfb2/Zmiz1/Hey2/Bmpr1a/Arid2/Rbpj/Nfatc3/Akt3/Lrp2/Prox1/Efnb2/Myocd/Pdgfrb/Tgfbr2/Bmpr2"
"GO:0051147","GO:0051147","regulation of muscle cell differentiation",91,0.324805161805898,1.38263612893616,0.0273600742557386,0.162693719904227,0.135271294963804,1599,"tags=31%, list=17%, signal=26%","Nfatc1/Prkd1/Hey2/Bcl2/Bmpr1a/Hdac4/Zeb1/Rbm24/Setd3/Pias1/Ep300/Nr3c1/Nfatc3/Ankrd17/Prox1/Smad1/Ppara/Bdnf/Efnb2/Myocd/Ezh2/Epc1/Tshz3/Fgf9/Ctdp1/Fgfr2/Sox6/Bmpr2"
"GO:0008333","GO:0008333","endosome to lysosome transport",56,-0.36232533490547,-1.46452949987254,0.0274337059068366,0.162795900895713,0.135356253098925,2128,"tags=36%, list=22%, signal=28%","Plekhf2/Plekhf1/Chmp4b/Chmp3/Cacng5/Vipas39/Chmp7/Chmp1a/Bin1/Vps39/Stx7/Vps18/Tpcn2/Vps4b/Chmp5/Chmp2b/Sort1/Vps11/Rhob/Chmp2a"
"GO:0016126","GO:0016126","sterol biosynthetic process",44,0.402208354021091,1.48123754836557,0.027659592684494,0.162872787360791,0.135420180162012,1385,"tags=27%, list=15%, signal=23%","Lpcat3/Insig1/Qki/Srebf2/Gpr146/Scap/Srebf1/Faxdc2/Apoa1/Lss/Fdft1/Dhcr7"
"GO:0006470","GO:0006470","protein dephosphorylation",71,0.351802213188295,1.42252627626304,0.027559194888906,0.162872787360791,0.135420180162012,1709,"tags=31%, list=18%, signal=26%","Ptprf/Ppp2r5a/Bcl2/Btrc/Epm2a/Ptpn5/Ptprk/Ppp3ca/Ppp4r3a/Ptprc/Dusp11/Eya2/Mtm1/Ptprs/Ptprr/Ptpro/Ctdp1/Ctdsp1/Ptprt/Cttnbp2nl/Ptprz1/Ppp1r12a"
"GO:0051236","GO:0051236","establishment of RNA localization",110,-0.298082997728086,-1.36232399280772,0.0276859698691983,0.162872787360791,0.135420180162012,2188,"tags=35%, list=23%, signal=27%","Nup188/Xpo5/Magoh/Igf2bp2/Nup107/Nup54/Tst/Tnks/Xpot/Casc3/Ssb/Zfp36l1/Nsun2/Ndc1/Sidt1/Cpeb1/Arc/Hnrnpa1/Thoc7/Ckap5/Eif4a3/Ran/Supt6/Mcm3ap/Ncbp2/Fxr1/Mapt/Chtop/Sem1/Eny2/Sec13/Mrpl18/Thoc1/Nup133/Poldip3/Hnrnpa2b1/Nup214/Rae1"
"GO:0043588","GO:0043588","skin development",148,0.294374014902544,1.35338079219826,0.0277290355735604,0.162872787360791,0.135420180162012,1518,"tags=28%, list=16%, signal=24%","Bcl11b/Trps1/Col5a1/Tgfb2/Ncor2/Tcf7l2/Bcl2/Egfr/Yap1/Pkd1/Ldb2/Sox21/Rock1/Lats1/Pum2/Rbpj/Ppp3ca/Runx1/Ext1/Sox9/Bcr/Lrp4/Ahdc1/Wnt7a/Kazn/Cd109/Krt90/Igfbp5/Lgr4/Mafb/Abcb6/Ezh2/Pax6/Eda/Col1a2/Celsr1/Ncoa3/Vangl2/Ubn1/Apcdd1/Fgfr2"
"GO:0045089","GO:0045089","positive regulation of innate immune response",175,0.280972509764515,1.31757531128847,0.0276821959864429,0.162872787360791,0.135420180162012,1902,"tags=29%, list=20%, signal=23%","Smpdl3a/Cadm1/Prkd1/Ninj1/Slc15a2/Rbm47/Srebf1/Mapkapk3/Lyplal1/Irf7/Nek7/Lats1/Pum2/Arf6/Irak2/Polr3f/Cd74/Tkfc/Ankrd17/Mfhas1/Appl2/Smpdl3b/Dab2ip/Lgr4/Lsm14a/Ptprs/Irf2/Trim25/Ifi35/Spi1/Ube2k/Itch/Map3k7/Otulin/Abhd17a/Rasgrp1/Chuk/Hexim1/Dpp4/Card9/Prkce/Nr1h3/Rps6ka3/Tirap/Zdhhc18/Lrrfip2/Oasl1/Irf1/Sirt2/Usp15"
"GO:1990868","GO:1990868","response to chemokine",21,0.504211436512004,1.56963035696626,0.0278762260531612,0.163073095207539,0.135586725630621,1437,"tags=33%, list=15%, signal=28%","Robo1/Wnk1/Cib1/Hif1a/Rbm15/Rnf113a1/Wbp1l"
"GO:1990869","GO:1990869","cellular response to chemokine",21,0.504211436512004,1.56963035696626,0.0278762260531612,0.163073095207539,0.135586725630621,1437,"tags=33%, list=15%, signal=28%","Robo1/Wnk1/Cib1/Hif1a/Rbm15/Rnf113a1/Wbp1l"
"GO:0044403","GO:0044403","biological process involved in symbiotic interaction",76,-0.325357519532146,-1.40968223644909,0.0280513698015552,0.163765486857662,0.13616241297239,3235,"tags=50%, list=34%, signal=33%","Tusc2/Vps4a/Arl8b/Zfp639/Pikfyve/Exoc7/Insr/Siva1/Gas6/Lgals1/Eps15/Fuca2/Bsg/Jpt2/Uvrag/Ltf/Nectin3/Chmp4b/Hspd1/Chmp3/Chmp7/Chmp1a/Gapdh/Cd81/Ctsb/Kpna6/Romo1/Fn1/Vps18/Tpcn2/P4hb/Vps4b/Ddb1/Chmp5/Chmp2b/Dynlt1c/Chmp2a/Nrp1"
"GO:0008593","GO:0008593","regulation of Notch signaling pathway",66,0.357979112180653,1.42826158867109,0.0282072896698507,0.164343077591615,0.136642649373567,262,"tags=12%, list=3%, signal=12%","Lfng/Robo1/Tgfb2/Robo2/Zmiz1/Hey2/Srebf2/Yap1"
"GO:0006734","GO:0006734","NADH metabolic process",28,-0.438512332614037,-1.48657755185865,0.0284085821109228,0.164849800418312,0.137063962826818,2288,"tags=46%, list=24%, signal=35%","Dlst/Got1/Mdh2/Pgk1/Gapdh/Eno2/Eno1/Pfkl/Pkm/Gpi1/Got2/Mdh1/Slc25a22"
"GO:1903844","GO:1903844","regulation of cellular response to transforming growth factor beta stimulus",97,0.328275456173982,1.39410680077848,0.0283929637718771,0.164849800418312,0.137063962826818,1288,"tags=24%, list=14%, signal=21%","Smurf2/Zfp451/Zeb1/Spred1/Hipk2/Zfp703/Smad6/Chst11/Smurf1/Ep300/Ski/Lats1/Arid4b/Spred2/Crebbp/Rnf111/Htra1/Cd109/Prdm16/Ppara/Myocd/Tet1/Spry2"
"GO:0006479","GO:0006479","protein methylation",34,-0.420208185172685,-1.51344186527908,0.0285821743863823,0.165192366593841,0.137348788634488,1605,"tags=38%, list=17%, signal=32%","N6amt1/Eef1akmt2/Pcmt1/Etf1/Snrpb/Comt/Rab6a/Eef1akmt1/Fam98a/Smyd2/Lcmt1/Lcmt2/Snrpd3"
"GO:0008213","GO:0008213","protein alkylation",34,-0.420208185172685,-1.51344186527908,0.0285821743863823,0.165192366593841,0.137348788634488,1605,"tags=38%, list=17%, signal=32%","N6amt1/Eef1akmt2/Pcmt1/Etf1/Snrpb/Comt/Rab6a/Eef1akmt1/Fam98a/Smyd2/Lcmt1/Lcmt2/Snrpd3"
"GO:0046326","GO:0046326","positive regulation of D-glucose import",24,0.47803276923683,1.5259263023176,0.0286774111643482,0.165411307595961,0.137530826594495,230,"tags=17%, list=2%, signal=16%","Gpc3/Erbb4/Slc1a2/Capn10"
"GO:0071383","GO:0071383","cellular response to steroid hormone stimulus",123,0.305259645428571,1.36411718272725,0.0287733557655091,0.165633449157142,0.137715525651497,1376,"tags=25%, list=15%, signal=22%","Esrrg/Arid1a/Pde3a/Agtr1b/Zmiz1/Ncor2/Egfr/Ddx17/Tfpi/Foxo1/Rxra/Cnot2/Nr3c2/Foxo3/Ep300/Lats1/Sstr4/Rbfox2/Rest/Nr3c1/Ncoa2/Ppargc1b/Clock/Uri1/Brca1/Vps54/Ppara/Bdnf/Ncoa1/Ncoa3/Smyd3"
"GO:0003298","GO:0003298","physiological muscle hypertrophy",27,0.459286034922899,1.51416253589123,0.029143430903531,0.166434959853036,0.138381939756631,1776,"tags=37%, list=19%, signal=30%","Meis1/Map2k4/Ep300/Prkg1/Nr3c1/Akap13/Ppara/Myocd/Ctdp1/Mtor"
"GO:0003301","GO:0003301","physiological cardiac muscle hypertrophy",27,0.459286034922899,1.51416253589123,0.029143430903531,0.166434959853036,0.138381939756631,1776,"tags=37%, list=19%, signal=30%","Meis1/Map2k4/Ep300/Prkg1/Nr3c1/Akap13/Ppara/Myocd/Ctdp1/Mtor"
"GO:0061049","GO:0061049","cell growth involved in cardiac muscle cell development",27,0.459286034922899,1.51416253589123,0.029143430903531,0.166434959853036,0.138381939756631,1776,"tags=37%, list=19%, signal=30%","Meis1/Map2k4/Ep300/Prkg1/Nr3c1/Akap13/Ppara/Myocd/Ctdp1/Mtor"
"GO:1901655","GO:1901655","cellular response to ketone",64,0.36625636743168,1.45810089360577,0.0291080995097233,0.166434959853036,0.138381939756631,1762,"tags=33%, list=19%, signal=27%","Adcy5/Agtr1b/Prkd1/Egfr/Epha5/Adcy8/Foxo1/Nr3c2/Foxo3/Nr3c1/Grip1/Vps54/Pax6/Cdc5lrt1/Smyd3/Adcy2/Akap8/Axin2/Creb1/Prkce/Acaca"
"GO:0009798","GO:0009798","axis specification",46,0.393369712113003,1.46376851402224,0.0292640357570968,0.16647972185465,0.138419157013247,960,"tags=22%, list=10%, signal=20%","Gpc3/Six3/Hey2/Bmpr1a/Bcor/Smad6/Lrp6/Ski/Wnt7a/Cobl"
"GO:0007269","GO:0007269","neurotransmitter secretion",122,-0.296955545431587,-1.37624030379696,0.0293244447649661,0.16647972185465,0.138419157013247,1611,"tags=28%, list=17%, signal=23%","Snap29/Snap47/Lrrk2/Snap23/Trim9/Kcnc4/Efr3a/Rab3a/Synj1/Tprg1l/Abcc8/Slc30a1/Syn2/Prkcb/Vamp1/Rph3a/Dnm1l/Nf1/Septin5/Vps18/Syngr3/Stx19/Slc4a8/Stxbp1/Napb/Napa/Ppt1/Cplx2/Pfn2/Sv2b/Stx1a/Snap91/Sv2a/Sptbn2"
"GO:0099643","GO:0099643","signal release from synapse",122,-0.296955545431587,-1.37624030379696,0.0293244447649661,0.16647972185465,0.138419157013247,1611,"tags=28%, list=17%, signal=23%","Snap29/Snap47/Lrrk2/Snap23/Trim9/Kcnc4/Efr3a/Rab3a/Synj1/Tprg1l/Abcc8/Slc30a1/Syn2/Prkcb/Vamp1/Rph3a/Dnm1l/Nf1/Septin5/Vps18/Syngr3/Stx19/Slc4a8/Stxbp1/Napb/Napa/Ppt1/Cplx2/Pfn2/Sv2b/Stx1a/Snap91/Sv2a/Sptbn2"
"GO:0050879","GO:0050879","multicellular organismal movement",27,0.459003914392869,1.51323244809257,0.0296881522173446,0.168213420422047,0.139860636441135,1949,"tags=44%, list=21%, signal=35%","Adrb2/Prkd1/Vti1a/Hipk2/Gigyf2/Vps54/Tshz3/Chrna1/Diaph2/Casq1/Mtor/Dmd"
"GO:0019076","GO:0019076","viral release from host cell",20,-0.500454670490503,-1.54168673637037,0.0298887741624389,0.168687328149655,0.140254665860616,1862,"tags=45%, list=20%, signal=36%","Chmp4b/Chmp3/Chmp7/Chmp1a/Vps4b/Ddb1/Chmp5/Chmp2b/Chmp2a"
"GO:0035891","GO:0035891","exit from host cell",20,-0.500454670490503,-1.54168673637037,0.0298887741624389,0.168687328149655,0.140254665860616,1862,"tags=45%, list=20%, signal=36%","Chmp4b/Chmp3/Chmp7/Chmp1a/Vps4b/Ddb1/Chmp5/Chmp2b/Chmp2a"
"GO:0140029","GO:0140029","exocytic process",75,-0.325443020527446,-1.4027032568972,0.0302186723320022,0.170216115245106,0.141525772147001,1611,"tags=32%, list=17%, signal=27%","Snap29/Snap47/Snap23/Efr3a/Exoc8/Ralb/Rab3a/Synj1/Tprg1l/Rab8a/Vamp1/Rph3a/Septin5/Vps18/Syngr3/Stx19/Ywhaz/Stxbp1/Napb/Napa/Cplx2/Vps11/Stx1a/Sv2a"
"GO:0070979","GO:0070979","protein K11-linked ubiquitination",27,-0.458869579063396,-1.55193346523954,0.0304201301475489,0.171016872018579,0.142191559405184,1674,"tags=41%, list=18%, signal=34%","Anapc5/Ube2d3/Cdc27/Ube2h/Ube2l3/Anapc4/Ube2a/Anapc7/Ubr4/Cdc26/Ube2b"
"GO:0010824","GO:0010824","regulation of centrosome duplication",38,-0.410183989159935,-1.50470897857176,0.0307434505824813,0.172498271361627,0.14342326526089,1157,"tags=26%, list=12%, signal=23%","Chmp1a/Nubp1/Chordc1/Vps4b/Chmp5/Chmp2b/Ccnf/Chmp2a/Azin1/Kat2a"
"GO:0030148","GO:0030148","sphingolipid biosynthetic process",58,0.376820152671569,1.46621065600703,0.0309855186668937,0.173518904534605,0.144271868212946,2126,"tags=36%, list=22%, signal=28%","Smpd3/Elovl5/Elovl2/Sgms1/Sptlc3/Atg7/Fut9/B3galt1/St6galnac3/Sptlc2/Elovl6/St3gal1/St8sia2/Agk/St6galnac6/Prkcd/St3gal3/Smpd2/Acer3/Cers6/Pemt"
"GO:0005978","GO:0005978","glycogen biosynthetic process",27,-0.456484067645502,-1.54386547561883,0.0314175016943858,0.174246297858863,0.144876657610953,1024,"tags=26%, list=11%, signal=23%","Irs2/Pgm2/Pgm1/Ptges3/Inpp5k/Gfpt1/Esrrb"
"GO:0009250","GO:0009250","glucan biosynthetic process",27,-0.456484067645502,-1.54386547561883,0.0314175016943858,0.174246297858863,0.144876657610953,1024,"tags=26%, list=11%, signal=23%","Irs2/Pgm2/Pgm1/Ptges3/Inpp5k/Gfpt1/Esrrb"
"GO:0046365","GO:0046365","monosaccharide catabolic process",27,-0.456048580204803,-1.54239262240793,0.0314175016943858,0.174246297858863,0.144876657610953,1222,"tags=37%, list=13%, signal=32%","Pfkfb2/Gapdh/Eno2/Eno1/Pfkl/Pkm/Gpi1/Ldha/Pgm1/Gale"
"GO:0008038","GO:0008038","neuron recognition",41,0.397329346546617,1.44586085111565,0.0312656770635202,0.174246297858863,0.144876657610953,1389,"tags=32%, list=15%, signal=27%","Robo1/Nrcam/Robo2/Ncam2/Dscam/Epha3/Epha4/Sema5a/Ext1/Bdnf/Cnr1/Cntn5/Diaph2"
"GO:0006906","GO:0006906","vesicle fusion",100,-0.304331622263685,-1.3715762009455,0.0312385198258167,0.174246297858863,0.144876657610953,2522,"tags=39%, list=27%, signal=29%","Rubcnl/Bloc1s6/Snca/Gnai3/Stx6/Syt9/Uvrag/Stx12/Rufy1/Snap25/Chmp4b/Chmp3/Snap29/Snap47/Snap23/Trim9/Rab14/Chmp7/Vti1b/Sec22b/Rab3a/Rab8a/Chmp1a/Pip4k2b/Vps39/Stx7/Vamp1/Rph3a/Yipf4/Vamp3/Stx19/Chmp5/Chmp2b/Stxbp1/Cplx2/Vps11/Chmp2a/Stx16/Stx1a"
"GO:0006112","GO:0006112","energy reserve metabolic process",58,-0.363663899165883,-1.48514117233718,0.0315051126464617,0.174396823171585,0.145001811513567,1708,"tags=28%, list=18%, signal=23%","S100b/Ugp2/Wipi1/Mrap2/Comt/Phkg1/Irs2/Pgm2/Slc37a4/Kl/Gabarapl1/Pgm1/Ptges3/Inpp5k/Gfpt1/Esrrb"
"GO:0019098","GO:0019098","reproductive behavior",36,0.442677666799261,1.55929726344033,0.0321373966842503,0.177556038385782,0.147628533266228,1840,"tags=39%, list=19%, signal=31%","Kalrn/Npas3/Hdac4/Zfx/Nr3c1/Ncoa2/Ppp1r1b/Nlgn4l/Grn/Cnr1/Ncoa1/Thra/Tacr1/Crebrf"
"GO:0072665","GO:0072665","protein localization to vacuole",59,-0.352620545835897,-1.4441233602808,0.0323701508996041,0.178500029052502,0.14841341199416,1543,"tags=27%, list=16%, signal=23%","Cacng5/Sorl1/Rragc/Hspa8/Vps37d/Sh3bp4/Cd81/M6pr/Meak7/Ncoa4/Gga3/Vps37a/Ptpn23/Lamp2/Sort1/Lmbrd1"
"GO:0010613","GO:0010613","positive regulation of cardiac muscle hypertrophy",26,0.485022656191981,1.56662580668857,0.0325149836478141,0.178606210909027,0.14850169663872,1776,"tags=46%, list=19%, signal=38%","Ep300/Ptk2/Rock1/Ppp3ca/Nr3c1/Nfatc3/Prkca/Pde5a/Slc9a1/Pde9a/Adk/Mtor"
"GO:0014742","GO:0014742","positive regulation of muscle hypertrophy",26,0.485022656191981,1.56662580668857,0.0325149836478141,0.178606210909027,0.14850169663872,1776,"tags=46%, list=19%, signal=38%","Ep300/Ptk2/Rock1/Ppp3ca/Nr3c1/Nfatc3/Prkca/Pde5a/Slc9a1/Pde9a/Adk/Mtor"
"GO:0051155","GO:0051155","positive regulation of striated muscle cell differentiation",24,0.473456883503507,1.51131963757362,0.0325751965804952,0.178606210909027,0.14850169663872,1278,"tags=38%, list=13%, signal=33%","Prkd1/Bcl2/Rbm24/Ep300/Nr3c1/Prox1/Efnb2/Myocd/Epc1"
"GO:0030225","GO:0030225","macrophage differentiation",36,0.44152547736515,1.55523876678166,0.0326962939655529,0.178878701362408,0.148728258158831,1276,"tags=31%, list=13%, signal=27%","Qki/Asxl2/Eif2ak1/Nr3c1/Plcb1/Prkca/Diaph3/Vps54/Gab3/Spi1/Large1"
"GO:0006403","GO:0006403","RNA localization",129,-0.287392909316124,-1.34718197743111,0.0327489439387488,0.178878701362408,0.148728258158831,2040,"tags=32%, list=22%, signal=25%","Magoh/Igf2bp2/Nup107/Nup54/Tst/Tnks/Xpot/Stau1/Casc3/Ssb/Zfp36l1/Nsun2/Ndc1/Sidt1/Cpeb1/Arc/Hnrnpa1/Hnrnpab/Cct2/Thoc7/Ckap5/Cct4/Eif4a3/Ran/Supt6/Mcm3ap/Ncbp2/Fxr1/Mapt/Znhit3/Chtop/Sem1/Eny2/Sec13/Mrpl18/Thoc1/Nup133/Poldip3/Hnrnpa2b1/Nup214/Rae1"
"GO:0046324","GO:0046324","regulation of D-glucose import",38,0.415755646957092,1.48948108384786,0.0343571376497333,0.187308100154689,0.155736861140369,1113,"tags=24%, list=12%, signal=21%","Gpc3/Erbb4/Slc1a2/Capn10/Aspscr1/Grb10/Prkca/Appl2/C2cd5"
"GO:0032781","GO:0032781","positive regulation of ATP-dependent activity",25,-0.475277744983849,-1.56452142142156,0.0345960728145142,0.188254856598225,0.15652403946666,1564,"tags=36%, list=17%, signal=30%","Hspa2/Dnajb11/Dnajc9/Ssbp1/Myl4/Msh6/Chtop/Dnajb2/Pfn2"
"GO:0090224","GO:0090224","regulation of spindle organization",31,-0.440758711700351,-1.54989759872907,0.0349258580910701,0.188625795383232,0.156832455610995,1862,"tags=39%, list=20%, signal=31%","Chmp4b/Chmp3/Chmp7/Chmp1a/Ccsap/Numa1/Vps4b/Chmp5/Chmp2b/Cltc/Chmp2a/Rae1"
"GO:0098754","GO:0098754","detoxification",54,-0.377236542682108,-1.50849739238795,0.0349083135259476,0.188625795383232,0.156832455610995,2431,"tags=43%, list=26%, signal=32%","Selenow/Txnrd1/Slc30a10/Gsto1/Aldh2/Gpx3/Park7/Gstk1/Cygb/Txnrd3/Gsr/Slc30a1/Srxn1/Prdx1/Sod1/Abcc1/Mgst3/Esd/Sod2/Sesn1/Ptgs1/Mt4/Cp"
"GO:0043525","GO:0043525","positive regulation of neuron apoptotic process",59,0.364863478658276,1.42367122938362,0.0348826061191332,0.188625795383232,0.156832455610995,1253,"tags=25%, list=13%, signal=22%","Tgfb2/Ptprf/Hdac4/Map2k4/Foxo3/Fas/Srpk2/Nr3c1/Fgfr3/St8sia2/Casp7/Abl1/Bdnf/Grn/Pawr"
"GO:0000423","GO:0000423","mitophagy",65,-0.339709773536517,-1.41312555675302,0.0348779324971803,0.188625795383232,0.156832455610995,2568,"tags=48%, list=27%, signal=35%","Tspo/Snx7/Atg13/Ulk2/Cttn/Usp30/Fundc1/Parl/Atg9b/Stub1/Fbxo7/Arhgap26/Lrba/Slc25a5/Tomm7/Map1lc3a/Eif2s1/Vdac1/Phb2/Bnip3l/Optn/Ogt/Atg4b/Atg4c/Ube2a/Dnm1l/Rnf41/Timm23/Gabarapl1/Bnip3/Gabarapl2"
"GO:0099175","GO:0099175","regulation of postsynapse organization",146,0.292867044131829,1.34421703650249,0.0352414288981778,0.189974356901579,0.157953713782684,1403,"tags=25%, list=15%, signal=22%","Kalrn/Nrcam/Lrp8/Dock1/Ptprf/Nckipsd/Fyn/Il1rapl1/Zfp804a/Asic2/Grid2/Nrxn1/Lrfn2/Epha4/Lats1/Pum2/Nedd9/Disc1/Dgkb/Grid1/Lrp4/Cpeb3/Wnt7a/Stau2/Fgfr1/Gna13/Ptprs/Abi2/Elmo1/Cdh2/Cux2/Cask/Afdn/Dock4/Wasl/Itsn1/Abhd17a"
"GO:0005996","GO:0005996","monosaccharide metabolic process",164,-0.26594951538474,-1.29457931720601,0.0353776718634037,0.190352995623239,0.15826853202049,1685,"tags=24%, list=18%, signal=20%","Brat1/Dlat/Pdhb/Pgd/Gclc/Fkrp/Adipor1/Pfkfb2/Gapdh/Eno2/Eno1/Pfkl/Phkg1/Ogt/Irs2/Wdtc1/Pkm/Pdk1/Serp1/Gpi1/Galk2/Pgm2/Ldha/Slc37a4/Sik1/Ddb1/Pgam1/Cry1/Pgm1/Mdh1/Errfi1/Lcmt1/Man1c1/Gale/Fabp5/Clk2/Kat2a/Pgm2l1/Esrrb/Pdk4"
"GO:0045744","GO:0045744","negative regulation of G protein-coupled receptor signaling pathway",42,0.394794764788476,1.44334387732305,0.0355512933185381,0.190920700140457,0.158740548550975,666,"tags=21%, list=7%, signal=20%","Robo1/Necab2/Pde3a/Grk5/Adrb2/Bicd1/Sstr4/Ppp3ca/Rpgrip1l"
"GO:0008344","GO:0008344","adult locomotory behavior",74,0.347831153920132,1.41850983601336,0.0356155813715553,0.190920700140457,0.158740548550975,1751,"tags=31%, list=18%, signal=26%","Dab1/Kalrn/Prkn/Chd7/Prex2/Hipk2/Atg7/Pmp22/Epha4/Atxn1/Fgf12/Fgf14/Ntsr1/Gigyf2/Oxr1/Eps8/Otog/Ngf/Scn8a/Cacna1c/Tbce/Ntan1/Btbd9"
"GO:0032330","GO:0032330","regulation of chondrocyte differentiation",30,0.446677984889399,1.51037737960324,0.0358353119782668,0.19174218876683,0.159423573257478,1653,"tags=33%, list=17%, signal=28%","Sox5/Trps1/Bmpr1b/Mkx/Gli3/Fgf18/Sox9/Zbtb16/Sox6/Axin2"
"GO:0090102","GO:0090102","cochlea development",41,0.394270747118874,1.43473076669009,0.0361593202240015,0.193117554677816,0.160567117875781,872,"tags=24%, list=9%, signal=22%","Kcnk3/Myo3b/Hey2/Zeb1/Epha4/Pou3f4/Gabrb2/Rpgrip1l/Sox9/Fgfr3"
"GO:0045123","GO:0045123","cellular extravasation",29,0.462735415430421,1.55212935372625,0.0363091086842284,0.193559093244575,0.160934234035747,756,"tags=28%, list=8%, signal=25%","Chst2/Pecam1/Fut9/Rock1/Pdgfd/Ext1/Bcr/Plcb1"
"GO:0031641","GO:0031641","regulation of myelination",44,0.393822336828415,1.45035384487496,0.036422776109058,0.193806801288788,0.161140190282451,1894,"tags=41%, list=20%, signal=33%","Qki/Srebf2/Tcf7l2/Pard3/Rxra/Tenm4/Mtmr2/Wasf3/Cdh2/Mir219a-1/Nsun5/Nrdc/Kif14/Ptprz1/Jam2/Mtor/Eif2ak3/Sirt2"
"GO:0140053","GO:0140053","mitochondrial gene expression",135,-0.283602573207371,-1.34534579207724,0.0369706975577603,0.196360021651162,0.163263059099696,2248,"tags=30%, list=24%, signal=23%","Mrpl54/Mrps25/Polr2b/Qrsl1/Mrpl22/Tfam/Mrpl23/Elac2/Tfb2m/C1qbp/Coa3/Mrpl3/Mrpl28/Mrpl20/Mrps15/Malsu1/Mrpl39/Mrpl35/Kansl3/Mterf3/Mrps31/Mrpl51/Mtpap/Mrps11/Fastkd2/Mrps9/Sirt3/Mrpl42/Polrmt/Mrpl57/Mrpl46/Mrpl32/Mrpl47/Uqcc2/Mrpl48/Mrpl18/Mrps26/Mrps14/Gfm1/Mrps6/Mrps17"
"GO:1900087","GO:1900087","positive regulation of G1/S transition of mitotic cell cycle",32,0.438265223712281,1.50518614140203,0.0379277084149173,0.199906768716663,0.166211993261025,1428,"tags=31%, list=15%, signal=27%","Egfr/Cul4a/Tfdp1/Mtbp/Crebbp/Plcb1/Ankrd17/Ddr2/Ube2e2/Kmt2e"
"GO:0001823","GO:0001823","mesonephros development",63,0.357486253896642,1.41870542635475,0.0379850586881869,0.199906768716663,0.166211993261025,2092,"tags=35%, list=22%, signal=27%","Gpc3/Agtr1b/Gzf1/Robo2/Bcl2/Greb1l/Pkd1/Gli3/Smad6/Sox9/Fgfr1/Lgr4/Smad1/Bdnf/Tshz3/Fgfr2/Wnt4/Ret/Lzts2/Fmn1/Vegfa/Rarb"
"GO:0072163","GO:0072163","mesonephric epithelium development",63,0.357486253896642,1.41870542635475,0.0379850586881869,0.199906768716663,0.166211993261025,2092,"tags=35%, list=22%, signal=27%","Gpc3/Agtr1b/Gzf1/Robo2/Bcl2/Greb1l/Pkd1/Gli3/Smad6/Sox9/Fgfr1/Lgr4/Smad1/Bdnf/Tshz3/Fgfr2/Wnt4/Ret/Lzts2/Fmn1/Vegfa/Rarb"
"GO:0072164","GO:0072164","mesonephric tubule development",63,0.357486253896642,1.41870542635475,0.0379850586881869,0.199906768716663,0.166211993261025,2092,"tags=35%, list=22%, signal=27%","Gpc3/Agtr1b/Gzf1/Robo2/Bcl2/Greb1l/Pkd1/Gli3/Smad6/Sox9/Fgfr1/Lgr4/Smad1/Bdnf/Tshz3/Fgfr2/Wnt4/Ret/Lzts2/Fmn1/Vegfa/Rarb"
"GO:0036503","GO:0036503","ERAD pathway",81,-0.31861441365781,-1.38932429753876,0.0377538506902108,0.199906768716663,0.166211993261025,2642,"tags=38%, list=28%, signal=28%","Uggt1/Yod1/Rhbdd1/Canx/Psmc6/Erlin1/Tor1a/Amfr/Trim13/Man1b1/Ufd1/Usp13/Sel1l/Derl1/Stub1/Sdf2l1/Tmem259/Jkamp/Usp14/Ube4b/Edem2/Get4/Ubxn2a/Sec61b/Sgta/Dnajb9/Atxn3/Dnajb2/Ubxn10/Usp19/Man1c1"
"GO:0048634","GO:0048634","regulation of muscle organ development",23,0.484801881231686,1.52752104523595,0.03822371328528,0.200431252935905,0.166648074380608,1134,"tags=35%, list=12%, signal=31%","Luc7l/Adrb2/Tcf7l2/Bcl2/Cenpf/Lef1/Mtm1/Bdnf"
"GO:0007214","GO:0007214","gamma-aminobutyric acid signaling pathway",23,0.484247051876294,1.52577288057388,0.03822371328528,0.200431252935905,0.166648074380608,1195,"tags=35%, list=13%, signal=30%","Gabrr2/Gabbr2/Gabrb2/Gabra1/Gabra2/Bdnf/Gabrg1/Gabra4"
"GO:0003382","GO:0003382","epithelial cell morphogenesis",27,0.446496774372257,1.47199922650434,0.0384037232632441,0.201009687642824,0.167129012501041,2382,"tags=48%, list=25%, signal=36%","Bcl11b/Pecam1/Pard3/Rock1/Magi1/Spint2/Scrib/Luzp1/Hrh2/Palld/Dact2/Col18a1/Jmjd1c"
"GO:0043507","GO:0043507","positive regulation of JUN kinase activity",24,0.469899494984309,1.49996411331181,0.0387003098826285,0.202195097285327,0.168114618445133,1849,"tags=42%, list=20%, signal=34%","Sash1/Fgd4/Map2k4/Epha4/Dab2ip/Map3k7/Vangl2/Taok3/Tirap/Zeb2"
"GO:1903046","GO:1903046","meiotic cell cycle process",118,-0.290942349254337,-1.34167947902826,0.0388105728930123,0.202404506733178,0.168288731417687,1951,"tags=31%, list=21%, signal=25%","Actr3/Mcm4/Psmc3ip/Rnf212b/Brca2/Ubb/Hspa2/Ccne1/Chtf18/Terb1/Mlh3/Nsun2/Rad54l/Eme1/Lsm14b/Ndc1/Cpeb1/Fanca/Grb14/Orc4/Actr2/Trip13/Golga2/Fancm/Cdc25a/Fzr1/Mcm6/Ddb1/Syce2/Dcaf13/M1ap/Rec8/Rad51ap1/Ube2b/Spdya/Rec114"
"GO:0007040","GO:0007040","lysosome organization",71,-0.328721233024036,-1.39848034543666,0.0390035613158923,0.202677965468529,0.168516098013471,2154,"tags=32%, list=23%, signal=25%","Hexa/Clvs1/Hps4/Chmp4b/Chmp3/Creg1/Lrrk2/Ppp3cb/Rab14/Chmp7/Arf1/Pi4kb/Hspa8/Srpx/Chmp1a/Vps18/Tpcn2/Chmp5/Chmp2b/Lamp2/Ppt1/Chmp2a/Vps35"
"GO:0080171","GO:0080171","lytic vacuole organization",71,-0.328721233024036,-1.39848034543666,0.0390035613158923,0.202677965468529,0.168516098013471,2154,"tags=32%, list=23%, signal=25%","Hexa/Clvs1/Hps4/Chmp4b/Chmp3/Creg1/Lrrk2/Ppp3cb/Rab14/Chmp7/Arf1/Pi4kb/Hspa8/Srpx/Chmp1a/Vps18/Tpcn2/Chmp5/Chmp2b/Lamp2/Ppt1/Chmp2a/Vps35"
"GO:0001952","GO:0001952","regulation of cell-matrix adhesion",74,0.345974060287636,1.41093631778647,0.0394217563513019,0.204482635462508,0.170016586460177,2303,"tags=45%, list=24%, signal=34%","Lims1/Bcl2/Ninj1/Cdk6/Ptpra/Epha3/Enpp2/Cib1/Ptk2/Rock1/Vcl/Disc1/Utrn/Clasp1/Rin2/Itgb1bp1/Rcc2/Abl1/Cask/Dlc1/Clasp2/Slk/Peak1/Map4k4/Wnt4/Apod/Dmd/Fmn1/Emp2/Vegfa/Pik3cb/Fermt1/Wdpcp"
"GO:0097193","GO:0097193","intrinsic apoptotic signaling pathway",195,-0.256585329395421,-1.26551263934453,0.039680048484199,0.205452890176714,0.170823302366069,1872,"tags=33%, list=20%, signal=27%","Qrich1/Mbd4/Flcn/Selenok/Ppia/Ppp2r5c/Aldh2/Txndc12/Mcl1/Stk24/Park7/Trap1/Plekhf1/Parl/Cyld/Brca2/Nono/Sfpq/Zfp385b/Arl6ip5/Fbxo7/Ubb/Lrrk2/Gskip/Rack1/Ddx3x/Pycr1/Casp9/Diablo/Ddit4/Mapk8ip1/Map3k5/Kdm1a/Hells/Eno1/Msh6/Rnf7/Ndufs3/Pdk1/Trim32/Tpt1/Mif/Dnm1l/Mapt/Casp3/Sod1/P4hb/Ctnnb1/Cycs/Map2k1/Mdm4/Cebpb/Vdac2/Armc10/Sod2/Rrm2b/Rrn3/Bnip3/Rpl26/Bok/Mllt11/Polb/Ddx5/Chek2"
"GO:0048546","GO:0048546","digestive tract morphogenesis",24,0.465014317622466,1.48437016011939,0.0398139689213219,0.20577685729228,0.171092664030883,1518,"tags=42%, list=16%, signal=35%","Acvr2b/Tcf7l2/Bcl2/Egfr/Gli3/Foxp4/Hif1a/Fgfr3/Vangl2/Fgfr2"
"GO:0007098","GO:0007098","centrosome cycle",93,-0.308912641071984,-1.38004872481124,0.04011500676227,0.206592284825691,0.171770649256487,1157,"tags=34%, list=12%, signal=31%","Kif3a/Haus8/Xrcc2/Tuba1a/Nat10/Haus3/Uvrag/Mapk8/Haus2/Chmp4b/Brca2/Chmp3/Chmp1a/Nubp1/Ckap5/Ssx2ip/Dync1li1/Ccp110/Chordc1/Golga2/Vps4b/Ctnnb1/Chmp5/Chmp2b/Nsfl1c/Mcph1/Ccnl2/Ccnf/Cetn4/Chmp2a/Azin1/Kat2a"
"GO:0034765","GO:0034765","regulation of monoatomic ion transmembrane transport",195,0.27186187128376,1.28960061151191,0.0400753154901932,0.206592284825691,0.171770649256487,2056,"tags=27%, list=22%, signal=21%","Kcnc1/Chd7/Adrb2/Tgfb2/Prkd1/Cemip/Fyn/Bcl2/Kcnc2/Ank2/Wnk1/Kcnj12/Asic2/Adcyap1r1/Nr3c2/Lrrc38/Slc8a1/Fgf12/Ppp3ca/Fgf14/Ntsr1/Akap9/Plcb1/Chp1/Pik3c2a/Tcirg1/Kcne2/Abl1/Wnk2/Ngf/Nherf1/Dpp6/Cacna1c/Stimate/Slc9a1/Ubr3/Fgf13/Cacna2d1/Asph/Slmap/Prkce/Casq1/Dpp10/Mtor/Ank3/Kcnip1/Atp1b1/Dmd/Lrrc55/Slc6a9/Ano6/Gria1"
"GO:0032350","GO:0032350","regulation of hormone metabolic process",26,0.476010212470802,1.53751556465208,0.0408519766594849,0.210012657194214,0.174614509485517,769,"tags=27%, list=8%, signal=25%","Ppargc1a/Tcf7l2/Igf1r/Clcn2/Rest/Nr3c1/Hif1a"
"GO:0038084","GO:0038084","vascular endothelial growth factor signaling pathway",48,0.385262054137303,1.44662885414666,0.0411502398444787,0.211169558205474,0.175576411997982,1622,"tags=35%, list=17%, signal=30%","Robo1/Erbb4/Egfr/Epha5/Epha3/Epha4/Igf1r/Fgfr3/Ddr2/Fgfr1/Dab2ip/Pdgfrb/Spry2/Jcad/Gab1/Fgfr2/Ptp4a3"
"GO:0007129","GO:0007129","homologous chromosome pairing at meiosis",24,-0.464662783326932,-1.50635572367938,0.0419799329052771,0.215044629660425,0.178798330668825,1922,"tags=46%, list=20%, signal=37%","Psmc3ip/Rnf212b/Ccne1/Terb1/Mlh3/Ndc1/Cpeb1/Trip13/Syce2/Rec8/Ube2b"
"GO:0043087","GO:0043087","regulation of GTPase activity",150,0.288261016145258,1.32803725592162,0.0423728813559322,0.216672677004448,0.180151966645789,1870,"tags=29%, list=20%, signal=24%","Vav3/Kalrn/Lims1/Epha5/Prex1/Tns3/Wnk1/Bcar3/Rgs6/Epha3/Epha4/Arhgef16/Rap1gds1/Nedd9/Dennd1b/Prkg1/Bcr/Rsu1/Itgb1bp1/Mtss2/Dab2ip/Pkp4/Arhgap42/Rcc2/Dennd1a/Arhgap11a/Ralbp1/Plxnb2/Ezh2/Spry2/Arhgef7/Amot/Rangap1/Rapgef6/Rasgrp1/Scrib/Map4k4/Rapgef1/Mtor/Ralgapa2/Wnt4/Arfgef1/Mex3b/Rabgap1"
"GO:0048048","GO:0048048","embryonic eye morphogenesis",22,0.49056125781407,1.54377876137582,0.0425136625105242,0.217007792354605,0.180430597482951,1251,"tags=32%, list=13%, signal=28%","Six3/Arid1a/Zeb1/Hipk2/Lrp6/Prox1/Pax6"
"GO:0002763","GO:0002763","positive regulation of myeloid leukocyte differentiation",39,0.403091025771206,1.45340956798566,0.0426841967879273,0.217493327802796,0.180834294742232,1098,"tags=28%, list=12%, signal=25%","Asxl2/Ninj1/Nedd9/Ppp3ca/Lef1/Runx1/Cd74/Ppargc1b/Eeig1/Prkca/Klf10"
"GO:0001708","GO:0001708","cell fate specification",44,0.389101707732508,1.43296889252662,0.0429951927572382,0.218306577309639,0.181510469052981,1342,"tags=32%, list=14%, signal=27%","Nfia/Bmpr1a/Gli3/Tenm4/Sox1/Rbpj/Pou3f2/Sox9/Fgfr1/Chd4/Lmo4/Pax6/Myt1l/Tead4"
"GO:1904062","GO:1904062","regulation of monoatomic cation transmembrane transport",176,0.275489488727444,1.29300627892488,0.042992372691456,0.218306577309639,0.181510469052981,2020,"tags=27%, list=21%, signal=21%","Kcnc1/Chd7/Adrb2/Tgfb2/Prkd1/Cemip/Fyn/Bcl2/Kcnc2/Ank2/Wnk1/Adcyap1r1/Nr3c2/Lrrc38/Slc8a1/Fgf12/Ppp3ca/Fgf14/Ntsr1/Akap9/Plcb1/Chp1/Pik3c2a/Tcirg1/Kcne2/Abl1/Wnk2/Ngf/Nherf1/Dpp6/Cacna1c/Stimate/Slc9a1/Ubr3/Fgf13/Cacna2d1/Asph/Slmap/Prkce/Casq1/Dpp10/Ank3/Kcnip1/Atp1b1/Dmd/Lrrc55/Ano6"
"GO:0019730","GO:0019730","antimicrobial humoral response",20,-0.476989409284401,-1.46940030545054,0.0436596159036525,0.220515468066784,0.183347045863251,1168,"tags=40%, list=12%, signal=35%","Ppp2r3c/Gapdh/Romo1/Hmgn2-ps/Rpl39/Acod1/Tac1/Rpl30"
"GO:0051897","GO:0051897","positive regulation of phosphatidylinositol 3-kinase/protein kinase B signal transduction",107,0.315633917619868,1.37489450854637,0.0435540069686411,0.220515468066784,0.183347045863251,1372,"tags=26%, list=14%, signal=23%","Vav3/Erbb4/Tgfb2/Prkd1/Fyn/Tcf7l2/Egfr/Calcr/Phlpp1/Nrxn1/Ptk2/Igf1r/Sema5a/Pdgfd/Ryk/Itgb1bp1/Fgfr3/Mfhas1/Ddr2/Fgfr1/Igfbp5/Ambra1/Ccdc88a/Pdgfrb/Nts/Spry2/Egf/Itsn1"
"GO:1902414","GO:1902414","protein localization to cell junction",105,0.314369389999553,1.36356893330441,0.043630017452007,0.220515468066784,0.183347045863251,1521,"tags=25%, list=16%, signal=21%","Nrxn3/Erbb4/Kalrn/Pecam1/Dlgap1/Asic2/Magi2/Nrxn1/Vcl/Gphn/Stau2/Hepacam/Mpp4/Grip1/Tnik/Gpc4/Afdn/Gpc6/Mapk9/Lrrc7/Lgi1/Dlg2/Tjp1/Scrib/Bsn/Cacng2"
"GO:0120162","GO:0120162","positive regulation of cold-induced thermogenesis",54,0.36763794111744,1.4182358633886,0.0440917107583774,0.222308555641889,0.18483790413615,1505,"tags=28%, list=16%, signal=23%","Esrrg/Adrb2/Ppargc1a/Igf1r/Ehmt1/Elovl6/Grb10/Ppargc1b/Prdm16/Appl2/Zfp516/Alms1/Epas1/Thra/Sfxn5"
"GO:0002040","GO:0002040","sprouting angiogenesis",79,0.330980174001481,1.37107426956095,0.044404973357016,0.223497283004597,0.18582626859058,2541,"tags=44%, list=27%, signal=33%","Rhoj/Robo1/Agtr1b/Spred1/Vstm4/Cib1/Pik3r3/Sema5a/Lef1/Hif1a/Tspan18/Itgb1bp1/Pik3c2a/Akt3/Smad1/Abl1/Efnb2/Jcad/Otulin/Tjp1/Map2k5/Yjefn3/Creb3l1/Angpt1/Vegfa/Pik3cb/Reck/Jmjd8/Srf/Adtrp/Bmper/Itgb1/Map3k3/Fbxw7/Epn2"
"GO:0010661","GO:0010661","positive regulation of muscle cell apoptotic process",24,-0.46179062534533,-1.49704468830031,0.0445832889752628,0.223524305555556,0.185848736424394,2895,"tags=50%, list=31%, signal=35%","Ptpn1/Atp2a2/Capn2/Fndc1/Mapk8/Stub1/Bag1/Stk4/Map3k5/Arrb1/Sod2/Bnip3"
"GO:0051085","GO:0051085","chaperone cofactor-dependent protein refolding",24,-0.461685223341578,-1.49670299338232,0.0445832889752628,0.223524305555556,0.185848736424394,1737,"tags=42%, list=18%, signal=34%","Sdf2l1/Hspa2/Bag1/Dnajb14/Hspa13/Sdf2/Hspa8/Hspa9/Hspe1-rs1/Ptges3"
"GO:0045216","GO:0045216","cell-cell junction organization",101,0.316618542376112,1.36054477882413,0.0446428571428571,0.223524305555556,0.185848736424394,1427,"tags=26%, list=15%, signal=22%","Pecam1/Cdh6/Tgfb2/Cdh4/Lims1/Pard3/Zfp703/Pmp22/Epha4/Plekha7/Patj/Rock1/Vcl/Epb41l3/Ext1/Cdh10/Prkca/Mtss1/Pkp4/Abi2/Efnb2/Cdh2/Afdn/Kifc3/Ptpro/Tjp1"
"GO:0021846","GO:0021846","cell proliferation in forebrain",29,0.446857374520813,1.49887046634988,0.0447227191413238,0.223536086661313,0.185858531795924,1977,"tags=52%, list=21%, signal=41%","Six3/Ncor2/Gli3/Igf2bp1/Disc1/Pou3f2/Wnt7a/Fgfr1/Ngf/Pax6/Kif14/Fgfr2/Zeb2/Tacc2/Numb"
"GO:0090181","GO:0090181","regulation of cholesterol metabolic process",29,0.450146766363337,1.50990390244411,0.0449155699011523,0.223724531252026,0.186015213589355,946,"tags=28%, list=10%, signal=25%","Lpcat3/Qki/Srebf2/Gpr146/Scap/Srebf1/Apoa1/Lmf1"
"GO:0046637","GO:0046637","regulation of alpha-beta T cell differentiation",28,0.448508212783032,1.4902015350477,0.0448833034111311,0.223724531252026,0.186015213589355,1809,"tags=43%, list=19%, signal=35%","Rc3h1/Gli3/Ep300/Itpkb/Runx1/Sh3rf1/Brd2/Tgfbr2/Socs5/Cbfb/Ap3d1/Irf1"
"GO:0035329","GO:0035329","hippo signaling",41,0.391290657273415,1.42388637455594,0.0452079566003617,0.224020183566053,0.186261032981776,1976,"tags=37%, list=21%, signal=29%","Wtip/Yap1/Wwc1/Mark3/Lats1/Mob1b/Vgll4/Amot/Tead4/Map4k4/Stk3/Slmap/Tead1/Coro7/Strip1"
"GO:0042100","GO:0042100","B cell proliferation",41,0.389012065270652,1.41559469662907,0.0452079566003617,0.224020183566053,0.186261032981776,1542,"tags=32%, list=16%, signal=27%","Vav3/Rc3h1/Bcl2/Atad5/Lef1/Ptprc/Cd74/Tfrc/Abl1/Pawr/Rasgrp1/Atm/Prkcd"
"GO:0071384","GO:0071384","cellular response to corticosteroid stimulus",40,0.391280262033736,1.41420736045777,0.0451263537906137,0.224020183566053,0.186261032981776,700,"tags=20%, list=7%, signal=19%","Agtr1b/Egfr/Foxo1/Nr3c2/Foxo3/Sstr4/Rest/Nr3c1"
"GO:0045668","GO:0045668","negative regulation of osteoblast differentiation",34,0.423732017098101,1.47878994979527,0.0456013142130126,0.225581801355623,0.187559436268381,1007,"tags=29%, list=11%, signal=26%","Nfatc1/Hdac4/Fndc3b/Cdk6/Smad6/Lrp5/Ski/Sox9/Fgfr1/Igfbp5"
"GO:0043488","GO:0043488","regulation of mRNA stability",119,0.304587539796985,1.3507144505202,0.0456942003514939,0.225606258148631,0.18757977080903,2746,"tags=45%, list=29%, signal=33%","Qki/Tut4/Rc3h1/Calcr/Rbm24/Igf2bp3/Rbm47/Tnrc6b/Cnot2/Pan3/Igf2bp1/Rock1/Alkbh5/Elavl1/Pum2/Rbm33/Cpeb3/Tnrc6a/Larp4b/Thrap3/Gigyf2/Dcp1b/Tnrc6c/Celf1/Ago3/Brf1/Tent4a/Dcp1a/Axin2/Senp1/Samd4/Mtor/Tirap/Ptbp1/Tardbp/Fto/Pcbp4/Vegfa/Mov10/Hnrnpu/Rbm38/Fmr1/Tbrg4/Nrde2/Dis3l2/Dicer1/Rock2/Tent5a/Pum1/Hnrnpd/Ythdf2/Ythdf3/Zfp36l2/Dhx36"
"GO:0000082","GO:0000082","G1/S transition of mitotic cell cycle",140,0.290213954990795,1.32228229363553,0.0457627118644068,0.225606258148631,0.18757977080903,1524,"tags=26%, list=16%, signal=23%","Arid1a/Nfatc1/Bcl2/Egfr/Cdk6/Arid2/Cul4a/Tfdp1/Pkd1/Pias1/Ino80/Lats1/Ppp3ca/Mtbp/Pbrm1/Crebbp/Plcb1/Ankrd17/Ddr2/Appl2/Gigyf2/Actl6a/Dpf3/Ambra1/Cdkn2c/Ezh2/Smarcd2/Myo16/Ccnj/Ube2e2/Kmt2e/Ctdspl/Acvr1/Kif14/Rbl1/Usp37/Ctdsp1"
"GO:0016202","GO:0016202","regulation of striated muscle tissue development",22,0.485942417272606,1.52924343512142,0.0458921841453914,0.225690912046039,0.187650156084706,1134,"tags=36%, list=12%, signal=32%","Luc7l/Adrb2/Tcf7l2/Bcl2/Cenpf/Lef1/Mtm1/Bdnf"
"GO:0045665","GO:0045665","negative regulation of neuron differentiation",63,0.353690929633473,1.40364345664754,0.0459363957597173,0.225690912046039,0.187650156084706,1949,"tags=32%, list=21%, signal=25%","Six3/B2m/Zhx2/Meis1/Gli3/Foxo3/Sox21/Rest/Sox9/Fgfr3/Ttc3/Disp3/Pax6/Zfp536/Gpr37l1/Ctdsp1/Cdk5rap2/Ptbp1/Nbn/Dmd"
"GO:0021543","GO:0021543","pallium development",162,0.281280909128873,1.29721152739367,0.046551724137931,0.228325123152709,0.189840364457943,1299,"tags=23%, list=14%, signal=20%","Robo1/Dab1/Bcan/Lrp8/Zmiz1/Syne2/Trappc9/Egfr/Epha5/Kirrel3/Gli3/Filip1/Atg7/Vps13b/Lrp6/Igf2bp1/Dclk2/Disc1/Lef1/Tra2b/Pou3f2/Plcb1/Hif1a/Fgfr1/Ccdc85c/Dab2ip/Ptprs/Prox1/Cdh2/Ezh2/Mfsd2a/Ncoa1/Pax6/Afdn/Large1/Celf1/Tsku"
"GO:0000422","GO:0000422","autophagy of mitochondrion",75,-0.313930314999805,-1.35308194526745,0.0467965899366683,0.229136443764603,0.19051493499371,2568,"tags=43%, list=27%, signal=31%","Tspo/Snx7/Atg13/Ulk2/Cttn/Usp30/Fundc1/Parl/Atg9b/Stub1/Fbxo7/Arhgap26/Lrba/Wipi1/Slc25a5/Tomm7/Map1lc3a/Eif2s1/Vdac1/Phb2/Bnip3l/Optn/Ogt/Atg4b/Atg4c/Ube2a/Dnm1l/Rnf41/Timm23/Gabarapl1/Bnip3/Gabarapl2"
"GO:0001702","GO:0001702","gastrulation with mouth forming second",23,0.478622338884626,1.50805045044148,0.0470809792843691,0.22974880584792,0.191024081948157,2874,"tags=70%, list=30%, signal=49%","Acvr2b/Tenm4/Lrp5/Lrp6/Zbtb17/Amot/Acvr1/Nsd1/Nat8f5/Frs2/Plpp3/Srf/Wnt5a/Ldb1/Acvr2a/Ugdh"
"GO:0045670","GO:0045670","regulation of osteoclast differentiation",41,0.383889054808857,1.39695232769522,0.0470162748643761,0.22974880584792,0.191024081948157,1098,"tags=27%, list=12%, signal=24%","Lrrc17/Asxl2/Ninj1/Rassf2/Nedd9/Ppp3ca/Ppargc1b/Eeig1/Fgfr3/Mafb/Klf10"
"GO:0021879","GO:0021879","forebrain neuron differentiation",70,0.346646420744031,1.39740647620532,0.0472727272727273,0.23029484029484,0.191478080951765,1518,"tags=30%, list=16%, signal=25%","Robo1/Erbb4/Bcl11b/B2m/Sall3/Tox/Robo2/Zmiz1/Atg7/Pou3f4/Sox1/Dclk2/Disc1/Fgfr1/Prox1/Dlx5/Pax6/Zdhhc16/D16Ertd472e/Zfp335/Fgfr2"
"GO:0060538","GO:0060538","skeletal muscle organ development",117,0.306780770957365,1.35936888789471,0.0477031802120141,0.231995977878331,0.19289248762933,1345,"tags=26%, list=14%, signal=23%","Foxp2/Fgfrl1/Adrb2/Tcf7l2/Bcl2/Hdac4/Ddx17/Rbm24/Klf5/Pmp22/Myl6/Nr2f2/Ep300/Bcl9/Ski/Vax1/Ppp3ca/Nfatc3/Nr1d2/Rbfox1/Mtm1/Mbnl1/Popdc2/Svil/Vps54/Myocd/Negr1/Mef2d/Cops2/Large1/Chrna1"
"GO:0045739","GO:0045739","positive regulation of DNA repair",96,0.316390055126102,1.34858195229082,0.047787610619469,0.231995977878331,0.19289248762933,1391,"tags=24%, list=15%, signal=21%","Arid1a/Spire1/Egfr/Mgmt/Arid2/Shld2/Ino80/Rif1/Pbrm1/Fam168a/Crebbp/Eya2/Kmt5b/Actl6a/Dpf3/Brca1/Spidr/Tmem161a/Smarcd2/Epc1/Smchd1/Ing3/Ercc6"
"GO:0018108","GO:0018108","peptidyl-tyrosine phosphorylation",144,0.286828326645621,1.31289626849398,0.0478632478632479,0.231995977878331,0.19289248762933,2512,"tags=39%, list=27%, signal=29%","Erbb4/Pecam1/Fyn/Egfr/Epha3/Enpp2/Epha4/Ptk2/Igf1r/Pdgfd/Nedd9/Ptprc/Adnp/Lrp4/Cd74/Ttbk1/Prkca/Unc119/Fgfr3/Ddr2/Fgfr1/Ptpn4/Abi1/Abi2/Abl1/Aatk/Pdgfrb/Egf/Parp14/Acvr1/Socs5/Zfyve28/Fgfr2/Hbegf/Prkcd/Rap2c/Prkce/Traf3ip1/Ptprz1/Mtor/Irf1/Angpt1/Vegfa/Zfp592/Plpp3/Pibf1/Kitl/Pdgfc/Agt/Zgpat/Ntf3/Ephb2/Itgb1/Dyrk1a/Fbxw7/Epha7"
"GO:0022029","GO:0022029","telencephalon cell migration",57,0.36406226646018,1.41760953166778,0.0482142857142857,0.233305369127517,0.193981177776656,982,"tags=23%, list=10%, signal=21%","Robo1/Dab1/Lrp8/Zmiz1/Syne2/Egfr/Gli3/Lrp6/Disc1/Pou3f2/Fgfr1/Nrg3/Dab2ip"
"GO:0033138","GO:0033138","positive regulation of peptidyl-serine phosphorylation",50,0.378711045877913,1.4418991588357,0.048695652173913,0.235239967955721,0.195589695234372,1537,"tags=34%, list=16%, signal=29%","Fnip2/Prkd1/Phip/Bcl2/Egfr/Bcar3/Nrxn1/Lats1/Akap9/Tenm1/Tfrc/Bdnf/Spry2/Smyd3/Ercc6/Ip6k2/Mapkap1"
"GO:0090263","GO:0090263","positive regulation of canonical Wnt signaling pathway",74,0.340718526667432,1.38950342987595,0.0488245931283906,0.2354684391008,0.195779657008403,2291,"tags=42%, list=24%, signal=32%","Gpc3/Gpc5/Tbl1x/Egfr/Yap1/Wnk1/Sema5a/Rbpj/Usp34/Adnp/Fgfr3/Lgr4/Wnk2/Dlx5/Daam2/Eda/Egf/Fgf9/Thra/Usp8/Fgfr2/Tbl1xr1/Sox4/Zeb2/Ankrd66/Fzd9/Usp47/Nle1/Reck/Ubr5/Tmem198"
"GO:0046460","GO:0046460","neutral lipid biosynthetic process",31,0.425874220465443,1.44135209061222,0.0490909090909091,0.235571018000303,0.19586494598317,2290,"tags=35%, list=24%, signal=27%","Tcf7l2/Slc27a1/Plce1/Srebf1/Mfsd2a/Agmo/Gpam/Pla2g15/Nr1h3/Lpin2/Fitm2"
"GO:0046463","GO:0046463","acylglycerol biosynthetic process",31,0.425874220465443,1.44135209061222,0.0490909090909091,0.235571018000303,0.19586494598317,2290,"tags=35%, list=24%, signal=27%","Tcf7l2/Slc27a1/Plce1/Srebf1/Mfsd2a/Agmo/Gpam/Pla2g15/Nr1h3/Lpin2/Fitm2"
"GO:0018212","GO:0018212","peptidyl-tyrosine modification",148,0.282164581800439,1.29724807868586,0.0490693739424704,0.235571018000303,0.19586494598317,2512,"tags=39%, list=27%, signal=29%","Erbb4/Pecam1/Fyn/Egfr/Epha3/Enpp2/Epha4/Ptk2/Igf1r/Pdgfd/Nedd9/Ptprc/Adnp/Lrp4/Cd74/Ttbk1/Prkca/Unc119/Fgfr3/Ddr2/Fgfr1/Ptpn4/Abi1/Abi2/Abl1/Aatk/Pdgfrb/Egf/Parp14/Acvr1/Socs5/Zfyve28/Fgfr2/Hbegf/Prkcd/Rap2c/Prkce/Traf3ip1/Ptprz1/Mtor/Irf1/Angpt1/Vegfa/Zfp592/Plpp3/Pibf1/Kitl/Pdgfc/Agt/Tpst1/Zgpat/Ntf3/Ephb2/Itgb1/Dyrk1a/Fbxw7/Epha7"
"GO:0007162","GO:0007162","negative regulation of cell adhesion",151,0.282982165252922,1.30363801490118,0.0492359932088285,0.235874758163225,0.196117489997747,2069,"tags=34%, list=22%, signal=27%","Dab1/Rc3h1/Dscam/Epha5/Wnk1/Pde3b/Gli3/Zfp703/Enpp2/Epha4/Ptk2/Sema5a/Mad1l1/Runx1/Prkg1/Ptprc/Cd74/Itgb1bp1/Apoa1/Spint2/Rcc2/Pde5a/Abl1/Ppara/Plxnb2/Swap70/Spi1/Pawr/Cask/Dlc1/Itch/Clasp2/Scrib/Socs5/Prkcd/Cbfb/Angpt2/Map2k5/Ptprz1/Pag1/Marchf7/Jam2/Irf1/Apod/Dscaml1/Mmp2/Cblb/Laptm5/Nat8f5/Angpt1/Vegfa/Tbcd"
"GO:0150116","GO:0150116","regulation of cell-substrate junction organization",51,0.375719768185105,1.43173724063043,0.0493827160493827,0.236185328501525,0.196375712944914,2068,"tags=43%, list=22%, signal=34%","Lims1/Ptpra/Epha3/Enpp2/Ptk2/Rock1/Vcl/Arf6/Clasp1/Itgb1bp1/Rcc2/Abl1/Dlc1/Clasp2/Slk/Peak1/Map4k4/Wnt4/Iqsec1/Apod/Fmn1/Vegfa"
"GO:0002460","GO:0002460","adaptive immune response based on somatic recombination of immune receptors built from immunoglobulin superfamily domains",120,0.302132505638746,1.33825001767607,0.049469964664311,0.236210890880584,0.196396966722378,2082,"tags=32%, list=22%, signal=25%","Rora/B2m/Bach2/Rc3h1/Fcrlb/C8b/Shld2/Tap2/Ep300/Fas/Irf7/Atad5/Lef1/Rif1/Dennd1b/Ptprc/Unc13d/Cd74/Tcirg1/Brd2/Kmt5b/Tfrc/Swap70/Paxip1/Fbxo38/Map3k7/Socs5/Dpp4/Prkcd/Card9/Mtor/Irf1/Nbn/Emp2/Prkcq/Vegfa/Nlrp10/Ctsh"
"GO:0099558","GO:0099558","maintenance of synapse structure",35,0.398211061948961,1.39491835084903,0.0498154981549815,0.237467597816474,0.197441852626443,1489,"tags=34%, list=16%, signal=29%","Adgrb3/Adgrl3/Cadm1/Nrxn1/Ctbp2/Arf6/Rimbp2/C1ql1/Grn/Dlg2/Erc1/Bsn"
"GO:1990845","GO:1990845","adaptive thermogenesis",95,0.314369431656229,1.33740206465841,0.0499108734402852,0.237529635316473,0.197493433553882,1505,"tags=24%, list=16%, signal=21%","Esrrg/Acvr2b/Qki/Adrb2/Nova1/Ppargc1a/Igf1r/Ehmt1/Rbpj/Elovl6/Grb10/Ppargc1b/Acot11/Zfp423/Prdm16/Appl2/Lgr4/Zfp516/Alms1/Epas1/Nrdc/Thra/Sfxn5"
"GO:0006695","GO:0006695","cholesterol biosynthetic process",40,0.397727419945892,1.43750937453334,0.0502057818228946,0.2375813493698,0.197536431076868,1385,"tags=28%, list=15%, signal=24%","Lpcat3/Insig1/Qki/Srebf2/Gpr146/Scap/Srebf1/Apoa1/Lss/Fdft1/Dhcr7"
"GO:1902653","GO:1902653","secondary alcohol biosynthetic process",40,0.397727419945892,1.43750937453334,0.0502057818228946,0.2375813493698,0.197536431076868,1385,"tags=28%, list=15%, signal=24%","Lpcat3/Insig1/Qki/Srebf2/Gpr146/Scap/Srebf1/Apoa1/Lss/Fdft1/Dhcr7"
"GO:0030336","GO:0030336","negative regulation of cell migration",187,0.270065460562689,1.27667407746401,0.050251256281407,0.2375813493698,0.197536431076868,1978,"tags=28%, list=21%, signal=22%","Robo1/Tafa5/Dach1/Ppargc1a/Bcl2/Bmpr1a/Spred1/Arid2/Magi2/Nr2f2/Gna12/Epha4/Foxo3/Ptk2/Fas/Arid4b/Ptprk/Nedd9/Ptprg/Prkg1/Bcr/Plcb1/Cd74/Clasp1/Nav3/Itgb1bp1/Nrg3/Dab2ip/Igfbp5/Gna13/Myocd/Tet1/Nherf1/Afdn/Dlc1/Wasl/Ptprr/Clasp2/Dpp4/Idh2/Rap2c/Ptprt/Patz1/Angpt2/Map2k5/Wnt4/Zeb2/Mapk15/Apod/Srgap3/Arid4a/Adgrb1"
"GO:0043491","GO:0043491","phosphatidylinositol 3-kinase/protein kinase B signal transduction",187,0.269909844100958,1.27593843543742,0.050251256281407,0.2375813493698,0.197536431076868,1440,"tags=24%, list=15%, signal=21%","Vav3/Erbb4/Gab2/Tgfb2/Prkd1/Fyn/Smpd3/Tcf7l2/Egfr/Calcr/Pde3b/Phlpp1/Prex2/Magi2/Nrxn1/Cib1/Pik3r3/Ptk2/Igf1r/Sema5a/Sesn3/Pdgfd/Ryk/Itgb1bp1/Pik3c2a/Fgfr3/Mfhas1/Mtm1/Ddr2/Fgfr1/Dab2ip/Igfbp5/Ambra1/Ccdc88a/Lrp2/Ppara/Nherf1/Pdgfrb/Nts/Myo16/Spry2/Egf/Itsn1/Rasgrp1/Pik3c2g"
"GO:0048754","GO:0048754","branching morphogenesis of an epithelial tube",107,0.311069699544574,1.35501287347099,0.0505226480836237,0.238473514031376,0.19827821919975,1518,"tags=28%, list=16%, signal=24%","Gpc3/Agtr1b/Nfatc1/Gzf1/Bcl2/Yap1/Greb1l/Pkd1/Gli3/Btrc/Lrp5/Lrp6/Sema5a/Lef1/Nfatc3/Ext1/Sox9/Rbm15/Gna13/Lgr4/Abl1/Spry2/Egf/Celsr1/Ncoa3/Vangl2/Rdh10/Tgfbr2/Acvr1/Fgfr2"
"GO:0035418","GO:0035418","protein localization to synapse",81,0.327032668590068,1.3550565958717,0.0507246376811594,0.239035710902719,0.19874565641156,1521,"tags=25%, list=16%, signal=21%","Nrxn3/Erbb4/Kalrn/Dlgap1/Asic2/Magi2/Nrxn1/Gphn/Stau2/Mpp4/Grip1/Tnik/Gpc4/Gpc6/Lrrc7/Lgi1/Dlg2/Scrib/Bsn/Cacng2"
"GO:0034332","GO:0034332","adherens junction organization",42,0.386158932112954,1.41177183703909,0.0523465703971119,0.245077125041024,0.203768775400924,2069,"tags=45%, list=22%, signal=36%","Cdh6/Cdh4/Zfp703/Epha4/Plekha7/Vcl/Cdh10/Mtss1/Abi2/Efnb2/Cdh2/Afdn/Kifc3/Tjp1/Cdh7/Cdh18/Numb/Vegfa/Tbcd"
"GO:0030856","GO:0030856","regulation of epithelial cell differentiation",82,0.327647323478365,1.35894386233134,0.0523465703971119,0.245077125041024,0.203768775400924,1358,"tags=24%, list=14%, signal=21%","Tgfb2/Hey2/Zeb1/Yap1/Spred1/Dmbt1/Rock1/Klf7/Vcl/Foxp4/Lef1/Spred2/Sox9/Plcb1/Cd109/Fgfr3/Ezh2/Pax6/Spry2/Ncoa3"
"GO:0051091","GO:0051091","positive regulation of DNA-binding transcription factor activity",111,0.307761596577209,1.35273863132325,0.0522648083623693,0.245077125041024,0.203768775400924,1585,"tags=27%, list=17%, signal=23%","Prkd1/Ppargc1a/Trappc9/Hdac4/Epha5/Adcy8/Hipk2/Cib1/Lrp5/Lrp6/Ep300/Ppp3ca/Irak2/Crebbp/Clock/Trim8/Hmgn3/Ddr2/Tfrc/Mid2/Bdnf/Arid5b/Trim25/Myocd/Ngf/Nts/Fzd2/Erc1/Card9/Crtc1"
"GO:0030177","GO:0030177","positive regulation of Wnt signaling pathway",97,0.315243048469632,1.33876130397252,0.052158273381295,0.245077125041024,0.203768775400924,2291,"tags=39%, list=24%, signal=30%","Gpc3/Gpc5/Tbl1x/Egfr/Yap1/Wnk1/Sema5a/Rbpj/Disc1/Lef1/Usp34/Adnp/Fgfr3/Lgr4/Abl1/Wnk2/Dlx5/Daam2/Eda/Nkd1/Egf/Fgf9/Thra/Usp8/Zranb1/Fgfr2/Tbl1xr1/Sox4/Zeb2/Tmem132a/Ankrd66/Fzd9/Usp47/Nle1/Reck/Ubr5/Crbn/Tmem198"
"GO:0046513","GO:0046513","ceramide biosynthetic process",39,0.386447072407512,1.39339711540968,0.0524412296564195,0.245122376546376,0.203806399654224,1829,"tags=33%, list=19%, signal=27%","Smpd3/Sgms1/Sptlc3/B3galt1/St6galnac3/Sptlc2/St3gal1/St8sia2/Agk/St6galnac6/Prkcd/St3gal3/Smpd2"
"GO:0002250","GO:0002250","adaptive immune response",157,0.282273086037435,1.30043096420921,0.0530821917808219,0.247716894977169,0.205963605649314,2164,"tags=31%, list=23%, signal=24%","Rora/B2m/Bach2/Alcam/Tap1/Rc3h1/Fyn/Fcrlb/C8b/Shld2/Tap2/Ep300/Fas/Irf7/Atad5/Lef1/Otud7b/Rif1/Dennd1b/Ptprc/Unc13d/Cd74/Tcirg1/Brd2/Kmt5b/Tfrc/Swap70/Paxip1/Fbxo38/Map3k7/Themis/Socs5/Dpp4/Prkcd/Card9/Prr7/Pag1/Mtor/Irf1/Nbn/Tfeb/Emp2/Prkcq/Vegfa/Nlrp10/Ctsh/Mcoln1/Fcer1g"
"GO:0001974","GO:0001974","blood vessel remodeling",34,0.41648704188458,1.45350558113783,0.0533396311796227,0.248516149147063,0.206628143571432,753,"tags=24%, list=8%, signal=22%","Acvr2b/Chd7/Tgfb2/Rbpj/Pbrm1/Nfatc3/Ext1/Bcr"
"GO:0048483","GO:0048483","autonomic nervous system development",25,-0.448949153777205,-1.47785284631282,0.0537634408602151,0.249282577879196,0.207265388863716,1045,"tags=24%, list=11%, signal=21%","Egr2/Fn1/Nf1/Ctnnb1/Nrp2/Nrp1"
"GO:0032885","GO:0032885","regulation of polysaccharide biosynthetic process",25,-0.448600629212537,-1.47670557158121,0.0537634408602151,0.249282577879196,0.207265388863716,266,"tags=20%, list=3%, signal=19%","Cltc/Has2/Inpp5k/Gfpt1/Esrrb"
"GO:0051279","GO:0051279","regulation of release of sequestered calcium ion into cytosol",45,0.384454644422183,1.42407207074999,0.0536672629695885,0.249282577879196,0.207265388863716,1712,"tags=29%, list=18%, signal=24%","Chd7/Tgfb2/Prkd1/Cemip/Ank2/Slc8a1/Ntsr1/Abl1/Ngf/Cacna1c/Asph/Prkce/Casq1"
"GO:1904385","GO:1904385","cellular response to angiotensin",25,0.462076313348718,1.48418282136006,0.0540349336344781,0.249644677137871,0.20756645540553,1800,"tags=44%, list=19%, signal=36%","Agtr1b/Prkd1/Nr3c2/Rock1/Rap1gds1/Ppp3ca/Prkca/Ddr2/Map3k7/Prkcd/Brip1"
"GO:0021885","GO:0021885","forebrain cell migration",59,0.355492483584966,1.38710627603278,0.0539568345323741,0.249644677137871,0.20756645540553,982,"tags=22%, list=10%, signal=20%","Robo1/Dab1/Lrp8/Zmiz1/Syne2/Egfr/Gli3/Lrp6/Disc1/Pou3f2/Fgfr1/Nrg3/Dab2ip"
"GO:0051961","GO:0051961","negative regulation of nervous system development",109,0.308460823070802,1.34828650441832,0.0541012216404887,0.249644677137871,0.20756645540553,1612,"tags=28%, list=17%, signal=23%","Robo1/Dab1/B2m/Bmpr1a/Ptk2/Sema5a/Fas/Ski/Vax1/Ryk/Ppp3ca/Rest/Lrp4/Wnt7a/Fgfr3/Appl2/Map2/Ptprs/Prox1/Ttc3/Sema3g/Bdnf/Daam2/Pax6/Gpr37l1/Ctdsp1/Idh2/Rufy3/Sema3f/Fgf13"
"GO:0000462","GO:0000462","maturation of SSU-rRNA from tricistronic rRNA transcript (SSU-rRNA, 5.8S rRNA, LSU-rRNA)",22,-0.478541398322045,-1.51694501093774,0.054291650129595,0.249795411238344,0.207691782904208,2318,"tags=50%, list=24%, signal=38%","Rrs1/Dhx37/Ngdn/Tbl3/Pwp2/Fcf1/Gtf2h5/Rps8/Dcaf13/Rps16/Rps21"
"GO:0031018","GO:0031018","endocrine pancreas development",21,0.486374886738611,1.51410446453206,0.0543071161048689,0.249795411238344,0.207691782904208,2686,"tags=62%, list=28%, signal=44%","Cdk6/Pde3b/Sox9/Clock/Cdh2/Pax6/Sox4/Eif2ak3/Myt1/Bmal1/Vhl/Wnt5a/Hes1"
"GO:0051881","GO:0051881","regulation of mitochondrial membrane potential",58,-0.345551034595522,-1.41117133099712,0.0545174274362326,0.250363472493782,0.208164096043812,1697,"tags=34%, list=18%, signal=28%","Arl6ip5/Ubb/Lrrk2/Rack1/Pycr1/Gclc/Bnip3l/Ppp2r3c/Cck/Oga/Ndufs1/Ndufc2/Mapt/Sod1/Ndufs6/Sod2/Bnip3/Slc25a36/Bok/Mllt11"
"GO:0009913","GO:0009913","epidermal cell differentiation",96,0.311948356172379,1.32964964089401,0.0548672566371681,0.251569424708415,0.20916678205919,1476,"tags=27%, list=16%, signal=23%","Bcl11b/Myo3b/Tgfb2/Hey2/Yap1/Ush1c/Cux1/Rock1/Klf7/Lats1/Rbpj/Ppp3ca/Rest/Bcr/Kazn/Cd109/Fgfr3/Fgfr1/Krt90/Mafb/Nherf1/Ezh2/Pax6/Ncoa3/Scrib/Ubn1"
"GO:0035886","GO:0035886","vascular associated smooth muscle cell differentiation",29,0.435545088349238,1.46092625279034,0.0554561717352415,0.253866030610217,0.211076289411663,1446,"tags=38%, list=15%, signal=32%","Qki/Nfatc1/Hey2/Smad6/Pbrm1/Nfatc3/Myocd/Pdgfrb/Epc1/Vangl2/Fgf9"
"GO:0002285","GO:0002285","lymphocyte activation involved in immune response",93,0.311011474567455,1.3211247989055,0.0557553956834532,0.254428103087151,0.211543623196047,1484,"tags=25%, list=16%, signal=21%","Rora/Lfng/Rc3h1/Shld2/Ep300/Atad5/Lef1/Rif1/Ptprc/Unc13d/Cd74/St3gal1/Brd2/Kmt5b/Phf14/Tfrc/Abl1/Mfng/Swap70/Spi1/Paxip1/Irf8/Socs5"
"GO:0016032","GO:0016032","viral process",178,-0.259617123908339,-1.26870419022226,0.0557253919064687,0.254428103087151,0.211543623196047,2743,"tags=38%, list=29%, signal=27%","Siva1/Eif3g/Eif3f/Tarbp2/Gas6/Lgals1/Eif3a/Cnot7/Adarb1/Eif2d/Eps15/Ppia/Ppih/Trim13/Igf2r/Bsg/Jpt2/Uvrag/Sp1/Ltf/Ccnk/Spcs3/Eif2ak2/Ubp1/Nectin3/Jun/Chmp4b/Gtf2b/Csde1/Chmp3/Rab1a/Hacd3/Stau1/Ssb/Taf11/Ddx3x/Chmp7/Trim28/Hspa8/Znfx1/Chmp1a/Smarcb1/Spcs1/Fbxl2/Cd81/Mcts1/Ctsb/Kpna6/Trim32/Denr/Tbc1d20/Vps18/Tpcn2/P4hb/Vps4b/Ddb1/Chmp5/Chmp2b/Oaz1/Setdb1/Dynlt1c/Chmp2a/Pcbp2/Inpp5k/Eef1a1/Ddx5/Nrp1"
"GO:0048024","GO:0048024","regulation of mRNA splicing, via spliceosome",82,0.323761563233939,1.3428273563926,0.055956678700361,0.254943224916021,0.211971919979084,1294,"tags=27%, list=14%, signal=23%","Qki/Nova1/Ddx17/Rbm24/Rbm5/Rbm47/Celf2/Mbnl2/Rbfox2/Rest/Tra2b/Rbfox1/Thrap3/Srsf7/Rbfox3/Mbnl1/Rbmxl1/Tra2a/Rbm15/Dazap1/Celf1/Wtap"
"GO:0042220","GO:0042220","response to cocaine",39,0.383303406418302,1.38206212173541,0.0560578661844485,0.255001397596135,0.212020287511495,1218,"tags=28%, list=13%, signal=25%","Fkbp5/Adgrl3/Slc1a2/Gad2/Cacng4/Crebbp/Ppp1r1b/St8sia2/Bdnf/Homer2/Cnr1"
"GO:0046638","GO:0046638","positive regulation of alpha-beta T cell differentiation",21,0.484351268139228,1.50780485894103,0.0561797752808989,0.255153499071043,0.212146751910299,1809,"tags=48%, list=19%, signal=39%","Gli3/Ep300/Itpkb/Runx1/Brd2/Tgfbr2/Socs5/Cbfb/Ap3d1/Irf1"
"GO:0045765","GO:0045765","regulation of angiogenesis",156,0.280528893065384,1.29148625342646,0.0563139931740614,0.255360937600618,0.212319226167679,1447,"tags=22%, list=15%, signal=19%","Rhoj/Adgrb3/Sash1/Tafa5/Qki/Adrb2/Tgfb2/Prkd1/Fyn/Ninj1/Spred1/Wnk1/Pde3b/Hipk2/Adam12/Sema5a/Rock1/Fgf18/Wars2/Runx1/Hif1a/Tspan18/Prkca/Akt3/Dab2ip/Brca1/Smad1/Abl1/Grn/Spry2/Amot/Jcad/Gab1/Tjp1/Tgfbr2"
"GO:0050885","GO:0050885","neuromuscular process controlling balance",44,0.380599335574981,1.40165668142011,0.0564663023679417,0.255649632698813,0.212559261000035,2044,"tags=36%, list=22%, signal=29%","Adcy5/Ap1s2/Ush1c/Nrxn1/Rbfox2/Rest/Bcr/Rbfox1/Igdcc3/Gigyf2/Abl1/Tpp1/Nbn/Myh10/Camta1/Atp2b2"
"GO:2001239","GO:2001239","regulation of extrinsic apoptotic signaling pathway in absence of ligand",20,0.484058713786947,1.49430555661788,0.0569852941176471,0.257594965886041,0.214176703514272,936,"tags=30%, list=10%, signal=27%","Tgfb2/Fyn/Bcl2/Wwox/Eya2/Fgfr1"
"GO:0010667","GO:0010667","negative regulation of cardiac muscle cell apoptotic process",22,0.471780048524192,1.48467496638013,0.0580524344569288,0.258328733694233,0.214786792961334,1182,"tags=27%, list=12%, signal=24%","Qki/Hey2/Bcl2/Atg7/Ambra1/Myocd"
"GO:0044319","GO:0044319","wound healing, spreading of cells",23,0.467015799810869,1.47148039289039,0.0583804143126177,0.258328733694233,0.214786792961334,1776,"tags=39%, list=19%, signal=32%","Col5a1/Pard3/Rreb1/Wnt7a/Clasp1/Clasp2/Hbegf/Itgb5/Mtor"
"GO:0090504","GO:0090504","epiboly",23,0.467015799810869,1.47148039289039,0.0583804143126177,0.258328733694233,0.214786792961334,1776,"tags=39%, list=19%, signal=32%","Col5a1/Pard3/Rreb1/Wnt7a/Clasp1/Clasp2/Hbegf/Itgb5/Mtor"
"GO:0090505","GO:0090505","epiboly involved in wound healing",23,0.467015799810869,1.47148039289039,0.0583804143126177,0.258328733694233,0.214786792961334,1776,"tags=39%, list=19%, signal=32%","Col5a1/Pard3/Rreb1/Wnt7a/Clasp1/Clasp2/Hbegf/Itgb5/Mtor"
"GO:0045840","GO:0045840","positive regulation of mitotic nuclear division",24,0.455152178235699,1.45288926831481,0.0574074074074074,0.258328733694233,0.214786792961334,1378,"tags=33%, list=15%, signal=29%","Phip/Smpd3/Lrp5/Igf1r/Mad1l1/Pdgfrb/Egf/Cenpe"
"GO:0045047","GO:0045047","protein targeting to ER",28,-0.424258450332536,-1.43825621662915,0.0584269662921348,0.258328733694233,0.214786792961334,1333,"tags=43%, list=14%, signal=37%","Spcs3/Chmp4b/Srp68/Get4/Spcs1/Srp72/Sec61b/Ssr3/Sgta/Srp9/Srp54c/Sec61g"
"GO:0061045","GO:0061045","negative regulation of wound healing",27,0.431887224716465,1.42383483422371,0.0579710144927536,0.258328733694233,0.214786792961334,1810,"tags=37%, list=19%, signal=30%","Tafa5/Tfpi/Plat/Prkg1/Clasp1/Cd109/Cask/Clasp2/Prkcd/Wnt4"
"GO:0010828","GO:0010828","positive regulation of D-glucose transmembrane transport",27,0.431135370205457,1.42135613936594,0.0579710144927536,0.258328733694233,0.214786792961334,230,"tags=15%, list=2%, signal=14%","Gpc3/Erbb4/Slc1a2/Capn10"
"GO:0030032","GO:0030032","lamellipodium assembly",49,0.370012895866992,1.40431322989104,0.0574912891986063,0.258328733694233,0.214786792961334,1381,"tags=31%, list=15%, signal=26%","Vav3/Auts2/Fgd4/Hdac4/Spata13/Plce1/Pmp22/Carmil1/Vcl/Nck2/Wasf3/Ccdc88a/Abi2/Arhgef7/Ptpro"
"GO:0051145","GO:0051145","smooth muscle cell differentiation",53,0.366576596007431,1.40395223745333,0.0585106382978723,0.258328733694233,0.214786792961334,1518,"tags=34%, list=16%, signal=29%","Qki/Nfatc1/Hey2/Zeb1/Smad6/Pias1/Pbrm1/Nfatc3/Sox9/Ankrd17/Myocd/Pdgfrb/Epc1/Tshz3/Vangl2/Fgf9/Acvr1/Fgfr2"
"GO:0051298","GO:0051298","centrosome duplication",58,-0.343601739890127,-1.40321074477825,0.058580787737874,0.258328733694233,0.214786792961334,1157,"tags=22%, list=12%, signal=20%","Chmp1a/Nubp1/Ckap5/Ccp110/Chordc1/Vps4b/Chmp5/Chmp2b/Ccnf/Cetn4/Chmp2a/Azin1/Kat2a"
"GO:0007127","GO:0007127","meiosis I",64,-0.332975274061465,-1.37823280592911,0.0585630546425692,0.258328733694233,0.214786792961334,2058,"tags=34%, list=22%, signal=27%","Psmd13/Psmc3ip/Rnf212b/Brca2/Ubb/Hspa2/Ccne1/Chtf18/Terb1/Mlh3/Rad54l/Eme1/Ndc1/Cpeb1/Trip13/Fancm/Syce2/M1ap/Rec8/Rad51ap1/Ube2b/Spdya"
"GO:0001892","GO:0001892","embryonic placenta development",63,0.341838606188198,1.3566068072563,0.0583038869257951,0.258328733694233,0.214786792961334,1610,"tags=30%, list=17%, signal=25%","Hs6st1/Hey2/Egfr/Pkd1/Nr2f2/Slc8a1/Bptf/Rbpj/Lef1/Hectd1/Hif1a/Spint2/Zfat/Ncoa1/Epas1/Ncoa3/Gab1/Fgfr2/Stk3"
"GO:0043406","GO:0043406","positive regulation of MAP kinase activity",63,0.340826595670642,1.35259058342354,0.0583038869257951,0.258328733694233,0.214786792961334,1415,"tags=30%, list=15%, signal=26%","Robo1/Sash1/Fgd4/Egfr/Map2k4/Epha4/Fgf18/Ptprc/Tenm1/Fgfr1/Dab2ip/Pde5a/Ezh2/Pdgfrb/Map3k7/Vangl2/Gab1/Taok3/Rasgrp1"
"GO:0032456","GO:0032456","endocytic recycling",70,-0.311172633042896,-1.32128663761864,0.0575221238938053,0.258328733694233,0.214786792961334,2615,"tags=44%, list=28%, signal=32%","Ndrg4/Snx27/Snx7/Eps15/Micall1/Snx4/Stx6/Scarb2/Stx12/Ehd3/Rab8b/Vps53/Nsg1/Ehd2/Vps29/Snx17/Rab14/Sorl1/Snx3/Vps51/Rab8a/Vps39/Rab11fip3/Gga3/Ptpn23/Rab35/Lmtk2/Mtmr4/Arhgap44/Stx16/Vps35"
"GO:0007548","GO:0007548","sex differentiation",163,0.273839842517065,1.26437969514788,0.0583190394511149,0.258328733694233,0.214786792961334,831,"tags=16%, list=9%, signal=15%","Lfng/Dach2/Six3/Dach1/Bmpr1b/Chd7/Tgfb2/Tcf7l2/Bcl2/Bmpr1a/Fndc3a/Greb1l/Pkd1/Nr2f2/Lrp6/Zfx/Foxo3/Rad21l/Arid4b/Atn1/Runx1/Akap9/Sox9/Ago4/Nrip1/Asb1"
"GO:1901224","GO:1901224","positive regulation of non-canonical NF-kappaB signal transduction",34,0.397316582547881,1.38660225201435,0.0588235294117647,0.25900314324203,0.215347529128164,2060,"tags=41%, list=22%, signal=32%","Sash1/Rc3h1/Smpd3/Egfr/Nr3c2/Crebbp/Ifi35/Eda/Ago3/Map3k7/Ptp4a3/Ank3/Laptm5/C1qtnf4"
"GO:0035710","GO:0035710","CD4-positive, alpha-beta T cell activation",47,0.373198299946638,1.39610735225032,0.0589285714285714,0.25907012195122,0.215403218411883,2152,"tags=40%, list=23%, signal=31%","Rora/Tox/Rc3h1/Ep300/Lef1/Runx1/Sh3rf1/Tcirg1/Brd2/Itch/Tgfbr2/Socs5/Cbfb/Mtor/Irf1/Cblb/Ncor1/Prkcq/Kmt2a"
"GO:0018209","GO:0018209","peptidyl-serine modification",147,0.280336480914186,1.2885056157532,0.0590219224283305,0.259085577295746,0.215416068720239,1542,"tags=26%, list=16%, signal=22%","Fnip2/Myo3b/Galnt16/Prkd1/Phip/Bcl2/Egfr/Wnk1/Bcar3/Pkd1/Hipk2/Nrxn1/Mapkapk3/Rassf2/Rock1/Epm2a/Srpk2/Mark3/Lats1/Dclk2/Akap9/Hipk3/Tenm1/Ttbk1/Prkca/Ttbk2/Akt3/Galnt1/Top1/Tfrc/Bdnf/Spry2/Smyd3/Ercc6/Ip6k2/Atm/Mapkap1/Prkcd"
"GO:0050881","GO:0050881","musculoskeletal movement",26,0.444811904833759,1.43674486199473,0.0591497227356747,0.259251976245723,0.215554420719672,1949,"tags=42%, list=21%, signal=34%","Adrb2/Prkd1/Vti1a/Hipk2/Gigyf2/Vps54/Tshz3/Chrna1/Casq1/Mtor/Dmd"
"GO:0090257","GO:0090257","regulation of muscle system process",143,0.280342987515456,1.28392337762551,0.0594227504244482,0.260053432813518,0.216220789820131,1949,"tags=31%, list=21%, signal=25%","Chrm2/Nfatc1/Adrb2/Prkd1/Gtf2ird1/Hdac4/Ank2/Setd3/Foxo1/Htr7/Calcrl/Slc8a1/Foxo3/Ep300/Ptk2/Rock1/Ppp3ca/Prkg1/Akap9/Nr3c1/Nfatc3/Prkca/Igfbp5/Arhgap42/Pde5a/Ppara/Myocd/Pawr/Dock5/Dock4/Chrm3/Ctdp1/Cacna1c/Slc9a1/Pde9a/Camk2g/Fgf13/Tead1/Casq1/Adk/Mtor/Tacr1/Dbn1/Atp1b1/Dmd"
"GO:0006721","GO:0006721","terpenoid metabolic process",27,0.430365688866036,1.41881867347298,0.0597826086956522,0.260442663864442,0.216544415024162,1445,"tags=30%, list=15%, signal=25%","Egfr/Plpp6/Ggps1/Dhrs3/Lss/Fdft1/Rdh11/Rdh10"
"GO:2000573","GO:2000573","positive regulation of DNA biosynthetic process",51,-0.354500985310737,-1.40413936550509,0.0597701149425287,0.260442663864442,0.216544415024162,1713,"tags=31%, list=18%, signal=26%","Nox4/Tnks/Gfer/Chtf18/Rfc5/Cct2/Cct4/Ctnnb1/Ccna2/Rfc3/Rfc4/Crhr2/Pcna/Cct8/Ptges3/Hgf"
"GO:0002821","GO:0002821","positive regulation of adaptive immune response",55,0.353617085902679,1.37132741196751,0.0597539543057996,0.260442663864442,0.216544415024162,1337,"tags=27%, list=14%, signal=24%","B2m/Shld2/Tap2/Ep300/Atad5/Rif1/Dennd1b/Ptprc/Cd74/Brd2/Kmt5b/Tfrc/Paxip1/Fbxo38/Map3k7"
"GO:1904035","GO:1904035","regulation of epithelial cell apoptotic process",36,0.418041873660415,1.47251961978409,0.0600989390306922,0.26063960926995,0.216708164799235,1197,"tags=33%, list=13%, signal=29%","Ppargc1a/Lims1/Tcf7l2/Bcl2/Capn10/Yap1/Atg7/Igf1r/Adar/Alms1/Ppara/Ngf"
"GO:0051153","GO:0051153","regulation of striated muscle cell differentiation",51,0.366376413205021,1.39613296741896,0.0599647266313933,0.26063960926995,0.216708164799235,1776,"tags=31%, list=19%, signal=26%","Prkd1/Bcl2/Hdac4/Rbm24/Ep300/Nr3c1/Prox1/Ppara/Bdnf/Efnb2/Myocd/Ezh2/Epc1/Ctdp1/Sox6/Mtor"
"GO:0007405","GO:0007405","neuroblast proliferation",63,0.339082001430657,1.34566705758702,0.0600706713780919,0.26063960926995,0.216708164799235,2111,"tags=38%, list=22%, signal=30%","Six3/Sox5/Gli3/Lrp6/Vax1/Disc1/Lef1/Hif1a/Fgfr3/Fgfr1/Cip2a/Prox1/Bdnf/Plxnb2/Tafa1/Pax6/Zfp335/Fgfr2/Fgf13/Nbn/Numb/Fzd9/Vegfa/Frs2"
"GO:2000781","GO:2000781","positive regulation of double-strand break repair",64,0.337292878311422,1.34279453138651,0.0603907637655417,0.261511956005739,0.217433475356257,1391,"tags=27%, list=15%, signal=23%","Arid1a/Spire1/Mgmt/Arid2/Shld2/Rif1/Pbrm1/Crebbp/Kmt5b/Actl6a/Dpf3/Spidr/Smarcd2/Epc1/Smchd1/Ing3/Ercc6"
"GO:0060612","GO:0060612","adipose tissue development",45,0.380867984677531,1.41078659730404,0.0608228980322004,0.262988362705946,0.2186610300913,1275,"tags=31%, list=13%, signal=27%","Ap1s2/Ppargc1a/Vps13b/Lrp5/Klf7/Pum2/Rasal2/Sptlc2/Ncoa2/Zfp516/Arid5b/Spi1/Ncoa1/Paxip1"
"GO:0001778","GO:0001778","plasma membrane repair",22,-0.472730868180081,-1.49852600948737,0.0620016225677665,0.263661059450423,0.219220342152005,1862,"tags=64%, list=20%, signal=51%","Ano5/Vps4a/Arl8b/Syt7/Dysf/Chmp4b/Chmp3/Chmp7/Rab3a/Chmp1a/Vps4b/Chmp5/Chmp2b/Chmp2a"
"GO:0032801","GO:0032801","receptor catabolic process",21,0.472642385299931,1.47135463861707,0.0617977528089888,0.263661059450423,0.219220342152005,1957,"tags=38%, list=21%, signal=30%","Mylip/Smurf1/Mtmr2/Dtx3l/Itch/Kif16b/Znrf3/Laptm5"
"GO:0071480","GO:0071480","cellular response to gamma radiation",22,-0.46229430208467,-1.46544277588361,0.061965811965812,0.263661059450423,0.219220342152005,1263,"tags=27%, list=13%, signal=24%","Kdm1a/Gtf2h5/Egr1/Rpl26/H2aj/Chek2"
"GO:0043367","GO:0043367","CD4-positive, alpha-beta T cell differentiation",36,0.416020409756157,1.46539917217523,0.0612222512836649,0.263661059450423,0.219220342152005,2152,"tags=39%, list=23%, signal=30%","Rora/Tox/Rc3h1/Ep300/Lef1/Runx1/Sh3rf1/Brd2/Socs5/Cbfb/Mtor/Irf1/Ncor1/Kmt2a"
"GO:0032611","GO:0032611","interleukin-1 beta production",23,-0.453682319813922,-1.45674582285618,0.0615711252653928,0.263661059450423,0.219220342152005,3039,"tags=57%, list=32%, signal=38%","Git1/Hmgb1/Hk1/Panx1/Ifnar1/Ripk2/Arg2/Stat3/Rad21/Stmp1/Egr1/Errfi1/Gstp3"
"GO:0032651","GO:0032651","regulation of interleukin-1 beta production",23,-0.453682319813922,-1.45674582285618,0.0615711252653928,0.263661059450423,0.219220342152005,3039,"tags=57%, list=32%, signal=38%","Git1/Hmgb1/Hk1/Panx1/Ifnar1/Ripk2/Arg2/Stat3/Rad21/Stmp1/Egr1/Errfi1/Gstp3"
"GO:0030890","GO:0030890","positive regulation of B cell proliferation",22,0.457823701461091,1.4407548405259,0.0617977528089888,0.263661059450423,0.219220342152005,1091,"tags=27%, list=12%, signal=24%","Vav3/Bcl2/Atad5/Ptprc/Cd74/Tfrc"
"GO:0090128","GO:0090128","regulation of synapse maturation",23,0.45554850531807,1.43534906925533,0.0621468926553672,0.263661059450423,0.219220342152005,982,"tags=35%, list=10%, signal=31%","Dab1/Adgrb3/Nrxn1/Rock1/Nrg2/Disc1/Dlgap4/Dab2ip"
"GO:0050433","GO:0050433","regulation of catecholamine secretion",38,-0.382044737308846,-1.40148363085075,0.0615384615384615,0.263661059450423,0.219220342152005,3166,"tags=42%, list=33%, signal=28%","Pink1/Adora2b/Syt7/Ptger3/Chrna4/Snca/Rtn4/Oprk1/Htr1b/Rab3a/Abat/Prkcb/Crhr2/Sdhd/Ptgs1/Stx1a"
"GO:0048168","GO:0048168","regulation of neuronal synaptic plasticity",51,-0.352048270888213,-1.39442443376805,0.0620689655172414,0.263661059450423,0.219220342152005,1708,"tags=33%, list=18%, signal=27%","S100b/Shisa6/Nsmf/Shank3/Kras/Rab3a/Cpeb1/Arc/Rab8a/Egr2/Rasgrf1/Nf1/Fxr1/Egr1/Slc4a10/Rac1/Kit"
"GO:0038061","GO:0038061","non-canonical NF-kappaB signal transduction",62,0.345523069987756,1.36609767220572,0.0621669626998224,0.263661059450423,0.219220342152005,2060,"tags=35%, list=22%, signal=28%","Sash1/Rc3h1/Smpd3/Egfr/Zfp91/Nr3c2/Btrc/Rassf2/Crebbp/Ifi35/Spi1/Eda/Ago3/Map3k7/Chuk/Tab3/Ptp4a3/Rel/Tab2/Ank3/Laptm5/C1qtnf4"
"GO:0140238","GO:0140238","presynaptic endocytosis",71,-0.311035162845514,-1.32323841078844,0.0620842572062084,0.263661059450423,0.219220342152005,2820,"tags=45%, list=30%, signal=32%","Syt7/Calm1/Sncb/Ap2s1/Canx/Tor1a/Capn2/Sgip1/Snca/Btbd8/Ophn1/Park7/Ap2a2/Sh3gl1/Lrrk2/Cxadr/Ppp3cb/Synj1/Bin1/Calm2/Dnm1l/Ap2b1/Ap2m1/Dnm1/Rac1/Necap1/Arpc3/Cltc/Pacsin1/Dnajc6/Stx1a/Snap91"
"GO:0044843","GO:0044843","cell cycle G1/S phase transition",154,0.276597706660391,1.27318488021887,0.0616438356164384,0.263661059450423,0.219220342152005,1524,"tags=25%, list=16%, signal=22%","Arid1a/Nfatc1/Bcl2/Egfr/Cdk6/Arid2/Cul4a/Tfdp1/Pkd1/Pias1/Ino80/Lats1/Ppp3ca/Mtbp/Mn1/Stxbp4/Pbrm1/Crebbp/Plcb1/Ankrd17/Ddr2/Appl2/Gigyf2/Actl6a/Dpf3/Ambra1/Cdkn2c/Ezh2/Smarcd2/Myo16/Ccnj/Ube2e2/Kmt2e/Ctdspl/Acvr1/Kif14/Rbl1/Usp37/Ctdsp1"
"GO:0010565","GO:0010565","regulation of ketone metabolic process",80,0.320643140377211,1.33204826324103,0.0622775800711744,0.263742350844738,0.219287931682719,1894,"tags=35%, list=20%, signal=28%","Insig1/Ppargc1a/Ncor2/Elovl5/Scap/Srebf1/Mid1ip1/Clcn2/Prkg1/Rest/Sox9/Cd74/Dcaf5/Appl2/Brca1/Prox1/Ppara/Cnr1/Mfsd2a/Mapk9/Rdh10/Creb1/Nr1h3/Tpk1/Mtor/Wnt4/Eif2ak3/Sirt2"
"GO:0033687","GO:0033687","osteoblast proliferation",20,0.476717939795491,1.47164434000742,0.0625,0.264296187683284,0.219748417965735,1653,"tags=35%, list=17%, signal=29%","Bcl2/Lrp5/Igf1r/Mn1/Abl1/Fgfr2/Axin2"
"GO:0006622","GO:0006622","protein targeting to lysosome",22,-0.470269842094258,-1.49072471736141,0.0645716154709715,0.267910225921522,0.222753301207835,2172,"tags=45%, list=23%, signal=35%","Scarb2/Lhcgr/Vps53/Sorl1/Hspa8/M6pr/Ncoa4/Gga3/Lamp2/Sort1"
"GO:0060914","GO:0060914","heart formation",20,0.474760238131969,1.46560084902031,0.0643382352941176,0.267910225921522,0.222753301207835,1026,"tags=30%, list=11%, signal=27%","Robo1/Robo2/Bmpr1a/Rbpj/Ext1/Lrp2"
"GO:0009309","GO:0009309","amine biosynthetic process",23,-0.44871211649883,-1.4407868079204,0.0636942675159236,0.267910225921522,0.222753301207835,2381,"tags=57%, list=25%, signal=42%","Snca/Aldh2/Sms/Park7/Nr4a2/Cyp2d22/Odc1/Oaz1/Kl/Crhr2/Azin1/Vps35/Amd1"
"GO:0042401","GO:0042401","biogenic amine biosynthetic process",23,-0.44871211649883,-1.4407868079204,0.0636942675159236,0.267910225921522,0.222753301207835,2381,"tags=57%, list=25%, signal=42%","Snca/Aldh2/Sms/Park7/Nr4a2/Cyp2d22/Odc1/Oaz1/Kl/Crhr2/Azin1/Vps35/Amd1"
"GO:0060325","GO:0060325","face morphogenesis",28,0.433190177475598,1.43930623574557,0.0646319569120287,0.267910225921522,0.222753301207835,1935,"tags=46%, list=20%, signal=37%","Tgfb2/Tcf7l2/Lrp6/Ep300/Ski/Lef1/Crebbp/Arid5b/Dlx5/Asph/Csrnp1/Crispld1/Mmp2"
"GO:0072583","GO:0072583","clathrin-dependent endocytosis",36,-0.39428669545846,-1.4322907900337,0.0646551724137931,0.267910225921522,0.222753301207835,3371,"tags=61%, list=36%, signal=40%","Smap1/Picalm/Aak1/Hip1r/Scyl2/Fcho1/Fnbp1l/Ap2s1/Canx/Gpr107/Sgip1/Ap2a2/Neu3/Itga4/Ccdc32/Ap2b1/Ap2m1/Dnm1/Lmbrd1/Cltc/Dnajc6/Snap91"
"GO:0032411","GO:0032411","positive regulation of transporter activity",52,0.367039945390881,1.39838265259158,0.0645161290322581,0.267910225921522,0.222753301207835,2238,"tags=40%, list=24%, signal=31%","Adrb2/Ank2/Lrrc38/Fgf14/Akap9/Plcb1/Chp1/Wnk2/Stimate/Prkcd/Slc9a1/Fgf13/Asph/Casq1/Ank3/Atp1b1/Dmd/Lrrc55/Vmp1/Akap7/Htt"
"GO:0002200","GO:0002200","somatic diversification of immune receptors",52,0.364896697409057,1.39021710866204,0.0645161290322581,0.267910225921522,0.222753301207835,1457,"tags=31%, list=15%, signal=26%","Bcl11b/Nhej1/Shld2/Adar/Atad5/Lef1/Rif1/Samhd1/Ptprc/Kmt5b/Tfrc/Swap70/Ezh2/Polq/Paxip1/Atm"
"GO:0010761","GO:0010761","fibroblast migration",48,0.367252816181962,1.37900557542609,0.0644007155635063,0.267910225921522,0.222753301207835,1863,"tags=38%, list=20%, signal=30%","Fndc3b/Pmp22/Gna12/Slc8a1/Ptk2/Itgb1bp1/Fut8/Ddr2/Appl2/Fgfr1/Gna13/Rcc2/Arid5b/Nherf1/Clasp2/Prkce/Zeb2/Rffl"
"GO:0043242","GO:0043242","negative regulation of protein-containing complex disassembly",64,0.334939050762792,1.33342372351191,0.063943161634103,0.267910225921522,0.222753301207835,2277,"tags=39%, list=24%, signal=30%","Cib1/Carmil1/Scaf8/Mid1ip1/Taok1/Clasp1/Atxn7/Nav3/Ttbk2/Add3/Diaph3/Map2/Sptb/Eps8/Svil/Camsap2/Swap70/Clasp2/Fgf13/Cracd/Eml4/Clec16a/Gsn/Tpx2/Bmerb1"
"GO:0014013","GO:0014013","regulation of gliogenesis",85,0.316076487908163,1.32515139725558,0.0636042402826855,0.267910225921522,0.222753301207835,1352,"tags=22%, list=14%, signal=19%","Aspa/Zcchc24/Dab1/Qki/Egfr/Ptpra/Tenm4/Enpp2/Atxn1/Ptk2/Fas/Ski/Clcn2/Fgfr3/Lrp2/Daam2/Ezh2/Mir219a-1/Gpr37l1"
"GO:0018958","GO:0018958","phenol-containing compound metabolic process",63,-0.321422980344727,-1.32220348994206,0.0642201834862385,0.267910225921522,0.222753301207835,1332,"tags=25%, list=14%, signal=22%","Nr4a2/Abat/Maoa/Comt/Ddt/Cyp2d22/Ctsb/Mtpn/a/Reln/Hprt1/Kl/Crhr2/Gipc1/Vps35/Slc24a5"
"GO:0022408","GO:0022408","negative regulation of cell-cell adhesion",94,0.304246816576182,1.29280350021663,0.0645161290322581,0.267910225921522,0.222753301207835,1957,"tags=30%, list=21%, signal=24%","Rc3h1/Wnk1/Gli3/Zfp703/Ptk2/Mad1l1/Runx1/Prkg1/Cd74/Apoa1/Spint2/Pde5a/Abl1/Ppara/Swap70/Spi1/Pawr/Itch/Scrib/Socs5/Prkcd/Cbfb/Map2k5/Pag1/Marchf7/Irf1/Cblb/Laptm5"
"GO:0018105","GO:0018105","peptidyl-serine phosphorylation",137,0.279381732974065,1.26942443311122,0.0639032815198618,0.267910225921522,0.222753301207835,1542,"tags=26%, list=16%, signal=22%","Fnip2/Myo3b/Prkd1/Phip/Bcl2/Egfr/Wnk1/Bcar3/Pkd1/Hipk2/Nrxn1/Mapkapk3/Rassf2/Rock1/Epm2a/Srpk2/Mark3/Lats1/Dclk2/Akap9/Hipk3/Tenm1/Ttbk1/Prkca/Ttbk2/Akt3/Top1/Tfrc/Bdnf/Spry2/Smyd3/Ercc6/Ip6k2/Atm/Mapkap1/Prkcd"
"GO:0006692","GO:0006692","prostanoid metabolic process",24,-0.44749057364731,-1.45068641409123,0.0649350649350649,0.268567335243553,0.223299653144322,1469,"tags=33%, list=16%, signal=28%","Cthrc1/Comt/Mif/Mgst3/Ptges3/Fabp5/Ptgs1/Gstp3"
"GO:0032869","GO:0032869","cellular response to insulin stimulus",178,0.266445345393486,1.25369747354388,0.065,0.268567335243553,0.223299653144322,1614,"tags=23%, list=17%, signal=19%","Erbb4/Insig1/Ptprf/Phip/Egfr/Capn10/Epha5/Bcar3/Pde3b/Foxo1/Ptpra/Epha3/Slc27a1/Epha4/Srebf1/Pik3r3/Igf1r/Snx5/Sesn3/Stxbp4/Ncoa2/Plcb1/Grb10/Prkca/Fgfr3/Akt3/Ddr2/Appl2/Fgfr1/C2cd5/Ncoa1/Pdgfrb/Pax6/Rab31/Ncoa5/Fgfr2/Mapkap1/Prkcd/C1qtnf9/Slc9a1/Gpam"
"GO:0014902","GO:0014902","myotube differentiation",72,0.331194412091811,1.3427898490494,0.0653357531760436,0.269568400800729,0.224131986650143,1376,"tags=24%, list=15%, signal=20%","Adgrb3/Dock1/Bcl2/Hdac4/Rbm24/Klf5/Pmp22/Bcl9/Ski/Ppp3ca/Nfatc3/Neo1/Bdnf/Myocd/Large1/Dock5/Smyd3"
"GO:0034391","GO:0034391","regulation of smooth muscle cell apoptotic process",22,-0.457347064305948,-1.44976035490046,0.0662393162393162,0.272411645171502,0.226495995218878,1774,"tags=41%, list=19%, signal=33%","Stub1/Bag1/Stk4/Dnmt1/Gapdh/Nr4a3/Arrb1/Sod2/Dipk2a"
"GO:0045685","GO:0045685","regulation of glial cell differentiation",58,0.346850314488274,1.34959774188444,0.0663082437275986,0.272411645171502,0.226495995218878,1894,"tags=31%, list=20%, signal=25%","Aspa/Dab1/Qki/Tcf7l2/Ptpra/Tenm4/Enpp2/Epha4/Sox1/Clcn2/Fgfr3/Daam2/Mir219a-1/Gpr37l1/Ptprz1/Mtor/Lingo1/Sirt2"
"GO:0010594","GO:0010594","regulation of endothelial cell migration",111,0.298203712765211,1.31072780602867,0.0662020905923345,0.272411645171502,0.226495995218878,2785,"tags=44%, list=29%, signal=32%","Rhoj/Sash1/Prkd1/Spred1/Bcas3/Nr2f2/Cib1/Sema5a/Fgf18/Hif1a/Wnt7a/Rin2/Itgb1bp1/Prkca/Pik3c2a/Akt3/Fgfr1/Dab2ip/Prox1/Abl1/Grn/Egf/Amot/Jcad/Gab1/Patz1/Angpt2/Map2k5/Adgrb1/Angpt1/Emp2/Vegfa/Pik3cb/Plpp3/Col18a1/Pdcd6/Bmper/Agt/Map3k3/Dicer1/Fbxw7/Rock2/Wnt5a/Prcp/Hdac9/Calr/Fgf2/Gadd45a/Atp2b4"
"GO:1901016","GO:1901016","regulation of potassium ion transmembrane transporter activity",26,0.435750920174442,1.40747783246513,0.066543438077634,0.272989011971403,0.226976045430636,3293,"tags=69%, list=35%, signal=45%","Ank2/Nr3c2/Lrrc38/Akap9/Kcne2/Ank3/Atp1b1/Lrrc55/Akap7/Crbn/Itgb1/Nedd4/Stk39/Akap6/Kcne4/Rnf207/Agrn/Cacna1d"
"GO:0008543","GO:0008543","fibroblast growth factor receptor signaling pathway",81,0.316544847477658,1.31160041384572,0.0670289855072464,0.274590332674572,0.228307459607517,1883,"tags=33%, list=20%, signal=27%","Fgfrl1/Erbb4/Tcf7l2/Egfr/Epha5/Epha3/Nrxn1/Epha4/Igf1r/Fgf18/Ext1/Fam20c/Fgfr3/Ddr2/Fgfr1/Pdgfrb/Zdhhc16/Spry2/Fgf9/Kif16b/Fgfr2/Ofd1/Grb2/Wnt4/Creb3l1/Ret/Gpc1"
"GO:1902692","GO:1902692","regulation of neuroblast proliferation",37,0.385275964282816,1.3721139609258,0.0677655677655678,0.276039403158047,0.229512285712107,1509,"tags=32%, list=16%, signal=27%","Six3/Gli3/Vax1/Disc1/Hif1a/Fgfr3/Cip2a/Prox1/Bdnf/Tafa1/Pax6/Zfp335"
"GO:0010656","GO:0010656","negative regulation of muscle cell apoptotic process",37,0.384043058212524,1.367723114394,0.0677655677655678,0.276039403158047,0.229512285712107,490,"tags=19%, list=5%, signal=18%","Erbb4/Qki/Hey2/Bcl2/Atg7/Lrp6/Igf1r"
"GO:0051937","GO:0051937","catecholamine transport",58,-0.332794299463516,-1.35907500630666,0.0675675675675676,0.276039403158047,0.229512285712107,2622,"tags=36%, list=28%, signal=26%","Ptger3/Rab3b/Chrna4/Nat8l/Tor1a/Snca/Rtn4/Oprk1/Park7/Nisch/Htr1b/Rab3a/Abat/Comt/Prkcb/Chrm5/Crhr2/Slc6a2/Sdhd/Ptgs1/Stx1a"
"GO:0000045","GO:0000045","autophagosome assembly",83,-0.301514644973703,-1.31947627179099,0.0677200902934537,0.276039403158047,0.229512285712107,3166,"tags=48%, list=33%, signal=32%","Pink1/Ubxn2b/Lrsam1/Fez2/Pikfyve/Tmem41b/Atp2a2/Traf6/Pip4k2c/Snx7/Atg13/Snx4/Ulk2/Ift88/Tbc1d12/Stx12/Atg9b/Smcr8/Atg101/Rab1a/Lrba/Lrrk2/Wipi1/Map1lc3a/Ralb/Sec22b/Emc6/Atg4b/Pip4k2b/Atg4c/Synpo2/Ubxn2a/Rab23/Ctsd/Trim32/Ift20/Nsfl1c/Gabarapl1/Gabarapl2/Chek2"
"GO:0002824","GO:0002824","positive regulation of adaptive immune response based on somatic recombination of immune receptors built from immunoglobulin superfamily domains",49,0.361043414096313,1.37027127606585,0.0679442508710801,0.276376896350064,0.22979289360006,1337,"tags=29%, list=14%, signal=25%","B2m/Shld2/Tap2/Ep300/Atad5/Rif1/Dennd1b/Ptprc/Brd2/Kmt5b/Tfrc/Paxip1/Fbxo38/Map3k7"
"GO:0048660","GO:0048660","regulation of smooth muscle cell proliferation",109,0.297542120106736,1.30056070343768,0.0680628272251309,0.276469286925743,0.229869711517937,2111,"tags=33%, list=22%, signal=26%","Tafa5/Ppargc1a/Smpd3/Tcf7l2/Bmpr1a/Hdac4/Egfr/Calcrl/Gna12/Ptk2/Igf1r/Pdgfd/Prkg1/Hif1a/Prkca/Ddr2/Igfbp5/Gna13/Myocd/Mef2d/Pdgfrb/Map3k7/Fgf9/Tgfbr2/Fgfr2/Hbegf/Bmpr2/Mtor/Tacr1/Apod/Mmp2/S1pr1/Esr2/Vegfa/Foxj2/Frs2"
"GO:0042490","GO:0042490","mechanoreceptor differentiation",61,0.34390647619627,1.35292986824961,0.0682226211849192,0.276728606887914,0.230085322465387,1467,"tags=31%, list=15%, signal=26%","Myo3b/Hey2/Ush1c/Gabrb2/Cux1/Rbpj/Rest/Fgfr3/Diaph3/Fgfr1/Alms1/Bdnf/Otog/Nherf1/Tsku/Fzd2/Vangl2/Trip11/Scrib"
"GO:0070228","GO:0070228","regulation of lymphocyte apoptotic process",29,0.424560513268211,1.42408126350935,0.0697674418604651,0.276766578164486,0.230116893590298,802,"tags=21%, list=8%, signal=19%","Bcl11b/Tgfb2/Bcl2/Hif1a/Cd74/St3gal1"
"GO:0010664","GO:0010664","negative regulation of striated muscle cell apoptotic process",23,0.447223321501082,1.40911795510701,0.0696798493408663,0.276766578164486,0.230116893590298,1182,"tags=26%, list=12%, signal=23%","Qki/Hey2/Bcl2/Atg7/Ambra1/Myocd"
"GO:0038145","GO:0038145","macrophage colony-stimulating factor signaling pathway",29,0.419993840646213,1.40876351088203,0.0697674418604651,0.276766578164486,0.230116893590298,1243,"tags=34%, list=13%, signal=30%","Erbb4/Egfr/Epha5/Epha3/Epha4/Igf1r/Fgfr3/Ddr2/Fgfr1/Pdgfrb"
"GO:0098703","GO:0098703","calcium ion import across plasma membrane",23,0.446067846864137,1.40547726827493,0.0696798493408663,0.276766578164486,0.230116893590298,1507,"tags=26%, list=16%, signal=22%","Adrb2/Fyn/Slc8a1/Ppp3ca/Pawr/Cacna1c"
"GO:1902656","GO:1902656","calcium ion import into cytosol",23,0.446067846864137,1.40547726827493,0.0696798493408663,0.276766578164486,0.230116893590298,1507,"tags=26%, list=16%, signal=22%","Adrb2/Fyn/Slc8a1/Ppp3ca/Pawr/Cacna1c"
"GO:1902305","GO:1902305","regulation of sodium ion transmembrane transport",31,0.413204740997614,1.39847280879524,0.0690909090909091,0.276766578164486,0.230116893590298,1949,"tags=42%, list=21%, signal=33%","Wnk1/Fgf12/Fgf14/Plcb1/Chp1/Wnk2/Nherf1/Slc9a1/Fgf13/Slmap/Ank3/Atp1b1/Dmd"
"GO:0030203","GO:0030203","glycosaminoglycan metabolic process",53,0.351140310191511,1.34483278398775,0.0691489361702128,0.276766578164486,0.230116893590298,1322,"tags=26%, list=14%, signal=23%","Cemip/Smpd3/Csgalnact1/Xylt1/Chst11/Pxylp1/B4galnt4/Ext1/B4galt7/Ndst2/Galns/Pdgfrb/Egf/Chsy1"
"GO:0022404","GO:0022404","molting cycle process",72,0.329614587673107,1.33638463170495,0.0689655172413793,0.276766578164486,0.230116893590298,1518,"tags=29%, list=16%, signal=25%","Trps1/Tgfb2/Bcl2/Egfr/Ldb2/Sox21/Pum2/Rbpj/Runx1/Ext1/Lrig1/Sox9/Lrp4/Cd109/Igfbp5/Lgr4/Eda/Celsr1/Vangl2/Apcdd1/Fgfr2"
"GO:0022405","GO:0022405","hair cycle process",72,0.329614587673107,1.33638463170495,0.0689655172413793,0.276766578164486,0.230116893590298,1518,"tags=29%, list=16%, signal=25%","Trps1/Tgfb2/Bcl2/Egfr/Ldb2/Sox21/Pum2/Rbpj/Runx1/Ext1/Lrig1/Sox9/Lrp4/Cd109/Igfbp5/Lgr4/Eda/Celsr1/Vangl2/Apcdd1/Fgfr2"
"GO:0051952","GO:0051952","regulation of amine transport",71,-0.308099380258666,-1.31074869660596,0.0687361419068736,0.276766578164486,0.230116893590298,2622,"tags=35%, list=28%, signal=26%","Ptger3/Rab3b/Chrna4/Nat8l/Tor1a/Snca/Rtn4/Oprk1/Rgs4/Arg2/Rgs2/Htr1b/Arl6ip5/Rab3a/Abat/Cck/Prkcb/Npy5r/Arl6ip1/Stxbp1/Crhr2/Sdhd/Ptgs1/Stx1a/Sv2a"
"GO:0046328","GO:0046328","regulation of JNK cascade",86,0.312509761154613,1.30919354785335,0.0692717584369449,0.276766578164486,0.230116893590298,1777,"tags=34%, list=19%, signal=28%","Prkn/Fgd4/Egfr/Phlpp1/Hipk2/Map2k4/Igf1r/Rassf2/Sh3rf3/Taok1/Hipk3/Plcb1/Wnt7a/Sh3rf1/Mfhas1/Tnik/Dab2ip/Zmynd11/Itch/Map3k7/Mapk9/Taok3/Rasgrp1/Card9/Map4k4/Stk3/Mdfic/Rapgef1/Tirap"
"GO:0097553","GO:0097553","calcium ion transmembrane import into cytosol",107,0.29873275069706,1.30127339150856,0.0696864111498258,0.276766578164486,0.230116893590298,756,"tags=15%, list=8%, signal=14%","Chd7/Adrb2/Tgfb2/Prkd1/Cemip/Fyn/Bcl2/Plcb4/Ank2/Plce1/Adcyap1r1/Slc8a1/Ppp3ca/Ntsr1/Ptprc/Plcb1"
"GO:0043270","GO:0043270","positive regulation of monoatomic ion transport",127,0.283849080842263,1.27163863591021,0.0694444444444444,0.276766578164486,0.230116893590298,2238,"tags=30%, list=24%, signal=23%","Kcnc1/Adrb2/Cemip/Kcnc2/Ank2/Wnk1/Adcyap1r1/Lrrc38/Fgf12/Ppp3ca/Fgf14/Ntsr1/Akap9/Plcb1/Chp1/Akt3/Abl1/Wnk2/Nherf1/Dpp6/Pdgfrb/Cask/Trpc4/Cacna1c/Stimate/Slc9a1/Fgf13/Asph/Casq1/Ank3/Atp1b1/Dmd/Lrrc55/Ano6/Atp2b2/Vmp1/Akap7/Htt"
"GO:0048813","GO:0048813","dendrite morphogenesis",155,0.275917886094709,1.26721975054657,0.0687285223367698,0.276766578164486,0.230116893590298,1455,"tags=21%, list=15%, signal=18%","Robo1/Kalrn/Adgrb3/Ctnnd2/Ctnna2/Lrp8/Ptprf/Fyn/Dscam/Epha5/Farp1/Il1rapl1/Prex2/Epha4/Cux1/Igf2bp1/Klf7/Ppp3ca/Rbfox2/Lrp4/Wnt7a/Stau2/Grip1/Tnik/Abi1/Abi2/Tet1/Cux2/Cask/Afdn/Wasl/Dip2a/Hecw2"
"GO:1901342","GO:1901342","regulation of vasculature development",161,0.272328137231734,1.25428503852636,0.0689655172413793,0.276766578164486,0.230116893590298,1447,"tags=22%, list=15%, signal=19%","Rhoj/Adgrb3/Sash1/Tafa5/Qki/Adrb2/Tgfb2/Prkd1/Fyn/Ninj1/Spred1/Wnk1/Pde3b/Hipk2/Adam12/Sema5a/Rock1/Fgf18/Wars2/Runx1/Hif1a/Tspan18/Prkca/Akt3/Dab2ip/Brca1/Smad1/Abl1/Grn/Spry2/Amot/Jcad/Gab1/Tjp1/Tgfbr2"
"GO:0060560","GO:0060560","developmental growth involved in morphogenesis",195,0.262900571918895,1.24709190263597,0.0696095076400679,0.276766578164486,0.230116893590298,1612,"tags=24%, list=17%, signal=20%","Robo1/Bcan/Prkn/Auts2/Alcam/Cdh4/Cadm1/Dscam/Yap1/Smurf1/Lrp6/Ep300/Sema5a/Pum2/Vcl/Ryk/Disc1/Prkg1/Ext1/Sox9/Adnp/Mgll/Raph1/St8sia2/Cobl/Map2/Ptprs/Ttc3/Abl1/Sema3g/Bdnf/Syt1/Ngf/Nkd1/Afdn/Spry2/Vangl2/Jade2/Clasp2/Rdh10/Tgfbr2/Fgfr2/Rufy3/Ist1/Bmpr2/Sema3f/Fgf13"
"GO:0043462","GO:0043462","regulation of ATP-dependent activity",37,-0.38281028207491,-1.39558806458793,0.0701754385964912,0.277241047825042,0.230511390227552,1645,"tags=30%, list=17%, signal=25%","Ublcp1/Hspa2/Dnajb11/Dnajc9/Ssbp1/Myl4/Msh6/Oxa1l/Chtop/Dnajb2/Pfn2"
"GO:0061138","GO:0061138","morphogenesis of a branching epithelium",128,0.282046713750991,1.26970456190839,0.0700854700854701,0.277241047825042,0.230511390227552,1518,"tags=27%, list=16%, signal=23%","Gpc3/Agtr1b/Nfatc1/Gzf1/Bcl2/Yap1/Greb1l/Pkd1/Gli3/Rxra/Btrc/Lrp5/Lrp6/Sema5a/Lef1/Nfatc3/Ext1/Sox9/Spint2/Fgfr1/Rbm15/Gna13/Lgr4/Prox1/Abl1/Spry2/Egf/Celsr1/Ncoa3/Vangl2/Rdh10/Tgfbr2/Acvr1/Fgfr2"
"GO:0034976","GO:0034976","response to endoplasmic reticulum stress",192,-0.249065289067493,-1.22393815275394,0.070048309178744,0.277241047825042,0.230511390227552,2642,"tags=35%, list=28%, signal=26%","Uggt1/Yod1/Rhbdd1/Canx/Psmc6/Qrich1/Erlin1/Selenok/Tor1a/Amfr/Nfe2l1/Trim13/Txndc12/Man1b1/Ufd1/Park7/Alox5/Usp13/Creb3l2/Eif2ak2/Jun/Sel1l/Derl1/Stub1/Elavl4/Sdf2l1/Tmem259/Ppp1r15b/Lrrk2/Ddx3x/Jkamp/Casp9/Usp14/Ube4b/Eif4g1/Edem2/Sec16a/Eif2s1/Uba5/Srpx/Map3k5/Tmed2/Stc2/Get4/Ubxn2a/Tmem258/Ppp2cb/Ficd/Sec61b/Rasgrf1/Serp1/Sgta/Dnm1l/Casp3/Parp16/P4hb/Dnajb9/Eif2b5/Cebpb/Atxn3/Cops5/Dnajb2/Ubxn10/Ufm1/Usp19/Man1c1/Bok"
"GO:0050768","GO:0050768","negative regulation of neurogenesis",103,0.298372221435477,1.2921455608248,0.070298769771529,0.277348361177961,0.230600615652017,1612,"tags=28%, list=17%, signal=24%","Dab1/B2m/Bmpr1a/Ptk2/Sema5a/Fas/Ski/Vax1/Ryk/Ppp3ca/Rest/Lrp4/Wnt7a/Fgfr3/Appl2/Map2/Ptprs/Prox1/Ttc3/Sema3g/Bdnf/Daam2/Pax6/Gpr37l1/Ctdsp1/Idh2/Rufy3/Sema3f/Fgf13"
"GO:0036005","GO:0036005","response to macrophage colony-stimulating factor",30,0.419226639771897,1.41755460322346,0.0716845878136201,0.278623114898221,0.231660506510748,1243,"tags=33%, list=13%, signal=29%","Erbb4/Egfr/Epha5/Epha3/Epha4/Igf1r/Fgfr3/Ddr2/Fgfr1/Pdgfrb"
"GO:0036006","GO:0036006","cellular response to macrophage colony-stimulating factor stimulus",30,0.419226639771897,1.41755460322346,0.0716845878136201,0.278623114898221,0.231660506510748,1243,"tags=33%, list=13%, signal=29%","Erbb4/Egfr/Epha5/Epha3/Epha4/Igf1r/Fgfr3/Ddr2/Fgfr1/Pdgfrb"
"GO:0045879","GO:0045879","negative regulation of smoothened signaling pathway",30,0.418766889623214,1.4160000242016,0.0716845878136201,0.278623114898221,0.231660506510748,872,"tags=20%, list=9%, signal=18%","Gpc3/Sall3/Rfx4/Gli3/Tulp3/Fgfr3"
"GO:0032623","GO:0032623","interleukin-2 production",30,0.41680974196317,1.40938221080073,0.0716845878136201,0.278623114898221,0.231660506510748,2164,"tags=40%, list=23%, signal=31%","Runx1/Ptprc/Nav3/Abl1/Homer2/Pawr/Map3k7/Card9/Gpam/Laptm5/Prkcq/Fcer1g"
"GO:0045777","GO:0045777","positive regulation of blood pressure",23,0.445617303123173,1.40405768829233,0.0715630885122411,0.278623114898221,0.231660506510748,422,"tags=26%, list=4%, signal=25%","Adra1d/Agtr1b/Adrb2/Wnk1/Nr2f2/Nr3c2"
"GO:0050919","GO:0050919","negative chemotaxis",31,0.413135328195033,1.39823788429569,0.0709090909090909,0.278623114898221,0.231660506510748,1611,"tags=39%, list=17%, signal=32%","Robo1/Unc5c/Robo2/Ryk/Rtn4rl1/Apoa1/Nrg3/Lgr4/Sema3g/Sema4g/Dpp4/Sema3f"
"GO:0070972","GO:0070972","protein localization to endoplasmic reticulum",54,-0.3483264444846,-1.39289139241098,0.0715506809658726,0.278623114898221,0.231660506510748,2341,"tags=44%, list=25%, signal=34%","Rtn4/Sec61a1/Mia2/Kdelr2/Naca/Spcs3/Chmp4b/Lrrk2/Sec16a/Fkrp/Ywhae/Srp68/Insig2/Get4/Spcs1/Srp72/Sec61b/Ssr3/Sgta/Srp9/Rer1/Srp54c/Sec61g/Gabarapl2"
"GO:0001657","GO:0001657","ureteric bud development",62,0.342966566779282,1.35599000245676,0.0710479573712256,0.278623114898221,0.231660506510748,2092,"tags=34%, list=22%, signal=27%","Gpc3/Agtr1b/Gzf1/Robo2/Bcl2/Greb1l/Gli3/Smad6/Sox9/Fgfr1/Lgr4/Smad1/Bdnf/Tshz3/Fgfr2/Wnt4/Ret/Lzts2/Fmn1/Vegfa/Rarb"
"GO:0016441","GO:0016441","post-transcriptional gene silencing",48,0.360254903331407,1.35272896048386,0.0715563506261181,0.278623114898221,0.231660506510748,1284,"tags=29%, list=14%, signal=25%","Wtip/Helz/Tnrc6b/Adar/Celf2/Elavl1/Pum2/Tnrc6a/Ago4/Ncbp3/Gigyf2/Tnrc6c/Celf1/Ago3"
"GO:0007519","GO:0007519","skeletal muscle tissue development",109,0.296704968969154,1.29690150428972,0.0715532286212914,0.278623114898221,0.231660506510748,1345,"tags=27%, list=14%, signal=23%","Foxp2/Adrb2/Tcf7l2/Bcl2/Hdac4/Ddx17/Rbm24/Klf5/Pmp22/Myl6/Nr2f2/Ep300/Bcl9/Ski/Vax1/Ppp3ca/Nfatc3/Nr1d2/Rbfox1/Mtm1/Mbnl1/Popdc2/Svil/Vps54/Myocd/Mef2d/Cops2/Large1/Chrna1"
"GO:0043487","GO:0043487","regulation of RNA stability",127,0.283500776168681,1.27007823741013,0.0711805555555556,0.278623114898221,0.231660506510748,2746,"tags=43%, list=29%, signal=31%","Qki/Tut4/Rc3h1/Calcr/Rbm24/Igf2bp3/Rbm47/Tnrc6b/Cnot2/Pan3/Igf2bp1/Rock1/Alkbh5/Elavl1/Pum2/Rbm33/Cpeb3/Tnrc6a/Larp4b/Thrap3/Gigyf2/Dcp1b/Tnrc6c/Celf1/Ago3/Brf1/Tent4a/Dcp1a/Axin2/Senp1/Samd4/Mtor/Tirap/Ptbp1/Tardbp/Fto/Pcbp4/Zc3h18/Vegfa/Mov10/Hnrnpu/Rbm38/Fmr1/Tbrg4/Nrde2/Dis3l2/Dicer1/Rock2/Tent5a/Pum1/Hnrnpd/Ythdf2/Ythdf3/Zfp36l2/Dhx36"
"GO:0061951","GO:0061951","establishment of protein localization to plasma membrane",56,-0.330203179936033,-1.33469081894096,0.0728929384965831,0.282938404608541,0.235248443571887,2548,"tags=43%, list=27%, signal=32%","Snx27/Sys1/Gga1/Lypla1/Scarb2/Csk/Nectin3/Nsg1/Rack1/Arfrp1/Sorl1/Gorasp1/Rab8a/Optn/Rab11fip3/Gga2/Nsf/Rab26/Atp2c1/Vamp3/Gga3/Arhgap44/Amn/Vps35"
"GO:0010821","GO:0010821","regulation of mitochondrion organization",70,-0.305379437745694,-1.29668784350087,0.0730088495575221,0.283007422209535,0.235305828087203,1745,"tags=30%, list=18%, signal=25%","Inf2/Rala/Ddhd2/Slc25a5/Gclc/Myo19/Ssbp1/Tmem14a/Pgam5/Dnm1l/Mapt/Pdcd5/Yme1l1/Bnip3/Higd1a/Vps35/Bok/Fam162a/Mllt11/Tnfsf10/Hgf"
"GO:0048645","GO:0048645","animal organ formation",38,0.374970880026333,1.34336607784103,0.0731261425959781,0.283081604358122,0.235367506652968,1653,"tags=32%, list=17%, signal=26%","Robo1/Robo2/Bmpr1a/Gli3/Rbpj/Ext1/Fgfr1/Lrp2/Rdh10/Tgfbr2/Fgfr2/Axin2"
"GO:0036323","GO:0036323","vascular endothelial growth factor receptor-1 signaling pathway",28,0.424547498752556,1.41059029982083,0.0736086175942549,0.284353916832127,0.236425367743479,1518,"tags=39%, list=16%, signal=33%","Erbb4/Egfr/Epha5/Epha3/Epha4/Igf1r/Fgfr3/Ddr2/Fgfr1/Pdgfrb/Fgfr2"
"GO:0050000","GO:0050000","chromosome localization",79,-0.311577073671363,-1.34616590879563,0.0736520027300966,0.284353916832127,0.236425367743479,1951,"tags=32%, list=21%, signal=25%","Actr3/Chmp4b/Brca2/Chmp3/Dsn1/Zw10/Terb1/Abraxas2/Chmp7/Iffo1/Chmp1a/Map1s/Actr2/Bub3/Abraxas1/Nsl1/Numa1/Nudc/Vps4b/Chmp5/Chmp2b/Katnb1/Chmp2a/Ube2b/Spdya"
"GO:0071385","GO:0071385","cellular response to glucocorticoid stimulus",35,0.385516109349322,1.35044841006505,0.0738007380073801,0.284547230499043,0.236586097918395,700,"tags=20%, list=7%, signal=19%","Agtr1b/Egfr/Foxo1/Foxo3/Sstr4/Rest/Nr3c1"
"GO:0048661","GO:0048661","positive regulation of smooth muscle cell proliferation",74,0.324800114074891,1.32458565416278,0.0741410488245931,0.285233215615894,0.237156458563766,2111,"tags=35%, list=22%, signal=28%","Ppargc1a/Smpd3/Bmpr1a/Hdac4/Egfr/Calcrl/Ptk2/Igf1r/Pdgfd/Hif1a/Prkca/Ddr2/Igfbp5/Mef2d/Pdgfrb/Map3k7/Fgf9/Tgfbr2/Fgfr2/Hbegf/Mtor/Mmp2/S1pr1/Vegfa/Foxj2/Frs2"
"GO:0061014","GO:0061014","positive regulation of mRNA catabolic process",73,0.322475573377591,1.31252392268831,0.0742753623188406,0.285233215615894,0.237156458563766,1396,"tags=26%, list=15%, signal=22%","Qki/Tut4/Rc3h1/Rbm24/Tnrc6b/Cnot2/Pan3/Igf2bp1/Rock1/Alkbh5/Elavl1/Cpeb3/Tnrc6a/Gigyf2/Dcp1b/Tnrc6c/Celf1/Ago3/Tent4a"
"GO:0009755","GO:0009755","hormone-mediated signaling pathway",124,0.285128676627194,1.27539259310996,0.07426597582038,0.285233215615894,0.237156458563766,1465,"tags=28%, list=15%, signal=24%","Esrrg/Arid1a/Pde3a/Zmiz1/Ncor2/Ddx17/Slc27a1/Rxra/Cnot2/Nr3c2/Ep300/Lats1/Sstr4/Ctbp2/Rbfox2/Mn1/Nr3c1/Nr1d2/Ncoa2/Ppargc1b/Clock/Appl2/Rxfp1/Brca1/Dhrs3/Trim24/Ppara/Bdnf/Ezh2/Ncoa1/Zfp536/Ncoa3/Kmt2e/Cyp7b1/Thra"
"GO:0003230","GO:0003230","cardiac atrium development",20,0.466875147331644,1.44125930808371,0.0753676470588235,0.286755005432252,0.238421746979586,1817,"tags=35%, list=19%, signal=28%","Tgfb2/Hey2/Ank2/Prox1/Acvr1/Bmpr2/Sox4"
"GO:0045601","GO:0045601","regulation of endothelial cell differentiation",20,0.464683572322871,1.434493842201,0.0753676470588235,0.286755005432252,0.238421746979586,2638,"tags=55%, list=28%, signal=40%","Zeb1/Rock1/Vcl/Plcb1/Vegfa/Foxj2/Vezf1/Add1/Dicer1/Rock2/Vhl"
"GO:0042509","GO:0042509","regulation of tyrosine phosphorylation of STAT protein",23,0.436818932566395,1.3763356502608,0.0753295668549906,0.286755005432252,0.238421746979586,1809,"tags=30%, list=19%, signal=25%","Erbb4/Pecam1/Fyn/Fgfr3/Parp14/Traf3ip1/Irf1"
"GO:1904705","GO:1904705","regulation of vascular associated smooth muscle cell proliferation",48,0.35764943658733,1.34294563682137,0.075134168157424,0.286755005432252,0.238421746979586,1518,"tags=29%, list=16%, signal=25%","Tafa5/Ppargc1a/Bmpr1a/Calcrl/Gna12/Prkg1/Ddr2/Igfbp5/Gna13/Myocd/Mef2d/Map3k7/Fgf9/Fgfr2"
"GO:0045861","GO:0045861","negative regulation of proteolysis",87,-0.297368284704561,-1.30857668505429,0.0751708428246014,0.286755005432252,0.238421746979586,1155,"tags=18%, list=12%, signal=16%","Gapdh/Ogt/Ubxn2a/Bin1/Rab23/Cstb/Alad/Rpl23/Rpl5/Sgta/Usp19/Ufsp2/Gipc1/Timp4/Gabarapl2/Serpind1"
"GO:0046467","GO:0046467","membrane lipid biosynthetic process",83,0.310517887663206,1.29523797993277,0.075134168157424,0.286755005432252,0.238421746979586,2126,"tags=29%, list=22%, signal=23%","Smpd3/Elovl5/Elovl2/Sgms1/Sptlc3/Atg7/Fut9/B3galt1/St6galnac3/Sptlc2/Elovl6/St3gal1/St8sia2/Agk/St6galnac6/Prkcd/Pigs/St3gal3/Pigq/Smpd2/Acer3/Mppe1/Cers6/Pemt"
"GO:0006520","GO:0006520","amino acid metabolic process",174,-0.251573275693597,-1.2289293817165,0.0752427184466019,0.286755005432252,0.238421746979586,2942,"tags=45%, list=31%, signal=31%","Acad8/Aasdh/Psph/Acy1/Acadsb/Farsb/Tdh/P4ha2/Gatc/Cth/Mthfd2l/Ahcyl/Cars1/Yars1/Fh1/Cps1/Tdo2/Bloc1s6/Scly/Hibch/Sars1/Nat8l/Aars2/Mthfr/Txnrd1/Adss2/Iars2/Mccc1/Dlst/Lars1/Got1/Wars1/Farsa/Park7/Qrsl1/Aldh6a1/Nos2/Arg2/Enoph1/Pars2/Pcbd2/Nox4/Asns/Acat1/Ero1b/Asl/Tars3/Asrgl1/Spr/Kars1/Pycr1/Bckdha/Pcmt1/Gclc/Mpst/Ggt5/Abat/Comt/Lrrc47/Pm20d1/Cyp2d22/Gcat/Aldh5a1/P4ha1/Oat/Rars1/P4hb/Got2/Odc1/Glul/Blmh/Oaz1/Qdpr/Dbt/Dld/Aadat/Nit2/Azin1"
"GO:0098876","GO:0098876","vesicle-mediated transport to the plasma membrane",124,-0.273723457614639,-1.27174049259445,0.0756501182033097,0.287381103360812,0.238942314568921,2548,"tags=40%, list=27%, signal=29%","Snx27/Sys1/Snx7/Gga1/Eps15/Lypla1/Micall1/Snx4/Stx6/Scarb2/Stx12/Csk/Ehd3/Rab8b/Vps53/Nsg1/Snap47/Ehd2/Snap23/Rack1/Llgl2/Vps29/Arfrp1/Snx17/Sec16a/Rab14/Sorl1/Exoc8/Snx3/Vps51/Rab8a/Optn/Vps39/Rab11fip3/Gga2/Nsf/Rab26/Atp2c1/Steap2/Vamp3/Gga3/Ptpn23/Rab35/Lmtk2/Mtmr4/Arhgap44/Amn/Stx16/Vps35"
"GO:0051896","GO:0051896","regulation of phosphatidylinositol 3-kinase/protein kinase B signal transduction",158,0.271034661497768,1.24866840520394,0.0757314974182444,0.287381103360812,0.238942314568921,1415,"tags=24%, list=15%, signal=21%","Vav3/Erbb4/Tgfb2/Prkd1/Fyn/Smpd3/Tcf7l2/Egfr/Calcr/Pde3b/Phlpp1/Magi2/Nrxn1/Cib1/Ptk2/Igf1r/Sema5a/Sesn3/Pdgfd/Ryk/Itgb1bp1/Fgfr3/Mfhas1/Mtm1/Ddr2/Fgfr1/Dab2ip/Igfbp5/Ambra1/Ccdc88a/Ppara/Nherf1/Pdgfrb/Nts/Spry2/Egf/Itsn1/Rasgrp1"
"GO:0090049","GO:0090049","regulation of cell migration involved in sprouting angiogenesis",25,0.438200651325284,1.40749452031522,0.0763500931098696,0.288850606946837,0.240164129726584,2766,"tags=56%, list=29%, signal=40%","Rhoj/Spred1/Cib1/Itgb1bp1/Pik3c2a/Akt3/Abl1/Jcad/Map2k5/Vegfa/Map3k3/Fbxw7/Hdac9/Fgf2"
"GO:0097345","GO:0097345","mitochondrial outer membrane permeabilization",20,-0.456760417647719,-1.40708343654041,0.0764192139737991,0.288850606946837,0.240164129726584,3125,"tags=65%, list=33%, signal=44%","Bak1/Hip1r/Bcl2l1/Mul1/Siva1/Chchd10/Slc25a5/Gclc/Bnip3l/Tmem14a/Vdac2/Bnip3/Bok"
"GO:0007623","GO:0007623","circadian rhythm",149,0.273711300120785,1.25940325224498,0.076271186440678,0.288850606946837,0.240164129726584,1822,"tags=27%, list=19%, signal=22%","Rora/Six3/Per3/Ppargc1a/Egfr/Htr7/Phlpp1/Atg7/Btrc/Srebf1/Ep300/Fas/Kcnd2/Rai1/Prkg1/Nr1d2/Ncoa2/Nrip1/Clock/Mtnr1b/Thrap3/Lgr4/Top1/Prox1/Klf10/Ppara/Bdnf/Ngf/Ezh2/Mapk9/Zfhx3/Cyp7b1/Kdm2a/Crtc1/Creb1/Ube3a/Btbd9/Pasd1/Mtor/Mtnr1a"
"GO:0060113","GO:0060113","inner ear receptor cell differentiation",57,0.343735339509028,1.33845921028005,0.0767857142857143,0.289856020942408,0.241000078730859,1467,"tags=32%, list=15%, signal=27%","Myo3b/Hey2/Ush1c/Gabrb2/Cux1/Rbpj/Rest/Fgfr3/Diaph3/Fgfr1/Alms1/Otog/Nherf1/Tsku/Fzd2/Vangl2/Trip11/Scrib"
"GO:0072599","GO:0072599","establishment of protein localization to endoplasmic reticulum",32,-0.399819469481824,-1.41737207688503,0.0776053215077605,0.291911979120225,0.24270950012259,1333,"tags=31%, list=14%, signal=27%","Srp68/Get4/Spcs1/Srp72/Sec61b/Ssr3/Sgta/Srp9/Srp54c/Sec61g"
"GO:0002224","GO:0002224","toll-like receptor signaling pathway",26,0.429844315642659,1.38839946783358,0.077634011090573,0.291911979120225,0.24270950012259,2504,"tags=50%, list=26%, signal=37%","Mapkapk3/Irf7/Mfhas1/Smpdl3b/Lgr4/Prkce/Rps6ka3/Tirap/Lrrfip2/Irf1/Pik3ap1/Tnip1/Tyro3"
"GO:1904888","GO:1904888","cranial skeletal system development",40,0.373013497406362,1.34818564790444,0.0776173285198556,0.291911979120225,0.24270950012259,1518,"tags=30%, list=16%, signal=25%","Insig1/Tgfb2/Gli3/Chst11/Tulp3/Ext1/Mthfd1l/Foxn3/Lrp2/Rdh10/Tgfbr2/Fgfr2"
"GO:0042491","GO:0042491","inner ear auditory receptor cell differentiation",36,0.381887576139235,1.34516895040427,0.0780669144981413,0.292717584369449,0.243379318634063,2303,"tags=42%, list=24%, signal=32%","Myo3b/Hey2/Ush1c/Cux1/Rbpj/Rest/Fgfr3/Fgfr1/Nherf1/Scrib/Myo6/Atp2b2/Myo3a/Sec24b/Wdpcp"
"GO:0071322","GO:0071322","cellular response to carbohydrate stimulus",112,0.295030644342999,1.29354012743776,0.0781527531083481,0.292717584369449,0.243379318634063,864,"tags=19%, list=9%, signal=17%","Zbtb20/Adcy5/Prkn/Tcf7l2/Epha5/Adcy8/Pde3b/Calcrl/Atg7/Map2k4/Lrp5/Foxo3/Igf1r/Klf7/Ppp3ca/Stxbp4/Tra2b/Plcb1/Hif1a/Prkca/Hmgn3"
"GO:2000146","GO:2000146","negative regulation of cell motility",194,0.261574704550446,1.23864298238249,0.0779661016949153,0.292717584369449,0.243379318634063,1978,"tags=27%, list=21%, signal=22%","Robo1/Tafa5/Dach1/Ppargc1a/Bcl2/Bmpr1a/Spred1/Arid2/Magi2/Nr2f2/Gna12/Epha4/Foxo3/Ptk2/Fas/Arid4b/Ptprk/Nedd9/Ptprg/Prkg1/Bcr/Plcb1/Cd74/Clasp1/Nav3/Itgb1bp1/Spint2/Nrg3/Dab2ip/Igfbp5/Gna13/Myocd/Tet1/Nherf1/Afdn/Dlc1/Wasl/Ptprr/Clasp2/Dpp4/Idh2/Rap2c/Ptprt/Patz1/Angpt2/Map2k5/Wnt4/Zeb2/Mapk15/Apod/Srgap3/Arid4a/Adgrb1"
"GO:0006749","GO:0006749","glutathione metabolic process",35,-0.384311398507564,-1.39113328087488,0.0782608695652174,0.292742344780917,0.243399905617537,2632,"tags=46%, list=28%, signal=33%","Cth/Ggt7/Gsto1/Nfe2l1/Gsta13/Gstk1/Arl6ip5/Gclc/Glo1/Txnrd3/Ggt5/Gsr/Sod1/Sod2/Gsta4/Gstp3"
"GO:0010559","GO:0010559","regulation of glycoprotein biosynthetic process",29,0.412781206605966,1.38457054739092,0.0787119856887299,0.294048402495203,0.244485824105436,1577,"tags=38%, list=17%, signal=32%","Necab2/Tcf7l2/Bcl2/Bace2/Pxylp1/Ep300/Plcb1/Chp1/Pawr/Hbegf/Acot8"
"GO:0043114","GO:0043114","regulation of vascular permeability",23,0.435238630028692,1.37135640930148,0.0790960451977401,0.294719630943517,0.245043915354892,2235,"tags=48%, list=24%, signal=37%","Pde3a/Nr3c1/Bcr/Amot/Tjp1/Ptp4a3/Tacr1/Zeb2/Angpt1/Vegfa/Mylk3"
"GO:0030010","GO:0030010","establishment of cell polarity",119,0.291792804010468,1.29397531231069,0.0790861159929701,0.294719630943517,0.245043915354892,1856,"tags=29%, list=20%, signal=24%","Rhoj/Exoc4/Myo9a/Pard3/Pkd1/Patj/Igf1r/Arf6/Wnt7a/Clasp1/Insc/Tcirg1/Sapcd2/Diaph3/Pard3b/Ccdc85c/Frmd4b/Map2/Abl1/Nherf1/Pax6/Spry2/Amot/Gbf1/Vangl2/Kif20b/Clasp2/Scrib/Rufy3/Fgf13/Enkd1/Ndc80/Cdk5rap2/Arfgef1/Coro7"
"GO:0046635","GO:0046635","positive regulation of alpha-beta T cell activation",26,0.428980896716688,1.38561062002587,0.0794824399260629,0.29570664230719,0.245864563535944,2064,"tags=46%, list=22%, signal=36%","Gli3/Ep300/Itpkb/Runx1/Ptprc/Brd2/Tgfbr2/Socs5/Cbfb/Ap3d1/Irf1/Prkcq"
"GO:0048713","GO:0048713","regulation of oligodendrocyte differentiation",39,0.371366672921262,1.33902230798143,0.0795660036166365,0.29570664230719,0.245864563535944,601,"tags=21%, list=6%, signal=19%","Aspa/Qki/Tcf7l2/Ptpra/Tenm4/Enpp2/Sox1/Clcn2"
"GO:0006879","GO:0006879","intracellular iron ion homeostasis",36,-0.383184596441591,-1.39196116604419,0.0797413793103448,0.295977011494253,0.24608936133437,1494,"tags=33%, list=16%, signal=28%","Glrx3/Ireb2/Nubp1/Fbxl5/Atp6v0d1/Atp6v1g1/Ncoa4/Sod1/Steap2/Atp6v1a/Cisd1/Cp"
"GO:0060998","GO:0060998","regulation of dendritic spine development",70,0.322961532472749,1.30192758394545,0.08,0.29617458279846,0.246253631511384,1897,"tags=30%, list=20%, signal=24%","Kalrn/Lrp8/Il1rapl1/Disc1/Arf6/Pbrm1/Nr3c1/Crebbp/Cpeb3/Stau2/Ptprs/Grn/Cux2/Cask/Afdn/D16Ertd472e/Itsn1/Ppfia2/Ube3a/Mtor/Dbn1"
"GO:0051701","GO:0051701","biological process involved in interaction with host",68,-0.30811979539326,-1.2921589310267,0.0799086757990868,0.29617458279846,0.246253631511384,3232,"tags=49%, list=34%, signal=32%","Vps4a/Arl8b/Zfp639/Pikfyve/Exoc7/Insr/Siva1/Gas6/Lgals1/Eps15/Fuca2/Bsg/Jpt2/Uvrag/Ltf/Nectin3/Chmp4b/Chmp3/Chmp7/Chmp1a/Cd81/Ctsb/Kpna6/Vps18/Tpcn2/P4hb/Vps4b/Ddb1/Chmp5/Chmp2b/Dynlt1c/Chmp2a/Nrp1"
"GO:0043266","GO:0043266","regulation of potassium ion transport",66,0.326950772918568,1.30446502171965,0.0801457194899818,0.296333660268086,0.246385896083912,2470,"tags=35%, list=26%, signal=26%","Kcnc1/Adrb2/Kcnc2/Plcb4/Ank2/Wnk1/Nr3c2/Lrrc38/Akap9/Kcne2/Wnk2/Dpp6/Dpp10/Ank3/Kcnip1/Atp1b1/Lrrc55/Ano6/Akap7/Crbn/Kcnf1/Kif5b/Itgb1"
"GO:0031099","GO:0031099","regeneration",128,0.27740812214093,1.24882276949253,0.0803418803418803,0.296678595270145,0.246672691446598,1276,"tags=22%, list=13%, signal=19%","Erbb4/Ptprf/Bcl2/Egfr/Ninj1/Yap1/Ninj2/Xylt1/Gli3/Klf5/Epha4/Igf1r/Bcl9/Fas/Pum2/Rtn4rl1/Wnt7a/mt-Cytb/Apoa1/Ptprs/Neo1/Vps54/Bdnf/Upf2/Cpq/Grn/Ezh2/Large1"
"GO:0030204","GO:0030204","chondroitin sulfate metabolic process",20,0.458361939400257,1.41497874840327,0.0808823529411765,0.297152491569876,0.247066711364398,705,"tags=25%, list=7%, signal=23%","Csgalnact1/Xylt1/Chst11/B4galnt4/Ext1"
"GO:0043535","GO:0043535","regulation of blood vessel endothelial cell migration",61,0.338827101839661,1.33294758307986,0.0807899461400359,0.297152491569876,0.247066711364398,1681,"tags=28%, list=18%, signal=23%","Rhoj/Prkd1/Spred1/Cib1/Fgf18/Hif1a/Itgb1bp1/Prkca/Pik3c2a/Akt3/Fgfr1/Abl1/Amot/Jcad/Gab1/Angpt2/Map2k5"
"GO:0002221","GO:0002221","pattern recognition receptor signaling pathway",134,0.275457025556802,1.24788045579427,0.0807560137457045,0.297152491569876,0.247066711364398,1902,"tags=29%, list=20%, signal=24%","Smpdl3a/Prkd1/Ninj1/Slc15a2/Mapkapk3/Lyplal1/Irf7/Nek7/Lats1/Pum2/Arf6/Irak2/Tkfc/Ankrd17/Mfhas1/Appl2/Smpdl3b/Dab2ip/Lgr4/Lsm14a/Ptprs/Irf2/Trim25/Ifi35/Itch/Map3k7/Otulin/Abhd17a/Chuk/Prkce/Nr1h3/Rps6ka3/Tirap/Zdhhc18/Lrrfip2/Oasl1/Irf1/Sirt2/Usp15"
"GO:0002758","GO:0002758","innate immune response-activating signaling pathway",134,0.275457025556802,1.24788045579427,0.0807560137457045,0.297152491569876,0.247066711364398,1902,"tags=29%, list=20%, signal=24%","Smpdl3a/Prkd1/Ninj1/Slc15a2/Mapkapk3/Lyplal1/Irf7/Nek7/Lats1/Pum2/Arf6/Irak2/Tkfc/Ankrd17/Mfhas1/Appl2/Smpdl3b/Dab2ip/Lgr4/Lsm14a/Ptprs/Irf2/Trim25/Ifi35/Itch/Map3k7/Otulin/Abhd17a/Chuk/Prkce/Nr1h3/Rps6ka3/Tirap/Zdhhc18/Lrrfip2/Oasl1/Irf1/Sirt2/Usp15"
"GO:0071774","GO:0071774","response to fibroblast growth factor",98,0.301159445359512,1.28193405358291,0.081374321880651,0.298579572905595,0.248253254645939,1883,"tags=32%, list=20%, signal=26%","Fgfrl1/Erbb4/Kcnc1/Tcf7l2/Egfr/Epha5/Epha3/Nrxn1/Epha4/Igf1r/Fgf18/Ext1/Fam20c/Itgb1bp1/Fgfr3/Ddr2/Fgfr1/Pdgfrb/Pax6/Zdhhc16/Spry2/Fgf9/Kif16b/Gclm/Fgfr2/Ofd1/Grb2/Wnt4/Creb3l1/Ret/Gpc1"
"GO:1990806","GO:1990806","ligand-gated ion channel signaling pathway",27,0.423692810081363,1.39681969616031,0.0815217391304348,0.298637549351382,0.2483014590198,756,"tags=19%, list=8%, signal=17%","Kalrn/Adrb2/Cpeb4/Nrxn1/Plcb1"
"GO:0141193","GO:0141193","nuclear receptor-mediated signaling pathway",106,0.292036334289535,1.27072574142579,0.0815972222222222,0.298637549351382,0.2483014590198,1465,"tags=28%, list=15%, signal=24%","Esrrg/Arid1a/Zmiz1/Ncor2/Asxl2/Ddx17/Rxra/Cnot2/Nr3c2/Ep300/Lats1/Ctbp2/Rbfox2/Mn1/Nr3c1/Ncoa2/Ppargc1b/Clock/Brca1/Dhrs3/Trim24/Ppara/Bdnf/Ezh2/Ncoa1/Zfp536/Ncoa3/Kmt2e/Cyp7b1/Thra"
"GO:0048659","GO:0048659","smooth muscle cell proliferation",112,0.291671911565091,1.27881401098555,0.0817051509769094,0.298653555662112,0.248314767427656,2111,"tags=32%, list=22%, signal=25%","Tafa5/Ppargc1a/Smpd3/Tcf7l2/Bmpr1a/Hdac4/Egfr/Calcrl/Gna12/Ptk2/Igf1r/Pdgfd/Prkg1/Hif1a/Prkca/Ddr2/Igfbp5/Gna13/Myocd/Mef2d/Pdgfrb/Map3k7/Fgf9/Tgfbr2/Fgfr2/Hbegf/Bmpr2/Mtor/Tacr1/Apod/Mmp2/S1pr1/Esr2/Vegfa/Foxj2/Frs2"
"GO:0021697","GO:0021697","cerebellar cortex formation",25,0.433980082433634,1.3939381105526,0.0819366852886406,0.299116161616162,0.24869940001519,1049,"tags=24%, list=11%, signal=21%","Foxp2/Rora/Grid2/Nrxn1/Wnt7a/Prox1"
"GO:0051893","GO:0051893","regulation of focal adhesion assembly",47,0.363585329665347,1.36014593846951,0.0821428571428571,0.299116161616162,0.24869940001519,2068,"tags=43%, list=22%, signal=33%","Lims1/Ptpra/Epha3/Enpp2/Ptk2/Rock1/Vcl/Clasp1/Itgb1bp1/Rcc2/Abl1/Dlc1/Clasp2/Slk/Peak1/Map4k4/Wnt4/Apod/Fmn1/Vegfa"
"GO:0090109","GO:0090109","regulation of cell-substrate junction assembly",47,0.363585329665347,1.36014593846951,0.0821428571428571,0.299116161616162,0.24869940001519,2068,"tags=43%, list=22%, signal=33%","Lims1/Ptpra/Epha3/Enpp2/Ptk2/Rock1/Vcl/Clasp1/Itgb1bp1/Rcc2/Abl1/Dlc1/Clasp2/Slk/Peak1/Map4k4/Wnt4/Apod/Fmn1/Vegfa"
"GO:0003015","GO:0003015","heart process",134,0.274897230713578,1.24534446295582,0.0824742268041237,0.299944098490659,0.249387786101804,1644,"tags=24%, list=17%, signal=20%","Chrm2/Adra1d/Adrb2/Tgfb2/Fyn/Hey2/Hdac4/Ank2/Yap1/Sgcz/Slc8a1/Srebf1/Kcnd2/Rap1gds1/Akap9/Ext1/Prkca/Uty/Popdc2/Kcne2/Pde5a/Sgcd/Gnao1/Epas1/Chrm3/Thra/Cacna1c/Hbegf/Sgcg/Slc9a1/Fgf13/Cacna2d1"
"GO:0009395","GO:0009395","phospholipid catabolic process",34,0.386192104208048,1.34777873596682,0.0827205882352941,0.300221210149642,0.249618189911995,1829,"tags=32%, list=19%, signal=26%","Smpd3/Pla2g4d/Enpp2/Plpp6/Plcb1/Smpdl3b/Pnpla7/Plbd2/Prkcd/Pla2g15/Smpd2"
"GO:0021915","GO:0021915","neural tube development",132,0.277080595413247,1.25160589170433,0.0827586206896552,0.300221210149642,0.249618189911995,1687,"tags=28%, list=18%, signal=23%","Arid1a/Tgfb2/Tcf7l2/Pkd1/Gli3/Lrp6/Ski/Tulp3/Ssbp3/Rpgrip1l/Ift57/Hectd1/Hif1a/Ttbk2/Mthfd1l/Spint2/Brd2/Cobl/Ambra1/Lrp2/Abl1/Plxnb2/Lmo4/Enah/Pax6/Dlc1/Map3k7/Celsr1/Vangl2/Kif20b/Mthfd1/Phgdh/Scrib/Kdm2a/Stk3/Luzp1/Traf3ip1"
"GO:0007026","GO:0007026","negative regulation of microtubule depolymerization",26,0.428149991716927,1.38292679237594,0.0831792975970425,0.301368208881747,0.250571859198708,2277,"tags=58%, list=24%, signal=44%","Cib1/Mid1ip1/Taok1/Clasp1/Atxn7/Nav3/Ttbk2/Diaph3/Map2/Camsap2/Clasp2/Fgf13/Eml4/Tpx2/Bmerb1"
"GO:0000470","GO:0000470","maturation of LSU-rRNA",22,-0.444331266727016,-1.40850112577218,0.0833333333333333,0.301547469677959,0.250720905148694,1848,"tags=41%, list=20%, signal=33%","Rpf1/Rpl7/Nol9/Ddx18/Bop1/Rpf2/Eif6/Znhit3/Rpl7l1"
"GO:0097696","GO:0097696","cell surface receptor signaling pathway via STAT",72,0.318984460606657,1.29328599779751,0.0834845735027223,0.301716177922119,0.25086117720512,1853,"tags=26%, list=20%, signal=21%","Dab1/Erbb4/Pecam1/Fyn/Stat2/Pkd1/Pias1/Nlk/Ep300/Ptprc/Fgfr3/Egf/Ercc6/Parp14/Socs5/Ptprt/Traf3ip1/Irf1/Ret"
"GO:0001942","GO:0001942","hair follicle development",70,0.318113721395407,1.28238501206383,0.0836363636363636,0.301886448970304,0.251002748651125,1518,"tags=29%, list=16%, signal=24%","Trps1/Tgfb2/Bcl2/Egfr/Ldb2/Sox21/Pum2/Rbpj/Runx1/Ext1/Sox9/Lrp4/Cd109/Igfbp5/Lgr4/Eda/Celsr1/Vangl2/Apcdd1/Fgfr2"
"GO:0050982","GO:0050982","detection of mechanical stimulus",33,0.392093784357681,1.3597802422248,0.0840950639853748,0.303162705667276,0.252063889156163,683,"tags=18%, list=7%, signal=17%","Col11a1/Fyn/Pkd1/Htr7/Asic2/Rest"
"GO:0010718","GO:0010718","positive regulation of epithelial to mesenchymal transition",34,0.385452781884031,1.34519856175694,0.0845588235294118,0.30432554193101,0.253030726519761,1776,"tags=32%, list=19%, signal=26%","Tgfb2/Tcf7l2/Zfp703/Ptk2/Lef1/Myocd/Ezh2/Tgfbr2/Acvr1/Axin2/Mtor"
"GO:0009612","GO:0009612","response to mechanical stimulus",130,0.277383588005046,1.24976868735111,0.0846286701208981,0.30432554193101,0.253030726519761,2238,"tags=30%, list=24%, signal=23%","Foxp2/Meis2/Kcnc1/Col11a1/Fyn/Mkx/Egfr/Pkd1/Htr7/Asic2/Map2k4/Nrxn1/Slc8a1/Igfbp2/Rest/Sox9/Ddr2/Etv1/Pawr/Large1/Chuk/Slc9a1/Piezo2/Angpt2/Strbp/Bag3/Tacr1/Irf1/Smpd2/Cradd/Mmp2/Dmd/Atp2b2/Xpc/Gsn/Slc2a1/Kcnq2/Kcnq3/Htt"
"GO:0035136","GO:0035136","forelimb morphogenesis",23,0.42972878906312,1.35399591967337,0.0847457627118644,0.304367097958925,0.253065278177397,1507,"tags=35%, list=16%, signal=29%","Sall3/Lrp6/Rpgrip1l/Wnt7a/Vps54/Zbtb16/Rdh10/Cacna1c"
"GO:0050654","GO:0050654","chondroitin sulfate proteoglycan metabolic process",26,0.425214064497736,1.37344373155512,0.0850277264325323,0.304621072088725,0.253276444345615,1322,"tags=31%, list=14%, signal=27%","Csgalnact1/Xylt1/Chst11/Pxylp1/B4galnt4/Ext1/Galns/Chsy1"
"GO:0008286","GO:0008286","insulin receptor signaling pathway",115,0.292215690983719,1.29026937447898,0.0849557522123894,0.304621072088725,0.253276444345615,936,"tags=19%, list=10%, signal=17%","Erbb4/Ptprf/Phip/Egfr/Epha5/Bcar3/Foxo1/Ptpra/Epha3/Epha4/Srebf1/Pik3r3/Igf1r/Snx5/Sesn3/Stxbp4/Plcb1/Grb10/Prkca/Fgfr3/Ddr2/Fgfr1"
"GO:0032663","GO:0032663","regulation of interleukin-2 production",24,0.438778951273915,1.4006243624702,0.0851851851851852,0.304806543516221,0.253430654109771,2064,"tags=38%, list=22%, signal=29%","Runx1/Ptprc/Nav3/Abl1/Homer2/Map3k7/Card9/Laptm5/Prkcq"
"GO:0035909","GO:0035909","aorta morphogenesis",22,0.435092722693613,1.3692212620226,0.0861423220973783,0.307468387288167,0.255643837594877,1447,"tags=41%, list=15%, signal=35%","Chd7/Tgfb2/Hey2/Bmpr1a/Rbpj/Prox1/Efnb2/Pdgfrb/Tgfbr2"
"GO:0048286","GO:0048286","lung alveolus development",37,0.37197952684283,1.32476029982747,0.0860805860805861,0.307468387288167,0.255643837594877,1665,"tags=38%, list=18%, signal=31%","Foxp2/Hs6st1/Smpd3/Tns3/Atxn1/Man1a2/Fgfr3/Igfbp5/Phf14/Myocd/Tnrc6c/Fgfr2/Bmpr2/Creb1"
"GO:0043616","GO:0043616","keratinocyte proliferation",34,0.385008937803889,1.34364958235839,0.0863970588235294,0.307996437140987,0.256082883351766,1256,"tags=32%, list=13%, signal=28%","Bcl11b/Nfatc1/Prkd1/Zeb1/Yap1/Ptprk/Stxbp4/Ift57/Cd109/Efnb2/Cask"
"GO:1902686","GO:1902686","mitochondrial outer membrane permeabilization involved in programmed cell death",23,-0.435659889462009,-1.39887691550349,0.0870488322717622,0.308793151625784,0.25674530965893,3125,"tags=61%, list=33%, signal=41%","Bak1/Hip1r/Bcl2l1/Mul1/Siva1/Chchd10/Spg7/Slc25a5/Gclc/Bnip3l/Tmem14a/Vdac2/Bnip3/Bok"
"GO:0050730","GO:0050730","regulation of peptidyl-tyrosine phosphorylation",112,0.290900046866139,1.27542982707045,0.0870337477797513,0.308793151625784,0.25674530965893,2512,"tags=40%, list=27%, signal=30%","Erbb4/Pecam1/Fyn/Egfr/Enpp2/Epha4/Pdgfd/Nedd9/Ptprc/Adnp/Lrp4/Cd74/Prkca/Unc119/Fgfr3/Abi1/Abi2/Abl1/Pdgfrb/Egf/Parp14/Acvr1/Socs5/Zfyve28/Hbegf/Prkcd/Rap2c/Prkce/Traf3ip1/Ptprz1/Mtor/Irf1/Angpt1/Vegfa/Zfp592/Plpp3/Pibf1/Kitl/Pdgfc/Agt/Zgpat/Ntf3/Itgb1/Fbxw7/Epha7"
"GO:0050684","GO:0050684","regulation of mRNA processing",98,0.299181929482468,1.27351643632619,0.0867992766726944,0.308793151625784,0.25674530965893,1348,"tags=26%, list=14%, signal=22%","Qki/Nova1/Ddx17/Rbm24/Rbm5/Rbm47/Srpk2/Celf2/Alkbh5/Mbnl2/Rbfox2/Rest/Tra2b/Rbfox1/Thrap3/Srsf7/Rbfox3/Mbnl1/Rbmxl1/Tra2a/Rbm15/Dazap1/Celf1/Wtap/Fip1l1"
"GO:0008589","GO:0008589","regulation of smoothened signaling pathway",69,0.314087154926444,1.27163161367363,0.0870337477797513,0.308793151625784,0.25674530965893,1518,"tags=22%, list=16%, signal=18%","Gpc3/Rora/Sall3/Rfx4/Gli3/Tulp3/Rpgrip1l/Ttbk2/Fgfr3/Tedc1/Chsy1/Gpr37l1/Fgf9/Scube1/Fgfr2"
"GO:2000819","GO:2000819","regulation of nucleotide-excision repair",21,0.445608423895147,1.38719683612146,0.0880149812734082,0.309178082816698,0.257065359754887,1219,"tags=33%, list=13%, signal=29%","Arid1a/Arid2/Cul4a/Pbrm1/Actl6a/Dpf3/Smarcd2"
"GO:0032612","GO:0032612","interleukin-1 production",30,-0.399882132520538,-1.38672782002435,0.0878378378378378,0.309178082816698,0.257065359754887,3105,"tags=50%, list=33%, signal=34%","Git1/Hmgb1/Panx3/Hk1/Panx1/Ifnar1/Gas6/Ripk2/Arg2/Stat3/Rad21/Stmp1/Egr1/Errfi1/Gstp3"
"GO:0032652","GO:0032652","regulation of interleukin-1 production",30,-0.399882132520538,-1.38672782002435,0.0878378378378378,0.309178082816698,0.257065359754887,3105,"tags=50%, list=33%, signal=34%","Git1/Hmgb1/Panx3/Hk1/Panx1/Ifnar1/Gas6/Ripk2/Arg2/Stat3/Rad21/Stmp1/Egr1/Errfi1/Gstp3"
"GO:1901185","GO:1901185","negative regulation of ERBB signaling pathway",22,0.434410101878038,1.36707307869102,0.0880149812734082,0.309178082816698,0.257065359754887,1488,"tags=32%, list=16%, signal=27%","Cadm1/Ptprf/Egfr/Snx5/Dab2ip/Socs5/Zfyve28"
"GO:0030888","GO:0030888","regulation of B cell proliferation",31,0.401983395756663,1.36049467195275,0.0872727272727273,0.309178082816698,0.257065359754887,1457,"tags=29%, list=15%, signal=25%","Vav3/Rc3h1/Bcl2/Atad5/Ptprc/Cd74/Tfrc/Pawr/Atm"
"GO:0007628","GO:0007628","adult walking behavior",33,0.390333994834739,1.35367729665607,0.0877513711151737,0.309178082816698,0.257065359754887,430,"tags=18%, list=5%, signal=17%","Dab1/Chd7/Hipk2/Atg7/Pmp22/Epha4"
"GO:0062013","GO:0062013","positive regulation of small molecule metabolic process",102,0.295373737124582,1.27091616217182,0.0878136200716846,0.309178082816698,0.257065359754887,1810,"tags=27%, list=19%, signal=22%","Zbtb20/Qki/Prkn/Phka1/Ppargc1a/Srebf2/Tcf7l2/Elovl5/Foxo1/Scap/Adcyap1r1/Srebf1/Mid1ip1/Ppp4r3a/Ntsr1/Hif1a/Cd74/Apoa1/Slc4a4/Ppara/Phkb/Mapk9/Rdh10/Nr1h3/Mtor/Bend3/Prkag1/Wnt4"
"GO:0001890","GO:0001890","placenta development",102,0.295242962463907,1.27035347291084,0.0878136200716846,0.309178082816698,0.257065359754887,1610,"tags=26%, list=17%, signal=22%","Arid1a/Hs6st1/Hey2/Egfr/Pkd1/Rxra/Nr2f2/Slc8a1/Bptf/Rbpj/Lef1/Pbrm1/Hectd1/Hif1a/Htra1/Spint2/Rbm15/Zfat/Dazap1/Ccdc134/Ncoa1/Epas1/Ncoa3/Gab1/Fgfr2/Bmpr2/Stk3"
"GO:0051057","GO:0051057","positive regulation of small GTPase mediated signal transduction",54,0.34103340357591,1.31560361287719,0.0881834215167548,0.309392929019855,0.257243993104325,1578,"tags=28%, list=17%, signal=23%","Robo1/Auts2/Tns3/Adcyap1r1/Mmd2/Itpkb/Lrp4/Apoa1/Mcf2l/Akap13/Ngf/Pdgfrb/Rasgrp1/Prag1/Map4k4"
"GO:0007131","GO:0007131","reciprocal meiotic recombination",31,-0.390642043231065,-1.37366579194937,0.0884955752212389,0.309734513274336,0.257528002496145,2684,"tags=45%, list=28%, signal=32%","Fancd2/Slx4/Rad51d/Hfm1/Psmc3ip/Rnf212b/Chtf18/Terb1/Rad54l/Eme1/Trip13/Fancm/Rad51ap1/Ube2b"
"GO:0140527","GO:0140527","reciprocal homologous recombination",31,-0.390642043231065,-1.37366579194937,0.0884955752212389,0.309734513274336,0.257528002496145,2684,"tags=45%, list=28%, signal=32%","Fancd2/Slx4/Rad51d/Hfm1/Psmc3ip/Rnf212b/Chtf18/Terb1/Rad54l/Eme1/Trip13/Fancm/Rad51ap1/Ube2b"
"GO:0005977","GO:0005977","glycogen metabolic process",53,-0.334263371413961,-1.33152069917059,0.089041095890411,0.310990338164251,0.258572155025244,1666,"tags=25%, list=18%, signal=20%","Ugp2/Wipi1/Comt/Phkg1/Irs2/Pgm2/Slc37a4/Gabarapl1/Pgm1/Ptges3/Inpp5k/Gfpt1/Esrrb"
"GO:0048704","GO:0048704","embryonic skeletal system morphogenesis",44,0.360404541622457,1.32728406636892,0.0892531876138433,0.310990338164251,0.258572155025244,1518,"tags=27%, list=16%, signal=23%","Col11a1/Tgfb2/Asxl2/Zeb1/Gli3/Chst11/Tulp3/Pcgf2/Mthfd1l/Rdh10/Tgfbr2/Fgfr2"
"GO:1901880","GO:1901880","negative regulation of protein depolymerization",57,0.335196324196296,1.3052094323888,0.0892857142857143,0.310990338164251,0.258572155025244,1190,"tags=28%, list=13%, signal=25%","Cib1/Carmil1/Mid1ip1/Taok1/Clasp1/Atxn7/Nav3/Ttbk2/Add3/Diaph3/Map2/Sptb/Eps8/Svil/Camsap2/Swap70"
"GO:0006399","GO:0006399","tRNA metabolic process",138,-0.265248489012434,-1.25627526136662,0.0891566265060241,0.310990338164251,0.258572155025244,3209,"tags=45%, list=34%, signal=30%","Lars2/Mocs3/Gars1/Trub2/Tarbp1/Exosc8/Ptcd1/Cdk5rap1/Dus3l/Trmt9b/Pop4/Exosc7/Dtwd1/Trmt13/Farsb/Trmt2a/Mettl6/Zbtb8os/Gatc/Cars1/Yars1/Sars1/Aars2/Iars2/Thumpd1/Lars1/Trmt10a/Nat10/Wars1/Farsa/Qrsl1/Trmu/Pars2/Trmt44/Elac2/Exosc9/Dtd1/Tars3/Lsm6/Tprkb/Ssb/Kars1/Rtcb/Nsun2/Exosc3/Polr2l/Grsf1/Tsen2/Lrrc47/Rtraf/Dus1l/Adat1/Rpp30/Dus2/Pop5/Ddx1/Rars1/Polr2e/Prorsd1/Thg1l/Polr2f/Lcmt2"
"GO:0070192","GO:0070192","chromosome organization involved in meiotic cell cycle",33,-0.388204259449924,-1.38466837652373,0.0901098901098901,0.31170819056299,0.259169011644095,1922,"tags=36%, list=20%, signal=29%","Psmc3ip/Rnf212b/Ccne1/Terb1/Mlh3/Ndc1/Cpeb1/Trip13/Syce2/Rec8/Ube2b/Spdya"
"GO:0035384","GO:0035384","thioester biosynthetic process",29,-0.399798596301701,-1.37227507803807,0.090293453724605,0.31170819056299,0.259169011644095,1826,"tags=34%, list=19%, signal=28%","Acat1/Dlat/Pdhb/Mpc1/Vdac1/Pdk1/Acly/Dld/Mpc2/Pdk4"
"GO:0071616","GO:0071616","acyl-CoA biosynthetic process",29,-0.399798596301701,-1.37227507803807,0.090293453724605,0.31170819056299,0.259169011644095,1826,"tags=34%, list=19%, signal=28%","Acat1/Dlat/Pdhb/Mpc1/Vdac1/Pdk1/Acly/Dld/Mpc2/Pdk4"
"GO:0038065","GO:0038065","collagen-activated signaling pathway",34,0.379432420127096,1.32418799351795,0.0900735294117647,0.31170819056299,0.259169011644095,936,"tags=26%, list=10%, signal=24%","Erbb4/Egfr/Epha5/Epha3/Epha4/Igf1r/Fgfr3/Ddr2/Fgfr1"
"GO:0050805","GO:0050805","negative regulation of synaptic transmission",53,0.344794222743969,1.32052789445555,0.0904255319148936,0.31170819056299,0.259169011644095,870,"tags=19%, list=9%, signal=17%","Sorcs2/Prkn/Penk/Pcdh17/Adcy8/Slc6a1/Grid2/Adnp/Stau2/Mgll"
"GO:0050771","GO:0050771","negative regulation of axonogenesis",41,0.360034318339219,1.31014618091823,0.0904159132007233,0.31170819056299,0.259169011644095,1612,"tags=29%, list=17%, signal=24%","Dab1/Ptk2/Sema5a/Ryk/Lrp4/Map2/Ptprs/Ttc3/Sema3g/Rufy3/Sema3f/Fgf13"
"GO:0048008","GO:0048008","platelet-derived growth factor receptor signaling pathway",74,0.317231682044992,1.2937204048698,0.0904159132007233,0.31170819056299,0.259169011644095,1955,"tags=38%, list=21%, signal=30%","Erbb4/Smpd3/Egfr/Epha5/Epha3/Epha4/Igf1r/Pdgfd/Plat/Bcr/Fgfr3/Ddr2/Fgfr1/Phf14/Abl1/Arid5b/Myocd/Nherf1/Pdgfrb/Gab1/Clasp2/Fgfr2/Csrnp1/Rapgef1/Ret/Apod/F3/Cblb"
"GO:0001763","GO:0001763","morphogenesis of a branching structure",141,0.270764552746686,1.23443080853316,0.0899830220713073,0.31170819056299,0.259169011644095,1518,"tags=25%, list=16%, signal=21%","Gpc3/Ctnnd2/Agtr1b/Nfatc1/Gzf1/Bcl2/Yap1/Greb1l/Pkd1/Gli3/Rxra/Btrc/Lrp5/Lrp6/Sema5a/Lef1/Nfatc3/Ext1/Sox9/Spint2/Fgfr1/Rbm15/Gna13/Lgr4/Prox1/Abl1/Spry2/Egf/Celsr1/Ncoa3/Vangl2/Rdh10/Tgfbr2/Acvr1/Fgfr2"
"GO:0098813","GO:0098813","nuclear chromosome segregation",197,-0.244479958227424,-1.20388489598155,0.0904645476772616,0.31170819056299,0.259169011644095,1951,"tags=27%, list=21%, signal=22%","Actr3/Psmc3ip/Rnf212b/Chmp4b/Brca2/Rad21/Smarca5/Chmp3/Anapc5/Dsn1/Prickle1/Phf13/Ccne1/Zw10/Terb1/Mlh3/Abraxas2/Chmp7/Cdc27/Ndc1/Cpeb1/Chmp1a/Smarcb1/Anapc4/Map1s/Ccsap/Ran/Dync1li1/Actr2/Bub3/Abraxas1/Anapc7/Trip13/Nsl1/Numa1/Nudc/Golga2/Mzt1/Vps4b/Ddb1/Chmp5/Chmp2b/Syce2/Dcaf13/Katnb1/M1ap/Cltc/Lcmt1/Chmp2a/Rec8/Ube2b/Spdya/Smarcc2/Chek2"
"GO:0061157","GO:0061157","mRNA destabilization",69,0.313525254562863,1.26935667101884,0.0905861456483126,0.311754706503262,0.259207687208713,1396,"tags=26%, list=15%, signal=22%","Tut4/Rc3h1/Rbm24/Tnrc6b/Cnot2/Pan3/Igf2bp1/Rock1/Alkbh5/Elavl1/Cpeb3/Tnrc6a/Gigyf2/Dcp1b/Tnrc6c/Celf1/Ago3/Tent4a"
"GO:0050779","GO:0050779","RNA destabilization",71,0.315275106381799,1.27482746346365,0.0907441016333938,0.311926089524086,0.259350183201645,2746,"tags=46%, list=29%, signal=33%","Tut4/Rc3h1/Rbm24/Tnrc6b/Cnot2/Pan3/Igf2bp1/Rock1/Alkbh5/Elavl1/Cpeb3/Tnrc6a/Gigyf2/Dcp1b/Tnrc6c/Celf1/Ago3/Tent4a/Dcp1a/Samd4/Tardbp/Fto/Zc3h18/Mov10/Hnrnpu/Dis3l2/Rock2/Pum1/Hnrnpd/Ythdf2/Ythdf3/Zfp36l2/Dhx36"
"GO:0060428","GO:0060428","lung epithelium development",31,0.399582093120965,1.35236757149015,0.0909090909090909,0.312121212121212,0.259512417407154,1665,"tags=42%, list=18%, signal=35%","Foxp2/Ncor2/Yap1/Fndc3b/Pkd1/Rbpj/Foxp4/Sox9/Fgfr3/Dhcr7/Thra/Fgfr2/Creb1"
"GO:0044042","GO:0044042","glucan metabolic process",54,-0.331575423090592,-1.32590723463814,0.0919540229885057,0.314958910093647,0.261871814436575,1666,"tags=24%, list=18%, signal=20%","Ugp2/Wipi1/Comt/Phkg1/Irs2/Pgm2/Slc37a4/Gabarapl1/Pgm1/Ptges3/Inpp5k/Gfpt1/Esrrb"
"GO:0031023","GO:0031023","microtubule organizing center organization",104,-0.277759203939586,-1.26179638308709,0.0919540229885057,0.314958910093647,0.261871814436575,1157,"tags=20%, list=12%, signal=18%","Chmp1a/Nubp1/Ckap5/Ssx2ip/Dync1li1/Ccp110/Chordc1/Golga2/Vps4b/Ctnnb1/Pafah1b1/Chmp5/Chmp2b/Nsfl1c/Mcph1/Ccnl2/Ccnf/Cetn4/Chmp2a/Azin1/Kat2a"
"GO:0001954","GO:0001954","positive regulation of cell-matrix adhesion",41,0.359352882560964,1.30766647152125,0.0922242314647378,0.315509707644488,0.262329773711273,2068,"tags=41%, list=22%, signal=33%","Lims1/Ninj1/Cdk6/Enpp2/Cib1/Rock1/Disc1/Utrn/Rin2/Itgb1bp1/Abl1/Map4k4/Wnt4/Dmd/Fmn1/Emp2/Vegfa"
"GO:0061013","GO:0061013","regulation of mRNA catabolic process",129,0.271641229668727,1.22513182851615,0.0924657534246575,0.315961176394209,0.262705146297543,2746,"tags=43%, list=29%, signal=31%","Qki/Tut4/Rc3h1/Calcr/Rbm24/Igf2bp3/Rbm47/Tnrc6b/Cnot2/Pan3/Igf2bp1/Rock1/Alkbh5/Elavl1/Pum2/Rbm33/Cpeb3/Tnrc6a/Larp4b/Thrap3/Gigyf2/Dcp1b/Tnrc6c/Celf1/Ago3/Brf1/Tent4a/Dcp1a/Axin2/Senp1/Samd4/Mtor/Tirap/Ptbp1/Tardbp/Fto/Pcbp4/Vegfa/Mov10/Hnrnpu/Nbas/Rbm38/Fmr1/Tbrg4/Nrde2/Dis3l2/Dicer1/Zc3hav1/Rock2/Tent5a/Pum1/Hnrnpd/Ythdf2/Ythdf3/Zfp36l2/Dhx36"
"GO:0014743","GO:0014743","regulation of muscle hypertrophy",48,0.351599092989559,1.3202270702456,0.0930232558139535,0.317490023393422,0.263976302390764,1776,"tags=33%, list=19%, signal=27%","Foxo1/Ep300/Ptk2/Rock1/Ppp3ca/Nr3c1/Nfatc3/Prkca/Igfbp5/Pde5a/Ppara/Ctdp1/Slc9a1/Pde9a/Adk/Mtor"
"GO:0090288","GO:0090288","negative regulation of cellular response to growth factor stimulus",65,0.324984961800103,1.29519403605472,0.0931899641577061,0.317683045662913,0.264136790284005,1883,"tags=31%, list=20%, signal=25%","Fgfrl1/Smurf2/Ptprf/Tcf7l2/Gpr155/Hipk2/Smad6/Smurf1/Ski/Htra1/Dab2ip/Lrp2/Abl1/Cask/Spry2/Ofd1/Wnt4/Creb3l1/Fzd1/Gpc1"
"GO:0097306","GO:0097306","cellular response to alcohol",59,0.336806917536037,1.31419653212957,0.0935251798561151,0.318449372733218,0.264773951049811,1762,"tags=31%, list=19%, signal=25%","Adcy5/Lrp8/Prkd1/Epha5/Adcy8/Gpr155/Nr3c2/Lrp6/Foxo3/Grip1/Brca1/Spidr/Pax6/Adcy2/Akap8/Creb1/Prkce/Acaca"
"GO:1990874","GO:1990874","vascular associated smooth muscle cell proliferation",50,0.346345268253021,1.31867014811538,0.0939130434782609,0.319392945036915,0.265558481930832,1518,"tags=28%, list=16%, signal=24%","Tafa5/Ppargc1a/Bmpr1a/Calcrl/Gna12/Prkg1/Ddr2/Igfbp5/Gna13/Myocd/Mef2d/Map3k7/Fgf9/Fgfr2"
"GO:0006584","GO:0006584","catecholamine metabolic process",36,-0.369468741301944,-1.34213677881472,0.0948275862068965,0.320989153310669,0.266885645390796,2381,"tags=42%, list=25%, signal=31%","Snca/Akr1b1/Aldh2/Park7/Spr/Nr4a2/Abat/Maoa/Comt/Cyp2d22/Mtpn/Hprt1/Kl/Crhr2/Vps35"
"GO:0009712","GO:0009712","catechol-containing compound metabolic process",36,-0.369468741301944,-1.34213677881472,0.0948275862068965,0.320989153310669,0.266885645390796,2381,"tags=42%, list=25%, signal=31%","Snca/Akr1b1/Aldh2/Park7/Spr/Nr4a2/Abat/Maoa/Comt/Cyp2d22/Mtpn/Hprt1/Kl/Crhr2/Vps35"
"GO:0007254","GO:0007254","JNK cascade",116,0.287767452634699,1.27474009885425,0.0947368421052632,0.320989153310669,0.266885645390796,1777,"tags=30%, list=19%, signal=25%","Prkn/Fgd4/Egfr/Phlpp1/Hipk2/Map2k4/Nlk/Ptk2/Igf1r/Rassf2/Sh3rf3/Fgf12/Taok1/Fgf14/Hipk3/Plcb1/Wnt7a/Sh3rf1/Mfhas1/Tnik/Dab2ip/Zmynd11/Itch/Map3k7/Mapk9/Ercc6/Taok3/Rasgrp1/Card9/Map4k4/Stk3/Map2k5/Mdfic/Rapgef1/Tirap"
"GO:0006836","GO:0006836","neurotransmitter transport",150,-0.254564330830389,-1.21338256948751,0.0946601941747573,0.320989153310669,0.266885645390796,1742,"tags=31%, list=18%, signal=26%","Syt9/Park7/Kcnh1/Slc1a6/Osbpl2/Snap25/Edn3/Slc17a6/Gfap/Htr1b/Arl6ip5/Snap29/Snap47/Lrrk2/Snap23/Trim9/Kcnc4/Efr3a/Rab3a/Synj1/Tprg1l/Abcc8/Slc30a1/Syn2/Slc6a17/Prkcb/Vamp1/Rph3a/Dnm1l/Nf1/Septin5/Vps18/Syngr3/Stx19/Slc4a8/Stxbp1/Napb/Slc6a2/Napa/Ppt1/Cplx2/Pfn2/Sv2b/Stx1a/Snap91/Sv2a/Sptbn2"
"GO:0006515","GO:0006515","protein quality control for misfolded or incompletely synthesized proteins",20,-0.449905419502898,-1.38596611994637,0.0960698689956332,0.321925300828254,0.267664002951589,2231,"tags=40%, list=24%, signal=31%","Oma1/Zer1/Stub1/Oxa1l/Ubr4/Zyg11b/Atxn3/Yme1l1"
"GO:0002762","GO:0002762","negative regulation of myeloid leukocyte differentiation",28,0.414036463210379,1.37566661090396,0.0969479353680431,0.321925300828254,0.267664002951589,1031,"tags=25%, list=11%, signal=22%","Qki/Lrrc17/Cdk6/Cul4a/Runx1/Prdm16/Mafb"
"GO:2000107","GO:2000107","negative regulation of leukocyte apoptotic process",29,0.407060332528733,1.36538131681088,0.0966010733452594,0.321925300828254,0.267664002951589,802,"tags=21%, list=8%, signal=19%","Bcl11b/Bcl2/Itpkb/Hif1a/Cd74/St3gal1"
"GO:0060219","GO:0060219","camera-type eye photoreceptor cell differentiation",22,0.432604372070976,1.36139051146721,0.0955056179775281,0.321925300828254,0.267664002951589,1157,"tags=27%, list=12%, signal=24%","Dscam/Ush1c/Rpgrip1l/Sox9/Alms1/Sdk2"
"GO:0043388","GO:0043388","positive regulation of DNA binding",27,0.411859184263123,1.35780689908987,0.0960144927536232,0.321925300828254,0.267664002951589,1309,"tags=37%, list=14%, signal=32%","Prkn/Hipk2/Ski/Hipk3/H1f0/Pinx1/Myocd/Ngf/Pax6/Egf"
"GO:0001658","GO:0001658","branching involved in ureteric bud morphogenesis",36,0.376391456905478,1.3258093026888,0.0966542750929368,0.321925300828254,0.267664002951589,1013,"tags=22%, list=11%, signal=20%","Gpc3/Agtr1b/Gzf1/Bcl2/Greb1l/Gli3/Sox9/Lgr4"
"GO:0048255","GO:0048255","mRNA stabilization",44,0.358641626536431,1.32079167009247,0.0965391621129326,0.321925300828254,0.267664002951589,2661,"tags=48%, list=28%, signal=34%","Qki/Rbm24/Igf2bp3/Rbm47/Igf2bp1/Elavl1/Larp4b/Thrap3/Tent4a/Axin2/Mtor/Tirap/Ptbp1/Tardbp/Vegfa/Hnrnpu/Rbm38/Nrde2/Dicer1/Tent5a/Hnrnpd"
"GO:0050671","GO:0050671","positive regulation of lymphocyte proliferation",51,0.345648435432672,1.31714585997187,0.0970017636684303,0.321925300828254,0.267664002951589,1797,"tags=31%, list=19%, signal=26%","Vav3/Bcl2/Atad5/Igfbp2/Ppp3ca/Efnb1/Ptprc/Nck2/Cd74/Tfrc/Tgfbr2/Zfp335/Gpam/Adk/Tirap/Tacr1"
"GO:0006024","GO:0006024","glycosaminoglycan biosynthetic process",40,0.360030264343439,1.30126024547118,0.0956678700361011,0.321925300828254,0.267664002951589,1322,"tags=30%, list=14%, signal=26%","Smpd3/Csgalnact1/Xylt1/Chst11/Pxylp1/B4galnt4/Ext1/B4galt7/Ndst2/Pdgfrb/Egf/Chsy1"
"GO:1901796","GO:1901796","regulation of signal transduction by p53 class mediator",55,-0.323527581245382,-1.29632836823582,0.0969976905311778,0.321925300828254,0.267664002951589,1302,"tags=27%, list=14%, signal=24%","Pla2r1/Bop1/Kdm1a/Rpf2/Rpl23/Rpl5/Mif/Mdm4/Smyd2/Armc10/Rrm2b/Rrn3/Rps20/Rpl26/Ddx5"
"GO:0072080","GO:0072080","nephron tubule development",61,0.328401131673324,1.29193176215223,0.0969479353680431,0.321925300828254,0.267664002951589,1013,"tags=18%, list=11%, signal=16%","Gpc3/Agtr1b/Gzf1/Bcl2/Yap1/Greb1l/Pkd1/Gli3/Sox9/Mtss1/Lgr4"
"GO:0048041","GO:0048041","focal adhesion assembly",66,0.321268507308826,1.28179397351914,0.0965391621129326,0.321925300828254,0.267664002951589,1954,"tags=33%, list=21%, signal=27%","Lims1/Bcl2/Ptpra/Epha3/Enpp2/Ptk2/Rock1/Ptprk/Vcl/Bcr/Clasp1/Itgb1bp1/Rcc2/Abl1/Dlc1/Clasp2/Slk/Peak1/Map4k4/Wnt4/Apod/Fmn1"
"GO:0014020","GO:0014020","primary neural tube formation",78,0.309462899241493,1.27609469537286,0.0962566844919786,0.321925300828254,0.267664002951589,1479,"tags=31%, list=16%, signal=26%","Arid1a/Tgfb2/Lrp6/Ski/Tulp3/Ift57/Hectd1/Hif1a/Mthfd1l/Spint2/Brd2/Cobl/Lrp2/Abl1/Plxnb2/Lmo4/Enah/Dlc1/Celsr1/Vangl2/Kif20b/Mthfd1/Scrib/Kdm2a"
"GO:0015837","GO:0015837","amine transport",73,-0.295985956537883,-1.26543084550822,0.0955555555555556,0.321925300828254,0.267664002951589,2622,"tags=36%, list=28%, signal=26%","Ptger3/Rab3b/Chrna4/Nat8l/Tor1a/Snca/Rtn4/Oprk1/Rgs4/Arg2/Rgs2/Htr1b/Arl6ip5/Rab3a/Abat/Cck/Prkcb/Flvcr1/Npy5r/Arl6ip1/Stxbp1/Crhr2/Sdhd/Ptgs1/Stx1a/Sv2a"
"GO:0035148","GO:0035148","tube formation",113,0.284500828260563,1.25036460929933,0.0964285714285714,0.321925300828254,0.267664002951589,1853,"tags=33%, list=20%, signal=27%","Arid1a/Tgfb2/Lrp6/Ski/Tulp3/Ift57/Sox9/Hectd1/Hif1a/Itgb1bp1/Mthfd1l/Spint2/Brd2/Cobl/Dab2ip/Lrp2/Abl1/Plxnb2/Lmo4/Enah/Eda/Dlc1/Egf/Map3k7/Celsr1/Vangl2/Kif20b/Mthfd1/Cep290/Scrib/Kdm2a/Fgfr2/Stk3/Luzp1/Wnt4/Zeb2/Ret"
"GO:0001764","GO:0001764","neuron migration",151,0.269004421775806,1.23924555489219,0.0967741935483871,0.321925300828254,0.267664002951589,1387,"tags=20%, list=15%, signal=17%","Dab1/Unc5c/Ctnna2/Adgrl3/Auts2/Zmiz1/Fyn/Pcnt/Kirrel3/Filip1/Cep85l/Nr2f2/Sox1/Ptk2/Astn2/Vax1/Disc1/Fat3/Prkg1/Sh3rf1/Nrg3/Dab2ip/Neo1/Abi1/Abi2/Plxnb2/Pax6/Large1/Celsr1/Kif20b"
"GO:0007612","GO:0007612","learning",151,0.26880420193033,1.23832318509667,0.0967741935483871,0.321925300828254,0.267664002951589,769,"tags=14%, list=8%, signal=13%","Nrxn3/Foxp2/Kalrn/Adgrb3/Ctnnd2/Meis2/Prkn/Ap1s2/Adrb2/Slc6a1/Pias1/Nrxn1/Atxn1/Epm2a/Tafa2/Ntsr1/Prkar2b/Aaas/Plcb1/Ppp1r1b/Hif1a"
"GO:0046634","GO:0046634","regulation of alpha-beta T cell activation",40,0.357109399357754,1.29070333994216,0.0974729241877256,0.323117141790116,0.26865495620041,2064,"tags=40%, list=22%, signal=31%","Rc3h1/Gli3/Ep300/Itpkb/Runx1/Ptprc/Sh3rf1/Brd2/Itch/Tgfbr2/Socs5/Cbfb/Ap3d1/Irf1/Cblb/Prkcq"
"GO:0021510","GO:0021510","spinal cord development",62,0.326727651753635,1.29178605793731,0.0976909413854352,0.323468053909983,0.26894672122306,1841,"tags=31%, list=19%, signal=25%","Dab1/Lrp8/Pkd1/Gli3/Sox1/Sox13/Gigyf2/Actl6a/Ptprs/Daam2/Lmo4/Pax6/Phgdh/Sox6/Sox12/Mtor/Bag3/Sox4/Scyl1"
"GO:0045661","GO:0045661","regulation of myoblast differentiation",46,0.352428190921734,1.31142096973867,0.0982142857142857,0.324827981651376,0.270077429813065,1382,"tags=28%, list=15%, signal=24%","Arid1a/Mkx/Rbm24/Arid2/Pbrm1/Sox9/Plcb1/Actl6a/Dpf3/Myocd/Xkr8/Smarcd2/Zfhx3"
"GO:2001234","GO:2001234","negative regulation of apoptotic signaling pathway",156,-0.253153221600584,-1.21915798931178,0.0985576923076923,0.325590360384175,0.270711307743321,1601,"tags=22%, list=17%, signal=18%","Lrrk2/Faim/Rack1/Ddx3x/Slc25a5/Pycr1/Mapk8ip1/Gclc/Nr4a2/Kdm1a/Hmgb2/Hells/Eno1/Rps6kb1/Tmem14a/Ndufs3/Trim32/Tpt1/Mif/Ctnnb1/Map2k1/Mdm4/Vdac2/Armc10/Sod2/Rrm2b/Rrn3/Pea15a/Higd1a/Bok/Psme3/Nrp1/Hgf/Gstp3"
"GO:0048706","GO:0048706","embryonic skeletal system development",71,0.309279217513078,1.25058284775186,0.0998185117967332,0.329378247164506,0.273860736929975,2026,"tags=30%, list=21%, signal=23%","Col11a1/Tgfb2/Asxl2/Zeb1/Xylt1/Gli3/Chst11/Tulp3/Ext1/Pcgf2/Mthfd1l/Dlx5/Rdh10/Fgf9/Tgfbr2/Fgfr2/Mbtd1/Tapt1/Etl4/Dscaml1/Mmp16"
"GO:0070231","GO:0070231","T cell apoptotic process",30,0.396958617246096,1.34225848689529,0.100358422939068,0.33040375771264,0.274713395163659,802,"tags=23%, list=8%, signal=21%","Bcl11b/Tgfb2/Bcl2/Gli3/Fas/Hif1a/St3gal1"
"GO:1903018","GO:1903018","regulation of glycoprotein metabolic process",30,0.396732619786545,1.34149430898122,0.100358422939068,0.33040375771264,0.274713395163659,1577,"tags=37%, list=17%, signal=31%","Necab2/Tcf7l2/Bcl2/Bace2/Pxylp1/Ep300/Plcb1/Chp1/Pawr/Hbegf/Acot8"
"GO:0035791","GO:0035791","platelet-derived growth factor receptor-beta signaling pathway",38,0.361530973082334,1.29521643198949,0.10054844606947,0.330651902467903,0.274919714512696,1518,"tags=37%, list=16%, signal=31%","Erbb4/Egfr/Epha5/Epha3/Epha4/Igf1r/Fgfr3/Ddr2/Fgfr1/Abl1/Myocd/Pdgfrb/Clasp2/Fgfr2"
"GO:0050775","GO:0050775","positive regulation of dendrite morphogenesis",50,0.344504090293831,1.31166007280989,0.100869565217391,0.330733944954128,0.274987928536939,1264,"tags=24%, list=13%, signal=21%","Kalrn/Lrp8/Ptprf/Il1rapl1/Epha4/Cux1/Stau2/Grip1/Tnik/Cux2/Cask/Afdn"
"GO:0030514","GO:0030514","negative regulation of BMP signaling pathway",37,0.363802853304968,1.29564006146503,0.100732600732601,0.330733944954128,0.274987928536939,1101,"tags=27%, list=12%, signal=24%","Smurf2/Tcf7l2/Gpr155/Hipk2/Smad6/Smurf1/Ski/Htra1/Lrp2/Abl1"
"GO:2001242","GO:2001242","regulation of intrinsic apoptotic signaling pathway",114,-0.272978220191666,-1.25460295089354,0.100917431192661,0.330733944954128,0.274987928536939,2185,"tags=31%, list=23%, signal=24%","Mcl1/Park7/Trap1/Plekhf1/Parl/Cyld/Nono/Sfpq/Fbxo7/Ubb/Lrrk2/Rack1/Ddx3x/Pycr1/Mapk8ip1/Kdm1a/Hells/Eno1/Ndufs3/Trim32/Tpt1/Mif/Dnm1l/Sod1/P4hb/Ctnnb1/Map2k1/Mdm4/Vdac2/Armc10/Sod2/Rrm2b/Rrn3/Rpl26/Bok"
"GO:0090659","GO:0090659","walking behavior",39,0.362030696737338,1.30535994329286,0.10126582278481,0.330748168642574,0.274999754787861,1507,"tags=26%, list=16%, signal=22%","Dab1/Chd7/Hipk2/Atg7/Pmp22/Epha4/Oxr1/Large1/Scn8a/Cacna1c"
"GO:0033059","GO:0033059","cellular pigmentation",42,0.356933616483283,1.30492599170596,0.101083032490975,0.330748168642574,0.274999754787861,2450,"tags=45%, list=26%, signal=34%","Ap1s2/Bcl2/Bace2/Kif13a/Hps3/Abcb6/Dctn2/Ap3m1/Mlph/Ap3d1/Bloc1s2/Zeb2/Bloc1s5/Ankrd27/Ap1g1/Hps1/Shroom3/Vps33b/Hps5"
"GO:0098773","GO:0098773","skin epidermis development",79,0.305842932521867,1.26694408984727,0.101243339253996,0.330748168642574,0.274999754787861,1518,"tags=27%, list=16%, signal=23%","Trps1/Tgfb2/Ncor2/Bcl2/Egfr/Ldb2/Sox21/Pum2/Rbpj/Runx1/Ext1/Sox9/Lrp4/Cd109/Igfbp5/Lgr4/Eda/Celsr1/Vangl2/Apcdd1/Fgfr2"
"GO:0002792","GO:0002792","negative regulation of peptide secretion",47,0.349755940559522,1.30841121242565,0.101785714285714,0.332070135746606,0.276098901098901,847,"tags=21%, list=9%, signal=19%","Kalrn/Prkn/Pde3b/Foxo1/Srebf1/Klf7/Ppp3ca/Rest/Cd74/Mtnr1b"
"GO:0051785","GO:0051785","positive regulation of nuclear division",33,0.383790197394248,1.33098342385399,0.102376599634369,0.333620467057086,0.277387920270108,1378,"tags=33%, list=15%, signal=29%","Phip/Smpd3/Lrp5/Eif4g3/Igf1r/Mad1l1/Plcb1/Fbxo5/Pdgfrb/Egf/Cenpe"
"GO:0046148","GO:0046148","pigment biosynthetic process",34,-0.369940763955816,-1.33239632068084,0.102620087336245,0.333659900651329,0.277420707235466,2732,"tags=44%, list=29%, signal=32%","Appl1/Uros/Pgrmc1/Tmem14c/Alas1/Srrd/Ireb2/Hmbs/Snx3/Ddt/Tmem14a/Alad/a/Gipc1/Slc24a5"
"GO:0051606","GO:0051606","detection of stimulus",88,0.302278459137751,1.27112881629563,0.102517985611511,0.333659900651329,0.277420707235466,683,"tags=15%, list=7%, signal=14%","Kcnk3/Dach1/Col11a1/Cadm1/Fyn/Pkd1/Htr7/Asic2/Sema5a/Cep250/Disc1/Ntsr1/Rest"
"GO:0002705","GO:0002705","positive regulation of leukocyte mediated immunity",49,0.347472364456518,1.31876495083894,0.102787456445993,0.333827730169194,0.277560248677065,1527,"tags=33%, list=16%, signal=28%","B2m/Cadm1/Shld2/Tap2/Atad5/Rif1/Dennd1b/Ptprc/Kmt5b/Tfrc/Spi1/Paxip1/Fbxo38/Map3k7/Rasgrp1/Dpp4"
"GO:0072078","GO:0072078","nephron tubule morphogenesis",48,0.348022843009546,1.30679853152716,0.103756708407871,0.336596565858606,0.279862390329916,339,"tags=15%, list=4%, signal=14%","Gpc3/Agtr1b/Gzf1/Bcl2/Greb1l/Pkd1/Gli3"
"GO:0003073","GO:0003073","regulation of systemic arterial blood pressure",54,0.334414195685032,1.29006871299842,0.104056437389771,0.33718962408101,0.280355487136485,1400,"tags=26%, list=15%, signal=22%","Kcnk3/Adra1d/Agtr1b/Adrb2/Wnk1/Asic2/Nr2f2/Nr3c2/Ntsr1/Ndst2/Arhgap42/Gpr37l1/Ptpro/Chrm3"
"GO:1903055","GO:1903055","positive regulation of extracellular matrix organization",21,0.435845120428047,1.35680328215481,0.104868913857678,0.337967611908634,0.281002343210406,1441,"tags=33%, list=15%, signal=28%","Tgfb2/Sema5a/Sox9/Clasp1/Ddr2/Abl1/Clasp2"
"GO:0035315","GO:0035315","hair cell differentiation",39,0.353923264221173,1.27612729052356,0.104882459312839,0.337967611908634,0.281002343210406,2303,"tags=38%, list=24%, signal=29%","Myo3b/Hey2/Ush1c/Cux1/Rbpj/Rest/Fgfr3/Fgfr1/Nherf1/Scrib/Myo6/Atp2b2/Myo3a/Sec24b/Wdpcp"
"GO:0046330","GO:0046330","positive regulation of JNK cascade",56,0.328141544233037,1.27327475239456,0.104795737122558,0.337967611908634,0.281002343210406,1610,"tags=32%, list=17%, signal=27%","Fgd4/Hipk2/Map2k4/Rassf2/Sh3rf3/Taok1/Plcb1/Wnt7a/Sh3rf1/Mfhas1/Tnik/Dab2ip/Map3k7/Taok3/Rasgrp1/Card9/Map4k4/Stk3"
"GO:0051028","GO:0051028","mRNA transport",86,-0.285657423770771,-1.25536755488848,0.104783599088838,0.337967611908634,0.281002343210406,2040,"tags=33%, list=22%, signal=26%","Magoh/Igf2bp2/Nup107/Nup54/Tnks/Casc3/Zfp36l1/Nsun2/Ndc1/Cpeb1/Arc/Hnrnpa1/Thoc7/Eif4a3/Supt6/Mcm3ap/Ncbp2/Fxr1/Mapt/Chtop/Sem1/Eny2/Sec13/Thoc1/Nup133/Poldip3/Hnrnpa2b1/Nup214"
"GO:0044344","GO:0044344","cellular response to fibroblast growth factor stimulus",96,0.292582228537277,1.24710339839581,0.104424778761062,0.337967611908634,0.281002343210406,1883,"tags=31%, list=20%, signal=25%","Fgfrl1/Erbb4/Tcf7l2/Egfr/Epha5/Epha3/Nrxn1/Epha4/Igf1r/Fgf18/Ext1/Fam20c/Itgb1bp1/Fgfr3/Ddr2/Fgfr1/Pdgfrb/Pax6/Zdhhc16/Spry2/Fgf9/Kif16b/Gclm/Fgfr2/Ofd1/Grb2/Wnt4/Creb3l1/Ret/Gpc1"
"GO:0006066","GO:0006066","alcohol metabolic process",192,0.254255646382316,1.20290280944722,0.105442176870748,0.339392006802721,0.282186652856631,1454,"tags=21%, list=15%, signal=18%","Lpcat3/Insig1/Qki/Srebf2/Gpr146/Scap/Sptlc3/Adcyap1r1/Pmp22/Lrp5/Srebf1/Gk2/Clcn2/Itpkb/Sptlc2/Prkg1/Ntsr1/Rest/Hao1/Plcb1/Chka/Tkfc/Apoa1/Fgfr1/Lmf1/Impa2/Lrp2/Dhdds/Dhrs3/Sord/Disp3/Npc2/Agk/Tsku/Lss/Fdft1/Dhcr7/Rdh11/Ip6k2/Rdh10/Cyp7b1"
"GO:0006890","GO:0006890","retrograde vesicle-mediated transport, Golgi to endoplasmic reticulum",36,-0.362083958358204,-1.31531072376759,0.105603448275862,0.339532156998424,0.282303180393609,1537,"tags=31%, list=16%, signal=26%","Copb2/Sec22b/Arf3/Rab6a/Bnip1/Rint1/Rer1/Cog4/Copa/Arf4/Cope"
"GO:0099500","GO:0099500","vesicle fusion to plasma membrane",27,-0.39623705296549,-1.34010527331139,0.106666666666667,0.340221387703742,0.282876239575561,2155,"tags=44%, list=23%, signal=34%","Syt9/Snap25/Snap29/Snap47/Snap23/Rab3a/Vamp1/Rph3a/Stx19/Stxbp1/Cplx2/Stx1a"
"GO:0032642","GO:0032642","regulation of chemokine production",32,-0.376103966214939,-1.33329990260266,0.106430155210643,0.340221387703742,0.282876239575561,3023,"tags=50%, list=32%, signal=34%","Adora2b/Il4ra/Mul1/Adam17/Ripk2/Selenok/Adcyap1/Arg2/Eif2ak2/Il17ra/Trim32/Mif/Egr1/Slc37a4/Lrp1/Gstp3"
"GO:0060350","GO:0060350","endochondral bone morphogenesis",42,0.35407873651558,1.29448873698682,0.106498194945848,0.340221387703742,0.282876239575561,2405,"tags=43%, list=25%, signal=32%","Bmpr1b/Smpd3/Csgalnact1/Fgf18/Ext1/Sox9/Dlx5/Mef2d/Sik3/Trip11/Tgfbr2/Bmpr2/Axin2/Mmp16/Rarb/Atf2/Poc1a/Nfix"
"GO:0042311","GO:0042311","vasodilation",38,0.360442780459012,1.29131788643783,0.106032906764168,0.340221387703742,0.282876239575561,705,"tags=18%, list=7%, signal=17%","Adrb2/Egfr/Vstm4/Plekha7/Ptk2/Prkg1/Ext1"
"GO:0006885","GO:0006885","regulation of pH",55,-0.321197125782377,-1.28699056922661,0.106235565819861,0.340221387703742,0.282876239575561,1631,"tags=27%, list=17%, signal=23%","Creg1/Lrrk2/Atp6v0a1/Kcnj16/Slc9b1/Slc9a6/Gpr89/Atp6v0d1/Tpcn2/Slc4a10/Slc4a8/Lamp2/Ppt1/Atp6v1b2/Pdk4"
"GO:1903034","GO:1903034","regulation of response to wounding",88,0.30062496226737,1.26417559996128,0.106115107913669,0.340221387703742,0.282876239575561,1826,"tags=31%, list=19%, signal=25%","Tafa5/Ptprf/Tfpi/Xylt1/Epha4/Ptk2/Igf1r/Pum2/Rreb1/Plat/Prkg1/Rtn4rl1/Hif1a/Clasp1/Cd109/Ddr2/Ptprs/Neo1/Grn/Cask/Clasp2/Hbegf/Prkcd/Prkce/Mtor/Wnt4/Arfgef1"
"GO:0007259","GO:0007259","cell surface receptor signaling pathway via JAK-STAT",67,0.313957169535704,1.2629280408973,0.106761565836299,0.340221387703742,0.282876239575561,1853,"tags=25%, list=20%, signal=21%","Dab1/Erbb4/Pecam1/Fyn/Stat2/Pkd1/Pias1/Ep300/Ptprc/Fgfr3/Egf/Ercc6/Parp14/Socs5/Traf3ip1/Irf1/Ret"
"GO:1905037","GO:1905037","autophagosome organization",90,-0.281578390184706,-1.25251065745329,0.106575963718821,0.340221387703742,0.282876239575561,3166,"tags=46%, list=33%, signal=31%","Pink1/Ubxn2b/Lrsam1/Fez2/Pikfyve/Tmem41b/Atp2a2/Traf6/Pik3c2b/Pip4k2c/Snx7/Atg13/Snx4/Ulk2/Ift88/Tbc1d12/Stx12/Atg9b/Smcr8/Atg101/Rab1a/Lrba/Lrrk2/Wipi1/Map1lc3a/Ralb/Sec22b/Emc6/Atg4b/Pip4k2b/Atg4c/Synpo2/Ubxn2a/Rab23/Ctsd/Trim32/Ift20/Nsfl1c/Gabarapl1/Gabarapl2/Chek2"
"GO:0007606","GO:0007606","sensory perception of chemical stimulus",23,0.422786258248794,1.33212128936224,0.107344632768362,0.341701899452489,0.28410720744316,1867,"tags=30%, list=20%, signal=24%","B2m/Syt10/Asic2/Lef1/Fzd2/Ubr3/Nav2"
"GO:0007043","GO:0007043","cell-cell junction assembly",66,0.318228076705565,1.26966329299646,0.107468123861566,0.341717827140857,0.284120450480646,1427,"tags=27%, list=15%, signal=23%","Pecam1/Cdh6/Cdh4/Pard3/Zfp703/Pmp22/Patj/Rock1/Vcl/Epb41l3/Cdh10/Prkca/Pkp4/Abi2/Cdh2/Afdn/Ptpro/Tjp1"
"GO:0010812","GO:0010812","negative regulation of cell-substrate adhesion",36,-0.359610228945728,-1.30632462330989,0.107758620689655,0.342264165274191,0.284574701983578,1244,"tags=22%, list=13%, signal=19%","Col1a1/Meltf/Nf1/Ap1ar/Coro2b/Sema3e/Actn4/Lrp1"
"GO:0033146","GO:0033146","regulation of intracellular estrogen receptor signaling pathway",24,-0.415838297669757,-1.34807525434892,0.108225108225108,0.342613844260386,0.284865441720257,1296,"tags=33%, list=14%, signal=29%","Phb2/Kmt2d/Uba5/Vps18/Ufm1/Ufsp2/Vps11/Wbp2"
"GO:0032946","GO:0032946","positive regulation of mononuclear cell proliferation",53,0.337337173238199,1.29196812972301,0.108156028368794,0.342613844260386,0.284865441720257,1797,"tags=30%, list=19%, signal=25%","Vav3/Bcl2/Atad5/Igfbp2/Ppp3ca/Efnb1/Ptprc/Nck2/Cd74/Tfrc/Tgfbr2/Zfp335/Gpam/Adk/Tirap/Tacr1"
"GO:2001243","GO:2001243","negative regulation of intrinsic apoptotic signaling pathway",75,-0.287871242452973,-1.24076383233352,0.108167770419426,0.342613844260386,0.284865441720257,2150,"tags=36%, list=23%, signal=28%","Ppia/Txndc12/Park7/Trap1/Parl/Nono/Fbxo7/Lrrk2/Rack1/Ddx3x/Pycr1/Mapk8ip1/Kdm1a/Hells/Eno1/Ndufs3/Trim32/Tpt1/Mif/Ctnnb1/Map2k1/Mdm4/Vdac2/Armc10/Sod2/Rrm2b/Rrn3"
"GO:0019933","GO:0019933","cAMP-mediated signaling",43,0.34937520649063,1.28584289659008,0.108499095840868,0.343104596935376,0.285273476829983,1621,"tags=35%, list=17%, signal=29%","Pde3a/Epha5/Cap2/Adcy8/Pde3b/Adcyap1r1/Pde7b/Pde7a/Sox9/Pde10a/Pde8a/Pde5a/Adcy2/Pde9a/Pex5l"
"GO:0031547","GO:0031547","brain-derived neurotrophic factor receptor signaling pathway",32,0.385000234351396,1.32225188271541,0.108892921960073,0.343596484609244,0.285682455631746,936,"tags=28%, list=10%, signal=25%","Erbb4/Egfr/Epha5/Epha3/Epha4/Igf1r/Fgfr3/Ddr2/Fgfr1"
"GO:0038063","GO:0038063","collagen-activated tyrosine kinase receptor signaling pathway",32,0.384602017609756,1.32088423981709,0.108892921960073,0.343596484609244,0.285682455631746,936,"tags=28%, list=10%, signal=25%","Erbb4/Egfr/Epha5/Epha3/Epha4/Igf1r/Fgfr3/Ddr2/Fgfr1"
"GO:0044331","GO:0044331","cell-cell adhesion mediated by cadherin",29,0.400545298588582,1.34352827707839,0.10912343470483,0.343947525342874,0.285974327589995,2734,"tags=55%, list=29%, signal=39%","Cdh6/Cdh4/Plekha7/Cdh10/Mmp24/Cdh2/Afdn/Tjp1/Cdh7/Cdh18/Vegfa/Cdh22/Dennd6a/Cdh9/Wnt5a/Cdh11"
"GO:0120163","GO:0120163","negative regulation of cold-induced thermogenesis",28,0.40475566346755,1.34483047094252,0.10951526032316,0.344743285711531,0.286635960599631,1013,"tags=25%, list=11%, signal=22%","Acvr2b/Qki/Nova1/Rbpj/Acot11/Zfp423/Lgr4"
"GO:0035790","GO:0035790","platelet-derived growth factor receptor-alpha signaling pathway",33,0.381610231420978,1.32342330742921,0.109689213893967,0.344743285711531,0.286635960599631,1243,"tags=33%, list=13%, signal=29%","Erbb4/Egfr/Epha5/Epha3/Epha4/Igf1r/Fgfr3/Ddr2/Fgfr1/Phf14/Pdgfrb"
"GO:0048709","GO:0048709","oligodendrocyte differentiation",96,0.291636146412131,1.2430708150112,0.109734513274336,0.344743285711531,0.286635960599631,1423,"tags=23%, list=15%, signal=20%","Aspa/Sox5/Exoc4/Qki/Tcf7l2/Ptpra/Gli3/Tenm4/Enpp2/Sox1/Sox13/Clcn2/Wasf3/Sox9/Fgfr3/Eif2b3/Cdkn2c/Daam2/Pax6/Mir219a-1/Nsun5/Trpc4"
"GO:0019724","GO:0019724","B cell mediated immunity",53,0.336133705967188,1.28735896867389,0.109929078014184,0.344978738838855,0.2868317275257,1562,"tags=30%, list=16%, signal=25%","Fcrlb/C8b/Shld2/Fas/Irf7/Atad5/Rif1/Ptprc/Cd74/Tcirg1/Kmt5b/Tfrc/Swap70/Paxip1/Prkcd/Card9"
"GO:0048488","GO:0048488","synaptic vesicle endocytosis",66,-0.300900330194421,-1.26020679701451,0.11037527593819,0.346002495441021,0.287682927445305,2820,"tags=44%, list=30%, signal=31%","Syt7/Sncb/Ap2s1/Canx/Tor1a/Capn2/Sgip1/Snca/Btbd8/Ophn1/Park7/Ap2a2/Sh3gl1/Lrrk2/Cxadr/Ppp3cb/Synj1/Bin1/Dnm1l/Ap2b1/Ap2m1/Dnm1/Rac1/Arpc3/Cltc/Pacsin1/Dnajc6/Stx1a/Snap91"
"GO:0007044","GO:0007044","cell-substrate junction assembly",72,0.305710522087724,1.23946833285699,0.11070780399274,0.346668085466953,0.28823633064228,1578,"tags=28%, list=17%, signal=23%","Lims1/Bcl2/Ptpra/Epha3/Enpp2/Ptk2/Rock1/Ptprk/Vcl/Bcr/Clasp1/Itgb1bp1/Rcc2/Abl1/Lama3/Dlc1/Clasp2/Slk/Peak1/Map4k4"
"GO:0021801","GO:0021801","cerebral cortex radial glia-guided migration",24,0.417860354692056,1.33385020223263,0.111111111111111,0.346801346801347,0.288347130452394,982,"tags=29%, list=10%, signal=26%","Dab1/Lrp8/Zmiz1/Syne2/Gli3/Disc1/Dab2ip"
"GO:0022030","GO:0022030","telencephalon glial cell migration",24,0.417860354692056,1.33385020223263,0.111111111111111,0.346801346801347,0.288347130452394,982,"tags=29%, list=10%, signal=26%","Dab1/Lrp8/Zmiz1/Syne2/Gli3/Disc1/Dab2ip"
"GO:0010770","GO:0010770","positive regulation of cell morphogenesis",51,0.33971576328038,1.29453851168695,0.111111111111111,0.346801346801347,0.288347130452394,1264,"tags=24%, list=13%, signal=21%","Kalrn/Lrp8/Ptprf/Il1rapl1/Epha4/Cux1/Stau2/Grip1/Tnik/Cux2/Cask/Afdn"
"GO:0070229","GO:0070229","negative regulation of lymphocyte apoptotic process",20,0.442141054362773,1.3649043298371,0.112132352941176,0.34810517317799,0.289431193700074,802,"tags=25%, list=8%, signal=23%","Bcl11b/Bcl2/Hif1a/Cd74/St3gal1"
"GO:0046686","GO:0046686","response to cadmium ion",33,-0.376633036554054,-1.34339550011499,0.112087912087912,0.34810517317799,0.289431193700074,1447,"tags=33%, list=15%, signal=28%","Gclc/Hspa8/Slc30a1/Alad/Nudt1/Gpi1/Pcna/Sod2/Fos/Kit/Mt4"
"GO:0032092","GO:0032092","positive regulation of protein binding",56,0.325695037362803,1.26378166782732,0.11190053285968,0.34810517317799,0.289431193700074,1442,"tags=25%, list=15%, signal=21%","Lfng/B2m/Prkn/Tcf7l2/Hipk2/Spon1/Ep300/Mark3/Dtx3l/Abl1/Bdnf/Mfng/Arhgef7/Ip6k2"
"GO:0060993","GO:0060993","kidney morphogenesis",64,0.316304765364747,1.25923888849832,0.11190053285968,0.34810517317799,0.289431193700074,748,"tags=16%, list=8%, signal=14%","Gpc3/Erbb4/Agtr1b/Gzf1/Bcl2/Greb1l/Pkd1/Gli3/Ppp3ca/Sox9"
"GO:0010811","GO:0010811","positive regulation of cell-substrate adhesion",89,0.297746702595236,1.2533188772571,0.111913357400722,0.34810517317799,0.289431193700074,869,"tags=21%, list=9%, signal=20%","Dock1/Lims1/Prex1/Ninj1/Cdk6/Enpp2/Cib1/Carmil1/Rock1/Rreb1/Nedd9/Disc1/Spock2/Unc13d/Utrn/Rsu1/Rin2/Itgb1bp1/Apoa1"
"GO:0150115","GO:0150115","cell-substrate junction organization",78,0.301603954286562,1.24368771543182,0.112299465240642,0.348249094359151,0.289550856613675,1954,"tags=32%, list=21%, signal=26%","Lims1/Bcl2/Ptpra/Epha3/Enpp2/Ptk2/Rock1/Ptprk/Vcl/Arf6/Bcr/Clasp1/Itgb1bp1/Rcc2/Abl1/Lama3/Dlc1/Clasp2/Slk/Peak1/Map4k4/Wnt4/Iqsec1/Apod/Fmn1"
"GO:0031629","GO:0031629","synaptic vesicle fusion to presynaptic active zone membrane",26,-0.401882993776904,-1.34390556035461,0.112798264642082,0.349420188214571,0.290524559731657,2155,"tags=46%, list=23%, signal=36%","Syt9/Snap25/Snap29/Snap47/Snap23/Rab3a/Vamp1/Rph3a/Stx19/Stxbp1/Cplx2/Stx1a"
"GO:0097062","GO:0097062","dendritic spine maintenance",20,0.440308686028379,1.35924774705929,0.113970588235294,0.350043851406377,0.29104310296508,609,"tags=25%, list=6%, signal=23%","Fyn/Zfp804a/Mtmr2/Igf1r/Nedd9"
"GO:0050650","GO:0050650","chondroitin sulfate proteoglycan biosynthetic process",20,0.439070093818924,1.35542417118253,0.113970588235294,0.350043851406377,0.29104310296508,498,"tags=25%, list=5%, signal=24%","Csgalnact1/Xylt1/Chst11/Pxylp1/B4galnt4"
"GO:0150146","GO:0150146","cell junction disassembly",20,0.43891797014598,1.35495456027935,0.113970588235294,0.350043851406377,0.29104310296508,2470,"tags=45%, list=26%, signal=33%","Adgrb3/Epha4/Arf6/C1ql1/Vangl2/Map4k4/Iqsec1/Mylk3/Itgb1"
"GO:0072088","GO:0072088","nephron epithelium morphogenesis",49,0.343255347646891,1.30276006948864,0.113240418118467,0.350043851406377,0.29104310296508,339,"tags=14%, list=4%, signal=14%","Gpc3/Agtr1b/Gzf1/Bcl2/Greb1l/Pkd1/Gli3"
"GO:1901379","GO:1901379","regulation of potassium ion transmembrane transport",53,0.334416456140563,1.28078207106882,0.113475177304965,0.350043851406377,0.29104310296508,2229,"tags=34%, list=24%, signal=26%","Kcnc1/Kcnc2/Ank2/Wnk1/Nr3c2/Lrrc38/Akap9/Kcne2/Wnk2/Dpp6/Dpp10/Ank3/Kcnip1/Atp1b1/Lrrc55/Ano6/Akap7/Crbn"
"GO:0062208","GO:0062208","positive regulation of pattern recognition receptor signaling pathway",42,0.349503465067111,1.27776184336711,0.113718411552347,0.350043851406377,0.29104310296508,1902,"tags=31%, list=20%, signal=25%","Prkd1/Ninj1/Nek7/Lats1/Pum2/Ankrd17/Mfhas1/Ifi35/Map3k7/Nr1h3/Tirap/Oasl1/Usp15"
"GO:0043414","GO:0043414","macromolecule methylation",87,-0.281508163648553,-1.23878381976387,0.113895216400911,0.350043851406377,0.29104310296508,1904,"tags=33%, list=20%, signal=27%","Mrm2/Mettl21a/Mettl6/Rab3b/Setd7/Prmt5/Trmt10a/Mettl5/Btg2/Trmt44/Tfb2m/N6amt1/Eef1akmt2/Nsun2/Pcmt1/Etf1/Snrpb/Comt/Rab6a/Eef1akmt1/Ramac/Rnmt/Fam98a/Smyd2/Mettl3/Lcmt1/Lcmt2/Bud23/Snrpd3"
"GO:0046777","GO:0046777","protein autophosphorylation",132,0.267545348301067,1.2085340502906,0.113793103448276,0.350043851406377,0.29104310296508,1608,"tags=26%, list=17%, signal=22%","Erbb4/Myo3b/Grk5/Prkd1/Fyn/Egfr/Eif2ak1/Epha4/Nlk/Ptk2/Igf1r/Rassf2/Mark3/Mob1b/Ptprc/Chp1/Prkca/Tnik/Ddr2/Fgfr1/Abl1/Trim24/Wnk2/Aatk/Ngf/Pdgfrb/Rad50/Taok3/Atm/Fgfr2/Slk/Rap2c/Peak1/Camk2g"
"GO:0006693","GO:0006693","prostaglandin metabolic process",23,-0.421349119939029,-1.35292592113146,0.114649681528662,0.351754980349641,0.292465816934259,1469,"tags=30%, list=16%, signal=26%","Cthrc1/Comt/Mif/Ptges3/Fabp5/Ptgs1/Gstp3"
"GO:0030521","GO:0030521","androgen receptor signaling pathway",28,0.398863642027814,1.32525379621555,0.114901256732496,0.351972782473836,0.292646907977005,475,"tags=18%, list=5%, signal=17%","Arid1a/Zmiz1/Ncor2/Ddx17/Ep300"
"GO:0090090","GO:0090090","negative regulation of canonical Wnt signaling pathway",86,0.29764581826752,1.24692420288458,0.115452930728242,0.351972782473836,0.292646907977005,1943,"tags=28%, list=21%, signal=22%","Gpc3/Rbms3/Prkn/Tcf7l2/Foxo1/Gli3/Foxo3/Lats1/Sox13/Sox9/Lrp4/Invs/Dab2ip/Cdh2/Nherf1/Nkd1/Ptpro/Znrf3/Stk3/Axin2/Amer2/Rapgef1/Fzd1/Lzts2"
"GO:0001843","GO:0001843","neural tube closure",76,0.304086512014862,1.24165461851929,0.115384615384615,0.351972782473836,0.292646907977005,1479,"tags=30%, list=16%, signal=26%","Arid1a/Tgfb2/Lrp6/Ski/Tulp3/Ift57/Hectd1/Mthfd1l/Spint2/Brd2/Cobl/Lrp2/Abl1/Plxnb2/Lmo4/Enah/Dlc1/Celsr1/Vangl2/Kif20b/Mthfd1/Scrib/Kdm2a"
"GO:0060606","GO:0060606","tube closure",76,0.304086512014862,1.24165461851929,0.115384615384615,0.351972782473836,0.292646907977005,1479,"tags=30%, list=16%, signal=26%","Arid1a/Tgfb2/Lrp6/Ski/Tulp3/Ift57/Hectd1/Mthfd1l/Spint2/Brd2/Cobl/Lrp2/Abl1/Plxnb2/Lmo4/Enah/Dlc1/Celsr1/Vangl2/Kif20b/Mthfd1/Scrib/Kdm2a"
"GO:1902904","GO:1902904","negative regulation of supramolecular fiber organization",111,0.278283896752199,1.22317203250351,0.114982578397213,0.351972782473836,0.292646907977005,2277,"tags=36%, list=24%, signal=28%","Fhod3/Pecam1/Prkn/Ctnna2/Cib1/Carmil1/Mid1ip1/Taok1/Clasp1/Atxn7/Nav3/Ttbk2/Add3/Diaph3/Map2/Sptb/Eps8/Svil/Camsap2/Ppfia1/Swap70/Rhpn2/Dlc1/Arhgef7/Tjp1/Clasp2/Prkcd/Fgf13/Arfgef1/Cracd/Dbn1/Ssh3/Eml4/S1pr1/Arhgap28/Tbcd/Gsn/Tpx2/Rhpn1/Bmerb1"
"GO:0009743","GO:0009743","response to carbohydrate",151,0.264223914928126,1.21722278730342,0.115449915110357,0.351972782473836,0.292646907977005,864,"tags=17%, list=9%, signal=16%","Zbtb20/Acvr2b/Adcy5/Prkn/Tcf7l2/Epha5/Adcy8/Pde3b/Calcrl/Atg7/Map2k4/Lrp5/Srebf1/Foxo3/Ep300/Igf1r/Klf7/Ppp3ca/Rasal2/Stxbp4/Tra2b/Plcb1/Adnp/Hif1a/Prkca/Hmgn3"
"GO:0032506","GO:0032506","cytokinetic process",34,-0.362539828087074,-1.30574075665036,0.115720524017467,0.351975591151792,0.292649243245413,1883,"tags=35%, list=20%, signal=28%","Zfyve19/Chmp4b/Chmp3/Chmp7/Arf1/Chmp1a/Rab11fip3/Vps4b/Chmp5/Chmp2b/Mtmr4/Chmp2a"
"GO:0051783","GO:0051783","regulation of nuclear division",81,0.299557128948294,1.24121197179413,0.115942028985507,0.351975591151792,0.292649243245413,1896,"tags=32%, list=20%, signal=26%","Pde3a/Phip/Smpd3/Arhgap33os/Lrp5/Eif4g3/Igf1r/Mad1l1/Mtbp/Plcb1/Fbxo5/Fgfr3/Tom1l2/Pdgfrb/Egf/Cenpe/Atm/Mki67/Fgfr2/Ndc80/Cdk5rap2/Bub1b/Tubg1/Wnt4/Sirt2/Xrcc3"
"GO:1903313","GO:1903313","positive regulation of mRNA metabolic process",98,0.289820542436669,1.23366817312975,0.115732368896926,0.351975591151792,0.292649243245413,1284,"tags=23%, list=14%, signal=21%","Qki/Tut4/Rc3h1/Rbm24/Tnrc6b/Cnot2/Pan3/Igf2bp1/Rock1/Alkbh5/Elavl1/Tra2b/Cpeb3/Tnrc6a/Thrap3/Gigyf2/Rbmxl1/Tra2a/Dcp1b/Dazap1/Tnrc6c/Celf1/Ago3"
"GO:0007051","GO:0007051","spindle organization",130,-0.257148129547687,-1.21106052089478,0.115839243498818,0.351975591151792,0.292649243245413,2427,"tags=33%, list=26%, signal=25%","Ripor2/Haus8/Efhc1/Tubgcp2/Sbds/Haus3/Uvrag/Rgs14/Dlg1/Tacc1/Haus2/Chmp4b/Gtf2b/Ptpa/Chmp3/Limk2/Prickle1/Tubgcp5/Tppp/Abraxas2/Chmp7/Chmp1a/Ckap5/Map1s/Ccsap/Abraxas1/Numa1/Nudc/Golga2/Ilk/Mzt1/Vps4b/Stmn1/Tubgcp6/Ddb1/Chmp5/Chmp2b/Dcaf13/Cltc/Tubgcp4/Chmp2a/Rae1/Chek2"
"GO:0051205","GO:0051205","protein insertion into membrane",25,-0.404192182864939,-1.33052164789417,0.116129032258065,0.352172585733184,0.292813033907655,1809,"tags=36%, list=19%, signal=29%","Reep1/Emc3/Maip1/Emc6/Tomm22/Get4/Oxa1l/Sgta/Rab5if"
"GO:0051953","GO:0051953","negative regulation of amine transport",23,-0.420464919020802,-1.35008680676015,0.116772823779193,0.35338176681972,0.29381840456067,2622,"tags=43%, list=28%, signal=32%","Ptger3/Snca/Rgs4/Rgs2/Htr1b/Arl6ip5/Abat/Npy5r/Crhr2/Ptgs1"
"GO:0048753","GO:0048753","pigment granule organization",28,0.39751197768001,1.32076279197402,0.116696588868941,0.35338176681972,0.29381840456067,2200,"tags=46%, list=23%, signal=36%","Ap1s2/Bcl2/Bace2/Kif13a/Hps3/Abcb6/Ap3m1/Ap3d1/Bloc1s2/Zeb2/Bloc1s5/Ap1g1/Hps1"
"GO:0036215","GO:0036215","response to stem cell factor",30,0.389107803386289,1.31571208867004,0.118279569892473,0.356427134550958,0.296350468102446,936,"tags=30%, list=10%, signal=27%","Erbb4/Egfr/Epha5/Epha3/Epha4/Igf1r/Fgfr3/Ddr2/Fgfr1"
"GO:0036216","GO:0036216","cellular response to stem cell factor stimulus",30,0.389107803386289,1.31571208867004,0.118279569892473,0.356427134550958,0.296350468102446,936,"tags=30%, list=10%, signal=27%","Erbb4/Egfr/Epha5/Epha3/Epha4/Igf1r/Fgfr3/Ddr2/Fgfr1"
"GO:0038109","GO:0038109","Kit signaling pathway",30,0.389107803386289,1.31571208867004,0.118279569892473,0.356427134550958,0.296350468102446,936,"tags=30%, list=10%, signal=27%","Erbb4/Egfr/Epha5/Epha3/Epha4/Igf1r/Fgfr3/Ddr2/Fgfr1"
"GO:0042246","GO:0042246","tissue regeneration",44,0.343676037705603,1.26567697173278,0.1183970856102,0.356427134550958,0.296350468102446,1276,"tags=25%, list=13%, signal=22%","Erbb4/Ninj1/Yap1/Ninj2/Klf5/Bcl9/Wnt7a/Vps54/Cpq/Ezh2/Large1"
"GO:0006814","GO:0006814","sodium ion transport",122,0.274822629395236,1.22478851351523,0.118055555555556,0.356427134550958,0.296350468102446,1199,"tags=19%, list=13%, signal=17%","Nkain3/Nkain2/Slc6a11/Kcnk3/Adrb2/Wnk1/Slc6a1/Asic2/Slc8a1/Slc13a5/Fgf12/Nkain4/Fgf14/Plcb1/Chp1/Akt3/Slc10a7/Slc4a4/Nalcn/Slc24a3/Slc38a1/Wnk2/Nherf1"
"GO:0072332","GO:0072332","intrinsic apoptotic signaling pathway by p53 class mediator",49,-0.323569602463293,-1.26212660455327,0.119158878504673,0.358346408349819,0.297946243602047,754,"tags=18%, list=8%, signal=17%","Mif/Mdm4/Armc10/Rrm2b/Rrn3/Rpl26/Bok/Ddx5/Chek2"
"GO:0006359","GO:0006359","regulation of transcription by RNA polymerase III",20,0.436014917167107,1.34599273793439,0.119485294117647,0.358632124352332,0.298183801472593,1776,"tags=40%, list=19%, signal=33%","Ski/Ell/Tenm1/Baz1b/Setd5/Brf1/Ercc6/Mtor"
"GO:0048679","GO:0048679","regulation of axon regeneration",27,0.399780624582362,1.31798661028182,0.119565217391304,0.358632124352332,0.298183801472593,1202,"tags=33%, list=13%, signal=29%","Ptprf/Xylt1/Epha4/Igf1r/Pum2/Rtn4rl1/Ptprs/Neo1/Grn"
"GO:0010799","GO:0010799","regulation of peptidyl-threonine phosphorylation",29,0.387642795673501,1.30025008214618,0.119856887298748,0.358632124352332,0.298183801472593,1309,"tags=28%, list=14%, signal=24%","Phip/Cemip/Pard3/Spred1/Spred2/Ube2k/Spry2/Egf"
"GO:0045663","GO:0045663","positive regulation of myoblast differentiation",31,0.380446516157481,1.28760407434481,0.12,0.358632124352332,0.298183801472593,2014,"tags=42%, list=21%, signal=33%","Arid1a/Rbm24/Arid2/Pbrm1/Plcb1/Actl6a/Dpf3/Xkr8/Smarcd2/Zfhx3/Sox4/Brd7/Nr2c2"
"GO:0009953","GO:0009953","dorsal/ventral pattern formation",50,0.337056889032592,1.28330570250266,0.12,0.358632124352332,0.298183801472593,782,"tags=20%, list=8%, signal=18%","Six3/Bmpr1b/Bmpr1a/Gli3/Smad6/Lrp6/Sox1/Tulp3/Lrp4/Wnt7a"
"GO:0061333","GO:0061333","renal tubule morphogenesis",51,0.335624538742866,1.27894827921546,0.119929453262787,0.358632124352332,0.298183801472593,1013,"tags=20%, list=11%, signal=18%","Gpc3/Agtr1b/Gzf1/Bcl2/Greb1l/Pkd1/Gli3/Sox9/Mtss1/Lgr4"
"GO:0072009","GO:0072009","nephron epithelium development",76,0.301974378158609,1.23303029401318,0.120879120879121,0.360512290191711,0.299747060755062,1013,"tags=17%, list=11%, signal=15%","Gpc3/Agtr1b/Gzf1/Bcl2/Yap1/Greb1l/Pkd1/Gli3/Magi2/Ext1/Sox9/Mtss1/Lgr4"
"GO:0048814","GO:0048814","regulation of dendrite morphogenesis",76,0.301796438275859,1.23230372486754,0.120879120879121,0.360512290191711,0.299747060755062,1264,"tags=20%, list=13%, signal=17%","Robo1/Kalrn/Adgrb3/Lrp8/Ptprf/Il1rapl1/Epha4/Cux1/Ppp3ca/Stau2/Grip1/Tnik/Cux2/Cask/Afdn"
"GO:0010996","GO:0010996","response to auditory stimulus",21,0.431391002615038,1.34293743535615,0.121722846441948,0.361838803573221,0.300849987057375,2238,"tags=38%, list=24%, signal=29%","Foxp2/Kcnc1/Nrxn1/Tacr1/Xpc/Kcnq2/Kcnq3/Htt"
"GO:0140353","GO:0140353","lipid export from cell",32,-0.369598851621828,-1.31023907519183,0.121951219512195,0.361838803573221,0.300849987057375,2568,"tags=38%, list=27%, signal=27%","Tspo/Myb/Nos2/Wnk4/Ptpn11/Selenom/Sar1b/Mif/Cry1/Atp5pf/Tac1/Cyp19a1"
"GO:0009124","GO:0009124","nucleoside monophosphate biosynthetic process",32,-0.365210377585562,-1.29468180238768,0.121951219512195,0.361838803573221,0.300849987057375,2333,"tags=34%, list=25%, signal=26%","Adss2/Dguok/Uprt/Tk2/Umps/Ampd3/Impdh2/Aprt/Hprt1/Nme1/Gmps"
"GO:0045600","GO:0045600","positive regulation of fat cell differentiation",45,0.342042220856354,1.26697070982433,0.121645796064401,0.361838803573221,0.300849987057375,2154,"tags=36%, list=23%, signal=28%","Asxl2/Fndc3b/Klf5/Lrp5/Sox13/Rreb1/Prdm16/Zbtb16/Cds1/Stk3/Axin2/Creb1/Lmo3/Fndc5/Metrnl/Hnrnpu"
"GO:0050731","GO:0050731","positive regulation of peptidyl-tyrosine phosphorylation",72,0.303248203418539,1.22948514354766,0.121597096188748,0.361838803573221,0.300849987057375,2506,"tags=42%, list=26%, signal=31%","Erbb4/Pecam1/Fyn/Enpp2/Epha4/Nedd9/Ptprc/Adnp/Lrp4/Cd74/Unc119/Fgfr3/Abi1/Abi2/Abl1/Egf/Parp14/Acvr1/Hbegf/Ptprz1/Mtor/Angpt1/Vegfa/Plpp3/Pibf1/Kitl/Agt/Ntf3/Itgb1/Fbxw7"
"GO:1902110","GO:1902110","positive regulation of mitochondrial membrane permeability involved in apoptotic process",21,-0.427510790242202,-1.33967213125975,0.123931623931624,0.363230491279272,0.302007102392212,3125,"tags=62%, list=33%, signal=42%","Bak1/Hip1r/Bcl2l1/Mul1/Siva1/Chchd10/Slc25a5/Gclc/Bnip3l/Tmem14a/Vdac2/Bnip3/Bok"
"GO:0010453","GO:0010453","regulation of cell fate commitment",21,0.426814270828167,1.32868988635556,0.123595505617978,0.363230491279272,0.302007102392212,1251,"tags=33%, list=13%, signal=29%","Bmpr1a/Ep300/Brd2/Fgfr1/Chd4/Lmo4/Pax6"
"GO:0050918","GO:0050918","positive chemotaxis",26,-0.395632595548096,-1.32300409135941,0.123644251626898,0.363230491279272,0.302007102392212,754,"tags=19%, list=8%, signal=18%","Mif/Tsc2/Nrp1/Lrp1/Hgf"
"GO:0044743","GO:0044743","protein transmembrane import into intracellular organelle",33,-0.369899949573473,-1.31937955389224,0.123076923076923,0.363230491279272,0.302007102392212,2708,"tags=42%, list=29%, signal=30%","Grpel1/Pex26/Chchd4/Timm17a/Hspd1/Tomm7/Tomm70a/Dnlz/Hspa8/Romo1/Dnajc19/Timm23/Pex12/Grpel2"
"GO:0032371","GO:0032371","regulation of sterol transport",31,-0.371812004773104,-1.30745126092539,0.123893805309735,0.363230491279272,0.302007102392212,367,"tags=13%, list=4%, signal=12%","Tmem97/Scp2/Abca5/Lrp1"
"GO:0032374","GO:0032374","regulation of cholesterol transport",31,-0.371812004773104,-1.30745126092539,0.123893805309735,0.363230491279272,0.302007102392212,367,"tags=13%, list=4%, signal=12%","Tmem97/Scp2/Abca5/Lrp1"
"GO:0000184","GO:0000184","nuclear-transcribed mRNA catabolic process, nonsense-mediated decay",31,-0.369442157773209,-1.29911785746225,0.123893805309735,0.363230491279272,0.302007102392212,2040,"tags=42%, list=22%, signal=33%","Magoh/Pnrc2/Smg8/Rnps1/Casc3/Etf1/Hnrnpab/Dhx34/Eif4a3/Eif3e/Smg1/Ncbp2/Smg5"
"GO:0050906","GO:0050906","detection of stimulus involved in sensory perception",52,0.336087573578054,1.28045745032639,0.123655913978495,0.363230491279272,0.302007102392212,918,"tags=19%, list=10%, signal=17%","Col11a1/Fyn/Htr7/Asic2/Sema5a/Cep250/Disc1/Ntsr1/Rest/Mmp24"
"GO:0009308","GO:0009308","amine metabolic process",61,-0.30946379639515,-1.27312769142007,0.123595505617978,0.363230491279272,0.302007102392212,1332,"tags=25%, list=14%, signal=21%","Nr4a2/Abat/Maoa/Comt/Cyp2d22/Pebp1/Mtpn/Odc1/Hprt1/Oaz1/Kl/Crhr2/Azin1/Vps35/Amd1"
"GO:0051494","GO:0051494","negative regulation of cytoskeleton organization",116,0.279208037874759,1.23682396512431,0.12280701754386,0.363230491279272,0.302007102392212,2096,"tags=34%, list=22%, signal=27%","Fhod3/Pecam1/Prkn/Ctnna2/Cib1/Carmil1/Mid1ip1/Taok1/Clasp1/Atxn7/Nav3/Ttbk2/Add3/Diaph3/Map2/Sptb/Eps8/Svil/Camsap2/Ppfia1/Swap70/Rhpn2/Dlc1/Arhgef7/Tjp1/Kifc1/Clasp2/Prkcd/Fgf13/Cdk5rap2/Arfgef1/Cracd/Dbn1/Ssh3/Eml4/S1pr1/Arhgap28/Tbcd/Gsn"
"GO:0072089","GO:0072089","stem cell proliferation",73,0.3005493361431,1.22328085040417,0.123188405797101,0.363230491279272,0.302007102392212,1653,"tags=29%, list=17%, signal=24%","Nfatc1/Yap1/Gli3/Lrp6/Fubp1/Rbpj/Ptprc/Sox9/Etv6/Cd109/Fgfr1/Cdkn2c/Ngf/Ago3/Ncoa3/Fgf9/Tgfbr2/Mki67/Fgfr2/Znrf3/Axin2"
"GO:0042113","GO:0042113","B cell activation",148,0.260610181828567,1.1981519987586,0.123519458544839,0.363230491279272,0.302007102392212,1542,"tags=22%, list=16%, signal=19%","Vav3/Lfng/Nhej1/Nfatc1/Rc3h1/Bcl2/Shld2/Ep300/Fas/Atad5/Rbpj/Sh3kbp1/Lef1/Rif1/Ptprc/Cd74/St3gal1/Tcirg1/Kmt5b/Phf14/Tfrc/Abl1/Mfng/Swap70/Ezh2/Spi1/Pawr/Paxip1/Irf8/Rasgrp1/Atm/Dpp4/Prkcd"
"GO:0010611","GO:0010611","regulation of cardiac muscle hypertrophy",47,0.336290716859411,1.25803880234204,0.125,0.365248226950355,0.303684743774329,1776,"tags=32%, list=19%, signal=26%","Foxo1/Ep300/Ptk2/Rock1/Ppp3ca/Nr3c1/Nfatc3/Prkca/Pde5a/Ppara/Ctdp1/Slc9a1/Pde9a/Adk/Mtor"
"GO:0070665","GO:0070665","positive regulation of leukocyte proliferation",60,0.320746168641376,1.25581237159209,0.125,0.365248226950355,0.303684743774329,1797,"tags=30%, list=19%, signal=24%","Vav3/Bcl2/Ptk2/Atad5/Igfbp2/Ppp3ca/Efnb1/Ptprc/Nck2/Cd74/Tfrc/Tgfbr2/Zfp335/Gpam/Adk/Tirap/Rac2/Tacr1"
"GO:0002706","GO:0002706","regulation of lymphocyte mediated immunity",60,0.320471879826682,1.25473845295936,0.125,0.365248226950355,0.303684743774329,1527,"tags=27%, list=16%, signal=23%","B2m/Tap1/Cadm1/Shld2/Tap2/Atad5/Rif1/Dennd1b/Ptprc/Kmt5b/Tfrc/Paxip1/Fbxo38/Map3k7/Rasgrp1/Dpp4"
"GO:0000460","GO:0000460","maturation of 5.8S rRNA",23,-0.413556908030295,-1.32790561142771,0.125265392781316,0.365653231560037,0.304021483865159,3189,"tags=48%, list=34%, signal=32%","Exosc8/Rrs1/Exosc7/Rpf1/Exosc9/Exosc3/Fcf1/Nol9/Bop1/Eif6/Rps21"
"GO:0016485","GO:0016485","protein processing",123,-0.256909917216875,-1.19183345233233,0.125592417061611,0.36623713933841,0.304506972557448,2825,"tags=48%, list=30%, signal=34%","Mbtps1/Tmem98/Sprtn/Psen2/Snx12/Zmpste24/Adamts3/Sec11a/Pmpca/C2cd3/Cpd/Casp2/Phex/Ece1/Adam17/Shh/Atp6ap2/Rhbdd1/Tmem208/Xpnpep3/Capn2/Lgmn/Oma1/Clec3b/Ift52/Ift88/Pgk1/Sde2/Parl/Spcs3/Timm17a/Ero1b/Ncstn/Dhcr24/Lrrk2/Pcsk2/Spg7/Casp9/Adamts2/Pitrm1/Fkrp/Prep/Eno1/Spcs1/Ogt/Atg4b/Atg4c/Tysnd1/Meltf/Prss12/Casp3/Timm23/P4hb/Metap2/Slc30a8/Yme1l1/Ift172/Atp23/Vps35"
"GO:0034614","GO:0034614","cellular response to reactive oxygen species",93,0.291655590208747,1.23890423496457,0.12589928057554,0.366391044581086,0.304634936694545,1542,"tags=29%, list=16%, signal=25%","Fyn/Smpd3/Egfr/Foxo1/Atg7/Map2k4/Slc8a1/Foxo3/Ep300/Pdgfd/Ptprk/Pcgf2/Ppargc1b/Ankzf1/Ddr2/Abl1/Pex14/Tet1/Ezh2/Pdgfrb/Pawr/Gpr37l1/Mapk9/Ccs/Chuk/Atm/Prkcd"
"GO:1902850","GO:1902850","microtubule cytoskeleton organization involved in mitosis",109,-0.264837565626649,-1.20565690780139,0.125874125874126,0.366391044581086,0.304634936694545,1395,"tags=28%, list=15%, signal=24%","Chmp4b/Ptpa/Chmp3/Prickle1/Zw10/Abraxas2/Chmp7/Spry1/Chmp1a/Ckap5/Map1s/Ccsap/Arhgef2/Abraxas1/Numa1/Nudc/Golga2/Ilk/Mzt1/Vps4b/Pafah1b1/Stmn1/Chmp5/Chmp2b/Nsfl1c/Mcph1/Cltc/Chmp2a/Rae1/Chek2"
"GO:0001754","GO:0001754","eye photoreceptor cell differentiation",33,0.374733132346064,1.29957354541064,0.126142595978062,0.366729079436221,0.304915994946971,2068,"tags=36%, list=22%, signal=29%","Dscam/Ush1c/Rpgrip1l/Sox9/Alms1/Sdk2/Pax6/Dzank1/Cep290/Olfm3/Rpgr/Vegfa"
"GO:0051882","GO:0051882","mitochondrial depolarization",20,-0.432730362129132,-1.33305711597288,0.126637554585153,0.36682511302022,0.304995841835193,1601,"tags=40%, list=17%, signal=33%","Lrrk2/Rack1/Gclc/Ppp2r3c/Cck/Oga/Bok/Mllt11"
"GO:0021517","GO:0021517","ventral spinal cord development",25,0.410646729450756,1.3189916987555,0.126629422718808,0.36682511302022,0.304995841835193,1251,"tags=28%, list=13%, signal=24%","Dab1/Lrp8/Gli3/Sox1/Gigyf2/Lmo4/Pax6"
"GO:1904645","GO:1904645","response to amyloid-beta",27,0.395449163410721,1.30370675909308,0.126811594202899,0.36682511302022,0.304995841835193,490,"tags=22%, list=5%, signal=21%","Adrb2/Fyn/Calcr/Epha4/Foxo3/Igf1r"
"GO:0002562","GO:0002562","somatic diversification of immune receptors via germline recombination within a single locus",47,0.33550719602761,1.25510770862035,0.126785714285714,0.36682511302022,0.304995841835193,1457,"tags=28%, list=15%, signal=24%","Bcl11b/Nhej1/Shld2/Atad5/Lef1/Rif1/Ptprc/Kmt5b/Tfrc/Swap70/Ezh2/Paxip1/Atm"
"GO:0016444","GO:0016444","somatic cell DNA recombination",47,0.33550719602761,1.25510770862035,0.126785714285714,0.36682511302022,0.304995841835193,1457,"tags=28%, list=15%, signal=24%","Bcl11b/Nhej1/Shld2/Atad5/Lef1/Rif1/Ptprc/Kmt5b/Tfrc/Swap70/Ezh2/Paxip1/Atm"
"GO:0045581","GO:0045581","negative regulation of T cell differentiation",22,0.411811429922862,1.29595586500163,0.127340823970037,0.367618554884473,0.30565554713002,1809,"tags=32%, list=19%, signal=26%","Rc3h1/Gli3/Runx1/Cd74/Socs5/Cbfb/Irf1"
"GO:1904861","GO:1904861","excitatory synapse assembly",30,0.380013542299841,1.28496115243892,0.127240143369176,0.367618554884473,0.30565554713002,1148,"tags=27%, list=12%, signal=24%","Nrxn3/Grid2/Nrxn1/Lats1/Wnt7a/Fgfr1/Ptprs/Plxnb2"
"GO:0009409","GO:0009409","response to cold",24,0.412255815056026,1.31595997588548,0.127777777777778,0.368142968142968,0.306091569249464,2059,"tags=42%, list=22%, signal=33%","Tmem135/Adrb2/Slc27a1/Acot11/Appl2/Zfp516/Thra/Slc9a1/Eif2ak3/Metrnl"
"GO:0007260","GO:0007260","tyrosine phosphorylation of STAT protein",24,0.41173136622374,1.31428588507224,0.127777777777778,0.368142968142968,0.306091569249464,1809,"tags=29%, list=19%, signal=24%","Erbb4/Pecam1/Fyn/Fgfr3/Parp14/Traf3ip1/Irf1"
"GO:0002292","GO:0002292","T cell differentiation involved in immune response",29,0.383890040281151,1.28766240977966,0.128801431127013,0.368966817496229,0.306776556776557,2164,"tags=34%, list=23%, signal=27%","Rora/Rc3h1/Ep300/Lef1/Brd2/Socs5/Mtor/Irf1/Kmt2a/Fcer1g"
"GO:0010762","GO:0010762","regulation of fibroblast migration",34,0.368478648792052,1.28596023090149,0.128676470588235,0.368966817496229,0.306776556776557,2470,"tags=50%, list=26%, signal=37%","Gna12/Slc8a1/Ptk2/Itgb1bp1/Ddr2/Appl2/Fgfr1/Gna13/Rcc2/Nherf1/Prkce/Zeb2/Rffl/Adipor2/Wdpcp/Braf/Itgb1"
"GO:0070542","GO:0070542","response to fatty acid",32,0.373103155404927,1.28139233606531,0.128856624319419,0.368966817496229,0.306776556776557,756,"tags=19%, list=8%, signal=17%","Scd4/Foxo1/Srebf1/Foxo3/Sox9/Plcb1"
"GO:0006623","GO:0006623","protein targeting to vacuole",34,-0.355536394814495,-1.28051685695156,0.12882096069869,0.368966817496229,0.306776556776557,2172,"tags=35%, list=23%, signal=27%","Scarb2/Lhcgr/Vps53/Sorl1/Hspa8/Vps37d/M6pr/Ncoa4/Gga3/Vps37a/Lamp2/Sort1"
"GO:0032418","GO:0032418","lysosome localization",47,-0.323965020100641,-1.252840348692,0.1289592760181,0.368966817496229,0.306776556776557,1322,"tags=26%, list=14%, signal=22%","Rab3a/Borcs8/Nr4a3/Milr1/Def8/Ywhaz/Stxbp1/Bloc1s1/Fam98a/Cplx2/Kit/Rabgef1"
"GO:1990849","GO:1990849","vacuolar localization",47,-0.323965020100641,-1.252840348692,0.1289592760181,0.368966817496229,0.306776556776557,1322,"tags=26%, list=14%, signal=22%","Rab3a/Borcs8/Nr4a3/Milr1/Def8/Ywhaz/Stxbp1/Bloc1s1/Fam98a/Cplx2/Kit/Rabgef1"
"GO:0015844","GO:0015844","monoamine transport",65,-0.298790580219239,-1.2429097951151,0.128378378378378,0.368966817496229,0.306776556776557,2622,"tags=35%, list=28%, signal=26%","Ptger3/Rab3b/Slc18b1/Chrna4/Nat8l/Tor1a/Snca/Rtn4/Oprk1/Park7/Nisch/Htr1b/Pick1/Rab3a/Abat/Comt/Prkcb/Chrm5/Crhr2/Slc6a2/Sdhd/Ptgs1/Stx1a"
"GO:0014009","GO:0014009","glial cell proliferation",53,0.329400980894856,1.26157329514096,0.129432624113475,0.369954101033957,0.30759743125606,545,"tags=17%, list=6%, signal=16%","Nfia/Penk/Egfr/Pmp22/Atxn1/Ptk2/Fas/Epm2a/Ski"
"GO:0034142","GO:0034142","toll-like receptor 4 signaling pathway",33,0.373047380675726,1.29372736292556,0.129798903107861,0.370633699567397,0.308162481792295,1784,"tags=39%, list=19%, signal=32%","Ninj1/Arf6/Irak2/Mfhas1/Appl2/Dab2ip/Ifi35/Map3k7/Chuk/Prkce/Nr1h3/Tirap/Lrrfip2"
"GO:0098885","GO:0098885","modification of postsynaptic actin cytoskeleton",23,0.411900957996335,1.29782372191655,0.129943502824859,0.370679586693267,0.308200634530718,1421,"tags=43%, list=15%, signal=37%","Kalrn/Ctnna2/Cap2/Ptk2/Wasf3/Sptb/Prmt8/Amot/Itsn1/Dip2a"
"GO:0071902","GO:0071902","positive regulation of protein serine/threonine kinase activity",98,0.288714787761394,1.22896134890429,0.130198915009042,0.371041176764897,0.308501277710211,1849,"tags=31%, list=20%, signal=25%","Robo1/Sash1/Adrb2/Fgd4/Cemip/Egfr/Map2k4/Nrxn1/Cib1/Epha4/Fgf18/Ptprc/Tenm1/Fgfr1/Dab2ip/Prox1/Pde5a/Ezh2/Pdgfrb/Map3k7/Vangl2/Gab1/Taok3/Rasgrp1/Ip6k2/C1qtnf9/Tead1/Ccny/Tirap/Zeb2"
"GO:0048741","GO:0048741","skeletal muscle fiber development",20,0.427734112416762,1.32042961470312,0.130514705882353,0.371487754356038,0.308872583554659,704,"tags=30%, list=7%, signal=28%","Bcl2/Hdac4/Pmp22/Ski/Ppp3ca/Nfatc3"
"GO:0021987","GO:0021987","cerebral cortex development",114,0.276827137457888,1.22173778454758,0.130742049469965,0.371487754356038,0.308872583554659,1282,"tags=22%, list=14%, signal=19%","Robo1/Dab1/Lrp8/Zmiz1/Syne2/Trappc9/Egfr/Gli3/Filip1/Atg7/Lrp6/Disc1/Tra2b/Pou3f2/Plcb1/Hif1a/Fgfr1/Ccdc85c/Dab2ip/Ptprs/Cdh2/Ncoa1/Pax6/Afdn/Celf1"
"GO:0001508","GO:0001508","action potential",114,0.276300356880211,1.21941291227594,0.130742049469965,0.371487754356038,0.308872583554659,2271,"tags=30%, list=24%, signal=23%","Kcnk3/Kcng2/Kcnc1/Nrcam/Kcnc2/Ank2/Pmp22/Kcnd2/Fgf12/Clcn2/Akap9/Mtnr1b/Kcne2/Dpp6/Cnr1/Pawr/Chrna1/Scn8a/Trpc4/Cacna1c/Slc9a1/Fgf13/Cacna2d1/Slmap/Mtor/Tacr1/Ank3/Kcnip1/Dmd/Gria1/Kcnq2/Kcnq3/Fmr1/Kcnf1"
"GO:0007052","GO:0007052","mitotic spindle organization",83,-0.27686199221791,-1.21159232356417,0.130925507900677,0.371586478147357,0.308954667209168,1395,"tags=29%, list=15%, signal=25%","Chmp4b/Ptpa/Chmp3/Prickle1/Abraxas2/Chmp7/Chmp1a/Ckap5/Map1s/Ccsap/Abraxas1/Numa1/Nudc/Golga2/Ilk/Mzt1/Vps4b/Stmn1/Chmp5/Chmp2b/Cltc/Chmp2a/Rae1/Chek2"
"GO:0048863","GO:0048863","stem cell differentiation",161,0.254507352596514,1.17220632359821,0.131034482758621,0.371586478147357,0.308954667209168,1660,"tags=27%, list=18%, signal=22%","Erbb4/Sox5/Msi2/Tgfb2/Bcl2/Bmpr1a/Yap1/Rbm24/Cdk6/Lrp6/Sema5a/Sox21/Rbpj/Efnb1/Rest/Ext1/Ptprc/Sox9/Chd2/Hif1a/Wnt7a/Prkca/Cdk13/Fgfr1/Smad1/Chd4/Sema3g/Myocd/Cdh2/Ezh2/Pax6/Mtch2/Ncoa3/Rdh10/Tgfbr2/Acvr1/Sema4g/Fgfr2/Slc9a1/Sox6/Bmpr2/Sema3f/Tapt1"
"GO:0060338","GO:0060338","regulation of type I interferon-mediated signaling pathway",24,0.406855692532129,1.29872226850382,0.131481481481481,0.371757443718228,0.30909681611436,1269,"tags=33%, list=13%, signal=29%","Stat2/Rbm47/Adar/Irf7/Samhd1/Gigyf2/Lsm14a/Ube2k"
"GO:0006690","GO:0006690","icosanoid metabolic process",41,-0.343124686609302,-1.2934894936284,0.131403118040089,0.371757443718228,0.30909681611436,1718,"tags=27%, list=18%, signal=22%","Lta4h/Cthrc1/Ggt5/Comt/Cyp2d22/Mif/Mgst3/Ptges3/Fabp5/Ptgs1/Gstp3"
"GO:0007088","GO:0007088","regulation of mitotic nuclear division",69,0.303519768682826,1.22884787606924,0.131438721136767,0.371757443718228,0.30909681611436,1896,"tags=30%, list=20%, signal=25%","Phip/Smpd3/Arhgap33os/Lrp5/Igf1r/Mad1l1/Mtbp/Fbxo5/Fgfr3/Tom1l2/Pdgfrb/Egf/Cenpe/Atm/Mki67/Fgfr2/Ndc80/Cdk5rap2/Bub1b/Tubg1/Xrcc3"
"GO:0090207","GO:0090207","regulation of triglyceride metabolic process",25,0.407632859152981,1.30931118843168,0.132216014897579,0.372433658147944,0.309659052945841,2290,"tags=40%, list=24%, signal=30%","Tcf7l2/Slc27a1/Srebf1/Lmf1/Mfsd2a/Gpam/Tbl1xr1/Nr1h3/Cdk8/Fitm2"
"GO:0032527","GO:0032527","protein exit from endoplasmic reticulum",31,-0.364772068683599,-1.28269581140011,0.132743362831858,0.372433658147944,0.309659052945841,2614,"tags=48%, list=28%, signal=35%","Yod1/Rhbdd1/Mia2/Ufd1/Steep1/Tmem30a/Sel1l/Derl1/Edem2/Sec16a/Sorl1/Tecpr2/Cd81/Sec61b/Sec13"
"GO:0002752","GO:0002752","cell surface pattern recognition receptor signaling pathway",35,0.361320280633204,1.2656913334411,0.132841328413284,0.372433658147944,0.309659052945841,1784,"tags=37%, list=19%, signal=30%","Ninj1/Arf6/Irak2/Mfhas1/Appl2/Dab2ip/Ifi35/Map3k7/Chuk/Prkce/Nr1h3/Tirap/Lrrfip2"
"GO:0140895","GO:0140895","cell surface toll-like receptor signaling pathway",35,0.361320280633204,1.2656913334411,0.132841328413284,0.372433658147944,0.309659052945841,1784,"tags=37%, list=19%, signal=30%","Ninj1/Arf6/Irak2/Mfhas1/Appl2/Dab2ip/Ifi35/Map3k7/Chuk/Prkce/Nr1h3/Tirap/Lrrfip2"
"GO:0031111","GO:0031111","negative regulation of microtubule polymerization or depolymerization",35,0.361052115174769,1.26475195994102,0.132841328413284,0.372433658147944,0.309659052945841,2277,"tags=49%, list=24%, signal=37%","Cib1/Mid1ip1/Taok1/Clasp1/Atxn7/Nav3/Ttbk2/Diaph3/Map2/Camsap2/Arhgef7/Clasp2/Fgf13/Eml4/Tbcd/Tpx2/Bmerb1"
"GO:0001656","GO:0001656","metanephros development",51,0.328616981936646,1.2522449197043,0.132275132275132,0.372433658147944,0.309659052945841,1445,"tags=25%, list=15%, signal=22%","Gpc3/Robo2/Bcl2/Yap1/Greb1l/Pkd1/Gli3/Sox9/Mtss1/Lgr4/Pdgfrb/Tshz3/Rdh10"
"GO:1903539","GO:1903539","protein localization to postsynaptic membrane",58,0.319356159755861,1.24261773468268,0.132616487455197,0.372433658147944,0.309659052945841,1521,"tags=24%, list=16%, signal=20%","Nrxn3/Erbb4/Kalrn/Magi2/Gphn/Grip1/Tnik/Gpc4/Gpc6/Lrrc7/Lgi1/Dlg2/Scrib/Cacng2"
"GO:0019079","GO:0019079","viral genome replication",65,-0.29696502572723,-1.23531584902092,0.132882882882883,0.372433658147944,0.309659052945841,2789,"tags=40%, list=29%, signal=28%","Rad23a/Tarbp2/Gas6/Cnot7/Adarb1/Ppia/Ppih/Ltf/Ccnk/Eif2ak2/Hacd3/Stau1/Ddx3x/Trim28/Hspa8/Znfx1/Smarcb1/Fbxl2/Kpna6/Tbc1d20/Ddb1/Setdb1/Pcbp2/Inpp5k/Eef1a1/Ddx5"
"GO:0007224","GO:0007224","smoothened signaling pathway",114,0.27571443442538,1.21682702561592,0.132508833922261,0.372433658147944,0.309659052945841,2923,"tags=41%, list=31%, signal=29%","Gpc3/Rora/Sall3/Rfx4/Gli3/Hipk2/Dzip1/Tulp3/Rpgrip1l/Ext1/Ift57/Ttbk2/Fgfr3/Zfp423/Tedc1/Pax6/Chsy1/Gpr37l1/Fgf9/Tgfbr2/Scube1/Fgfr2/Iqub/Traf3ip1/2700049A03Rik/Arl13b/Pdcl/Ift46/Ulk4/Hhat/Ubr5/Wdpcp/Ift81/Ptch2/Gas8/Wnt7b/Ctnna1/Disp1/Rab34/Hes1/Kctd6/Ptpdc1/Ift25/Mgrn1/Wdr11/Dlg5/Iqce"
"GO:0009948","GO:0009948","anterior/posterior axis specification",23,0.408514982690336,1.28715514009211,0.133709981167608,0.372743930371049,0.309917028025859,545,"tags=17%, list=6%, signal=16%","Gpc3/Hey2/Lrp6/Ski"
"GO:0010332","GO:0010332","response to gamma radiation",37,-0.349272097126881,-1.27331995212315,0.133771929824561,0.372743930371049,0.309917028025859,1263,"tags=22%, list=13%, signal=19%","Kdm1a/Gtf2h5/Egr1/Sod2/Rpl26/H2aj/Polb/Chek2"
"GO:0060675","GO:0060675","ureteric bud morphogenesis",43,0.33738084739369,1.24169877543487,0.133815551537071,0.372743930371049,0.309917028025859,339,"tags=14%, list=4%, signal=14%","Gpc3/Agtr1b/Gzf1/Bcl2/Greb1l/Gli3"
"GO:0072171","GO:0072171","mesonephric tubule morphogenesis",43,0.33738084739369,1.24169877543487,0.133815551537071,0.372743930371049,0.309917028025859,339,"tags=14%, list=4%, signal=14%","Gpc3/Agtr1b/Gzf1/Bcl2/Greb1l/Gli3"
"GO:0097106","GO:0097106","postsynaptic density organization",41,0.339130194214632,1.23407715918274,0.133815551537071,0.372743930371049,0.309917028025859,1189,"tags=24%, list=13%, signal=21%","Nrxn3/Adgrl3/Cadm1/Grid2/Nrxn1/Lats1/Arf6/Fgfr1/Ptprs/Cdh2"
"GO:0006935","GO:0006935","chemotaxis",200,0.247481799611131,1.17697440047684,0.133898305084746,0.372743930371049,0.309917028025859,1783,"tags=28%, list=19%, signal=23%","Vav3/Robo1/Unc5c/Agtr1b/Tgfb2/Prkd1/Robo2/Dscam/Prex1/Ninj1/Wnk1/Enpp2/Ptk2/Sema5a/Fgf18/Arhgef16/Pdgfd/Ryk/Nedd9/Lef1/Rtn4rl1/Cd74/Prkca/Apoa1/Fgfr1/Nrg3/Cklf/Lgr4/Lrp2/Sema3g/Efnb2/Swap70/Spi1/Pdgfrb/Dock4/Amot/Maco1/Wasl/Gbf1/Ptpro/Gab1/Pik3c2g/Cyp7b1/Scrib/Sema4g/Hbegf/Dpp4/Prkcd/Bmpr2/Sema3f/Angpt2/Creb1/Mospd2/Tirap/Rac2"
"GO:0042330","GO:0042330","taxis",200,0.247481799611131,1.17697440047684,0.133898305084746,0.372743930371049,0.309917028025859,1783,"tags=28%, list=19%, signal=23%","Vav3/Robo1/Unc5c/Agtr1b/Tgfb2/Prkd1/Robo2/Dscam/Prex1/Ninj1/Wnk1/Enpp2/Ptk2/Sema5a/Fgf18/Arhgef16/Pdgfd/Ryk/Nedd9/Lef1/Rtn4rl1/Cd74/Prkca/Apoa1/Fgfr1/Nrg3/Cklf/Lgr4/Lrp2/Sema3g/Efnb2/Swap70/Spi1/Pdgfrb/Dock4/Amot/Maco1/Wasl/Gbf1/Ptpro/Gab1/Pik3c2g/Cyp7b1/Scrib/Sema4g/Hbegf/Dpp4/Prkcd/Bmpr2/Sema3f/Angpt2/Creb1/Mospd2/Tirap/Rac2"
"GO:0007160","GO:0007160","cell-matrix adhesion",132,0.263066059536038,1.18830057201114,0.13448275862069,0.374009909220896,0.310969623040076,1578,"tags=24%, list=17%, signal=20%","Bcan/Pecam1/Lims1/Bcl2/Ninj1/Cdk6/Ptpra/Epha3/Enpp2/Cib1/Ptk2/Rock1/Ptprk/Vcl/Disc1/Bcr/Utrn/Clasp1/Rin2/Itgb1bp1/Rcc2/Abl1/Cask/Eda/Dlc1/Clasp2/Mkln1/Itgbl1/Itgb5/Slk/Peak1/Map4k4"
"GO:0040018","GO:0040018","positive regulation of multicellular organism growth",22,0.40834327801409,1.28504171478551,0.134831460674157,0.374618432162109,0.311475577949225,1665,"tags=27%, list=18%, signal=23%","Chd7/Bcl2/Pou3f2/Celf1/Gpam/Creb1"
"GO:0002819","GO:0002819","regulation of adaptive immune response",80,0.291881910695654,1.21256544504968,0.135231316725979,0.375367774242274,0.312098616586576,1562,"tags=25%, list=16%, signal=21%","B2m/Rc3h1/Shld2/Tap2/Ep300/Irf7/Atad5/Rif1/Dennd1b/Ptprc/Cd74/Brd2/Kmt5b/Tfrc/Paxip1/Fbxo38/Map3k7/Socs5/Dpp4/Card9"
"GO:0060324","GO:0060324","face development",42,0.340226621846545,1.24384631039274,0.135379061371841,0.375416550958067,0.312139171867464,2474,"tags=43%, list=26%, signal=32%","Chd7/Tgfb2/Tcf7l2/Lrp6/Ep300/Ski/Lef1/Crebbp/Arid5b/Dlx5/Asph/Csrnp1/Crispld1/Mmp2/Srf/Ankrd11/Braf/Rab3gap1"
"GO:0002220","GO:0002220","innate immune response activating cell surface receptor signaling pathway",36,0.35415223119483,1.24747337930152,0.135687732342007,0.375911066353842,0.312550335482171,1784,"tags=36%, list=19%, signal=29%","Ninj1/Arf6/Irak2/Mfhas1/Appl2/Dab2ip/Ifi35/Map3k7/Chuk/Prkce/Nr1h3/Tirap/Lrrfip2"
"GO:0035794","GO:0035794","positive regulation of mitochondrial membrane permeability",24,-0.400800110146826,-1.29932407249885,0.136363636363636,0.376698014629049,0.31320464169829,3125,"tags=58%, list=33%, signal=39%","Bak1/Hip1r/Bcl2l1/Mul1/Siva1/Chchd10/Spg7/Slc25a5/Gclc/Bnip3l/Tmem14a/Vdac2/Bnip3/Bok"
"GO:1900026","GO:1900026","positive regulation of substrate adhesion-dependent cell spreading",31,0.374513897958681,1.26752539563469,0.136363636363636,0.376698014629049,0.31320464169829,1281,"tags=39%, list=14%, signal=34%","Dock1/Lims1/Prex1/Enpp2/Cib1/Carmil1/Rreb1/Nedd9/Unc13d/Apoa1/Abl1/Dock5"
"GO:1903169","GO:1903169","regulation of calcium ion transmembrane transport",99,0.284706710852473,1.21893077981908,0.136200716845878,0.376698014629049,0.31320464169829,1712,"tags=23%, list=18%, signal=19%","Chd7/Adrb2/Tgfb2/Prkd1/Cemip/Fyn/Bcl2/Ank2/Adcyap1r1/Slc8a1/Ppp3ca/Fgf14/Ntsr1/Abl1/Ngf/Cacna1c/Stimate/Slc9a1/Ubr3/Cacna2d1/Asph/Prkce/Casq1"
"GO:0051865","GO:0051865","protein autoubiquitination",56,0.320351671736423,1.24304801594918,0.136767317939609,0.377451621950079,0.313831226659713,1759,"tags=30%, list=19%, signal=25%","Sash1/Prkn/Cnot4/Uhrf1/Sh3rf3/Hectd1/Sh3rf1/Brca1/Dtx3l/Itch/Jade2/Klhl24/Marchf5/Ube3a/Ube2d2a/Marchf7/Nfx1"
"GO:0050727","GO:0050727","regulation of inflammatory response",156,-0.241572884849824,-1.16338836497381,0.137019230769231,0.377785336078835,0.314108692454773,1114,"tags=17%, list=12%, signal=16%","Fanca/Ddt/Fbxl2/Tnc/Ppard/Cd81/C2cd4b/Fxr1/Npy5r/Casp3/Sod1/Camk2n1/Abcc1/Cebpb/Hspa4/Acod1/Mcph1/Calhm2/Gprc5b/Abhd12/Tac1/Rabgef1/Vps35/Cyp19a1/Tmsb4x/Psma1/Hgf"
"GO:0010827","GO:0010827","regulation of D-glucose transmembrane transport",47,0.332511414643127,1.24390071111471,0.1375,0.378748806112703,0.314909767254813,1113,"tags=21%, list=12%, signal=19%","Gpc3/Erbb4/Slc1a2/Capn10/Aspscr1/Stxbp4/Grb10/Prkca/Appl2/C2cd5"
"GO:0098927","GO:0098927","vesicle-mediated transport between endosomal compartments",38,-0.351634001893316,-1.28992562801784,0.138461538461538,0.380735800765696,0.316561849092728,1723,"tags=29%, list=18%, signal=24%","Chmp3/Msn/Sorl1/Snx3/Dync1li1/Rab11fip3/Map2k1/Ptpn23/Rab21/Lmtk2/Vps11"
"GO:0061178","GO:0061178","regulation of insulin secretion involved in cellular response to glucose stimulus",55,0.321077109135052,1.24513734959447,0.13884007029877,0.380735800765696,0.316561849092728,864,"tags=22%, list=9%, signal=20%","Adcy5/Prkn/Tcf7l2/Epha5/Adcy8/Pde3b/Atg7/Lrp5/Klf7/Stxbp4/Hif1a/Hmgn3"
"GO:0001960","GO:0001960","negative regulation of cytokine-mediated signaling pathway",40,0.340576418750543,1.23094805675078,0.13898916967509,0.380735800765696,0.316561849092728,1452,"tags=28%, list=15%, signal=23%","Robo1/Ptprf/Stat2/Adar/Samhd1/Ptprc/Apoa1/Gigyf2/Tank/Rnf113a1/Parp14"
"GO:0051225","GO:0051225","spindle assembly",88,-0.274877221081558,-1.21683173100194,0.139013452914798,0.380735800765696,0.316561849092728,1863,"tags=27%, list=20%, signal=22%","Haus2/Chmp4b/Gtf2b/Chmp3/Prickle1/Tubgcp5/Abraxas2/Chmp7/Chmp1a/Ccsap/Abraxas1/Numa1/Golga2/Mzt1/Vps4b/Tubgcp6/Ddb1/Chmp5/Chmp2b/Dcaf13/Cltc/Tubgcp4/Chmp2a/Chek2"
"GO:0006665","GO:0006665","sphingolipid metabolic process",89,0.288445911228653,1.21416862876883,0.13898916967509,0.380735800765696,0.316561849092728,1249,"tags=21%, list=13%, signal=19%","Smpd3/Elovl5/Elovl2/Sgms1/Sptlc3/Atg7/Enpp2/St8sia1/Fut9/B3galt1/St6galnac3/Sptlc2/Elovl6/St3gal1/St8sia2/Smpdl3b/Vps54/Agk/St6galnac6"
"GO:0071326","GO:0071326","cellular response to monosaccharide stimulus",103,0.278153982383747,1.20458745064718,0.13884007029877,0.380735800765696,0.316561849092728,864,"tags=17%, list=9%, signal=16%","Zbtb20/Adcy5/Prkn/Tcf7l2/Epha5/Adcy8/Pde3b/Atg7/Lrp5/Foxo3/Igf1r/Klf7/Ppp3ca/Stxbp4/Tra2b/Plcb1/Hif1a/Hmgn3"
"GO:0002790","GO:0002790","peptide secretion",195,0.246054793543687,1.16718247660473,0.139219015280136,0.38093703991263,0.316729168888594,865,"tags=15%, list=9%, signal=14%","Acvr2b/Kalrn/Adcy5/Prkn/Chd7/Prkd1/Smpd3/Tcf7l2/Egfr/Capn10/Epha5/Adcy8/Pde3b/Foxo1/Atg7/Lrp5/Srebf1/Glud1/Klf7/Ppp3ca/Stxbp4/Rest/Slc16a10/Plcb1/Hif1a/Cd74/Clock/Mtnr1b/Hmgn3/Tcirg1"
"GO:0006446","GO:0006446","regulation of translational initiation",48,-0.318649078293573,-1.24100419929251,0.139954853273138,0.382542177090049,0.318063756263644,2083,"tags=35%, list=22%, signal=28%","Ago2/Bzw2/Eif2ak2/Ppp1r15b/Ddx3x/Eif4g1/Eif2s1/Tmed2/Rps6kb1/Zfp598/Ncbp2/Paip2/Eif2b5/Mknk1/Eif3k/Mettl3/Klhl25"
"GO:0050864","GO:0050864","regulation of B cell activation",68,0.301694777596321,1.21786456084343,0.140070921985816,0.382542177090049,0.318063756263644,1275,"tags=22%, list=13%, signal=19%","Vav3/Rc3h1/Bcl2/Shld2/Fas/Atad5/Sh3kbp1/Rif1/Ptprc/Cd74/Kmt5b/Tfrc/Spi1/Pawr/Paxip1"
"GO:0062237","GO:0062237","protein localization to postsynapse",59,0.313164960213124,1.22194730353942,0.140287769784173,0.382771928152842,0.318254782222124,1521,"tags=24%, list=16%, signal=20%","Nrxn3/Erbb4/Kalrn/Magi2/Gphn/Grip1/Tnik/Gpc4/Gpc6/Lrrc7/Lgi1/Dlg2/Scrib/Cacng2"
"GO:0009132","GO:0009132","nucleoside diphosphate metabolic process",90,-0.2705810305456,-1.20359244983518,0.140589569160998,0.383232814234705,0.31863798482614,2158,"tags=34%, list=23%, signal=27%","Ak9/Sirt6/Prkaa2/Pgk1/Entpd2/Stat3/Cant1/Nt5e/Rrm1/Ddit4/Entpd4/Fkrp/Pfkfb2/Umps/Gapdh/Uchl1/Ampd3/Eno2/Eno1/Pfkl/Ogt/Nudt7/Pkm/Gpi1/Eif6/Ppp2ca/Bpgm/Pgam1/Rrm2b/Gale/Esrrb"
"GO:0019233","GO:0019233","sensory perception of pain",49,0.326339568922027,1.23855946425954,0.141114982578397,0.384301803357977,0.31952679321464,1418,"tags=24%, list=15%, signal=21%","Grm3/Penk/Fyn/Htr7/Kcnd2/Disc1/Ntsr1/Mgll/Mmp24/Ngf/Pawr/Dlg2"
"GO:0019432","GO:0019432","triglyceride biosynthetic process",25,0.404084790967969,1.29791484177404,0.141527001862197,0.385060257896771,0.320157408383402,2290,"tags=36%, list=24%, signal=27%","Tcf7l2/Slc27a1/Srebf1/Mfsd2a/Agmo/Gpam/Nr1h3/Lpin2/Fitm2"
"GO:0003151","GO:0003151","outflow tract morphogenesis",53,0.324673537338277,1.24346765219763,0.141843971631206,0.385326003970072,0.320378362305213,1599,"tags=30%, list=17%, signal=25%","Robo1/Tgfb2/Robo2/Hey2/Bmpr1a/Smad6/Lrp6/Rbpj/Hif1a/Lrp2/Dhrs3/Fzd2/Vangl2/Tgfbr2/Fgfr2/Bmpr2"
"GO:0006576","GO:0006576","biogenic amine metabolic process",58,-0.302168968195469,-1.23400639078842,0.141891891891892,0.385326003970072,0.320378362305213,1332,"tags=24%, list=14%, signal=21%","Nr4a2/Abat/Maoa/Comt/Cyp2d22/Mtpn/Odc1/Hprt1/Oaz1/Kl/Crhr2/Azin1/Vps35/Amd1"
"GO:0038034","GO:0038034","signal transduction in absence of ligand",35,0.358424547980103,1.25554769102897,0.142066420664207,0.385437024643059,0.32047067017187,1853,"tags=34%, list=20%, signal=28%","Tgfb2/Fyn/Bcl2/Foxo3/Fas/Wwox/Eya2/Fgfr1/Ngf/Map2k5/Bag3/Ret"
"GO:0051303","GO:0051303","establishment of chromosome localization",74,-0.28488609802364,-1.22305906526173,0.142538975501114,0.386164879951127,0.321075843685184,1862,"tags=28%, list=20%, signal=23%","Chmp4b/Brca2/Chmp3/Dsn1/Zw10/Terb1/Abraxas2/Chmp7/Chmp1a/Map1s/Bub3/Abraxas1/Nsl1/Numa1/Nudc/Vps4b/Chmp5/Chmp2b/Chmp2a/Ube2b/Spdya"
"GO:1904018","GO:1904018","positive regulation of vasculature development",84,0.287749566748811,1.19874342479088,0.142602495543672,0.386164879951127,0.321075843685184,1447,"tags=25%, list=15%, signal=21%","Sash1/Prkd1/Ninj1/Wnk1/Hipk2/Adam12/Sema5a/Fgf18/Wars2/Runx1/Hif1a/Prkca/Akt3/Brca1/Smad1/Abl1/Grn/Jcad/Gab1/Tjp1/Tgfbr2"
"GO:0043303","GO:0043303","mast cell degranulation",22,-0.414441696735943,-1.31375313900235,0.143162393162393,0.386426824774729,0.321293637067244,1004,"tags=32%, list=11%, signal=29%","Nr4a3/Milr1/Ywhaz/Stxbp1/Cplx2/Kit/Rabgef1"
"GO:0090313","GO:0090313","regulation of protein targeting to membrane",23,0.401296295868076,1.26441039328552,0.143126177024482,0.386426824774729,0.321293637067244,1113,"tags=30%, list=12%, signal=27%","Cemip/Fyn/Cib1/Chp1/Itgb1bp1/Mtcl1/C2cd5"
"GO:0090307","GO:0090307","mitotic spindle assembly",50,-0.316148890672607,-1.23956622477176,0.142857142857143,0.386426824774729,0.321293637067244,1862,"tags=32%, list=20%, signal=26%","Chmp4b/Chmp3/Prickle1/Abraxas2/Chmp7/Chmp1a/Ccsap/Abraxas1/Golga2/Mzt1/Vps4b/Chmp5/Chmp2b/Cltc/Chmp2a/Chek2"
"GO:0061326","GO:0061326","renal tubule development",65,0.305074225718538,1.21584185162298,0.14336917562724,0.386426824774729,0.321293637067244,339,"tags=12%, list=4%, signal=12%","Gpc3/Agtr1b/Gzf1/Bcl2/Yap1/Greb1l/Pkd1/Gli3"
"GO:0030512","GO:0030512","negative regulation of transforming growth factor beta receptor signaling pathway",65,0.304339140785604,1.21291224646262,0.14336917562724,0.386426824774729,0.321293637067244,1288,"tags=23%, list=14%, signal=20%","Smurf2/Zfp451/Spred1/Smad6/Chst11/Smurf1/Ski/Arid4b/Spred2/Htra1/Cd109/Prdm16/Ppara/Tet1/Spry2"
"GO:0035774","GO:0035774","positive regulation of insulin secretion involved in cellular response to glucose stimulus",31,-0.362356912621333,-1.27420308174532,0.143805309734513,0.387240441899474,0.321970117032995,1414,"tags=29%, list=15%, signal=25%","Ppp3cb/Abcc8/Sri/Ppard/Camk2n1/Rac1/Arrb1/Mpc2/Lrp1"
"GO:0060999","GO:0060999","positive regulation of dendritic spine development",55,0.320019397732902,1.24103554372155,0.144112478031634,0.38738628185186,0.322091375304233,1372,"tags=25%, list=14%, signal=22%","Kalrn/Lrp8/Il1rapl1/Pbrm1/Nr3c1/Crebbp/Cpeb3/Stau2/Grn/Cux2/Cask/Afdn/D16Ertd472e/Itsn1"
"GO:0043401","GO:0043401","steroid hormone receptor signaling pathway",80,0.289839241408097,1.20407958106498,0.144128113879004,0.38738628185186,0.322091375304233,1233,"tags=25%, list=13%, signal=22%","Esrrg/Arid1a/Pde3a/Zmiz1/Ncor2/Ddx17/Rxra/Cnot2/Nr3c2/Ep300/Lats1/Rbfox2/Nr3c1/Ncoa2/Ppargc1b/Clock/Brca1/Ppara/Bdnf/Ncoa1"
"GO:0007584","GO:0007584","response to nutrient",92,0.285797123242714,1.21622200075205,0.144642857142857,0.387386434422858,0.322091502159015,1233,"tags=22%, list=13%, signal=19%","Scd4/Agtr1b/Penk/Egfr/Scap/Rxra/Lrp6/Srebf1/Igfbp2/Mn1/Hlcs/mt-Cytb/Bckdhb/Tfrc/Trim24/Ppara/Trim25/Samtor/Cnr1/Ncoa1"
"GO:0003143","GO:0003143","embryonic heart tube morphogenesis",41,0.33335514239376,1.21306204561629,0.144665461121157,0.387386434422858,0.322091502159015,1906,"tags=32%, list=20%, signal=25%","Yap1/Lrp6/Rbpj/Ift57/Hif1a/Dnaaf1/Vangl2/Tgfbr2/Acvr1/Kdm2a/Tead1/Ccdc103/Arl13b"
"GO:0045766","GO:0045766","positive regulation of angiogenesis",82,0.289189359693284,1.19943633671303,0.144404332129964,0.387386434422858,0.322091502159015,1447,"tags=26%, list=15%, signal=22%","Sash1/Prkd1/Ninj1/Wnk1/Hipk2/Adam12/Sema5a/Fgf18/Wars2/Runx1/Hif1a/Prkca/Akt3/Brca1/Smad1/Abl1/Grn/Jcad/Gab1/Tjp1/Tgfbr2"
"GO:0042752","GO:0042752","regulation of circadian rhythm",82,0.289173792925483,1.19937177228035,0.144404332129964,0.387386434422858,0.322091502159015,1776,"tags=27%, list=19%, signal=22%","Rora/Per3/Ppargc1a/Phlpp1/Atg7/Btrc/Prkg1/Nr1d2/Clock/Mtnr1b/Thrap3/Prox1/Klf10/Ppara/Ezh2/Mapk9/Zfhx3/Kdm2a/Crtc1/Ube3a/Pasd1/Mtor"
"GO:0002287","GO:0002287","alpha-beta T cell activation involved in immune response",27,0.39141589024364,1.29040996654498,0.146739130434783,0.390687141745099,0.324835867178384,1809,"tags=30%, list=19%, signal=24%","Rora/Rc3h1/Ep300/Lef1/Brd2/Socs5/Mtor/Irf1"
"GO:0002293","GO:0002293","alpha-beta T cell differentiation involved in immune response",27,0.39141589024364,1.29040996654498,0.146739130434783,0.390687141745099,0.324835867178384,1809,"tags=30%, list=19%, signal=24%","Rora/Rc3h1/Ep300/Lef1/Brd2/Socs5/Mtor/Irf1"
"GO:0002294","GO:0002294","CD4-positive, alpha-beta T cell differentiation involved in immune response",27,0.39141589024364,1.29040996654498,0.146739130434783,0.390687141745099,0.324835867178384,1809,"tags=30%, list=19%, signal=24%","Rora/Rc3h1/Ep300/Lef1/Brd2/Socs5/Mtor/Irf1"
"GO:0042093","GO:0042093","T-helper cell differentiation",27,0.39141589024364,1.29040996654498,0.146739130434783,0.390687141745099,0.324835867178384,1809,"tags=30%, list=19%, signal=24%","Rora/Rc3h1/Ep300/Lef1/Brd2/Socs5/Mtor/Irf1"
"GO:0034314","GO:0034314","Arp2/3 complex-mediated actin nucleation",33,-0.357650238367601,-1.27568660793551,0.147252747252747,0.390687141745099,0.324835867178384,848,"tags=24%, list=9%, signal=22%","Actr2/Nckap1/Ap1ar/Arpc4/Cyfip1/Arpc3/Rnh1/Arpc5"
"GO:0060337","GO:0060337","type I interferon-mediated signaling pathway",34,0.361992471713464,1.26332400543499,0.147058823529412,0.390687141745099,0.324835867178384,1269,"tags=26%, list=13%, signal=23%","Hdac4/Stat2/Rbm47/Adar/Irf7/Samhd1/Gigyf2/Lsm14a/Ube2k"
"GO:0071357","GO:0071357","cellular response to type I interferon",34,0.361992471713464,1.26332400543499,0.147058823529412,0.390687141745099,0.324835867178384,1269,"tags=26%, list=13%, signal=23%","Hdac4/Stat2/Rbm47/Adar/Irf7/Samhd1/Gigyf2/Lsm14a/Ube2k"
"GO:0097192","GO:0097192","extrinsic apoptotic signaling pathway in absence of ligand",34,0.361289156830711,1.26086949423879,0.147058823529412,0.390687141745099,0.324835867178384,1853,"tags=35%, list=20%, signal=28%","Tgfb2/Fyn/Bcl2/Foxo3/Fas/Wwox/Eya2/Fgfr1/Ngf/Map2k5/Bag3/Ret"
"GO:0045687","GO:0045687","positive regulation of glial cell differentiation",34,0.361122554724352,1.26028806656621,0.147058823529412,0.390687141745099,0.324835867178384,601,"tags=18%, list=6%, signal=17%","Aspa/Qki/Ptpra/Tenm4/Enpp2/Clcn2"
"GO:0043279","GO:0043279","response to alkaloid",68,0.300052528285863,1.21123522091513,0.147163120567376,0.390687141745099,0.324835867178384,1776,"tags=28%, list=19%, signal=23%","Fkbp5/Adgrl3/Slc1a2/Gad2/Adcy8/Slc8a1/Cacng4/Crebbp/Ppp1r1b/St8sia2/Casp7/Spidr/Bdnf/Homer2/Cnr1/Bche/Ube3a/Prkce/Mtor"
"GO:0009218","GO:0009218","pyrimidine ribonucleotide metabolic process",20,-0.423430603302551,-1.30440853763045,0.148471615720524,0.391660009586196,0.325644755762229,3162,"tags=45%, list=33%, signal=30%","Nme3/Nt5c3/Uck2/Nme7/Ak9/Uprt/Entpd4/Umps/Nme1"
"GO:0032252","GO:0032252","secretory granule localization",26,0.402609644657824,1.30043133303241,0.147874306839187,0.391660009586196,0.325644755762229,1550,"tags=31%, list=16%, signal=26%","Syt10/Tcf7l2/Unc13c/Kif1b/Unc13d/Map2/Rasgrp1/Ppfia2"
"GO:0002279","GO:0002279","mast cell activation involved in immune response",23,-0.403923070698205,-1.29697195658008,0.148619957537155,0.391660009586196,0.325644755762229,1004,"tags=30%, list=11%, signal=27%","Nr4a3/Milr1/Ywhaz/Stxbp1/Cplx2/Kit/Rabgef1"
"GO:1905710","GO:1905710","positive regulation of membrane permeability",29,-0.374931731430479,-1.28692165447085,0.148984198645598,0.391660009586196,0.325644755762229,3125,"tags=55%, list=33%, signal=37%","Bak1/Hip1r/Bcl2l1/Mul1/Siva1/Jam3/Chchd10/Spg7/Slc25a5/Gclc/Hspa8/Bnip3l/Tmem14a/Vdac2/Bnip3/Bok"
"GO:0045773","GO:0045773","positive regulation of axon extension",44,-0.328509456151701,-1.2660638249752,0.147902869757174,0.391660009586196,0.325644755762229,959,"tags=25%, list=10%, signal=23%","Zfyve27/Fn1/Mapt/Ilk/Pafah1b1/Eif2b2/Shtn1/Cyfip1/Rpl4/Nrp1/Lrp1"
"GO:0046323","GO:0046323","D-glucose import",53,0.323086487641298,1.23738940825819,0.148936170212766,0.391660009586196,0.325644755762229,1113,"tags=19%, list=12%, signal=17%","Gpc3/Erbb4/Slc1a2/Capn10/Slc27a1/Aspscr1/Grb10/Prkca/Appl2/C2cd5"
"GO:0061041","GO:0061041","regulation of wound healing",55,0.31874159053368,1.23608020612798,0.149384885764499,0.391660009586196,0.325644755762229,2470,"tags=44%, list=26%, signal=32%","Tafa5/Tfpi/Ptk2/Rreb1/Plat/Prkg1/Hif1a/Clasp1/Cd109/Ddr2/Cask/Clasp2/Hbegf/Prkcd/Prkce/Mtor/Wnt4/Arfgef1/Ano6/Fermt1/Adtrp/Enpp4/Ephb2/Itgb1"
"GO:0090278","GO:0090278","negative regulation of peptide hormone secretion",46,0.330645292146534,1.23036459862153,0.148214285714286,0.391660009586196,0.325644755762229,847,"tags=20%, list=9%, signal=18%","Kalrn/Prkn/Pde3b/Foxo1/Srebf1/Klf7/Ppp3ca/Rest/Mtnr1b"
"GO:0070227","GO:0070227","lymphocyte apoptotic process",44,0.333601676465967,1.22857549933729,0.14936247723133,0.391660009586196,0.325644755762229,952,"tags=20%, list=10%, signal=18%","Bcl11b/Tgfb2/Bcl2/Gli3/Fas/Hif1a/Cd74/St3gal1/Casp7"
"GO:0000302","GO:0000302","response to reactive oxygen species",125,0.264394931883748,1.18441256299246,0.14878892733564,0.391660009586196,0.325644755762229,1457,"tags=26%, list=15%, signal=22%","Fyn/Smpd3/Bcl2/Egfr/Foxo1/Atg7/Adcyap1r1/Map2k4/Slc8a1/Foxo3/Ep300/Sesn3/Pdgfd/Ptprk/Hif1a/Pcgf2/Ppargc1b/Ankzf1/Prkca/Ddr2/Abl1/Pex14/Tet1/Ezh2/Pdgfrb/Pawr/Gpr37l1/Mapk9/Ercc6/Ccs/Chuk/Atm"
"GO:0051235","GO:0051235","maintenance of location",137,0.260563262419974,1.18391910654299,0.14853195164076,0.391660009586196,0.325644755762229,1949,"tags=26%, list=21%, signal=21%","Insig1/Chd7/Tgfb2/Prkd1/Cemip/Plcb4/Ank2/Mprip/Plce1/Igsf11/Slc8a1/Dzip1/Ntsr1/Akap9/Ptprc/Plcb1/Tnrc6a/Ccdc88a/Ankrd13c/Abl1/Ngf/Rangap1/Kdelr3/Atp7b/Cacna1c/Taf8/Pex5l/Asph/Prkce/Taf3/Casq1/Dbn1/Itpr2/Ank3/Dmd"
"GO:0090068","GO:0090068","positive regulation of cell cycle process",150,0.255332030451903,1.17633127644069,0.149152542372881,0.391660009586196,0.325644755762229,1961,"tags=29%, list=21%, signal=24%","Phip/Smpd3/Egfr/Cdc14a/Wnk1/Cul4a/Tfdp1/Lrp5/Eif4g3/Igf1r/Mad1l1/Ino80/Atad5/Mtbp/Lef1/Arf6/Stxbp4/Crebbp/Plcb1/Fbxo5/Ankrd17/Ddr2/Fgfr1/Pkp4/Rcc2/Svil/Smc4/Ezh2/Pdgfrb/Egf/Ube2e2/Cenpe/Kif20b/Kmt2e/Kif14/Prkce/Ndc80/Mta3/Wnt4/Mapk15/Sirt2/Xrcc3/Larp7/Ncapd2"
"GO:0002791","GO:0002791","regulation of peptide secretion",163,0.25216640975778,1.16430861691066,0.149228130360206,0.391660009586196,0.325644755762229,1914,"tags=28%, list=20%, signal=22%","Kalrn/Adcy5/Prkn/Chd7/Prkd1/Tcf7l2/Egfr/Capn10/Epha5/Adcy8/Pde3b/Foxo1/Atg7/Lrp5/Srebf1/Glud1/Klf7/Ppp3ca/Stxbp4/Rest/Plcb1/Hif1a/Cd74/Clock/Mtnr1b/Hmgn3/Tcirg1/G6pc2/Cnr1/Cask/Gnao1/Arhgef7/Itsn1/Chrm3/Cckbr/Cacna1c/Map4k4/Pex5l/Jagn1/Prkce/Ptbp1/Sox4/Mtnr1a/Tardbp/Fto"
"GO:0051781","GO:0051781","positive regulation of cell division",50,0.325498518772144,1.23929852463591,0.149565217391304,0.391776645737077,0.325741732604227,1685,"tags=30%, list=18%, signal=25%","Garem1/Tgfb2/Cdc14a/Wnk1/Igf1r/Pdgfd/Arf6/Itgb1bp1/Pkp4/Svil/Kif20b/Fgf9/Kif14/Fgfr2/Prkce"
"GO:0034340","GO:0034340","response to type I interferon",36,0.349469248346376,1.23097794054779,0.150557620817844,0.393661086526439,0.327308546283388,1269,"tags=25%, list=13%, signal=22%","Hdac4/Stat2/Rbm47/Adar/Irf7/Samhd1/Gigyf2/Lsm14a/Ube2k"
"GO:0043433","GO:0043433","negative regulation of DNA-binding transcription factor activity",70,-0.286218790983533,-1.21532880402684,0.150442477876106,0.393661086526439,0.327308546283388,1328,"tags=26%, list=14%, signal=22%","Mad2l2/Phb2/Kdm1a/Med13/Cebpg/Rlim/Bhlhe40/Cactin/Ppp2cb/Nr0b1/Commd7/Sik1/Arrb1/Acod1/Commd6/Fzd6/Mturn/Id2"
"GO:0010810","GO:0010810","regulation of cell-substrate adhesion",141,0.257198449626233,1.17258218221281,0.151103565365025,0.394730690681824,0.328197866038833,2069,"tags=34%, list=22%, signal=27%","Dock1/Lims1/Bcl2/Prex1/Ninj1/Cdk6/Ptpra/Epha3/Enpp2/Cib1/Carmil1/Ptk2/Rock1/Rreb1/Vcl/Nedd9/Disc1/Spock2/Unc13d/Utrn/Clasp1/Rsu1/Rin2/Itgb1bp1/Apoa1/Rcc2/Abl1/Cask/Dlc1/Dock5/Smoc1/Clasp2/Cspg5/Slk/Peak1/Map4k4/Angpt2/Prkce/Ptprz1/Rac2/Wnt4/Dbn1/Apod/Dmd/Fmn1/Emp2/Vegfa/Tbcd"
"GO:0071229","GO:0071229","cellular response to acid chemical",67,0.302897236879481,1.21843821732475,0.151245551601424,0.394744045989598,0.328208970276773,2078,"tags=31%, list=22%, signal=25%","Prkn/Fyn/Egfr/Zeb1/Cpeb4/Ep300/Sesn3/Pdgfd/Cpeb3/Ubr2/Bdnf/Samtor/Ngf/Col1a2/Gclm/Ubr1/Mtor/Mmp2/Gria1/Vegfa/Gria2"
"GO:0060351","GO:0060351","cartilage development involved in endochondral bone morphogenesis",21,0.414791324625106,1.29126197422599,0.151685393258427,0.395534063433367,0.328865828345576,2387,"tags=48%, list=25%, signal=36%","Smpd3/Ext1/Sox9/Sik3/Trip11/Tgfbr2/Axin2/Rarb/Atf2/Poc1a"
"GO:0007549","GO:0007549","sex-chromosome dosage compensation",20,0.418777312150217,1.29277967054013,0.152573529411765,0.397430223981988,0.330442386389871,1291,"tags=30%, list=14%, signal=26%","Ncor2/Cdyl/Spen/Rbm15/Brca1/Smchd1"
"GO:0017004","GO:0017004","cytochrome complex assembly",25,-0.386919609257464,-1.27366371230349,0.152688172043011,0.397430223981988,0.330442386389871,2107,"tags=36%, list=22%, signal=28%","Uqcrc1/Coa3/Coa6/Stmp1/Smim20/Uqcc2/Uqcc5/Cox14/Cox20"
"GO:0097178","GO:0097178","ruffle assembly",29,-0.372672012164957,-1.27916535802528,0.153498871331828,0.399001306281089,0.331748658919746,515,"tags=21%, list=5%, signal=20%","Rac1/Def8/Cyfip1/Fam98a/Pfn2/Inpp5k"
"GO:0099170","GO:0099170","postsynaptic modulation of chemical synaptic transmission",30,0.372788780996795,1.2605316609164,0.154121863799283,0.399001306281089,0.331748658919746,2823,"tags=50%, list=30%, signal=35%","Grm3/Igf1r/Trio/Ppp3ca/Plcb1/Rnf19a/Gnao1/Usp8/Iqsec1/Ina/Fmr1/Braf/Nedd4/Wnt5a/Fbxo2"
"GO:0032968","GO:0032968","positive regulation of transcription elongation by RNA polymerase II",40,-0.334429135207442,-1.24553961595364,0.154017857142857,0.399001306281089,0.331748658919746,2175,"tags=35%, list=23%, signal=27%","Med22/Med31/Ccnk/Leo1/Med7/Pwwp2b/Med28/Med17/Supt6/Ncbp2/Cbx7/Ctnnb1/Map2k1/Med9"
"GO:0070534","GO:0070534","protein K63-linked ubiquitination",43,0.332996856798748,1.2255639065017,0.15370705244123,0.399001306281089,0.331748658919746,1368,"tags=23%, list=14%, signal=20%","Sash1/Prkn/Zfp91/Ube2o/Hectd1/Trim8/Ubr2/Rnf152/Itch/Ube2e2"
"GO:2000106","GO:2000106","regulation of leukocyte apoptotic process",45,0.329483530062163,1.22045161826264,0.153846153846154,0.399001306281089,0.331748658919746,802,"tags=16%, list=8%, signal=14%","Bcl11b/Tgfb2/Bcl2/Itpkb/Hif1a/Cd74/St3gal1"
"GO:0140056","GO:0140056","organelle localization by membrane tethering",60,-0.296875468992515,-1.21601358226046,0.153846153846154,0.399001306281089,0.331748658919746,1364,"tags=25%, list=14%, signal=22%","Exoc8/Ralb/Tprg1l/Rab8a/Stx7/Calm2/Ahcyl1/Septin5/Vps18/Stx19/Stxbp1/Vps11/Stx16/Stx1a/Esyt1"
"GO:0010830","GO:0010830","regulation of myotube differentiation",20,0.417813714514139,1.28980501217551,0.154411764705882,0.399393299920865,0.332074581071513,1182,"tags=25%, list=12%, signal=22%","Bcl2/Hdac4/Rbm24/Bdnf/Myocd"
"GO:0046456","GO:0046456","icosanoid biosynthetic process",23,-0.401306998065639,-1.28857190942518,0.154989384288747,0.400528122122533,0.333018126211815,1718,"tags=48%, list=18%, signal=39%","Ptges2/Pnpla8/Alox5/Lta4h/Cthrc1/Ggt5/Mif/Mgst3/Ptges3/Fabp5/Ptgs1"
"GO:0099563","GO:0099563","modification of synaptic structure",47,0.32846736914396,1.22877223476573,0.155357142857143,0.400760286225402,0.333211158486556,1421,"tags=32%, list=15%, signal=27%","Kalrn/Ctnna2/Cap2/Filip1/Epha4/Ptk2/Rest/Dlgap4/Wasf3/Sptb/Abl1/Prmt8/Amot/Itsn1/Dip2a"
"GO:0043547","GO:0043547","positive regulation of GTPase activity",101,0.276569170414906,1.188448212691,0.155357142857143,0.400760286225402,0.333211158486556,1854,"tags=28%, list=20%, signal=23%","Kalrn/Lims1/Prex1/Bcar3/Rgs6/Arhgef16/Nedd9/Dennd1b/Bcr/Rsu1/Mtss2/Pkp4/Arhgap42/Rcc2/Dennd1a/Arhgap11a/Ralbp1/Ezh2/Arhgef7/Rangap1/Rapgef6/Rasgrp1/Scrib/Map4k4/Rapgef1/Ralgapa2/Wnt4/Mex3b"
"GO:0051150","GO:0051150","regulation of smooth muscle cell differentiation",27,0.387336319607768,1.27696054167754,0.155797101449275,0.401536050562744,0.333856165844927,1518,"tags=37%, list=16%, signal=31%","Nfatc1/Hey2/Zeb1/Pias1/Nfatc3/Ankrd17/Myocd/Tshz3/Fgf9/Fgfr2"
"GO:0035773","GO:0035773","insulin secretion involved in cellular response to glucose stimulus",61,0.30666802178558,1.20643359467865,0.156193895870736,0.402172990408285,0.334385747919583,864,"tags=20%, list=9%, signal=18%","Adcy5/Prkn/Tcf7l2/Epha5/Adcy8/Pde3b/Atg7/Lrp5/Klf7/Stxbp4/Hif1a/Hmgn3"
"GO:0051056","GO:0051056","regulation of small GTPase mediated signal transduction",171,0.248189198712034,1.15791962365274,0.156462585034014,0.402172990408285,0.334385747919583,1826,"tags=27%, list=19%, signal=23%","Robo1/Psd2/Auts2/Tgfb2/Tns3/Adcyap1r1/Lztr1/Cdc42bpa/Mmd2/Itpkb/Rasa3/Arf6/Arhgap29/Bcr/Lrp4/Arhgap17/Apoa1/Dab2ip/Syde2/Garnl3/Arhgap42/Arhgap12/Icmt/Dennd1a/Eps8/Abl1/Mcf2l/Akap13/Ralbp1/Cdh2/Ngf/Pdgfrb/Dlc1/Spry2/Amot/Gbf1/Rasgrp1/Kif14/Stmn3/Mapkap1/Prag1/Map4k4/Sipa1l2/Rapgef1/Ralgapa2/Iqsec1/Arfgef1"
"GO:0062197","GO:0062197","cellular response to chemical stress",192,0.244156173675357,1.15512143559773,0.156462585034014,0.402172990408285,0.334385747919583,1542,"tags=22%, list=16%, signal=19%","Prkn/Prkd1/Penk/Fyn/Ppargc1a/Smpd3/Egfr/Ninj1/Wnk1/Foxo1/Atg7/Map2k4/Slc8a1/Nlk/Foxo3/Ep300/Fas/Pdgfd/Ptprk/Clcn2/Hif1a/Pcgf2/Ppargc1b/Stau2/Ankzf1/Fut8/Ddr2/Oxr1/Abl1/Pex14/Tmem161a/Tet1/Ezh2/Pdgfrb/Pawr/Gpr37l1/Mapk9/Ccs/Chuk/Atm/Mapkap1/Prkcd"
"GO:0035050","GO:0035050","embryonic heart tube development",54,0.318756719876929,1.22966691210242,0.156966490299824,0.403108956388861,0.335163954541874,1906,"tags=31%, list=20%, signal=25%","Pcnt/Yap1/Slc8a1/Lrp6/Rbpj/Ift57/Hif1a/Dnaaf1/Invs/Vangl2/Tgfbr2/Acvr1/Kdm2a/Tead1/Traf3ip1/Ccdc103/Arl13b"
"GO:0071526","GO:0071526","semaphorin-plexin signaling pathway",30,-0.365670096708435,-1.26808590536497,0.157657657657658,0.404288331342095,0.336144542958352,1087,"tags=20%, list=11%, signal=18%","Plxnd1/Crmp1/Rac1/Nrp2/Nrp1/Sema3e"
"GO:1990776","GO:1990776","response to angiotensin",30,0.372044091083714,1.25801359905173,0.157706093189964,0.404288331342095,0.336144542958352,915,"tags=27%, list=10%, signal=24%","Agtr1b/Prkd1/Nr3c2/Rock1/Rap1gds1/Ppp3ca/Prkca/Ddr2"
"GO:0014912","GO:0014912","negative regulation of smooth muscle cell migration",24,0.399736880621105,1.27599834028101,0.159259259259259,0.405871905871906,0.337461202122856,1182,"tags=33%, list=12%, signal=29%","Tafa5/Ppargc1a/Bmpr1a/Gna12/Prkg1/Igfbp5/Gna13/Myocd"
"GO:0060986","GO:0060986","endocrine hormone secretion",33,-0.352647043078185,-1.25784093486473,0.16043956043956,0.405871905871906,0.337461202122856,2026,"tags=39%, list=21%, signal=31%","Tspo/Oprk1/Wnk4/Rab8b/Ptpn11/Rab11fip1/Selenom/Aqp1/Rab11fip3/Cry1/Crhr2/Tac1/Cyp19a1"
"GO:0008631","GO:0008631","intrinsic apoptotic signaling pathway in response to oxidative stress",44,-0.323731782673091,-1.24765084036992,0.158940397350993,0.405871905871906,0.337461202122856,2379,"tags=50%, list=25%, signal=38%","Ppia/Aldh2/Mcl1/Stk24/Park7/Trap1/Nono/Sfpq/Arl6ip5/Fbxo7/Gskip/Rack1/Pycr1/Diablo/Map3k5/Rnf7/Pdk1/Mapt/Sod1/P4hb/Ctnnb1/Sod2"
"GO:0032526","GO:0032526","response to retinoic acid",55,0.315064887849815,1.22182194945136,0.159929701230228,0.405871905871906,0.337461202122856,1935,"tags=31%, list=20%, signal=25%","Brinp2/Yap1/Epha3/Rxra/Srebf1/Brinp3/Igfbp2/Runx1/Sox9/Tfrc/Tmem161a/Ncoa1/Atm/Tead1/Creb1/Ret/Mmp2"
"GO:0008347","GO:0008347","glial cell migration",53,0.317428207698948,1.21571875368907,0.159574468085106,0.405871905871906,0.337461202122856,621,"tags=21%, list=7%, signal=20%","Dab1/Lrp8/Tgfb2/Zmiz1/Syne2/Gli3/Pmp22/Epha4/Fas/Fubp1/Disc1"
"GO:0032465","GO:0032465","regulation of cytokinesis",53,0.317394320014422,1.21558896719689,0.159574468085106,0.405871905871906,0.337461202122856,1685,"tags=26%, list=18%, signal=22%","Atxn10/Cdc14a/Wnk1/Kif13a/Igf1r/Map9/Arf6/Rab11fip4/Pkp4/Svil/Kif20b/Kif14/Klhl21/Prkce"
"GO:0048146","GO:0048146","positive regulation of fibroblast proliferation",45,0.327954314367108,1.21478719622202,0.159212880143113,0.405871905871906,0.337461202122856,1309,"tags=29%, list=14%, signal=25%","Phip/Zmiz1/Egfr/Fndc3b/Cdk6/Kmt2c/Pdgfd/Cd74/Ddr2/Icmt/Abl1/Pdgfrb/Egf"
"GO:0002312","GO:0002312","B cell activation involved in immune response",54,0.314301177898013,1.21247878019709,0.160493827160494,0.405871905871906,0.337461202122856,1384,"tags=28%, list=15%, signal=24%","Lfng/Shld2/Atad5/Rif1/Ptprc/St3gal1/Kmt5b/Phf14/Tfrc/Abl1/Mfng/Swap70/Spi1/Paxip1/Irf8"
"GO:0006720","GO:0006720","isoprenoid metabolic process",41,0.328952518246097,1.19704112505603,0.160940325497288,0.405871905871906,0.337461202122856,1445,"tags=27%, list=15%, signal=23%","Egfr/Plpp6/Pdss2/Crppa/Ggps1/Dhdds/Dhrs3/Lss/Fdft1/Rdh11/Rdh10"
"GO:0072175","GO:0072175","epithelial tube formation",106,0.273920180686505,1.19189766417643,0.159722222222222,0.405871905871906,0.337461202122856,1853,"tags=32%, list=20%, signal=26%","Arid1a/Tgfb2/Lrp6/Ski/Tulp3/Ift57/Sox9/Hectd1/Hif1a/Mthfd1l/Spint2/Brd2/Cobl/Lrp2/Abl1/Plxnb2/Lmo4/Enah/Dlc1/Egf/Map3k7/Celsr1/Vangl2/Kif20b/Mthfd1/Cep290/Scrib/Kdm2a/Fgfr2/Stk3/Luzp1/Wnt4/Zeb2/Ret"
"GO:0006612","GO:0006612","protein targeting to membrane",78,-0.275387601117906,-1.18881175095492,0.160997732426304,0.405871905871906,0.337461202122856,1333,"tags=31%, list=14%, signal=27%","Actr3/Chmp4b/Zdhhc7/Dmtn/Cacnb3/Srp68/Rab3ip/Vps37d/Get4/Ogt/Oga/Cdk5r1/Srp72/Sec61b/Ssr3/Sgta/Arl6ip1/Srp9/Vps37a/Golga7b/Srp54c/Rabgef1/Sec61g/Inpp5k"
"GO:0062207","GO:0062207","regulation of pattern recognition receptor signaling pathway",98,0.279036284645707,1.1877632296924,0.160940325497288,0.405871905871906,0.337461202122856,1902,"tags=30%, list=20%, signal=24%","Smpdl3a/Prkd1/Ninj1/Slc15a2/Lyplal1/Irf7/Nek7/Lats1/Pum2/Arf6/Tkfc/Ankrd17/Mfhas1/Appl2/Smpdl3b/Dab2ip/Lgr4/Ptprs/Ifi35/Itch/Map3k7/Abhd17a/Nr1h3/Tirap/Zdhhc18/Oasl1/Irf1/Sirt2/Usp15"
"GO:0051592","GO:0051592","response to calcium ion",89,0.282042070774917,1.18721264887836,0.160649819494585,0.405871905871906,0.337461202122856,837,"tags=15%, list=9%, signal=13%","Nfatc1/Micu2/Penk/Cpne4/Egfr/Adcy8/Wnk1/Nrxn1/Ep300/Ppp3ca/Itpkb/Nfatc3/mt-Cytb"
"GO:0097061","GO:0097061","dendritic spine organization",89,0.281703647650616,1.18578810887006,0.160649819494585,0.405871905871906,0.337461202122856,1668,"tags=25%, list=18%, signal=21%","Kalrn/Ctnnd2/Lrp8/Fyn/Epha5/Il1rapl1/Zfp804a/Epha4/Mtmr2/Igf1r/Nedd9/Wnt7a/Stau2/Abi2/Cux2/Cask/Afdn/Wasl/Dip2a/Ppfia2/Tanc1/Ube3a"
"GO:0008217","GO:0008217","regulation of blood pressure",98,0.278520308668022,1.18556689420694,0.160940325497288,0.405871905871906,0.337461202122856,1400,"tags=23%, list=15%, signal=20%","Kcnk3/Adra1d/Agtr1b/Adrb2/Wnk1/Asic2/Arhgef12/Nr2f2/Nr3c2/Gna12/Lrp5/Snx5/Ntsr1/Ext1/Ndst2/Gna13/Arhgap42/Ppara/Cnr1/Col1a2/Gpr37l1/Ptpro/Chrm3"
"GO:0051208","GO:0051208","sequestering of calcium ion",76,0.289312224529926,1.18132783135121,0.159340659340659,0.405871905871906,0.337461202122856,1712,"tags=24%, list=18%, signal=20%","Chd7/Tgfb2/Prkd1/Cemip/Plcb4/Ank2/Plce1/Slc8a1/Ntsr1/Ptprc/Plcb1/Abl1/Ngf/Atp7b/Cacna1c/Asph/Prkce/Casq1"
"GO:0002449","GO:0002449","lymphocyte mediated immunity",108,0.270218546563379,1.18070591182753,0.16,0.405871905871906,0.337461202122856,1562,"tags=24%, list=16%, signal=20%","B2m/Tap1/Cadm1/Fcrlb/C8b/Shld2/Tap2/Fas/Irf7/Atad5/Rif1/Dennd1b/Ptprc/Unc13d/Cd74/Tcirg1/Kmt5b/Tfrc/Swap70/Paxip1/Fbxo38/Map3k7/Rasgrp1/Dpp4/Prkcd/Card9"
"GO:0006909","GO:0006909","phagocytosis",109,0.270101901707155,1.18061913102622,0.158813263525305,0.405871905871906,0.337461202122856,1384,"tags=19%, list=15%, signal=17%","Gulp1/Pecam1/Dock1/Eif2ak1/Atg7/Ptk2/Clcn2/Rab20/Ptprc/Unc13d/Xkr6/Bcr/Elmo3/Apoa1/Appl2/Arhgap12/Elmo1/Abl1/Xkr8/Rab31/Irf8"
"GO:0090087","GO:0090087","regulation of peptide transport",164,0.251405988821994,1.16036898845936,0.159445407279029,0.405871905871906,0.337461202122856,1914,"tags=27%, list=20%, signal=22%","Kalrn/Adcy5/Prkn/Chd7/Prkd1/Tcf7l2/Egfr/Capn10/Epha5/Adcy8/Pde3b/Foxo1/Atg7/Lrp5/Srebf1/Glud1/Klf7/Ppp3ca/Stxbp4/Rest/Plcb1/Hif1a/Cd74/Clock/Mtnr1b/Hmgn3/Tcirg1/G6pc2/Cnr1/Cask/Gnao1/Arhgef7/Itsn1/Chrm3/Cckbr/Cacna1c/Map4k4/Pex5l/Jagn1/Prkce/Ptbp1/Sox4/Mtnr1a/Tardbp/Fto"
"GO:0034390","GO:0034390","smooth muscle cell apoptotic process",23,-0.398782965146911,-1.28046739608947,0.16135881104034,0.406426909205537,0.337922658285354,1774,"tags=39%, list=19%, signal=32%","Stub1/Bag1/Stk4/Dnmt1/Gapdh/Nr4a3/Arrb1/Sod2/Dipk2a"
"GO:0016525","GO:0016525","negative regulation of angiogenesis",62,0.305784589070314,1.20898328247703,0.161634103019538,0.406765055068367,0.338203808834856,528,"tags=15%, list=6%, signal=14%","Adgrb3/Tafa5/Qki/Adrb2/Tgfb2/Fyn/Spred1/Pde3b/Rock1"
"GO:0048499","GO:0048499","synaptic vesicle membrane organization",30,-0.359724627290564,-1.24746796028976,0.162162162162162,0.40750402156428,0.338818220718092,2911,"tags=57%, list=31%, signal=39%","Stx11/Doc2b/Syt7/Tor1a/Syngr2/Syt9/Snap25/Snap29/Snap47/Snap23/Rab3a/Vamp1/Rph3a/Stx19/Stxbp1/Cplx2/Stx1a"
"GO:0106027","GO:0106027","neuron projection organization",95,0.282311327467567,1.20101929199165,0.162210338680927,0.40750402156428,0.338818220718092,1668,"tags=24%, list=18%, signal=20%","Kalrn/Ctnnd2/Lrp8/Fyn/Epha5/Il1rapl1/Zfp804a/Epha4/Mtmr2/Igf1r/Nedd9/Wnt7a/Stau2/Abi2/Cux2/Cask/Afdn/Wasl/Diaph2/Dip2a/Ppfia2/Tanc1/Ube3a"
"GO:0001841","GO:0001841","neural tube formation",91,0.281515860374927,1.19836149542329,0.162544169611307,0.407632508833922,0.33892505114376,1657,"tags=30%, list=17%, signal=25%","Arid1a/Tgfb2/Lrp6/Ski/Tulp3/Ift57/Hectd1/Hif1a/Mthfd1l/Spint2/Brd2/Cobl/Lrp2/Abl1/Plxnb2/Lmo4/Enah/Dlc1/Map3k7/Celsr1/Vangl2/Kif20b/Mthfd1/Scrib/Kdm2a/Stk3/Luzp1"
"GO:0140013","GO:0140013","meiotic nuclear division",100,-0.2593385231198,-1.16879916603368,0.162528216704289,0.407632508833922,0.33892505114376,1951,"tags=29%, list=21%, signal=23%","Actr3/Psmc3ip/Rnf212b/Brca2/Ubb/Hspa2/Ccne1/Chtf18/Terb1/Mlh3/Rad54l/Eme1/Ndc1/Cpeb1/Fanca/Orc4/Actr2/Trip13/Golga2/Fancm/Fzr1/Ddb1/Syce2/Dcaf13/M1ap/Rec8/Rad51ap1/Ube2b/Spdya"
"GO:0034728","GO:0034728","nucleosome organization",47,0.323633339030354,1.2106884841603,0.164285714285714,0.411347909305065,0.342014211766165,1476,"tags=28%, list=16%, signal=23%","Arid1a/Atad2b/Arid2/Baz1a/Rsf1/Sox9/Chd2/Asf1a/H1f0/Brd2/Smarcd2/Smyd3/Ubn1"
"GO:2000181","GO:2000181","negative regulation of blood vessel morphogenesis",63,0.302363331670845,1.19994683626675,0.164310954063604,0.411347909305065,0.342014211766165,2153,"tags=33%, list=23%, signal=26%","Adgrb3/Tafa5/Qki/Adrb2/Tgfb2/Fyn/Spred1/Pde3b/Rock1/Dab2ip/Spry2/Amot/Thbs2/Angpt2/Yjefn3/Wnt4/Creb3l1/Adgrb1/Foxj2/Atf2/Pik3cb"
"GO:0016064","GO:0016064","immunoglobulin mediated immune response",52,0.317339006199827,1.20902742830321,0.164874551971326,0.412183468130175,0.342708935104949,1562,"tags=29%, list=16%, signal=24%","Fcrlb/C8b/Shld2/Irf7/Atad5/Rif1/Ptprc/Cd74/Tcirg1/Kmt5b/Tfrc/Swap70/Paxip1/Prkcd/Card9"
"GO:0043393","GO:0043393","regulation of protein binding",121,0.26249482936502,1.16869586523282,0.164930555555556,0.412183468130175,0.342708935104949,1304,"tags=19%, list=14%, signal=17%","Lfng/B2m/Prkn/Ptprf/Tcf7l2/Hdac4/Dscam/Hipk2/Spon1/Ep300/Dzip1/Rock1/Mark3/Ttbk1/Itgb1bp1/Ttbk2/Dtx3l/Abl1/Bdnf/Pex14/Mfng/Large1/Arhgef7"
"GO:1901222","GO:1901222","regulation of non-canonical NF-kappaB signal transduction",48,0.324178521924799,1.21726497243847,0.166368515205725,0.414340930788696,0.344502752148569,1337,"tags=25%, list=14%, signal=22%","Sash1/Rc3h1/Smpd3/Egfr/Nr3c2/Rassf2/Crebbp/Ifi35/Spi1/Eda/Ago3/Map3k7"
"GO:0014015","GO:0014015","positive regulation of gliogenesis",57,0.310910265616805,1.21064278459067,0.166071428571429,0.414340930788696,0.344502752148569,601,"tags=16%, list=6%, signal=15%","Aspa/Qki/Egfr/Ptpra/Tenm4/Enpp2/Atxn1/Ptk2/Clcn2"
"GO:0043470","GO:0043470","regulation of carbohydrate catabolic process",45,0.326810801835745,1.21055147093663,0.166368515205725,0.414340930788696,0.344502752148569,1808,"tags=31%, list=19%, signal=25%","Zbtb20/Phka1/Ppargc1a/Hdac4/Ep300/Ppp1r3c/Hif1a/Slc4a4/Ppara/Phkb/Mtch2/Cbfa2t3/Mtor/Prkag1"
"GO:0009185","GO:0009185","ribonucleoside diphosphate metabolic process",87,-0.268364032016667,-1.18094273487528,0.16628701594533,0.414340930788696,0.344502752148569,2158,"tags=34%, list=23%, signal=27%","Ak9/Sirt6/Prkaa2/Pgk1/Entpd2/Stat3/Cant1/Nt5e/Rrm1/Ddit4/Entpd4/Fkrp/Pfkfb2/Umps/Gapdh/Uchl1/Ampd3/Eno2/Eno1/Pfkl/Ogt/Pkm/Gpi1/Eif6/Ppp2ca/Bpgm/Pgam1/Rrm2b/Gale/Esrrb"
"GO:0007163","GO:0007163","establishment or maintenance of cell polarity",169,0.247675086702761,1.15206113040995,0.166666666666667,0.414725337935001,0.344822366528919,1900,"tags=28%, list=20%, signal=23%","Rhoj/Exoc4/Myo9a/Lims1/Pard3/Pkd1/Carmil1/Patj/Igf1r/Atn1/Arf6/Rpgrip1l/Wnt7a/Clasp1/Insc/Tcirg1/Spint2/Sapcd2/Mtcl1/Diaph3/Pard3b/Ccdc85c/Frmd4b/Map2/Abl1/Nherf1/Pax6/Spry2/Amot/Gbf1/Vangl2/Kif20b/Lrrc7/Cep290/Dlg2/Clasp2/Scrib/Rufy3/Fgf13/Enkd1/Dlg3/Ndc80/Cdk5rap2/Pard6g/Rac2/Arfgef1/Coro7/Ank3"
"GO:0051926","GO:0051926","negative regulation of calcium ion transport",38,-0.337381121818589,-1.23764070908946,0.167032967032967,0.415278514588859,0.345282303902994,1414,"tags=32%, list=15%, signal=27%","Ppp3cb/Ywhae/Vdac1/Slc30a1/Bin1/Sri/Ppp3r1/Calm2/Gnb5/Crhr2/Sestd1/Inpp5k"
"GO:0060563","GO:0060563","neuroepithelial cell differentiation",31,0.364420231436332,1.2333638365527,0.167272727272727,0.415516404353614,0.345480096765287,1817,"tags=35%, list=19%, signal=29%","Vax1/Lef1/Pou3f2/Fam20c/Fgfr3/Abl1/Cdh2/Afdn/Kdm2a/Wnt4/Sox4"
"GO:0032881","GO:0032881","regulation of polysaccharide metabolic process",31,-0.358208853901873,-1.25961671946135,0.168141592920354,0.415922822241383,0.345818011922721,266,"tags=23%, list=3%, signal=22%","Phkg1/Irs2/Cltc/Has2/Inpp5k/Gfpt1/Esrrb"
"GO:0050974","GO:0050974","detection of mechanical stimulus involved in sensory perception",29,0.374713456432865,1.25688187152195,0.168157423971377,0.415922822241383,0.345818011922721,683,"tags=17%, list=7%, signal=16%","Col11a1/Fyn/Htr7/Asic2/Rest"
"GO:0031114","GO:0031114","regulation of microtubule depolymerization",29,0.37343897216874,1.25260693519495,0.168157423971377,0.415922822241383,0.345818011922721,2399,"tags=55%, list=25%, signal=41%","Cib1/Mid1ip1/Taok1/Clasp1/Atxn7/Nav3/Ttbk2/Diaph3/Map2/Camsap2/Clasp2/Fgf13/Eml4/Tpx2/Bmerb1/Spast"
"GO:0071347","GO:0071347","cellular response to interleukin-1",42,0.33215497088123,1.21433688159644,0.167870036101083,0.415922822241383,0.345818011922721,1064,"tags=24%, list=11%, signal=21%","Rora/Rc3h1/Ep300/Irak2/Sox9/Plcb1/Hif1a/Rbmxl1/Dab2ip/Tank"
"GO:0071333","GO:0071333","cellular response to glucose stimulus",101,0.272782335853948,1.17217576714338,0.167857142857143,0.415922822241383,0.345818011922721,864,"tags=17%, list=9%, signal=15%","Zbtb20/Adcy5/Prkn/Tcf7l2/Epha5/Adcy8/Pde3b/Atg7/Lrp5/Foxo3/Igf1r/Klf7/Ppp3ca/Stxbp4/Tra2b/Hif1a/Hmgn3"
"GO:1900273","GO:1900273","positive regulation of long-term synaptic potentiation",24,0.395658129743533,1.26297857752579,0.168518518518519,0.416102232369356,0.345967182034233,1665,"tags=29%, list=18%, signal=24%","Adcy8/Igsf11/Ptpn5/Cpeb3/Crtc1/Pde9a/Creb1"
"GO:1903432","GO:1903432","regulation of TORC1 signaling",72,-0.277061430802227,-1.18284541802027,0.168514412416851,0.416102232369356,0.345967182034233,2463,"tags=36%, list=26%, signal=27%","Flcn/Rragd/Lars1/Dyrk3/Prkaa2/Ube2n/Smcr8/Rragb/Ywhag/Gpr137c/Rragc/Sar1b/Tbk1/Mios/Rps6kb1/Ogt/Ube2d1/Otub1/Tsc2/Atxn3/Ywhaz/Nprl3/Sec13/Itfg2/Shq1/Sesn1"
"GO:0048864","GO:0048864","stem cell development",61,0.302303646533338,1.18926411970884,0.168761220825853,0.416231818863398,0.346074926407336,1853,"tags=33%, list=20%, signal=27%","Erbb4/Msi2/Bcl2/Bmpr1a/Sema5a/Efnb1/Ptprc/Sox9/Hif1a/Wnt7a/Sema3g/Cdh2/Pax6/Rdh10/Acvr1/Sema4g/Sema3f/Tapt1/Zeb2/Ret"
"GO:0050772","GO:0050772","positive regulation of axonogenesis",76,-0.272428908372992,-1.18035751373092,0.168859649122807,0.416231818863398,0.346074926407336,1087,"tags=21%, list=11%, signal=19%","Plxnd1/Zfyve27/Fn1/Mapt/Golga2/Ilk/Pafah1b1/Eif2b2/Map2k1/Shtn1/Cyfip1/Rpl4/Dixdc1/Snap91/Nrp1/Lrp1"
"GO:1902106","GO:1902106","negative regulation of leukocyte differentiation",51,0.318995891581103,1.21558229366245,0.169312169312169,0.416836895943019,0.346578016263303,1031,"tags=20%, list=11%, signal=18%","Qki/Lrrc17/Rc3h1/Cdk6/Cul4a/Gli3/Runx1/Cd74/Prdm16/Mafb"
"GO:0072348","GO:0072348","sulfur compound transport",42,0.330757245210456,1.20922688782495,0.169675090252708,0.416836895943019,0.346578016263303,1658,"tags=26%, list=17%, signal=22%","Slc6a11/Slc1a2/Slc26a7/Slc27a1/Nherf1/Slc25a39/Slc1a4/Slc25a47/Slc25a26/Slc26a4/Slc33a1"
"GO:0032675","GO:0032675","regulation of interleukin-6 production",57,-0.297671965979457,-1.20844295761608,0.169683257918552,0.416836895943019,0.346578016263303,2703,"tags=39%, list=29%, signal=28%","Traf6/Gas6/Ripk2/Selenok/Capn2/Adcyap1/Mapkapk2/Bsg/Nos2/Csk/Tbc1d23/Stat3/Il17d/Hspd1/Il17ra/Arhgef2/Cebpb/Arrb1/Crhr2/Rabgef1/Hgf/Prg4"
"GO:0140888","GO:0140888","interferon-mediated signaling pathway",42,0.329365738914289,1.20413963168085,0.169675090252708,0.416836895943019,0.346578016263303,1809,"tags=29%, list=19%, signal=23%","Hdac4/Stat2/Rbm47/Adar/Irf7/Samhd1/Gigyf2/Lsm14a/Ube2k/Parp14/Oasl1/Irf1"
"GO:0036465","GO:0036465","synaptic vesicle recycling",75,-0.273621275701355,-1.17934455610883,0.169977924944812,0.41720539194965,0.346884401365539,2820,"tags=43%, list=30%, signal=30%","Syt7/Sncb/Rab5a/Ap2s1/Canx/Tor1a/Capn2/Sgip1/Snca/Btbd8/Ophn1/Park7/Ap2a2/Sh3gl1/Lrrk2/Cxadr/Ppp3cb/Rab3a/Synj1/Bin1/Dnm1l/Ap2b1/Ap2m1/Dnm1/Rac1/Cyfip1/Arpc3/Cltc/Pacsin1/Dnajc6/Stx1a/Snap91"
"GO:0051154","GO:0051154","negative regulation of striated muscle cell differentiation",24,0.394617081405593,1.25965545170037,0.17037037037037,0.41756003805778,0.347179271003586,1589,"tags=29%, list=17%, signal=24%","Hdac4/Ppara/Bdnf/Myocd/Ezh2/Ctdp1/Sox6"
"GO:0071312","GO:0071312","cellular response to alkaloid",21,0.402952122690909,1.25440606535029,0.170411985018727,0.41756003805778,0.347179271003586,1090,"tags=29%, list=12%, signal=25%","Slc1a2/Adcy8/Slc8a1/Ppp1r1b/Casp7/Spidr"
"GO:0060047","GO:0060047","heart contraction",126,0.257194168456689,1.15623599277204,0.171232876712329,0.419215294090285,0.348555529577951,1644,"tags=23%, list=17%, signal=19%","Chrm2/Adra1d/Adrb2/Tgfb2/Hey2/Hdac4/Ank2/Sgcz/Slc8a1/Srebf1/Kcnd2/Akap9/Ext1/Prkca/Uty/Popdc2/Kcne2/Pde5a/Sgcd/Gnao1/Epas1/Chrm3/Thra/Cacna1c/Hbegf/Sgcg/Slc9a1/Fgf13/Cacna2d1"
"GO:0032602","GO:0032602","chemokine production",38,-0.334930027795501,-1.2286491753355,0.171428571428571,0.419338422391857,0.348657904302742,859,"tags=45%, list=9%, signal=41%","Adora2b/Il4ra/Mul1/Adam17/Ripk2/Selenok/Adcyap1/Arg2/Eif2ak2/Il17ra/Trim32/Mif/Egr1/Fosl2/Slc37a4/Lrp1/Gstp3"
"GO:0001504","GO:0001504","neurotransmitter uptake",24,0.392503914773365,1.25291002177839,0.172222222222222,0.420210565895845,0.349383045883179,300,"tags=17%, list=3%, signal=16%","Slc6a11/Prkn/Slc1a2/Slc6a1"
"GO:0014904","GO:0014904","myotube cell development",24,0.391490953715301,1.24967655323566,0.172222222222222,0.420210565895845,0.349383045883179,1376,"tags=33%, list=15%, signal=29%","Bcl2/Hdac4/Pmp22/Ski/Ppp3ca/Nfatc3/Large1/Smyd3"
"GO:0050670","GO:0050670","regulation of lymphocyte proliferation",94,0.279136748392696,1.18610596956175,0.172043010752688,0.420210565895845,0.349383045883179,1957,"tags=31%, list=21%, signal=25%","Vav3/Rc3h1/Bcl2/Mad1l1/Atad5/Igfbp2/Ppp3ca/Efnb1/Ptprc/Nck2/Cd74/Sh3rf1/Tfrc/Pde5a/Pawr/Itch/Tgfbr2/Atm/Scrib/Zfp335/Gpam/Adk/Marchf7/Tirap/Rac2/Tacr1/Irf1/Cblb/Laptm5"
"GO:0001756","GO:0001756","somitogenesis",36,0.345429087274348,1.21674679094175,0.172862453531599,0.421060233095549,0.350089499595467,1849,"tags=33%, list=20%, signal=27%","Lfng/Bmpr1a/Lrp6/Ep300/Rbpj/Lef1/Cobl/Abi1/Pofut1/Atm/Axin2/Zeb2"
"GO:0048608","GO:0048608","reproductive structure development",183,0.243756376352371,1.15182617496984,0.172757475083056,0.421060233095549,0.350089499595467,2111,"tags=28%, list=22%, signal=23%","Lfng/Six3/Bmpr1b/Chd7/Tgfb2/Tcf7l2/Bcl2/Fndc3a/Greb1l/Pkd1/Gli3/Rxra/Nr2f2/Lrp6/Zfx/Foxo3/Rad21l/Igf1r/Arid4b/Atn1/Runx1/Akap9/Sox9/Wnt7a/Ago4/Nrip1/Asb1/Antxr2/Lgr4/Lrp2/Arid5b/Myocd/Ncoa1/Rdh10/Fgf9/Cyp7b1/Atm/Fgfr2/Patz1/Ube3a/Brip1/Wnt4/Wdr77/Ptprn/Mmp2/Arid4a/Mamld1/Angpt1/Esr2/Vegfa/Sema3a/Frs2"
"GO:0098900","GO:0098900","regulation of action potential",48,0.319227026658068,1.19867249532555,0.173524150268336,0.422315315927327,0.351133035142145,2267,"tags=40%, list=24%, signal=30%","Kcnk3/Kcnc2/Ank2/Fgf12/Akap9/Mtnr1b/Cnr1/Pawr/Trpc4/Cacna1c/Slc9a1/Fgf13/Cacna2d1/Tacr1/Ank3/Kcnip1/Kcnq2/Kcnq3/Fmr1"
"GO:0001961","GO:0001961","positive regulation of cytokine-mediated signaling pathway",26,0.389116066059036,1.2568470010686,0.175600739371534,0.425329683476774,0.353639323658695,2060,"tags=42%, list=22%, signal=33%","Prkn/Rbm47/Irf7/Hif1a/Cd74/Lsm14a/Ube2k/Parp14/Crebrf/Laptm5/C1qtnf4"
"GO:2001259","GO:2001259","positive regulation of cation channel activity",28,0.374929500946188,1.24573085156628,0.175942549371634,0.425329683476774,0.353639323658695,2238,"tags=39%, list=24%, signal=30%","Ank2/Lrrc38/Fgf14/Stimate/Fgf13/Asph/Casq1/Ank3/Lrrc55/Akap7/Htt"
"GO:1903421","GO:1903421","regulation of synaptic vesicle recycling",33,-0.347943286649096,-1.24106331684617,0.175824175824176,0.425329683476774,0.353639323658695,2171,"tags=42%, list=23%, signal=33%","Ophn1/Park7/Sh3gl1/Lrrk2/Cxadr/Ppp3cb/Synj1/Dnm1l/Ap2m1/Dnm1/Rac1/Cyfip1/Arpc3/Snap91"
"GO:0007589","GO:0007589","body fluid secretion",56,0.312814478311358,1.21380174018584,0.175843694493783,0.425329683476774,0.353639323658695,2068,"tags=34%, list=22%, signal=27%","Erbb4/Kalrn/Egfr/Wnk1/Atg7/mt-Co2/Ppp3ca/Hif1a/Negr1/Ncoa1/Chrm3/Chuk/Atp7b/Creb1/Prkce/Nr1h3/Eif2ak3/Atp2b2/Vegfa"
"GO:0009408","GO:0009408","response to heat",53,-0.300688626756646,-1.19777745565732,0.175799086757991,0.425329683476774,0.353639323658695,1564,"tags=32%, list=17%, signal=27%","Fgf1/Slu7/Hspa2/Gclc/Ywhae/Eif2s1/Hspa8/Eif2b1/Chordc1/Nf1/Mapt/Sod1/Hikeshi/Eif2b5/Eif2b2/Atxn3/Hsbp1"
"GO:0055088","GO:0055088","lipid homeostasis",92,0.277144766732999,1.17940152395344,0.175,0.425329683476774,0.353639323658695,2293,"tags=29%, list=24%, signal=22%","Rora/Zbtb20/Insig1/Mylip/Srebf2/Atg7/Lrp5/Nr1d2/Apoa1/Alms1/Npc2/Negr1/Tsku/Tlcd4/Mtch2/Cyp7b1/Gpam/Nr1h3/Ampd2/Acaca/Ephx2/Ncor1/Sec24a/Fundc2b/Hps1/Fitm2/Pex2"
"GO:0006997","GO:0006997","nucleus organization",102,-0.256007171827216,-1.1604626478753,0.175675675675676,0.425329683476774,0.353639323658695,3496,"tags=46%, list=37%, signal=29%","Cfap44/Tor1aip1/Nup98/Daxx/Emg1/Armc2/Vps4a/Zmpste24/Ubxn2b/Kdm3a/Ets1/Pygo2/Celf3/Reep3/Nup35/Serbp1/Agfg1/Wdr73/Tor1a/Nfe2l1/Rtn4/Dyrk3/Ift88/Brox/Nup107/Nup54/Chmp4b/Nolc1/Selenof/Smarca5/Chmp3/Chmp7/Ndc1/Piwil1/Hmgb2/Chmp1a/Ubxn2a/Bin1/Fxr1/Vps4b/Pafah1b1/Chmp5/Chmp2b/Nsfl1c/Rrn3/Nup133/Chmp2a"
"GO:1902115","GO:1902115","regulation of organelle assembly",176,-0.230432110511418,-1.13023963287651,0.175182481751825,0.425329683476774,0.353639323658695,2135,"tags=27%, list=23%, signal=22%","Ift88/Tbc1d12/Prkaa2/Mapk8/Lrrtm1/Cyld/Chmp4b/Smcr8/Intu/Chmp3/Msn/Limk2/Prickle1/Lrrk2/Wipi1/Prickle2/Chmp7/Ralb/Sec22b/Rab3ip/Chmp1a/Ubap2l/Pip4k2b/Ccsap/Cnot6l/Rab11fip3/Arhgef2/Ccp110/Trim32/Atmin/Sdc4/Numa1/Fscn1/Ift20/G3bp1/Vps4b/Gdi2/Chmp5/Chmp2b/Odf2/Vps11/Cript/Chmp2a/Arf4/Cdkl1/Kat2a/Sptbn2/Chek2"
"GO:0005976","GO:0005976","polysaccharide metabolic process",70,-0.27848330447343,-1.18248274407185,0.176991150442478,0.427126295424209,0.355133112262336,687,"tags=16%, list=7%, signal=15%","Pgm2/Slc37a4/Gabarapl1/Pgm1/Cltc/Has2/Ptges3/Galnt3/Inpp5k/Gfpt1/Esrrb"
"GO:0030072","GO:0030072","peptide hormone secretion",192,0.241469302569587,1.14240964395125,0.17687074829932,0.427126295424209,0.355133112262336,865,"tags=15%, list=9%, signal=14%","Acvr2b/Kalrn/Adcy5/Prkn/Chd7/Prkd1/Smpd3/Tcf7l2/Egfr/Capn10/Epha5/Adcy8/Pde3b/Foxo1/Atg7/Lrp5/Srebf1/Glud1/Klf7/Ppp3ca/Stxbp4/Rest/Slc16a10/Plcb1/Hif1a/Clock/Mtnr1b/Hmgn3/Tcirg1"
"GO:1905952","GO:1905952","regulation of lipid localization",93,-0.255472444518736,-1.14130784696615,0.177130044843049,0.427126295424209,0.355133112262336,1024,"tags=17%, list=11%, signal=15%","Pla2r1/Sar1b/Irs2/Ppard/Dbi/Mif/Cry1/Atp5pf/Tmem97/Osbpl11/Tac1/Cyp19a1/Scp2/Asxl1/Abca5/Lrp1"
"GO:0051209","GO:0051209","release of sequestered calcium ion into cytosol",73,0.28892176442192,1.17595489052765,0.177536231884058,0.42774811424697,0.355650121999634,756,"tags=15%, list=8%, signal=14%","Chd7/Tgfb2/Prkd1/Cemip/Plcb4/Ank2/Plce1/Slc8a1/Ntsr1/Ptprc/Plcb1"
"GO:0042462","GO:0042462","eye photoreceptor cell development",21,0.400820446677061,1.2477700727086,0.177902621722846,0.42791589745512,0.355789624937135,2068,"tags=43%, list=22%, signal=34%","Ush1c/Rpgrip1l/Alms1/Pax6/Dzank1/Cep290/Olfm3/Rpgr/Vegfa"
"GO:0016311","GO:0016311","dephosphorylation",128,0.256567182737859,1.15500201376517,0.177777777777778,0.42791589745512,0.355789624937135,1709,"tags=24%, list=18%, signal=20%","Tmem132c/Ptprf/Ppp2r5a/Bcl2/Dusp16/Btrc/Mtmr2/Rock1/Epm2a/Plpp6/Ptpn5/Ptprk/Ppp3ca/Ppp4r3a/Ptprc/Dusp11/Ppargc1b/Chp1/Eya2/Mtm1/Uri1/Ptprs/Ptprr/Ptpro/Mtmr1/Ctdp1/Ctdsp1/Ptprt/Cttnbp2nl/Ptprz1/Ppp1r12a"
"GO:0002218","GO:0002218","activation of innate immune response",147,0.252679259899288,1.16138521930101,0.178752107925801,0.429600899381675,0.357190615662259,1902,"tags=27%, list=20%, signal=22%","Smpdl3a/Prkd1/Ninj1/Slc15a2/Mapkapk3/Lyplal1/Irf7/Nek7/Lats1/Pum2/Arf6/Irak2/Tkfc/Ankrd17/Mfhas1/Appl2/Smpdl3b/Dab2ip/Lgr4/Lsm14a/Ptprs/Irf2/Trim25/Ifi35/Itch/Map3k7/Otulin/Abhd17a/Chuk/Hexim1/Prkce/Nr1h3/Rps6ka3/Tirap/Zdhhc18/Lrrfip2/Oasl1/Irf1/Sirt2/Usp15"
"GO:0042446","GO:0042446","hormone biosynthetic process",33,0.354473481195101,1.22931312698913,0.179159049360146,0.430220398296971,0.357705696518176,769,"tags=21%, list=8%, signal=20%","Bmpr1b/Ppargc1a/Igf1r/Clcn2/Rest/Nr3c1/Hif1a"
"GO:0048806","GO:0048806","genitalia development",26,0.388191359701538,1.25386019452509,0.181146025878004,0.432059925093633,0.359235166568106,1026,"tags=31%, list=11%, signal=28%","Chd7/Tcf7l2/Greb1l/Pkd1/Lrp6/Asb1/Lgr4/Lrp2"
"GO:0006636","GO:0006636","unsaturated fatty acid biosynthetic process",27,0.378362104036206,1.24737457569068,0.181159420289855,0.432059925093633,0.359235166568106,787,"tags=22%, list=8%, signal=20%","Scd4/Elovl5/Fads2b/Elovl2/Elovl6/Cd74"
"GO:0070741","GO:0070741","response to interleukin-6",21,0.399668464507054,1.24418390616458,0.181647940074906,0.432059925093633,0.359235166568106,2275,"tags=38%, list=24%, signal=29%","Tut4/Yap1/Spi1/Gab1/St18/Ptprt/C1qtnf4/Ctr9"
"GO:0071354","GO:0071354","cellular response to interleukin-6",21,0.399668464507054,1.24418390616458,0.181647940074906,0.432059925093633,0.359235166568106,2275,"tags=38%, list=24%, signal=29%","Tut4/Yap1/Spi1/Gab1/St18/Ptprt/C1qtnf4/Ctr9"
"GO:0097484","GO:0097484","dendrite extension",24,0.389209787159226,1.24239485149492,0.181481481481481,0.432059925093633,0.359235166568106,1264,"tags=25%, list=13%, signal=22%","Prkn/Auts2/Smurf1/Bdnf/Syt1/Afdn"
"GO:0045923","GO:0045923","positive regulation of fatty acid metabolic process",24,0.389025914685848,1.24180791298054,0.181481481481481,0.432059925093633,0.359235166568106,2457,"tags=50%, list=26%, signal=37%","Ppargc1a/Elovl5/Srebf1/Mid1ip1/Cd74/Ppara/Mapk9/Nr1h3/Sirt2/Agt/Nucb2/Irs1"
"GO:0048599","GO:0048599","oocyte development",29,0.369490788906359,1.23936374928118,0.180679785330948,0.432059925093633,0.359235166568106,1894,"tags=41%, list=20%, signal=33%","Pde3a/Tut4/Bcl2/Zfx/Foxo3/Plcb1/Fbxo5/Pde5a/Atm/Wnt4/Wdr77/Sirt2"
"GO:0048011","GO:0048011","neurotrophin TRK receptor signaling pathway",24,-0.381694675790844,-1.23738758559224,0.181818181818182,0.432059925093633,0.359235166568106,1888,"tags=42%, list=20%, signal=33%","Cyfip2/Ptpn11/Ddit4/Spry1/Slc9a6/Zfyve27/Casp3/Sort1/Cyfip1/Lmtk2"
"GO:0072666","GO:0072666","establishment of protein localization to vacuole",42,-0.322943846011576,-1.22720650975123,0.180803571428571,0.432059925093633,0.359235166568106,2172,"tags=33%, list=23%, signal=26%","Scarb2/Lhcgr/Vps53/Cacng5/Sorl1/Hspa8/Vps37d/M6pr/Ncoa4/Gga3/Vps37a/Ptpn23/Lamp2/Sort1"
"GO:0016445","GO:0016445","somatic diversification of immunoglobulins",43,0.325036264891716,1.19626568966734,0.180831826401447,0.432059925093633,0.359235166568106,1275,"tags=28%, list=13%, signal=24%","Nhej1/Shld2/Atad5/Rif1/Samhd1/Ptprc/Kmt5b/Tfrc/Swap70/Ezh2/Polq/Paxip1"
"GO:0006637","GO:0006637","acyl-CoA metabolic process",61,-0.289033222388909,-1.18907673029976,0.182022471910112,0.432059925093633,0.359235166568106,1672,"tags=36%, list=18%, signal=30%","Tdo2/Snca/Acot10/Dlst/Sucla2/Acat1/Dlat/Pdhb/Mpc1/Vdac1/Acot7/Suclg1/Nudt7/Pdk1/Mvd/Cs/Acly/Dld/Far1/Aadat/Mpc2/Pdk4"
"GO:0035383","GO:0035383","thioester metabolic process",61,-0.289033222388909,-1.18907673029976,0.182022471910112,0.432059925093633,0.359235166568106,1672,"tags=36%, list=18%, signal=30%","Tdo2/Snca/Acot10/Dlst/Sucla2/Acat1/Dlat/Pdhb/Mpc1/Vdac1/Acot7/Suclg1/Nudt7/Pdk1/Mvd/Cs/Acly/Dld/Far1/Aadat/Mpc2/Pdk4"
"GO:0051651","GO:0051651","maintenance of location in cell",131,0.255111583906631,1.14988258985365,0.181347150259067,0.432059925093633,0.359235166568106,1949,"tags=25%, list=21%, signal=20%","Insig1/Chd7/Tgfb2/Prkd1/Cemip/Plcb4/Ank2/Mprip/Plce1/Slc8a1/Dzip1/Ntsr1/Akap9/Ptprc/Plcb1/Tnrc6a/Ccdc88a/Ankrd13c/Abl1/Ngf/Rangap1/Kdelr3/Atp7b/Cacna1c/Taf8/Asph/Prkce/Taf3/Casq1/Dbn1/Itpr2/Ank3/Dmd"
"GO:0051648","GO:0051648","vesicle localization",171,0.243815220386346,1.13751295260086,0.181972789115646,0.432059925093633,0.359235166568106,1679,"tags=24%, list=18%, signal=20%","Exoc4/Prkn/Ap1s2/Syt10/Smpd3/Trappc9/Tcf7l2/Pcdh17/Ctbp1/Atp9a/Magi2/Kif13a/Nrxn1/Unc13c/Kif1b/Borcs5/Unc13d/Clasp1/Trappc12/Chp1/Tcirg1/Map2/Dctn2/Cdh2/Exoc2/Wasl/Gbf1/Trip11/Rasgrp1/Kifc1/Clasp2/Scrib/Bsn/Kif16b/Ap3m1/Fgfr2/Mlph/Ppfia2/Ap3d1/Exoc6/Bloc1s2"
"GO:2000785","GO:2000785","regulation of autophagosome assembly",33,-0.342246741902949,-1.22074456666908,0.182417582417582,0.432641700404858,0.359718882225808,3166,"tags=55%, list=33%, signal=36%","Pink1/Lrsam1/Fez2/Pikfyve/Pip4k2c/Snx7/Snx4/Ift88/Tbc1d12/Smcr8/Lrrk2/Wipi1/Ralb/Sec22b/Pip4k2b/Trim32/Ift20/Chek2"
"GO:0070555","GO:0070555","response to interleukin-1",54,0.30680804507883,1.18357254255198,0.18342151675485,0.434665287034501,0.36140138837309,1064,"tags=22%, list=11%, signal=20%","Rora/Rc3h1/Hdac4/Ep300/Irak2/Sox9/Plcb1/Hif1a/Prkca/Rbmxl1/Dab2ip/Tank"
"GO:0043244","GO:0043244","regulation of protein-containing complex disassembly",95,0.277649001445073,1.18118465216759,0.183600713012478,0.434732722765177,0.361457457646205,1190,"tags=22%, list=13%, signal=20%","Adrb2/Wnk1/Cib1/Carmil1/Scaf8/Igf1r/Sema5a/Mid1ip1/Taok1/Clasp1/Atxn7/Nav3/Ttbk2/Add3/Diaph3/Map2/Sptb/Eps8/Svil/Camsap2/Swap70"
"GO:0090276","GO:0090276","regulation of peptide hormone secretion",160,0.248454691266936,1.14454003798085,0.184027777777778,0.435386473429952,0.362001017035342,1914,"tags=28%, list=20%, signal=22%","Kalrn/Adcy5/Prkn/Chd7/Prkd1/Tcf7l2/Egfr/Capn10/Epha5/Adcy8/Pde3b/Foxo1/Atg7/Lrp5/Srebf1/Glud1/Klf7/Ppp3ca/Stxbp4/Rest/Plcb1/Hif1a/Clock/Mtnr1b/Hmgn3/Tcirg1/G6pc2/Cnr1/Cask/Gnao1/Arhgef7/Itsn1/Chrm3/Cckbr/Cacna1c/Map4k4/Pex5l/Jagn1/Prkce/Ptbp1/Sox4/Mtnr1a/Tardbp/Fto"
"GO:0030216","GO:0030216","keratinocyte differentiation",52,0.311725771832406,1.18764161004855,0.184587813620072,0.436353487278924,0.362805038331772,1476,"tags=31%, list=16%, signal=26%","Bcl11b/Tgfb2/Yap1/Rock1/Lats1/Rbpj/Ppp3ca/Bcr/Kazn/Cd109/Krt90/Mafb/Ezh2/Pax6/Ncoa3/Ubn1"
"GO:0043484","GO:0043484","regulation of RNA splicing",131,0.254327558348813,1.14634869568416,0.184801381692573,0.436500560852893,0.362927322294653,1294,"tags=21%, list=14%, signal=18%","Qki/Nova1/Ddx17/Rbm24/Rbm5/Hnrnpll/Rbm47/Ptbp2/Celf2/Mbnl2/Rbfox2/Rest/Tra2b/Rbfox1/Atxn7/Aff2/Thrap3/Srsf7/Rbfox3/Mbnl1/Rbmxl1/Tra2a/Rbm15/Dazap1/Ccnl1/Celf1/Wtap"
"GO:0090148","GO:0090148","membrane fission",26,-0.371592872062339,-1.24261472788256,0.186550976138829,0.438478414983196,0.364571804267363,1862,"tags=42%, list=20%, signal=34%","Chmp4b/Chmp3/Chmp7/Exoc8/Chmp1a/Dnm1l/Vps4b/Dnm1/Chmp5/Chmp2b/Chmp2a"
"GO:0007435","GO:0007435","salivary gland morphogenesis",26,-0.369668468271322,-1.23617947932723,0.186550976138829,0.438478414983196,0.364571804267363,98,"tags=31%, list=1%, signal=31%","Tgfb3/Twsg1/Plxnd1/Pdgfa/Lama5/Polb/Nrp1/Hgf"
"GO:0006022","GO:0006022","aminoglycan metabolic process",58,0.30289664976447,1.17857363096123,0.186379928315412,0.438478414983196,0.364571804267363,1322,"tags=24%, list=14%, signal=21%","Cemip/Smpd3/Csgalnact1/Xylt1/Chst11/Pxylp1/B4galnt4/Ext1/B4galt7/Ndst2/Galns/Pdgfrb/Egf/Chsy1"
"GO:0051282","GO:0051282","regulation of sequestering of calcium ion",74,0.286710984404216,1.16925222737191,0.18625678119349,0.438478414983196,0.364571804267363,756,"tags=15%, list=8%, signal=14%","Chd7/Tgfb2/Prkd1/Cemip/Plcb4/Ank2/Plce1/Slc8a1/Ntsr1/Ptprc/Plcb1"
"GO:0051283","GO:0051283","negative regulation of sequestering of calcium ion",74,0.286710984404216,1.16925222737191,0.18625678119349,0.438478414983196,0.364571804267363,756,"tags=15%, list=8%, signal=14%","Chd7/Tgfb2/Prkd1/Cemip/Plcb4/Ank2/Plce1/Slc8a1/Ntsr1/Ptprc/Plcb1"
"GO:0032024","GO:0032024","positive regulation of insulin secretion",77,-0.2674120905579,-1.15397363744663,0.18609865470852,0.438478414983196,0.364571804267363,1414,"tags=25%, list=15%, signal=21%","Ppp3cb/Anxa7/Abat/Pfkfb2/Abcc8/Sirt3/Irs2/Sri/Ppard/Oga/Serp1/Prkcb/Camk2n1/Glul/Rac1/Slc30a8/Arrb1/Mpc2/Lrp1"
"GO:0048145","GO:0048145","regulation of fibroblast proliferation",70,0.290518725914213,1.17114363442748,0.187272727272727,0.439816405093278,0.365684272867541,1309,"tags=26%, list=14%, signal=22%","Dach1/Phip/Zmiz1/Egfr/Fndc3b/Cdk6/Ski/Kmt2c/Pdgfd/Cd74/B4galt7/Ddr2/Dab2ip/Icmt/Abl1/Pdgfrb/Pawr/Egf"
"GO:0021696","GO:0021696","cerebellar cortex morphogenesis",34,0.347930953591368,1.21425046168857,0.1875,0.439957644609559,0.365801706117445,1049,"tags=21%, list=11%, signal=18%","Foxp2/Rora/Pcnt/Grid2/Nrxn1/Wnt7a/Prox1"
"GO:0006959","GO:0006959","humoral immune response",44,-0.312264841362851,-1.20345765413389,0.187637969094923,0.439957644609559,0.365801706117445,1540,"tags=36%, list=16%, signal=31%","Alox5/Ltf/C1qbp/Gpr183/Cfi/Cd59b/Ppp2r3c/Gapdh/Cd81/Cfd/Romo1/Hmgn2-ps/Rpl39/Acod1/Tac1/Rpl30"
"GO:0009581","GO:0009581","detection of external stimulus",65,0.292650560075518,1.16632861397147,0.188172043010753,0.440493646138807,0.366247363276226,918,"tags=17%, list=10%, signal=15%","Col11a1/Fyn/Pkd1/Htr7/Asic2/Sema5a/Cep250/Disc1/Ntsr1/Rest/Mmp24"
"GO:0009582","GO:0009582","detection of abiotic stimulus",65,0.292650560075518,1.16632861397147,0.188172043010753,0.440493646138807,0.366247363276226,918,"tags=17%, list=10%, signal=15%","Col11a1/Fyn/Pkd1/Htr7/Asic2/Sema5a/Cep250/Disc1/Ntsr1/Rest/Mmp24"
"GO:0009134","GO:0009134","nucleoside diphosphate catabolic process",76,-0.265141620266366,-1.14878375262477,0.18859649122807,0.440771702351503,0.366478552433288,2143,"tags=34%, list=23%, signal=27%","Sirt6/Prkaa2/Pgk1/Entpd2/Stat3/Cant1/Nt5e/Ddit4/Entpd4/Fkrp/Pfkfb2/Gapdh/Uchl1/Ampd3/Eno2/Eno1/Pfkl/Ogt/Pkm/Gpi1/Eif6/Ppp2ca/Bpgm/Pgam1/Gale/Esrrb"
"GO:0009191","GO:0009191","ribonucleoside diphosphate catabolic process",76,-0.265141620266366,-1.14878375262477,0.18859649122807,0.440771702351503,0.366478552433288,2143,"tags=34%, list=23%, signal=27%","Sirt6/Prkaa2/Pgk1/Entpd2/Stat3/Cant1/Nt5e/Ddit4/Entpd4/Fkrp/Pfkfb2/Gapdh/Uchl1/Ampd3/Eno2/Eno1/Pfkl/Ogt/Pkm/Gpi1/Eif6/Ppp2ca/Bpgm/Pgam1/Gale/Esrrb"
"GO:0140374","GO:0140374","antiviral innate immune response",28,-0.360761759981986,-1.22299943256162,0.18876404494382,0.440806077423464,0.366507133502683,3404,"tags=54%, list=36%, signal=34%","Phb1/Marchf2/Rpsa/Tmem120a/Traf6/Ube2n/Hcfc2/Eif2ak2/Senp7/Usp20/Smarca5/Dhx15/Phb2/Tbk1/Dus2"
"GO:0072593","GO:0072593","reactive oxygen species metabolic process",129,-0.242614458731179,-1.1372786720612,0.188995215311005,0.440988835725678,0.366659087445468,2603,"tags=37%, list=27%, signal=27%","Pdgfb/Grin1/Tspo/Drd5/Ptk2b/Txnrd1/Snca/Aldh2/Gnai3/Gpx3/Park7/Alox5/Nos2/Arg2/Parl/Stat3/Nox4/Hspd1/Rab27a/Nox3/Sh3pxd2a/Lrrk2/Cygb/Ddit4/Vdac1/Pla2r1/Sirt3/Ogt/Ndufs3/Prdx1/Ndufs1/Romo1/Eif6/Ndufc2/Rnf41/Mapt/Fam210b/Sod1/Cycs/Ndufs6/Acod1/Ccn2/Coq7/Sod2/Sesn1/Bnip3/Arf4/Pdk4"
"GO:0009994","GO:0009994","oocyte differentiation",30,0.360585697922792,1.21926869014125,0.189964157706093,0.441108398409318,0.366758497545962,1894,"tags=40%, list=20%, signal=32%","Pde3a/Tut4/Bcl2/Zfx/Foxo3/Plcb1/Fbxo5/Pde5a/Atm/Wnt4/Wdr77/Sirt2"
"GO:1900024","GO:1900024","regulation of substrate adhesion-dependent cell spreading",43,0.323775432834402,1.19162531475072,0.189873417721519,0.441108398409318,0.366758497545962,1281,"tags=35%, list=14%, signal=30%","Dock1/Lims1/Prex1/Enpp2/Cib1/Carmil1/Ptk2/Rreb1/Nedd9/Unc13d/Itgb1bp1/Apoa1/Rcc2/Abl1/Dock5"
"GO:0042632","GO:0042632","cholesterol homeostasis",53,0.308904269902786,1.18307291194365,0.189716312056738,0.441108398409318,0.366758497545962,2116,"tags=30%, list=22%, signal=24%","Rora/Insig1/Mylip/Srebf2/Lrp5/Apoa1/Alms1/Npc2/Negr1/Tsku/Cyp7b1/Nr1h3/Ampd2/Ephx2/Ncor1/Sec24a"
"GO:0055092","GO:0055092","sterol homeostasis",53,0.308904269902786,1.18307291194365,0.189716312056738,0.441108398409318,0.366758497545962,2116,"tags=30%, list=22%, signal=24%","Rora/Insig1/Mylip/Srebf2/Lrp5/Apoa1/Alms1/Npc2/Negr1/Tsku/Cyp7b1/Nr1h3/Ampd2/Ephx2/Ncor1/Sec24a"
"GO:0032944","GO:0032944","regulation of mononuclear cell proliferation",96,0.274899655104628,1.17173314255189,0.189380530973451,0.441108398409318,0.366758497545962,1957,"tags=30%, list=21%, signal=24%","Vav3/Rc3h1/Bcl2/Mad1l1/Atad5/Igfbp2/Ppp3ca/Efnb1/Ptprc/Nck2/Cd74/Sh3rf1/Tfrc/Pde5a/Pawr/Itch/Tgfbr2/Atm/Scrib/Zfp335/Gpam/Adk/Marchf7/Tirap/Rac2/Tacr1/Irf1/Cblb/Laptm5"
"GO:0071900","GO:0071900","regulation of protein serine/threonine kinase activity",161,0.248327210459881,1.14374191335863,0.189655172413793,0.441108398409318,0.366758497545962,1544,"tags=24%, list=16%, signal=20%","Robo1/Sash1/Adrb2/Fgd4/Cemip/Egfr/Map2k4/Nr2f2/Nrxn1/Cib1/Epha4/Slc8a1/Lrp6/Fgf18/Lats1/Ptprc/Hipk3/Tenm1/Ksr1/Fgfr1/Dab2ip/Prox1/Pde5a/Abl1/Cdkn2c/Fem1a/Myocd/Ezh2/Pdgfrb/Spry2/Map3k7/Vangl2/Gab1/Taok3/Rasgrp1/Ip6k2/Prkcd/C1qtnf9"
"GO:0007617","GO:0007617","mating behavior",28,0.3705334863549,1.23112476965893,0.190305206463196,0.441544823362716,0.367121362004624,1797,"tags=32%, list=19%, signal=26%","Hdac4/Ncoa2/Ppp1r1b/Nlgn4l/Grn/Cnr1/Ncoa1/Thra/Tacr1"
"GO:0046856","GO:0046856","phosphatidylinositol dephosphorylation",25,-0.372407889756619,-1.22589396869493,0.191397849462366,0.44372298862497,0.368932392177415,2824,"tags=44%, list=30%, signal=31%","Sacm1l/Inpp5j/Mtmr7/Ocrl/Mtmr6/Synj1/Mtmr9/Chrm5/Inpp4b/Mtmr4/Inpp5k"
"GO:0006939","GO:0006939","smooth muscle contraction",71,0.287984341293947,1.1644761666797,0.192377495462795,0.445635901136306,0.370522878600082,1507,"tags=24%, list=16%, signal=20%","Chrm2/Adrb2/Smpd3/Setd3/Htr7/Calcrl/Slc8a1/Rap1gds1/Prkg1/Arhgap42/Myocd/Pawr/Dock5/Dock4/Tshz3/Chrm3/Cacna1c"
"GO:0032635","GO:0032635","interleukin-6 production",61,-0.286540698964874,-1.17882254021479,0.193258426966292,0.44731725792198,0.371920838581747,2703,"tags=44%, list=29%, signal=32%","Ptpn6/Azi2/Il17rc/Adora2b/Xbp1/Traf6/Gas6/Ripk2/Selenok/Capn2/Adcyap1/Mapkapk2/Bsg/Nos2/Csk/Tbc1d23/Stat3/Il17d/Hspd1/Il17ra/Arhgef2/Cebpb/Arrb1/Crhr2/Rabgef1/Hgf/Prg4"
"GO:0033173","GO:0033173","calcineurin-NFAT signaling cascade",33,0.351467847200821,1.21888959597734,0.193784277879342,0.447815590868607,0.372335176289761,2011,"tags=33%, list=21%, signal=26%","Nfatc1/Cib1/Ppp3ca/Nfatc3/Chp1/Homer2/Nfat5/Slc9a1/Mtor/Ptbp1/Camta1"
"GO:0042073","GO:0042073","intraciliary transport",43,-0.311703686579957,-1.1918098942352,0.193763919821826,0.447815590868607,0.372335176289761,2995,"tags=44%, list=32%, signal=30%","Wdr19/Ift22/Nme7/Mak/Ift70b/Dync2li1/Ssna1/Tub/Ift52/Ift88/Ift43/BC048507/Intu/Cluap1/Ssx2ip/Ift122/Ift20/Daw1/Ift172"
"GO:0048701","GO:0048701","embryonic cranial skeleton morphogenesis",26,0.38305830666387,1.23728040540957,0.194085027726433,0.447917948717949,0.372420281472913,1518,"tags=31%, list=16%, signal=26%","Tgfb2/Gli3/Chst11/Tulp3/Mthfd1l/Rdh10/Tgfbr2/Fgfr2"
"GO:0045839","GO:0045839","negative regulation of mitotic nuclear division",37,0.335369818388029,1.19437923084549,0.194139194139194,0.447917948717949,0.372420281472913,1896,"tags=35%, list=20%, signal=28%","Arhgap33os/Mad1l1/Mtbp/Fbxo5/Fgfr3/Tom1l2/Cenpe/Atm/Fgfr2/Ndc80/Cdk5rap2/Bub1b/Xrcc3"
"GO:0071479","GO:0071479","cellular response to ionizing radiation",46,-0.312744184202881,-1.20359389431304,0.194570135746606,0.448553374494974,0.37294860467901,1263,"tags=20%, list=13%, signal=17%","Kdm1a/Net1/Gtf2h5/Egr1/Rhob/Rad51ap1/Rpl26/H2aj/Chek2"
"GO:0001838","GO:0001838","embryonic epithelial tube formation",99,0.269065331488614,1.15196446670216,0.195340501792115,0.449969654287906,0.374126167044255,1853,"tags=31%, list=20%, signal=25%","Arid1a/Tgfb2/Lrp6/Ski/Tulp3/Ift57/Sox9/Hectd1/Hif1a/Mthfd1l/Spint2/Brd2/Cobl/Lrp2/Abl1/Plxnb2/Lmo4/Enah/Dlc1/Map3k7/Celsr1/Vangl2/Kif20b/Mthfd1/Scrib/Kdm2a/Stk3/Luzp1/Wnt4/Zeb2/Ret"
"GO:1900242","GO:1900242","regulation of synaptic vesicle endocytosis",27,-0.366069622549368,-1.23807662081578,0.195555555555556,0.450105524518932,0.374239136015084,2171,"tags=59%, list=23%, signal=46%","Vamp4/Bcl2l1/Syt7/Tor1a/Ophn1/Park7/Sh3gl1/Lrrk2/Cxadr/Ppp3cb/Dnm1l/Ap2m1/Dnm1/Rac1/Arpc3/Snap91"
"GO:0006334","GO:0006334","nucleosome assembly",32,0.352532876837694,1.21074539318922,0.196007259528131,0.450785435788779,0.374804446575239,1476,"tags=28%, list=16%, signal=24%","Atad2b/Baz1a/Rsf1/Sox9/Asf1a/H1f0/Brd2/Smyd3/Ubn1"
"GO:0071300","GO:0071300","cellular response to retinoic acid",29,0.366030761353265,1.22775795869162,0.196779964221825,0.452201925749596,0.375982183684057,1853,"tags=31%, list=20%, signal=25%","Brinp2/Yap1/Epha3/Brinp3/Sox9/Atm/Tead1/Creb1/Ret"
"GO:0002448","GO:0002448","mast cell mediated immunity",23,-0.386918849887361,-1.24237245698468,0.197452229299363,0.453024844311347,0.376666397306828,1004,"tags=30%, list=11%, signal=27%","Nr4a3/Milr1/Ywhaz/Stxbp1/Cplx2/Kit/Rabgef1"
"GO:0045933","GO:0045933","positive regulation of muscle contraction",26,-0.36470958553555,-1.21959686651468,0.197396963123644,0.453024844311347,0.376666397306828,1913,"tags=38%, list=20%, signal=31%","Cttn/Edn3/Rgs2/Npnt/Abat/Eno1/Map2k1/Ccn2/Kit/Ptgs1"
"GO:0051924","GO:0051924","regulation of calcium ion transport",145,0.247112172000323,1.13440490800794,0.197635135135135,0.453084045890087,0.376715620314482,1712,"tags=22%, list=18%, signal=18%","Chd7/Adrb2/Tgfb2/Prkd1/Cemip/Fyn/Bcl2/Ank2/Adcyap1r1/Slc8a1/Ppp3ca/Fgf14/Ntsr1/Nfatc3/Tspan18/Abl1/Ngf/Homer2/Pdgfrb/Pawr/Cask/Gnao1/Egf/Trpc4/Cacna1c/Stimate/Slc9a1/Ubr3/Cacna2d1/Asph/Prkce/Casq1"
"GO:0060761","GO:0060761","negative regulation of response to cytokine stimulus",42,0.320264929683413,1.17086766747659,0.1985559566787,0.454833502034449,0.378170201341147,1983,"tags=33%, list=21%, signal=26%","Robo1/Ptprf/Stat2/Adar/Samhd1/Ptprc/Apoa1/Gigyf2/Tank/Rnf113a1/Parp14/Map2k5/Rffl/Usp25"
"GO:0099068","GO:0099068","postsynapse assembly",74,0.283520275395576,1.15624001710378,0.198915009041591,0.455294354028531,0.378553375602962,1290,"tags=26%, list=14%, signal=22%","Nrxn3/Dock1/Nckipsd/Asic2/Magi2/Grid2/Nrxn1/Lats1/Pum2/Lrp4/Cpeb3/Fgfr1/Gna13/Ptprs/Elmo1/Abl1/Cdh2/Afdn/Dock4"
"GO:0002822","GO:0002822","regulation of adaptive immune response based on somatic recombination of immune receptors built from immunoglobulin superfamily domains",71,0.286570191207549,1.15875799441965,0.199637023593466,0.456584596386643,0.379626144451702,1562,"tags=25%, list=16%, signal=21%","B2m/Rc3h1/Shld2/Tap2/Ep300/Atad5/Rif1/Dennd1b/Ptprc/Brd2/Kmt5b/Tfrc/Paxip1/Fbxo38/Map3k7/Socs5/Dpp4/Card9"
"GO:1904262","GO:1904262","negative regulation of TORC1 signaling",34,-0.330943046155592,-1.19194027805296,0.200873362445415,0.45800395256917,0.380806264673542,1274,"tags=35%, list=13%, signal=31%","Prkaa2/Ube2n/Ywhag/Sar1b/Tbk1/Ube2d1/Tsc2/Atxn3/Ywhaz/Nprl3/Itfg2/Sesn1"
"GO:0000271","GO:0000271","polysaccharide biosynthetic process",42,-0.31363242241386,-1.19182252645105,0.200892857142857,0.45800395256917,0.380806264673542,355,"tags=19%, list=4%, signal=18%","Pgm2/Pgm1/Cltc/Has2/Ptges3/Inpp5k/Gfpt1/Esrrb"
"GO:1901343","GO:1901343","negative regulation of vasculature development",64,0.292294456584881,1.16365160101122,0.200710479573712,0.45800395256917,0.380806264673542,528,"tags=14%, list=6%, signal=13%","Adgrb3/Tafa5/Qki/Adrb2/Tgfb2/Fyn/Spred1/Pde3b/Rock1"
"GO:0090101","GO:0090101","negative regulation of transmembrane receptor protein serine/threonine kinase signaling pathway",94,0.272315281986946,1.15712024098386,0.200716845878136,0.45800395256917,0.380806264673542,1288,"tags=22%, list=14%, signal=19%","Smurf2/Zfp451/Tcf7l2/Spred1/Gpr155/Hipk2/Smad6/Magi2/Chst11/Smurf1/Ski/Arid4b/Spred2/Htra1/Cd109/Prdm16/Lrp2/Abl1/Ppara/Tet1/Spry2"
"GO:0051932","GO:0051932","synaptic transmission, GABAergic",51,0.310489854831119,1.18316874873786,0.201058201058201,0.458018840325317,0.380818643061929,1218,"tags=29%, list=13%, signal=26%","Erbb4/Slc6a1/Gabbr2/Nrxn1/Gabrb2/Gabra1/Gabra2/Nalcn/Vps54/Slc38a1/Bdnf/Gabrg1/Gabra4/Ezh2/Cnr1"
"GO:0051453","GO:0051453","regulation of intracellular pH",47,-0.306504619628072,-1.18531733583846,0.201357466063348,0.458338541536462,0.38108445785096,1631,"tags=28%, list=17%, signal=23%","Creg1/Lrrk2/Atp6v0a1/Slc9b1/Slc9a6/Gpr89/Atp6v0d1/Tpcn2/Slc4a10/Slc4a8/Lamp2/Ppt1/Atp6v1b2"
"GO:0060760","GO:0060760","positive regulation of response to cytokine stimulus",28,0.366467071974814,1.21761380870296,0.202872531418312,0.461423013099695,0.38364903417808,2264,"tags=43%, list=24%, signal=33%","Prkn/Rbm47/Irf7/Hif1a/Cd74/Lsm14a/Ube2k/Parp14/Crebrf/Laptm5/C1qtnf4/Taf9"
"GO:0009880","GO:0009880","embryonic pattern specification",37,0.332984946627553,1.1858857972007,0.203296703296703,0.461806391848078,0.383967793499497,1114,"tags=27%, list=12%, signal=24%","Erbb4/Meis2/Meis1/Smad6/Lrp6/Efnb1/Wnt7a/Cobl/Smad1/Zbtb16"
"GO:0051090","GO:0051090","regulation of DNA-binding transcription factor activity",186,0.238412435885124,1.12543356911209,0.203361344537815,0.461806391848078,0.383967793499497,1589,"tags=24%, list=17%, signal=20%","Tut4/Prkd1/Ppargc1a/Trappc9/Tcf7l2/Hdac4/Epha5/Adcy8/Hipk2/Cib1/Lrp5/Lrp6/Ep300/Igf1r/Ppp3ca/Irak2/Crebbp/Chp1/Clock/Trim8/Hmgn3/Ddr2/Dab2ip/Prox1/Tfrc/Mid2/Bdnf/Pex14/Arid5b/Trim25/Myocd/Ngf/Ezh2/Spi1/Nts/Paxip1/Fzd2/Itch/Otulin/Chuk/Erc1/Card9/Crtc1/Sox6"
"GO:0072006","GO:0072006","nephron development",105,0.265694510748028,1.15244292902067,0.204188481675393,0.463319890756753,0.385226188460429,748,"tags=15%, list=8%, signal=14%","Gpc3/Erbb4/Agtr1b/Gzf1/Bcl2/Yap1/Kirrel3/Greb1l/Pkd1/Gli3/Plce1/Magi2/Pdgfd/Ppp3ca/Ext1/Sox9"
"GO:0033135","GO:0033135","regulation of peptidyl-serine phosphorylation",67,0.288940208849607,1.16229450163071,0.204626334519573,0.463948387385573,0.38574875044322,1537,"tags=28%, list=16%, signal=24%","Fnip2/Prkd1/Phip/Bcl2/Egfr/Bcar3/Nrxn1/Rassf2/Epm2a/Lats1/Akap9/Tenm1/Tfrc/Bdnf/Spry2/Smyd3/Ercc6/Ip6k2/Mapkap1"
"GO:0042059","GO:0042059","negative regulation of epidermal growth factor receptor signaling pathway",20,0.402635067800423,1.24294801842614,0.205882352941176,0.465809372928394,0.387296062315089,1488,"tags=30%, list=16%, signal=25%","Ptprf/Egfr/Snx5/Dab2ip/Socs5/Zfyve28"
"GO:0071331","GO:0071331","cellular response to hexose stimulus",102,0.26817378758751,1.15388187261904,0.206093189964158,0.465809372928394,0.387296062315089,864,"tags=17%, list=9%, signal=15%","Zbtb20/Adcy5/Prkn/Tcf7l2/Epha5/Adcy8/Pde3b/Atg7/Lrp5/Foxo3/Igf1r/Klf7/Ppp3ca/Stxbp4/Tra2b/Hif1a/Hmgn3"
"GO:0006109","GO:0006109","regulation of carbohydrate metabolic process",119,0.255064194310773,1.13109975967988,0.205623901581722,0.465809372928394,0.387296062315089,1312,"tags=21%, list=14%, signal=18%","Rora/Zbtb20/Prkn/Phka1/Ppargc1a/Smpd3/Tcf7l2/Hdac4/Foxo1/Adcyap1r1/Ep300/Ppp4r3a/Prkg1/Ntsr1/Nr3c1/Ppp1r3c/Ncoa2/Grb10/Hif1a/Slc4a4/Ppara/Foxk2/Phkb/Egf/Mtch2"
"GO:0051168","GO:0051168","nuclear export",115,-0.244030428473535,-1.12595535300564,0.205949656750572,0.465809372928394,0.387296062315089,2764,"tags=38%, list=29%, signal=27%","Strada/Nup160/Gas6/Nxt2/Pabpn1/Eif4e/Chchd4/Xpo7/Rps15/Nup188/Park7/Sirt6/Xpo5/Ranbp3/Magoh/Nup107/Ltv1/Ptpn11/Xpot/Casc3/Ssb/Nsun2/Ywhae/Hspa9/Hnrnpa1/Thoc7/Egr2/Cse1l/Eif4a3/Ran/Supt6/Mcm3ap/Eif6/Ncbp2/Ahcyl1/Chtop/Sem1/Eny2/Thoc1/Nup133/Poldip3/Hnrnpa2b1/Nup214/Rae1"
"GO:0045666","GO:0045666","positive regulation of neuron differentiation",67,0.2883128898729,1.15977104046102,0.206405693950178,0.466150369109094,0.387579582754404,1251,"tags=19%, list=13%, signal=17%","Dab1/Brinp2/Zeb1/Rgs6/Brinp3/Mmd2/Rest/Fgfr1/Prox1/Bdnf/Ngf/Ncoa1/Pax6"
"GO:1902253","GO:1902253","regulation of intrinsic apoptotic signaling pathway by p53 class mediator",22,-0.39052746301076,-1.2379465783432,0.207264957264957,0.467724676644865,0.388888536899409,754,"tags=36%, list=8%, signal=34%","Ubb/Kdm1a/Mif/Mdm4/Armc10/Rrm2b/Rrn3/Rpl26"
"GO:0033238","GO:0033238","regulation of amine metabolic process",23,-0.383082456233593,-1.23005403463079,0.208067940552017,0.468071716499233,0.389177082336394,2381,"tags=39%, list=25%, signal=29%","Snca/Aldh2/Park7/Nr4a2/Abat/Comt/Pebp1/Hprt1/Vps35"
"GO:0045292","GO:0045292","mRNA cis splicing, via spliceosome",24,-0.375645212934932,-1.21777628181417,0.207792207792208,0.468071716499233,0.389177082336394,3059,"tags=54%, list=32%, signal=37%","Rbm22/Dcps/Prpf4b/Eif1/Clns1a/Rbm17/Sf3a1/Sde2/Cwc15/Prpf39/Cactin/Snrpc/Ncbp2"
"GO:1904646","GO:1904646","cellular response to amyloid-beta",22,0.38561716671012,1.21352345401607,0.207865168539326,0.468071716499233,0.389177082336394,490,"tags=23%, list=5%, signal=22%","Adrb2/Fyn/Epha4/Foxo3/Igf1r"
"GO:0031103","GO:0031103","axon regeneration",43,0.317041396743755,1.16684132232173,0.207956600361664,0.468071716499233,0.389177082336394,1935,"tags=33%, list=20%, signal=26%","Ptprf/Bcl2/Xylt1/Epha4/Igf1r/Pum2/Rtn4rl1/Ptprs/Neo1/Grn/Cspg5/Mtr/Apod/Mmp2"
"GO:2000378","GO:2000378","negative regulation of reactive oxygen species metabolic process",27,0.369223968531895,1.21724820263244,0.208333333333333,0.468303455442972,0.389369761113618,1337,"tags=26%, list=14%, signal=22%","Prkn/Fyn/Bcr/Hif1a/Brca1/Ppara/Map3k7"
"GO:0007492","GO:0007492","endoderm development",47,0.309759741297865,1.15878837690027,0.208928571428571,0.469275700934579,0.390178132246504,2037,"tags=36%, list=21%, signal=29%","Col11a1/Col5a1/Bmpr1a/Bptf/Ssbp3/Ext1/Tnrc6a/Ankrd17/Lama3/Tnrc6c/Kif16b/Angpt2/Grb2/Mmp15/Col12a1/Mmp2/Angpt1"
"GO:0071425","GO:0071425","hematopoietic stem cell proliferation",22,-0.386864559835707,-1.22633541425911,0.209401709401709,0.469612897858912,0.390458493803417,214,"tags=9%, list=2%, signal=9%","Ctc1/Prg4"
"GO:0043255","GO:0043255","regulation of carbohydrate biosynthetic process",69,-0.277536249569632,-1.16557795127184,0.209567198177677,0.469612897858912,0.390458493803417,555,"tags=14%, list=6%, signal=14%","Sik1/Ddb1/Cry1/Cltc/Has2/Clk2/Kat2a/Inpp5k/Gfpt1/Esrrb"
"GO:0032886","GO:0032886","regulation of microtubule-based process",181,-0.227101880756022,-1.10904072798608,0.209476309226933,0.469612897858912,0.390458493803417,1188,"tags=18%, list=13%, signal=16%","Anxa5/Stmn4/Chmp1a/Spag6l/Nubp1/Ckap5/Map1s/Ccsap/Cdk5r1/Dync1li1/Arhgef2/Chordc1/Mapt/Numa1/Wdr47/Vps4b/Pafah1b1/Stmn1/Rac1/Chmp5/Chmp2b/Katnb1/Mcph1/Ccnl2/Cltc/Ccnf/Chmp2a/Tac1/Azin1/Dixdc1/Kat2a/Apc2/Rae1"
"GO:0098739","GO:0098739","import across plasma membrane",113,0.258902112119635,1.13785973927202,0.210714285714286,0.471816770186335,0.392290898052585,1559,"tags=19%, list=16%, signal=16%","Adrb2/Slc1a2/Fyn/Wnk1/Slc6a1/Slc31a1/Slc15a2/Kcnj12/Slc27a1/Slc8a1/Ppp3ca/Ntsr1/Lrp2/Kcne2/Slc38a1/Wnk2/Nherf1/Pawr/Slc1a4/Cacna1c/Prkcd/Slc9a1"
"GO:0030101","GO:0030101","natural killer cell activation",31,0.351551232485511,1.18980929004462,0.210909090909091,0.471886592848579,0.392348951934106,2205,"tags=35%, list=23%, signal=27%","Tox/Fyn/Ptprc/Unc13d/Hectd1/Rasgrp1/Irf1/Emp2/Ap1g1/Hps1/Pibf1"
"GO:0035194","GO:0035194","regulatory ncRNA-mediated post-transcriptional gene silencing",44,0.316313357470093,1.16490673913181,0.211293260473588,0.472379661399867,0.392758912573508,1284,"tags=25%, list=14%, signal=22%","Wtip/Helz/Tnrc6b/Adar/Elavl1/Pum2/Tnrc6a/Ago4/Ncbp3/Tnrc6c/Ago3"
"GO:0000002","GO:0000002","mitochondrial genome maintenance",24,-0.373907781441958,-1.21214383185723,0.212121212121212,0.472552010249527,0.392902211602461,2874,"tags=50%, list=30%, signal=35%","Mrpl15/Mef2a/Chchd4/Rnaseh1/Dnaja3/Tk2/Rrm1/Mrpl39/Ssbp1/Lig3/Rrm2b/Slc25a36"
"GO:0042440","GO:0042440","pigment metabolic process",45,-0.306384041902069,-1.1783096875925,0.212189616252822,0.472552010249527,0.392902211602461,2959,"tags=47%, list=31%, signal=32%","Slc11a2/Cyb5r4/Appl1/Slc48a1/Uros/Pgrmc1/Bdh2/Tmem14c/Alas1/Srrd/Ireb2/Hmbs/Snx3/Hmox2/Ddt/Tmem14a/Alad/a/Gipc1/Lct/Slc24a5"
"GO:0040014","GO:0040014","regulation of multicellular organism growth",50,0.307455510067498,1.17060182471847,0.212173913043478,0.472552010249527,0.392902211602461,2008,"tags=28%, list=21%, signal=22%","Chd7/Adrb2/Bcl2/Rai1/Pou3f2/Mbd5/Alms1/Mfsd2a/Celf1/Gpam/Creb1/Gamt/Fto/Ncor1"
"GO:0034599","GO:0034599","cellular response to oxidative stress",160,0.246484585423019,1.13546447975361,0.211805555555556,0.472552010249527,0.392902211602461,1542,"tags=23%, list=16%, signal=20%","Prkn/Prkd1/Penk/Fyn/Ppargc1a/Smpd3/Egfr/Foxo1/Atg7/Map2k4/Slc8a1/Foxo3/Ep300/Pdgfd/Ptprk/Hif1a/Pcgf2/Ppargc1b/Stau2/Ankzf1/Fut8/Ddr2/Oxr1/Abl1/Pex14/Tmem161a/Tet1/Ezh2/Pdgfrb/Pawr/Gpr37l1/Mapk9/Ccs/Chuk/Atm/Mapkap1/Prkcd"
"GO:0061458","GO:0061458","reproductive system development",186,0.237210447074494,1.11975954228477,0.211764705882353,0.472552010249527,0.392902211602461,2111,"tags=28%, list=22%, signal=22%","Lfng/Six3/Bmpr1b/Chd7/Tgfb2/Tcf7l2/Bcl2/Fndc3a/Greb1l/Pkd1/Gli3/Rxra/Nr2f2/Lrp6/Zfx/Foxo3/Rad21l/Igf1r/Arid4b/Atn1/Runx1/Akap9/Sox9/Wnt7a/Ago4/Nrip1/Asb1/Antxr2/Lgr4/Lrp2/Arid5b/Myocd/Ncoa1/Rdh10/Fgf9/Cyp7b1/Atm/Fgfr2/Patz1/Ube3a/Brip1/Wnt4/Wdr77/Ptprn/Mmp2/Arid4a/Mamld1/Angpt1/Esr2/Vegfa/Sema3a/Frs2"
"GO:0043001","GO:0043001","Golgi to plasma membrane protein transport",32,-0.335809777875385,-1.19045578976532,0.212860310421286,0.473335599817118,0.393553725229358,1572,"tags=47%, list=17%, signal=39%","Sys1/Gga1/Lypla1/Csk/Rack1/Arfrp1/Optn/Rab11fip3/Gga2/Nsf/Rab26/Atp2c1/Vamp3/Gga3/Amn"
"GO:1901989","GO:1901989","positive regulation of cell cycle phase transition",69,0.284571800191305,1.1521340233351,0.213143872113677,0.473335599817118,0.393553725229358,1428,"tags=25%, list=15%, signal=21%","Egfr/Cul4a/Tfdp1/Mad1l1/Atad5/Mtbp/Stxbp4/Crebbp/Plcb1/Fbxo5/Ankrd17/Ddr2/Rcc2/Ezh2/Ube2e2/Cenpe/Kmt2e"
"GO:0046434","GO:0046434","organophosphate catabolic process",148,0.245865119001759,1.13036175981321,0.213197969543147,0.473335599817118,0.393553725229358,1829,"tags=26%, list=19%, signal=21%","Zbtb20/Smpdl3a/Ppargc1a/Smpd3/Hdac4/Pla2g4d/Enpp2/Ep300/Plpp6/Pde7b/Pde7a/Dera/Ntsr1/Samhd1/Plcb1/Pde10a/Hif1a/Tkfc/Pde8a/Smpdl3b/Pnpla7/Slc4a4/Plbd2/Pde5a/Ppara/Foxk2/Nudt13/Mtch2/Prkcd/Cbfa2t3/Pde9a/Foxk1/Pla2g15/Ogdh/Mtor/Pon1/Prkag1/Smpd2"
"GO:0097305","GO:0097305","response to alcohol",155,0.24554561679265,1.12772774416292,0.213058419243986,0.473335599817118,0.393553725229358,1898,"tags=26%, list=20%, signal=21%","Adcy5/Fkbp5/Lrp8/Prkd1/Penk/Fyn/Bcl2/Kcnc2/Epha5/Adcy8/Gpr155/Htr7/Nr3c2/Lrp6/Srebf1/Foxo3/Igf1r/mt-Nd4/Nr3c1/mt-Cytb/Prkca/Grip1/Brca1/Eps8/Spidr/Ppara/Cnr1/Pax6/Tjp1/Tgfbr2/Adcy2/Akap8/Card9/Creb1/Prkce/Acaca/Tacr1/Tbxas1/Pmvk/Itpr2"
"GO:0019674","GO:0019674","NAD metabolic process",21,-0.386236217709289,-1.21033178286602,0.213675213675214,0.47374867271523,0.393897173678843,3116,"tags=48%, list=33%, signal=32%","Nampt/Gpd1l/Nmnat2/Got1/Mdh2/Ldhb/Ldha/Got2/Mdh1/Slc25a22"
"GO:2000772","GO:2000772","regulation of cellular senescence",33,0.34322445307182,1.19030152620253,0.213893967093236,0.47374867271523,0.393897173678843,1499,"tags=27%, list=16%, signal=23%","B2m/Bmpr1a/Cdk6/Fbxo5/Akt3/Icmt/Abl1/Pawr/Rbl1"
"GO:0002366","GO:0002366","leukocyte activation involved in immune response",126,0.249357772678046,1.1210068781026,0.214041095890411,0.47374867271523,0.393897173678843,1484,"tags=22%, list=16%, signal=19%","Rora/Lfng/Gab2/Rc3h1/Shld2/Ep300/Atad5/Lef1/Rif1/Ptprc/Unc13d/Bcr/Cd74/St3gal1/Brd2/Kmt5b/Phf14/Tfrc/Abl1/Ifi35/Mfng/Swap70/Grn/Spi1/Paxip1/Irf8/Rasgrp1/Socs5"
"GO:0009749","GO:0009749","response to glucose",132,0.247683961594349,1.11881781237625,0.213793103448276,0.47374867271523,0.393897173678843,864,"tags=16%, list=9%, signal=15%","Zbtb20/Acvr2b/Adcy5/Prkn/Tcf7l2/Epha5/Adcy8/Pde3b/Atg7/Lrp5/Srebf1/Foxo3/Ep300/Igf1r/Klf7/Ppp3ca/Rasal2/Stxbp4/Tra2b/Hif1a/Hmgn3"
"GO:0010657","GO:0010657","muscle cell apoptotic process",66,0.289960182570794,1.15688032323218,0.214936247723133,0.475038493214452,0.394969591774042,490,"tags=14%, list=5%, signal=13%","Erbb4/Qki/Hey2/Bcl2/Foxo1/Atg7/Map2k4/Lrp6/Igf1r"
"GO:0030641","GO:0030641","regulation of cellular pH",49,-0.29441446326826,-1.14840307626949,0.214953271028037,0.475038493214452,0.394969591774042,1631,"tags=27%, list=17%, signal=22%","Creg1/Lrrk2/Atp6v0a1/Slc9b1/Slc9a6/Gpr89/Atp6v0d1/Tpcn2/Slc4a10/Slc4a8/Lamp2/Ppt1/Atp6v1b2"
"GO:0043370","GO:0043370","regulation of CD4-positive, alpha-beta T cell differentiation",21,0.392208842063565,1.22096180331066,0.215355805243446,0.475199802847817,0.395103712273643,1809,"tags=38%, list=19%, signal=31%","Rc3h1/Ep300/Runx1/Sh3rf1/Brd2/Socs5/Cbfb/Irf1"
"GO:0045191","GO:0045191","regulation of isotype switching",21,0.392046949536641,1.22045782540293,0.215355805243446,0.475199802847817,0.395103712273643,1275,"tags=33%, list=13%, signal=29%","Shld2/Atad5/Rif1/Ptprc/Kmt5b/Tfrc/Paxip1"
"GO:0051784","GO:0051784","negative regulation of nuclear division",38,0.328667154343439,1.17747891786826,0.215722120658135,0.47564418652757,0.395473193995841,1896,"tags=34%, list=20%, signal=27%","Arhgap33os/Mad1l1/Mtbp/Fbxo5/Fgfr3/Tom1l2/Cenpe/Atm/Fgfr2/Ndc80/Cdk5rap2/Bub1b/Xrcc3"
"GO:0016051","GO:0016051","carbohydrate biosynthetic process",132,0.24646906772547,1.11332999276976,0.217241379310345,0.478628065646321,0.397954132981356,1122,"tags=20%, list=12%, signal=18%","Ndst3/Ppargc1a/Smpd3/Tcf7l2/Chst15/Csgalnact1/Foxo1/G6pc3/Chst11/Adcyap1r1/Fut9/B3galt1/Ep300/Epm2a/Ppp4r3a/Prkg1/Ntsr1/Nr3c1/Ext1/Ppp1r3c/Grb10/Hif1a/Ndst2/G6pc2/Ppara/Sord"
"GO:0090140","GO:0090140","regulation of mitochondrial fission",26,0.376528427935783,1.21618886174791,0.2181146025878,0.478870900788709,0.398156037665771,284,"tags=19%, list=3%, signal=19%","Prkn/Tmem135/Spire1/Ppargc1a/Stat2"
"GO:0032467","GO:0032467","positive regulation of cytokinesis",26,0.376339004346085,1.21557702252715,0.2181146025878,0.478870900788709,0.398156037665771,1685,"tags=35%, list=18%, signal=29%","Cdc14a/Wnk1/Igf1r/Arf6/Pkp4/Svil/Kif20b/Kif14/Prkce"
"GO:0045604","GO:0045604","regulation of epidermal cell differentiation",26,0.375230491062869,1.21199651861795,0.2181146025878,0.478870900788709,0.398156037665771,1358,"tags=31%, list=14%, signal=26%","Tgfb2/Hey2/Rock1/Klf7/Cd109/Fgfr3/Ezh2/Ncoa3"
"GO:0007595","GO:0007595","lactation",26,0.374070839947364,1.20825083923347,0.2181146025878,0.478870900788709,0.398156037665771,2068,"tags=42%, list=22%, signal=33%","Erbb4/Kalrn/mt-Co2/Hif1a/Ncoa1/Chuk/Atp7b/Creb1/Eif2ak3/Atp2b2/Vegfa"
"GO:0050728","GO:0050728","negative regulation of inflammatory response",67,-0.273305465585199,-1.14362207017936,0.218181818181818,0.478870900788709,0.398156037665771,721,"tags=15%, list=8%, signal=14%","Fxr1/Npy5r/Sod1/Acod1/Rabgef1/Vps35/Cyp19a1/Tmsb4x/Psma1/Hgf"
"GO:0017145","GO:0017145","stem cell division",30,0.352532865192508,1.19203919415308,0.218637992831541,0.479507202529403,0.398685089189715,1370,"tags=30%, list=14%, signal=26%","Tgfb2/Fut9/Fubp1/Thoc2/Ext1/Wnt7a/Zbtb16/Ncoa3/Vangl2"
"GO:2000178","GO:2000178","negative regulation of neural precursor cell proliferation",23,0.382709022132298,1.20584533216648,0.220338983050847,0.482870537324198,0.401481525667758,1894,"tags=48%, list=20%, signal=38%","Lims1/Vax1/Fgfr3/Spint2/Appl2/Prox1/Bdnf/Pax6/Pde9a/Rapgef1/Sirt2"
"GO:0036297","GO:0036297","interstrand cross-link repair",20,-0.382656722003616,-1.1788016531402,0.220524017467249,0.482909086086216,0.401513576941528,2684,"tags=45%, list=28%, signal=32%","Fancd2/Rad51d/Hmces/Dclre1c/Fan1/Fanca/Mcm8/Fancm/Rad51ap1"
"GO:0032438","GO:0032438","melanosome organization",27,0.364599668913258,1.20200292908858,0.221014492753623,0.483090102137721,0.401664082294229,2200,"tags=44%, list=23%, signal=34%","Ap1s2/Bace2/Kif13a/Hps3/Abcb6/Ap3m1/Ap3d1/Bloc1s2/Zeb2/Bloc1s5/Ap1g1/Hps1"
"GO:0042307","GO:0042307","positive regulation of protein import into nucleus",33,0.342319757832755,1.18716404542524,0.221206581352834,0.483090102137721,0.401664082294229,3338,"tags=52%, list=35%, signal=33%","Prkd1/Gli3/Ep300/Ptpn5/Brca1/Prkcd/Bag3/Tardbp/Prkcq/Ubr5/Nutf2/Hsp90ab1/Tpr/Ptgs2/Mapk1/Psen1/Dmap1"
"GO:1900181","GO:1900181","negative regulation of protein localization to nucleus",33,0.341419687467761,1.18404260369942,0.221206581352834,0.483090102137721,0.401664082294229,2244,"tags=39%, list=24%, signal=30%","Mark3/Lats1/Dclk2/Otud7b/Chp1/Mfhas1/Mdfic/Mtor/Apod/Lzts2/Angpt1/Cabp1/Fermt1"
"GO:0097237","GO:0097237","cellular response to toxic substance",53,-0.289187137669734,-1.1519618739927,0.221461187214612,0.483090102137721,0.401664082294229,2431,"tags=38%, list=26%, signal=28%","Selenow/Txnrd1/Gsto1/Aldh2/Gpx3/Park7/Gstk1/Cygb/Gfer/Txnrd3/Gsr/Srxn1/Prdx1/Sod1/Mgst3/Esd/Sod2/Sesn1/Ptgs1/Cp"
"GO:0010927","GO:0010927","cellular component assembly involved in morphogenesis",76,0.275917411450433,1.12663375296492,0.221611721611722,0.483090102137721,0.401664082294229,1757,"tags=26%, list=19%, signal=22%","Spaca1/Fhod3/Prkd1/Nrap/Tenm4/Pmp22/Mtmr2/Vps13b/Nebl/Ep300/Epb41l3/Clasp1/Prox1/Akap13/Pdgfrb/Clasp2/Poc1b/Casq1/Nfasc/Cavin4"
"GO:0032989","GO:0032989","cellular anatomical entity morphogenesis",76,0.275917411450433,1.12663375296492,0.221611721611722,0.483090102137721,0.401664082294229,1757,"tags=26%, list=19%, signal=22%","Spaca1/Fhod3/Prkd1/Nrap/Tenm4/Pmp22/Mtmr2/Vps13b/Nebl/Ep300/Epb41l3/Clasp1/Prox1/Akap13/Pdgfrb/Clasp2/Poc1b/Casq1/Nfasc/Cavin4"
"GO:0071248","GO:0071248","cellular response to metal ion",120,0.252754984331091,1.11953979110488,0.222614840989399,0.484910272970867,0.403177458875697,1665,"tags=22%, list=18%, signal=19%","Kcnk3/B2m/Nfatc1/Micu2/Smpd3/Cpne4/Egfr/Adcy8/Wnk1/Mt1/Nrxn1/Fas/Slc13a5/Nek7/Itpkb/Nfatc3/Abcb6/Tfrc/Syt1/Slc25a39/Mapk9/Dlg2/Chuk/Atp7b/Cpne2/Asph/Creb1"
"GO:0048278","GO:0048278","vesicle docking",44,-0.300160649515676,-1.15680852686739,0.222958057395143,0.485291349077429,0.403494303671211,1364,"tags=27%, list=14%, signal=23%","Exoc8/Ralb/Tprg1l/Rab8a/Stx7/Septin5/Vps18/Stx19/Stxbp1/Vps11/Stx16/Stx1a"
"GO:1990266","GO:1990266","neutrophil migration",47,0.308084578248291,1.15252171531563,0.223214285714286,0.485482654600302,0.40365336417968,1783,"tags=30%, list=19%, signal=24%","Vav3/Pecam1/Tgfb2/Prex1/Cd74/Prkca/Cklf/Pawr/Gbf1/Dpp4/Jagn1/Mospd2/Tirap/Rac2"
"GO:0046320","GO:0046320","regulation of fatty acid oxidation",26,-0.357057304587198,-1.19400747090668,0.223427331887202,0.485579823031417,0.403734154633757,1031,"tags=27%, list=11%, signal=24%","Tysnd1/Irs2/Ppard/Acadl/Dbi/Klhl25/Pdk4"
"GO:1903707","GO:1903707","negative regulation of hemopoiesis",54,0.299065613454082,1.15370458559771,0.223985890652557,0.486427190242451,0.404438696026098,1031,"tags=19%, list=11%, signal=17%","Qki/Lrrc17/Rc3h1/Cdk6/Cul4a/Gli3/Runx1/Cd74/Prdm16/Mafb"
"GO:0050900","GO:0050900","leukocyte migration",154,0.244053861933947,1.12338489977011,0.224315068493151,0.486775513569787,0.404728308603538,2068,"tags=27%, list=22%, signal=22%","Vav3/Chst2/Pecam1/Tgfb2/Cadm1/Smpd3/Prex1/Ninj1/Wnk1/Fut9/Ptk2/Rock1/Pdgfd/Nedd9/Ext1/Bcr/Plcb1/Cd74/Prkca/Cklf/Eps8/Abl1/Swap70/Spi1/Pawr/Wasl/Gbf1/Ptpro/Cyp7b1/Dpp4/Jagn1/Mospd2/Jam2/Tirap/Rac2/Tacr1/Apod/Mmp2/S1pr1/Ano6/Emp2/Vegfa"
"GO:0045727","GO:0045727","positive regulation of translation",95,-0.248124110230458,-1.11061569235909,0.224489795918367,0.486788399570354,0.404739022637151,2203,"tags=33%, list=23%, signal=25%","Nat10/Mettl5/Ago2/Larp4/C1qbp/Pcif1/Usp16/Coa3/Csde1/Ssb/Ddx3x/Eif4g1/Eef2/Cpeb1/Fastkd2/Rps6kb1/Ogt/Eif4a3/Pkm/Rpl5/Eif3e/Serp1/Eif6/Fxr1/Cirbp/Eif2b5/Uqcc2/Mettl3/Poldip3/Rpl26/Rps4x"
"GO:1901992","GO:1901992","positive regulation of mitotic cell cycle phase transition",59,0.292731673806339,1.14221807964979,0.224820143884892,0.487138463534206,0.40503008246256,1428,"tags=24%, list=15%, signal=20%","Egfr/Cul4a/Tfdp1/Mad1l1/Mtbp/Crebbp/Plcb1/Fbxo5/Ankrd17/Ddr2/Rcc2/Ube2e2/Cenpe/Kmt2e"
"GO:0046902","GO:0046902","regulation of mitochondrial membrane permeability",32,-0.332121030284303,-1.17737906831138,0.226164079822616,0.489682587243563,0.407145387889932,1971,"tags=38%, list=21%, signal=30%","Stat3/Chchd10/Cnp/Spg7/Slc25a5/Gclc/Bnip3l/Tmem14a/Vdac2/Bnip3/Dynlt1c/Bok"
"GO:0030593","GO:0030593","neutrophil chemotaxis",35,0.333167959782672,1.16707481389692,0.226937269372694,0.490620003651311,0.407924800466343,1783,"tags=31%, list=19%, signal=26%","Vav3/Tgfb2/Prex1/Cd74/Prkca/Cklf/Gbf1/Dpp4/Mospd2/Tirap/Rac2"
"GO:0045911","GO:0045911","positive regulation of DNA recombination",47,0.307185393635087,1.14915793190691,0.226785714285714,0.490620003651311,0.407924800466343,1391,"tags=28%, list=15%, signal=24%","Arid2/Shld2/Atad5/Rif1/Ptprc/Crebbp/Kmt5b/Actl6a/Tfrc/Paxip1/Epc1/Ing3/Ercc6"
"GO:1901889","GO:1901889","negative regulation of cell junction assembly",26,0.371862079448333,1.20111653085756,0.22735674676525,0.491158694884629,0.408372693972985,1441,"tags=27%, list=15%, signal=23%","Robo1/Ptk2/Rock1/Itgb1bp1/Rcc2/Dlc1/Clasp2"
"GO:0031670","GO:0031670","cellular response to nutrient",28,0.359795078269323,1.19544561873815,0.228007181328546,0.491459425225356,0.408622735478269,1800,"tags=32%, list=19%, signal=26%","Scd4/Penk/Rxra/Mn1/Trim24/Samtor/Ncoa1/Mtor/Brip1"
"GO:0032370","GO:0032370","positive regulation of lipid transport",48,-0.298285190600263,-1.16169541774306,0.227990970654628,0.491459425225356,0.408622735478269,144,"tags=15%, list=2%, signal=14%","Dbi/Mif/Tac1/Cyp19a1/Scp2/Abca5/Lrp1"
"GO:0048144","GO:0048144","fibroblast proliferation",86,-0.255592019679823,-1.12324029447226,0.227790432801822,0.491459425225356,0.408622735478269,1102,"tags=23%, list=12%, signal=21%","Meox2/Zfp469/Prdx1/Nras/Pdgfa/Trim32/Fn1/Rasgrf1/Mif/Nf1/Fosl2/Ccna2/Tsc2/Sod2/Rrn3/Ptges3/Ctc1/Pdgfra/Kat2a/Rpl29"
"GO:0030219","GO:0030219","megakaryocyte differentiation",35,0.332837465336912,1.16591710430195,0.228782287822878,0.49276185069543,0.409705633945613,1047,"tags=23%, list=11%, signal=20%","Cnot4/Meis1/Rcor1/Cib1/Ep300/Faxdc2/Rbm15/Abi1"
"GO:0008016","GO:0008016","regulation of heart contraction",102,0.262424284948376,1.1291432621398,0.229390681003584,0.493703525383834,0.410488587059046,1644,"tags=24%, list=17%, signal=20%","Chrm2/Adra1d/Adrb2/Tgfb2/Hey2/Hdac4/Ank2/Slc8a1/Srebf1/Kcnd2/Akap9/Prkca/Popdc2/Kcne2/Pde5a/Gnao1/Epas1/Chrm3/Thra/Cacna1c/Hbegf/Slc9a1/Fgf13/Cacna2d1"
"GO:1902745","GO:1902745","positive regulation of lamellipodium organization",23,0.380630219703374,1.19929541026642,0.229755178907721,0.493751070022256,0.410528117932221,602,"tags=26%, list=6%, signal=24%","Auts2/Hdac4/Plce1/Enpp2/Carmil1/Rreb1"
"GO:0098586","GO:0098586","cellular response to virus",23,0.380521925399808,1.19895419494903,0.229755178907721,0.493751070022256,0.410528117932221,2807,"tags=57%, list=30%, signal=40%","Penk/Adar/Ext1/Crebbp/Hif1a/Gbf1/Chuk/Atf2/Rrp1b/Fmr1/Zc3hav1/Calr/Ifih1"
"GO:0046621","GO:0046621","negative regulation of organ growth",26,0.369353879510754,1.19301503147319,0.231053604436229,0.496171701559259,0.412540746095333,1610,"tags=31%, list=17%, signal=26%","Tcf7l2/Wwc1/Ptk2/Vgll4/Ppara/Tgfbr2/Ctdp1/Stk3"
"GO:0097120","GO:0097120","receptor localization to synapse",80,0.270958318661323,1.12564253630662,0.231316725978648,0.496367141162515,0.412703243874812,1521,"tags=21%, list=16%, signal=18%","Nrxn3/Erbb4/Kalrn/Magi2/Nrxn1/Cacng4/Gphn/Grip1/Tnik/Gpc4/Gpc6/Lrrc7/Lgi1/Dlg2/Scrib/Mkln1/Cacng2"
"GO:0015908","GO:0015908","fatty acid transport",48,-0.295648588786737,-1.15142696211165,0.232505643340858,0.498177024810575,0.414208067201434,2707,"tags=40%, list=29%, signal=28%","Slco3a1/Pnpla8/Crabp1/Lypla1/Fabp3/Nos2/Lhcgr/Fabp6/Slc25a17/Fabp7/Pla2r1/Rps6kb1/Irs2/Ppard/Mif/Abcc1/Got2/Atp5pf/Fabp5"
"GO:0034446","GO:0034446","substrate adhesion-dependent cell spreading",69,-0.272453077778434,-1.14422999052244,0.232346241457859,0.498177024810575,0.414208067201434,987,"tags=23%, list=10%, signal=21%","Crkl/Meltf/Fn1/Pkp2/Ilk/P4hb/Ap1ar/Vamp3/Rac1/Lamb1/Lims2/Has2/Rac3/Lama5/Nrp1/Actn4"
"GO:0061081","GO:0061081","positive regulation of myeloid leukocyte cytokine production involved in immune response",22,-0.374752747082459,-1.18794175804907,0.232905982905983,0.498294402597073,0.41430566067455,1004,"tags=45%, list=11%, signal=41%","Ripk2/Rtn4/Mapkapk2/Sema7a/Nr4a3/Ddx1/Mif/Ddx21/Gprc5b/Kit"
"GO:0050853","GO:0050853","B cell receptor signaling pathway",25,0.36631836012135,1.17660958057071,0.232774674115456,0.498294402597073,0.41430566067455,1101,"tags=16%, list=12%, signal=14%","Vav3/Bcl2/Ptprc/Abl1"
"GO:0000070","GO:0000070","mitotic sister chromatid segregation",119,-0.240669703422262,-1.11470240233886,0.233256351039261,0.498674067010548,0.414621331721304,1743,"tags=25%, list=18%, signal=21%","Rad21/Smarca5/Chmp3/Anapc5/Prickle1/Phf13/Zw10/Abraxas2/Chmp7/Chmp1a/Ccsap/Ran/Dync1li1/Bub3/Abraxas1/Anapc7/Trip13/Nsl1/Numa1/Nudc/Golga2/Mzt1/Vps4b/Chmp5/Chmp2b/Katnb1/Cltc/Lcmt1/Chmp2a/Chek2"
"GO:0071230","GO:0071230","cellular response to amino acid stimulus",60,0.291071017297733,1.13962572361413,0.233928571428571,0.499740740740741,0.415508214981899,2078,"tags=30%, list=22%, signal=24%","Prkn/Fyn/Egfr/Zeb1/Cpeb4/Ep300/Sesn3/Pdgfd/Cpeb3/Ubr2/Samtor/Col1a2/Gclm/Ubr1/Mtor/Mmp2/Gria1/Gria2"
"GO:0043506","GO:0043506","regulation of JUN kinase activity",31,0.346389393410301,1.17233927851322,0.234545454545455,0.500687706076307,0.416295566990958,1849,"tags=35%, list=20%, signal=29%","Sash1/Fgd4/Map2k4/Epha4/Hipk3/Dab2ip/Map3k7/Vangl2/Taok3/Tirap/Zeb2"
"GO:0090497","GO:0090497","mesenchymal cell migration",39,-0.313864511681175,-1.16212402986127,0.236080178173719,0.502496029044702,0.417799092694295,380,"tags=15%, list=4%, signal=15%","Tpbg/Nrp2/Htr2b/Lama5/Nrp1/Sema3e"
"GO:0042789","GO:0042789","mRNA transcription by RNA polymerase II",37,0.325319381234711,1.15858580896114,0.236263736263736,0.502496029044702,0.417799092694295,1700,"tags=32%, list=18%, signal=27%","Rxra/Srebf1/Ncoa2/Ncbp3/Taf5/Ncoa1/Epas1/Thra/Taf8/Creb1/Nr1h3/Taf3"
"GO:0016125","GO:0016125","sterol metabolic process",86,0.27119069767457,1.13609607047678,0.236234458259325,0.502496029044702,0.417799092694295,1454,"tags=22%, list=15%, signal=19%","Lpcat3/Insig1/Qki/Srebf2/Gpr146/Scap/Pmp22/Lrp5/Srebf1/Faxdc2/Apoa1/Lmf1/Disp3/Npc2/Tsku/Lss/Fdft1/Dhcr7/Cyp7b1"
"GO:0051101","GO:0051101","regulation of DNA binding",56,0.29260113290575,1.13536868951392,0.236234458259325,0.502496029044702,0.417799092694295,1309,"tags=25%, list=14%, signal=22%","Prkn/Hey2/Hipk2/Ski/Lef1/Rsf1/Hipk3/Runx1t1/H1f0/Pinx1/Myocd/Ngf/Pax6/Egf"
"GO:2000779","GO:2000779","regulation of double-strand break repair",93,0.264831099746853,1.12495827970199,0.235611510791367,0.502496029044702,0.417799092694295,1391,"tags=22%, list=15%, signal=19%","Arid1a/Spire1/Mgmt/Arid2/Shld2/Ppp4r3a/Rif1/Pbrm1/Crebbp/Kmt5b/Actl6a/Dpf3/Spidr/Abl1/Smarcd2/Polq/Epc1/Smchd1/Ing3/Ercc6"
"GO:1901874","GO:1901874","negative regulation of post-translational protein modification",58,-0.279311521260897,-1.14066048646603,0.236486486486486,0.502599135613137,0.417884820398104,1447,"tags=26%, list=15%, signal=22%","Gclc/Mad2l2/Limk1/Svbp/Hmg20b/Ogt/Hdac8/Rpl23/Rpl5/Ctnnb1/Rasd2/Arrb1/Dnajb2/Cry1/Ube2b"
"GO:0006493","GO:0006493","protein O-linked glycosylation",63,0.283313237584466,1.12434540667799,0.236749116607774,0.502786783723726,0.418040839960087,1329,"tags=22%, list=14%, signal=19%","Galnt16/Tmtc4/Fut9/B3galt1/B3galnt2/Galnt9/Crppa/Galntl6/Galnt1/Tet2/Tet1/Large1/Pofut1/Tmtc2"
"GO:0000288","GO:0000288","nuclear-transcribed mRNA catabolic process, deadenylation-dependent decay",38,0.323812958306423,1.16008833465589,0.237659963436929,0.504349767882342,0.419340379310889,1749,"tags=32%, list=18%, signal=26%","Rc3h1/Tnrc6b/Cnot2/Pan3/Igf2bp1/Cpeb3/Tnrc6a/Dcp1b/Tnrc6c/Tent4a/Dcp1a/Samd4"
"GO:0006940","GO:0006940","regulation of smooth muscle contraction",41,0.314769225824329,1.14542886074483,0.23869801084991,0.505808275746612,0.420553052102629,1400,"tags=29%, list=15%, signal=25%","Chrm2/Adrb2/Setd3/Htr7/Calcrl/Prkg1/Arhgap42/Myocd/Pawr/Dock5/Dock4/Chrm3"
"GO:0006023","GO:0006023","aminoglycan biosynthetic process",44,0.308185095292456,1.13497228595572,0.238615664845173,0.505808275746612,0.420553052102629,1322,"tags=27%, list=14%, signal=24%","Smpd3/Csgalnact1/Xylt1/Chst11/Pxylp1/B4galnt4/Ext1/B4galt7/Ndst2/Pdgfrb/Egf/Chsy1"
"GO:0033143","GO:0033143","regulation of intracellular steroid hormone receptor signaling pathway",50,-0.290151648184185,-1.13763544254668,0.238875878220141,0.50581353361739,0.42055742374641,1296,"tags=24%, list=14%, signal=21%","Phb2/Kmt2d/Uba5/Nr0b1/Vps18/Cry1/Ufm1/Ufsp2/Shq1/Vps11/Wbp2/Ddx5"
"GO:0014002","GO:0014002","astrocyte development",21,-0.377657567302185,-1.18344923595368,0.239316239316239,0.506374199697751,0.421023588185808,2149,"tags=38%, list=23%, signal=30%","Smo/Ror1/Gfap/Kras/Nf1/Eif2b5/Vim/Lrp1"
"GO:1905244","GO:1905244","regulation of modification of synaptic structure",26,0.364640615561668,1.17779116338763,0.240295748613678,0.506958989759948,0.421509810450821,1421,"tags=35%, list=15%, signal=30%","Kalrn/Cap2/Epha4/Ptk2/Abl1/Prmt8/Amot/Itsn1/Dip2a"
"GO:0002335","GO:0002335","mature B cell differentiation",26,0.363400971241774,1.17378710551968,0.240295748613678,0.506958989759948,0.421509810450821,1527,"tags=31%, list=16%, signal=26%","Lfng/Nfatc1/St3gal1/Phf14/Mfng/Spi1/Irf8/Dpp4"
"GO:0040036","GO:0040036","regulation of fibroblast growth factor receptor signaling pathway",26,0.363362971318449,1.17366436556151,0.240295748613678,0.506958989759948,0.421509810450821,1883,"tags=35%, list=20%, signal=28%","Fgfrl1/Tcf7l2/Nrxn1/Fam20c/Spry2/Ofd1/Wnt4/Creb3l1/Gpc1"
"GO:0034284","GO:0034284","response to monosaccharide",139,0.243130313463438,1.10698576369424,0.240137221269297,0.506958989759948,0.421509810450821,864,"tags=16%, list=9%, signal=15%","Zbtb20/Acvr2b/Adcy5/Prkn/Tcf7l2/Epha5/Adcy8/Pde3b/Atg7/Lrp5/Srebf1/Foxo3/Ep300/Igf1r/Klf7/Ppp3ca/Rasal2/Stxbp4/Tra2b/Plcb1/Hif1a/Hmgn3"
"GO:0072331","GO:0072331","signal transduction by p53 class mediator",89,-0.250214705063678,-1.11324924809178,0.241071428571429,0.508223684210526,0.422561337554412,1302,"tags=25%, list=14%, signal=22%","Zfp385b/Kdm8/Ubb/Ddit4/Pla2r1/Bop1/Kdm1a/Rpf2/Rpl23/Rpl5/Mif/Ndufs6/Mdm4/Smyd2/Armc10/Rrm2b/Rrn3/Rps20/Rpl26/Bok/Ddx5/Chek2"
"GO:0021884","GO:0021884","forebrain neuron development",33,0.337239527191486,1.16954581854297,0.241316270566728,0.50830692540502,0.42263054824171,621,"tags=24%, list=7%, signal=23%","Robo1/Sall3/Robo2/Zmiz1/Atg7/Sox1/Dclk2/Disc1"
"GO:0016042","GO:0016042","lipid catabolic process",173,-0.22469697687171,-1.09714597963432,0.241463414634146,0.50830692540502,0.42263054824171,1826,"tags=21%, list=19%, signal=18%","Acat1/Ptprv/Gm2a/Neu2/Neu3/Slc25a17/Hsd17b11/Ddhd2/Asah1/Abhd2/Abhd6/Sorl1/Acot7/Pnpla6/Acaa1b/Tysnd1/Irs2/Ppard/Lypla2/Nudt7/Acadl/Plbd1/Dbi/Adra2a/Lipc/Pafah1b1/Akr1d1/Hadha/Crat/Ppt1/Abhd12/Ywhah/Cyp19a1/Scp2/Lct/Plch1/Lrp1"
"GO:0032722","GO:0032722","positive regulation of chemokine production",23,-0.370938439915023,-1.19106035056563,0.24203821656051,0.50914530748396,0.423327618967976,3023,"tags=52%, list=32%, signal=36%","Adora2b/Il4ra/Adam17/Ripk2/Selenok/Adcyap1/Eif2ak2/Il17ra/Trim32/Mif/Egr1/Lrp1"
"GO:0010660","GO:0010660","regulation of muscle cell apoptotic process",61,0.287783996242015,1.13214373985167,0.242369838420108,0.509471293005533,0.423598658831522,490,"tags=13%, list=5%, signal=13%","Erbb4/Qki/Hey2/Bcl2/Foxo1/Atg7/Lrp6/Igf1r"
"GO:0062149","GO:0062149","detection of stimulus involved in sensory perception of pain",23,0.376010646222652,1.18473998879427,0.242937853107345,0.510074971435726,0.424100585783847,1253,"tags=26%, list=13%, signal=23%","Fyn/Htr7/Disc1/Ntsr1/Mmp24/Pawr"
"GO:0052548","GO:0052548","regulation of endopeptidase activity",25,-0.359615846757576,-1.18378506393982,0.243010752688172,0.510074971435726,0.424100585783847,2113,"tags=28%, list=22%, signal=22%","Timp3/Stat3/Ncstn/Gapdh/Bin1/Psma3/Serpind1"
"GO:0071277","GO:0071277","cellular response to calcium ion",54,0.296173684700003,1.14254840008287,0.243386243386243,0.510491582491582,0.424446976025923,704,"tags=15%, list=7%, signal=14%","Nfatc1/Micu2/Cpne4/Adcy8/Wnk1/Nrxn1/Itpkb/Nfatc3"
"GO:0048469","GO:0048469","cell maturation",117,0.24754456061936,1.09688874248344,0.243816254416961,0.510741632585458,0.424654879564082,1900,"tags=26%, list=20%, signal=21%","Six3/Adgrb3/Nrcam/Pde3a/Tut4/Bcl2/Pmp22/Nrxn1/Foxo3/Brd1/Runx1/Plcb1/Fbxo5/Hif1a/Fam20c/Diaph3/Fgfr1/C1ql1/Ngf/Epas1/Dlg2/Kif14/Cbfb/Nfasc/Mtor/Rac2/Wdr77/Ret/Sirt2/Ank3"
"GO:0044272","GO:0044272","sulfur compound biosynthetic process",116,0.247528787486178,1.09649256071343,0.243859649122807,0.510741632585458,0.424654879564082,1857,"tags=26%, list=20%, signal=21%","Hs6st2/Fmo3/Ndst3/Slc1a2/Hs6st1/Tcf7l2/Elovl5/Csgalnact1/Xylt1/Chst11/Pxylp1/B4galnt4/Mtrr/Hs3st4/Ext1/Elovl6/Hs6st3/Ndst2/Gcdh/Chsy1/Vangl2/Mthfd1/Dip2a/Gclm/Mat2b/Tpk1/Acaca/Eif2ak3/Csad/Mtr"
"GO:0035725","GO:0035725","sodium ion transmembrane transport",92,0.26214511877879,1.11556987429072,0.244642857142857,0.511638868745468,0.425400884371916,2195,"tags=33%, list=23%, signal=25%","Slc6a11/Kcnk3/Wnk1/Slc6a1/Asic2/Slc8a1/Slc13a5/Fgf12/Fgf14/Plcb1/Chp1/Slc4a4/Nalcn/Slc24a3/Slc38a1/Wnk2/Nherf1/Scn8a/Slc9a1/Fgf13/Slmap/Slc6a7/Ank3/Atp1b1/Dmd/Slc6a9/Ano6/Mcoln1/Slc13a3/Kcnq2"
"GO:0002703","GO:0002703","regulation of leukocyte mediated immunity",81,0.26812506693765,1.11097353679925,0.244565217391304,0.511638868745468,0.425400884371916,1527,"tags=25%, list=16%, signal=21%","B2m/Gab2/Tap1/Cadm1/Shld2/Tap2/Atad5/Rif1/Dennd1b/Ptprc/Unc13d/Bcr/Kmt5b/Tfrc/Spi1/Paxip1/Fbxo38/Map3k7/Rasgrp1/Dpp4"
"GO:0001755","GO:0001755","neural crest cell migration",37,-0.317394603647037,-1.15710612111444,0.245614035087719,0.513297737096364,0.426780146399561,170,"tags=14%, list=2%, signal=13%","Nrp2/Htr2b/Lama5/Nrp1/Sema3e"
"GO:0008037","GO:0008037","cell recognition",78,0.269565113175699,1.11157302482537,0.245989304812834,0.513709742997983,0.427122707697425,1389,"tags=22%, list=15%, signal=19%","Robo1/Nrcam/Cadm1/Robo2/Ncam2/Dscam/Epha3/Epha4/Sema5a/Nedd9/Ext1/Nck2/Bdnf/Cnr1/St6galnac6/Cntn5/Diaph2"
"GO:0045930","GO:0045930","negative regulation of mitotic cell cycle",150,0.240983742975961,1.11022778252557,0.247457627118644,0.51640216831416,0.429361318132585,2169,"tags=30%, list=23%, signal=24%","Brinp2/Bcl2/Egfr/Eme2/Arhgap33os/Brinp3/D7Ertd443e/Mad1l1/Taok1/Mtbp/Fbxo5/Fgfr3/Gigyf2/Tom1l2/Foxn3/Brca1/Abl1/Pinx1/Nherf1/Ezh2/Myo16/Cenpe/Rad50/Taok3/Ctdspl/Acvr1/Atm/Scrib/Rbl1/Fgfr2/Ctdsp1/Ndc80/Rbbp8/Cdk5rap2/Bub1b/Creb3l1/Xrcc3/Nbn/Timp2/Brd7/Usp47/Xpc/Atf2/Wac/Nle1"
"GO:0048012","GO:0048012","hepatocyte growth factor receptor signaling pathway",36,-0.315515410630708,-1.14614523382434,0.247844827586207,0.516836213129878,0.429722203631601,924,"tags=25%, list=10%, signal=23%","Epha8/Flt4/Stmn1/Rac1/Flt1/Pdgfra/Kit/Nrp1/Hgf"
"GO:0043489","GO:0043489","RNA stabilization",51,0.295996700910329,1.12794038451625,0.248677248677249,0.518197388139585,0.43085394925979,2788,"tags=45%, list=29%, signal=32%","Qki/Rbm24/Igf2bp3/Rbm47/Igf2bp1/Elavl1/Larp4b/Thrap3/Tent4a/Axin2/Mtor/Tirap/Ptbp1/Tardbp/Vegfa/Hnrnpu/Rbm38/Nrde2/Dicer1/Tent5a/Hnrnpd/Dhx36/Trdmt1"
"GO:0002699","GO:0002699","positive regulation of immune effector process",96,0.262518337118024,1.11895897436366,0.249557522123894,0.519656241014664,0.432066908909922,1562,"tags=25%, list=16%, signal=21%","B2m/Gab2/Cadm1/Shld2/Tap2/Ep300/Atad5/Rif1/Dennd1b/Ptprc/Cd74/Ankrd17/Brd2/Kmt5b/Appl2/Tfrc/Spi1/Paxip1/Fbxo38/Map3k7/Rasgrp1/Socs5/Dpp4/Card9"
"GO:1903038","GO:1903038","negative regulation of leukocyte cell-cell adhesion",59,0.289753836966336,1.13059877302447,0.25,0.52020202020202,0.43252069567859,1957,"tags=31%, list=21%, signal=24%","Rc3h1/Wnk1/Gli3/Mad1l1/Runx1/Cd74/Pde5a/Ppara/Pawr/Itch/Scrib/Socs5/Cbfb/Pag1/Marchf7/Irf1/Cblb/Laptm5"
"GO:0097107","GO:0097107","postsynaptic density assembly",23,0.374340724171839,1.17947837332768,0.250470809792844,0.520805923174161,0.433022809325768,1029,"tags=26%, list=11%, signal=23%","Nrxn3/Grid2/Nrxn1/Lats1/Fgfr1/Ptprs"
"GO:0060292","GO:0060292","long-term synaptic depression",30,0.346260921556541,1.17083151856939,0.25089605734767,0.521314286304525,0.433445486605485,870,"tags=20%, list=9%, signal=18%","Sorcs2/Penk/Adcy8/Grid2/Stau2/Mgll"
"GO:0030048","GO:0030048","actin filament-based movement",75,0.2706289227382,1.10652857049296,0.251366120218579,0.521914968114026,0.433944922024875,2096,"tags=31%, list=22%, signal=24%","Qki/Syne2/Pard3/Ank2/Myl6/Rock1/Akap9/Uty/Kcne2/Sgcd/Wasl/Cacna1c/Slc9a1/Fgf13/Cacna2d1/Luzp1/Myo6/Zeb2/Dbn1/Wipf1/Myh10/Emp2/Gsn"
"GO:0010883","GO:0010883","regulation of lipid storage",24,0.366162890214345,1.16882695301979,0.251851851851852,0.522171632452006,0.434158324960096,461,"tags=17%, list=5%, signal=16%","Tmem135/Srebf2/Asxl2/Srebf1"
"GO:0007431","GO:0007431","salivary gland development",28,-0.344019277041295,-1.16624162337153,0.251685393258427,0.522171632452006,0.434158324960096,98,"tags=29%, list=1%, signal=28%","Tgfb3/Twsg1/Plxnd1/Pdgfa/Lama5/Polb/Nrp1/Hgf"
"GO:0070897","GO:0070897","transcription preinitiation complex assembly",52,-0.283500781589509,-1.1278954749148,0.252252252252252,0.522626074350212,0.434536169563393,3054,"tags=46%, list=32%, signal=31%","Med15/Med30/Med14/Med26/Gtf2a1/Med20/Taf13/Gtf2f2/Psmc6/Med22/Med31/Dr1/Gtf2b/Med7/Taf10/Taf11/Med28/Taf12/Smarcb1/Gtf2a2/Med17/Taf7/Med9/Rrn3"
"GO:0098659","GO:0098659","inorganic cation import across plasma membrane",65,0.281478795452954,1.12180469867642,0.252688172043011,0.522778112031595,0.434662580921225,1559,"tags=20%, list=16%, signal=17%","Adrb2/Fyn/Wnk1/Slc6a1/Slc31a1/Kcnj12/Slc8a1/Ppp3ca/Kcne2/Wnk2/Pawr/Cacna1c/Slc9a1"
"GO:0099587","GO:0099587","inorganic ion import across plasma membrane",65,0.281478795452954,1.12180469867642,0.252688172043011,0.522778112031595,0.434662580921225,1559,"tags=20%, list=16%, signal=17%","Adrb2/Fyn/Wnk1/Slc6a1/Slc31a1/Kcnj12/Slc8a1/Ppp3ca/Kcne2/Wnk2/Pawr/Cacna1c/Slc9a1"
"GO:2000241","GO:2000241","regulation of reproductive process",90,0.260835642742005,1.1032356721585,0.253119429590018,0.523294935439148,0.435092292477691,768,"tags=16%, list=8%, signal=14%","Lfng/Unc5c/Smurf2/Pde3a/Hdac4/Rxra/Cib1/Eif4g3/Igf1r/Plat/Runx1/Sox9/Plcb1/Fbxo5"
"GO:1990089","GO:1990089","response to nerve growth factor",45,0.305241555144777,1.1306560600075,0.254025044722719,0.524790994971577,0.436336187511955,2447,"tags=42%, list=26%, signal=31%","Kcnc1/Kcnc2/Gad2/Magi2/Cib1/Foxo3/Arf6/Grip1/Bdnf/Ngf/Cdc5lrt1/Usp8/Ube3a/Rapgef1/Gria1/Gria2/Braf/Rapgef2/Ntf3"
"GO:0043523","GO:0043523","regulation of neuron apoptotic process",194,0.229487014163226,1.08669712589266,0.254237288135593,0.524853499629958,0.436388156857086,1502,"tags=21%, list=16%, signal=18%","Prkn/Tgfb2/Ptprf/Fyn/Ppargc1a/Bcl2/Hdac4/Cpeb4/Mt1/Hipk2/Atg7/Grid2/Map2k4/Epha4/Foxo3/Fas/Rock1/Srpk2/Ptpn5/Nr3c1/Adnp/Hif1a/Tox3/Mtnr1b/Fgfr3/St8sia2/Casp7/Oxr1/Ambra1/Vps54/Abl1/Bdnf/Egln3/Ngf/Grn/Pawr/Itsn1/Nrbp2/Atm/Kif14/Gclm"
"GO:0007140","GO:0007140","male meiotic nuclear division",28,-0.342249228379856,-1.1602410746752,0.256179775280899,0.524921594982079,0.436444774570836,1858,"tags=36%, list=20%, signal=29%","Brca2/Ubb/Hspa2/Chtf18/Mlh3/Fanca/Trip13/M1ap/Rec8/Spdya"
"GO:0042790","GO:0042790","nucleolar large rRNA transcription by RNA polymerase I",20,-0.376570849873518,-1.16005368475173,0.255458515283843,0.524921594982079,0.436444774570836,3152,"tags=55%, list=33%, signal=37%","Macroh2a2/Nop53/Polr1f/Pwp1/Nol11/Ippk/Ubtf/Smarcb1/Polr1d/Gtf2h5/Polr2e"
"GO:0035357","GO:0035357","peroxisome proliferator activated receptor signaling pathway",20,-0.376312258554357,-1.15925707552736,0.255458515283843,0.524921594982079,0.436444774570836,212,"tags=15%, list=2%, signal=15%","Fabp5/Asxl1/Actn4"
"GO:0044848","GO:0044848","biological phase",29,0.344358651294392,1.15506432630933,0.255813953488372,0.524921594982079,0.436444774570836,279,"tags=14%, list=3%, signal=13%","Nfia/Nfatc1/Tgfb2/Cdk6"
"GO:0022406","GO:0022406","membrane docking",68,-0.268260357572735,-1.12500080183297,0.255707762557078,0.524921594982079,0.436444774570836,1364,"tags=24%, list=14%, signal=20%","Exoc8/Ralb/Snx3/Tprg1l/Rab8a/Stx7/Calm2/Ahcyl1/Septin5/Vps18/Stx19/Stxbp1/Vps11/Stx16/Stx1a/Esyt1"
"GO:0070663","GO:0070663","regulation of leukocyte proliferation",102,0.258403190967568,1.11184154337641,0.256272401433692,0.524921594982079,0.436444774570836,1957,"tags=29%, list=21%, signal=24%","Vav3/Rc3h1/Bcl2/Ptk2/Mad1l1/Atad5/Igfbp2/Ppp3ca/Efnb1/Ptprc/Nck2/Cd74/Sh3rf1/Tfrc/Pde5a/Pawr/Itch/Tgfbr2/Atm/Scrib/Zfp335/Gpam/Adk/Marchf7/Tirap/Rac2/Tacr1/Irf1/Cblb/Laptm5"
"GO:0009137","GO:0009137","purine nucleoside diphosphate catabolic process",74,-0.258972555616351,-1.11180831215672,0.256124721603563,0.524921594982079,0.436444774570836,2143,"tags=34%, list=23%, signal=26%","Sirt6/Prkaa2/Pgk1/Entpd2/Stat3/Nt5e/Ddit4/Entpd4/Fkrp/Pfkfb2/Gapdh/Uchl1/Ampd3/Eno2/Eno1/Pfkl/Ogt/Pkm/Gpi1/Eif6/Ppp2ca/Bpgm/Pgam1/Gale/Esrrb"
"GO:0009181","GO:0009181","purine ribonucleoside diphosphate catabolic process",74,-0.258972555616351,-1.11180831215672,0.256124721603563,0.524921594982079,0.436444774570836,2143,"tags=34%, list=23%, signal=26%","Sirt6/Prkaa2/Pgk1/Entpd2/Stat3/Nt5e/Ddit4/Entpd4/Fkrp/Pfkfb2/Gapdh/Uchl1/Ampd3/Eno2/Eno1/Pfkl/Ogt/Pkm/Gpi1/Eif6/Ppp2ca/Bpgm/Pgam1/Gale/Esrrb"
"GO:0022898","GO:0022898","regulation of transmembrane transporter activity",107,0.255095092988344,1.11118869971762,0.25609756097561,0.524921594982079,0.436444774570836,2470,"tags=34%, list=26%, signal=25%","Adrb2/Bcl2/Ank2/Nr3c2/Lrrc38/Fgf12/Cacng4/Fgf14/Akap9/Plcb1/Chp1/Shisa9/Kcne2/Wnk2/Nherf1/Chrm3/Stimate/Cacng2/Slc9a1/Fgf13/Asph/Slmap/Casq1/Ank3/Atp1b1/Dmd/Lrrc55/Slc6a9/Vmp1/Akap7/Crbn/Htt/Fmr1/Oprm1/Ephb2/Itgb1"
"GO:0045931","GO:0045931","positive regulation of mitotic cell cycle",85,0.263154820228563,1.10327718467228,0.256183745583039,0.524921594982079,0.436444774570836,1428,"tags=21%, list=15%, signal=18%","Meis2/Egfr/Cul4a/Tfdp1/Mad1l1/Mtbp/Crebbp/Plcb1/Fbxo5/Ankrd17/Prkca/Ddr2/Fgfr1/Rcc2/Abl1/Ube2e2/Cenpe/Kmt2e"
"GO:1990138","GO:1990138","neuron projection extension",139,0.240499992596649,1.09500976731597,0.25557461406518,0.524921594982079,0.436444774570836,1611,"tags=22%, list=17%, signal=19%","Robo1/Bcan/Prkn/Auts2/Alcam/Cdh4/Dscam/Smurf1/Ep300/Sema5a/Vcl/Ryk/Disc1/Adnp/Mgll/Raph1/St8sia2/Map2/Ptprs/Ttc3/Abl1/Sema3g/Bdnf/Syt1/Ngf/Afdn/Jade2/Clasp2/Rufy3/Bmpr2/Sema3f"
"GO:0051642","GO:0051642","centrosome localization",28,0.348648223835062,1.15840937477326,0.25673249551167,0.525490785703091,0.436918026801826,945,"tags=18%, list=10%, signal=16%","Syne2/Pard3/Bicd2/Akap9/Pard3b"
"GO:0009746","GO:0009746","response to hexose",135,0.241685694602947,1.09384901612694,0.257391304347826,0.526465618254703,0.437728548939416,864,"tags=16%, list=9%, signal=14%","Zbtb20/Acvr2b/Adcy5/Prkn/Tcf7l2/Epha5/Adcy8/Pde3b/Atg7/Lrp5/Srebf1/Foxo3/Ep300/Igf1r/Klf7/Ppp3ca/Rasal2/Stxbp4/Tra2b/Hif1a/Hmgn3"
"GO:1904427","GO:1904427","positive regulation of calcium ion transmembrane transport",52,0.293960596490738,1.11995820574883,0.258064516129032,0.52746850780732,0.43856239900178,1712,"tags=25%, list=18%, signal=21%","Adrb2/Cemip/Ank2/Adcyap1r1/Ppp3ca/Fgf14/Ntsr1/Abl1/Cacna1c/Stimate/Slc9a1/Asph/Casq1"
"GO:0070306","GO:0070306","lens fiber cell differentiation",26,0.360186677943533,1.16340492075572,0.258780036968577,0.527902460764652,0.438923208125366,1518,"tags=31%, list=16%, signal=26%","Six3/Spred1/Spred2/Fgfr3/Prox1/Abi2/Spry2/Fgfr2"
"GO:0045912","GO:0045912","negative regulation of carbohydrate metabolic process",37,-0.311687806064019,-1.13630119771815,0.258771929824561,0.527902460764652,0.438923208125366,693,"tags=24%, list=7%, signal=23%","Ppp2ca/Cox11/Sik1/Cry1/Cltc/Clk2/Kat2a/Inpp5k/Gfpt1"
"GO:0097530","GO:0097530","granulocyte migration",57,0.288628849615732,1.12388194554714,0.258928571428571,0.527902460764652,0.438923208125366,2164,"tags=32%, list=23%, signal=25%","Vav3/Pecam1/Tgfb2/Prex1/Ptk2/Cd74/Prkca/Cklf/Pawr/Gbf1/Dpp4/Jagn1/Mospd2/Tirap/Rac2/Emp2/Vegfa/Fcer1g"
"GO:0006893","GO:0006893","Golgi to plasma membrane transport",52,-0.280655708338699,-1.11657647527255,0.259009009009009,0.527902460764652,0.438923208125366,1572,"tags=29%, list=17%, signal=24%","Rack1/Llgl2/Arfrp1/Sec16a/Exoc8/Optn/Rab11fip3/Gga2/Nsf/Rab26/Atp2c1/Steap2/Vamp3/Gga3/Amn"
"GO:0048384","GO:0048384","retinoic acid receptor signaling pathway",20,0.383194227431053,1.18293348927532,0.261029411764706,0.528181977559607,0.439155611679971,1465,"tags=40%, list=15%, signal=34%","Esrrg/Rxra/Ctbp2/Dhrs3/Ezh2/Zfp536/Kmt2e/Thra"
"GO:0061003","GO:0061003","positive regulation of dendritic spine morphogenesis",28,0.347249640210074,1.1537624777813,0.26032315978456,0.528181977559607,0.439155611679971,1264,"tags=25%, list=13%, signal=22%","Kalrn/Lrp8/Il1rapl1/Stau2/Cux2/Cask/Afdn"
"GO:0001958","GO:0001958","endochondral ossification",25,0.357600505398264,1.14860795000595,0.260707635009311,0.528181977559607,0.439155611679971,1270,"tags=28%, list=13%, signal=24%","Smpd3/Csgalnact1/Fgf18/Ext1/Dlx5/Mef2d/Sik3"
"GO:0036075","GO:0036075","replacement ossification",25,0.357600505398264,1.14860795000595,0.260707635009311,0.528181977559607,0.439155611679971,1270,"tags=28%, list=13%, signal=24%","Smpd3/Csgalnact1/Fgf18/Ext1/Dlx5/Mef2d/Sik3"
"GO:0045069","GO:0045069","regulation of viral genome replication",42,-0.300839936270259,-1.14321029102617,0.261160714285714,0.528181977559607,0.439155611679971,2789,"tags=40%, list=29%, signal=29%","Rad23a/Tarbp2/Cnot7/Adarb1/Ppia/Ppih/Ltf/Eif2ak2/Hacd3/Stau1/Ddx3x/Trim28/Znfx1/Ddb1/Setdb1/Inpp5k/Ddx5"
"GO:0071806","GO:0071806","protein transmembrane transport",55,-0.281096304835687,-1.12631236187677,0.260969976905312,0.528181977559607,0.439155611679971,1510,"tags=36%, list=16%, signal=31%","Grpel1/Pex26/Chchd4/Bloc1s6/Sec61a1/Timm17a/Hspd1/Tomm7/Tomm70a/Dnlz/Hspa8/Romo1/Dnajc19/Sec61b/Ift20/Timm23/Pex12/Grpel2/Srp54c/Sec61g"
"GO:0060395","GO:0060395","SMAD protein signal transduction",41,0.309045279842901,1.1245997186732,0.260397830018083,0.528181977559607,0.439155611679971,545,"tags=17%, list=6%, signal=16%","Tgfb2/Zmiz1/Bmpr1a/Hipk2/Smad6/Magi2/Ski"
"GO:0051966","GO:0051966","regulation of synaptic transmission, glutamatergic",60,0.285821810209069,1.11907358660524,0.260714285714286,0.528181977559607,0.439155611679971,1521,"tags=22%, list=16%, signal=18%","Grm3/Prkn/Egfr/Nrxn1/Cacng4/Disc1/Cdh2/Syt1/Cnr1/Grm5/Tshz3/Cckbr/Cacng2"
"GO:0007193","GO:0007193","adenylate cyclase-inhibiting G protein-coupled receptor signaling pathway",46,0.300352928606234,1.11764364782075,0.260714285714286,0.528181977559607,0.439155611679971,360,"tags=11%, list=4%, signal=11%","Grm3/Chrm2/Adcy5/Gpr146/Gabbr2"
"GO:0048534","GO:0048534","hematopoietic or lymphoid organ development",70,0.274185966458091,1.10530275890567,0.26,0.528181977559607,0.439155611679971,1221,"tags=21%, list=13%, signal=19%","Bcl11b/Tox/Lrrc17/Rc3h1/Bcl2/Lrp5/Mad1l1/Fas/Nfatc3/Ptprc/Rbm15/Tet2/Mafb/Abl1/Lmo4"
"GO:0008203","GO:0008203","cholesterol metabolic process",83,0.263966844981162,1.10106340615539,0.259391771019678,0.528181977559607,0.439155611679971,1454,"tags=22%, list=15%, signal=19%","Lpcat3/Insig1/Qki/Srebf2/Gpr146/Scap/Pmp22/Lrp5/Srebf1/Apoa1/Lmf1/Disp3/Npc2/Tsku/Lss/Fdft1/Dhcr7/Cyp7b1"
"GO:0031341","GO:0031341","regulation of cell killing",23,0.37054124525216,1.16750691810974,0.261770244821092,0.528673239540637,0.439564070250957,1415,"tags=30%, list=15%, signal=26%","B2m/Tap1/Cadm1/Tap2/Ptprc/Spi1/Rasgrp1"
"GO:0043299","GO:0043299","leukocyte degranulation",32,-0.31972581273609,-1.13343764829368,0.261640798226164,0.528673239540637,0.439564070250957,1775,"tags=31%, list=19%, signal=25%","Rab27a/Snap23/Abr/Nr4a3/Milr1/Ywhaz/Stxbp1/Cplx2/Kit/Rabgef1"
"GO:0006360","GO:0006360","transcription by RNA polymerase I",59,-0.273083178891974,-1.11838576224418,0.262331838565022,0.52943668468966,0.440198834850371,2876,"tags=36%, list=30%, signal=25%","Nop53/Rasl11a/Taf1a/Polr1f/Pwp1/Dhx33/Polr2b/Nol11/Smarca5/Ippk/Ubtf/Sf3b1/Polr2l/Smarcb1/Polr1d/Gtf2h5/Polrmt/Polr2e/Ddx21/Rrn3/Polr2f"
"GO:0009156","GO:0009156","ribonucleoside monophosphate biosynthetic process",25,-0.353958408378194,-1.16516188280346,0.264516129032258,0.532842642192031,0.443030709874242,1160,"tags=24%, list=12%, signal=21%","Umps/Ampd3/Impdh2/Aprt/Hprt1/Gmps"
"GO:0042755","GO:0042755","eating behavior",27,-0.344160715642745,-1.16397895261863,0.264444444444444,0.532842642192031,0.443030709874242,2412,"tags=33%, list=25%, signal=25%","Sgip1/Oprk1/Uchl3/Cpt1a/Stat3/Uchl1/Cck/Npy5r/Oprl1"
"GO:0061053","GO:0061053","somite development",48,0.298022160694102,1.11904988359319,0.264758497316637,0.532842642192031,0.443030709874242,1849,"tags=31%, list=20%, signal=25%","Lfng/Bmpr1a/Lrp6/Ep300/Rbpj/Lef1/Cobl/Abi1/Rbbp6/Pofut1/Mthfd1/Atm/Axin2/Wnt4/Zeb2"
"GO:2001236","GO:2001236","regulation of extrinsic apoptotic signaling pathway",83,0.262823792994138,1.09629548647845,0.264758497316637,0.532842642192031,0.443030709874242,1041,"tags=19%, list=11%, signal=17%","Trps1/Bmpr1b/Tgfb2/Phip/Fyn/Tcf7l2/Bcl2/Yap1/Itprip/Wwox/Ptprc/Eya2/Sh3rf1/Fgfr1/Zmynd11/Brca1"
"GO:0044786","GO:0044786","cell cycle DNA replication",23,0.369396774520684,1.1639009025482,0.265536723163842,0.533314580696244,0.443423101987752,936,"tags=22%, list=10%, signal=20%","Dach1/Ino80/Atad5/Fbxo5/Fgfr1"
"GO:0032253","GO:0032253","dense core granule localization",21,0.373781434779285,1.16359654782642,0.265917602996255,0.533314580696244,0.443423101987752,2407,"tags=43%, list=25%, signal=32%","Syt10/Unc13c/Kif1b/Unc13d/Map2/Ppfia2/Rims1/Eipr1/Kif5b"
"GO:0045646","GO:0045646","regulation of erythrocyte differentiation",35,0.326599272345355,1.1440649492225,0.265682656826568,0.533314580696244,0.443423101987752,1231,"tags=26%, list=13%, signal=22%","B2m/Cdk6/Foxo3/Brd1/Rbfox2/Hif1a/Mafb/P4htm/Spi1"
"GO:0046676","GO:0046676","negative regulation of insulin secretion",39,0.314610904082524,1.13438024900534,0.265822784810127,0.533314580696244,0.443423101987752,847,"tags=21%, list=9%, signal=19%","Prkn/Pde3b/Foxo1/Srebf1/Klf7/Ppp3ca/Rest/Mtnr1b"
"GO:0002263","GO:0002263","cell activation involved in immune response",129,0.241105594222171,1.08741275348779,0.26541095890411,0.533314580696244,0.443423101987752,1484,"tags=22%, list=16%, signal=19%","Rora/Lfng/Gab2/Rc3h1/Shld2/Ep300/Atad5/Lef1/Rif1/Ptprc/Unc13d/Bcr/Cd74/St3gal1/Brd2/Kmt5b/Phf14/Tfrc/Abl1/Ifi35/Mfng/Swap70/Grn/Spi1/Paxip1/Gbf1/Irf8/Rasgrp1/Socs5"
"GO:0071621","GO:0071621","granulocyte chemotaxis",45,0.301881584662125,1.11821027428918,0.26654740608229,0.534206198152414,0.444164435138039,1783,"tags=27%, list=19%, signal=22%","Vav3/Tgfb2/Prex1/Ptk2/Cd74/Prkca/Cklf/Gbf1/Dpp4/Mospd2/Tirap/Rac2"
"GO:0070873","GO:0070873","regulation of glycogen metabolic process",25,-0.351963272637422,-1.1585942859866,0.268817204301075,0.535776653216518,0.445470186154912,65,"tags=20%, list=1%, signal=20%","Phkg1/Irs2/Inpp5k/Gfpt1/Esrrb"
"GO:0044060","GO:0044060","regulation of endocrine process",25,-0.351215882559217,-1.15613402396118,0.268817204301075,0.535776653216518,0.445470186154912,403,"tags=16%, list=4%, signal=15%","Cry1/Crhr2/Tac1/Cyp19a1"
"GO:1904707","GO:1904707","positive regulation of vascular associated smooth muscle cell proliferation",33,0.331209885080343,1.14863503510923,0.268738574040219,0.535776653216518,0.445470186154912,2111,"tags=36%, list=22%, signal=28%","Ppargc1a/Bmpr1a/Calcrl/Ddr2/Igfbp5/Mef2d/Map3k7/Fgf9/Fgfr2/Mmp2/Foxj2/Frs2"
"GO:0014911","GO:0014911","positive regulation of smooth muscle cell migration",42,-0.298701512224195,-1.13508414791384,0.267857142857143,0.535776653216518,0.445470186154912,1105,"tags=21%, list=12%, signal=19%","Rps6kb1/Nr4a3/Ssh1/Egr1/Has2/Dock7/Tmsb4x/Nrp1/Lrp1"
"GO:0006094","GO:0006094","gluconeogenesis",56,-0.277350119742919,-1.12105721854272,0.26879271070615,0.535776653216518,0.445470186154912,1155,"tags=23%, list=12%, signal=21%","Gapdh/Eno2/Eno1/Ogt/Gpi1/Slc37a4/Sik1/Ddb1/Pgam1/Cry1/Mdh1/Clk2/Kat2a"
"GO:0097300","GO:0097300","programmed necrotic cell death",33,-0.313824875209861,-1.11936788402409,0.268131868131868,0.535776653216518,0.445470186154912,2053,"tags=30%, list=22%, signal=24%","Mapk8/Fadd/Atg9b/Traf2/Cyld/Asah1/Map3k5/Pgam5/Dnm1l/Bok"
"GO:1901879","GO:1901879","regulation of protein depolymerization",68,0.275432855207387,1.11185190516565,0.267730496453901,0.535776653216518,0.445470186154912,1190,"tags=25%, list=13%, signal=22%","Cib1/Carmil1/Sema5a/Mid1ip1/Taok1/Clasp1/Atxn7/Nav3/Ttbk2/Add3/Diaph3/Map2/Sptb/Eps8/Svil/Camsap2/Swap70"
"GO:0060997","GO:0060997","dendritic spine morphogenesis",65,0.277997255808866,1.10792938162072,0.268817204301075,0.535776653216518,0.445470186154912,1668,"tags=25%, list=18%, signal=20%","Kalrn/Ctnnd2/Lrp8/Epha5/Il1rapl1/Epha4/Wnt7a/Stau2/Abi2/Cux2/Cask/Afdn/Wasl/Dip2a/Ppfia2/Ube3a"
"GO:0000266","GO:0000266","mitochondrial fission",35,0.326010394282357,1.14200213154871,0.269372693726937,0.535905718027062,0.445577496775549,1496,"tags=29%, list=16%, signal=24%","Prkn/Tmem135/Spire1/Ppargc1a/Stat2/Cox10/Mtfr2/Ralbp1/Mtch2/Marchf5"
"GO:0051149","GO:0051149","positive regulation of muscle cell differentiation",43,0.301913369558804,1.11116402772895,0.269439421338156,0.535905718027062,0.445577496775549,1292,"tags=28%, list=14%, signal=24%","Prkd1/Bcl2/Rbm24/Setd3/Pias1/Ep300/Nr3c1/Prox1/Efnb2/Myocd/Epc1/Tshz3"
"GO:0046651","GO:0046651","lymphocyte proliferation",127,0.240178711860935,1.07599619001491,0.269097222222222,0.535905718027062,0.445577496775549,2064,"tags=30%, list=22%, signal=24%","Vav3/Rc3h1/Fyn/Bcl2/Mad1l1/Alkbh5/Atad5/Igfbp2/Ppp3ca/Lef1/Efnb1/Ptprc/Nck2/Cd74/Sh3rf1/Tfrc/Pde5a/Abl1/Pawr/Itch/Rasgrp1/Tgfbr2/Atm/Scrib/Zfp335/Prkcd/Gpam/Adk/Marchf7/Tirap/Rac2/Tacr1/Irf1/Wnt4/Cblb/Laptm5/Emp2/Prkcq"
"GO:0021675","GO:0021675","nerve development",62,0.280209953250302,1.10786861461284,0.269982238010657,0.53661528216591,0.446167462141011,2686,"tags=45%, list=28%, signal=33%","Kcnc1/Chd7/Kcnc2/Gli3/Epha4/Gabrb2/Ext1/Lrig1/Tcirg1/Fgfr3/Mafb/Bdnf/Ngf/Large1/Scn8a/Sema3f/Ret/Nav2/Dmd/Sema3a/Kcnq2/Kcnq3/Ntf3/Ephb2/Dicer1/Ephb1/Plxna1/Hes1"
"GO:0048265","GO:0048265","response to pain",27,-0.339475398755772,-1.14813283772258,0.271111111111111,0.537099774146406,0.446570291811633,1282,"tags=26%, list=14%, signal=22%","Comt/Kcnip3/Adam11/Reln/Slc6a2/Scn3a/Tac1"
"GO:0099084","GO:0099084","postsynaptic specialization organization",55,0.288193798043895,1.1176158363722,0.270650263620387,0.537099774146406,0.446570291811633,1189,"tags=22%, list=13%, signal=19%","Nrxn3/Adgrl3/Cadm1/Myo9a/Grid2/Nrxn1/Lats1/Arf6/Fgfr1/Ptprs/Abl1/Cdh2"
"GO:0070252","GO:0070252","actin-mediated cell contraction",58,0.284850532059734,1.10835602213471,0.270609318996416,0.537099774146406,0.446570291811633,2096,"tags=31%, list=22%, signal=24%","Qki/Pard3/Ank2/Myl6/Rock1/Akap9/Uty/Kcne2/Sgcd/Cacna1c/Slc9a1/Fgf13/Cacna2d1/Luzp1/Zeb2/Dbn1/Emp2/Gsn"
"GO:0007249","GO:0007249","canonical NF-kappaB signal transduction",139,0.238616213901764,1.08643281873444,0.271012006861063,0.537099774146406,0.446570291811633,2535,"tags=37%, list=27%, signal=27%","Rora/Prkn/Prkd1/Lims1/Btrc/Ep300/Rassf2/Rock1/Otud7b/Irak2/Crebbp/Cd74/Ankrd17/Trim8/Dab2ip/Zmynd11/Tank/Tfrc/Abl1/Akap13/Mid2/Trim25/Ube2i/Eda/Map3k7/Chuk/Tab3/Erc1/Nfat5/Card9/Map2k5/Prkce/Tirap/Irf1/Rel/Tab2/Nkiras2/Usp25/Angpt1/Tnfrsf19/Jmjd8/Tspan6/Agt/Trim62/Myo18a/Traf4/Map3k3/Stat1/Tnip1/Zc3hav1/Rock2"
"GO:0030307","GO:0030307","positive regulation of cell growth",130,0.240559984398161,1.08385769357423,0.271157167530225,0.537099774146406,0.446570291811633,1776,"tags=26%, list=19%, signal=22%","Prkn/Tgfb2/Cdh4/Bcl2/Dscam/Egfr/Yap1/Smurf1/Cib1/Ep300/Ptk2/Sema5a/Ino80/Pum2/Disc1/Nr3c1/Adnp/Bdnf/Syt1/Ngf/Mfsd2a/Afdn/Ncoa3/Lgi1/Hbegf/Mapkap1/Rufy3/Slc9a1/Ist1/Bmpr2/Tead1/Map2k5/Dcx/Mtor"
"GO:0045920","GO:0045920","negative regulation of exocytosis",22,0.366956035518047,1.15479754050643,0.271535580524345,0.537480174490192,0.446886574745842,1231,"tags=27%, list=13%, signal=24%","Prkn/Il1rapl1/Atp9a/Rest/Bcr/Spi1"
"GO:1904754","GO:1904754","positive regulation of vascular associated smooth muscle cell migration",23,-0.360796878865566,-1.15849642631551,0.271762208067941,0.537559813489671,0.446952790396916,1004,"tags=22%, list=11%, signal=19%","Nr4a3/Ssh1/Dock7/Nrp1/Lrp1"
"GO:0015748","GO:0015748","organophosphate ester transport",99,-0.240380408784527,-1.08212788921213,0.272522522522523,0.538694280298118,0.447896040046395,2172,"tags=27%, list=23%, signal=21%","Scarb2/Pitpna/Prelid3b/Shoc2/Slc35c2/Atg9b/Abcc5/Osbpl2/Tmem30a/Lrrc8b/Slc35b4/Slc25a25/Slc25a17/Slc35a1/Slc25a5/Pctp/Pitpnm3/Dbi/Prelid3a/Tnfaip8l3/Slc37a4/Abcc1/Vdac2/Calhm2/Slc25a36/Scp2/Esyt1"
"GO:0015850","GO:0015850","organic hydroxy compound transport",154,-0.225255346006555,-1.08081982421744,0.272727272727273,0.538729763387298,0.447925542373992,2712,"tags=30%, list=29%, signal=22%","Shh/Soat1/Ptger3/Rab3b/Tspo/Slc18b1/Chrna4/Nat8l/Tor1a/Myb/Snca/Rtn4/Oprk1/Gramd1c/Park7/Stx12/Wnk4/Osbpl2/Vps53/Serac1/Nisch/Ptpn11/Htr1b/Selenom/Aqp1/Rab3a/Abat/Comt/Vps51/Prkcb/Flvcr1/Lipc/Tpcn2/Vps4b/Chrm5/Crhr2/Tmem97/Slc6a2/Sdhd/Tac1/Ptgs1/Stx1a/Cyp19a1/Scp2/Abca5/Lrp1"
"GO:0051289","GO:0051289","protein homotetramerization",39,-0.304016548527813,-1.12566067003633,0.273942093541203,0.540759067606317,0.449612802396959,1960,"tags=46%, list=21%, signal=37%","Aldh1a2/Cth/Tdo2/Cryz/Osbpl2/Usp16/Cbr4/Kcnt1/Cby1/Ssbp1/Pkm/Golga2/Dnm1/Hprt1/Ryr1/Thg1l/Sod2/Aldh9a1"
"GO:0051928","GO:0051928","positive regulation of calcium ion transport",70,0.271116170804082,1.09292775062394,0.274545454545455,0.541579405546574,0.45029487036831,1712,"tags=23%, list=18%, signal=19%","Adrb2/Cemip/Ank2/Adcyap1r1/Ppp3ca/Fgf14/Ntsr1/Abl1/Pdgfrb/Cask/Trpc4/Cacna1c/Stimate/Slc9a1/Asph/Casq1"
"GO:0008202","GO:0008202","steroid metabolic process",155,0.237927260984788,1.09273859908408,0.274914089347079,0.541935908186587,0.450591283615243,1385,"tags=20%, list=15%, signal=17%","Lpcat3/Rora/Insig1/Qki/Bmpr1b/Ppargc1a/Srebf2/Gpr146/Scap/Pmp22/Lrp5/Srebf1/Igf1r/Clcn2/Prkg1/Rest/Faxdc2/Nr3c1/Hsd3b4/Apoa1/Fgfr1/Lmf1/Lrp2/Prox1/Sts/Disp3/Npc2/Tsku/Lss/Fdft1/Dhcr7"
"GO:0006826","GO:0006826","iron ion transport",29,-0.333298508004368,-1.14401911440558,0.275395033860045,0.542513167795335,0.45107124470318,2549,"tags=45%, list=27%, signal=33%","Slc48a1/Sfxn1/Slc41a2/Ltf/Abcc5/Snx3/Heph/Meltf/Flvcr1/Steap2/Lmtk2/Cltc/Cp"
"GO:0014909","GO:0014909","smooth muscle cell migration",71,0.271334718057298,1.0971527512601,0.275862068965517,0.542934960661493,0.451421943348741,1446,"tags=28%, list=15%, signal=24%","Tafa5/Ppargc1a/Bcl2/Bmpr1a/Hdac4/Gna12/Ptk2/Pdgfd/Plat/Prkg1/Grb10/Ddr2/Igfbp5/Gna13/Myocd/Pdgfrb/Dock5/Dock4/Map3k7/Fgf9"
"GO:0032412","GO:0032412","regulation of monoatomic ion transmembrane transporter activity",102,0.253893708097853,1.09243841458794,0.275985663082437,0.542934960661493,0.451421943348741,2470,"tags=34%, list=26%, signal=26%","Adrb2/Ank2/Nr3c2/Lrrc38/Fgf12/Cacng4/Fgf14/Akap9/Plcb1/Chp1/Shisa9/Kcne2/Wnk2/Nherf1/Chrm3/Stimate/Cacng2/Slc9a1/Fgf13/Asph/Slmap/Casq1/Ank3/Atp1b1/Dmd/Lrrc55/Slc6a9/Vmp1/Akap7/Crbn/Htt/Fmr1/Oprm1/Ephb2/Itgb1"
"GO:0006282","GO:0006282","regulation of DNA repair",149,0.235167173325678,1.08205361918534,0.276271186440678,0.543126177024482,0.451580929725444,1391,"tags=19%, list=15%, signal=17%","Arid1a/Spire1/Egfr/Mgmt/Arid2/Cul4a/Shld2/Ino80/Ppp4r3a/Rif1/Pbrm1/Fam168a/Crebbp/Atxn7/Eya2/Taf5/Kmt5b/Actl6a/Dpf3/Brca1/Spidr/Abl1/Tmem161a/Smarcd2/Polq/Epc1/Smchd1/Ing3/Ercc6"
"GO:0010719","GO:0010719","negative regulation of epithelial to mesenchymal transition",22,0.363403214237749,1.1436169388015,0.277153558052434,0.543765177911519,0.452112225448004,1288,"tags=32%, list=14%, signal=28%","Tgfb2/Spred1/Epha4/Spred2/Dab2ip/Pawr/Spry2"
"GO:0048708","GO:0048708","astrocyte differentiation",62,0.279485454177224,1.10500415610568,0.27708703374778,0.543765177911519,0.452112225448004,1352,"tags=24%, list=14%, signal=21%","Dab1/Qki/Egfr/Epha4/Vax1/Nr3c1/Pou3f2/Sox9/Fgfr3/Vps54/Abl1/Grn/Pax6/Large1/Gpr37l1"
"GO:0062014","GO:0062014","negative regulation of small molecule metabolic process",71,-0.259647950037686,-1.10462154062945,0.277161862527716,0.543765177911519,0.452112225448004,977,"tags=21%, list=10%, signal=19%","Wdtc1/Acadl/Dbi/Rd3/Ppp2ca/Sod1/Ubr4/Sik1/Oaz1/Cry1/Idi2/Isyna1/Klhl25/Clk2/Kat2a"
"GO:1901605","GO:1901605","alpha-amino acid metabolic process",126,-0.232731946668929,-1.08731717511478,0.277511961722488,0.544081915436883,0.452375576087751,2715,"tags=40%, list=29%, signal=29%","Tdh/P4ha2/Cth/Mthfd2l/Ahcyl/Fh1/Cps1/Tdo2/Bloc1s6/Scly/Hibch/Nat8l/Mthfr/Txnrd1/Adss2/Mccc1/Dlst/Got1/Park7/Aldh6a1/Nos2/Arg2/Enoph1/Pcbd2/Nox4/Asns/Acat1/Ero1b/Asl/Asrgl1/Spr/Pycr1/Pcmt1/Gclc/Mpst/Comt/Cyp2d22/Gcat/Aldh5a1/P4ha1/Oat/P4hb/Got2/Odc1/Glul/Blmh/Oaz1/Qdpr/Aadat/Nit2/Azin1"
"GO:0071805","GO:0071805","potassium ion transmembrane transport",118,0.242861076851238,1.07913397901511,0.277972027972028,0.544613674369109,0.452817705749628,2271,"tags=28%, list=24%, signal=22%","Kcnk3/Kcng2/Kcnc1/Kcnc2/Ank2/Wnk1/Kcnj12/Nr3c2/Lrrc38/Kcnd2/Akap9/Kcne2/Nalcn/Slc24a3/Wnk2/Dpp6/Kcnq5/Large1/Slc9a1/Dpp10/Ank3/Kcnip1/Atp1b1/Lrrc55/Ano6/Kcnh7/Mcoln1/Akap7/Kcnq2/Kcnq3/Crbn/Slc12a4/Kcnf1"
"GO:1900151","GO:1900151","regulation of nuclear-transcribed mRNA catabolic process, deadenylation-dependent decay",20,0.376353064529204,1.16181458892957,0.279411764705882,0.5460386696305,0.454002514569778,1396,"tags=35%, list=15%, signal=30%","Rc3h1/Tnrc6b/Igf2bp1/Cpeb3/Tnrc6a/Tnrc6c/Tent4a"
"GO:0050922","GO:0050922","negative regulation of chemotaxis",20,0.375513281063332,1.15922214907947,0.279411764705882,0.5460386696305,0.454002514569778,1620,"tags=35%, list=17%, signal=29%","Robo1/Robo2/Sema5a/Ryk/Dpp4/Sema3f/Angpt2"
"GO:0042461","GO:0042461","photoreceptor cell development",30,0.33540281370689,1.134116388126,0.279569892473118,0.5460386696305,0.454002514569778,2068,"tags=33%, list=22%, signal=26%","Ush1c/Rpgrip1l/Alms1/Mfsd2a/Pax6/Dzank1/Cep290/Olfm3/Rpgr/Vegfa"
"GO:0001881","GO:0001881","receptor recycling",40,-0.299468446259151,-1.11533288902144,0.279017857142857,0.5460386696305,0.454002514569778,1374,"tags=32%, list=15%, signal=28%","Eps15/Snca/Ehd3/Nsg1/Sorl1/Optn/Ctsd/Nsf/Ap1ar/Vamp3/Pex12/Chmp5/Lmtk2"
"GO:0001678","GO:0001678","intracellular glucose homeostasis",115,0.245766415848086,1.08517403215667,0.279646017699115,0.5460386696305,0.454002514569778,1685,"tags=23%, list=18%, signal=19%","Zbtb20/Adcy5/Prkn/Tcf7l2/Epha5/Adcy8/Pde3b/Atg7/Lrp5/Foxo3/Igf1r/Klf7/Ppp3ca/Stxbp4/Tra2b/Hif1a/Hmgn3/Alms1/Foxk2/Pax6/Tjp1/Gclm/Map4k4/Foxk1/Jagn1/Prkce"
"GO:0030520","GO:0030520","estrogen receptor signaling pathway",35,-0.310451152202411,-1.12377340768941,0.280434782608696,0.546887070325554,0.454707915249877,1296,"tags=29%, list=14%, signal=25%","Phb2/Kmt2d/Uba5/Vps18/Taf7/Ufm1/Ufsp2/Vps11/Wbp2/Ddx5"
"GO:0070050","GO:0070050","neuron cellular homeostasis",51,-0.281199624397648,-1.11380074680437,0.280459770114943,0.546887070325554,0.454707915249877,980,"tags=20%, list=10%, signal=18%","Slc9a6/Atp6v1c1/Atp6v0d1/Atp6v1g1/Atp6v1e1/Chmp2b/Atp6v1a/Immt/Atp6v1b2/Sv2b"
"GO:0021799","GO:0021799","cerebral cortex radially oriented cell migration",34,0.326495762719508,1.13944340544975,0.28125,0.548057432432432,0.455681009957326,982,"tags=24%, list=10%, signal=21%","Dab1/Lrp8/Zmiz1/Syne2/Gli3/Disc1/Pou3f2/Dab2ip"
"GO:0032368","GO:0032368","regulation of lipid transport",79,-0.251995358435757,-1.08874365082057,0.28246013667426,0.55004391233529,0.457332663807501,1302,"tags=16%, list=14%, signal=14%","Pla2r1/Sar1b/Irs2/Dbi/Mif/Cry1/Atp5pf/Tmem97/Tac1/Cyp19a1/Scp2/Abca5/Lrp1"
"GO:0014910","GO:0014910","regulation of smooth muscle cell migration",65,0.274980915598325,1.09590806891208,0.283154121863799,0.551023270887447,0.458146949077161,1446,"tags=28%, list=15%, signal=24%","Tafa5/Ppargc1a/Bcl2/Bmpr1a/Hdac4/Gna12/Ptk2/Pdgfd/Prkg1/Ddr2/Igfbp5/Gna13/Myocd/Pdgfrb/Dock5/Dock4/Map3k7/Fgf9"
"GO:0042542","GO:0042542","response to hydrogen peroxide",65,-0.267307505254509,-1.1119464219549,0.283783783783784,0.551498727108483,0.458542265987709,2462,"tags=37%, list=26%, signal=28%","Oser1/Ptk2b/Capn2/Akr1b1/Park7/Sirt6/Mapk8/Ppp1r15b/Aqp1/Map1lc3a/Hspa8/Map3k5/Col1a1/Net1/Nr4a3/Ppp2cb/Casp3/Sod1/Rnf146/Pcna/mt-Nd6/Sod2/Bnip3/Rhob"
"GO:0044380","GO:0044380","protein localization to cytoskeleton",49,0.29248838649788,1.11008377096161,0.28397212543554,0.551498727108483,0.458542265987709,1657,"tags=29%, list=17%, signal=24%","Filip1/Bicd1/Cep250/Disc1/Ttbk2/Abl1/Mid2/Dctn2/Kif20b/Abhd17a/Klhl21/Stk3/Cttnbp2nl/Luzp1"
"GO:0070374","GO:0070374","positive regulation of ERK1 and ERK2 cascade",113,0.247084357984277,1.08592139651712,0.283928571428571,0.551498727108483,0.458542265987709,1562,"tags=23%, list=16%, signal=19%","Dennd2b/Necab2/Erbb4/Garem1/Egfr/Calcr/Nrxn1/Cib1/Fgf18/Sstr4/Pdgfd/Ptprc/Cd74/Prkca/Fgfr3/Mfhas1/Ddr2/Pde8a/Abl1/Ngf/Pdgfrb/Spry2/Egf/Rasgrp1/Fgfr2/Card9"
"GO:0006643","GO:0006643","membrane lipid metabolic process",120,0.242743895814088,1.07519719593621,0.284452296819788,0.552059504729656,0.459008523167442,2213,"tags=28%, list=23%, signal=21%","Smpd3/Elovl5/Elovl2/Sgms1/Sptlc3/Atg7/Enpp2/St8sia1/Fut9/B3galt1/St6galnac3/Sptlc2/Elovl6/St3gal1/St8sia2/Smpdl3b/Vps54/Agk/St6galnac6/Agmo/Prkcd/Pla2g15/Pigs/St3gal3/Pigq/Smpd2/Acer3/Mppe1/Cers6/Arv1/Pemt/Plpp3/Eed"
"GO:0009064","GO:0009064","glutamine family amino acid metabolic process",43,-0.293153975077478,-1.12088442669764,0.285077951002227,0.552901688426646,0.459708754739726,2505,"tags=40%, list=26%, signal=29%","Cps1/Bloc1s6/Got1/Nos2/Arg2/Asl/Asrgl1/Pycr1/Gclc/Aldh5a1/Oat/Got2/Odc1/Glul/Aadat/Nit2/Azin1"
"GO:0045137","GO:0045137","development of primary sexual characteristics",138,0.236754296598126,1.07908261792529,0.286201022146508,0.554706819805462,0.461209626803724,818,"tags=14%, list=9%, signal=13%","Lfng/Dach2/Six3/Dach1/Bmpr1b/Tgfb2/Bcl2/Fndc3a/Nr2f2/Zfx/Foxo3/Rad21l/Arid4b/Atn1/Runx1/Akap9/Sox9/Ago4/Nrip1"
"GO:0045576","GO:0045576","mast cell activation",28,-0.337461109955472,-1.14400912670945,0.287640449438202,0.556807943366737,0.462956600842918,1004,"tags=25%, list=11%, signal=22%","Nr4a3/Milr1/Ywhaz/Stxbp1/Cplx2/Kit/Rabgef1"
"GO:0032890","GO:0032890","regulation of organic acid transport",53,-0.274177199816762,-1.09217056972878,0.287671232876712,0.556807943366737,0.462956600842918,2210,"tags=32%, list=23%, signal=25%","Snca/Fabp3/Rgs4/Arg2/Rgs2/Htr1b/Arl6ip5/Abat/Pla2r1/Cck/Irs2/Mif/Npy5r/Arl6ip1/Stxbp1/Atp5pf/Sv2a"
"GO:0021761","GO:0021761","limbic system development",93,-0.241069169455374,-1.07696207815811,0.289237668161435,0.559464409777048,0.465165313333862,1657,"tags=27%, list=17%, signal=22%","Cdk5r2/Id4/Ubb/Neurod1/Ywhae/Pianp/Dlx1/Pomgnt1/Nr4a3/Crkl/Uqcrq/Cdk5r1/Nf1/Reln/Fxr1/Casp3/Ctnnb1/Pafah1b1/Eif2b5/Zbtb18/Nrp2/Nhlh2/Nrp1/Neurod6/Sema3e"
"GO:0090279","GO:0090279","regulation of calcium ion import",27,0.343654774393833,1.13295233275413,0.289855072463768,0.560010234338948,0.465619137829084,1309,"tags=26%, list=14%, signal=22%","Adrb2/Fyn/Ppp3ca/Pdgfrb/Pawr/Cask/Egf"
"GO:0006486","GO:0006486","protein glycosylation",156,0.235739728293426,1.08528791865473,0.290102389078498,0.560010234338948,0.465619137829084,1374,"tags=20%, list=15%, signal=17%","Galnt16/Man1a/Tmtc4/Mgat4c/St8sia1/Fut9/B3galt1/St6galnac3/B3galnt2/Galnt9/Man1a2/Ext1/Crppa/Galntl6/St3gal1/Chp1/Alg11/B4galt7/Fut8/St8sia2/Lmf1/Galnt1/Tet2/Dhdds/Mgat4b/Tet1/St6galnac6/Large1/Pofut1/Tmtc2/Trip11"
"GO:0043413","GO:0043413","macromolecule glycosylation",156,0.235739728293426,1.08528791865473,0.290102389078498,0.560010234338948,0.465619137829084,1374,"tags=20%, list=15%, signal=17%","Galnt16/Man1a/Tmtc4/Mgat4c/St8sia1/Fut9/B3galt1/St6galnac3/B3galnt2/Galnt9/Man1a2/Ext1/Crppa/Galntl6/St3gal1/Chp1/Alg11/B4galt7/Fut8/St8sia2/Lmf1/Galnt1/Tet2/Dhdds/Mgat4b/Tet1/St6galnac6/Large1/Pofut1/Tmtc2/Trip11"
"GO:0030199","GO:0030199","collagen fibril organization",36,0.317316040216678,1.11772079385238,0.29182156133829,0.562952095585036,0.468065141157278,915,"tags=19%, list=10%, signal=18%","Col11a1/Col5a1/Tgfb2/Mkx/Ext1/Antxr2/Ddr2"
"GO:1903051","GO:1903051","negative regulation of proteolysis involved in protein catabolic process",53,-0.272953033817432,-1.08729416834375,0.292237442922374,0.563377530339658,0.468418867842083,1078,"tags=19%, list=11%, signal=17%","Ogt/Ubxn2a/Alad/Rpl23/Rpl5/Sgta/Usp19/Ufsp2/Gipc1/Gabarapl2"
"GO:0071356","GO:0071356","cellular response to tumor necrosis factor",94,-0.24087411982141,-1.0766454544795,0.292792792792793,0.564071085113169,0.468995522259946,1951,"tags=27%, list=21%, signal=21%","Actr3/Npnt/Traf2/Cyld/Nkiras1/Gfer/Rack1/Zfp36l1/Asah1/Map3k5/Col1a1/Cactin/Ppp2cb/Trim32/Ilk/Commd7/Prpf8/Acod1/Has2/Fos/Kat2a/Inpp5k/Adamts7/Tmsb4x/Actn4"
"GO:0042306","GO:0042306","regulation of protein import into nucleus",52,0.287205371638405,1.09422152676748,0.293906810035842,0.565839279134425,0.470465682848464,2244,"tags=33%, list=24%, signal=25%","Prkd1/Gli3/Ep300/Epm2a/Ptpn5/Chp1/Brca1/Prkcd/Mdfic/Bag3/Tardbp/Apod/Angpt1/Prkcq/Cabp1/Ubr5/Fermt1"
"GO:0009988","GO:0009988","cell-cell recognition",25,-0.341478706993208,-1.12408114558018,0.294623655913978,0.566717299578059,0.471195710795977,1098,"tags=40%, list=12%, signal=35%","Cct5/Dlg1/Msn/Ubap2l/Cct2/Cd81/Cct4/Glipr1l1/Vdac2/Cct8"
"GO:0046470","GO:0046470","phosphatidylcholine metabolic process",39,0.308775682987649,1.11334042021139,0.294755877034358,0.566717299578059,0.471195710795977,2432,"tags=41%, list=26%, signal=31%","Lpcat3/Slc27a1/Enpp2/Chka/Apoa1/Pnpla7/Mfsd2a/Abhd3/Pla2g15/Nr1h3/Pon1/Mboat1/Pemt/Acsl3/Lpcat1/Mboat2"
"GO:0099072","GO:0099072","regulation of postsynaptic membrane neurotransmitter receptor levels",131,0.238295191241175,1.07408486693556,0.295336787564767,0.567198537543163,0.471595834923471,2034,"tags=27%, list=21%, signal=22%","Nrxn3/Erbb4/Kalrn/Ctnnd2/Prkn/Igsf11/Magi2/Grid2/Cacng4/Tspan7/Shroom4/Grid1/Gphn/Grip1/Tnik/Gpc4/Eps8/Tfrc/Ppfia1/Efnb2/Rabep1/Gpc6/Lrrc7/Lgi1/Dlg2/Scrib/Ap3m1/Cacng2/Dlg3/Myo6/Iqsec1/Sirt2/Rnf216/Cblb/Numb/Dnm3"
"GO:0001819","GO:0001819","positive regulation of cytokine production",195,-0.215903504315494,-1.06486451986101,0.295399515738499,0.567198537543163,0.471595834923471,2429,"tags=31%, list=26%, signal=24%","Selenok/Prkcz/Myb/Dhx33/Rtn4/Adcyap1/Mapkapk2/Bsg/Park7/Nos2/Sema7a/Fadd/Eif2ak2/Tbc1d23/Sulf1/Sulf2/Stat3/Cd226/Traf2/Ptpn11/Il17d/Hspd1/Rad21/Rab1a/Lrrk2/Ddx3x/Tomm70a/Il17ra/Sorl1/Pla2r1/Tbk1/Hmgb2/Cebpg/Optn/Abcc8/Gapdh/Stmp1/Cd81/Nr4a3/Nras/Arhgef2/Kpna6/Trim32/Flt4/Ddx1/Adra2a/Mif/Icosl/Egr1/Sod1/G3bp1/Ddx21/Cebpb/Crhr2/Riok3/Gprc5b/Kit/Htr2b/Kat2a/Lrp1/Hgf"
"GO:0003401","GO:0003401","axis elongation",22,0.358561891742633,1.12838146978335,0.295880149812734,0.567743414544195,0.472048871571529,1518,"tags=36%, list=16%, signal=31%","Yap1/Lrp6/Sox9/Nkd1/Spry2/Vangl2/Rdh10/Fgfr2"
"GO:0002444","GO:0002444","myeloid leukocyte mediated immunity",41,-0.295817132727851,-1.11515250330689,0.296213808463252,0.568005733781927,0.4722669762593,1004,"tags=22%, list=11%, signal=20%","Nr4a3/Ddx1/Milr1/Ddx21/Ywhaz/Stxbp1/Cplx2/Kit/Rabgef1"
"GO:0046530","GO:0046530","photoreceptor cell differentiation",46,0.294228684514719,1.09485471568566,0.296428571428571,0.568039867109635,0.472295356331027,2068,"tags=28%, list=22%, signal=22%","Dscam/Ush1c/Rpgrip1l/Sox9/Alms1/Sdk2/Mfsd2a/Pax6/Dzank1/Cep290/Olfm3/Rpgr/Vegfa"
"GO:0045913","GO:0045913","positive regulation of carbohydrate metabolic process",58,0.279004635378648,1.08560958475084,0.297491039426523,0.569186560565871,0.473248771796866,1309,"tags=21%, list=14%, signal=18%","Zbtb20/Phka1/Tcf7l2/Foxo1/Adcyap1r1/Ppp4r3a/Ntsr1/Hif1a/Slc4a4/Ppara/Phkb/Egf"
"GO:0032409","GO:0032409","regulation of transporter activity",115,0.243476782057985,1.07506422474628,0.297345132743363,0.569186560565871,0.473248771796866,2267,"tags=30%, list=24%, signal=23%","Adrb2/Bcl2/Ank2/Nr3c2/Lrrc38/Fgf12/Cacng4/Fgf14/Akap9/Plcb1/Chp1/Shisa9/Kcne2/Wnk2/Nherf1/Chrm3/Stimate/Cacng2/Prkcd/Slc9a1/Fgf13/Cttnbp2nl/Asph/Slmap/Casq1/Ank3/Atp1b1/Dmd/Lrrc55/Slc6a9/Vmp1/Akap7/Crbn/Htt/Fmr1"
"GO:0001933","GO:0001933","negative regulation of protein phosphorylation",193,0.225664300643807,1.06816009415117,0.297619047619048,0.569186560565871,0.473248771796866,1602,"tags=22%, list=17%, signal=18%","Pecam1/Prkn/Garem1/Cadm1/Ppargc1a/Pard3/Prex1/Spred1/Prex2/Nr2f2/Cib1/Slc8a1/Lrp6/Rassf2/Adar/Epm2a/Lats1/Ptprc/Nck2/Spred2/Hipk3/Chp1/Itgb1bp1/Prkca/Cd109/Dab2ip/Abl1/Cdkn2c/Fem1a/Myocd/Pax6/Spry2/Smyd3/Ptpro/Ctdspl/Parp14/Socs5/Zfyve28/Ctdsp1/Prkcd/Cep85/Ptprt"
"GO:0099601","GO:0099601","regulation of neurotransmitter receptor activity",24,0.351535555751651,1.12213510295049,0.298148148148148,0.569554242271256,0.473554479850325,1521,"tags=25%, list=16%, signal=21%","Lrp8/Adrb2/Cacng4/Shisa9/Begain/Cacng2"
"GO:0051262","GO:0051262","protein tetramerization",59,-0.26584412429926,-1.08873891390497,0.298206278026906,0.569554242271256,0.473554479850325,2755,"tags=46%, list=29%, signal=33%","Farsb/Aldh1a2/Cth/Grin1/Tdo2/Snca/Cryz/Farsa/Osbpl2/Usp16/Cbr4/Rrm1/Stk4/Kcnt1/Fkrp/Cby1/Nudt21/Ssbp1/Oxa1l/Pkm/Golga2/Dnm1/Hprt1/Ryr1/Thg1l/Sod2/Aldh9a1"
"GO:0044088","GO:0044088","regulation of vacuole organization",41,-0.294147797885217,-1.10885955160577,0.298440979955457,0.569625272132056,0.473613537454129,3166,"tags=51%, list=33%, signal=34%","Pink1/Lrsam1/Fez2/Pikfyve/Fnip1/Pip4k2c/Snx7/Flcn/Snx4/Ift88/Tbc1d12/Smcr8/Lrrk2/Wipi1/Ppp3cb/Ralb/Sec22b/Pip4k2b/Trim32/Ift20/Chek2"
"GO:0014047","GO:0014047","glutamate secretion",26,-0.339604111987753,-1.13564361141638,0.299349240780911,0.570980959267293,0.474740720202531,1183,"tags=27%, list=12%, signal=24%","Pianp/Abcc8/Cck/Nf1/Npy5r/Stxbp1/Gipc1"
"GO:0009299","GO:0009299","mRNA transcription",39,0.307297121309113,1.10800922811569,0.300180831826401,0.571761769816558,0.475389923221446,1700,"tags=33%, list=18%, signal=27%","Rxra/Srebf1/Hipk3/Ncoa2/Ncbp3/Taf5/Ncoa1/Epas1/Thra/Taf8/Creb1/Nr1h3/Taf3"
"GO:0045814","GO:0045814","negative regulation of gene expression, epigenetic",120,0.241029096039562,1.0676017509386,0.300353356890459,0.571761769816558,0.475389923221446,2331,"tags=31%, list=25%, signal=24%","Tut4/Atf7ip/Ncor2/Hdac4/Baz1a/Uhrf1/Phf2/Cdyl/Resf1/Ehmt1/Rif1/Spen/Uty/H1f0/Rbm15/Ubr2/Brca1/Ezh2/Epc1/Smchd1/Mphosph8/Tdrd9/Trip12/Tdrd12/Bend3/Baz2a/Sirt2/Pphln1/Mov10/L3mbtl1/Kmt2a/Hnrnpu/Eed/Ubr5/Ctr9/Nrde2/Crebzf"
"GO:0051258","GO:0051258","protein polymerization",182,0.22574051428853,1.06707705825156,0.30016583747927,0.571761769816558,0.475389923221446,2096,"tags=29%, list=22%, signal=23%","Fhod3/Pecam1/Prkn/Spire1/Slain1/Pcnt/Prex1/Carmil1/Lats1/Mid1ip1/Arf6/Akap9/Nck2/Tenm1/Fbxo5/Clasp1/Nav3/Ttbk1/Add3/Diaph3/Mtss1/Cobl/Map2/Ambra1/Sptb/Eps8/Svil/Camsap2/Abl1/Daam2/Ube2k/Arhgef7/Wasl/Diaph2/Clasp2/Prkcd/Fgf13/Prkce/Casq1/Cdk5rap2/Mtor/Grb2/Tubg1/Arfgef1/Cracd/Coro7/Dbn1/Fmn1/Ssh3/Arhgap28/Pde4dip/Tbcd/Gsn"
"GO:0021542","GO:0021542","dentate gyrus development",24,-0.347745825053727,-1.12733133091645,0.300865800865801,0.571982181738279,0.475573184173954,2526,"tags=50%, list=27%, signal=37%","Fezf2/Bloc1s6/Kif3a/Tuba1a/Smo/Btg2/Neurod1/Pianp/Pomgnt1/Reln/Fxr1/Neurod6"
"GO:0120032","GO:0120032","regulation of plasma membrane bounded cell projection assembly",146,-0.225571128605034,-1.07124724210177,0.300733496332518,0.571982181738279,0.475573184173954,999,"tags=17%, list=11%, signal=16%","Tenm2/Rab11fip3/Ccp110/Trim32/Actr2/Atmin/Ppp1r16b/Fscn1/Bin3/Ift20/Cdc42ep1/Nckap1/Gdi2/Rac1/Def8/Gm14137/Cyfip1/Fam98a/Odf2/Arhgap44/Arf4/Kit/Cdkl1/Pfn2/Nrp1"
"GO:0033628","GO:0033628","regulation of cell adhesion mediated by integrin",23,0.35581892253169,1.12111960267041,0.301318267419962,0.572088139064629,0.475661282133449,1853,"tags=35%, list=20%, signal=28%","Tgfb2/Wnk1/Cib1/Ptk2/Itgb1bp1/Swap70/Dpp4/Ret"
"GO:0043039","GO:0043039","tRNA aminoacylation",34,-0.302355204475471,-1.08897694234619,0.301310043668122,0.572088139064629,0.475661282133449,2755,"tags=47%, list=29%, signal=33%","Farsb/Gatc/Cars1/Yars1/Sars1/Aars2/Iars2/Lars1/Wars1/Farsa/Qrsl1/Pars2/Tars3/Kars1/Lrrc47/Rars1"
"GO:0052547","GO:0052547","regulation of peptidase activity",35,-0.306207237834235,-1.10841125464976,0.302173913043478,0.572958294028528,0.476384770347101,2304,"tags=31%, list=24%, signal=24%","Antxr1/Park7/Timp3/Stat3/Ncstn/Svbp/Gapdh/Bin1/Cstb/Psma3/Serpind1"
"GO:0019226","GO:0019226","transmission of nerve impulse",63,0.273114142629124,1.08386969271884,0.302120141342756,0.572958294028528,0.476384770347101,2410,"tags=35%, list=25%, signal=26%","Nrcam/Penk/Pmp22/Kcnd2/Fgf12/Cacng4/Mtnr1b/Dpp6/Pawr/Chrna1/Scn8a/Cacng2/Nfasc/Mtor/Ank3/S1pr1/Gria1/Kcnq2/Kcnq3/Fmr1/Agt/Oprm1"
"GO:2000514","GO:2000514","regulation of CD4-positive, alpha-beta T cell activation",30,0.331722676429643,1.12167253307735,0.302867383512545,0.573519063723033,0.476851020936225,2064,"tags=40%, list=22%, signal=31%","Rc3h1/Ep300/Runx1/Sh3rf1/Brd2/Itch/Tgfbr2/Socs5/Cbfb/Irf1/Cblb/Prkcq"
"GO:0031102","GO:0031102","neuron projection regeneration",52,0.284995983640915,1.08580399650318,0.302867383512545,0.573519063723033,0.476851020936225,1935,"tags=33%, list=20%, signal=26%","Ptprf/Bcl2/Xylt1/Epha4/Igf1r/Fas/Pum2/Rtn4rl1/Ptprs/Neo1/Grn/Diaph2/Cspg5/Map4k4/Mtr/Apod/Mmp2"
"GO:0016180","GO:0016180","snRNA processing",26,-0.337817268916354,-1.12966836892959,0.303687635574837,0.573645953651328,0.476956523256341,3268,"tags=54%, list=34%, signal=35%","Ints10/Exosc8/Exosc7/Ints12/Toe1/Ints2/Nhp2/Exosc9/Ints14/Exosc3/Ints1/Ints8/Ints4/Ints11"
"GO:0032922","GO:0032922","circadian regulation of gene expression",51,0.288666607238703,1.10000794929287,0.303350970017637,0.573645953651328,0.476956523256341,1479,"tags=24%, list=16%, signal=20%","Rora/Per3/Ppargc1a/Rai1/Ncoa2/Nrip1/Clock/Lgr4/Top1/Ppara/Zfhx3/Kdm2a"
"GO:0051123","GO:0051123","RNA polymerase II preinitiation complex assembly",47,-0.281953690331459,-1.09037376813128,0.30316742081448,0.573645953651328,0.476956523256341,3299,"tags=47%, list=35%, signal=31%","Med15/Med30/Med14/Med26/Gtf2a1/Med20/Taf13/Gtf2f2/Psmc6/Med22/Med31/Dr1/Gtf2b/Med7/Taf10/Taf11/Med28/Taf12/Gtf2a2/Med17/Taf7/Med9"
"GO:0046660","GO:0046660","female sex differentiation",79,0.260621897919798,1.07961747074426,0.303730017761989,0.573645953651328,0.476956523256341,818,"tags=14%, list=9%, signal=13%","Lfng/Dach2/Dach1/Bmpr1b/Chd7/Bcl2/Nr2f2/Zfx/Foxo3/Runx1/Nrip1"
"GO:0051438","GO:0051438","regulation of ubiquitin-protein transferase activity",29,-0.325975909039134,-1.11888490893459,0.304740406320542,0.574395087429565,0.477579388701566,1328,"tags=31%, list=14%, signal=27%","Mad2l2/Limk1/Ube2l3/Rpl23/Rpl5/Dnm1l/Rps2/Fzr1/Skp1"
"GO:0010043","GO:0010043","response to zinc ion",29,-0.325525005299642,-1.11733721974803,0.304740406320542,0.574395087429565,0.477579388701566,2721,"tags=45%, list=29%, signal=32%","P2rx4/Tspo/Cps1/Slc30a10/Ggh/Lta4h/Abcc8/Slc30a1/Alad/Slc30a8/Sod2/Gabrb3/Mt4"
"GO:0016601","GO:0016601","Rac protein signal transduction",43,-0.285962376978239,-1.0933871010674,0.305122494432071,0.574395087429565,0.477579388701566,1078,"tags=26%, list=11%, signal=23%","Ogt/Ssx2ip/Crkl/Rasgrf1/Nf1/Nckap1/Rac1/Cyfip1/Rac3/Arhgap44/Dynlt1c"
"GO:0010906","GO:0010906","regulation of glucose metabolic process",63,-0.262364224850761,-1.07925977589272,0.305045871559633,0.574395087429565,0.477579388701566,1091,"tags=19%, list=12%, signal=17%","Phkg1/Ogt/Irs2/Pdk1/Sik1/Ddb1/Cry1/Lcmt1/Clk2/Kat2a/Esrrb/Pdk4"
"GO:0030518","GO:0030518","nuclear receptor-mediated steroid hormone signaling pathway",74,-0.250582495686625,-1.07578851713573,0.305122494432071,0.574395087429565,0.477579388701566,716,"tags=18%, list=8%, signal=16%","Nr0b1/Vps18/Taf7/Cry1/Ufm1/Ufsp2/Shq1/Errfi1/Vps11/Ptges3/Wbp2/Ywhah/Ddx5"
"GO:0002092","GO:0002092","positive regulation of receptor internalization",20,0.366384108837631,1.13104008687164,0.306985294117647,0.57752484555466,0.480181618429636,2447,"tags=45%, list=26%, signal=33%","Pard3/Tbc1d5/Magi2/Ptpn5/Egf/Angpt1/Vegfa/Fmr1/Ntf3"
"GO:0006418","GO:0006418","tRNA aminoacylation for protein translation",31,-0.314616035170389,-1.1063255801595,0.307522123893805,0.578157630580009,0.480707745989219,2755,"tags=45%, list=29%, signal=32%","Farsb/Cars1/Yars1/Sars1/Aars2/Iars2/Lars1/Wars1/Farsa/Pars2/Tars3/Kars1/Lrrc47/Rars1"
"GO:0034113","GO:0034113","heterotypic cell-cell adhesion",21,0.362600921058129,1.12879116168801,0.308988764044944,0.579108399725147,0.48149826066643,869,"tags=24%, list=9%, signal=22%","Nrcam/Ninj1/Wnk1/Ptprc/Apoa1"
"GO:0021895","GO:0021895","cerebral cortex neuron differentiation",27,-0.331226633466895,-1.1202348565035,0.308888888888889,0.579108399725147,0.48149826066643,1747,"tags=37%, list=18%, signal=30%","Fezf2/Ophn1/Neurog2/Elavl4/Id4/Dlx1/Pafah1b1/Hprt1/Rac1/Rac3"
"GO:0032469","GO:0032469","endoplasmic reticulum calcium ion homeostasis",23,0.354568555971221,1.11717992894117,0.308851224105461,0.579108399725147,0.48149826066643,554,"tags=13%, list=6%, signal=12%","Bcl2/Tmtc4/Rap1gds1"
"GO:0022038","GO:0022038","corpus callosum development",28,0.335334812262153,1.11417458531519,0.308797127468582,0.579108399725147,0.48149826066643,1390,"tags=29%, list=15%, signal=24%","Kcnc1/Filip1/Ryk/Rpgrip1l/Rtn4rl1/Ptprs/Tsku/Nsun5"
"GO:1902743","GO:1902743","regulation of lamellipodium organization",29,0.331605856293277,1.11228828885201,0.309481216457961,0.579108399725147,0.48149826066643,602,"tags=21%, list=6%, signal=19%","Auts2/Hdac4/Plce1/Enpp2/Carmil1/Rreb1"
"GO:0002698","GO:0002698","negative regulation of immune effector process",39,0.305859509124646,1.10282568601137,0.309222423146474,0.579108399725147,0.48149826066643,1484,"tags=26%, list=16%, signal=22%","Tgfb2/Tap1/Rc3h1/Tap2/Ptprc/Bcr/Apoa1/Grn/Spi1/Socs5"
"GO:0048260","GO:0048260","positive regulation of receptor-mediated endocytosis",37,0.30917441086657,1.1010874407925,0.30952380952381,0.579108399725147,0.48149826066643,575,"tags=16%, list=6%, signal=15%","B2m/Pard3/Tbc1d5/Magi2/Bicd1/Ptpn5"
"GO:0045833","GO:0045833","negative regulation of lipid metabolic process",58,0.276992686709325,1.0777810741009,0.310035842293907,0.579108399725147,0.48149826066643,1224,"tags=22%, list=13%, signal=20%","Insig1/Pde3b/Slc27a1/Atg7/Srebf1/Rest/Sox9/Dcaf5/Appl2/Brca1/Prox1/Cnr1/Mfsd2a"
"GO:1904375","GO:1904375","regulation of protein localization to cell periphery",115,0.240564651478302,1.06220580195317,0.309734513274336,0.579108399725147,0.48149826066643,1200,"tags=17%, list=13%, signal=15%","Kalrn/Ppp2r5a/Egfr/Wnk1/Epha3/Magi2/Pias1/Nrxn1/Cib1/Epm2a/Lyplal1/Arhgef16/Arf6/Hectd1/Sapcd2/Grip1/Tnik/Gpc4/Ppfia1/Dpp6"
"GO:0001818","GO:0001818","negative regulation of cytokine production",122,-0.228496163785166,-1.05896533909512,0.309859154929577,0.579108399725147,0.48149826066643,721,"tags=11%, list=8%, signal=11%","Fn1/Fxr1/Casp3/Slc37a4/Xaf1/Rac1/Arrb1/Acod1/Errfi1/Flt1/Rabgef1/Hgf/Gstp3/Prg4"
"GO:0051291","GO:0051291","protein heterooligomerization",20,0.364827138076464,1.12623366568008,0.310661764705882,0.579526862491439,0.481846190508613,1274,"tags=30%, list=13%, signal=26%","Kcnc2/Pkd1/Ski/Cpsf7/Syt1/Col1a2"
"GO:0002711","GO:0002711","positive regulation of T cell mediated immunity",20,0.364531550946495,1.12532117825201,0.310661764705882,0.579526862491439,0.481846190508613,1337,"tags=30%, list=14%, signal=26%","B2m/Tap2/Dennd1b/Ptprc/Fbxo38/Map3k7"
"GO:0042417","GO:0042417","dopamine metabolic process",27,-0.33059354689751,-1.11809370730065,0.311111111111111,0.579615274188918,0.481919700197954,2381,"tags=41%, list=25%, signal=31%","Snca/Aldh2/Park7/Spr/Nr4a2/Abat/Maoa/Comt/Cyp2d22/Hprt1/Vps35"
"GO:0016447","GO:0016447","somatic recombination of immunoglobulin gene segments",39,0.305335993179734,1.10093806501591,0.311030741410488,0.579615274188918,0.481919700197954,1275,"tags=26%, list=13%, signal=22%","Nhej1/Shld2/Atad5/Rif1/Ptprc/Kmt5b/Tfrc/Swap70/Ezh2/Paxip1"
"GO:0120178","GO:0120178","steroid hormone biosynthetic process",23,0.35350563712904,1.11383086829668,0.312617702448211,0.581295585983649,0.483316791324459,700,"tags=22%, list=7%, signal=20%","Bmpr1b/Ppargc1a/Clcn2/Rest/Nr3c1"
"GO:1903533","GO:1903533","regulation of protein targeting",36,0.313571341715762,1.10453038791411,0.312267657992565,0.581295585983649,0.483316791324459,1113,"tags=25%, list=12%, signal=22%","Cemip/Fyn/Cib1/Srebf1/Ptpn5/Chp1/Itgb1bp1/Mtcl1/C2cd5"
"GO:0002429","GO:0002429","immune response-activating cell surface receptor signaling pathway",122,0.239513242047466,1.06742690127109,0.3125,0.581295585983649,0.483316791324459,1957,"tags=25%, list=21%, signal=20%","Vav3/Rc3h1/Fyn/Bcl2/Ninj1/Wnk1/Btrc/Arf6/Dennd1b/Irak2/Ptprc/Mfhas1/Appl2/Dab2ip/Eif2b3/Ubr2/Abl1/Ifi35/Pawr/Map3k7/Chuk/Themis/Prkce/Nr1h3/Rapgef1/Tirap/Lrrfip2/Grb2/Usp12/Cblb/Laptm5"
"GO:0043405","GO:0043405","regulation of MAP kinase activity",98,0.250271280589878,1.06532032172849,0.312839059674503,0.581332376353908,0.483347380587708,1415,"tags=23%, list=15%, signal=20%","Robo1/Sash1/Fgd4/Egfr/Map2k4/Epha4/Fgf18/Ptprc/Hipk3/Tenm1/Ksr1/Fgfr1/Dab2ip/Pde5a/Fem1a/Ezh2/Pdgfrb/Spry2/Map3k7/Vangl2/Gab1/Taok3/Rasgrp1"
"GO:0051588","GO:0051588","regulation of neurotransmitter transport",81,-0.246134999575911,-1.07327641414481,0.313333333333333,0.581501501501501,0.483487999277473,2737,"tags=36%, list=29%, signal=26%","Dvl1/Rab5a/Gpr158/Rab3b/Fbxo45/Nat8l/Tor1a/Snca/Kcnh1/Edn3/Gfap/Htr1b/Arl6ip5/Snap29/Lrrk2/Kcnc4/Rab3a/Tprg1l/Slc30a1/Prkcb/Dnm1l/Nf1/Vps18/Syngr3/Slc4a8/Stxbp1/Pfn2/Sv2b/Stx1a"
"GO:0008643","GO:0008643","carbohydrate transport",75,0.262167267233286,1.07193114655496,0.313296903460838,0.581501501501501,0.483487999277473,1224,"tags=17%, list=13%, signal=15%","Gpc3/Erbb4/Slc1a2/Smpd3/Capn10/Slc27a1/Aspscr1/Stxbp4/Grb10/Prkca/Appl2/C2cd5/Mfsd2a"
"GO:0006469","GO:0006469","negative regulation of protein kinase activity",116,0.23933627445487,1.06020171275346,0.314035087719298,0.582429063011226,0.484259218023057,1602,"tags=23%, list=17%, signal=20%","Garem1/Prex1/Spred1/Prex2/Nr2f2/Slc8a1/Lrp6/Adar/Lats1/Ptprc/Hipk3/Chp1/Itgb1bp1/Prkca/Dab2ip/Abl1/Cdkn2c/Fem1a/Myocd/Spry2/Smyd3/Ptpro/Socs5/Zfyve28/Prkcd/Cep85/Ptprt"
"GO:0006862","GO:0006862","nucleotide transport",26,-0.333961750198496,-1.11677542963329,0.314533622559653,0.582472778363189,0.484295565045385,2036,"tags=35%, list=21%, signal=27%","Shoc2/Abcc5/Lrrc8b/Slc25a25/Slc25a17/Slc25a5/Abcc1/Calhm2/Slc25a36"
"GO:0043029","GO:0043029","T cell homeostasis",24,0.346540925065217,1.10619176428155,0.314814814814815,0.582472778363189,0.484295565045385,865,"tags=21%, list=9%, signal=19%","Tgfb2/Rc3h1/Bcl2/Fas/Tcirg1"
"GO:0007019","GO:0007019","microtubule depolymerization",38,0.307845708185229,1.10288426012159,0.314442413162706,0.582472778363189,0.484295565045385,1612,"tags=37%, list=17%, signal=31%","Cib1/Nckap5/Mid1ip1/Taok1/Clasp1/Atxn7/Nav3/Ttbk2/Diaph3/Map2/Camsap2/Clasp2/Stmn3/Fgf13"
"GO:0042147","GO:0042147","retrograde transport, endosome to Golgi",68,-0.25722430347447,-1.07871901118019,0.315068493150685,0.582472778363189,0.484295565045385,2515,"tags=38%, list=27%, signal=28%","Rab9b/Sgsm2/Gga1/Rbsn/Stx6/Ykt6/Rufy1/Tbc1d23/Ehd3/Vps53/Snx6/Lrrk2/Vps29/Arfrp1/Rab14/Vti1b/Snx3/Vps51/Rab6a/Golt1b/Tbc1d10a/Vamp3/Snx1/Cltc/Stx16/Vps35"
"GO:0014812","GO:0014812","muscle cell migration",80,0.256546641755366,1.06577208602851,0.314946619217082,0.582472778363189,0.484295565045385,1446,"tags=28%, list=15%, signal=24%","Tafa5/Ppargc1a/Bcl2/Bmpr1a/Hdac4/Gna12/Ptk2/Rock1/Pdgfd/Plat/Prkg1/Grb10/Itgb1bp1/Ddr2/Igfbp5/Gna13/Myocd/Pdgfrb/Dock5/Dock4/Map3k7/Fgf9"
"GO:0060491","GO:0060491","regulation of cell projection assembly",147,-0.223590778286684,-1.06247078348647,0.315403422982885,0.582718431699321,0.484499812910086,999,"tags=17%, list=11%, signal=15%","Tenm2/Rab11fip3/Ccp110/Trim32/Actr2/Atmin/Ppp1r16b/Fscn1/Bin3/Ift20/Cdc42ep1/Nckap1/Gdi2/Rac1/Def8/Gm14137/Cyfip1/Fam98a/Odf2/Arhgap44/Arf4/Kit/Cdkl1/Pfn2/Nrp1"
"GO:0032615","GO:0032615","interleukin-12 production",21,0.359209981352574,1.11823503083683,0.316479400749064,0.584332004968181,0.485841414452704,2477,"tags=43%, list=26%, signal=32%","Plcb1/Irf8/Prkcd/Tirap/Irf1/Rel/Laptm5/Pibf1/Mast2"
"GO:0051495","GO:0051495","positive regulation of cytoskeleton organization",116,-0.230759944081258,-1.06500165367108,0.31712962962963,0.585157934646098,0.486528131660637,1048,"tags=18%, list=11%, signal=16%","Synpo2/Ckap5/Bin1/Sorbs3/Sdc4/Mapt/Numa1/Vps4b/Cdc42ep1/Nckap1/Rac1/Gm14137/Katnb1/Cyfip1/Ccn2/Pfdn2/Dstn/Pfn2/Tac1/Cfl2/Nrp1"
"GO:0150117","GO:0150117","positive regulation of cell-substrate junction organization",26,0.341502892987374,1.10305619414417,0.317929759704251,0.58590276871393,0.487147422122174,2068,"tags=42%, list=22%, signal=33%","Lims1/Enpp2/Rock1/Arf6/Itgb1bp1/Abl1/Map4k4/Wnt4/Iqsec1/Fmn1/Vegfa"
"GO:0071674","GO:0071674","mononuclear cell migration",86,0.255461917308859,1.07020367180638,0.317939609236234,0.58590276871393,0.487147422122174,2020,"tags=27%, list=21%, signal=21%","Pecam1/Cadm1/Ninj1/Wnk1/Ptk2/Pdgfd/Nedd9/Ext1/Bcr/Plcb1/Cklf/Eps8/Abl1/Spi1/Wasl/Ptpro/Cyp7b1/Mospd2/Jam2/Apod/Mmp2/S1pr1/Ano6"
"GO:0072337","GO:0072337","modified amino acid transport",25,0.343107252325514,1.10205581864845,0.318435754189944,0.586220425914108,0.487411537423293,2145,"tags=32%, list=23%, signal=25%","Slc22a16/Lrp2/Nherf1/Slc25a39/Slc1a4/Slc25a32/Slc25a20/Slc13a3"
"GO:0050856","GO:0050856","regulation of T cell receptor signaling pathway",24,0.34489436459648,1.1009357858439,0.318518518518519,0.586220425914108,0.487411537423293,1957,"tags=33%, list=21%, signal=27%","Rc3h1/Btrc/Ptprc/Ubr2/Pawr/Usp12/Cblb/Laptm5"
"GO:0030041","GO:0030041","actin filament polymerization",105,0.244260779831216,1.0594746867786,0.319371727748691,0.587089746787145,0.48813433213414,2096,"tags=30%, list=22%, signal=24%","Fhod3/Pecam1/Spire1/Prex1/Carmil1/Lats1/Arf6/Nck2/Tenm1/Add3/Diaph3/Mtss1/Cobl/Sptb/Eps8/Svil/Abl1/Daam2/Wasl/Diaph2/Prkcd/Prkce/Mtor/Grb2/Arfgef1/Cracd/Coro7/Dbn1/Fmn1/Ssh3/Arhgap28/Gsn"
"GO:0002697","GO:0002697","regulation of immune effector process",142,0.230263772683637,1.05339141819469,0.319397993311037,0.587089746787145,0.48813433213414,1562,"tags=22%, list=16%, signal=19%","B2m/Gab2/Tgfb2/Tap1/Cadm1/Rc3h1/Shld2/Tap2/Ep300/Atad5/Rif1/Dennd1b/Ptprc/Unc13d/Bcr/Cd74/Ankrd17/Apoa1/Brd2/Kmt5b/Appl2/Tfrc/Grn/Spi1/Paxip1/Fbxo38/Map3k7/Rasgrp1/Socs5/Dpp4/Card9"
"GO:0048710","GO:0048710","regulation of astrocyte differentiation",22,0.352547849397988,1.10945549327422,0.320224719101124,0.587860019024596,0.488774773099507,1352,"tags=23%, list=14%, signal=20%","Dab1/Qki/Epha4/Fgfr3/Gpr37l1"
"GO:0006635","GO:0006635","fatty acid beta-oxidation",49,-0.277652762193878,-1.0830218145487,0.320093457943925,0.587860019024596,0.488774773099507,1032,"tags=27%, list=11%, signal=24%","Hadhb/Cpt1a/Acat1/Slc25a17/Acaa1b/Tysnd1/Irs2/Ppard/Acadl/Dbi/Hadha/Crat/Scp2"
"GO:0070198","GO:0070198","protein localization to chromosome, telomeric region",26,-0.331038119666053,-1.10699874490213,0.321041214750542,0.588984009758629,0.489709312442571,2233,"tags=31%, list=24%, signal=24%","Cct5/Brca2/Tnks/Cct2/Cct4/Terf2ip/Cct8/Spdya"
"GO:0043094","GO:0043094","metabolic compound salvage",30,-0.31683239583756,-1.09872450370196,0.322072072072072,0.589375543055746,0.490034851843561,1123,"tags=23%, list=12%, signal=21%","Pdxk/Ampd3/Impdh2/Aprt/Pgm2/Hprt1/Gmps"
"GO:0051452","GO:0051452","intracellular pH reduction",30,-0.316279539470294,-1.09680728549536,0.322072072072072,0.589375543055746,0.490034851843561,800,"tags=27%, list=8%, signal=24%","Creg1/Atp6v0a1/Gpr89/Atp6v0d1/Tpcn2/Lamp2/Ppt1/Atp6v1b2"
"GO:0000723","GO:0000723","telomere maintenance",99,-0.234561168954818,-1.0559312380558,0.322072072072072,0.589375543055746,0.490034851843561,2651,"tags=33%, list=28%, signal=24%","Pkib/Slx4/Rad51d/Naf1/Tent4b/Uchl5/Cct5/Dclre1c/Nat10/Sirt6/Nhp2/Brca2/Rpa2/Nvl/Tnks/Ccne1/Slx1b/Gar1/Mad2l2/Ruvbl1/Cct2/Hdac8/Cct4/Terf2ip/Smg1/Ctnnb1/Smg5/Pcna/Cct8/Ptges3/Ctc1/Hnrnpa2b1/Spdya"
"GO:0032200","GO:0032200","telomere organization",99,-0.234561168954818,-1.0559312380558,0.322072072072072,0.589375543055746,0.490034851843561,2651,"tags=33%, list=28%, signal=24%","Pkib/Slx4/Rad51d/Naf1/Tent4b/Uchl5/Cct5/Dclre1c/Nat10/Sirt6/Nhp2/Brca2/Rpa2/Nvl/Tnks/Ccne1/Slx1b/Gar1/Mad2l2/Ruvbl1/Cct2/Hdac8/Cct4/Terf2ip/Smg1/Ctnnb1/Smg5/Pcna/Cct8/Ptges3/Ctc1/Hnrnpa2b1/Spdya"
"GO:1904862","GO:1904862","inhibitory synapse assembly",20,0.357168532718494,1.10259129293396,0.323529411764706,0.590917557650039,0.491316956101463,2637,"tags=45%, list=28%, signal=33%","Gabrb2/Gabra1/Gabra2/Gabrg1/Gabra4/Fgf13/Gabre/Gabrg3/Cntnap2"
"GO:2000242","GO:2000242","negative regulation of reproductive process",34,-0.29984105067735,-1.07992184597232,0.323144104803493,0.590917557650039,0.491316956101463,1235,"tags=47%, list=13%, signal=41%","Ada/Pdik1l/Prdx4/Bcl2l1/Rgn/Tpst2/Sycp2/Sulf1/Zfpm2/Arhgdib/Grb14/Trip13/Sod1/Ddb1/Kit/Ube2b"
"GO:0050920","GO:0050920","regulation of chemotaxis",108,0.24347578116305,1.06385478666104,0.323478260869565,0.590917557650039,0.491316956101463,1783,"tags=25%, list=19%, signal=21%","Robo1/Prkd1/Robo2/Dscam/Ninj1/Wnk1/Ptk2/Sema5a/Fgf18/Pdgfd/Ryk/Nedd9/Cd74/Prkca/Fgfr1/Efnb2/Swap70/Spi1/Pdgfrb/Wasl/Dpp4/Bmpr2/Sema3f/Angpt2/Mospd2/Tirap/Rac2"
"GO:0016482","GO:0016482","cytosolic transport",98,-0.234841683637345,-1.05732333266356,0.325167037861915,0.593532745059344,0.493491347268117,2539,"tags=37%, list=27%, signal=27%","Sys1/Rab9b/Sgsm2/Gga1/Eps15/Rbsn/Stx6/Ykt6/Mapk8/Rufy1/Tbc1d23/Ehd3/Vps53/Klhl20/Snx6/Lrrk2/Wipi1/Vps29/Arfrp1/Kif1a/Rab14/Vti1b/Snx3/Vps51/Rab6a/Golt1b/Actr2/Tbc1d10a/Tpcn2/Ap1ar/Vamp3/Sort1/Snx1/Cltc/Stx16/Vps35"
"GO:0050770","GO:0050770","regulation of axonogenesis",133,0.233170491059323,1.05414280020588,0.32590051457976,0.594495309328291,0.494291668972132,1612,"tags=23%, list=17%, signal=20%","Robo1/Dab1/Cdh4/Robo2/Dscam/Smurf1/Epha4/Ep300/Ptk2/Sema5a/Ryk/Disc1/Pou3f2/Adnp/Lrp4/Wnt7a/Kif13b/Map2/Ptprs/Ttc3/Sema3g/Bdnf/Plxnb2/Cdh2/Ngf/Nrdc/Rufy3/Ist1/Bmpr2/Sema3f/Fgf13"
"GO:0031529","GO:0031529","ruffle organization",37,-0.29765750502226,-1.0851517861341,0.326754385964912,0.59548337124349,0.495113190631678,515,"tags=16%, list=5%, signal=15%","Rac1/Def8/Cyfip1/Fam98a/Pfn2/Inpp5k"
"GO:0019217","GO:0019217","regulation of fatty acid metabolic process",63,0.269052179795488,1.06774955201156,0.326855123674912,0.59548337124349,0.495113190631678,2457,"tags=41%, list=26%, signal=31%","Insig1/Ppargc1a/Elovl5/Scap/Srebf1/Mid1ip1/Sox9/Cd74/Dcaf5/Appl2/Brca1/Ppara/Cnr1/Mfsd2a/Mapk9/Nr1h3/Tpk1/Mtor/Eif2ak3/Sirt2/Ncor1/Pibf1/Agt/Nucb2/Pdk3/Irs1"
"GO:0050850","GO:0050850","positive regulation of calcium-mediated signaling",34,0.318066959183011,1.11002757314155,0.329044117647059,0.598337474964765,0.497486228180792,2287,"tags=41%, list=24%, signal=31%","Exoc4/Calcr/Cib1/Ppp3ca/Ptprc/Negr1/Grm5/Pdgfrb/Slc9a1/Ptbp1/Camta1/Car8/Htt/Ramp3"
"GO:1905874","GO:1905874","regulation of postsynaptic density organization",20,0.353534929516784,1.09137423744005,0.329044117647059,0.598337474964765,0.497486228180792,1940,"tags=40%, list=20%, signal=32%","Grid2/Nrxn1/Lats1/Fgfr1/Ptprs/Cdh2/Dbn1/Caskin1"
"GO:0048261","GO:0048261","negative regulation of receptor-mediated endocytosis",20,0.353032832140572,1.08982424592483,0.329044117647059,0.598337474964765,0.497486228180792,1213,"tags=20%, list=13%, signal=17%","Necab2/Mtmr2/Unc119/Ankrd13a"
"GO:0006220","GO:0006220","pyrimidine nucleotide metabolic process",28,-0.326473218861385,-1.1067596561065,0.330337078651685,0.598350180085977,0.497496791822708,3162,"tags=54%, list=33%, signal=36%","Upp1/Dck/Cad/Uck1/Slc4a7/Nme3/Nt5c3/Uck2/Nme7/Ak9/Nt5m/Uprt/Entpd4/Umps/Nme1"
"GO:0031297","GO:0031297","replication fork processing",36,0.310699547149517,1.09441471742934,0.330855018587361,0.598350180085977,0.497496791822708,1904,"tags=31%, list=20%, signal=25%","Eme2/Mms22l/Bod1l/Samhd1/Asf1a/Brca1/Polq/Wrn/Rad50/Rbbp8/Nbn"
"GO:0000079","GO:0000079","regulation of cyclin-dependent protein serine/threonine kinase activity",26,0.336627888406945,1.08730990294329,0.33086876155268,0.598350180085977,0.497496791822708,1182,"tags=23%, list=12%, signal=20%","Egfr/Nr2f2/Lats1/Prox1/Cdkn2c/Myocd"
"GO:0008645","GO:0008645","hexose transmembrane transport",68,0.264403475593408,1.06732912400592,0.329787234042553,0.598350180085977,0.497496791822708,1113,"tags=16%, list=12%, signal=14%","Gpc3/Erbb4/Slc1a2/Capn10/Slc27a1/Aspscr1/Stxbp4/Grb10/Prkca/Appl2/C2cd5"
"GO:0034198","GO:0034198","cellular response to amino acid starvation",44,-0.27681374481877,-1.06683038192094,0.33112582781457,0.598350180085977,0.497496791822708,2463,"tags=41%, list=26%, signal=30%","Flcn/Rragd/Lars1/Mapk8/Eif2ak2/Rragb/Map1lc3a/Eif2s1/Rragc/Sar1b/Map3k5/Mios/Trim32/Atxn3/Gcn1/Nprl3/Itfg2/Sesn1"
"GO:2000278","GO:2000278","regulation of DNA biosynthetic process",75,-0.246553625084954,-1.06267933583572,0.33112582781457,0.598350180085977,0.497496791822708,598,"tags=13%, list=6%, signal=13%","Ctnnb1/Ccna2/Rfc3/Rfc4/Crhr2/Pcna/Cct8/Ptges3/Ctc1/Hgf"
"GO:0006275","GO:0006275","regulation of DNA replication",72,0.262033379050764,1.06238435388802,0.330308529945554,0.598350180085977,0.497496791822708,1876,"tags=26%, list=20%, signal=21%","Dach1/Egfr/Baz1a/Atg7/Map2k4/Ino80/Atad5/Fbxo5/Ankrd17/Jade3/Fgfr1/Actl6a/Rbbp6/Wapl/Jade2/Usp37/Stn1/Orc5/Mapk15"
"GO:0030183","GO:0030183","B cell differentiation",83,0.253933528908537,1.05921225181535,0.330948121645796,0.598350180085977,0.497496791822708,1527,"tags=22%, list=16%, signal=18%","Lfng/Nhej1/Nfatc1/Bcl2/Ep300/Fas/Rbpj/Ptprc/St3gal1/Tcirg1/Phf14/Abl1/Mfng/Ezh2/Spi1/Irf8/Atm/Dpp4"
"GO:0009267","GO:0009267","cellular response to starvation",136,-0.22345282389568,-1.05782825596516,0.330143540669856,0.598350180085977,0.497496791822708,2308,"tags=32%, list=24%, signal=24%","Micu1/Lars1/Pak2/Stk26/Stk24/Prkaa2/Mcu/Mapk8/Eif2ak2/Jun/Asns/Rragb/Pick1/Ywhag/Lrrk2/Wipi1/Map1lc3a/Ralb/Eif2s1/Rragc/Comt/Sar1b/Map3k5/Mios/Ripor1/Atg4b/Smdt1/Trim32/Glul/Tsc2/Atxn3/Lamp2/Ywhaz/Yme1l1/Gabarapl1/Gcn1/Nprl3/Itfg2/Sesn1/Fos/Higd1a/Gabarapl2/Pdk4"
"GO:0051261","GO:0051261","protein depolymerization",87,-0.237402171757666,-1.04469428288891,0.330296127562642,0.598350180085977,0.497496791822708,1948,"tags=29%, list=21%, signal=23%","Wdr1/Sh3gl1/Twf2/Capza1b/Dmtn/Kif21a/Hspa8/Synj1/Stmn4/Map1s/Ccsap/Arhgef2/Sptan1/Mtpn/Wdr47/Vps4b/Stmn1/Plekhh2/Katnb1/Ccn2/Cltc/Dstn/Cfl2/Dnajc6/Apc2"
"GO:0016331","GO:0016331","morphogenesis of embryonic epithelium",116,0.237497486692838,1.05205632844372,0.331578947368421,0.598793790989685,0.497865631022155,1853,"tags=28%, list=20%, signal=23%","Arid1a/Tgfb2/Lrp6/Ski/Tulp3/Ift57/Sox9/Hectd1/Hif1a/Mthfd1l/Spint2/Brd2/Cobl/Lrp2/Abl1/Plxnb2/Lmo4/Enah/Dlc1/Map3k7/Celsr1/Vangl2/Kif20b/Mthfd1/Rdh10/Scrib/Kdm2a/Fgfr2/Stk3/Luzp1/Wnt4/Zeb2/Ret"
"GO:0032965","GO:0032965","regulation of collagen biosynthetic process",27,-0.323230757102558,-1.09319216576976,0.333333333333333,0.601209089013967,0.499873824649178,1702,"tags=33%, list=18%, signal=27%","Tgfb3/Cygb/Larp6/Ppard/Fn1/Acvr1b/Ccn2/Errfi1/Vim"
"GO:0046887","GO:0046887","positive regulation of hormone secretion",110,-0.229955728869257,-1.05096301738064,0.333333333333333,0.601209089013967,0.499873824649178,2389,"tags=34%, list=25%, signal=25%","Psmd9/Myb/Gpr68/Adcyap1/Snx4/Prkar1a/Sirt6/Mcu/Tm7sf3/Rab8b/Snap25/Edn3/Vsnl1/Ptpn11/Ppp3cb/Anxa7/Abat/Pfkfb2/Aimp1/Abcc8/Sirt3/Irs2/Sri/Ppard/Oga/Serp1/Prkcb/Camk2n1/Glul/Rac1/Slc30a8/Arrb1/Rasl10b/Tac1/Cyp19a1/Mpc2/Lrp1"
"GO:0046849","GO:0046849","bone remodeling",61,0.270541627699012,1.06431217221384,0.333931777378815,0.601547807574894,0.50015545136711,1091,"tags=21%, list=12%, signal=19%","Adrb2/Egfr/Tns3/Lrp5/Lrp6/Rassf2/Ext1/Ppargc1b/Prkca/Tcirg1/Fgfr3/Lgr4/Tfrc"
"GO:0006639","GO:0006639","acylglycerol metabolic process",72,0.261033616872629,1.05833093252808,0.333938294010889,0.601547807574894,0.50015545136711,1697,"tags=24%, list=18%, signal=20%","Insig1/Tcf7l2/Slc27a1/Plce1/Srebf1/Gk2/Dgkb/Mgll/Lmf1/Pgs1/Mfsd2a/Agmo/Agpat5/Gpam/Pla2g15/Tbl1xr1/Nr1h3"
"GO:0060079","GO:0060079","excitatory postsynaptic potential",74,0.259028604357708,1.0563591528509,0.334538878842676,0.602253512223644,0.500742207768984,1345,"tags=20%, list=14%, signal=18%","Prkn/Adrb2/Igsf11/Grid2/Nrxn1/Mtmr2/Atxn1/Ppp3ca/Wnt7a/Nlgn4l/Begain/Bdnf/Cux2/Afdn/Chrna1"
"GO:0022600","GO:0022600","digestive system process",44,0.289762313404281,1.06712556918493,0.335154826958106,0.602985976885326,0.501351213718071,1844,"tags=30%, list=19%, signal=24%","Lpcat3/Wnk1/Slc26a7/Ppp3ca/Sox9/Apoa1/Negr1/Pawr/Chrm3/Cckbr/Nr1h3/Hrh2/Cracd"
"GO:1904358","GO:1904358","positive regulation of telomere maintenance via telomere lengthening",30,-0.313217441550354,-1.08618841551371,0.335585585585586,0.603384556626452,0.501682611867675,1065,"tags=20%, list=11%, signal=18%","Cct2/Cct4/Ctnnb1/Cct8/Ptges3/Hnrnpa2b1"
"GO:0010803","GO:0010803","regulation of tumor necrosis factor-mediated signaling pathway",27,0.328063266127295,1.08155064426345,0.33695652173913,0.60547203033997,0.503418236774382,2642,"tags=44%, list=28%, signal=32%","Prkn/Ext1/Apoa1/Tank/Ube2k/Otulin/Rffl/Laptm5/Nkiras2/Tnfrsf11b/Dicer1/Pias3"
"GO:0040029","GO:0040029","epigenetic regulation of gene expression",174,0.224890378421845,1.05289173906326,0.33728813559322,0.605690524938261,0.50359990357302,2331,"tags=30%, list=25%, signal=23%","Tut4/Atf7ip/Ncor2/Hdac4/Atad2b/Baz1a/Uhrf1/Phf2/Ep300/Cdyl/Resf1/Arid4b/Ehmt1/Rif1/Nr3c1/Spen/Uty/H1f0/Rbm15/Tet2/Ubr2/Brca1/Lcor/Myocd/Tet1/Ezh2/Spi1/Epc1/Msl2/Smchd1/Kmt2e/Kdm2a/Zfp335/Mphosph8/Tdrd9/Trip12/Tdrd12/Bend3/Baz2a/Sirt2/Pphln1/Arid4a/Brd7/Mov10/Atf2/L3mbtl1/Kmt2a/Hnrnpu/Eed/Ubr5/Ctr9/Nrde2/Crebzf"
"GO:1904738","GO:1904738","vascular associated smooth muscle cell migration",34,0.316993694755282,1.10628196840753,0.338235294117647,0.606258911271159,0.504072486997481,1446,"tags=35%, list=15%, signal=30%","Tafa5/Gna12/Prkg1/Grb10/Ddr2/Igfbp5/Gna13/Myocd/Dock5/Dock4/Map3k7/Fgf9"
"GO:0032288","GO:0032288","myelin assembly",20,0.351403021012857,1.08479296406787,0.338235294117647,0.606258911271159,0.504072486997481,696,"tags=20%, list=7%, signal=19%","Tenm4/Pmp22/Mtmr2/Epb41l3"
"GO:0002260","GO:0002260","lymphocyte homeostasis",45,0.285980561877876,1.05931073237458,0.338103756708408,0.606258911271159,0.504072486997481,1101,"tags=18%, list=12%, signal=16%","Tgfb2/Rc3h1/Bcl2/Fas/Hif1a/Cd74/Tcirg1/Abl1"
"GO:0051496","GO:0051496","positive regulation of stress fiber assembly",41,-0.286626727430409,-1.08050710133392,0.338530066815145,0.606410380555825,0.504198425763256,815,"tags=17%, list=9%, signal=16%","Sorbs3/Sdc4/Rac1/Ccn2/Pfn2/Tac1/Nrp1"
"GO:0016339","GO:0016339","calcium-dependent cell-cell adhesion via plasma membrane cell adhesion molecules",21,0.354882841666562,1.10476447202328,0.340823970037453,0.606482895336066,0.504258717999693,1895,"tags=33%, list=20%, signal=27%","Cdh6/Cdh4/Nrxn1/Cdh10/Cdh2/Cdh7/Cdh18"
"GO:0002286","GO:0002286","T cell activation involved in immune response",40,0.298872917238429,1.08021875983008,0.34115523465704,0.606482895336066,0.504258717999693,905,"tags=15%, list=10%, signal=14%","Rora/Rc3h1/Ep300/Lef1/Cd74/Brd2"
"GO:0003351","GO:0003351","epithelial cilium movement involved in extracellular fluid movement",35,-0.295449917322344,-1.06947182523069,0.341304347826087,0.606482895336066,0.504258717999693,1219,"tags=20%, list=13%, signal=17%","Nek10/Spag6l/Vangl1/Rsph14/Daw1/Rsph1/Spag16"
"GO:1990928","GO:1990928","response to amino acid starvation",49,-0.274118246318594,-1.06923496162293,0.341121495327103,0.606482895336066,0.504258717999693,2557,"tags=41%, list=27%, signal=30%","Eif4ebp1/Flcn/Rragd/Lars1/Mapk8/Eif2ak2/Rragb/Map1lc3a/Eif2s1/Rragc/Sar1b/Map3k5/Mios/Eif2b1/Trim32/Atxn3/Gcn1/Nprl3/Itfg2/Sesn1"
"GO:0045185","GO:0045185","maintenance of protein location",48,0.284693055409398,1.06900013668004,0.339892665474061,0.606482895336066,0.504258717999693,1900,"tags=29%, list=20%, signal=23%","Insig1/Mprip/Igsf11/Dzip1/Tnrc6a/Ccdc88a/Ankrd13c/Rangap1/Kdelr3/Taf8/Pex5l/Taf3/Dbn1/Ank3"
"GO:1904659","GO:1904659","D-glucose transmembrane transport",66,0.26705995947597,1.06551323530603,0.340619307832423,0.606482895336066,0.504258717999693,1113,"tags=17%, list=12%, signal=15%","Gpc3/Erbb4/Slc1a2/Capn10/Slc27a1/Aspscr1/Stxbp4/Grb10/Prkca/Appl2/C2cd5"
"GO:0001704","GO:0001704","formation of primary germ layer",67,0.263814462686179,1.06122336054103,0.339857651245552,0.606482895336066,0.504258717999693,1935,"tags=27%, list=20%, signal=22%","Exoc4/Arid1a/Col11a1/Col5a1/Bmpr1a/Lef1/Ahdc1/Fgfr1/Smad1/Lama3/Tnrc6c/Acvr1/Kif16b/Bmpr2/Grb2/Mmp15/Col12a1/Mmp2"
"GO:0051310","GO:0051310","metaphase chromosome alignment",63,-0.257111046309677,-1.05765033467336,0.339449541284404,0.606482895336066,0.504258717999693,1862,"tags=29%, list=20%, signal=23%","Chmp4b/Brca2/Chmp3/Dsn1/Zw10/Abraxas2/Chmp7/Chmp1a/Map1s/Bub3/Abraxas1/Nsl1/Numa1/Nudc/Vps4b/Chmp5/Chmp2b/Chmp2a"
"GO:0007029","GO:0007029","endoplasmic reticulum organization",63,-0.257054411627279,-1.0574173626107,0.339449541284404,0.606482895336066,0.504258717999693,2042,"tags=30%, list=22%, signal=24%","Steep1/Polr2m/Reep1/Sec31a/Dmtn/Emc3/Lrrk2/Sec16a/Emc6/Tmed2/Rtn1/Get4/Zfyve27/Sgta/Bnip1/Arl6ip1/Shtn1/Rab5if/Esyt1"
"GO:0042593","GO:0042593","glucose homeostasis",175,0.225099375432003,1.05556725070446,0.339527027027027,0.606482895336066,0.504258717999693,1685,"tags=23%, list=18%, signal=19%","Zbtb20/Adcy5/Prkn/Ncor2/Tcf7l2/Epha5/Bace2/Adcy8/Pde3b/Foxo1/Atg7/Lrp5/Foxo3/Igf1r/Klf7/Sesn3/Ppp3ca/Aspscr1/Stxbp4/Tra2b/Hif1a/Mtnr1b/Hmgn3/Appl2/Igfbp5/Mbd5/G6pc2/Alms1/Foxk2/Cnr1/Pax6/Phkb/Tjp1/Gclm/Cacna1c/Ncoa5/Map4k4/Foxk1/Jagn1/Prkce"
"GO:0071695","GO:0071695","anatomical structure maturation",165,0.227239494640637,1.05006146118107,0.339130434782609,0.606482895336066,0.504258717999693,1015,"tags=15%, list=11%, signal=14%","Six3/Adgrb3/Nrcam/Pde3a/Tgfb2/Tut4/Asxl2/Bcl2/Xylt1/Pmp22/Nrxn1/Foxo3/Brd1/Rbpj/Runx1/Ext1/Plcb1/Fbxo5/Hif1a/Ankrd17/Fam20c/Fgfr3/Diaph3/Fgfr1/C1ql1"
"GO:0051302","GO:0051302","regulation of cell division",102,0.243869922535551,1.0493086793539,0.340501792114695,0.606482895336066,0.504258717999693,1685,"tags=24%, list=18%, signal=20%","Atxn10/Garem1/Tgfb2/Cdc14a/Wnk1/Kif13a/Cib1/Igf1r/Map9/Pdgfd/Arf6/Insc/Itgb1bp1/Rab11fip4/Pkp4/Svil/Pax6/Ncoa3/Kif20b/Fgf9/Kif14/Fgfr2/Klhl21/Prkce"
"GO:0008361","GO:0008361","regulation of cell size",143,0.227273829297511,1.04087562575988,0.34125636672326,0.606482895336066,0.504258717999693,2406,"tags=35%, list=25%, signal=26%","Vav3/Cdh4/Prkd1/Dscam/Wnk1/Smurf1/Ep300/Sema5a/Pum2/Ryk/Disc1/Adnp/Mgll/Arhgap5/Akt3/Map2/Ptprs/Ttc3/Abl1/Sema3g/Bdnf/E2f4/Ngf/Nherf1/Map3k7/Clasp2/C1qtnf9/Rufy3/Ist1/Bmpr2/Sema3f/Fgf13/Creb1/Dcx/Mtor/Ret/Dbn1/Golga4/Ano6/Atp2b2/Vegfa/Sema3a/Ttl/Slc12a4/Srf/Ntn1/Rptor/Rb1cc1/Add1/Vav2"
"GO:0051341","GO:0051341","regulation of oxidoreductase activity",26,-0.324578353109494,-1.08539714361922,0.342733188720174,0.608492307692308,0.505929438982071,1296,"tags=23%, list=14%, signal=20%","Phb2/Sirt3/Ndufa4/Oxa1l/Htr2b/Sdhaf4"
"GO:0051055","GO:0051055","negative regulation of lipid biosynthetic process",38,-0.290566785189264,-1.06590813416304,0.342857142857143,0.608492307692308,0.505929438982071,1254,"tags=26%, list=13%, signal=23%","Insig2/Wdtc1/Acadl/Pdgfa/Nr0b1/Sod1/Ubr4/Sik1/Idi2/Klhl25"
"GO:0120034","GO:0120034","positive regulation of plasma membrane bounded cell projection assembly",80,-0.240514438719231,-1.04151773895671,0.343181818181818,0.608693950575869,0.506097094463768,999,"tags=20%, list=11%, signal=18%","Tenm2/Rab11fip3/Ccp110/Actr2/Atmin/Fscn1/Ift20/Cdc42ep1/Nckap1/Rac1/Def8/Gm14137/Cyfip1/Fam98a/Kit/Nrp1"
"GO:0043038","GO:0043038","amino acid activation",35,-0.29447989503759,-1.06596053129366,0.343478260869565,0.608845300766949,0.506222934209472,2926,"tags=49%, list=31%, signal=34%","Aasdh/Farsb/Gatc/Cars1/Yars1/Sars1/Aars2/Iars2/Lars1/Wars1/Farsa/Qrsl1/Pars2/Tars3/Kars1/Lrrc47/Rars1"
"GO:0045005","GO:0045005","DNA-templated DNA replication maintenance of fidelity",40,0.298265878688503,1.07802473557513,0.344765342960289,0.608881352784735,0.506252909571366,1386,"tags=25%, list=15%, signal=21%","Eme2/Mms22l/Bod1l/Mcm9/Samhd1/Asf1a/Brca1/Polq/Wrn/Rad50"
"GO:2000648","GO:2000648","positive regulation of stem cell proliferation",28,0.322686387365541,1.07214926301416,0.344703770197487,0.608881352784735,0.506252909571366,2858,"tags=46%, list=30%, signal=33%","Lrp6/Ptprc/Sox9/Fgfr1/Ngf/Fgf9/Fgfr2/Hnrnpu/Kitl/Taf4b/Wnt5a/Fgf2/Gja1"
"GO:0051492","GO:0051492","regulation of stress fiber assembly",69,-0.251733028435376,-1.05721133007364,0.343963553530752,0.608881352784735,0.506252909571366,815,"tags=14%, list=9%, signal=13%","Sorbs3/Sdc4/Stmn1/Rac1/Ccn2/Coro2b/Pfn2/Tac1/Inpp5k/Nrp1"
"GO:0010212","GO:0010212","response to ionizing radiation",94,-0.235592137581568,-1.05303635038237,0.344594594594595,0.608881352784735,0.506252909571366,1685,"tags=20%, list=18%, signal=17%","Brat1/Rrm1/Kars1/Rad54l/Kdm1a/Net1/Gtf2h5/Alad/Abraxas1/Egr1/Casp3/Sod2/Rhob/Rad51ap1/Clk2/Rpl26/H2aj/Polb/Chek2"
"GO:0033673","GO:0033673","negative regulation of kinase activity",122,0.233497893963313,1.04061859493009,0.34375,0.608881352784735,0.506252909571366,1602,"tags=23%, list=17%, signal=19%","Prkn/Garem1/Prex1/Spred1/Prex2/Nr2f2/Slc8a1/Lrp6/Adar/Lats1/Ptprc/Hipk3/Chp1/Itgb1bp1/Prkca/Dab2ip/Abl1/Cdkn2c/Fem1a/Myocd/Spry2/Smyd3/Ptpro/Socs5/Zfyve28/Prkcd/Cep85/Ptprt"
"GO:0090277","GO:0090277","positive regulation of peptide hormone secretion",90,-0.233231025237077,-1.03745299689572,0.344671201814059,0.608881352784735,0.506252909571366,1414,"tags=23%, list=15%, signal=20%","Ppp3cb/Anxa7/Abat/Pfkfb2/Aimp1/Abcc8/Sirt3/Irs2/Sri/Ppard/Oga/Serp1/Prkcb/Camk2n1/Glul/Rac1/Slc30a8/Arrb1/Rasl10b/Mpc2/Lrp1"
"GO:0045022","GO:0045022","early endosome to late endosome transport",33,-0.29603913799264,-1.05592873497213,0.345054945054945,0.609019866302608,0.50636807629657,532,"tags=24%, list=6%, signal=23%","Chmp3/Msn/Snx3/Map2k1/Ptpn23/Rab21/Lmtk2/Vps11"
"GO:1903321","GO:1903321","negative regulation of protein modification by small protein conjugation or removal",54,-0.261449470017858,-1.04548684748047,0.347126436781609,0.612301311118141,0.509096425551911,1447,"tags=26%, list=15%, signal=22%","Gclc/Mad2l2/Limk1/Svbp/Hmg20b/Ogt/Hdac8/Rpl23/Rpl5/Ctnnb1/Rasd2/Arrb1/Dnajb2/Cry1"
"GO:0003044","GO:0003044","regulation of systemic arterial blood pressure mediated by a chemical signal",21,0.354267554304628,1.10284905787038,0.348314606741573,0.614021592813384,0.510526749554307,943,"tags=24%, list=10%, signal=21%","Adra1d/Agtr1b/Adrb2/Nr3c2/Ndst2"
"GO:0033598","GO:0033598","mammary gland epithelial cell proliferation",20,0.346447646381027,1.06949555564083,0.349264705882353,0.615320349275935,0.511606597434331,602,"tags=20%, list=6%, signal=19%","Robo1/Zfp703/Btrc/Rreb1"
"GO:0045932","GO:0045932","negative regulation of muscle contraction",21,0.352642564596112,1.09779039995122,0.350187265917603,0.615417783116203,0.511687608562198,1290,"tags=33%, list=14%, signal=29%","Adrb2/Calcrl/Prkg1/Arhgap42/Pde5a/Dock5/Dock4"
"GO:0098884","GO:0098884","postsynaptic neurotransmitter receptor internalization",40,-0.286564775415528,-1.06727477585199,0.350446428571429,0.615417783116203,0.511687608562198,2171,"tags=32%, list=23%, signal=25%","Ophn1/Usp46/Ap2a2/Pick1/Rala/Synj1/Arc/Sh3glb2/Ppp3r1/Ap2b1/Ap2m1/Pacsin1/Lrp1"
"GO:0140239","GO:0140239","postsynaptic endocytosis",40,-0.286564775415528,-1.06727477585199,0.350446428571429,0.615417783116203,0.511687608562198,2171,"tags=32%, list=23%, signal=25%","Ophn1/Usp46/Ap2a2/Pick1/Rala/Synj1/Arc/Sh3glb2/Ppp3r1/Ap2b1/Ap2m1/Pacsin1/Lrp1"
"GO:1903078","GO:1903078","positive regulation of protein localization to plasma membrane",43,0.28923155980647,1.06448980848557,0.350813743218806,0.615417783116203,0.511687608562198,2470,"tags=35%, list=26%, signal=26%","Egfr/Epha3/Nrxn1/Cib1/Arhgef16/Arf6/Grip1/Dpp6/Dpp10/Cnst/Acsl3/Ramp3/Kif5b/Ephb2/Itgb1"
"GO:0014823","GO:0014823","response to activity",42,-0.277714859926002,-1.05533357630114,0.350446428571429,0.615417783116203,0.511687608562198,2114,"tags=33%, list=22%, signal=26%","Prkaa2/Uqcrc1/Slc25a25/Cab39/Gclc/Fkrp/Hspa8/Ppard/Alad/Fn1/Kl/Cry1/Sod2/Fos"
"GO:0033500","GO:0033500","carbohydrate homeostasis",176,0.223254891546091,1.04784388654256,0.350253807106599,0.615417783116203,0.511687608562198,1685,"tags=23%, list=18%, signal=19%","Zbtb20/Adcy5/Prkn/Ncor2/Tcf7l2/Epha5/Bace2/Adcy8/Pde3b/Foxo1/Atg7/Lrp5/Foxo3/Igf1r/Klf7/Sesn3/Ppp3ca/Aspscr1/Stxbp4/Tra2b/Hif1a/Mtnr1b/Hmgn3/Appl2/Igfbp5/Mbd5/G6pc2/Alms1/Foxk2/Cnr1/Pax6/Phkb/Tjp1/Gclm/Cacna1c/Ncoa5/Map4k4/Foxk1/Jagn1/Prkce"
"GO:0032943","GO:0032943","mononuclear cell proliferation",131,0.230741049696436,1.04003554737677,0.350604490500864,0.615417783116203,0.511687608562198,1810,"tags=26%, list=19%, signal=21%","Vav3/Rc3h1/Fyn/Bcl2/Mad1l1/Alkbh5/Atad5/Igfbp2/Ppp3ca/Lef1/Efnb1/Ptprc/Nck2/Cd74/Sh3rf1/Tfrc/Pde5a/Abl1/Pawr/Itch/Rasgrp1/Tgfbr2/Atm/Scrib/Zfp335/Prkcd/Gpam/Adk/Marchf7/Tirap/Rac2/Tacr1/Irf1/Wnt4"
"GO:0006518","GO:0006518","peptide metabolic process",34,0.313303307856248,1.09340282112355,0.351102941176471,0.615550688360451,0.511798112302032,2538,"tags=38%, list=27%, signal=28%","Tapbp/Slc1a2/Cpn1/Cpq/Tpp1/Gclm/Npepps/Eif2ak3/Dmd/Ctsh/Ide/Mipep/Mgst2"
"GO:0097006","GO:0097006","regulation of plasma lipoprotein particle levels",25,0.336812719359866,1.08183786454387,0.35195530726257,0.616670173842802,0.512728905764619,1224,"tags=20%, list=13%, signal=17%","Lpcat3/Mylip/Apoa1/Lmf1/Mfsd2a"
"GO:0021680","GO:0021680","cerebellar Purkinje cell layer development",29,0.323926784604947,1.0865307778006,0.352415026833631,0.617100751298235,0.513086908335418,392,"tags=10%, list=4%, signal=10%","Foxp2/Rora/Atg7"
"GO:0045922","GO:0045922","negative regulation of fatty acid metabolic process",21,0.350962264634262,1.09255955900248,0.353932584269663,0.61756741821397,0.5134749173996,1224,"tags=33%, list=13%, signal=29%","Insig1/Sox9/Dcaf5/Appl2/Brca1/Cnr1/Mfsd2a"
"GO:0006110","GO:0006110","regulation of glycolytic process",35,0.310538140456807,1.08780340918117,0.354243542435424,0.61756741821397,0.5134749173996,2299,"tags=40%, list=24%, signal=30%","Zbtb20/Ppargc1a/Hdac4/Ep300/Hif1a/Slc4a4/Ppara/Mtch2/Cbfa2t3/Mtor/Prkag1/Ncor1/Jmjd8/Rptor"
"GO:0030811","GO:0030811","regulation of nucleotide catabolic process",35,0.310538140456807,1.08780340918117,0.354243542435424,0.61756741821397,0.5134749173996,2299,"tags=40%, list=24%, signal=30%","Zbtb20/Ppargc1a/Hdac4/Ep300/Hif1a/Slc4a4/Ppara/Mtch2/Cbfa2t3/Mtor/Prkag1/Ncor1/Jmjd8/Rptor"
"GO:0033121","GO:0033121","regulation of purine nucleotide catabolic process",35,0.310538140456807,1.08780340918117,0.354243542435424,0.61756741821397,0.5134749173996,2299,"tags=40%, list=24%, signal=30%","Zbtb20/Ppargc1a/Hdac4/Ep300/Hif1a/Slc4a4/Ppara/Mtch2/Cbfa2t3/Mtor/Prkag1/Ncor1/Jmjd8/Rptor"
"GO:0070316","GO:0070316","regulation of G0 to G1 transition",24,0.337895971267222,1.07859624524686,0.355555555555556,0.61756741821397,0.5134749173996,1219,"tags=29%, list=13%, signal=25%","Arid1a/Arid2/Pbrm1/Actl6a/Dpf3/Dab2ip/Smarcd2"
"GO:0001937","GO:0001937","negative regulation of endothelial cell proliferation",22,-0.339933858501648,-1.07756815295605,0.354700854700855,0.61756741821397,0.5134749173996,2655,"tags=36%, list=28%, signal=26%","Krit1/Mmrn2/Alox5/Sulf1/Aimp1/Nf1/Tsc2/Flt1"
"GO:0030517","GO:0030517","negative regulation of axon extension",23,0.34053987932049,1.0729781639514,0.355932203389831,0.61756741821397,0.5134749173996,2681,"tags=48%, list=28%, signal=34%","Sema5a/Ryk/Map2/Ptprs/Ttc3/Sema3g/Sema3f/Sema3a/Ntn1/Rnf6/Wnt5a"
"GO:0099010","GO:0099010","modification of postsynaptic structure",41,0.294732396994438,1.07251588153139,0.354430379746835,0.61756741821397,0.5134749173996,1421,"tags=29%, list=15%, signal=25%","Kalrn/Ctnna2/Cap2/Filip1/Ptk2/Dlgap4/Wasf3/Sptb/Prmt8/Amot/Itsn1/Dip2a"
"GO:1902108","GO:1902108","regulation of mitochondrial membrane permeability involved in apoptotic process",24,-0.329902678774321,-1.06948696185812,0.354978354978355,0.61756741821397,0.5134749173996,3125,"tags=54%, list=33%, signal=36%","Bak1/Hip1r/Bcl2l1/Mul1/Siva1/Chchd10/Slc25a5/Gclc/Bnip3l/Tmem14a/Vdac2/Bnip3/Bok"
"GO:0015749","GO:0015749","monosaccharide transmembrane transport",69,0.260729886635676,1.05560625856576,0.355239786856128,0.61756741821397,0.5134749173996,1113,"tags=16%, list=12%, signal=14%","Gpc3/Erbb4/Slc1a2/Capn10/Slc27a1/Aspscr1/Stxbp4/Grb10/Prkca/Appl2/C2cd5"
"GO:0070918","GO:0070918","regulatory ncRNA processing",36,-0.290070905705297,-1.05371520643207,0.355603448275862,0.61756741821397,0.5134749173996,2083,"tags=28%, list=22%, signal=22%","Ago2/Ago1/Stat3/Ddx3x/Piwil1/Ncbp2/Mettl3/Hnrnpa2b1/Gtsf1/Ddx5"
"GO:0034103","GO:0034103","regulation of tissue remodeling",47,-0.27191963038095,-1.05156996405612,0.355203619909502,0.61756741821397,0.5134749173996,841,"tags=15%, list=9%, signal=14%","Flt4/Nf1/Inpp4b/Def8/Cyp19a1/Pdk4/Lrp1"
"GO:0046032","GO:0046032","ADP catabolic process",72,-0.244933585629296,-1.0456835101227,0.354767184035477,0.61756741821397,0.5134749173996,1487,"tags=32%, list=16%, signal=27%","Sirt6/Prkaa2/Pgk1/Stat3/Nt5e/Ddit4/Fkrp/Pfkfb2/Gapdh/Uchl1/Ampd3/Eno2/Eno1/Pfkl/Ogt/Pkm/Gpi1/Eif6/Ppp2ca/Bpgm/Pgam1/Gale/Esrrb"
"GO:2001237","GO:2001237","negative regulation of extrinsic apoptotic signaling pathway",53,-0.262049267808753,-1.04385958537387,0.356164383561644,0.61756741821397,0.5134749173996,190,"tags=9%, list=2%, signal=9%","Pea15a/Psme3/Nrp1/Hgf/Gstp3"
"GO:0016052","GO:0016052","carbohydrate catabolic process",110,-0.227766702241137,-1.0409585437303,0.35632183908046,0.61756741821397,0.5134749173996,2187,"tags=30%, list=23%, signal=23%","Gk5/Scarb2/Sirt6/Prkaa2/Pgk1/Stat3/Gm2a/Neu2/Neu3/Wipi1/Ddit4/Fkrp/Pfkfb2/Gapdh/Uchl1/Eno2/Eno1/Pfkl/Phkg1/Ogt/Pkm/Gpi1/Eif6/Ppp2ca/Pgm2/Ldha/Bpgm/Pgam1/Gabarapl1/Pgm1/Gale/Lct/Esrrb"
"GO:0031507","GO:0031507","heterochromatin formation",98,0.244051732991996,1.03884580802334,0.35623869801085,0.61756741821397,0.5134749173996,2227,"tags=31%, list=24%, signal=24%","Atf7ip/Ncor2/Baz1a/Uhrf1/Phf2/Cdyl/Resf1/Ehmt1/Rif1/Spen/Uty/H1f0/Rbm15/Ubr2/Brca1/Ezh2/Smchd1/Mphosph8/Tdrd9/Trip12/Tdrd12/Bend3/Baz2a/Sirt2/Pphln1/L3mbtl1/Kmt2a/Hnrnpu/Eed/Ubr5"
"GO:0044282","GO:0044282","small molecule catabolic process",200,-0.210300343699541,-1.03738649464648,0.354368932038835,0.61756741821397,0.5134749173996,2353,"tags=28%, list=25%, signal=22%","Aldh2/Bdh2/Mccc1/Dlst/Gk5/Got1/Park7/Aldh6a1/Nos2/Hadhb/Pgk1/Arg2/Cpt1a/Acat1/Slc25a17/Dlat/Asrgl1/Acad9/Bckdha/Abhd2/Entpd4/Glo1/Abat/Pfkfb2/Gapdh/Acot7/Eno2/Eno1/Pfkl/Acaa1b/Tysnd1/Irs2/Gcat/Ppard/Nudt7/Pkm/Acadl/Nudt1/Aldh5a1/Gpi1/Dbi/Oat/Ldha/Got2/Esd/Blmh/Oaz1/Qdpr/Akr1d1/Dbt/Hadha/Pgm1/Crat/Dld/Aadat/Gale/Scp2"
"GO:0070884","GO:0070884","regulation of calcineurin-NFAT signaling cascade",25,0.334343656820391,1.07390726931514,0.357541899441341,0.619309812605902,0.514923626949502,2011,"tags=36%, list=21%, signal=28%","Cib1/Ppp3ca/Chp1/Homer2/Nfat5/Slc9a1/Mtor/Ptbp1/Camta1"
"GO:0021766","GO:0021766","hippocampus development",76,0.256490097330416,1.04730759626461,0.358974358974359,0.621417797888386,0.51667630614999,1937,"tags=29%, list=20%, signal=23%","Dab1/Bcan/Lrp8/Epha5/Kirrel3/Gli3/Vps13b/Dclk2/Lef1/Ptprs/Prox1/Ezh2/Mfsd2a/Ncoa1/Large1/Tsku/Kif14/Fgf13/Ogdh/Dcx/Zeb2/Pomt2"
"GO:0042102","GO:0042102","positive regulation of T cell proliferation",29,0.321238338951882,1.07751306427604,0.359570661896243,0.622076658013657,0.517224113787543,1722,"tags=31%, list=18%, signal=25%","Igfbp2/Ppp3ca/Efnb1/Ptprc/Nck2/Tfrc/Tgfbr2/Gpam/Adk"
"GO:0070570","GO:0070570","regulation of neuron projection regeneration",32,0.314099973388059,1.07875072302983,0.361161524500907,0.62239665026954,0.517490170565009,1578,"tags=34%, list=17%, signal=29%","Ptprf/Xylt1/Epha4/Igf1r/Pum2/Rtn4rl1/Ptprs/Neo1/Grn/Diaph2/Map4k4"
"GO:0006476","GO:0006476","protein deacetylation",32,0.313941235558305,1.07820555090908,0.361161524500907,0.62239665026954,0.517490170565009,728,"tags=16%, list=8%, signal=14%","Ncor2/Hdac4/Spred1/Ep300/Spred2"
"GO:0007520","GO:0007520","myoblast fusion",24,0.33716605382545,1.07626627898807,0.361111111111111,0.62239665026954,0.517490170565009,1978,"tags=25%, list=21%, signal=20%","Adgrb3/Dock1/Neo1/Dock5/Tanc1/Adgrb1"
"GO:0002639","GO:0002639","positive regulation of immunoglobulin production",25,0.333374560332903,1.07079454460405,0.361266294227188,0.62239665026954,0.517490170565009,1275,"tags=28%, list=13%, signal=24%","Shld2/Atad5/Rif1/Ptprc/Kmt5b/Tfrc/Paxip1"
"GO:0007099","GO:0007099","centriole replication",30,-0.307353777440538,-1.06585415827369,0.36036036036036,0.62239665026954,0.517490170565009,904,"tags=17%, list=10%, signal=15%","Ccp110/Vps4b/Cetn4/Chmp2a/Kat2a"
"GO:1902652","GO:1902652","secondary alcohol metabolic process",91,0.245884523984564,1.04668541755038,0.360424028268551,0.62239665026954,0.517490170565009,1541,"tags=22%, list=16%, signal=19%","Lpcat3/Insig1/Qki/Srebf2/Gpr146/Scap/Pmp22/Lrp5/Srebf1/Apoa1/Fgfr1/Lmf1/Disp3/Npc2/Tsku/Lss/Fdft1/Dhcr7/Cyp7b1/Idh2"
"GO:0017148","GO:0017148","negative regulation of translation",88,-0.230430087610059,-1.02007231184239,0.360986547085202,0.62239665026954,0.517490170565009,2083,"tags=33%, list=22%, signal=26%","Ago2/Rida/Igf2bp2/Eif2ak2/Ago1/Btg2/Rgs2/Pcif1/Malsu1/Rack1/Ddx3x/Eif4g1/Cnot10/Ireb2/Eif2s1/Cpeb1/Gapdh/Eif4a3/Zfp598/Eif6/Fxr1/Cirbp/Parp16/Paip2/Limd1/Alkbh3/Srp9/Cyfip1/Tob1"
"GO:0071542","GO:0071542","dopaminergic neuron differentiation",21,-0.344324401508709,-1.07899453146568,0.363247863247863,0.625063745588805,0.519707720436272,2712,"tags=62%, list=29%, signal=44%","Shh/Fmc1/Tiam1/Rspo2/Smo/Dvl3/Neurog2/Nr4a2/Dmrta2/Ctnnb1/Hprt1/Rac1/Id2"
"GO:0042398","GO:0042398","modified amino acid biosynthetic process",29,0.320050022846111,1.0735271573241,0.363148479427549,0.625063745588805,0.519707720436272,1836,"tags=28%, list=19%, signal=22%","Slc1a2/Slc27a1/Mthfd1l/Ptdss2/Mthfd1/Gclm/Gamt/Eif2ak3"
"GO:0021695","GO:0021695","cerebellar cortex development",51,0.276108085705556,1.0521517956145,0.365079365079365,0.627840720863977,0.522016629727768,1210,"tags=20%, list=13%, signal=17%","Foxp2/Rora/Pcnt/Atg7/Grid2/Nrxn1/Wnt7a/Ttbk2/Prox1/Ezh2"
"GO:0006270","GO:0006270","DNA replication initiation",21,-0.342861048569725,-1.07440888545323,0.365384615384615,0.62784498161878,0.522020172321914,3615,"tags=52%, list=38%, signal=32%","Gmnn/Orc3/Ticrr/Kat7/Ciz1/Wrnip1/Noc3l/Mcm4/Ccne1/Orc4/Mcm6"
"GO:0019722","GO:0019722","calcium-mediated signaling",123,0.230144360338646,1.0284486703277,0.36551724137931,0.62784498161878,0.522020172321914,2368,"tags=32%, list=25%, signal=24%","Exoc4/Agtr1b/Nfatc1/Prkd1/Hdac4/Ank2/Calcr/Cib1/Slc8a1/Ppp3ca/Nfatc3/Ptprc/Tox3/Chp1/Alms1/Sgcd/Homer2/Negr1/Grm5/Pdgfrb/Chrm3/Nfat5/Cacna1c/Slc9a1/Casq1/Mtor/Ptbp1/Eif2ak3/Itpr2/Atp1b1/Dmd/Camta1/Gria1/Mcoln1/Car8/Htt/Ramp3/Grik1/Samd14"
"GO:0014046","GO:0014046","dopamine secretion",26,-0.320988735377446,-1.07339338306118,0.366594360086768,0.628945578407905,0.522935260826778,2820,"tags=50%, list=30%, signal=35%","Myo5a/Npy2r/Pink1/Syt7/Chrna4/Snca/Rtn4/Oprk1/Htr1b/Rab3a/Abat/Comt/Prkcb"
"GO:0061082","GO:0061082","myeloid leukocyte cytokine production",34,-0.292071746143096,-1.051939547766,0.366812227074236,0.628945578407905,0.522935260826778,1004,"tags=53%, list=11%, signal=48%","Cuedc2/Psen2/Bcl6/Twist2/Panx1/Gas6/Ripk2/Rtn4/Mapkapk2/Sema7a/Tgfb3/Nr4a3/Ddx1/Mif/Ddx21/Gprc5b/Kit/Rabgef1"
"GO:0002793","GO:0002793","positive regulation of peptide secretion",92,-0.23086327282553,-1.03013548726044,0.366515837104072,0.628945578407905,0.522935260826778,1414,"tags=23%, list=15%, signal=20%","Ppp3cb/Anxa7/Abat/Pfkfb2/Aimp1/Abcc8/Sirt3/Irs2/Sri/Ppard/Oga/Serp1/Prkcb/Camk2n1/Glul/Rac1/Slc30a8/Arrb1/Rasl10b/Mpc2/Lrp1"
"GO:0072330","GO:0072330","monocarboxylic acid biosynthetic process",110,-0.226951469451385,-1.03723269825214,0.367816091954023,0.630292102908736,0.524054825325243,1829,"tags=27%, list=19%, signal=22%","Ldhb/Prkab1/Dse/Cbr4/Hacd3/Cthrc1/Abhd2/Olah/Insig2/Pecr/Acot7/Wdtc1/Pkm/Acadl/Eif6/Mif/Lipc/Ldha/Ubr4/Ndufab1/Akr1d1/Acly/Errfi1/Ptges3/Fabp5/Klhl25/Ptgs1/Tecr/Pdk4/Gstp3"
"GO:0001707","GO:0001707","mesoderm formation",32,0.31280366811672,1.07429866837461,0.368421052631579,0.630674312710771,0.524372612729081,1599,"tags=25%, list=17%, signal=21%","Exoc4/Bmpr1a/Lef1/Ahdc1/Fgfr1/Smad1/Acvr1/Bmpr2"
"GO:0043247","GO:0043247","telomere maintenance in response to DNA damage",22,0.340274724737359,1.07083240821605,0.368913857677903,0.630674312710771,0.524372612729081,2459,"tags=41%, list=26%, signal=30%","Shld2/Ino80/Rif1/Actl6a/Nbn/Acd/Ino80c/Ino80d/Actr5"
"GO:0050854","GO:0050854","regulation of antigen receptor-mediated signaling pathway",29,0.318982187521329,1.06994537279395,0.368515205724508,0.630674312710771,0.524372612729081,2706,"tags=38%, list=29%, signal=27%","Rc3h1/Btrc/Ptprc/Ubr2/Pawr/Usp12/Cblb/Laptm5/Elf1/Lipa/Lyn"
"GO:0045824","GO:0045824","negative regulation of innate immune response",39,0.294834193316799,1.06307213542183,0.368896925858951,0.630674312710771,0.524372612729081,2721,"tags=46%, list=29%, signal=33%","Tap1/Stat2/Tap2/Adar/Samhd1/Usp38/Gigyf2/Smpdl3b/Grn/Parp14/Zdhhc18/Usp15/Tyro3/Nmi/Eif4e2/Susd4/Ythdf2/Ythdf3"
"GO:0051983","GO:0051983","regulation of chromosome segregation",87,0.245604105157354,1.03419797161138,0.369449378330373,0.631215644019429,0.524822701319899,2361,"tags=32%, list=25%, signal=24%","Arid1a/Arhgap33os/Arid2/Mad1l1/Pum2/Pbrm1/Fbxo5/Actl6a/Dpf3/Rcc2/Smc4/Smarcd2/Cenpe/Hecw2/Atm/Mki67/Ndc80/Cdk5rap2/Bub1b/Mapk15/Sirt2/Xrcc3/Ncapd2/Brd7/Hnrnpu/Phf10/Bcl7a/Nek6"
"GO:1905898","GO:1905898","positive regulation of response to endoplasmic reticulum stress",24,-0.323774011866236,-1.04961889235314,0.37012987012987,0.631900182369226,0.525391859054345,3547,"tags=58%, list=37%, signal=37%","Ern1/Serinc3/Herpud1/Rnft1/Bak1/Tmem67/Xbp1/Tmem33/Usp13/Stub1/Tmem259/Sgta/Atxn3/Bok"
"GO:0046850","GO:0046850","regulation of bone remodeling",32,-0.29544786472991,-1.04737159044857,0.370288248337029,0.631900182369226,0.525391859054345,736,"tags=16%, list=8%, signal=14%","Nf1/Inpp4b/Def8/Cyp19a1/Pdk4"
"GO:0031669","GO:0031669","cellular response to nutrient levels",175,-0.21167909184454,-1.0343353242436,0.370731707317073,0.632282817210195,0.525709999855764,2252,"tags=31%, list=24%, signal=24%","Lars1/Pak2/Stk26/Stk24/Prkaa2/Mcu/Mapk8/Eif2ak2/Jun/Asns/Rragb/Prkab1/Tnks/Pick1/Ywhag/Lrrk2/Wipi1/Otud3/Map1lc3a/Eif4g1/Ralb/Eif2s1/Rragc/Comt/Sar1b/Map3k5/Col1a1/Abcc8/Mios/Rps6kb1/Ogt/Ripor1/Atg4b/Tnc/Ppard/Smdt1/Trim32/Gdap1/Prr5/Glul/Tsc2/Atxn3/Lamp2/Ywhaz/Yme1l1/Gabarapl1/Gcn1/Nprl3/Sec13/Itfg2/Sesn1/Fos/Higd1a/Gabarapl2/Pdk4"
"GO:0006638","GO:0006638","neutral lipid metabolic process",73,0.255506170054362,1.03994841245896,0.371376811594203,0.63300870250454,0.526313535405994,1697,"tags=23%, list=18%, signal=19%","Insig1/Tcf7l2/Slc27a1/Plce1/Srebf1/Gk2/Dgkb/Mgll/Lmf1/Pgs1/Mfsd2a/Agmo/Agpat5/Gpam/Pla2g15/Tbl1xr1/Nr1h3"
"GO:0002437","GO:0002437","inflammatory response to antigenic stimulus",22,-0.335215687130447,-1.06261185753962,0.371794871794872,0.633326778105539,0.526577998585451,1561,"tags=45%, list=16%, signal=38%","Ahcyl/Adcyap1/Park7/Kars1/Mkrn2/Hmgb2/Cd81/Npy5r/Fosl2/Psma1"
"GO:2000351","GO:2000351","regulation of endothelial cell apoptotic process",24,0.331218434253982,1.05728090868642,0.372222222222222,0.633326778105539,0.526577998585451,2392,"tags=33%, list=25%, signal=25%","Foxo3/Sema5a/Abl1/Pak4/Ano6/Angpt1/Col18a1/Braf"
"GO:1903555","GO:1903555","regulation of tumor necrosis factor superfamily cytokine production",68,-0.247613380002278,-1.03841377670424,0.372146118721461,0.633326778105539,0.526577998585451,2773,"tags=34%, list=29%, signal=24%","Adam17/Gas6/Tspo/Adam8/Ripk2/Selenok/Mapkapk2/Arg2/Ltf/Fadd/Tbc1d23/Stat3/Ptpn11/Hspd1/Rad21/Lrrk2/Abcc8/Cactin/Arhgef2/Mif/Fxr1/Errfi1/Gstp3"
"GO:0006801","GO:0006801","superoxide metabolic process",28,-0.313852318038023,-1.06397420527003,0.373033707865169,0.634333262666949,0.52741483770907,2299,"tags=39%, list=24%, signal=30%","Gnai3/Park7/Nos2/Nox4/Nox3/Sh3pxd2a/Cygb/Prdx1/Mapt/Sod1/Sod2"
"GO:0031047","GO:0031047","regulatory ncRNA-mediated gene silencing",72,0.256002648471794,1.03793344678289,0.373865698729583,0.635373409037193,0.528279664861203,1284,"tags=21%, list=14%, signal=18%","Wtip/Tut4/Ddx17/Helz/Tnrc6b/Cnot2/Adar/Elavl1/Pum2/Tnrc6a/Ago4/Ncbp3/Ezh2/Tnrc6c/Ago3"
"GO:0042908","GO:0042908","xenobiotic transport",21,0.345257334768469,1.07479988428415,0.374531835205993,0.6361306317633,0.528909255842323,1473,"tags=24%, list=16%, signal=20%","Slc31a1/Slc15a2/Ralbp1/Abcc6/Abcc10"
"GO:0019228","GO:0019228","neuronal action potential",38,0.297263246033356,1.06497166095159,0.374771480804388,0.636163008028166,0.528936175008454,2267,"tags=37%, list=24%, signal=28%","Pmp22/Kcnd2/Fgf12/Mtnr1b/Dpp6/Pawr/Chrna1/Scn8a/Mtor/Ank3/Gria1/Kcnq2/Kcnq3/Fmr1"
"GO:0002712","GO:0002712","regulation of B cell mediated immunity",26,0.326718952669964,1.0553039868398,0.375231053604436,0.636194214341678,0.528962121421396,1275,"tags=27%, list=13%, signal=23%","Shld2/Atad5/Rif1/Ptprc/Kmt5b/Tfrc/Paxip1"
"GO:0002889","GO:0002889","regulation of immunoglobulin mediated immune response",26,0.326718952669964,1.0553039868398,0.375231053604436,0.636194214341678,0.528962121421396,1275,"tags=27%, list=13%, signal=23%","Shld2/Atad5/Rif1/Ptprc/Kmt5b/Tfrc/Paxip1"
"GO:0033028","GO:0033028","myeloid cell apoptotic process",22,0.338842002801499,1.06632368344355,0.376404494382022,0.636313342202669,0.529061169989663,2576,"tags=45%, list=27%, signal=33%","Bcl2/Itpkb/Arf6/Thra/Pik3cb/Fcer1g/Kitl/Maea/Plekho2/Lipa"
"GO:0034067","GO:0034067","protein localization to Golgi apparatus",21,-0.339396954731448,-1.06355360394659,0.376068376068376,0.636313342202669,0.529061169989663,1453,"tags=29%, list=15%, signal=24%","Arfrp1/Sorl1/Optn/Rab6a/Ripor1/Ift20"
"GO:0006687","GO:0006687","glycosphingolipid metabolic process",31,-0.301495783442103,-1.0601891202131,0.376106194690265,0.636313342202669,0.529061169989663,2154,"tags=42%, list=23%, signal=33%","Hexa/St8sia6/Psap/B4galt5/Gm2a/Neu2/Neu3/Tm9sf2/B4galt6/St6galnac5/A4galt/Kit/Lct"
"GO:0050886","GO:0050886","endocrine process",49,-0.268452756328513,-1.04713595853402,0.376168224299065,0.636313342202669,0.529061169989663,2899,"tags=43%, list=31%, signal=30%","Kdm5b/Ece1/Atp6ap2/Tspo/Drd5/Oprk1/Wnk4/Rab8b/Edn3/Ptpn11/Rab11fip1/Selenom/Aqp1/Prep/Comt/Rab11fip3/Cry1/Crhr2/Rasl10b/Tac1/Cyp19a1"
"GO:0046883","GO:0046883","regulation of hormone secretion",190,0.218507103510773,1.03496474169537,0.376271186440678,0.636313342202669,0.529061169989663,1822,"tags=24%, list=19%, signal=20%","Kalrn/Adcy5/Prkn/Chd7/Prkd1/Tcf7l2/Egfr/Capn10/Epha5/Adcy8/Pde3b/Foxo1/Atg7/Lrp5/Srebf1/Glud1/Klf7/Ppp3ca/Runx1/Stxbp4/Rest/Plcb1/Hif1a/Clock/Mtnr1b/Hmgn3/Tcirg1/Fgfr1/G6pc2/Cnr1/Cask/Gnao1/Arhgef7/Itsn1/Chrm3/Cckbr/Cacna1c/Map4k4/Pex5l/Creb1/Jagn1/Prkce/Ptbp1/Tacr1/Sox4/Mtnr1a"
"GO:0021536","GO:0021536","diencephalon development",47,0.278431430930938,1.04159147529836,0.376785714285714,0.636584651435267,0.529286749386648,1251,"tags=26%, list=13%, signal=22%","Six3/Kcnc1/Tcf7l2/Kcnc2/Bmpr1a/Lrp6/Sema5a/Rbpj/Pou3f2/Otx1/Ncoa1/Pax6"
"GO:0001919","GO:0001919","regulation of receptor recycling",20,-0.346986297416967,-1.06891633543093,0.377729257641921,0.637805139952753,0.530301521575433,2781,"tags=45%, list=29%, signal=32%","Ece1/Eps15/Snca/Nsg1/Optn/Nsf/Ap1ar/Vamp3/Chmp5"
"GO:0031646","GO:0031646","positive regulation of nervous system process",33,0.310637855207345,1.07729128807793,0.378427787934186,0.637864255056805,0.530350672683919,1413,"tags=27%, list=15%, signal=23%","Qki/Srebf2/Pard3/Tenm4/Ntsr1/Wasf3/Mtnr1b/Pawr/Nrdc"
"GO:0090311","GO:0090311","regulation of protein deacetylation",21,0.34325908336362,1.06857924778372,0.378277153558052,0.637864255056805,0.530350672683919,728,"tags=19%, list=8%, signal=18%","Ncor2/Spred1/Ep300/Spred2"
"GO:0008088","GO:0008088","axo-dendritic transport",70,-0.242711700245984,-1.03059103621272,0.378318584070796,0.637864255056805,0.530350672683919,1781,"tags=23%, list=19%, signal=19%","Sfpq/Kif21a/Stau1/Spg7/Kif1a/Actr10/Hspa8/Uchl1/Mapt/Sod1/Pafah1b1/Rab21/Bloc1s1/Hsbp1/Kif21b/Rabgef1"
"GO:0009268","GO:0009268","response to pH",25,0.329154726071782,1.05724049446468,0.379888268156425,0.638501236754512,0.530880289556456,2918,"tags=44%, list=31%, signal=31%","Kcnk3/Asic2/Chp1/Sts/Slc9a1/Mcoln1/Sst/Tg/Gja1/Hyal1/Kcnk9"
"GO:0048169","GO:0048169","regulation of long-term neuronal synaptic plasticity",29,-0.307821984792847,-1.05657308982813,0.379232505643341,0.638501236754512,0.530880289556456,3348,"tags=55%, list=35%, signal=36%","Grin2a/Synpo/Hras/Neto1/Rab5a/Grin1/Snca/Neurl1a/S100b/Shank3/Kras/Rab8a/Nf1/Fxr1/Egr1/Kit"
"GO:0035272","GO:0035272","exocrine system development",34,-0.29071342500392,-1.0470473534893,0.379912663755459,0.638501236754512,0.530880289556456,98,"tags=21%, list=1%, signal=20%","Plxnd1/Pdgfa/Rab26/Lama5/Polb/Nrp1/Hgf"
"GO:1903828","GO:1903828","negative regulation of protein localization",171,0.222008310656314,1.03577343759109,0.379251700680272,0.638501236754512,0.530880289556456,2147,"tags=28%, list=23%, signal=22%","Insig1/Prkn/Ppp2r5a/Wnk1/Pde3b/Foxo1/Srebf1/Astn2/Lyplal1/Mark3/Klf7/Lats1/Dclk2/Ppp3ca/Arf6/Otud7b/Rest/Hectd1/Chp1/Mtnr1b/Itgb1bp1/Ttbk2/Mfhas1/Sapcd2/Neo1/Ppfia1/Ankrd13a/Spi1/Gnao1/Rangap1/Abhd17a/Idh2/Map4k4/Jagn1/Nr1h3/Mdfic/Mtor/Bag3/Mtnr1a/Apod/Lzts2/Numb/Derl3/Fzd9/Angpt1/Frmd4a/Cabp1/Snx33"
"GO:0071887","GO:0071887","leukocyte apoptotic process",63,0.260884823283658,1.03533691271143,0.379858657243816,0.638501236754512,0.530880289556456,952,"tags=16%, list=10%, signal=14%","Bcl11b/Tgfb2/Bcl2/Gli3/Fas/Itpkb/Hif1a/Cd74/St3gal1/Casp7"
"GO:0050714","GO:0050714","positive regulation of protein secretion",107,-0.226279964751936,-1.02653672935277,0.380841121495327,0.639688872680561,0.53186774653855,1414,"tags=33%, list=15%, signal=28%","Psmd9/Ppia/Gpr68/Prkar1a/Bsg/Sirt6/Mcu/Myom1/Tm7sf3/Snap25/Vsnl1/Tgfb3/Ppp3cb/Arf1/Anxa7/Abat/Pfkfb2/Abcc8/Sirt3/Irs2/Sri/Ppard/Oga/Serp1/Prkcb/Dnm1l/Camk2n1/Glul/Rac1/Slc30a8/Arrb1/Ptpn23/Vps35/Mpc2/Lrp1"
"GO:1903725","GO:1903725","regulation of phospholipid metabolic process",29,-0.306820524991552,-1.05313566323462,0.381489841986456,0.640032986788214,0.532153859370593,1387,"tags=31%, list=15%, signal=27%","Arf1/Phb2/Pdgfa/Dnajc19/Mtmr9/Chrm5/Mtmr4/Htr2b/Scp2"
"GO:0006858","GO:0006858","extracellular transport",36,-0.285766588721825,-1.0380792906281,0.381465517241379,0.640032986788214,0.532153859370593,1219,"tags=19%, list=13%, signal=17%","Nek10/Spag6l/Vangl1/Rsph14/Daw1/Rsph1/Spag16"
"GO:0019748","GO:0019748","secondary metabolic process",26,-0.318208804558524,-1.06409723332904,0.38177874186551,0.640145285779145,0.532247230091574,2377,"tags=35%, list=25%, signal=26%","Akr1b1/Bdh2/Cpt1a/Cbr4/N6amt1/Ddt/a/Gipc1/Slc24a5"
"GO:0098815","GO:0098815","modulation of excitatory postsynaptic potential",47,0.278153536936605,1.04055189433379,0.382142857142857,0.640383497966299,0.53244529103118,1264,"tags=19%, list=13%, signal=17%","Prkn/Adrb2/Igsf11/Nrxn1/Mtmr2/Wnt7a/Nlgn4l/Cux2/Afdn"
"GO:0003016","GO:0003016","respiratory system process",29,-0.306207104005409,-1.05103014725879,0.383747178329571,0.641884057971015,0.533692927972104,1391,"tags=28%, list=15%, signal=24%","Fkrp/Rab3a/Nek10/Spag6l/Vangl1/Flt4/Ywhaz/Spag16"
"GO:0043647","GO:0043647","inositol phosphate metabolic process",25,0.327149008708868,1.05079815762866,0.383612662942272,0.641884057971015,0.533692927972104,756,"tags=20%, list=8%, signal=18%","Adcyap1r1/Itpkb/Prkg1/Ntsr1/Plcb1"
"GO:0006937","GO:0006937","regulation of muscle contraction",92,0.243074940598451,1.03441590745568,0.383928571428571,0.641884057971015,0.533692927972104,1949,"tags=29%, list=21%, signal=24%","Chrm2/Adrb2/Prkd1/Hdac4/Ank2/Setd3/Htr7/Calcrl/Slc8a1/Prkg1/Akap9/Prkca/Arhgap42/Pde5a/Myocd/Pawr/Dock5/Dock4/Chrm3/Cacna1c/Slc9a1/Fgf13/Casq1/Tacr1/Dbn1/Atp1b1/Dmd"
"GO:0071897","GO:0071897","DNA biosynthetic process",110,-0.225424143463841,-1.03025238453573,0.383908045977012,0.641884057971015,0.533692927972104,1973,"tags=25%, list=21%, signal=20%","Tk2/Nhp2/Nox4/Tnks/Rrm1/Gfer/Chtf18/Gar1/Rfc5/Mad2l2/Cct2/Cct4/Pole/Lig3/Ctnnb1/Ccna2/Rfc3/Rfc4/Crhr2/Pcna/Ccn2/Cct8/Rrm2b/Ptges3/Ctc1/Polb/Hgf"
"GO:1903524","GO:1903524","positive regulation of blood circulation",20,-0.342790164260772,-1.0559898443571,0.384279475982533,0.64209849868692,0.533871224180161,382,"tags=20%, list=4%, signal=19%","Atp5pf/Crhr2/Ccn2/Dusp5"
"GO:0001706","GO:0001706","endoderm formation",31,-0.299759883542702,-1.05408494798849,0.384955752212389,0.642856044806329,0.53450108404585,850,"tags=19%, list=9%, signal=18%","Fn1/Nr0b1/Ctnnb1/Map2k1/Hsbp1/Dusp5"
"GO:1904376","GO:1904376","negative regulation of protein localization to cell periphery",24,0.327139279237892,1.04425985588241,0.385185185185185,0.642866941015089,0.534510143671937,1111,"tags=25%, list=12%, signal=22%","Ppp2r5a/Wnk1/Lyplal1/Hectd1/Sapcd2/Ppfia1"
"GO:0035088","GO:0035088","establishment or maintenance of apical/basal cell polarity",37,0.295175247539273,1.05123110605223,0.386446886446886,0.643483152721028,0.535022491385686,1683,"tags=30%, list=18%, signal=25%","Myo9a/Pard3/Patj/Mtcl1/Pard3b/Nherf1/Vangl2/Lrrc7/Dlg2/Scrib/Dlg3"
"GO:0061245","GO:0061245","establishment or maintenance of bipolar cell polarity",37,0.295175247539273,1.05123110605223,0.386446886446886,0.643483152721028,0.535022491385686,1683,"tags=30%, list=18%, signal=25%","Myo9a/Pard3/Patj/Mtcl1/Pard3b/Nherf1/Vangl2/Lrrc7/Dlg2/Scrib/Dlg3"
"GO:0035303","GO:0035303","regulation of dephosphorylation",23,0.331390251139144,1.0441493781233,0.386064030131827,0.643483152721028,0.535022491385686,931,"tags=30%, list=10%, signal=28%","Tmem132c/Mtmr2/Rock1/Epm2a/Ppargc1b/Chp1/Uri1"
"GO:0042552","GO:0042552","myelination",123,0.2288547190985,1.02268563613179,0.386206896551724,0.643483152721028,0.535022491385686,2019,"tags=26%, list=21%, signal=21%","Aspa/Qki/Fyn/Srebf2/Tcf7l2/Pard3/Rxra/Tenm4/Pmp22/Mtmr2/Ski/Epb41l3/Wasf3/Pou3f2/Fgfr3/Cdh2/Large1/Mir219a-1/Nsun5/Nrdc/Kif14/Ptprz1/Nfasc/Jam2/Mtor/Grb2/Eif2ak3/Gpc1/Sirt2/Acer3/Ndrg1/Ulk4"
"GO:1904752","GO:1904752","regulation of vascular associated smooth muscle cell migration",31,0.311521928379866,1.05433191577349,0.387272727272727,0.643743253864291,0.535238751844243,1446,"tags=35%, list=15%, signal=30%","Tafa5/Gna12/Prkg1/Ddr2/Igfbp5/Gna13/Myocd/Dock5/Dock4/Map3k7/Fgf9"
"GO:0045682","GO:0045682","regulation of epidermis development",31,0.311088837335012,1.05286613866624,0.387272727272727,0.643743253864291,0.535238751844243,1358,"tags=26%, list=14%, signal=22%","Tgfb2/Hey2/Rock1/Klf7/Cd109/Fgfr3/Ezh2/Ncoa3"
"GO:0045776","GO:0045776","negative regulation of blood pressure",30,0.310128299709355,1.04865425317929,0.387096774193548,0.643743253864291,0.535238751844243,1599,"tags=30%, list=17%, signal=25%","Adra1d/Adrb2/Snx5/Ntsr1/Arhgap42/Ppara/Cnr1/Gpr37l1/Bmpr2"
"GO:0007585","GO:0007585","respiratory gaseous exchange by respiratory system",45,0.27956644126746,1.0355519609506,0.388193202146691,0.644901610017889,0.53620186423124,1031,"tags=20%, list=11%, signal=18%","Dach1/Adrb2/Hipk2/Chst11/Ntsr1/Man1a2/Gls/Fut8/Mafb"
"GO:0008053","GO:0008053","mitochondrial fusion",28,-0.310411974884146,-1.05231127922926,0.38876404494382,0.64547812643522,0.536681207394493,2231,"tags=50%, list=24%, signal=38%","Nme3/Bak1/Rcc1l/Mul1/Oma1/Usp30/Mcl1/Fundc1/Parl/Dnm1l/Gdap1/Yme1l1/Thg1l/Bnip3"
"GO:0034308","GO:0034308","primary alcohol metabolic process",35,0.303862553873596,1.06441908082518,0.38929889298893,0.645622775951739,0.536801475880744,1810,"tags=26%, list=19%, signal=21%","Clcn2/Rest/Hao1/Chka/Dhrs3/Rdh11/Rdh10/Tpk1/Wnt4"
"GO:0045023","GO:0045023","G0 to G1 transition",25,0.326438051106357,1.04851457149823,0.389199255121043,0.645622775951739,0.536801475880744,1219,"tags=28%, list=13%, signal=24%","Arid1a/Arid2/Pbrm1/Actl6a/Dpf3/Dab2ip/Smarcd2"
"GO:0070661","GO:0070661","leukocyte proliferation",142,0.223393981968833,1.02196407511146,0.389632107023411,0.64580402106639,0.536952171687436,1810,"tags=25%, list=19%, signal=21%","Vav3/Rc3h1/Fyn/Bcl2/Ptk2/Mad1l1/Alkbh5/Atad5/Igfbp2/Ppp3ca/Lef1/Efnb1/Ptprc/Nck2/Cd74/Sh3rf1/Tcirg1/Tfrc/Pde5a/Abl1/Pawr/Itch/Rasgrp1/Tgfbr2/Atm/Scrib/Zfp335/Prkcd/Gpam/Adk/Marchf7/Tirap/Rac2/Tacr1/Irf1/Wnt4"
"GO:0060251","GO:0060251","regulation of glial cell proliferation",37,0.294485897427456,1.04877606862432,0.39010989010989,0.645894363985523,0.537027287086291,545,"tags=16%, list=6%, signal=15%","Egfr/Pmp22/Atxn1/Ptk2/Fas/Ski"
"GO:0009063","GO:0009063","amino acid catabolic process",59,-0.249794579327687,-1.02300955386334,0.390134529147982,0.645894363985523,0.537027287086291,2715,"tags=42%, list=29%, signal=30%","Tdh/Ahcyl/Tdo2/Scly/Hibch/Mccc1/Dlst/Got1/Aldh6a1/Nos2/Arg2/Acat1/Asrgl1/Bckdha/Abat/Gcat/Aldh5a1/Oat/Got2/Blmh/Oaz1/Qdpr/Dbt/Dld/Aadat"
"GO:0010874","GO:0010874","regulation of cholesterol efflux",20,-0.341146017164306,-1.05092493054827,0.390829694323144,0.645932858697964,0.537059293420674,64,"tags=10%, list=1%, signal=10%","Abca5/Lrp1"
"GO:0170041","GO:0170041","non-proteinogenic amino acid metabolic process",51,-0.263196990845582,-1.04249429773749,0.390804597701149,0.645932858697964,0.537059293420674,2711,"tags=43%, list=29%, signal=31%","P4ha2/Cth/Ahcyl/Cps1/Tdo2/Mthfr/Park7/Aldh6a1/Arg2/Nox4/Ero1b/Asl/Pcmt1/Mpst/Abat/Comt/Aldh5a1/P4ha1/P4hb/Blmh/Oaz1/Aadat"
"GO:0043648","GO:0043648","dicarboxylic acid metabolic process",66,-0.244167302091468,-1.02260204734753,0.390728476821192,0.645932858697964,0.537059293420674,2613,"tags=38%, list=28%, signal=28%","Mthfd2l/Ogdhl/Fh1/Bloc1s6/Nat8l/Adss2/Dlst/Got1/Mdh2/Sucla2/Asl/Gclc/Fahd1/Suclg1/Aldh5a1/Oat/Got2/Glul/Sdhb/Cs/Mdh1/Acly/Dld/Aadat/Nit2"
"GO:0010665","GO:0010665","regulation of cardiac muscle cell apoptotic process",34,0.306194056459912,1.06859211744468,0.391544117647059,0.646002995019518,0.53711760809346,1182,"tags=18%, list=12%, signal=16%","Qki/Hey2/Bcl2/Atg7/Ambra1/Myocd"
"GO:0070085","GO:0070085","glycosylation",167,0.219063189704163,1.01606537000774,0.391452991452991,0.646002995019518,0.53711760809346,1374,"tags=19%, list=15%, signal=16%","Galnt16/Man1a/Tmtc4/Mgat4c/St8sia1/Fut9/B3galt1/St6galnac3/B3galnt2/Galnt9/Man1a2/Ext1/Crppa/Galntl6/St3gal1/Chp1/Alg11/B4galt7/Fut8/St8sia2/Lmf1/Galnt1/Tet2/Dhdds/Mgat4b/Tet1/St6galnac6/Large1/Pofut1/Tmtc2/Trip11"
"GO:0072523","GO:0072523","purine-containing compound catabolic process",101,-0.224276658198191,-1.01377554868171,0.391402714932127,0.646002995019518,0.53711760809346,1487,"tags=31%, list=16%, signal=26%","Sirt6/Prkaa2/Nudt4/Pgk1/Stat3/Acat1/Nt5e/Ddit4/Entpd4/Fkrp/Pfkfb2/Gapdh/Uchl1/Acot7/Ampd3/Eno2/Eno1/Pfkl/Ogt/Nudt7/Pkm/Nudt1/Gpi1/Eif6/Ppp2ca/Bpgm/Hprt1/Pgam1/Itpa/Gale/Esrrb"
"GO:0106056","GO:0106056","regulation of calcineurin-mediated signaling",26,0.324687209676052,1.04874144596426,0.391866913123845,0.646125116713352,0.537219145876712,2011,"tags=35%, list=21%, signal=27%","Cib1/Ppp3ca/Chp1/Homer2/Nfat5/Slc9a1/Mtor/Ptbp1/Camta1"
"GO:0002687","GO:0002687","positive regulation of leukocyte migration",63,0.260317125363063,1.03308396980328,0.392226148409894,0.646125116713352,0.537219145876712,2068,"tags=27%, list=22%, signal=21%","Pecam1/Wnk1/Ptk2/Pdgfd/Nedd9/Cd74/Abl1/Swap70/Spi1/Pawr/Mospd2/Jam2/Tirap/Rac2/Tacr1/Ano6/Vegfa"
"GO:0038202","GO:0038202","TORC1 signaling",84,-0.231362947225101,-1.01412458792379,0.392290249433107,0.646125116713352,0.537219145876712,1361,"tags=20%, list=14%, signal=17%","Gpr137c/Rragc/Sar1b/Tbk1/Mios/Rps6kb1/Ogt/Ube2d1/Otub1/Tsc2/Atxn3/Ywhaz/Nprl3/Sec13/Itfg2/Shq1/Sesn1"
"GO:0050709","GO:0050709","negative regulation of protein secretion",56,0.266763763450236,1.03511295910072,0.392539964476021,0.646167384445688,0.537254289279246,2457,"tags=38%, list=26%, signal=28%","Prkn/Pde3b/Foxo1/Srebf1/Klf7/Ppp3ca/Rest/Mtnr1b/Neo1/Gnao1/Idh2/Map4k4/Jagn1/Nr1h3/Mtnr1a/Frmd4a/Tbc1d1/Rptor/Adtrp/Oprm1/Irs1"
"GO:1905954","GO:1905954","positive regulation of lipid localization",55,0.266884338488221,1.03497773095285,0.393673110720562,0.646904344406024,0.53786703283339,869,"tags=16%, list=9%, signal=15%","Lpcat3/Tmem135/Srebf2/Asxl2/Sstr4/Runx1/Ntsr1/Eepd1/Apoa1"
"GO:0046545","GO:0046545","development of primary female sexual characteristics",72,0.252998744729034,1.02575446276012,0.393829401088929,0.646904344406024,0.53786703283339,818,"tags=14%, list=9%, signal=13%","Lfng/Dach2/Dach1/Bmpr1b/Bcl2/Nr2f2/Zfx/Foxo3/Runx1/Nrip1"
"GO:0072527","GO:0072527","pyrimidine-containing compound metabolic process",38,-0.279588842374735,-1.02563691550065,0.393406593406593,0.646904344406024,0.53786703283339,3162,"tags=39%, list=33%, signal=26%","Nme3/Nt5c3/Uck2/Cdadc1/Nme7/Cps1/Ak9/Aldh6a1/Nt5m/Uprt/Tk2/Rrm1/Entpd4/Umps/Nme1"
"GO:0007292","GO:0007292","female gamete generation",88,0.242982089780139,1.0217781877157,0.393884892086331,0.646904344406024,0.53786703283339,1935,"tags=26%, list=20%, signal=21%","Bmpr1b/Spire1/Pde3a/Tut4/Zmiz1/Bcl2/Zfx/Foxo3/Mcm9/Plcb1/Etv6/Fbxo5/Nrip1/Alms1/Pde5a/Cenpe/Diaph2/Atm/Ndc80/Wnt4/Wdr77/Sirt2/Mmp2"
"GO:0006984","GO:0006984","ER-nucleus signaling pathway",35,0.302647347165078,1.06016225749765,0.394833948339483,0.647725316843612,0.538549628355993,903,"tags=17%, list=10%, signal=16%","Insig1/Srebf2/Scap/Srebf1/Nck2/Akt3"
"GO:0035914","GO:0035914","skeletal muscle cell differentiation",50,0.271695674058617,1.03445032340227,0.394782608695652,0.647725316843612,0.538549628355993,1276,"tags=24%, list=13%, signal=21%","Hdac4/Ddx17/Rbm24/Klf5/Bcl9/Vax1/Nr1d2/Rbfox1/Myocd/Mef2d/Cops2/Large1"
"GO:0034763","GO:0034763","negative regulation of transmembrane transport",75,-0.236415921634986,-1.01898446837879,0.39514348785872,0.647864592941755,0.538665429126695,1414,"tags=21%, list=15%, signal=18%","Ppp3cb/Ywhae/Vdac1/Slc30a1/Irs2/Bin1/Sri/Ppp3r1/Prkcb/Calm2/Oaz1/Gnb5/Fabp5/Sestd1/Pea15a/Inpp5k"
"GO:0050868","GO:0050868","negative regulation of T cell activation",52,0.269391152160188,1.02635126959079,0.396057347670251,0.647965760841541,0.538749544929203,1957,"tags=31%, list=21%, signal=25%","Rc3h1/Gli3/Mad1l1/Runx1/Cd74/Pde5a/Pawr/Itch/Scrib/Socs5/Cbfb/Pag1/Marchf7/Irf1/Cblb/Laptm5"
"GO:0014033","GO:0014033","neural crest cell differentiation",58,0.263118563950742,1.02379673571782,0.396057347670251,0.647965760841541,0.538749544929203,1853,"tags=31%, list=20%, signal=25%","Erbb4/Bmpr1a/Lrp6/Sema5a/Efnb1/Ext1/Sox9/Hif1a/Sema3g/Cdh2/Pax6/Rdh10/Acvr1/Sema4g/Sema3f/Tapt1/Zeb2/Ret"
"GO:0015914","GO:0015914","phospholipid transport",60,-0.248419341601964,-1.01753538111229,0.395927601809955,0.647965760841541,0.538749544929203,2544,"tags=30%, list=27%, signal=22%","Clptm1l/Atp8b2/Trpc5/Scarb2/Pitpna/Prelid3b/Atg9b/Osbpl2/Tmem30a/Pctp/Pitpnm3/Dbi/Prelid3a/Tnfaip8l3/Abcc1/Vdac2/Scp2/Esyt1"
"GO:0010591","GO:0010591","regulation of lamellipodium assembly",24,-0.312133071362551,-1.01188099298624,0.396103896103896,0.647965760841541,0.538749544929203,1951,"tags=42%, list=21%, signal=33%","Actr3/Twf2/Dmtn/Aqp1/Actr2/Fscn1/Bin3/Nckap1/Rac1/Cyfip1"
"GO:0060711","GO:0060711","labyrinthine layer development",33,0.304600009750113,1.05635205546091,0.396709323583181,0.648220787090025,0.538961585878924,1787,"tags=30%, list=19%, signal=25%","Hs6st1/Hey2/Rbpj/Lef1/Spint2/Ncoa1/Ncoa3/Gab1/Fgfr2/Grb2"
"GO:0008154","GO:0008154","actin polymerization or depolymerization",123,0.226893372263719,1.01392094365219,0.396551724137931,0.648220787090025,0.538961585878924,1967,"tags=28%, list=21%, signal=22%","Fhod3/Pecam1/Spire1/Prex1/Carmil1/Sema5a/Lats1/Arf6/Nck2/Tenm1/Add3/Diaph3/Mtss1/Cobl/Sptb/Eps8/Svil/Abl1/Daam2/Swap70/Enah/Wasl/Diaph2/Prkcd/Prkce/Mtor/Grb2/Arfgef1/Mical3/Cracd/Coro7/Dbn1/Fmn1/Ssh3"
"GO:0001569","GO:0001569","branching involved in blood vessel morphogenesis",28,-0.308773055912363,-1.04675526638409,0.397752808988764,0.649557814905773,0.540073254381835,1087,"tags=25%, list=11%, signal=22%","Plxnd1/Ppp3r1/Col4a1/Ctnnb1/Flt1/Nrp1/Sema3e"
"GO:0060326","GO:0060326","cell chemotaxis",132,0.224250479774919,1.01296599743914,0.398275862068966,0.650043908436274,0.540477415657286,1542,"tags=23%, list=16%, signal=19%","Vav3/Agtr1b/Tgfb2/Prkd1/Prex1/Ninj1/Wnk1/Enpp2/Ptk2/Sema5a/Fgf18/Arhgef16/Pdgfd/Nedd9/Lef1/Cd74/Prkca/Fgfr1/Cklf/Swap70/Spi1/Pdgfrb/Dock4/Gbf1/Ptpro/Gab1/Cyp7b1/Hbegf/Dpp4/Prkcd"
"GO:0046578","GO:0046578","regulation of Ras protein signal transduction",42,0.28435759359899,1.0395927917416,0.398916967509025,0.65072202166065,0.541041231236937,1537,"tags=29%, list=16%, signal=24%","Tgfb2/Lztr1/Mmd2/Itpkb/Rasa3/Dab2ip/Syde2/Icmt/Ngf/Spry2/Rasgrp1/Mapkap1"
"GO:0021545","GO:0021545","cranial nerve development",32,0.306092233856978,1.0512487951697,0.399274047186933,0.650936321134604,0.541219410009719,1031,"tags=22%, list=11%, signal=20%","Kcnc1/Chd7/Kcnc2/Gli3/Ext1/Tcirg1/Mafb"
"GO:0043331","GO:0043331","response to dsRNA",20,-0.338005635204099,-1.04125075724014,0.40174672489083,0.652556723390057,0.542566689496514,2788,"tags=45%, list=29%, signal=32%","Mul1/Rftn1/Ripk2/Hcfc2/Ralb/Colec12/Ddx1/Ddx21/Riok3"
"GO:0021515","GO:0021515","cell differentiation in spinal cord",24,0.323251136803202,1.03184853350021,0.401851851851852,0.652556723390057,0.542566689496514,1841,"tags=29%, list=19%, signal=24%","Gli3/Sox1/Sox13/Gigyf2/Lmo4/Sox6/Scyl1"
"GO:0090559","GO:0090559","regulation of membrane permeability",40,-0.276778244256164,-1.0308260607776,0.401785714285714,0.652556723390057,0.542566689496514,1971,"tags=32%, list=21%, signal=26%","Stat3/Chchd10/Cnp/Spg7/Slc25a5/Gclc/Hspa8/Bnip3l/Tmem14a/Vdac2/Bnip3/Dynlt1c/Bok"
"GO:0042551","GO:0042551","neuron maturation",50,0.269443891144389,1.02587691651265,0.401739130434783,0.652556723390057,0.542566689496514,2198,"tags=28%, list=23%, signal=22%","Adgrb3/Nrcam/Bcl2/Pmp22/Nrxn1/C1ql1/Ngf/Dlg2/Nfasc/Mtor/Ret/Ank3/Kcnq2/Kcnq3"
"GO:0070507","GO:0070507","regulation of microtubule cytoskeleton organization",112,-0.22266411420158,-1.02343084964823,0.400911161731207,0.652556723390057,0.542566689496514,1169,"tags=20%, list=12%, signal=17%","Stmn4/Chmp1a/Ckap5/Map1s/Ccsap/Cdk5r1/Arhgef2/Mapt/Numa1/Wdr47/Vps4b/Pafah1b1/Stmn1/Rac1/Chmp5/Chmp2b/Katnb1/Cltc/Chmp2a/Dixdc1/Apc2/Rae1"
"GO:0002768","GO:0002768","immune response-regulating cell surface receptor signaling pathway",124,0.227280500709961,1.01663526304236,0.400690846286701,0.652556723390057,0.542566689496514,1957,"tags=25%, list=21%, signal=20%","Vav3/Rc3h1/Fyn/Bcl2/Ninj1/Wnk1/Btrc/Arf6/Dennd1b/Irak2/Ptprc/Mfhas1/Appl2/Dab2ip/Eif2b3/Ubr2/Abl1/Ifi35/Pawr/Map3k7/Chuk/Themis/Prkce/Nr1h3/Rapgef1/Tirap/Lrrfip2/Grb2/Usp12/Cblb/Laptm5"
"GO:0007613","GO:0007613","memory",114,0.229172313162735,1.01141989450249,0.401060070671378,0.652556723390057,0.542566689496514,1797,"tags=24%, list=19%, signal=19%","Kalrn/Adcy8/Slc6a1/Htr7/Vps13b/Glud1/Atxn1/Tafa2/Crebbp/Plcb1/Ppp1r1b/Adnp/Cpeb3/Pde5a/Ngf/Cux2/Cnr1/Large1/Cyp7b1/Crtc1/Fgf13/Creb1/Hrh2/Ntan1/Btbd9/Mtor/Tacr1"
"GO:0060122","GO:0060122","inner ear receptor cell stereocilium organization",33,0.303348748220755,1.05201268367448,0.402193784277879,0.65270736705857,0.54269194180576,1467,"tags=30%, list=15%, signal=26%","Myo3b/Ush1c/Rest/Alms1/Otog/Nherf1/Tsku/Vangl2/Trip11/Scrib"
"GO:0006813","GO:0006813","potassium ion transport",136,0.223107543356995,1.01423725884873,0.402397260273973,0.65270736705857,0.54269194180576,1276,"tags=15%, list=13%, signal=13%","Kcnk3/Kcng2/Kcnc1/Adrb2/Kcnc2/Plcb4/Ank2/Wnk1/Kcnj12/Nr3c2/Lrrc38/Kcnd2/Akap9/Kcne2/Nalcn/Slc24a3/Wnk2/Dpp6/Kcnq5/Large1"
"GO:0048675","GO:0048675","axon extension",95,0.239482939860038,1.0188171812122,0.402852049910873,0.65307774701684,0.542999893314973,1197,"tags=21%, list=13%, signal=19%","Auts2/Alcam/Cdh4/Dscam/Smurf1/Ep300/Sema5a/Vcl/Ryk/Disc1/Adnp/Mgll/Raph1/Map2/Ptprs/Ttc3/Abl1/Sema3g/Bdnf/Ngf"
"GO:0006851","GO:0006851","mitochondrial calcium ion transmembrane transport",20,-0.336816719468365,-1.03758821649764,0.403930131004367,0.65406256201291,0.54381871533156,2631,"tags=45%, list=28%, signal=33%","Ghitm/Micu1/Mcur1/Mcu/Spg7/Vdac1/Maip1/Hspa9/Smdt1"
"GO:2000027","GO:2000027","regulation of animal organ morphogenesis",49,0.273161699184555,1.03673302295464,0.405923344947735,0.65406256201291,0.54381871533156,1013,"tags=18%, list=11%, signal=16%","Robo1/Agtr1b/Robo2/Bmpr1a/Rbpj/Sox9/Sapcd2/Fgfr1/Lgr4"
"GO:0001782","GO:0001782","B cell homeostasis",25,0.322512795802076,1.03590670495375,0.404096834264432,0.65406256201291,0.54381871533156,1101,"tags=20%, list=12%, signal=18%","Rc3h1/Bcl2/Hif1a/Cd74/Abl1"
"GO:0051445","GO:0051445","regulation of meiotic cell cycle",26,0.32064655443535,1.03569010765006,0.404805914972274,0.65406256201291,0.54381871533156,768,"tags=23%, list=8%, signal=21%","Lfng/Pde3a/Eif4g3/Igf1r/Plcb1/Fbxo5"
"GO:0099171","GO:0099171","presynaptic modulation of chemical synaptic transmission",48,0.273901721887743,1.02847952407493,0.40608228980322,0.65406256201291,0.54381871533156,422,"tags=10%, list=4%, signal=10%","Nrxn3/Chrm2/Adrb2/Htr7/Nr3c2"
"GO:0045124","GO:0045124","regulation of bone resorption",25,-0.311205907737949,-1.02442900865368,0.404301075268817,0.65406256201291,0.54381871533156,736,"tags=16%, list=8%, signal=15%","Nf1/Def8/Cyp19a1/Pdk4"
"GO:0043407","GO:0043407","negative regulation of MAP kinase activity",32,-0.288786651167357,-1.0237573874835,0.405764966740576,0.65406256201291,0.54381871533156,2124,"tags=47%, list=22%, signal=36%","Dusp7/Ptpn6/Bmp2/Ptpn1/Dusp19/Stk38/Rgs14/Rgs2/Aida/Mapk8ip1/Spry1/Uchl1/Nf1/Inpp5k/Gstp3"
"GO:0071709","GO:0071709","membrane assembly",39,-0.276254489423785,-1.02286804837163,0.405345211581292,0.65406256201291,0.54381871533156,2118,"tags=36%, list=22%, signal=28%","Psap/Brox/Chmp4b/Chmp3/Chmp7/Chmp1a/Ubxn2a/Ilk/Vps4b/Pacsin2/Chmp5/Chmp2b/Nsfl1c/Chmp2a"
"GO:0046888","GO:0046888","negative regulation of hormone secretion",59,0.261458808976152,1.02019359508678,0.404676258992806,0.65406256201291,0.54381871533156,847,"tags=15%, list=9%, signal=14%","Kalrn/Prkn/Pde3b/Foxo1/Srebf1/Klf7/Ppp3ca/Rest/Mtnr1b"
"GO:0050796","GO:0050796","regulation of insulin secretion",140,0.223650356943773,1.01900305573313,0.405084745762712,0.65406256201291,0.54381871533156,865,"tags=16%, list=9%, signal=14%","Adcy5/Prkn/Tcf7l2/Capn10/Epha5/Adcy8/Pde3b/Foxo1/Atg7/Lrp5/Srebf1/Glud1/Klf7/Ppp3ca/Stxbp4/Rest/Plcb1/Hif1a/Clock/Mtnr1b/Hmgn3/Tcirg1"
"GO:0046031","GO:0046031","ADP metabolic process",75,-0.235278270108819,-1.01408103705499,0.406181015452539,0.65406256201291,0.54381871533156,1487,"tags=31%, list=16%, signal=26%","Sirt6/Prkaa2/Pgk1/Stat3/Nt5e/Ddit4/Fkrp/Pfkfb2/Gapdh/Uchl1/Ampd3/Eno2/Eno1/Pfkl/Ogt/Pkm/Gpi1/Eif6/Ppp2ca/Bpgm/Pgam1/Gale/Esrrb"
"GO:0140014","GO:0140014","mitotic nuclear division",168,0.217859292063118,1.01394838665645,0.405723905723906,0.65406256201291,0.54381871533156,1793,"tags=26%, list=19%, signal=21%","Nfia/Phip/Smpd3/Cdc14a/Arhgap33os/Uhrf1/Lrp5/Igf1r/Mad1l1/Ino80/Stag1/Map9/Mtbp/Aaas/Fbxo5/Clasp1/Baz1b/Fgfr3/Tom1l2/Stag2/Lsm14a/Eps8/Dctn2/Pinx1/Smc4/Pdgfrb/Egf/Wapl/Cenpe/Kifc1/Clasp2/Ctdp1/Atm/Kif14/Mki67/Fgfr2/Akap8/Cep85/Kif4/Ndc80/Cdk5rap2/Bub1b/Tubg1"
"GO:0021532","GO:0021532","neural tube patterning",26,0.320342074451756,1.03470663565379,0.406654343807763,0.654459334565619,0.544148610898781,666,"tags=19%, list=7%, signal=18%","Gli3/Lrp6/Tulp3/Ssbp3/Rpgrip1l"
"GO:0033260","GO:0033260","nuclear DNA replication",21,0.331714323599346,1.03263994915289,0.408239700374532,0.656644336798745,0.54596532565426,936,"tags=19%, list=10%, signal=17%","Dach1/Ino80/Atad5/Fgfr1"
"GO:0060425","GO:0060425","lung morphogenesis",41,0.284480240637687,1.03520881714116,0.408679927667269,0.656986015268899,0.54624941338147,2292,"tags=39%, list=24%, signal=30%","Foxp2/Yap1/Hipk2/Ext1/Sox9/Spry2/Celsr1/Vangl2/Rdh10/Tgfbr2/Fgfr2/Ctsh/Hps1/Tmtc3/Srf/Sec24b"
"GO:0010833","GO:0010833","telomere maintenance via telomere lengthening",51,-0.260274163121582,-1.03091729898173,0.409195402298851,0.657247688604979,0.546466981035894,2906,"tags=37%, list=31%, signal=26%","Tnks2/Pot1b/Pkib/Slx4/Naf1/Tent4b/Cct5/Nat10/Nhp2/Tnks/Gar1/Cct2/Cct4/Terf2ip/Ctnnb1/Cct8/Ptges3/Ctc1/Hnrnpa2b1"
"GO:0019080","GO:0019080","viral gene expression",50,-0.262531969260641,-1.02934336200252,0.409836065573771,0.657247688604979,0.546466981035894,2731,"tags=44%, list=29%, signal=31%","Eif3g/Eif3f/Tarbp2/Eif3a/Eif2d/Trim13/Sp1/Spcs3/Ubp1/Jun/Gtf2b/Csde1/Ssb/Taf11/Smarcb1/Spcs1/Mcts1/Trim32/Denr/Oaz1/Pcbp2/Inpp5k"
"GO:0021954","GO:0021954","central nervous system neuron development",78,0.246821558128142,1.01778818011137,0.409982174688057,0.657247688604979,0.546466981035894,936,"tags=17%, list=10%, signal=15%","Robo1/Sall3/Robo2/Zmiz1/Atg7/Epha4/Sox1/Ptk2/Dclk2/Taok1/Disc1/Prkca/Fgfr1"
"GO:0072524","GO:0072524","pyridine-containing compound metabolic process",116,-0.21995748203827,-1.0151462076347,0.409722222222222,0.657247688604979,0.546466981035894,1500,"tags=21%, list=16%, signal=18%","Pgd/Ddit4/Fkrp/Pfkfb2/Gapdh/Uchl1/Pdxk/Eno2/Eno1/Pfkl/Ogt/Pkm/Gpi1/Eif6/Ppp2ca/Ldha/Bpgm/Got2/Plpbp/Pgam1/Mdh1/Gale/Slc25a22/Esrrb"
"GO:0042129","GO:0042129","regulation of T cell proliferation",68,0.250836448438976,1.01256250955198,0.409574468085106,0.657247688604979,0.546466981035894,2064,"tags=32%, list=22%, signal=25%","Rc3h1/Mad1l1/Igfbp2/Ppp3ca/Efnb1/Ptprc/Nck2/Sh3rf1/Tfrc/Pde5a/Pawr/Itch/Tgfbr2/Scrib/Gpam/Adk/Marchf7/Rac2/Irf1/Cblb/Laptm5/Prkcq"
"GO:0099111","GO:0099111","microtubule-based transport",180,-0.208312503743054,-1.01795998994534,0.411330049261084,0.658676214363668,0.547654725279376,2576,"tags=29%, list=27%, signal=22%","Borcs6/Mak/Ift70b/Bloc1s6/Dync2li1/Ssna1/Kif3a/Prkcz/Cdc42/Tub/Tuba1a/Ccdc39/Ift52/Ift88/Rsph4a/Ift43/BC048507/Intu/Sfpq/Rab1a/Rsph3b/Kif21a/Ubb/Stau1/Spg7/Kif1a/Actr10/Hspa8/Borcs8/Nek10/Uchl1/Spag6l/Cluap1/Ssx2ip/Ift122/Vangl1/Dync1i1/Rsph14/Mapt/Sod1/Ift20/Copg1/Pafah1b1/Map2k1/Daw1/Ift172/Rab21/Bloc1s1/Rsph1/Hsbp1/Kif21b/Rabgef1/Spag16"
"GO:0034612","GO:0034612","response to tumor necrosis factor",107,-0.223366095458698,-1.01331773377214,0.411214953271028,0.658676214363668,0.547654725279376,1951,"tags=24%, list=21%, signal=20%","Actr3/Npnt/Traf2/Cyld/Nkiras1/Gfer/Rack1/Zfp36l1/Asah1/Map3k5/Col1a1/Rps6kb1/Cactin/Ppp2cb/Trim32/Ilk/Commd7/Prpf8/Acod1/Has2/Fos/Kat2a/Inpp5k/Adamts7/Tmsb4x/Actn4"
"GO:0001953","GO:0001953","negative regulation of cell-matrix adhesion",21,-0.327751247791898,-1.02705995421462,0.412393162393162,0.660012142254096,0.548765479252073,15,"tags=14%, list=0%, signal=14%","Nf1/Sema3e/Lrp1"
"GO:0051058","GO:0051058","negative regulation of small GTPase mediated signal transduction",49,0.271480392105634,1.03035194326577,0.412891986062718,0.660417359187442,0.549102395878894,1537,"tags=27%, list=16%, signal=22%","Tgfb2/Tns3/Lztr1/Rasa3/Arhgap29/Arhgap17/Dab2ip/Arhgap42/Arhgap12/Dlc1/Spry2/Stmn3/Mapkap1"
"GO:0140588","GO:0140588","chromatin looping",106,-0.223990591071921,-1.01390052671922,0.413145539906103,0.660417359187442,0.549102395878894,1939,"tags=28%, list=20%, signal=23%","Mcm4/Ddx42/Dhx40/Rad21/Dhx30/Dhx15/Ddx20/Ddx3x/Eif4a2/Spg7/Rad54l/Dhx8/Ddx18/Mcm8/Ruvbl1/Helb/Dhx34/Eif4a3/Nsf/Smarcad1/Ddx1/G3bp1/Vps4b/Fancm/Ddx21/Mcm6/Ddx47/Yme1l1/Pcbp2/Ddx5"
"GO:0042177","GO:0042177","negative regulation of protein catabolic process",81,-0.232442413888655,-1.01356963009496,0.413333333333333,0.660417359187442,0.549102395878894,1328,"tags=17%, list=14%, signal=15%","Mad2l2/Snx3/Ogt/Ubxn2a/Alad/Sgta/Mdm4/Ctsa/Usp19/Gipc1/Azin1/Vps35/Timp4/Gabarapl2"
"GO:0030850","GO:0030850","prostate gland development",32,0.303202451584163,1.04132407380607,0.413793103448276,0.660785886126704,0.54940880669999,2111,"tags=34%, list=22%, signal=27%","Gli3/Rxra/Igf1r/Sox9/Cyp7b1/Fgfr2/Ube3a/Wdr77/Mmp2/Esr2/Frs2"
"GO:0033627","GO:0033627","cell adhesion mediated by integrin",43,0.278433897619952,1.02475001881425,0.414104882459313,0.660789956047855,0.549412190625963,1547,"tags=23%, list=16%, signal=20%","Tgfb2/Wnk1/Cib1/Ptk2/Ext1/Itgb1bp1/Swap70/Itgbl1/Dpp4/Itgb5"
"GO:1901799","GO:1901799","negative regulation of proteasomal protein catabolic process",41,-0.268956456716492,-1.01389484517746,0.414253897550111,0.660789956047855,0.549412190625963,1078,"tags=29%, list=11%, signal=26%","Psmf1/Uchl5/Ophn1/Park7/Usp14/Ogt/Ubxn2a/Alad/Sgta/Usp19/Gipc1/Gabarapl2"
"GO:0021782","GO:0021782","glial cell development",93,-0.225909205813711,-1.00923584844067,0.414798206278027,0.66129244162843,0.549829981031303,1924,"tags=27%, list=20%, signal=22%","B4galt5/Ror1/Ncstn/Gfap/Med12/Pick1/Id4/Kras/Tppp/Adgrg6/Mios/Ckap5/B4galt6/Ppp3r1/Eif2b1/Nf1/Sod1/Ilk/Eif2b5/Eif2b2/Map2k1/Omg/Vim/Id2/Lrp1"
"GO:0045103","GO:0045103","intermediate filament-based process",27,-0.305673007201004,-1.03381045713232,0.415555555555556,0.661745274434871,0.550206487759192,791,"tags=41%, list=8%, signal=37%","Raf1/Nefm/Shh/Agfg1/Tor1a/Gfap/Pkp2/Dnajb6/Sod1/Atxn3/Vim"
"GO:0045104","GO:0045104","intermediate filament cytoskeleton organization",27,-0.305673007201004,-1.03381045713232,0.415555555555556,0.661745274434871,0.550206487759192,791,"tags=41%, list=8%, signal=37%","Raf1/Nefm/Shh/Agfg1/Tor1a/Gfap/Pkp2/Dnajb6/Sod1/Atxn3/Vim"
"GO:0097479","GO:0097479","synaptic vesicle localization",52,0.266298784226431,1.01456968088825,0.415770609318996,0.661745274434871,0.550206487759192,1679,"tags=27%, list=18%, signal=22%","Ap1s2/Pcdh17/Ctbp1/Magi2/Nrxn1/Kif1b/Borcs5/Map2/Cdh2/Bsn/Ap3m1/Fgfr2/Ap3d1/Bloc1s2"
"GO:0003352","GO:0003352","regulation of cilium movement",21,-0.327053227795404,-1.02487259904673,0.416666666666667,0.661954798421019,0.550380695964333,2235,"tags=38%, list=24%, signal=29%","Rgn/Ccdc39/Rsph4a/Cfap20/Cfap69/Anxa5/Spag6l/Tac1"
"GO:0051590","GO:0051590","positive regulation of neurotransmitter transport",21,-0.327049324592522,-1.02486036774815,0.416666666666667,0.661954798421019,0.550380695964333,738,"tags=19%, list=8%, signal=18%","Dnm1l/Slc4a8/Stxbp1/Stx1a"
"GO:1904356","GO:1904356","regulation of telomere maintenance via telomere lengthening",44,-0.263978816944772,-1.01736502385244,0.417218543046358,0.661954798421019,0.550380695964333,2906,"tags=36%, list=31%, signal=25%","Tnks2/Pot1b/Pkib/Slx4/Naf1/Tent4b/Cct5/Nat10/Tnks/Cct2/Cct4/Ctnnb1/Cct8/Ptges3/Ctc1/Hnrnpa2b1"
"GO:0007565","GO:0007565","female pregnancy",96,-0.226864872952357,-1.0167169247823,0.416475972540046,0.661954798421019,0.550380695964333,1405,"tags=22%, list=15%, signal=19%","Ints1/Trim28/Comt/Aplf/Tmed2/Arhgdib/Umps/Stc2/Ube2a/Ppard/Ctsb/Kpna6/Adra2a/Hspe1-rs1/Acvr1b/Sod1/Acod1/Dcaf13/Lamb1/Errfi1/Fos"
"GO:0009069","GO:0009069","serine family amino acid metabolic process",20,0.328669557436758,1.01461399615472,0.417279411764706,0.661954798421019,0.550380695964333,1837,"tags=35%, list=19%, signal=28%","Hao1/Amt/Sephs1/Mthfd1/Phgdh/Srr/Csad"
"GO:0032655","GO:0032655","regulation of interleukin-12 production",20,0.328656167378604,1.01457266059411,0.417279411764706,0.661954798421019,0.550380695964333,2477,"tags=40%, list=26%, signal=30%","Plcb1/Irf8/Tirap/Irf1/Rel/Laptm5/Pibf1/Mast2"
"GO:0150052","GO:0150052","regulation of postsynapse assembly",37,0.290770403609899,1.03554378472544,0.417582417582418,0.662065331928346,0.550472598778295,1290,"tags=27%, list=14%, signal=23%","Dock1/Nckipsd/Asic2/Pum2/Lrp4/Cpeb3/Gna13/Elmo1/Afdn/Dock4"
"GO:0006096","GO:0006096","glycolytic process",68,-0.240975997471794,-1.01057865139378,0.417808219178082,0.662065331928346,0.550472598778295,1487,"tags=25%, list=16%, signal=21%","Ddit4/Fkrp/Pfkfb2/Gapdh/Uchl1/Eno2/Eno1/Pfkl/Ogt/Pkm/Gpi1/Eif6/Ppp2ca/Bpgm/Pgam1/Gale/Esrrb"
"GO:0051898","GO:0051898","negative regulation of phosphatidylinositol 3-kinase/protein kinase B signal transduction",42,0.280093461884109,1.02400340466837,0.418772563176895,0.663229034707395,0.551440156603929,2764,"tags=45%, list=29%, signal=32%","Smpd3/Phlpp1/Magi2/Cib1/Igf1r/Mtm1/Dab2ip/Ppara/Nherf1/Rapgef1/Lingo1/Ncor1/Pik3cb/Pdcd6/Lemd2/Pik3ip1/Cntnap2/Sco1/Wdr91"
"GO:0045070","GO:0045070","positive regulation of viral genome replication",23,-0.31564996962301,-1.01353249763314,0.420382165605096,0.665162319852391,0.553047581802959,3073,"tags=48%, list=32%, signal=32%","Nr5a2/Rad23a/Tarbp2/Cnot7/Adarb1/Ppia/Ppih/Hacd3/Stau1/Ddx3x/Ddb1"
"GO:0032680","GO:0032680","regulation of tumor necrosis factor production",67,-0.240718301551606,-1.00726402145327,0.420454545454545,0.665162319852391,0.553047581802959,2773,"tags=33%, list=29%, signal=23%","Adam17/Gas6/Tspo/Ripk2/Selenok/Mapkapk2/Arg2/Ltf/Fadd/Tbc1d23/Stat3/Ptpn11/Hspd1/Rad21/Lrrk2/Abcc8/Cactin/Arhgef2/Mif/Fxr1/Errfi1/Gstp3"
"GO:0002313","GO:0002313","mature B cell differentiation involved in immune response",22,0.329210809379827,1.03601466165627,0.421348314606742,0.666210821998817,0.553919356344735,1384,"tags=27%, list=15%, signal=23%","Lfng/St3gal1/Phf14/Mfng/Spi1/Irf8"
"GO:0002228","GO:0002228","natural killer cell mediated immunity",25,0.317568171723341,1.02002463979755,0.422718808193669,0.668011530318104,0.555416550866721,1787,"tags=28%, list=19%, signal=23%","Tap1/Cadm1/Tap2/Unc13d/Rasgrp1/Dpp4/Grb2"
"GO:1901184","GO:1901184","regulation of ERBB signaling pathway",47,0.272502789157929,1.01941286309852,0.423214285714286,0.668428258488499,0.555763038483394,2058,"tags=28%, list=22%, signal=22%","Cadm1/Ptprf/Egfr/Snx5/Rbpj/Dab2ip/Ccdc88a/Spry2/Socs5/Zfyve28/Ptpn12/Cblb/Esr2"
"GO:0006783","GO:0006783","heme biosynthetic process",20,-0.331947620163442,-1.02258860462648,0.423580786026201,0.668640934263581,0.555939867235725,2530,"tags=60%, list=27%, signal=44%","Urod/Slc11a2/Uros/Pgrmc1/Tmem14c/Alas1/Srrd/Ireb2/Hmbs/Snx3/Tmem14a/Alad"
"GO:1903580","GO:1903580","positive regulation of ATP metabolic process",27,-0.304984748803188,-1.0314827124113,0.424444444444444,0.669485068538409,0.556641720611175,1140,"tags=26%, list=12%, signal=23%","Uchl1/Eno1/Ndufc2/Ppp2ca/Map2k1/Tmsb4x/Esrrb"
"GO:0050708","GO:0050708","regulation of protein secretion",191,0.214514306426853,1.01434094277256,0.424914675767918,0.669485068538409,0.556641720611175,865,"tags=15%, list=9%, signal=14%","Adcy5/Prkn/Tgfb2/Tcf7l2/Egfr/Capn10/Epha5/Adcy8/Pde3b/Foxo1/Atg7/Lrp5/Srebf1/Glud1/Ep300/Klf7/Rap1gds1/Dnajc1/Ppp3ca/Arf6/Stxbp4/Rest/Plcb1/Hif1a/Clock/Mtnr1b/Hmgn3/Tcirg1"
"GO:0019915","GO:0019915","lipid storage",51,0.265896193957305,1.01323783113539,0.425044091710758,0.669485068538409,0.556641720611175,1721,"tags=24%, list=18%, signal=19%","Tmem135/Srebf2/Asxl2/Srebf1/Nrip1/Apoa1/Ppara/Npc2/Negr1/Cds1/Nr1h3/Mospd2"
"GO:0170062","GO:0170062","nutrient storage",51,0.265896193957305,1.01323783113539,0.425044091710758,0.669485068538409,0.556641720611175,1721,"tags=24%, list=18%, signal=19%","Tmem135/Srebf2/Asxl2/Srebf1/Nrip1/Apoa1/Ppara/Npc2/Negr1/Cds1/Nr1h3/Mospd2"
"GO:0071706","GO:0071706","tumor necrosis factor superfamily cytokine production",71,-0.236012495334324,-1.00406911037104,0.425720620842572,0.669907233081163,0.556992728286331,2773,"tags=38%, list=29%, signal=27%","Ptpn6/Azi2/Gpr18/Twist2/Adam17/Gas6/Tspo/Adam8/Ripk2/Selenok/Mapkapk2/Arg2/Ltf/Fadd/Tbc1d23/Stat3/Ptpn11/Hspd1/Rad21/Lrrk2/Abcc8/Cactin/Arhgef2/Mif/Fxr1/Errfi1/Gstp3"
"GO:0009154","GO:0009154","purine ribonucleotide catabolic process",86,-0.226942602343516,-0.997335815898932,0.425968109339408,0.669907233081163,0.556992728286331,1487,"tags=24%, list=16%, signal=21%","Ddit4/Entpd4/Fkrp/Pfkfb2/Gapdh/Uchl1/Ampd3/Eno2/Eno1/Pfkl/Ogt/Pkm/Gpi1/Eif6/Ppp2ca/Bpgm/Hprt1/Pgam1/Itpa/Gale/Esrrb"
"GO:0000956","GO:0000956","nuclear-transcribed mRNA catabolic process",88,-0.223541622836645,-0.989578324449775,0.426008968609865,0.669907233081163,0.556992728286331,2083,"tags=35%, list=22%, signal=28%","Cnot7/Tent4b/Lsm4/Edc4/Ago2/Magoh/Pnrc2/Ago1/Smg8/Btg2/Exosc9/Rnps1/Csde1/Casc3/Ssb/Zfp36l1/Exosc3/Etf1/Mtpap/Rc3h2/Hnrnpab/Dhx34/Cnot6l/Eif4a3/Eif3e/Smg1/Ncbp2/Smg5/Lsm7/Ddx5/Tob1"
"GO:0046847","GO:0046847","filopodium assembly",58,0.260117382182452,1.01211911004392,0.426523297491039,0.669985397583964,0.557057717970753,2282,"tags=36%, list=24%, signal=28%","Myo3b/Fgd4/Spata13/Nrxn1/Arf6/Tenm1/Stau2/Fgd3/Daam2/Wasl/Prkcd/Mien1/Dbn1/Myo10/Dnm3/Myo3a/Prkcq/Arhgef4/Gpm6a/Fmr1/Srf"
"GO:0045010","GO:0045010","actin nucleation",42,-0.264371581952834,-1.00462829799246,0.426339285714286,0.669985397583964,0.557057717970753,848,"tags=19%, list=9%, signal=17%","Actr2/Nckap1/Ap1ar/Arpc4/Cyfip1/Arpc3/Rnh1/Arpc5"
"GO:0034605","GO:0034605","cellular response to heat",34,-0.281313377328694,-1.01319169291605,0.427947598253275,0.671491225986096,0.558309735307806,1335,"tags=26%, list=14%, signal=23%","Ywhae/Eif2s1/Hspa8/Chordc1/Nf1/Mapt/Hikeshi/Atxn3/Hsbp1"
"GO:0032204","GO:0032204","regulation of telomere maintenance",71,-0.235937887898657,-1.00375170759348,0.427937915742794,0.671491225986096,0.558309735307806,1082,"tags=32%, list=11%, signal=29%","Pkib/Slx4/Naf1/Tent4b/Uchl5/Cct5/Nat10/Sirt6/Nvl/Tnks/Slx1b/Ruvbl1/Cct2/Hdac8/Cct4/Terf2ip/Smg1/Ctnnb1/Smg5/Cct8/Ptges3/Ctc1/Hnrnpa2b1"
"GO:0002685","GO:0002685","regulation of leukocyte migration",99,0.234843495432504,1.00544860416484,0.42831541218638,0.671702908507623,0.558485738221902,1797,"tags=23%, list=19%, signal=19%","Chst2/Pecam1/Smpd3/Ninj1/Wnk1/Fut9/Ptk2/Pdgfd/Nedd9/Bcr/Plcb1/Cd74/Abl1/Swap70/Spi1/Pawr/Wasl/Dpp4/Mospd2/Jam2/Tirap/Rac2/Tacr1"
"GO:0043243","GO:0043243","positive regulation of protein-containing complex disassembly",27,0.30987989543964,1.02160416956584,0.429347826086957,0.672956049149338,0.559527658939409,495,"tags=19%, list=5%, signal=18%","Adrb2/Wnk1/Carmil1/Igf1r/Sema5a"
"GO:1903426","GO:1903426","regulation of reactive oxygen species biosynthetic process",33,0.295571346445876,1.025040674193,0.429616087751371,0.673010753435608,0.559573142684253,1119,"tags=18%, list=12%, signal=16%","Prkn/Fyn/Hdac4/Foxo3/Hif1a/Ppara"
"GO:0099590","GO:0099590","neurotransmitter receptor internalization",44,-0.262621551066616,-1.01213416916309,0.43046357615894,0.673335672179426,0.559843295578046,2171,"tags=32%, list=23%, signal=25%","Ophn1/Usp46/Ap2a2/Pick1/Rala/Cacng5/Synj1/Arc/Sh3glb2/Ppp3r1/Ap2b1/Ap2m1/Pacsin1/Lrp1"
"GO:0097191","GO:0097191","extrinsic apoptotic signaling pathway",118,0.227275708406382,1.0098816274964,0.43006993006993,0.673335672179426,0.559843295578046,1863,"tags=27%, list=20%, signal=22%","Trps1/Bmpr1b/Tgfb2/Phip/Fyn/Tcf7l2/Bcl2/Yap1/Foxo3/Fas/Itprip/Wwox/Ptprc/Casp8ap2/Eya2/Sh3rf1/Fgfr3/Fgfr1/Dab2ip/Zmynd11/Brca1/Ngf/Spi1/Acvr1/Gclm/Fgfr2/Stk3/Bloc1s2/Map2k5/Bag3/Ret/Rffl"
"GO:0120254","GO:0120254","olefinic compound metabolic process",56,-0.245600576877959,-0.992724646531621,0.430523917995444,0.673335672179426,0.559843295578046,1069,"tags=14%, list=11%, signal=13%","Cyp2d22/Sdr16c5/Egr1/Mgst3/Ptgs1/Cyp19a1/Scp2/Gstp3"
"GO:0035825","GO:0035825","homologous recombination",38,-0.274319349075565,-1.00630643432798,0.430769230769231,0.673354179695643,0.559858683607079,2684,"tags=37%, list=28%, signal=27%","Fancd2/Slx4/Rad51d/Hfm1/Psmc3ip/Rnf212b/Chtf18/Terb1/Rad54l/Eme1/Trip13/Fancm/Rad51ap1/Ube2b"
"GO:0031110","GO:0031110","regulation of microtubule polymerization or depolymerization",63,0.254551317189845,1.01020201769043,0.431095406360424,0.67349899888595,0.559979093168185,2473,"tags=40%, list=26%, signal=30%","Slain1/Cib1/Mid1ip1/Taok1/Akap9/Clasp1/Atxn7/Nav3/Ttbk2/Diaph3/Map2/Camsap2/Abl1/Arhgef7/Clasp2/Stmn3/Fgf13/Cdk5rap2/Eml4/Pde4dip/Tbcd/Tpx2/Bmerb1/Spast/Dyrk1a"
"GO:0006376","GO:0006376","mRNA splice site recognition",22,0.327551686113188,1.03079345998014,0.434456928838951,0.67459711580535,0.56089211979144,1282,"tags=23%, list=14%, signal=20%","Luc7l/Ptbp2/Celf2/Mbnl1/Celf1"
"GO:0060117","GO:0060117","auditory receptor cell development",22,0.326752425302111,1.0282782147477,0.434456928838951,0.67459711580535,0.56089211979144,2303,"tags=45%, list=24%, signal=34%","Myo3b/Ush1c/Rest/Fgfr1/Nherf1/Scrib/Atp2b2/Myo3a/Sec24b/Wdpcp"
"GO:0099159","GO:0099159","regulation of modification of postsynaptic structure",22,0.32673131074546,1.02821176799187,0.434456928838951,0.67459711580535,0.56089211979144,1421,"tags=32%, list=15%, signal=27%","Kalrn/Cap2/Ptk2/Prmt8/Amot/Itsn1/Dip2a"
"GO:0019882","GO:0019882","antigen processing and presentation",37,0.287687376215748,1.0245639538468,0.435897435897436,0.67459711580535,0.56089211979144,787,"tags=16%, list=8%, signal=15%","B2m/Tapbp/Tap1/Tap2/Ext1/Cd74"
"GO:0034394","GO:0034394","protein localization to cell surface",47,0.271706587533305,1.01643433146488,0.433928571428571,0.67459711580535,0.56089211979144,1359,"tags=19%, list=14%, signal=16%","Erbb4/Ank2/Astn2/Ptprk/Vcl/Arf6/Vps54/Egf/Gbf1"
"GO:1903170","GO:1903170","negative regulation of calcium ion transmembrane transport",28,-0.299324004223376,-1.01472253416088,0.433707865168539,0.67459711580535,0.56089211979144,1414,"tags=32%, list=15%, signal=27%","Ppp3cb/Ywhae/Vdac1/Bin1/Sri/Ppp3r1/Calm2/Gnb5/Sestd1"
"GO:0032786","GO:0032786","positive regulation of DNA-templated transcription, elongation",46,-0.26356948342631,-1.01434538834896,0.434389140271493,0.67459711580535,0.56089211979144,2175,"tags=46%, list=23%, signal=35%","Med15/Med30/Kat7/Med14/Med26/Supt5/Med20/Med22/Med31/Ccnk/Leo1/Med7/Pwwp2b/Med28/Med17/Supt6/Ncbp2/Cbx7/Ctnnb1/Map2k1/Med9"
"GO:0006641","GO:0006641","triglyceride metabolic process",55,0.261219459215079,1.01300932347922,0.43585237258348,0.67459711580535,0.56089211979144,1697,"tags=22%, list=18%, signal=18%","Insig1/Tcf7l2/Slc27a1/Srebf1/Gk2/Mgll/Lmf1/Mfsd2a/Agmo/Gpam/Tbl1xr1/Nr1h3"
"GO:1902175","GO:1902175","regulation of oxidative stress-induced intrinsic apoptotic signaling pathway",28,-0.2986377177757,-1.01239599063774,0.435955056179775,0.67459711580535,0.56089211979144,2379,"tags=46%, list=25%, signal=35%","Ppia/Mcl1/Park7/Trap1/Nono/Sfpq/Fbxo7/Rack1/Pycr1/Sod1/P4hb/Ctnnb1/Sod2"
"GO:0042743","GO:0042743","hydrogen peroxide metabolic process",26,-0.3025035179616,-1.01157840991178,0.436008676789588,0.67459711580535,0.56089211979144,3166,"tags=54%, list=33%, signal=36%","Pink1/Prdx4/Insr/Prdx3/Txnrd1/Snca/Gpx3/Park7/Stat3/Nox4/Prdx1/Sod1/Cycs/Sod2"
"GO:0002686","GO:0002686","negative regulation of leukocyte migration",21,-0.322473974044426,-1.01052278900176,0.433760683760684,0.67459711580535,0.56089211979144,754,"tags=19%, list=8%, signal=18%","Mif/Nf1/Rabgef1/Cyp19a1"
"GO:0007566","GO:0007566","embryo implantation",38,-0.27411464293395,-1.00555549529234,0.432967032967033,0.67459711580535,0.56089211979144,1405,"tags=29%, list=15%, signal=25%","Ints1/Trim28/Aplf/Arhgdib/Stc2/Ppard/Acvr1b/Sod1/Acod1/Lamb1/Errfi1"
"GO:0031032","GO:0031032","actomyosin structure organization",134,0.221728820100712,1.00447995664916,0.434707903780069,0.67459711580535,0.56089211979144,2535,"tags=38%, list=27%, signal=28%","Fhod3/Prkd1/Nrap/Fam171a1/Carmil1/Nebl/Ep300/Cdc42bpa/Rock1/Epb41l3/Clasp1/Itgb1bp1/Apoa1/Epb41l4b/Ccdc88a/Prox1/Alms1/Abl1/Akap13/Ppfia1/Rhpn2/Pdgfrb/Dlc1/Tjp1/Clasp2/Itgb5/Luzp1/Casq1/Cavin4/Mtor/Tacr1/Wnt4/Cdc42bpb/Zeb2/Myh10/S1pr1/Arhgap28/Prkcq/Epb41l1/Ppm1e/Mylk3/Rhpn1/Tnfaip1/Srf/Braf/Fhdc1/Myo18a/Phactr1/Itgb1/Kank4/Rock2"
"GO:0014003","GO:0014003","oligodendrocyte development",39,-0.271016557383799,-1.00347392618227,0.432071269487751,0.67459711580535,0.56089211979144,1924,"tags=33%, list=20%, signal=27%","B4galt5/Ncstn/Med12/Id4/Tppp/Mios/Ckap5/B4galt6/Eif2b1/Eif2b5/Eif2b2/Omg/Id2"
"GO:1902117","GO:1902117","positive regulation of organelle assembly",65,-0.241190136034171,-1.00330332483056,0.432432432432432,0.67459711580535,0.56089211979144,1703,"tags=26%, list=18%, signal=22%","Msn/Wipi1/Ralb/Rab3ip/Ubap2l/Pip4k2b/Cnot6l/Rab11fip3/Ccp110/Trim32/Atmin/Sdc4/Numa1/Fscn1/Ift20/G3bp1/Vps4b"
"GO:0006575","GO:0006575","modified amino acid metabolic process",108,-0.219944721115135,-0.998117608687662,0.43559718969555,0.67459711580535,0.56089211979144,2632,"tags=34%, list=28%, signal=25%","Cth/Mthfd2l/Ahcyl/Bbox1/Ggt7/Ptdss1/Mthfr/Gsto1/Nfe2l1/Park7/Cpt1a/Gsta13/Ggh/Ero1b/Asl/Gstk1/Arl6ip5/Pcmt1/Gclc/Glo1/Fkrp/Txnrd3/Ggt5/Gsr/Acadl/Ctsb/P4ha1/Reln/Lipc/Sod1/P4hb/Crat/Sod2/Abhd12/Aldh9a1/Gsta4/Gstp3"
"GO:0033555","GO:0033555","multicellular organismal response to stress",78,-0.231130252073165,-0.99775864472602,0.435374149659864,0.67459711580535,0.56089211979144,1503,"tags=23%, list=16%, signal=20%","Shank3/Eif4g1/Tmem74/Nr4a2/Vdac1/Comt/Kcnip3/Rps6kb1/Cck/Adam11/Dbi/Adra2a/Reln/Slc6a2/Gng7/Neurod2/Scn3a/Tac1"
"GO:0008045","GO:0008045","motor neuron axon guidance",24,-0.304692029651901,-0.987758433200577,0.432900432900433,0.67459711580535,0.56089211979144,1218,"tags=21%, list=13%, signal=18%","Etv4/Egr2/Rac1/Rac3/Nrp1"
"GO:1903900","GO:1903900","regulation of viral life cycle",58,-0.245209812134662,-1.00139493828651,0.436936936936937,0.675670845107842,0.561784869390344,2789,"tags=36%, list=29%, signal=26%","Rad23a/Tarbp2/Lgals1/Cnot7/Adarb1/Ppia/Ppih/Bsg/Ltf/Eif2ak2/Hacd3/Stau1/Ddx3x/Trim28/Znfx1/Kpna6/P4hb/Ddb1/Setdb1/Inpp5k/Ddx5"
"GO:0033273","GO:0033273","response to vitamin",49,0.268637548954619,1.01956247540649,0.437282229965157,0.675842417588163,0.561927522908911,1150,"tags=20%, list=12%, signal=18%","Penk/Egfr/Scap/Rxra/Lrp6/Mn1/Hlcs/mt-Cytb/Trim24/Trim25"
"GO:0035330","GO:0035330","regulation of hippo signaling",29,0.30297758254522,1.01626195814737,0.438282647584973,0.676301313876438,0.562309071103922,1976,"tags=31%, list=21%, signal=25%","Wtip/Wwc1/Mark3/Vgll4/Map4k4/Stk3/Slmap/Coro7/Strip1"
"GO:0032094","GO:0032094","response to food",21,0.322256867787195,1.00319851116189,0.438202247191011,0.676301313876438,0.562309071103922,1119,"tags=19%, list=12%, signal=17%","Tmem135/Srebf1/Atn1/Ppara"
"GO:1902373","GO:1902373","negative regulation of mRNA catabolic process",50,0.263274707384997,1.00238845223311,0.438260869565217,0.676301313876438,0.562309071103922,2328,"tags=38%, list=25%, signal=29%","Qki/Rbm24/Igf2bp3/Rbm47/Igf2bp1/Elavl1/Larp4b/Thrap3/Tent4a/Axin2/Mtor/Tirap/Ptbp1/Tardbp/Vegfa/Hnrnpu/Nbas/Rbm38/Nrde2"
"GO:0032964","GO:0032964","collagen biosynthetic process",34,-0.280381192680483,-1.00983429217386,0.438864628820961,0.676721721786967,0.562658618231517,1702,"tags=32%, list=18%, signal=27%","Tgfb3/Cygb/Col1a1/Larp6/Ppard/Fn1/Fosl2/Acvr1b/Ccn2/Errfi1/Vim"
"GO:0019395","GO:0019395","fatty acid oxidation",71,-0.23497424712763,-0.999652085959836,0.439024390243902,0.676721721786967,0.562658618231517,1032,"tags=15%, list=11%, signal=14%","Acaa1b/Tysnd1/Irs2/Ppard/Acadl/Dbi/Hadha/Crat/Klhl25/Scp2/Pdk4"
"GO:0046839","GO:0046839","phospholipid dephosphorylation",36,-0.274943345256607,-0.998762640809374,0.439655172413793,0.677332007073386,0.563166038438271,1638,"tags=36%, list=17%, signal=30%","Sacm1l/Plpp5/Inpp5j/Mtmr7/Ocrl/Mtmr6/Plppr4/Synj1/Mtmr9/Chrm5/Inpp4b/Mtmr4/Inpp5k"
"GO:0007368","GO:0007368","determination of left/right symmetry",73,0.246470413971472,1.00317153074308,0.440217391304348,0.67783606861812,0.563585139175151,2858,"tags=40%, list=30%, signal=28%","Acvr2b/Lrp6/Rbpj/Rpgrip1l/Ift57/Hif1a/Dnaaf1/Invs/Daam2/Vangl2/Cep290/Tgfbr2/Acvr1/Kdm2a/Ofd1/Ccdc103/Arl13b/Nat8f5/Alg5/Srf/Cfap45/Gas8/Disp1/Odad2/Wnt5a/Acvr2a/Pskh1/Notch2/Gja1"
"GO:0048854","GO:0048854","brain morphogenesis",30,0.300290189169442,1.01538809697685,0.440860215053763,0.678101792114695,0.563806074325599,1509,"tags=27%, list=16%, signal=22%","Ctnna2/Pcnt/Foxo3/Akt3/Cdh2/Otx1/Afdn/Zfp335"
"GO:0032570","GO:0032570","response to progesterone",23,0.319828379558897,1.00772005958131,0.440677966101695,0.678101792114695,0.563806074325599,1797,"tags=43%, list=19%, signal=35%","Tgfb2/Gad2/Yap1/Srebf1/Ncoa2/Vps54/Ncoa1/Ube3a/Nr1h3/Tacr1"
"GO:0030837","GO:0030837","negative regulation of actin filament polymerization",41,0.280863226841108,1.02204669183662,0.44122965641953,0.678308277779277,0.563977756325715,2096,"tags=29%, list=22%, signal=23%","Fhod3/Pecam1/Carmil1/Add3/Sptb/Eps8/Svil/Prkcd/Arfgef1/Cracd/Ssh3/Gsn"
"GO:0015872","GO:0015872","dopamine transport",38,-0.273537018106964,-1.00343655041301,0.441758241758242,0.678625035732636,0.564241123950268,2580,"tags=39%, list=27%, signal=29%","Rab3b/Chrna4/Nat8l/Tor1a/Snca/Rtn4/Oprk1/Park7/Htr1b/Rab3a/Abat/Comt/Prkcb/Chrm5/Slc6a2"
"GO:0007272","GO:0007272","ensheathment of neurons",124,0.223609353834022,1.00021406827102,0.442141623488774,0.678625035732636,0.564241123950268,2019,"tags=26%, list=21%, signal=21%","Aspa/Qki/Fyn/Srebf2/Tcf7l2/Pard3/Rxra/Tenm4/Pmp22/Mtmr2/Ski/Epb41l3/Wasf3/Pou3f2/Fgfr3/Cdh2/Large1/Mir219a-1/Nsun5/Nrdc/Kif14/Ptprz1/Nfasc/Jam2/Mtor/Grb2/Eif2ak3/Gpc1/Sirt2/Acer3/Ndrg1/Ulk4"
"GO:0008366","GO:0008366","axon ensheathment",124,0.223609353834022,1.00021406827102,0.442141623488774,0.678625035732636,0.564241123950268,2019,"tags=26%, list=21%, signal=21%","Aspa/Qki/Fyn/Srebf2/Tcf7l2/Pard3/Rxra/Tenm4/Pmp22/Mtmr2/Ski/Epb41l3/Wasf3/Pou3f2/Fgfr3/Cdh2/Large1/Mir219a-1/Nsun5/Nrdc/Kif14/Ptprz1/Nfasc/Jam2/Mtor/Grb2/Eif2ak3/Gpc1/Sirt2/Acer3/Ndrg1/Ulk4"
"GO:0045197","GO:0045197","establishment or maintenance of epithelial cell apical/basal polarity",32,0.297256630121708,1.02090363526721,0.442831215970962,0.679000531632111,0.564553329096265,1683,"tags=31%, list=18%, signal=26%","Myo9a/Pard3/Mtcl1/Pard3b/Nherf1/Vangl2/Lrrc7/Dlg2/Scrib/Dlg3"
"GO:0019319","GO:0019319","hexose biosynthetic process",60,0.256576899346386,1.00457145233805,0.442857142857143,0.679000531632111,0.564553329096265,1122,"tags=20%, list=12%, signal=18%","Ppargc1a/Tcf7l2/Chst15/Foxo1/G6pc3/Ep300/Ppp4r3a/Nr3c1/Hif1a/G6pc2/Ppara/Sord"
"GO:0045981","GO:0045981","positive regulation of nucleotide metabolic process",28,-0.297263830274394,-1.00773844701509,0.444943820224719,0.680752242720472,0.566009784990596,1140,"tags=25%, list=12%, signal=22%","Uchl1/Eno1/Ndufc2/Ppp2ca/Map2k1/Tmsb4x/Esrrb"
"GO:1900544","GO:1900544","positive regulation of purine nucleotide metabolic process",28,-0.297263830274394,-1.00773844701509,0.444943820224719,0.680752242720472,0.566009784990596,1140,"tags=25%, list=12%, signal=22%","Uchl1/Eno1/Ndufc2/Ppp2ca/Map2k1/Tmsb4x/Esrrb"
"GO:0042267","GO:0042267","natural killer cell mediated cytotoxicity",24,0.315526771979055,1.00719162248409,0.444444444444444,0.680752242720472,0.566009784990596,736,"tags=17%, list=8%, signal=15%","Tap1/Cadm1/Tap2/Unc13d"
"GO:1902622","GO:1902622","regulation of neutrophil migration",26,-0.30054128444543,-1.00501665792443,0.44468546637744,0.680752242720472,0.566009784990596,2742,"tags=46%, list=29%, signal=33%","Dysf/Ptger3/Adam8/Jam3/Selenok/Ripor2/Rtn4/Mcu/C1qbp/Dnm1l/Rac1/Rac3"
"GO:0033559","GO:0033559","unsaturated fatty acid metabolic process",45,0.271062511324733,1.00405225273078,0.445438282647585,0.680786437284385,0.566038215977016,870,"tags=18%, list=9%, signal=16%","Scd4/Elovl5/Fads2b/Elovl2/Ptgr2/Elovl6/Cd74/Mgll"
"GO:0008207","GO:0008207","C21-steroid hormone metabolic process",20,-0.325783684660254,-1.00360015638242,0.445414847161572,0.680786437284385,0.566038215977016,1069,"tags=25%, list=11%, signal=22%","Cyp2d22/Egr1/Akr1d1/Cyp19a1/Scp2"
"GO:0032958","GO:0032958","inositol phosphate biosynthetic process",21,0.319640619623236,0.995054026046849,0.445692883895131,0.680814765441503,0.566061769353874,679,"tags=19%, list=7%, signal=18%","Adcyap1r1/Itpkb/Prkg1/Ntsr1"
"GO:0061005","GO:0061005","cell differentiation involved in kidney development",36,0.289114605896404,1.01838345958239,0.446096654275093,0.681070805150539,0.566274652942889,2177,"tags=31%, list=23%, signal=24%","Yap1/Gli3/Magi2/Ext1/Mtss1/Tshz3/Ptpro/Ampd2/Wnt4/Prkx/Myo1e"
"GO:0000281","GO:0000281","mitotic cytokinesis",64,-0.241401284982299,-0.999194823981534,0.446469248291572,0.681279001096769,0.566447756952493,1392,"tags=22%, list=15%, signal=19%","Chmp7/Arf1/Exoc8/Chmp1a/Rab11fip3/Vps4b/Stmn1/Chmp5/Chmp2b/Rab35/Mtmr4/Rhob/Chmp2a/Stambp"
"GO:0072577","GO:0072577","endothelial cell apoptotic process",28,0.303003187247829,1.0067503824718,0.447037701974865,0.681785686142523,0.566869038992871,2392,"tags=32%, list=25%, signal=24%","Foxo3/Sema5a/Abl1/Bmpr2/Pak4/Ano6/Angpt1/Col18a1/Braf"
"GO:0010662","GO:0010662","regulation of striated muscle cell apoptotic process",35,0.293220113420049,1.02713901277832,0.448339483394834,0.683308758265521,0.568135393579406,1182,"tags=17%, list=12%, signal=15%","Qki/Hey2/Bcl2/Atg7/Ambra1/Myocd"
"GO:0030865","GO:0030865","cortical cytoskeleton organization",42,-0.2618789569666,-0.99515616948698,0.448660714285714,0.683308758265521,0.568135393579406,2101,"tags=31%, list=22%, signal=24%","Dlg1/Wdr1/Akap11/Kif21a/Ehd2/Llgl2/Ppp2r3c/Fmnl1/Pafah1b1/Nckap1/Rac1/Ppfibp1/Rac3"
"GO:0007596","GO:0007596","blood coagulation",86,-0.223599847603629,-0.982645541832149,0.44874715261959,0.683308758265521,0.568135393579406,899,"tags=28%, list=9%, signal=25%","Shh/Gas6/Pdgfb/Bloc1s6/Ppia/Pear1/Fermt3/Nbeal2/Entpd2/Hps4/Prrg3/Rab27a/Angptl1/Anxa5/Pdgfa/Angptl2/Adra2a/Angptl7/Stxbp1/Fzd6/Papss2/Pdgfra/Vwf/Serpind1"
"GO:0035195","GO:0035195","miRNA-mediated post-transcriptional gene silencing",35,0.293143038848526,1.02686902345739,0.450184501845018,0.683366419391913,0.568183335781728,1284,"tags=23%, list=14%, signal=20%","Wtip/Tnrc6b/Elavl1/Pum2/Tnrc6a/Ago4/Tnrc6c/Ago3"
"GO:0032228","GO:0032228","regulation of synaptic transmission, GABAergic",29,0.301132703128539,1.01007377500592,0.450805008944544,0.683366419391913,0.568183335781728,1797,"tags=34%, list=19%, signal=28%","Erbb4/Slc6a1/Nrxn1/Nalcn/Slc38a1/Bdnf/Cnr1/Cckbr/Prkce/Tacr1"
"GO:1905953","GO:1905953","negative regulation of lipid localization",30,-0.291252634689926,-1.01001794862431,0.45045045045045,0.683366419391913,0.568183335781728,1302,"tags=20%, list=14%, signal=17%","Pla2r1/Irs2/Ppard/Cry1/Atp5pf/Asxl1"
"GO:0030866","GO:0030866","cortical actin cytoskeleton organization",27,0.304699034004345,1.00452403715928,0.449275362318841,0.683366419391913,0.568183335781728,696,"tags=15%, list=7%, signal=14%","Fhod3/Rock1/Arf6/Epb41l3"
"GO:0071108","GO:0071108","protein K48-linked deubiquitination",20,-0.324453506522771,-0.9995024466147,0.449781659388646,0.683366419391913,0.568183335781728,3175,"tags=60%, list=34%, signal=40%","Usp33/Bap1/Usp5/Yod1/Park7/Usp20/Mindy3/Otud3/Usp14/Otub1/Atxn3/Usp19"
"GO:1903350","GO:1903350","response to dopamine",32,-0.281418818011876,-0.997638196751587,0.450110864745011,0.683366419391913,0.568183335781728,2523,"tags=34%, list=27%, signal=25%","Drd5/Prmt5/Gnai3/Rgs4/Ncstn/Lrrk2/Comt/Rgs8/Gnb5/Htr2b/Vps35"
"GO:0061387","GO:0061387","regulation of extent of cell growth",87,0.236595493821442,0.996264210021089,0.451154529307282,0.683366419391913,0.568183335781728,2295,"tags=36%, list=24%, signal=27%","Cdh4/Dscam/Smurf1/Ep300/Sema5a/Pum2/Ryk/Disc1/Adnp/Mgll/Map2/Ptprs/Ttc3/Abl1/Sema3g/Bdnf/Ngf/Clasp2/Rufy3/Ist1/Bmpr2/Sema3f/Fgf13/Dcx/Dbn1/Golga4/Vegfa/Sema3a/Ttl/Srf/Ntn1"
"GO:0046928","GO:0046928","regulation of neurotransmitter secretion",71,-0.233917421866262,-0.995156029094306,0.450110864745011,0.683366419391913,0.568183335781728,1709,"tags=23%, list=18%, signal=19%","Htr1b/Snap29/Lrrk2/Kcnc4/Rab3a/Tprg1l/Slc30a1/Prkcb/Dnm1l/Nf1/Vps18/Slc4a8/Stxbp1/Pfn2/Sv2b/Stx1a"
"GO:0099565","GO:0099565","chemical synaptic transmission, postsynaptic",84,0.238566607736366,0.993850853121445,0.450980392156863,0.683366419391913,0.568183335781728,1345,"tags=19%, list=14%, signal=16%","Prkn/Adrb2/Igsf11/Grid2/Nrxn1/Mtmr2/Atxn1/Ppp3ca/Ntsr1/Wnt7a/Nlgn4l/Begain/Bdnf/Cux2/Afdn/Chrna1"
"GO:0030301","GO:0030301","cholesterol transport",60,-0.24248099110417,-0.993211664214948,0.450226244343891,0.683366419391913,0.568183335781728,675,"tags=12%, list=7%, signal=11%","Lipc/Tpcn2/Vps4b/Tmem97/Scp2/Abca5/Lrp1"
"GO:0009135","GO:0009135","purine nucleoside diphosphate metabolic process",80,-0.229668051515368,-0.994548813778772,0.452272727272727,0.683982456976689,0.568695538722862,2143,"tags=31%, list=23%, signal=24%","Sirt6/Prkaa2/Pgk1/Entpd2/Stat3/Nt5e/Ddit4/Entpd4/Fkrp/Pfkfb2/Gapdh/Uchl1/Ampd3/Eno2/Eno1/Pfkl/Ogt/Pkm/Gpi1/Eif6/Ppp2ca/Bpgm/Pgam1/Gale/Esrrb"
"GO:0009179","GO:0009179","purine ribonucleoside diphosphate metabolic process",80,-0.229668051515368,-0.994548813778772,0.452272727272727,0.683982456976689,0.568695538722862,2143,"tags=31%, list=23%, signal=24%","Sirt6/Prkaa2/Pgk1/Entpd2/Stat3/Nt5e/Ddit4/Entpd4/Fkrp/Pfkfb2/Gapdh/Uchl1/Ampd3/Eno2/Eno1/Pfkl/Ogt/Pkm/Gpi1/Eif6/Ppp2ca/Bpgm/Pgam1/Gale/Esrrb"
"GO:2001244","GO:2001244","positive regulation of intrinsic apoptotic signaling pathway",35,-0.273037521692794,-0.988343267541585,0.452173913043478,0.683982456976689,0.568695538722862,2185,"tags=31%, list=23%, signal=24%","Flcn/Mcl1/Park7/Plekhf1/Sfpq/Ubb/Rack1/Dnm1l/Sod1/Rpl26/Bok"
"GO:0032941","GO:0032941","secretion by tissue",29,0.300509862094945,1.00798461169854,0.452593917710197,0.684109464714993,0.568801138995823,1697,"tags=28%, list=18%, signal=23%","Egfr/Wnk1/Atg7/Ppp3ca/Negr1/Chrm3/Prkce/Nr1h3"
"GO:0030968","GO:0030968","endoplasmic reticulum unfolded protein response",56,-0.242937405701638,-0.981960031487657,0.453302961275626,0.684822284085336,0.56939381091554,3547,"tags=46%, list=37%, signal=29%","Ern1/Ccnd1/Herpud1/Parp6/Pdia6/Bak1/Xbp1/Ufl1/Ptpn1/Tmem33/Yod1/Qrich1/Amfr/Eif2ak2/Derl1/Stub1/Edem2/Eif2s1/Tmed2/Stc2/Ficd/Serp1/Parp16/Dnajb9/Cops5/Bok"
"GO:0007030","GO:0007030","Golgi organization",100,-0.218105288002101,-0.98296726478477,0.45372460496614,0.685100398283952,0.569625048284854,1639,"tags=22%, list=17%, signal=18%","Rab1a/Lrrk2/Zw10/Sec16a/Vti1b/Gorasp1/Sec22b/Vps51/Tmed2/Rab8a/Optn/Ubxn2a/Tbc1d20/Golga2/Hikeshi/Yipf4/Map2k1/Nsfl1c/Ywhaz/Cog4/Tmed5/Cltc"
"GO:0090630","GO:0090630","activation of GTPase activity",34,0.292197526660253,1.0197453776078,0.454044117647059,0.685224089635854,0.569727891156463,1782,"tags=32%, list=19%, signal=26%","Arhgef16/Nedd9/Bcr/Mtss2/Arhgap42/Rcc2/Rangap1/Rasgrp1/Scrib/Rapgef1/Ralgapa2"
"GO:0072576","GO:0072576","liver morphogenesis",22,0.321097849896986,1.01048346786139,0.456928838951311,0.688496745838861,0.572448933141443,1510,"tags=27%, list=16%, signal=23%","Lims1/Fgf18/Rps6ka1/Tet2/Prox1/Mki67"
"GO:0001935","GO:0001935","endothelial cell proliferation",93,0.237154153655039,1.00739123530043,0.456834532374101,0.688496745838861,0.572448933141443,3042,"tags=42%, list=32%, signal=29%","Col8a2/Agtr1b/Prkd1/Vstm4/Nr2f2/Sema5a/Itgb1bp1/Prkca/Apoa1/Fgfr3/Akt3/Fgfr1/Prox1/Egf/Jcad/Bmpr2/Mtor/Zeb2/F3/Prkx/Vegfa/Pik3cb/Col18a1/Pdcd6/Rptor/Bmper/Stat1/Dicer1/Lipa/Wnt5a/Fgf2/Pold4/Gja1/Cyba/Mmp14/Thbs4/Atoh8/Sparc/Pdcd10"
"GO:0007528","GO:0007528","neuromuscular junction development",51,0.262935182262514,1.00195444635675,0.45679012345679,0.688496745838861,0.572448933141443,1521,"tags=20%, list=16%, signal=17%","Kalrn/Pdzrn3/Farp1/Pmp22/Lrp4/Gphn/Large1/Chrna1/Fgfr2/Cacng2"
"GO:0048311","GO:0048311","mitochondrion distribution",21,-0.317574816667525,-0.995170510756872,0.457264957264957,0.688643413447591,0.57257087956552,1601,"tags=29%, list=17%, signal=24%","Lrrk2/Myo19/Ogt/Dnm1l/Mapt/Kat2a"
"GO:0000245","GO:0000245","spliceosomal complex assembly",37,0.2837278754464,1.0104626685667,0.457875457875458,0.689202933461806,0.573036091111028,900,"tags=16%, list=9%, signal=15%","Luc7l/Rbm5/Ptbp2/Srpk2/Celf2/Mbnl1"
"GO:0032790","GO:0032790","ribosome disassembly",37,-0.271233692968327,-0.988820108407204,0.458333333333333,0.689532255259955,0.573309904913562,949,"tags=19%, list=10%, signal=17%","Mcts1/Zfp598/Denr/Abce1/Ltn1/Gcn1/Ufsp2"
"GO:0051348","GO:0051348","negative regulation of transferase activity",137,0.218586658365626,0.993190363334238,0.459412780656304,0.690795859964953,0.574360525950859,1602,"tags=22%, list=17%, signal=18%","Prkn/Garem1/Prex1/Spred1/Prex2/Nr2f2/Slc8a1/Lrp6/Adar/Lats1/Ptprc/Hipk3/Fbxo5/Chp1/Itgb1bp1/Prkca/Dab2ip/Dtx3l/Abl1/Cdkn2c/Fem1a/Myocd/Spry2/Smyd3/Ptpro/Socs5/Zfyve28/Prkcd/Cep85/Ptprt"
"GO:0032608","GO:0032608","interferon-beta production",34,0.289352738779199,1.00981730146993,0.461397058823529,0.693056832107843,0.576240405701754,1912,"tags=29%, list=20%, signal=24%","Zbtb20/Irf7/Crebbp/Polr3f/Ptprs/Traf3ip1/Tirap/Irf1/Rel/Rnf216"
"GO:0032648","GO:0032648","regulation of interferon-beta production",34,0.289352738779199,1.00981730146993,0.461397058823529,0.693056832107843,0.576240405701754,1912,"tags=29%, list=20%, signal=24%","Zbtb20/Irf7/Crebbp/Polr3f/Ptprs/Traf3ip1/Tirap/Irf1/Rel/Rnf216"
"GO:0010596","GO:0010596","negative regulation of endothelial cell migration",30,0.29721637071849,1.00499442185881,0.462365591397849,0.694150112228734,0.577149410780734,1978,"tags=27%, list=21%, signal=21%","Spred1/Nr2f2/Itgb1bp1/Dab2ip/Patz1/Angpt2/Map2k5/Adgrb1"
"GO:0060119","GO:0060119","inner ear receptor cell development",44,0.272421617227491,1.00326391630014,0.462659380692168,0.694229788718112,0.577215657602693,1467,"tags=30%, list=15%, signal=25%","Myo3b/Ush1c/Gabrb2/Rest/Fgfr1/Alms1/Otog/Nherf1/Tsku/Fzd2/Vangl2/Trip11/Scrib"
"GO:0007586","GO:0007586","digestion",48,0.266059579089739,0.999032891768164,0.463327370304114,0.694870585521095,0.577748446535169,1844,"tags=29%, list=19%, signal=24%","Lpcat3/Wnk1/Slc26a7/Ppp3ca/Sox9/Apoa1/Negr1/Pawr/Chrm3/Cyp7b1/Cckbr/Nr1h3/Hrh2/Cracd"
"GO:0038179","GO:0038179","neurotrophin signaling pathway",33,-0.27570378045684,-0.983395459461389,0.463736263736264,0.695122341276187,0.577957768241169,2036,"tags=36%, list=21%, signal=29%","Shoc2/Kidins220/Cyfip2/Ptpn11/Ddit4/Spry1/Slc9a6/Zfyve27/Casp3/Sort1/Cyfip1/Lmtk2"
"GO:0051100","GO:0051100","negative regulation of binding",72,0.244071776215268,0.989561090331638,0.464609800362976,0.696069955452896,0.578745659727606,857,"tags=15%, list=9%, signal=14%","B2m/Ptprf/Hey2/Rock1/Ppp3ca/Lef1/Rsf1/Btaf1/Ttbk1/Itgb1bp1/Ttbk2"
"GO:1902099","GO:1902099","regulation of metaphase/anaphase transition of cell cycle",62,0.250539737034998,0.99056121367141,0.465364120781528,0.696476452690153,0.579083640859979,2013,"tags=29%, list=21%, signal=23%","Arid1a/Arhgap33os/Arid2/Mad1l1/Pbrm1/Fbxo5/Actl6a/Dpf3/Smarcd2/Cenpe/Hecw2/Atm/Ndc80/Cdk5rap2/Bub1b/Mapk15/Xrcc3/Brd7"
"GO:0007616","GO:0007616","long-term memory",28,-0.29209638150344,-0.990220551229842,0.465168539325843,0.696476452690153,0.579083640859979,1201,"tags=25%, list=13%, signal=22%","Arc/Rps6kb1/Reln/Egr1/Camk2n1/Tac1/Kat2a"
"GO:0042304","GO:0042304","regulation of fatty acid biosynthetic process",30,0.296558338318372,1.00276937991403,0.467741935483871,0.697501417753611,0.579935845551765,1041,"tags=27%, list=11%, signal=24%","Insig1/Elovl5/Scap/Srebf1/Mid1ip1/Cd74/Dcaf5/Brca1"
"GO:0051224","GO:0051224","negative regulation of protein transport",93,0.234902506239157,0.997826613147344,0.467625899280576,0.697501417753611,0.579935845551765,2457,"tags=33%, list=26%, signal=25%","Insig1/Prkn/Pde3b/Foxo1/Srebf1/Lyplal1/Klf7/Ppp3ca/Rest/Chp1/Mtnr1b/Neo1/Gnao1/Rangap1/Idh2/Map4k4/Jagn1/Nr1h3/Mdfic/Mtnr1a/Apod/Derl3/Angpt1/Frmd4a/Cabp1/Fermt1/Tbc1d1/Rptor/Adtrp/Oprm1/Irs1"
"GO:0061842","GO:0061842","microtubule organizing center localization",29,0.296441369974809,0.994337880036136,0.46690518783542,0.697501417753611,0.579935845551765,945,"tags=17%, list=10%, signal=16%","Syne2/Pard3/Bicd2/Akap9/Pard3b"
"GO:0010712","GO:0010712","regulation of collagen metabolic process",29,-0.289649475563307,-0.994197479328746,0.467268623024831,0.697501417753611,0.579935845551765,1040,"tags=31%, list=11%, signal=28%","Tgfb3/Cygb/Larp6/Ppard/Fn1/Acvr1b/Ccn2/Errfi1/Vim"
"GO:0000154","GO:0000154","rRNA modification",26,-0.296272434311039,-0.990741529290566,0.466377440347072,0.697501417753611,0.579935845551765,2717,"tags=54%, list=29%, signal=39%","Mettl16/Mrm3/Emg1/Nop2/Mrm2/Rpusd2/Naf1/Nat10/Mettl5/Nhp2/Tfb2m/Tsr3/Gar1/Bud23"
"GO:0006892","GO:0006892","post-Golgi vesicle-mediated transport",86,-0.222184819293737,-0.976426972029069,0.466970387243736,0.697501417753611,0.579935845551765,1589,"tags=26%, list=17%, signal=21%","Wipi1/Rack1/Llgl2/Vps29/Arfrp1/Sec16a/Rab14/Sorl1/Exoc8/Vti1b/Optn/Rab11fip3/Gga2/Nsf/Rab26/Atp2c1/Ap1ar/Steap2/Vamp3/Gga3/Sort1/Amn"
"GO:0141084","GO:0141084","inflammasome-mediated signaling pathway",24,-0.297690438773687,-0.965060496389834,0.467532467532468,0.697501417753611,0.579935845551765,2351,"tags=42%, list=25%, signal=31%","Dhx33/Mapk8/Eif2ak2/Ddx3x/Hspa8/Stmp1/Ogt/Fbxl2/Ppp2ca/Lamp2"
"GO:0030901","GO:0030901","midbrain development",27,-0.296126011226718,-1.00152175633145,0.468888888888889,0.698850416307781,0.581057467095819,946,"tags=22%, list=10%, signal=20%","Uqcrq/Kdm2b/Ctnnb1/Rac1/Fzd6/Kat2a"
"GO:0035023","GO:0035023","regulation of Rho protein signal transduction",54,0.255328860362628,0.984981434788155,0.469135802469136,0.69885725946332,0.581063156820733,1265,"tags=24%, list=13%, signal=21%","Robo1/Tns3/Bcr/Apoa1/Arhgap42/Eps8/Abl1/Mcf2l/Akap13/Ralbp1/Cdh2/Pdgfrb/Dlc1"
"GO:0032007","GO:0032007","negative regulation of TOR signaling",52,0.25976283317426,0.98966841146427,0.469534050179211,0.698971135503643,0.581157838775567,1668,"tags=29%, list=18%, signal=24%","Prex1/Prex2/Nlk/Epm2a/Sesn3/Otud7b/Rps6ka1/Hif1a/Mtm1/Ubr2/Samtor/Rnf152/Atm/Ubr1/Ube3a"
"GO:0006936","GO:0006936","muscle contraction",168,0.212022905179536,0.986785005152411,0.46969696969697,0.698971135503643,0.581157838775567,1949,"tags=24%, list=21%, signal=20%","Chrm2/Adrb2/Prkd1/Smpd3/Hdac4/Ank2/Setd3/Htr7/Calcrl/Myl6/Slc8a1/Kcnd2/Rap1gds1/Prkg1/Akap9/Prkca/Uty/Arhgap42/Kcne2/Vps54/Pde5a/Sgcd/Myocd/Pawr/Large1/Dock5/Dock4/Tshz3/Chrna1/Chrm3/Cacna1c/Slc9a1/Fgf13/Cacna2d1/Casq1/Mtor/Tacr1/Dbn1/Kcnip1/Atp1b1/Dmd"
"GO:0002443","GO:0002443","leukocyte mediated immunity",144,0.215382178302882,0.985866568692605,0.47008547008547,0.699188497022432,0.581338563478028,1562,"tags=22%, list=16%, signal=18%","B2m/Gab2/Tap1/Cadm1/Fcrlb/C8b/Shld2/Tap2/Fas/Irf7/Atad5/Rif1/Dennd1b/Ptprc/Unc13d/Bcr/Cd74/Tcirg1/Kmt5b/Ndst2/Tfrc/Swap70/Spi1/Paxip1/Fbxo38/Map3k7/Rasgrp1/Kmt2e/Dpp4/Prkcd/Card9"
"GO:0042098","GO:0042098","T cell proliferation",90,0.235723781937568,0.997022041450307,0.470588235294118,0.699575500303214,0.58166033640803,1957,"tags=29%, list=21%, signal=23%","Rc3h1/Fyn/Mad1l1/Alkbh5/Igfbp2/Ppp3ca/Efnb1/Ptprc/Nck2/Sh3rf1/Tfrc/Pde5a/Abl1/Pawr/Itch/Rasgrp1/Tgfbr2/Scrib/Gpam/Adk/Marchf7/Rac2/Irf1/Wnt4/Cblb/Laptm5"
"GO:0002275","GO:0002275","myeloid cell activation involved in immune response",40,-0.26595029343772,-0.990498708031839,0.470982142857143,0.699800360638846,0.58184729598339,1580,"tags=25%, list=17%, signal=21%","Snap23/Kars1/Abr/Nr4a3/Milr1/Ywhaz/Stxbp1/Cplx2/Kit/Rabgef1"
"GO:1900101","GO:1900101","regulation of endoplasmic reticulum unfolded protein response",22,-0.314583542795704,-0.997209306112981,0.472222222222222,0.700920683936639,0.582778786045574,856,"tags=18%, list=9%, signal=17%","Ficd/Dnajb9/Cops5/Bok"
"GO:0032232","GO:0032232","negative regulation of actin filament bundle assembly",24,0.310380803464619,0.990765198999335,0.472222222222222,0.700920683936639,0.582778786045574,2250,"tags=46%, list=24%, signal=35%","Prkn/Clasp1/Ppfia1/Rhpn2/Dlc1/Tjp1/Clasp2/Dbn1/S1pr1/Arhgap28/Rhpn1"
"GO:0002377","GO:0002377","immunoglobulin production",62,0.249804898244786,0.987655874931536,0.47246891651865,0.700926108662442,0.582783296420557,1275,"tags=23%, list=13%, signal=20%","Nhej1/Shld2/Fas/Atad5/Rif1/Samhd1/Ptprc/Tcirg1/Kmt5b/Tfrc/Swap70/Ezh2/Polq/Paxip1"
"GO:0086004","GO:0086004","regulation of cardiac muscle cell contraction",22,-0.314317449120905,-0.996365806524768,0.474358974358974,0.701564760026298,0.583314301532925,1020,"tags=32%, list=11%, signal=28%","Hcn4/Dlg1/Jup/Bin1/Sri/Pkp2/Myh7b"
"GO:0060972","GO:0060972","left/right pattern formation",78,0.24010394514815,0.990087572670712,0.474153297682709,0.701564760026298,0.583314301532925,2858,"tags=40%, list=30%, signal=28%","Acvr2b/Lrp6/Rbpj/Rpgrip1l/Ift57/Hif1a/Dnaaf1/Invs/Daam2/Vangl2/Cep290/Tgfbr2/Acvr1/Kdm2a/Ofd1/Ccdc103/Arl13b/Nat8f5/Alg5/Mns1/Srf/Cfap45/Gas8/Disp1/Odad2/Wnt5a/Acvr2a/Pskh1/Ift25/Notch2/Gja1"
"GO:0002709","GO:0002709","regulation of T cell mediated immunity",26,0.306278396373792,0.989280879284224,0.473197781885397,0.701564760026298,0.583314301532925,1527,"tags=27%, list=16%, signal=23%","B2m/Tap2/Dennd1b/Ptprc/Fbxo38/Map3k7/Dpp4"
"GO:0019364","GO:0019364","pyridine nucleotide catabolic process",70,-0.231657388217518,-0.983652735024566,0.473451327433628,0.701564760026298,0.583314301532925,1487,"tags=24%, list=16%, signal=21%","Ddit4/Fkrp/Pfkfb2/Gapdh/Uchl1/Eno2/Eno1/Pfkl/Ogt/Pkm/Gpi1/Eif6/Ppp2ca/Bpgm/Pgam1/Gale/Esrrb"
"GO:0051955","GO:0051955","regulation of amino acid transport",36,-0.270371066688597,-0.982153324396061,0.474137931034483,0.701564760026298,0.583314301532925,2088,"tags=31%, list=22%, signal=24%","Rgs4/Arg2/Rgs2/Htr1b/Arl6ip5/Abat/Cck/Npy5r/Arl6ip1/Stxbp1/Sv2a"
"GO:0032088","GO:0032088","negative regulation of NF-kappaB transcription factor activity",35,-0.269652349892465,-0.976089597285631,0.473913043478261,0.701564760026298,0.583314301532925,1007,"tags=20%, list=11%, signal=18%","Cactin/Ppp2cb/Commd7/Arrb1/Acod1/Commd6/Mturn"
"GO:1902905","GO:1902905","positive regulation of supramolecular fiber organization",112,-0.213206192662989,-0.979959414159608,0.476082004555809,0.703398966500356,0.584839348013655,1048,"tags=17%, list=11%, signal=15%","Synpo2/Ckap5/Bin1/Sorbs3/Sdc4/Mapt/Numa1/Cdc42ep1/Nckap1/Rac1/Gm14137/Katnb1/Cyfip1/Ccn2/Dstn/Pfn2/Tac1/Cfl2/Nrp1"
"GO:0002720","GO:0002720","positive regulation of cytokine production involved in immune response",35,-0.26946957522745,-0.975427988183247,0.476086956521739,0.703398966500356,0.584839348013655,3039,"tags=49%, list=32%, signal=33%","Hk1/Panx1/Traf6/Ripk2/Prkcz/Rtn4/Mapkapk2/Sema7a/Cd226/Traf2/Cd81/Nr4a3/Ddx1/Mif/Ddx21/Gprc5b/Kit"
"GO:0030073","GO:0030073","insulin secretion",162,0.213163060207322,0.983065575875105,0.477586206896552,0.705252749969101,0.586380671738672,865,"tags=14%, list=9%, signal=13%","Acvr2b/Adcy5/Prkn/Tcf7l2/Capn10/Epha5/Adcy8/Pde3b/Foxo1/Atg7/Lrp5/Srebf1/Glud1/Klf7/Ppp3ca/Stxbp4/Rest/Plcb1/Hif1a/Clock/Mtnr1b/Hmgn3/Tcirg1"
"GO:0045815","GO:0045815","transcription initiation-coupled chromatin remodeling",32,0.288848593623446,0.992026920143913,0.479128856624319,0.706806968033011,0.587672922541499,1479,"tags=31%, list=16%, signal=26%","Atad2b/Phf2/Ep300/Nr3c1/Tet2/Lcor/Myocd/Tet1/Spi1/Kdm2a"
"GO:0071364","GO:0071364","cellular response to epidermal growth factor stimulus",32,0.288245658248187,0.989956187806736,0.479128856624319,0.706806968033011,0.587672922541499,982,"tags=19%, list=10%, signal=17%","Erbb4/Garem1/Egfr/Sox9/Pde8a/Dab2ip"
"GO:0034219","GO:0034219","carbohydrate transmembrane transport",73,0.241425781373338,0.982639119878978,0.480072463768116,0.707684360067157,0.588402427999483,929,"tags=14%, list=10%, signal=12%","Gpc3/Erbb4/Slc1a2/Capn10/Slc27a1/Aspscr1/Stxbp4/Grb10/Prkca/Appl2"
"GO:0043271","GO:0043271","negative regulation of monoatomic ion transport",80,0.236499563797213,0.982490480983725,0.480427046263345,0.707684360067157,0.588402427999483,1280,"tags=19%, list=14%, signal=16%","Tgfb2/Bcl2/Plcb4/Wnk1/Htr7/Best3/Ppp3ca/Ntsr1/Pik3c2a/Kcne2/Wnk2/Nherf1/Cnr1/Pawr/Gnao1"
"GO:0031348","GO:0031348","negative regulation of defense response",110,-0.214815289266435,-0.981766906600124,0.480459770114943,0.707684360067157,0.588402427999483,1089,"tags=16%, list=11%, signal=15%","Cck/Ppard/Cactin/Dtx4/Ttll12/Fxr1/Npy5r/Sod1/Ywhaz/Acod1/Mettl3/Pcbp2/Rabgef1/Vps35/Cyp19a1/Tmsb4x/Psma1/Hgf"
"GO:0071867","GO:0071867","response to monoamine",37,0.278907651083942,0.993296019837817,0.481684981684982,0.708359278785614,0.588963587515012,348,"tags=11%, list=4%, signal=10%","Adcy5/Adrb2/Prkd1/Htr7"
"GO:0071869","GO:0071869","response to catecholamine",37,0.278907651083942,0.993296019837817,0.481684981684982,0.708359278785614,0.588963587515012,348,"tags=11%, list=4%, signal=10%","Adcy5/Adrb2/Prkd1/Htr7"
"GO:1902003","GO:1902003","regulation of amyloid-beta formation",24,0.308488187684934,0.98472378848471,0.481481481481481,0.708359278785614,0.588963587515012,528,"tags=17%, list=6%, signal=16%","Lrrtm3/Epha4/Spon1/Rock1"
"GO:0034243","GO:0034243","regulation of transcription elongation by RNA polymerase II",60,-0.239100844908126,-0.979366452623826,0.481900452488688,0.708359278785614,0.588963587515012,2175,"tags=28%, list=23%, signal=22%","Med22/Sirt6/Med31/Ccnk/Leo1/Med7/Nelfe/Pwwp2b/Med28/Nelfb/Med17/Supt6/Ncbp2/Cbx7/Ctnnb1/Map2k1/Med9"
"GO:0001666","GO:0001666","response to hypoxia",195,0.210460942420228,0.998339924472933,0.482173174872666,0.708399101544966,0.588996698050745,2153,"tags=28%, list=23%, signal=22%","Rora/Kcnk3/Wtip/Agtr1b/Adrb2/Tgfb2/Penk/Bcl2/Gad2/Scap/Epha4/Slc8a1/Foxo3/Ep300/Kcnd2/Alkbh5/mt-Nd4/mt-Co2/Plat/Rest/Nfatc3/Hif1a/mt-Cytb/Ddr2/Tfrc/Ppara/Arnt2/Egln3/Myocd/Epas1/Scfd1/Atm/Dpp4/Cbfa2t3/Slc9a1/Npepps/Camk2g/Angpt2/Adsl/Prkce/Mtor/Brip1/Sox4/Sirt2/Itpr2/Atp1b1/Mmp2/mt-Co1/Ndrg1/Vegfa/Rwdd3/Hsp90b1/Atf2/Slc2a1/Pik3cb"
"GO:0141137","GO:0141137","positive regulation of gene expression, epigenetic",34,0.284592386892129,0.993204064225558,0.483455882352941,0.709921977956152,0.590262889913174,1479,"tags=29%, list=16%, signal=25%","Atad2b/Phf2/Ep300/Nr3c1/Tet2/Lcor/Myocd/Tet1/Spi1/Kdm2a"
"GO:0170033","GO:0170033","L-amino acid metabolic process",102,-0.216821278453147,-0.98283572727121,0.484234234234234,0.710341572498236,0.590611760767567,2715,"tags=37%, list=29%, signal=27%","Tdh/P4ha2/Mthfd2l/Ahcyl/Cps1/Tdo2/Bloc1s6/Nat8l/Mthfr/Adss2/Mccc1/Dlst/Got1/Park7/Nos2/Arg2/Enoph1/Pcbd2/Asns/Ero1b/Asl/Asrgl1/Spr/Pycr1/Pcmt1/Gclc/Gcat/Aldh5a1/P4ha1/Oat/P4hb/Got2/Odc1/Glul/Qdpr/Aadat/Nit2/Azin1"
"GO:0141085","GO:0141085","regulation of inflammasome-mediated signaling pathway",23,-0.302761204087951,-0.972147469971775,0.484076433121019,0.710341572498236,0.590611760767567,2351,"tags=43%, list=25%, signal=33%","Dhx33/Mapk8/Eif2ak2/Ddx3x/Hspa8/Stmp1/Ogt/Fbxl2/Ppp2ca/Lamp2"
"GO:0001825","GO:0001825","blastocyst formation",39,0.277240955513577,0.999636885018698,0.486437613019892,0.711402675430714,0.591494012202046,2282,"tags=38%, list=24%, signal=29%","Yap1/Cnot2/Lats1/Pbrm1/Actl6a/Mfng/Tet1/Uspl1/Tead4/Tjp1/Mxi1/Nle1/Matr3/Ctr9/Srf"
"GO:0035567","GO:0035567","non-canonical Wnt signaling pathway",39,0.276414908394905,0.996658439186053,0.486437613019892,0.711402675430714,0.591494012202046,2030,"tags=33%, list=21%, signal=26%","Gpc3/Lrp6/Ryk/Wnt7a/Abl1/Daam2/Nkd1/Fzd2/Vangl2/Znrf3/Wnt4/Fzd1/Fzd9"
"GO:0031577","GO:0031577","spindle checkpoint signaling",34,0.283920950535781,0.990860806469172,0.485294117647059,0.711402675430714,0.591494012202046,1896,"tags=29%, list=20%, signal=24%","Arhgap33os/Mad1l1/Mtbp/Diaph3/Cenpe/Atm/Ndc80/Cdk5rap2/Bub1b/Xrcc3"
"GO:0071453","GO:0071453","cellular response to oxygen levels",114,0.223480651120985,0.986300541547654,0.485865724381625,0.711402675430714,0.591494012202046,523,"tags=11%, list=6%, signal=11%","Rora/Kcnk3/Adrb2/Bcl2/Cpeb4/Gad2/Foxo1/Atg7/Epha4/Foxo3/Ep300/Fas/Kcnd2"
"GO:0001736","GO:0001736","establishment of planar polarity",26,0.304801887705333,0.9845117482874,0.486136783733826,0.711402675430714,0.591494012202046,1683,"tags=31%, list=18%, signal=25%","Erbb4/Astn2/Rpgrip1l/Sapcd2/Alms1/Celsr1/Vangl2/Dlg3"
"GO:0007164","GO:0007164","establishment of tissue polarity",26,0.304801887705333,0.9845117482874,0.486136783733826,0.711402675430714,0.591494012202046,1683,"tags=31%, list=18%, signal=25%","Erbb4/Astn2/Rpgrip1l/Sapcd2/Alms1/Celsr1/Vangl2/Dlg3"
"GO:0000819","GO:0000819","sister chromatid segregation",149,-0.206538692664643,-0.985761827653759,0.487864077669903,0.713127217435378,0.592927878428276,1743,"tags=23%, list=18%, signal=19%","Rad21/Smarca5/Chmp3/Anapc5/Prickle1/Phf13/Zw10/Abraxas2/Chmp7/Cdc27/Chmp1a/Smarcb1/Anapc4/Ccsap/Ran/Dync1li1/Bub3/Abraxas1/Anapc7/Trip13/Nsl1/Numa1/Nudc/Golga2/Mzt1/Vps4b/Chmp5/Chmp2b/Katnb1/Cltc/Lcmt1/Chmp2a/Smarcc2/Chek2"
"GO:0032640","GO:0032640","tumor necrosis factor production",70,-0.229098024326186,-0.972785284126485,0.488938053097345,0.713973339307718,0.59363138438681,2773,"tags=37%, list=29%, signal=26%","Ptpn6/Azi2/Gpr18/Twist2/Adam17/Gas6/Tspo/Ripk2/Selenok/Mapkapk2/Arg2/Ltf/Fadd/Tbc1d23/Stat3/Ptpn11/Hspd1/Rad21/Lrrk2/Abcc8/Cactin/Arhgef2/Mif/Fxr1/Errfi1/Gstp3"
"GO:0060384","GO:0060384","innervation",21,0.309669529425976,0.964013623683237,0.48876404494382,0.713973339307718,0.59363138438681,872,"tags=24%, list=9%, signal=22%","Chd7/Epha4/Gabrb2/Lrig1/Fgfr3"
"GO:0072676","GO:0072676","lymphocyte migration",41,0.275371306543482,1.00206187917477,0.49005424954792,0.714002772826302,0.593655856813752,2010,"tags=27%, list=21%, signal=21%","Cadm1/Wnk1/Nedd9/Ext1/Cklf/Abl1/Wasl/Cyp7b1/Jam2/Apod/S1pr1"
"GO:0002753","GO:0002753","cytoplasmic pattern recognition receptor signaling pathway",95,0.230672891470295,0.981337147469391,0.490196078431373,0.714002772826302,0.593655856813752,1902,"tags=25%, list=20%, signal=20%","Smpdl3a/Prkd1/Slc15a2/Lyplal1/Irf7/Nek7/Lats1/Pum2/Tkfc/Ankrd17/Lsm14a/Ptprs/Irf2/Trim25/Itch/Map3k7/Otulin/Abhd17a/Tirap/Zdhhc18/Oasl1/Irf1/Sirt2/Usp15"
"GO:0030516","GO:0030516","regulation of axon extension",74,0.239754975124114,0.977758279020591,0.49005424954792,0.714002772826302,0.593655856813752,1611,"tags=27%, list=17%, signal=23%","Cdh4/Dscam/Smurf1/Ep300/Sema5a/Ryk/Disc1/Adnp/Mgll/Map2/Ptprs/Ttc3/Abl1/Sema3g/Bdnf/Ngf/Clasp2/Rufy3/Bmpr2/Sema3f"
"GO:0072526","GO:0072526","pyridine-containing compound catabolic process",71,-0.229619446183472,-0.976871130177819,0.490022172949002,0.714002772826302,0.593655856813752,1487,"tags=24%, list=16%, signal=20%","Ddit4/Fkrp/Pfkfb2/Gapdh/Uchl1/Eno2/Eno1/Pfkl/Ogt/Pkm/Gpi1/Eif6/Ppp2ca/Bpgm/Pgam1/Gale/Esrrb"
"GO:0007080","GO:0007080","mitotic metaphase chromosome alignment",41,-0.254958934239883,-0.961127880377475,0.489977728285078,0.714002772826302,0.593655856813752,1862,"tags=24%, list=20%, signal=20%","Chmp4b/Chmp3/Zw10/Chmp7/Chmp1a/Nudc/Vps4b/Chmp5/Chmp2b/Chmp2a"
"GO:0090398","GO:0090398","cellular senescence",64,0.246517003963111,0.981407275696524,0.492007104795737,0.715917502639206,0.595247854227356,1618,"tags=23%, list=17%, signal=20%","B2m/Zmiz1/Bmpr1a/Cdk6/Fbxo5/Akt3/Zfp217/Icmt/Abl1/Spi1/Pawr/Wrn/Rbl1/Prkcd/Gins3"
"GO:0046824","GO:0046824","positive regulation of nucleocytoplasmic transport",48,0.261244581316479,0.980952952057913,0.491949910554562,0.715917502639206,0.595247854227356,3338,"tags=50%, list=35%, signal=33%","Prkd1/Gli3/Ep300/Ptpn5/Brca1/Prkcd/Bag3/Tardbp/Wipf1/Prkcq/Ubr5/Nrde2/Nutf2/Nedd4/Camk1/Hsp90ab1/Tpr/Ptgs2/Gsk3b/Khdrbs1/Mdm2/Mapk1/Psen1/Dmap1"
"GO:0046717","GO:0046717","acid secretion",22,0.311802366488238,0.981230913497249,0.49250936329588,0.716286940870055,0.59555502273961,1723,"tags=36%, list=18%, signal=30%","Slc22a16/Slc6a1/Slc26a7/Ntsr1/Nherf1/Trpc4/Cckbr/Hrh2"
"GO:0070373","GO:0070373","negative regulation of ERK1 and ERK2 cascade",46,0.263805336497445,0.981646358388348,0.494642857142857,0.716499246609744,0.59573154382692,1993,"tags=37%, list=21%, signal=29%","Spred1/Phlpp1/Epha4/Ptprc/Spred2/Itgb1bp1/Dab2ip/Abl1/Wnk2/Nherf1/Spry2/Ptprr/Rapgef1/Lmo3/Vrk3/Dmd/Ranbp9"
"GO:0001101","GO:0001101","response to acid chemical",96,0.230047000104659,0.980553046764185,0.493805309734513,0.716499246609744,0.59573154382692,2078,"tags=27%, list=22%, signal=21%","Prkn/Slc1a2/Fyn/Bcl2/Egfr/Zeb1/Cpeb4/Ep300/Igf1r/Sesn3/Pdgfd/Cpeb3/Ubr2/Bdnf/Samtor/Ngf/Col1a2/Nfat5/Gclm/Ubr1/Mtor/Crls1/Mmp2/Gria1/Vegfa/Gria2"
"GO:0032271","GO:0032271","regulation of protein polymerization",128,0.217281407944172,0.978147170075381,0.494017094017094,0.716499246609744,0.59573154382692,2096,"tags=29%, list=22%, signal=23%","Fhod3/Pecam1/Slain1/Prex1/Carmil1/Lats1/Arf6/Akap9/Nck2/Tenm1/Nav3/Ttbk1/Add3/Map2/Ambra1/Sptb/Eps8/Svil/Camsap2/Abl1/Daam2/Arhgef7/Clasp2/Prkcd/Prkce/Cdk5rap2/Mtor/Grb2/Arfgef1/Cracd/Dbn1/Fmn1/Ssh3/Arhgap28/Pde4dip/Tbcd/Gsn"
"GO:0009261","GO:0009261","ribonucleotide catabolic process",91,-0.219505040767463,-0.975706077806261,0.493119266055046,0.716499246609744,0.59573154382692,1487,"tags=23%, list=16%, signal=20%","Ddit4/Entpd4/Fkrp/Pfkfb2/Gapdh/Uchl1/Ampd3/Eno2/Eno1/Pfkl/Ogt/Pkm/Gpi1/Eif6/Ppp2ca/Bpgm/Hprt1/Pgam1/Itpa/Gale/Esrrb"
"GO:0050777","GO:0050777","negative regulation of immune response",70,0.242011410182892,0.975600184127905,0.494545454545455,0.716499246609744,0.59573154382692,1484,"tags=23%, list=16%, signal=19%","Tap1/Rc3h1/Fcrlb/Stat2/Tap2/Adar/Samhd1/Ptprc/Bcr/Usp38/Gigyf2/Smpdl3b/Grn/Spi1/Parp14/Socs5"
"GO:0070936","GO:0070936","protein K48-linked ubiquitination",72,-0.228021742448165,-0.973482568406788,0.494456762749446,0.716499246609744,0.59573154382692,1695,"tags=21%, list=18%, signal=17%","Fbxo7/Anapc5/Ube2d3/Cdc27/Ube2h/Anapc4/Ube2a/Dtx4/Anapc7/Ube2d1/Ubr4/Rnf146/Cdc26/Ube2b/Skp1"
"GO:0072329","GO:0072329","monocarboxylic acid catabolic process",78,-0.224906620917373,-0.970892054430812,0.494331065759637,0.716499246609744,0.59573154382692,1127,"tags=24%, list=12%, signal=22%","Hadhb/Cpt1a/Acat1/Slc25a17/Dlat/Abhd2/Acot7/Acaa1b/Tysnd1/Irs2/Ppard/Nudt7/Acadl/Dbi/Ldha/Akr1d1/Hadha/Crat/Scp2"
"GO:0006346","GO:0006346","DNA methylation-dependent constitutive heterochromatin formation",20,0.311123169248361,0.960447704707611,0.494485294117647,0.716499246609744,0.59573154382692,2152,"tags=40%, list=23%, signal=31%","Atf7ip/Ehmt1/Ezh2/Tdrd9/Tdrd12/Bend3/Baz2a/Kmt2a"
"GO:0007281","GO:0007281","germ cell development",193,0.209195874189349,0.990208393762898,0.496598639455782,0.716799681864219,0.595981339983462,1894,"tags=24%, list=20%, signal=19%","Spaca1/Qki/Bmpr1b/Pde3a/Tut4/Bcl2/Osbp2/Fndc3a/Cib1/Vps13b/Zfx/Foxo3/Gk2/Eif4g3/Dzip1/Cdyl/Arid4b/Pacrg/Prkg1/Cfap61/Plcb1/Fbxo5/Stau2/Spag17/Alms1/Pde5a/Zbtb16/Epc1/Celf1/Smchd1/Cfap58/Diaph2/Acvr1/Atm/Poc1b/Cep128/Angpt2/Strbp/Jam2/Mtor/Tdrd12/Brip1/Wnt4/Wdr77/Ddx25/Sirt2"
"GO:0001738","GO:0001738","morphogenesis of a polarized epithelium",43,0.267962289421071,0.986210240466335,0.497287522603978,0.716799681864219,0.595981339983462,1687,"tags=28%, list=18%, signal=23%","Erbb4/Myo9a/Astn2/Rpgrip1l/Sapcd2/Alms1/Nherf1/Celsr1/Vangl2/Scrib/Dlg3/Traf3ip1"
"GO:0048662","GO:0048662","negative regulation of smooth muscle cell proliferation",32,0.285276844806326,0.979760040343229,0.497277676950998,0.716799681864219,0.595981339983462,1182,"tags=22%, list=12%, signal=19%","Tafa5/Ppargc1a/Gna12/Prkg1/Igfbp5/Gna13/Myocd"
"GO:1902476","GO:1902476","chloride transmembrane transport",56,0.252169905597538,0.978484985378877,0.497335701598579,0.716799681864219,0.595981339983462,1373,"tags=21%, list=14%, signal=18%","Slc6a1/Gabrr2/Slc26a7/Gabrb2/Clcn2/Best3/Gabra1/Gabra2/Ttyh3/Gabrg1/Gabra4/Slc1a4"
"GO:0042770","GO:0042770","signal transduction in response to DNA damage",120,0.220877620816654,0.978343853923372,0.496466431095406,0.716799681864219,0.595981339983462,2133,"tags=29%, list=23%, signal=23%","Yap1/Spred1/Eme2/Cul4a/Hipk2/Foxo3/D7Ertd443e/Gnb1l/Atad5/Taok1/Spred2/Cd74/Clock/Gigyf2/Foxn3/Brca1/Dtx3l/Abl1/Ints7/Cdc5lrt1/Paxip1/Ercc6/Taok3/Atm/Rnaseh2b/Myo6/Marchf7/Grb2/Creb3l1/Sox4/Nbn/Ndrg1/Xpc/Atf2/Wac"
"GO:0015918","GO:0015918","sterol transport",62,-0.236984296921079,-0.974634710670453,0.496583143507973,0.716799681864219,0.595981339983462,675,"tags=11%, list=7%, signal=11%","Lipc/Tpcn2/Vps4b/Tmem97/Scp2/Abca5/Lrp1"
"GO:0015909","GO:0015909","long-chain fatty acid transport",29,-0.283618037127136,-0.973495073849482,0.496613995485327,0.716799681864219,0.595981339983462,1302,"tags=24%, list=14%, signal=21%","Pla2r1/Rps6kb1/Irs2/Mif/Abcc1/Atp5pf/Fabp5"
"GO:0051646","GO:0051646","mitochondrion localization",40,-0.259307083325264,-0.965756900273268,0.495535714285714,0.716799681864219,0.595981339983462,1685,"tags=28%, list=18%, signal=23%","Brat1/Ubb/Lrrk2/Actr10/Myo19/Uchl1/Ogt/Dnm1l/Mapt/Hsbp1/Kat2a"
"GO:0031340","GO:0031340","positive regulation of vesicle fusion",20,0.310192840056426,0.957575747150816,0.496323529411765,0.716799681864219,0.595981339983462,2407,"tags=40%, list=25%, signal=30%","Rimbp2/C2cd5/Syt1/Syt13/Erc1/Rims1/Cacna1b/Kif5b"
"GO:0015868","GO:0015868","purine ribonucleotide transport",21,-0.305260825574861,-0.956582687787359,0.495726495726496,0.716799681864219,0.595981339983462,2036,"tags=43%, list=21%, signal=34%","Panx1/Lrrc8a/Shoc2/Abcc5/Lrrc8b/Slc25a25/Slc25a17/Slc25a5/Calhm2"
"GO:0050817","GO:0050817","coagulation",89,-0.217370234272258,-0.967118418557943,0.497767857142857,0.717064185814186,0.59620126114487,899,"tags=11%, list=9%, signal=10%","Pdgfa/Angptl2/Adra2a/Angptl7/Stxbp1/Fzd6/Papss2/Pdgfra/Vwf/Serpind1"
"GO:0051048","GO:0051048","negative regulation of secretion",121,0.219434101490151,0.976978204572566,0.5,0.719560878243513,0.598277129950625,1723,"tags=21%, list=18%, signal=18%","Kalrn/Prkn/Wnk1/Il1rapl1/Atp9a/Pde3b/Foxo1/Htr7/Srebf1/Klf7/Ppp3ca/Prkg1/Rest/Bcr/Cd74/Mtnr1b/Neo1/Cnr1/Spi1/Gnao1/Egf/Idh2/Map4k4/Jagn1/Nr1h3/Hrh2"
"GO:0042698","GO:0042698","ovulation cycle",47,0.259252547017418,0.969844683194945,0.5,0.719560878243513,0.598277129950625,818,"tags=17%, list=9%, signal=16%","Bmpr1b/Egfr/Enpp2/Foxo3/Igf1r/Runx1/Adnp/Nrip1"
"GO:0001541","GO:0001541","ovarian follicle development",40,0.274081663951876,0.990615536067691,0.501805054151625,0.720370650911478,0.598950413452204,467,"tags=12%, list=5%, signal=12%","Lfng/Bmpr1b/Bcl2/Zfx/Foxo3"
"GO:0007338","GO:0007338","single fertilization",64,-0.236225751327733,-0.977772541828546,0.501138952164009,0.720370650911478,0.598950413452204,1435,"tags=22%, list=15%, signal=19%","Abhd2/Wdr48/Rab3a/Slc9b1/Ubap2l/Cct2/Crkl/Cct4/Glipr1l1/Glrb/Vdac2/Stxbp1/Cct8/Slirp"
"GO:0006672","GO:0006672","ceramide metabolic process",59,0.248877506417062,0.971102251257542,0.501798561151079,0.720370650911478,0.598950413452204,2426,"tags=34%, list=26%, signal=25%","Smpd3/Sgms1/Sptlc3/B3galt1/St6galnac3/Sptlc2/St3gal1/St8sia2/Agk/St6galnac6/Prkcd/Pla2g15/St3gal3/Smpd2/Acer3/Cers6/Plpp3/Cerk/Ormdl1/Smpd1"
"GO:0006040","GO:0006040","amino sugar metabolic process",27,0.292824685949647,0.965376988053865,0.501811594202899,0.720370650911478,0.598950413452204,802,"tags=15%, list=8%, signal=14%","Chst2/Csgalnact1/B3galnt2/St3gal1"
"GO:0035020","GO:0035020","regulation of Rac protein signal transduction",23,-0.299771544332811,-0.962547857710384,0.501061571125265,0.720370650911478,0.598950413452204,1078,"tags=35%, list=11%, signal=31%","Kras/Ogt/Ssx2ip/Crkl/Rasgrf1/Nf1/Arhgap44/Dynlt1c"
"GO:0002244","GO:0002244","hematopoietic progenitor cell differentiation",96,0.229079719214253,0.97643010569678,0.502654867256637,0.720390905442309,0.598967254032258,1304,"tags=20%, list=14%, signal=17%","Dock1/Smpd3/Bcl2/Cdk6/Rbm47/Fas/Adar/Ssbp3/Runx1/Rest/Ext1/Ptprc/Chd2/Gpatch4/Tet2/Zfat/Spi1/Ston2/Arhgef7"
"GO:0030511","GO:0030511","positive regulation of transforming growth factor beta receptor signaling pathway",23,0.309186354581982,0.974189007525851,0.502824858757062,0.720390905442309,0.598967254032258,1182,"tags=22%, list=12%, signal=19%","Hipk2/Ep300/Crebbp/Rnf111/Myocd"
"GO:1903846","GO:1903846","positive regulation of cellular response to transforming growth factor beta stimulus",23,0.309186354581982,0.974189007525851,0.502824858757062,0.720390905442309,0.598967254032258,1182,"tags=22%, list=12%, signal=19%","Hipk2/Ep300/Crebbp/Rnf111/Myocd"
"GO:0043045","GO:0043045","epigenetic programming of gene expression",21,-0.304143314175121,-0.953080790495484,0.502136752136752,0.720390905442309,0.598967254032258,1654,"tags=29%, list=17%, signal=24%","Kdm1b/Dnmt1/Trim28/a/Ddb1/Dcaf13"
"GO:0070588","GO:0070588","calcium ion transmembrane transport",191,0.208455561719231,0.98569188471618,0.506825938566553,0.723248890067263,0.601343518349232,1712,"tags=19%, list=18%, signal=16%","Chd7/Adrb2/Tgfb2/Micu2/Prkd1/Cemip/Fyn/Bcl2/Plcb4/Ank2/Pkd1/Plce1/Adcyap1r1/Slc8a1/Cacng4/Ppp3ca/Fgf14/Ntsr1/Ptprc/Plcb1/Cacna2d3/Nalcn/Slc24a3/Abl1/Ngf/Pawr/Trpc4/Cacna1c/Stimate/Cacng2/Slc9a1/Ubr3/Cacna2d1/Asph/Prkce/Casq1"
"GO:0006633","GO:0006633","fatty acid biosynthetic process",90,0.232012841599014,0.981326173678144,0.506238859180036,0.723248890067263,0.601343518349232,1086,"tags=19%, list=11%, signal=17%","Scd4/Insig1/Qki/Elovl5/Fads2b/Elovl2/Scap/Srebf1/Mid1ip1/Acsbg2/Elovl6/Acsbg1/Cd74/Mgll/Dcaf5/Brca1/Gstm4"
"GO:0032507","GO:0032507","maintenance of protein location in cell",43,0.266611039823044,0.981237092215215,0.506329113924051,0.723248890067263,0.601343518349232,1900,"tags=28%, list=20%, signal=22%","Insig1/Mprip/Dzip1/Tnrc6a/Ccdc88a/Ankrd13c/Rangap1/Kdelr3/Taf8/Taf3/Dbn1/Ank3"
"GO:0070301","GO:0070301","cellular response to hydrogen peroxide",43,0.266490444266855,0.980793251506417,0.506329113924051,0.723248890067263,0.601343518349232,1243,"tags=21%, list=13%, signal=18%","Fyn/Smpd3/Foxo1/Pdgfd/Pcgf2/Ankzf1/Abl1/Ezh2/Pdgfrb"
"GO:0031648","GO:0031648","protein destabilization",37,0.275325396752628,0.980538252327631,0.505494505494505,0.723248890067263,0.601343518349232,741,"tags=14%, list=8%, signal=13%","Prkn/Mylip/Btrc/Ep300/Crebbp"
"GO:0000132","GO:0000132","establishment of mitotic spindle orientation",27,-0.288172299850426,-0.974621670945705,0.506666666666667,0.723248890067263,0.601343518349232,1529,"tags=26%, list=16%, signal=22%","Zw10/Spry1/Arhgef2/Numa1/Pafah1b1/Nsfl1c/Mcph1"
"GO:0001941","GO:0001941","postsynaptic membrane organization",43,-0.254488558800739,-0.973045861844735,0.505567928730512,0.723248890067263,0.601343518349232,1647,"tags=26%, list=17%, signal=21%","Shisa6/Shank3/Slc30a1/Crkl/Ssh1/Reln/Rac1/Rer1/Glrb/Chrdl1/Cript"
"GO:0090303","GO:0090303","positive regulation of wound healing",28,0.292380771845789,0.971456625775993,0.506283662477558,0.723248890067263,0.601343518349232,2470,"tags=46%, list=26%, signal=34%","Ptk2/Rreb1/Plat/Hif1a/Ddr2/Hbegf/Prkce/Mtor/Arfgef1/Ano6/Fermt1/Enpp4/Itgb1"
"GO:0048332","GO:0048332","mesoderm morphogenesis",35,0.280173607628628,0.981437594405253,0.509225092250922,0.723807376072775,0.601807870170736,1599,"tags=23%, list=17%, signal=19%","Exoc4/Bmpr1a/Lef1/Ahdc1/Fgfr1/Smad1/Acvr1/Bmpr2"
"GO:2001238","GO:2001238","positive regulation of extrinsic apoptotic signaling pathway",30,0.289238006520408,0.9780167305047,0.508960573476703,0.723807376072775,0.601807870170736,711,"tags=17%, list=8%, signal=15%","Trps1/Bmpr1b/Tgfb2/Wwox/Ptprc"
"GO:0032233","GO:0032233","positive regulation of actin filament bundle assembly",46,-0.251975191637138,-0.969724834198926,0.509049773755656,0.723807376072775,0.601807870170736,1292,"tags=20%, list=14%, signal=17%","Limk1/Synpo2/Sorbs3/Sdc4/Rac1/Ccn2/Pfn2/Tac1/Nrp1"
"GO:2001257","GO:2001257","regulation of cation channel activity",52,0.254518080416722,0.969686468448605,0.508960573476703,0.723807376072775,0.601807870170736,2267,"tags=33%, list=24%, signal=25%","Ank2/Lrrc38/Fgf12/Fgf14/Kcne2/Stimate/Fgf13/Asph/Slmap/Casq1/Ank3/Dmd/Lrrc55/Akap7/Crbn/Htt/Fmr1"
"GO:0001510","GO:0001510","RNA methylation",53,-0.241932716016329,-0.963726350929895,0.509132420091324,0.723807376072775,0.601807870170736,694,"tags=47%, list=7%, signal=44%","Fdxacb1/Trmt10c/Gtpbp3/Wdr4/Mettl16/Thada/Mrm3/Emg1/Mettl14/Tarbp1/Nop2/Trmt9b/Trmt13/Mrm2/Mettl6/Trmt10a/Mettl5/Trmt44/Tfb2m/Nsun2/Ramac/Rnmt/Mettl3/Lcmt2/Bud23"
"GO:0045648","GO:0045648","positive regulation of erythrocyte differentiation",20,-0.310933884254655,-0.95785427434155,0.508733624454148,0.723807376072775,0.601807870170736,1263,"tags=25%, list=13%, signal=22%","Kdm1a/Hmgb2/Fam210b/Acvr1b/Id2"
"GO:0051294","GO:0051294","establishment of spindle orientation",31,-0.271943322743414,-0.956269931193028,0.508849557522124,0.723807376072775,0.601807870170736,1560,"tags=26%, list=16%, signal=22%","Llgl2/Zw10/Spry1/Arhgef2/Numa1/Pafah1b1/Nsfl1c/Mcph1"
"GO:0034440","GO:0034440","lipid oxidation",74,-0.222596835530694,-0.95564184943766,0.507795100222717,0.723807376072775,0.601807870170736,1032,"tags=26%, list=11%, signal=23%","Fabp3/Alox5/Hadhb/Cpt1a/Acat1/Slc25a17/Cygb/Adipor1/Acaa1b/Tysnd1/Irs2/Ppard/Acadl/Dbi/Hadha/Crat/Klhl25/Scp2/Pdk4"
"GO:1903076","GO:1903076","regulation of protein localization to plasma membrane",83,0.232604663572869,0.970244892609331,0.509838998211091,0.724322990561964,0.602236576574989,1200,"tags=17%, list=13%, signal=15%","Ppp2r5a/Egfr/Wnk1/Epha3/Nrxn1/Cib1/Epm2a/Lyplal1/Arhgef16/Arf6/Hectd1/Grip1/Ppfia1/Dpp6"
"GO:0050921","GO:0050921","positive regulation of chemotaxis",73,0.238208453077195,0.969544111436634,0.510869565217391,0.725429751889196,0.603156790569964,2068,"tags=30%, list=22%, signal=24%","Prkd1/Dscam/Wnk1/Ptk2/Sema5a/Fgf18/Pdgfd/Nedd9/Cd74/Prkca/Fgfr1/Swap70/Spi1/Pdgfrb/Wasl/Bmpr2/Mospd2/Tirap/Rac2/S1pr1/Ano6/Vegfa"
"GO:0051894","GO:0051894","positive regulation of focal adhesion assembly",23,0.307641804740668,0.969322416699041,0.512241054613936,0.727019292080015,0.604478409868704,2068,"tags=39%, list=22%, signal=31%","Lims1/Enpp2/Rock1/Itgb1bp1/Abl1/Map4k4/Wnt4/Fmn1/Vegfa"
"GO:0010614","GO:0010614","negative regulation of cardiac muscle hypertrophy",20,-0.310379384754837,-0.956146098607359,0.513100436681223,0.727880796551228,0.605194705651397,2088,"tags=35%, list=22%, signal=27%","Rgs4/Rgs2/Stub1/Glrx3/Tomm70a/Jarid2/Errfi1"
"GO:0006664","GO:0006664","glycolipid metabolic process",57,-0.235905865842032,-0.957694424797807,0.513574660633484,0.728195339855933,0.605456231911751,2195,"tags=30%, list=23%, signal=23%","Pigp/Hexa/St8sia6/Psap/Sccpdh/B4galt5/Dpm1/Gm2a/Dpm2/Neu2/Neu3/Tm9sf2/B4galt6/St6galnac5/A4galt/Kit/Lct"
"GO:1901797","GO:1901797","negative regulation of signal transduction by p53 class mediator",26,-0.28715636566702,-0.960257195469582,0.51409978308026,0.728581707323573,0.605777476196474,754,"tags=23%, list=8%, signal=21%","Kdm1a/Mif/Mdm4/Armc10/Rrm2b/Rrn3"
"GO:0016241","GO:0016241","regulation of macroautophagy",103,-0.214074505065604,-0.967474688677567,0.515011547344111,0.72922586967173,0.606313063403241,2575,"tags=36%, list=27%, signal=26%","Pip4k2c/Tspo/Ripk2/Snx7/Tecpr1/Trim13/Lypla1/Gnai3/Snx4/Cttn/Usp30/Prkaa2/Parl/Smcr8/Ubqln4/Stub1/Fbxo7/Lrrk2/Atp6v0a1/Wipi1/Slc25a5/Tomm7/Ralb/Sec22b/Vdac1/Bnip3l/Tbk1/Optn/Pip4k2b/Ube2a/Trim32/Dnm1l/Rnf41/Tsc2/Sesn1/Bnip3/Scoc"
"GO:0034250","GO:0034250","positive regulation of amide metabolic process",23,0.306693446378172,0.966334314933723,0.516007532956685,0.72922586967173,0.606313063403241,430,"tags=13%, list=5%, signal=12%","Smpd3/Lrrtm3/Epha4"
"GO:1904892","GO:1904892","regulation of receptor signaling pathway via STAT",47,0.257529374023021,0.963398419942884,0.516071428571429,0.72922586967173,0.606313063403241,1853,"tags=26%, list=20%, signal=21%","Dab1/Erbb4/Nlk/Ep300/Ptprc/Egf/Ercc6/Parp14/Ptprt/Traf3ip1/Irf1/Ret"
"GO:0060259","GO:0060259","regulation of feeding behavior",23,-0.29621807357556,-0.951137883249862,0.515923566878981,0.72922586967173,0.606313063403241,2412,"tags=35%, list=25%, signal=26%","Sgip1/Oprk1/Ift88/Stat3/Cfap20/Cck/Nr4a3/Crhr2"
"GO:0043949","GO:0043949","regulation of cAMP-mediated signaling",23,-0.29620803583573,-0.951105652689117,0.515923566878981,0.72922586967173,0.606313063403241,988,"tags=22%, list=10%, signal=20%","Pebp1/Rasd2/Crhr2/Ube2b/Oprl1"
"GO:0006929","GO:0006929","substrate-dependent cell migration",23,-0.296148761336089,-0.950915325942883,0.515923566878981,0.72922586967173,0.606313063403241,1467,"tags=30%, list=15%, signal=26%","Stk4/Spag6l/Fmnl1/Epha8/Fn1/Shtn1/Nrp1"
"GO:1901021","GO:1901021","positive regulation of calcium ion transmembrane transporter activity",22,0.306519260464416,0.964605167489473,0.51685393258427,0.729973918498058,0.606935026767857,2238,"tags=36%, list=24%, signal=28%","Ank2/Fgf14/Stimate/Slc9a1/Asph/Casq1/Vmp1/Htt"
"GO:0031929","GO:0031929","TOR signaling",129,0.21512860068217,0.970253654945115,0.518835616438356,0.732414056685374,0.608963873687598,1776,"tags=22%, list=19%, signal=19%","Fnip2/Prex1/Gpr155/Prex2/Gna12/Nlk/Ep300/Epm2a/Sesn3/Disc1/Otud7b/Usp32/Rps6ka1/Hif1a/Mtm1/Akt3/Ccdc88a/Ubr2/Icmt/Samtor/Sik3/Rnf152/Atm/Mapkap1/Tbck/Ubr1/Ube3a/Rps6ka3/Mtor"
"GO:0050729","GO:0050729","positive regulation of inflammatory response",55,-0.239668139005972,-0.960315674972027,0.519630484988453,0.732847182925657,0.60932399543932,1601,"tags=42%, list=17%, signal=35%","Adora2b/Ctsc/Ets1/Pik3cg/Lgals1/Ptger3/Adam8/Snca/Snx4/Park7/Lrrk2/Kars1/Il17ra/Ddt/Cd81/C2cd4b/Npy5r/Casp3/Camk2n1/Abcc1/Cebpb/Gprc5b/Tac1"
"GO:0003094","GO:0003094","glomerular filtration",20,-0.307414057850017,-0.947011195033213,0.519650655021834,0.732847182925657,0.60932399543932,2966,"tags=50%, list=31%, signal=34%","Mcam/Kirrel1/Gas6/Pdgfb/Xpnpep3/Sulf1/Sulf2/Aqp1/Tmem63c/Coro2b"
"GO:1904407","GO:1904407","positive regulation of nitric oxide metabolic process",20,0.306607534561411,0.946507788304543,0.520220588235294,0.732934136038392,0.609396292391947,2410,"tags=35%, list=25%, signal=26%","Smpd3/Nfatc3/Mapk9/Mtor/Pik3cb/Agt/Oprm1"
"GO:0014059","GO:0014059","regulation of dopamine secretion",23,-0.294609801681787,-0.945973821832986,0.520169851380042,0.732934136038392,0.609396292391947,3166,"tags=52%, list=33%, signal=35%","Myo5a/Npy2r/Pink1/Syt7/Chrna4/Snca/Rtn4/Oprk1/Htr1b/Rab3a/Abat/Prkcb"
"GO:0019369","GO:0019369","arachidonate metabolic process",21,-0.300970774972015,-0.943139141178698,0.521367521367521,0.734191372863248,0.610441618870895,2868,"tags=33%, list=30%, signal=23%","Cyp2u1/Pnpla8/Alox5/Cthrc1/Cyp2d22/Mgst3/Ptgs1"
"GO:0036010","GO:0036010","protein localization to endosome",27,-0.286514836171391,-0.969015996766642,0.522222222222222,0.735036060951141,0.611143932712862,1950,"tags=33%, list=21%, signal=27%","Tmem30a/Msn/Akap11/Sorl1/Tollip/Pacsin2/Rab35/Vps35/Nrp1"
"GO:0032212","GO:0032212","positive regulation of telomere maintenance via telomerase",26,-0.284231083197559,-0.950474986624741,0.522776572668113,0.735457383207238,0.61149424007084,1065,"tags=19%, list=11%, signal=17%","Cct2/Cct4/Ctnnb1/Cct8/Ptges3"
"GO:0030168","GO:0030168","platelet activation",49,-0.247251035999561,-0.964435806586023,0.523364485981308,0.735925488820133,0.611883445336252,899,"tags=12%, list=9%, signal=11%","Pdgfa/Adra2a/Stxbp1/Fzd6/Pdgfra/Vwf"
"GO:0120033","GO:0120033","negative regulation of plasma membrane bounded cell projection assembly",29,-0.277977625112681,-0.954134833696309,0.523702031602709,0.736041256891916,0.61197970041601,1951,"tags=28%, list=21%, signal=22%","Actr3/Limk2/Rab3ip/Ccp110/Trim32/Gdi2/Arhgap44/Pfn2"
"GO:0046822","GO:0046822","regulation of nucleocytoplasmic transport",90,0.229318713405531,0.969931034972512,0.524064171122995,0.736191461041752,0.612104587288529,2328,"tags=30%, list=25%, signal=23%","Prkd1/Wnk1/Gli3/Ep300/Epm2a/Alkbh5/Ptpn5/Thoc2/Chp1/Nup153/Brca1/Rangap1/Prkcd/Ppp1r12a/Mdfic/Bag3/Tardbp/Apod/Wipf1/Iws1/Ptpn14/Angpt1/Prkcq/Cabp1/Ubr5/Fermt1/Nrde2"
"GO:1903146","GO:1903146","regulation of autophagy of mitochondrion",31,-0.269448332167739,-0.947496468980171,0.524336283185841,0.736215112321307,0.612124252086991,2258,"tags=42%, list=24%, signal=32%","Cttn/Usp30/Parl/Stub1/Fbxo7/Slc25a5/Tomm7/Vdac1/Bnip3l/Ube2a/Dnm1l/Rnf41/Bnip3"
"GO:0061097","GO:0061097","regulation of protein tyrosine kinase activity",35,0.278536329364811,0.9757022703174,0.525830258302583,0.737259061489094,0.612992241065828,1557,"tags=29%, list=16%, signal=24%","Epha4/Nedd9/Ptprc/Unc119/Abi1/Abi2/Egf/Socs5/Zfyve28/Rap2c"
"GO:0015698","GO:0015698","inorganic anion transport",90,0.228788589741295,0.967688813277301,0.525846702317291,0.737259061489094,0.612992241065828,1442,"tags=21%, list=15%, signal=18%","Slc6a1/Gabrr2/Slc26a7/Gabrb2/Clcn2/Best3/Gabra1/Mfsd5/Fgfr1/Gabra2/Ttyh3/Kcne2/Slc4a4/Abcc6/Gabrg1/Gabra4/Ank/Slc1a4/Ip6k2"
"GO:0048199","GO:0048199","vesicle targeting, to, from or within Golgi",22,-0.302687267537645,-0.959498889700251,0.525641025641026,0.737259061489094,0.612992241065828,1589,"tags=27%, list=17%, signal=23%","Wipi1/Trappc3/Sec16a/Sar1b/Ap1ar/Dipk2a"
"GO:0001889","GO:0001889","liver development",109,0.220814528891278,0.965183345877487,0.527050610820244,0.737870855148342,0.613500915405476,1210,"tags=17%, list=13%, signal=15%","Cadm1/Lims1/Egfr/Pkd1/Gli3/Atg7/Fgf18/Arf6/Runx1/Rpgrip1l/Rps6ka1/Sox9/Dnaaf1/Cobl/Tet2/Icmt/Prox1/Upf2/Ezh2"
"GO:0032006","GO:0032006","regulation of TOR signaling",105,0.222120036352769,0.963439796207616,0.527050610820244,0.737870855148342,0.613500915405476,1668,"tags=22%, list=18%, signal=18%","Fnip2/Prex1/Gpr155/Prex2/Gna12/Nlk/Ep300/Epm2a/Sesn3/Otud7b/Usp32/Rps6ka1/Hif1a/Mtm1/Akt3/Ubr2/Samtor/Sik3/Rnf152/Atm/Tbck/Ubr1/Ube3a"
"GO:0035282","GO:0035282","segmentation",52,0.25103268651123,0.95640749313245,0.526881720430108,0.737870855148342,0.613500915405476,2169,"tags=35%, list=23%, signal=27%","Lfng/Bmpr1a/Lrp6/Ep300/Rbpj/Lef1/Cobl/Mafb/Abi1/Pofut1/Atm/Sema3f/Axin2/Zeb2/Acd/Sema3a/Frs2/Nle1"
"GO:0051346","GO:0051346","negative regulation of hydrolase activity",56,0.247902448210958,0.961926138007229,0.52753108348135,0.737950027434263,0.613566743008706,1324,"tags=21%, list=14%, signal=19%","Tmem132c/Wnk1/Epm2a/Rap1gds1/Chp1/Apoa1/Uri1/Dab2ip/Rcc2/Grn/Spry2/Amot"
"GO:0002204","GO:0002204","somatic recombination of immunoglobulin genes involved in immune response",32,0.279352716473095,0.959414105086181,0.528130671506352,0.737950027434263,0.613566743008706,1275,"tags=25%, list=13%, signal=22%","Shld2/Atad5/Rif1/Ptprc/Kmt5b/Tfrc/Swap70/Paxip1"
"GO:0002208","GO:0002208","somatic diversification of immunoglobulins involved in immune response",32,0.279352716473095,0.959414105086181,0.528130671506352,0.737950027434263,0.613566743008706,1275,"tags=25%, list=13%, signal=22%","Shld2/Atad5/Rif1/Ptprc/Kmt5b/Tfrc/Swap70/Paxip1"
"GO:0045190","GO:0045190","isotype switching",32,0.279352716473095,0.959414105086181,0.528130671506352,0.737950027434263,0.613566743008706,1275,"tags=25%, list=13%, signal=22%","Shld2/Atad5/Rif1/Ptprc/Kmt5b/Tfrc/Swap70/Paxip1"
"GO:0032355","GO:0032355","response to estradiol",60,0.24582934423092,0.962491720768558,0.530357142857143,0.740702179176755,0.61585501283475,2058,"tags=33%, list=22%, signal=26%","Penk/Egfr/Zfp703/Nr2f2/Igfbp2/Wnt7a/Nrip1/Prkca/Lcor/Grn/Ezh2/Ncoa1/Ncoa3/Prdm2/Mmp15/Tacr1/Mapk15/Mmp2/Gria1/Esr2"
"GO:0001909","GO:0001909","leukocyte mediated cytotoxicity",40,0.26914089764246,0.972758085132752,0.530685920577617,0.740802611300023,0.615938516877675,736,"tags=15%, list=8%, signal=14%","B2m/Tap1/Cadm1/Tap2/Ptprc/Unc13d"
"GO:0007498","GO:0007498","mesoderm development",61,0.244455972626272,0.961691069316591,0.531418312387792,0.741265443393103,0.616323337487951,1056,"tags=16%, list=11%, signal=15%","Acvr2b/Exoc4/Bmpr1a/Yap1/Ssbp3/Lef1/Ext1/Ahdc1/Fgfr1/Smad1"
"GO:0071478","GO:0071478","cellular response to radiation",102,-0.211713472324442,-0.959682398469348,0.531531531531532,0.741265443393103,0.616323337487951,706,"tags=11%, list=7%, signal=10%","Egr1/Cdc25a/Ddb1/Gnb5/Pcna/Mettl3/Rhob/Rad51ap1/Rpl26/H2aj/Chek2"
"GO:0034101","GO:0034101","erythrocyte homeostasis",115,-0.209136930252878,-0.964956901491212,0.533180778032037,0.741772003784078,0.616744515884418,1804,"tags=33%, list=19%, signal=27%","Sfxn1/Selenow/Nfe2l1/Myb/Tmem14c/Dyrk3/Lmo2/Sp1/Stat3/Alas1/L3mbtl3/Dmtn/Slc25a5/Rps17/Zfp36l1/Ireb2/Heph/Uba5/Acin1/Kdm1a/Hspa9/Hmgb2/Cebpg/Ampd3/Slc25a38/Prdx1/Rps14/Gpi1/Flvcr1/Fam210b/Casp3/Acvr1b/Bpgm/Rac1/Chmp5/Kit/Id2/Hscb"
"GO:0043409","GO:0043409","negative regulation of MAPK cascade",100,0.224130841376176,0.96088680343464,0.53309481216458,0.741772003784078,0.616744515884418,2008,"tags=29%, list=21%, signal=23%","Prkn/Spred1/Foxo1/Phlpp1/Dusp16/Epha4/Igf1r/Ptprc/Spred2/Hipk3/Itgb1bp1/Prkca/Dab2ip/Zmynd11/Abl1/Wnk2/Fem1a/Nherf1/Spry2/Itch/Ptprr/Taok3/Prkcd/Rapgef1/Lmo3/Vrk3/Dmd/Ranbp9/Ncor1"
"GO:0170034","GO:0170034","L-amino acid biosynthetic process",29,-0.276118762496538,-0.947754444007035,0.532731376975169,0.741772003784078,0.616744515884418,3159,"tags=52%, list=33%, signal=35%","Aasdhppt/Apip/Psph/Mthfd2l/Mthfr/Got1/Park7/Enoph1/Pcbd2/Asns/Asl/Pycr1/Oat/Got2/Glul"
"GO:0031398","GO:0031398","positive regulation of protein ubiquitination",76,-0.218050472550491,-0.944751110242553,0.532894736842105,0.741772003784078,0.616744515884418,2545,"tags=32%, list=27%, signal=23%","Ripk2/Psmd10/Fam107a/Dnaja3/Ndfip1/Mapk8/Ube2n/Derl1/Stub1/Rassf5/Prickle1/Ubb/Lrrk2/Ddx3x/Kdm1a/Ube2l3/Ube2d1/Fancm/Rps2/Fzr1/Arrb1/Dnajb2/Cry1/Skp1"
"GO:0000096","GO:0000096","sulfur amino acid metabolic process",23,-0.292208849185686,-0.938264512109374,0.532908704883227,0.741772003784078,0.616744515884418,2632,"tags=43%, list=28%, signal=31%","Cth/Mthfd2l/Cps1/Mthfr/Enoph1/Nox4/Gclc/Mpst/Comt/Blmh"
"GO:0070849","GO:0070849","response to epidermal growth factor",36,0.274387943607496,0.966509949963672,0.533457249070632,0.741798797646915,0.616766793576054,982,"tags=17%, list=10%, signal=15%","Erbb4/Garem1/Egfr/Sox9/Pde8a/Dab2ip"
"GO:0030705","GO:0030705","cytoskeleton-dependent intracellular transport",161,-0.200798635387478,-0.973793442309772,0.535545023696682,0.741889640830806,0.616842324918817,2576,"tags=29%, list=27%, signal=22%","Borcs6/Mak/Ift70b/Bloc1s6/Dync2li1/Ssna1/Kif3a/Prkcz/Cdc42/Tub/Tuba1a/Ift52/Ift88/Ift43/BC048507/Intu/Sfpq/Rab1a/Kif21a/Prickle1/Ubb/Stau1/Spg7/Kif1a/Actr10/Myo19/Hspa8/Borcs8/Uchl1/Cluap1/Ssx2ip/Ift122/Dync1i1/Mapt/Sod1/Ift20/Copg1/Pafah1b1/Map2k1/Daw1/Ift172/Rab21/Bloc1s1/Hsbp1/Kif21b/Rabgef1/Actn4"
"GO:0043062","GO:0043062","extracellular structure organization",177,0.205818334412779,0.966737222082088,0.534453781512605,0.741889640830806,0.616842324918817,973,"tags=13%, list=10%, signal=12%","Col8a2/Hpse2/Col11a1/Adamts17/Col5a1/Tgfb2/Mkx/Smpd3/Csgalnact1/Arhgap33os/Pmp22/Ptk2/Sema5a/Spock2/Ext1/Sox9/Clasp1/Spint2/Antxr2/Ddr2/Mmp24/Hmcn1/Rxfp1"
"GO:0019083","GO:0019083","viral transcription",31,0.281401630737997,0.952391126944987,0.534545454545455,0.741889640830806,0.616842324918817,2128,"tags=39%, list=22%, signal=30%","Ep300/Lef1/Rsf1/Rest/Trim8/Mid2/Ctdp1/Hexim1/Mdfic/Tardbp/Larp7/Rrp1b"
"GO:0007413","GO:0007413","axonal fasciculation",22,0.302171836380756,0.950923979136046,0.535580524344569,0.741889640830806,0.616842324918817,495,"tags=18%, list=5%, signal=17%","Ncam2/Epha3/Epha4/Sema5a"
"GO:0106030","GO:0106030","neuron projection fasciculation",22,0.302171836380756,0.950923979136046,0.535580524344569,0.741889640830806,0.616842324918817,495,"tags=18%, list=5%, signal=17%","Ncam2/Epha3/Epha4/Sema5a"
"GO:0022011","GO:0022011","myelination in peripheral nervous system",21,0.301278182560847,0.937891025460444,0.535580524344569,0.741889640830806,0.616842324918817,732,"tags=19%, list=8%, signal=18%","Pard3/Pmp22/Ski/Pou3f2"
"GO:0032292","GO:0032292","peripheral nervous system axon ensheathment",21,0.301278182560847,0.937891025460444,0.535580524344569,0.741889640830806,0.616842324918817,732,"tags=19%, list=8%, signal=18%","Pard3/Pmp22/Ski/Pou3f2"
"GO:0016101","GO:0016101","diterpenoid metabolic process",20,0.302586430696587,0.934094505209327,0.534926470588235,0.741889640830806,0.616842324918817,1445,"tags=20%, list=15%, signal=17%","Egfr/Dhrs3/Rdh11/Rdh10"
"GO:0099149","GO:0099149","regulation of postsynaptic neurotransmitter receptor internalization",30,-0.273886288801244,-0.949794215135137,0.536036036036036,0.742164151669673,0.617070566283493,2171,"tags=30%, list=23%, signal=23%","Ophn1/Usp46/Pick1/Rala/Synj1/Arc/Ppp3r1/Pacsin1/Lrp1"
"GO:0000768","GO:0000768","syncytium formation by plasma membrane fusion",34,0.27364531239263,0.95499967301532,0.536764705882353,0.742460149527437,0.617316672977408,1646,"tags=18%, list=17%, signal=15%","Adgrb3/Dock1/Cd109/Neo1/Dock5/Tanc1"
"GO:0140253","GO:0140253","cell-cell fusion",34,0.27364531239263,0.95499967301532,0.536764705882353,0.742460149527437,0.617316672977408,1646,"tags=18%, list=17%, signal=15%","Adgrb3/Dock1/Cd109/Neo1/Dock5/Tanc1"
"GO:1902475","GO:1902475","L-alpha-amino acid transmembrane transport",40,0.268288228853382,0.969676277552476,0.537906137184116,0.74335074886799,0.618057159617958,1466,"tags=20%, list=15%, signal=17%","Slc1a2/Epm2a/Ntsr1/Nat3/Ttyh3/Slc38a1/Slc1a4/Slc25a26"
"GO:0019751","GO:0019751","polyol metabolic process",70,0.235203905862814,0.948157666177613,0.538181818181818,0.74335074886799,0.618057159617958,1196,"tags=19%, list=13%, signal=16%","Sptlc3/Adcyap1r1/Gk2/Itpkb/Sptlc2/Prkg1/Ntsr1/Plcb1/Tkfc/Impa2/Lrp2/Sord/Agk"
"GO:0046718","GO:0046718","symbiont entry into host cell",40,-0.25196808077268,-0.938423700325966,0.537946428571429,0.74335074886799,0.618057159617958,3142,"tags=42%, list=33%, signal=29%","Zfp639/Pikfyve/Insr/Siva1/Gas6/Lgals1/Eps15/Bsg/Jpt2/Uvrag/Nectin3/Cd81/Ctsb/Vps18/Tpcn2/P4hb/Nrp1"
"GO:0030198","GO:0030198","extracellular matrix organization",176,-0.19677166388426,-0.965139505320922,0.542579075425791,0.744668734680018,0.619152995693511,2001,"tags=26%, list=21%, signal=21%","Col14a1/Sulf1/Sulf2/Lama2/Serac1/Npnt/Ero1b/Gfap/Prickle1/Lamc1/Tgfbi/Adamts2/Vipas39/Fkrp/Exoc8/Mad2l2/Col1a1/Ric8a/Plod1/Pomgnt1/Zfp469/Col19a1/Meltf/Adamtsl2/Col13a1/Fn1/Col4a1/P4ha1/Impg2/Nf1/Dnajb6/P4ha3/Fscn1/Col4a4/Angptl7/Lamb1/Ccn2/Ltbp4/Mmp23/Has2/Col10a1/Pdgfra/Col24a1/Nid1/Adamts7"
"GO:0045229","GO:0045229","external encapsulating structure organization",176,-0.19677166388426,-0.965139505320922,0.542579075425791,0.744668734680018,0.619152995693511,2001,"tags=26%, list=21%, signal=21%","Col14a1/Sulf1/Sulf2/Lama2/Serac1/Npnt/Ero1b/Gfap/Prickle1/Lamc1/Tgfbi/Adamts2/Vipas39/Fkrp/Exoc8/Mad2l2/Col1a1/Ric8a/Plod1/Pomgnt1/Zfp469/Col19a1/Meltf/Adamtsl2/Col13a1/Fn1/Col4a1/P4ha1/Impg2/Nf1/Dnajb6/P4ha3/Fscn1/Col4a4/Angptl7/Lamb1/Ccn2/Ltbp4/Mmp23/Has2/Col10a1/Pdgfra/Col24a1/Nid1/Adamts7"
"GO:0050873","GO:0050873","brown fat cell differentiation",37,0.270255701306391,0.962483142369314,0.542124542124542,0.744668734680018,0.619152995693511,2154,"tags=32%, list=23%, signal=25%","Adrb2/Sox13/Rreb1/Zfp423/Prdm16/Zfp516/Mtor/Fndc5/Fto/Slc7a10/Metrnl/Hnrnpu"
"GO:0001947","GO:0001947","heart looping",36,0.272981735871672,0.961556693816477,0.54275092936803,0.744668734680018,0.619152995693511,1906,"tags=28%, list=20%, signal=22%","Lrp6/Rbpj/Ift57/Hif1a/Dnaaf1/Vangl2/Tgfbr2/Kdm2a/Ccdc103/Arl13b"
"GO:0061371","GO:0061371","determination of heart left/right asymmetry",36,0.272981735871672,0.961556693816477,0.54275092936803,0.744668734680018,0.619152995693511,1906,"tags=28%, list=20%, signal=22%","Lrp6/Rbpj/Ift57/Hif1a/Dnaaf1/Vangl2/Tgfbr2/Kdm2a/Ccdc103/Arl13b"
"GO:1901292","GO:1901292","nucleoside phosphate catabolic process",109,-0.211045669136071,-0.96077257111696,0.540792540792541,0.744668734680018,0.619152995693511,2143,"tags=31%, list=23%, signal=24%","Sirt6/Prkaa2/Nudt4/Pgk1/Nt5m/Entpd2/Stat3/Cant1/Acat1/Nt5e/Cnp/Ddit4/Entpd4/Fkrp/Pfkfb2/Gapdh/Uchl1/Acot7/Ampd3/Eno2/Eno1/Pfkl/Ogt/Nudt7/Pkm/Gpi1/Eif6/Ppp2ca/Bpgm/Hprt1/Pgam1/Itpa/Gale/Esrrb"
"GO:0030038","GO:0030038","contractile actin filament bundle assembly",85,-0.219116053315356,-0.958135959280546,0.541284403669725,0.744668734680018,0.619152995693511,815,"tags=13%, list=9%, signal=12%","Sorbs3/Sdc4/Stmn1/Rac1/Arrb1/Ccn2/Coro2b/Pfn2/Tac1/Inpp5k/Nrp1"
"GO:0043149","GO:0043149","stress fiber assembly",85,-0.219116053315356,-0.958135959280546,0.541284403669725,0.744668734680018,0.619152995693511,815,"tags=13%, list=9%, signal=12%","Sorbs3/Sdc4/Stmn1/Rac1/Arrb1/Ccn2/Coro2b/Pfn2/Tac1/Inpp5k/Nrp1"
"GO:0006941","GO:0006941","striated muscle contraction",82,0.230229282276841,0.954894631085616,0.53971119133574,0.744668734680018,0.619152995693511,1949,"tags=26%, list=21%, signal=21%","Adrb2/Prkd1/Hdac4/Ank2/Slc8a1/Akap9/Uty/Kcne2/Vps54/Pde5a/Sgcd/Large1/Chrna1/Cacna1c/Slc9a1/Fgf13/Cacna2d1/Casq1/Mtor/Atp1b1/Dmd"
"GO:0099150","GO:0099150","regulation of postsynaptic specialization assembly",22,0.301850052776777,0.949911337624574,0.541198501872659,0.744668734680018,0.619152995693511,1101,"tags=27%, list=12%, signal=24%","Grid2/Nrxn1/Lats1/Fgfr1/Ptprs/Abl1"
"GO:0048147","GO:0048147","negative regulation of fibroblast proliferation",22,0.301839051820335,0.949876718007474,0.541198501872659,0.744668734680018,0.619152995693511,2349,"tags=45%, list=25%, signal=34%","Dach1/Ski/B4galt7/Dab2ip/Pawr/Lzts2/Ifi30/Kmt2a/Pex2/Fth1"
"GO:0098534","GO:0098534","centriole assembly",33,-0.265225305893573,-0.946020258111142,0.540659340659341,0.744668734680018,0.619152995693511,904,"tags=15%, list=10%, signal=14%","Ccp110/Vps4b/Cetn4/Chmp2a/Kat2a"
"GO:0090162","GO:0090162","establishment of epithelial cell polarity",26,0.291519801674934,0.941610538465057,0.539741219963031,0.744668734680018,0.619152995693511,1370,"tags=23%, list=14%, signal=20%","Myo9a/Pard3/Arf6/Frmd4b/Nherf1/Vangl2"
"GO:0061900","GO:0061900","glial cell activation",26,-0.280952728628965,-0.939512096923583,0.542299349240781,0.744668734680018,0.619152995693511,2381,"tags=31%, list=25%, signal=23%","Snca/Smo/Jun/Lrrk2/Slc9a6/Hspa4/Calhm2/Lrp1"
"GO:0046364","GO:0046364","monosaccharide biosynthetic process",64,0.239576736623663,0.953777421557809,0.543516873889876,0.745010772004944,0.619437381789642,1122,"tags=19%, list=12%, signal=17%","Ppargc1a/Tcf7l2/Chst15/Foxo1/G6pc3/Ep300/Ppp4r3a/Nr3c1/Hif1a/G6pc2/Ppara/Sord"
"GO:0044409","GO:0044409","symbiont entry into host",43,-0.248456436983209,-0.949981834132252,0.543429844097996,0.745010772004944,0.619437381789642,3142,"tags=44%, list=33%, signal=30%","Zfp639/Pikfyve/Exoc7/Insr/Siva1/Gas6/Lgals1/Eps15/Fuca2/Bsg/Jpt2/Uvrag/Nectin3/Cd81/Ctsb/Vps18/Tpcn2/P4hb/Nrp1"
"GO:2000144","GO:2000144","positive regulation of DNA-templated transcription initiation",54,-0.235465052227715,-0.941580088605891,0.544827586206897,0.746098175983233,0.620341501164248,3299,"tags=41%, list=35%, signal=27%","Med15/Med30/Med14/Med26/Gtf2a1/Med20/Taf13/Psmc6/Med22/Med31/Jun/Med12/Med7/Taf10/Taf11/Med28/Med13/Taf12/Gtf2a2/Med17/Taf7/Med9"
"GO:0002367","GO:0002367","cytokine production involved in immune response",54,-0.235413511729351,-0.941373987927439,0.544827586206897,0.746098175983233,0.620341501164248,2703,"tags=44%, list=29%, signal=32%","Twist2/Hk1/Panx1/Traf6/Gas6/Ripk2/Prkcz/Rtn4/Mapkapk2/Dlg1/Sema7a/Cd226/Traf2/Tgfb3/Cd81/Nr4a3/Tril/Ddx1/Mif/Fosl2/Ddx21/Gprc5b/Kit/Rabgef1"
"GO:1902116","GO:1902116","negative regulation of organelle assembly",36,-0.257451559336624,-0.935221760117721,0.545258620689655,0.746334058884179,0.620537625424542,1840,"tags=25%, list=19%, signal=20%","Smcr8/Limk2/Lrrk2/Sec22b/Arhgef2/Ccp110/Trim32/Gdi2/Kat2a"
"GO:0030071","GO:0030071","regulation of mitotic metaphase/anaphase transition",60,0.244078290838699,0.955635849278075,0.546428571428571,0.74758064516129,0.621574096531652,2361,"tags=33%, list=25%, signal=25%","Arid1a/Arhgap33os/Arid2/Mad1l1/Pbrm1/Fbxo5/Actl6a/Dpf3/Smarcd2/Cenpe/Hecw2/Atm/Ndc80/Cdk5rap2/Bub1b/Xrcc3/Brd7/Phf10/Bcl7a/Nek6"
"GO:0009583","GO:0009583","detection of light stimulus",21,0.298485424214067,0.929197057090544,0.546816479400749,0.747756627117952,0.621720416298523,589,"tags=14%, list=6%, signal=13%","Asic2/Sema5a/Cep250"
"GO:0010907","GO:0010907","positive regulation of glucose metabolic process",33,0.275066488057126,0.953929877697426,0.548446069469835,0.747857429953194,0.621804228569011,1273,"tags=21%, list=13%, signal=18%","Phka1/Tcf7l2/Foxo1/Ppp4r3a/Hif1a/Ppara/Phkb"
"GO:0042982","GO:0042982","amyloid precursor protein metabolic process",53,0.248979279324449,0.953566103494482,0.547872340425532,0.747857429953194,0.621804228569011,528,"tags=11%, list=6%, signal=11%","Necab2/Bace2/Lrrtm3/Epha4/Spon1/Rock1"
"GO:0002381","GO:0002381","immunoglobulin production involved in immunoglobulin-mediated immune response",33,0.274768849024454,0.952897666292684,0.548446069469835,0.747857429953194,0.621804228569011,1275,"tags=24%, list=13%, signal=21%","Shld2/Atad5/Rif1/Ptprc/Kmt5b/Tfrc/Swap70/Paxip1"
"GO:2000008","GO:2000008","regulation of protein localization to cell surface",30,0.280873913500736,0.949734752603021,0.548387096774194,0.747857429953194,0.621804228569011,1359,"tags=17%, list=14%, signal=14%","Erbb4/Astn2/Arf6/Egf/Gbf1"
"GO:0032210","GO:0032210","regulation of telomere maintenance via telomerase",35,-0.259825610356317,-0.940518691857607,0.547826086956522,0.747857429953194,0.621804228569011,1065,"tags=34%, list=11%, signal=31%","Pot1b/Pkib/Tent4b/Cct5/Nat10/Tnks/Cct2/Cct4/Ctnnb1/Cct8/Ptges3/Ctc1"
"GO:0051016","GO:0051016","barbed-end actin filament capping",20,0.299161488475486,0.923521593192008,0.547794117647059,0.747857429953194,0.621804228569011,2400,"tags=35%, list=25%, signal=26%","Carmil1/Add3/Eps8/Svil/Cracd/Gsn/Add1"
"GO:0002090","GO:0002090","regulation of receptor internalization",63,0.239141638667965,0.949047793439631,0.549469964664311,0.748857807608846,0.622635990120794,2068,"tags=32%, list=22%, signal=25%","Necab2/Pard3/Tbc1d5/Magi2/Mtmr2/Ptpn5/Tspan7/Efnb2/Ankrd13a/Egf/Rabep1/Scrib/Mkln1/Iqsec1/Sirt2/Rnf216/Cblb/Numb/Angpt1/Vegfa"
"GO:0000272","GO:0000272","polysaccharide catabolic process",20,-0.301546211582984,-0.928934871053503,0.550218340611354,0.748857807608846,0.622635990120794,1589,"tags=25%, list=17%, signal=21%","Wipi1/Phkg1/Pgm2/Gabarapl1/Pgm1"
"GO:0005980","GO:0005980","glycogen catabolic process",20,-0.301546211582984,-0.928934871053503,0.550218340611354,0.748857807608846,0.622635990120794,1589,"tags=25%, list=17%, signal=21%","Wipi1/Phkg1/Pgm2/Gabarapl1/Pgm1"
"GO:0009251","GO:0009251","glucan catabolic process",20,-0.301546211582984,-0.928934871053503,0.550218340611354,0.748857807608846,0.622635990120794,1589,"tags=25%, list=17%, signal=21%","Wipi1/Phkg1/Pgm2/Gabarapl1/Pgm1"
"GO:0051053","GO:0051053","negative regulation of DNA metabolic process",76,0.233145687804409,0.951987045173683,0.551282051282051,0.749951620706338,0.623545438341863,2482,"tags=34%, list=26%, signal=25%","Dach1/Atg7/Shld2/Rif1/Fbxo5/H1f0/Abl1/Pinx1/Polq/Smchd1/Wapl/Rad50/Ercc6/Atm/Stn1/Mapk15/Nbn/Dffb/Dnajc2/Klhl15/Acd/Hnrnpu/Radx/H1f6/Smg6/Timeless"
"GO:0048678","GO:0048678","response to axon injury",62,0.240959633788754,0.952684273226745,0.552397868561279,0.750761287903265,0.624218634149806,1935,"tags=27%, list=20%, signal=22%","Ptprf/Bcl2/Xylt1/Epha4/Igf1r/Pum2/Rtn4rl1/Fgfr3/Ptprs/Neo1/Grn/Rangap1/Cspg5/Max/Mtr/Apod/Mmp2"
"GO:0001906","GO:0001906","cell killing",56,0.24458888955318,0.949068666426209,0.552397868561279,0.750761287903265,0.624218634149806,736,"tags=16%, list=8%, signal=15%","B2m/Tap1/Cadm1/Ninj1/C8b/Tap2/Atn1/Ptprc/Unc13d"
"GO:0002262","GO:0002262","myeloid cell homeostasis",137,-0.201772731798628,-0.956381712218644,0.553191489361702,0.751485753800824,0.624820989546053,1808,"tags=24%, list=19%, signal=20%","Ncstn/Alas1/L3mbtl3/Dmtn/Slc25a5/Rps17/Zfp36l1/Ireb2/Heph/Uba5/Acin1/Kdm1a/Hspa9/Hmgb2/Cebpg/Ampd3/Slc25a38/Prdx1/Rps14/Gpi1/Flvcr1/Nf1/Fam210b/Casp3/Acvr1b/Sod1/Bpgm/Slc37a4/Rac1/Chmp5/Kit/Id2/Hscb"
"GO:0017157","GO:0017157","regulation of exocytosis",133,-0.202155418174601,-0.954744265353134,0.553699284009546,0.751781481879772,0.625066871933032,1902,"tags=25%, list=20%, signal=20%","Vsnl1/Smcr8/Rab27a/Htr1b/Cdk5r2/Rala/Snap29/Lrrk2/Snap23/Trim9/Abr/Arf1/Rab3a/Tprg1l/Nsf/Rab26/Prkcb/Adra2a/Rph3a/Dnm1l/Septin5/Sdc4/Vps18/Tpcn2/Vps4b/Slc4a8/Stxbp1/Rab21/Chmp2a/Pfn2/Rabgef1/Sv2b/Stx1a"
"GO:0030239","GO:0030239","myofibril assembly",33,0.272462579508514,0.944899529504674,0.553930530164534,0.751781481879772,0.625066871933032,1243,"tags=24%, list=13%, signal=21%","Fhod3/Prkd1/Nrap/Nebl/Ep300/Prox1/Akap13/Pdgfrb"
"GO:0050951","GO:0050951","sensory perception of temperature stimulus",20,0.298269569028877,0.920768207812998,0.555147058823529,0.753078136240385,0.626144972025548,1253,"tags=30%, list=13%, signal=26%","Disc1/Ntsr1/Cpeb3/Mmp24/Ngf/Pawr"
"GO:0051260","GO:0051260","protein homooligomerization",115,0.215385303375417,0.951027166688483,0.555752212389381,0.753544607677938,0.626532818559874,1232,"tags=17%, list=13%, signal=15%","B2m/Kcnc1/Slc1a2/Kctd8/Kcnc2/Ninj1/Adcy8/Kcnj12/Atl2/Kcnd2/Elavl1/Nacc2/Samhd1/Gls/Appl2/Rbmxl1/Kctd1/Prmt8/Polq"
"GO:0006949","GO:0006949","syncytium formation",35,0.271248214110199,0.950172277097212,0.55719557195572,0.754755802620655,0.627539863628678,1646,"tags=17%, list=17%, signal=14%","Adgrb3/Dock1/Cd109/Neo1/Dock5/Tanc1"
"GO:0006111","GO:0006111","regulation of gluconeogenesis",33,0.270181712639918,0.936989489032743,0.557586837294333,0.754755802620655,0.627539863628678,1119,"tags=21%, list=12%, signal=19%","Tcf7l2/Foxo1/Ep300/Ppp4r3a/Nr3c1/Hif1a/Ppara"
"GO:0007212","GO:0007212","G protein-coupled dopamine receptor signaling pathway",22,-0.295324622219779,-0.936159784407787,0.557692307692308,0.754755802620655,0.627539863628678,2523,"tags=41%, list=27%, signal=30%","Drd5/Prmt5/Gnai3/Rgs4/Ncstn/Lrrk2/Rgs8/Gnb5/Vps35"
"GO:0046580","GO:0046580","negative regulation of Ras protein signal transduction",21,-0.293881516397646,-0.92092383723749,0.557692307692308,0.754755802620655,0.627539863628678,1212,"tags=33%, list=13%, signal=29%","Dgkz/Spry1/Ppp2cb/Nf1/Trim67/Stambp/Rabgef1"
"GO:0045740","GO:0045740","positive regulation of DNA replication",27,0.28268674985141,0.931954497788541,0.557971014492754,0.754778801968622,0.627558986380218,936,"tags=22%, list=10%, signal=20%","Egfr/Baz1a/Map2k4/Ino80/Atad5/Fgfr1"
"GO:0051654","GO:0051654","establishment of mitochondrion localization",24,-0.287513712335804,-0.932069323719913,0.558441558441558,0.755061160124451,0.627793752377363,1619,"tags=29%, list=17%, signal=24%","Ubb/Actr10/Myo19/Uchl1/Dnm1l/Mapt/Hsbp1"
"GO:0051170","GO:0051170","import into nucleus",128,0.210457750821259,0.94742875303504,0.558974358974359,0.755427390478937,0.628098253708671,2244,"tags=27%, list=24%, signal=21%","Six3/Bach2/Prkd1/Phip/Gli3/Ep300/Adar/Epm2a/Elavl1/Ptpn5/Ppp3ca/Nfatc3/Chp1/Appl2/Nup153/Brca1/Fam53a/Fgf9/Prkcd/Ipo4/Stk3/Mdfic/Bag3/Prkag1/Tmco6/Tardbp/Apod/Angpt1/Prkcq/Atf2/Cabp1/Kcnq2/Kcnq3/Ubr5/Fermt1"
"GO:1903036","GO:1903036","positive regulation of response to wounding",40,0.265052240953995,0.957980420772279,0.55956678700361,0.755811349943006,0.628417495864723,2470,"tags=42%, list=26%, signal=32%","Ptk2/Igf1r/Pum2/Rreb1/Plat/Hif1a/Ddr2/Grn/Hbegf/Prkce/Mtor/Arfgef1/Ano6/Fermt1/Braf/Enpp4/Itgb1"
"GO:0048668","GO:0048668","collateral sprouting",27,0.281638462635792,0.928498531118429,0.559782608695652,0.755811349943006,0.628417495864723,2512,"tags=44%, list=27%, signal=33%","Prkg1/Cobl/Ptprs/Bdnf/Ngf/Ist1/Fgf13/Dcx/Zeb2/Septin7/Nfix/Epha7"
"GO:0007599","GO:0007599","hemostasis",88,-0.213729324947959,-0.946141056792539,0.560538116591928,0.756123446328869,0.628676987640398,2104,"tags=28%, list=22%, signal=22%","Shh/Gas6/Pdgfb/Bloc1s6/Ppia/Pear1/Fermt3/Nbeal2/Entpd2/Hps4/Prrg3/Rab27a/Angptl1/Anxa7/Anxa5/Pdgfa/Angptl2/Adra2a/Angptl7/Stxbp1/Fzd6/Papss2/Pdgfra/Vwf/Serpind1"
"GO:0044784","GO:0044784","metaphase/anaphase transition of cell cycle",67,0.23348105780704,0.939203826301986,0.560498220640569,0.756123446328869,0.628676987640398,2013,"tags=27%, list=21%, signal=21%","Arid1a/Arhgap33os/Arid2/Mad1l1/Pbrm1/Fbxo5/Actl6a/Dpf3/Smarcd2/Cenpe/Hecw2/Atm/Ndc80/Cdk5rap2/Bub1b/Mapk15/Xrcc3/Brd7"
"GO:0060071","GO:0060071","Wnt signaling pathway, planar cell polarity pathway",24,0.294191715511137,0.93908808247406,0.561111111111111,0.75654251727183,0.629025423149584,1573,"tags=29%, list=17%, signal=24%","Gpc3/Ryk/Wnt7a/Abl1/Nkd1/Vangl2/Znrf3"
"GO:0032835","GO:0032835","glomerulus development",49,0.246732070272753,0.936424417615393,0.562717770034843,0.75716137315547,0.629539969358406,1853,"tags=31%, list=20%, signal=25%","Bcl2/Kirrel3/Plce1/Magi2/Pdgfd/Ppp3ca/Ext1/Mtss1/Lgr4/Pdgfrb/Vangl2/Ptpro/Angpt2/Ampd2/Ret"
"GO:1903509","GO:1903509","liposaccharide metabolic process",58,-0.22851071478398,-0.933198680496704,0.563063063063063,0.75716137315547,0.629539969358406,2195,"tags=29%, list=23%, signal=23%","Pigp/Hexa/St8sia6/Psap/Sccpdh/B4galt5/Dpm1/Gm2a/Dpm2/Neu2/Neu3/Tm9sf2/B4galt6/St6galnac5/A4galt/Kit/Lct"
"GO:1903909","GO:1903909","regulation of receptor clustering",22,-0.294185575982916,-0.932549082152361,0.561965811965812,0.75716137315547,0.629539969358406,1647,"tags=41%, list=17%, signal=34%","Frrs1l/Dok7/Snx27/Shisa6/Shank3/Cd81/Crkl/Ssh1/Rac1"
"GO:0099022","GO:0099022","vesicle tethering",25,0.289877823867738,0.931083619845818,0.562383612662942,0.75716137315547,0.629539969358406,1654,"tags=24%, list=17%, signal=20%","Exoc4/Trappc9/Trappc12/Exoc2/Trip11/Exoc6"
"GO:0006221","GO:0006221","pyrimidine nucleotide biosynthetic process",23,-0.288231987128359,-0.925495054413818,0.562632696390658,0.75716137315547,0.629539969358406,4272,"tags=52%, list=45%, signal=29%","Upp1/Dck/Cad/Uck1/Slc4a7/Nme3/Uck2/Nme7/Ak9/Uprt/Umps/Nme1"
"GO:0045738","GO:0045738","negative regulation of DNA repair",21,0.294793824781244,0.917704960489955,0.563670411985019,0.75716137315547,0.629539969358406,1391,"tags=29%, list=15%, signal=24%","Shld2/Rif1/Abl1/Polq/Smchd1/Ercc6"
"GO:2000780","GO:2000780","negative regulation of double-strand break repair",21,0.294793824781244,0.917704960489955,0.563670411985019,0.75716137315547,0.629539969358406,1391,"tags=29%, list=15%, signal=24%","Shld2/Rif1/Abl1/Polq/Smchd1/Ercc6"
"GO:0070266","GO:0070266","necroptotic process",25,-0.278013587986019,-0.915166381007751,0.563440860215054,0.75716137315547,0.629539969358406,2018,"tags=20%, list=21%, signal=16%","Fadd/Cyld/Pgam5/Dnm1l/Bok"
"GO:0071168","GO:0071168","protein localization to chromatin",30,0.278830944839736,0.942826747827325,0.564516129032258,0.757944374361747,0.630190993793729,1317,"tags=23%, list=14%, signal=20%","Mms22l/Lef1/Mcm9/Brd2/Ezh2/Spi1/Wapl"
"GO:0051480","GO:0051480","regulation of cytosolic calcium ion concentration",51,-0.237333875254421,-0.940053344902548,0.56551724137931,0.758707776491634,0.630825722624988,94,"tags=8%, list=1%, signal=8%","Ryr1/Bok/Sv2b/Myh7b"
"GO:0009123","GO:0009123","nucleoside monophosphate metabolic process",47,-0.240930123469818,-0.931727072893746,0.565610859728507,0.758707776491634,0.630825722624988,2333,"tags=28%, list=25%, signal=21%","Adss2/Dguok/Nt5m/Uprt/Tk2/Nt5e/Umps/Ampd3/Impdh2/Aprt/Hprt1/Nme1/Gmps"
"GO:0031334","GO:0031334","positive regulation of protein-containing complex assembly",110,0.216060067998757,0.945089571520528,0.567901234567901,0.761425923056173,0.633085718929105,2244,"tags=30%, list=24%, signal=23%","Fnip2/Prkd1/Slain1/Carmil1/Fas/Nek7/Lats1/Arf6/Akap9/Nck2/Tenm1/Nav3/Ttbk1/Dab2ip/Ambra1/Spidr/Tfrc/Mapk9/Atm/Creb1/Prkce/Trabd2b/Cdk5rap2/Mtor/Tirap/Grb2/Cracd/Fmn1/Pde4dip/Vegfa/Rims1/Crbn/Fermt1"
"GO:0008360","GO:0008360","regulation of cell shape",95,0.223876121774818,0.952422078418787,0.568627450980392,0.762045338581529,0.633600730450662,1468,"tags=20%, list=15%, signal=17%","Rhoj/Fgd4/Phip/Fyn/Gna12/Fam171a1/Dnmbp/Ptk2/Sh3kbp1/Epb41l3/Wasf3/Gna13/Eps8/Brwd1/Plxnb2/Nherf1/Dlc1/Arhgap15/Mkln1"
"GO:1902882","GO:1902882","regulation of response to oxidative stress",25,0.288507093071798,0.9266808512094,0.569832402234637,0.763305456592983,0.634648452485151,953,"tags=20%, list=10%, signal=18%","Prkn/Adcyap1r1/Sesn3/Fut8/Oxr1"
"GO:0006081","GO:0006081","aldehyde metabolic process",45,-0.2443323356844,-0.939667602600054,0.571106094808126,0.764301613655052,0.635476704834736,2468,"tags=36%, list=26%, signal=26%","Rpe/Aldh1a2/Taldo1/Aldh2/Park7/Mdh2/Pgk1/Glo1/Gapdh/Pdxk/Eno1/Sdr16c5/Esd/Pgam1/Mdh1/Aldh9a1"
"GO:0072384","GO:0072384","organelle transport along microtubule",70,0.232499051165367,0.937253813591181,0.570909090909091,0.764301613655052,0.635476704834736,1679,"tags=23%, list=18%, signal=19%","Syne2/Bicd2/Kif13a/Bicd1/Kif1b/Borcs5/Hif1a/Map2/Pex14/Agbl4/Rasgrp1/Kifc1/Kif16b/Ap3m1/Ap3d1/Bloc1s2"
"GO:0045620","GO:0045620","negative regulation of lymphocyte differentiation",25,0.287955682027813,0.924909726450677,0.571694599627561,0.764734334566737,0.635836489576986,1809,"tags=28%, list=19%, signal=23%","Rc3h1/Gli3/Runx1/Cd74/Socs5/Cbfb/Irf1"
"GO:0019362","GO:0019362","pyridine nucleotide metabolic process",110,-0.208285460374181,-0.951923733267034,0.572413793103448,0.764986737400531,0.636046349294988,1500,"tags=30%, list=16%, signal=26%","Taldo1/Flcn/Txnrd1/Dlst/Got1/Sirt6/Mdh2/Prkaa2/Pgk1/Stat3/Ldhb/Pgd/Ddit4/Fkrp/Pfkfb2/Gapdh/Uchl1/Eno2/Eno1/Pfkl/Ogt/Pkm/Gpi1/Eif6/Ppp2ca/Ldha/Bpgm/Got2/Pgam1/Mdh1/Gale/Slc25a22/Esrrb"
"GO:0046496","GO:0046496","nicotinamide nucleotide metabolic process",110,-0.208285460374181,-0.951923733267034,0.572413793103448,0.764986737400531,0.636046349294988,1500,"tags=30%, list=16%, signal=26%","Taldo1/Flcn/Txnrd1/Dlst/Got1/Sirt6/Mdh2/Prkaa2/Pgk1/Stat3/Ldhb/Pgd/Ddit4/Fkrp/Pfkfb2/Gapdh/Uchl1/Eno2/Eno1/Pfkl/Ogt/Pkm/Gpi1/Eif6/Ppp2ca/Ldha/Bpgm/Got2/Pgam1/Mdh1/Gale/Slc25a22/Esrrb"
"GO:0010970","GO:0010970","transport along microtubule",147,-0.200046753380157,-0.950593009364726,0.574572127139364,0.767251255227587,0.637929177096301,2576,"tags=30%, list=27%, signal=22%","Borcs6/Mak/Ift70b/Bloc1s6/Dync2li1/Ssna1/Kif3a/Prkcz/Cdc42/Tub/Tuba1a/Ift52/Ift88/Ift43/BC048507/Intu/Sfpq/Rab1a/Kif21a/Ubb/Stau1/Spg7/Kif1a/Actr10/Hspa8/Borcs8/Uchl1/Cluap1/Ssx2ip/Ift122/Dync1i1/Mapt/Sod1/Ift20/Copg1/Pafah1b1/Map2k1/Daw1/Ift172/Rab21/Bloc1s1/Hsbp1/Kif21b/Rabgef1"
"GO:1903077","GO:1903077","negative regulation of protein localization to plasma membrane",22,0.294490306005108,0.926750477336026,0.574906367041198,0.767251255227587,0.637929177096301,1111,"tags=23%, list=12%, signal=20%","Ppp2r5a/Wnk1/Lyplal1/Hectd1/Ppfia1"
"GO:0035459","GO:0035459","vesicle cargo loading",22,0.29355670446566,0.923812466628434,0.574906367041198,0.767251255227587,0.637929177096301,408,"tags=14%, list=4%, signal=13%","Insig1/Scap/Kif13a"
"GO:0046394","GO:0046394","carboxylic acid biosynthetic process",162,-0.196664807854917,-0.954506168472753,0.575829383886256,0.767348775968214,0.638010260477259,1860,"tags=25%, list=20%, signal=21%","Asns/Ldhb/Asl/Prkab1/Dse/Cbr4/Lta4h/Ugp2/Hacd3/Pycr1/Cthrc1/Abhd2/Olah/Ggt5/Abat/Insig2/Pecr/Acot7/Wdtc1/Pkm/Acadl/Eif6/Oat/Mif/Lipc/Ldha/Ubr4/Got2/Mgst3/Glul/Ndufab1/Akr1d1/Acly/Errfi1/Ptges3/Fabp5/Klhl25/Ptgs1/Tecr/Pdk4/Gstp3"
"GO:0007229","GO:0007229","integrin-mediated signaling pathway",59,0.239074703592354,0.932852414907303,0.575539568345324,0.767348775968214,0.638010260477259,1547,"tags=24%, list=16%, signal=20%","Vav3/Gab2/Lims1/Ptpra/Ptk2/Itgb1bp1/Apoa1/Fut8/Diaph3/Rcc2/Abl1/Chuk/Itgbl1/Itgb5"
"GO:0000041","GO:0000041","transition metal ion transport",56,-0.230404169681227,-0.931300328418467,0.57630979498861,0.767348775968214,0.638010260477259,1297,"tags=20%, list=14%, signal=17%","Snx3/Heph/Slc30a1/Meltf/Flvcr1/Atp2c1/Steap2/Slc30a8/Lmtk2/Cltc/Cp"
"GO:0032872","GO:0032872","regulation of stress-activated MAPK cascade",23,0.292989737883858,0.923156464489615,0.576271186440678,0.767348775968214,0.638010260477259,615,"tags=17%, list=6%, signal=16%","Tgfb2/Foxo1/Fas/Taok1"
"GO:0060218","GO:0060218","hematopoietic stem cell differentiation",20,0.294429936401586,0.908915132541518,0.575367647058823,0.767348775968214,0.638010260477259,762,"tags=20%, list=8%, signal=18%","Bcl2/Cdk6/Ext1/Chd2"
"GO:0035967","GO:0035967","cellular response to topologically incorrect protein",80,-0.219823286581062,-0.951917288746263,0.579545454545455,0.769389810387029,0.639707273546118,2010,"tags=31%, list=21%, signal=25%","Yod1/Rhbdd1/Qrich1/Amfr/Ufd1/Eif2ak2/Tm7sf3/Hspd1/Derl1/Stub1/Sdf2l1/Dnajb14/Edem2/Eif2s1/Tmed2/Optn/Stc2/Ficd/Serp1/Ubr4/Parp16/Dnajb9/Atxn3/Cops5/Bok"
"GO:0070372","GO:0070372","regulation of ERK1 and ERK2 cascade",168,0.203799093723975,0.948510207329614,0.579124579124579,0.769389810387029,0.639707273546118,1415,"tags=20%, list=15%, signal=17%","Dennd2b/Necab2/Erbb4/Garem1/Egfr/Spred1/Calcr/Phlpp1/Nrxn1/Cib1/Epha4/Fgf18/Sstr4/Pdgfd/Ptprc/Spred2/Cd74/Itgb1bp1/Prkca/Fgfr3/Mfhas1/Ddr2/Pde8a/Dab2ip/Abl1/Wnk2/Ngf/Nherf1/Pdgfrb/Spry2/Egf/Ptprr/Rasgrp1"
"GO:0045453","GO:0045453","bone resorption",43,0.257085625522737,0.946179692355172,0.578661844484629,0.769389810387029,0.639707273546118,1091,"tags=21%, list=12%, signal=19%","Adrb2/Egfr/Tns3/Lrp6/Ext1/Ppargc1b/Prkca/Tcirg1/Tfrc"
"GO:0039531","GO:0039531","regulation of cytoplasmic pattern recognition receptor signaling pathway",71,0.232206653962708,0.938936863959617,0.578947368421053,0.769389810387029,0.639707273546118,1902,"tags=25%, list=20%, signal=20%","Smpdl3a/Prkd1/Slc15a2/Lyplal1/Nek7/Lats1/Pum2/Tkfc/Ankrd17/Ptprs/Itch/Map3k7/Abhd17a/Tirap/Zdhhc18/Oasl1/Sirt2/Usp15"
"GO:0061008","GO:0061008","hepaticobiliary system development",110,0.214559521325315,0.938525882886228,0.578483245149912,0.769389810387029,0.639707273546118,1210,"tags=17%, list=13%, signal=15%","Cadm1/Lims1/Egfr/Pkd1/Gli3/Atg7/Fgf18/Arf6/Runx1/Rpgrip1l/Rps6ka1/Sox9/Dnaaf1/Cobl/Tet2/Icmt/Prox1/Upf2/Ezh2"
"GO:0000018","GO:0000018","regulation of DNA recombination",82,0.226070421315514,0.937645417761712,0.57942238267148,0.769389810387029,0.639707273546118,1391,"tags=23%, list=15%, signal=20%","Arid2/Shld2/Atad5/Rif1/Ptprc/Crebbp/H1f0/Kmt5b/Actl6a/Spidr/Tfrc/Abl1/Polq/Paxip1/Epc1/Smchd1/Ing3/Rad50/Ercc6"
"GO:0007265","GO:0007265","Ras protein signal transduction",81,0.226089627687541,0.936800114120108,0.579710144927536,0.769389810387029,0.639707273546118,1537,"tags=23%, list=16%, signal=20%","Tgfb2/Plce1/Lztr1/Rgl1/Mmd2/Itpkb/Rasa3/Rapgefl1/Rsu1/Ksr1/Dab2ip/Syde2/Icmt/Ngf/Spry2/Rapgef6/Rasgrp1/Usp8/Mapkap1"
"GO:1904263","GO:1904263","positive regulation of TORC1 signaling",38,-0.249817830247925,-0.91642565803513,0.58021978021978,0.769711980751539,0.639975141306667,1361,"tags=24%, list=14%, signal=20%","Gpr137c/Rragc/Tbk1/Mios/Rps6kb1/Ogt/Otub1/Sec13/Shq1"
"GO:0010659","GO:0010659","cardiac muscle cell apoptotic process",38,0.262770324824618,0.941397744293823,0.581352833638026,0.770860492971065,0.640930068978789,392,"tags=11%, list=4%, signal=10%","Qki/Hey2/Bcl2/Atg7"
"GO:0035335","GO:0035335","peptidyl-tyrosine dephosphorylation",21,0.291139637257324,0.906329328657265,0.582397003745318,0.771890146508041,0.6417861718904,1885,"tags=33%, list=20%, signal=27%","Ptprf/Epm2a/Ptprs/Ptpro/Ptprt/Ptprz1/Ptpn12"
"GO:0045017","GO:0045017","glycerolipid biosynthetic process",142,0.205989531676972,0.94234365387815,0.585284280936455,0.773982048042543,0.643525478298019,1697,"tags=18%, list=18%, signal=15%","Lpcat3/Tcf7l2/Slc27a1/Plce1/Srebf1/Itpkb/Dgkb/Chka/Pik3c2a/Apoa1/Ptdss2/Pgs1/Lclat1/Impa2/Mfsd2a/Agmo/Pik3c2g/Ip6k2/Atm/Agpat5/Cds1/Gpam/Pla2g15/Pigs/Pigq/Nr1h3"
"GO:0006354","GO:0006354","DNA-templated transcription elongation",94,-0.21061711045786,-0.941404393208314,0.585585585585586,0.773982048042543,0.643525478298019,2175,"tags=43%, list=23%, signal=33%","Elof1/Med15/Med30/Kat7/Skic8/Med14/Med26/Supt5/Polr1f/Shh/Med20/Gtf2f2/Tcea1/Zfp326/Med22/Sirt6/Med31/Ccnk/Eloa/Polr2m/Leo1/Med7/Ubtf/Nelfe/Wdr82/Pwwp2b/Glyr1/Med28/Polr1d/Nelfb/Gtf2h5/Med17/Supt6/Ncbp2/Cbx7/Polr2e/Ctnnb1/Map2k1/Eny2/Med9"
"GO:0015695","GO:0015695","organic cation transport",73,-0.21757410936813,-0.930196122812241,0.584444444444444,0.773982048042543,0.643525478298019,2622,"tags=32%, list=28%, signal=23%","Ptger3/Atp13a3/Slc18b1/Sfxn1/Nfe2l1/Snca/Sec14l1/Slc7a3/Rgs4/Arg2/Rgs2/Nisch/Slc25a17/Slc35f3/Llgl2/Comt/Slc25a38/Slc6a17/Flvcr1/Crhr2/Slc6a2/Ptgs1/Stx1a"
"GO:0098661","GO:0098661","inorganic anion transmembrane transport",67,0.230689988046547,0.927976434139414,0.585409252669039,0.773982048042543,0.643525478298019,2020,"tags=27%, list=21%, signal=21%","Slc6a1/Gabrr2/Slc26a7/Gabrb2/Clcn2/Best3/Gabra1/Gabra2/Ttyh3/Gabrg1/Gabra4/Ank/Slc1a4/Slc26a4/Mtor/Gabre/Clcc1/Ano6"
"GO:1902624","GO:1902624","positive regulation of neutrophil migration",21,-0.289623408363345,-0.907580387678675,0.585470085470085,0.773982048042543,0.643525478298019,2742,"tags=48%, list=29%, signal=34%","Dysf/Ptger3/Adam8/Selenok/Ripor2/Rtn4/Mcu/C1qbp/Dnm1l/Rac1"
"GO:0032366","GO:0032366","intracellular sterol transport",25,-0.273753023447317,-0.901141435471168,0.58494623655914,0.773982048042543,0.643525478298019,2186,"tags=60%, list=23%, signal=46%","Ldlrap1/Nus1/Abcg1/Vps4a/Arl8b/Osbp/Syt7/Gramd1c/Osbpl2/Vps53/Serac1/Vps51/Tpcn2/Tmem97/Scp2"
"GO:0009615","GO:0009615","response to virus",167,0.20455494670974,0.948772807956582,0.586324786324786,0.77424939732632,0.643747765205255,1448,"tags=19%, list=15%, signal=17%","Chrm2/Penk/Bcl2/Ddx17/Cdk6/Stat2/Atg7/Adar/Irf7/Samhd1/Ext1/Ptprc/Unc13d/Crebbp/Polr3f/Hif1a/Htra1/Trim8/Ncbp3/Uri1/Zmynd11/Lsm14a/Irf2/Dtx3l/Mid2/Trim25/Npc2/Itch/Gbf1/Agbl4/Ercc6/Chuk"
"GO:1901264","GO:1901264","carbohydrate derivative transport",50,0.241823414322856,0.9207150979465,0.586086956521739,0.77424939732632,0.643747765205255,1532,"tags=22%, list=16%, signal=19%","Slc15a2/G6pc3/Slc10a7/Ralbp1/Abcc6/Mfsd2a/Ank/Slc25a26/Tmem241/Guk1/Slc35a3"
"GO:0042168","GO:0042168","heme metabolic process",28,-0.26950686466792,-0.913641020536061,0.58876404494382,0.777114647880081,0.646130070760941,2959,"tags=54%, list=31%, signal=37%","Slc11a2/Cyb5r4/Slc48a1/Uros/Pgrmc1/Bdh2/Tmem14c/Alas1/Srrd/Ireb2/Hmbs/Snx3/Hmox2/Tmem14a/Alad"
"GO:0007632","GO:0007632","visual behavior",57,0.237487192650712,0.924743207320264,0.589285714285714,0.777447392497713,0.646406730458351,1776,"tags=25%, list=19%, signal=20%","Meis2/Ap1s2/Slc1a2/Pias1/Atxn1/Tafa2/Ppp1r1b/Hif1a/Nts/Cacna1c/Tanc1/Creb1/Hrh2/Mtor"
"GO:0030308","GO:0030308","negative regulation of cell growth",103,0.214439608662617,0.928662819431827,0.590509666080844,0.778198155786276,0.647030950755945,1612,"tags=21%, list=17%, signal=18%","Tgfb2/Bcl2/Gng4/D7Ertd443e/Sema5a/Sertad2/Ryk/Vgll4/Dab2ip/Map2/Ptprs/Brca1/Ttc3/Ppara/Sema3g/Cdkn2c/Ip6k2/Ctdp1/Foxk1/Bmpr2/Sema3f/Fgf13"
"GO:1902991","GO:1902991","regulation of amyloid precursor protein catabolic process",28,0.277781230410453,0.922948575225634,0.590664272890485,0.778198155786276,0.647030950755945,528,"tags=14%, list=6%, signal=14%","Lrrtm3/Epha4/Spon1/Rock1"
"GO:0090317","GO:0090317","negative regulation of intracellular protein transport",27,0.275394524277153,0.907913673708922,0.590579710144927,0.778198155786276,0.647030950755945,2244,"tags=33%, list=24%, signal=26%","Insig1/Chp1/Rangap1/Mdfic/Apod/Derl3/Angpt1/Cabp1/Fermt1"
"GO:0043524","GO:0043524","negative regulation of neuron apoptotic process",132,-0.201150918421809,-0.948983981304576,0.592417061611374,0.780151052825207,0.648654682216155,2017,"tags=27%, list=21%, signal=21%","Six4/Jun/Btg2/Hdgf/Unc5b/Snx6/Nono/Hspd1/Rad21/Tgfb3/Fbxo7/Bag1/Pycr1/Kras/Gclc/Nr4a2/Optn/Dlx1/Plxnd1/Nr4a3/Kdm2b/Gpi1/Sod1/Ilk/Ctnnb1/Cebpb/Arrb1/Stxbp1/Ppt1/Sod2/Stambp/Bok/Nrp1/Sema3e/Lrp1"
"GO:0120193","GO:0120193","tight junction organization",30,0.272006794234521,0.919751863777075,0.593189964157706,0.78081234898714,0.649204515290425,2535,"tags=43%, list=27%, signal=32%","Pecam1/Pard3/Patj/Rock1/Ext1/Afdn/Tjp1/Tbcd/Mylk3/Srf/Ephb2/Itgb1/Rock2"
"GO:0050851","GO:0050851","antigen receptor-mediated signaling pathway",82,0.223652818199556,0.927618212652557,0.593862815884477,0.781234993535677,0.649555922065214,1253,"tags=15%, list=13%, signal=13%","Vav3/Rc3h1/Fyn/Bcl2/Wnk1/Btrc/Dennd1b/Ptprc/Eif2b3/Ubr2/Abl1/Pawr"
"GO:1903351","GO:1903351","cellular response to dopamine",30,-0.264767008763087,-0.918169998149507,0.594594594594595,0.781234993535677,0.649555922065214,2523,"tags=33%, list=27%, signal=25%","Drd5/Prmt5/Gnai3/Rgs4/Ncstn/Lrrk2/Rgs8/Gnb5/Htr2b/Vps35"
"GO:0070302","GO:0070302","regulation of stress-activated protein kinase signaling cascade",24,0.285284381427415,0.910655020482135,0.594444444444444,0.781234993535677,0.649555922065214,615,"tags=17%, list=6%, signal=16%","Tgfb2/Foxo1/Fas/Taok1"
"GO:0065002","GO:0065002","intracellular protein transmembrane transport",26,-0.270249391037824,-0.903719900871932,0.594360086767896,0.781234993535677,0.649555922065214,838,"tags=15%, list=9%, signal=14%","Sec61b/Pex12/Srp54c/Sec61g"
"GO:1903670","GO:1903670","regulation of sprouting angiogenesis",28,0.276336761097442,0.918149219659276,0.59605026929982,0.782434673036269,0.650553392647865,2321,"tags=39%, list=24%, signal=30%","Rhoj/Hif1a/Tspan18/Smad1/Jcad/Tjp1/Creb3l1/Vegfa/Pik3cb/Jmjd8/Bmper"
"GO:0120192","GO:0120192","tight junction assembly",25,0.284352962358465,0.913337839970128,0.595903165735568,0.782434673036269,0.650553392647865,528,"tags=16%, list=6%, signal=15%","Pecam1/Pard3/Patj/Rock1"
"GO:0030325","GO:0030325","adrenal gland development",21,0.287529857281463,0.895091939296808,0.597378277153558,0.783821178940337,0.651706199586134,1243,"tags=24%, list=13%, signal=21%","Igf1r/Nr3c1/Apoa1/Arid5b/Pdgfrb"
"GO:0002052","GO:0002052","positive regulation of neuroblast proliferation",24,0.284872818549794,0.909341272428794,0.598148148148148,0.784304584304584,0.652108125792336,1509,"tags=25%, list=16%, signal=21%","Gli3/Disc1/Hif1a/Cip2a/Pax6/Zfp335"
"GO:0031112","GO:0031112","positive regulation of microtubule polymerization or depolymerization",21,-0.286963872168189,-0.899246313769784,0.598290598290598,0.784304584304584,0.652108125792336,1044,"tags=24%, list=11%, signal=21%","Ckap5/Mapt/Numa1/Rac1/Katnb1"
"GO:0032272","GO:0032272","negative regulation of protein polymerization",53,0.239849968458269,0.918601742548971,0.599290780141844,0.784895094782256,0.652599104282787,2096,"tags=28%, list=22%, signal=22%","Fhod3/Pecam1/Carmil1/Add3/Map2/Sptb/Eps8/Svil/Arhgef7/Prkcd/Arfgef1/Cracd/Ssh3/Tbcd/Gsn"
"GO:0051602","GO:0051602","response to electrical stimulus",31,-0.259112046245512,-0.911149632705889,0.599557522123894,0.784895094782256,0.652599104282787,1904,"tags=29%, list=20%, signal=23%","Btg2/Prickle1/Nsmf/Prickle2/Rab3a/Rps6kb1/Cyfip1/Sod2/Neurod2"
"GO:0002718","GO:0002718","regulation of cytokine production involved in immune response",47,-0.235547640884529,-0.910911889338167,0.599547511312217,0.784895094782256,0.652599104282787,1005,"tags=45%, list=11%, signal=40%","Twist2/Hk1/Panx1/Traf6/Ripk2/Prkcz/Rtn4/Mapkapk2/Sema7a/Cd226/Traf2/Tgfb3/Cd81/Nr4a3/Tril/Ddx1/Mif/Ddx21/Gprc5b/Kit/Rabgef1"
"GO:0042594","GO:0042594","response to starvation",164,-0.194688455235254,-0.947697336773598,0.602352941176471,0.787594807951706,0.654843774185702,2616,"tags=34%, list=28%, signal=25%","Pik3c2b/Yars1/Eif4ebp1/Pak6/Cps1/Flcn/Rragd/Micu1/Adcyap1/Ulk2/Lars1/Pak2/Stk26/Stk24/Prkaa2/Mcu/Mapk8/Eif2ak2/Jun/Asns/Rragb/Acat1/Pick1/Ywhag/Lrrk2/Wipi1/Map1lc3a/Ralb/Eif2s1/Rragc/Hspa8/Comt/Sar1b/Map3k5/Mios/Ripor1/Atg4b/Smdt1/Eif2b1/Trim32/Glul/Tsc2/Atxn3/Lamp2/Ywhaz/Yme1l1/Gabarapl1/Gcn1/Nprl3/Itfg2/Sesn1/Fos/Higd1a/Gabarapl2/Pdk4"
"GO:0016054","GO:0016054","organic acid catabolic process",145,-0.199111976881357,-0.944453871096397,0.602439024390244,0.787594807951706,0.654843774185702,2495,"tags=30%, list=26%, signal=22%","Tdo2/Scly/Hibch/Bdh2/Mccc1/Dlst/Got1/Aldh6a1/Nos2/Hadhb/Arg2/Cpt1a/Acat1/Slc25a17/Dlat/Asrgl1/Acad9/Bckdha/Abhd2/Abat/Acot7/Acaa1b/Tysnd1/Irs2/Gcat/Ppard/Nudt7/Acadl/Aldh5a1/Dbi/Oat/Ldha/Got2/Blmh/Oaz1/Qdpr/Akr1d1/Dbt/Hadha/Crat/Dld/Aadat/Scp2"
"GO:0046395","GO:0046395","carboxylic acid catabolic process",145,-0.199111976881357,-0.944453871096397,0.602439024390244,0.787594807951706,0.654843774185702,2495,"tags=30%, list=26%, signal=22%","Tdo2/Scly/Hibch/Bdh2/Mccc1/Dlst/Got1/Aldh6a1/Nos2/Hadhb/Arg2/Cpt1a/Acat1/Slc25a17/Dlat/Asrgl1/Acad9/Bckdha/Abhd2/Abat/Acot7/Acaa1b/Tysnd1/Irs2/Gcat/Ppard/Nudt7/Acadl/Aldh5a1/Dbi/Oat/Ldha/Got2/Blmh/Oaz1/Qdpr/Akr1d1/Dbt/Hadha/Crat/Dld/Aadat/Scp2"
"GO:0035987","GO:0035987","endodermal cell differentiation",26,-0.267745613048246,-0.895347212268056,0.603036876355748,0.788019189583135,0.655196625253807,850,"tags=19%, list=9%, signal=18%","Fn1/Nr0b1/Ctnnb1/Map2k1/Hsbp1"
"GO:0008625","GO:0008625","extrinsic apoptotic signaling pathway via death domain receptors",48,0.244369859733738,0.917589693504077,0.604651162790698,0.789770812268284,0.656653007645504,1863,"tags=29%, list=20%, signal=24%","Trps1/Bmpr1b/Bcl2/Fas/Itprip/Casp8ap2/Dab2ip/Brca1/Ngf/Spi1/Stk3/Bloc1s2/Bag3/Rffl"
"GO:0043173","GO:0043173","nucleotide salvage",23,-0.280551684824087,-0.900834079517088,0.605095541401274,0.789780233802181,0.656660841156788,1120,"tags=22%, list=12%, signal=19%","Ampd3/Impdh2/Aprt/Hprt1/Gmps"
"GO:0006767","GO:0006767","water-soluble vitamin metabolic process",26,-0.267476064924249,-0.894445837419576,0.605206073752712,0.789780233802181,0.656660841156788,1447,"tags=19%, list=15%, signal=16%","Gclc/Pdxk/Plpbp/Amn/Mmaa"
"GO:1904377","GO:1904377","positive regulation of protein localization to cell periphery",53,0.238540569825995,0.913586874825494,0.606382978723404,0.79067503000385,0.657404817267235,912,"tags=15%, list=10%, signal=14%","Egfr/Epha3/Pias1/Nrxn1/Cib1/Arhgef16/Arf6/Grip1"
"GO:0033344","GO:0033344","cholesterol efflux",29,0.270241777847048,0.90645794986194,0.606440071556351,0.79067503000385,0.657404817267235,1796,"tags=31%, list=19%, signal=25%","Srebf2/Eepd1/Apoa1/Npc2/Tsku/Egf/Nr1h3/Pon1/Yjefn3"
"GO:0032367","GO:0032367","intracellular cholesterol transport",23,-0.278792406343787,-0.895185145305881,0.607218683651805,0.791332437257932,0.657951416918596,1960,"tags=61%, list=21%, signal=48%","Ldlrap1/Nus1/Abcg1/Vps4a/Arl8b/Osbp/Syt7/Osbpl2/Vps53/Serac1/Vps51/Tpcn2/Tmem97/Scp2"
"GO:0008306","GO:0008306","associative learning",95,-0.20803879720415,-0.931191864344977,0.609977324263039,0.794182633536637,0.660321205634156,2615,"tags=34%, list=28%, signal=25%","Ndrg4/Grin1/Drd5/Pgrmc1/Lgmn/Oprk1/Tuba1a/Rgs14/Zzef1/Snap25/Specc1/Btg2/Elavl4/Ddhd2/Shank3/Kras/Comt/Pianp/Abcc8/Ric8a/Cck/Ckap5/Nf1/Reln/Ift20/Tpbg/Ppt1/Neurod2/Fos/Kit/Tac1/Oprl1"
"GO:0060261","GO:0060261","positive regulation of transcription initiation by RNA polymerase II",49,-0.23577207538851,-0.919660582122623,0.60981308411215,0.794182633536637,0.660321205634156,3299,"tags=43%, list=35%, signal=28%","Med15/Med30/Med14/Med26/Gtf2a1/Med20/Taf13/Psmc6/Med22/Med31/Med12/Med7/Taf10/Taf11/Med28/Med13/Taf12/Gtf2a2/Med17/Taf7/Med9"
"GO:0006536","GO:0006536","glutamate metabolic process",24,-0.277132236656523,-0.898414389710017,0.61038961038961,0.794182633536637,0.660321205634156,818,"tags=38%, list=9%, signal=34%","Bloc1s6/Got1/Asl/Gclc/Aldh5a1/Oat/Got2/Glul/Aadat"
"GO:0031663","GO:0031663","lipopolysaccharide-mediated signaling pathway",27,0.271232957400871,0.89419392571848,0.610507246376812,0.794182633536637,0.660321205634156,1231,"tags=19%, list=13%, signal=16%","Sash1/Tut4/Irak2/Prkca/Spi1"
"GO:0050435","GO:0050435","amyloid-beta metabolic process",37,0.256721230195739,0.91428175301132,0.611721611721612,0.795403574483827,0.66133635399451,766,"tags=16%, list=8%, signal=15%","Bace2/Lrrtm3/Epha4/Spon1/Rock1/Lrp4"
"GO:0061744","GO:0061744","motor behavior",27,0.270353083654724,0.891293180297484,0.61231884057971,0.79582133223609,0.661683697654505,2379,"tags=37%, list=25%, signal=28%","Pmp22/Nr3c1/Ext1/Vps54/Mfsd2a/Dpp4/Kcnq2/Kcnq3/Bcl7a/Ormdl1"
"GO:1905476","GO:1905476","negative regulation of protein localization to membrane",28,-0.264376261053012,-0.896248031572806,0.613483146067416,0.796975402368661,0.662643246439817,2335,"tags=43%, list=25%, signal=32%","Lypla1/Ngdn/Csk/Wnk4/Dmtn/Tmem59/Mrap2/Tmed2/Ogt/Ap2m1/Cltc/Inpp5k"
"GO:0001655","GO:0001655","urogenital system development",41,0.254952832694354,0.927760113562506,0.614828209764919,0.798363150365612,0.663797086113171,2111,"tags=32%, list=22%, signal=25%","Gli3/Rxra/Igf1r/Sox9/Cyp7b1/Acvr1/Fgfr2/Ube3a/Wdr77/Mmp2/Esr2/Acd/Frs2"
"GO:0044703","GO:0044703","multi-organism reproductive process",110,-0.20445868693739,-0.93443429137429,0.616091954022989,0.798719596041568,0.664093451997479,1405,"tags=21%, list=15%, signal=18%","Ints1/Trim28/Comt/Aplf/Tmed2/Arhgdib/Umps/Stc2/Ube2a/Ppard/Ctsb/Kpna6/Rsph14/Adra2a/Hspe1-rs1/Acvr1b/Sod1/Acod1/Dcaf13/Lamb1/Errfi1/Rsph1/Fos"
"GO:0051092","GO:0051092","positive regulation of NF-kappaB transcription factor activity",61,0.234686512613406,0.923257962751498,0.615798922800718,0.798719596041568,0.664093451997479,1784,"tags=23%, list=19%, signal=19%","Prkd1/Trappc9/Cib1/Irak2/Clock/Trim8/Tfrc/Mid2/Trim25/Nts/Erc1/Card9/Tirap/Lrrfip2"
"GO:0043467","GO:0043467","regulation of generation of precursor metabolites and energy",86,0.220033464202651,0.921783660713917,0.616341030195382,0.798719596041568,0.664093451997479,1548,"tags=20%, list=16%, signal=17%","Zbtb20/Tmem135/Phka1/Ppargc1a/Hdac4/Ep300/Rbpj/Ppp1r3c/Grb10/Hif1a/Prdm16/Slc4a4/Ppara/Phkb/Mtch2/Cxxc5/Cbfa2t3"
"GO:0043297","GO:0043297","apical junction assembly",30,0.268090727432103,0.906510246962558,0.616487455197133,0.798719596041568,0.664093451997479,1427,"tags=23%, list=15%, signal=20%","Pecam1/Pard3/Rock1/Vcl/Abi2/Afdn/Tjp1"
"GO:0030851","GO:0030851","granulocyte differentiation",29,0.268687777757576,0.901245448129565,0.615384615384615,0.798719596041568,0.664093451997479,1669,"tags=24%, list=18%, signal=20%","Cul4a/Lef1/Runx1/Prdm16/Spi1/Cbfa2t3/Jagn1"
"GO:0002832","GO:0002832","negative regulation of response to biotic stimulus",54,0.237216189330838,0.915108234103359,0.617283950617284,0.799033623689518,0.664354549516287,1902,"tags=28%, list=20%, signal=22%","Tap1/Stat2/Tap2/Adar/Samhd1/Htra1/Usp38/Gigyf2/Smpdl3b/Grn/Itch/Parp14/Traf3ip1/Zdhhc18/Usp15"
"GO:0042181","GO:0042181","ketone biosynthetic process",31,-0.255405684286193,-0.898116466603263,0.617256637168142,0.799033623689518,0.664354549516287,706,"tags=32%, list=7%, signal=30%","Coq2/Sirt6/Rtn4ip1/Pdss1/Coq9/Egr1/Coq8a/Coq7/Cyp19a1/Scp2"
"GO:0060441","GO:0060441","epithelial tube branching involved in lung morphogenesis",24,0.281655875864889,0.899072483818795,0.618518518518518,0.800272502201618,0.665384612021055,1518,"tags=33%, list=16%, signal=28%","Yap1/Ext1/Sox9/Spry2/Celsr1/Vangl2/Rdh10/Fgfr2"
"GO:0010658","GO:0010658","striated muscle cell apoptotic process",39,0.254589392742381,0.917963029842943,0.620253164556962,0.802157007435999,0.66695147928287,392,"tags=10%, list=4%, signal=10%","Qki/Hey2/Bcl2/Atg7"
"GO:0006352","GO:0006352","DNA-templated transcription initiation",130,-0.197203084228874,-0.92874434019162,0.621749408983452,0.802652325652764,0.667363310401123,2095,"tags=32%, list=22%, signal=25%","Gtf3c5/Gtf2e2/Med22/Med31/Eloa/Dr1/Jun/Tfam/Tfb2m/Gtf2b/Ctnnbip1/Crcp/L3mbtl3/Smarca5/Med12/Med7/Ash2l/Kdm1b/Taf10/N6amt1/Taf11/Ubtf/Polr2d/Glyr1/Med28/Kdm1a/Med13/Taf12/Smarcb1/Gtf2a2/Gtf2h5/Med17/Eloc/Polrmt/Egr1/Snapc5/Rbbp5/Taf7/Med9/Rrn3/Wbp2"
"GO:1905897","GO:1905897","regulation of response to endoplasmic reticulum stress",58,-0.221138959107064,-0.903093690990434,0.621621621621622,0.802652325652764,0.667363310401123,3547,"tags=53%, list=37%, signal=34%","Ern1/Serinc3/Herpud1/Pdia6/Rnft1/Bak1/Tmem67/Mbtps2/Xbp1/Bcl2l1/Ufl1/Ptpn1/Tmem33/Manf/Nfe2l1/Txndc12/Park7/Alox5/Usp13/Stub1/Tmem259/Lrrk2/Usp14/Ubxn2a/Ficd/Sgta/Dnajb9/Atxn3/Cops5/Usp19/Bok"
"GO:0050829","GO:0050829","defense response to Gram-negative bacterium",22,0.283969458781922,0.89364174680315,0.621722846441948,0.802652325652764,0.667363310401123,416,"tags=14%, list=4%, signal=13%","B2m/Prkd1/Dmbt1"
"GO:0009066","GO:0009066","aspartate family amino acid metabolic process",30,-0.257417284936226,-0.89268232147848,0.621621621621622,0.802652325652764,0.667363310401123,2715,"tags=47%, list=29%, signal=33%","Tdh/Mthfd2l/Nat8l/Mthfr/Adss2/Dlst/Got1/Enoph1/Asns/Asrgl1/Gcat/Got2/Aadat/Nit2"
"GO:0097722","GO:0097722","sperm motility",98,-0.205569176800422,-0.925530271036449,0.623608017817372,0.803363871066134,0.667954923092435,2805,"tags=30%, list=30%, signal=21%","Tekt1/Nme7/Celf3/Rgn/Pithd1/Dnali1/Efhc1/Neurl1a/Vdac3/Tuba1a/Ccdc39/Cfap70/Ift88/Rsph3b/Cfap20/Dnaaf6/Cfap69/Enkur/Slc9b1/Anxa5/Spag6l/Rsph14/Tubb4b/Cox7b2/Slirp/Rsph1/Tac1/Ube2b/Spag16"
"GO:0061640","GO:0061640","cytoskeleton-dependent cytokinesis",82,-0.210306367416418,-0.921832352009702,0.622767857142857,0.803363871066134,0.667954923092435,1392,"tags=21%, list=15%, signal=18%","Chmp7/Arf1/Exoc8/Chmp1a/Orc4/Rab11fip3/Actr2/Septin5/Vps4b/Stmn1/Chmp5/Chmp2b/Rab35/Mtmr4/Rhob/Chmp2a/Stambp"
"GO:0051250","GO:0051250","negative regulation of lymphocyte activation",63,0.230993074635022,0.916709733207874,0.623674911660777,0.803363871066134,0.667954923092435,1957,"tags=29%, list=21%, signal=23%","Rc3h1/Gli3/Mad1l1/Fas/Runx1/Cd74/Pde5a/Pawr/Itch/Atm/Scrib/Socs5/Cbfb/Pag1/Marchf7/Irf1/Cblb/Laptm5"
"GO:1903578","GO:1903578","regulation of ATP metabolic process",49,0.236840335746449,0.898882229715943,0.623693379790941,0.803363871066134,0.667954923092435,1808,"tags=27%, list=19%, signal=22%","Zbtb20/Prkn/Ppargc1a/Hdac4/Ep300/Hif1a/Slc4a4/Ppara/Mtch2/Cbfa2t3/Mtor/Bend3/Prkag1"
"GO:1903115","GO:1903115","regulation of actin filament-based movement",25,-0.269335661076873,-0.886600342125896,0.623655913978495,0.803363871066134,0.667954923092435,1020,"tags=36%, list=11%, signal=32%","Atp2a2/Ptger3/Hcn4/Dlg1/Jup/Bin1/Sri/Pkp2/Myh7b"
"GO:0045732","GO:0045732","positive regulation of protein catabolic process",144,-0.196260894765897,-0.933805935689062,0.62589928057554,0.803692575770194,0.6682282238136,2143,"tags=27%, list=23%, signal=21%","Sirt6/Usp13/Tiparp/Csnk1e/Mapk8/Ppp2r3a/Zer1/Dda1/Stub1/Tmem259/Msn/Prickle1/Lrrk2/Rack1/Gclc/Sorl1/Sec22b/Atg4b/Ubxn2a/Cd81/Nsf/Trim32/Fbxl5/Sgsm3/Adra2a/Sgta/Rnf41/Fzr1/Zyg11b/Pabir1/Ddb1/Gga3/Oaz1/Atxn3/Dnajb2/Snx1/Vps11/Vps35/Lrp1"
"GO:0070371","GO:0070371","ERK1 and ERK2 cascade",186,0.19722666813189,0.931014828214375,0.625210084033613,0.803692575770194,0.6682282238136,1562,"tags=20%, list=16%, signal=17%","Dennd2b/Necab2/Erbb4/Garem1/Egfr/Spred1/Calcr/Phlpp1/Nrxn1/Cib1/Epha4/Fgf18/Sstr4/Pdgfd/Ptprc/Spred2/Sox9/Grb10/Cd74/Itgb1bp1/Prkca/Fgfr3/Mfhas1/Ddr2/Pde8a/Dab2ip/Abl1/Wnk2/Ngf/Nherf1/Pdgfrb/Spry2/Egf/Ptprr/Rasgrp1/Cckbr/Fgfr2/Card9"
"GO:0000910","GO:0000910","cytokinesis",124,0.20612905603768,0.922023959164731,0.625215889464594,0.803692575770194,0.6682282238136,1685,"tags=22%, list=18%, signal=18%","Atxn10/Exoc4/Spire1/Septin9/Cdc14a/Wnk1/Kif13a/Igf1r/Septin11/Rock1/Map9/Arf6/Unc119/Rab11fip4/Diaph3/Pkp4/Svil/Exoc2/Kif20b/Kif14/Usp8/Ist1/Klhl21/Kif4/Exoc6/Luzp1/Prkce"
"GO:1900542","GO:1900542","regulation of purine nucleotide metabolic process",53,-0.227744315200596,-0.907207596588483,0.625570776255708,0.803692575770194,0.6682282238136,1140,"tags=21%, list=12%, signal=18%","Uchl1/Eno1/Ogt/Eif6/Ndufc2/Dnm1l/Rd3/Ppp2ca/Map2k1/Tmsb4x/Esrrb"
"GO:0140719","GO:0140719","constitutive heterochromatin formation",36,0.256564428184255,0.903728018755588,0.62453531598513,0.803692575770194,0.6682282238136,1925,"tags=31%, list=20%, signal=24%","Atf7ip/Resf1/Ehmt1/Rif1/Ezh2/Mphosph8/Tdrd9/Tdrd12/Bend3/Baz2a/Pphln1"
"GO:0044091","GO:0044091","membrane biogenesis",43,-0.233415149805274,-0.892470949107484,0.625835189309577,0.803692575770194,0.6682282238136,2118,"tags=33%, list=22%, signal=25%","Psap/Brox/Chmp4b/Chmp3/Chmp7/Chmp1a/Ubxn2a/Ilk/Vps4b/Pacsin2/Chmp5/Chmp2b/Nsfl1c/Chmp2a"
"GO:0014075","GO:0014075","response to amine",27,0.268581420955711,0.885452407704579,0.625,0.803692575770194,0.6682282238136,757,"tags=15%, list=8%, signal=14%","Kcnc1/Kcnc2/Ppp3ca/Ppp1r1b"
"GO:0051259","GO:0051259","protein complex oligomerization",160,0.200862481072157,0.925300104187839,0.626736111111111,0.804298171589311,0.66873174497425,1274,"tags=17%, list=13%, signal=15%","B2m/Kcnc1/Slc1a2/Kctd8/Kcnc2/Ninj1/Adcy8/Slc31a1/Kcnj12/Pkd1/Atl2/Kcnd2/Ski/Elavl1/Nacc2/Samhd1/Cd74/Chp1/Gls/Appl2/Rbmxl1/Kctd1/Prmt8/Cpsf7/Syt1/Polq/Col1a2"
"GO:1990090","GO:1990090","cellular response to nerve growth factor stimulus",43,0.249651115374609,0.918817670420014,0.62748643761302,0.804298171589311,0.66873174497425,2447,"tags=40%, list=26%, signal=29%","Gad2/Magi2/Cib1/Foxo3/Arf6/Grip1/Bdnf/Ngf/Cdc5lrt1/Usp8/Ube3a/Rapgef1/Gria1/Gria2/Braf/Rapgef2/Ntf3"
"GO:0097720","GO:0097720","calcineurin-mediated signaling",38,0.255021378586693,0.913636464499748,0.627056672760512,0.804298171589311,0.66873174497425,2011,"tags=29%, list=21%, signal=23%","Nfatc1/Cib1/Ppp3ca/Nfatc3/Chp1/Homer2/Nfat5/Slc9a1/Mtor/Ptbp1/Camta1"
"GO:2000134","GO:2000134","negative regulation of G1/S transition of mitotic cell cycle",35,0.257911135399443,0.903452992732541,0.627306273062731,0.804298171589311,0.66873174497425,3208,"tags=49%, list=34%, signal=32%","Bcl2/Gigyf2/Ezh2/Myo16/Ctdspl/Acvr1/Rbl1/Ctdsp1/Brd7/Wac/Dcun1d3/Cdk2ap2/Prkdc/Cdc73/Jade1/Rbl2/Cacnb4"
"GO:0009112","GO:0009112","nucleobase metabolic process",21,-0.281026543360841,-0.880640762474054,0.628205128205128,0.804861656927405,0.669200253478586,2505,"tags=33%, list=26%, signal=25%","Cps1/Aldh6a1/Rrm1/Kdm1a/Umps/Aprt/Hprt1"
"GO:1903825","GO:1903825","organic acid transmembrane transport",92,0.216824699747272,0.922706873837687,0.628571428571429,0.804973357015986,0.669293126243673,2470,"tags=29%, list=26%, signal=22%","Slc6a11/Slc1a2/Slc26a7/Slc27a1/Slc13a5/Epm2a/Slc25a21/Ntsr1/Nat3/Slc16a7/Ttyh3/Lrp2/Slc38a1/Slc1a4/Slc25a26/Prkcd/Slc25a32/Slc6a7/Slc7a10/Slc6a9/Slc2a1/Slc13a3/Abcd4/Grik1/Agt/Slc23a2/Itgb1"
"GO:0060294","GO:0060294","cilium movement involved in cell motility",101,-0.204051184655261,-0.922352345290605,0.6289592760181,0.805070728913259,0.669374085869189,2805,"tags=30%, list=30%, signal=21%","Tekt1/Nme7/Celf3/Rgn/Dnah7b/Dnali1/Efhc1/Neurl1a/Vdac3/Tuba1a/Ccdc39/Cfap70/Ift88/Rsph4a/Rsph3b/Cfap20/Dnaaf6/Cfap69/Enkur/Slc9b1/Anxa5/Spag6l/Rsph14/Dnah12/Tubb4b/Slirp/Rsph1/Tac1/Ube2b/Spag16"
"GO:0110020","GO:0110020","regulation of actomyosin structure organization",76,-0.210959826502696,-0.914029343636704,0.629385964912281,0.805070728913259,0.669374085869189,815,"tags=13%, list=9%, signal=12%","Sorbs3/Sdc4/Stmn1/Rac1/Ccn2/Coro2b/Pfn2/Tac1/Inpp5k/Nrp1"
"GO:0071470","GO:0071470","cellular response to osmotic stress",32,0.260765354549166,0.89557732758387,0.629764065335753,0.805070728913259,0.669374085869189,601,"tags=12%, list=6%, signal=12%","Ninj1/Wnk1/Nlk/Clcn2"
"GO:1903573","GO:1903573","negative regulation of response to endoplasmic reticulum stress",32,0.260633812526972,0.895125557244573,0.629764065335753,0.805070728913259,0.669374085869189,1983,"tags=25%, list=21%, signal=20%","Lpcat3/Prkn/Nck2/Akt3/Nr1h3/Creb3l1/Crebrf/Usp25"
"GO:0002534","GO:0002534","cytokine production involved in inflammatory response",28,0.265313025700226,0.881522047753201,0.63016157989228,0.805221974483534,0.669499838628181,1911,"tags=29%, list=20%, signal=23%","Rap1gds1/Hif1a/Appl2/Ppara/Ezh2/Mapk9/Card9/Apod"
"GO:0034643","GO:0034643","establishment of mitochondrion localization, microtubule-mediated",20,-0.288249200643661,-0.887972469047276,0.631004366812227,0.805228581365691,0.66950533190417,1619,"tags=25%, list=17%, signal=21%","Ubb/Actr10/Uchl1/Mapt/Hsbp1"
"GO:0047497","GO:0047497","mitochondrion transport along microtubule",20,-0.288249200643661,-0.887972469047276,0.631004366812227,0.805228581365691,0.66950533190417,1619,"tags=25%, list=17%, signal=21%","Ubb/Actr10/Uchl1/Mapt/Hsbp1"
"GO:0014014","GO:0014014","negative regulation of gliogenesis",33,0.255601224688114,0.886424394073795,0.630712979890311,0.805228581365691,0.66950533190417,1894,"tags=27%, list=20%, signal=22%","Dab1/Fas/Ski/Fgfr3/Daam2/Gpr37l1/Idh2/Lingo1/Sirt2"
"GO:1901988","GO:1901988","negative regulation of cell cycle phase transition",169,0.200155830247603,0.931025219867723,0.631313131313131,0.805266285142446,0.669536680617013,2133,"tags=26%, list=23%, signal=21%","Bcl2/Eme2/Arhgap33os/Cul4a/D7Ertd443e/Mad1l1/Gnb1l/Taok1/Mtbp/Fbxo5/Clock/Gigyf2/Diaph3/Foxn3/Brca1/Prox1/Dtx3l/Pinx1/Ints7/Ezh2/Myo16/Cdc5lrt1/Cenpe/Rad50/Ercc6/Taok3/Ctdspl/Acvr1/Atm/Rbl1/Ctdsp1/Rnaseh2b/Ndc80/Rbbp8/Cdk5rap2/Bub1b/Creb3l1/Xrcc3/Nbn/Brd7/Usp47/Xpc/Atf2/Wac"
"GO:0051017","GO:0051017","actin filament bundle assembly",124,0.205419156816585,0.918848550015608,0.632124352331606,0.805944576535965,0.670100644334962,2535,"tags=35%, list=27%, signal=26%","Prkn/Spire1/Ush1c/Fam171a1/Carmil1/Clasp1/Itgb1bp1/Apoa1/Aif1l/Diaph3/Mtss1/Ccdc88a/Eps8/Alms1/Abl1/Ppfia1/Swap70/Rhpn2/Pawr/Dlc1/Tjp1/Clasp2/Itgb5/Luzp1/Mtor/Tacr1/Wnt4/Zeb2/Dbn1/Myh10/S1pr1/Arhgap28/Prkcq/Hsp90b1/Ppm1e/Rhpn1/Tnfaip1/Srf/Braf/Add1/Fhdc1/Phactr1/Kank4/Rock2"
"GO:0006402","GO:0006402","mRNA catabolic process",176,0.199230027811073,0.935083505726627,0.634517766497462,0.806855925299242,0.670858383032219,2395,"tags=31%, list=25%, signal=24%","Qki/Tut4/Rc3h1/Zhx2/Calcr/Rbm24/Igf2bp3/Rbm47/Tnrc6b/Cnot2/Pan3/Igf2bp1/Rock1/Alkbh5/Elavl1/Pum2/Rbm33/Cpeb3/Tnrc6a/Ago4/Larp4b/Thrap3/Hbs1l/Gigyf2/Dcp1b/Upf2/Tnrc6c/Celf1/Ago3/Brf1/Tent4a/Atm/Dcp1a/Axin2/Senp1/Smg7/Samd4/Mtor/Tirap/Ptbp1/Tardbp/Fto/Pcbp4/Upf3b/Vegfa/Mov10/Hnrnpu/Nbas/Edc3/Rbm38/Fmr1/Tbrg4/Nrde2/Dis3l2/Smg6"
"GO:0007200","GO:0007200","phospholipase C-activating G protein-coupled receptor signaling pathway",66,0.229362847669234,0.915109664356253,0.633879781420765,0.806855925299242,0.670858383032219,1604,"tags=20%, list=17%, signal=16%","Adra1d/Agtr1b/Prkd1/Plcb4/Plce1/Bicd1/Dgkb/Plcb1/Nherf1/Grm5/Chrm3/Cckbr/Prkd3"
"GO:0014032","GO:0014032","neural crest cell development",54,0.235060457707983,0.906792074214961,0.6331569664903,0.806855925299242,0.670858383032219,1853,"tags=30%, list=20%, signal=24%","Erbb4/Bmpr1a/Sema5a/Efnb1/Sox9/Hif1a/Sema3g/Cdh2/Pax6/Rdh10/Acvr1/Sema4g/Sema3f/Tapt1/Zeb2/Ret"
"GO:0006140","GO:0006140","regulation of nucleotide metabolic process",54,-0.225899662107348,-0.903329907562573,0.63448275862069,0.806855925299242,0.670858383032219,1140,"tags=20%, list=12%, signal=18%","Uchl1/Eno1/Ogt/Eif6/Ndufc2/Dnm1l/Rd3/Ppp2ca/Map2k1/Tmsb4x/Esrrb"
"GO:0048477","GO:0048477","oogenesis",56,0.232343484909981,0.901553303501097,0.634103019538188,0.806855925299242,0.670858383032219,768,"tags=14%, list=8%, signal=13%","Bmpr1b/Pde3a/Tut4/Bcl2/Zfx/Foxo3/Plcb1/Fbxo5"
"GO:0050732","GO:0050732","negative regulation of peptidyl-tyrosine phosphorylation",30,0.265481375308438,0.897687097946205,0.634408602150538,0.806855925299242,0.670858383032219,2447,"tags=37%, list=26%, signal=27%","Pecam1/Ptprc/Parp14/Socs5/Zfyve28/Prkcd/Traf3ip1/Irf1/Pibf1/Zgpat/Ntf3"
"GO:1990573","GO:1990573","potassium ion import across plasma membrane",24,0.276095524454843,0.881323310513659,0.635185185185185,0.807348644369358,0.671268053096357,1112,"tags=17%, list=12%, signal=15%","Wnk1/Kcnj12/Kcne2/Wnk2"
"GO:0009062","GO:0009062","fatty acid catabolic process",69,-0.217338686185883,-0.912764300049014,0.635535307517084,0.807437809197917,0.67134218897469,1127,"tags=23%, list=12%, signal=21%","Hadhb/Cpt1a/Acat1/Slc25a17/Abhd2/Acot7/Acaa1b/Tysnd1/Irs2/Ppard/Nudt7/Acadl/Dbi/Hadha/Crat/Scp2"
"GO:0140058","GO:0140058","neuron projection arborization",30,0.264693355167226,0.895022521145417,0.636200716845878,0.807927286386399,0.671749163584282,2713,"tags=47%, list=29%, signal=33%","Myo9a/Igf2bp1/Rock1/Grip1/Lrp2/Mfsd2a/Afdn/Mov10/Sema3a/Bcl7a/Phactr1/Cntnap2/Wnt5a/Zfp365"
"GO:0010569","GO:0010569","regulation of double-strand break repair via homologous recombination",53,0.233767082028811,0.895304886978195,0.636524822695035,0.807983093597043,0.671795564352896,1391,"tags=23%, list=15%, signal=19%","Arid2/Shld2/Rif1/Crebbp/Actl6a/Spidr/Abl1/Polq/Epc1/Smchd1/Ing3/Ercc6"
"GO:0140962","GO:0140962","multicellular organismal-level chemical homeostasis",42,0.248768940735245,0.909483001049253,0.637184115523466,0.808464139537912,0.67219552882231,2576,"tags=40%, list=27%, signal=30%","Erbb4/B2m/Eif2ak1/Ext1/Neo1/Tfrc/Epas1/Nfat5/Btbd9/Tmem63a/Nkiras2/Vegfa/Ctsh/Htt/Lpcat1/Wfs1/Lipa"
"GO:0030595","GO:0030595","leukocyte chemotaxis",90,0.216604693373284,0.916155560544784,0.638146167557932,0.80904407951599,0.672677718496761,2068,"tags=26%, list=22%, signal=20%","Vav3/Tgfb2/Prex1/Ninj1/Wnk1/Ptk2/Nedd9/Cd74/Prkca/Cklf/Swap70/Spi1/Gbf1/Ptpro/Cyp7b1/Dpp4/Mospd2/Tirap/Rac2/Mmp2/S1pr1/Ano6/Vegfa"
"GO:0035196","GO:0035196","miRNA processing",28,-0.25718308595057,-0.871862827694651,0.638202247191011,0.80904407951599,0.672677718496761,2083,"tags=29%, list=22%, signal=22%","Ago2/Ago1/Stat3/Ddx3x/Ncbp2/Mettl3/Hnrnpa2b1/Ddx5"
"GO:0003333","GO:0003333","amino acid transmembrane transport",67,0.225259300575402,0.906130882726142,0.638790035587189,0.809433419434733,0.673001434218673,2470,"tags=28%, list=26%, signal=21%","Slc6a11/Slc1a2/Slc6a1/Epm2a/Ntsr1/Nat3/Ttyh3/Slc38a1/Slc1a4/Slc25a26/Prkcd/Slc6a7/Slc7a10/Slc6a9/Slc13a3/Slc38a10/Grik1/Agt/Itgb1"
"GO:0008406","GO:0008406","gonad development",135,0.202445554388495,0.916251459776832,0.64,0.810610452349583,0.673980075353073,818,"tags=13%, list=9%, signal=12%","Lfng/Six3/Bmpr1b/Tgfb2/Bcl2/Fndc3a/Nr2f2/Zfx/Foxo3/Rad21l/Arid4b/Atn1/Runx1/Akap9/Sox9/Ago4/Nrip1"
"GO:0051650","GO:0051650","establishment of vesicle localization",154,0.198906513164541,0.915570733379524,0.64041095890411,0.810774892659988,0.674116798846431,1679,"tags=21%, list=18%, signal=18%","Exoc4/Prkn/Ap1s2/Syt10/Smpd3/Trappc9/Atp9a/Kif13a/Unc13c/Kif1b/Borcs5/Unc13d/Clasp1/Trappc12/Chp1/Tcirg1/Map2/Dctn2/Exoc2/Wasl/Gbf1/Trip11/Rasgrp1/Kifc1/Clasp2/Scrib/Kif16b/Ap3m1/Fgfr2/Ppfia2/Ap3d1/Exoc6/Bloc1s2"
"GO:0047496","GO:0047496","vesicle transport along microtubule",38,0.250473199396203,0.897342213490129,0.641681901279707,0.812027469631714,0.675158250901907,1679,"tags=26%, list=18%, signal=22%","Kif13a/Kif1b/Borcs5/Map2/Rasgrp1/Kifc1/Kif16b/Ap3m1/Ap3d1/Bloc1s2"
"GO:0071174","GO:0071174","mitotic spindle checkpoint signaling",31,0.262011718402983,0.886766843206196,0.643636363636364,0.812362044957231,0.675436432736905,1896,"tags=29%, list=20%, signal=23%","Arhgap33os/Mad1l1/Mtbp/Cenpe/Atm/Ndc80/Cdk5rap2/Bub1b/Xrcc3"
"GO:0051385","GO:0051385","response to mineralocorticoid",21,0.281694604430249,0.876926563915401,0.642322097378277,0.812362044957231,0.675436432736905,700,"tags=19%, list=7%, signal=18%","Htr7/Nr3c2/Foxo3/Nr3c1"
"GO:0032728","GO:0032728","positive regulation of interferon-beta production",20,0.282057188837593,0.870720043993554,0.643382352941177,0.812362044957231,0.675436432736905,758,"tags=15%, list=8%, signal=14%","Zbtb20/Irf7/Polr3f"
"GO:0044546","GO:0044546","NLRP3 inflammasome complex assembly",22,-0.274144635243509,-0.869020607550706,0.643162393162393,0.812362044957231,0.675436432736905,2351,"tags=41%, list=25%, signal=31%","Dhx33/Mapk8/Eif2ak2/Ddx3x/Hspa8/Stmp1/Fbxl2/Ppp2ca/Lamp2"
"GO:0140632","GO:0140632","canonical inflammasome complex assembly",22,-0.274144635243509,-0.869020607550706,0.643162393162393,0.812362044957231,0.675436432736905,2351,"tags=41%, list=25%, signal=31%","Dhx33/Mapk8/Eif2ak2/Ddx3x/Hspa8/Stmp1/Fbxl2/Ppp2ca/Lamp2"
"GO:1900225","GO:1900225","regulation of NLRP3 inflammasome complex assembly",22,-0.274144635243509,-0.869020607550706,0.643162393162393,0.812362044957231,0.675436432736905,2351,"tags=41%, list=25%, signal=31%","Dhx33/Mapk8/Eif2ak2/Ddx3x/Hspa8/Stmp1/Fbxl2/Ppp2ca/Lamp2"
"GO:0070646","GO:0070646","protein modification by small protein removal",87,-0.208343038919732,-0.916818831216603,0.644646924829157,0.812992305092677,0.675960460982961,2323,"tags=32%, list=25%, signal=25%","Uchl5/Usp30/Otud1/Cops8/Park7/Usp13/Cops7a/Usp46/Uchl3/Psmd14/Senp7/Usp20/Cyld/Usp16/Mindy3/Otud3/Usp14/Abraxas2/Uchl1/Usp48/Gps1/Otub1/Cops4/Atxn3/Cops5/Dnajb2/Usp19/Stambp"
"GO:0008630","GO:0008630","intrinsic apoptotic signaling pathway in response to DNA damage",60,-0.220732912561835,-0.904130680241114,0.644796380090498,0.812992305092677,0.675960460982961,1508,"tags=20%, list=16%, signal=17%","Casp9/Ddit4/Kdm1a/Msh6/Trim32/Tpt1/Mif/Sod2/Rpl26/Bok/Polb/Chek2"
"GO:0038066","GO:0038066","p38MAPK cascade",36,0.25220589039049,0.888375412188469,0.644981412639405,0.812992305092677,0.675960460982961,2110,"tags=33%, list=22%, signal=26%","Sash1/Phlpp1/Fgfr3/Mfhas1/Dab2ip/Spi1/Map3k7/Nr2c2/Ulk4/Vegfa/Gsn/Atf2"
"GO:0000086","GO:0000086","G2/M transition of mitotic cell cycle",97,-0.203689094118019,-0.917372250029034,0.645739910313901,0.813237511504494,0.676164337253536,782,"tags=13%, list=8%, signal=12%","Abraxas1/Calm2/Syf2/Kcnh5/Vps4b/Cdc25a/Rint1/Fzr1/Pabir1/Ccna2/Rrm2b/Ctc1/Chek2"
"GO:2000736","GO:2000736","regulation of stem cell differentiation",59,0.229231319272554,0.894444232462191,0.64568345323741,0.813237511504494,0.676164337253536,1589,"tags=24%, list=17%, signal=20%","Sox5/Tgfb2/Yap1/Rbm24/Cdk6/Rest/Sox9/Cdk13/Chd4/Ezh2/Mtch2/Ncoa3/Tgfbr2/Sox6"
"GO:0007091","GO:0007091","metaphase/anaphase transition of mitotic cell cycle",65,0.226304102657863,0.901911652999711,0.646953405017921,0.814187455086747,0.676954165518508,2013,"tags=26%, list=21%, signal=21%","Arid1a/Arhgap33os/Arid2/Mad1l1/Pbrm1/Fbxo5/Actl6a/Dpf3/Smarcd2/Cenpe/Hecw2/Atm/Ndc80/Cdk5rap2/Bub1b/Xrcc3/Brd7"
"GO:2000300","GO:2000300","regulation of synaptic vesicle exocytosis",46,-0.231466090428677,-0.890795695819366,0.647058823529412,0.814187455086747,0.676954165518508,1709,"tags=24%, list=18%, signal=20%","Htr1b/Snap29/Lrrk2/Rab3a/Tprg1l/Prkcb/Dnm1l/Vps18/Slc4a8/Pfn2/Sv2b"
"GO:0071711","GO:0071711","basement membrane organization",29,-0.250843980850663,-0.861000880396932,0.647855530474041,0.814834430827359,0.677492091913542,1626,"tags=31%, list=17%, signal=26%","Lama2/Prickle1/Lamc1/Fkrp/Ric8a/Pomgnt1/Col4a1/Lamb1/Nid1"
"GO:0072344","GO:0072344","rescue of stalled ribosome",31,-0.249743045938449,-0.878204189557664,0.648230088495575,0.814950119974385,0.677588281371505,906,"tags=16%, list=10%, signal=15%","Zfp598/Abce1/Ltn1/Gcn1/Ufsp2"
"GO:0043123","GO:0043123","positive regulation of canonical NF-kappaB signal transduction",81,0.218985781170198,0.907365397029347,0.648550724637681,0.814997947649269,0.677628047574653,1845,"tags=27%, list=19%, signal=22%","Prkn/Prkd1/Lims1/Cd74/Ankrd17/Trim8/Dab2ip/Tfrc/Abl1/Akap13/Mid2/Trim25/Ube2i/Eda/Map3k7/Chuk/Tab3/Nfat5/Card9/Prkce/Tirap/Tab2"
"GO:2000036","GO:2000036","regulation of stem cell population maintenance",53,0.232078711246635,0.888838593267402,0.648936170212766,0.815127140633108,0.677735464764662,1358,"tags=21%, list=14%, signal=18%","Arid1a/Yap1/Cnot2/Elavl1/Arid4b/Rest/Actl6a/Zc3h13/Tet1/Tead4/Ncoa3"
"GO:0030970","GO:0030970","retrograde protein transport, ER to cytosol",20,-0.281875220654649,-0.868336963603158,0.650655021834061,0.816574883798709,0.678939187274056,2614,"tags=35%, list=28%, signal=25%","Yod1/Rhbdd1/Ufd1/Sel1l/Derl1/Edem2/Sec61b"
"GO:1903513","GO:1903513","endoplasmic reticulum to cytosol transport",20,-0.281875220654649,-0.868336963603158,0.650655021834061,0.816574883798709,0.678939187274056,2614,"tags=35%, list=28%, signal=25%","Yod1/Rhbdd1/Ufd1/Sel1l/Derl1/Edem2/Sec61b"
"GO:1903312","GO:1903312","negative regulation of mRNA metabolic process",64,0.225303604206099,0.896954744921382,0.651865008880995,0.817609298746532,0.679799249049055,2661,"tags=42%, list=28%, signal=31%","Qki/Rbm24/Igf2bp3/Rbm47/Igf2bp1/Elavl1/Larp4b/Thrap3/Srsf7/Rbmxl1/Tent4a/Axin2/Mtor/Tirap/Ptbp1/Tardbp/Pcbp4/Sfswap/Vegfa/Hnrnpu/Nbas/Rbm38/Nrde2/Dyrk1a/Dicer1/Tent5a/Hnrnpd"
"GO:0010469","GO:0010469","regulation of signaling receptor activity",58,0.229568199841724,0.893251962512893,0.652329749103943,0.817609298746532,0.679799249049055,1521,"tags=22%, list=16%, signal=19%","Lrp8/Adrb2/Calcr/Cacng4/Hif1a/Shisa9/Begain/Ankrd13c/Ppara/Tafa1/Socs5/Zfyve28/Cacng2"
"GO:0032435","GO:0032435","negative regulation of proteasomal ubiquitin-dependent protein catabolic process",27,0.261744204224474,0.862911645223208,0.652173913043478,0.817609298746532,0.679799249049055,2264,"tags=33%, list=24%, signal=25%","Mtm1/Usp38/Phf20l1/Senp1/Fhit/Clec16a/Tlk2/Wac/Taf9"
"GO:0007218","GO:0007218","neuropeptide signaling pathway",36,-0.243334746116536,-0.883940847541537,0.65301724137931,0.818115431858354,0.680220072185317,667,"tags=14%, list=7%, signal=13%","Npy5r/Glrb/Sort1/Tac1/Oprl1"
"GO:0006278","GO:0006278","RNA-templated DNA biosynthetic process",40,-0.235849859543241,-0.87839339504913,0.654017857142857,0.818657769097222,0.680670997154344,2384,"tags=30%, list=25%, signal=23%","Tent4b/Cct5/Nat10/Nhp2/Tnks/Gar1/Cct2/Cct4/Ctnnb1/Cct8/Ptges3/Ctc1"
"GO:0007004","GO:0007004","telomere maintenance via telomerase",40,-0.235849859543241,-0.87839339504913,0.654017857142857,0.818657769097222,0.680670997154344,2384,"tags=30%, list=25%, signal=23%","Tent4b/Cct5/Nat10/Nhp2/Tnks/Gar1/Cct2/Cct4/Ctnnb1/Cct8/Ptges3/Ctc1"
"GO:0060390","GO:0060390","regulation of SMAD protein signal transduction",29,0.260544077532183,0.873929457724935,0.65474060822898,0.819206904178906,0.681127574173133,1599,"tags=24%, list=17%, signal=20%","Tgfb2/Bmpr1a/Smad6/Ski/Tgfbr2/Acvr1/Bmpr2"
"GO:0006289","GO:0006289","nucleotide-excision repair",48,0.237333026806394,0.891166936720256,0.656529516994633,0.821088953604736,0.682692399558942,2340,"tags=29%, list=25%, signal=22%","Arid1a/Arid2/Cul4a/Pbrm1/Actl6a/Dpf3/Smarcd2/Ercc6/Rpa1/Brip1/Brd7/Xpc/Phf10/Bcl7a"
"GO:1901976","GO:1901976","regulation of cell cycle checkpoint",31,-0.247605237767464,-0.870686734626434,0.657079646017699,0.821298736451915,0.682866822993453,403,"tags=13%, list=4%, signal=12%","Dync1li1/Cry1/Lcmt1/Chek2"
"GO:0045943","GO:0045943","positive regulation of transcription by RNA polymerase I",26,-0.26001953245467,-0.869511029025084,0.657266811279826,0.821298736451915,0.682866822993453,3809,"tags=58%, list=40%, signal=35%","Dek/Lyar/Mybbp1a/Actr6/Wdr43/Rasl11a/Pwp1/Dhx33/Nol11/Smarca5/Ippk/Ubtf/Sf3b1/Smarcb1/Ddx21"
"GO:0097529","GO:0097529","myeloid leukocyte migration",96,0.213144783083005,0.908508984506851,0.658407079646018,0.822367266218759,0.683755249451177,2068,"tags=27%, list=22%, signal=21%","Vav3/Pecam1/Tgfb2/Prex1/Ninj1/Ptk2/Pdgfd/Bcr/Plcb1/Cd74/Prkca/Cklf/Swap70/Spi1/Pawr/Gbf1/Ptpro/Dpp4/Jagn1/Mospd2/Tirap/Rac2/Mmp2/Ano6/Emp2/Vegfa"
"GO:0006195","GO:0006195","purine nucleotide catabolic process",89,0.216800668005678,0.912589014236204,0.660649819494585,0.823515207730061,0.684709702609343,1808,"tags=26%, list=19%, signal=21%","Zbtb20/Ppargc1a/Hdac4/Ep300/Pde7b/Pde7a/Samhd1/Pde10a/Hif1a/Tkfc/Pde8a/Slc4a4/Pde5a/Ppara/Foxk2/Nudt13/Mtch2/Cbfa2t3/Pde9a/Foxk1/Ogdh/Mtor/Prkag1"
"GO:1902459","GO:1902459","positive regulation of stem cell population maintenance",40,0.247968059336278,0.896232927388393,0.660649819494585,0.823515207730061,0.684709702609343,2340,"tags=32%, list=25%, signal=25%","Arid1a/Yap1/Arid4b/Rest/Actl6a/Tet1/Tead4/Ncoa3/Tead1/Arid4a/Sap130/Phf10/Bcl7a"
"GO:0039532","GO:0039532","negative regulation of cytoplasmic pattern recognition receptor signaling pathway",32,-0.245309533197513,-0.869629693117441,0.660753880266075,0.823515207730061,0.684709702609343,2450,"tags=38%, list=26%, signal=28%","Gpatch3/Aars2/Sec14l1/Ufd1/C1qbp/Hspa8/Ogt/Fbxl2/Lamp2/Riok3/Ppt1/Pcbp2"
"GO:0009303","GO:0009303","rRNA transcription",25,-0.263788222996242,-0.868339260468365,0.660215053763441,0.823515207730061,0.684709702609343,3152,"tags=48%, list=33%, signal=32%","Cavin1/Macroh2a2/Nop53/Polr1f/Pwp1/Nol11/Ippk/Ubtf/Smarcb1/Polr1d/Gtf2h5/Polr2e"
"GO:0050931","GO:0050931","pigment cell differentiation",26,0.26772264079399,0.864745579919184,0.659889094269871,0.823515207730061,0.684709702609343,2312,"tags=42%, list=24%, signal=32%","Bcl2/Gli3/Mlph/Ap3d1/Zeb2/Adamts20/Bloc1s5/Ankrd27/Ap1g1/Hps1/Kitl"
"GO:0032387","GO:0032387","negative regulation of intracellular transport",39,-0.23475836865371,-0.869223283518709,0.661469933184855,0.824051527993574,0.685155624778948,1297,"tags=18%, list=14%, signal=16%","Snx3/Rab23/Nf1/Mapt/Ufm1/Mtmr4/Vps35"
"GO:0098698","GO:0098698","postsynaptic specialization assembly",34,0.252099702160092,0.879807262273541,0.661764705882353,0.824062785736056,0.685164985001364,1101,"tags=21%, list=12%, signal=18%","Nrxn3/Grid2/Nrxn1/Lats1/Fgfr1/Ptprs/Abl1"
"GO:0048259","GO:0048259","regulation of receptor-mediated endocytosis",92,-0.204674746668862,-0.913279610520703,0.66289592760181,0.824497140655283,0.685526128335183,911,"tags=14%, list=10%, signal=13%","Ppp3r1/Nsf/Ccdc32/Ap2m1/Arrb1/Napb/Rab21/Ppt1/Pacsin1/Rabgef1/Dnajc6/Snap91/Lrp1"
"GO:0044839","GO:0044839","cell cycle G2/M phase transition",108,0.206339154260669,0.901588223219619,0.662608695652174,0.824497140655283,0.685526128335183,1812,"tags=24%, list=19%, signal=20%","Cdk14/Cenpf/Cdk6/Ush1c/D7Ertd443e/Lats1/Atad5/Taok1/Plcb1/Fbxo5/Foxn3/Brca1/Rcc2/Pinx1/Paxip1/Rad50/Taok3/Atm/Kif14/Akap8/Rnaseh2b/Ndc80/Rbbp8/Ccny/Mta3/Creb3l1"
"GO:0032365","GO:0032365","intracellular lipid transport",32,-0.244540242758717,-0.866902535312,0.662971175166297,0.824497140655283,0.685526128335183,3232,"tags=44%, list=34%, signal=29%","Vps4a/Arl8b/Tmem41b/Osbp/Syt7/Fabp3/Gramd1c/Osbpl2/Vps53/Serac1/Vps51/Tpcn2/Tmem97/Scp2"
"GO:0008585","GO:0008585","female gonad development",70,-0.211179621695008,-0.896701003408962,0.663716814159292,0.824713180540887,0.685705754168969,663,"tags=14%, list=7%, signal=13%","Casp3/Sod1/Eif2b5/Eif2b2/Rac1/Cebpb/Arrb1/Pdgfra/Kit/Cyp19a1"
"GO:1903409","GO:1903409","reactive oxygen species biosynthetic process",39,0.246318753986305,0.888141910708783,0.663652802893309,0.824713180540887,0.685705754168969,1359,"tags=18%, list=14%, signal=15%","Prkn/Fyn/Hdac4/Foxo3/Hif1a/Ppara/Gbf1"
"GO:1900744","GO:1900744","regulation of p38MAPK cascade",24,0.270792629237584,0.864395961990319,0.664814814814815,0.825721759658022,0.686544334805815,2782,"tags=50%, list=29%, signal=35%","Sash1/Phlpp1/Mfhas1/Dab2ip/Spi1/Ulk4/Vegfa/Gsn/Map3k3/Rell2/Stk39/Gadd45a"
"GO:0032147","GO:0032147","activation of protein kinase activity",40,0.246392158508493,0.890537136503308,0.666064981949459,0.826918384822315,0.687539265868032,2447,"tags=35%, list=26%, signal=26%","Tgfb2/Adcy8/Zfp91/Itgb1bp1/Ccdc88a/Abl1/Kif14/Prkcd/Angpt1/Emp2/Pibf1/Tpx2/Pdgfc/Ntf3"
"GO:0015813","GO:0015813","L-glutamate transmembrane transport",24,0.270530431460033,0.863559001616633,0.666666666666667,0.826953405017921,0.687568383323901,1373,"tags=21%, list=14%, signal=18%","Slc1a2/Epm2a/Ntsr1/Ttyh3/Slc1a4"
"GO:0007095","GO:0007095","mitotic G2 DNA damage checkpoint signaling",27,0.259985712573463,0.857114294606864,0.666666666666667,0.826953405017921,0.687568383323901,1904,"tags=30%, list=20%, signal=24%","D7Ertd443e/Taok1/Foxn3/Brca1/Taok3/Atm/Creb3l1/Nbn"
"GO:1901568","GO:1901568","fatty acid derivative metabolic process",25,0.270001794598193,0.867242084699987,0.66852886405959,0.828906811671478,0.689192538501945,1315,"tags=20%, list=14%, signal=17%","Far2/Elovl5/Elovl6/Gcdh/Hmgcl"
"GO:0043030","GO:0043030","regulation of macrophage activation",29,0.256646023633895,0.86085441813171,0.669051878354204,0.829198804114106,0.689435314903253,1697,"tags=21%, list=18%, signal=17%","Rora/Ttbk1/Mfhas1/Grn/Atm/Nr1h3"
"GO:1902473","GO:1902473","regulation of protein localization to synapse",24,0.269874272808918,0.861464480469416,0.67037037037037,0.830476008654703,0.690497243490552,1365,"tags=21%, list=14%, signal=18%","Kalrn/Magi2/Tnik/Gpc4/Gpc6"
"GO:0030330","GO:0030330","DNA damage response, signal transduction by p53 class mediator",33,0.247912941229126,0.8597614466841,0.670932358318099,0.830680019074869,0.69066686745476,2007,"tags=33%, list=21%, signal=26%","Spred1/Hipk2/Foxo3/Spred2/Cd74/Paxip1/Atm/Myo6/Marchf7/Sox4/Ndrg1"
"GO:0095500","GO:0095500","acetylcholine receptor signaling pathway",27,-0.249678597695315,-0.844432904243375,0.671111111111111,0.830680019074869,0.69066686745476,1345,"tags=22%, list=14%, signal=19%","Anxa7/Rgs8/Crkl/Cdk5r1/Prkcb/Chrm5"
"GO:0045806","GO:0045806","negative regulation of endocytosis",44,0.244114552079674,0.899015739051242,0.672131147540984,0.8315856840447,0.691419880375877,853,"tags=14%, list=9%, signal=12%","Necab2/Epha3/Atg7/Mtmr2/Scamp5/Unc119"
"GO:0008584","GO:0008584","male gonad development",82,-0.206811853599276,-0.906514908554424,0.674107142857143,0.831718294531463,0.691530139040321,1351,"tags=20%, list=14%, signal=17%","Ubb/Rrm1/Wdr48/Hmgb2/Fanca/Crkl/Nudt1/Tbc1d20/Nr0b1/Eif2s2/Rec8/Pdgfra/Kit/Bok/Tnfsf10/Nhlh2"
"GO:0046546","GO:0046546","development of primary male sexual characteristics",82,-0.206811853599276,-0.906514908554424,0.674107142857143,0.831718294531463,0.691530139040321,1351,"tags=20%, list=14%, signal=17%","Ubb/Rrm1/Wdr48/Hmgb2/Fanca/Crkl/Nudt1/Tbc1d20/Nr0b1/Eif2s2/Rec8/Pdgfra/Kit/Bok/Tnfsf10/Nhlh2"
"GO:1902749","GO:1902749","regulation of cell cycle G2/M phase transition",80,0.215655754284103,0.895899012884323,0.674377224199288,0.831718294531463,0.691530139040321,2065,"tags=28%, list=22%, signal=22%","Cenpf/Cdk6/D7Ertd443e/Atad5/Taok1/Fbxo5/Foxn3/Brca1/Rcc2/Pinx1/Paxip1/Rad50/Taok3/Atm/Kif14/Rnaseh2b/Rbbp8/Mta3/Creb3l1/Nbn/Prkcq/Usp47"
"GO:1902017","GO:1902017","regulation of cilium assembly",57,-0.219065322773967,-0.889327772916191,0.67420814479638,0.831718294531463,0.691530139040321,920,"tags=16%, list=10%, signal=14%","Rab11fip3/Ccp110/Trim32/Atmin/Ift20/Gdi2/Odf2/Arf4/Cdkl1"
"GO:0034205","GO:0034205","amyloid-beta formation",31,0.256227619434866,0.867190821133548,0.674545454545455,0.831718294531463,0.691530139040321,528,"tags=13%, list=6%, signal=12%","Lrrtm3/Epha4/Spon1/Rock1"
"GO:0070830","GO:0070830","bicellular tight junction assembly",23,-0.269240261111321,-0.864513798729231,0.673036093418259,0.831718294531463,0.691530139040321,791,"tags=17%, list=8%, signal=16%","Pkp2/Rac1/Pof1b/Actn4"
"GO:0009311","GO:0009311","oligosaccharide metabolic process",24,0.269260135711571,0.859504096139349,0.674074074074074,0.831718294531463,0.691530139040321,1564,"tags=29%, list=17%, signal=24%","St8sia1/Fut9/B3galt1/St6galnac3/St8sia2/St6galnac6/Mogs"
"GO:0048520","GO:0048520","positive regulation of behavior",24,0.269153788666162,0.859164626202964,0.674074074074074,0.831718294531463,0.691530139040321,2253,"tags=38%, list=24%, signal=29%","Penk/Hdac4/Mtnr1b/Cckbr/Mtor/Nr2c2/Gria1/Alb/Npas2"
"GO:0006821","GO:0006821","chloride transport",63,0.224230290931626,0.889871224502457,0.676678445229682,0.833279520086423,0.692828216204421,1373,"tags=19%, list=14%, signal=16%","Slc6a1/Gabrr2/Slc26a7/Gabrb2/Clcn2/Best3/Gabra1/Gabra2/Ttyh3/Gabrg1/Gabra4/Slc1a4"
"GO:0046627","GO:0046627","negative regulation of insulin receptor signaling pathway",28,-0.251752559346654,-0.853453085610479,0.676404494382022,0.833279520086423,0.692828216204421,1105,"tags=21%, list=12%, signal=19%","Rps6kb1/Grb14/Pip4k2b/Prkcb/Tsc2/Inpp5k"
"GO:0051693","GO:0051693","actin filament capping",26,0.263162682988795,0.850016891508798,0.676524953789279,0.833279520086423,0.692828216204421,1078,"tags=19%, list=11%, signal=17%","Carmil1/Add3/Sptb/Eps8/Svil"
"GO:0001894","GO:0001894","tissue homeostasis",161,0.197172973924924,0.908136462540164,0.679310344827586,0.833453364464975,0.692972758687208,1849,"tags=23%, list=20%, signal=19%","Adrb2/Bcl2/Egfr/Yap1/Tns3/Ush1c/Vstm4/Vps13b/Lrp6/Ldb2/Ext1/Sox9/Ppargc1b/Prkca/Tcirg1/Akt3/Gigyf2/Tfrc/Vps54/Abcc6/Mfsd2a/Pdgfrb/Ank/Iqcb1/Ercc6/Cep290/Tjp1/Tpp1/Scrib/Poc1b/Rpa1/Plekhm1/Creb1/Acaca/Rac2/Cracd/Zeb2"
"GO:0060249","GO:0060249","anatomical structure homeostasis",161,0.197172973924924,0.908136462540164,0.679310344827586,0.833453364464975,0.692972758687208,1849,"tags=23%, list=20%, signal=19%","Adrb2/Bcl2/Egfr/Yap1/Tns3/Ush1c/Vstm4/Vps13b/Lrp6/Ldb2/Ext1/Sox9/Ppargc1b/Prkca/Tcirg1/Akt3/Gigyf2/Tfrc/Vps54/Abcc6/Mfsd2a/Pdgfrb/Ank/Iqcb1/Ercc6/Cep290/Tjp1/Tpp1/Scrib/Poc1b/Rpa1/Plekhm1/Creb1/Acaca/Rac2/Cracd/Zeb2"
"GO:0042180","GO:0042180","ketone metabolic process",120,0.203718943533202,0.902342100555813,0.680212014134276,0.833453364464975,0.692972758687208,1894,"tags=26%, list=20%, signal=21%","Insig1/Ppargc1a/Ncor2/Elovl5/Scap/Srebf1/Mid1ip1/Clcn2/Pdss2/Prkg1/Rest/Sox9/Hsd3b4/Cd74/Dcaf5/Appl2/Brca1/Prox1/Ppara/Cnr1/Mfsd2a/Mapk9/Rdh10/Afmid/Creb1/Nr1h3/Tpk1/Mtor/Wnt4/Eif2ak3/Sirt2"
"GO:1903531","GO:1903531","negative regulation of secretion by cell",112,0.205516770794813,0.901073142678194,0.680284191829485,0.833453364464975,0.692972758687208,1280,"tags=16%, list=14%, signal=14%","Kalrn/Prkn/Il1rapl1/Atp9a/Pde3b/Foxo1/Htr7/Srebf1/Klf7/Ppp3ca/Prkg1/Rest/Bcr/Mtnr1b/Neo1/Cnr1/Spi1/Gnao1"
"GO:0033045","GO:0033045","regulation of sister chromatid segregation",71,0.221897319022213,0.897250657068699,0.680580762250454,0.833453364464975,0.692972758687208,2361,"tags=31%, list=25%, signal=23%","Arid1a/Arhgap33os/Arid2/Mad1l1/Pbrm1/Fbxo5/Actl6a/Dpf3/Smarcd2/Cenpe/Hecw2/Atm/Ndc80/Cdk5rap2/Bub1b/Mapk15/Xrcc3/Brd7/Hnrnpu/Phf10/Bcl7a/Nek6"
"GO:0043200","GO:0043200","response to amino acid",86,0.21278814889975,0.891430944652584,0.678507992895204,0.833453364464975,0.692972758687208,770,"tags=13%, list=8%, signal=12%","Prkn/Slc1a2/Fyn/Egfr/Zeb1/Cpeb4/Ep300/Igf1r/Sesn3/Pdgfd/Cpeb3"
"GO:0046425","GO:0046425","regulation of receptor signaling pathway via JAK-STAT",42,0.24261441444262,0.886982454855223,0.682310469314079,0.833453364464975,0.692972758687208,1853,"tags=24%, list=20%, signal=19%","Dab1/Erbb4/Ep300/Ptprc/Egf/Ercc6/Parp14/Traf3ip1/Irf1/Ret"
"GO:0008542","GO:0008542","visual learning",55,0.226324337640453,0.877686007194688,0.680140597539543,0.833453364464975,0.692972758687208,1776,"tags=24%, list=19%, signal=19%","Meis2/Ap1s2/Pias1/Atxn1/Tafa2/Ppp1r1b/Hif1a/Nts/Cacna1c/Tanc1/Creb1/Hrh2/Mtor"
"GO:0034248","GO:0034248","regulation of amide metabolic process",48,-0.225305818734139,-0.877471444987208,0.679458239277652,0.833453364464975,0.692972758687208,2381,"tags=31%, list=25%, signal=24%","Snca/Rtn4/Csnk1e/Sp1/Samd8/Gsap/Rack1/Sorl1/Rtn1/Sirt3/Bin1/Pdk1/Casp3/Gga3/Pdk4"
"GO:0086001","GO:0086001","cardiac muscle cell action potential",36,0.248191167605917,0.874233866949198,0.682156133828996,0.833453364464975,0.692972758687208,1949,"tags=28%, list=21%, signal=22%","Ank2/Kcnd2/Akap9/Kcne2/Cacna1c/Fgf13/Cacna2d1/Slmap/Ank3/Dmd"
"GO:0003254","GO:0003254","regulation of membrane depolarization",34,0.248782354057431,0.868229989761107,0.680147058823529,0.833453364464975,0.692972758687208,2159,"tags=35%, list=23%, signal=27%","B2m/Fgf12/Clcn2/Rbfox2/Ntsr1/Gclm/Cacna1c/Slmap/Creb1/Ank3/Fzd9/Alb"
"GO:0042149","GO:0042149","cellular response to glucose starvation",34,0.248474654193064,0.867156142497698,0.681985294117647,0.833453364464975,0.692972758687208,794,"tags=15%, list=8%, signal=14%","Bcl2/Cpeb4/Foxo3/Sesn3/Chka"
"GO:0016073","GO:0016073","snRNA metabolic process",37,-0.236083732715055,-0.860676045153943,0.682017543859649,0.833453364464975,0.692972758687208,3309,"tags=43%, list=35%, signal=28%","Snapc4/Ints10/Exosc8/Exosc7/Ints12/Toe1/Ints2/Nhp2/Exosc9/Ints14/Exosc3/Ints1/Ints8/Snapc5/Ints4/Ints11"
"GO:0086009","GO:0086009","membrane repolarization",30,0.254464717877141,0.860435854889779,0.681003584229391,0.833453364464975,0.692972758687208,3293,"tags=50%, list=35%, signal=33%","Ank2/Kcnd2/Akap9/Kcne2/Cacna2d1/Kcnip1/Atp1b1/Akap7/Akap6/Gja1/Slc24a4/Kcne4/Rnf207/Kcnj5/Cacna1d"
"GO:0006904","GO:0006904","vesicle docking involved in exocytosis",30,-0.246910441987765,-0.856246256367448,0.677927927927928,0.833453364464975,0.692972758687208,1364,"tags=27%, list=14%, signal=23%","Exoc8/Ralb/Tprg1l/Rab8a/Septin5/Vps18/Stxbp1/Vps11"
"GO:2000737","GO:2000737","negative regulation of stem cell differentiation",23,-0.266487211513064,-0.855673927023361,0.679405520169851,0.833453364464975,0.692972758687208,2037,"tags=30%, list=21%, signal=24%","Ccnk/Stat3/Prickle1/Hspa9/Nelfb/Tmsb4x/Esrrb"
"GO:0009167","GO:0009167","purine ribonucleoside monophosphate metabolic process",24,-0.263665710770694,-0.854758260848234,0.681818181818182,0.833453364464975,0.692972758687208,1120,"tags=25%, list=12%, signal=22%","Nt5e/Ampd3/Impdh2/Aprt/Hprt1/Gmps"
"GO:0015865","GO:0015865","purine nucleotide transport",22,-0.268991448257076,-0.852685341015965,0.681623931623932,0.833453364464975,0.692972758687208,2036,"tags=41%, list=21%, signal=32%","Panx1/Lrrc8a/Shoc2/Abcc5/Lrrc8b/Slc25a25/Slc25a17/Slc25a5/Calhm2"
"GO:0051503","GO:0051503","adenine nucleotide transport",22,-0.268991448257076,-0.852685341015965,0.681623931623932,0.833453364464975,0.692972758687208,2036,"tags=41%, list=21%, signal=32%","Panx1/Lrrc8a/Shoc2/Abcc5/Lrrc8b/Slc25a25/Slc25a17/Slc25a5/Calhm2"
"GO:0022602","GO:0022602","ovulation cycle process",30,0.253632758365205,0.857622703424782,0.682795698924731,0.833692970236632,0.693171978319238,818,"tags=13%, list=9%, signal=12%","Bmpr1b/Foxo3/Runx1/Nrip1"
"GO:0050830","GO:0050830","defense response to Gram-positive bacterium",24,0.267080983324765,0.852548033380106,0.683333333333333,0.833996332345888,0.693424208002019,548,"tags=12%, list=6%, signal=12%","B2m/Dmbt1/Gbp9"
"GO:0001539","GO:0001539","cilium or flagellum-dependent cell motility",102,-0.198601741598419,-0.900247837914077,0.684684684684685,0.834705428350913,0.694013784138762,2805,"tags=29%, list=30%, signal=21%","Tekt1/Nme7/Celf3/Rgn/Dnah7b/Dnali1/Efhc1/Neurl1a/Vdac3/Tuba1a/Ccdc39/Cfap70/Ift88/Rsph4a/Rsph3b/Cfap20/Dnaaf6/Cfap69/Enkur/Slc9b1/Anxa5/Spag6l/Rsph14/Dnah12/Tubb4b/Slirp/Rsph1/Tac1/Ube2b/Spag16"
"GO:0060285","GO:0060285","cilium-dependent cell motility",102,-0.198601741598419,-0.900247837914077,0.684684684684685,0.834705428350913,0.694013784138762,2805,"tags=29%, list=30%, signal=21%","Tekt1/Nme7/Celf3/Rgn/Dnah7b/Dnali1/Efhc1/Neurl1a/Vdac3/Tuba1a/Ccdc39/Cfap70/Ift88/Rsph4a/Rsph3b/Cfap20/Dnaaf6/Cfap69/Enkur/Slc9b1/Anxa5/Spag6l/Rsph14/Dnah12/Tubb4b/Slirp/Rsph1/Tac1/Ube2b/Spag16"
"GO:0045746","GO:0045746","negative regulation of Notch signaling pathway",27,0.257992664324846,0.850543663756337,0.684782608695652,0.834705428350913,0.694013784138762,194,"tags=7%, list=2%, signal=7%","Lfng/Hey2"
"GO:0033209","GO:0033209","tumor necrosis factor-mediated signaling pathway",46,0.236255095023262,0.879129121341808,0.685714285714286,0.835092476033698,0.694335593986701,2704,"tags=43%, list=29%, signal=31%","Prkn/Lims1/Foxo3/Ext1/Apoa1/Tank/Ube2k/Otulin/Chuk/St18/Cdip1/Rffl/Laptm5/Nkiras2/Eed/Tnfrsf11b/Stat1/Dicer1/Pias3/Rnf31"
"GO:1903053","GO:1903053","regulation of extracellular matrix organization",41,-0.228409018638527,-0.861041706962098,0.685968819599109,0.835092476033698,0.694335593986701,1583,"tags=22%, list=17%, signal=18%","Lamc1/Mad2l2/Zfp469/Meltf/Fscn1/Angptl7/Lamb1/Has2/Nid1"
"GO:0051957","GO:0051957","positive regulation of amino acid transport",21,0.271890258555185,0.846405243292141,0.685393258426966,0.835092476033698,0.694335593986701,1106,"tags=19%, list=12%, signal=17%","Slc6a1/Ntsr1/Nr3c1/Slc38a1"
"GO:0006835","GO:0006835","dicarboxylic acid transport",69,0.218356542899266,0.884051062413607,0.689165186500888,0.837922596066004,0.696688690356361,1708,"tags=23%, list=18%, signal=19%","Slc1a2/Slc26a7/Slc13a5/Epm2a/Slc25a21/Prkg1/Ntsr1/Nr3c1/Ttyh3/Lrp2/Vps54/Bdnf/Slc1a4/Prkcd/Slc25a32/Myo6"
"GO:0016242","GO:0016242","negative regulation of macroautophagy",27,-0.245760329300112,-0.831181008441705,0.688888888888889,0.837922596066004,0.696688690356361,3335,"tags=48%, list=35%, signal=31%","Lzts1/Pink1/Fez2/Poldip2/Tspo/Lypla1/Usp30/Smcr8/Ubqln4/Lrrk2/Sec22b/Rnf41/Tsc2"
"GO:0099637","GO:0099637","neurotransmitter receptor transport",27,-0.244514306485266,-0.82696686003649,0.688888888888889,0.837922596066004,0.696688690356361,1844,"tags=26%, list=19%, signal=21%","Nsg1/Snap47/Snap23/Cacng5/Rab8a/Arhgap44/Vps35"
"GO:0008340","GO:0008340","determination of adult lifespan",30,0.251189012759187,0.849359529035857,0.689964157706093,0.838540510250473,0.697202453591714,2238,"tags=37%, list=24%, signal=28%","Tmem135/Atn1/Icmt/Large1/Wrn/Atm/Prdm2/Dmd/Polg/Kcnq2/Htt"
"GO:0050792","GO:0050792","regulation of viral process",75,-0.206391556587546,-0.889575410627121,0.690949227373068,0.838752695494269,0.697378874493008,2469,"tags=31%, list=26%, signal=23%","Cnot7/Adarb1/Ppia/Ppih/Trim13/Bsg/Ltf/Eif2ak2/Ubp1/Hacd3/Stau1/Ddx3x/Trim28/Znfx1/Kpna6/Trim32/Tbc1d20/P4hb/Ddb1/Setdb1/Dynlt1c/Inpp5k/Ddx5"
"GO:0033363","GO:0033363","secretory granule organization",43,0.24022670592755,0.884132009511839,0.690777576853526,0.838752695494269,0.697378874493008,2450,"tags=30%, list=26%, signal=23%","Spaca1/Ap1s2/Vps13b/Hps3/Ap3m1/Poc1b/Ap3d1/Creb1/Ptbp1/Ap1g1/Hps1/Vps33b/Hps5"
"GO:0007588","GO:0007588","excretion",21,0.270519966017583,0.842139467847172,0.691011235955056,0.838752695494269,0.697378874493008,2177,"tags=33%, list=23%, signal=26%","Nr3c2/Arid5b/Nherf1/Pdgfrb/Cacna1c/Tacr1/Myo1e"
"GO:0031122","GO:0031122","cytoplasmic microtubule organization",46,-0.225638959088629,-0.8683700199587,0.692307692307692,0.839972816413708,0.698393341043298,2303,"tags=39%, list=24%, signal=30%","Dync1h1/Dvl1/Wdr73/Tubgcp2/Ift88/Dlg1/Katnbl1/Limk2/Kif21a/Tubgcp5/Tppp/Numa1/Pafah1b1/Tubgcp6/Ppfibp1/Ift172/Tubgcp4/Cript"
"GO:0002695","GO:0002695","negative regulation of leukocyte activation",75,0.216705054730273,0.886048438589301,0.693989071038251,0.841138190634171,0.699362288584803,1957,"tags=28%, list=21%, signal=22%","Rc3h1/Gli3/Mad1l1/Fas/Runx1/Cd74/Pde5a/Grn/Cnr1/Pawr/Itch/Atm/Scrib/Socs5/Cbfb/Nr1h3/Pag1/Marchf7/Irf1/Cblb/Laptm5"
"GO:0043457","GO:0043457","regulation of cellular respiration",26,-0.251335138553543,-0.840470225028003,0.6941431670282,0.841138190634171,0.699362288584803,2879,"tags=42%, list=30%, signal=30%","Pink1/Ifnar1/Nop53/Chchd4/Park7/Trap1/Cox7a2l/Il10rb/Cox7a2/Uqcc2/Cisd1"
"GO:2000765","GO:2000765","regulation of cytoplasmic translation",26,-0.251268087372319,-0.84024600440491,0.6941431670282,0.841138190634171,0.699362288584803,1725,"tags=31%, list=18%, signal=25%","Csde1/Eef2/Piwil1/Cpeb1/Pkm/Parp16/Alkbh3/Mettl3"
"GO:0051222","GO:0051222","positive regulation of protein transport",186,-0.18618554229083,-0.914989882112582,0.695331695331695,0.841528328648115,0.699686667881016,1445,"tags=29%, list=15%, signal=25%","Kif3a/Prkcz/Cdc42/Psmd9/Ppia/Gpr68/Prkar1a/Bsg/Smo/Sirt6/Mcu/Myom1/Tm7sf3/Tmem30a/Snap25/Vsnl1/Jup/Tgfb3/Rack1/Edem2/Ppp3cb/Arf1/Sorl1/Anxa7/Ywhae/Trim28/Abat/Pfkfb2/Abcc8/Sirt3/Ripor1/Irs2/Sri/Ppard/Cd81/Oga/Ran/Eif3e/Serp1/Prkcb/Dnm1l/Atp2c1/Pdcd5/Camk2n1/Glul/Rac1/Oaz1/Slc30a8/Arrb1/Ptpn23/Tmem97/Vps35/Mpc2/Lrp1"
"GO:0032231","GO:0032231","regulation of actin filament bundle assembly",77,-0.205963745325625,-0.888803239523239,0.695067264573991,0.841528328648115,0.699686667881016,815,"tags=13%, list=9%, signal=12%","Sorbs3/Sdc4/Stmn1/Rac1/Ccn2/Coro2b/Pfn2/Tac1/Inpp5k/Nrp1"
"GO:0097009","GO:0097009","energy homeostasis",52,0.227706854905011,0.867538587486029,0.695340501792115,0.841528328648115,0.699686667881016,2060,"tags=29%, list=22%, signal=23%","Adrb2/Ppargc1a/Rasal2/Nr1d2/Ppargc1b/Appl2/Mfsd2a/Tsku/C1qtnf9/Crtc1/Tbl1xr1/Ampd2/Pprc1/Metrnl/C1qtnf4"
"GO:0009636","GO:0009636","response to toxic substance",116,-0.196736706626512,-0.907977850008736,0.696759259259259,0.842185123094595,0.700232758014997,1860,"tags=25%, list=20%, signal=20%","Asns/Gstk1/Htr1b/Dhx15/Cnp/Cygb/Gfer/Txnrd3/Nr4a2/Comt/Kdm1a/Gsr/Slc30a1/Rps6kb1/Srxn1/Prdx1/Alad/Sod1/Abcc1/Mgst3/Esd/Blmh/Sod2/Sesn1/Scn3a/Fos/Ptgs1/Mt4/Cp"
"GO:0002526","GO:0002526","acute inflammatory response",33,-0.238324501986421,-0.85006898615426,0.696703296703297,0.842185123094595,0.700232758014997,850,"tags=36%, list=9%, signal=33%","Pik3cg/Ptger3/Adam8/Adcyap1/Park7/Stat3/Ctnnbip1/Fn1/C2cd4b/Npy5r/Tac1/Vwf"
"GO:0097205","GO:0097205","renal filtration",23,-0.263683946669869,-0.846672817276879,0.696390658174098,0.842185123094595,0.700232758014997,3173,"tags=52%, list=33%, signal=35%","Itga3/Mcam/Kirrel1/Gas6/Pdgfb/Xpnpep3/Sulf1/Sulf2/Aqp1/Tmem63c/Comt/Coro2b"
"GO:0071824","GO:0071824","protein-DNA complex organization",125,0.199466495180029,0.893552009881861,0.698961937716263,0.844139961630529,0.701858103728135,1861,"tags=22%, list=20%, signal=18%","Arid1a/Hey2/Atad2b/Arid2/Baz1a/Pias1/Ep300/Rsf1/Sox9/Chd2/Trappc12/Asf1a/H1f0/Brd2/Taf5/Smarcd2/Brf1/Smyd3/Cenpe/Thra/Ubn1/Taf8/Zfp827/Creb1/Taf3/Med24/Med19/Kat6b"
"GO:0046688","GO:0046688","response to copper ion",20,-0.272280508627201,-0.838779760635081,0.698689956331878,0.844139961630529,0.701858103728135,2388,"tags=40%, list=25%, signal=30%","Nfe2l1/Snca/Park7/Aqp1/Map1lc3a/Sod1/Mt4/Cp"
"GO:0035082","GO:0035082","axoneme assembly",62,-0.213637338478297,-0.878616719678866,0.699316628701595,0.844214799989702,0.701920327898584,1440,"tags=15%, list=15%, signal=12%","Dnaaf6/Cfap69/Spag6l/Cluap1/Dnal1/Daw1/Rsph1/Ube2b/Spag16"
"GO:0051293","GO:0051293","establishment of spindle localization",38,0.239695850991421,0.858731417219652,0.70018281535649,0.844906794764903,0.702495685259672,1746,"tags=26%, list=18%, signal=22%","Spire1/Clasp1/Insc/Sapcd2/Pax6/Spry2/Clasp2/Enkd1/Ndc80/Cdk5rap2"
"GO:0006779","GO:0006779","porphyrin-containing compound biosynthetic process",24,-0.260665748390208,-0.845032905892296,0.701298701298701,0.845192417277666,0.702733165398395,2975,"tags=58%, list=31%, signal=40%","Urod/Rsad1/Slc11a2/Ank1/Uros/Pgrmc1/Tmem14c/Alas1/Srrd/Ireb2/Hmbs/Snx3/Tmem14a/Alad"
"GO:0033014","GO:0033014","tetrapyrrole biosynthetic process",24,-0.260665748390208,-0.845032905892296,0.701298701298701,0.845192417277666,0.702733165398395,2975,"tags=58%, list=31%, signal=40%","Urod/Rsad1/Slc11a2/Ank1/Uros/Pgrmc1/Tmem14c/Alas1/Srrd/Ireb2/Hmbs/Snx3/Tmem14a/Alad"
"GO:0009226","GO:0009226","nucleotide-sugar biosynthetic process",24,-0.260419225462731,-0.844233721545825,0.701298701298701,0.845192417277666,0.702733165398395,3138,"tags=33%, list=33%, signal=22%","Fpgt/Gnpda2/Hk1/Mpi/Gmppb/Ugp2/Slc35a1/Gfpt1"
"GO:0032784","GO:0032784","regulation of DNA-templated transcription elongation",66,-0.209636284409411,-0.87798198939466,0.701986754966887,0.845668254521514,0.703128799109427,2300,"tags=29%, list=24%, signal=22%","Zfp326/Med22/Sirt6/Med31/Ccnk/Leo1/Med7/Nelfe/Wdr82/Pwwp2b/Med28/Nelfb/Med17/Supt6/Ncbp2/Cbx7/Ctnnb1/Map2k1/Med9"
"GO:1901657","GO:1901657","glycosyl compound metabolic process",42,-0.223689051814125,-0.850032177224192,0.703125,0.846117353308365,0.703502201195874,2612,"tags=36%, list=28%, signal=26%","Cdadc1/Ahcyl/Bloc1s6/Akr1b1/Fuca2/Dguok/Tk2/Cbr4/Nt5e/Pcmt1/Aprt/Nudt1/Pgm2/Hprt1/Lcmt2"
"GO:0045214","GO:0045214","sarcomere organization",22,0.267239674923626,0.840993714388341,0.704119850187266,0.846117353308365,0.703502201195874,1105,"tags=23%, list=12%, signal=20%","Fhod3/Prkd1/Ep300/Prox1/Akap13"
"GO:0022010","GO:0022010","central nervous system myelination",22,0.267134669418537,0.840663265813363,0.704119850187266,0.846117353308365,0.703502201195874,872,"tags=14%, list=9%, signal=12%","Aspa/Tenm4/Fgfr3"
"GO:0032291","GO:0032291","axon ensheathment in central nervous system",22,0.267134669418537,0.840663265813363,0.704119850187266,0.846117353308365,0.703502201195874,872,"tags=14%, list=9%, signal=12%","Aspa/Tenm4/Fgfr3"
"GO:0014741","GO:0014741","negative regulation of muscle hypertrophy",21,-0.266858729632748,-0.836243695439435,0.702991452991453,0.846117353308365,0.703502201195874,2088,"tags=33%, list=22%, signal=26%","Rgs4/Rgs2/Stub1/Glrx3/Tomm70a/Jarid2/Errfi1"
"GO:0030149","GO:0030149","sphingolipid catabolic process",21,0.267395887263665,0.832414085805812,0.704119850187266,0.846117353308365,0.703502201195874,1929,"tags=33%, list=20%, signal=27%","Smpd3/Enpp2/Smpdl3b/Vps54/Prkcd/Smpd2/Acer3"
"GO:0035601","GO:0035601","protein deacylation",42,0.239612819304224,0.876008819053522,0.705776173285199,0.847754470534991,0.704863378304515,728,"tags=14%, list=8%, signal=13%","Ncor2/Hdac4/Spred1/Ep300/Lyplal1/Spred2"
"GO:0043516","GO:0043516","regulation of DNA damage response, signal transduction by p53 class mediator",22,-0.260501817048163,-0.82577376397745,0.707264957264957,0.848835679047914,0.705762346474614,1302,"tags=23%, list=14%, signal=20%","Pla2r1/Kdm1a/Mif/Smyd2/Ddx5"
"GO:0009119","GO:0009119","ribonucleoside metabolic process",22,-0.260170628887243,-0.824723919115227,0.707264957264957,0.848835679047914,0.705762346474614,3094,"tags=45%, list=33%, signal=31%","Ada/Nt5c3/Cdadc1/Ahcyl/Bloc1s6/Nt5e/Pcmt1/Aprt/Pgm2/Hprt1"
"GO:0045724","GO:0045724","positive regulation of cilium assembly",22,0.265997988058342,0.837086170161455,0.707865168539326,0.849202639795098,0.706067455089143,2276,"tags=36%, list=24%, signal=28%","Septin9/Dzip1/Ttbk2/Ccdc88a/Cep135/Tapt1/Htt/Mns1"
"GO:2000058","GO:2000058","regulation of ubiquitin-dependent protein catabolic process",114,0.200560714116253,0.885146610920491,0.708480565371025,0.849587505417894,0.706387450668648,2133,"tags=27%, list=23%, signal=21%","Hipk2/Atg7/Pias1/Smurf1/Gna12/Ptk2/Sh3rf3/Lats1/Disc1/Sh3rf1/Mtm1/Usp38/Det1/Phf20l1/Ube2k/Egf/Agbl4/Mapk9/Socs5/Cbfa2t3/Axin2/Senp1/Ube3a/Sirt2/Fhit/Laptm5/Clec16a/Cop1/Tlk2/Fbxw8/Wac"
"GO:1901991","GO:1901991","negative regulation of mitotic cell cycle phase transition",115,0.201767295277867,0.890897271779266,0.709734513274336,0.850737463126844,0.707343580189411,2133,"tags=26%, list=23%, signal=20%","Bcl2/Arhgap33os/D7Ertd443e/Mad1l1/Taok1/Fbxo5/Gigyf2/Foxn3/Brca1/Pinx1/Ezh2/Myo16/Cenpe/Rad50/Taok3/Ctdspl/Acvr1/Atm/Rbl1/Ctdsp1/Ndc80/Rbbp8/Cdk5rap2/Bub1b/Creb3l1/Xrcc3/Nbn/Brd7/Usp47/Wac"
"GO:0030838","GO:0030838","positive regulation of actin filament polymerization",30,-0.241393972828471,-0.83711601615571,0.711711711711712,0.852753043862308,0.709019429855588,594,"tags=43%, list=6%, signal=41%","Bag4/Kirrel1/Ptk2b/Cttn/Baiap2/Dlg1/Actr3/Bin1/Cdc42ep1/Nckap1/Rac1/Gm14137/Pfn2"
"GO:0006606","GO:0006606","protein import into nucleus",124,0.197505958969277,0.883452482381676,0.713298791018998,0.854299714825079,0.710305405639656,2244,"tags=27%, list=24%, signal=21%","Six3/Prkd1/Phip/Gli3/Ep300/Adar/Epm2a/Elavl1/Ptpn5/Ppp3ca/Nfatc3/Chp1/Appl2/Nup153/Brca1/Fam53a/Fgf9/Prkcd/Ipo4/Stk3/Mdfic/Bag3/Tmco6/Tardbp/Apod/Angpt1/Prkcq/Atf2/Cabp1/Kcnq2/Kcnq3/Ubr5/Fermt1"
"GO:0051304","GO:0051304","chromosome separation",54,-0.2169239379273,-0.867437688786181,0.714942528735632,0.855912931869474,0.711646711000315,930,"tags=15%, list=10%, signal=13%","Dync1li1/Bub3/Smarcad1/Anapc7/Trip13/Numa1/M1ap/Lcmt1"
"GO:0001776","GO:0001776","leukocyte homeostasis",66,0.219226896778423,0.874669345830916,0.715846994535519,0.856284832949165,0.711955927242207,1402,"tags=17%, list=15%, signal=14%","Tgfb2/Rc3h1/Bcl2/Fas/Itpkb/Hif1a/Cd74/Tcirg1/Abl1/Xkr8/Mthfd1"
"GO:0051497","GO:0051497","negative regulation of stress fiber assembly",21,-0.264226511009969,-0.827995225429304,0.715811965811966,0.856284832949165,0.711955927242207,580,"tags=14%, list=6%, signal=13%","Stmn1/Coro2b/Inpp5k"
"GO:0009166","GO:0009166","nucleotide catabolic process",99,0.206550730281358,0.884317204818251,0.716845878136201,0.8571241760136,0.71265379697751,1808,"tags=24%, list=19%, signal=20%","Zbtb20/Ppargc1a/Hdac4/Ep300/Pde7b/Pde7a/Dera/Samhd1/Pde10a/Hif1a/Tkfc/Pde8a/Slc4a4/Pde5a/Ppara/Foxk2/Nudt13/Mtch2/Cbfa2t3/Pde9a/Foxk1/Ogdh/Mtor/Prkag1"
"GO:0010948","GO:0010948","negative regulation of cell cycle process",195,0.189754289482635,0.900116101600718,0.718166383701188,0.857978062913907,0.71336375914953,1904,"tags=24%, list=20%, signal=19%","Bcl2/Eme2/Arhgap33os/Cul4a/D7Ertd443e/Mad1l1/Gnb1l/Taok1/Mtbp/Fbxo5/Baz1b/Clock/Fgfr3/Gigyf2/Diaph3/Tom1l2/Dab2ip/Foxn3/Brca1/Prox1/Dtx3l/Pinx1/Ints7/Ezh2/Myo16/Cdc5lrt1/Wapl/Cenpe/Rad50/Ercc6/Taok3/Kifc1/Ctdspl/Acvr1/Atm/Rbl1/Fgfr2/Ctdsp1/Rnaseh2b/Ndc80/Rbbp8/Cdk5rap2/Bub1b/Creb3l1/Xrcc3/Nbn"
"GO:0031109","GO:0031109","microtubule polymerization or depolymerization",91,-0.199611024712612,-0.887276617103095,0.717889908256881,0.857978062913907,0.71336375914953,1169,"tags=19%, list=12%, signal=17%","Stmn4/Ckap5/Map1s/Ccsap/Arhgef2/Mapt/Numa1/Golga2/Mzt1/Wdr47/Stmn1/Rac1/Tubgcp6/Katnb1/Ccn2/Tubgcp4/Apc2"
"GO:0045921","GO:0045921","positive regulation of exocytosis",58,-0.210258563050807,-0.858660014203858,0.718468468468468,0.857978062913907,0.71336375914953,778,"tags=43%, list=8%, signal=40%","Adora2b/Bcl2l1/Hgs/Rab9/Doc2b/Il4ra/Syt7/Rab5a/Snca/Snx4/Syt9/Vsnl1/Rab27a/Cdk5r2/Arf1/Rab3a/Rph3a/Dnm1l/Septin5/Sdc4/Vps4b/Slc4a8/Stxbp1/Chmp2a/Stx1a"
"GO:1902176","GO:1902176","negative regulation of oxidative stress-induced intrinsic apoptotic signaling pathway",20,0.263991838603905,0.81495169922964,0.71875,0.857978062913907,0.71336375914953,769,"tags=15%, list=8%, signal=14%","Prkn/Fyn/Hif1a"
"GO:0110053","GO:0110053","regulation of actin filament organization",182,-0.186290951433675,-0.908832810352277,0.719298245614035,0.858277261212609,0.713612526842224,815,"tags=14%, list=9%, signal=13%","Synpo2/Bin1/Ssh1/Sorbs3/Sptan1/Mtpn/Sdc4/Cdc42ep1/Stmn1/Nckap1/Ap1ar/Rac1/Plekhh2/Gm14137/Cyfip1/Arpc3/Ccn2/Rnh1/Coro2b/Dstn/Pfn2/Tac1/Cfl2/Inpp5k/Nrp1/Arpc5"
"GO:0034109","GO:0034109","homotypic cell-cell adhesion",44,-0.217952369240481,-0.839980722307078,0.721854304635762,0.860970973767385,0.715852207548764,2379,"tags=27%, list=25%, signal=21%","Ppia/Pear1/Megf11/Fermt3/Jak1/Ptpru/Jup/Cxadr/Pkp2/Map2k1/Stxbp1/Pdgfra"
"GO:1903307","GO:1903307","positive regulation of regulated secretory pathway",34,-0.230931230024168,-0.831732945362168,0.722707423580786,0.861276119672309,0.716105920364085,3023,"tags=47%, list=32%, signal=32%","Adora2b/Bcl2l1/Doc2b/Il4ra/Syt7/Snx4/Syt9/Rab27a/Cdk5r2/Arf1/Rab3a/Rph3a/Dnm1l/Slc4a8/Stxbp1/Stx1a"
"GO:0044273","GO:0044273","sulfur compound catabolic process",25,-0.251104981480529,-0.826588508926083,0.72258064516129,0.861276119672309,0.716105920364085,2612,"tags=32%, list=28%, signal=23%","Ahcyl/Ggt7/Acat1/Gusb/Ggt5/Acot7/Nudt7/Blmh"
"GO:0009247","GO:0009247","glycolipid biosynthetic process",41,0.234891869843288,0.854759311899751,0.723327305605787,0.861658797755923,0.716424097119495,1661,"tags=22%, list=18%, signal=18%","Fut9/B3galt1/St6galnac3/St3gal1/St8sia2/St6galnac6/Pigs/St3gal3/Pigq"
"GO:0048536","GO:0048536","spleen development",29,0.247436246765429,0.829962542251586,0.724508050089445,0.86235295767972,0.71700125468808,1101,"tags=21%, list=12%, signal=18%","Rc3h1/Bcl2/Fas/Rbm15/Tet2/Abl1"
"GO:0042278","GO:0042278","purine nucleoside metabolic process",22,-0.253955366768807,-0.805021943705595,0.724358974358974,0.86235295767972,0.71700125468808,2612,"tags=55%, list=28%, signal=40%","Ada/Oard1/Nt5c3/Ahcyl/Bloc1s6/Dguok/Nt5e/Pcmt1/Aprt/Nudt1/Pgm2/Hprt1"
"GO:1905039","GO:1905039","carboxylic acid transmembrane transport",88,0.207743388669064,0.873593866018126,0.726618705035971,0.86386989822834,0.718262511192115,2470,"tags=30%, list=26%, signal=22%","Slc1a2/Slc26a7/Slc27a1/Slc13a5/Epm2a/Slc25a21/Ntsr1/Nat3/Slc16a7/Ttyh3/Lrp2/Slc38a1/Slc1a4/Slc25a26/Prkcd/Slc25a32/Slc6a7/Slc7a10/Slc6a9/Slc2a1/Slc13a3/Abcd4/Grik1/Agt/Slc23a2/Itgb1"
"GO:0070509","GO:0070509","calcium ion import",49,0.22358440223954,0.848571867546835,0.726480836236934,0.86386989822834,0.718262511192115,1507,"tags=20%, list=16%, signal=17%","Adrb2/Fyn/Slc8a1/Ppp3ca/Pdgfrb/Pawr/Cask/Egf/Trpc4/Cacna1c"
"GO:0007097","GO:0007097","nuclear migration",26,-0.245238202334647,-0.820081936365435,0.726681127982646,0.86386989822834,0.718262511192115,670,"tags=15%, list=7%, signal=14%","Nudc/Pafah1b1/Clmn/Dock7"
"GO:0061572","GO:0061572","actin filament bundle organization",125,0.197478488963565,0.884646318984874,0.728373702422145,0.86395574944299,0.718333891974279,2535,"tags=35%, list=27%, signal=26%","Prkn/Spire1/Ush1c/Fam171a1/Carmil1/Clasp1/Itgb1bp1/Apoa1/Aif1l/Diaph3/Mtss1/Ccdc88a/Eps8/Alms1/Abl1/Ppfia1/Swap70/Rhpn2/Pawr/Dlc1/Tjp1/Clasp2/Itgb5/Luzp1/Mtor/Tacr1/Wnt4/Zeb2/Dbn1/Myh10/S1pr1/Arhgap28/Prkcq/Hsp90b1/Ppm1e/Rhpn1/Tnfaip1/Srf/Braf/Add1/Fhdc1/Phactr1/Kank4/Rock2"
"GO:0034341","GO:0034341","response to type II interferon",61,-0.211778325184408,-0.871251672653042,0.728089887640449,0.86395574944299,0.718333891974279,2406,"tags=28%, list=25%, signal=21%","Cdc42/Snca/Dnaja3/Epsti1/Nos2/Jak1/Actr3/Flnb/Gapdh/Rps6kb1/Actr2/Calm2/Vamp3/Slc30a8/Acod1/Stxbp1/Vim"
"GO:0098656","GO:0098656","monoatomic anion transmembrane transport",75,0.212425830416178,0.868551846151269,0.728597449908925,0.86395574944299,0.718333891974279,1195,"tags=17%, list=13%, signal=15%","Slc1a2/Slc6a1/Gabrr2/Slc26a7/Gabrb2/Clcn2/Best3/Gabra1/Gabra2/Ttyh3/Slc4a4/Gabrg1/Gabra4"
"GO:0050953","GO:0050953","sensory perception of light stimulus",73,0.212760910512795,0.865968798616598,0.728260869565217,0.86395574944299,0.718333891974279,2920,"tags=37%, list=31%, signal=26%","Myo3b/Col11a1/Ush1c/Gabrr2/Sema5a/Cep250/Unc119/Epas1/Elfn1/Rdh11/Rdh10/Atf6/Pdcl/Rpgr/Myo3a/Cabp2/Cabp1/Crybg3/Crybb1/Wfs1/Cplx3/Dram2/Tulp1/Cln6/Lamc3/Kcnk9/Lrat"
"GO:0009161","GO:0009161","ribonucleoside monophosphate metabolic process",35,-0.228787840397344,-0.828167939520458,0.728260869565217,0.86395574944299,0.718333891974279,1160,"tags=26%, list=12%, signal=23%","Adss2/Uprt/Nt5e/Umps/Ampd3/Impdh2/Aprt/Hprt1/Gmps"
"GO:0006884","GO:0006884","cell volume homeostasis",20,-0.266946553516865,-0.82234812690102,0.72707423580786,0.86395574944299,0.718333891974279,2679,"tags=40%, list=28%, signal=29%","Lrrc8a/Prkg2/Clns1a/Aqp1/Shank3/Anxa7/Slc12a7/Gprc5b"
"GO:0009126","GO:0009126","purine nucleoside monophosphate metabolic process",26,-0.244820997531829,-0.818686794339033,0.72885032537961,0.86395574944299,0.718333891974279,1120,"tags=31%, list=12%, signal=27%","Adss2/Dguok/Nt5e/Ampd3/Impdh2/Aprt/Hprt1/Gmps"
"GO:0031333","GO:0031333","negative regulation of protein-containing complex assembly",104,-0.195006457162436,-0.885869626771071,0.731034482758621,0.864355186756596,0.718666003150422,1805,"tags=23%, list=19%, signal=19%","Twf2/Capza1b/Ctnnbip1/Aida/Dmtn/Trim9/Ddx3x/Sorl1/Hspa8/Ogt/Fbxl2/Ssh1/Arhgef2/Sptan1/Mtpn/Stmn1/Xaf1/Lamp2/Vdac2/Stxbp1/Riok3/Lcmt1/Pfn2/Vps35"
"GO:0030317","GO:0030317","flagellated sperm motility",92,-0.198123149189166,-0.884045713853293,0.730769230769231,0.864355186756596,0.718666003150422,2392,"tags=25%, list=25%, signal=19%","Dnali1/Efhc1/Neurl1a/Vdac3/Tuba1a/Ccdc39/Cfap70/Ift88/Rsph3b/Cfap20/Dnaaf6/Cfap69/Enkur/Slc9b1/Anxa5/Spag6l/Rsph14/Tubb4b/Slirp/Rsph1/Tac1/Ube2b/Spag16"
"GO:0045471","GO:0045471","response to ethanol",82,-0.201486086128837,-0.883170561857535,0.732142857142857,0.864355186756596,0.718666003150422,1985,"tags=26%, list=21%, signal=20%","Cpt1a/Psmd14/Ggh/Rgs2/Htr1b/Eif4g1/Abat/Hspa8/Arc/Rps6kb1/Tnc/Alad/Prkcb/Sod1/Got2/Eef1b2/Sod2/Unc79/Fos/Polb/Lct"
"GO:1901606","GO:1901606","alpha-amino acid catabolic process",50,-0.216841393130631,-0.85019835586118,0.730679156908665,0.864355186756596,0.718666003150422,3047,"tags=46%, list=32%, signal=31%","Gcsh/Acad8/Acadsb/Tdh/Ahcyl/Tdo2/Scly/Hibch/Mccc1/Dlst/Got1/Aldh6a1/Nos2/Arg2/Acat1/Asrgl1/Gcat/Oat/Got2/Blmh/Oaz1/Qdpr/Aadat"
"GO:0071677","GO:0071677","positive regulation of mononuclear cell migration",40,0.233607495019881,0.844329425660458,0.731046931407942,0.864355186756596,0.718666003150422,1758,"tags=20%, list=19%, signal=16%","Wnk1/Ptk2/Pdgfd/Nedd9/Abl1/Spi1/Mospd2/Jam2"
"GO:0060632","GO:0060632","regulation of microtubule-based movement",32,-0.235500223635651,-0.834855394895987,0.731707317073171,0.864355186756596,0.718666003150422,2425,"tags=31%, list=26%, signal=23%","Rgn/Kif3a/Ccdc39/Rsph4a/Cfap20/Cfap69/Anxa5/Spag6l/Mapt/Tac1"
"GO:0061337","GO:0061337","cardiac conduction",33,0.239881767106605,0.831909355349467,0.731261425959781,0.864355186756596,0.718666003150422,1644,"tags=21%, list=17%, signal=18%","Ank2/Slc8a1/Akap9/Kcne2/Cacna1c/Slc9a1/Cacna2d1"
"GO:0030193","GO:0030193","regulation of blood coagulation",23,-0.253520166411777,-0.814037548524337,0.732484076433121,0.864355186756596,0.718666003150422,1188,"tags=17%, list=13%, signal=15%","Anxa5/Pdgfa/Pdgfra/Vwf"
"GO:1900046","GO:1900046","regulation of hemostasis",23,-0.253520166411777,-0.814037548524337,0.732484076433121,0.864355186756596,0.718666003150422,1188,"tags=17%, list=13%, signal=15%","Anxa5/Pdgfa/Pdgfra/Vwf"
"GO:0051560","GO:0051560","mitochondrial calcium ion homeostasis",21,0.261030896801999,0.812599616067592,0.732209737827715,0.864355186756596,0.718666003150422,621,"tags=14%, list=7%, signal=13%","Micu2/Rap1gds1/Disc1"
"GO:0034311","GO:0034311","diol metabolic process",20,0.262154323269139,0.809279227488288,0.729779411764706,0.864355186756596,0.718666003150422,2191,"tags=35%, list=23%, signal=27%","Sptlc3/Sptlc2/Lrp2/Agk/Acer3/Ephx1/Plpp3"
"GO:1902100","GO:1902100","negative regulation of metaphase/anaphase transition of cell cycle",33,0.238514328554052,0.827167081943467,0.73308957952468,0.86436236604627,0.718671972353239,1896,"tags=27%, list=20%, signal=22%","Arhgap33os/Mad1l1/Fbxo5/Cenpe/Atm/Ndc80/Cdk5rap2/Bub1b/Xrcc3"
"GO:1905819","GO:1905819","negative regulation of chromosome separation",33,0.238514328554052,0.827167081943467,0.73308957952468,0.86436236604627,0.718671972353239,1896,"tags=27%, list=20%, signal=22%","Arhgap33os/Mad1l1/Fbxo5/Cenpe/Atm/Ndc80/Cdk5rap2/Bub1b/Xrcc3"
"GO:1903317","GO:1903317","regulation of protein maturation",35,0.238143122454488,0.834206387975304,0.734317343173432,0.865456157626554,0.719581402683878,2325,"tags=29%, list=25%, signal=22%","Rfx4/Spon1/Rasal2/Plat/Ldlrad3/Sox4/Gsn/Glg1/Fmr1/Rnf139"
"GO:0032637","GO:0032637","interleukin-8 production",26,-0.24183349088185,-0.808696506467503,0.735357917570499,0.865974779205112,0.720012609325223,2150,"tags=35%, list=23%, signal=27%","Park7/Nos2/Fadd/Stat3/Mapkbp1/Il17d/Rab1a/Cactin/Arrb1"
"GO:0032677","GO:0032677","regulation of interleukin-8 production",26,-0.24183349088185,-0.808696506467503,0.735357917570499,0.865974779205112,0.720012609325223,2150,"tags=35%, list=23%, signal=27%","Park7/Nos2/Fadd/Stat3/Mapkbp1/Il17d/Rab1a/Cactin/Arrb1"
"GO:0008064","GO:0008064","regulation of actin polymerization or depolymerization",102,-0.193255038789875,-0.876011607130692,0.736486486486487,0.866117325722353,0.720131129277874,1149,"tags=16%, list=12%, signal=14%","Cotl1/Bin1/Ssh1/Sptan1/Mtpn/Cdc42ep1/Nckap1/Rac1/Plekhh2/Gm14137/Cyfip1/Arpc3/Dstn/Pfn2/Cfl2/Arpc5"
"GO:0016239","GO:0016239","positive regulation of macroautophagy",68,-0.207063070386815,-0.868358345313851,0.737442922374429,0.866117325722353,0.720131129277874,1840,"tags=35%, list=19%, signal=29%","Pip4k2c/Ripk2/Snx7/Trim13/Gnai3/Snx4/Smcr8/Stub1/Fbxo7/Wipi1/Slc25a5/Tomm7/Ralb/Vdac1/Bnip3l/Tbk1/Optn/Pip4k2b/Ube2a/Trim32/Tsc2/Sesn1/Bnip3/Scoc"
"GO:0006903","GO:0006903","vesicle targeting",50,0.223310578688852,0.85022958552514,0.737391304347826,0.866117325722353,0.720131129277874,1876,"tags=26%, list=20%, signal=21%","Exoc4/Trappc9/Clasp1/Trappc12/Chp1/Exoc2/Gbf1/Trip11/Clasp2/Scrib/Exoc6/Arfgap3/Mapk15"
"GO:0043124","GO:0043124","negative regulation of canonical NF-kappaB signal transduction",32,-0.233861570400298,-0.829046319758907,0.736141906873614,0.866117325722353,0.720131129277874,1962,"tags=28%, list=21%, signal=22%","Mapkbp1/Usp20/Cyld/Nkiras1/Optn/Cactin/Trim59/Riok3/Tmsb4x"
"GO:0060688","GO:0060688","regulation of morphogenesis of a branching structure",34,-0.229089267551021,-0.825098845362454,0.735807860262009,0.866117325722353,0.720131129277874,2341,"tags=32%, list=25%, signal=24%","Rtn4/Smo/Sirt6/Six4/Sulf1/Lrrk2/Phb2/Pdgfa/Ctnnb1/Pdgfra/Hgf"
"GO:0062125","GO:0062125","regulation of mitochondrial gene expression",25,-0.249070103634626,-0.819890088868566,0.737634408602151,0.866117325722353,0.720131129277874,1853,"tags=28%, list=20%, signal=23%","C1qbp/Coa3/Malsu1/Kansl3/Fastkd2/Sirt3/Uqcc2"
"GO:1901532","GO:1901532","regulation of hematopoietic progenitor cell differentiation",31,-0.23233654662577,-0.816995435718347,0.736725663716814,0.866117325722353,0.720131129277874,262,"tags=42%, list=3%, signal=41%","Pdcd2/Mettl14/N4bp2l2/Fnip1/Flcn/Myb/Ap2a2/Eif2ak2/Hspa9/Nudt21/Flt1/Mettl3/Tmsb4x"
"GO:0007031","GO:0007031","peroxisome organization",28,0.245810003124776,0.816721820351198,0.737881508078995,0.866117325722353,0.720131129277874,2294,"tags=25%, list=24%, signal=19%","Tmem135/Pex6/Pex14/Acot8/Pex5l/Pex2/Abcd4"
"GO:0016579","GO:0016579","protein deubiquitination",70,-0.204495849746881,-0.868320684492123,0.738938053097345,0.866299733793798,0.720282792022145,2323,"tags=31%, list=25%, signal=24%","Uchl5/Usp30/Otud1/Park7/Usp13/Usp46/Uchl3/Psmd14/Usp20/Cyld/Usp16/Mindy3/Otud3/Usp14/Abraxas2/Uchl1/Usp48/Otub1/Atxn3/Dnajb2/Usp19/Stambp"
"GO:0032963","GO:0032963","collagen metabolic process",58,0.219086640231557,0.852468118328758,0.738351254480287,0.866299733793798,0.720282792022145,2505,"tags=40%, list=26%, signal=29%","Col5a1/Mkx/Smpd3/Ep300/Hif1a/Fgfr3/Tmem131/Ddr2/Mmp24/Pdgfrb/Col1a2/Prkcd/Mmp15/Wnt4/Creb3l1/Mmp2/Mmp16/P3h3/P3h1/Vps33b/Ltbp1/Itgb1/Dicer1"
"GO:0030835","GO:0030835","negative regulation of actin filament depolymerization",32,0.242959369955745,0.834424126750325,0.738656987295826,0.866299733793798,0.720282792022145,1190,"tags=19%, list=13%, signal=16%","Carmil1/Add3/Sptb/Eps8/Svil/Swap70"
"GO:0051938","GO:0051938","L-glutamate import",32,-0.233117194908249,-0.826407486191061,0.740576496674058,0.86763160594204,0.721390173857934,1742,"tags=25%, list=18%, signal=20%","Slc17a6/Arl6ip5/Slc38a6/Abcc8/Nf1/Arl6ip1/Stxbp1/Slc25a22"
"GO:0034315","GO:0034315","regulation of Arp2/3 complex-mediated actin nucleation",23,-0.251003948554472,-0.805958128866704,0.740976645435244,0.86763160594204,0.721390173857934,568,"tags=26%, list=6%, signal=25%","Pick1/Arf1/Nckap1/Ap1ar/Cyfip1/Rnh1"
"GO:1902229","GO:1902229","regulation of intrinsic apoptotic signaling pathway in response to DNA damage",23,-0.24954978075908,-0.801288886162827,0.740976645435244,0.86763160594204,0.721390173857934,1263,"tags=22%, list=13%, signal=19%","Kdm1a/Trim32/Tpt1/Mif/Rpl26"
"GO:0015849","GO:0015849","organic acid transport",182,-0.185373236066435,-0.904355674829091,0.744360902255639,0.86838379558902,0.72201558009774,2118,"tags=25%, list=22%, signal=20%","Psap/Slc1a6/Rgs4/Nos2/Lhcgr/Arg2/Abcc5/Lrrc8b/Rgs2/Fabp6/Slc26a11/Slc17a6/Gfap/Slc25a17/Htr1b/Arl6ip5/Fabp7/Llgl2/Mpc1/Slc38a6/Abat/Pla2r1/Pianp/Abcc8/Rps6kb1/Slc25a38/Cck/Irs2/Ppard/Slc6a17/Lrrc8d/Mif/Nf1/Npy5r/Arl6ip1/Abcc1/Got2/Stxbp1/Atp5pf/Gipc1/Slc16a6/Fabp5/Slc25a22/Sv2a/Mpc2"
"GO:0050821","GO:0050821","protein stabilization",139,-0.187030192351448,-0.887303087325035,0.744630071599045,0.86838379558902,0.72201558009774,1548,"tags=19%, list=16%, signal=16%","Otud3/Bag1/Stk4/Sec16a/Dnlz/Hypk/Phb2/Crebl2/Mcm8/Gapdh/Cct2/Cct4/Rpl23/Rpl5/Sav1/Mtmr9/Ubr4/Nckap1/Lamp2/Stxbp1/Rab21/Usp19/Cct8/Ptges3/Pfn2/Ube2b/Chek2"
"GO:0009266","GO:0009266","response to temperature stimulus",97,0.204059815847118,0.866592892303528,0.742805755395683,0.86838379558902,0.72201558009774,1053,"tags=15%, list=11%, signal=14%","Tmem135/Adrb2/Xylt1/Slc27a1/Pmp22/St8sia1/Hsf3/Disc1/Rasa3/Ntsr1/Acot11/Mmp24/Appl2/Eif2b3/Zfp516"
"GO:0034620","GO:0034620","cellular response to unfolded protein",67,-0.204350525801899,-0.855086343990275,0.743181818181818,0.86838379558902,0.72201558009774,3547,"tags=46%, list=37%, signal=29%","Ern1/Ccnd1/Herpud1/Daxx/Parp6/Pdia6/Bak1/Xbp1/Ufl1/Ptpn1/Tmem33/Yod1/Rhbdd1/Qrich1/Amfr/Eif2ak2/Tm7sf3/Hspd1/Derl1/Stub1/Edem2/Eif2s1/Tmed2/Optn/Stc2/Ficd/Serp1/Parp16/Dnajb9/Cops5/Bok"
"GO:0051403","GO:0051403","stress-activated MAPK cascade",32,0.241801783050709,0.830448489002548,0.742286751361162,0.86838379558902,0.72201558009774,1562,"tags=22%, list=16%, signal=18%","Tgfb2/Foxo1/Fas/Taok1/Map3k7/Taok3/Card9"
"GO:0033046","GO:0033046","negative regulation of sister chromatid segregation",32,0.241601636208673,0.829761101008752,0.744101633393829,0.86838379558902,0.72201558009774,1896,"tags=28%, list=20%, signal=23%","Arhgap33os/Mad1l1/Fbxo5/Cenpe/Atm/Ndc80/Cdk5rap2/Bub1b/Xrcc3"
"GO:0033048","GO:0033048","negative regulation of mitotic sister chromatid segregation",32,0.241601636208673,0.829761101008752,0.744101633393829,0.86838379558902,0.72201558009774,1896,"tags=28%, list=20%, signal=23%","Arhgap33os/Mad1l1/Fbxo5/Cenpe/Atm/Ndc80/Cdk5rap2/Bub1b/Xrcc3"
"GO:0045841","GO:0045841","negative regulation of mitotic metaphase/anaphase transition",32,0.241601636208673,0.829761101008752,0.744101633393829,0.86838379558902,0.72201558009774,1896,"tags=28%, list=20%, signal=23%","Arhgap33os/Mad1l1/Fbxo5/Cenpe/Atm/Ndc80/Cdk5rap2/Bub1b/Xrcc3"
"GO:2000816","GO:2000816","negative regulation of mitotic sister chromatid separation",32,0.241601636208673,0.829761101008752,0.744101633393829,0.86838379558902,0.72201558009774,1896,"tags=28%, list=20%, signal=23%","Arhgap33os/Mad1l1/Fbxo5/Cenpe/Atm/Ndc80/Cdk5rap2/Bub1b/Xrcc3"
"GO:0046628","GO:0046628","positive regulation of insulin receptor signaling pathway",21,-0.255552972330119,-0.800815331227768,0.743589743589744,0.86838379558902,0.72201558009774,1839,"tags=48%, list=19%, signal=38%","Pak1/Mfn2/Marcks/Ptpn1/Prkcz/Ptpn11/Adipor1/Sorl1/Ctsd/Tsc2"
"GO:0006260","GO:0006260","DNA replication",177,0.189308922444535,0.889191831823607,0.746218487394958,0.86850130611749,0.722113283938843,1956,"tags=23%, list=21%, signal=18%","Nfia/Dach1/Rbms1/Egfr/Eme2/Baz1a/Atg7/Map2k4/Mms22l/Ino80/Atad5/Bod1l/Mcm9/Samhd1/Fbxo5/Ankrd17/Asf1a/Jade3/Fgfr1/Actl6a/Top1/Brca1/Cinp/Rbbp6/Polh/Polq/Wrn/Wapl/Rad50/Jade2/Usp37/Rpa1/Gins3/Stn1/Rbbp8/Orc5/Mapk15/Nbn/Fhit/Dnajc2"
"GO:0071466","GO:0071466","cellular response to xenobiotic stimulus",70,0.212707230388893,0.857468715941604,0.745454545454545,0.86850130611749,0.722113283938843,1091,"tags=16%, list=12%, signal=14%","Rora/Kcnc1/Fmo3/Egfr/Aox4/Asic2/Rest/Kcne2/Aox1/Gstm4/Tfrc"
"GO:0048512","GO:0048512","circadian behavior",42,0.233647120037194,0.8541986121334,0.745487364620939,0.86850130611749,0.722113283938843,847,"tags=14%, list=9%, signal=13%","Six3/Per3/Kcnd2/Nr1d2/Ncoa2/Mtnr1b"
"GO:0032206","GO:0032206","positive regulation of telomere maintenance",55,-0.212389391285098,-0.851013666208527,0.745958429561201,0.86850130611749,0.722113283938843,2906,"tags=35%, list=31%, signal=24%","Tnks2/Pot1b/Pkib/Slx4/Naf1/Uchl5/Cct5/Sirt6/Nvl/Tnks/Slx1b/Ruvbl1/Cct2/Cct4/Terf2ip/Ctnnb1/Cct8/Ptges3/Hnrnpa2b1"
"GO:0018198","GO:0018198","peptidyl-cysteine modification",25,-0.247188877617611,-0.813697460593378,0.746236559139785,0.86850130611749,0.722113283938843,2916,"tags=48%, list=31%, signal=33%","Snta1/Zdhhc3/Prdx3/Zdhhc15/Rab3b/Chchd4/Park7/Nos2/Zdhhc7/Gapdh/Ncoa7/Rab6a"
"GO:0002690","GO:0002690","positive regulation of leukocyte chemotaxis",42,0.233178909292298,0.852486864227357,0.747292418772563,0.868894763433488,0.72244042306062,2068,"tags=26%, list=22%, signal=21%","Wnk1/Ptk2/Nedd9/Cd74/Swap70/Spi1/Mospd2/Tirap/Rac2/Ano6/Vegfa"
"GO:0015800","GO:0015800","acidic amino acid transport",56,0.218624186966169,0.848318850261524,0.747779751332149,0.868894763433488,0.72244042306062,1373,"tags=20%, list=14%, signal=17%","Slc1a2/Slc6a1/Epm2a/Prkg1/Ntsr1/Nr3c1/Ttyh3/Vps54/Bdnf/Nherf1/Slc1a4"
"GO:0071868","GO:0071868","cellular response to monoamine stimulus",33,0.235511327394469,0.816752681595681,0.747714808043876,0.868894763433488,0.72244042306062,348,"tags=9%, list=4%, signal=9%","Adcy5/Prkd1/Htr7"
"GO:0071870","GO:0071870","cellular response to catecholamine stimulus",33,0.235511327394469,0.816752681595681,0.747714808043876,0.868894763433488,0.72244042306062,348,"tags=9%, list=4%, signal=9%","Adcy5/Prkd1/Htr7"
"GO:2000379","GO:2000379","positive regulation of reactive oxygen species metabolic process",41,-0.217666518318789,-0.820545316462798,0.748329621380846,0.869183499018269,0.722680491555448,2603,"tags=39%, list=27%, signal=28%","Pdgfb/Grin1/Tspo/Ptk2b/Snca/Gnai3/Park7/Nox4/Rab27a/Ogt/Romo1/Rnf41/Mapt/Sod1/Acod1/Sod2"
"GO:0018205","GO:0018205","peptidyl-lysine modification",92,-0.195806565591357,-0.873708881389208,0.748868778280543,0.869459563832965,0.722910024969522,1590,"tags=21%, list=17%, signal=17%","Sae1/Eef1akmt2/Lipt2/Vipas39/Trim28/Hmg20b/Sirt3/Plod1/Egr2/Eef1akmt1/Tollip/Egr1/Ctnnb1/Rasd2/Ndufab1/Bloc1s1/Smyd2/Kat2a/Stx1a"
"GO:0044818","GO:0044818","mitotic G2/M transition checkpoint",39,0.229314165139625,0.826829128857234,0.750452079566004,0.870947202200545,0.724146918246895,1904,"tags=26%, list=20%, signal=21%","D7Ertd443e/Taok1/Foxn3/Brca1/Rad50/Taok3/Atm/Rbbp8/Creb3l1/Nbn"
"GO:0033044","GO:0033044","regulation of chromosome organization",161,-0.182714337644231,-0.886091797738486,0.751184834123223,0.871292766000712,0.724434236422228,1781,"tags=20%, list=19%, signal=16%","Sfpq/Nvl/Rad21/Smarca5/Tnks/Anapc5/Zw10/Slx1b/Cdc27/Smarcb1/Ruvbl1/Cct2/Anapc4/Hdac8/Cct4/Terf2ip/Dync1li1/Cenpv/Smg1/Bub3/Anapc7/Trip13/Numa1/Ctnnb1/Smg5/Mcph1/Cct8/Lcmt1/Ptges3/Ctc1/Hnrnpa2b1/Smarcc2"
"GO:1903305","GO:1903305","regulation of regulated secretory pathway",94,-0.19485035020174,-0.870931024071748,0.752252252252252,0.871292766000712,0.724434236422228,1775,"tags=22%, list=19%, signal=18%","Rab27a/Htr1b/Cdk5r2/Snap29/Lrrk2/Trim9/Abr/Arf1/Rab3a/Tprg1l/Prkcb/Adra2a/Rph3a/Dnm1l/Vps18/Slc4a8/Stxbp1/Pfn2/Rabgef1/Sv2b/Stx1a"
"GO:0042058","GO:0042058","regulation of epidermal growth factor receptor signaling pathway",43,0.230489509720933,0.848295166077108,0.752260397830018,0.871292766000712,0.724434236422228,2058,"tags=26%, list=22%, signal=20%","Ptprf/Egfr/Snx5/Dab2ip/Ccdc88a/Spry2/Socs5/Zfyve28/Ptpn12/Cblb/Esr2"
"GO:0032892","GO:0032892","positive regulation of organic acid transport",32,0.238321199228252,0.818494707935515,0.751361161524501,0.871292766000712,0.724434236422228,1379,"tags=19%, list=15%, signal=16%","Slc6a1/Sstr4/Ntsr1/Nr3c1/Slc38a1/Mapk9"
"GO:0030261","GO:0030261","chromosome condensation",21,-0.252992985705086,-0.792793211514692,0.752136752136752,0.871292766000712,0.724434236422228,1735,"tags=29%, list=18%, signal=23%","Smarca5/Phf13/Acin1/Chmp1a/Fbxo30/Mcph1"
"GO:0031623","GO:0031623","receptor internalization",106,0.197320540487982,0.858592786819244,0.753472222222222,0.87223231989425,0.725215426205964,2078,"tags=30%, list=22%, signal=24%","Necab2/Pard3/Tbc1d5/Calcrl/Magi2/Mtmr2/Ptpn5/Cacng4/Tspan7/Tfrc/Efnb2/Ankrd13a/Egf/Itch/Rab31/Rabep1/Scrib/Mkln1/Ap3m1/Cacng2/Myo6/Grb2/Iqsec1/Sirt2/Rnf216/Cblb/Numb/Dnm3/Angpt1/Gria1/Vegfa/Gria2"
"GO:2000463","GO:2000463","positive regulation of excitatory postsynaptic potential",34,0.234972990297334,0.820036444035318,0.753676470588235,0.87223231989425,0.725215426205964,1264,"tags=18%, list=13%, signal=15%","Adrb2/Igsf11/Nrxn1/Wnt7a/Cux2/Afdn"
"GO:0032273","GO:0032273","positive regulation of protein polymerization",51,0.219775065792954,0.837486267432043,0.754850088183421,0.873240134103886,0.726053370862345,2063,"tags=31%, list=22%, signal=25%","Slain1/Carmil1/Arf6/Akap9/Nck2/Tenm1/Nav3/Ttbk1/Ambra1/Prkce/Cdk5rap2/Mtor/Grb2/Cracd/Fmn1/Pde4dip"
"GO:0042445","GO:0042445","hormone metabolic process",102,-0.191399366907254,-0.867599975959879,0.756756756756757,0.874744082760115,0.72730382528927,1839,"tags=22%, list=19%, signal=18%","Ptpn11/Ero1b/Stub1/Hsd17b11/Selenom/Pcsk2/Prep/Comt/Stc2/Cyp2d22/Sdr16c5/Ctsb/Reln/Egr1/P4hb/Slc30a8/Akr1d1/Dhrs11/Papss2/Pdgfra/Cyp19a1/Scp2"
"GO:0040001","GO:0040001","establishment of mitotic spindle localization",31,-0.227698612638616,-0.800686460855384,0.756637168141593,0.874744082760115,0.72730382528927,1529,"tags=23%, list=16%, signal=19%","Zw10/Spry1/Arhgef2/Numa1/Pafah1b1/Nsfl1c/Mcph1"
"GO:0048167","GO:0048167","regulation of synaptic plasticity",179,-0.18375300083551,-0.898531436711333,0.760493827160494,0.875904232240761,0.728268428733649,1945,"tags=24%, list=21%, signal=19%","Snap25/Lrrtm1/Nsg1/Ncstn/Gfap/Mpp2/S100b/Pick1/Shisa6/Ywhag/Stau1/Snap47/Nsmf/Shank3/Kras/Abhd6/Arf1/Rab3a/Cpeb1/Arc/Rab8a/Egr2/Ckap5/Ssh1/Rasgrf1/Dbi/Nf1/Reln/Fxr1/Egr1/Mapt/Slc4a10/Paip2/Rac1/Stxbp1/Chrdl1/Crhr2/Calhm2/Gipc1/Cplx2/Neurod2/Kit/Kat2a"
"GO:0071456","GO:0071456","cellular response to hypoxia",97,-0.193295859221823,-0.87056333606588,0.760089686098655,0.875904232240761,0.728268428733649,1386,"tags=22%, list=15%, signal=19%","Aqp1/Zfp36l1/Ireb2/Phb2/Bnip3l/Cpeb1/Stc2/Eno1/Ogt/Ppard/Pdk1/Dnm1l/P4hb/Map2k1/Ccna2/Sdhd/Usp19/Bnip3/Fos/Higd1a/Fam162a"
"GO:0035966","GO:0035966","response to topologically incorrect protein",100,-0.192646719905374,-0.868229381643048,0.758465011286682,0.875904232240761,0.728268428733649,3010,"tags=34%, list=32%, signal=23%","Xbp1/Ufl1/Hsph1/Ptpn1/Tmem33/Manf/Yod1/Rhbdd1/Qrich1/Amfr/Ufd1/Creb3l2/Eif2ak2/Tm7sf3/Hspd1/Derl1/Stub1/Sdf2l1/Jkamp/Dnajb14/Edem2/Eif2s1/Tmed2/Optn/Stc2/Ficd/Serp1/Ubr4/Parp16/Dnajb9/Atxn3/Cops5/Hspa4l/Bok"
"GO:0032606","GO:0032606","type I interferon production",64,0.212874686212599,0.847474058592409,0.760213143872114,0.875904232240761,0.728268428733649,1912,"tags=23%, list=20%, signal=19%","Zbtb20/Qki/Irf7/Crebbp/Polr3f/Ptprs/Tank/Irf8/Chuk/Ap3d1/Traf3ip1/Tirap/Irf1/Rel/Rnf216"
"GO:0098974","GO:0098974","postsynaptic actin cytoskeleton organization",22,0.255396911198388,0.803724959826511,0.760299625468165,0.875904232240761,0.728268428733649,1997,"tags=36%, list=21%, signal=29%","Farp1/Abi2/Arhgef7/Wasl/Frmpd4/Dbn1/Adgrb1/Myh10"
"GO:1901524","GO:1901524","regulation of mitophagy",30,-0.231622602010834,-0.803230451759067,0.759009009009009,0.875904232240761,0.728268428733649,2258,"tags=40%, list=24%, signal=31%","Cttn/Usp30/Parl/Stub1/Fbxo7/Slc25a5/Tomm7/Vdac1/Bnip3l/Ube2a/Dnm1l/Rnf41"
"GO:0046466","GO:0046466","membrane lipid catabolic process",22,0.254541343381744,0.801032518458155,0.760299625468165,0.875904232240761,0.728268428733649,1929,"tags=32%, list=20%, signal=25%","Smpd3/Enpp2/Smpdl3b/Vps54/Prkcd/Smpd2/Acer3"
"GO:0006390","GO:0006390","mitochondrial transcription",20,-0.259550625630949,-0.799564437194032,0.759825327510917,0.875904232240761,0.728268428733649,2165,"tags=35%, list=23%, signal=27%","Polr2b/Tfam/Tfb2m/Kansl3/Mterf3/Sirt3/Polrmt"
"GO:0072210","GO:0072210","metanephric nephron development",20,0.25454473751046,0.785788179896572,0.759191176470588,0.875904232240761,0.728268428733649,1954,"tags=35%, list=21%, signal=28%","Pkd1/Sox9/Lgr4/Pdgfrb/Wnt4/Ret/Fmn1"
"GO:0051968","GO:0051968","positive regulation of synaptic transmission, glutamatergic",27,0.244462636395209,0.805938211286927,0.760869565217391,0.875987156122538,0.728337375592065,1521,"tags=22%, list=16%, signal=19%","Egfr/Nrxn1/Cacng4/Tshz3/Cckbr/Cacng2"
"GO:1901136","GO:1901136","carbohydrate derivative catabolic process",143,-0.185067198676358,-0.879051286213774,0.76271186440678,0.876298361284423,0.728596126361747,2154,"tags=27%, list=23%, signal=21%","Hexa/Sirt6/Psap/Prkaa2/Nudt4/Pgk1/Nt5m/Stat3/Gm2a/Neu2/Neu3/Nt5e/Gusb/Ddit4/Edem2/Entpd4/Fkrp/Pfkfb2/Gapdh/Uchl1/Ampd3/Eno2/Eno1/Pfkl/Ogt/Pkm/Nudt1/Gpi1/Eif6/Ppp2ca/Bpgm/Hprt1/Pgam1/Gns/Itpa/Gale/Lct/Esrrb"
"GO:0010389","GO:0010389","regulation of G2/M transition of mitotic cell cycle",73,0.210650920981726,0.857380824938023,0.76268115942029,0.876298361284423,0.728596126361747,2065,"tags=27%, list=22%, signal=22%","Cenpf/Cdk6/D7Ertd443e/Taok1/Fbxo5/Foxn3/Brca1/Rcc2/Pinx1/Rad50/Taok3/Atm/Kif14/Rnaseh2b/Rbbp8/Mta3/Creb3l1/Nbn/Prkcq/Usp47"
"GO:0006809","GO:0006809","nitric oxide biosynthetic process",36,0.236878447061252,0.834385698608327,0.762081784386617,0.876298361284423,0.728596126361747,3108,"tags=42%, list=33%, signal=28%","Rora/Smpd3/Nfatc3/Mapk9/Mtor/Pik3cb/Agt/Oprm1/Rock2/Mtarc2/Acvr2a/Atp2b4/Wdr35/Hsp90ab1/Ptgs2"
"GO:1905517","GO:1905517","macrophage migration",24,0.252382807539482,0.805630051036223,0.762962962962963,0.876298361284423,0.728596126361747,957,"tags=17%, list=10%, signal=15%","Ninj1/Ptk2/Bcr/Cklf"
"GO:1900037","GO:1900037","regulation of cellular response to hypoxia",21,-0.24899695724242,-0.780271029409951,0.762820512820513,0.876298361284423,0.728596126361747,1118,"tags=29%, list=12%, signal=25%","Chchd2/Stat3/Eno1/Ogt/Map2k1/Usp19"
"GO:0035162","GO:0035162","embryonic hemopoiesis",22,-0.244952779197673,-0.776484328465938,0.762820512820513,0.876298361284423,0.728596126361747,149,"tags=18%, list=2%, signal=18%","Stk4/Kdm1a/Kit/Hscb"
"GO:0043604","GO:0043604","amide biosynthetic process",102,0.200560684494449,0.862960322409193,0.763440860215054,0.876498185055818,0.728762269347089,1836,"tags=23%, list=19%, signal=18%","Slc1a2/Smpd3/Elovl5/Sgms1/Sptlc3/B3galt1/St6galnac3/Sptlc2/Agmat/Elovl6/St3gal1/St8sia2/Gcdh/Agk/St6galnac6/Dip2a/Gclm/Prkcd/St3gal3/Tpk1/Acaca/Smpd2/Eif2ak3"
"GO:0016053","GO:0016053","organic acid biosynthetic process",164,0.19054323731775,0.879455833889136,0.764298093587522,0.877133188184008,0.729290241142846,1894,"tags=25%, list=20%, signal=20%","Scd4/Insig1/Qki/Fmo3/Elovl5/Fads2b/Elovl2/Gad2/Scap/Srebf1/Mid1ip1/Mtrr/Acsbg2/Elovl6/Acsbg1/Hao1/Cd74/Gls/Mgll/Dcaf5/Mthfd1l/Sephs1/Brca1/Prox1/Gstm4/Slc38a1/Abhd3/Mapk9/Mthfd1/Phgdh/Rdh10/Cyp7b1/Srr/Nr1h3/Acaca/Gamt/Prkag1/Csad/Tbxas1/Mtr/Sirt2"
"GO:0007286","GO:0007286","spermatid development",107,-0.192516614188832,-0.873366653084481,0.766355140186916,0.877747507664442,0.729801015570333,1639,"tags=21%, list=17%, signal=17%","Rab1a/Hspa2/Nsun2/Abhd2/Cfap69/Piwil1/Hmgb2/Spag6l/Pebp1/Tbc1d20/Trip13/Fxr1/Pafah1b1/Adgb/Chn2/Dld/Slirp/Rec8/Rsph1/Kit/Ube2b/Spag16"
"GO:0043122","GO:0043122","regulation of canonical NF-kappaB signal transduction",121,0.194032657108051,0.863884308239009,0.765625,0.877747507664442,0.729801015570333,2513,"tags=33%, list=27%, signal=25%","Rora/Prkn/Prkd1/Lims1/Btrc/Otud7b/Cd74/Ankrd17/Trim8/Dab2ip/Zmynd11/Tank/Tfrc/Abl1/Akap13/Mid2/Trim25/Ube2i/Eda/Map3k7/Chuk/Tab3/Nfat5/Card9/Map2k5/Prkce/Tirap/Tab2/Nkiras2/Angpt1/Tnfrsf19/Jmjd8/Tspan6/Agt/Trim62/Traf4/Map3k3/Stat1/Tnip1/Zc3hav1"
"GO:0003014","GO:0003014","renal system process",63,-0.206737967280077,-0.850435963066732,0.76605504587156,0.877747507664442,0.729801015570333,247,"tags=37%, list=3%, signal=36%","Kirrel1/Gas6/Prkrip1/Ptger3/Pdgfb/Xpnpep3/Akr1b1/Lgmn/Psap/Wnk4/Sulf1/Sulf2/Akap11/Aqp1/Tmem63c/Comt/Clcn5/Has2/Coro2b/Rrm2b/Amn/Inpp5k/Oprl1"
"GO:0046626","GO:0046626","regulation of insulin receptor signaling pathway",49,-0.21513899762329,-0.839178496713335,0.766355140186916,0.877747507664442,0.729801015570333,1382,"tags=20%, list=15%, signal=18%","Adipor1/Sorl1/Rps6kb1/Ogt/Grb14/Pip4k2b/Ctsd/Prkcb/Tsc2/Inpp5k"
"GO:1902683","GO:1902683","regulation of receptor localization to synapse",27,0.24207126191101,0.79805438861884,0.766304347826087,0.877747507664442,0.729801015570333,1365,"tags=19%, list=14%, signal=16%","Kalrn/Magi2/Tnik/Gpc4/Gpc6"
"GO:0033013","GO:0033013","tetrapyrrole metabolic process",40,-0.217399557215098,-0.809677544494512,0.767857142857143,0.879118697895991,0.730941088330194,3217,"tags=52%, list=34%, signal=35%","Urod/Mmadhc/Rsad1/Slc11a2/Ank1/Cyb5r4/Slc48a1/Uros/Pgrmc1/Bdh2/Tmem14c/Alas1/Srrd/Ireb2/Hmbs/Snx3/Hmox2/Tmem14a/Alad/Amn/Mmaa"
"GO:0031397","GO:0031397","negative regulation of protein ubiquitination",48,-0.214379729112299,-0.834918919258396,0.769751693002257,0.880771431479993,0.73231524962093,1447,"tags=23%, list=15%, signal=20%","Gclc/Mad2l2/Limk1/Svbp/Ogt/Hdac8/Rpl23/Rpl5/Rasd2/Arrb1/Cry1"
"GO:0051491","GO:0051491","positive regulation of filopodium assembly",31,-0.225238576040132,-0.792035911891603,0.769911504424779,0.880771431479993,0.73231524962093,2427,"tags=32%, list=26%, signal=24%","Ripor2/Cdc42/Neurl1a/Actr3/Tgfb3/Rala/Tenm2/Fscn1/Rac1/Nrp1"
"GO:0006805","GO:0006805","xenobiotic metabolic process",31,0.237526506787404,0.803897748869782,0.770909090909091,0.881562973109365,0.732973374970119,1086,"tags=16%, list=11%, signal=14%","Rora/Fmo3/Aox4/Aox1/Gstm4"
"GO:0170035","GO:0170035","L-amino acid catabolic process",37,-0.221437095473919,-0.807279694331583,0.771929824561403,0.8821212522314,0.733437554778863,2715,"tags=38%, list=29%, signal=27%","Tdh/Ahcyl/Tdo2/Mccc1/Dlst/Got1/Nos2/Arg2/Asrgl1/Gcat/Oat/Got2/Qdpr/Aadat"
"GO:1905145","GO:1905145","cellular response to acetylcholine",29,-0.23034382139087,-0.790635806125258,0.772009029345372,0.8821212522314,0.733437554778863,1345,"tags=21%, list=14%, signal=18%","Anxa7/Rgs8/Crkl/Cdk5r1/Prkcb/Chrm5"
"GO:0009566","GO:0009566","fertilization",86,0.203512453174187,0.852572379240448,0.772646536412078,0.88235843882861,0.733634762994224,898,"tags=14%, list=9%, signal=13%","Spag1/Slc22a16/Fndc3a/Nr2f2/Zfx/Rad21l/Iftap/Kmt2c/Plat/Aaas/Plcb1/Antxr2"
"GO:0048524","GO:0048524","positive regulation of viral process",41,-0.214148562257121,-0.807283550747889,0.7728285077951,0.88235843882861,0.733634762994224,2789,"tags=51%, list=29%, signal=36%","Vapb/Rab7/Atg5/Hmgb1/Vps4a/Nr5a2/Rad23a/Tarbp2/Lgals1/Cnot7/Adarb1/Ppia/Ppih/Bsg/Hacd3/Stau1/Ddx3x/Kpna6/Tbc1d20/P4hb/Ddb1"
"GO:0007631","GO:0007631","feeding behavior",67,-0.200560775885777,-0.839228477279642,0.775,0.883851553604028,0.734876209617482,2135,"tags=28%, list=23%, signal=22%","Sgip1/Oprk1/Ift88/Usp46/Uchl3/Cpt1a/Stat3/Htr1b/Mrap2/Cfap20/Uchl1/Cck/Nr4a3/a/Npy5r/Crhr2/Unc79/Fos/Oprl1"
"GO:0055117","GO:0055117","regulation of cardiac muscle contraction",39,-0.21861974569666,-0.809467940530748,0.775055679287305,0.883851553604028,0.734876209617482,1020,"tags=36%, list=11%, signal=32%","Atp2a2/Calm1/P2rx4/Hcn4/Dlg1/Ehd3/Rgs2/Jup/Bin1/Sri/Pkp2/Calm2/Ccn2/Myh7b"
"GO:1905562","GO:1905562","regulation of vascular endothelial cell proliferation",23,-0.241477385238437,-0.775368924238892,0.774946921443737,0.883851553604028,0.734876209617482,2773,"tags=48%, list=29%, signal=34%","Nrarp/Hmgb1/Mdk/Adam17/Aldh1a2/Sirt6/Sp1/Stat3/Itga4/Tsc2/Flt1"
"GO:0031113","GO:0031113","regulation of microtubule polymerization",37,0.229375109452422,0.816891836360498,0.776556776556777,0.88521333738725,0.736008461408919,2069,"tags=30%, list=22%, signal=23%","Slain1/Akap9/Nav3/Map2/Camsap2/Abl1/Arhgef7/Clasp2/Cdk5rap2/Pde4dip/Tbcd"
"GO:0001824","GO:0001824","blastocyst development",98,0.201242558389081,0.856621608932588,0.777576853526221,0.88567600535925,0.736393145561125,2282,"tags=30%, list=24%, signal=23%","Yap1/Bcor/Cnot2/Dmbt1/Lats1/Thoc2/Pbrm1/Actl6a/Mfng/Tet1/Grn/Uspl1/Cops2/Tead4/Agbl4/Tjp1/Stmn3/Hbegf/Taf8/Tbl1xr1/Rbbp8/Nbn/Atp1b1/Mxi1/Pemt/Nle1/Matr3/Ctr9/Srf"
"GO:0050818","GO:0050818","regulation of coagulation",28,0.237919524232133,0.790505123704516,0.77737881508079,0.88567600535925,0.736393145561125,2892,"tags=46%, list=31%, signal=32%","Tfpi/Plat/Prkg1/Prkcd/Angpt2/Ano6/Angpt1/Adtrp/Enpp4/Ephb2/Hs3st5/Emilin2/St3gal4"
"GO:0002931","GO:0002931","response to ischemia",40,0.223690850605462,0.808487618948763,0.77797833935018,0.88578347046424,0.736482497159479,683,"tags=10%, list=7%, signal=9%","Bcl2/Cpeb4/Cib1/Rest"
"GO:0015718","GO:0015718","monocarboxylic acid transport",62,-0.205574577187766,-0.845457362203722,0.779043280182232,0.886296181477538,0.736908789475812,2335,"tags=34%, list=25%, signal=26%","Slco3a1/Pnpla8/Crabp1/Lypla1/Fabp3/Nos2/Lhcgr/Fabp6/Slc25a17/Fabp7/Mpc1/Pla2r1/Rps6kb1/Irs2/Ppard/Mif/Abcc1/Got2/Atp5pf/Fabp5/Mpc2"
"GO:0085029","GO:0085029","extracellular matrix assembly",29,-0.227764628071704,-0.781782941842906,0.778781038374718,0.886296181477538,0.736908789475812,388,"tags=28%, list=4%, signal=27%","Gas6/Thsd4/Antxr1/Prickle1/Mad2l2/Lamb1/Ltbp4/Has2"
"GO:0090075","GO:0090075","relaxation of muscle",25,0.24288794987145,0.780152784941646,0.780260707635009,0.887331183288394,0.737769339196643,2096,"tags=28%, list=22%, signal=22%","Slc8a1/Prkg1/Pde5a/Pawr/Camk2g/Atp1b1/Gsn"
"GO:0061001","GO:0061001","regulation of dendritic spine morphogenesis",52,0.218210270279749,0.831357623082574,0.781362007168459,0.888233357774472,0.738519449963591,1264,"tags=17%, list=13%, signal=15%","Kalrn/Lrp8/Il1rapl1/Epha4/Stau2/Abi2/Cux2/Cask/Afdn"
"GO:0030833","GO:0030833","regulation of actin filament polymerization",87,0.200061386589367,0.842425170686477,0.783303730017762,0.890089817719159,0.740062999037975,2096,"tags=28%, list=22%, signal=22%","Fhod3/Pecam1/Prex1/Carmil1/Lats1/Arf6/Nck2/Tenm1/Add3/Sptb/Eps8/Svil/Daam2/Prkcd/Prkce/Mtor/Grb2/Arfgef1/Cracd/Dbn1/Fmn1/Ssh3/Arhgap28/Gsn"
"GO:0007009","GO:0007009","plasma membrane organization",92,-0.192334264737675,-0.858215120566864,0.785067873303167,0.890340443022546,0.740271380832674,651,"tags=36%, list=7%, signal=34%","Atp2a2/Syt7/Fnbp1l/Dysf/Tpst2/Iqgap1/Clptm1l/Trpc5/Micall1/Baiap2/Psap/Atg9b/Osbpl2/Chmp4b/Chmp3/Ehd2/Chmp7/Rab3a/Chmp1a/Colec12/Bin1/Bin3/Sod1/Ilk/A4galt/Vps4b/Glipr1l1/Pacsin2/Chmp5/Chmp2b/Vdac2/Chmp2a/Pacsin1"
"GO:0002637","GO:0002637","regulation of immunoglobulin production",34,0.228639893447285,0.797934455997995,0.784926470588235,0.890340443022546,0.740271380832674,1275,"tags=21%, list=13%, signal=18%","Shld2/Atad5/Rif1/Ptprc/Kmt5b/Tfrc/Paxip1"
"GO:0017158","GO:0017158","regulation of calcium ion-dependent exocytosis",35,-0.218763037283934,-0.791880082070901,0.784782608695652,0.890340443022546,0.740271380832674,1657,"tags=23%, list=17%, signal=19%","Cdk5r2/Trim9/Arf1/Rab3a/Adra2a/Rph3a/Stxbp1/Stx1a"
"GO:0001832","GO:0001832","blastocyst growth",20,-0.255850927133712,-0.78816724892088,0.783842794759825,0.890340443022546,0.740271380832674,205,"tags=25%, list=2%, signal=25%","Sbds/Brca2/Ints1/Setdb1/Esrrb"
"GO:0051125","GO:0051125","regulation of actin nucleation",27,-0.226654050102205,-0.766562050384025,0.784444444444444,0.890340443022546,0.740271380832674,568,"tags=15%, list=6%, signal=14%","Nckap1/Ap1ar/Cyfip1/Rnh1"
"GO:0031123","GO:0031123","RNA 3'-end processing",65,-0.200183007288714,-0.832721769180862,0.786036036036036,0.891088021984248,0.740892953529498,2756,"tags=35%, list=29%, signal=25%","Ints12/Pabpn1/Toe1/Tent4b/Ints2/Rprd2/Zcchc8/Cstf2/Elac2/Leo1/Exosc9/Ints14/Ssb/Zfp36l1/Exosc3/Ints1/Mtpap/Cpeb1/Nudt21/Ints8/Ncbp2/Ahcyl1/Rps21"
"GO:0098732","GO:0098732","macromolecule deacylation",45,0.224657681362922,0.832162477811198,0.787119856887299,0.891615737338166,0.741331721168093,728,"tags=13%, list=8%, signal=12%","Ncor2/Hdac4/Spred1/Ep300/Lyplal1/Spred2"
"GO:0035850","GO:0035850","epithelial cell differentiation involved in kidney development",29,0.234811108945593,0.787614698642555,0.787119856887299,0.891615737338166,0.741331721168093,2177,"tags=28%, list=23%, signal=21%","Yap1/Magi2/Ext1/Mtss1/Ptpro/Ampd2/Prkx/Myo1e"
"GO:0045807","GO:0045807","positive regulation of endocytosis",103,0.196649729453323,0.851621084992518,0.789103690685413,0.89249104859335,0.742059496567506,1372,"tags=18%, list=14%, signal=16%","Gpc3/B2m/Pard3/Tbc1d5/Magi2/Ptk2/Bicd1/Ptpn5/Ppp3ca/Ptprc/Bcr/Apoa1/Appl2/Lrp2/Alms1/Egf/Rab31/Wasl/Itsn1"
"GO:0036294","GO:0036294","cellular response to decreased oxygen levels",105,0.196209208409252,0.851052263757256,0.788830715532286,0.89249104859335,0.742059496567506,523,"tags=10%, list=6%, signal=9%","Rora/Kcnk3/Adrb2/Bcl2/Cpeb4/Gad2/Epha4/Foxo3/Ep300/Kcnd2"
"GO:0014037","GO:0014037","Schwann cell differentiation",35,-0.21830871077079,-0.790235507553275,0.789130434782609,0.89249104859335,0.742059496567506,1941,"tags=29%, list=20%, signal=23%","Lama2/Med12/Bag1/Adgrg6/Egr2/Ppp3r1/Nf1/Sod1/Ilk/Map2k1"
"GO:0045686","GO:0045686","negative regulation of glial cell differentiation",20,0.248919931889887,0.768424215455231,0.788602941176471,0.89249104859335,0.742059496567506,1894,"tags=30%, list=20%, signal=24%","Dab1/Fgfr3/Daam2/Gpr37l1/Lingo1/Sirt2"
"GO:0030832","GO:0030832","regulation of actin filament length",104,0.196895352417502,0.85153345135507,0.790123456790123,0.892868566306956,0.742373382745911,2096,"tags=27%, list=22%, signal=21%","Fhod3/Pecam1/Myo3b/Prex1/Carmil1/Sema5a/Lats1/Arf6/Nck2/Tenm1/Add3/Sptb/Eps8/Svil/Daam2/Swap70/Prkcd/Prkce/Mtor/Grb2/Arfgef1/Cracd/Dbn1/Fmn1/Ssh3/Arhgap28/Myo3a/Gsn"
"GO:0055022","GO:0055022","negative regulation of cardiac muscle tissue growth",20,-0.251782824794994,-0.775635166021839,0.790393013100437,0.892868566306956,0.742373382745911,2088,"tags=30%, list=22%, signal=23%","Rgs4/Rgs2/Tomm70a/Cxadr/Jarid2/Sav1"
"GO:0061117","GO:0061117","negative regulation of heart growth",20,-0.251782824794994,-0.775635166021839,0.790393013100437,0.892868566306956,0.742373382745911,2088,"tags=30%, list=22%, signal=23%","Rgs4/Rgs2/Tomm70a/Cxadr/Jarid2/Sav1"
"GO:0000075","GO:0000075","cell cycle checkpoint signaling",129,0.190836127454984,0.860691928323953,0.796232876712329,0.893515804061617,0.742911526991884,1904,"tags=23%, list=20%, signal=19%","Eme2/Arhgap33os/Cul4a/D7Ertd443e/Mad1l1/Gnb1l/Taok1/Mtbp/Clock/Gigyf2/Diaph3/Foxn3/Brca1/Prox1/Dtx3l/Ints7/Cdc5lrt1/Cenpe/Rad50/Ercc6/Taok3/Atm/Rnaseh2b/Ndc80/Rbbp8/Cdk5rap2/Bub1b/Creb3l1/Xrcc3/Nbn"
"GO:0071214","GO:0071214","cellular response to abiotic stimulus",190,0.181441503935475,0.859402537657729,0.793220338983051,0.893515804061617,0.742911526991884,2135,"tags=24%, list=23%, signal=19%","Kcnk3/Mkx/Egfr/Ninj1/Yap1/Wnk1/Cul4a/Asic2/Map2k4/Nlk/Ep300/Ino80/Ptprk/Clcn2/Rest/Crebbp/Sox9/Chp1/Clock/Brca1/Tank/Spidr/Tmem161a/Polh/Ints7/Wrn/Mtch2/Mapk9/Atm/Prkcd/Slc9a1/Piezo2/Myo6/Mtor/Bag3/Grb2/Irf1/Usp15/Cradd/Mmp2/Rpgr/Usp47/Xpc/Tlk2/Mcoln1/Slc2a1"
"GO:0104004","GO:0104004","cellular response to environmental stimulus",190,0.181441503935475,0.859402537657729,0.793220338983051,0.893515804061617,0.742911526991884,2135,"tags=24%, list=23%, signal=19%","Kcnk3/Mkx/Egfr/Ninj1/Yap1/Wnk1/Cul4a/Asic2/Map2k4/Nlk/Ep300/Ino80/Ptprk/Clcn2/Rest/Crebbp/Sox9/Chp1/Clock/Brca1/Tank/Spidr/Tmem161a/Polh/Ints7/Wrn/Mtch2/Mapk9/Atm/Prkcd/Slc9a1/Piezo2/Myo6/Mtor/Bag3/Grb2/Irf1/Usp15/Cradd/Mmp2/Rpgr/Usp47/Xpc/Tlk2/Mcoln1/Slc2a1"
"GO:0044706","GO:0044706","multi-multicellular organism process",107,0.192945220458177,0.840465201137549,0.794425087108014,0.893515804061617,0.742911526991884,2758,"tags=36%, list=29%, signal=26%","Kalrn/Smurf2/Arid1a/Rxra/Nr2f2/Igfbp2/Pappa/Tekt3/Rxfp1/Igfbp5/Sts/Slc38a1/Dazap1/Grn/Cnr1/Tead4/Bmpr2/Angpt2/Mtor/Tacr1/Wnt4/Mmp2/Emp2/Vegfa/Slc2a1/Adipor2/Vmp1/Reck/Stox2/Oprm1/Adcy7/Dedd/Hyal3/Ube2q1/Bmal1/Acvr2a/Ythdf3/Polr1b/Calr"
"GO:0072698","GO:0072698","protein localization to microtubule cytoskeleton",43,0.225039662708607,0.828237511904413,0.792043399638336,0.893515804061617,0.742911526991884,1610,"tags=23%, list=17%, signal=19%","Bicd1/Cep250/Disc1/Ttbk2/Abl1/Mid2/Dctn2/Kif20b/Abhd17a/Stk3"
"GO:0097194","GO:0097194","execution phase of apoptosis",43,0.223553849800048,0.822769115925996,0.793851717902351,0.893515804061617,0.742911526991884,1265,"tags=19%, list=13%, signal=16%","Taok1/Xkr6/Blcap/Casp7/Vps54/Trp53bp2/Xkr8/Dlc1"
"GO:0007622","GO:0007622","rhythmic behavior",43,0.223061631012877,0.82095755053929,0.793851717902351,0.893515804061617,0.742911526991884,847,"tags=14%, list=9%, signal=13%","Six3/Per3/Kcnd2/Nr1d2/Ncoa2/Mtnr1b"
"GO:0051653","GO:0051653","spindle localization",42,0.223296578666009,0.816357708840058,0.796028880866426,0.893515804061617,0.742911526991884,1746,"tags=26%, list=18%, signal=21%","Spire1/Clasp1/Insc/Sapcd2/Pax6/Spry2/Wasl/Clasp2/Enkd1/Ndc80/Cdk5rap2"
"GO:0006383","GO:0006383","transcription by RNA polymerase III",45,-0.208123367843539,-0.800413033988253,0.794582392776524,0.893515804061617,0.742911526991884,1772,"tags=22%, list=19%, signal=18%","Crcp/Smarca5/Sf3b1/Polr2l/Polr1d/Polrmt/Snapc5/Polr2e/Ddx21/Polr2f"
"GO:0030834","GO:0030834","regulation of actin filament depolymerization",39,-0.21423297862786,-0.793225366954175,0.795100222717149,0.893515804061617,0.742911526991884,2119,"tags=26%, list=22%, signal=20%","Add2/Wdr1/Twf2/Capza1b/Dmtn/Sptan1/Mtpn/Plekhh2/Dstn/Cfl2"
"GO:1900077","GO:1900077","negative regulation of cellular response to insulin stimulus",32,-0.222911087887751,-0.790226529012306,0.796008869179601,0.893515804061617,0.742911526991884,1105,"tags=19%, list=12%, signal=17%","Rps6kb1/Grb14/Pip4k2b/Prkcb/Tsc2/Inpp5k"
"GO:0008608","GO:0008608","attachment of spindle microtubules to kinetochore",27,0.237222494104652,0.7820690940543,0.791666666666667,0.893515804061617,0.742911526991884,2154,"tags=30%, list=23%, signal=23%","Arhgap33os/Mad1l1/Rcc2/Cenpe/Ndc80/Sirt2/Eml4/Hnrnpu"
"GO:0101023","GO:0101023","vascular endothelial cell proliferation",24,-0.240535834999514,-0.779775236586108,0.794372294372294,0.893515804061617,0.742911526991884,2773,"tags=46%, list=29%, signal=33%","Nrarp/Hmgb1/Mdk/Adam17/Aldh1a2/Sirt6/Sp1/Stat3/Itga4/Tsc2/Flt1"
"GO:0046823","GO:0046823","negative regulation of nucleocytoplasmic transport",21,0.245028914215832,0.762784804621332,0.794007490636704,0.893515804061617,0.742911526991884,2244,"tags=38%, list=24%, signal=29%","Chp1/Nup153/Rangap1/Mdfic/Apod/Angpt1/Cabp1/Fermt1"
"GO:0001835","GO:0001835","blastocyst hatching",23,-0.236688666342859,-0.759992644531038,0.796178343949045,0.893515804061617,0.742911526991884,1136,"tags=30%, list=12%, signal=27%","St8sia6/Slc25a34/Smarcb1/Ndufa2/Lpar6/Ube2a/Ppp4r4"
"GO:0035188","GO:0035188","hatching",23,-0.236688666342859,-0.759992644531038,0.796178343949045,0.893515804061617,0.742911526991884,1136,"tags=30%, list=12%, signal=27%","St8sia6/Slc25a34/Smarcb1/Ndufa2/Lpar6/Ube2a/Ppp4r4"
"GO:0071684","GO:0071684","organism emergence from protective structure",23,-0.236688666342859,-0.759992644531038,0.796178343949045,0.893515804061617,0.742911526991884,1136,"tags=30%, list=12%, signal=27%","St8sia6/Slc25a34/Smarcb1/Ndufa2/Lpar6/Ube2a/Ppp4r4"
"GO:0032091","GO:0032091","negative regulation of protein binding",45,0.22130509839233,0.819744056438067,0.799642218246869,0.895599284436494,0.744643831646957,1143,"tags=16%, list=12%, signal=14%","B2m/Ptprf/Rock1/Ttbk1/Itgb1bp1/Ttbk2/Pex14"
"GO:0046503","GO:0046503","glycerolipid catabolic process",33,0.225554917009083,0.782223875821042,0.79890310786106,0.895599284436494,0.744643831646957,998,"tags=15%, list=11%, signal=14%","Pla2g4d/Enpp2/Plcb1/Mgll/Pnpla7"
"GO:0045428","GO:0045428","regulation of nitric oxide biosynthetic process",27,0.235842086054671,0.777518199852009,0.798913043478261,0.895599284436494,0.744643831646957,3108,"tags=48%, list=33%, signal=32%","Smpd3/Nfatc3/Mapk9/Mtor/Pik3cb/Agt/Oprm1/Rock2/Acvr2a/Atp2b4/Wdr35/Hsp90ab1/Ptgs2"
"GO:0055090","GO:0055090","acylglycerol homeostasis",21,0.243522856607593,0.758096387084466,0.799625468164794,0.895599284436494,0.744643831646957,869,"tags=10%, list=9%, signal=9%","Rora/Apoa1"
"GO:0070328","GO:0070328","triglyceride homeostasis",21,0.243522856607593,0.758096387084466,0.799625468164794,0.895599284436494,0.744643831646957,869,"tags=10%, list=9%, signal=9%","Rora/Apoa1"
"GO:0046661","GO:0046661","male sex differentiation",95,0.198880047597115,0.846082855048718,0.800356506238859,0.895812747293066,0.744821314816266,1233,"tags=17%, list=13%, signal=15%","Tgfb2/Bcl2/Bmpr1a/Fndc3a/Greb1l/Rad21l/Arid4b/Atn1/Akap9/Sox9/Ago4/Asb1/Lgr4/Lrp2/Arid5b/Ncoa1"
"GO:0001938","GO:0001938","positive regulation of endothelial cell proliferation",56,0.210883805161661,0.818284150605894,0.801065719360568,0.895812747293066,0.744821314816266,1353,"tags=18%, list=14%, signal=15%","Agtr1b/Prkd1/Sema5a/Prkca/Fgfr3/Akt3/Fgfr1/Prox1/Egf/Jcad"
"GO:1905168","GO:1905168","positive regulation of double-strand break repair via homologous recombination",30,0.228935207401782,0.774111486018377,0.801075268817204,0.895812747293066,0.744821314816266,1627,"tags=23%, list=17%, signal=19%","Arid2/Crebbp/Actl6a/Epc1/Ing3/Ercc6/Mbtd1"
"GO:0021591","GO:0021591","ventricular system development",24,-0.238032414203009,-0.771659582867097,0.800865800865801,0.895812747293066,0.744821314816266,1606,"tags=25%, list=17%, signal=21%","Aqp1/Spag6l/Grcc10/Celsr2/Kdm2b/Dbi"
"GO:0065004","GO:0065004","protein-DNA complex assembly",109,0.192405049898479,0.841005122068641,0.802792321116928,0.896342645799931,0.745261897632033,1861,"tags=22%, list=20%, signal=18%","Hey2/Atad2b/Baz1a/Pias1/Ep300/Rsf1/Sox9/Trappc12/Asf1a/H1f0/Brd2/Taf5/Brf1/Smyd3/Cenpe/Thra/Ubn1/Taf8/Zfp827/Creb1/Taf3/Med24/Med19/Kat6b"
"GO:0002027","GO:0002027","regulation of heart rate",54,-0.205795643759775,-0.822937750858416,0.802298850574713,0.896342645799931,0.745261897632033,1025,"tags=17%, list=11%, signal=15%","Nos1ap/Bin1/Sri/Pkp2/Calm2/Mdm4/Atp5pf/Crhr2/Tac1"
"GO:0035640","GO:0035640","exploration behavior",38,0.223681612469228,0.801359002615993,0.802559414990859,0.896342645799931,0.745261897632033,2311,"tags=37%, list=24%, signal=28%","Penk/Brinp3/Ptpn5/Grn/Dpp4/Lsamp/Ube3a/Prkce/Lmo3/Kmt2a/Kcnq2/Crbn/Fmr1/Shank2"
"GO:0098926","GO:0098926","postsynaptic signal transduction",38,0.223284074218474,0.799934786952449,0.802559414990859,0.896342645799931,0.745261897632033,1585,"tags=21%, list=17%, signal=18%","Chrm2/Plcb1/Abi1/Large1/Chrna1/Chrm3/Prr7/Crtc1"
"GO:0006368","GO:0006368","transcription elongation by RNA polymerase II",82,-0.19287745388305,-0.845436489379324,0.803571428571429,0.896865325077399,0.745696478037198,2175,"tags=26%, list=23%, signal=20%","Med22/Sirt6/Med31/Ccnk/Eloa/Polr2m/Leo1/Med7/Nelfe/Pwwp2b/Glyr1/Med28/Nelfb/Med17/Supt6/Ncbp2/Cbx7/Ctnnb1/Map2k1/Eny2/Med9"
"GO:0031098","GO:0031098","stress-activated protein kinase signaling cascade",38,-0.214119180204901,-0.785469597676361,0.804395604395604,0.897437881267668,0.746172528479359,2591,"tags=39%, list=27%, signal=29%","Stk25/Ripk2/Map2k2/Ppia/Akr1b1/Mapk8/Eif2ak2/Map2k3/Arl6ip5/Nbr1/Map3k5/Prdx1/Map2k1/Crhr2/Errfi1"
"GO:0046683","GO:0046683","response to organophosphorus",63,-0.202378457056413,-0.83250271004921,0.805045871559633,0.897577631024308,0.746288723072258,1680,"tags=21%, list=18%, signal=17%","Dmtn/Nt5e/Aqp1/Zfp36l1/Kdm1a/Col1a1/Ssh1/Ryr1/Rfc3/Rplp0/Errfi1/Fos/Inpp5k"
"GO:0099518","GO:0099518","vesicle cytoskeletal trafficking",47,0.220126008245125,0.823475183505592,0.805357142857143,0.897577631024308,0.746288723072258,1679,"tags=26%, list=18%, signal=21%","Kif13a/Kif1b/Borcs5/Map2/Wasl/Rasgrp1/Kifc1/Kif16b/Ap3m1/Ppfia2/Ap3d1/Bloc1s2"
"GO:0051647","GO:0051647","nucleus localization",31,0.231349622222483,0.782992361660881,0.805454545454545,0.897577631024308,0.746288723072258,2295,"tags=35%, list=24%, signal=27%","Syne2/Ptk2/Cdc42bpa/Nherf1/Pax6/Mtor/Dmd/Tacc2/Myh10/Tlk2/Ntn1"
"GO:0050766","GO:0050766","positive regulation of phagocytosis",33,0.223164877904315,0.773935226313036,0.808043875685558,0.900115309956411,0.748398670005367,2906,"tags=42%, list=31%, signal=30%","Ptk2/Ptprc/Bcr/Apoa1/Appl2/Rab31/Rapgef1/Mex3b/Ano6/Fcer1g/Myo18a/Tulp1/Calr/Cyba"
"GO:0007062","GO:0007062","sister chromatid cohesion",36,-0.216617787660146,-0.786888489509761,0.810344827586207,0.901667991784271,0.749689643508493,2355,"tags=31%, list=25%, signal=23%","Ppp2r5c/Slf2/Mcmbp/Gtf2b/Sfpq/Rad21/Tnks/Phb2/Hdac8/Ctnnb1/Rec8"
"GO:0016925","GO:0016925","protein sumoylation",35,0.223735388919988,0.783736640090721,0.809963099630996,0.901667991784271,0.749689643508493,397,"tags=11%, list=4%, signal=11%","Zfp451/Zmiz1/Hdac4/Pias1"
"GO:0048873","GO:0048873","homeostasis of number of cells within a tissue",29,0.230399613008782,0.772817447105195,0.810375670840787,0.901667991784271,0.749689643508493,2638,"tags=45%, list=28%, signal=32%","Bcl2/Sox9/Akt3/Gigyf2/Vps54/Rpa1/Vegfa/Kmt2a/Add1/Nfix/Ildr2/Lipa/Vhl"
"GO:1900271","GO:1900271","regulation of long-term synaptic potentiation",46,0.217031377017721,0.807595720898233,0.810714285714286,0.901696876205168,0.749713659389507,1665,"tags=20%, list=18%, signal=16%","Adcy8/Igsf11/Epha4/Ptpn5/Cpeb3/Abl1/Crtc1/Pde9a/Creb1"
"GO:0046488","GO:0046488","phosphatidylinositol metabolic process",113,-0.187048620603079,-0.860307985655325,0.812217194570136,0.901977046261175,0.749946606096415,2824,"tags=30%, list=30%, signal=21%","Sacm1l/Pik3cg/Pigk/Lpgat1/Inpp5j/Pik3c2b/Pdgfb/Plcd4/Pigm/Pip4k2c/Mtmr7/Pigh/Ip6k1/Pigp/Ocrl/Pip5k1a/Uvrag/Dpm1/Dpm2/Mtmr6/Pi4kb/Synj1/Impa1/Pip4k2b/Pdgfa/Smg1/Mtmr9/Tnfaip8l3/Chrm5/Inpp4b/Mtmr4/Htr2b/Inpp5k/Plch1"
"GO:0048515","GO:0048515","spermatid differentiation",111,0.189937338375058,0.834852619716635,0.81184668989547,0.901977046261175,0.749946606096415,1529,"tags=19%, list=16%, signal=16%","Spaca1/Qki/Osbp2/Fndc3a/Cib1/Vps13b/Gk2/Eif4g3/Dzip1/Cdyl/Pacrg/Prkg1/Cfap61/Spag17/Alms1/Vps54/Epc1/Celf1/Cfap58/Poc1b/Cep128"
"GO:2001252","GO:2001252","positive regulation of chromosome organization",70,-0.196078502825363,-0.832579340843596,0.811946902654867,0.901977046261175,0.749946606096415,2934,"tags=34%, list=31%, signal=24%","Fen1/Tnks2/Pot1b/Pkib/Slx4/Naf1/Uchl5/Slf2/Cct5/Sirt6/Sfpq/Nvl/Rad21/Tnks/Slx1b/Ruvbl1/Cct2/Cct4/Terf2ip/Numa1/Ctnnb1/Cct8/Ptges3/Hnrnpa2b1"
"GO:0033144","GO:0033144","negative regulation of intracellular steroid hormone receptor signaling pathway",24,-0.236196788298049,-0.765708803747942,0.811688311688312,0.901977046261175,0.749946606096415,716,"tags=21%, list=8%, signal=19%","Phb2/Nr0b1/Vps18/Cry1/Vps11"
"GO:1990823","GO:1990823","response to leukemia inhibitory factor",94,0.196491064487,0.834928492559853,0.813620071684588,0.902817391304348,0.750645308924485,1665,"tags=23%, list=18%, signal=19%","Klf5/Sox1/Ctbp2/Rif1/Spock2/Ext1/Srsf7/Srm/Eps8/Tfrc/Arid5b/Trim25/Egln3/Enah/Efhc2/Pax6/Spry2/Mir219a-1/Syngr1/Gclm/Ptp4a3/Creb1"
"GO:0010508","GO:0010508","positive regulation of autophagy",108,0.191042651929484,0.834750950343983,0.813913043478261,0.902817391304348,0.750645308924485,854,"tags=13%, list=9%, signal=12%","Prkn/Adrb2/Prkd1/Eif2ak1/Foxo1/Atg7/Foxo3/Rock1/Epm2a/Sesn3/Sptlc2/Hif1a/Trim8/Pik3c2a"
"GO:0071901","GO:0071901","negative regulation of protein serine/threonine kinase activity",56,0.20777213583493,0.806210062270667,0.813499111900533,0.902817391304348,0.750645308924485,1288,"tags=20%, list=14%, signal=17%","Nr2f2/Slc8a1/Lrp6/Lats1/Hipk3/Dab2ip/Abl1/Cdkn2c/Fem1a/Myocd/Spry2"
"GO:0170038","GO:0170038","proteinogenic amino acid biosynthetic process",29,-0.22272547671663,-0.764486478366054,0.81489841986456,0.903215619865254,0.750976415086155,3159,"tags=48%, list=33%, signal=32%","Aasdhppt/Apip/Psph/Mthfd2l/Mthfr/Got1/Enoph1/Pcbd2/Asns/Asl/Pycr1/Oat/Got2/Glul"
"GO:1905332","GO:1905332","positive regulation of morphogenesis of an epithelium",24,0.239200255951062,0.763550086031853,0.814814814814815,0.903215619865254,0.750976415086155,1309,"tags=21%, list=14%, signal=18%","Agtr1b/Sox9/Lgr4/Abl1/Egf"
"GO:0050866","GO:0050866","negative regulation of cell activation",86,0.197913601705492,0.829117175181786,0.815275310834814,0.903286206856551,0.751035104467196,1957,"tags=27%, list=21%, signal=21%","Rc3h1/Gli3/Mad1l1/Fas/Runx1/Prkg1/Cd74/Pde5a/Grn/Cnr1/Pawr/Itch/Atm/Scrib/Socs5/Prkcd/Cbfb/Nr1h3/Pag1/Marchf7/Irf1/Cblb/Laptm5"
"GO:0006261","GO:0006261","DNA-templated DNA replication",101,0.195811450272561,0.841423386965896,0.816071428571429,0.903821044546851,0.751479793954934,1386,"tags=17%, list=15%, signal=15%","Dach1/Eme2/Baz1a/Atg7/Mms22l/Ino80/Atad5/Bod1l/Mcm9/Samhd1/Fbxo5/Asf1a/Fgfr1/Brca1/Polq/Wrn/Rad50"
"GO:0046209","GO:0046209","nitric oxide metabolic process",40,0.217761334952434,0.787056523403907,0.817689530685921,0.904918114542669,0.75239195011614,3108,"tags=40%, list=33%, signal=27%","Rora/Smpd3/Nfatc3/Ppara/Mapk9/Mtor/Pik3cb/Agt/Oprm1/Rock2/Mtarc2/Acvr2a/Atp2b4/Wdr35/Hsp90ab1/Ptgs2"
"GO:0031124","GO:0031124","mRNA 3'-end processing",30,-0.218487935576058,-0.757681511532518,0.817567567567568,0.904918114542669,0.75239195011614,2384,"tags=37%, list=25%, signal=28%","Pabpn1/Tent4b/Rprd2/Zcchc8/Cstf2/Leo1/Zfp36l1/Cpeb1/Nudt21/Ncbp2/Ahcyl1"
"GO:1903050","GO:1903050","regulation of proteolysis involved in protein catabolic process",161,0.185885809574726,0.85615020245058,0.818965517241379,0.904941207557141,0.752411150746466,2267,"tags=28%, list=24%, signal=22%","Prkn/Dlgap1/Pkd1/Hipk2/Atg7/Pias1/Smurf1/Gna12/Btrc/Epha4/Ptk2/Epm2a/Sh3rf3/Lats1/Disc1/Sh3rf1/Mtm1/Usp38/Dab2ip/Kcne2/Det1/Phf20l1/Ube2k/Egf/Agbl4/Mapk9/Socs5/Cbfa2t3/Axin2/Senp1/Ube3a/Marchf7/Eif2ak3/Sirt2/Fhit/Laptm5/Usp25/Clec16a/Cop1/Tlk2/Fbxw8/Wac/Tmtc3/Taf9/Fmr1"
"GO:1904950","GO:1904950","negative regulation of establishment of protein localization",104,0.19301232446518,0.834740123562664,0.818342151675485,0.904941207557141,0.752411150746466,2317,"tags=30%, list=24%, signal=23%","Insig1/Prkn/Pde3b/Foxo1/Srebf1/Lyplal1/Klf7/Ppp3ca/Rest/Chp1/Mtnr1b/Itgb1bp1/Neo1/Gnao1/Rangap1/Idh2/Map4k4/Jagn1/Nr1h3/Mdfic/Bag3/Mtnr1a/Apod/Derl3/Angpt1/Frmd4a/Cabp1/Fermt1/Tbc1d1/Rptor/Adtrp"
"GO:1902369","GO:1902369","negative regulation of RNA catabolic process",59,0.208061674128318,0.811841789381455,0.818345323741007,0.904941207557141,0.752411150746466,2328,"tags=34%, list=25%, signal=26%","Qki/Rbm24/Igf2bp3/Rbm47/Igf2bp1/Elavl1/Larp4b/Thrap3/Tent4a/Lrpprc/Axin2/Mtor/Tirap/Ptbp1/Tardbp/Vegfa/Hnrnpu/Nbas/Rbm38/Nrde2"
"GO:0032479","GO:0032479","regulation of type I interferon production",62,0.204564407595555,0.80878813979724,0.818827708703375,0.904941207557141,0.752411150746466,1912,"tags=23%, list=20%, signal=18%","Zbtb20/Qki/Irf7/Crebbp/Polr3f/Ptprs/Tank/Irf8/Chuk/Traf3ip1/Tirap/Irf1/Rel/Rnf216"
"GO:0016233","GO:0016233","telomere capping",27,-0.218113164777927,-0.737676095937939,0.82,0.90573726541555,0.753073031103227,153,"tags=11%, list=2%, signal=11%","Terf2ip/Hnrnpa2b1/Spdya"
"GO:0008033","GO:0008033","tRNA processing",95,-0.187372568556814,-0.838688810867852,0.820861678004535,0.906341913998882,0.753575764687004,3209,"tags=36%, list=34%, signal=24%","Tarbp1/Ptcd1/Cdk5rap1/Dus3l/Trmt9b/Pop4/Dtwd1/Trmt13/Trmt2a/Mettl6/Zbtb8os/Sars1/Thumpd1/Trmt10a/Nat10/Trmu/Trmt44/Elac2/Lsm6/Tprkb/Ssb/Rtcb/Nsun2/Grsf1/Tsen2/Rtraf/Dus1l/Adat1/Rpp30/Dus2/Pop5/Ddx1/Thg1l/Lcmt2"
"GO:2001222","GO:2001222","regulation of neuron migration",42,0.215142316847112,0.786546260158107,0.823104693140794,0.90847069843783,0.755345737295196,1387,"tags=17%, list=15%, signal=14%","Unc5c/Ctnna2/Nrg3/Dab2ip/Plxnb2/Pax6/Kif20b"
"GO:0048538","GO:0048538","thymus development",39,0.217156301043483,0.782991993138831,0.824593128390597,0.909208672645432,0.755959324142745,1457,"tags=21%, list=15%, signal=17%","Bcl11b/Bcl2/Mad1l1/Nfatc3/Mafb/Abl1/Lmo4/Atm"
"GO:1905508","GO:1905508","protein localization to microtubule organizing center",28,-0.223844021238347,-0.758841821179938,0.824719101123595,0.909208672645432,0.755959324142745,1177,"tags=18%, list=12%, signal=16%","Snx10/Rab11fip3/Numa1/Nsfl1c/Mcph1"
"GO:0042771","GO:0042771","intrinsic apoptotic signaling pathway in response to DNA damage by p53 class mediator",26,0.232186024967521,0.749962118310975,0.824399260628466,0.909208672645432,0.755959324142745,931,"tags=19%, list=10%, signal=17%","Hipk2/Ep300/Atad5/Cd74/Uri1"
"GO:0007601","GO:0007601","visual perception",70,0.203248057209799,0.819336748989102,0.825454545454545,0.909671726821135,0.756344329403075,3590,"tags=54%, list=38%, signal=34%","Myo3b/Col11a1/Gabrr2/Sema5a/Cep250/Unc119/Epas1/Elfn1/Rdh11/Rdh10/Atf6/Pdcl/Rpgr/Myo3a/Cabp2/Cabp1/Crybg3/Crybb1/Wfs1/Cplx3/Dram2/Tulp1/Cln6/Lamc3/Kcnk9/Lrat/Cacnb2/Cacnb4/Ppef2/Cln5/Atp8a2/Chrnb2/Ccdc66/Zic2/Rrh/Bbs2/Ush2a/Rbp4"
"GO:0017156","GO:0017156","calcium-ion regulated exocytosis",53,0.210073253455324,0.804559858512416,0.826241134751773,0.909672432119045,0.756344915821296,1507,"tags=21%, list=16%, signal=18%","Syt10/Unc13c/Rest/Unc13d/Scamp5/Arhgap17/Tspan18/Syt1/Syt12/Syt13/Cacna1c"
"GO:2001057","GO:2001057","reactive nitrogen species metabolic process",41,0.21394065181559,0.778518917897332,0.826401446654611,0.909672432119045,0.756344915821296,3108,"tags=39%, list=33%, signal=26%","Rora/Smpd3/Nfatc3/Ppara/Mapk9/Mtor/Pik3cb/Agt/Oprm1/Rock2/Mtarc2/Acvr2a/Atp2b4/Wdr35/Hsp90ab1/Ptgs2"
"GO:0080164","GO:0080164","regulation of nitric oxide metabolic process",28,0.228713914889357,0.759918809379232,0.825852782764811,0.909672432119045,0.756344915821296,3108,"tags=46%, list=33%, signal=31%","Smpd3/Nfatc3/Mapk9/Mtor/Pik3cb/Agt/Oprm1/Rock2/Acvr2a/Atp2b4/Wdr35/Hsp90ab1/Ptgs2"
"GO:1990830","GO:1990830","cellular response to leukemia inhibitory factor",92,0.192060425682631,0.817321436054639,0.826785714285714,0.909748187714613,0.756407902625698,2294,"tags=30%, list=24%, signal=23%","Klf5/Sox1/Ctbp2/Rif1/Spock2/Srsf7/Srm/Eps8/Tfrc/Arid5b/Trim25/Egln3/Enah/Efhc2/Pax6/Spry2/Mir219a-1/Syngr1/Gclm/Ptp4a3/Creb1/Kat6b/Laptm5/Mga/Hnrnpu/Eed/Ina/Abcd4"
"GO:0006820","GO:0006820","monoatomic anion transport",87,0.194863395931503,0.820537297959864,0.827708703374778,0.910416438036941,0.756963517719597,1195,"tags=16%, list=13%, signal=14%","Slc1a2/Slc6a1/Gabrr2/Slc26a7/Gabrb2/Clcn2/Best3/Gabra1/Gabra2/Ttyh3/Kcne2/Slc4a4/Gabrg1/Gabra4"
"GO:1903320","GO:1903320","regulation of protein modification by small protein conjugation or removal",164,0.184179474382531,0.850083768432239,0.830155979202773,0.912524750247502,0.758716468743635,2074,"tags=24%, list=22%, signal=19%","Sash1/Prkn/Fyn/Hdac4/Wnk1/Atg7/Pias1/Btrc/Epm2a/Mtbp/Fbxo5/Hif1a/Rnf111/Chp1/Fgfr3/Tank/Dtx3l/Abl1/Pinx1/Ngf/Paxip1/Spry2/Epas1/Itch/Mapk9/Wbp1l/Fbxo33/Uba2/Ube3a/Prkce/Marchf7/Mtor/Sox4/Mapk15/Cblb/Laptm5/Adgrb1/Angpt1/Rwdd3"
"GO:0033120","GO:0033120","positive regulation of RNA splicing",35,0.220039976554612,0.770791749767511,0.830258302583026,0.912524750247502,0.758716468743635,1149,"tags=17%, list=12%, signal=15%","Hnrnpll/Tra2b/Thrap3/Rbmxl1/Tra2a/Dazap1"
"GO:1902041","GO:1902041","regulation of extrinsic apoptotic signaling pathway via death domain receptors",26,-0.222255431664327,-0.74322704632412,0.830802603036876,0.912775126536515,0.758924643495942,1588,"tags=23%, list=17%, signal=19%","Faim/Ddx3x/Stk4/Hmgb2/Pea15a/Hgf"
"GO:0031952","GO:0031952","regulation of protein autophosphorylation",29,0.2264482868785,0.759563719232971,0.831842576028623,0.913569683650627,0.759585276062534,2068,"tags=31%, list=22%, signal=24%","Rassf2/Mob1b/Ptprc/Chp1/Ngf/Rad50/Rap2c/Nbn/Vegfa"
"GO:0044458","GO:0044458","motile cilium assembly",54,-0.20159227583902,-0.80612927969965,0.832183908045977,0.913596646670955,0.75960769439975,2527,"tags=31%, list=27%, signal=23%","Ahi1/Kif3a/Dnali1/Neurl1a/Vdac3/Ccdc39/Cfap70/Ift88/BC048507/Intu/Cfap69/Spag6l/Atmin/Mks1/Spata6/Ube2b/Spag16"
"GO:0035821","GO:0035821","modulation of process of another organism",62,0.203452761558517,0.804393014853578,0.83303730017762,0.914185530331909,0.760097320277425,2267,"tags=31%, list=24%, signal=23%","Prkn/Ep300/Lef1/Rest/Cd74/Trim8/Mid2/Ppara/Trim25/Rad50/Pik3c2g/Ctdp1/Card9/Tardbp/Nbn/Gsn/Rrp1b/Fasn/Fmr1"
"GO:0071346","GO:0071346","cellular response to type II interferon",56,-0.20123605364192,-0.813401958417881,0.83371298405467,0.914579020925701,0.760424487067942,2406,"tags=27%, list=25%, signal=20%","Cdc42/Dnaja3/Epsti1/Nos2/Jak1/Actr3/Flnb/Gapdh/Rps6kb1/Actr2/Calm2/Vamp3/Acod1/Stxbp1/Vim"
"GO:0046942","GO:0046942","carboxylic acid transport",180,-0.177181335306174,-0.865831417058128,0.834975369458128,0.914736723173071,0.760555608215291,2118,"tags=24%, list=22%, signal=19%","Psap/Slc1a6/Rgs4/Nos2/Lhcgr/Arg2/Abcc5/Lrrc8b/Rgs2/Fabp6/Slc26a11/Slc17a6/Gfap/Slc25a17/Htr1b/Arl6ip5/Fabp7/Llgl2/Mpc1/Slc38a6/Abat/Pla2r1/Pianp/Abcc8/Rps6kb1/Slc25a38/Cck/Irs2/Ppard/Slc6a17/Lrrc8d/Mif/Nf1/Npy5r/Arl6ip1/Abcc1/Got2/Stxbp1/Atp5pf/Gipc1/Fabp5/Slc25a22/Sv2a/Mpc2"
"GO:0007094","GO:0007094","mitotic spindle assembly checkpoint signaling",30,0.222564925438268,0.752571293519818,0.835125448028674,0.914736723173071,0.760555608215291,1896,"tags=27%, list=20%, signal=21%","Arhgap33os/Mad1l1/Cenpe/Atm/Ndc80/Cdk5rap2/Bub1b/Xrcc3"
"GO:0071173","GO:0071173","spindle assembly checkpoint signaling",30,0.222564925438268,0.752571293519818,0.835125448028674,0.914736723173071,0.760555608215291,1896,"tags=27%, list=20%, signal=21%","Arhgap33os/Mad1l1/Cenpe/Atm/Ndc80/Cdk5rap2/Bub1b/Xrcc3"
"GO:0033574","GO:0033574","response to testosterone",23,-0.228329375591019,-0.733151479793174,0.834394904458599,0.914736723173071,0.760555608215291,4290,"tags=52%, list=45%, signal=29%","Hsf1/Cad/Cflar/Hmgcs2/Csnk2a1/Cbl/Psph/Tspo/Rwdd1/Msn/Rps6kb1/Gpi1"
"GO:0051985","GO:0051985","negative regulation of chromosome segregation",35,0.2176371742447,0.762374823780689,0.835793357933579,0.915120745740487,0.760874902838466,1896,"tags=26%, list=20%, signal=21%","Arhgap33os/Mad1l1/Fbxo5/Cenpe/Atm/Ndc80/Cdk5rap2/Bub1b/Xrcc3"
"GO:0015807","GO:0015807","L-amino acid transport",56,0.20322952753901,0.788583557626971,0.836589698046181,0.915297681777385,0.761022015873014,1466,"tags=18%, list=15%, signal=15%","Slc1a2/Epm2a/Ntsr1/Slc16a10/Nat3/Ttyh3/Vps54/Slc38a1/Slc1a4/Slc25a26"
"GO:0007143","GO:0007143","female meiotic nuclear division",25,-0.226597868532231,-0.745915884151465,0.836559139784946,0.915297681777385,0.761022015873014,1619,"tags=24%, list=17%, signal=20%","Ubb/Mlh3/Orc4/Trip13/Ddb1/Dcaf13"
"GO:0006942","GO:0006942","regulation of striated muscle contraction",45,0.215011042005325,0.796430019158245,0.837209302325581,0.915368745607472,0.761081101720499,1949,"tags=27%, list=21%, signal=21%","Prkd1/Hdac4/Ank2/Slc8a1/Akap9/Pde5a/Cacna1c/Slc9a1/Fgf13/Casq1/Atp1b1/Dmd"
"GO:0042987","GO:0042987","amyloid precursor protein catabolic process",38,0.215969350999743,0.773729149223595,0.837294332723949,0.915368745607472,0.761081101720499,528,"tags=11%, list=6%, signal=10%","Lrrtm3/Epha4/Spon1/Rock1"
"GO:0022616","GO:0022616","DNA strand elongation",22,-0.22652734134146,-0.718076892602854,0.837606837606838,0.915368745607472,0.761081101720499,1082,"tags=18%, list=11%, signal=16%","Ruvbl1/Pole/Lig3/Pcna"
"GO:0007093","GO:0007093","mitotic cell cycle checkpoint signaling",95,-0.185474032417052,-0.8301908699488,0.839002267573696,0.916546416546417,0.762060273338469,930,"tags=13%, list=10%, signal=12%","Dync1li1/Bub3/Abraxas1/Trip13/Syf2/Tipin/Rint1/Fzr1/Pabir1/Rpl24/Lcmt1/Chek2"
"GO:0050878","GO:0050878","regulation of body fluid levels",166,0.182346234853021,0.844194872078595,0.839931153184165,0.917213724264723,0.762615104706562,2504,"tags=33%, list=26%, signal=24%","Erbb4/Kalrn/Adrb2/Egfr/Tfpi/Wnk1/Atg7/Nr3c2/mt-Co2/Ppp3ca/Plat/Rasa3/Pdss2/Prkg1/Ext1/Hif1a/Tspan18/Prkca/Gna13/Negr1/Ncoa1/Ptpro/Chrm3/Chuk/Atp7b/Nfat5/Prkcd/Angpt2/Prrg1/Creb1/Prkce/Nr1h3/Eif2ak3/F3/Ano6/Angpt1/Atp2b2/Emp2/Prkcq/Vegfa/Pik3cb/Fcer1g/Hps1/Srf/Sytl2/Adtrp/Slc29a1/Vps33b/Pdia3/Enpp4/Hps5/Ephb2/Wfs1/Tyro3"
"GO:0043473","GO:0043473","pigmentation",71,0.200344022213938,0.810099042040462,0.840290381125227,0.917258690070081,0.762652491415302,2450,"tags=32%, list=26%, signal=24%","Ap1s2/Bcl2/Bace2/Gli3/Kif13a/Hps3/Abcb6/Dctn2/Eda/Ap3m1/Mlph/Ap3d1/Bloc1s2/Zeb2/Adamts20/Bloc1s5/Ankrd27/Ap1g1/Hps1/Kitl/Shroom3/Vps33b/Hps5"
"GO:0043403","GO:0043403","skeletal muscle tissue regeneration",26,-0.220903234843021,-0.738705270446596,0.841648590021692,0.918393694143988,0.763596187772832,1391,"tags=23%, list=15%, signal=20%","Fkrp/Ppard/Cd81/Pkm/Mtpn/Bin3"
"GO:0032008","GO:0032008","positive regulation of TOR signaling",48,0.210420311213703,0.790111796454728,0.84257602862254,0.918841995709522,0.763968927011567,1270,"tags=17%, list=13%, signal=15%","Fnip2/Gpr155/Ep300/Otud7b/Usp32/Akt3/Samtor/Sik3"
"GO:0051180","GO:0051180","vitamin transport",22,0.231367741182283,0.728106019819612,0.842696629213483,0.918841995709522,0.763968927011567,1026,"tags=18%, list=11%, signal=16%","Slc27a1/Tcn2/Apoa1/Lrp2"
"GO:0031146","GO:0031146","SCF-dependent proteasomal ubiquitin-dependent protein catabolic process",35,-0.21043064337837,-0.761718420157141,0.843478260869565,0.919346675868415,0.764388542093675,1062,"tags=43%, list=11%, signal=38%","Fbxl13/Fbxo9/Fbxl22/Fbxl14/Fbxo48/Cul5/Cul1/Fbxo39/Fbxl3/Fbxo31/Cul2/Fbxl2/Fbxl5/Ccnf/Skp1"
"GO:0001676","GO:0001676","long-chain fatty acid metabolic process",45,0.21266968120889,0.787757301670949,0.846153846153846,0.921914504082997,0.766523556573862,1086,"tags=16%, list=11%, signal=14%","Qki/Slc27a1/Acsbg2/Elovl6/Acsbg1/Mgll/Gstm4"
"GO:0050688","GO:0050688","regulation of defense response to virus",25,-0.224830789618663,-0.740099005825478,0.847311827956989,0.92247916641297,0.766993043685213,155,"tags=32%, list=2%, signal=32%","Mul1/Tarbp2/Selenok/Rnf26rt/C1qbp/Tomm70a/Pcbp2/Elmod2"
"GO:0009620","GO:0009620","response to fungus",20,-0.238364851928567,-0.734300132067868,0.847161572052402,0.92247916641297,0.766993043685213,1380,"tags=25%, list=15%, signal=21%","Ltf/Il17ra/Gapdh/Cotl1/Tac1"
"GO:0006513","GO:0006513","protein monoubiquitination",44,-0.19888088629367,-0.766479901568333,0.847682119205298,0.922534049731351,0.767038676285867,1774,"tags=23%, list=19%, signal=19%","Stub1/Ubb/Ube4b/Ube2d3/Wdr48/Fbxl2/Zfp598/Fancm/Pex12/Skp1"
"GO:0006284","GO:0006284","base-excision repair",21,-0.230118791740712,-0.721113336109114,0.848290598290598,0.922848014134321,0.767299721219791,869,"tags=38%, list=9%, signal=35%","Fen1/Poll/Tdg/Sirt6/Rpa2/Pole/Pcna/Polb"
"GO:0006778","GO:0006778","porphyrin-containing compound metabolic process",32,0.219588036249471,0.754157188610006,0.849364791288566,0.923320036968046,0.767692183448868,1369,"tags=22%, list=14%, signal=19%","Eif2ak1/Blvra/Cox10/Sptb/Abcb6/Slc25a39/Iba57"
"GO:0048525","GO:0048525","negative regulation of viral process",30,-0.211805029802569,-0.73450625412283,0.849099099099099,0.923320036968046,0.767692183448868,2379,"tags=33%, list=25%, signal=25%","Ppia/Trim13/Ltf/Eif2ak2/Ubp1/Trim28/Znfx1/Trim32/Setdb1/Inpp5k"
"GO:0048489","GO:0048489","synaptic vesicle transport",40,-0.205895828169749,-0.766833340001711,0.850446428571429,0.92401985961308,0.768274049273157,1601,"tags=22%, list=17%, signal=19%","Lrrk2/Kif1a/Arf1/Rab3a/Synj1/Ctnnb1/Dnm1/Bloc1s1/Snap91"
"GO:0009394","GO:0009394","2'-deoxyribonucleotide metabolic process",24,-0.228388896469142,-0.740396979843878,0.850649350649351,0.92401985961308,0.768274049273157,2314,"tags=25%, list=24%, signal=19%","Dguok/Nt5m/Rrm1/Oga/Nme1/Rrm2b"
"GO:0051489","GO:0051489","regulation of filopodium assembly",49,0.206181583225547,0.78252279398283,0.853658536585366,0.925842696629213,0.769789642645941,2282,"tags=35%, list=24%, signal=26%","Myo3b/Nrxn1/Arf6/Tenm1/Stau2/Daam2/Wasl/Prkcd/Mien1/Dbn1/Myo10/Dnm3/Myo3a/Prkcq/Gpm6a/Fmr1/Srf"
"GO:0002532","GO:0002532","production of molecular mediator involved in inflammatory response",41,0.210045716404115,0.764345450274007,0.853526220614828,0.925842696629213,0.769789642645941,2706,"tags=39%, list=29%, signal=28%","Rap1gds1/Hif1a/Appl2/Ppara/Grn/Ezh2/Mapk9/Card9/Apod/Ephx2/Fcer1g/Adcy7/Ephb2/Pbxip1/Lipa/Lyn"
"GO:0044788","GO:0044788","modulation by host of viral process",29,-0.214783641884718,-0.737226797830551,0.853273137697517,0.925842696629213,0.769789642645941,2406,"tags=34%, list=25%, signal=26%","Tmem41b/Rab5a/Cdc42/Igf2r/Ltf/Ccnk/Hspa8/Fbxl2/Tbc1d20/Eef1a1"
"GO:0001893","GO:0001893","maternal placenta development",25,-0.222855613192007,-0.733597111168713,0.853763440860215,0.925842696629213,0.769789642645941,1248,"tags=28%, list=13%, signal=24%","Bsg/Ndrg3/Tmed2/Stc2/Ppard/Ctsb/Dcaf13"
"GO:0010543","GO:0010543","regulation of platelet activation",21,0.228841750832917,0.712393517952468,0.853932584269663,0.925842696629213,0.769789642645941,2953,"tags=43%, list=31%, signal=30%","Prkg1/Prkca/Prkcd/Prkcq/Fcer1g/Vps33b/Lyn/Emilin2/Plek"
"GO:1901875","GO:1901875","positive regulation of post-translational protein modification",98,-0.183179431731851,-0.824725339361938,0.855233853006682,0.926208949332058,0.770094162558737,1800,"tags=21%, list=19%, signal=18%","Derl1/Stub1/Rassf5/Prickle1/Ubb/Lrrk2/Sae1/Ddx3x/Kdm1a/Ube2l3/Tollip/Egr1/Ube2d1/Fancm/Rps2/Fzr1/Rasd2/Arrb1/Dnajb2/Cry1/Skp1"
"GO:0032388","GO:0032388","positive regulation of intracellular transport",104,-0.180599564812664,-0.820422417819457,0.855172413793103,0.926208949332058,0.770094162558737,1715,"tags=20%, list=18%, signal=17%","Jup/Msn/Ehd2/Edem2/Arf1/Sorl1/Ywhae/Trim28/Ripor1/Cd81/Ran/Eif3e/Tbc1d20/Ncbp2/Numa1/Pdcd5/Oaz1/Ptpn23/Rab21/Vps11/Scp2"
"GO:0006487","GO:0006487","protein N-linked glycosylation",53,0.203412089261438,0.779048256091782,0.854609929078014,0.926208949332058,0.770094162558737,2274,"tags=28%, list=24%, signal=22%","Mgat4c/Fut9/St3gal1/Alg11/B4galt7/Fut8/Dhdds/Mgat4b/Mogs/Mgat2/Alg5/Derl3/Alg9/Alg14/Stt3b"
"GO:0032369","GO:0032369","negative regulation of lipid transport",20,-0.236630494142885,-0.728957317719295,0.85589519650655,0.926577232254088,0.770400370492303,1839,"tags=35%, list=19%, signal=28%","Shh/Tspo/Ptpn11/Pla2r1/Irs2/Cry1/Atp5pf"
"GO:0008652","GO:0008652","amino acid biosynthetic process",42,0.209438180344124,0.76569230962152,0.857400722021661,0.927858792611808,0.771465920713081,1574,"tags=21%, list=17%, signal=18%","Gad2/Mtrr/Hao1/Gls/Sephs1/Slc38a1/Mthfd1/Phgdh/Srr"
"GO:0042060","GO:0042060","wound healing",198,0.176447627957355,0.8364854914474,0.858603066439523,0.928811419209146,0.772257979764375,2470,"tags=30%, list=26%, signal=23%","Tafa5/Pecam1/Nfatc1/Col5a1/Tgfb2/Pard3/Tfpi/Yap1/Ptk2/Rreb1/Plat/Rasa3/Prkg1/Ext1/Hif1a/Wnt7a/Clasp1/Prkca/Cd109/Ddr2/Casp7/Epb41l4b/Gna13/Ppara/Cask/Tsku/Celsr1/Vangl2/Clasp2/Scrib/Hbegf/Prkcd/Itgb5/Angpt2/Prrg1/Prkce/Mtor/Wnt4/Arfgef1/F3/Myh10/Ano6/Angpt1/Prkcq/Vegfa/Adipor2/Pik3cb/Fcer1g/Plpp3/Hps1/Fermt1/Srf/Adtrp/Vps33b/Pdia3/Smpd1/Enpp4/Hps5/Ephb2/Itgb1"
"GO:0006497","GO:0006497","protein lipidation",38,-0.206222955916179,-0.75650328036985,0.859340659340659,0.928912466843501,0.772341995572486,2656,"tags=29%, list=28%, signal=21%","Zdhhc15/Zdhhc22/Selenok/Atg13/Zdhhc7/Atg101/Wipi1/Nmt2/Dbi/Glul/Nmt1"
"GO:0034389","GO:0034389","lipid droplet organization",24,0.229586070086977,0.732860685577574,0.859259259259259,0.928912466843501,0.772341995572486,2890,"tags=46%, list=31%, signal=32%","Chka/Negr1/Cds1/Mospd2/Faf2/Fitm2/Rab3gap1/Aup1/Ldah/Rnf213/Zfyve1"
"GO:0006898","GO:0006898","receptor-mediated endocytosis",170,0.180135413737437,0.840119032650155,0.859797297297297,0.929057851407046,0.772462875211786,2078,"tags=27%, list=22%, signal=22%","Necab2/B2m/Adrb2/Pard3/Tbc1d5/Calcrl/Magi2/Dmbt1/Mtmr2/Lrp6/Bicd1/Ptpn5/Cacng4/Tspan7/Prkca/Unc119/Lrp2/Ldlrad3/Tfrc/Ralbp1/Efnb2/Ankrd13a/Ston2/Egf/Itch/Rab31/Rabep1/Wasl/Itsn1/Tgfbr2/Scrib/Mkln1/Ap3m1/Cacng2/Myo6/Grb2/Iqsec1/Sirt2/Rnf216/Cblb/Numb/Dnm3/Angpt1/Gria1/Vegfa/Gria2"
"GO:0002456","GO:0002456","T cell mediated immunity",42,-0.198991804789993,-0.756181117062289,0.861607142857143,0.930283909049341,0.773482277835754,2986,"tags=45%, list=32%, signal=31%","Ufl1/Ctsc/Stx11/Traf6/Rftn1/Prkcz/Ebag9/Dlg1/Fadd/Traf2/Hspd1/Rab27a/Ywhag/Ppp3cb/Hspa8/Cd81/Stx7/Fosl2/Hprt1"
"GO:0021955","GO:0021955","central nervous system neuron axonogenesis",34,0.211602828567249,0.738476498369143,0.862132352941177,0.930283909049341,0.773482277835754,1849,"tags=21%, list=20%, signal=17%","Atg7/Epha4/Ptk2/Prkca/Tsku/Dcx/Zeb2"
"GO:1900015","GO:1900015","regulation of cytokine production involved in inflammatory response",26,0.225600562207121,0.728691037923864,0.861367837338262,0.930283909049341,0.773482277835754,2453,"tags=35%, list=26%, signal=26%","Hif1a/Appl2/Ppara/Ezh2/Mapk9/Card9/Apod/Adcy7/Ephb2"
"GO:0072528","GO:0072528","pyrimidine-containing compound biosynthetic process",27,-0.209843892306148,-0.709708757792897,0.862222222222222,0.930283909049341,0.773482277835754,3162,"tags=48%, list=33%, signal=32%","Upp1/Dck/Cad/Uck1/Slc4a7/Nme3/Uck2/Nme7/Cps1/Ak9/Uprt/Umps/Nme1"
"GO:1903008","GO:1903008","organelle disassembly",53,-0.199339694308552,-0.794059271332675,0.863013698630137,0.930789643548734,0.773902769546688,949,"tags=17%, list=10%, signal=15%","Rrp7a/Mcts1/Zfp598/Denr/Abce1/Ltn1/Golga2/Gcn1/Ufsp2"
"GO:0002440","GO:0002440","production of molecular mediator of immune response",114,0.185002194505698,0.81648126454443,0.863957597173145,0.931183836546426,0.774230520349207,1457,"tags=19%, list=15%, signal=17%","B2m/Nhej1/Tgfb2/Shld2/Fas/Atad5/Rif1/Dennd1b/Samhd1/Ptprc/Cd74/Tcirg1/Apoa1/Kmt5b/Tfrc/Swap70/Ezh2/Polq/Paxip1/Map3k7/Rasgrp1/Atm"
"GO:0006970","GO:0006970","response to osmotic stress",50,0.202671774963454,0.771649691817415,0.864347826086956,0.931183836546426,0.774230520349207,601,"tags=10%, list=6%, signal=9%","Agtr1b/Ninj1/Wnk1/Nlk/Clcn2"
"GO:0050672","GO:0050672","negative regulation of lymphocyte proliferation",36,0.215205910916377,0.758045894644736,0.864312267657993,0.931183836546426,0.774230520349207,1957,"tags=28%, list=21%, signal=22%","Rc3h1/Mad1l1/Pde5a/Pawr/Itch/Atm/Scrib/Marchf7/Cblb/Laptm5"
"GO:0006901","GO:0006901","vesicle coating",24,0.227138578883879,0.725048059661864,0.866666666666667,0.933333333333333,0.776017714188384,1876,"tags=25%, list=20%, signal=20%","Trappc9/Trappc12/Gbf1/Ap3d1/Arfgap3/Mapk15"
"GO:0046173","GO:0046173","polyol biosynthetic process",44,0.208529009500206,0.767962663398553,0.867030965391621,0.93337711989154,0.776054120414968,1999,"tags=27%, list=21%, signal=22%","Sptlc3/Adcyap1r1/Itpkb/Sptlc2/Prkg1/Ntsr1/Impa2/Agk/Ip6k2/Pgp/Acer3/Ephx1"
"GO:0006900","GO:0006900","vesicle budding from membrane",62,0.198147787093487,0.783418689555862,0.868561278863233,0.934639265085971,0.777103527945778,330,"tags=8%, list=3%, signal=8%","Insig1/Prkn/Ap1s2/Trappc9/Scap"
"GO:0007422","GO:0007422","peripheral nervous system development",51,-0.195546327930799,-0.774537471558579,0.868965517241379,0.934639265085971,0.777103527945778,1717,"tags=22%, list=18%, signal=18%","Lama2/Med12/Bag1/Adgrg6/Egr2/Ppp3r1/Nf1/Sod1/Ilk/Map2k1/Nhlh2"
"GO:0014044","GO:0014044","Schwann cell development",30,0.215882317326994,0.729975015060918,0.869175627240143,0.934639265085971,0.777103527945778,732,"tags=13%, list=8%, signal=12%","Pard3/Pmp22/Ski/Pou3f2"
"GO:0002700","GO:0002700","regulation of production of molecular mediator of immune response",78,-0.187869938827922,-0.811009609812438,0.870748299319728,0.934669359938929,0.777128550237565,3046,"tags=42%, list=32%, signal=29%","Twist2/Hk1/Xbp1/Trp53bp1/Panx1/Il4ra/Traf6/Ripk2/Prkcz/Hmces/Rtn4/Ndfip1/Mapkapk2/Sema7a/Cd226/Traf2/Tgfb3/Exosc3/Mad2l2/Phb2/Aplf/Cd81/Nr4a3/Tril/Supt6/Gpi1/Ddx1/Mif/Dnajb9/Ddx21/Gprc5b/Kit/Rabgef1"
"GO:0030042","GO:0030042","actin filament depolymerization",41,-0.199351876289042,-0.75150395054086,0.870824053452116,0.934669359938929,0.777128550237565,2119,"tags=24%, list=22%, signal=19%","Add2/Wdr1/Twf2/Capza1b/Dmtn/Sptan1/Mtpn/Plekhh2/Dstn/Cfl2"
"GO:0060135","GO:0060135","maternal process involved in female pregnancy",38,-0.204372082906144,-0.749713582795113,0.87032967032967,0.934669359938929,0.777128550237565,1248,"tags=24%, list=13%, signal=21%","Rgs2/Ndrg3/Tmed2/Stc2/Ube2a/Ppard/Ctsb/Kpna6/Dcaf13"
"GO:0099188","GO:0099188","postsynaptic cytoskeleton organization",26,0.224128213309902,0.72393534301068,0.870609981515712,0.934669359938929,0.777128550237565,2248,"tags=35%, list=24%, signal=26%","Farp1/Abi2/Arhgef7/Wasl/Frmpd4/Dbn1/Adgrb1/Myh10/Ina"
"GO:0071622","GO:0071622","regulation of granulocyte chemotaxis",24,0.226253722932654,0.722223514867806,0.87037037037037,0.934669359938929,0.777128550237565,1783,"tags=25%, list=19%, signal=20%","Ptk2/Cd74/Dpp4/Mospd2/Tirap/Rac2"
"GO:0048066","GO:0048066","developmental pigmentation",34,-0.209060580277365,-0.752962568878271,0.87117903930131,0.934702510917031,0.777156113537118,626,"tags=12%, list=7%, signal=11%","Tpcn2/Ap1m1/Sod2/Kit"
"GO:0031338","GO:0031338","regulation of vesicle fusion",30,-0.205381851143568,-0.7122316891572,0.871621621621622,0.934823122536562,0.77725639577279,1569,"tags=33%, list=17%, signal=28%","Doc2b/Syt7/Snca/Syt9/Trim9/Rab3a/Vamp1/Rph3a/Stxbp1/Cplx2"
"GO:0032480","GO:0032480","negative regulation of type I interferon production",23,0.223946037664568,0.705612537353891,0.871939736346516,0.934823122536562,0.77725639577279,1820,"tags=22%, list=19%, signal=18%","Qki/Crebbp/Ptprs/Traf3ip1/Rel"
"GO:0006874","GO:0006874","intracellular calcium ion homeostasis",195,0.17461257784752,0.828290065489903,0.872665534804754,0.93525358691078,0.77761430432249,1218,"tags=14%, list=13%, signal=12%","Chd7/Tgfb2/Micu2/Prkd1/Cemip/Bcl2/Plcb4/Ank2/Tmtc4/Adcy8/Plce1/Slc8a1/Rap1gds1/Disc1/Calcb/Ntsr1/Ptprc/Plcb1/Rimbp2/Prkca/Tcirg1/Slc10a7/Slc24a3/Vps54/Abl1/Ngf/Cnr1"
"GO:0030258","GO:0030258","lipid modification",126,-0.176258001623213,-0.823472476208679,0.873205741626794,0.935305344439814,0.777657337993246,1032,"tags=18%, list=11%, signal=16%","Slc25a17/Dgkz/Mtmr6/Cygb/Plppr4/Adipor1/Synj1/Acaa1b/Tysnd1/Irs2/Ppard/Acadl/Dbi/Mtmr9/Chrm5/Inpp4b/Hadha/Crat/Mtmr4/Klhl25/Scp2/Inpp5k/Pdk4"
"GO:0002269","GO:0002269","leukocyte activation involved in inflammatory response",20,-0.231036508738258,-0.71172464189411,0.873362445414847,0.935305344439814,0.777657337993246,3116,"tags=35%, list=33%, signal=24%","Nampt/Ctsc/Snca/Jun/Lrrk2/Hspa4/Calhm2"
"GO:0030218","GO:0030218","erythrocyte differentiation",107,-0.179996862365677,-0.816569821323709,0.873831775700935,0.935372775372775,0.777713403277313,2470,"tags=31%, list=26%, signal=23%","Sfxn1/Selenow/Nfe2l1/Myb/Tmem14c/Dyrk3/Lmo2/Sp1/Stat3/Alas1/L3mbtl3/Dmtn/Slc25a5/Zfp36l1/Heph/Uba5/Acin1/Kdm1a/Hspa9/Hmgb2/Cebpg/Slc25a38/Rps14/Flvcr1/Fam210b/Casp3/Acvr1b/Bpgm/Rac1/Chmp5/Kit/Id2/Hscb"
"GO:0048026","GO:0048026","positive regulation of mRNA splicing, via spliceosome",24,0.224952955015253,0.718071339313937,0.874074074074074,0.935372775372775,0.777713403277313,1149,"tags=21%, list=12%, signal=18%","Tra2b/Thrap3/Rbmxl1/Tra2a/Dazap1"
"GO:0042130","GO:0042130","negative regulation of T cell proliferation",31,0.218130167588496,0.738251713700022,0.874545454545455,0.935530078230375,0.777844192353016,1957,"tags=29%, list=21%, signal=23%","Rc3h1/Mad1l1/Pde5a/Pawr/Itch/Scrib/Marchf7/Cblb/Laptm5"
"GO:0048821","GO:0048821","erythrocyte development",31,-0.205149652387934,-0.721394597941214,0.876106194690266,0.936157934600491,0.778366221994277,1804,"tags=23%, list=19%, signal=18%","Alas1/L3mbtl3/Dmtn/Flvcr1/Fam210b/Bpgm/Rac1"
"GO:0140448","GO:0140448","signaling receptor ligand precursor processing",21,-0.220818528552685,-0.691969502337521,0.876068376068376,0.936157934600491,0.778366221994277,2781,"tags=38%, list=29%, signal=27%","Ece1/Adam17/Atp6ap2/Ero1b/Pcsk2/Prep/P4hb/Slc30a8"
"GO:0140894","GO:0140894","endolysosomal toll-like receptor signaling pathway",22,-0.216344761795119,-0.685798779788663,0.876068376068376,0.936157934600491,0.778366221994277,3499,"tags=45%, list=37%, signal=29%","Hmgb1/Zdhhc3/Wdfy1/Rftn1/Rtn4/Trim3/Hcfc2/Ddx3x/Colec12/Ppt1"
"GO:0032496","GO:0032496","response to lipopolysaccharide",139,-0.175516930867012,-0.8326822139148,0.878281622911695,0.937700201184629,0.779648535768518,2703,"tags=32%, list=29%, signal=23%","Traf6/Pabpn1/Ptger3/Tspo/Ripk2/Cps1/Selenow/Capn2/Snca/Extl3/Mapkapk2/Epsti1/Nos2/Hadhb/Mapk8/Ltf/Eif2ak2/Map2k3/Ptpn11/Selenof/Cnp/Gfer/Abr/Casp9/Ly86/Hmgb2/Rps6kb1/Ogt/Bin1/Ppard/Cactin/Alad/Nfkbib/Mif/Fosl2/Casp3/Hnrnpa0/Rac1/Cebpb/Chmp5/Prpf8/Acod1/Sod2/Fos/Vim"
"GO:0007020","GO:0007020","microtubule nucleation",29,-0.211296034379297,-0.725255878207669,0.878103837471783,0.937700201184629,0.779648535768518,1454,"tags=24%, list=15%, signal=20%","Tubgcp5/Tppp/Ckap5/Golga2/Mzt1/Tubgcp6/Tubgcp4"
"GO:0009262","GO:0009262","deoxyribonucleotide metabolic process",26,-0.212431712118965,-0.710376312342314,0.878524945770065,0.937700201184629,0.779648535768518,2314,"tags=27%, list=24%, signal=20%","Dguok/Nt5m/Tk2/Rrm1/Oga/Nme1/Rrm2b"
"GO:2001235","GO:2001235","positive regulation of apoptotic signaling pathway",84,-0.182155506159466,-0.798435444558412,0.882086167800454,0.941152981108586,0.782519341180144,2226,"tags=27%, list=23%, signal=21%","Pak2/Mcl1/Park7/Plekhf1/Mapk8/Fadd/Traf2/Cyld/Unc5b/Sfpq/Ubb/Rack1/Stk4/Srpx/Tpd52l1/Itm2c/Dnm1l/Nf1/Sod1/Pea15a/Rpl26/Bok/Tnfsf10"
"GO:0050848","GO:0050848","regulation of calcium-mediated signaling",58,0.198768404625859,0.773409677995549,0.883512544802867,0.941851870949999,0.783100431427147,2287,"tags=31%, list=24%, signal=24%","Exoc4/Calcr/Cib1/Ppp3ca/Ptprc/Chp1/Homer2/Negr1/Grm5/Pdgfrb/Nfat5/Slc9a1/Mtor/Ptbp1/Camta1/Car8/Htt/Ramp3"
"GO:1902750","GO:1902750","negative regulation of cell cycle G2/M phase transition",48,0.199031905346933,0.747349223933816,0.883720930232558,0.941851870949999,0.783100431427147,2065,"tags=25%, list=22%, signal=20%","D7Ertd443e/Taok1/Foxn3/Brca1/Pinx1/Rad50/Taok3/Atm/Rbbp8/Creb3l1/Nbn/Usp47"
"GO:0045880","GO:0045880","positive regulation of smoothened signaling pathway",28,0.213666748021244,0.709923490395343,0.883303411131059,0.941851870949999,0.783100431427147,1513,"tags=18%, list=16%, signal=15%","Gpc3/Tedc1/Chsy1/Fgf9/Scube1"
"GO:1905144","GO:1905144","response to acetylcholine",32,-0.205162939913663,-0.727308809203665,0.88470066518847,0.942547734910804,0.78367900581313,1345,"tags=19%, list=14%, signal=16%","Anxa7/Rgs8/Crkl/Cdk5r1/Prkcb/Chrm5"
"GO:0051851","GO:0051851","host-mediated perturbation of symbiont process",60,0.19701573013136,0.771372554020569,0.885714285714286,0.94327917282127,0.784287158072434,2267,"tags=30%, list=24%, signal=23%","Prkn/Ep300/Lef1/Rest/Cd74/Trim8/Mid2/Trim25/Rad50/Pik3c2g/Ctdp1/Card9/Tardbp/Nbn/Gsn/Rrp1b/Fasn/Fmr1"
"GO:0071222","GO:0071222","cellular response to lipopolysaccharide",85,0.186300470365692,0.781065147389892,0.886925795053004,0.944220743053844,0.785070024336322,1697,"tags=19%, list=18%, signal=16%","Sash1/B2m/Tut4/Sgms1/Irak2/Bcr/Prkca/Casp7/Dab2ip/Abl1/Efnb2/Spi1/Irf8/Akap8/Prkce/Nr1h3"
"GO:0051899","GO:0051899","membrane depolarization",58,-0.190000925368127,-0.775931286260713,0.887387387387387,0.944363551743626,0.785188762271691,2729,"tags=36%, list=29%, signal=26%","Kcnh2/P2rx4/Scn1a/Tspo/Chrna4/Prkcz/Hcn4/Got1/Park7/Jun/Lrrk2/Rack1/Gclc/Ppp2r3c/Cck/Oga/Shtn1/Scn3a/Ywhah/Bok/Mllt11"
"GO:0002274","GO:0002274","myeloid leukocyte activation",99,0.184739443981656,0.790935323728942,0.888888888888889,0.945263847918715,0.785937311321568,1783,"tags=20%, list=19%, signal=17%","Rora/Gab2/Plpp6/Rbpj/Unc13d/Bcr/Ttbk1/Mfhas1/Ifi35/Grn/Cnr1/Spi1/Rasgrp1/Kmt2e/Tgfbr2/Atm/Prkcd/Prkce/Nr1h3/Rac2"
"GO:0045910","GO:0045910","negative regulation of DNA recombination",30,0.210933299963191,0.713240624447506,0.888888888888889,0.945263847918715,0.785937311321568,1291,"tags=20%, list=14%, signal=17%","Shld2/Rif1/H1f0/Abl1/Polq/Smchd1"
"GO:0032729","GO:0032729","positive regulation of type II interferon production",24,0.219161388805144,0.699584106261425,0.890740740740741,0.946884001583596,0.787284384118342,1467,"tags=21%, list=15%, signal=18%","Runx1/Abl1/Irf8/Rasgrp1/Scrib"
"GO:0032755","GO:0032755","positive regulation of interleukin-6 production",38,0.204500059398978,0.732639405742042,0.892138939670932,0.948020892413769,0.788229649214748,2164,"tags=26%, list=23%, signal=20%","Zbtb20/Tut4/Cd74/Setd4/Card9/Tirap/Laptm5/C1qtnf4/Nlrp10/Fcer1g"
"GO:0010972","GO:0010972","negative regulation of G2/M transition of mitotic cell cycle",47,0.200443346996216,0.749843797496108,0.892857142857143,0.948434622467772,0.788573644054889,2065,"tags=26%, list=22%, signal=20%","D7Ertd443e/Taok1/Foxn3/Brca1/Pinx1/Rad50/Taok3/Atm/Rbbp8/Creb3l1/Nbn/Usp47"
"GO:0032945","GO:0032945","negative regulation of mononuclear cell proliferation",37,0.208371101514234,0.74208859089713,0.893772893772894,0.948848941245282,0.788918128387748,1957,"tags=27%, list=21%, signal=22%","Rc3h1/Mad1l1/Pde5a/Pawr/Itch/Atm/Scrib/Marchf7/Cblb/Laptm5"
"GO:0030858","GO:0030858","positive regulation of epithelial cell differentiation",29,-0.204308397636114,-0.701271402409719,0.893905191873589,0.948848941245282,0.788918128387748,1293,"tags=21%, list=14%, signal=18%","Prom1/Etv4/Foxn1/Ipo7/Numa1/Ctnnb1"
"GO:0046785","GO:0046785","microtubule polymerization",65,0.192313309597728,0.766444854141075,0.89426523297491,0.948881873399427,0.788945509746658,1793,"tags=23%, list=19%, signal=19%","Slain1/Pcnt/Akap9/Fbxo5/Clasp1/Nav3/Diaph3/Map2/Camsap2/Abl1/Arhgef7/Clasp2/Fgf13/Cdk5rap2/Tubg1"
"GO:0000077","GO:0000077","DNA damage checkpoint signaling",81,0.191662352012201,0.794151041222016,0.894927536231884,0.94923538598483,0.78923943692001,2133,"tags=26%, list=23%, signal=20%","Eme2/Cul4a/D7Ertd443e/Gnb1l/Taok1/Clock/Gigyf2/Foxn3/Brca1/Dtx3l/Ints7/Cdc5lrt1/Ercc6/Taok3/Atm/Rnaseh2b/Creb3l1/Nbn/Xpc/Atf2/Wac"
"GO:0098930","GO:0098930","axonal transport",52,-0.193024499788837,-0.767939540197655,0.896396396396396,0.95044382617912,0.790244191559981,1628,"tags=19%, list=17%, signal=16%","Kif21a/Spg7/Kif1a/Actr10/Uchl1/Sod1/Pafah1b1/Rab21/Bloc1s1/Hsbp1"
"GO:0043112","GO:0043112","receptor metabolic process",59,0.197460976057296,0.770478622778443,0.897482014388489,0.951030125038936,0.790731668311079,2293,"tags=31%, list=24%, signal=23%","Mylip/Smurf1/Mtmr2/Fut8/Pex6/Dtx3l/Itch/Scrib/Kif16b/Znrf3/Snx16/Laptm5/Plekhj1/Gria1/Gria2/Ide/Ramp3/Pex2"
"GO:2001251","GO:2001251","negative regulation of chromosome organization",60,0.195216256208543,0.76432710239693,0.898214285714286,0.951030125038936,0.790731668311079,2154,"tags=28%, list=23%, signal=22%","Arhgap33os/Mad1l1/Fbxo5/Baz1b/Pinx1/Wapl/Cenpe/Rad50/Atm/Stn1/Ndc80/Cdk5rap2/Bub1b/Xrcc3/Nbn/Acd/Hnrnpu"
"GO:1902807","GO:1902807","negative regulation of cell cycle G1/S phase transition",38,0.203477793853149,0.72897704972998,0.897623400365631,0.951030125038936,0.790731668311079,1524,"tags=21%, list=16%, signal=18%","Bcl2/Gigyf2/Ezh2/Myo16/Ctdspl/Acvr1/Rbl1/Ctdsp1"
"GO:0046677","GO:0046677","response to antibiotic",24,-0.215745872181777,-0.699410499576338,0.898268398268398,0.951030125038936,0.790731668311079,1584,"tags=25%, list=17%, signal=21%","Gfer/Kdm1a/Hdac8/Rpl23/Ppp2cb/Scn3a"
"GO:0031100","GO:0031100","animal organ regeneration",38,0.20214854726125,0.724214907185691,0.89945155393053,0.95170235192726,0.791290589711037,1210,"tags=16%, list=13%, signal=14%","Egfr/Gli3/mt-Cytb/Apoa1/Upf2/Ezh2"
"GO:0018904","GO:0018904","ether metabolic process",20,-0.221328569749284,-0.681818635098081,0.899563318777293,0.95170235192726,0.791290589711037,493,"tags=10%, list=5%, signal=9%","Dhrs7b/Far1"
"GO:0003341","GO:0003341","cilium movement",127,-0.172846103410037,-0.811725374263673,0.901408450704225,0.952257132538823,0.791751860691816,1471,"tags=28%, list=16%, signal=24%","Tekt1/Nme7/Dync1h1/Celf3/Rgn/Dnah7b/Kif3a/Dnali1/Efhc1/Neurl1a/Vdac3/Tuba1a/Ccdc39/Cfap70/Ift88/Rsph4a/Rsph3b/Cfap20/Dnaaf6/Cfap69/Enkur/Nek10/Slc9b1/Anxa5/Spag6l/Celsr2/Vangl1/Rsph14/Dnah12/Tubb4b/Daw1/Slirp/Rsph1/Tac1/Ube2b/Spag16"
"GO:0009411","GO:0009411","response to UV",93,0.182351297132824,0.774597853953164,0.901079136690647,0.952257132538823,0.791751860691816,1553,"tags=18%, list=16%, signal=15%","Bcl2/Egfr/Rev1/Cul4a/D7Ertd443e/Ep300/Ino80/Ptprk/Crebbp/Casp7/Tmem161a/Polh/Wrn/Mapk9/Ercc6/Prkcd/Map4k3"
"GO:1904063","GO:1904063","negative regulation of cation transmembrane transport",47,-0.193301250167451,-0.747536279031472,0.900452488687783,0.952257132538823,0.791751860691816,1414,"tags=21%, list=15%, signal=18%","Ppp3cb/Ywhae/Vdac1/Slc30a1/Bin1/Sri/Ppp3r1/Calm2/Gnb5/Sestd1"
"GO:0120316","GO:0120316","sperm flagellum assembly",33,-0.202326926755075,-0.721670848212634,0.901098901098901,0.952257132538823,0.791751860691816,74,"tags=27%, list=1%, signal=27%","Dnali1/Neurl1a/Vdac3/Cfap70/Ift88/Cfap69/Spag6l/Ube2b/Spag16"
"GO:0009799","GO:0009799","specification of symmetry",79,0.189962424283555,0.786912971160129,0.902309058614565,0.952510733910836,0.791962716931486,1996,"tags=24%, list=21%, signal=19%","Acvr2b/Lrp6/Rbpj/Rpgrip1l/Ift57/Hif1a/Dnaaf1/Invs/Daam2/Vangl2/Cep290/Tgfbr2/Acvr1/Kdm2a/Ofd1/Ccdc103/Arl13b/Nat8f5/Alg5"
"GO:0009855","GO:0009855","determination of bilateral symmetry",79,0.189962424283555,0.786912971160129,0.902309058614565,0.952510733910836,0.791962716931486,1996,"tags=24%, list=21%, signal=19%","Acvr2b/Lrp6/Rbpj/Rpgrip1l/Ift57/Hif1a/Dnaaf1/Invs/Daam2/Vangl2/Cep290/Tgfbr2/Acvr1/Kdm2a/Ofd1/Ccdc103/Arl13b/Nat8f5/Alg5"
"GO:0071219","GO:0071219","cellular response to molecule of bacterial origin",88,0.184277140837682,0.774914575691284,0.902877697841727,0.952762268779927,0.792171854982361,2142,"tags=24%, list=23%, signal=19%","Sash1/B2m/Tut4/Sgms1/Irak2/Bcr/Prkca/Casp7/Dab2ip/Abl1/Efnb2/Spi1/Irf8/Akap8/Prkce/Nr1h3/Tirap/Cmpk2/Nr2c2/Esr2/Ppm1e"
"GO:0060260","GO:0060260","regulation of transcription initiation by RNA polymerase II",58,0.194743201997358,0.757747577800924,0.905017921146953,0.954152674470912,0.793327904388911,1828,"tags=22%, list=19%, signal=18%","Zfp451/Hey2/Foxo1/Taf5/Pwwp2a/Paxip1/Ercc6/Thra/Taf8/Creb1/Taf3/Med24/Med19"
"GO:0002209","GO:0002209","behavioral defense response",45,0.195087756536627,0.722631471513715,0.905187835420394,0.954152674470912,0.793327904388911,1527,"tags=18%, list=16%, signal=15%","Spire1/Penk/Bcl2/Ep300/Bdnf/Large1/Cckbr/Dpp4"
"GO:0009116","GO:0009116","nucleoside metabolic process",31,-0.196774080540624,-0.691942477428272,0.904867256637168,0.954152674470912,0.793327904388911,3393,"tags=45%, list=36%, signal=29%","Ada/Oard1/Nt5c3/Cdadc1/Ahcyl/Bloc1s6/Dguok/Tk2/Nt5e/Pcmt1/Aprt/Nudt1/Pgm2/Hprt1"
"GO:0000724","GO:0000724","double-strand break repair via homologous recombination",119,0.178529570893839,0.791701694075231,0.906854130052724,0.954513617179583,0.793628009320056,1627,"tags=20%, list=17%, signal=17%","Arid2/Shld2/Mms22l/Rad21l/Ino80/Mcm9/Rif1/Samhd1/Crebbp/Actl6a/Brca1/Chd4/Spidr/Abl1/Polq/Epc1/Wrn/Smchd1/Ing3/Rad50/Ercc6/Atm/Rpa1/Mbtd1"
"GO:0086003","GO:0086003","cardiac muscle cell contraction",42,0.199424147646132,0.729081660061099,0.906137184115523,0.954513617179583,0.793628009320056,1644,"tags=21%, list=17%, signal=18%","Ank2/Akap9/Uty/Kcne2/Sgcd/Cacna1c/Slc9a1/Fgf13/Cacna2d1"
"GO:0150076","GO:0150076","neuroinflammatory response",43,-0.190621889725853,-0.728849429808735,0.906458797327394,0.954513617179583,0.793628009320056,1084,"tags=14%, list=11%, signal=12%","Pomgnt1/Slc9a6/Bpgm/Hspa4/Calhm2/Lrp1"
"GO:0140467","GO:0140467","integrated stress response signaling",23,-0.21031624659872,-0.675312438529973,0.906581740976645,0.954513617179583,0.793628009320056,1327,"tags=35%, list=14%, signal=30%","Ptpn1/Tmem33/Qrich1/Oma1/Eif2s1/Tmed2/Gcn1/Bok"
"GO:0060291","GO:0060291","long-term synaptic potentiation",83,-0.177985568667393,-0.778893292557426,0.90744920993228,0.95479150727643,0.793859060360504,2458,"tags=29%, list=26%, signal=22%","Ptk2b/Prkcz/Fam107a/Snca/Lgmn/Rgs14/Snap25/Lrrtm1/Nsg1/Ncstn/Gfap/Mpp2/Stau1/Snap47/Shank3/Rab3a/Arc/Ckap5/Dbi/Nf1/Reln/Fxr1/Paip2/Crhr2"
"GO:0051607","GO:0051607","defense response to virus",127,0.179359080050082,0.803525363605957,0.907986111111111,0.955008003079666,0.794039065265888,1809,"tags=22%, list=19%, signal=18%","Bcl2/Ddx17/Stat2/Atg7/Adar/Irf7/Samhd1/Ptprc/Unc13d/Polr3f/Htra1/Trim8/Ncbp3/Zmynd11/Lsm14a/Irf2/Dtx3l/Mid2/Trim25/Itch/Agbl4/Ercc6/Chuk/Card9/Gpam/Traf3ip1/Oasl1/Irf1"
"GO:0006473","GO:0006473","protein acetylation",39,-0.193781880431161,-0.71750252551494,0.908685968819599,0.955395674107081,0.794361393392193,2428,"tags=31%, list=26%, signal=23%","Klf15/Kif3a/Nat10/Park7/Smo/Prkaa2/Gtf2b/Ddx3x/Sirt3/Naa20/Bloc1s1/Kat2a"
"GO:0043113","GO:0043113","receptor clustering",56,0.19166250417497,0.743700490948493,0.909413854351687,0.955653687684418,0.794575918149173,1467,"tags=20%, list=15%, signal=17%","Farp1/Magi2/Nrxn1/Lrrtm4/Lrp4/Gphn/Itgb1bp1/Cdh2/Lrrc7/Dlg2/Scrib"
"GO:0009225","GO:0009225","nucleotide-sugar metabolic process",35,0.200969812348328,0.703989682856423,0.909594095940959,0.955653687684418,0.794575918149173,889,"tags=11%, list=9%, signal=10%","Csgalnact1/B3galnt2/Gmds/Fut8"
"GO:0006661","GO:0006661","phosphatidylinositol biosynthetic process",69,-0.184789182017071,-0.776065096096995,0.911161731207289,0.956603725082571,0.795365824417146,2798,"tags=29%, list=30%, signal=21%","Pik3cg/Pigk/Pik3c2b/Pdgfb/Pigm/Pip4k2c/Pigh/Ip6k1/Pigp/Pip5k1a/Uvrag/Dpm1/Dpm2/Pi4kb/Impa1/Pip4k2b/Pdgfa/Smg1/Inpp4b/Htr2b"
"GO:0045332","GO:0045332","phospholipid translocation",31,0.208666174657418,0.706221256486997,0.910909090909091,0.956603725082571,0.795365824417146,2171,"tags=26%, list=23%, signal=20%","Atp9a/Xkr6/Xkr8/Mfsd2a/Tmem30c/Atp9b/Ano6/Vmp1"
"GO:0044248","GO:0044248","cellular catabolic process",193,0.171713559126249,0.812789488457179,0.91156462585034,0.95660670351291,0.795368300825757,2469,"tags=30%, list=26%, signal=22%","Mylip/Echdc2/Gad2/Smurf1/Mtmr2/Hibadh/Glud1/Mtrr/Naalad2/Acsbg2/Hao1/Gls/Amt/Bckdhb/Galns/Xylb/Ppm1k/Dtx3l/Sord/Cpq/Gcdh/Cnr1/Mfsd2a/Itch/Hmgcl/Abhd3/Tpp1/Kif16b/Eci1/Npepps/Znrf3/Acot8/Prodh/Afmid/Prkce/Mtor/Pon1/Csad/Gpc1/Laptm5/Acsf3/Ehhadh/Lpin2/Ctsh/Aldh4a1/Ide/Acads/Aass/Fitm2/Pex2/Abcd4/Adtrp/Acmsd/Ilvbl/Irs1/Gpt2/Ldhd"
"GO:1900078","GO:1900078","positive regulation of cellular response to insulin stimulus",25,-0.21000478293722,-0.691294690260388,0.911827956989247,0.95660670351291,0.795368300825757,1839,"tags=44%, list=19%, signal=36%","Pak1/Mfn2/Myo5a/Marcks/Ptpn1/Prkcz/Ptpn11/Adipor1/Sorl1/Ctsd/Tsc2"
"GO:0033047","GO:0033047","regulation of mitotic sister chromatid segregation",36,0.199083772172643,0.701256928972091,0.912639405204461,0.957109834403515,0.795786627772541,1896,"tags=25%, list=20%, signal=20%","Arhgap33os/Mad1l1/Fbxo5/Cenpe/Atm/Ndc80/Cdk5rap2/Bub1b/Xrcc3"
"GO:1905515","GO:1905515","non-motile cilium assembly",52,0.193798593710447,0.738351765099366,0.913978494623656,0.958071946033913,0.796586573131343,2387,"tags=31%, list=25%, signal=23%","Septin9/Disc1/Rpgrip1l/Ift57/Ttbk2/Vangl2/Cep290/Cep89/Cep135/Enkd1/Arl13b/Pibf1/Htt/Tmem216/Kcnf1/Poc1a"
"GO:0042596","GO:0042596","fear response",48,-0.18932072318665,-0.73732462603036,0.914221218961625,0.958071946033913,0.796586573131343,1503,"tags=29%, list=16%, signal=25%","Adcyap1/Vdac3/Ankfn1/Usp46/Shank3/Eif4g1/Vdac1/Comt/Rps6kb1/Cck/Dbi/Adra2a/Gng7/Neurod2"
"GO:1905818","GO:1905818","regulation of chromosome separation",47,0.191793239830677,0.717484383711831,0.916071428571429,0.959662186705412,0.797908774843028,1961,"tags=26%, list=21%, signal=20%","Arhgap33os/Mad1l1/Fbxo5/Smc4/Cenpe/Atm/Ndc80/Cdk5rap2/Bub1b/Mapk15/Xrcc3/Ncapd2"
"GO:0090316","GO:0090316","positive regulation of intracellular protein transport",74,0.189315602538557,0.772058630416416,0.916817359855335,0.960094867764265,0.798268526449739,2064,"tags=22%, list=22%, signal=17%","Prkd1/Pcnt/Gli3/Ep300/Ptpn5/Tenm1/Brca1/Kif20b/Cep290/Prkcd/Rufy3/Asph/Bag3/Tardbp/Wipf1/Prkcq"
"GO:0044774","GO:0044774","mitotic DNA integrity checkpoint signaling",51,-0.183992326412541,-0.728773343860398,0.917241379310345,0.960190249702735,0.798347831528882,782,"tags=37%, list=8%, signal=34%","Mbtps2/Hus1/Rps27l/Nop53/Fancd2/Mbd4/Fbxo31/Uimc1/Sde2/Ptprv/Rpa2/Dgkz/Eme1/Abraxas1/Syf2/Tipin/Rint1/Fzr1/Chek2"
"GO:0033157","GO:0033157","regulation of intracellular protein transport",117,0.178149508278306,0.789393996864709,0.918727915194346,0.9613974264951,0.799351535716416,2244,"tags=24%, list=24%, signal=18%","Insig1/Prkd1/Pcnt/Gli3/Ep300/Epm2a/Ptpn5/Tenm1/Chp1/Brca1/Rangap1/Kif20b/Cep290/Prkcd/Rufy3/Asph/Mdfic/Bag3/Tardbp/Apod/Wipf1/Derl3/Ptpn14/Angpt1/Prkcq/Cabp1/Ubr5/Fermt1"
"GO:1903052","GO:1903052","positive regulation of proteolysis involved in protein catabolic process",90,0.179959314825313,0.761159531593857,0.919786096256685,0.961458173832649,0.799402043941446,2506,"tags=31%, list=26%, signal=23%","Prkn/Atg7/Pias1/Smurf1/Ptk2/Sh3rf3/Disc1/Sh3rf1/Dab2ip/Kcne2/Det1/Egf/Agbl4/Mapk9/Socs5/Cbfa2t3/Axin2/Eif2ak3/Sirt2/Laptm5/Cop1/Fbxw8/Tmtc3/Fmr1/Rnf139/Rchy1/Wfs1/Fbxw7"
"GO:0050852","GO:0050852","T cell receptor signaling pathway",65,0.189081202645317,0.753563625343696,0.919354838709677,0.961458173832649,0.799402043941446,1253,"tags=15%, list=13%, signal=13%","Rc3h1/Fyn/Wnk1/Btrc/Dennd1b/Ptprc/Eif2b3/Ubr2/Abl1/Pawr"
"GO:0070613","GO:0070613","regulation of protein processing",33,0.196600029389846,0.68180839954672,0.919561243144424,0.961458173832649,0.799402043941446,1085,"tags=12%, list=11%, signal=11%","Rfx4/Spon1/Plat/Ldlrad3"
"GO:0000725","GO:0000725","recombinational repair",122,0.175997869950851,0.784361062236042,0.921875,0.96294367982615,0.800637164261614,1627,"tags=20%, list=17%, signal=17%","Arid2/Shld2/Mms22l/Rad21l/Ino80/Mcm9/Rif1/Samhd1/Crebbp/Actl6a/Brca1/Chd4/Spidr/Abl1/Polq/Epc1/Wrn/Smchd1/Ing3/Rad50/Ercc6/Atm/Rpa1/Mbtd1"
"GO:0042116","GO:0042116","macrophage activation",50,0.188655673601885,0.718284982804102,0.921739130434783,0.96294367982615,0.800637164261614,1697,"tags=16%, list=18%, signal=13%","Rora/Ttbk1/Mfhas1/Ifi35/Grn/Atm/Prkce/Nr1h3"
"GO:0170039","GO:0170039","proteinogenic amino acid metabolic process",92,0.176859083232778,0.752631466755066,0.923214285714286,0.963302926334846,0.800935858891444,2549,"tags=32%, list=27%, signal=23%","Aspa/Gad2/Glud1/Mtrr/Agmat/Hao1/Gls/Amt/Slc38a1/Azin2/Gcdh/Hmgcl/Mthfd1/Phgdh/Gclm/Srr/Prodh/Afmid/Csad/Mtr/Aldh4a1/Aass/Aspg/Aldh18a1/Acmsd/Ilvbl/Gpt2/Dglucy/Adss1"
"GO:0002688","GO:0002688","regulation of leukocyte chemotaxis",55,0.186072749471902,0.721590308114264,0.922671353251318,0.963302926334846,0.800935858891444,2068,"tags=24%, list=22%, signal=19%","Ninj1/Wnk1/Ptk2/Nedd9/Cd74/Swap70/Spi1/Dpp4/Mospd2/Tirap/Rac2/Ano6/Vegfa"
"GO:0051281","GO:0051281","positive regulation of release of sequestered calcium ion into cytosol",21,0.204881742513121,0.637805054287145,0.923220973782772,0.963302926334846,0.800935858891444,1101,"tags=14%, list=12%, signal=13%","Cemip/Ntsr1/Abl1"
"GO:1901186","GO:1901186","positive regulation of ERBB signaling pathway",20,-0.215003835999525,-0.662334836248685,0.923580786026201,0.963329832513404,0.800958229967711,3096,"tags=45%, list=33%, signal=30%","Hip1r/Adam17/Cnot9/Rtn4/Shkbp1/Neu3/Rala/Ralb/Adra2a"
"GO:0006367","GO:0006367","transcription initiation at RNA polymerase II promoter",103,0.176782225571212,0.765581885959741,0.926186291739895,0.964367381479681,0.801820897514677,1714,"tags=21%, list=18%, signal=18%","Zfp451/Hey2/Atad2b/Foxo1/Phf2/Ep300/Nr3c1/Taf5/Tet2/Lcor/Pwwp2a/Myocd/Tet1/Spi1/Paxip1/Ercc6/Thra/Kdm2a/Taf8/Creb1/Taf3/Med24"
"GO:0031570","GO:0031570","DNA integrity checkpoint signaling",84,0.183754299813232,0.765506830008367,0.926916221033868,0.964367381479681,0.801820897514677,2133,"tags=25%, list=23%, signal=20%","Eme2/Cul4a/D7Ertd443e/Gnb1l/Taok1/Clock/Gigyf2/Foxn3/Brca1/Dtx3l/Ints7/Cdc5lrt1/Ercc6/Taok3/Atm/Rnaseh2b/Creb3l1/Nbn/Xpc/Atf2/Wac"
"GO:0060048","GO:0060048","cardiac muscle contraction",66,0.186206277194388,0.742923998180025,0.925318761384335,0.964367381479681,0.801820897514677,1949,"tags=23%, list=21%, signal=18%","Hdac4/Ank2/Slc8a1/Akap9/Uty/Kcne2/Pde5a/Sgcd/Cacna1c/Slc9a1/Fgf13/Cacna2d1/Mtor/Atp1b1/Dmd"
"GO:0002702","GO:0002702","positive regulation of production of molecular mediator of immune response",60,0.187911611484751,0.735727343113507,0.926785714285714,0.964367381479681,0.801820897514677,1337,"tags=18%, list=14%, signal=16%","B2m/Shld2/Atad5/Rif1/Dennd1b/Ptprc/Cd74/Kmt5b/Tfrc/Paxip1/Map3k7"
"GO:0044773","GO:0044773","mitotic DNA damage checkpoint signaling",49,-0.187959796636701,-0.733162380259483,0.925233644859813,0.964367381479681,0.801820897514677,782,"tags=39%, list=8%, signal=36%","Mbtps2/Hus1/Rps27l/Nop53/Fancd2/Mbd4/Fbxo31/Uimc1/Sde2/Ptprv/Rpa2/Dgkz/Eme1/Abraxas1/Syf2/Tipin/Rint1/Fzr1/Chek2"
"GO:0097035","GO:0097035","regulation of membrane lipid distribution",37,0.193781199587569,0.690128411758052,0.926739926739927,0.964367381479681,0.801820897514677,2171,"tags=24%, list=23%, signal=19%","Atp9a/Xkr6/Xkr8/Mfsd2a/Tmem30c/Atp9b/Ano6/Arv1/Vmp1"
"GO:0071715","GO:0071715","icosanoid transport",23,0.209017409643691,0.658575192076986,0.926553672316384,0.964367381479681,0.801820897514677,1723,"tags=26%, list=18%, signal=21%","Sstr4/Ntsr1/Abcc6/Mapk9/Abcc10/Hrh2"
"GO:1903322","GO:1903322","positive regulation of protein modification by small protein conjugation or removal",97,-0.170850316993905,-0.769473399631599,0.930493273542601,0.966036355117185,0.803208561558124,1800,"tags=21%, list=19%, signal=17%","Derl1/Stub1/Rassf5/Prickle1/Ubb/Lrrk2/Sae1/Ddx3x/Kdm1a/Ube2l3/Tollip/Ube2d1/Fancm/Rps2/Fzr1/Rasd2/Arrb1/Dnajb2/Cry1/Skp1"
"GO:0051591","GO:0051591","response to cAMP",42,0.190852685237449,0.697744953268884,0.929602888086643,0.966036355117185,0.803208561558124,1007,"tags=14%, list=11%, signal=13%","Penk/Slc8a1/Srebf1/Akap9/Bckdhb/Igfbp5"
"GO:1905330","GO:1905330","regulation of morphogenesis of an epithelium",38,-0.18888459363048,-0.692899653474388,0.92967032967033,0.966036355117185,0.803208561558124,2149,"tags=26%, list=23%, signal=20%","Smo/Sirt6/Six4/Sulf1/Fgf1/Phb2/Pdgfa/Ctnnb1/Pdgfra/Hgf"
"GO:0008089","GO:0008089","anterograde axonal transport",38,0.192187877579071,0.68852993409477,0.930530164533821,0.966036355117185,0.803208561558124,2407,"tags=32%, list=25%, signal=24%","Kif1b/Borcs5/Map2/Agbl4/Dlg2/Ap3m1/Ap3d1/Bloc1s2/Ank3/Bloc1s5/Spast/Kif5b"
"GO:0050994","GO:0050994","regulation of lipid catabolic process",32,0.196146156889943,0.673647967181242,0.929219600725953,0.966036355117185,0.803208561558124,1776,"tags=22%, list=19%, signal=18%","Pde3b/Cnr1/Mfsd2a/Thra/Prkcd/Prkce/Mtor"
"GO:0071320","GO:0071320","cellular response to cAMP",30,0.197823577142504,0.668911981731575,0.93010752688172,0.966036355117185,0.803208561558124,1898,"tags=23%, list=20%, signal=19%","Penk/Slc8a1/Akap9/Igfbp5/Crtc1/Rapgef1/Itpr2"
"GO:0061512","GO:0061512","protein localization to cilium",53,-0.182629899966447,-0.727496677437689,0.931506849315068,0.966389741680418,0.803502383950651,1275,"tags=15%, list=13%, signal=13%","Rab3ip/Rab8a/Snx10/Ift122/Rab11fip3/Ift20/Gdi2/Arf4"
"GO:0034644","GO:0034644","cellular response to UV",55,0.182036103999566,0.705936192944807,0.933216168717047,0.966389741680418,0.803502383950651,2580,"tags=31%, list=27%, signal=23%","Cul4a/Ep300/Ino80/Ptprk/Crebbp/Tmem161a/Polh/Mapk9/Prkcd/Mmp2/Usp47/Xpc/Smpd1/Actr5/Fbxw7/Hyal3/Nedd4"
"GO:0032649","GO:0032649","regulation of type II interferon production",34,-0.194543107908208,-0.700675747162781,0.932314410480349,0.966389741680418,0.803502383950651,2018,"tags=41%, list=21%, signal=33%","Hmgb1/Carmil2/Hras/Ifnar1/Gas6/Ripk2/Fadd/Cd226/C1qbp/Hspd1/Uba5/Cebpg/Nras/Ufsp2"
"GO:0006303","GO:0006303","double-strand break repair via nonhomologous end joining",45,0.188594863925928,0.698580917932362,0.932021466905188,0.966389741680418,0.803502383950651,1479,"tags=18%, list=16%, signal=15%","Nhej1/Shld2/Rif1/Kmt5b/Polq/Smchd1/Ercc6/Kdm2a"
"GO:0046854","GO:0046854","phosphatidylinositol phosphate biosynthetic process",36,-0.188617819950329,-0.685175455988856,0.933189655172414,0.966389741680418,0.803502383950651,2798,"tags=31%, list=30%, signal=22%","Pik3cg/Pik3c2b/Pip4k2c/Ip6k1/Pip5k1a/Uvrag/Pi4kb/Impa1/Pip4k2b/Smg1/Inpp4b"
"GO:0089718","GO:0089718","amino acid import across plasma membrane",33,0.193166050715486,0.669899370278977,0.93235831809872,0.966389741680418,0.803502383950651,2470,"tags=27%, list=26%, signal=20%","Slc1a2/Ntsr1/Slc38a1/Slc1a4/Prkcd/Slc6a7/Slc6a9/Agt/Itgb1"
"GO:0010935","GO:0010935","regulation of macrophage cytokine production",21,0.200211231563269,0.623265567003508,0.932584269662921,0.966389741680418,0.803502383950651,1957,"tags=24%, list=21%, signal=19%","Tgfb2/Cd74/Card9/Tirap/Laptm5"
"GO:0006986","GO:0006986","response to unfolded protein",86,-0.175605648592667,-0.771727304644756,0.933940774487471,0.966700317286645,0.803760611277822,3010,"tags=34%, list=32%, signal=23%","Xbp1/Ufl1/Hsph1/Ptpn1/Tmem33/Manf/Yod1/Rhbdd1/Qrich1/Amfr/Creb3l2/Eif2ak2/Tm7sf3/Hspd1/Derl1/Stub1/Jkamp/Edem2/Eif2s1/Tmed2/Optn/Stc2/Ficd/Serp1/Parp16/Dnajb9/Cops5/Hspa4l/Bok"
"GO:0070664","GO:0070664","negative regulation of leukocyte proliferation",38,0.188860337362248,0.676608729307832,0.93418647166362,0.966700317286645,0.803760611277822,1957,"tags=26%, list=21%, signal=21%","Rc3h1/Mad1l1/Pde5a/Pawr/Itch/Atm/Scrib/Marchf7/Cblb/Laptm5"
"GO:0021952","GO:0021952","central nervous system projection neuron axonogenesis",26,-0.191363763029478,-0.639924627734961,0.934924078091106,0.96711658580156,0.804106716715072,1332,"tags=15%, list=14%, signal=13%","Nr4a2/Grcc10/Wdr47/Pafah1b1"
"GO:0071675","GO:0071675","regulation of mononuclear cell migration",65,0.185187039920049,0.738043841568913,0.935483870967742,0.967348685504112,0.804299695444327,1346,"tags=15%, list=14%, signal=13%","Ninj1/Wnk1/Ptk2/Pdgfd/Nedd9/Bcr/Plcb1/Abl1/Spi1/Wasl"
"GO:1901873","GO:1901873","regulation of post-translational protein modification",169,0.171079922078865,0.795778578477538,0.937710437710438,0.967434478622342,0.804371027922365,2074,"tags=23%, list=22%, signal=18%","Sash1/Prkn/Fyn/Hdac4/Wnk1/Atg7/Pias1/Btrc/Epm2a/Mtbp/Fbxo5/Hif1a/Rnf111/Chp1/Fgfr3/Tank/Dtx3l/Abl1/Pinx1/Ngf/Paxip1/Spry2/Epas1/Itch/Mapk9/Wbp1l/Fbxo33/Uba2/Ube3a/Prkce/Marchf7/Mtor/Sox4/Mapk15/Cblb/Laptm5/Adgrb1/Angpt1/Rwdd3"
"GO:0050806","GO:0050806","positive regulation of synaptic transmission",133,0.175074463739988,0.79149589046609,0.938250428816467,0.967434478622342,0.804371027922365,2474,"tags=28%, list=26%, signal=21%","Erbb4/Egfr/Adcy8/Htr7/Igsf11/Nrxn1/Epha4/Ptk2/Ptpn5/Cacng4/Cpeb3/Nalcn/Abl1/Syt1/Syt12/Large1/Tshz3/Lgi1/Cckbr/Cacng2/Crtc1/Pde9a/Creb1/Prkce/Tacr1/Slc7a10/Gria1/Gria2/Rims1/Fmr1/Shank2/Cacna1b/Grik1/Braf/Kif5b/Ephb2/Rab3gap1"
"GO:0006865","GO:0006865","amino acid transport",113,0.174780494510524,0.768150117762198,0.9375,0.967434478622342,0.804371027922365,1542,"tags=18%, list=16%, signal=15%","Slc6a11/Slc1a2/Slc6a1/Lrp5/Epm2a/Prkg1/Ntsr1/Nr3c1/Slc16a10/Nat3/Ttyh3/Vps54/Slc38a1/Bdnf/Nherf1/Slc1a4/Trpc4/Slc25a26/Sfxn5/Prkcd"
"GO:0043543","GO:0043543","protein acylation",63,-0.182739570629449,-0.751716314053323,0.938073394495413,0.967434478622342,0.804371027922365,2712,"tags=32%, list=29%, signal=23%","Shh/Zdhhc15/Zdhhc22/Selenok/Klf15/Kif3a/Nat10/Park7/Smo/Prkaa2/Gtf2b/Zdhhc7/Ddx3x/Nmt2/Sirt3/Glul/Nmt1/Naa20/Bloc1s1/Kat2a"
"GO:0042742","GO:0042742","defense response to bacterium",76,0.183980340332284,0.751233712329755,0.937728937728938,0.967434478622342,0.804371027922365,2164,"tags=26%, list=23%, signal=20%","B2m/Prkd1/Slc15a2/Dmbt1/Gbp9/Rbpj/Ankrd17/Casp7/Grn/Map3k7/Irf8/Tab3/Prkcd/Card9/Tirap/Tab2/Adgrb1/Tfeb/Nlrp10/Fcer1g"
"GO:0071482","GO:0071482","cellular response to light stimulus",63,-0.18112244915905,-0.745064133647527,0.938073394495413,0.967434478622342,0.804371027922365,576,"tags=10%, list=6%, signal=9%","Cdc25a/Ddb1/Gnb5/Pcna/Mettl3/Rpl26"
"GO:0001662","GO:0001662","behavioral fear response",44,-0.186250849881531,-0.717804187947033,0.93598233995585,0.967434478622342,0.804371027922365,2292,"tags=30%, list=24%, signal=23%","Adcyap1/Vdac3/Ankfn1/Usp46/Shank3/Eif4g1/Vdac1/Comt/Rps6kb1/Cck/Dbi/Gng7/Neurod2"
"GO:0170040","GO:0170040","proteinogenic amino acid catabolic process",36,-0.187801515965756,-0.682210139906834,0.9375,0.967434478622342,0.804371027922365,2495,"tags=36%, list=26%, signal=27%","Tdh/Tdo2/Mccc1/Dlst/Got1/Nos2/Arg2/Asrgl1/Gcat/Oat/Got2/Qdpr/Aadat"
"GO:0070527","GO:0070527","platelet aggregation",30,-0.189050827131416,-0.655598287748662,0.939189189189189,0.968056333674633,0.804888067782617,401,"tags=7%, list=4%, signal=6%","Stxbp1/Pdgfra"
"GO:0018279","GO:0018279","protein N-linked glycosylation via asparagine",31,0.196663714149645,0.665599470255223,0.94,0.968545909253305,0.805295124198492,2274,"tags=29%, list=24%, signal=22%","Alg11/Fut8/Dhdds/Mgat2/Alg5/Derl3/Alg9/Alg14/Stt3b"
"GO:2000401","GO:2000401","regulation of lymphocyte migration",32,0.192064359304744,0.659629366514711,0.943738656987296,0.972050816696915,0.808209270908669,2843,"tags=34%, list=30%, signal=24%","Wnk1/Nedd9/Abl1/Wasl/Jam2/Apod/Adtrp/Wnt5a/Stk39/Lrch1/Slc8b1"
"GO:1901607","GO:1901607","alpha-amino acid biosynthetic process",37,-0.182413476601828,-0.665013670441814,0.945175438596491,0.972753519143708,0.808793531137079,3159,"tags=43%, list=33%, signal=29%","Aasdhppt/Apip/Psph/Cth/Mthfd2l/Mthfr/Got1/Park7/Enoph1/Pcbd2/Asns/Asl/Pycr1/Oat/Got2/Glul"
"GO:0050685","GO:0050685","positive regulation of mRNA processing",27,0.198256964738314,0.653608526409164,0.945652173913043,0.972753519143708,0.808793531137079,1149,"tags=19%, list=12%, signal=16%","Tra2b/Thrap3/Rbmxl1/Tra2a/Dazap1"
"GO:0071539","GO:0071539","protein localization to centrosome",27,0.198211379849695,0.653458243306039,0.945652173913043,0.972753519143708,0.808793531137079,1129,"tags=15%, list=12%, signal=13%","Bicd1/Cep250/Disc1/Dctn2"
"GO:0072678","GO:0072678","T cell migration",26,-0.188576525118716,-0.630604042927178,0.945770065075922,0.972753519143708,0.808793531137079,2773,"tags=35%, list=29%, signal=25%","Adam17/Adam8/Selenok/Ripor2/Fadd/Msn/Itga4/Gpr183/Crkl"
"GO:0032259","GO:0032259","methylation",141,-0.161178316332676,-0.76717314655384,0.946731234866828,0.973394966615306,0.80932686106638,1498,"tags=15%, list=16%, signal=13%","Eef1akmt2/Nsun2/Pcmt1/Dnmt1/Etf1/Snrpb/Kmt2d/Comt/Rab6a/Eef1akmt1/Ramac/Ezh1/Rnmt/Fam98a/Smyd2/Mettl3/Lcmt1/Setdb1/Lcmt2/Bud23/Snrpd3"
"GO:0001578","GO:0001578","microtubule bundle formation",84,-0.167822970131608,-0.735612173297898,0.947845804988662,0.974129970244335,0.809937978033651,1440,"tags=14%, list=15%, signal=12%","Dnaaf6/Tppp/Cfap69/Spag6l/Cluap1/Map1s/Numa1/Dnal1/Daw1/Rsph1/Ube2b/Spag16"
"GO:0090114","GO:0090114","COPII-coated vesicle budding",29,0.188914264320757,0.633665298164189,0.948121645796064,0.974129970244335,0.809937978033651,806,"tags=10%, list=9%, signal=9%","Insig1/Scap/Trappc12"
"GO:0042745","GO:0042745","circadian sleep/wake cycle",22,0.194706013367829,0.612732871504776,0.949438202247191,0.975135247607158,0.810773813434961,2637,"tags=32%, list=28%, signal=23%","Per3/Mtnr1b/Btbd9/Alb/Npas2/Hcrtr2/Cntnap2"
"GO:2000377","GO:2000377","regulation of reactive oxygen species metabolic process",87,0.174281518954205,0.733870442744887,0.950266429840142,0.975638442028825,0.811192193204491,1542,"tags=17%, list=16%, signal=15%","Prkn/Fyn/Hdac4/Egfr/Foxo1/Foxo3/Elavl1/Bcr/Hif1a/Brca1/Ppara/Pdgfrb/Map3k7/Tgfbr2/Prkcd"
"GO:0032434","GO:0032434","regulation of proteasomal ubiquitin-dependent protein catabolic process",88,0.174517308250091,0.733872933227921,0.951438848920863,0.976494533910238,0.811903988702651,2133,"tags=25%, list=23%, signal=20%","Atg7/Pias1/Gna12/Sh3rf3/Sh3rf1/Mtm1/Usp38/Det1/Phf20l1/Ube2k/Mapk9/Socs5/Cbfa2t3/Axin2/Senp1/Sirt2/Fhit/Clec16a/Cop1/Tlk2/Fbxw8/Wac"
"GO:0031396","GO:0031396","regulation of protein ubiquitination",138,0.168952976704595,0.770056649565812,0.952299829642249,0.977030490461845,0.812349608464881,2037,"tags=22%, list=21%, signal=18%","Sash1/Prkn/Fyn/Wnk1/Atg7/Btrc/Epm2a/Mtbp/Fbxo5/Rnf111/Chp1/Fgfr3/Dtx3l/Abl1/Pinx1/Ngf/Paxip1/Spry2/Mapk9/Wbp1l/Fbxo33/Ube3a/Prkce/Marchf7/Mtor/Sox4/Mapk15/Cblb/Laptm5/Adgrb1/Angpt1"
"GO:0001895","GO:0001895","retina homeostasis",39,0.186947817567419,0.674070444130276,0.952983725135624,0.977384446405099,0.812643904267033,1497,"tags=15%, list=16%, signal=13%","Ush1c/Vstm4/Iqcb1/Ercc6/Cep290/Poc1b"
"GO:0000959","GO:0000959","mitochondrial RNA metabolic process",44,-0.179592444988148,-0.692142930988703,0.95364238410596,0.977712277199285,0.812916478377974,1905,"tags=25%, list=20%, signal=20%","Polr2b/Tfam/Elac2/Tfb2m/Myg1/Kansl3/Mterf3/Grsf1/Sirt3/Polrmt/Slirp"
"GO:0006739","GO:0006739","NADP metabolic process",23,0.193662129483881,0.610193544835823,0.954802259887006,0.978466082583272,0.813543228018357,2299,"tags=30%, list=24%, signal=23%","Nudt13/Rbks/Idh2/Mtor/Me1/Tkt/Rptor"
"GO:1902235","GO:1902235","regulation of endoplasmic reticulum stress-induced intrinsic apoptotic signaling pathway",21,0.193724531376163,0.603072210024828,0.955056179775281,0.978466082583272,0.813543228018357,714,"tags=10%, list=8%, signal=9%","Prkn/Nck2"
"GO:0000209","GO:0000209","protein polyubiquitination",180,0.164346005219756,0.77478022687224,0.956375838926175,0.979271812443086,0.814213150136999,1912,"tags=21%, list=20%, signal=17%","Sash1/Prkn/Rc3h1/Bcl2/Zfp91/Ube2o/Smurf1/Btrc/D7Ertd443e/Hectd1/Rnf111/Trim8/Ambra1/Ubr2/Brca1/Dtx3l/Ttc3/Trim25/Ube2k/Rnf152/Itch/Fbxo38/Ube2e2/Hectd2/Jade2/Marchf5/Cbfb/Trip12/Ube2e1/Ube3a/Rnf14/Ube2d2a/Marchf7/Aktip/Wdr77/Rffl/Rnf216"
"GO:0032481","GO:0032481","positive regulation of type I interferon production",35,-0.184502359553462,-0.667863024025588,0.956521739130435,0.979271812443086,0.814213150136999,1839,"tags=26%, list=19%, signal=21%","Ptpn11/Hspd1/Ddx3x/Tomm70a/Tbk1/Hmgb2/Gapdh/G3bp1/Riok3"
"GO:0008654","GO:0008654","phospholipid biosynthetic process",149,0.167758083569425,0.771890221355443,0.957627118644068,0.979418408125227,0.81433503675789,1661,"tags=17%, list=18%, signal=14%","Lpcat3/Erbb4/Sgms1/Slc27a1/Itpkb/Sptlc2/Dgkb/Chka/Chp1/Pik3c2a/Apoa1/Ptdss2/Pgs1/Lclat1/Impa2/Ggps1/Dhdds/Pik3c2g/Ip6k2/Atm/Agpat5/Cds1/Gpam/Pigs/Pigq"
"GO:0042158","GO:0042158","lipoprotein biosynthetic process",39,-0.178633909795728,-0.661415201131635,0.957683741648107,0.979418408125227,0.81433503675789,2656,"tags=28%, list=28%, signal=20%","Zdhhc15/Zdhhc22/Selenok/Atg13/Zdhhc7/Atg101/Wipi1/Nmt2/Dbi/Glul/Nmt1"
"GO:0030488","GO:0030488","tRNA methylation",29,-0.183802431350513,-0.630886396696531,0.957110609480813,0.979418408125227,0.81433503675789,3853,"tags=41%, list=41%, signal=25%","Trmt10c/Gtpbp3/Wdr4/Thada/Tarbp1/Trmt9b/Trmt13/Mettl6/Trmt10a/Trmt44/Nsun2/Lcmt2"
"GO:0034063","GO:0034063","stress granule assembly",27,0.191732646000339,0.632099318085612,0.958333333333333,0.979735318444996,0.814598531067122,1018,"tags=15%, list=11%, signal=13%","Bicd1/Pum2/Hif1a/Lsm14a"
"GO:0046474","GO:0046474","glycerophospholipid biosynthetic process",117,0.166800224629459,0.739104459342555,0.959363957597173,0.980377393257499,0.815132382597483,1661,"tags=16%, list=18%, signal=14%","Lpcat3/Slc27a1/Itpkb/Dgkb/Chka/Pik3c2a/Apoa1/Ptdss2/Pgs1/Lclat1/Impa2/Pik3c2g/Ip6k2/Atm/Agpat5/Cds1/Gpam/Pigs/Pigq"
"GO:0010507","GO:0010507","negative regulation of autophagy",59,-0.174228574529518,-0.713536285612791,0.959641255605381,0.980377393257499,0.815132382597483,2568,"tags=42%, list=27%, signal=31%","Pink1/Nampt/Fez2/Eif4g2/Poldip2/Tspo/Herc1/Rragd/Snca/Lypla1/Usp30/Mcl1/Stat3/Smcr8/Ubqln4/Rragb/Lrrk2/Eif4g1/Sec22b/Rragc/Rnf41/Mtmr9/Golga2/Tsc2/Ctsa"
"GO:0034502","GO:0034502","protein localization to chromosome",81,-0.168696101933201,-0.735602607004423,0.96,0.980396600566572,0.815148352467571,1858,"tags=21%, list=20%, signal=17%","Brca2/Rpa2/Rad21/Tnks/Zw10/Chmp7/Iffo1/Jarid2/Aplf/Mcm8/Cct2/Cct4/Terf2ip/Bub3/Cct8/Wbp2/Spdya"
"GO:0071260","GO:0071260","cellular response to mechanical stimulus",41,-0.17425629550649,-0.65690023549049,0.962138084632517,0.980913434179008,0.815578072508862,2179,"tags=27%, list=23%, signal=21%","Got1/Fadd/Ptpn11/Arhgdia/Aqp1/Gclc/Col1a1/Mtpn/Ctnnb1/Rac1/Bnip3"
"GO:0032760","GO:0032760","positive regulation of tumor necrosis factor production",41,0.179334923620188,0.652590470736408,0.962025316455696,0.980913434179008,0.815578072508862,2164,"tags=22%, list=23%, signal=17%","Zbtb20/Ptprc/Setd4/Rasgrp1/Card9/Tirap/Lrrfip2/C1qtnf4/Fcer1g"
"GO:0045494","GO:0045494","photoreceptor cell maintenance",32,-0.173188828267438,-0.613959619157224,0.962305986696231,0.980913434179008,0.815578072508862,21,"tags=16%, list=0%, signal=16%","Mak/Tub/Bsg/Prom1/Esrrb"
"GO:0006505","GO:0006505","GPI anchor metabolic process",22,0.187876864487464,0.591241783833568,0.962546816479401,0.980913434179008,0.815578072508862,7699,"tags=100%, list=81%, signal=19%","Pigs/Pigq/Mppe1/Pigf/Pign/Pgap2/Pigx/Pigu/Pgap1/Pigc/Pigt/Piga/Pigb/Pigv/Pigyl/Pigl/Pigk/Pigm/Pigh/Pigp/Dpm1/Dpm2"
"GO:0006506","GO:0006506","GPI anchor biosynthetic process",22,0.187876864487464,0.591241783833568,0.962546816479401,0.980913434179008,0.815578072508862,7699,"tags=100%, list=81%, signal=19%","Pigs/Pigq/Mppe1/Pigf/Pign/Pgap2/Pigx/Pigu/Pgap1/Pigc/Pigt/Piga/Pigb/Pigv/Pigyl/Pigl/Pigk/Pigm/Pigh/Pigp/Dpm1/Dpm2"
"GO:0180046","GO:0180046","GPI anchored protein biosynthesis",22,0.187876864487464,0.591241783833568,0.962546816479401,0.980913434179008,0.815578072508862,7699,"tags=100%, list=81%, signal=19%","Pigs/Pigq/Mppe1/Pigf/Pign/Pgap2/Pigx/Pigu/Pgap1/Pigc/Pigt/Piga/Pigb/Pigv/Pigyl/Pigl/Pigk/Pigm/Pigh/Pigp/Dpm1/Dpm2"
"GO:1901019","GO:1901019","regulation of calcium ion transmembrane transporter activity",34,0.179075892520603,0.624960162141293,0.963235294117647,0.981268310927338,0.815873133912138,2267,"tags=29%, list=24%, signal=22%","Ank2/Fgf14/Stimate/Slc9a1/Asph/Casq1/Dmd/Vmp1/Htt/Fmr1"
"GO:0042157","GO:0042157","lipoprotein metabolic process",57,-0.172343549459368,-0.699653888969531,0.963800904977376,0.981497814249559,0.816063953887326,1141,"tags=28%, list=12%, signal=25%","Zdhhc15/Zdhhc22/Selenok/Atg13/Lypla1/Zdhhc7/Atg101/Wipi1/Nmt2/Ctsd/Lypla2/Dbi/Glul/Nmt1/Ppt1/Abhd12"
"GO:0010965","GO:0010965","regulation of mitotic sister chromatid separation",39,-0.176783993220549,-0.654565645271564,0.964365256124722,0.9817258731605,0.816253572910292,1743,"tags=21%, list=18%, signal=17%","Rad21/Anapc5/Zw10/Dync1li1/Bub3/Anapc7/Trip13/Lcmt1"
"GO:0032436","GO:0032436","positive regulation of proteasomal ubiquitin-dependent protein catabolic process",55,-0.17379816206411,-0.696384175233801,0.965357967667437,0.982389689044773,0.81680550100153,2876,"tags=36%, list=30%, signal=25%","Nop53/Rad23a/Usp5/Dvl1/Psmd10/Bbs7/Sirt6/Csnk1e/Mapk8/Zer1/Dda1/Stub1/Prickle1/Lrrk2/Rack1/Gclc/Fzr1/Zyg11b/Pabir1/Dnajb2"
"GO:0006611","GO:0006611","protein export from nucleus",45,0.175211252966189,0.649006210356147,0.966010733452594,0.982707215265355,0.817069507399985,827,"tags=11%, list=9%, signal=10%","Prkd1/Pkd1/Smurf1/Adar/Chp1"
"GO:0032410","GO:0032410","negative regulation of transporter activity",31,-0.174936521395313,-0.615152207416701,0.966814159292035,0.983177727573424,0.817460713706205,2796,"tags=32%, list=30%, signal=23%","Calm1/Dysf/Wwp2/Gsto1/Snca/Ndfip1/Kcnab1/Sri/Calm2/Gnb5"
"GO:0071496","GO:0071496","cellular response to external stimulus",42,-0.170869698671983,-0.649315381355715,0.96875,0.984452078928823,0.818520270019658,2179,"tags=26%, list=23%, signal=20%","Got1/Fadd/Ptpn11/Arhgdia/Aqp1/Gclc/Col1a1/Mtpn/Ctnnb1/Rac1/Bnip3"
"GO:0034204","GO:0034204","lipid translocation",35,0.179354981821615,0.628273745673172,0.968634686346863,0.984452078928823,0.818520270019658,2171,"tags=23%, list=23%, signal=18%","Atp9a/Xkr6/Xkr8/Mfsd2a/Tmem30c/Atp9b/Ano6/Vmp1"
"GO:0009451","GO:0009451","RNA modification",114,-0.160673494972379,-0.738452469875389,0.970183486238532,0.985561526703743,0.819442717654985,3286,"tags=35%, list=35%, signal=23%","Trub2/Emg1/Mettl14/Tarbp1/Cdk5rap1/Nop2/Dus3l/Trmt9b/Dtwd1/Bag4/Trmt13/Mrm2/Rpusd2/Mettl6/Naf1/Adarb1/Sars1/Thumpd1/Trmt10a/Nat10/Mettl5/Trmu/Nhp2/Trmt44/Tfb2m/Tsr3/Tprkb/Nsun2/Dnajb11/Gar1/Dus1l/Hnrnpab/Dus2/Ramac/Rnmt/Virma/Thg1l/Mettl3/Lcmt2/Bud23"
"GO:0002237","GO:0002237","response to molecule of bacterial origin",145,-0.159196223077104,-0.755120267017821,0.970731707317073,0.985771212641704,0.819617060514564,2703,"tags=31%, list=29%, signal=23%","Traf6/Pabpn1/Ptger3/Tspo/Ripk2/Cps1/Selenow/Capn2/Snca/Extl3/Mapkapk2/Epsti1/Nos2/Hadhb/Mapk8/Ltf/Eif2ak2/Map2k3/Ptpn11/Selenof/Cnp/Gfer/Abr/Casp9/Ly86/Hmgb2/Rps6kb1/Ogt/Bin1/Ppard/Cactin/Alad/Nfkbib/Mif/Fosl2/Casp3/Hnrnpa0/Rac1/Cebpb/Chmp5/Prpf8/Acod1/Sod2/Fos/Vim"
"GO:0050795","GO:0050795","regulation of behavior",59,0.17294920305038,0.67483543552535,0.971223021582734,0.98592298283865,0.819743249473116,2253,"tags=29%, list=24%, signal=22%","Per3/Penk/Hdac4/Nrxn1/Mtnr1b/Mbd5/Cnr1/Zfhx3/Cckbr/Mtor/Dbn1/Fto/Nr2c2/Gria1/Esr2/Alb/Npas2"
"GO:0034766","GO:0034766","negative regulation of monoatomic ion transmembrane transport",53,0.174628342236048,0.668809341554621,0.971631205673759,0.985990287531007,0.819799209794742,2596,"tags=32%, list=27%, signal=23%","Tgfb2/Bcl2/Ppp3ca/Ntsr1/Pik3c2a/Kcne2/Nherf1/Ubr3/Prkce/Mtor/Ank3/Slc6a9/Crbn/Fmr1/Ephb2/Nedd4/Fbxo11"
"GO:1900076","GO:1900076","regulation of cellular response to insulin stimulus",59,0.172347754037613,0.672488624442571,0.973021582733813,0.986706837061996,0.820394983147393,2501,"tags=29%, list=26%, signal=21%","Ptprf/Snx5/Ncoa2/Grb10/Prkca/Appl2/Ncoa1/Ncoa5/Prkcd/C1qtnf9/Prkcq/Zfp592/Ide/Agt/Nucb2/Irs1/Pip4k2a"
"GO:0006766","GO:0006766","vitamin metabolic process",40,0.177713673004337,0.642311940577899,0.972924187725632,0.986706837061996,0.820394983147393,2920,"tags=40%, list=31%, signal=28%","Mtrr/Hlcs/Fgfr1/Lrp2/Rdh10/Tpk1/Mtr/Abcd4/Cbr1/Slc23a2/Lipa/Pdzd11/Aldh1l2/Cyp2r1/Aifm2/Lrat"
"GO:0019692","GO:0019692","deoxyribose phosphate metabolic process",25,-0.18579620768751,-0.611604793226487,0.974193548387097,0.987548046941437,0.82109440504146,2314,"tags=24%, list=24%, signal=18%","Dguok/Nt5m/Rrm1/Oga/Nme1/Rrm2b"
"GO:1903557","GO:1903557","positive regulation of tumor necrosis factor superfamily cytokine production",42,0.169464294352809,0.619550392999887,0.974729241877256,0.987743897952919,0.821257244885302,2164,"tags=21%, list=23%, signal=17%","Zbtb20/Ptprc/Setd4/Rasgrp1/Card9/Tirap/Lrrfip2/C1qtnf4/Fcer1g"
"GO:0051954","GO:0051954","positive regulation of amine transport",35,-0.172790539890592,-0.625468491425475,0.976086956521739,0.988425134342941,0.82182365721338,1315,"tags=34%, list=14%, signal=30%","Pink1/Adora2b/Dpysl2/Rab3b/Nat8l/Rtn4/Oprk1/Abat/Cck/Arl6ip1/Stxbp1/Stx1a"
"GO:0046825","GO:0046825","regulation of protein export from nucleus",25,0.180699398481582,0.580404005374894,0.975791433891993,0.988425134342941,0.82182365721338,3206,"tags=40%, list=34%, signal=27%","Prkd1/Rangap1/Bag3/Wipf1/Ptpn14/Camk1/Bard1/Tpr/Gsk3b/Mdm2"
"GO:0014074","GO:0014074","response to purine-containing compound",74,0.167039326445739,0.681212493170563,0.978300180831826,0.989276900953362,0.822531856475567,1007,"tags=11%, list=11%, signal=10%","Pde3a/Penk/Slc6a1/Slc8a1/Srebf1/Akap9/Bckdhb/Igfbp5"
"GO:0051306","GO:0051306","mitotic sister chromatid separation",40,-0.169235065917881,-0.630294902023107,0.977678571428571,0.989276900953362,0.822531856475567,1743,"tags=20%, list=18%, signal=16%","Rad21/Anapc5/Zw10/Dync1li1/Bub3/Anapc7/Trip13/Lcmt1"
"GO:0140115","GO:0140115","export across plasma membrane",41,0.170528622395108,0.620544798059215,0.978300180831826,0.989276900953362,0.822531856475567,2020,"tags=22%, list=21%, signal=17%","Slc27a1/Slc8a1/Kcne2/Slc4a4/Ralbp1/Slc9a1/Kcnip1/Atp1b1/Ano6"
"GO:0072595","GO:0072595","maintenance of protein localization in organelle",33,-0.173221527326874,-0.617856103285754,0.978021978021978,0.989276900953362,0.822531856475567,3201,"tags=39%, list=34%, signal=26%","Bbs4/Arl2bp/Pink1/Ciz1/Hk1/Tspo/Kdelr2/Park7/Fkrp/Insig2/Tmed2/Rer1/Skp1"
"GO:0071216","GO:0071216","cellular response to biotic stimulus",102,0.160762314625392,0.691718315631379,0.980286738351254,0.989468947095216,0.822691532769875,2142,"tags=22%, list=23%, signal=17%","Sash1/B2m/Tut4/Sgms1/Irak2/Bcr/Prkca/Casp7/Dab2ip/Abl1/Efnb2/Spi1/Irf8/Akap8/Prkce/Nr1h3/Tirap/Eif2ak3/Cmpk2/Nr2c2/Esr2/Ppm1e"
"GO:2000142","GO:2000142","regulation of DNA-templated transcription initiation",64,0.166430482363322,0.662575334208944,0.980461811722913,0.989468947095216,0.822691532769875,1828,"tags=20%, list=19%, signal=17%","Zfp451/Hey2/Foxo1/Taf5/Pwwp2a/Paxip1/Ercc6/Thra/Taf8/Creb1/Taf3/Med24/Med19"
"GO:0061515","GO:0061515","myeloid cell development",61,-0.160948306511367,-0.662138021615762,0.979775280898876,0.989468947095216,0.822691532769875,790,"tags=11%, list=8%, signal=11%","Flvcr1/Fam210b/Bpgm/Pafah1b1/Rac1/Cebpb/Kit"
"GO:2000677","GO:2000677","regulation of transcription regulatory region DNA binding",25,-0.17805972733255,-0.586137812351646,0.980645161290323,0.989468947095216,0.822691532769875,2150,"tags=24%, list=23%, signal=19%","Park7/Hcfc2/Neurod1/Mad2l2/Sri/Id2"
"GO:0086002","GO:0086002","cardiac muscle cell action potential involved in contraction",23,0.183536030297862,0.578288079507402,0.979284369114878,0.989468947095216,0.822691532769875,1644,"tags=17%, list=17%, signal=14%","Ank2/Kcne2/Cacna1c/Cacna2d1"
"GO:0010934","GO:0010934","macrophage cytokine production",24,0.174062088354433,0.555622827448404,0.97962962962963,0.989468947095216,0.822691532769875,1957,"tags=21%, list=21%, signal=17%","Tgfb2/Cd74/Card9/Tirap/Laptm5"
"GO:0070286","GO:0070286","axonemal dynein complex assembly",23,-0.167154060814346,-0.536721333916248,0.980891719745223,0.989468947095216,0.822691532769875,489,"tags=48%, list=5%, signal=45%","Dnah5/Cfap73/Ccdc40/Lrrc61/Cfap100/Cfap57/Dnah7b/Ccdc39/Dnaaf6/Dnal1/Daw1"
"GO:2000060","GO:2000060","positive regulation of ubiquitin-dependent protein catabolic process",70,0.170803110713777,0.688544172921642,0.981818181818182,0.989851765273372,0.823009826006548,2112,"tags=26%, list=22%, signal=20%","Atg7/Pias1/Smurf1/Ptk2/Sh3rf3/Disc1/Sh3rf1/Det1/Egf/Agbl4/Mapk9/Socs5/Cbfa2t3/Axin2/Sirt2/Laptm5/Cop1/Fbxw8"
"GO:0045995","GO:0045995","regulation of embryonic development",61,0.15406327082157,0.606085709696767,0.982046678635548,0.989851765273372,0.823009826006548,2459,"tags=28%, list=26%, signal=21%","Tenm4/Ino80/Ehmt1/Plcb1/Clasp1/Actl6a/Lama3/Amot/Clasp2/Trip12/Wnt4/Nr2c2/Ino80c/Wdpcp/Septin7/Ino80d/Actr5"
"GO:0006509","GO:0006509","membrane protein ectodomain proteolysis",31,-0.169267799440675,-0.595218537787206,0.982300884955752,0.989851765273372,0.823009826006548,3000,"tags=32%, list=32%, signal=22%","Sppl2a/Sh3d19/Rgma/Adam17/Adam8/Timp3/Ncstn/Tspan15/Adra2a/Timp4"
"GO:0050764","GO:0050764","regulation of phagocytosis",52,0.165671832851838,0.631191836181046,0.983870967741935,0.991087625207035,0.824037378721668,929,"tags=12%, list=10%, signal=10%","Atg7/Ptk2/Ptprc/Bcr/Apoa1/Appl2"
"GO:0006650","GO:0006650","glycerophospholipid metabolic process",197,0.154071312094363,0.731334716798477,0.984822934232715,0.991465935720084,0.824351924071229,1699,"tags=17%, list=18%, signal=14%","Lpcat3/Plcb4/Slc27a1/Plce1/Pla2g4d/Enpp2/Mtmr2/Itpkb/Dgkb/Plcb1/Chka/Pik3c2a/Apoa1/Mtm1/Ptdss2/Pgs1/Lclat1/Impa2/Pnpla7/Mfsd2a/Pdgfrb/Abhd3/Mtmr1/Pik3c2g/Ip6k2/Atm/Agpat5/Cds1/Gpam/Pla2g15/Pigs/Pigq/Nr1h3/Pgp"
"GO:0032205","GO:0032205","negative regulation of telomere maintenance",23,0.17656335172758,0.556318459194231,0.984934086629002,0.991465935720084,0.824351924071229,2395,"tags=35%, list=25%, signal=26%","Pinx1/Rad50/Atm/Stn1/Nbn/Acd/Hnrnpu/Smg6"
"GO:0070059","GO:0070059","intrinsic apoptotic signaling pathway in response to endoplasmic reticulum stress",42,0.15683589011579,0.573381771828764,0.985559566787004,0.991749403563754,0.824587612715611,1269,"tags=12%, list=13%, signal=10%","Prkn/Bcl2/Nck2/Dab2ip/Ube2k"
"GO:0045862","GO:0045862","positive regulation of proteolysis",140,0.160199804622809,0.729907578370344,0.986440677966102,0.992289820458401,0.82503694101914,2147,"tags=24%, list=23%, signal=19%","Prkn/Atg7/Pias1/Smurf1/Btrc/Epha4/Spon1/Ep300/Ptk2/Sh3rf3/Disc1/Sh3rf1/Dab2ip/Kcne2/Tank/Det1/Grn/Egf/Agbl4/Mapk9/Nrdc/Socs5/Cbfa2t3/Ist1/Asph/Axin2/Eif2ak3/Sirt2/Laptm5/Ctsh/Cop1/Gsn/Fbxw8/Snx33"
"GO:0090382","GO:0090382","phagosome maturation",20,-0.161903725813881,-0.498756113938478,0.986899563318777,0.992405279153192,0.825132938868155,3586,"tags=45%, list=38%, signal=28%","Slc4a7/Rab7/Arl8b/Pikfyve/Syt7/Slc9a9/Rab14/Srpx/Mtmr4"
"GO:0032609","GO:0032609","type II interferon production",39,-0.155922550592378,-0.577323450396099,0.988864142538975,0.993380657142001,0.825943914508168,3499,"tags=41%, list=37%, signal=26%","Hmgb1/Carmil2/Hras/Azi2/Rnf19b/Ifnar1/Gas6/Ripk2/Fadd/Cd226/C1qbp/Hspd1/Uba5/Cebpg/Nras/Ufsp2"
"GO:2000059","GO:2000059","negative regulation of ubiquitin-dependent protein catabolic process",39,-0.15493375018206,-0.573662288733023,0.988864142538975,0.993380657142001,0.825943914508168,3339,"tags=38%, list=35%, signal=25%","Psen2/Anks1/Rybp/Nop53/Rps7/Usp5/Shh/Uchl5/Park7/Usp14/Ogt/Rpl23/Rpl5/Sgta/Gipc1"
"GO:0032413","GO:0032413","negative regulation of ion transmembrane transporter activity",25,-0.158236210308193,-0.520882669732721,0.989247311827957,0.993380657142001,0.825943914508168,1015,"tags=28%, list=11%, signal=25%","Calm1/Dysf/Gsto1/Kcnab1/Sri/Calm2/Gnb5"
"GO:0000963","GO:0000963","mitochondrial RNA processing",20,-0.152651547292094,-0.470254110159415,0.989082969432314,0.993380657142001,0.825943914508168,1887,"tags=50%, list=20%, signal=40%","Fastkd1/Angel2/Fastk/Trmt10c/Prorp/Trnt1/Cdk5rap1/Elac2/Mtpap/Fastkd2"
"GO:0001936","GO:0001936","regulation of endothelial cell proliferation",78,0.15694244654619,0.647164568054235,0.991087344028521,0.994881970128177,0.827192177513683,1353,"tags=14%, list=14%, signal=12%","Agtr1b/Prkd1/Nr2f2/Sema5a/Prkca/Fgfr3/Akt3/Fgfr1/Prox1/Egf/Jcad"
"GO:0061136","GO:0061136","regulation of proteasomal protein catabolic process",136,0.153269450823414,0.696756305633522,0.993150684931507,0.996606324057921,0.828625887365481,2267,"tags=26%, list=24%, signal=20%","Prkn/Dlgap1/Pkd1/Atg7/Pias1/Gna12/Btrc/Epm2a/Sh3rf3/Sh3rf1/Mtm1/Usp38/Dab2ip/Kcne2/Det1/Phf20l1/Ube2k/Mapk9/Socs5/Cbfa2t3/Axin2/Senp1/Marchf7/Eif2ak3/Sirt2/Fhit/Usp25/Clec16a/Cop1/Tlk2/Fbxw8/Wac/Tmtc3/Taf9/Fmr1"
"GO:0046685","GO:0046685","response to arsenic-containing substance",23,-0.159182937775019,-0.511126551655887,0.993630573248408,0.996741068955968,0.82873792068096,2530,"tags=30%, list=27%, signal=22%","Uros/Mknk2/Gsto1/Ddx3x/Gclc/Hnrnpa1/Alad"
"GO:0006356","GO:0006356","regulation of transcription by RNA polymerase I",36,-0.15325667926698,-0.556722133294426,0.995689655172414,0.998459306508081,0.830166545085557,3809,"tags=50%, list=40%, signal=30%","Dek/Lyar/Mybbp1a/Actr6/Wdr43/Zmpste24/Macroh2a2/Nop53/Rasl11a/Pwp1/Dhx33/Nol11/Smarca5/Ippk/Ubtf/Sf3b1/Smarcb1/Ddx21"
"GO:0043267","GO:0043267","negative regulation of potassium ion transport",20,0.151827653556718,0.468697081358432,0.996323529411765,0.998747674252183,0.830406307740153,1048,"tags=10%, list=11%, signal=9%","Plcb4/Kcne2"
"GO:1901800","GO:1901800","positive regulation of proteasomal protein catabolic process",76,-0.148249931899676,-0.642325082433241,0.99780701754386,0.999192860623782,0.830776456858521,2143,"tags=25%, list=23%, signal=20%","Sirt6/Usp13/Csnk1e/Mapk8/Zer1/Dda1/Stub1/Tmem259/Prickle1/Lrrk2/Rack1/Gclc/Sgta/Fzr1/Zyg11b/Pabir1/Oaz1/Atxn3/Dnajb2"
"GO:0033619","GO:0033619","membrane protein proteolysis",40,-0.154890308144817,-0.576869640266149,0.997767857142857,0.999192860623782,0.830776456858521,3042,"tags=32%, list=32%, signal=22%","Mbtps2/Sppl2a/Sh3d19/Rgma/Adam17/Rhbdd1/Adam8/Timp3/Parl/Ncstn/Tspan15/Adra2a/Timp4"
"GO:0015804","GO:0015804","neutral amino acid transport",33,-0.150037918327994,-0.53516352726939,0.997802197802198,0.999192860623782,0.830776456858521,3185,"tags=39%, list=34%, signal=26%","Slc38a7/Slc38a2/Slc36a1/Slc6a15/Slc3a1/Sfxn1/Nfe2l1/Rgs4/Rgs2/Llgl2/Slc38a6/Slc25a38/Slc6a17"
"GO:2000404","GO:2000404","regulation of T cell migration",22,-0.152014746707732,-0.481876829080672,1,1,0.831447550916125,2773,"tags=32%, list=29%, signal=23%","Adam17/Adam8/Selenok/Ripor2/Fadd/Itga4/Crkl"
"GO:0006400","GO:0006400","tRNA modification",68,0.115665073536383,0.466910283000626,1,1,0.831447550916125,3014,"tags=31%, list=32%, signal=21%","Gtdc1/Cdkal1/Elp4/B3gntl1/Tyw3/Trit1/Tyw1/Osgepl1/Thumpd3/Nsun3/Ctu2/Pus7/Pus10/Yrdc/Mettl8/Pus3/Trmt61a/Trdmt1/Thumpd2/Rpusd4/Tyw5"
"GO:0006829","GO:0006829","zinc ion transport",20,-0.119840114756381,-0.369176123831421,1,1,0.831447550916125,1158,"tags=40%, list=12%, signal=35%","Slc39a3/Trpm7/Trpm2/Slc30a9/Slc39a6/Slc30a10/Slc30a1/Slc30a8"
"GO:0071577","GO:0071577","zinc ion transmembrane transport",20,-0.119840114756381,-0.369176123831421,1,1,0.831447550916125,1158,"tags=40%, list=12%, signal=35%","Slc39a3/Trpm7/Trpm2/Slc30a9/Slc39a6/Slc30a10/Slc30a1/Slc30a8"
