"","ID","Description","setSize","enrichmentScore","NES","pvalue","p.adjust","qvalue","rank","leading_edge","core_enrichment"
"GO:0002181","GO:0002181","cytoplasmic translation",112,-0.580725997526404,-2.67351710925559,1e-10,8.86333333333333e-08,7.60701754385965e-08,1626,"tags=55%, list=20%, signal=45%","Eif3m/Eif4h/Rps13/Eif3k/Rpl9-ps6/Eif3j2/Etf1/Rps17/Rpl10a/Eif3f/Eif2b2/Eif3i/Rpl27a/Rps14/Aars1/Rpl18a/Rpl3/Eif3g/Rps10/Rpl30/Rpl19/Piwil1/Rps20/Cnbp/Rpl7/Rpl12/Rpl39/Rpl31/Drg1/Rpl4/Denr/Eif4a2/Eif2s2/Mcts1/Rps8/Rpl21/Csde1/Rpl13/Rpl5/Rpl38/Mettl3/Rpl14/Rplp2/Rps3a1/Rps15a/Rpl27/Rpl35a/Rps12/Rpl34/Pkm/Rps29/Eif3e/Rpl24/Rpl26/Rps4x/Rplp0/Rpl37a/Rpl8/Rps21/Rps28/Rps16/Rpl29"
"GO:0098742","GO:0098742","cell-cell adhesion via plasma-membrane adhesion molecules",105,0.621010972091708,2.64486558840027,1e-10,8.86333333333333e-08,7.60701754385965e-08,1024,"tags=46%, list=13%, signal=40%","Elfn1/Ret/Magi2/Cdh4/Dscaml1/Cntn5/Tenm4/Pcdh17/Cdh18/Robo1/Nlgn1/Epha3/Cdh7/Flrt3/Tenm3/Adgrl3/Cdh2/Cdh10/Ntng1/Mdga2/Dab1/Pcdh15/Mmp24/Nrxn1/Alcam/Il1rapl1/Pecam1/Cdh13/Hmcn1/Ptprt/Robo2/Clstn3/Slitrk1/Cadm2/Grid2/Clstn2/Ptprm/Lrrc4c/Tgfb2/Cdh23/Sdk2/Elfn2/Bmp2/Cntn6/Ptprs/Nrcam/Cdh9/Pcdh10"
"GO:0007416","GO:0007416","synapse assembly",197,0.478930990195133,2.22672599632993,1e-10,8.86333333333333e-08,7.60701754385965e-08,1530,"tags=39%, list=19%, signal=32%","Cux2/Elfn1/Magi2/Pclo/Epha7/Nrxn3/Cntn5/Cntnap2/Adgrb3/Il1rapl2/Pcdh17/Robo1/Flrt2/Asic2/Nlgn1/Large1/Flrt3/Adgrl3/Negr1/Erbb4/Cdh2/Mdga2/Adgrb1/Nrg3/Iqsec1/Lrrtm4/Nrxn1/Il1rapl1/Ntrk3/Nlgn4l/Htr4/Elmo1/Nckipsd/Fgf13/Ephb3/Clstn3/Shank2/Arf6/Dclk1/Slitrk1/Gria1/Grid2/Drd2/Gabra2/Clstn2/Lhfpl4/Thbs2/Adgrb2/Sdk2/Srgap2/Gabra4/Bsn/Ptprs/Psd/Ptk2/Slit2/Adnp/Slitrk4/Cdh9/Gabra1/Fzd1/Efnb1/Srgap3/Dnm3/Mycbp2/Nrg2/Gabrg2/Agrn/Gap43/Gabrg1/Lrfn5/Gna13/Plxna2/Afdn/Efnb2/Nptn/Colq"
"GO:0001508","GO:0001508","action potential",96,0.5390610502121,2.27842182276897,1.64681726641746e-08,5.47360888925502e-06,4.69776293893822e-06,1073,"tags=41%, list=13%, signal=36%","Dpp6/Kcnd2/Kcnc1/Cntnap2/Kcne2/Mtnr1b/Kcnq2/Kcnk2/Cacna1c/Kcnf1/Cacna1i/Kcnq3/Dmd/Kcnc2/Kcnip1/Ntrk3/Ank3/Cacna1d/Fgf12/Fgf13/Gria1/Scn10a/Rapgef4/Camk2d/Cacna1g/Gba1/Ank2/Bbs10/Cacnb2/Kcnma1/Kcnd3/Nrcam/Grin2b/Abcc8/Fmr1/Scn2b/Ryr2/Scn8a/Cnr1"
"GO:0099560","GO:0099560","synaptic membrane adhesion",31,0.735788245120767,2.41346471951269,5.41106564520742e-08,1.43880235506065e-05,1.23486213882207e-05,975,"tags=58%, list=12%, signal=51%","Elfn1/Magi2/Tenm4/Pcdh17/Nlgn1/Epha3/Flrt3/Tenm3/Cdh10/Ntng1/Mdga2/Nrxn1/Il1rapl1/Slitrk1/Lrrc4c/Elfn2/Ptprs/Cdh9"
"GO:0019226","GO:0019226","transmission of nerve impulse",59,0.606317894516463,2.31275141930768,4.91302884699929e-08,1.43880235506065e-05,1.23486213882207e-05,1043,"tags=46%, list=13%, signal=40%","Dpp6/Kcnd2/Cntnap2/Nfasc/Mtnr1b/Kcnq2/Cacng3/Kcnk2/Cacng4/Cacng2/Cacna1i/Kcnq3/Ntrk3/Ank3/Fgf12/Gria1/Scn10a/Cacna1e/Rapgef4/Grm7/Gba1/Bbs10/Penk/Kcnma1/Nrcam/Fmr1/Scn8a"
"GO:0007411","GO:0007411","axon guidance",135,0.461913428086371,2.04282516896302,3.4176189393222e-07,7.57287396638145e-05,6.49947180741275e-05,1525,"tags=39%, list=19%, signal=32%","Unc5c/Ptpro/Cdh4/Epha7/Dscaml1/Cntn5/Bcl11b/Nfasc/Ext1/Robo1/Flrt2/Epha3/Flrt3/Ablim1/Kalrn/Alcam/Epha6/Ank3/Trio/Sema4g/Robo2/Crppa/Ephb3/Lama1/Bmpr2/Lgr4/Epha5/Ptprm/Matn2/Nkx2-1/Tgfb2/Cntn6/Slit2/Nrcam/Cntn1/Lrp2/Efnb1/Sema6b/Mycbp2/Agrn/Gap43/Kif5b/Edn3/Klf7/Cntn2/Kif5c/Etv1/Bmpr1b/Unc5b/Adam17/Efnb2/Nptn"
"GO:1901890","GO:1901890","positive regulation of cell junction assembly",71,0.549348810534061,2.19041833754219,4.73894043776739e-07,9.00060187430249e-05,7.72482922487195e-05,958,"tags=34%, list=12%, signal=30%","Cux2/Cntnap2/Adgrb3/Flrt2/Asic2/Nlgn1/Flrt3/Adgrl3/Adgrb1/Iqsec1/Lrrtm4/Nrxn1/Il1rapl1/Ntrk3/Ephb3/Clstn3/Slitrk1/Grid2/Clstn2/Thbs2/Adgrb2/Slit2/Adnp/Slitrk4"
"GO:0060078","GO:0060078","regulation of postsynaptic membrane potential",99,0.504227354291148,2.13598528188279,7.07992341744029e-07,0.000104586202038743,8.97618360760851e-05,990,"tags=31%, list=12%, signal=28%","Dpp6/Cux2/Kcnd2/Nr3c2/Grid1/Pclo/Begain/Cntnap2/Gria4/Nlgn1/Atxn1/Gria3/Fgf14/Ppp3ca/Nrxn1/Slc8a3/Nlgn4l/Dbn1/Kctd16/Grik1/Gria1/Grid2/Gabra2/Rims2/Grip2/Gabra4/Mtmr2/Grin2b/Fmr1/Gabra1/Dgki"
"GO:0050954","GO:0050954","sensory perception of mechanical stimulus",108,0.48771143773004,2.08777204160236,6.79946172211297e-07,0.000104586202038743,8.97618360760851e-05,1120,"tags=36%, list=14%, signal=31%","Cntn5/Pjvk/Thrb/Tmtc4/Ush2a/Tbl1x/Asic2/Kcnq2/Large1/Fam107b/Kcnk2/Otog/Sobp/Nav2/Ush1c/Kcnq3/Fyn/Pcdh15/Tjp1/Cacna1d/Whrn/Tub/Scn10a/Piezo2/Enpp1/Lhfpl4/Pou3f4/Grm7/Cdh23/Grm8/Sox2/Kcnma1/Gsdme/Serpine2/Grin2b/Chd7/Scn8a/Lrp2/Igf1"
"GO:0007626","GO:0007626","locomotory behavior",175,0.426975923876629,1.96471534780256,6.95353911091845e-07,0.000104586202038743,8.97618360760851e-05,1974,"tags=47%, list=25%, signal=36%","Kcnd2/Nr3c2/Cntnap2/Cacna1b/Mapk10/Lsamp/Atxn1/Large1/Alk/Fign/Fgf14/Adgrl3/Hipk2/Negr1/Astn1/Cacna1c/Otog/Sobp/Kalrn/Nav2/Ppp1r1b/Dab1/Ccnd2/Dmd/Pcdh15/Npas3/Dbn1/Fgf12/Pak5/Shank2/Ankfn1/Gria1/Cacna1e/Calb1/Drd2/Enpp1/Abca2/Nkx2-1/Cdh23/Adcy5/Gigyf2/Penk/Kcnma1/Adcy8/Prkce/Chd7/Fkrp/Grm5/Cntn1/Fmr1/Scn8a/Elp6/Elavl4/Oxr1/Als2/Eps8/Htr2c/Cntn2/Grm1/Grn/Atp2b2/Ncor1/Htra2/Atg7/Rcan1/Tbce/Lrrtm1/Btbd9/Uba6/Shank3/Prkn/Lepr/Pum1/Pmp22/Chl1/Inpp5f/Usp2/Aplp2/Ntan1/Npas2/Ube3a/Gad1"
"GO:0050905","GO:0050905","neuromuscular process",102,0.484267305582744,2.06087778607031,1.8837383000894e-06,0.000263624217891458,0.000226257320476112,2147,"tags=55%, list=27%, signal=41%","Vti1a/Cntnap2/Ctnna2/Rbfox1/Kcnh1/Large1/Fgf14/Hipk2/Ap1s2/Mdga2/Ush1c/Dmd/Pcdh15/Nrxn1/Slc8a3/Npas3/Dbn1/Fgf12/Ankfn1/Csmd1/Grid2/Drd2/Rbfox2/Cdh23/Gba1/Adcy5/Gigyf2/Parp1/Penk/Sox2/Vps54/Kcnma1/Grin2b/Abcc8/Fkrp/Elp6/Mycbp2/Synm/Map1a/Tpp1/Atp2b2/Shank3/Bace1/Prkn/Itpr1/Bloc1s4/Pmp22/Jph3/Abl1/Aplp2/Washc4/Myh10/Tmem150c/Ei24/Stac/Mtor"
"GO:0099172","GO:0099172","presynapse organization",47,0.586173566137879,2.13388589220072,5.63866693633166e-06,0.000713962637319328,0.000612763404409376,1083,"tags=47%, list=14%, signal=41%","Pclo/Cntn5/Il1rapl2/Pcdh17/Nlgn1/Tln2/Mdga2/Nrxn1/Il1rapl1/Ntrk3/Nlgn4l/Arhgef7/Clstn3/Arf6/Slitrk1/Grid2/Daam1/Bsn/Ptprs/Cap2/Fzd1/Efnb1"
"GO:0042551","GO:0042551","neuron maturation",41,0.612314484886645,2.15630934698299,5.97294649671747e-06,0.000721912033398716,0.000619586028941793,1000,"tags=39%, list=12%, signal=34%","Ret/Cntnap2/Adgrb3/Bcl2/Nfasc/Kcnq2/Dlg2/Bcl11a/Kcnq3/Nrxn1/Ank3/Smim45/Grip2/Kcnma1/Nrcam/Map3k13"
"GO:0035176","GO:0035176","social behavior",41,0.606641521207274,2.13633159876887,8.43423812972305e-06,0.000881789208239554,0.00075680172738598,520,"tags=29%, list=6%, signal=28%","Brinp3/Grid1/Nrxn3/Cntnap2/Ext1/Kcnq2/Atxn1/Negr1/Kalrn/Nrxn1/Nlgn4l/Shank2"
"GO:0051703","GO:0051703","biological process involved in intraspecies interaction between organisms",41,0.606641521207274,2.13633159876887,8.43423812972305e-06,0.000881789208239554,0.00075680172738598,520,"tags=29%, list=6%, signal=28%","Brinp3/Grid1/Nrxn3/Cntnap2/Ext1/Kcnq2/Atxn1/Negr1/Kalrn/Nrxn1/Nlgn4l/Shank2"
"GO:0007188","GO:0007188","adenylate cyclase-modulating G protein-coupled receptor signaling pathway",98,0.473940841665493,2.00528323538088,8.62223370222957e-06,0.000881789208239554,0.00075680172738598,1121,"tags=32%, list=14%, signal=28%","Gabbr2/Adgrb3/Chrm2/Adcy2/Calcb/Chrm3/Adgrl3/Adcy1/Adgrb1/Pth1r/Prkar2b/Htr4/Cacna1d/Adcyap1r1/Rapgef4/Drd2/Rims2/Grk5/Grm7/Prkar2a/Adcy5/Grm8/Adgrb2/Htr1d/Adcy8/Gpr12/Cnr1/Grik3/Pde3a/Ramp3/Npb"
"GO:0006364","GO:0006364","rRNA processing",137,-0.395735358979373,-1.88877640933465,9.95448441537289e-06,0.000980332372610241,0.0008413770843091,1339,"tags=28%, list=17%, signal=23%","Exosc7/Rps14/Eri1/Naf1/Pop4/Las1l/Rpl7/Tsr3/Bms1/Znhit3/Utp18/Rpf1/Riok3/Rps8/Nop14/Rpl5/Ddx18/Gtf2h5/Rexo5/Lsm6/Rpl14/Tbl3/Dcaf13/Mettl5/Utp14a/Eif4a3/Rpl27/Rpl35a/Pwp1/Exosc9/Eif6/Rpl26/Utp11/Ddx21/Rps21/Rps28/Bud23/Rps16"
"GO:0035249","GO:0035249","synaptic transmission, glutamatergic",83,0.485918337611403,1.98975156773409,1.06500883355251e-05,0.00101137803157719,0.000868022237271372,1390,"tags=43%, list=17%, signal=36%","Grid1/Gria4/Ext1/Syt1/Nlgn1/Cacng3/Gria3/Cacng4/Egfr/Cacng2/Cdh2/Nrxn1/Grik1/Clstn3/Shank2/Gria1/Grid2/Drd2/Cnih3/Grm7/Grm8/Vps54/Plppr4/Serpine2/Grin2b/Abcc8/Grm5/Dgki/Unc13c/Cnr1/Grik3/Cckbr/Stxbp1/Als2/Grik2/Grm1"
"GO:0022618","GO:0022618","protein-RNA complex assembly",128,-0.393077084905476,-1.85552528245286,1.21284134047364e-05,0.00111205004286876,0.000954424691886337,1815,"tags=40%, list=23%, signal=31%","Eif3d/Ruvbl1/Eif3m/Eif4h/Eif3k/Ago2/Snrnp200/Eif3j2/Gemin2/Snrpb/Eif3f/Scaf11/Mcat/Shq1/Prpf6/Eif3i/Prpf18/Rps14/Naf1/Gemin8/Eif3g/Fastkd2/Snrpd1/Prpf3/Sf3a3/Ago1/Khdc4/Prpf4b/Ddx42/Znhit3/Snrpf/Prpf8/Htatsf1/Denr/Eif2s2/Mcts1/Snrpd2/Rpl5/Rpl38/Srsf1/Ddx28/Crnkl1/Srsf6/Snrpg/Sf3b1/Eif6/Eif3e/Rpl24/Prpf39/Rps28/Snrpd3"
"GO:0034765","GO:0034765","regulation of monoatomic ion transmembrane transport",167,0.404672384192309,1.85049486112984,1.29737916346984e-05,0.00114991039855543,0.0009869186057553,2022,"tags=40%, list=25%, signal=31%","Dpp6/Kcnj6/Plcb1/Nr3c2/Kcnc1/Bcl2/Dpp10/Kcne2/Asic2/Fgf14/Cacna1c/Ppp3ca/Fyn/Plcg1/Dmd/Kcnc2/Kcnip1/Ubash3b/Ank3/Cacna1d/Fgf12/Fgf13/Adcyap1r1/Gria1/Atp1b1/Scn10a/Drd2/Camk2d/Akap7/Wnk2/Tgfb2/Slc8a1/Ank2/Cacnb2/Prkce/Grin2b/Chd7/Fmr1/Ripk1/Scn2b/Ryr2/Prnp/Agrn/Gsto1/Edn3/Lrrc38/Slc6a9/Gpd1l/Kcnip3/Kcnip4/Lrrc55/Kcng1/Cacna2d1/Vmp1/Stk39/Cbarp/Pdpk1/Jph3/Bak1/Vamp2/Ehd3/Abl1/Cacnb3/Sco1/Pik3c2a/Cemip/Drd1"
"GO:0006754","GO:0006754","ATP biosynthetic process",64,-0.491953005521122,-2.04927995524246,1.88726385028649e-05,0.00156819830559743,0.00134591711428326,1274,"tags=39%, list=16%, signal=33%","Ndufs1/Atp5mc3/Ndufa5/Ndufb3/Atp5pd/Ndufb5/Ndufa12/Atp5f1c/Ndufa8/Ndufs8/Ndufa2/Sdhd/Eno1/Ndufb9/Sdhb/Atp5mf/Ndufv3/Map2k1/Slc25a13/mt-Nd6/Ndufs6/Ndufb2/Atp6v1a/Tmsb4x/Pid1"
"GO:0043266","GO:0043266","regulation of potassium ion transport",57,0.53198699957312,2.0100006891025,2.19534764737348e-05,0.0016894801689766,0.00145000811794749,1582,"tags=46%, list=20%, signal=37%","Dpp6/Nr3c2/Kcnc1/Dpp10/Kcne2/Kcnf1/Kcnc2/Kcnip1/Ank3/Cacna1d/Atp1b1/Drd2/Akap7/Wnk2/Ank2/Abcc8/Prnp/Atf4/Agrn/Kif5b/Edn3/Lrrc38/Kcnip3/Kcnip4/Lrrc55/Kcng1"
"GO:0006813","GO:0006813","potassium ion transport",118,0.441676509486305,1.91306276078289,2.31840100010637e-05,0.0016894801689766,0.00145000811794749,1598,"tags=38%, list=20%, signal=31%","Dpp6/Kcnj6/Kcnq5/Kcnd2/Nr3c2/Kcnc1/Dpp10/Kcne2/Kcnh1/Kcnq2/Large1/Kcnk2/Kcnf1/Slc9a9/Kcnq3/Kcnc2/Kcnip1/Ank3/Cacna1d/Atp1b1/Drd2/Akap7/Wnk2/Ank2/Slc24a4/Kcnma1/Kcnd3/Aqp1/Abcc8/Nalcn/Prnp/Kcnh7/Atf4/Agrn/Kcnk10/Kif5b/Edn3/Lrrc38/Kcnip3/Cdkn1b/Kcnk9/Kcnip4/Lrrc55/Kcng1/Kcnh8"
"GO:0071826","GO:0071826","protein-RNA complex organization",135,-0.382316223122546,-1.8253680454136,2.27967283219745e-05,0.0016894801689766,0.00145000811794749,1815,"tags=39%, list=23%, signal=30%","Eif3d/Ruvbl1/Eif3m/Eif4h/Eif3k/Ago2/Snrnp200/Eif3j2/Gemin2/Snrpb/Eif3f/Scaf11/Mcat/Shq1/Prpf6/Eif3i/Prpf18/Dnajc17/Rps14/Naf1/Gemin8/Eif3g/Fastkd2/Snrpd1/Prpf3/Sf3a3/Ago1/Khdc4/Prpf4b/Ddx42/Znhit3/Snrpf/Prpf8/Htatsf1/Denr/Eif2s2/Mcts1/Snrpd2/Rpl5/Rpl38/Srsf1/Ddx28/Crnkl1/Srsf6/Snrpg/Sf3b1/Eif6/Eif3e/Rpl24/Prpf39/Rps28/Snrpd3"
"GO:0016072","GO:0016072","rRNA metabolic process",158,-0.369498751279256,-1.8044346861579,2.35091260820362e-05,0.0016894801689766,0.00145000811794749,1339,"tags=26%, list=17%, signal=22%","Exosc7/Rps14/Eri1/Naf1/Pop4/Las1l/Ippk/Rpl7/Tsr3/Bms1/Znhit3/Utp18/Rpf1/Riok3/Rps8/Nop14/Ubtf/Rpl5/Ddx18/Gtf2h5/Rexo5/Lsm6/Rpl14/Tbl3/Dcaf13/Mettl5/Utp14a/Eif4a3/Rpl27/Rpl35a/Pwp1/Exosc9/Eif6/Rpl26/Macroh2a1/Utp11/Ddx21/Rps21/Rps28/Bud23/Rps16"
"GO:0099175","GO:0099175","regulation of postsynapse organization",138,0.410890160222635,1.8239681158358,2.77781777030178e-05,0.00194374143453485,0.00166822961939453,931,"tags=24%, list=12%, signal=22%","Dgkb/Cux2/Grid1/Epha7/Cdkl5/Flrt2/Asic2/Ppfia2/Nlgn1/Zfp804a/Cdh2/Kalrn/Rps6ka5/Fyn/Nrxn1/Cask/Il1rapl1/Arhgap22/Htr4/Elmo1/Nckipsd/Dbn1/Shank2/Dclk1/Grid2/Rapgef4/Abi2/Ptprs/Psd/Plppr4/Nrcam/Grin2b/Caprin2"
"GO:0071805","GO:0071805","potassium ion transmembrane transport",100,0.462675471752858,1.95683347393904,3.85635833726738e-05,0.00250098946799853,0.002146491623927,1598,"tags=40%, list=20%, signal=32%","Dpp6/Kcnj6/Kcnq5/Kcnd2/Nr3c2/Kcnc1/Dpp10/Kcne2/Kcnh1/Kcnq2/Large1/Kcnk2/Kcnf1/Slc9a9/Kcnq3/Kcnc2/Kcnip1/Ank3/Cacna1d/Atp1b1/Akap7/Wnk2/Ank2/Slc24a4/Kcnma1/Kcnd3/Aqp1/Nalcn/Prnp/Kcnh7/Agrn/Kcnk10/Edn3/Lrrc38/Kcnip3/Kcnk9/Kcnip4/Lrrc55/Kcng1/Kcnh8"
"GO:0010959","GO:0010959","regulation of metal ion transport",199,0.370178059447901,1.71965170540717,5.68561741927236e-05,0.00351582714368493,0.00301748312484271,1860,"tags=36%, list=23%, signal=28%","Dpp6/Plcb1/Nr3c2/Kcnc1/Bcl2/Nkain2/Dpp10/Cacna1b/Kcne2/Nkain3/Fgf14/Cacna1c/Kcnf1/Ppp3ca/Fyn/Plcg1/Dmd/Kcnc2/Kcnip1/Cask/Ubash3b/Ank3/Cacna1d/Fgf12/Fgf13/Adcyap1r1/Atp1b1/Nfatc3/Drd2/Camk2d/Akap7/Wnk2/Cacna1g/Tgfb2/Slc8a1/Ank2/Cacnb2/Serpine2/Prkce/Chd7/Abcc8/Cntn1/Fmr1/Scn2b/Ryr2/Prnp/Igf1/B2m/Plpp4/Atf4/Agrn/Gsto1/Kif5b/Edn3/Lrrc38/Gpd1l/Kcnip3/Atp2b2/Kcnip4/Lrrc55/Kcng1/Cacna2d1/Vmp1/Stk39/Itpr1/Cbarp/Pdpk1/Jph3/Bak1/Vamp2/Ehd3/Abl1"
"GO:0034331","GO:0034331","cell junction maintenance",44,0.555558757005352,2.00655016178121,5.88068886580681e-05,0.003546747977266,0.00304402114554846,1106,"tags=41%, list=14%, signal=35%","Pclo/Cntnap2/Adgrb3/Nlgn1/Rimbp2/Dlg2/Adgrl3/Erc2/Nrxn1/Tjp1/Whrn/Kifc3/Arf6/Rims2/Erc1/Bsn/Mtss1/Rapsn"
"GO:0045333","GO:0045333","cellular respiration",151,-0.356551141901671,-1.72948759537425,6.55640042881358e-05,0.00370924866813092,0.00318348849488642,2286,"tags=46%, list=29%, signal=33%","Nop53/Atp5pb/Sdhc/Ndufa11/Nr4a3/Pdhb/Ndufv2/Sirt3/Idh1/Mdh1/Atp5pf/Chchd2/Prelid1/Uqcrq/Chchd4/Pnpt1/Ndufa10/Etfdh/Ogdhl/Bloc1s1/Ndufc2/Ireb2/Ndufab1/Slc25a25/Mtfr1l/Ndufs1/Ndufa5/Ndufb3/Cox7b2/1700066M21Rik/Cox4i1/Cs/Uqcrh/Sucla2/Atp5pd/Mdh2/Ndufb5/Uqcr11/Ndufa12/Cisd1/Atp5f1c/Ndufa8/Idh3b/Ndufs8/Sdhaf4/Ndufa2/Sdhd/Suclg2/Pik3ca/Dld/Ndufb9/Dlst/Sdhb/Atp5mf/Ndufv3/Uqcr10/Coq7/Uqcc2/Uqcrb/Slc25a13/mt-Nd6/Ppif/Ndufs6/Ndufb2/Sod2/Idh3a/Macroh2a1/Park7/Uqcrc1"
"GO:0042274","GO:0042274","ribosomal small subunit biogenesis",66,-0.46429966454515,-1.93399819366767,6.77964358980831e-05,0.00375564006360423,0.00322330423304922,881,"tags=29%, list=11%, signal=26%","Tsr3/Bms1/Utp18/Riok3/Rps8/Nop14/Gtf2h5/Lsm6/Ltv1/Tbl3/Dcaf13/Rps3a1/Rps15a/Rps12/Utp11/Rps4x/Rps21/Rps28/Rps16"
"GO:0036005","GO:0036005","response to macrophage colony-stimulating factor",24,0.665500087599395,2.06990747399643,7.83357347014782e-05,0.00400566766483136,0.00343789216260739,613,"tags=46%, list=8%, signal=42%","Ret/Epha7/Alk/Epha3/Erbb4/Egfr/Epha6/Ntrk3/Ephb3/Igf1r/Epha5"
"GO:0036006","GO:0036006","cellular response to macrophage colony-stimulating factor stimulus",24,0.665500087599395,2.06990747399643,7.83357347014782e-05,0.00400566766483136,0.00343789216260739,613,"tags=46%, list=8%, signal=42%","Ret/Epha7/Alk/Epha3/Erbb4/Egfr/Epha6/Ntrk3/Ephb3/Igf1r/Epha5"
"GO:0035418","GO:0035418","protein localization to synapse",76,0.466957493147494,1.87933814657345,0.000102740297721523,0.00495611292614514,0.00425361842555874,1489,"tags=41%, list=19%, signal=34%","Gpc6/Magi2/Pclo/Dlgap1/Nrxn3/Grip1/Mapk10/Asic2/Nlgn1/Cacng3/Dlg2/Erbb4/Cacng2/Nbea/Cacna2d2/Kalrn/Nrxn1/Clstn3/Rapgef4/Cnih3/Lhfpl4/Grip2/Bsn/Vwc2/Rapsn/Gphn/Kif5b/Neto2/Kif5c/Mpp4/Map1a"
"GO:0006119","GO:0006119","oxidative phosphorylation",93,-0.412964905131693,-1.841390744119,0.000108568435583831,0.00503813683907872,0.00432401601992148,1274,"tags=34%, list=16%, signal=29%","Ndufs1/Ndufa5/Ndufb3/Cox7b2/1700066M21Rik/Cox4i1/Uqcrh/Atp5pd/Ndufb5/Uqcr11/Ndufa12/Atp5f1c/Ndufa8/Ndufs8/Ndufa2/Sdhd/Dld/Ndufb9/Sdhb/Atp5mf/Ndufv3/Uqcr10/Coq7/Uqcc2/Uqcrb/mt-Nd6/Ppif/Ndufs6/Ndufb2/Macroh2a1/Park7/Uqcrc1"
"GO:0044331","GO:0044331","cell-cell adhesion mediated by cadherin",23,0.665675678728392,2.06208505033009,0.000115944549808232,0.00513968562167124,0.00441117096960996,390,"tags=35%, list=5%, signal=33%","Cdh4/Cdh18/Cdh7/Cdh2/Cdh10/Mmp24/Tjp1/Cdh13"
"GO:0071695","GO:0071695","anatomical structure maturation",136,0.397113123645407,1.75767998041367,0.000122623476557459,0.0053451774453489,0.00458753575800812,1120,"tags=26%, list=14%, signal=23%","Ret/Plcb1/Cntnap2/Adgrb3/Bcl2/Nfasc/Ext1/Kcnq2/Dlg2/Bcl11a/Pth1r/Kcnq3/Nrxn1/Sirt2/Ank3/Asxl2/Fbxo5/Foxo3/Enpp1/Smim45/Mreg/Tgfb2/Gba1/Grip2/Bmp2/Slc24a4/Kcnma1/Nrcam/Brd1/Wdr77/Map3k13/Ankrd17/Rps6ka2/Pde3a/Igf1"
"GO:0045664","GO:0045664","regulation of neuron differentiation",124,0.407167355122697,1.77781785550467,0.00012774901232652,0.0054787842544551,0.00470220473215441,1197,"tags=27%, list=15%, signal=24%","Brinp3/Ret/Bcl2/Bcl11b/Nlgn1/Alk/Rap1gap/Zfp536/Rgs6/Bcl11a/Gdpd5/Dab1/Dmd/Adra2c/Disp3/Sox11/Tcf3/Bend6/Foxo3/Mettl14/Grip2/Ncoa1/Bmp2/Tcf12/Sox2/Fmr1/Map3k13/Atn1/Mmd2/Upf3b/Vwc2/Adra2b/B2m/Cntn4"
"GO:0031644","GO:0031644","regulation of nervous system process",95,0.440938180716967,1.85715715780023,0.000135323937121788,0.00571152934614024,0.00490195982756954,982,"tags=28%, list=12%, signal=25%","Cux2/Dlgap2/Pard3/Pclo/Begain/Cntnap2/Shisa6/Tenm4/Mtnr1b/Nlgn1/Cacng4/Nrxn1/Slc8a3/Nlgn4l/Srebf2/Dbn1/Fgf12/Grik1/Gria1/Rapgef4/Rims2/Gba1/Grip2/Mtmr2/Grin2b/Fmr1/Qki"
"GO:0033108","GO:0033108","mitochondrial respiratory chain complex assembly",82,-0.418543277831875,-1.8041756500904,0.000139371950443499,0.00572346856936527,0.00491220674902869,2227,"tags=48%, list=28%, signal=35%","Ndufa11/Rab5if/Tmem126a/Ndufaf3/Tfam/Chchd4/Higd2a/Ndufa10/Ndufc2/Ndufaf8/Ndufab1/Uqcc5/Atp23/Cox18/Ndufs1/Ndufa5/Ndufb3/Ndufaf6/Ndufb5/Ndufa12/Ndufa8/Atpaf1/Ndufs8/Cox14/Coa8/Sdhaf4/Ndufa2/Higd1a/Chchd7/Ndufb9/Smim20/Uqcc2/Fmc1/mt-Nd6/Samm50/Ndufs6/Ndufb2/Coa3/Uqcrc1"
"GO:0009101","GO:0009101","glycoprotein biosynthetic process",198,0.361158645001296,1.67941158880381,0.000158792362377585,0.00630192375465668,0.00540866993927107,1590,"tags=28%, list=20%, signal=23%","B3glct/Plcb1/B3galt1/Galnt9/Tmtc4/Bcl2/Fut9/Ext1/St8sia1/Large1/Chst8/Galnt7/Gxylt1/Hs6st1/Lmf1/Galntl6/Man1a/Necab2/St8sia6/Pofut2/B4galnt4/B3galt5/Ndst4/Ndst3/Crppa/Ep300/St6galnac6/Bmpr2/Csgalnact2/Entpd5/Hs6st3/Abca2/St6galnac3/Tet2/Chst11/Man1a2/Ndst2/Acot8/Hs3st5/Fkrp/Rxylt1/Igf1/Gfpt2/Chsy1/Mgat4b/Fut8/Chst10/Hs3st3a1/Bmpr1b/Fam20b/Tusc3/Stt3b/Slc10a7/Pomt2/Man2a2"
"GO:1903522","GO:1903522","regulation of blood circulation",121,0.404317961162528,1.75345099301231,0.000162725716665759,0.00633295789569104,0.0054353052068875,1625,"tags=35%, list=20%, signal=28%","Kcnd2/Thrb/Add3/Chrm2/Cacna1b/Kcne2/Chrm3/Mtnr1b/Asic2/Egfr/Cacna1c/Dmd/Kcnip1/Adra2c/Cacna1d/Fgf13/Atp1b1/Scn10a/Cacna1e/Bmpr2/Tacr3/Drd2/Rbfox2/Cacna1g/Tgfb2/Slc8a1/Ank2/Cacnb2/Kcnd3/Hdac4/Scn2b/Ryr2/Adra2b/Agrn/Htr2c/Edn3/Slc4a3/Rnls/Gpd1l/Cacna1h/Cacna2d1/Adra1d"
"GO:0099645","GO:0099645","neurotransmitter receptor localization to postsynaptic specialization membrane",33,0.579921846562667,1.92534412477664,0.000197504848294227,0.00719404646047054,0.00617434046289667,1140,"tags=48%, list=14%, signal=42%","Gpc6/Magi2/Nrxn3/Cacng3/Dlg2/Erbb4/Cacng2/Nbea/Cacna2d2/Kalrn/Rapgef4/Cnih3/Lhfpl4/Vwc2/Rapsn/Gphn"
"GO:0038084","GO:0038084","vascular endothelial growth factor signaling pathway",41,0.544129923198248,1.9161925257782,0.000216051935726908,0.00765976129463798,0.00657404346183771,757,"tags=39%, list=9%, signal=36%","Smoc2/Ret/Epha7/Robo1/Alk/Epha3/Erbb4/Egfr/Epha6/Dab2ip/Ntrk3/Ephb3/Igf1r/Vegfc/Epha5/Myo1c"
"GO:0045216","GO:0045216","cell-cell junction organization",92,0.441037933370909,1.84777775599995,0.000214687028503481,0.00765976129463798,0.00657404346183771,1814,"tags=35%, list=23%, signal=27%","Ptpro/Pard3/Cdh4/Cntnap2/Cdh18/Nfasc/Ext1/Cdh7/Cdh2/Cdh10/Pecam1/Tjp1/Cdh13/Whrn/Kifc3/Abi2/Tgfb2/Myo1c/Abcc8/Fkrp/Cdh9/Mtss1/Tgfbr1/Mpp7/Nphp4/Afdn/Efnb2/Micall2/Rock2/Kirrel1/Pmp22/Ccm2"
"GO:0099601","GO:0099601","regulation of neurotransmitter receptor activity",20,0.683317758253816,2.02455658691182,0.000251947833540864,0.00870038038162542,0.00746716203850435,200,"tags=35%, list=2%, signal=34%","Dlgap2/Begain/Shisa6/Nlgn1/Cacng3/Cacng4/Cacng2"
"GO:0036215","GO:0036215","response to stem cell factor",23,0.64180653342353,1.98814482798137,0.000305982418204692,0.00980249698802741,0.00841306128938201,613,"tags=48%, list=8%, signal=44%","Ret/Epha7/Alk/Epha3/Erbb4/Egfr/Epha6/Ntrk3/Ephb3/Igf1r/Epha5"
"GO:0036216","GO:0036216","cellular response to stem cell factor stimulus",23,0.64180653342353,1.98814482798137,0.000305982418204692,0.00980249698802741,0.00841306128938201,613,"tags=48%, list=8%, signal=44%","Ret/Epha7/Alk/Epha3/Erbb4/Egfr/Epha6/Ntrk3/Ephb3/Igf1r/Epha5"
"GO:0032409","GO:0032409","regulation of transporter activity",105,0.418628326290657,1.78292446396945,0.000321906916907592,0.0101898868102058,0.00874554130144937,1017,"tags=27%, list=13%, signal=24%","Plcb1/Nr3c2/Prkcd/Bcl2/Kcne2/Chrm3/Nlgn1/Cacng3/Fgf14/Cacng4/Cacng2/Dmd/Ank3/Cacna1d/Fgf12/Fgf13/Atp1b1/Drd2/Camk2d/Cnih3/Akap7/Wnk2/Ank2/Cacnb2/Fmr1/Ripk1/Slc5a1/Scn2b"
"GO:0035924","GO:0035924","cellular response to vascular endothelial growth factor stimulus",49,0.506174212056338,1.86511175264424,0.000373690223196889,0.0109931199612319,0.00943492174578917,757,"tags=33%, list=9%, signal=30%","Smoc2/Ret/Epha7/Robo1/Alk/Epha3/Erbb4/Egfr/Epha6/Dab2ip/Ntrk3/Ephb3/Igf1r/Vegfc/Epha5/Myo1c"
"GO:0090100","GO:0090100","positive regulation of transmembrane receptor protein serine/threonine kinase signaling pathway",49,0.506099154153604,1.86483518506497,0.000373690223196889,0.0109931199612319,0.00943492174578917,1511,"tags=41%, list=19%, signal=33%","Tgfbr3/Sulf1/Hipk2/Ube2o/Sox11/Crebbp/Acvr2b/Ep300/Rnf111/Bmpr2/Tgfb2/Bmp2/Parp1/Elapor2/Tgfbr1/Notch2/Ilk/Fermt1/Acvr1/Bmpr1a"
"GO:0046034","GO:0046034","ATP metabolic process",141,-0.344914500858229,-1.65399176917663,0.000362497645685375,0.0109931199612319,0.00943492174578917,1516,"tags=31%, list=19%, signal=26%","Hk1/Slc25a25/Dnm1l/Adpgk/Psen1/Atp6v1b2/Pfkp/Tspo/Ndufs1/Prkaa2/Atp5mc3/Insr/Ndufa5/Ndufb3/Atp5pd/Ndufb5/Gapdh/Ndufa12/Atp5f1c/Ndufa8/Pgam1/Ndufs8/Ampd3/Ndufa2/Sdhd/Ppp2ca/Prkag2/Eno1/Ndufb9/Sdhb/Ddit4/Atp5mf/Ndufv3/Map2k1/Slc25a13/mt-Nd6/Ndufs6/Ndufb2/Pkm/Eif6/Ogt/Atp6v1a/Tmsb4x/Pid1"
"GO:0001764","GO:0001764","neuron migration",133,0.389733694454916,1.71850596359296,0.000399943687449668,0.0115592420100942,0.00992079993582244,1028,"tags=25%, list=13%, signal=22%","Unc5c/Auts2/Cdkl5/Ctnna2/Flrt2/Large1/Adgrl3/Astn1/Ntng1/Mdga2/Zmiz1/Nr2f2/Cep85l/Nrg3/Dab1/Fyn/Dab2ip/Gas6/Ntrk3/Kif26a/Fgf13/Dclk1/Drd2/Matn2/Phactr1/Abi2/Nkx2-1/Srgap2/Ptk2/Pex7/Fkrp/Mrtfa/Astn2"
"GO:0070588","GO:0070588","calcium ion transmembrane transport",168,0.363804693922436,1.66582196001505,0.000405089487682438,0.0115820747069635,0.00994039625688201,2135,"tags=41%, list=27%, signal=31%","Plcb1/Bcl2/Cacna1b/Cacng3/Fgf14/Cacng4/Cacng2/Micu2/Cacna1c/Ppp3ca/Cacna2d2/Cacna1i/Fyn/Plcg1/Dmd/Gas6/Slc8a3/Ubash3b/Cacna1d/Plcl2/Adcyap1r1/Atp1b1/Cacna1e/Drd2/Camk2d/Grm7/Cacna1g/Tgfb2/Slc8a1/Ank2/Slc24a4/Cacnb2/Prkce/Grin2b/Chd7/Panx3/Fmr1/Nalcn/Ryr2/Prnp/Nalf1/Orai2/Gsto1/Htr2c/Cacna2d3/Atp2b2/Panx1/Trpc5/Cacna1h/Cacna2d1/Vmp1/Plcl1/Pkd1/Itpr1/Cbarp/Pdpk1/Jph3/Bak1/Ehd3/Abl1/Nalf2/Cacnb3/Cemip/Gpm6a/Drd1/Dysf/Pawr/Tmbim6/Stac"
"GO:0071774","GO:0071774","response to fibroblast growth factor",79,0.443272358094299,1.80522173867946,0.000522903249664744,0.0140444418268541,0.0120537399816392,626,"tags=25%, list=8%, signal=24%","Smoc2/Ret/Kcnc1/Epha7/Ext1/Sulf1/Flrt2/Alk/Epha3/Flrt3/Erbb4/Egfr/Nrxn1/Epha6/Ntrk3/Ephb3/Igf1r/Shisa2/Epha5/Enpp1"
"GO:0007043","GO:0007043","cell-cell junction assembly",60,0.476191608545071,1.81664676238309,0.00064318542361966,0.0164445196288911,0.0141136234656622,975,"tags=27%, list=12%, signal=24%","Ptpro/Pard3/Cdh4/Cntnap2/Cdh18/Nfasc/Cdh7/Cdh2/Cdh10/Pecam1/Tjp1/Cdh13/Abi2/Myo1c/Fkrp/Cdh9"
"GO:0009612","GO:0009612","response to mechanical stimulus",118,0.398009595170823,1.7239253584963,0.000637742808487582,0.0164445196288911,0.0141136234656622,1129,"tags=30%, list=14%, signal=26%","Angpt2/Kcnc1/Pjvk/Cntnap2/Mkx/Igfbp2/Asic2/Kcnq2/Large1/Kcnk2/Egfr/Kcnq3/Fyn/Dmd/Pcdh15/Nrxn1/Ano3/Whrn/Strbp/Scn10a/Calb1/Piezo2/Drd2/Slc8a1/Grm8/Nfkb1/Sox2/Aqp1/Serpine2/Grin2b/Ryr2/Map2k4/Capn2/Igf1/Chuk"
"GO:0050806","GO:0050806","positive regulation of synaptic transmission",124,0.388365823834761,1.6957245893968,0.000674839199223144,0.0169282776484372,0.0145288121540792,1347,"tags=32%, list=17%, signal=27%","Gria4/Cacna1b/Syt1/Nlgn1/Large1/Cacng3/Gria3/Cacng4/Erbb4/Egfr/Cacng2/Adcy1/Nrxn1/Slc8a3/Cacna1d/Grik1/Clstn3/Shank2/Gpr158/Gria1/Calb1/Drd2/Enpp1/Clstn2/Adcy8/Ptk2/Serpine2/Prkce/Grin2b/Fmr1/Nalcn/Prnp/Cckbr/Rapsn/Ptpn5/Stxbp1/Crtc1/Grik2/Htr2c/Kif5b"
"GO:0070252","GO:0070252","actin-mediated cell contraction",49,0.489131579731499,1.80231437362345,0.000766800212582765,0.0187057042684181,0.016054300925924,1721,"tags=47%, list=22%, signal=37%","Pard3/Kcne2/Cacna1c/Emp2/Cacna1d/Dbn1/Fgf13/Camk2d/Ank2/Cacnb2/Kcnd3/Luzp1/Qki/Myl6/Scn2b/Ryr2/Epdr1/Ccdc88c/Gpd1l/Cacna1h/Cacna2d1/Uty/Sgcd"
"GO:0007006","GO:0007006","mitochondrial membrane organization",64,-0.423865789213499,-1.76565577565306,0.000775119997885797,0.0187367643125303,0.0160809584250374,1238,"tags=30%, list=15%, signal=25%","Micos10/Pex5/Dynlt1c/Letm1/Micos13/Siva1/Mtch1/Pdcd5/Maip1/Cibar1/Immt/Tmem14a/Ppif/Samm50/Tomm22/Bok/Hspa4/Vdac2/Bnip3"
"GO:0099565","GO:0099565","chemical synaptic transmission, postsynaptic",76,0.431656760938964,1.73726523069776,0.000803548454803552,0.0191954837290696,0.0164746575580938,990,"tags=28%, list=12%, signal=24%","Cux2/Pclo/Begain/Cntnap2/Nlgn1/Atxn1/Kcnk2/Ppp3ca/Nrxn1/Slc8a3/Nlgn4l/Dbn1/Grik1/Gria1/Grid2/Rims2/Grip2/Mtmr2/Grin2b/Fmr1/Dgki"
"GO:0010976","GO:0010976","positive regulation of neuron projection development",153,0.365960043404295,1.65513270404236,0.000808534854327113,0.0191954837290696,0.0164746575580938,1139,"tags=25%, list=14%, signal=22%","Cux2/Ret/Magi2/Fut9/Nlgn1/Zfp804a/Alk/Epha3/Tenm3/Tox/Negr1/Bcl11a/Kalrn/Fyn/Dmd/Nrxn1/Cask/Il1rapl1/Dab2ip/Ntrk3/Fbxo38/Nckipsd/Dbn1/Arf6/Ep300/Igf1r/Creb3l2/Serpine2/Adnp/Caprin2/Plppr5/Cntn1/Qki/Fzd1/Cnr1/Elavl4/Ptpn5/Ptprz1"
"GO:0098659","GO:0098659","inorganic cation import across plasma membrane",53,0.494298649331478,1.83899377375727,0.00087880661676624,0.019802938932046,0.0169960102154256,1228,"tags=38%, list=15%, signal=32%","Kcnj6/Cacna1b/Kcne2/Cacna1c/Slc9a9/Ppp3ca/Fyn/Slc8a3/Ank3/Cacna1d/Atp1b1/Cacna1e/Wnk2/Slc8a1/Slc24a4/Kcnd3/Slc5a1/Prnp/Nalf1/Slc6a1"
"GO:0002028","GO:0002028","regulation of sodium ion transport",46,0.496743426678714,1.79740608603114,0.000865963935421105,0.019802938932046,0.0169960102154256,1017,"tags=35%, list=13%, signal=31%","Plcb1/Nkain2/Nkain3/Fgf14/Dmd/Ank3/Fgf12/Fgf13/Atp1b1/Drd2/Camk2d/Wnk2/Slc8a1/Serpine2/Cntn1/Scn2b"
"GO:0008543","GO:0008543","fibroblast growth factor receptor signaling pathway",68,0.457782603724494,1.79794125664671,0.000985566284343182,0.021838506250571,0.0187430500390879,626,"tags=28%, list=8%, signal=26%","Smoc2/Ret/Epha7/Ext1/Sulf1/Flrt2/Alk/Epha3/Flrt3/Erbb4/Egfr/Nrxn1/Epha6/Ntrk3/Ephb3/Igf1r/Shisa2/Epha5/Enpp1"
"GO:0006029","GO:0006029","proteoglycan metabolic process",60,0.465091296149679,1.77429963527571,0.00105480194773135,0.0231794907356832,0.0198939593099746,1967,"tags=52%, list=25%, signal=39%","Ext1/Sulf1/Chst8/Hs6st1/B4galnt4/Ndst4/Ndst3/Dsel/Bmpr2/Csgalnact2/Hs6st3/Chst11/Galns/Bmp2/Ndst2/Hs3st5/Glb1/Igf1/Gpc1/Chsy1/Chst10/Hs3st3a1/Bmpr1b/Fam20b/Slc10a7/Hgsnat/Chst5/Hs2st1/Hs6st2/Chst12/Ndst1"
"GO:1905144","GO:1905144","response to acetylcholine",26,0.583730562940527,1.85054484637049,0.00111503316637386,0.0243022392572795,0.0208575660457164,344,"tags=19%, list=4%, signal=18%","Plcb1/Chrm2/Chrm3/Large1/Sorbs2"
"GO:0035794","GO:0035794","positive regulation of mitochondrial membrane permeability",22,-0.601162497334802,-1.89621614578056,0.00117459609058155,0.0251875081036801,0.0216173541967809,292,"tags=27%, list=4%, signal=26%","Siva1/Tmem14a/Ppif/Bok/Vdac2/Bnip3"
"GO:0042255","GO:0042255","ribosome assembly",37,-0.510653588868116,-1.86159699904445,0.00120795625701556,0.0253911961496743,0.0217921708804235,1401,"tags=30%, list=18%, signal=25%","Mcat/Rps14/Fastkd2/Rpl5/Rpl38/Ddx28/Eif6/Rpl24/Mterf3/Eif1ax/Rps28"
"GO:0001964","GO:0001964","startle response",22,0.627164560535489,1.91766845804543,0.00134823864187463,0.0275766657595742,0.0236678653893457,926,"tags=50%, list=12%, signal=44%","Ctnna2/Kcnh1/Pcdh15/Nrxn1/Npas3/Dbn1/Csmd1/Grid2/Drd2/Penk/Grin2b"
"GO:0050658","GO:0050658","RNA transport",95,-0.361611926618479,-1.61573824563207,0.00146639901888377,0.0295390529637269,0.0253520978703351,1575,"tags=32%, list=20%, signal=26%","Nup35/Tnks/Hnrnpa3/Xpot/Arc/Magoh/Nxt2/Nsun2/Nup54/Ddx19a/Fyttd1/Iws1/Mrpl18/Nup43/Mcm3ap/Mapt/Rftn1/Rae1/Eny2/Srsf1/Ran/Nutf2/Sidt1/Sec13/Eif4a3/Sem1/Supt6/Nup133/Fxr1/Hnrnpa2b1"
"GO:1905710","GO:1905710","positive regulation of membrane permeability",25,-0.551605929514925,-1.78766623959648,0.00161116177685144,0.0315005820929999,0.0270355939025846,292,"tags=24%, list=4%, signal=23%","Siva1/Tmem14a/Ppif/Bok/Vdac2/Bnip3"
"GO:0097106","GO:0097106","postsynaptic density organization",38,0.515188019933575,1.79181466369479,0.0017837605271377,0.0337870788816511,0.0289979956910669,595,"tags=29%, list=7%, signal=27%","Nrxn3/Cntnap2/Nlgn1/Dlg2/Adgrl3/Cdh2/Nrxn1/Ntrk3/Dbn1/Arf6/Grid2"
"GO:0021675","GO:0021675","nerve development",46,0.481481220655162,1.74218163711108,0.00180434945513142,0.0337870788816511,0.0289979956910669,1043,"tags=35%, list=13%, signal=30%","Ret/Kcnc1/Ext1/Sulf1/Kcnq2/Large1/Nav2/Kcnq3/Dmd/Kcnc2/Mafb/Slc24a4/Col25a1/Serpine2/Chd7/Scn8a"
"GO:0050906","GO:0050906","detection of stimulus involved in sensory perception",49,0.465718926522518,1.71604523224769,0.0019220942278582,0.0357401996634611,0.0306742752005636,1120,"tags=35%, list=14%, signal=30%","Pjvk/Asic2/Kcnk2/Fyn/Pcdh15/Mmp24/Whrn/Scn10a/Piezo2/Ccdc66/Grm8/Slc24a4/Sox2/Serpine2/Grin2b/Cep250/Igf1"
"GO:0097553","GO:0097553","calcium ion transmembrane import into cytosol",87,0.41984379958999,1.72985854937874,0.00195159241397422,0.0360366960330378,0.0309287452740943,1104,"tags=32%, list=14%, signal=28%","Plcb1/Bcl2/Cacna1b/Cacna1c/Ppp3ca/Cacna1i/Fyn/Plcg1/Dmd/Slc8a3/Ubash3b/Cacna1d/Plcl2/Adcyap1r1/Cacna1e/Drd2/Camk2d/Cacna1g/Tgfb2/Slc8a1/Ank2/Slc24a4/Prkce/Grin2b/Chd7/Ryr2/Prnp/Nalf1"
"GO:0071711","GO:0071711","basement membrane organization",22,0.610287755825357,1.86606459184868,0.00205288271576644,0.0373877749398834,0.0320883181527156,1898,"tags=55%, list=24%, signal=42%","Ext1/Flrt2/Large1/Pxdn/Hmcn1/Lama1/Fkrp/Col4a1/Fermt1/Pomt2/Pmp22/Dag1"
"GO:0046390","GO:0046390","ribose phosphate biosynthetic process",110,-0.342254406721271,-1.57283312749923,0.00231732906755172,0.0410785199374668,0.0352559257435237,1297,"tags=29%, list=16%, signal=25%","Gmps/Ndufs1/Atp5mc3/Ndufa5/Ndufb3/Uprt/Atp5pd/Ndufb5/Ndufa12/Hprt1/Atp5f1c/Ndufa8/Ndufs8/Ampd3/Ndufa2/Sdhd/Mthfd1/Eno1/Ndufb9/Sdhb/Atp5mf/Ndufv3/Map2k1/Upp1/Slc25a13/mt-Nd6/Atic/Ndufs6/Ndufb2/Atp6v1a/Tmsb4x/Pid1"
"GO:0051236","GO:0051236","establishment of RNA localization",97,-0.354747838424075,-1.59341889533372,0.00234102891488123,0.0412238138057562,0.0353806252175846,1575,"tags=31%, list=20%, signal=25%","Nup35/Tnks/Hnrnpa3/Xpot/Arc/Magoh/Nxt2/Nsun2/Nup54/Ddx19a/Fyttd1/Iws1/Mrpl18/Nup43/Mcm3ap/Mapt/Rftn1/Rae1/Eny2/Srsf1/Ran/Nutf2/Sidt1/Sec13/Eif4a3/Sem1/Supt6/Nup133/Fxr1/Hnrnpa2b1"
"GO:0070585","GO:0070585","protein localization to mitochondrion",65,-0.398283255319182,-1.65081597624882,0.00239641050790262,0.0419214180296913,0.0359793488998122,2186,"tags=43%, list=27%, signal=32%","Tomm7/Tmem126a/Ppp2r2b/Romo1/Chchd4/Tomm70a/Timm23/Hk1/Timm8a1/Cox18/Dnm1l/Tspo/Fbxo7/Pam16/Mapt/Mtch1/Pdcd5/Gdap1/Pmpca/Pmpcb/Rala/Maip1/Parl/Samm50/Tomm22/Bag1/Ywhaz/Hspa4"
"GO:0032835","GO:0032835","glomerulus development",34,0.533683657021676,1.78825277678261,0.00254800240269917,0.0437105702501747,0.0375149012499273,262,"tags=29%, list=3%, signal=29%","Ptpro/Ret/Pdgfd/Angpt2/Magi2/Bcl2/Ext1/Sulf1/Ppp3ca/Ampd2"
"GO:0030534","GO:0030534","adult behavior",109,0.380795930949255,1.63257931679775,0.00260533716160445,0.0444076379019631,0.0381131644153742,1948,"tags=43%, list=24%, signal=33%","Nrxn3/Cntnap2/Pcdh17/Atxn1/Alk/Fgf14/Hipk2/Cacna1c/Otog/Kalrn/Ppp1r1b/Dab1/Ccnd2/Pcdh15/Nrxn1/Fgf12/Crebbp/Grik1/Shank2/Slitrk1/Drd2/Enpp1/Grm7/Cdh23/Gigyf2/Parp1/Kcnma1/Chd7/Fkrp/Scn8a/Oxr1/Gabrg2/Eps8/Htr2c/Cntn2/Htra2/Atg7/Tbce/Btbd9/Shank3/Prkn/Pum1/Pmp22/Chl1/Inpp5f/Ntan1/Slc7a11"
"GO:0003015","GO:0003015","heart process",117,0.372559675572398,1.61148509940269,0.00268841889785135,0.0455318843909984,0.0390780567921001,1721,"tags=36%, list=22%, signal=29%","Kcnd2/Thrb/Chrm2/Cacna1b/Ext1/Kcne2/Chrm3/Cacna1c/Fyn/Dmd/Kcnip1/Cacna1d/Fgf13/Atp1b1/Scn10a/Cacna1e/Tacr3/Drd2/Camk2d/Cacna1g/Tgfb2/Slc8a1/Ank2/Cacnb2/Kcnd3/Hdac4/Rap1gds1/Scn2b/Ryr2/Rps6ka2/Ramp3/Agrn/Edn3/Slc4a3/Rnls/Gpd1l/Cacna1h/Cacna2d1/Adra1d/Uty/Sgcz/Sgcd"
"GO:0022407","GO:0022407","regulation of cell-cell adhesion",177,0.333963516530525,1.53660207000917,0.00296616507215793,0.0489877821544593,0.0420441051091101,2247,"tags=37%, list=28%, signal=27%","Prkcd/Magi2/Epha7/Kif26b/Magi1/Fut9/Igfbp2/Rap1gap/Tenm3/Nrarp/Ppp3ca/Mdga2/Zmiz1/Ubash3b/Fbxo38/Tjp1/Ank3/Ambra1/Ephb3/Rc3h1/Foxo3/Ep300/Adk/Arid1a/Bmp2/Sox2/Ptk2/Serpine2/Flot2/Efnb1/Prnp/Igf1/B2m/Tmem131l/Cyrib/Pbrm1/Tnfsf11/Ap3d1/Cd47/Map2k5/Pag1/Afdn/Efnb2/Loxl3/Carmil2/Dennd6a/Mbp/Bmi1/Smarcd3/Sox12/Itpkb/Abl1/Wnt5a/Klhl22/Tfrc/Glmn/Mex3b/Pawr/Actl6a/Peli1/Pcdh8/Egr3/Ildr2/Cd59b/Podxl/Lgals1"
"GO:0070979","GO:0070979","protein K11-linked ubiquitination",26,-0.530940489496538,-1.76269246556893,0.00307110284037059,0.0504077929169469,0.0432628392327709,1867,"tags=54%, list=23%, signal=41%","Ubr4/Cdc27/Cdc16/Anapc7/Rnf26rt/Trim26/Anapc16/Anapc5/Cdc26/Rnf4/Anapc4/Ube2b/Ube2d3/Ube2l3"
"GO:0031340","GO:0031340","positive regulation of vesicle fusion",20,0.617872167330432,1.83065221286648,0.00312564255178998,0.050831062781219,0.0436261135407782,860,"tags=40%, list=11%, signal=36%","Cacna1b/Syt1/Rimbp2/Erc2/Rims2/Syt9/Erc1/Znrf1"
"GO:0002064","GO:0002064","epithelial cell development",96,0.391323005337195,1.65398497027561,0.00313512384209098,0.050831062781219,0.0436261135407782,996,"tags=24%, list=12%, signal=21%","Pard3/Plcb1/Magi2/Magi1/Bcl11b/Cdh2/Klf5/Ampd2/Dmd/Pecam1/Tjp1/Fndc3a/Jmjd1c/Map7/Cdk6/Abi2/St14/Ptprs/Kcnma1/Luzp1/Rarb/Arid4b/Sidt2"
"GO:0140888","GO:0140888","interferon-mediated signaling pathway",36,0.512346069392538,1.74489316046414,0.00351935749236501,0.0554052148882546,0.0475519114339526,1223,"tags=33%, list=15%, signal=28%","Parp14/Lsm14a/Stat2/Ube2k/Samhd1/Irf7/Ifih1/Usp18/Gigyf2/Hdac4/Oasl1/Ythdf3"
"GO:0046777","GO:0046777","protein autophosphorylation",113,0.367762438542092,1.58804653162065,0.00360546510633168,0.0560639281738943,0.0481172566976121,1007,"tags=23%, list=13%, signal=20%","Epha7/Cdkl5/Alk/Erbb4/Egfr/Fyn/Peak1/Aatk/Mark3/Ephb3/Igf1r/Vegfc/Enpp1/Camk2d/Nlk/Wnk2/Grk5/Taok3/Htatip2/Eif2ak1/Clk4/Ptk2/Mob1b/Gfra2/Map3k13/Ripk1"
"GO:0032984","GO:0032984","protein-containing complex disassembly",166,-0.307525876093596,-1.5006910782371,0.00364694160589984,0.056379172849347,0.048387817635195,2387,"tags=45%, list=30%, signal=32%","Cfl2/Ssrp1/Twf2/Zfand1/Zmpste24/Setx/Swap70/Ogfod1/Chmp7/Tmod3/Sptan1/Chmp2a/Chmp1b2/Hspa8/Sh3gl1/Vps33a/Sh3gl3/Rpl23/Bmerb1/Mical2/Atp2a2/Atg14/Ccsap/Oga/Plekhh2/Smarcb1/Capza1b/Flii/Etf1/Traf2/Smarcd2/Wdr47/Atg5/Chmp4b/Nsf/Snx14/Camsap1/Napb/Dnajc17/Insr/Pex5/Smarcd1/Spast/Actn2/Dmtn/Calm2/Rubcnl/Gabarapl1/Gspt1/Stmn1/Tmod2/Scaf4/Lamp2/Eif5a2/Gabarapl2/Pik3ca/Wdr1/Mtpn/Add2/Ddit4/Cltc/Cebpg/Dstn/Ccn2/Chmp2b/Pdxp/Synj1/Smarcc2/Sgk1/Map1lc3a/Lima1/Apc2/Snap29/Bnip3"
"GO:0007093","GO:0007093","mitotic cell cycle checkpoint signaling",73,-0.383597233094725,-1.63117072291091,0.0039810510171156,0.0596382433264907,0.0511849375633229,2286,"tags=49%, list=29%, signal=36%","Nop53/Spc25/Brcc3dc/Nabp1/Pcid2/Zfp207/Ccng1/Zfyve19/Xpc/Bub3/Fbxo31/Orc1/Etaa1/Cdk5rap2/Mbtps1/Dgkz/Usp44/Babam2/Dync1li1/Nek11/Ccnd1/Psmg2/Mre11a/Tipin/Prpf4b/Gen1/Lcmt1/Syf2/Rint1/Mbd4/Trip13/Chek2/Fzr1/Mbtps2/Rpl24/Abraxas1"
"GO:0021700","GO:0021700","developmental maturation",191,0.32989916244775,1.52855154477152,0.00402556914330954,0.0596382433264907,0.0511849375633229,1419,"tags=25%, list=18%, signal=21%","Ret/Plcb1/Cntnap2/Adgrb3/Bcl2/Nfasc/Ext1/Nlgn1/Kcnq2/Dlgap4/Dlg2/Erbb4/Bcl11a/Pth1r/Kcnq3/Dab1/Nrxn1/Dab2ip/Sirt2/Ank3/Asxl2/Robo2/Fbxo5/Foxo3/Enpp1/Smim45/Mreg/Tgfb2/Gba1/Grip2/Bmp2/Slc24a4/Kcnma1/Nrcam/Brd1/Wdr77/Map3k13/Ankrd17/Rps6ka2/Pde3a/Igf1/Nrg2/Stxbp1/Tut4/Ap3d1/Zbtb16/Cntn2/Fermt1"
"GO:0098869","GO:0098869","cellular oxidant detoxification",30,-0.516209636524949,-1.77047645200125,0.00425067080393801,0.0624449373904484,0.0535938022851852,1396,"tags=47%, list=17%, signal=39%","Gstk1/Trp53inp1/Nfe2l2/Prdx4/Gpx4/Sod1/Cp/Prdx1/Ptgs1/Prdx3/Mgst3/Gpx3/Sod2/Park7"
"GO:0050919","GO:0050919","negative chemotaxis",27,0.553219310779623,1.78231851732045,0.00433180767000025,0.0632872340358828,0.0543167092455787,599,"tags=33%, list=7%, signal=31%","Unc5c/Epha7/Robo1/Flrt2/Flrt3/Nrg3/Sema4g/Robo2/Lgr4"
"GO:0008217","GO:0008217","regulation of blood pressure",88,0.383445710203651,1.58607252879655,0.00439452474400567,0.0638526846683665,0.0548020111878303,1630,"tags=34%, list=20%, signal=27%","Ptpro/Nr3c2/Cacna1b/Ext1/Chrm3/Asic2/Cacna1c/Emp2/Nr2f2/Nav2/Gas6/Arhgef12/Vegfc/Bmpr2/Tacr3/Drd2/Nkx2-1/Grip2/Ndst2/Rps6ka2/Cnr1/Adra2b/Scpep1/Edn3/Gna13/Rnls/Rnpep/Corin/Adra1d/Ddah1"
"GO:0035296","GO:0035296","regulation of tube diameter",86,0.400168357774546,1.64317810545168,0.00453803278345173,0.0645274287229848,0.055381114970579,939,"tags=24%, list=12%, signal=22%","Tgfbr3/Add3/Ext1/Chrm3/Mtnr1b/Asic2/Egfr/Cacna1c/Smpd3/Adra2c/Bmpr2/Nts/Ptprm/Rbfox2/Cacna1g/Grip2/Slc8a1/Htr1d/Kcnma1/Ptk2/Rap1gds1"
"GO:0097746","GO:0097746","blood vessel diameter maintenance",86,0.400168357774546,1.64317810545168,0.00453803278345173,0.0645274287229848,0.055381114970579,939,"tags=24%, list=12%, signal=22%","Tgfbr3/Add3/Ext1/Chrm3/Mtnr1b/Asic2/Egfr/Cacna1c/Smpd3/Adra2c/Bmpr2/Nts/Ptprm/Rbfox2/Cacna1g/Grip2/Slc8a1/Htr1d/Kcnma1/Ptk2/Rap1gds1"
"GO:0050982","GO:0050982","detection of mechanical stimulus",35,0.502032743867707,1.68781749399107,0.00484666898661997,0.0678278570285395,0.0582137305428925,1120,"tags=40%, list=14%, signal=35%","Pjvk/Asic2/Kcnk2/Fyn/Pcdh15/Ano3/Whrn/Scn10a/Piezo2/Grm8/Sox2/Serpine2/Grin2b/Igf1"
"GO:0070509","GO:0070509","calcium ion import",36,0.502294452044682,1.710660442757,0.00490075298816812,0.0682256659452306,0.0585551528153678,1207,"tags=44%, list=15%, signal=38%","Cacna1b/Cacna1c/Ppp3ca/Cacna1i/Fyn/Cask/Slc8a3/Cacna1d/Cacna1e/Cacna1g/Slc8a1/Slc24a4/Cacnb2/Prnp/Nalf1/Plpp4"
"GO:0006406","GO:0006406","mRNA export from nucleus",41,-0.443940810718906,-1.66464647700542,0.00517653194802498,0.0698700428923777,0.0599664507791512,1346,"tags=32%, list=17%, signal=27%","Magoh/Nxt2/Nsun2/Ddx19a/Fyttd1/Iws1/Mcm3ap/Eny2/Eif4a3/Sem1/Supt6/Nup133/Hnrnpa2b1"
"GO:0097194","GO:0097194","execution phase of apoptosis",33,0.494221213237763,1.64081749099012,0.0053246568629554,0.070791312992992,0.0607571372573016,1114,"tags=39%, list=14%, signal=34%","Dlc1/Xkr4/Xkr6/Igfbp3/Sirt2/Blcap/Aifm3/Dnase2b/Vps54/Taok1/Ripk1/Plscr1/Madd"
"GO:0086009","GO:0086009","membrane repolarization",24,0.55926067786283,1.73947063056951,0.00542700082475869,0.0714375999655116,0.0613118175512081,1017,"tags=42%, list=13%, signal=36%","Kcnd2/Kcne2/Kcnip1/Cacna1d/Atp1b1/Akap7/Ank2/Slc24a4/Kcnd3/Scn2b"
"GO:0016525","GO:0016525","negative regulation of angiogenesis",48,0.447128648133416,1.6496312304879,0.00585598097066109,0.0741478733380373,0.0636379285433245,1108,"tags=31%, list=14%, signal=27%","Tafa5/Angpt2/Adgrb3/Sulf1/Adgrb1/Fyn/Dab2ip/Ptprm/Stard13/Thbs2/Tgfb2/Adgrb2/Abcc8/Qki/Krit1"
"GO:0051225","GO:0051225","spindle assembly",71,-0.377602411789672,-1.58309288593455,0.00581585074940939,0.0741478733380373,0.0636379285433245,2424,"tags=46%, list=30%, signal=33%","Chmp3/Gtf2b/Map9/Chmp7/Hdac3/Chmp2a/Ska2/Chmp1b2/Zfp207/Tubgcp6/Ddb1/Ccsap/Mlh1/Spice1/Rab11a/Dync1h1/Chmp4b/Tubgcp3/Tubgcp2/Bcas2/Aspm/Rnf4/Mzt1/Drg1/Kif3b/Cep63/Chek2/Cltc/Dcaf13/Chmp2b/Abraxas1/Tubgcp4/Stard9"
"GO:0070169","GO:0070169","positive regulation of biomineral tissue development",26,0.541123759810941,1.7154725973613,0.0059056033362296,0.0744217974930545,0.0638730258565516,1511,"tags=50%, list=19%, signal=41%","Nell1/Asxl2/Fbxo5/Acvr2b/Bmpr2/Slc20a2/Slc8a1/Atraid/Bmp2/Atf4/Acvr1/Bmpr1b/Bmpr1a"
"GO:0032253","GO:0032253","dense core granule localization",20,0.597103055218503,1.76911679655011,0.00595324929199192,0.0746683484311628,0.064084629915782,1671,"tags=50%, list=21%, signal=40%","Ppfia2/Cadps/Syt10/Kif1b/Unc13c/Stxbp1/Kif5b/Sybu/Rims1/Map2"
"GO:0043413","GO:0043413","macromolecule glycosylation",141,0.34035294376675,1.51733699550591,0.00608711968492713,0.075282098801029,0.0646113854439267,763,"tags=16%, list=10%, signal=14%","B3glct/B3galt1/Galnt9/Tmtc4/Fut9/Ext1/St8sia1/Large1/Galnt7/Gxylt1/Lmf1/Galntl6/Man1a/St8sia6/Pofut2/B3galt5/Crppa/St6galnac6/Entpd5/Abca2/St6galnac3/Tet2"
"GO:0003012","GO:0003012","muscle system process",197,0.310974689737651,1.44583549616894,0.0060369047254283,0.075282098801029,0.0646113854439267,1349,"tags=28%, list=17%, signal=24%","Kcnd2/Chrm2/Kcne2/Chrm3/Sulf1/Large1/Cacna1c/Ppp3ca/Smpd3/Dmd/Kcnip1/Sorbs2/Slc8a3/Adra2c/Cacna1d/Dbn1/Fgf13/Foxo3/Ep300/Atp1b1/Scn10a/Nfatc3/Tacr3/Drd2/Camk2d/Tead1/Cacna1g/Adk/Grip2/Slc8a1/Ank2/Bmp2/Parp1/Htr1d/Cacnb2/Vps54/Kcnma1/Kcnd3/Hdac4/Ptk2/Rap1gds1/Abcc8/Fkrp/Myl6/Scn2b/Ryr2/Map2k4/Igf1/Gtf2ird1/Ctdp1/Adra2b/Agrn/Synm/Foxo1/Edn3"
"GO:0021543","GO:0021543","pallium development",136,0.334644946316178,1.48118681469659,0.00622244591617359,0.0765994615328962,0.0657420211806255,997,"tags=24%, list=12%, signal=22%","Plcb1/Robo1/Kcnq2/Large1/Alk/Egfr/Cdh2/Zmiz1/Dab1/Dmd/Dab2ip/Kif26a/Dclk2/Fgf13/Tacc2/Gria1/Btbd3/Epha5/Trappc9/Pals1/Ogdh/Phactr1/Slc32a1/Nkx2-1/Ncoa1/Vps13b/Srgap2/Ptprs/Sox2/Slit2/Pou3f2/Ccdc85c/Syne2"
"GO:0007517","GO:0007517","muscle organ development",160,0.33258209967525,1.50374597316972,0.00658477533049249,0.0792258715103147,0.0679961558299963,1100,"tags=24%, list=14%, signal=21%","Luc7l/Jph1/Cntnap2/Tgfbr3/Bcl2/Mkx/Rbfox1/Large1/Mef2d/Negr1/Klf5/Ppp3ca/Nr2f2/Adgrb1/Dmd/Sirt2/Ddx17/Paxbp1/Sox11/Ep300/Nfatc3/Vrk3/Tgfb2/Col19a1/Vps13b/Hdac9/Bmp2/Meox2/Vps54/Hdac4/Chd7/Fkrp/Myl6/Ryr2/Scn8a/Fzd1/Lrp2/Mtss1/Mbnl1"
"GO:0007613","GO:0007613","memory",103,0.371304234956025,1.58278796408723,0.00683601051112019,0.0800746781897295,0.0687246500723792,1705,"tags=36%, list=21%, signal=29%","Cux2/Plcb1/Kcnq2/Atxn1/Large1/Kcnk2/Kalrn/Adcy1/Ppp1r1b/Ccnd2/Slc8a3/Crebbp/Fgf13/Pak5/Tafa2/Shank2/Csmd1/Gria1/Calb1/Drd2/Grm7/Vps13b/Adcy8/Adnp/Grin2b/Abcc8/Cnr1/Igf1/Slc6a1/Crtc1/Chst10/Pdcd10/Map1a/Rcan1/Btbd9/Shank3/Bace1"
"GO:0034340","GO:0034340","response to type I interferon",32,0.504481565408198,1.66944896233964,0.0070034602826581,0.0816763196999468,0.0700992700498742,1223,"tags=38%, list=15%, signal=32%","Lsm14a/Stat2/Ube2k/Samhd1/Irf7/Ifih1/Usp18/Gigyf2/Hdac4/Oasl1/Smpd1/Ythdf3"
"GO:0051168","GO:0051168","nuclear export",104,-0.324124879588672,-1.47491938848682,0.00721531327982855,0.0834152957002788,0.0715917583096947,1346,"tags=47%, list=17%, signal=40%","Xpo5/Xpo6/Thoc1/Fam76b/Chtop/Uhmk1/Thoc7/Ranbp3/Nup88/Nup85/Akap13/Nup107/Nup98/Pcid2/Hdac3/Ctdspl2/Chchd4/Hspa9/Eif4e/Xpo4/Desi1/Xpot/Magoh/Lsg1/Nxt2/Nsun2/Rbm22/Ppm1a/Ddx19a/Fyttd1/Iws1/Mcm3ap/Prpf4b/Ahcyl1/Ywhae/Cse1l/Rae1/Eny2/Ptpn11/Ran/Ltv1/Nutf2/Eif4a3/Sem1/Supt6/Eif6/Park7/Nup133/Hnrnpa2b1"
"GO:0071230","GO:0071230","cellular response to amino acid stimulus",53,0.438442138791452,1.63118463803368,0.0072636774899583,0.0836109023627668,0.0717596390896769,2169,"tags=40%, list=27%, signal=29%","Pdgfd/Egfr/Fyn/Ep300/Gria1/Sesn3/Samtor/Capn2/Col4a1/Hnrnpd/Glra3/Sh3bp4/Prkn/Cpeb4/Gria2/Ubr2/Klhl22/Hsf1/Cpeb3/Mtor/Neurl1a"
"GO:0006006","GO:0006006","glucose metabolic process",112,-0.325668453179145,-1.49929602812324,0.00776710722379042,0.0882595645643535,0.0757493857902727,2039,"tags=39%, list=25%, signal=30%","Zmpste24/Mlycd/Hif1a/Pdhb/Slc35b4/Sik1/Mdh1/Gpi1/Ddb1/Arpp19/Pgp/Xpc/Nisch/Hmgb1/Hk1/Ldha/Adpgk/Pfkp/Errfi1/Insr/Pgm2l1/Mdh2/Gapdh/Clk2/Pgam1/Kbtbd2/Lcmt1/Pgm2/Prkag2/Pik3ca/Mtcl2/Pdk1/Eno1/Cry1/Brat1/Got1/Pgm1/Fabp5/Slc25a13/Pkm/Hectd4/Ogt/Cpt1a/Slc37a4"
"GO:0000387","GO:0000387","spliceosomal snRNP assembly",24,-0.50932180319161,-1.63008781674279,0.00805661314682196,0.0907734506669475,0.0779069460406334,1521,"tags=50%, list=19%, signal=41%","Gemin2/Snrpb/Prpf6/Gemin8/Snrpd1/Prpf3/Prpf4b/Snrpf/Prpf8/Snrpd2/Snrpg/Snrpd3"
"GO:0022604","GO:0022604","regulation of cell morphogenesis",160,0.330106379782736,1.49255218425956,0.00818798852604813,0.0914784096250503,0.0785119819746676,2027,"tags=33%, list=25%, signal=25%","Cux2/Dlc1/Grip1/Cdkl5/Phip/Syt1/Myo9a/Bcl11a/Ntng1/Kalrn/Fyn/Cask/Il1rapl1/Dbn1/Arhgap18/Brwd3/Zranb1/Rhoq/Ypel4/Gas7/Rims2/Ptk2/Caprin2/Cux1/Map3k13/Rhobtb2/Parp6/Sh3kbp1/Arhgap15/Slc23a2/Arhgef18/Smurf1/Ilk/Eps8/Gna13/Cntn2/Anxa7/Afdn/Zmym4/Rims1/Ss18l1/Tnik/Coro1c/Prkn/Dhx36/Sh3d19/Ago4/Mfsd2a/Syt17/Fbxw8/Myh10/Wnt5a/Ankrd27"
"GO:0140053","GO:0140053","mitochondrial gene expression",120,-0.315486971044632,-1.4731978494322,0.00817985569452083,0.0914784096250503,0.0785119819746676,1879,"tags=34%, list=23%, signal=27%","Hars1/Mrpl43/Polr1b/Supv3l1/Pnpt1/Gfm1/Mto1/Polrmt/Mrpl15/Wars2/Mrpl48/Rars2/Mrpl22/Iars2/Aars2/Mrps11/Rpusd3/Trnt1/Mrps14/Gatc/Mrpl39/Fastkd2/Mrpl35/Mrpl18/Polr2b/Mrps6/Mrpl3/Rmnd1/Gars1/Mrpl46/Mrpl32/Mrps10/Mrpl57/Lars2/Mrps15/Mtpap/Mrpl23/Uqcc2/Mrps26/Mterf3/Coa3"
"GO:0032642","GO:0032642","regulation of chemokine production",24,-0.507931948356424,-1.62563957710396,0.00830969819360324,0.0917245786819374,0.078723258281681,1871,"tags=46%, list=23%, signal=35%","Adcyap1/Arg2/Hmgb1/Il18/Suz12/Mif/Gstp3/Egr1/Slc37a4/Il17ra/Lrp1"
"GO:0070085","GO:0070085","glycosylation",149,0.33781116543574,1.51939132214216,0.008277036190712,0.0917245786819374,0.078723258281681,763,"tags=16%, list=10%, signal=15%","B3glct/B3galt1/Galnt9/Tmtc4/Fut9/Ext1/St8sia1/Large1/Galnt7/Gxylt1/Lmf1/Galntl6/Man1a/St8sia6/Pofut2/B3galt5/Crppa/St6galnac6/Entpd5/Abca2/St6galnac3/Grm7/Gba1/Tet2"
"GO:0055074","GO:0055074","calcium ion homeostasis",179,0.320839292871597,1.48207434448233,0.00831351014003269,0.0917245786819374,0.078723258281681,2109,"tags=40%, list=26%, signal=30%","Plcb1/Ank/Tmtc4/Bcl2/Calcb/Kcnh1/Rimbp2/Micu2/Cacna1c/Erc2/Pth1r/Plcg1/Dmd/Slc8a3/Ubash3b/Cacna1d/Plcl2/Atp1b1/Calb1/Drd2/Enpp1/Camk2d/Tgfb2/Cdh23/Slc8a1/Erc1/Ank2/Slc24a4/Cacnb2/Vps54/Adcy8/Prkce/Grin2b/Chd7/Rap1gds1/Gpr12/Ryr2/Cnr1/Cib2/Atf4/Ccdc47/Xk/Tnfsf11/Grik2/Gsto1/Htr2c/Edn3/Grm1/Plcd1/Anxa6/Anxa7/Atp2b2/Nptn/Slc10a7/Trpc5/Kctd17/Plcl1/Sgcd/Itpr1/Pdpk1/Jph3/Bak1/Abl1/Atp13a2/Nt5e/Wnt5a/Cemip/Drd1/Tmem64/Vapb/Tmbim6"
"GO:1903532","GO:1903532","positive regulation of secretion by cell",195,0.313743474740624,1.45300125267213,0.00880005759470228,0.0958989882963663,0.0823059743973881,2034,"tags=35%, list=25%, signal=27%","Pex5l/Plcb1/Frmd4a/Cacna1b/Chrm3/Syt1/Nlgn1/Egfr/Abcg1/Cacna1c/Smpd3/Cacna1i/Cadps/Syt10/Cask/Capn10/Cacna1d/Sox11/Arhgef7/Arf6/Gpr158/Ep300/Vegfc/Rapgef4/Drd2/Apbb3/Syt9/Cacna1g/Tgfb2/Bmp2/Gab2/Adcy8/Prkce/Grin2b/Abcc8/Irs1/Cckbr/Igf1/Rab15/Acsl4/Stxbp1/Scamp5/Tnfsf11/Rab34/Htr2c/Kif5b/Edn3/Pck2/Rab27a/Plcd1/Anxa7/Vps4a/Sybu/Cacna1h/Atg7/Prkn/Kcnb1/Lepr/Itpr1/Rab3gap1/Adam9/Atp13a2/Ptbp1/Myh10/Avpr1a/Pink1/Stxbp5/Pla2g4a/Grk2"
"GO:0006814","GO:0006814","sodium ion transport",106,0.356098395181289,1.51932318978501,0.00885028796009779,0.0959523341775867,0.0823517588713636,1526,"tags=32%, list=19%, signal=26%","Plcb1/Nkain2/Asic2/Kcnq2/Nkain3/Fgf14/Slc9a9/Dmd/Slc8a3/Ank3/Fgf12/Fgf13/Atp1b1/Scn10a/Slc20a2/Drd2/Camk2d/Wnk2/Slc8a1/Slc24a4/Serpine2/Cntn1/Nalcn/Slc5a1/Scn2b/Scn8a/Slc6a1/Agrn/Slc23a2/Slc6a6/Slc6a9/Gpd1l/Kcnk9/Slc10a7"
"GO:0032386","GO:0032386","regulation of intracellular transport",177,-0.282264302116512,-1.39278495643609,0.00914790857586569,0.0980818100936568,0.084179396402703,1654,"tags=30%, list=21%, signal=24%","Kif3a/Xpo4/Pik3r2/Nf2/Rab11a/Ppp1cc/Dync1h1/Ndrg4/Gcc2/Mlc1/Sorl1/Stx18/Psen1/Ufm1/Use1/Nsun2/Rbm22/Snx3/Nup54/Actn2/Ppm1a/Nolc1/Lamp1/Iws1/Xbp1/Prpf4b/Pgap1/Mapt/Inpp4b/Tm9sf4/Pdcd5/Ergic3/Ywhae/Nf1/Oaz2/Rab21/Nus1/Msn/Arf1/Rint1/Prr5l/Ptpn11/Vps11/Ran/Nutf2/Map2k1/Supt6/Vps35/Arhgap44/Pkia/Scp2/Eif3e/Park7"
"GO:0030072","GO:0030072","peptide hormone secretion",172,0.318817729988757,1.46638995255819,0.00955299675138961,0.101200869967908,0.0868563512560817,1743,"tags=33%, list=22%, signal=26%","Pex5l/Kcnj6/Plcb1/Pclo/Chrm3/Mtnr1b/Egfr/Abcg1/Cacna1c/Ppp3ca/Smpd3/Kalrn/Cask/Capn10/Cacna1d/Acvr2b/Arhgef7/Cacna1e/Rapgef4/Epha5/Drd2/Rims2/Syt9/Adcy5/Adcy8/Aqp1/Prkce/Chd7/Abcc8/Irs1/Sidt2/Cnr1/Cckbr/Madd/Acsl4/Ptprn/Tnfsf11/Brsk2/Foxo1/Htr2c/Kif5b/Edn3/Clock/Pck2/Klf7/Stxbp5l/Anxa7/G6pc2/Sybu/Slc16a10/Cyb5r4/Atg7/Slc16a2/Prkn/Kcnb1/Lepr/Itpr1"
"GO:0043627","GO:0043627","response to estrogen",26,0.522870097805415,1.65760476878376,0.0098577705712339,0.104015126781393,0.0892717067603805,888,"tags=42%, list=11%, signal=38%","Tbl1x/Igfbp2/Trim25/Sts/Bcas3/Ep300/Tgfb2/Gstm5/Gba1/Kcnma1/Aqp1"
"GO:0048265","GO:0048265","response to pain",22,0.551522336650981,1.68637875201376,0.0102830714794529,0.104761253118258,0.0899120748838633,1042,"tags=41%, list=13%, signal=36%","Ret/Cntnap2/Cacna1b/Grik1/Gria1/Scn10a/Cacna1e/Grin2b/Capn2"
"GO:0051592","GO:0051592","response to calcium ion",87,0.38600040766849,1.59041554483144,0.0100837092579452,0.104761253118258,0.0899120748838633,1088,"tags=28%, list=14%, signal=24%","Syt1/Kcnh1/Nlgn1/Kcnq2/Egfr/Cacng2/Micu2/Ppp3ca/Adcy1/Kcnq3/Pcdh15/Nrxn1/Cpne8/Ep300/mt-Cytb/Nfatc3/Cpne4/Penk/Vps54/Kcnma1/Adcy8/Pef1/Ryr2/Smpd1"
"GO:0014902","GO:0014902","myotube differentiation",55,0.418618525000768,1.56455892909269,0.0101853242661183,0.104761253118258,0.0899120748838633,1120,"tags=31%, list=14%, signal=27%","Cntnap2/Adgrb3/Bcl2/Large1/Klf5/Ppp3ca/Smyd3/Adgrb1/Dmd/Ptgfrn/Nfatc3/Hdac9/Hdac4/Fkrp/Capn2/Rbm38/Igf1"
"GO:0141091","GO:0141091","transforming growth factor beta receptor superfamily signaling pathway",165,0.323363932134497,1.47026276695836,0.0105611027236968,0.106775559476463,0.0916408673403029,1577,"tags=32%, list=20%, signal=26%","Magi2/Fstl5/Tgfbr3/Ext1/Sulf1/Hipk2/Tnrc6c/Sap130/Smpd3/Zmiz1/Hivep1/Ube2o/Sox11/Ltbp1/Crebbp/Acvr2b/Ep300/Spred2/Rnf111/Bmpr2/Appl2/Fstl1/Pals1/Nlk/Nkx2-1/Tgfb2/Chst11/Bmp2/Parp1/Ptk2/Htra1/Arid4b/Elapor2/Smurf2/Fzd1/Lrp2/Vwc2/Tgfbr1/Trim33/Notch2/Itgb8/Smurf1/Ilk/Fut8/Zfyve9/Fermt1/Acvr1/Bmpr1b/Adam17/Bmpr1a/Spred1/Gpr155/Ldlrad4"
"GO:1902808","GO:1902808","positive regulation of cell cycle G1/S phase transition",33,0.471285139088872,1.56466958266462,0.0108382296677926,0.108158100308794,0.0928274426355236,1602,"tags=33%, list=20%, signal=27%","Plcb1/Egfr/Ccnd2/Tfdp1/Crebbp/Ankrd17/Cdc73/Kmt2e/Adam17/Cpsf3/Adamts1"
"GO:0009581","GO:0009581","detection of external stimulus",57,0.412014408270186,1.55670955344353,0.0108605538858397,0.108158100308794,0.0928274426355236,1120,"tags=32%, list=14%, signal=27%","Pjvk/Asic2/Kcnk2/Fyn/Pcdh15/Mmp24/Ano3/Whrn/Scn10a/Piezo2/Ccdc66/Grm8/Slc24a4/Sox2/Serpine2/Grin2b/Cep250/Igf1"
"GO:0009582","GO:0009582","detection of abiotic stimulus",57,0.412014408270186,1.55670955344353,0.0108605538858397,0.108158100308794,0.0928274426355236,1120,"tags=32%, list=14%, signal=27%","Pjvk/Asic2/Kcnk2/Fyn/Pcdh15/Mmp24/Ano3/Whrn/Scn10a/Piezo2/Ccdc66/Grm8/Slc24a4/Sox2/Serpine2/Grin2b/Cep250/Igf1"
"GO:0008637","GO:0008637","apoptotic mitochondrial changes",62,-0.371496484551012,-1.532596753729,0.011210308225567,0.110400776191788,0.0947522348266249,619,"tags=29%, list=8%, signal=27%","Dnm1l/Ndufs1/Fam162a/Siva1/Pdcd5/Mcl1/Higd1a/Parl/Vps35/Tmem14a/Fmc1/Cck/Ppif/Sod2/Bok/Vdac2/Hgf/Bnip3"
"GO:0048639","GO:0048639","positive regulation of developmental growth",107,0.355583367129752,1.5194212512435,0.0113476660691211,0.110931779697768,0.0952079722827189,1573,"tags=31%, list=20%, signal=25%","Plcb1/Cdh4/Tgfbr3/Bcl2/Cdkl5/Syt1/Erbb4/Bcl11a/Cacna2d2/Ccnd2/Golga4/Ntrk3/Dbn1/Ep300/Igf1r/Bmpr2/Drd2/Rims2/Ist1/Adnp/Chd7/Pou3f2/Map3k13/Igf1/Agrn/Slc23a2/Smurf1/Ilk/Celf1/Ybx3/Afdn/Bmpr1a/Trpc5"
"GO:1901655","GO:1901655","cellular response to ketone",55,0.412821784616878,1.54289399697524,0.0119789443974461,0.115984924962705,0.0995448693886282,904,"tags=29%, list=11%, signal=26%","Nr3c2/Grip1/Adcy2/Egfr/Smyd3/Adcy1/Gas6/Axin2/Foxo3/Akap8/Epha5/Adcy5/Vps54/Adcy8/Aqp1/Prkce"
"GO:0003018","GO:0003018","vascular process in circulatory system",114,0.347870539559547,1.50164882837991,0.0120013292187188,0.115984924962705,0.0995448693886282,1349,"tags=28%, list=17%, signal=24%","Tgfbr3/Add3/Ext1/Chrm3/Mtnr1b/Asic2/Egfr/Cacna1c/Smpd3/Tjp1/Adra2c/Bmpr2/Nts/Ptprm/Rbfox2/Cacna1g/Slc27a1/Grip2/Slc8a1/Htr1d/Kcnma1/Ptk2/Slit2/Rap1gds1/Abcc8/Slc5a1/Pde3a/C2cd4b/Adra2b/Scpep1/Htr2c/Edn3"
"GO:0006839","GO:0006839","mitochondrial transport",107,-0.317558885854163,-1.46096148493745,0.0122043583970927,0.116554913799065,0.100034066275954,2542,"tags=43%, list=32%, signal=30%","Aifm1/Tomm20/Sfxn1/Chchd10/Slc25a29/Opa1/Psen2/Slc9a1/Hif1a/Ghitm/Tomm7/Stat3/Mrs2/Romo1/Mcu/Chchd4/Pnpt1/Abcb7/Hspa9/Slc41a3/Tomm70a/Timm23/Psen1/Mpc1/Dynlt1c/Letm1/Slc25a3/Mrpl18/Pam16/Siva1/Mtch1/Pdcd5/Flvcr1/Maip1/Tmem14c/Vps35/Tmem14a/Ppif/Samm50/Tomm22/Bok/Hspa4/Vdac2/Mpc2/Slc25a36/Bnip3"
"GO:2000628","GO:2000628","regulation of miRNA metabolic process",50,0.426617910992803,1.57874083758299,0.0127696182944296,0.119140702257618,0.102253337223933,1236,"tags=34%, list=15%, signal=29%","Ncor2/Egfr/Klf5/Srebf2/Rc3h1/Foxo3/Ep300/Nfatc3/Tead1/Tgfb2/Nfkb1/Bmp2/Hdac4/Qki/Mrtfa/Tgfbr1/Notch2"
"GO:0098813","GO:0098813","nuclear chromosome segregation",158,-0.290732187794265,-1.41978083071264,0.0127937734333159,0.119140702257618,0.102253337223933,2244,"tags=37%, list=28%, signal=27%","Rec8/Spc25/Chmp7/Phf13/Mei4/Pcid2/Chmp2a/Ska2/Chmp1b2/Zfp207/Ndc1/Sun1/Rcc2/Ddb1/Ccsap/Mlh1/Cdc27/Rb1/Smarcb1/Cdc16/Spice1/Bub3/Rab11a/Smarcd2/Dync1h1/Anapc7/Chmp4b/Tex11/Cdk5rap2/Mlh3/Usp44/Dync1li1/Anapc5/Smarcd1/Psmg2/Mre11a/Aspm/Prpf4b/Nsmce2/Mzt1/Drg1/Gen1/Kif3b/Lcmt1/Trip13/Ccne1/Cep63/Chek2/Ran/Cltc/Dcaf13/Anapc4/Ube2b/BC005624/Chmp2b/Smarcc2/Smarca5/Abraxas1"
"GO:0032941","GO:0032941","secretion by tissue",24,0.531394535383386,1.65279846077654,0.0128907778770875,0.119430586673086,0.102502132541814,1114,"tags=42%, list=14%, signal=36%","Chrm3/Negr1/Egfr/Ppp3ca/Htr4/Enpp1/Kcnma1/Aqp1/Prkce/Madd"
"GO:0044042","GO:0044042","glucan metabolic process",49,-0.391070630852342,-1.52329405103474,0.0131409899368428,0.120906201529637,0.103768589266346,1659,"tags=37%, list=21%, signal=29%","Hmgb1/Gyg1/Npc1/Ppp1cc/Ppp1r2/Insr/Wdr45b/Comt/Ugp2/Gfpt1/Rubcnl/Gabarapl1/Pgm2/Prkag2/Wipi1/Pgm1/Inpp5k/Slc37a4"
"GO:0008038","GO:0008038","neuron recognition",34,0.480202969236031,1.6090511333022,0.0134284675357863,0.12221606631928,0.104892789841927,1525,"tags=47%, list=19%, signal=38%","Dscaml1/Cntn5/Cntnap2/Ext1/Robo1/Epha3/Ncam2/Robo2/Ephb3/Cntn6/Nrcam/Cnr1/Ptprz1/Gap43/Cntn2/Nptn"
"GO:0061008","GO:0061008","hepaticobiliary system development",86,-0.337257476469364,-1.48666603617119,0.0136970243562036,0.12221606631928,0.104892789841927,2027,"tags=41%, list=25%, signal=31%","Lims2/Jun/Tyms/Pnpt1/Atf7/Ezh1/Smarcb1/Jarid2/Fgf18/Npc1/Il18/Ldha/Pkd2/Errfi1/Fgf1/Ccnd1/Pcna/Dut/Xbp1/Cflar/Rcbtb2/Cited2/Nf1/Sulf2/Pik3ca/Ptn/Sox9/Taf10/Cebpg/Asns/Mks1/Sod2/Pkm/Cpt1a/Hgf"
"GO:0032147","GO:0032147","activation of protein kinase activity",36,0.465513884854114,1.58539714132305,0.0139510790518256,0.123242256474433,0.105773524687385,1236,"tags=39%, list=15%, signal=33%","Prkcd/Emp2/Gas6/Ntrk3/Adra2c/Tgfb2/Adcy8/Stradb/Zfp91/Prnp/Igf1/Ccdc88a/Adra2b/Notch2"
"GO:0008340","GO:0008340","determination of adult lifespan",25,0.515825632534962,1.62111951627008,0.0140008155190335,0.123272081010298,0.105799121802944,1178,"tags=36%, list=15%, signal=31%","Kcnq2/Large1/Dmd/Tmem135/Enpp1/Gba1/Hdac9/Atn1/Lipa"
"GO:0060760","GO:0060760","positive regulation of response to cytokine stimulus",20,0.563950826783749,1.67089227122838,0.0142168059326778,0.123994137485538,0.106418831800101,1988,"tags=55%, list=25%, signal=41%","Parp14/Lsm14a/Gas6/Ube2k/Irf7/Ifih1/Ripk1/Adam17/Prkn/C1qtnf4/Wnt5a"
"GO:0030336","GO:0030336","negative regulation of cell migration",161,0.310313511909287,1.40714932665149,0.0142321203048584,0.123994137485538,0.106418831800101,1577,"tags=26%, list=20%, signal=21%","Tafa5/Plcb1/Angpt2/Dlc1/Magi2/Tgfbr3/Bcl2/Robo1/Ptprr/Sulf1/Sap130/Igfbp3/Nr2f2/Adgrb1/Nrg3/Dab2ip/Ptprt/Foxo3/Drd2/Ptprm/Stard13/Nkx2-1/Srgap2/Meox2/Ptk2/Slit2/Abcc8/Arid4b/Ppargc1a/Krit1/Srgap3/Tgfbr1/Ilk/Gna13/Nav3/Pdcd10/Map2k5/Afdn/Bmpr1a/Spred1/Dach1/Ldlrad4"
"GO:0044282","GO:0044282","small molecule catabolic process",162,-0.280889795839541,-1.37354352778999,0.0143064090743633,0.123994137485538,0.106418831800101,1974,"tags=33%, list=25%, signal=26%","Galk1/Abat/Oaz1/Aldh2/Abcd2/Gpi1/Hacl1/Etfdh/Slc27a4/Arg2/Glud1/Cyp46a1/Pon1/Aadat/Hk1/Ldha/Npl/Dbt/Mccc1/Pfkp/Got2/Pex5/Pex13/Oat/Gapdh/Aldh6a1/Abhd3/Nos1/Abcb11/Asrgl1/Hadha/Glo1/Acadl/Echdc1/Nudt3/Aldh5a1/Dld/Phyh/Eno1/Gnpda2/Dlst/Got1/Dbi/Upp1/Pgm1/Tdo2/Slc25a17/Pdxp/Eci3/Crat/Pkm/Scp2/Park7/Cpt1a"
"GO:0001836","GO:0001836","release of cytochrome c from mitochondria",34,-0.441616280963392,-1.57262440663039,0.0146097051900447,0.125313568065577,0.107551242281891,849,"tags=29%, list=11%, signal=26%","Pdcd5/Mcl1/Higd1a/Parl/Cck/Ppif/Sod2/Bok/Hgf/Bnip3"
"GO:0042220","GO:0042220","response to cocaine",33,0.459831142171315,1.52664224190975,0.0149334543139839,0.127269407118215,0.109229854766252,1109,"tags=39%, list=14%, signal=34%","Fkbp5/Adgrl3/Cacng4/Ppp1r1b/Crebbp/Gria1/Tacr3/Drd2/Parp1/Gad2/Cnr1/Smpd1/Elavl4"
"GO:0017156","GO:0017156","calcium-ion regulated exocytosis",48,0.412426293606269,1.52160076758102,0.015472296463572,0.130605829513136,0.112093362516371,1881,"tags=40%, list=24%, signal=30%","Syt1/Cacna1c/Cacna1i/Cadps/Syt10/Rapgef4/Rims2/Syt9/Cacna1g/Unc13c/Stxbp1/Scamp5/Cacna1h/Rims1/Kcnb1/Cbarp/Rab3gap1/Vamp2/Syt17"
"GO:0098739","GO:0098739","import across plasma membrane",92,0.35793648570095,1.49961494532669,0.0158170474615675,0.132673593691823,0.113868035519436,1623,"tags=32%, list=20%, signal=25%","Kcnj6/Prkcd/Cacna1b/Kcne2/Cacna1c/Slc9a9/Ppp3ca/Fyn/Slc8a3/Ank3/Cacna1d/Atp1b1/Cacna1e/Wnk2/Slc27a1/Slc8a1/Slc24a4/Kcnd3/Slc5a1/Lrp2/Prnp/Nalf1/Slc6a1/Slc6a6/Grm1/Slc6a9/Kcnk9/Slc16a2/Slc43a2"
"GO:0002791","GO:0002791","regulation of peptide secretion",146,0.319661519968561,1.4353192358079,0.0160211682067589,0.133543217121542,0.114614395882703,1743,"tags=32%, list=22%, signal=26%","Pex5l/Kcnj6/Plcb1/Chrm3/Mtnr1b/Egfr/Abcg1/Cacna1c/Ppp3ca/Kalrn/Cask/Capn10/Cacna1d/Arhgef7/Cacna1e/Rapgef4/Epha5/Drd2/Syt9/Adcy5/Adcy8/Prkce/Chd7/Abcc8/Irs1/Sidt2/Cnr1/Cckbr/Madd/Acsl4/Tnfsf11/Brsk2/Foxo1/Htr2c/Kif5b/Clock/Pck2/Klf7/Stxbp5l/Anxa7/G6pc2/Sybu/Atg7/Prkn/Kcnb1/Lepr/Itpr1"
"GO:1900087","GO:1900087","positive regulation of G1/S transition of mitotic cell cycle",27,0.507215008949434,1.63410547155241,0.0172316300961035,0.141744252727726,0.121652991791022,1602,"tags=37%, list=20%, signal=30%","Plcb1/Egfr/Ccnd2/Tfdp1/Crebbp/Ankrd17/Kmt2e/Adam17/Cpsf3/Adamts1"
"GO:0050680","GO:0050680","negative regulation of epithelial cell proliferation",69,0.382722658338449,1.51001870429636,0.018047510505567,0.146753304080436,0.125952044989761,1516,"tags=32%, list=19%, signal=26%","Tgfbr3/Robo1/Sulf1/Rap1gap/Nr2f2/Cask/Dab2ip/Drd2/Ptprm/Cdk6/Tgfb2/Sox2/Wdr77/Mtss1/Krit1/Tgfbr1/B2m/Cdc73/Celf1/Pdcd10/Cdkn1b/Efnb2"
"GO:0010632","GO:0010632","regulation of epithelial cell migration",49,0.405836292744822,1.49539431527517,0.0181850747361783,0.146930797513758,0.126104379964698,991,"tags=31%, list=12%, signal=27%","Tgfbr3/Ptprr/Plcg1/Iqsec1/Dab2ip/Epb41l4b/Arf6/Bmpr2/Tgfb2/Ctsh/Gab2/Aqp1/Ptk2/Prkce/Irs1"
"GO:0002062","GO:0002062","chondrocyte differentiation",60,0.396646339771699,1.51318560853884,0.0187656640377954,0.149394912205084,0.128219223554808,1511,"tags=33%, list=19%, signal=27%","Thrb/Maf/Mkx/Ext1/Sulf1/Sox6/Mef2d/Smpd3/Pth1r/Axin2/Bmpr2/Creb3l2/Chst11/Bmp2/Rarb/Tgfbr1/Chsy1/Zbtb16/Bmpr1b/Bmpr1a"
"GO:0042157","GO:0042157","lipoprotein metabolic process",51,-0.369120820572996,-1.45079100968008,0.0188330864472885,0.149484110039821,0.128295778217507,1955,"tags=37%, list=24%, signal=28%","Zdhhc17/Lypla1/Zdhhc15/Atg13/Atg5/Ppm1b/Zdhhc7/Nmt2/Zdhhc22/Wdr45b/Ppm1a/Ctsd/Abhd12/Itgav/Wipi1/Nmt1/Dbi/Ppt1/Glul"
"GO:0045143","GO:0045143","homologous chromosome segregation",23,-0.484911623457267,-1.54404410757917,0.0191241513870471,0.150072478916616,0.128800749902505,2244,"tags=57%, list=28%, signal=41%","Rec8/Mei4/Ndc1/Sun1/Mlh1/Tex11/Mlh3/Mre11a/Trip13/Ccne1/Cep63/Ube2b/BC005624"
"GO:0009150","GO:0009150","purine ribonucleotide metabolic process",194,-0.265049268869732,-1.32184165542122,0.0190547442428206,0.150072478916616,0.128800749902505,1418,"tags=26%, list=18%, signal=22%","Dnm1l/Adpgk/Psen1/Atp6v1b2/Pfkp/Gmps/Tspo/Nudt9/Ndufs1/Prkaa2/Atp5mc3/Insr/Ndufa5/Ndufb3/Atp5pd/Ndufb5/Gapdh/Ndufa12/Hprt1/Atp5f1c/Ndufa8/Pgam1/Nudt4/Ndufs8/Ampd3/Ndufa2/Sdhd/Nudt3/Ppp2ca/Mthfd1/Prkag2/Eno1/Ndufb9/Sdhb/Ran/Ddit4/Atp5mf/Ndufv3/Map2k1/Slc25a13/mt-Nd6/Atic/Ndufs6/Ndufb2/Pkm/Eif6/Ogt/Atp6v1a/Tmsb4x/Pid1"
"GO:0098586","GO:0098586","cellular response to virus",23,0.512994345473587,1.58911915292698,0.0199031507350842,0.153844412222642,0.132038037924304,1204,"tags=43%, list=15%, signal=37%","Ext1/Crebbp/Ifih1/Nfkb1/Penk/Gsdme/Fmr1/Gbf1/Chuk/Rrp1b"
"GO:0060074","GO:0060074","synapse maturation",35,0.457840646541589,1.53924512321592,0.0198486626300488,0.153844412222642,0.132038037924304,443,"tags=23%, list=6%, signal=22%","Adgrb3/Nlgn1/Dlgap4/Erbb4/Dab1/Nrxn1/Dab2ip/Robo2"
"GO:1905476","GO:1905476","negative regulation of protein localization to membrane",25,-0.466560838115338,-1.51204875507789,0.0201852351694741,0.155315040687977,0.133300215043857,1956,"tags=40%, list=24%, signal=30%","Ppp2r5a/Lypla1/Mrap2/Tmed2/Dmtn/Ap2m1/Cltc/Ogt/Inpp5k/Pid1"
"GO:0006112","GO:0006112","energy reserve metabolic process",51,-0.366426280701992,-1.44020040085447,0.020241128111727,0.155315040687977,0.133300215043857,1766,"tags=35%, list=22%, signal=28%","Mrap2/Hmgb1/Gyg1/Ppp1cc/Ppp1r2/Insr/Wdr45b/Comt/Ugp2/Gfpt1/Rubcnl/Gabarapl1/Pgm2/Prkag2/Wipi1/Pgm1/Inpp5k/Slc37a4"
"GO:0001503","GO:0001503","ossification",200,0.293339161391712,1.36417676408414,0.0202686420153171,0.155315040687977,0.133300215043857,1656,"tags=30%, list=21%, signal=24%","Smoc1/Ank/Thrb/Tgfbr3/Bcl2/Mkx/Ext1/Igfbp2/Mef2d/Ppp3ca/Nell1/Igfbp3/Smpd3/Pth1r/Asxl2/Axin2/Sox11/Fbxo5/Acvr2b/Vegfc/Bmpr2/Lgr4/Slc20a2/Enpp1/Cdk6/Slc8a1/Atraid/Bmp2/Gfra4/Penk/Sox2/Hdac4/Ptk2/Mn1/Pex7/Fkrp/Panx3/Fzd1/Tob2/Sp3/Mtss1/Igf1/Atf4/Chsy1/Tapt1/Smurf1/Tnfsf11/Ilk/Hira/Zbtb16/Acvr1/Bmpr1b/Bmpr1a/Dhrs3/Bcor/Sik3/Igfbp5/Rsad2/Mmp16/Cebpa"
"GO:0099072","GO:0099072","regulation of postsynaptic membrane neurotransmitter receptor levels",118,0.338602403389736,1.46661104841161,0.0206803094296415,0.157561440611509,0.135228203418678,1354,"tags=31%, list=17%, signal=26%","Gpc6/Grid1/Magi2/Nrxn3/Cntnap2/Grip1/Shisa6/Mapk10/Cacng3/Dlg2/Cacng4/Erbb4/Cacng2/Nbea/Cacna2d2/Kalrn/Iqsec1/Sirt2/Grid2/Rapgef4/Cnih3/Lhfpl4/Hip1/Grip2/Tspan7/Flot2/Vwc2/Rnf216/Sst/Rapsn/Gphn/Dnm3/Ctnnd2/Rabep1/Als2/Eps8/Neto2"
"GO:0071709","GO:0071709","membrane assembly",36,0.446740144338392,1.52145955425217,0.0216571978613465,0.163424805030594,0.140260476754747,485,"tags=25%, list=6%, signal=24%","Magi2/Nlgn1/Cdh2/Emp2/Nrxn1/Il1rapl1/Nlgn4l/Ank3/Mafb"
"GO:0071277","GO:0071277","cellular response to calcium ion",51,0.403618413968108,1.49810592204276,0.0216502833100097,0.163424805030594,0.140260476754747,867,"tags=24%, list=11%, signal=21%","Syt1/Kcnh1/Nlgn1/Kcnq2/Micu2/Adcy1/Kcnq3/Nrxn1/Cpne8/Nfatc3/Cpne4/Adcy8"
"GO:0010717","GO:0010717","regulation of epithelial to mesenchymal transition",52,0.400797439878757,1.48972566340806,0.0221688468449032,0.165581358878084,0.142111354109256,1577,"tags=31%, list=20%, signal=25%","Tgfbr3/Epha3/Emp2/Dab2ip/Pofut2/Axin2/Spred2/Nkx2-1/Tgfb2/Bmp2/Ptk2/Qki/Tgfbr1/Acvr1/Spred1/Ldlrad4"
"GO:0006874","GO:0006874","intracellular calcium ion homeostasis",166,0.308034544035589,1.40558204340257,0.0221265749181468,0.165581358878084,0.142111354109256,1526,"tags=30%, list=19%, signal=25%","Plcb1/Tmtc4/Bcl2/Calcb/Kcnh1/Rimbp2/Micu2/Cacna1c/Erc2/Pth1r/Plcg1/Dmd/Slc8a3/Ubash3b/Cacna1d/Plcl2/Atp1b1/Calb1/Drd2/Camk2d/Tgfb2/Cdh23/Slc8a1/Erc1/Ank2/Slc24a4/Cacnb2/Vps54/Adcy8/Prkce/Grin2b/Chd7/Rap1gds1/Gpr12/Ryr2/Cnr1/Atf4/Ccdc47/Xk/Grik2/Gsto1/Htr2c/Edn3/Grm1/Plcd1/Anxa6/Anxa7/Atp2b2/Nptn/Slc10a7"
"GO:0035265","GO:0035265","organ growth",109,0.333567934702297,1.43009960632821,0.0225710608604921,0.167643717396783,0.143881387667001,1190,"tags=23%, list=15%, signal=20%","Tgfbr3/Tenm4/Bcl2/Ext1/Kcnk2/Erbb4/Cacna1c/Cacna2d2/Smpd3/Ccnd2/Sorbs2/Nlgn4l/Acvr2b/Vgll4/Ep300/Enpp1/Camk2d/Map7/Tgfb2/Ptk2/Rarb/Map2k4/Igf1/Ctdp1/Tgfbr1"
"GO:0044091","GO:0044091","membrane biogenesis",40,0.439458244026295,1.54222218287145,0.02343405578218,0.171184489903342,0.146920280323211,642,"tags=25%, list=8%, signal=23%","Magi2/Nlgn1/Cdh2/Emp2/Nrxn1/Il1rapl1/Nlgn4l/Ank3/Mafb/Exoc4"
"GO:0032411","GO:0032411","positive regulation of transporter activity",48,0.399633302080093,1.4744024535364,0.0234001001134992,0.171184489903342,0.146920280323211,847,"tags=23%, list=11%, signal=21%","Plcb1/Prkcd/Fgf14/Dmd/Ank3/Fgf13/Atp1b1/Akap7/Wnk2/Ank2/Cacnb2"
"GO:0007269","GO:0007269","neurotransmitter secretion",111,0.333724450492083,1.44115232684945,0.0254075349208902,0.181335110098938,0.155632120779279,1015,"tags=23%, list=13%, signal=21%","Pclo/Nrxn3/Cacna1b/Syt1/Ppfia2/Kcnh1/Nlgn1/Rimbp2/Erc2/Cadps/Nrxn1/Syt10/Cask/Cacna1d/Syn3/Gpr158/Cacna1e/Rims2/Syt9/Erc1/Grm8/Htr1d/Abcc8/Fmr1/Dgki/Unc13c"
"GO:0099643","GO:0099643","signal release from synapse",111,0.333724450492083,1.44115232684945,0.0254075349208902,0.181335110098938,0.155632120779279,1015,"tags=23%, list=13%, signal=21%","Pclo/Nrxn3/Cacna1b/Syt1/Ppfia2/Kcnh1/Nlgn1/Rimbp2/Erc2/Cadps/Nrxn1/Syt10/Cask/Cacna1d/Syn3/Gpr158/Cacna1e/Rims2/Syt9/Erc1/Grm8/Htr1d/Abcc8/Fmr1/Dgki/Unc13c"
"GO:0048146","GO:0048146","positive regulation of fibroblast proliferation",36,0.439749668892617,1.4976521445297,0.0259088687240303,0.1817722478554,0.156007297302313,1139,"tags=31%, list=14%, signal=26%","Pdgfd/Phip/Egfr/Zmiz1/Gas6/Rnaseh2b/Cdk6/Aqp1/Kmt2c/Igf1/Ptprz1"
"GO:0043010","GO:0043010","camera-type eye development",196,0.291746786834927,1.35215670702759,0.0259998788212431,0.181930731014962,0.156143316577438,1236,"tags=23%, list=15%, signal=20%","Ret/B3glct/Thrb/Maf/Bcl11b/Large1/Tenm3/Hipk2/Egfr/Cacna1c/Ush1c/Ntrk3/Pou2f1/Sox11/Nhs/Acvr2b/Lama1/Tub/Spred2/Calb1/Bmpr2/Rpgr/Tmem135/Drd2/Ptprm/Abi2/Tgfb2/Arid1a/Lpcat1/Sdk2/Bbs10/Sox2/Aqp1/Crybg3/Chd7/Fkrp/Bcar3/Kmt2c/Elp6/Sp3/Ninj1/Col4a1/Tgfbr1/Atf4/Fat3/Notch2"
"GO:0032526","GO:0032526","response to retinoic acid",46,0.406926687014011,1.47241506283794,0.0263173594173089,0.18270981381364,0.15681196981373,888,"tags=24%, list=11%, signal=21%","Brinp3/Ret/Igfbp2/Epha3/Drd2/Map7/Tead1/Ncoa1/Ctsh/Sox2/Aqp1"
"GO:0060632","GO:0060632","regulation of microtubule-based movement",25,-0.453642349060927,-1.47018200652885,0.0262915658314901,0.18270981381364,0.15681196981373,1177,"tags=32%, list=15%, signal=27%","Cfap69/Tac1/Lamp1/Mapt/Cfap20/Anxa5/Mkks/Spag6l"
"GO:0006094","GO:0006094","gluconeogenesis",51,-0.359884430846489,-1.4144883401197,0.026225328027405,0.18270981381364,0.15681196981373,2236,"tags=41%, list=28%, signal=30%","Hif1a/Slc35b4/Sik1/Mdh1/Gpi1/Ddb1/Arpp19/Pgp/Xpc/Mdh2/Gapdh/Clk2/Pgam1/Prkag2/Mtcl2/Eno1/Cry1/Got1/Slc25a13/Ogt/Slc37a4"
"GO:0051205","GO:0051205","protein insertion into membrane",25,-0.453336320048211,-1.46919021564137,0.0266308071656212,0.183925496762044,0.15785533816833,2420,"tags=52%, list=30%, signal=36%","Emc8/Nomo1/Tmco1/Caml/Rab5if/Tmem126a/Reep1/Cox18/Sgta/Emc6/Maip1/Get4/Tomm22"
"GO:0034250","GO:0034250","positive regulation of amide metabolic process",22,0.516916474560718,1.58056510377875,0.0270679436431145,0.18454785165908,0.158389478591828,673,"tags=23%, list=8%, signal=21%","Slc2a13/Prkcd/Abcg1/Smpd3/Abca2"
"GO:0046513","GO:0046513","ceramide biosynthetic process",34,0.460372706690344,1.54260442541619,0.0269895584166406,0.18454785165908,0.158389478591828,1088,"tags=32%, list=14%, signal=28%","Prkcd/B3galt1/Smpd3/St8sia6/St6galnac6/Cers6/St6galnac3/Gba1/Smpd4/Sptlc3/Smpd1"
"GO:0045123","GO:0045123","cellular extravasation",24,0.498998434930007,1.55203674532932,0.0275058650599432,0.185159734669339,0.158914631445588,378,"tags=21%, list=5%, signal=20%","Plcb1/Pdgfd/Fut9/Ext1/Pecam1"
"GO:0071300","GO:0071300","cellular response to retinoic acid",26,0.488841161183516,1.54972610473728,0.0273605700608779,0.185159734669339,0.158914631445588,1587,"tags=35%, list=20%, signal=28%","Brinp3/Ret/Epha3/Drd2/Tead1/Aqp1/Phc1/Ptk7/Htra2"
"GO:0005977","GO:0005977","glycogen metabolic process",48,-0.382296188031062,-1.4751097285603,0.0274459835254651,0.185159734669339,0.158914631445588,1659,"tags=35%, list=21%, signal=28%","Hmgb1/Gyg1/Ppp1cc/Ppp1r2/Insr/Wdr45b/Comt/Ugp2/Gfpt1/Rubcnl/Gabarapl1/Pgm2/Prkag2/Wipi1/Pgm1/Inpp5k/Slc37a4"
"GO:0009914","GO:0009914","hormone transport",199,0.285187871078699,1.32483218911829,0.0272743328297395,0.185159734669339,0.158914631445588,1743,"tags=30%, list=22%, signal=24%","Pex5l/Kcnj6/Plcb1/Pclo/Chrm3/Mtnr1b/Egfr/Abcg1/Cacna1c/Ppp3ca/Igfbp3/Smpd3/Kalrn/Cask/Capn10/Cacna1d/Sox11/Acvr2b/Arhgef7/Cacna1e/Rapgef4/Epha5/Drd2/Rims2/Syt9/Adcy5/Adcy8/Aqp1/Prkce/Chd7/Abcc8/Irs1/Sidt2/Cnr1/Cckbr/Madd/Acsl4/Ptprn/Tnfsf11/Brsk2/Foxo1/Htr2c/Kif5b/Edn3/Clock/Pck2/Klf7/Stxbp5l/Anxa7/Kcnk9/G6pc2/Sybu/Slc16a10/Cyb5r4/Atg7/Slc16a2/Prkn/Kcnb1/Lepr/Itpr1"
"GO:0006626","GO:0006626","protein targeting to mitochondrion",49,-0.368353013383733,-1.43480463553404,0.02818433984399,0.188296883530577,0.161607111297991,1998,"tags=37%, list=25%, signal=28%","Ppp2r2b/Romo1/Chchd4/Tomm70a/Timm23/Timm8a1/Fbxo7/Pam16/Mtch1/Pdcd5/Gdap1/Pmpca/Pmpcb/Parl/Samm50/Tomm22/Ywhaz/Hspa4"
"GO:0003158","GO:0003158","endothelium development",62,0.38332464271201,1.47858451377752,0.0289424749754597,0.191915314114083,0.164712654539432,1495,"tags=31%, list=19%, signal=25%","Plcb1/Magi1/Nr2f2/Dmd/Pecam1/Tjp1/Acvr2b/Bmpr2/Fstl1/Stard13/Ptprs/Fzd1/Krit1/Lipa/Tgfbr1/Pbrm1/Pdcd10/Acvr1/Afdn"
"GO:0048771","GO:0048771","tissue remodeling",85,0.353461733005563,1.44542343955832,0.0289319180155714,0.191915314114083,0.164712654539432,1297,"tags=28%, list=16%, signal=24%","Angpt2/Tgfbr3/Ext1/Egfr/Ppp3ca/Pth1r/Ubash3b/Acvr2b/Nfatc3/BC004004/Bmpr2/Lgr4/Enpp1/Ypel4/Tgfb2/Nfkb1/Chd7/Fkrp/Klf6/Igf1/Lipa/Notch2/Pbrm1/Tnfsf11"
"GO:0060412","GO:0060412","ventricular septum morphogenesis",25,0.484267182655784,1.52193867728977,0.0313558041951291,0.204580450484109,0.175582596009401,1553,"tags=48%, list=19%, signal=39%","Tgfbr3/Robo1/Sox11/Robo2/Bmpr2/Tgfb2/Slit2/Fzd1/Tgfbr1/Acvr1/Bmpr1a/Egln1"
"GO:0050878","GO:0050878","regulation of body fluid levels",132,0.316367142075987,1.39666830269727,0.0313910582164409,0.204580450484109,0.175582596009401,904,"tags=19%, list=11%, signal=17%","Ptpro/Nr3c2/Prkcd/Angpt2/Ext1/Chrm3/Negr1/Erbb4/Egfr/Ppp3ca/Kalrn/Emp2/mt-Co2/Gas6/Ubash3b/Htr4/Adra2c/Pdss2/Drd2/Enpp1/Ncoa1/Kcnma1/Aqp1/Serpine2/Prkce"
"GO:0043648","GO:0043648","dicarboxylic acid metabolic process",58,-0.344565579677066,-1.39384067586692,0.0321637244937668,0.208223281230857,0.178709080860829,2042,"tags=41%, list=26%, signal=31%","Idh1/Mdh1/Adss2/Ogdhl/Glud1/Aadat/Fahd2a/Got2/Oat/Cs/Sucla2/Mdh2/Dglucy/Aldh5a1/Mthfd1/Suclg2/Dld/Phyh/Dlst/Sdhb/Got1/Nit2/Atic/Glul"
"GO:0030278","GO:0030278","regulation of ossification",67,0.37291118414517,1.45629152408415,0.0324728598629061,0.209068606235998,0.179434586932026,1647,"tags=37%, list=21%, signal=30%","Ank/Thrb/Bcl2/Mkx/Nell1/Asxl2/Sox11/Acvr2b/Bmpr2/Slc20a2/Enpp1/Slc8a1/Atraid/Bmp2/Gfra4/Tob2/Chsy1/Smurf1/Zbtb16/Acvr1/Bmpr1b/Bmpr1a/Dhrs3/Bcor/Rsad2"
"GO:0010324","GO:0010324","membrane invagination",25,0.48091297892514,1.51139719818069,0.0334997402752301,0.212085260456754,0.182023651420298,1340,"tags=36%, list=17%, signal=30%","Xkr4/Xkr6/Adgrb1/Elmo1/Appl2/Arhgap12/Smurf1/Spire2/Spire1"
"GO:0051881","GO:0051881","regulation of mitochondrial membrane potential",52,-0.363187568790401,-1.43983986595073,0.0336176035875094,0.21232590959427,0.182230190218078,954,"tags=29%, list=12%, signal=26%","Mapt/Sod1/Spart/Prdx3/Got1/Ppp2r3c/Cck/Ppif/Ndufs6/Sod2/Bok/Park7/Slc25a36/Bnip3/Pid1"
"GO:1905897","GO:1905897","regulation of response to endoplasmic reticulum stress",53,-0.36907928120661,-1.47139658286107,0.034130230026533,0.214269485120219,0.183898277445274,2619,"tags=47%, list=33%, signal=32%","Herpud1/Manf/Wfs1/Atf6/Serinc3/Opa1/Nr1h3/Tmem67/Usp14/Hspa5/Ern1/Rnft1/Ufl1/Cops5/Usp19/Pdia6/Sgta/Stub1/Xbp1/Atxn3/Txndc12/Bfar/Mbtps2/Bok/Park7"
"GO:0050727","GO:0050727","regulation of inflammatory response",124,-0.280008467793504,-1.31290814397139,0.0341670784847585,0.214269485120219,0.183898277445274,834,"tags=16%, list=10%, signal=15%","Sod1/Casp3/Abcc1/Mkrn2/Ccn4/Pdcd4/Abhd12/Rabgef1/Cyld/Fbxl2/Snx4/Vps35/Kars1/Psma1/Hspa4/Park7/Fxr1/Hgf/Il17ra/Tmsb4x"
"GO:1902893","GO:1902893","regulation of miRNA transcription",39,0.428682961015308,1.50235007043761,0.0353288058018955,0.218850136896554,0.187829653724879,1566,"tags=38%, list=20%, signal=31%","Ncor2/Egfr/Klf5/Srebf2/Foxo3/Nfatc3/Tead1/Tgfb2/Bmp2/Hdac4/Mrtfa/Tgfbr1/Notch2/Bmpr1a/Ncor1"
"GO:0033077","GO:0033077","T cell differentiation in thymus",40,0.420317555743732,1.47505039928095,0.0353913346617219,0.218850136896554,0.187829653724879,1860,"tags=38%, list=23%, signal=29%","Bcl2/Bcl11b/Tox/Tcf3/Mafb/Nfatc3/Cdk6/Gba1/B2m/Tmem131l/Adam17/Ncor1/Bmi1/Itpkb/Abl1"
"GO:0032963","GO:0032963","collagen metabolic process",38,0.423770754250977,1.47386705849605,0.03605113988363,0.221385637299243,0.190005764598784,657,"tags=26%, list=8%, signal=24%","Prkcd/Tgfbr3/Mkx/Pepd/Smpd3/Mmp24/Ltbp1/Ep300/BC004004/Tmem131"
"GO:0035051","GO:0035051","cardiocyte differentiation",89,0.340116010531841,1.40615959996942,0.0361717174677272,0.22149857788391,0.190102696641918,2230,"tags=40%, list=28%, signal=30%","Tgfbr3/Tenm4/Sox6/Large1/Egfr/Ccnd2/Sorbs2/Fhod3/Ep300/Camk2d/Myo18b/Tgfb2/Slc8a1/Arid1a/Bmp2/Rarb/Map2k4/Igf1/Ctdp1/Pbrm1/Nebl/Acvr1/Bmpr1a/Efnb2/Atg7/Sgcd/Dhx36/Col14a1/Ctcf/Fdps/Myh10/Mtor/Cavin4/Rgs4/Cxadr/Nr3c1"
"GO:0040013","GO:0040013","negative regulation of locomotion",174,0.297209610385696,1.36643639141272,0.0362361344037235,0.22149857788391,0.190102696641918,964,"tags=18%, list=12%, signal=16%","Tafa5/Plcb1/Angpt2/Dlc1/Magi2/Tgfbr3/Bcl2/Robo1/Ptprr/Sulf1/Sap130/Igfbp3/Nr2f2/Adgrb1/Nrg3/Dab2ip/Ptprt/Dbn1/Robo2/Foxo3/Drd2/Ptprm/Stard13/Nkx2-1/Srgap2/Meox2/Ptk2/Slit2/Abcc8/Arid4b/Ppargc1a"
"GO:0097352","GO:0097352","autophagosome maturation",36,-0.404797641608487,-1.457624168242,0.0373299772755676,0.225534564584448,0.193566610328016,2224,"tags=53%, list=28%, signal=38%","Calm1/Chmp3/Chmp7/Chmp2a/Chmp1b2/Vps33a/Atp2a2/Atg14/Atg5/Chmp4b/Snx14/Calm2/Rubcnl/Gabarapl1/Lamp2/Gabarapl2/Chmp2b/Map1lc3a/Snap29"
"GO:0098754","GO:0098754","detoxification",45,-0.366306136396707,-1.38487511581803,0.0392994245179237,0.234298586980178,0.201088393568229,1396,"tags=36%, list=17%, signal=30%","Gstk1/Trp53inp1/Nfe2l2/Prdx4/Gpx4/Sod1/Abcc1/Cp/Prdx1/Ptgs1/Prdx3/Mgst3/Gpx3/Mt4/Sod2/Park7"
"GO:0001649","GO:0001649","osteoblast differentiation",102,0.321594851391871,1.36859886617898,0.0395569620253165,0.2353064027412,0.201953358461995,1435,"tags=30%, list=18%, signal=25%","Smoc1/Tgfbr3/Igfbp2/Mef2d/Ppp3ca/Nell1/Igfbp3/Pth1r/Axin2/Sox11/Fbxo5/Acvr2b/Vegfc/Bmpr2/Lgr4/Enpp1/Cdk6/Atraid/Bmp2/Penk/Sox2/Hdac4/Ptk2/Panx3/Fzd1/Igf1/Atf4/Ilk/Hira/Acvr1/Bmpr1b"
"GO:0019233","GO:0019233","sensory perception of pain",45,0.401554926882183,1.45723342923189,0.0427350427350427,0.251870543183587,0.216169647323694,2680,"tags=56%, list=34%, signal=37%","Kcnd2/Dlg2/Fyn/Mmp24/Scn10a/Cacna1e/Grm8/Penk/Aqp1/Grin2b/Retreg1/Grm1/Kcnip3/Bace1/Kcna2/Cacnb3/Chrna5/Pawr/Oprk1/Ephb1/Grin1/Adora1/Htr7/Scn1a/Fto"
"GO:0006081","GO:0006081","aldehyde metabolic process",37,-0.397439118875061,-1.4488715777767,0.0430045981968216,0.251870543183587,0.216169647323694,1128,"tags=30%, list=14%, signal=26%","Pdxk/Mdh2/Gapdh/Pgam1/Glo1/Eno1/Taldo1/Pdxp/Sdr16c5/Aldh9a1/Park7"
"GO:0009410","GO:0009410","response to xenobiotic stimulus",185,0.28277334897461,1.30966200388881,0.0428994082840237,0.251870543183587,0.216169647323694,1201,"tags=22%, list=15%, signal=19%","Ret/Kcnc1/Cntnap2/Add3/Bcl2/Kcne2/Igfbp2/Asic2/Kcnq2/Egfr/Adcy1/Kcnq3/Dmd/Gas6/Tjp1/Tcf3/Shank2/Foxo3/Ep300/mt-Cytb/Gria1/Vegfc/Drd2/Ptprm/Gstm5/Hdac4/Usp47/Tent4a/Fkrp/Rora/Gad2/Fzd1/Pde3a/Prnp/Smpd1/Sst/Ptpn5/Lipa/Ppp1r12a/Dpyd"
"GO:0051590","GO:0051590","positive regulation of neurotransmitter transport",20,0.524425123449735,1.55378420244104,0.044404973357016,0.257973442950031,0.221407503539387,1791,"tags=50%, list=22%, signal=39%","Cacna1b/Syt1/Nlgn1/Cacna1d/Gpr158/Drd2/Stxbp1/Htr2c/Prkn/Rab3gap1"
"GO:0009994","GO:0009994","oocyte differentiation",27,0.456194824305052,1.46973264855633,0.0446428571428571,0.257973442950031,0.221407503539387,1267,"tags=37%, list=16%, signal=31%","Plcb1/Bcl2/Sirt2/Fbxo5/Foxo3/Wdr77/Rps6ka2/Pde3a/Igf1/Tut4"
"GO:0034204","GO:0034204","lipid translocation",30,0.446420175618898,1.46551793134475,0.0444839857651246,0.257973442950031,0.221407503539387,1866,"tags=50%, list=23%, signal=38%","Xkr4/Atp9a/Abcg1/Xkr6/Tmem30c/Ano3/Abca2/Ano4/Plscr1/Atp10b/Trpc5/Vmp1/Atp9b/Atg9b/Mfsd2a"
"GO:2001234","GO:2001234","negative regulation of apoptotic signaling pathway",132,-0.272783556724717,-1.29333105773639,0.0448982466410252,0.257973442950031,0.221407503539387,1358,"tags=25%, list=17%, signal=21%","Psen1/Rrn3/Fbxo7/Eya4/Mif/Nfe2l2/Fgf2/Pam16/Rrm2b/Xbp1/Cflar/Itga6/Mcl1/Higd1a/Itgav/Eno1/Gstp3/Txndc12/Raf1/Cep63/Map2k1/Parl/Mdm4/Tmem14a/Ppif/Psme3/Sod2/Bok/Vdac2/Cttn/Park7/Hgf/Nrp1"
"GO:0006692","GO:0006692","prostanoid metabolic process",22,-0.465537800301125,-1.46842209438512,0.0460244710986025,0.259553498331129,0.222763597071273,2087,"tags=45%, list=26%, signal=34%","Daglb/Ptgr2/Ptges2/Mif/Comt/Ptgs1/Pnpla8/Gstp3/Mgst3/Fabp5"
"GO:0061614","GO:0061614","miRNA transcription",41,0.409126442266954,1.44076809112469,0.0462633451957295,0.259553498331129,0.222763597071273,1566,"tags=39%, list=20%, signal=32%","Ncor2/Egfr/Klf5/Ddx17/Srebf2/Foxo3/Nfatc3/Tead1/Tgfb2/Bmp2/Hdac4/Mrtfa/Tgfbr1/Notch2/Bmpr1a/Ncor1"
"GO:0051153","GO:0051153","regulation of striated muscle cell differentiation",39,0.407547972204934,1.42828099185152,0.0459363957597173,0.259553498331129,0.222763597071273,2230,"tags=44%, list=28%, signal=32%","Bcl2/Sox6/Ccnd2/Ep300/Hdac9/Bmp2/Hdac4/Rbm38/Igf1/Ctdp1/Epc1/Efnb2/Fdps/Mtor/Bhlhe41/Rgs4/Nr3c1"
"GO:0050769","GO:0050769","positive regulation of neurogenesis",188,0.283991308188317,1.31527136979205,0.0462686567164179,0.259553498331129,0.222763597071273,1139,"tags=21%, list=14%, signal=19%","Cux2/Cdh4/Chodl/Grip1/Tenm4/Cdkl5/Robo1/Atxn1/Egfr/Bcl11a/Kalrn/Golga4/Cask/Il1rapl1/Ntrk3/Dbn1/Sox11/Robo2/Jade2/Ep300/Slitrk1/Vegfc/Bmpr2/Drd2/Ist1/Bmp2/Sox2/Ptk2/Serpine2/Adnp/Caprin2/Cux1/Grm5/Fmr1/Qki/Map3k13/Lrp2/Parp6/Igf1/Ptprz1"
"GO:1901654","GO:1901654","response to ketone",105,0.323500716076224,1.37777905741494,0.0469384114874936,0.261654583113722,0.224566867714633,1842,"tags=36%, list=23%, signal=28%","Nr3c2/Tgfbr3/Grip1/Cacna1b/Adcy2/Egfr/Smyd3/Adcy1/Plcg1/Gas6/Axin2/Foxo3/Ep300/Akap8/Epha5/Tgfb2/Gba1/Ncoa1/Adcy5/Vps54/Adcy8/Aqp1/Prkce/Glb1/Gad2/Lipa/Trerf1/Foxo1/Pck2/Hnrnpd/Btg2/Por/Rock2/Stk39/Mbp/Bmi1/Slit3/Tnc"
"GO:0072330","GO:0072330","monocarboxylic acid biosynthetic process",84,-0.303063273507649,-1.322568532857,0.0484620345162152,0.265145164153531,0.22756268319505,1957,"tags=36%, list=24%, signal=27%","Nr1h3/Mecr/Mlycd/Acly/Daglb/Hacd2/Abcd2/Cbr4/Ubr4/Insig2/Ndufab1/Ptges2/Ldha/Mcat/Errfi1/Prkaa2/Mif/Abhd3/Pecr/Acadl/Ldhb/Ptgs1/Prkag2/Pnpla8/Gstp3/Fabp5/Fads1/Pkm/Eif6/Park7"
"GO:0019068","GO:0019068","virion assembly",20,-0.483166771542168,-1.4827984568887,0.0489739025455895,0.266741904134926,0.228933096401306,2424,"tags=50%, list=30%, signal=35%","Chmp3/Rab43/Chmp7/Mvb12b/Chmp2a/Chmp1b2/Nedd4/Chmp4b/Rab1a/Chmp2b"
"GO:0045927","GO:0045927","positive regulation of growth",159,0.295262668046338,1.3355411890116,0.0491551459293395,0.266741904134926,0.228933096401306,1573,"tags=28%, list=20%, signal=23%","Plcb1/Cdh4/Tgfbr3/Bcl2/Cdkl5/Syt1/Erbb4/Egfr/Bcl11a/Cacna2d2/Ccnd2/Golga4/Ntrk3/Dbn1/Ep300/Igf1r/Bmpr2/Drd2/Rims2/Tead1/Ist1/Tgfb2/Ptk2/Adnp/Chd7/Usp47/Pou3f2/Map3k13/Ncoa3/Igf1/Acsl4/Tgfbr1/Agrn/Slc23a2/Smurf1/Ilk/Celf1/Ybx3/Map2k5/Adam17/Afdn/Bmpr1a/Derl2/Trpc5"
"GO:0048588","GO:0048588","developmental cell growth",166,0.28925221016411,1.31987700890524,0.0495495495495495,0.268334525972001,0.230299975181527,1349,"tags=22%, list=17%, signal=19%","Cdh4/Epha7/Auts2/Cdkl5/Ext1/Robo1/Syt1/Flrt3/Bcl11a/Fubp1/Golga4/Alcam/Sorbs2/Ntrk3/Dbn1/Fgf13/Clstn3/Jade2/Ep300/Dclk1/Slitrk1/Bmpr2/Camk2d/Rims2/Ist1/Ptprs/Slit2/Adnp/Map3k13/Map2k4/Raph1/Igf1/Ctdp1/Slc23a2/Smurf1/Ilk/Edn3"
"GO:0008037","GO:0008037","cell recognition",63,0.360512376219373,1.39362560881475,0.05,0.270223577235772,0.231921266581087,1408,"tags=30%, list=18%, signal=25%","Dscaml1/Cntn5/Cntnap2/Ext1/Robo1/Epha3/Adgrb1/Ncam2/Robo2/Ephb3/Tub/St6galnac6/Cntn6/Nrcam/Cnr1/Ptprz1/Gap43/Cntn2/Cd47"
"GO:0030225","GO:0030225","macrophage differentiation",29,0.460460634290077,1.50948302375492,0.0505564617247707,0.271575013588213,0.233081146239878,1007,"tags=34%, list=13%, signal=30%","Plcb1/Large1/Gab3/Asxl2/Enpp1/Gba1/Eif2ak1/Vps54/Qki/Ripk1"
"GO:0097061","GO:0097061","dendritic spine organization",85,0.3288486334763,1.34477222994288,0.0526315789473684,0.281018812090467,0.241186352056425,1250,"tags=24%, list=16%, signal=20%","Cux2/Cntnap2/Ppfia2/Nlgn1/Zfp804a/Kalrn/Fyn/Cask/Il1rapl1/Dbn1/Ephb3/Igf1r/Epha5/Abi2/Mtmr2/Grin2b/Caprin2/Prnp/Dnm3/Ctnnd2"
"GO:0048512","GO:0048512","circadian behavior",37,0.422100643333177,1.44490541022244,0.0537634408602151,0.282008090124248,0.242035406816718,2022,"tags=54%, list=25%, signal=41%","Kcnd2/Cntnap2/Mapk10/Mtnr1b/Nlgn1/Ankfn1/Drd2/Parp1/Kcnma1/Per3/Ncor1/Btbd9/2510009E07Rik/Nr1d2/Lepr/Kcna2/Usp2/Npas2/Pmch/Drd1"
"GO:0003351","GO:0003351","epithelial cilium movement involved in extracellular fluid movement",22,-0.455726746664893,-1.43747558924779,0.0535246277181945,0.282008090124248,0.242035406816718,1762,"tags=41%, list=22%, signal=32%","Ttll1/Cfap54/Dpcd/Gas8/Rsph3b/Iqub/Aqp4/Spag6l/Rsph14"
"GO:0006858","GO:0006858","extracellular transport",22,-0.455726746664893,-1.43747558924779,0.0535246277181945,0.282008090124248,0.242035406816718,1762,"tags=41%, list=22%, signal=32%","Ttll1/Cfap54/Dpcd/Gas8/Rsph3b/Iqub/Aqp4/Spag6l/Rsph14"
"GO:0001941","GO:0001941","postsynaptic membrane organization",41,0.397032932220753,1.39817992867858,0.0533807829181495,0.282008090124248,0.242035406816718,1245,"tags=32%, list=16%, signal=27%","Magi2/Shisa6/Nlgn1/Cdh2/Lrrtm4/Nrxn1/Sorbs2/Dbn1/Lhfpl4/Grip2/Rapsn/Gphn/Agrn"
"GO:0042446","GO:0042446","hormone biosynthetic process",23,0.479334141440663,1.48484885171973,0.0553571428571429,0.288052138663685,0.247222753557083,1896,"tags=57%, list=24%, signal=43%","Arnt/Chst8/Igf1r/Nfkb1/Bmp2/Ppargc1a/Igf1/Stard3/Bmpr1b/Tg/Cacna1h/Por/Srd5a1"
"GO:0043542","GO:0043542","endothelial cell migration",120,0.306565931986933,1.3328351793598,0.0552922590837283,0.288052138663685,0.247222753557083,2002,"tags=35%, list=25%, signal=27%","Smoc2/Angpt2/Tgfbr3/Robo1/Bcas3/Emp2/Nr2f2/Adgrb1/Plcg1/Dab2ip/Pecam1/Cdh13/Vegfc/Fstl1/Ptprm/Stard13/Pik3r3/Hdac9/Meox2/Ptk2/Slit2/Krit1/Igf1/Tgfbr1/Fbxw7/Pdcd10/Map2k5/Sash1/Grn/Adam17/Efnb2/Spred1/Rin2/Pdcd6/Ptp4a3/Rock2/Pdpk1/Abl1/Dcn/Gpx1/Wnt5a/Pik3c2a"
"GO:0048286","GO:0048286","lung alveolus development",35,0.423608785292408,1.42415873697123,0.055956678700361,0.290036664062885,0.248925986298107,1120,"tags=26%, list=14%, signal=22%","Atxn1/Hs6st1/Tnrc6c/Smpd3/Bmpr2/Nkx2-1/Sox2/Man1a2/Igf1"
"GO:0061448","GO:0061448","connective tissue development",142,0.295455105044836,1.31791119356077,0.0561622464898596,0.290535823767581,0.249354393590038,1435,"tags=27%, list=18%, signal=22%","Pdgfd/Thrb/Maf/Mkx/Ext1/Sulf1/Sox6/Large1/Mef2d/Ap1s2/Smpd3/Pth1r/Dmd/Axin2/Zfp516/Ep300/Bmpr2/Enpp1/Tgfb2/Creb3l2/Ncoa1/Vps13b/Chst11/Bmp2/Parp1/Rarb/Fkrp/Ppargc1a/Igf1/Lipa/Tgfbr1/Chsy1/Tapt1/Itgb8/Zbtb16/Klf7/Creb5/Bmpr1b"
"GO:0035094","GO:0035094","response to nicotine",20,0.487571629819143,1.44459344546263,0.0568383658969805,0.290938328912467,0.249699846433059,2053,"tags=60%, list=26%, signal=45%","Bcl2/mt-Nd4/Ppp1r1b/Drd2/Nfkb1/Penk/Cnr1/B2m/Htr2c/Slc7a11/Gpx1/Chrna5"
"GO:0007589","GO:0007589","body fluid secretion",49,0.385787141444095,1.42151874668463,0.0568965517241379,0.290938328912467,0.249699846433059,1129,"tags=31%, list=14%, signal=26%","Chrm3/Negr1/Erbb4/Egfr/Ppp3ca/Kalrn/mt-Co2/Htr4/Enpp1/Ncoa1/Kcnma1/Aqp1/Prkce/Madd/Chuk"
"GO:0044458","GO:0044458","motile cilium assembly",43,-0.363139538632533,-1.37370483288852,0.0573394495412844,0.29264030005811,0.251160575018698,1783,"tags=35%, list=22%, signal=27%","Atmin/Ttll1/Cfap54/Kif3a/Vdac3/Ahi1/Ttll5/Cfap69/Dnali1/Cc2d2a/BC048507/Spata6/Ube2b/Mks1/Spag6l"
"GO:0097035","GO:0097035","regulation of membrane lipid distribution",31,0.432126151376495,1.4174203347796,0.0576576576576577,0.293700597148873,0.252070582379112,1866,"tags=48%, list=23%, signal=37%","Xkr4/Atp9a/Abcg1/Xkr6/Tmem30c/Ano3/Abca2/Ano4/Plscr1/Atp10b/Trpc5/Vmp1/Atp9b/Atg9b/Mfsd2a"
"GO:0051606","GO:0051606","detection of stimulus",76,0.338418226842839,1.36201322932964,0.0584307178631052,0.296502440454192,0.2544752839036,1120,"tags=26%, list=14%, signal=23%","Pjvk/Syt1/Asic2/Kcnk2/Fyn/Pcdh15/Mmp24/Ano3/Whrn/Scn10a/Piezo2/Ccdc66/Grm8/Slc24a4/Sox2/Serpine2/Grin2b/Cep250/Ryr2/Igf1"
"GO:0033044","GO:0033044","regulation of chromosome organization",137,-0.265860181107491,-1.26890465272637,0.0583747690967023,0.296502440454192,0.2544752839036,1809,"tags=31%, list=23%, signal=24%","Cdc27/Ruvbl1/Sfpq/Rb1/Pot1b/Exosc10/Smarcb1/Cdc16/Bub3/Tnks/Smarcd2/Anapc7/Actr8/Cdk5rap2/Usp44/Slf2/Gnl3/Naf1/Dync1li1/Anapc5/Cct2/Smarcd1/Map3k4/Psmg2/Slx4/Mre11a/Prpf4b/Rnf4/Nsmce2/Gen1/Lcmt1/Trip13/Cenpv/Anapc4/Uchl5/Smg1/Cct8/Smarcc2/Nfrkb/Macroh2a1/Smarca5/Hnrnpa2b1"
"GO:1900542","GO:1900542","regulation of purine nucleotide metabolic process",49,-0.356388321315572,-1.38819989763754,0.0592417061611374,0.297214522042386,0.2550864328845,1418,"tags=31%, list=18%, signal=25%","Dnm1l/Psen1/Tspo/Prkaa2/Insr/Ppp2ca/Prkag2/Eno1/Ddit4/Map2k1/Eif6/Macroh2a1/Ogt/Tmsb4x/Pid1"
"GO:0046148","GO:0046148","pigment biosynthetic process",29,-0.416543135278028,-1.41480488638334,0.0599078341013825,0.29999045362632,0.257468895493701,1828,"tags=41%, list=23%, signal=32%","Abcb7/Ireb2/Alas1/Alad/Appl1/Cpox/Snx3/Pgrmc1/Slc11a2/Tmem14c/Tmem14a/Slc24a5"
"GO:0010965","GO:0010965","regulation of mitotic sister chromatid separation",29,-0.423897814891203,-1.43978534044258,0.0606234068245636,0.300008968056917,0.257484785632666,2237,"tags=59%, list=28%, signal=42%","Spc25/Pcid2/Zfp207/Rb1/Cdc16/Bub3/Anapc7/Cdk5rap2/Usp44/Dync1li1/Anapc5/Psmg2/Prpf4b/Nsmce2/Gen1/Lcmt1/Trip13"
"GO:0001895","GO:0001895","retina homeostasis",33,0.427188204076884,1.41826748512471,0.0604395604395604,0.300008968056917,0.257484785632666,1534,"tags=42%, list=19%, signal=34%","Ush2a/Ush1c/Pcdh15/Whrn/Tub/Cdh23/Ccdc66/Bbs10/Elp6/Cib2/Nphp4/Spata7/Map1a/Nphp3"
"GO:0090257","GO:0090257","regulation of muscle system process",122,0.307804536118981,1.33576253987642,0.0605095541401274,0.300008968056917,0.257484785632666,1349,"tags=28%, list=17%, signal=24%","Chrm2/Chrm3/Cacna1c/Ppp3ca/Dmd/Slc8a3/Adra2c/Dbn1/Fgf13/Foxo3/Ep300/Atp1b1/Scn10a/Nfatc3/Tacr3/Camk2d/Tead1/Adk/Slc8a1/Ank2/Parp1/Cacnb2/Kcnma1/Hdac4/Ptk2/Abcc8/Ryr2/Igf1/Gtf2ird1/Ctdp1/Adra2b/Agrn/Foxo1/Edn3"
"GO:0008286","GO:0008286","insulin receptor signaling pathway",105,0.31158527897992,1.32703159728454,0.0602218700475436,0.300008968056917,0.257484785632666,991,"tags=20%, list=12%, signal=18%","Ret/Plcb1/Prkcd/Epha7/Phip/Alk/Epha3/Erbb4/Egfr/Epha6/Ntrk3/Rhoq/Ephb3/Igf1r/Epha5/Enpp1/Sesn3/Pik3r3/Ptpre/Bcar3/Irs1"
"GO:0006457","GO:0006457","protein folding",122,-0.276048993247826,-1.29476949752331,0.0607013256166308,0.300008968056917,0.257484785632666,2079,"tags=30%, list=26%, signal=22%","Pfdn1/Hspa5/Hspa8/Cdc37/Dnaja2/Hspa13/Chchd4/Hspa4l/Hspa9/Nudcd3/Ric3/Canx/Dffa/Sgta/Stub1/Cct2/Dnajb14/Tor1a/Pdrg1/Pdcd5/Tbcel/Pfdn4/Ahsa2/Ahsa1/Nudcd2/Dnajb11/St13/Mesd/Dnajb6/P4hb/Cct8/Ppif/Mkks/Pfdn2/Bag1/Hspa4"
"GO:0060236","GO:0060236","regulation of mitotic spindle organization",25,-0.43968158774009,-1.42493742093443,0.0612244897959184,0.302033243724206,0.259222134318037,2424,"tags=48%, list=30%, signal=34%","Chmp3/Map9/Chmp7/Chmp2a/Chmp1b2/Ccsap/Dync1h1/Chmp4b/Drg1/Rae1/Cltc/Chmp2b"
"GO:0010770","GO:0010770","positive regulation of cell morphogenesis",50,0.37831449769643,1.39998938528656,0.0620689655172414,0.304504389871485,0.261343012704174,2027,"tags=36%, list=25%, signal=27%","Cux2/Grip1/Cdkl5/Kalrn/Cask/Il1rapl1/Dbn1/Caprin2/Cux1/Parp6/Ilk/Afdn/Ss18l1/Tnik/Dhx36/Fbxw8/Wnt5a/Ankrd27"
"GO:0170034","GO:0170034","L-amino acid biosynthetic process",23,-0.458143256466798,-1.45880890734522,0.0633484162895928,0.308504466875508,0.264776106643218,1465,"tags=35%, list=18%, signal=28%","Enoph1/Got2/Oat/Mthfd1/Got1/Asns/Glul/Park7"
"GO:0051452","GO:0051452","intracellular pH reduction",27,-0.430967698434995,-1.43921207791387,0.0656108597285068,0.31434103787045,0.269785384336468,1639,"tags=44%, list=20%, signal=35%","Tmem199/Atp6v0a1/Atp6v1b2/Atp6v0d1/Lamp1/Slc4a7/Slc9a8/Tpcn2/Lamp2/Rab7/Ppt1/Creg1"
"GO:0051438","GO:0051438","regulation of ubiquitin-protein transferase activity",27,-0.430739175271396,-1.43844892722224,0.0656108597285068,0.31434103787045,0.269785384336468,1418,"tags=37%, list=18%, signal=31%","Dnm1l/Psen1/Usp44/Stub1/Trib2/Rpl5/Fzr1/Skp1/Park7/Ube2l3"
"GO:0001659","GO:0001659","temperature homeostasis",86,0.322769684725634,1.32536235996828,0.0657894736842105,0.314629875047331,0.270033280854541,2030,"tags=36%, list=25%, signal=27%","Esrrg/Ksr2/Nova1/Plcl2/Zfp516/Acvr2b/Clstn3/Sfxn5/Igf1r/Appl2/Lgr4/Cpt2/Drd2/Slc27a1/Ehmt1/Ppargc1a/Qki/Cnr1/Atf4/Tnfsf11/Pemt/Adam17/Plcl1/Lepr/Ppargc1b/Ip6k1/Gpx1/Thra/Grb10/Drd1/Hsf1"
"GO:0030032","GO:0030032","lamellipodium assembly",45,0.387494800884801,1.40620956113573,0.0683760683760684,0.318968361073624,0.273756816693105,1143,"tags=29%, list=14%, signal=25%","Ptpro/Auts2/Ablim1/Cdh13/Arhgef7/Carmil1/Spata13/Abi2/Aqp1/Hdac4/Slit2/Whamm/Ccdc88a"
"GO:0071229","GO:0071229","cellular response to acid chemical",59,0.357320852626232,1.36297199296517,0.0677966101694915,0.318968361073624,0.273756816693105,2169,"tags=37%, list=27%, signal=27%","Pdgfd/Egfr/Fyn/Ep300/Gria1/Sesn3/Samtor/Capn2/Col4a1/Hnrnpd/Glra3/Sh3bp4/Prkn/Cpeb4/Gria2/Avpr1a/Ubr2/Klhl22/Hsf1/Cpeb3/Mtor/Neurl1a"
"GO:0010821","GO:0010821","regulation of mitochondrion organization",65,-0.326130554299151,-1.35175537055522,0.0681818181818182,0.318968361073624,0.273756816693105,1264,"tags=26%, list=16%, signal=22%","Fam162a/Ddhd1/Siva1/Mapt/Pdcd5/Higd1a/Rala/Myo19/Parl/Yme1l1/Vps35/Tmem14a/Ppif/Bok/Ssbp1/Hgf/Bnip3"
"GO:0015695","GO:0015695","organic cation transport",59,-0.327521219667409,-1.33185439215603,0.0679611650485437,0.318968361073624,0.273756816693105,1118,"tags=20%, list=14%, signal=18%","Sec14l1/Vip/Comt/Flvcr1/Ptgs1/Slc15a4/Slc6a17/Slc25a17/Atp13a3/Stx1a/Slc1a2/Slc44a3"
"GO:0032355","GO:0032355","response to estradiol",45,0.38608993482134,1.40111133507943,0.0700854700854701,0.324115287826361,0.278174202413867,1497,"tags=33%, list=19%, signal=27%","Igfbp2/Egfr/Nr2f2/Gria1/Tacr3/Drd2/Ncoa1/Penk/Ncoa3/Ramp3/Lcor/Stxbp1/Hnrnpd/Grn/Cdkn1b"
"GO:0000082","GO:0000082","G1/S transition of mitotic cell cycle",114,0.304913713480013,1.3162175825063,0.0700934579439252,0.324115287826361,0.278174202413867,1782,"tags=31%, list=22%, signal=24%","Plcb1/Myo16/Bcl2/Egfr/Ppp3ca/Ccnd2/Tfdp1/Cables1/Tcf3/Crebbp/Ambra1/Appl2/Camk2d/Ecd/Cdk6/Arid1a/Gigyf2/Ankrd17/Ccni/Cdc73/Kmt2e/Pbrm1/Rbbp8/Acvr1/Nasp/E2f3/Adam17/Cdkn1b/Cpsf3/Pias1/Dpf3/Adamts1/Pkd1/Smarcd3/Ctdspl"
"GO:0071548","GO:0071548","response to dexamethasone",22,0.466280433287511,1.42573629918717,0.071301247771836,0.325756044373388,0.279582393144041,1775,"tags=55%, list=22%, signal=43%","Egfr/Smyd3/Axin2/Foxo3/Ep300/Gba1/Aqp1/Gad2/Foxo1/Pck2/Por/Bmi1"
"GO:0070555","GO:0070555","response to interleukin-1",36,0.405642729235733,1.38149439630647,0.0710479573712256,0.325756044373388,0.279582393144041,1130,"tags=28%, list=14%, signal=24%","Plcb1/Rps6ka5/Dab2ip/Rc3h1/Ep300/Nfkb1/Hdac4/Rora/Smpd1/Tank"
"GO:0006635","GO:0006635","fatty acid beta-oxidation",43,-0.355399748371488,-1.34442631552525,0.0711009174311927,0.325756044373388,0.279582393144041,854,"tags=23%, list=11%, signal=21%","Abcb11/Hadha/Acadl/Echdc1/Dbi/Slc25a17/Eci3/Crat/Scp2/Cpt1a"
"GO:0006890","GO:0006890","retrograde vesicle-mediated transport, Golgi to endoplasmic reticulum",31,-0.402400845993979,-1.39280455322875,0.0715883668903803,0.326233303460931,0.279992004078818,1360,"tags=42%, list=17%, signal=35%","Copb2/Stx18/Use1/Arf3/Arf4/Plpp3/Ergic3/Pitpnb/Rab6a/Rint1/Cope/Cog4/Rer1"
"GO:0048839","GO:0048839","inner ear development",112,0.304052061763948,1.31161999333138,0.0716510903426791,0.326233303460931,0.279992004078818,935,"tags=20%, list=12%, signal=18%","Pjvk/Maf/Ush2a/Kcnk2/Otog/Sobp/Ush1c/Pcdh15/Whrn/Mafb/Calb1/Frem2/Pou3f4/Tgfb2/Cdh23/Bmp2/Sox2/Kcnma1/Gsdme/Plppr4/Chd7/Cux1"
"GO:0006998","GO:0006998","nuclear envelope organization",32,-0.392053891124046,-1.36383375569928,0.0720720720720721,0.327030101774129,0.28067586177879,2470,"tags=47%, list=31%, signal=33%","Tmem43/Chmp3/Zmpste24/Chmp7/Chmp2a/Chmp1b2/Sun2/Sun1/Pafah1b1/Chmp4b/Ubxn2b/Spast/Tor1a/Chmp2b/Brox"
"GO:0055007","GO:0055007","cardiac muscle cell differentiation",72,0.336667647902806,1.34531634777757,0.0728476821192053,0.328786416551059,0.282183231164346,2230,"tags=42%, list=28%, signal=30%","Sox6/Large1/Ccnd2/Sorbs2/Fhod3/Ep300/Camk2d/Myo18b/Slc8a1/Arid1a/Bmp2/Rarb/Map2k4/Igf1/Ctdp1/Nebl/Acvr1/Bmpr1a/Efnb2/Atg7/Sgcd/Col14a1/Ctcf/Fdps/Myh10/Mtor/Cavin4/Rgs4/Cxadr/Nr3c1"
"GO:1903578","GO:1903578","regulation of ATP metabolic process",45,-0.358351622836539,-1.35480188800843,0.0743405275779376,0.333904498023203,0.286575860222206,1418,"tags=31%, list=18%, signal=26%","Dnm1l/Psen1/Tspo/Prkaa2/Insr/Ppp2ca/Prkag2/Eno1/Ddit4/Map2k1/Eif6/Ogt/Tmsb4x/Pid1"
"GO:0061045","GO:0061045","negative regulation of wound healing",23,0.46335335684583,1.43534465912477,0.075,0.335168067226891,0.28766032728881,355,"tags=17%, list=4%, signal=17%","Tafa5/Prkcd/Cask/Ubash3b"
"GO:0006734","GO:0006734","NADH metabolic process",27,-0.41167727184908,-1.37479190203671,0.0769230769230769,0.34113136617239,0.292778370127963,1516,"tags=41%, list=19%, signal=33%","Hk1/Pfkp/Got2/Mdh2/Gapdh/Eno1/Dlst/Got1/Slc25a13/Pkm/Slc25a22"
"GO:1904752","GO:1904752","regulation of vascular associated smooth muscle cell migration",27,-0.411556155567083,-1.37438743549196,0.0769230769230769,0.34113136617239,0.292778370127963,1216,"tags=33%, list=15%, signal=28%","Dock4/Nfe2l2/Xbp1/Ssh1/Dock7/Nf1/Pak1/Nrp1/Lrp1"
"GO:0045834","GO:0045834","positive regulation of lipid metabolic process",74,0.330716676748497,1.32188793564413,0.0771812080536913,0.34113136617239,0.292778370127963,2147,"tags=38%, list=27%, signal=28%","Prkcd/Erbb4/Abcg1/Smpd3/Sirt2/Srebf2/Disp3/Clstn3/Igf1r/Slc27a1/Prkce/Ppargc1a/Qki/Irs1/Capn2/Igf1/Scap/Htr2c/Eed/Mid1ip1/Por/Mfsd2a/Fdps/Avpr1a/Pla2g4a/Eef1a2/Sirt4/Mtor"
"GO:0007623","GO:0007623","circadian rhythm",133,0.294219524058771,1.29734229781606,0.0774091627172196,0.34113136617239,0.292778370127963,2151,"tags=39%, list=27%, signal=29%","Kcnd2/Cntnap2/Mapk10/Mtnr1b/Nlgn1/Egfr/Adcy1/Ntrk3/Ankfn1/Ep300/Scn10a/Lgr4/Thrap3/Drd2/Kdm2a/Nkx2-1/Parp1/Kcnma1/Rai1/Ppargc1a/Rora/Igf1/Mycbp2/Kcnh7/Phlpp1/Dpyd/Atf4/Agrn/Btrc/Crtc1/Clock/Pspc1/Hnrnpd/Fbxw7/Per3/Ncor1/Atg7/Btbd9/2510009E07Rik/Rock2/Nr1d2/Lepr/Kcna2/Usp2/Npas2/Ube3a/Pmch/Drd1/Tardbp/Ppp1ca/Mtor/Bhlhe41"
"GO:0051402","GO:0051402","neuron apoptotic process",197,0.271597398989217,1.26275601547203,0.0773809523809524,0.34113136617239,0.292778370127963,1719,"tags=32%, list=21%, signal=26%","Epha7/Thrb/Tmtc4/Bcl2/Tox3/Mtnr1b/Kcnq2/Hipk2/Vstm2l/Mdga2/Kcnq3/Fyn/Aatk/Faim2/Mt1/Ambra1/Foxo3/Gbe1/Grid2/Enpp1/Grm7/Tgfb2/Gba1/Bbs10/Parp1/Vps54/Kcnma1/Hdac4/Adnp/Ppargc1a/Tfap2d/Fmr1/Atn1/Ripk1/Map2k4/Fzd1/Srpk2/Elp6/Prnp/Rapsn/Ptpn5/Ptprz1/Stxbp1/Oxr1/Atf4/Agrn/Pcdhgc5/Ilk/Retreg1/Grik2/Fbxw7/Grn/Kcnip3/Unc5b/Egln1/Trpc5/Htra2/Atg7/Btg2/Pigt/Bace1/Prkn/Kcnb1"
"GO:0045444","GO:0045444","fat cell differentiation",131,0.293315852540115,1.29151650519287,0.0783699059561129,0.343620770676692,0.294914918876138,1407,"tags=21%, list=18%, signal=18%","Plcb1/Cntnap2/Mkx/Tbl1x/Ncor2/Negr1/Klf5/Ptgr3/Ap1s2/Sirt2/Trio/Asxl2/Axin2/Zfp516/Ep300/Enpp1/Grk5/Runx1t1/Bmp2/Rora/Cds1/Igf1/Foxo1/Retreg1/Htr2c/Zbtb16/Cntn2/Creb5"
"GO:0019098","GO:0019098","reproductive behavior",33,0.413297539325355,1.3721503920593,0.0787545787545788,0.343856198536001,0.295116976475545,2489,"tags=61%, list=31%, signal=42%","Thrb/Kalrn/Ppp1r1b/Nlgn4l/Npas3/Ncoa1/Hdac4/Serpine2/Cnr1/Grn/Aplp2/Avpr1a/Thra/Drd1/Nr3c1/Oprk1/App/Grin1/Crebrf/Ncoa2"
"GO:0051899","GO:0051899","membrane depolarization",52,0.361193300322826,1.34252087314914,0.0797227036395147,0.346376910093905,0.297280394720447,1043,"tags=33%, list=13%, signal=29%","Kcnq2/Cacng2/Cacna1c/Cacna1i/Kcnq3/Ank3/Cacna1d/Fgf12/Grik1/Scn10a/Camk2d/Rbfox2/Cacna1g/Parp1/Cacnb2/Scn2b/Scn8a"
"GO:0002011","GO:0002011","morphogenesis of an epithelial sheet",32,0.411860605280535,1.36294427241918,0.0806451612903226,0.348675583530029,0.299253247201402,2483,"tags=59%, list=31%, signal=41%","Pard3/Flrt3/Sox11/Lama1/Pals1/Arhgap12/Mrtfa/Chuk/Notch2/Pdcd10/Fermt1/Carmil2/Dag1/Wnt5a/Scnn1g/Mtor/Srf/Clasp2/Lin7c"
"GO:0010810","GO:0010810","regulation of cell-substrate adhesion",118,0.300255658470486,1.30051724870381,0.0805687203791469,0.348675583530029,0.299253247201402,1419,"tags=24%, list=18%, signal=20%","Smoc2/Smoc1/Angpt2/Dlc1/Utrn/Bcl2/Epha3/Col26a1/Emp2/Dmd/Cask/Peak1/Cdh13/Spock2/Dbn1/Carmil1/Cdk6/Ptk2/Prkce/Vwc2/Ninj1/Ptprz1/Ptpra/Spry4/Ilk/Ajap1/Rsu1/Fermt1"
"GO:0000045","GO:0000045","autophagosome assembly",73,-0.316570066163722,-1.34615106451698,0.0814814814814815,0.350014958415605,0.30040277502228,1861,"tags=34%, list=23%, signal=27%","Atp2a2/Atg14/Ulk2/Fez2/Atg13/Atg5/Psen1/Trp53inp1/Ubxn2b/Wdr45b/Pikfyve/Emc6/Tbc1d14/Ctsd/Gabarapl1/Pip4k2b/Gabarapl2/Wipi1/Tbc1d12/Rab7/Snx4/Chek2/Rab1a/Snx7/Map1lc3a"
"GO:0050953","GO:0050953","sensory perception of light stimulus",53,0.358440502214042,1.33354572731598,0.0811744386873921,0.350014958415605,0.30040277502228,1014,"tags=25%, list=13%, signal=22%","Elfn1/Ush2a/Ush1c/Pcdh15/Whrn/Rpgr/Cabp1/Cdh23/Ccdc66/Bbs10/Cacnb2/Crybg3/Cep250"
"GO:0006575","GO:0006575","modified amino acid metabolic process",87,-0.287661186719787,-1.27531935150794,0.0814249363867685,0.350014958415605,0.30040277502228,1141,"tags=23%, list=14%, signal=20%","Nfe2l2/Ckb/Prdx4/Sod1/Glo1/Acadl/Abhd12/P4ha1/Cpq/Mthfd1/Gstp3/Ctsb/P4hb/Atic/Sod2/Crat/Aldh9a1/Slc1a2/Park7/Cpt1a"
"GO:0061744","GO:0061744","motor behavior",22,0.458337157986112,1.40144830611872,0.0819964349376114,0.350528168004998,0.300843240725574,1061,"tags=36%, list=13%, signal=32%","Cntnap2/Ext1/Kcnq2/Mdga2/Kcnq3/Gba1/Vps54/Elp6"
"GO:0071347","GO:0071347","cellular response to interleukin-1",27,0.430647598397774,1.38742660299089,0.0821428571428571,0.350590460903463,0.300896704039392,1853,"tags=41%, list=23%, signal=31%","Plcb1/Rps6ka5/Dab2ip/Rc3h1/Ep300/Nfkb1/Rora/Tank/Cd47/Bmi1/Rbmxl1"
"GO:0022600","GO:0022600","digestive system process",36,0.402612540847676,1.37117450647203,0.0834813499111901,0.355023604024605,0.304701479988656,1178,"tags=31%, list=15%, signal=26%","Chrm3/Negr1/Ppp3ca/Htr4/Cracd/Kcnma1/Aqp1/Slc5a1/Cckbr/Madd/Lipa"
"GO:0000280","GO:0000280","nuclear division",199,-0.242405445429823,-1.21724143300628,0.0835820895522388,0.355023604024605,0.304701479988656,2244,"tags=36%, list=28%, signal=27%","Rec8/Spc25/Chmp7/Hspa2/Phf13/Mei4/Pcid2/Chmp2a/Ska2/Chmp1b2/Zfp207/Ndc1/Hsf2bp/Sun1/Phb2/Ddb1/Ccsap/Mlh1/Rad51ap1/Ranbp1/Rb1/Fgfr2/Cdc16/Spice1/Bub3/Rab11a/Ubb/Anapc7/Usp16/Chmp4b/Tex11/Cdk5rap2/Mlh3/Usp44/Ubxn2b/Insr/Dync1li1/Anapc5/Spast/Psmg2/Slx4/Psmd13/Mre11a/Aspm/Prpf4b/Gja1/Orc4/Ywhah/Marf1/Nsmce2/Mzt1/Drg1/Gen1/Kif3b/Lcmt1/Trip13/Ccne1/Cep63/Chek2/Ran/Cltc/Dcaf13/Fzr1/Ube2b/BC005624/Egf/Chmp2b/Pdxp/Brox/Rpl24/Smarca5/Abraxas1"
"GO:0022011","GO:0022011","myelination in peripheral nervous system",20,0.467607801032786,1.3854439493736,0.0852575488454707,0.357256000113143,0.306617449474592,1902,"tags=50%, list=24%, signal=38%","Pard3/Ntrk3/Sirt2/Pals1/Pou3f2/Ilk/Pmp22/Arhgef10/Dag1/Ski"
"GO:0032292","GO:0032292","peripheral nervous system axon ensheathment",20,0.467607801032786,1.3854439493736,0.0852575488454707,0.357256000113143,0.306617449474592,1902,"tags=50%, list=24%, signal=38%","Pard3/Ntrk3/Sirt2/Pals1/Pou3f2/Ilk/Pmp22/Arhgef10/Dag1/Ski"
"GO:0002532","GO:0002532","production of molecular mediator involved in inflammatory response",32,-0.386359139488937,-1.34402348296352,0.0855855855855856,0.357256000113143,0.306617449474592,654,"tags=19%, list=8%, signal=17%","Pdcd4/Snx4/Il17d/Snap23/Ywhaz/Il17ra"
"GO:0098884","GO:0098884","postsynaptic neurotransmitter receptor internalization",37,-0.366149865356615,-1.33480603173523,0.0855855855855856,0.357256000113143,0.306617449474592,976,"tags=30%, list=12%, signal=26%","Ppp3r1/Ophn1/Usp46/Ap2m1/Atad1/Rala/Eps15/Pick1/Synj1/Ap2b1/Lrp1"
"GO:0140239","GO:0140239","postsynaptic endocytosis",37,-0.366149865356615,-1.33480603173523,0.0855855855855856,0.357256000113143,0.306617449474592,976,"tags=30%, list=12%, signal=26%","Ppp3r1/Ophn1/Usp46/Ap2m1/Atad1/Rala/Eps15/Pick1/Synj1/Ap2b1/Lrp1"
"GO:0006766","GO:0006766","vitamin metabolic process",31,0.414472338827721,1.35951392755728,0.0864864864864865,0.358841343273108,0.307978081279507,1873,"tags=48%, list=23%, signal=37%","Clybl/Clstn3/Enpp1/Abcd4/Nfkb1/Lrp2/Lipa/Slc23a2/Gsto1/Tpk1/Akr1a1/Pnpo/Mtrr/Mmab/Prmt3"
"GO:0051781","GO:0051781","positive regulation of cell division",44,0.372755434481507,1.34630670101469,0.0865051903114187,0.358841343273108,0.307978081279507,979,"tags=23%, list=12%, signal=20%","Pdgfd/Sirt2/Garem1/Arf6/Igf1r/Vegfc/Drd2/Tgfb2/Prkce/Incenp"
"GO:0046189","GO:0046189","phenol-containing compound biosynthetic process",21,-0.446908005350394,-1.38498602086927,0.0867579908675799,0.359329435696098,0.308396989999858,321,"tags=33%, list=4%, signal=32%","Aldh2/Epas1/Appl1/Tph2/Vps35/Slc24a5/Park7"
"GO:0048753","GO:0048753","pigment granule organization",25,0.443728776177552,1.39453593156465,0.0873440285204991,0.360319642892728,0.309246842220635,1330,"tags=32%, list=17%, signal=27%","Bcl2/Ap1s2/Ap1s3/Abcb6/Hps3/Kif13a/Ap3s2/Ap3d1"
"GO:0170033","GO:0170033","L-amino acid metabolic process",82,-0.299725287616286,-1.2919979707591,0.0874035989717224,0.360319642892728,0.309246842220635,1720,"tags=27%, list=22%, signal=21%","Arg2/Glud1/Aadat/Enoph1/Mccc1/Got2/Oat/Prdx4/Dglucy/Nos1/Asrgl1/P4ha1/Aldh5a1/Mthfd1/Dlst/Got1/Asns/P4hb/Nit2/Tdo2/Glul/Park7"
"GO:0045599","GO:0045599","negative regulation of fat cell differentiation",33,0.406646467168421,1.35006879127685,0.0879120879120879,0.361295582315675,0.31008444902531,1031,"tags=27%, list=13%, signal=24%","Mkx/Ncor2/Ptgr3/Sirt2/Trio/Enpp1/Runx1t1/Bmp2/Rora"
"GO:0051494","GO:0051494","negative regulation of cytoskeleton organization",105,0.29949336505072,1.27553252804666,0.0887480190174326,0.363607060966646,0.312068291671063,1718,"tags=31%, list=21%, signal=25%","Prkcd/Dlc1/Add3/Mid1/Ctnna2/Pecam1/Tjp1/Fhod3/Dbn1/Fgf13/Arhgef7/Cracd/Carmil1/Capza2/Slit2/Taok1/Cyrib/Ssh2/Arhgef18/Eps8/Kifc1/Ccdc88c/Nav3/Rbm14/Map1a/Ttbk2/Mid1ip1/Carmil2/Map2/Arfgef1/Shank3/Fkbp4/Prkn"
"GO:0009268","GO:0009268","response to pH",22,0.449897148038319,1.37564145751641,0.089126559714795,0.3645961881256,0.312917216941985,1542,"tags=36%, list=19%, signal=29%","Asic2/Sts/Gba1/Kcnma1/Abcc8/Sst/Kcnk9/Tg"
"GO:0015718","GO:0015718","monocarboxylic acid transport",50,-0.335883561033947,-1.30925782020345,0.0900473933649289,0.367797264143389,0.315664562721588,1991,"tags=36%, list=25%, signal=27%","Atp5pf/Abcd2/Lypla1/Slc27a4/Fabp3/Got2/Slc5a6/Mpc1/Mif/Fabp7/Abcb11/Pla2r1/Abcc4/Abcc1/Pnpla8/Fabp5/Slc25a17/Mpc2"
"GO:0002752","GO:0002752","cell surface pattern recognition receptor signaling pathway",24,0.444528321265508,1.3826181419595,0.0905861456483126,0.36791003473415,0.315761348866269,1129,"tags=33%, list=14%, signal=29%","Dab2ip/Arf6/Appl2/Mfhas1/Znrf1/Prkce/Ninj1/Chuk"
"GO:0140895","GO:0140895","cell surface toll-like receptor signaling pathway",24,0.444528321265508,1.3826181419595,0.0905861456483126,0.36791003473415,0.315761348866269,1129,"tags=33%, list=14%, signal=29%","Dab2ip/Arf6/Appl2/Mfhas1/Znrf1/Prkce/Ninj1/Chuk"
"GO:0042398","GO:0042398","modified amino acid biosynthetic process",25,-0.426081332316394,-1.38086117706191,0.090702947845805,0.36791003473415,0.315761348866269,1141,"tags=28%, list=14%, signal=24%","Nfe2l2/Ckb/Mthfd1/Atic/Aldh9a1/Slc1a2/Park7"
"GO:0000002","GO:0000002","mitochondrial genome maintenance",20,-0.45035532732175,-1.38210287572728,0.0911161731207289,0.368147857889237,0.315965462244954,2136,"tags=50%, list=27%, signal=37%","Rnaseh1/Chchd4/Mrpl15/Mrpl39/Mef2a/Polg2/Rrm2b/Tk2/Ssbp1/Slc25a36"
"GO:0035987","GO:0035987","endodermal cell differentiation",20,-0.448718828230016,-1.37708059673202,0.0911161731207289,0.368147857889237,0.315965462244954,2559,"tags=55%, list=32%, signal=38%","Ctnnb1/Rtf1/Vtn/Paf1/Brd3/Col12a1/Itgav/Map2k1/Leo1/Hsbp1/Macroh2a1"
"GO:0039532","GO:0039532","negative regulation of cytoplasmic pattern recognition receptor signaling pathway",26,-0.411350236944663,-1.36565957525656,0.0917225950782998,0.368387482976126,0.316171122144154,2061,"tags=50%, list=26%, signal=37%","Hspa8/Tarbp2/Ufd1/Gramd4/Aars2/Sec14l1/Ppp6c/Riok3/Lamp2/Fbxl2/Ppt1/Pcbp2/Ogt"
"GO:0009395","GO:0009395","phospholipid catabolic process",29,0.412472248685784,1.35216739672251,0.0933098591549296,0.369545910619373,0.317165350734467,1536,"tags=38%, list=19%, signal=31%","Plcb1/Prkcd/Smpd3/Plcg1/Smpd4/Smpdl3b/Plbd2/Smpd1/Pla2g4d/Plpp6/Pla2g15"
"GO:0002042","GO:0002042","cell migration involved in sprouting angiogenesis",31,0.410478506453396,1.34641372706482,0.0972972972972973,0.377203709863619,0.323737710252896,1562,"tags=39%, list=20%, signal=31%","Tgfbr3/Robo1/Stard13/Pik3r3/Hdac9/Meox2/Slit2/Fbxw7/Pdcd10/Map2k5/Efnb2/Spred1"
"GO:0007606","GO:0007606","sensory perception of chemical stimulus",23,0.44300610755528,1.37231432781158,0.0982142857142857,0.378231239735682,0.32461959491972,1191,"tags=30%, list=15%, signal=26%","Asic2/Nav2/Syt10/Drd2/Slc24a4/Igf1/B2m"
"GO:0042100","GO:0042100","B cell proliferation",29,0.41048987718619,1.34566878228607,0.0985915492957746,0.378289941670223,0.324669976263749,521,"tags=17%, list=7%, signal=16%","Prkcd/Bcl2/Tcf3/Plcl2/Rc3h1"
"GO:0045646","GO:0045646","regulation of erythrocyte differentiation",26,0.433568399972173,1.3745001873396,0.0990990990990991,0.379143171948927,0.325402267091021,1191,"tags=31%, list=15%, signal=26%","Mafb/Foxo3/P4htm/Ypel4/Cdk6/Rbfox2/Brd1/B2m"
"GO:0106027","GO:0106027","neuron projection organization",91,0.308360149657185,1.28884660552611,0.0990415335463259,0.379143171948927,0.325402267091021,931,"tags=19%, list=12%, signal=17%","Cux2/Cntnap2/Ppfia2/Nlgn1/Zfp804a/Kalrn/Fyn/Cask/Il1rapl1/Dbn1/Ephb3/Igf1r/Epha5/Abi2/Mtmr2/Grin2b/Caprin2"
"GO:0007094","GO:0007094","mitotic spindle assembly checkpoint signaling",20,-0.443308511878694,-1.36047678784133,0.100227790432802,0.37921444824032,0.325463440464367,2237,"tags=60%, list=28%, signal=43%","Spc25/Pcid2/Zfp207/Bub3/Cdk5rap2/Usp44/Dync1li1/Psmg2/Prpf4b/Gen1/Lcmt1/Trip13"
"GO:0033002","GO:0033002","muscle cell proliferation",137,0.283066963307827,1.25614498817568,0.100931677018634,0.379600182733446,0.32579449977875,964,"tags=18%, list=12%, signal=16%","Tafa5/Pdgfd/Tgfbr3/Tenm4/Sulf1/Mef2d/Kcnk2/Erbb4/Egfr/Igfbp3/Smpd3/Ccnd2/Pde1a/Paxbp1/Cdh13/Vgll4/Igf1r/Bmpr2/Enpp1/Camk2d/Tgfb2/Bmp2/Hdac4/Ptk2/Ppargc1a"
"GO:1990845","GO:1990845","adaptive thermogenesis",76,0.320890122926954,1.29146883329868,0.101836393989983,0.380463596108082,0.326535530319005,2030,"tags=34%, list=25%, signal=26%","Esrrg/Ksr2/Nova1/Plcl2/Zfp516/Acvr2b/Clstn3/Sfxn5/Igf1r/Appl2/Lgr4/Cpt2/Ehmt1/Ppargc1a/Qki/Lipa/Atf4/Pemt/Adam17/Plcl1/Lepr/Ppargc1b/Ip6k1/Thra/Grb10/Hsf1"
"GO:1900015","GO:1900015","regulation of cytokine production involved in inflammatory response",22,-0.429213522430597,-1.35384628087832,0.102040816326531,0.38054211867075,0.326602922855124,2527,"tags=45%, list=32%, signal=31%","Card9/Kpna6/Chid1/Hif1a/Stat3/Abcd2/Appl1/Pdcd4/Il17d/Il17ra"
"GO:0003014","GO:0003014","renal system process",51,0.351062307357662,1.30303401296271,0.102253032928943,0.380799460165349,0.326823787984591,1013,"tags=24%, list=13%, signal=21%","Ptpro/Nr3c2/Bcl2/Sulf1/Cacna1c/Ppp3ca/Emp2/Gas6/Drd2/Kcnma1/Aqp1/Slc5a1"
"GO:0007031","GO:0007031","peroxisome organization",27,0.417193227299503,1.34408036709476,0.103571428571429,0.383560485475527,0.329193457180556,1166,"tags=26%, list=15%, signal=22%","Pex5l/Pjvk/Tmem135/Abcd4/Acot8/Pex7/Mff"
"GO:0031529","GO:0031529","ruffle organization",27,-0.392383296016596,-1.3103598734881,0.104072398190045,0.384430697762609,0.329940322934754,430,"tags=22%, list=5%, signal=21%","Cyfip1/Lima1/Plekha1/Fam98a/Pfn2/Inpp5k"
"GO:0007163","GO:0007163","establishment or maintenance of cell polarity",137,0.280150274163246,1.24320181597282,0.105590062111801,0.387795545794585,0.332828227185788,1301,"tags=22%, list=16%, signal=19%","Pard3/Frmd4a/Kif26b/Kcnq2/Myo9a/Dlg2/Pard3b/Dst/Ank3/Fgf13/Rhoq/Lama1/Arf6/Ankfn1/Igf1r/Pals1/Exoc4/Carmil1/Spdl1/Aqp1/Ccdc85c/Atn1/Rhobtb2/Flot2/Gbf1/Krit1/Igf1/Cyrib/Ilk/Brsk2"
"GO:0009267","GO:0009267","cellular response to starvation",120,-0.263407891022674,-1.23000939561202,0.10840108401084,0.395931981297835,0.339811379605988,1500,"tags=27%, list=19%, signal=22%","Cadps2/Atg5/Pak6/Sar1b/Nprl3/Prkaa2/Fnip1/Nfe2l2/Wdr45b/Xbp1/Comt/Atxn3/Gabarapl1/Tbc1d7/Lamp2/Fos/Gabarapl2/Prkag2/Higd1a/Wipi1/Asns/Upp1/Pick1/Wdr59/Yme1l1/Fads1/Itfg2/Pak1/Mios/Map1lc3a/Glul/Ywhaz"
"GO:0042102","GO:0042102","positive regulation of T cell proliferation",23,0.433667053322016,1.34338443787565,0.110714285714286,0.398557309475854,0.342064585793492,2440,"tags=52%, list=30%, signal=36%","Igfbp2/Ppp3ca/Adk/Efnb1/Igf1/Carmil2/Bmi1/Tfrc/Cd59b/Prkcq/Cd81/Cd276"
"GO:0050795","GO:0050795","regulation of behavior",52,0.345513016387702,1.28423876088129,0.110918544194107,0.398557309475854,0.342064585793492,1099,"tags=29%, list=14%, signal=25%","Mtnr1b/Nlgn1/Nrxn1/Dbn1/Mbd5/Gria1/Tacr3/Drd2/Parp1/Slc24a4/Htr1d/Penk/Hdac4/Cnr1/Cckbr"
"GO:0016311","GO:0016311","dephosphorylation",106,0.290427031193979,1.23913089585474,0.110236220472441,0.398557309475854,0.342064585793492,1318,"tags=25%, list=16%, signal=22%","Ptpro/Bcl2/Dusp8/Ptprr/Ppp3ca/Ubash3b/Dusp11/Ptprt/Uri1/Tmem132c/Ptprm/Bmp2/Epm2a/Ptprs/Plppr4/Mtmr2/Plppr5/Phpt1/Ptpn5/Ptprz1/Mtmr7/Ctdp1/Ppp1r12a/Plpp4/Ssh2/Btrc/Plpp6"
"GO:0006836","GO:0006836","neurotransmitter transport",136,0.279386962248857,1.23660700463754,0.109375,0.398557309475854,0.342064585793492,1015,"tags=21%, list=13%, signal=18%","Pclo/Nrxn3/Cacna1b/Syt1/Ppfia2/Kcnh1/Nlgn1/Rimbp2/Erc2/Cadps/Nrxn1/Syt10/Cask/Cacna1d/Syn3/Gpr158/Cacna1e/Drd2/Rims2/Syt9/Slc32a1/Erc1/Grm8/Htr1d/Abcc8/Fmr1/Dgki/Unc13c"
"GO:0031333","GO:0031333","negative regulation of protein-containing complex assembly",94,-0.275959367660982,-1.23018924826596,0.109625668449198,0.398557309475854,0.342064585793492,703,"tags=20%, list=9%, signal=19%","Stmn1/Aida/Tmod2/Riok3/Lcmt1/Lamp2/Fbxl2/Mtpn/Raf1/Add2/Sox9/Prkcz/Vps35/Mkks/Sgk1/Ogt/Vdac2/Pfn2/Park7"
"GO:0006402","GO:0006402","mRNA catabolic process",156,-0.248331706333829,-1.20750087222742,0.109826589595376,0.398557309475854,0.342064585793492,751,"tags=28%, list=9%, signal=26%","Supv3l1/Pnpt1/Larp1/Cnot7/Mlh1/Exosc10/Ago2/Etf1/Traf2/Zc3h14/Pan2/Magoh/Exosc7/Cnot6l/Rc3h2/Fastkd2/Ago1/Vip/Piwil1/Gspt1/Cnot6/Hnrnpab/Csde1/Lsm5/Prr5l/Srsf1/Lsm6/Trim71/Mtpap/Mettl3/Nicol1/Vim/Lsm14b/Eif4a3/Smg1/Pnrc2/Exosc9/Cnot10/Eif3e/Gtsf1/Cirbp/Fxr1/Ddx5/Tob1"
"GO:0060560","GO:0060560","developmental growth involved in morphogenesis",164,0.26817259220289,1.2150416986207,0.113671274961598,0.403360919617725,0.346187317642655,913,"tags=16%, list=11%, signal=15%","Cdh4/Epha7/Kif26b/Auts2/Cdkl5/Ext1/Robo1/Syt1/Flrt3/Bcl11a/Golga4/Alcam/Ntrk3/Dbn1/Fgf13/Clstn3/Jade2/Ep300/Dclk1/Slitrk1/Bmpr2/Rims2/Ist1/Ptprs/Slit2/Ppp2r3a/Adnp"
"GO:0007033","GO:0007033","vacuole organization",141,-0.252136256730896,-1.2090859975624,0.113888888888889,0.403360919617725,0.346187317642655,1676,"tags=29%, list=21%, signal=23%","Ulk2/Tmem199/Fez2/Atg13/Hook1/Atg5/Chmp4b/Psen1/Mbtps1/Dnajc16/Spg11/Trp53inp1/Fnip1/Ubxn2b/Wdr45b/Pikfyve/Lamp1/Acp2/Emc6/Tbc1d14/Ctsd/Gabarapl1/Pip4k2b/Tpcn2/Lamp2/Gabarapl2/Arf1/Wipi1/Tbc1d12/Rab7/Snx4/Chek2/Vps11/Rab1a/Snx7/Vps35/Chmp2b/Ppt1/Map1lc3a/Rab14/Creg1"
"GO:0010657","GO:0010657","muscle cell apoptotic process",60,0.33333970189346,1.27167400548845,0.114186851211073,0.403566685638399,0.346363917762534,1484,"tags=32%, list=19%, signal=26%","Bcl2/Gria4/Erbb4/Igfbp3/Pde1a/Ambra1/Igf1r/Camk2d/Qki/Map2k4/Capn2/Rps6ka2/Igf1/Mff/Atf4/Ilk/Foxo1/Map2k5/E2f3"
"GO:0061383","GO:0061383","trabecula morphogenesis",23,0.432737057065936,1.3405035584357,0.116071428571429,0.407855278068204,0.35004463207453,1813,"tags=39%, list=23%, signal=30%","Tgfbr3/Enpp1/Tgfb2/Chd7/Tgfbr1/Bmpr1a/Egln1/Adamts1/Ppargc1b"
"GO:0001776","GO:0001776","leukocyte homeostasis",49,-0.327639561829277,-1.27621804360607,0.116113744075829,0.407855278068204,0.35004463207453,1745,"tags=35%, list=22%, signal=27%","Ppp3cb/Dock11/Hmgb1/Il18/Mif/Rc3h2/Wdr37/Siva1/Nf1/Casp3/Ppp2ca/Mthfd1/Slc15a4/Kitl/Ppp2r3c/Gpr183/Slc37a4"
"GO:0045576","GO:0045576","mast cell activation",21,-0.42734322125838,-1.32435396204652,0.116438356164384,0.408455922217805,0.35056013909788,598,"tags=29%, list=7%, signal=27%","Rabgef1/Snx4/Kit/Snap23/Ywhaz/Cd226"
"GO:0098927","GO:0098927","vesicle-mediated transport between endosomal compartments",37,-0.351997700535843,-1.28321405601108,0.117117117117117,0.408457885430591,0.350561824038923,2476,"tags=51%, list=31%, signal=36%","Ezr/Snx12/Chmp3/Wdr81/Rab5a/Mapk1/Atg14/Lmtk2/Nf2/Rab11a/Hook1/Sorl1/Dync1li1/Snx3/Rab21/Msn/Rab7/Vps11/Map2k1"
"GO:0045861","GO:0045861","negative regulation of proteolysis",77,-0.29451984717172,-1.26292295875239,0.117206982543641,0.408457885430591,0.350561824038923,1594,"tags=23%, list=20%, signal=19%","Crb2/Usp19/Alad/Psen1/Sgta/Psmf1/Bin1/Gapdh/Ophn1/Gabarapl2/Rpl5/Cstb/Uchl5/Ufsp2/Ogt/Park7/Timp4/Serpind1"
"GO:0006888","GO:0006888","endoplasmic reticulum to Golgi vesicle-mediated transport",87,-0.280853380008515,-1.24513756807301,0.11704834605598,0.408457885430591,0.350561824038923,2048,"tags=37%, list=26%, signal=28%","Trappc3/Mia2/Copg2/Copa/Golt1b/Sec16a/Tmed2/Copb2/Sec23a/Cnih4/Sar1b/Sorl1/Stx18/Use1/Spast/Sec23b/Yipf4/Tmed3/Pgap1/Ergic3/Yipf6/Trappc2b/Arf1/Rint1/Copb1/Trappc6b/Rab1a/Sec13/P4hb/Cope/Nrbp1/Tmed5"
"GO:0044409","GO:0044409","symbiont entry into host",39,-0.345911100341761,-1.27177253258403,0.119266055045872,0.412927656727829,0.354398036375342,1750,"tags=38%, list=22%, signal=30%","Jpt2/Fuca2/Hmgb1/Npc1/Insr/Nectin3/Pikfyve/Siva1/Tpcn2/Itgav/Ctsb/Eps15/P4hb/Dpp4/Nrp1"
"GO:1902932","GO:1902932","positive regulation of alcohol biosynthetic process",20,0.443927471674996,1.31528308175021,0.120781527531083,0.415611063628836,0.356701089031221,1932,"tags=45%, list=24%, signal=34%","Abcg1/Pth1r/Srebf2/Adcyap1r1/Qki/Scap/Plcd1/Por/Fdps"
"GO:1905330","GO:1905330","regulation of morphogenesis of an epithelium",26,-0.390125493982606,-1.29519462627832,0.120805369127517,0.415611063628836,0.356701089031221,1259,"tags=31%, list=16%, signal=26%","Fgf1/Fgf2/Gja1/Pdgfra/Sox9/Egf/Itgax/Hgf"
"GO:0003341","GO:0003341","cilium movement",82,-0.285864026303507,-1.23224751850097,0.120822622107969,0.415611063628836,0.356701089031221,1762,"tags=30%, list=22%, signal=24%","Ttll1/Cfap54/Kif3a/Dpcd/Vdac3/Dync1h1/Gas8/Dnah3/Ttll5/Rsph3b/Cfap69/Tac1/Dnali1/Iqub/Cfap20/Dync2h1/Tubb4b/Anxa5/Aqp4/Ube2b/Slc9b1/Mkks/Spag6l/Tekt1/Rsph14"
"GO:0060294","GO:0060294","cilium movement involved in cell motility",66,-0.305658909557975,-1.27319449938149,0.121890547263682,0.417663614915115,0.358462705463459,1762,"tags=33%, list=22%, signal=26%","Ttll1/Cfap54/Dpcd/Vdac3/Gas8/Dnah3/Ttll5/Rsph3b/Cfap69/Tac1/Dnali1/Iqub/Cfap20/Dync2h1/Tubb4b/Anxa5/Ube2b/Slc9b1/Mkks/Spag6l/Tekt1/Rsph14"
"GO:0001763","GO:0001763","morphogenesis of a branching structure",110,0.28312511383055,1.22069122283131,0.1234375,0.420795272435897,0.361150472334683,1425,"tags=26%, list=18%, signal=22%","Epha7/Bcl2/Ext1/Sulf1/Nrarp/Bcl11a/Gzf1/Fgf13/Lama1/Csmd1/Nfatc3/Lgr4/Drd2/Nkx2-1/St14/Bmp2/Ctsh/Sox2/Slit2/Map3k13/Ncoa3/Igf1/Col4a1/Ctnnd2/Btrc/Ilk/Gna13/Hs3st3a1/Acvr1"
"GO:0003254","GO:0003254","regulation of membrane depolarization",31,0.39507162154287,1.2958774845851,0.124324324324324,0.42133791763211,0.361616201352473,1191,"tags=35%, list=15%, signal=30%","Cacna1c/Ank3/Cacna1d/Fgf12/Scn10a/Camk2d/Rbfox2/Cacna1g/Parp1/Scn2b/B2m"
"GO:0043467","GO:0043467","regulation of generation of precursor metabolites and energy",77,-0.292216552182274,-1.25304625892762,0.124688279301746,0.42133791763211,0.361616201352473,1925,"tags=32%, list=24%, signal=25%","Chchd2/Uchl1/Prelid1/Rbpj/Chchd4/Pnpt1/Hmgb1/Psen1/Prkaa2/Insr/Cisd1/Gfpt1/Rubcnl/Ppp2ca/Prkag2/Pik3ca/Ddit4/Uqcc2/Ppif/Eif6/Macroh2a1/Cxxc5/Ogt/Park7/Inpp5k"
"GO:0033674","GO:0033674","positive regulation of kinase activity",147,0.270030582967394,1.21200173152782,0.127131782945736,0.424756613803569,0.364550321144133,1491,"tags=27%, list=19%, signal=22%","Prkcd/Robo1/Egfr/Emp2/Dab1/Ccnd2/Nrxn1/Dab2ip/Gas6/Ntrk3/Adra2c/Vegfc/Tead1/Abi2/Taok3/Tgfb2/Adcy8/Stradb/Zfp91/Ptk2/Map3k13/Mmd2/Map2k4/Prnp/Igf1/Ccdc88a/Tenm1/Ccny/Adra2b/Notch2/Agrn/Als2/Tnfsf11/Edn3/Fbxw7/Pdcd10/Erp29/Sash1/Adam17"
"GO:0072593","GO:0072593","reactive oxygen species metabolic process",110,-0.263004162425165,-1.20863793484877,0.12707182320442,0.424756613803569,0.364550321144133,1295,"tags=25%, list=16%, signal=22%","Tspo/Ndufs1/Insr/Nfe2l2/Pikfyve/Arf4/Mapt/Prdx4/Cflar/Sod1/Pla2r1/Coa8/Prdx1/Rnf41/Prdx3/Gpx3/Ddit4/Parl/Coq7/Ccn2/Prex1/Ndufs6/Sod2/Eif6/Ogt/Park7/Bnip3/Pid1"
"GO:0007586","GO:0007586","digestion",39,0.366921482198415,1.28590255446653,0.128975265017668,0.42567837989274,0.365341433307916,1178,"tags=28%, list=15%, signal=24%","Chrm3/Negr1/Ppp3ca/Htr4/Cracd/Kcnma1/Aqp1/Slc5a1/Cckbr/Madd/Lipa"
"GO:0006111","GO:0006111","regulation of gluconeogenesis",29,-0.372587597379111,-1.2655082000714,0.129032258064516,0.42567837989274,0.365341433307916,2236,"tags=41%, list=28%, signal=30%","Hif1a/Slc35b4/Sik1/Ddb1/Arpp19/Pgp/Xpc/Clk2/Prkag2/Mtcl2/Cry1/Ogt"
"GO:0042752","GO:0042752","regulation of circadian rhythm",73,0.316155674315908,1.25931895753039,0.128978224455611,0.42567837989274,0.365341433307916,2147,"tags=44%, list=27%, signal=32%","Mapk10/Mtnr1b/Nlgn1/Adcy1/Thrap3/Drd2/Kdm2a/Nkx2-1/Parp1/Ppargc1a/Rora/Phlpp1/Btrc/Crtc1/Clock/Pspc1/Hnrnpd/Fbxw7/Per3/Atg7/Rock2/Nr1d2/Lepr/Kcna2/Usp2/Npas2/Ube3a/Pmch/Drd1/Tardbp/Ppp1ca/Mtor"
"GO:0031641","GO:0031641","regulation of myelination",34,0.382718457700932,1.28240266627062,0.13003663003663,0.426493438793821,0.366040963284576,1139,"tags=29%, list=14%, signal=25%","Pard3/Tenm4/Cdh2/Sirt2/Srebf2/Mtmr2/Rarb/Qki/Igf1/Ptprz1"
"GO:0051251","GO:0051251","positive regulation of lymphocyte activation",117,0.281871022172028,1.21921663015663,0.134069400630915,0.43634092567638,0.37449263746418,2283,"tags=37%, list=29%, signal=27%","Bcl2/Igfbp2/Tox/Ppp3ca/Zmiz1/Gas6/Fbxo38/Tcf3/Ambra1/Foxo3/Ep300/Shld2/Adk/Arid1a/Flot2/Efnb1/Igf1/Sh3kbp1/B2m/Cyrib/Pbrm1/Tnfsf11/Ap3d1/Cd47/Atad5/Efnb2/Carmil2/Bmi1/Smarcd3/Sox12/Itpkb/Abl1/Klhl22/Xrcc6/Exosc3/Tfrc/Actl6a/Peli1/Egr3/Kmt5b/Cd59b/Lgals1/Prkcq"
"GO:1903725","GO:1903725","regulation of phospholipid metabolic process",25,0.419858331514432,1.3195166978068,0.135472370766488,0.439830322183263,0.377487436310966,1866,"tags=44%, list=23%, signal=34%","Prkcd/Erbb4/Abca2/Slc27a1/Lpcat1/Mtmr2/Capn2/Htr2c/Mtmr3/Mtmr1/Mfsd2a"
"GO:0060043","GO:0060043","regulation of cardiac muscle cell proliferation",27,0.401848790275568,1.29464486527347,0.135714285714286,0.440078397212543,0.377700348432056,495,"tags=19%, list=6%, signal=17%","Tgfbr3/Kcnk2/Erbb4/Ccnd2/Vgll4"
"GO:0000423","GO:0000423","mitophagy",61,-0.295819075468885,-1.22238066350361,0.136150234741784,0.440417851798545,0.377991687693927,2045,"tags=38%, list=26%, signal=28%","Fundc1/Cdc37/Phb2/Atg14/Eif2s1/Ulk2/Timm23/Atg13/Atg5/Dnm1l/Arhgap26/Tspo/Stub1/Fbxo7/Gabarapl1/Rnf41/Gabarapl2/Parl/Snx7/Map1lc3a/Ogt/Cttn/Bnip3"
"GO:0017145","GO:0017145","stem cell division",24,0.419295495959076,1.30413638866593,0.136767317939609,0.440805210183541,0.378324140724814,1775,"tags=42%, list=22%, signal=33%","Fut9/Ext1/Fubp1/Tgfb2/Ncoa3/Thoc2/Zbtb16/Cntrl/Tdrd12/Bmi1"
"GO:0030101","GO:0030101","natural killer cell activation",23,0.421131515887259,1.30455269868481,0.1375,0.441988031914894,0.379339305711086,451,"tags=22%, list=6%, signal=21%","Tox/Emp2/Fyn/Gas6/Tcf3"
"GO:1904738","GO:1904738","vascular associated smooth muscle cell migration",29,-0.369085978393249,-1.25361481561281,0.138248847926267,0.441988031914894,0.379339305711086,1216,"tags=31%, list=15%, signal=26%","Dock4/Nfe2l2/Xbp1/Ssh1/Dock7/Nf1/Pak1/Nrp1/Lrp1"
"GO:0044843","GO:0044843","cell cycle G1/S phase transition",126,0.276635566130971,1.20850972869188,0.137658227848101,0.441988031914894,0.379339305711086,1602,"tags=27%, list=20%, signal=22%","Plcb1/Myo16/Bcl2/Egfr/Ppp3ca/Ccnd2/Tfdp1/Cables1/Tcf3/Crebbp/Ambra1/Appl2/Camk2d/Ecd/Cdk6/Arid1a/Gigyf2/Sox2/Mn1/Ankrd17/Ccni/Cdc73/Kmt2e/Pbrm1/Rbbp8/Acvr1/Nasp/E2f3/Adam17/Cdkn1b/Cpsf3/Pias1/Dpf3/Adamts1"
"GO:0141188","GO:0141188","nucleic acid catabolic process",188,-0.232213471194528,-1.15316424775782,0.13855421686747,0.442275705462908,0.379586203536583,1553,"tags=24%, list=19%, signal=20%","Etf1/Traf2/Zc3h14/Dffa/Pan2/Trnt1/Magoh/Exosc7/Cnot6l/Naf1/Nsun2/Rc3h2/Fastkd2/Ago1/Vip/Piwil1/Gspt1/Cnot6/Hnrnpab/Exog/Csde1/Lsm5/Prr5l/Srsf1/Lsm6/Trim71/Mtpap/Mettl3/Nicol1/Vim/Lsm14b/Zcchc17/Eif4a3/Grsf1/Dbr1/Smg1/Pnrc2/Exosc9/Cnot10/Eif3e/Gtsf1/Cirbp/Fxr1/Ddx5/Tob1"
"GO:0030307","GO:0030307","positive regulation of cell growth",112,0.278948659182221,1.20332891799441,0.14018691588785,0.443758344459279,0.38085868877802,2029,"tags=36%, list=25%, signal=27%","Cdh4/Bcl2/Cdkl5/Syt1/Egfr/Bcl11a/Golga4/Ntrk3/Dbn1/Ep300/Bmpr2/Rims2/Tead1/Ist1/Tgfb2/Ptk2/Adnp/Usp47/Map3k13/Ncoa3/Igf1/Acsl4/Tgfbr1/Slc23a2/Smurf1/Ilk/Map2k5/Adam17/Afdn/Derl2/Trpc5/Rims1/Prkn/Pum2/Mfsd2a/Syt17/Fdps/Avpr1a/Wnt5a/Klhl22"
"GO:0043523","GO:0043523","regulation of neuron apoptotic process",165,0.261348365316872,1.18829199099115,0.141122913505311,0.445660127091,0.382490906962763,1870,"tags=34%, list=23%, signal=27%","Epha7/Bcl2/Tox3/Mtnr1b/Hipk2/Vstm2l/Mdga2/Fyn/Faim2/Mt1/Ambra1/Foxo3/Gbe1/Grid2/Grm7/Tgfb2/Gba1/Bbs10/Parp1/Vps54/Kcnma1/Hdac4/Adnp/Ppargc1a/Tfap2d/Fmr1/Ripk1/Map2k4/Fzd1/Srpk2/Prnp/Rapsn/Ptpn5/Ptprz1/Stxbp1/Oxr1/Atf4/Agrn/Pcdhgc5/Ilk/Retreg1/Grik2/Fbxw7/Grn/Kcnip3/Unc5b/Egln1/Atg7/Btg2/Bace1/Prkn/Kcnb1/Chl1/Pdpk1/Abl1/Cpeb4"
"GO:0009855","GO:0009855","determination of bilateral symmetry",68,-0.298665356181615,-1.25038165370776,0.141791044776119,0.446180340899055,0.38293738408549,2236,"tags=38%, list=28%, signal=28%","Hif1a/Ift172/Nbl1/Enkur/Rbpj/Mical2/Tmed2/Kif3a/Dpcd/Galnt11/Gas8/Psen1/Pkd2/Cluap1/Tbc1d32/Map3k4/Cc2d2a/Gja1/Dync2li1/Daam2/Cited2/Dync2h1/Aida/Pcsk6/Mks1/Rttn"
"GO:0060249","GO:0060249","anatomical structure homeostasis",130,0.271885690794556,1.19435600534511,0.143081761006289,0.447939795636564,0.384447448364075,2086,"tags=35%, list=26%, signal=26%","Ank/Bcl2/Ush2a/Ext1/Egfr/Ush1c/Pth1r/Pcdh15/Ubash3b/Htr4/Tjp1/Whrn/Cracd/Tub/Enpp1/Cdh23/Ccdc66/Vps13b/Gigyf2/Bbs10/Rpa1/Vps54/Abcc8/Elp6/Lipa/Cib2/Tnfsf11/Nphp4/Epsti1/Spata7/Map1a/Tpp1/Nphp3/Mtf1/Stk39/Mbp/Col14a1/Ppargc1b/Mfsd2a/Nt5e/Slc22a21/Gpr137b/Tmem64/Tfrc/Ercc6"
"GO:0062197","GO:0062197","cellular response to chemical stress",166,-0.238171365755987,-1.16224900558538,0.142857142857143,0.447939795636564,0.384447448364075,1299,"tags=23%, list=16%, signal=20%","Pkd2/Tspo/Trp53inp1/Rhob/Psap/Prkaa2/Trpm2/Agap3/Pex5/Pex13/Nfe2l2/Pcna/Letm1/Rnf146/Xbp1/Slc11a2/Sod1/Pla2r1/Casp3/Prdx1/Fos/Net1/Pik3ca/Prdx3/Pnpla8/Prr5l/Pdgfra/Lrrc8d/Pex10/Coq7/Ppif/Sod2/Map1lc3a/Prkg2/Plekha1/Mylk/Park7/Hgf/Bnip3"
"GO:1990542","GO:1990542","mitochondrial transmembrane transport",62,-0.295647403403742,-1.21968381814597,0.144578313253012,0.448257992007992,0.38472054261528,2542,"tags=45%, list=32%, signal=31%","Aifm1/Tomm20/Sfxn1/Slc25a29/Opa1/Psen2/Hif1a/Ghitm/Tomm7/Mrs2/Romo1/Mcu/Chchd4/Pnpt1/Abcb7/Hspa9/Slc41a3/Tomm70a/Timm23/Mpc1/Letm1/Slc25a3/Mrpl18/Pam16/Maip1/Vdac2/Mpc2/Slc25a36"
"GO:0010613","GO:0010613","positive regulation of cardiac muscle hypertrophy",26,0.406025930697682,1.28718494669934,0.145945945945946,0.450720406817968,0.386833927270384,1120,"tags=31%, list=14%, signal=27%","Ppp3ca/Ep300/Nfatc3/Camk2d/Adk/Parp1/Ptk2/Igf1"
"GO:0051642","GO:0051642","centrosome localization",26,0.404575455965797,1.28258664619858,0.145945945945946,0.450720406817968,0.386833927270384,1418,"tags=27%, list=18%, signal=22%","Pard3/Pard3b/Bicd2/Syne2/Ints13/Kif5b/Plxna2"
"GO:0097581","GO:0097581","lamellipodium organization",56,0.325956405816612,1.22597652144573,0.147512864493997,0.452929222505239,0.388729658712756,1143,"tags=27%, list=14%, signal=23%","Ptpro/Auts2/Ablim1/Cdh13/Arhgef7/Carmil1/Spata13/Abi2/Aqp1/Hdac4/Mtss2/Slit2/Whamm/Phpt1/Ccdc88a"
"GO:0051289","GO:0051289","protein homotetramerization",36,-0.345126011038063,-1.24275431244876,0.148063781321185,0.453051317069079,0.388834447222249,1533,"tags=36%, list=19%, signal=29%","Ryr1/Usp16/Kcnj12/Pkd2/Trpm2/Hprt1/Aqp4/Dnm1/Tdo2/Sod2/Pkm/Aldh9a1/Ssbp1"
"GO:0032102","GO:0032102","negative regulation of response to external stimulus",154,0.260041689927314,1.17637902650768,0.148318042813456,0.453307673380435,0.389054466811339,932,"tags=18%, list=12%, signal=16%","Tafa5/Prkcd/Angpt2/Parp14/Ctnna2/Robo1/Arnt/Nrxn1/Cask/Ubash3b/Stat2/Samhd1/Dbn1/Robo2/Aoah/Grid2/Drd2/Usp18/Nfkb1/Gigyf2/Mfhas1/Parp1/Ptprs/Smpdl3b/Serpine2/Slit2/Htra1"
"GO:0090132","GO:0090132","epithelium migration",59,0.322358887300078,1.22961235495822,0.149152542372881,0.454291649678684,0.389898971320199,991,"tags=25%, list=12%, signal=22%","Tgfbr3/Ptprr/Plcg1/Iqsec1/Dab2ip/Epb41l4b/Arf6/Bmpr2/Tgfb2/Ctsh/Gab2/Aqp1/Ptk2/Prkce/Irs1"
"GO:0009416","GO:0009416","response to light stimulus",178,0.257956745607627,1.19184657030507,0.151248164464024,0.457502895457919,0.392655045368369,941,"tags=17%, list=12%, signal=15%","Prkcd/Kcnc1/Cntnap2/Bcl2/Ext1/Mapk10/Asic2/Atxn1/Large1/Egfr/Cacna1c/Ap1s2/Ppp1r1b/Kcnc2/Crebbp/Polh/Tafa2/Ep300/Cacna1e/Rpgr/Drd2/Nts/Ccdc66/Bbs10/Parp1/Slc24a4/Aqp1/Rev1/Usp47/Abcc8"
"GO:0007159","GO:0007159","leukocyte cell-cell adhesion",133,0.269392043433231,1.18786709943565,0.153238546603476,0.460929067215658,0.395595581134002,2652,"tags=44%, list=33%, signal=30%","Fut9/Ext1/Igfbp2/Nrarp/Ppp3ca/Zmiz1/Fbxo38/Pecam1/Ambra1/Rc3h1/Foxo3/Ep300/Adk/Arid1a/Flot2/Efnb1/Prnp/Igf1/B2m/Tmem131l/Cyrib/Pbrm1/Tnfsf11/Ap3d1/Cd47/Pag1/Efnb2/Loxl3/Carmil2/Podxl2/Bmi1/Smarcd3/Sox12/Itpkb/Abl1/Nt5e/Klhl22/Tfrc/Glmn/Pawr/Actl6a/Peli1/Egr3/Ildr2/Cd59b/Lgals1/Prkcq/Nkap/Cd81/Cd276/Rock1/Tsc2/Fcho1/Nfat5/Scrib/St3gal4/Ppara/Brd2"
"GO:0045103","GO:0045103","intermediate filament-based process",23,-0.395367819108207,-1.25892084637615,0.153846153846154,0.461191570548955,0.395820876447471,893,"tags=30%, list=11%, signal=27%","Tor1a/Atxn3/Sod1/Nefm/Raf1/Dnajb6/Vim"
"GO:0045104","GO:0045104","intermediate filament cytoskeleton organization",23,-0.395367819108207,-1.25892084637615,0.153846153846154,0.461191570548955,0.395820876447471,893,"tags=30%, list=11%, signal=27%","Tor1a/Atxn3/Sod1/Nefm/Raf1/Dnajb6/Vim"
"GO:0055088","GO:0055088","lipid homeostasis",74,-0.285408696825465,-1.21751514454217,0.155172413793103,0.463358814098841,0.397680928313488,1666,"tags=32%, list=21%, signal=26%","Fabp3/Ormdl2/Npc1/Commd9/Il18/Sar1b/Tspo/Errfi1/Prkaa2/Thada/Fitm2/Xbp1/Med13/Abcb11/Nus1/Etnppl/Pnpla8/Abca5/Soat1/Got1/Map2k1/Ormdl1/Lima1/Slc37a4"
"GO:0006885","GO:0006885","regulation of pH",47,-0.313693201914893,-1.21293433484019,0.155294117647059,0.463358814098841,0.397680928313488,2107,"tags=38%, list=26%, signal=28%","Tmem165/Rogdi/Vps33a/Mapk1/Tmem199/Atp6v0a1/Atp6v1b2/Atp6v0d1/Lamp1/Slc4a7/Tm9sf4/Slc9a8/Tpcn2/Lamp2/Rab7/Slc9b1/Ppt1/Creg1"
"GO:0120254","GO:0120254","olefinic compound metabolic process",44,-0.32353271243103,-1.22413475144288,0.155660377358491,0.46340025067598,0.397716491544318,871,"tags=20%, list=11%, signal=18%","Gpx4/Ptgs1/Pnpla8/Gstp3/Mgst3/Egr1/Fads1/Sdr16c5/Scp2"
"GO:0045197","GO:0045197","establishment or maintenance of epithelial cell apical/basal polarity",27,0.393163429815365,1.26666305322138,0.157142857142857,0.464882519428066,0.39898865902102,638,"tags=22%, list=8%, signal=21%","Pard3/Myo9a/Dlg2/Pard3b/Lama1/Pals1"
"GO:0006997","GO:0006997","nucleus organization",92,-0.267191889449181,-1.1905243617013,0.158176943699732,0.466626369096034,0.400485330140022,2751,"tags=42%, list=34%, signal=28%","Ahctf1/Tbpl1/Seh1l/H3f3b/Celf3/Tmem43/Chmp3/Nup107/Tmf1/Zmpste24/Ddx11/Nup98/Chmp7/Uspl1/Chmp2a/Chmp1b2/Sun2/Serbp1/Ndc1/Sun1/Polr1b/Pafah1b1/Nup35/Rnf8/Chmp4b/Rrn3/Ubxn2b/Bin1/Agap3/Spast/Nup54/Nolc1/Piwil1/Tor1a/Chmp2b/Brox/Smarca5/Nup133/Fxr1"
"GO:0033146","GO:0033146","regulation of intracellular estrogen receptor signaling pathway",20,-0.4126916281862,-1.26651612960097,0.159453302961276,0.467976084518799,0.401643732798938,1904,"tags=40%, list=24%, signal=31%","Phb2/Ufl1/Uba5/Ufm1/Vps11/Ufsp2/Pak1/Wbp2"
"GO:1900101","GO:1900101","regulation of endoplasmic reticulum unfolded protein response",20,-0.412417065273775,-1.26567351896042,0.159453302961276,0.467976084518799,0.401643732798938,2619,"tags=50%, list=33%, signal=34%","Wfs1/Atf6/Hspa5/Ern1/Ufl1/Cops5/Pdia6/Xbp1/Bfar/Bok"
"GO:0032602","GO:0032602","chemokine production",29,-0.364481854630496,-1.23797673099353,0.158986175115207,0.467976084518799,0.401643732798938,1871,"tags=38%, list=23%, signal=29%","Adcyap1/Arg2/Hmgb1/Il18/Suz12/Mif/Gstp3/Egr1/Slc37a4/Il17ra/Lrp1"
"GO:0032956","GO:0032956","regulation of actin cytoskeleton organization",198,-0.228829460140695,-1.1450921373041,0.160606060606061,0.469883866214676,0.403281099722261,1212,"tags=21%, list=15%, signal=18%","Bin1/Trpm2/Arhgef26/Ap1ar/Tac1/Actn2/Dixdc1/Gja1/Ssh1/Dmtn/Nedd9/Daam2/Abitram/Stmn1/Arap2/Tmod2/Arf1/Pik3ca/Wdr1/Mtpn/Arpc3/Rala/Add2/Cyfip1/Dstn/Pick1/Ccn2/Prex1/Arpc5/Arhgap44/Pdxp/Mkks/Fscn1/Pak1/Gpm6b/Lima1/Cttn/Pfn2/Nrp1/Inpp5k/Lrp1"
"GO:0035640","GO:0035640","exploration behavior",32,0.378477075608646,1.2524702674377,0.161290322580645,0.470870404533389,0.404127803103022,1974,"tags=47%, list=25%, signal=35%","Brinp3/Lsamp/Kcnq2/Shank2/Penk/Prkce/Fmr1/Ptpn5/Grn/Lrrtm1/Shank3/Chl1/Jph3/Ube3a/Gad1"
"GO:0050818","GO:0050818","regulation of coagulation",22,0.408987767068026,1.25055366643027,0.162210338680927,0.470870404533389,0.404127803103022,908,"tags=23%, list=11%, signal=20%","Prkcd/Angpt2/Ubash3b/Serpine2/Hs3st5"
"GO:0022406","GO:0022406","membrane docking",62,-0.29080554843283,-1.19970890177653,0.16144578313253,0.470870404533389,0.404127803103022,1144,"tags=31%, list=14%, signal=26%","Atp2a2/Atg14/Stx2/Tprg1l/Ndrg4/Ncam1/Snx3/Stx7/Ahcyl1/Calm2/Rab8a/Msn/Rab7/Esyt1/Vps11/Exoc1/Stx1a/Stx19/Snap29"
"GO:0045936","GO:0045936","negative regulation of phosphate metabolic process",198,0.250573027703863,1.16518115346793,0.162202380952381,0.470870404533389,0.404127803103022,969,"tags=18%, list=12%, signal=16%","Ptpro/Pard3/Prkcd/Pkib/Parp14/Atxn1/Igfbp3/Smyd3/Nr2f2/Dmd/Dab2ip/Ntrk3/Sirt2/Slc8a3/Ubash3b/Pecam1/Ptprt/Garem1/Spred2/Uri1/Drd2/Enpp1/Tmem132c/Abca2/Slc27a1/Gba1/Slc8a1/Lpcat1/Bmp2/Parp1/Epm2a/Mapk8ip1/Hdac4/Slit2/Ppargc1a/Gfra2"
"GO:0072595","GO:0072595","maintenance of protein localization in organelle",30,-0.36287795835795,-1.24458521260478,0.163636363636364,0.471918753697496,0.405027556072196,2113,"tags=43%, list=26%, signal=32%","Hdac3/Hspa5/Supt7l/Sun2/Sun1/Insig2/Tmed2/Hk1/Tspo/Gja1/Skp1/Rer1/Park7"
"GO:0006826","GO:0006826","iron ion transport",28,-0.359841218993566,-1.21548540481549,0.165909090909091,0.476890612001923,0.409294688078292,1828,"tags=39%, list=23%, signal=30%","Abcb7/Lmtk2/Abcc5/Snx3/Slc11a2/Nos1/Myo1b/Cp/Flvcr1/Steap2/Cltc"
"GO:0010660","GO:0010660","regulation of muscle cell apoptotic process",56,0.323000789800869,1.2148599556196,0.168096054888508,0.478040010640152,0.410281167462184,1484,"tags=30%, list=19%, signal=25%","Bcl2/Gria4/Erbb4/Igfbp3/Pde1a/Ambra1/Igf1r/Camk2d/Qki/Capn2/Igf1/Mff/Atf4/Ilk/Foxo1/Map2k5/E2f3"
"GO:0006024","GO:0006024","glycosaminoglycan biosynthetic process",29,0.378218087946321,1.23987533464665,0.170774647887324,0.483267096398972,0.414767350208021,1413,"tags=34%, list=18%, signal=28%","Ext1/Smpd3/B4galnt4/Csgalnact2/Nfkb1/Chst11/Ndst2/Igf1/Chsy1/Hs3st3a1"
"GO:0055008","GO:0055008","cardiac muscle tissue morphogenesis",24,0.401353470806276,1.24833123904321,0.174067495559503,0.489264815582263,0.419914934455908,1553,"tags=38%, list=19%, signal=30%","Tgfbr3/Tgfb2/Bmp2/Chd7/Ryr2/Lrp2/Tgfbr1/Bmpr1a/Egln1"
"GO:0008544","GO:0008544","epidermis development",144,0.257477233574683,1.15283525936066,0.174382716049383,0.489264815582263,0.419914934455908,1030,"tags=18%, list=13%, signal=16%","Kazn/Bcl2/Ush2a/Bcl11b/Ext1/Ncor2/Egfr/Ppp3ca/Ush1c/Tfdp1/Pcdh15/Whrn/Mafb/Igf1r/Lgr4/Mreg/Tgfb2/Cdh23/Gba1/St14/Kcnma1/Gsdme/Cux1/Pou3f2/Elapor2/Ncoa3"
"GO:0006576","GO:0006576","biogenic amine metabolic process",48,-0.308494571389655,-1.19034235159034,0.175059952038369,0.489468362218742,0.42008962977385,977,"tags=40%, list=12%, signal=35%","Smox/Abat/Oaz1/Aldh2/Epas1/Naaa/Sncb/Comt/Hprt1/Maob/Oaz2/Hdac10/Mtpn/Tph2/Vps35/Tdo2/Sms/Amd1/Park7"
"GO:0006879","GO:0006879","intracellular iron ion homeostasis",31,-0.358935987298487,-1.24236239163988,0.176733780760626,0.491168784600925,0.421549029122466,2313,"tags=52%, list=29%, signal=37%","Mecr/Frrs1/Ndfip1/Hif1a/Abcb7/Ireb2/Tmem199/Glrx3/Atp6v0d1/Slc11a2/Cisd1/Atp6v1g1/Sod1/Cp/Steap2/Atp6v1a"
"GO:0060443","GO:0060443","mammary gland morphogenesis",20,0.419116225736059,1.24177149685663,0.179396092362345,0.494424045567952,0.424342879512013,2230,"tags=55%, list=28%, signal=40%","Robo1/Nrg3/Csmd1/Nfkb1/Slit2/Ncoa3/Btrc/Igfbp5/Wnt5a/Lrp5/Nr3c1"
"GO:0019674","GO:0019674","NAD metabolic process",20,-0.403232900947201,-1.23748808591048,0.17995444191344,0.494424045567952,0.424342879512013,1487,"tags=55%, list=19%, signal=45%","Mdh1/Nadk/Ldha/Got2/Mdh2/Nadsyn1/Ldhb/Got1/Slc25a13/Macroh2a1/Slc25a22"
"GO:0010883","GO:0010883","regulation of lipid storage",22,0.402935804470864,1.23204870216389,0.180035650623886,0.494424045567952,0.424342879512013,615,"tags=23%, list=8%, signal=21%","Abcg1/Srebf2/Asxl2/Clstn3/Tmem135"
"GO:0001892","GO:0001892","embryonic placenta development",50,0.331263972498292,1.22587436656368,0.179310344827586,0.494424045567952,0.424342879512013,2043,"tags=44%, list=26%, signal=33%","Arnt/Egfr/Hs6st1/Bptf/Nr2f2/Tfeb/Slc8a1/Ncoa1/St14/Zfat/Ncoa3/Sp3/Birc6/Plcd1/Egln1/Cebpa/Pkd1/Vash2/Stk3/Fbxw8/Hsf1/Llgl2"
"GO:0002275","GO:0002275","myeloid cell activation involved in immune response",27,-0.362930311802616,-1.21200194372841,0.180995475113122,0.495640544104832,0.425386947851102,598,"tags=37%, list=7%, signal=34%","Cplx2/Hmgb1/Cbl/Abr/Rabgef1/Snx4/Kit/Snap23/Ywhaz/Kars1"
"GO:0140115","GO:0140115","export across plasma membrane",34,0.366097594400377,1.22670992665102,0.183150183150183,0.499996239215952,0.429125253506535,1245,"tags=29%, list=16%, signal=25%","Kcne2/Kcnip1/Slc8a3/Atp1b1/Slc27a1/Slc8a1/Slc24a4/Kcnd3/Slc30a4/Agrn"
"GO:0048144","GO:0048144","fibroblast proliferation",71,0.300263203837124,1.19723937717205,0.185430463576159,0.502609177012239,0.431367825562651,1194,"tags=24%, list=15%, signal=21%","Pdgfd/Phip/Egfr/Zmiz1/Dab2ip/Gas6/Rnaseh2b/BC004004/Ecd/Cdk6/Zfp469/Meox2/Aqp1/Kmt2c/Igf1/Ptprz1/Cdc73"
"GO:1902904","GO:1902904","negative regulation of supramolecular fiber organization",101,0.278037368775272,1.17714987038961,0.187599364069952,0.506423054885282,0.434641112801129,1718,"tags=31%, list=21%, signal=24%","Prkcd/Dlc1/Add3/Mid1/Ctnna2/Pecam1/Tjp1/Fhod3/Dbn1/Fgf13/Arhgef7/Cracd/Carmil1/Capza2/Slit2/Taok1/Cyrib/Ssh2/Arhgef18/Eps8/Ccdc88c/Nav3/Map1a/Ttbk2/Mid1ip1/Carmil2/Map2/Arfgef1/Shank3/Fkbp4/Prkn"
"GO:0031503","GO:0031503","protein-containing complex localization",185,0.248825249634455,1.15243171337074,0.187869822485207,0.506638801205036,0.434826278582181,759,"tags=15%, list=9%, signal=14%","Gpc6/Magi2/Nrxn3/Grip1/Shisa6/Mapk10/Nlgn1/Cacng3/Dlg2/Cacng4/Erbb4/Cep112/Cacng2/Nbea/Cacna2d2/Kalrn/Iqsec1/Nrxn1/Sirt2/Dbn1/Tub/Rpgr/Rapgef4/Cnih3/Lhfpl4/Hip1/Grip2/Tspan7"
"GO:0071322","GO:0071322","cellular response to carbohydrate stimulus",99,0.275254730642574,1.16602173289009,0.188291139240506,0.50726052607954,0.435359878284453,1740,"tags=30%, list=22%, signal=24%","Plcb1/Abcg1/Ppp3ca/Gas6/Tjp1/Cacna1d/Foxo3/Igf1r/Cacna1e/Epha5/Adcy5/Nfkb1/Adcy8/Prkce/Abcc8/Sidt2/Map2k4/Rps6ka2/Igf1/Ptprn/Brsk2/Rab34/Kif5b/Pck2/Klf7/Sybu/Atg7/Prkn/Kcnb1/Lepr"
"GO:0097300","GO:0097300","programmed necrotic cell death",27,-0.360557793736459,-1.20407894470022,0.190045248868778,0.510950775270052,0.43852706034539,1541,"tags=37%, list=19%, signal=30%","Traf2/Casp8/Dnm1l/Spata2/Tspo/Cflar/Cyld/Asah1/Ppif/Bok"
"GO:0032288","GO:0032288","myelin assembly",20,0.413081132245098,1.22389052108487,0.191829484902309,0.512230090728384,0.439625041744675,1300,"tags=40%, list=16%, signal=34%","Tenm4/Nfasc/Pals1/Abca2/Mtmr2/Cntn1/Gpc1/Ilk"
"GO:0170041","GO:0170041","non-proteinogenic amino acid metabolic process",41,-0.320638659613292,-1.20229995132158,0.190909090909091,0.512230090728384,0.439625041744675,1987,"tags=37%, list=25%, signal=28%","Mtr/Abat/Oaz1/Mmut/Arg2/Aadat/Comt/Aldh6a1/Prdx4/P4ha1/Aldh5a1/Mthfd1/P4hb/Tdo2/Park7"
"GO:0008584","GO:0008584","male gonad development",65,-0.287274154968573,-1.19070224080961,0.191919191919192,0.512230090728384,0.439625041744675,1540,"tags=31%, list=19%, signal=25%","Ubb/Cbl/Tex11/Spata2/Insr/Ccnd1/Aspm/Gja1/Sema3a/Prdx4/Adgrg1/Cited2/Eif2s2/Pdgfra/Sox9/Kitl/Kit/Bok/Plekha1/Nhlh2"
"GO:0046330","GO:0046330","positive regulation of JNK cascade",50,0.326023383571889,1.20648106042741,0.194827586206897,0.515677317600327,0.442583648208669,1988,"tags=38%, list=25%, signal=29%","Plcb1/Hipk2/Sh3rf3/Dab2ip/Taok3/Mfhas1/Mapk8ip1/Fzd10/Taok1/Ripk1/Map2k4/Tnfsf11/Ccdc88c/Tnik/Mapk8ip3/Map3k7/Stk3/Rnf13/Wnt5a"
"GO:0009308","GO:0009308","amine metabolic process",51,-0.300471299417046,-1.18097120391218,0.195294117647059,0.515677317600327,0.442583648208669,977,"tags=37%, list=12%, signal=33%","Smox/Abat/Oaz1/Aldh2/Epas1/Naaa/Sncb/Comt/Hprt1/Maob/Oaz2/Hdac10/Mtpn/Tph2/Vps35/Tdo2/Sms/Amd1/Park7"
"GO:0030203","GO:0030203","glycosaminoglycan metabolic process",39,0.3449171227602,1.2087867043902,0.196113074204947,0.517326055864042,0.443998689302762,1413,"tags=31%, list=18%, signal=25%","Ext1/Smpd3/B4galnt4/Dsel/Csgalnact2/Nfkb1/Chst11/Galns/Ndst2/Igf1/Chsy1/Hs3st3a1"
"GO:0072577","GO:0072577","endothelial cell apoptotic process",21,0.402060260640543,1.20901832441198,0.196808510638298,0.518132504739836,0.444690829665273,594,"tags=24%, list=7%, signal=22%","Pak4/Plcg1/Gas6/Foxo3/Bmpr2"
"GO:1990776","GO:1990776","response to angiotensin",26,0.380533923172016,1.20637008767839,0.198198198198198,0.519220698531043,0.445624779563074,939,"tags=19%, list=12%, signal=17%","Nr3c2/Prkcd/Ppp3ca/Nfkb1/Rap1gds1"
"GO:0090207","GO:0090207","regulation of triglyceride metabolic process",21,0.401419655454309,1.20709198777867,0.200354609929078,0.523837667454689,0.449587325287213,746,"tags=19%, list=9%, signal=17%","Thrb/Cdk8/Lmf1/Slc27a1"
"GO:0099637","GO:0099637","neurotransmitter receptor transport",27,0.368525246258044,1.1872856888892,0.201785714285714,0.526543880555166,0.451909951522575,200,"tags=19%, list=2%, signal=18%","Grip1/Mapk10/Cacng3/Cacng4/Cacng2"
"GO:0051785","GO:0051785","positive regulation of nuclear division",28,0.370722443554498,1.20509569796792,0.204626334519573,0.530830657061019,0.455589107305196,1349,"tags=32%, list=17%, signal=27%","Plcb1/Phip/Smpd3/Sirt2/Fbxo5/Igf1r/Eif4g3/Igf1/Edn3"
"GO:0030239","GO:0030239","myofibril assembly",24,-0.376911727199875,-1.20630848835831,0.207289293849658,0.535310696966479,0.459434132746116,1582,"tags=58%, list=20%, signal=47%","Ttn/Cfl2/Akap13/Tmod3/Flii/Itgb1/Mef2a/Actn2/Prkar1a/Cflar/Tmod2/Wdr1/Pdgfra/Klhl41"
"GO:0045839","GO:0045839","negative regulation of mitotic nuclear division",25,-0.367864814775556,-1.19219079223455,0.208616780045351,0.535787791994703,0.459843602875841,2237,"tags=52%, list=28%, signal=38%","Spc25/Pcid2/Zfp207/Fgfr2/Bub3/Cdk5rap2/Usp44/Dync1li1/Psmg2/Prpf4b/Gen1/Lcmt1/Trip13"
"GO:0060562","GO:0060562","epithelial tube morphogenesis",188,0.243412854511464,1.12733717317148,0.211940298507463,0.540315679512314,0.463729693863026,2137,"tags=35%, list=27%, signal=26%","Ret/Dlc1/Epha7/Kif26b/Bcl2/Ext1/Robo1/Nrarp/Gzf1/Lama1/Gatad2a/Csmd1/Nfatc3/Lgr4/Stard13/Tead1/Setdb2/Kdm2a/Nkx2-1/Tgfb2/Arid1a/St14/Bmp2/Ctsh/Sox2/Luzp1/Slit2/Ryr2/Ncoa3/Lrp2/Mtss1/Mthfd1l/Igf1/Col4a1/Notch2/Btrc/Ilk/Gna13/Hs3st3a1/Acvr1/Efnb2/Nphp3/Ptk7/Tctn1/Hs2st1/Shank3/Rock2/Pkd1/Mib1/Ccm2/Map3k7/Tnc/Abl1/Nup50/Stk3/Dag1/Ski/Arl13b/Wnt5a/Tmtc3/Lrp5/Gpc3/Glmn/Ppp1ca/Lgr5"
"GO:1903531","GO:1903531","negative regulation of secretion by cell",101,0.272581563585909,1.15405117541987,0.214626391096979,0.545073136510858,0.467812814455589,1779,"tags=27%, list=22%, signal=21%","Kcnj6/Frmd4a/Atp9a/Mtnr1b/Ppp3ca/Igfbp3/Kalrn/Il1rapl1/Drd2/Grm7/Abcc8/Rhbdf1/Fmr1/Irs1/Cnr1/Madd/Acsl4/Foxo1/Edn3/Klf7/Erp29/Stxbp5l/Kcnk9/Rsad2/Prkn/Kcnb1/Cbarp"
"GO:0045682","GO:0045682","regulation of epidermis development",21,-0.386564836296789,-1.19798009438409,0.21689497716895,0.547695863525392,0.470063788176421,1280,"tags=29%, list=16%, signal=24%","Errfi1/Fgf2/Nab1/Sgpp1/Srsf6/Macroh2a1"
"GO:0052548","GO:0052548","regulation of endopeptidase activity",21,-0.38647445639646,-1.19770000341006,0.21689497716895,0.547695863525392,0.470063788176421,2275,"tags=48%, list=28%, signal=34%","Timp3/Vtn/Stat3/Prelid1/Ncstn/Crb2/Bin1/Gapdh/Psma3/Serpind1"
"GO:1904645","GO:1904645","response to amyloid-beta",24,0.38350772077577,1.19282553430249,0.218472468916519,0.54808438191834,0.47039723679221,1120,"tags=38%, list=14%, signal=32%","Cacna1b/Fyn/Foxo3/Igf1r/Parp1/Grm5/Prnp/Ramp3/Igf1"
"GO:0015908","GO:0015908","fatty acid transport",40,-0.317513276476531,-1.17814090158477,0.217391304347826,0.54808438191834,0.47039723679221,1991,"tags=35%, list=25%, signal=26%","Atp5pf/Abcd2/Lypla1/Slc27a4/Fabp3/Got2/Mif/Fabp7/Pla2r1/Abcc4/Abcc1/Pnpla8/Fabp5/Slc25a17"
"GO:0008053","GO:0008053","mitochondrial fusion",25,-0.36289539034821,-1.17608568566544,0.217687074829932,0.54808438191834,0.47039723679221,672,"tags=48%, list=8%, signal=44%","Chchd3/Usp30/Miga2/Opa1/Mfn1/Fundc1/Dnm1l/Gdap1/Mcl1/Parl/Yme1l1/Bnip3"
"GO:0035019","GO:0035019","somatic stem cell population maintenance",38,-0.322746596055653,-1.17603758954432,0.218678815489749,0.54808438191834,0.47039723679221,692,"tags=16%, list=9%, signal=14%","Med12/Taf5l/Raf1/Sox9/Kit/Ldb2"
"GO:0071466","GO:0071466","cellular response to xenobiotic stimulus",53,0.314146501240029,1.16875387098343,0.219343696027634,0.548574179350816,0.470817608848823,346,"tags=13%, list=4%, signal=13%","Kcnc1/Kcne2/Asic2/Kcnq2/Egfr/Kcnq3/Gas6"
"GO:0141193","GO:0141193","nuclear receptor-mediated signaling pathway",95,0.272527105665981,1.14783814855677,0.220634920634921,0.549528461045315,0.471636627757267,1716,"tags=28%, list=21%, signal=23%","Nr3c2/Thrb/Esrrg/Ncor2/Zfp536/Zmiz1/Ddx17/Asxl2/Ep300/Rbfox2/Arid1a/Ncoa1/Bmp2/Parp1/Mn1/Rarb/Ncoa3/Igf1/Trerf1/Kmt2e/Cnot2/Clock/Dhrs3/Ncor1/Pdk3/Safb/Fkbp4"
"GO:0007009","GO:0007009","plasma membrane organization",78,0.282764426138288,1.14424313568838,0.221854304635762,0.550979393539947,0.472881900672831,1300,"tags=23%, list=16%, signal=20%","Xkr4/Large1/Xkr6/Emp2/Ano3/Ank3/Mafb/Pals1/Ano4/Tgfb2/Ank2/Mtss2/Whamm/Plscr1/Smpd1/Mtss1/Agrn/Ilk"
"GO:0016052","GO:0016052","carbohydrate catabolic process",94,-0.253879574986884,-1.13176054196096,0.22192513368984,0.550979393539947,0.472881900672831,1659,"tags=26%, list=21%, signal=20%","Hmgb1/Neu3/Hk1/Ldha/Adpgk/Psen1/Pfkp/Prkaa2/Insr/Wdr45b/Gapdh/Pgam1/Gabarapl1/Ppp2ca/Pgm2/Prkag2/Wipi1/Eno1/Ddit4/Pgm1/Pkm/Eif6/Ogt/Lct"
"GO:0002444","GO:0002444","myeloid leukocyte mediated immunity",31,-0.345452460847757,-1.1956927158151,0.223713646532438,0.551813159675096,0.473597486263379,598,"tags=23%, list=7%, signal=21%","Rabgef1/Wdr1/Snx4/Kit/Snap23/Ywhaz/Ddx21"
"GO:0010332","GO:0010332","response to gamma radiation",31,-0.345343162525883,-1.19531440845843,0.223713646532438,0.551813159675096,0.473597486263379,856,"tags=23%, list=11%, signal=20%","Rnf4/Gtf2h5/Chek2/Egr1/Polb/Sod2/Rpl26"
"GO:0055117","GO:0055117","regulation of cardiac muscle contraction",31,0.35918679529973,1.17817138819395,0.223423423423423,0.551813159675096,0.473597486263379,1245,"tags=32%, list=16%, signal=27%","Cacna1c/Dmd/Fgf13/Atp1b1/Scn10a/Slc8a1/Ank2/Hdac4/Ryr2/Agrn"
"GO:0044706","GO:0044706","multi-multicellular organism process",86,0.281846895104492,1.1573245063673,0.223684210526316,0.551813159675096,0.473597486263379,1753,"tags=31%, list=22%, signal=25%","Angpt2/Igfbp2/Sts/Kalrn/Emp2/Nr2f2/Adra2c/Csmd1/Bmpr2/Arid1a/Parp1/Serpine2/Stox2/Smurf2/Capn2/Cnr1/Sp3/Acsl4/Adra2b/Ythdf3/Grn/Corin/Igfbp5/Vmp1/Dedd/Fkbp4/Slc38a1"
"GO:0060173","GO:0060173","limb development",107,0.265575945674844,1.13481611621672,0.22432859399684,0.552113196415428,0.47385499488476,1593,"tags=23%, list=20%, signal=19%","Smoc1/B3glct/Ext1/Sulf1/Large1/Cacna1c/Dmd/Bmpr2/Frem2/Enpp1/Tgfb2/Chst11/Meox2/Vps54/Rarb/Chd7/Mbnl1/Notch2/Zbtb16/Mosmo/Plxna2/Lmbr1/Bmpr1a/Ttbk2/Sik3"
"GO:0050688","GO:0050688","regulation of defense response to virus",21,-0.380951269785344,-1.18058342425849,0.228310502283105,0.557463384362513,0.478446830940768,2323,"tags=43%, list=29%, signal=30%","Zmpste24/Tarbp2/Tomm70a/Rnf26rt/Atg5/Ppm1b/Traf3/Elmod2/Pcbp2"
"GO:0045926","GO:0045926","negative regulation of growth",118,0.257034467119063,1.11331043585509,0.229067930489731,0.558287467618878,0.479154106133183,934,"tags=15%, list=12%, signal=14%","Epha7/Bcl2/Sertad2/Kcnk2/Bcl11a/Dab2ip/Mt1/Fgf13/Vgll4/Bmpr2/Enpp1/Tgfb2/Ptprs/Ptk2/Serpine2/Slit2/Caprin2/Rai1"
"GO:0007565","GO:0007565","female pregnancy",78,0.280752351374055,1.136101012689,0.230132450331126,0.560368301676249,0.480939996450627,1753,"tags=32%, list=22%, signal=25%","Angpt2/Igfbp2/Sts/Emp2/Nr2f2/Adra2c/Csmd1/Bmpr2/Arid1a/Parp1/Stox2/Smurf2/Capn2/Cnr1/Sp3/Acsl4/Adra2b/Ythdf3/Grn/Corin/Igfbp5/Vmp1/Dedd/Fkbp4/Slc38a1"
"GO:0045815","GO:0045815","transcription initiation-coupled chromatin remodeling",29,-0.34321871701473,-1.16575566083102,0.232718894009217,0.563438742567963,0.483575223723737,1243,"tags=31%, list=16%, signal=26%","L3mbtl3/Smarcd1/Tet3/Dpy30/Egr1/Ash2l/Wbp2/Glyr1/Macroh2a1"
"GO:0007026","GO:0007026","negative regulation of microtubule depolymerization",22,0.381299083593288,1.16589053607263,0.233511586452763,0.56394850897175,0.48401273428901,1671,"tags=41%, list=21%, signal=32%","Mid1/Fgf13/Taok1/Ccdc88c/Nav3/Map1a/Ttbk2/Mid1ip1/Map2"
"GO:0000079","GO:0000079","regulation of cyclin-dependent protein serine/threonine kinase activity",20,0.395978634646656,1.17321867223075,0.234458259325044,0.564185078321532,0.484215771580563,1497,"tags=30%, list=19%, signal=24%","Egfr/Nr2f2/Ccnd2/Ccny/Adam17/Cdkn1b"
"GO:0042180","GO:0042180","ketone metabolic process",102,-0.247033618753187,-1.12236143934381,0.235135135135135,0.56530228239089,0.485174619751568,854,"tags=17%, list=11%, signal=15%","Abcb11/Glo1/Acadl/Prkag2/Pdk1/Nmt1/Pdss1/Sox9/Egr1/Dbi/Coq7/Fabp5/Tdo2/Scp2/Eif6/Park7/Cpt1a"
"GO:0022616","GO:0022616","DNA strand elongation",20,-0.386627450786469,-1.1865273466285,0.236902050113895,0.566477114436014,0.486182927534007,1793,"tags=35%, list=22%, signal=27%","Ruvbl1/Pot1b/Actr8/Pcna/Mre11a/Uchl5/Nfrkb"
"GO:0030866","GO:0030866","cortical actin cytoskeleton organization",23,0.375841635985391,1.16425677491712,0.241071428571429,0.570428112300034,0.489573898959432,528,"tags=17%, list=7%, signal=16%","Rtkn/Fhod3/Rhoq/Arf6"
"GO:0061900","GO:0061900","glial cell activation",20,-0.383605952793971,-1.17725462171311,0.24373576309795,0.57100739566295,0.490071072938887,97,"tags=10%, list=1%, signal=10%","Hspa4/Lrp1"
"GO:0042542","GO:0042542","response to hydrogen peroxide",58,-0.2777054302543,-1.12337722462106,0.243243243243243,0.57100739566295,0.490071072938887,1267,"tags=28%, list=16%, signal=23%","Rhob/Trpm2/Nfe2l2/Pcna/Rnf146/Sod1/Casp3/Net1/Prdx3/mt-Nd6/Ppif/Sod2/Map1lc3a/Plekha1/Park7/Bnip3"
"GO:0032094","GO:0032094","response to food",21,-0.376323383257779,-1.16624141635057,0.246575342465753,0.575703462988491,0.494101505417173,977,"tags=29%, list=12%, signal=25%","Slc25a25/Comt/Acbd7/Etnppl/Cck/Mkks"
"GO:0061842","GO:0061842","microtubule organizing center localization",27,0.357733871473282,1.15251888532422,0.246428571428571,0.575703462988491,0.494101505417173,1418,"tags=26%, list=18%, signal=21%","Pard3/Pard3b/Bicd2/Syne2/Ints13/Kif5b/Plxna2"
"GO:1900242","GO:1900242","regulation of synaptic vesicle endocytosis",27,-0.342160514939775,-1.14264142643357,0.246606334841629,0.575703462988491,0.494101505417173,2344,"tags=48%, list=29%, signal=34%","Rac1/Snap91/Sh3gl1/Abca13/Ppp3cb/Snx9/Dnm1l/Tor1a/Ophn1/Ap2m1/Arpc3/Dnm1/Park7"
"GO:0006898","GO:0006898","receptor-mediated endocytosis",153,-0.223666577037559,-1.08305855069271,0.248571428571429,0.578260217472816,0.496295857754623,1862,"tags=40%, list=23%, signal=31%","Vtn/Vac14/Cd2ap/Anxa2/Dtnbp1/Snx17/Rab5a/Lrpap1/Sh3gl3/Scyl2/Nedd4/Lrrtm2/Nlgn3/Cacng5/Micall1/Sh3glb2/Ap2s1/Bicd1/Kif3a/Hgs/Snx9/Neu3/Apln/Ahi1/Canx/Cbl/Sgip1/Arc/Itgb1/Nsf/Sorl1/Napb/Gpr107/Insr/Ccdc32/Pikfyve/Ppp3r1/Snx1/Ophn1/Pla2r1/Usp46/Rab21/Ap2m1/Tpcn2/Atad1/Rabgef1/Arf1/Itgav/Lmbrd1/Rala/Cltc/Eps15/Dnm1/Pick1/Egf/Ppt1/Synj1/Cap1/Ap2b1/Cttn/Lrp1"
"GO:0001101","GO:0001101","response to acid chemical",83,0.275768617292713,1.129224802026,0.250814332247557,0.57965680424412,0.497494488074762,2169,"tags=35%, list=27%, signal=26%","Pdgfd/Bcl2/Egfr/Fyn/Ep300/Igf1r/Gria1/Sesn3/Samtor/Capn2/Sst/Col4a1/Hnrnpd/Glra3/Lrp11/Cdkn1b/Sh3bp4/Prkn/Kcnb1/Cpeb4/Gria2/Avpr1a/Ubr2/Klhl22/Hsf1/Cpeb3/Tmbim6/Mtor/Neurl1a"
"GO:1902476","GO:1902476","chloride transmembrane transport",45,0.317606274735757,1.1525857358352,0.251282051282051,0.57999910968661,0.497788274104064,1584,"tags=31%, list=20%, signal=25%","Kcnk2/Ano3/Ttyh3/Gabra2/Ano4/Clcn4/Gabra4/Gabra1/Gabrg2/Slc6a1/Gabrg1/Slc4a3/Glra3/Gabrp"
"GO:0050766","GO:0050766","positive regulation of phagocytosis",27,0.355559848912703,1.14551479021891,0.251785714285714,0.580657601288564,0.498353429106157,2454,"tags=56%, list=31%, signal=39%","Rap1gap/Gas6/Tub/Appl2/Ptk2/Cd47/Rab27a/Camk1d/Lyar/Mex3b/Rapgef1/Lman2/Myo18a/Calr/Bcr"
"GO:0043200","GO:0043200","response to amino acid",74,0.280529416359892,1.12128742561548,0.253355704697987,0.582761953972272,0.500159504448402,2169,"tags=35%, list=27%, signal=26%","Pdgfd/Egfr/Fyn/Ep300/Igf1r/Gria1/Sesn3/Samtor/Capn2/Sst/Col4a1/Hnrnpd/Glra3/Cdkn1b/Sh3bp4/Prkn/Kcnb1/Cpeb4/Gria2/Ubr2/Klhl22/Hsf1/Cpeb3/Tmbim6/Mtor/Neurl1a"
"GO:0034612","GO:0034612","response to tumor necrosis factor",80,0.274062928395406,1.11484946941571,0.257425742574257,0.585818973572773,0.502783212804882,1865,"tags=35%, list=23%, signal=27%","Ext1/Smpd3/Dab2ip/Gas6/Ube2k/Dbn1/Foxo3/Gba1/Nfkb1/Smpd4/Gsdme/Ripk1/Rora/Smpd1/Chuk/Tank/Rffl/Tnfsf11/Ilk/Eed/Ybx3/Adam17/Cdip1/Cebpa/Prkn/Map4k3/Map3k7/Adam9"
"GO:0031589","GO:0031589","cell-substrate adhesion",179,0.238332346370912,1.10094450357104,0.255917159763314,0.585818973572773,0.502783212804882,1419,"tags=21%, list=18%, signal=17%","Smoc2/Smoc1/Angpt2/Dlc1/Utrn/Bcl2/Epha3/Col26a1/Emp2/Dmd/Cask/Gas6/Peak1/Pecam1/Cdh13/Spock2/Dbn1/Ephb3/Carmil1/Cdk6/Antxr1/Zfp469/Ptk2/Prkce/Whamm/Vwc2/Ninj1/Epdr1/Ptprz1/Ptpra/Itgb8/Spry4/Ilk/Ajap1/Rsu1/Cntn2/Fermt1"
"GO:0070231","GO:0070231","T cell apoptotic process",25,0.369281211277387,1.16056461880663,0.265597147950089,0.597355174278251,0.512684237380594,1988,"tags=40%, list=25%, signal=30%","Bcl2/Bcl11b/Tgfb2/Pdcd7/Ripk1/Lipa/Cd47/St3gal1/Bak1/Wnt5a"
"GO:0170035","GO:0170035","L-amino acid catabolic process",31,-0.333449351887297,-1.15414711525421,0.266219239373602,0.597869051937844,0.513125276459787,1720,"tags=35%, list=22%, signal=28%","Arg2/Glud1/Aadat/Mccc1/Got2/Oat/Nos1/Asrgl1/Dlst/Got1/Tdo2"
"GO:0001666","GO:0001666","response to hypoxia",159,0.242122674021923,1.09517673226186,0.268817204301075,0.598171894055104,0.513385192815449,1630,"tags=28%, list=20%, signal=22%","Kcnd2/Angpt2/Bcl2/Arnt/Kcnk2/mt-Nd4/mt-Co2/Sirt2/Slc8a3/Adsl/Foxo3/Ep300/mt-Cytb/Atp1b1/Nfatc3/Vegfc/Drd2/Camk2d/Tgfb2/Slc8a1/Bmp2/Scfd1/Penk/Kcnma1/Aqp1/Prkce/Grin2b/Ryr2/Rora/Gad2/Capn2/Ak4/Scap/Atf4/Ercc3/mt-Co1/Hsp90b1/Adam17/Cdkn1b/mt-Nd5/Egln1/Pdk3/Cbfa2t3/Ddah1"
"GO:0061572","GO:0061572","actin filament bundle organization",102,-0.240959546564409,-1.09476477278934,0.267567567567568,0.598171894055104,0.513385192815449,1166,"tags=19%, list=15%, signal=16%","Tnfaip1/Abl2/Tac1/Marcks/Dmtn/Shtn1/Myo1b/Stmn1/Add2/Ccn2/Pdxp/Mkks/Fscn1/Spag6l/Pak1/Lima1/Pfn2/Nrp1/Inpp5k"
"GO:0060326","GO:0060326","cell chemotaxis",107,-0.238506209150968,-1.09727172190679,0.2710027100271,0.599130988158419,0.514208342007266,1285,"tags=40%, list=16%, signal=34%","Nup85/Tpbg/Rac1/Ppib/Swap70/Rarres2/S1pr1/Nbl1/Bsg/Jam3/Mapk1/Myo9b/Cxcl12/Mcu/Hmgb1/Rac3/Fgf18/Enpp2/Dnm1l/Gpr18/Fgf1/Dock4/Trpm2/Mif/Cxcl14/Pikfyve/Fgf2/Nedd9/Pla2g7/Abcc1/Elmo2/Ptn/Flt1/Pdgfra/Prex1/Kit/Gpr183/Dpp4/Hgf/Nrp1/Slc37a4/Il17ra/Tmsb4x"
"GO:0031345","GO:0031345","negative regulation of cell projection organization",134,0.245206185360906,1.08412407395939,0.270735524256651,0.599130988158419,0.514208342007266,1995,"tags=30%, list=25%, signal=23%","Prkcd/Epha7/Nlgn1/Ntm/Epha3/Rap1gap/Bcl11a/Ppp3ca/Dab1/Fyn/Nrxn1/Fgf13/Arf6/Runx1t1/Ptprs/Luzp1/Ptk2/Slit2/Grin2b/Thoc2/Prnp/Ptprz1/Dnm3/B2m/Fat3/Adam17/Efnb2/Trpc5/Mylip/Map2/Fkbp4/Mbp/Pmp22/Tbc1d30/Inpp5f/Ube3a/Diaph2/Ryk/Wnt5a/Ptprg"
"GO:0046856","GO:0046856","phosphatidylinositol dephosphorylation",21,-0.367024090150629,-1.13742253012975,0.271689497716895,0.599451048024844,0.514483035616026,1246,"tags=29%, list=16%, signal=24%","Mtmr6/Inpp4b/Ocrl/Sacm1l/Synj1/Inpp5k"
"GO:0060021","GO:0060021","roof of mouth development",52,0.304692737529331,1.13251369741486,0.27209705372617,0.599451048024844,0.514483035616026,1606,"tags=33%, list=20%, signal=26%","B3glct/Tgfbr3/Sox11/Acvr2b/Ephb3/Tgfb2/Meox2/Chd7/Fzd1/Tgfbr1/Csrnp1/Itgb8/Bmpr1a/Dhrs3/Bcor/Loxl3/Tiparp"
"GO:0002718","GO:0002718","regulation of cytokine production involved in immune response",35,-0.32083700544981,-1.15108974598857,0.274553571428571,0.602838931815501,0.517390710467333,1822,"tags=34%, list=23%, signal=27%","Ddx1/Tgfb3/Traf2/Il18/Hk1/Atg5/Mif/Rabgef1/Prkcz/Kit/Ddx21/Cd226"
"GO:0141137","GO:0141137","positive regulation of gene expression, epigenetic",31,-0.33063846840571,-1.14441798234923,0.275167785234899,0.603689060181186,0.518120339056159,1243,"tags=29%, list=16%, signal=25%","L3mbtl3/Smarcd1/Tet3/Dpy30/Egr1/Ash2l/Wbp2/Glyr1/Macroh2a1"
"GO:2000177","GO:2000177","regulation of neural precursor cell proliferation",67,0.283267526465635,1.10621540833057,0.277210884353741,0.604679033221164,0.518969990310359,2158,"tags=40%, list=27%, signal=30%","Tox/Cdh2/Ntrk3/Sirt2/Disp3/Foxo3/Vegfc/Appl2/Drd2/Sox2/Tafa1/Lrp2/Igf1/Ptprz1/Ilk/Foxo1/Rsu1/Afdn/Slc16a2/Btg2/Smarcd3/Shcbp1/Ryk/Wnt5a/Rapgef1/Foxg1/Kdm1a"
"GO:0042594","GO:0042594","response to starvation",145,-0.22427198725765,-1.08069420477169,0.27683615819209,0.604679033221164,0.518969990310359,2066,"tags=32%, list=26%, signal=24%","Hspa5/Hspa8/Pak2/Jun/Gcn1/Mapk1/Mcu/Adcyap1/Atg14/Larp1/Eif2s1/Inhbb/Ulk2/Cadps2/Cbl/Atg5/Pak6/Sar1b/Nprl3/Prkaa2/Fnip1/Nfe2l2/Wdr45b/Xbp1/Comt/Atxn3/Gabarapl1/Tbc1d7/Lamp2/Fos/Gabarapl2/Prkag2/Higd1a/Wipi1/Asns/Upp1/Pick1/Wdr59/Yme1l1/Fads1/Gnpat/Itfg2/Pak1/Mios/Map1lc3a/Glul/Ywhaz"
"GO:0021915","GO:0021915","neural tube development",105,-0.23630249947193,-1.08195068826176,0.277628032345013,0.605092572135566,0.51932491296289,1460,"tags=24%, list=18%, signal=20%","Casp8/Nckap1/Psen1/Pkd2/Cluap1/Enah/Tbc1d32/Abl2/Marcks/Cc2d2a/Ift122/Cited2/Wdr19/Nf1/Casp3/Med12/Kdm2b/Phactr4/Mthfd1/Trim71/Rala/Coq7/Mks1/Nup133/Tcf7"
"GO:0032368","GO:0032368","regulation of lipid transport",64,-0.265084094571371,-1.10423458208832,0.278728606356968,0.605371756742898,0.519564525095942,1991,"tags=36%, list=25%, signal=27%","Atp5pf/Lrat/Abca3/Prelid1/Abca13/Fabp3/Cry2/Pon1/Sar1b/Kdm5b/Tspo/Mif/Tac1/Pla2r1/Nus1/Itgav/Abca5/Cry1/Ptpn11/Dbi/Egf/Scp2/Lrp1"
"GO:0008202","GO:0008202","steroid metabolic process",124,-0.228890222520224,-1.07322410493615,0.278378378378378,0.605371756742898,0.519564525095942,1357,"tags=23%, list=17%, signal=20%","Cyp51/Mbtps1/Tspo/Errfi1/Stub1/Fgf1/Prkaa2/Hsd17b11/Comt/Ywhah/Abcb11/Sod1/Igfbp7/Acadl/Pdgfra/Msmo1/Abca5/Soat1/Egr1/Asah1/Mbtps2/Bdh1/Kit/Idi2/Lima1/Scp2/Plekha1/Slc37a4/Lrp1"
"GO:0170062","GO:0170062","nutrient storage",44,0.312664566760304,1.12927233907339,0.282006920415225,0.609639350718767,0.523227217338646,1178,"tags=25%, list=15%, signal=21%","Negr1/Abcg1/Srebf2/Asxl2/Clstn3/Tmem135/Enpp1/Gba1/Ldah/Cds1/Lipa"
"GO:0001504","GO:0001504","neurotransmitter uptake",23,-0.360441926919939,-1.14771064759651,0.285067873303167,0.611087889847903,0.52447043613161,1726,"tags=39%, list=22%, signal=31%","Arl6ip5/Syngr3/Slc17a6/Itgb1/Tor1a/Nos1/Gpm6b/Slc1a2/Park7"
"GO:0060324","GO:0060324","face development",32,-0.322272742665899,-1.12108680704428,0.286036036036036,0.611698408500556,0.524994418015956,518,"tags=19%, list=6%, signal=18%","Pdgfra/Raf1/Ptpn11/Map2k1/Mkks/Plekha1"
"GO:0051347","GO:0051347","positive regulation of transferase activity",168,0.237407037708079,1.08706089691233,0.288059701492537,0.612155628884967,0.525386830594251,1491,"tags=26%, list=19%, signal=21%","Prkcd/Robo1/Egfr/Emp2/Dab1/Ccnd2/Nrxn1/Dab2ip/Gas6/Ntrk3/Asxl2/Adra2c/Vegfc/Tead1/Abi2/Taok3/Tgfb2/Adcy8/Stradb/Zfp91/Ptk2/Ube2i/Map3k13/Ripk1/Mmd2/Map2k4/Prnp/Igf1/Ccdc88a/Tenm1/Ccny/Adra2b/Notch2/Agrn/Btrc/Als2/Tnfsf11/Edn3/Fbxw7/Pdcd10/Erp29/Sash1/Adam17"
"GO:0048701","GO:0048701","embryonic cranial skeleton morphogenesis",20,-0.368056611565697,-1.12953499251483,0.291571753986333,0.614635973792026,0.527515603880015,805,"tags=40%, list=10%, signal=36%","Tgfb3/Fgfr2/Wdr19/Dlx2/Med12/Runx2/Pdgfra/Eif4a3"
"GO:0007041","GO:0007041","lysosomal transport",91,-0.245958496305419,-1.09241742457135,0.295212765957447,0.620040082686296,0.532153717964368,2132,"tags=37%, list=27%, signal=28%","Ubxn6/Chmp2a/Chmp1b2/Hspa8/Vps33a/Snx27/Scyl2/Nedd4/Atg14/Cacng5/Hgs/Npc1/Hook1/Chmp4b/Gcc2/Sorl1/Rhob/Psap/Bin1/Rbsn/Stx7/Lamp1/Plekhf1/Vps53/Tpcn2/Lamp2/Gga3/Arf1/Rab7/Vps11/Vps35/Chmp2b/M6pr/Lrp1"
"GO:0051985","GO:0051985","negative regulation of chromosome segregation",24,-0.352881073385298,-1.12939822108516,0.296127562642369,0.621044657291641,0.533015901113707,2237,"tags=50%, list=28%, signal=36%","Spc25/Pcid2/Zfp207/Bub3/Cdk5rap2/Usp44/Dync1li1/Psmg2/Prpf4b/Gen1/Lcmt1/Trip13"
"GO:0061351","GO:0061351","neural precursor cell proliferation",123,0.246679067554651,1.07082315165523,0.2976,0.623085354330709,0.53476734355574,1495,"tags=23%, list=19%, signal=19%","Cntnap2/Ncor2/Tox/Cdh2/Ntrk3/Sirt2/Dbn1/Disp3/Fgf13/Tacc2/Foxo3/Vegfc/Appl2/Drd2/Sox2/Rarb/Tafa1/Pou3f2/Rora/Lrp2/Igf1/Ptprz1/Trim3/Ilk/Foxo1/Rsu1/Grn/Afdn"
"GO:0048660","GO:0048660","regulation of smooth muscle cell proliferation",92,0.261099981292375,1.09390757805477,0.298887122416534,0.625287850909177,0.536657651578986,964,"tags=17%, list=12%, signal=15%","Tafa5/Pdgfd/Sulf1/Mef2d/Egfr/Igfbp3/Smpd3/Pde1a/Cdh13/Igf1r/Bmpr2/Camk2d/Bmp2/Hdac4/Ptk2/Ppargc1a"
"GO:0032781","GO:0032781","positive regulation of ATP-dependent activity",21,-0.357314043115491,-1.10733070083905,0.305936073059361,0.632725763197021,0.543041291586129,1731,"tags=48%, list=22%, signal=37%","Chtop/Myl4/Hspa2/Dnajc24/Pot1b/Msh6/Ahsa1/Dnajb11/Ssbp1/Pfn2"
"GO:2000107","GO:2000107","negative regulation of leukocyte apoptotic process",21,0.369775081347622,1.11193493370363,0.312056737588652,0.637181653084664,0.546865590106115,346,"tags=14%, list=4%, signal=14%","Bcl2/Bcl11b/Gas6"
"GO:0043647","GO:0043647","inositol phosphate metabolic process",21,0.368532558436507,1.10819859585803,0.317375886524823,0.640290198990519,0.549533521272914,540,"tags=19%, list=7%, signal=18%","Plcb1/Pth1r/Plcg1/Adcyap1r1"
"GO:0051341","GO:0051341","regulation of oxidoreductase activity",23,-0.34928897219707,-1.11219767329582,0.321266968325792,0.642292382540061,0.551251909244414,1131,"tags=26%, list=14%, signal=22%","Abl2/Coa8/Sdhaf4/Nus1/Ndufa4/Park7"
"GO:1902410","GO:1902410","mitotic cytokinetic process",23,-0.34852984511214,-1.10978047880987,0.321266968325792,0.642292382540061,0.551251909244414,2424,"tags=48%, list=30%, signal=33%","Chmp3/Chmp7/Chmp2a/Chmp1b2/Stx2/Zfyve19/Rab11a/Chmp4b/Spart/Arf1/Chmp2b"
"GO:0030168","GO:0030168","platelet activation",36,0.32264700799107,1.0988364918176,0.319715808170515,0.642292382540061,0.551251909244414,2422,"tags=39%, list=30%, signal=27%","Prkcd/Ubash3b/Adra2c/Serpine2/Adra2b/Stxbp1/Gna13/Bloc1s4/Slc7a11/Tyro3/Pla2g4a/Prkcq/Evl/Srf"
"GO:0009181","GO:0009181","purine ribonucleoside diphosphate catabolic process",66,-0.256979392103334,-1.07042437910126,0.32089552238806,0.642292382540061,0.551251909244414,1516,"tags=27%, list=19%, signal=22%","Hk1/Adpgk/Psen1/Pfkp/Nudt9/Prkaa2/Insr/Gapdh/Entpd2/Pgam1/Ampd3/Ppp2ca/Prkag2/Eno1/Ddit4/Pkm/Eif6/Ogt"
"GO:0061387","GO:0061387","regulation of extent of cell growth",79,0.261506426653786,1.06498200841879,0.320325203252033,0.642292382540061,0.551251909244414,1000,"tags=19%, list=12%, signal=17%","Cdh4/Epha7/Cdkl5/Bcl11a/Golga4/Ntrk3/Dbn1/Fgf13/Ep300/Bmpr2/Ist1/Ptprs/Slit2/Adnp/Map3k13"
"GO:0141084","GO:0141084","inflammasome-mediated signaling pathway",20,-0.362314287620955,-1.11191228005669,0.323462414578588,0.644742548998849,0.553354781666833,647,"tags=20%, list=8%, signal=18%","Lamp2/Ppp2ca/Fbxl2/Ogt"
"GO:0033059","GO:0033059","cellular pigmentation",36,0.322402092497575,1.09800238496089,0.323268206039076,0.644742548998849,0.553354781666833,1440,"tags=28%, list=18%, signal=23%","Bcl2/Ap1s2/Ap1s3/Mreg/Abcb6/Hps3/Kif13a/Ap3s2/Ap3d1/Rab27a"
"GO:0170038","GO:0170038","proteinogenic amino acid biosynthetic process",23,-0.345466739729068,-1.10002701119055,0.328054298642534,0.649513313544674,0.557449323554504,1465,"tags=30%, list=18%, signal=25%","Enoph1/Got2/Oat/Mthfd1/Got1/Asns/Glul"
"GO:0030308","GO:0030308","negative regulation of cell growth",88,0.260572324178158,1.07782299852604,0.328968903436989,0.649872447428642,0.557757552710871,931,"tags=16%, list=12%, signal=14%","Epha7/Bcl2/Sertad2/Bcl11a/Dab2ip/Fgf13/Vgll4/Bmpr2/Enpp1/Tgfb2/Ptprs/Serpine2/Slit2/Caprin2"
"GO:0031047","GO:0031047","regulatory ncRNA-mediated gene silencing",66,-0.254392512610835,-1.05964896691002,0.335820895522388,0.657546215901347,0.56434361793081,1333,"tags=23%, list=17%, signal=19%","Zc3h7a/Eri1/Cnot6l/Ago1/Piwil1/Cnot6/Trim71/Mettl3/Cnot10/Eif6/Znfx1/Gtsf1/Fxr1/Ddx5/Hnrnpa2b1"
"GO:0002703","GO:0002703","regulation of leukocyte mediated immunity",63,-0.257544283670124,-1.0718240797201,0.336492890995261,0.65789308614441,0.564641321731985,1909,"tags=32%, list=24%, signal=24%","Rif1/Ddx1/Mlh1/Ufl1/Ppp3cb/Hmgb1/Traf2/Il18/Abr/Stx7/Lamp1/Slc15a4/Rabgef1/Snx4/Prkcz/Supt6/Kit/Dpp4/Ddx21/Cd226"
"GO:0002526","GO:0002526","acute inflammatory response",25,0.341838522838011,1.07431865698933,0.336898395721925,0.658201935506685,0.564906393847507,1425,"tags=32%, list=18%, signal=26%","Ext1/Eif2ak1/Cnr1/Plscr1/C2cd4b/Lipa/Tnfsf11/Acvr1"
"GO:0044060","GO:0044060","regulation of endocrine process",21,-0.350554930524603,-1.08638393698657,0.337899543378995,0.658705928038672,0.565338948947108,1724,"tags=48%, list=22%, signal=37%","Inhbb/Apln/Cry2/Kdm5b/Tspo/Tac1/Gja1/Rab8b/Cry1/Ptpn11"
"GO:0015698","GO:0015698","inorganic anion transport",71,0.26762584717483,1.0671044553316,0.337748344370861,0.658705928038672,0.565338948947108,1584,"tags=30%, list=20%, signal=24%","Ank/Kcne2/Kcnk2/Ano3/Ttyh3/Slc20a2/Enpp1/Gabra2/Ano4/Clcn4/Gabra4/Gabra1/Gabrg2/Atf4/Slc6a1/Gabrg1/Slc4a3/Mfsd5/Glra3/Tg/Gabrp"
"GO:1902991","GO:1902991","regulation of amyloid precursor protein catabolic process",27,0.337258418295887,1.08655267872675,0.339285714285714,0.660923600209315,0.567242281527996,1120,"tags=22%, list=14%, signal=19%","Slc2a13/Abcg1/Abca2/Flot2/Prnp/Igf1"
"GO:0031146","GO:0031146","SCF-dependent proteasomal ubiquitin-dependent protein catabolic process",29,-0.318376372894437,-1.08137767719879,0.341013824884793,0.663803631309417,0.569714088271735,1797,"tags=34%, list=22%, signal=27%","Fbxo48/Cul1/Fbxo31/Cul5/Fbxl16/Fbxl3/Cul2/Fbxl2/Skp1/Fbxo39"
"GO:0042073","GO:0042073","intraciliary transport",36,-0.299996213176205,-1.08024772320597,0.343963553530752,0.665162973700559,0.570880753343288,2721,"tags=47%, list=34%, signal=31%","Mak/Intu/Ttc21b/Cilk1/Ift43/Ift172/Pcm1/Bbs12/Ift80/Cluap1/Arl3/Dync2li1/Ift122/BC048507/Wdr19/Dync2h1/Kif3b"
"GO:0032790","GO:0032790","ribosome disassembly",35,-0.300865019714335,-1.07943483213316,0.34375,0.665162973700559,0.570880753343288,2106,"tags=31%, list=26%, signal=23%","Skic2/Gcn1/Ufl1/Tcf25/Trnt1/Saysd1/Denr/Mcts1/Ltn1/Klhdc10/Ufsp2"
"GO:0006090","GO:0006090","pyruvate metabolic process",80,-0.245690087486432,-1.05537848565317,0.343434343434343,0.665162973700559,0.570880753343288,1516,"tags=26%, list=19%, signal=21%","Hk1/Ldha/Adpgk/Psen1/Pfkp/Prkaa2/Mpc1/Insr/Gapdh/Pgam1/Ldhb/Ppp2ca/Prkag2/Dld/Pdk1/Eno1/Ddit4/Pkm/Eif6/Ogt/Mpc2"
"GO:0090181","GO:0090181","regulation of cholesterol metabolic process",26,0.338421835919302,1.07286618881991,0.345945945945946,0.666572659616138,0.572090626095203,368,"tags=15%, list=5%, signal=15%","Thrb/Lmf1/Abcg1/Srebf2"
"GO:2000243","GO:2000243","positive regulation of reproductive process",42,0.30449638565708,1.08021596960999,0.348214285714286,0.669106847692902,0.574265610656247,1085,"tags=24%, list=14%, signal=21%","Unc5c/Plcb1/Sirt2/Fbxo5/Igf1r/Tacr3/Eif4g3/Hdac4/Smurf2/Pde3a"
"GO:0031016","GO:0031016","pancreas development",35,0.320402147786781,1.07718143239148,0.348375451263538,0.669106847692902,0.574265610656247,2367,"tags=43%, list=30%, signal=30%","Cdh2/Acvr2b/Igf1r/Cdk6/Sidt2/Igf1/Clock/Nphp3/Pdpk1/Bak1/Myt1/Wnt5a/Ildr2/Aldh1a2/Wls"
"GO:2000377","GO:2000377","regulation of reactive oxygen species metabolic process",75,-0.24538121427026,-1.04482870319951,0.349009900990099,0.669565170802795,0.574658969656364,1951,"tags=33%, list=24%, signal=25%","Aldh2/Abcd2/Romo1/Abcb7/Ndufc2/Arg2/Il18/Atg5/Tspo/Insr/Nfe2l2/Pikfyve/Arf4/Mapt/Cflar/Sod1/Coa8/Rnf41/Parl/Coq7/Sod2/Eif6/Ogt/Park7/Pid1"
"GO:0140962","GO:0140962","multicellular organismal-level chemical homeostasis",38,0.306977343265084,1.06766167651834,0.351687388987567,0.672276612018648,0.576986082958148,1191,"tags=26%, list=15%, signal=23%","Ext1/Erbb4/Cybrd1/Lpcat1/Eif2ak1/Ctsh/Aqp1/Ank1/Lipa/B2m"
"GO:1903351","GO:1903351","cellular response to dopamine",25,0.338131204859177,1.0626674222514,0.351158645276292,0.672276612018648,0.576986082958148,785,"tags=16%, list=10%, signal=14%","Alk/Htr4/Drd2/Adcy5"
"GO:0032946","GO:0032946","positive regulation of mononuclear cell proliferation",40,0.308417424956319,1.08235128323879,0.352212389380531,0.672313527180784,0.577017765653071,2440,"tags=40%, list=30%, signal=28%","Bcl2/Igfbp2/Ppp3ca/Tcf3/Adk/Efnb1/Igf1/Atad5/Carmil2/Bmi1/Tfrc/Peli1/Cd59b/Prkcq/Cd81/Cd276"
"GO:0051348","GO:0051348","negative regulation of transferase activity",115,-0.225065717280942,-1.04416097180322,0.352777777777778,0.672533517280413,0.577206573687748,1389,"tags=26%, list=17%, signal=22%","Stk38/Psen1/Usp44/Errfi1/Spry2/Fbxo7/Sh3bp5/Prex2/Prkrip1/Prkar1a/Nolc1/Paqr3/Rgs14/Taf7/Mapt/Nf1/Casp3/Aida/Eif4a2/Pdcd4/Prkag2/Prdx3/Rpl5/Gstp3/Zgpat/Prex1/Pkia/Macroh2a1/Park7/Inpp5k"
"GO:0090148","GO:0090148","membrane fission",24,-0.333735842039023,-1.06812378089682,0.355353075170843,0.674435279713969,0.578838774537276,2493,"tags=46%, list=31%, signal=32%","Exoc5/Chmp3/Chmp7/Chmp2a/Chmp1b2/Chmp4b/Dnm1l/Spast/Dnm1/Chmp2b/Exoc1"
"GO:0048706","GO:0048706","embryonic skeletal system development",55,0.282961422647516,1.05754952051185,0.356282271944923,0.674979544356707,0.579305893456322,1402,"tags=27%, list=18%, signal=23%","Dscaml1/Ext1/Sulf1/Etl4/Asxl2/Sox11/Tgfb2/Chst11/Sp3/Mthfd1l/Tgfbr1/Tapt1/Pcgf2/Dync2i1/Mosmo"
"GO:0002209","GO:0002209","behavioral defense response",39,0.305897644984878,1.07204015620607,0.356890459363958,0.675424719892358,0.579687968459307,1342,"tags=33%, list=17%, signal=28%","Bcl2/Large1/Ankfn1/Ep300/Cacna1e/Grm7/Penk/Grin2b/Cckbr/Als2/Grik2/Spire1/Htr2c"
"GO:0051489","GO:0051489","regulation of filopodium assembly",49,0.287312118739369,1.05866556725784,0.358620689655172,0.676292492051846,0.580432739957009,1272,"tags=27%, list=16%, signal=22%","Prkcd/Nlgn1/Nrxn1/Dbn1/Rhoq/Arf6/Plppr5/Fmr1/Tenm1/Dnm3/Tgfbr1/Agrn/Gap43"
"GO:0032092","GO:0032092","positive regulation of protein binding",47,0.288482021769934,1.05017993299207,0.363951473136915,0.681778759807165,0.585141367455883,1988,"tags=36%, list=25%, signal=27%","Hipk2/Aktip/Mark3/Plcl2/Arhgef7/Ep300/Bmp2/Krit1/B2m/Agrn/Nphp3/Nmd3/Plcl1/Prkn/Abl1/Ip6k2/Wnt5a"
"GO:0036503","GO:0036503","ERAD pathway",76,-0.241334377877485,-1.03068202233382,0.367245657568238,0.685267511209786,0.588135612637445,2176,"tags=45%, list=27%, signal=33%","Herpud1/Ube4b/Ubxn4/Ube2j1/Wfs1/Rnf121/Rnf139/Tmem67/Usp14/Rnf145/Ubxn6/Uggt2/Hspa5/Sel1l/Ufd1/Ube4a/Ern1/Rnft1/Psmc6/Derl1/Usp19/Sec61b/Canx/Aup1/Sgta/Stub1/Man1c1/Tor1a/Atxn3/Man1b1/Rnf103/Trim13/Get4/Ube2j2"
"GO:0009266","GO:0009266","response to temperature stimulus",85,0.255673545303753,1.04553478000179,0.370065789473684,0.686674762184596,0.589343395584491,746,"tags=15%, list=9%, signal=14%","Cntnap2/St8sia1/Kcnq2/Mmp24/Ano3/Pdcl3/Zfp516/Hsf3/Scn10a/Appl2/Tmem135/Eif2b3/Slc27a1"
"GO:0062014","GO:0062014","negative regulation of small molecule metabolic process",58,-0.258763860099208,-1.04675456552755,0.375921375921376,0.692379553756541,0.594239572670446,924,"tags=33%, list=12%, signal=29%","Sik1/Oaz1/Ubr4/Pgp/Insig2/Xpc/Slc27a4/Tspo/Clk2/Sod1/Acadl/Ppp2ca/Mtcl2/Cry1/Sox9/Ddit4/Dbi/Idi2/Pid1"
"GO:0010876","GO:0010876","lipid localization",193,-0.203702473635207,-1.01661182993056,0.376119402985075,0.692379553756541,0.594239572670446,1991,"tags=32%, list=25%, signal=24%","Atp5pf/Lrat/Clptm1l/Abcd2/Abca3/Prelid1/Abhd5/Abca13/Atp11b/Lypla1/Slc27a4/Fabp3/Npc1/Slc66a2/Cry2/Pon1/Osbpl11/Sar1b/Rft1/Kdm5b/Spg11/Got2/Tspo/Psap/Mif/Serac1/Tac1/Fitm2/Pitpnm3/Comt/Tnfaip8l3/Fabp7/Abcb11/Pla2r1/Spart/Abcc4/Vps53/Tpcn2/Abcc1/Nus1/Pitpnb/Etnppl/Gulp1/Atp10d/Sgpp1/Itgav/Pnpla8/Prelid3b/Abca5/Cry1/Soat1/Ptpn11/Esyt1/Dbi/Fabp5/Prelid3a/Egf/Slc25a17/Scp2/Vdac2/Lrp1"
"GO:0170040","GO:0170040","proteinogenic amino acid catabolic process",31,-0.307679338522375,-1.06495100071133,0.378076062639821,0.693047160875757,0.594812551128696,1720,"tags=35%, list=22%, signal=28%","Arg2/Glud1/Aadat/Mccc1/Got2/Oat/Nos1/Asrgl1/Dlst/Got1/Tdo2"
"GO:2000648","GO:2000648","positive regulation of stem cell proliferation",25,-0.327874996139402,-1.06259021167823,0.378684807256236,0.693047160875757,0.594812551128696,1085,"tags=28%, list=14%, signal=24%","Fgf2/Gja1/N4bp2l2/Runx2/Ccne1/Sox9/Kitl"
"GO:0010506","GO:0010506","regulation of autophagy",174,-0.208061621219541,-1.02414058878012,0.380239520958084,0.694445664855577,0.596012826906391,1895,"tags=26%, list=24%, signal=21%","Tbk1/Ubr4/Atg14/Larp1/Lypla1/Ufl1/Eif4g1/Ulk2/Hmgb1/Pik3r2/Fez2/Npc1/Atg13/Atp6v0a1/Atg5/Chmp4b/Dnm1l/Eif4g2/Nprl3/Tspo/Trp53inp1/Stub1/Prkaa2/Fbxo7/Xbp1/Mapt/Tbc1d14/Cisd1/Plekhf1/Pip4k2b/Tpcn2/Rab8a/Rnf41/Mcl1/Wipi1/Mtcl2/Fbxl2/Snx4/Trim13/Map2k1/Parl/Snx7/Bok/Scoc/Cttn/Bnip3"
"GO:0033500","GO:0033500","carbohydrate homeostasis",152,0.228462324064795,1.03119360227535,0.381538461538462,0.695346654716086,0.596786107727271,1761,"tags=29%, list=22%, signal=23%","Mtnr1b/Ncor2/Abcg1/Cacna1c/Ppp3ca/Gas6/Tjp1/Cacna1d/Mbd5/Foxo3/Csmd1/Igf1r/Cacna1e/Appl2/Epha5/Enpp1/Sesn3/Adcy5/Adcy8/Prkce/Abcc8/Sidt2/Cnr1/Igf1/Ptprn/Brsk2/Foxo1/Tent4b/Rab34/Kif5b/Pck2/Klf7/Stxbp5l/G6pc2/Sybu/Cyb5r4/Atg7/Igfbp5/Cebpa/Prkn/Kcnb1/Foxk1/Lepr/Ncoa5"
"GO:0072348","GO:0072348","sulfur compound transport",31,-0.306323342058757,-1.06025757606402,0.384787472035794,0.697291652442696,0.598455415568086,1341,"tags=35%, list=17%, signal=30%","Slc36a1/Mgst1/Slc35b3/Abcc5/Slc5a6/Gja1/Abcc4/Abcc1/Lrrc8d/Slc25a17/Slc1a2"
"GO:0170036","GO:0170036","import into the mitochondrion",38,-0.287493260198747,-1.0475800050764,0.38496583143508,0.697291652442696,0.598455415568086,2641,"tags=45%, list=33%, signal=30%","Vdac1/Tomm20/Sfxn1/Opa1/Psen2/Hif1a/Tomm7/Romo1/Mcu/Pnpt1/Hspa9/Tomm70a/Timm23/Mrpl18/Pam16/Maip1/Slc25a36"
"GO:0043094","GO:0043094","metabolic compound salvage",24,-0.323928912911467,-1.03673663903422,0.38496583143508,0.697291652442696,0.598455415568086,1493,"tags=33%, list=19%, signal=27%","Uck1/Enoph1/Gmps/Pdxk/Hprt1/Ampd3/Pgm2/Upp1"
"GO:0140588","GO:0140588","chromatin looping",87,-0.232539133956229,-1.03094081234587,0.389312977099237,0.70134363557376,0.601933058302057,1877,"tags=26%, list=23%, signal=20%","Ddx51/Ddx55/Supv3l1/Ddx1/Ddx52/Ruvbl1/Helb/Snrnp200/Nsf/Dhx15/Ddx19a/Mcm8/Tor1a/Ddx42/Eif4a2/Dhx8/Ddx18/Ddx28/Yme1l1/Eif4a3/Ddx21/Pcbp2/Ddx5"
"GO:0071482","GO:0071482","cellular response to light stimulus",54,0.277927181798768,1.0346277788562,0.394463667820069,0.706804891015417,0.606620218808585,2158,"tags=33%, list=27%, signal=25%","Prkcd/Crebbp/Polh/Ep300/Rpgr/Parp1/Slc24a4/Aqp1/Usp47/Smpd1/Fbxw7/Usp28/Dhx36/Bak1/Tmem161a/Ei24/Atr/Kdm1a"
"GO:0006040","GO:0006040","amino sugar metabolic process",20,-0.341744248142789,-1.04878454737132,0.396355353075171,0.706920199877946,0.606719183442682,2288,"tags=65%, list=29%, signal=47%","Slc35a1/Amdhd2/St6gal2/B3galnt2/Dpagt1/Cmas/Oga/Npl/St6gal1/Chst2/Gfpt1/Gnpda2/Ogt"
"GO:0014823","GO:0014823","response to activity",36,-0.289131374309269,-1.04112483787104,0.398633257403189,0.710432862892145,0.609733950931363,2236,"tags=42%, list=28%, signal=30%","Hif1a/Anxa2/Hspa8/Cab39/Cry2/Cbl/Alad/Slc25a25/Itgb1/Prkaa2/Fos/Pik3ca/Cry1/Sod2/Uqcrc1"
"GO:0000768","GO:0000768","syncytium formation by plasma membrane fusion",23,0.334142527442931,1.03508409956603,0.4,0.710487641950568,0.609780965439651,2564,"tags=48%, list=32%, signal=33%","Adgrb3/Adgrb1/Ptgfrn/Capn2/Sh3pxd2a/Vash2/Adam9/Cd109/Cdon/Cd81/Tanc1"
"GO:0140253","GO:0140253","cell-cell fusion",23,0.334142527442931,1.03508409956603,0.4,0.710487641950568,0.609780965439651,2564,"tags=48%, list=32%, signal=33%","Adgrb3/Adgrb1/Ptgfrn/Capn2/Sh3pxd2a/Vash2/Adam9/Cd109/Cdon/Cd81/Tanc1"
"GO:1903115","GO:1903115","regulation of actin filament-based movement",20,0.355399843607359,1.05299048015586,0.401420959147425,0.710596471102015,0.609874368816598,1029,"tags=25%, list=13%, signal=22%","Cacna1c/Dbn1/Fgf13/Ank2/Ryr2"
"GO:0051646","GO:0051646","mitochondrion localization",37,-0.285958999165913,-1.04246876219351,0.405405405405405,0.710596471102015,0.609874368816598,1540,"tags=27%, list=19%, signal=22%","Ubb/Dnm1l/Mef2a/Spast/Mapt/Actr10/Myo19/Brat1/Hsbp1/Ogt"
"GO:0007585","GO:0007585","respiratory gaseous exchange by respiratory system",34,0.309947280989868,1.03856297376526,0.404761904761905,0.710596471102015,0.609874368816598,1563,"tags=29%, list=20%, signal=24%","Nlgn1/Hipk2/Gls/Mafb/Chst11/Man1a2/Fkrp/Fut8/Ccdc88c/Dach1"
"GO:0051894","GO:0051894","positive regulation of focal adhesion assembly",20,-0.338194895903306,-1.03789188187021,0.405466970387244,0.710596471102015,0.609874368816598,2423,"tags=30%, list=30%, signal=21%","Ppm1f/Rac1/Fmn1/Enpp2/Ptpn11/Nrp1"
"GO:0045912","GO:0045912","negative regulation of carbohydrate metabolic process",33,-0.294019112816832,-1.03534098209213,0.403508771929825,0.710596471102015,0.609874368816598,924,"tags=24%, list=12%, signal=22%","Clk2/Gfpt1/Ppp2ca/Mtcl2/Cry1/Ddit4/Cltc/Inpp5k"
"GO:0050000","GO:0050000","chromosome localization",63,-0.246995777322722,-1.02792427753032,0.402843601895735,0.710596471102015,0.609874368816598,2243,"tags=33%, list=28%, signal=24%","Nup98/Spc25/Chmp7/Chmp2a/Ska2/Chmp1b2/Zfp207/Sun1/Rcc2/Iffo1/Mlh1/Rb1/Spice1/Bub3/Rab11a/Dync1h1/Chmp4b/Cep63/Ube2b/Chmp2b/Abraxas1"
"GO:0051445","GO:0051445","regulation of meiotic cell cycle",23,0.33203914481381,1.02856838325967,0.407142857142857,0.711074878136848,0.610284964985129,1085,"tags=30%, list=14%, signal=26%","Plcb1/Sirt2/Fbxo5/Igf1r/Eif4g3/Rps6ka2/Pde3a"
"GO:0140056","GO:0140056","organelle localization by membrane tethering",55,-0.255172379688486,-1.02764991291916,0.413301662707838,0.712690740039003,0.611671789713014,1861,"tags=29%, list=23%, signal=22%","Atp2a2/Atg14/Stx2/Tprg1l/Ndrg4/Ncam1/Stx7/Ahcyl1/Calm2/Rab8a/Esyt1/Vps11/Exoc1/Stx1a/Stx19/Snap29"
"GO:0010721","GO:0010721","negative regulation of cell development",124,0.233611692211544,1.02002047178657,0.414556962025316,0.713929379550075,0.612734860697359,1209,"tags=19%, list=15%, signal=17%","Epha7/Nrarp/Bcl11a/Ppp3ca/Dab1/Ntrk3/Sirt2/Ubash3b/Sox11/Mafb/Fgf13/Rc3h1/Lingo1/Appl2/Cdk6/Ptprs/Ptk2/Slit2/Abcc8/Qki/Tob2/Igf1/B2m/Tmem131l"
"GO:0034728","GO:0034728","nucleosome organization",45,-0.269705165570803,-1.01966070260445,0.419664268585132,0.71945280111531,0.617475375712275,1194,"tags=22%, list=15%, signal=19%","Nap1l4/Smarcd1/Mcm3ap/Asf1a/Sox9/Cebpg/Supt6/Smarcc2/Macroh2a1/Smarca5"
"GO:0007030","GO:0007030","Golgi organization",86,-0.227395974610658,-1.00238510871506,0.418781725888325,0.71945280111531,0.617475375712275,1936,"tags=28%, list=24%, signal=21%","Mapk1/Pi4k2b/Sec16a/Hace1/Tmed2/Gorasp1/Stk25/Hook1/Gcc2/Stx18/Hikeshi/Ubxn2b/Rbsn/Tango2/Yipf4/Tmed3/Dync2h1/Rab8a/Rab1a/Cltc/Map2k1/Cog4/Ywhaz/Tmed5"
"GO:0048844","GO:0048844","artery morphogenesis",32,-0.294374119532405,-1.0240361595991,0.421171171171171,0.720013111618192,0.617956266102508,821,"tags=25%, list=10%, signal=23%","Nprl3/Pkd2/Cited2/Nf1/Adamts9/Mylk/Nrp1/Lrp1"
"GO:0031648","GO:0031648","protein destabilization",35,0.304585893503309,1.02400770817701,0.422382671480144,0.720013111618192,0.617956266102508,1718,"tags=31%, list=21%, signal=25%","Crebbp/Ep300/Bmp2/Ctsh/Prnp/Cdc73/Btrc/Ccdc88c/Fbxw7/Mylip/Prkn"
"GO:1903900","GO:1903900","regulation of viral life cycle",50,0.275491018876905,1.01948115791991,0.424137931034483,0.720013111618192,0.617956266102508,1127,"tags=24%, list=14%, signal=21%","Bcl2/Trim25/Ifih1/Hs3st5/Fmr1/Oasl1/Srpk2/Plscr1/Smpd1/Mphosph8/Srpk1/Tmem39a"
"GO:1905952","GO:1905952","regulation of lipid localization",76,-0.233817138018954,-0.998577669659733,0.424317617866005,0.720013111618192,0.617956266102508,1991,"tags=34%, list=25%, signal=26%","Atp5pf/Lrat/Abca3/Prelid1/Abhd5/Abca13/Fabp3/Cry2/Pon1/Osbpl11/Sar1b/Kdm5b/Tspo/Mif/Tac1/Fitm2/Pla2r1/Nus1/Itgav/Abca5/Cry1/Ptpn11/Dbi/Egf/Scp2/Lrp1"
"GO:0007020","GO:0007020","microtubule nucleation",26,-0.310764161512284,-1.03171948062575,0.425055928411633,0.720346535147567,0.618242429168039,1943,"tags=31%, list=24%, signal=23%","Tubgcp6/Ckap5/Tubgcp3/Tubgcp2/Tppp/Mzt1/Pak1/Tubgcp4"
"GO:0046326","GO:0046326","positive regulation of D-glucose import",24,0.325417266119025,1.01214657046406,0.428063943161634,0.724828867181213,0.622089421843934,1120,"tags=25%, list=14%, signal=22%","Prkcd/Erbb4/Capn10/Rhoq/Irs1/Igf1"
"GO:0016485","GO:0016485","protein processing",102,-0.221907290117965,-1.00820360724473,0.435135135135135,0.733023578703941,0.629122590063595,2440,"tags=36%, list=30%, signal=26%","Snx12/Atg4b/Psen2/Rnf139/Pgk1/Cpe/Zmpste24/Dhcr24/Pitrm1/Ift172/Anxa2/F3/Phex/Spon1/Ncstn/Sec11a/Timm23/Clec3b/Atp23/Casp8/Psen1/Mbtps1/Xpnpep3/Cpd/Dync2h1/Casp3/Pmpca/Pmpcb/Pcsk6/Eno1/Parl/Yme1l1/P4hb/Vps35/Rfx4/Ogt/Metap2"
"GO:0035383","GO:0035383","thioester metabolic process",55,-0.250995932954454,-1.01083020410984,0.439429928741093,0.735796083452497,0.631502111567472,1225,"tags=44%, list=15%, signal=37%","Pdha2/Acadsb/Dlat/Vdac1/Acat1/Mvk/Nudt19/Mlycd/Acly/Pdhb/Pdhx/Mmut/Aadat/Mpc1/Fitm2/Cs/Sucla2/Suclg2/Dld/Pdk1/Dlst/Far1/Tdo2/Mpc2"
"GO:0042060","GO:0042060","wound healing",150,0.221897974941473,0.998251266760938,0.441358024691358,0.737631041894608,0.633076977426223,1440,"tags=20%, list=18%, signal=17%","Smoc2/Tafa5/Pard3/Prkcd/Angpt2/Ext1/Dst/Cask/Gas6/Epb41l4b/Ubash3b/Pecam1/Adra2c/BC004004/Tgfb2/Aqp1/Ptk2/Serpine2/Prkce/Mrtfa/Smpd1/Igf1/Adra2b/Stxbp1/Notch2/Ajap1/Gna13/Pdcd10/Fermt1/Rab27a"
"GO:0061025","GO:0061025","membrane fusion",101,-0.221590374456076,-1.00657126384033,0.447721179624665,0.742664140126004,0.637396669026019,1560,"tags=26%, list=20%, signal=21%","Trim9/Snap47/Chmp4b/Dnm1l/Eea1/Stx18/Spg11/Rab3a/Ubxn2b/Stx7/Pikfyve/Yipf4/Rubcnl/Pip4k2b/Rufy1/Rab8a/Rab7/Vps11/Rph3a/Vamp1/Chmp2b/Snap23/Stx1a/Stx19/Snap29/Rab14"
"GO:0001778","GO:0001778","plasma membrane repair",20,-0.326596762383176,-1.00229817903435,0.44874715261959,0.743438429168529,0.638061207987717,2424,"tags=45%, list=30%, signal=31%","Chmp3/Chmp7/Anxa2/Chmp2a/Chmp1b2/Ano5/Chmp4b/Rab3a/Chmp2b"
"GO:0007492","GO:0007492","endoderm development",36,0.296128056208164,1.00852109690585,0.451154529307282,0.745105523868363,0.639492003620914,1194,"tags=25%, list=15%, signal=21%","Angpt2/Ext1/Tnrc6c/Bptf/Nkx2-1/Sox2/Ankrd17/Ssbp3/Cdc73"
"GO:1902745","GO:1902745","positive regulation of lamellipodium organization",21,0.339123148772504,1.01976280979634,0.452127659574468,0.745602755000778,0.639918755702257,891,"tags=24%, list=11%, signal=21%","Auts2/Carmil1/Abi2/Aqp1/Hdac4"
"GO:1902475","GO:1902475","L-alpha-amino acid transmembrane transport",34,-0.277819874583987,-0.989334710361345,0.456140350877193,0.749686018198129,0.643423244770905,1720,"tags=29%, list=22%, signal=23%","Arg2/Slc17a6/Itgb1/Psen1/Arhgef11/Arl6ip1/Slc15a4/Slc25a13/Slc25a22/Slc1a2"
"GO:0050921","GO:0050921","positive regulation of chemotaxis",60,0.258889779056255,0.987651337186689,0.456747404844291,0.749686018198129,0.643423244770905,907,"tags=17%, list=11%, signal=15%","Smoc2/Pdgfd/Gas6/Ntrk3/Cdh13/Dapk2/Vegfc/Bmpr2/Ptk2/Slit2"
"GO:0019882","GO:0019882","antigen processing and presentation",27,0.311104451833614,1.00229188410374,0.458928571428571,0.752337282015149,0.645698710401157,1440,"tags=33%, list=18%, signal=27%","Ext1/Marchf1/Marchf8/Gba1/Rab5b/B2m/Ap3d1/Rab34/Rab27a"
"GO:0072526","GO:0072526","pyridine-containing compound catabolic process",64,-0.238343071376796,-0.992842147851092,0.464547677261614,0.758276411196213,0.650796009371703,1516,"tags=25%, list=19%, signal=20%","Hk1/Adpgk/Psen1/Pfkp/Prkaa2/Insr/Gapdh/Pgam1/Ppp2ca/Prkag2/Eno1/Ddit4/Pdxp/Pkm/Eif6/Ogt"
"GO:1903350","GO:1903350","response to dopamine",27,0.309174815661525,0.996075133867089,0.466071428571429,0.759601053259142,0.651932892644967,785,"tags=15%, list=10%, signal=13%","Alk/Htr4/Drd2/Adcy5"
"GO:0071260","GO:0071260","cellular response to mechanical stimulus",32,-0.283625385791169,-0.986644652361935,0.466216216216216,0.759601053259142,0.651932892644967,1085,"tags=25%, list=14%, signal=22%","Fgf2/Gja1/Nos1/Mtpn/Ptpn11/Sox9/Got1/Bnip3"
"GO:0071496","GO:0071496","cellular response to external stimulus",32,-0.283625385791169,-0.986644652361935,0.466216216216216,0.759601053259142,0.651932892644967,1085,"tags=25%, list=14%, signal=22%","Fgf2/Gja1/Nos1/Mtpn/Ptpn11/Sox9/Got1/Bnip3"
"GO:0032410","GO:0032410","negative regulation of transporter activity",28,0.305294613532578,0.992411524517811,0.469750889679715,0.760420687445793,0.652636349392324,1779,"tags=36%, list=22%, signal=28%","Kcne2/Ank3/Drd2/Camk2d/Fmr1/Agrn/Gsto1/Slc6a9/Stk39/Cbarp"
"GO:1902652","GO:1902652","secondary alcohol metabolic process",75,-0.228580697691041,-0.973292412197161,0.475247524752475,0.763554784481469,0.655326209994191,1610,"tags=27%, list=20%, signal=22%","Cyp46a1/Npc1/Pon1/Cyp51/Mbtps1/Errfi1/Fgf1/Prkaa2/Idh3b/Sod1/Acadl/Msmo1/Abca5/Soat1/Mbtps2/Idi2/Idh3a/Lima1/Scp2/Lrp1"
"GO:0048199","GO:0048199","vesicle targeting, to, from or within Golgi",21,-0.316576248036987,-0.981082622869341,0.479452054794521,0.765877778311171,0.657319935622263,2842,"tags=62%, list=36%, signal=40%","Tmed10/Mapk15/Trappc5/Trappc11/Preb/Trappc2l/Trappc3/Arfgap2/Sec16a/Sar1b/Arfgap3/Ap1ar/Wipi1"
"GO:0170039","GO:0170039","proteinogenic amino acid metabolic process",76,-0.226151374974702,-0.965839009603635,0.486352357320099,0.770226872015571,0.661052575574418,1720,"tags=24%, list=22%, signal=19%","Arg2/Glud1/Aadat/Enoph1/Mccc1/Got2/Oat/Dglucy/Nos1/Asrgl1/Aldh5a1/Mthfd1/Dlst/Got1/Asns/Nit2/Tdo2/Glul"
"GO:0006261","GO:0006261","DNA-templated DNA replication",78,-0.227405406677382,-0.975455613129111,0.487437185929648,0.771026458885744,0.661738826572828,1698,"tags=36%, list=21%, signal=29%","Wrnip1/Zfp365/Zmpste24/Ddx11/Smarcal1/Wdhd1/Rnaseh1/Mcmbp/Polrmt/Helb/Orc1/Etaa1/Rfc1/Orc2/Exd2/Pcna/Polg2/Rrm2b/Mre11a/Tipin/Orc4/Asf1a/Gen1/Pole4/Ccne1/Prim2/Tk2/Ssbp1"
"GO:0006959","GO:0006959","humoral immune response",33,-0.275393058270687,-0.969752328954737,0.491228070175439,0.773411350250779,0.66378567619156,1140,"tags=39%, list=14%, signal=34%","Rarres2/Npy/Romo1/Cxcl12/Rbpj/Cxcl14/Tac1/Rpl30/Gapdh/Vip/Rpl39/Ppp2r3c/Gpr183"
"GO:0032418","GO:0032418","lysosome localization",38,-0.270853595193945,-0.98694769551147,0.492027334851936,0.773684614648905,0.664020207263841,2569,"tags=45%, list=32%, signal=31%","Crhr1/Adora2b/Tmem106b/Nr4a3/Vps33b/Vps33a/Cplx2/Bloc1s1/Def8/Cbl/Rab3a/Rabgef1/Snx4/Kit/Snap23/Ywhaz/Fam98a"
"GO:0044088","GO:0044088","regulation of vacuole organization",37,-0.272810777179215,-0.994536678435005,0.493243243243243,0.775138170084979,0.66526773133716,1241,"tags=30%, list=16%, signal=25%","Ppp3cb/Fez2/Fnip1/Pikfyve/Tbc1d14/Pip4k2b/Wipi1/Tbc1d12/Snx4/Chek2/Snx7"
"GO:0060606","GO:0060606","tube closure",59,-0.243756350228367,-0.991227273754194,0.495145631067961,0.775835140253217,0.665865910836671,1379,"tags=25%, list=17%, signal=21%","Nckap1/Cluap1/Enah/Abl2/Cc2d2a/Ift122/Cited2/Casp3/Med12/Kdm2b/Phactr4/Mthfd1/Trim71/Rala/Mks1"
"GO:0001935","GO:0001935","endothelial cell proliferation",70,0.245763209200355,0.977655205771264,0.496688741721854,0.777186182884369,0.667025452581426,2170,"tags=30%, list=27%, signal=22%","Sulf1/Nrarp/Nr2f2/Plcg1/Cdh13/Pdcl3/Bmpr2/Ptprm/Krit1/Igf1/Lipa/Tgfbr1/Pdcd10/Adam17/Pdcd6/Vash2/Pdpk1/Wnt5a/Dysf/Mtor/Egr3"
"GO:0002832","GO:0002832","negative regulation of response to biotic stimulus",46,0.267942112255301,0.969516167514802,0.499133448873484,0.779328150648616,0.668863811328437,932,"tags=20%, list=12%, signal=17%","Parp14/Stat2/Samhd1/Drd2/Usp18/Gigyf2/Parp1/Smpdl3b/Htra1"
"GO:0071333","GO:0071333","cellular response to glucose stimulus",90,0.234439345930358,0.974259576363688,0.5,0.779765395894428,0.669239080104954,1740,"tags=29%, list=22%, signal=23%","Abcg1/Ppp3ca/Gas6/Tjp1/Cacna1d/Foxo3/Igf1r/Cacna1e/Epha5/Adcy5/Adcy8/Prkce/Abcc8/Sidt2/Igf1/Ptprn/Brsk2/Rab34/Kif5b/Pck2/Klf7/Sybu/Atg7/Prkn/Kcnb1/Lepr"
"GO:0015813","GO:0015813","L-glutamate transmembrane transport",21,-0.31117487570761,-0.964343551113775,0.504566210045662,0.78412714933455,0.672982585363435,1612,"tags=38%, list=20%, signal=30%","Slc17a6/Itgb1/Psen1/Arhgef11/Arl6ip1/Slc25a13/Slc25a22/Slc1a2"
"GO:0001824","GO:0001824","blastocyst development",85,0.238303111119386,0.974501255348657,0.508223684210526,0.787605872840514,0.675968224032871,1470,"tags=24%, list=18%, signal=19%","Tgfbr3/Palb2/Tjp1/St8sia6/Matr3/Atp1b1/Sox2/Stmn3/Capn2/Thoc2/Sp3/Igf1/Tgfbr1/Plpp4/Pbrm1/Rbbp8/Cnot2/Pemt/Grn/Nasp"
"GO:0033363","GO:0033363","secretory granule organization",37,0.283177024836582,0.96935179251576,0.508960573476703,0.787605872840514,0.675968224032871,1330,"tags=24%, list=17%, signal=20%","Abcg1/Ap1s2/Ap1s3/Vps13b/Aqp1/Serpine2/Hps3/Ap3s2/Ap3d1"
"GO:0042177","GO:0042177","negative regulation of protein catabolic process",75,0.242921532093892,0.975222850624937,0.511705685618729,0.791061289569884,0.678933859499024,897,"tags=16%, list=11%, signal=14%","Egfr/Nell1/Adgrb1/Fyn/Laptm4b/Dab2ip/Sirt2/Banp/Usp8/Atraid/Azin2/Serpine2"
"GO:0031099","GO:0031099","regeneration",112,0.225814270182599,0.974117754152816,0.512461059190031,0.791768713763099,0.679541011238256,1959,"tags=32%, list=24%, signal=25%","Angpt2/Bcl2/Large1/Erbb4/Egfr/Klf5/Dmd/Gas6/Ntrk3/Ptgfrn/Igf1r/mt-Cytb/Enpp1/Matn2/Ptprs/Sox2/Vps54/Fkrp/Ninj1/Elavl4/Igf1/Gap43/Grn/Adam17/Cdkn1b/Kpna1/Itpr1/Pum2/Mapk8ip3/Chl1/Tnc/Bak1/Inpp5f/Dag1/Gpx1/Diaph2"
"GO:0034389","GO:0034389","lipid droplet organization",21,0.323173580132307,0.971801539707757,0.515957446808511,0.792366588090133,0.680054141042105,1065,"tags=24%, list=13%, signal=21%","Negr1/Ptgfrn/Clstn3/Ldah/Cds1"
"GO:0032943","GO:0032943","mononuclear cell proliferation",100,0.228952980396296,0.9683306839246,0.515151515151515,0.792366588090133,0.680054141042105,1209,"tags=17%, list=15%, signal=15%","Prkcd/Bcl2/Igfbp2/Ppp3ca/Emp2/Fyn/Sox11/Tcf3/Plcl2/Rc3h1/Adk/Mapk8ip1/Efnb1/Prnp/Igf1/Lipa/Tmem131l"
"GO:0050886","GO:0050886","endocrine process",39,0.276004215361796,0.967276495916212,0.514134275618375,0.792366588090133,0.680054141042105,1583,"tags=23%, list=20%, signal=19%","Pex5l/Nr3c2/Nkx2-1/Ndst2/Aqp1/Rps6ka2/Edn3/Kcnk9/Corin"
"GO:0016042","GO:0016042","lipid catabolic process",147,-0.201929136167856,-0.975977338266857,0.521008403361345,0.795270576657758,0.682546509449148,1162,"tags=29%, list=15%, signal=25%","Hacl1/Ddhd2/Etfdh/Slc27a4/Pafah1b1/Cyp46a1/Neu3/Naaa/Plbd1/Enpp2/Sorl1/Plch2/Psap/Pex5/Pex13/Fitm2/Hsd17b11/Abhd3/Ywhah/Abcb11/Pla2g7/Hadha/Spart/Acadl/Echdc1/Etnppl/Gpcpd1/Abhd12/Pnpla8/Phyh/Rab7/Asah1/Dbi/Slc25a17/Fmc1/Eci3/Ppt1/Crat/Scp2/Cpt1a/Lrp1/Lct"
"GO:0001818","GO:0001818","negative regulation of cytokine production",102,-0.211873019525606,-0.962614353273365,0.524324324324324,0.797584884655823,0.684532780401743,2355,"tags=33%, list=29%, signal=24%","Chid1/Rac1/Ssc5d/Ndfip1/Cd2ap/Hdac7/Hdac3/Abcd2/Ufd1/Rnf128/Tgfb3/Inhbb/Arg2/Hmgb1/Suz12/Atg5/Twsg1/Ppm1b/Tspo/Gpr18/Errfi1/Aqp4/Casp3/Trib2/Pdcd4/Rabgef1/Flt1/Gstp3/Ptpn11/Nutf2/Bank1/Fxr1/Hgf/Slc37a4"
"GO:0001570","GO:0001570","vasculogenesis",42,0.267806479975094,0.950056716797712,0.526785714285714,0.798705212547107,0.685494309614666,1814,"tags=33%, list=23%, signal=26%","Tgfbr3/Emp2/Zmiz1/Enpp1/Myo18b/Ptk2/Qki/Itgb8/Pbrm1/Fbxw7/Spred1/Tiparp/Rin2/Ccm2"
"GO:1904888","GO:1904888","cranial skeletal system development",32,0.290412292431809,0.961043045960782,0.532258064516129,0.804590218049111,0.690545156560826,1190,"tags=22%, list=15%, signal=19%","B3glct/Ext1/Tgfb2/Chst11/Lrp2/Mthfd1l/Tgfbr1"
"GO:0032964","GO:0032964","collagen biosynthetic process",20,0.321682788401412,0.953092467285668,0.534635879218472,0.807326780721245,0.692893830527368,657,"tags=20%, list=8%, signal=18%","Mkx/Ltbp1/Ep300/Tmem131"
"GO:0071824","GO:0071824","protein-DNA complex organization",100,-0.212948347525315,-0.964200121734138,0.536,0.807804044153561,0.693303445191077,1806,"tags=26%, list=23%, signal=20%","Gtf2f2/Psmc6/Med17/Smarcb1/Hmgb1/Sugt1/Med23/Smarcd2/Rrn3/Nap1l4/Smarcd1/Gtf2a2/Mcm3ap/Taf7/Rnf4/Asf1a/Gtf2h5/Med9/Sox9/Taf10/Cebpg/Cenpv/Supt6/Smarcc2/Macroh2a1/Smarca5"
"GO:0051303","GO:0051303","establishment of chromosome localization",59,-0.235386997382626,-0.957193572492263,0.546116504854369,0.815341822800543,0.699772796196266,2237,"tags=32%, list=28%, signal=23%","Spc25/Chmp7/Chmp2a/Ska2/Chmp1b2/Zfp207/Sun1/Rcc2/Mlh1/Rb1/Spice1/Bub3/Rab11a/Dync1h1/Chmp4b/Cep63/Ube2b/Chmp2b/Abraxas1"
"GO:0001756","GO:0001756","somitogenesis",32,0.287061638543529,0.949954938801859,0.546594982078853,0.81539080359063,0.699814834300384,2161,"tags=38%, list=27%, signal=27%","Nrarp/Palb2/Axin2/Ep300/Meox2/Ppp2r3a/Plxna2/Bmpr1a/Mib1/Nle1/Wnt5a/Pcdh8"
"GO:1904646","GO:1904646","cellular response to amyloid-beta",20,0.319163945916565,0.945629556974185,0.547069271758437,0.81539080359063,0.699814834300384,1705,"tags=45%, list=21%, signal=35%","Fyn/Foxo3/Igf1r/Parp1/Grm5/Prnp/Igf1/Cacna2d1/Bace1"
"GO:0050931","GO:0050931","pigment cell differentiation",22,-0.29980369805309,-0.945655484720601,0.54875283446712,0.815614190524356,0.700006557691575,369,"tags=18%, list=5%, signal=17%","Kitl/Adamts9/Kit/Sod2"
"GO:0120316","GO:0120316","sperm flagellum assembly",27,-0.283639598153241,-0.947211442804583,0.552036199095023,0.816387237705042,0.700670030816702,1762,"tags=30%, list=22%, signal=23%","Ttll1/Cfap54/Vdac3/Ttll5/Cfap69/Dnali1/Ube2b/Spag6l"
"GO:0042246","GO:0042246","tissue regeneration",38,0.272663054189243,0.948317196519992,0.55417406749556,0.818183700983172,0.702211857932945,1569,"tags=34%, list=20%, signal=28%","Large1/Erbb4/Klf5/Dmd/Ptgfrn/Sox2/Vps54/Fkrp/Ninj1/Igf1/Gap43/Cdkn1b/Kpna1"
"GO:1902905","GO:1902905","positive regulation of supramolecular fiber organization",94,-0.213254538576544,-0.950659666763235,0.558823529411765,0.821106403469058,0.704720287690631,1894,"tags=27%, list=24%, signal=21%","Ckap5/Wasf3/Fmn1/Rb1/Tgfb3/Snx9/Nf2/Nckap1/Psen1/Cdk5rap2/Bin1/Spast/Tac1/Actn2/Mapt/Drg1/Wdr1/Cyfip1/Dstn/Ccn2/Pdxp/Pak1/Cttn/Pfn2/Nrp1"
"GO:0043462","GO:0043462","regulation of ATP-dependent activity",31,-0.267104535573287,-0.924512005971508,0.563758389261745,0.825004709436973,0.708066035929359,543,"tags=16%, list=7%, signal=15%","Ahsa1/Dnajb11/Ppif/Ssbp1/Pfn2"
"GO:0007631","GO:0007631","feeding behavior",64,0.241516027925676,0.9390546476365,0.564924114671164,0.826255897090552,0.709139876444376,2340,"tags=42%, list=29%, signal=30%","Negr1/Gls/Tacr3/Drd2/Phf21a/Grm7/Nkx2-1/Gigyf2/Slc24a4/Grin2b/Cnr1/Npb/Mmp17/Htr2c/Cntn2/Tmem18/Derl2/Dach1/C1qtnf4/Lepr/Aplp2/Pmch/Drd1/Mtor/Oprk1/App/Grin1"
"GO:0042698","GO:0042698","ovulation cycle",35,-0.259559707552931,-0.931240825593323,0.569196428571429,0.826880376656591,0.709675840379838,749,"tags=17%, list=9%, signal=16%","Casp3/Ptn/Pdgfra/Egr1/Plekha1/Nhlh2"
"GO:0043247","GO:0043247","telomere maintenance in response to DNA damage",20,-0.300097713667146,-0.920974812322404,0.571753986332574,0.826880376656591,0.709675840379838,1909,"tags=30%, list=24%, signal=23%","Rif1/Ruvbl1/Pot1b/Actr8/Uchl5/Nfrkb"
"GO:0044848","GO:0044848","biological phase",23,0.298989634938947,0.926189849070355,0.578571428571429,0.832479128014842,0.714481007714091,735,"tags=22%, list=9%, signal=20%","Jmjd1c/Mreg/Cdk6/Nkx2-1/Tgfb2"
"GO:0031032","GO:0031032","actomyosin structure organization",108,-0.205183149808472,-0.94487170119243,0.582655826558266,0.835642849416628,0.717196293634429,1627,"tags=22%, list=20%, signal=18%","Pik3r2/Nf2/Flii/Epb41/Itgb1/Coro2b/Mef2a/Tnfaip1/Tac1/Actn2/Prkar1a/Cflar/Stmn1/Tmod2/Wdr1/Pdgfra/Ccn2/Klhl41/Mkks/Spag6l/Pak1/Pfn2/Nrp1/Inpp5k"
"GO:0030857","GO:0030857","negative regulation of epithelial cell differentiation",20,-0.293310357910936,-0.900144984539465,0.587699316628702,0.83880433865578,0.719909663785646,1631,"tags=30%, list=20%, signal=24%","Jag1/Kras/Spry2/Ccnd1/Sox9/Srsf6"
"GO:0006096","GO:0006096","glycolytic process",61,-0.226864798573828,-0.937448481193219,0.589201877934272,0.838955112250261,0.720039066272863,1516,"tags=25%, list=19%, signal=20%","Hk1/Adpgk/Psen1/Pfkp/Prkaa2/Insr/Gapdh/Pgam1/Ppp2ca/Prkag2/Eno1/Ddit4/Pkm/Eif6/Ogt"
"GO:0031623","GO:0031623","receptor internalization",97,0.22119625080432,0.934170003021499,0.592356687898089,0.839318449532504,0.720350903025066,1156,"tags=20%, list=14%, signal=17%","Pard3/Magi2/Cacng3/Cacng4/Cacng2/Necab2/Iqsec1/Sirt2/Tbc1d5/Gria1/Drd2/Hip1/Tspan7/Mtmr2/Fmr1/Rnf216/Ramp3/Ptpn5/Dnm3"
"GO:0002090","GO:0002090","regulation of receptor internalization",59,0.242158787120056,0.923695447016909,0.593220338983051,0.839318449532504,0.720350903025066,1131,"tags=22%, list=14%, signal=19%","Pard3/Magi2/Necab2/Iqsec1/Sirt2/Tbc1d5/Drd2/Hip1/Tspan7/Mtmr2/Fmr1/Rnf216/Ptpn5"
"GO:0070316","GO:0070316","regulation of G0 to G1 transition",23,-0.283328192405314,-0.902166920387368,0.595022624434389,0.839344911602674,0.720373614281031,1681,"tags=30%, list=21%, signal=24%","Smarcb1/Orc1/Smarcd2/Smarcd1/Rrm2b/Ccn2/Smarcc2"
"GO:0140374","GO:0140374","antiviral innate immune response",25,0.290768754401065,0.913818299731662,0.597147950089127,0.840559237314445,0.721415817777842,1685,"tags=32%, list=21%, signal=25%","Trim25/Ifih1/Usp18/Uap1/Oasl1/Ifit3/Atad3a/Ube2w"
"GO:0032200","GO:0032200","telomere organization",82,-0.214760492086363,-0.925748114820495,0.601542416452442,0.842729865830898,0.723278774814982,1936,"tags=27%, list=24%, signal=21%","Mapk1/Rif1/Smc6/Ruvbl1/Pot1b/Exosc10/Tnks/Actr8/Gnl3/Naf1/Cct2/Pcna/Map3k4/Slx4/Mre11a/Nsmce2/Ccne1/Uchl5/Smg1/Cct8/Nfrkb/Hnrnpa2b1"
"GO:0051495","GO:0051495","positive regulation of cytoskeleton organization",97,-0.206575006200142,-0.927871807888228,0.60427807486631,0.843548865670026,0.723981687129161,1894,"tags=26%, list=24%, signal=20%","Ckap5/Wasf3/Fmn1/Tgfb3/Snx9/Nf2/Dync1h1/Nckap1/Cdk5rap2/Bin1/Spast/Tac1/Actn2/Mapt/Drg1/Wdr1/Cyfip1/Dstn/Ccn2/Pdxp/Pfdn2/Pak1/Cttn/Pfn2/Nrp1"
"GO:0007292","GO:0007292","female gamete generation",69,0.233690010310318,0.922015665620021,0.607321131447587,0.845480046345097,0.725639136389292,1602,"tags=28%, list=20%, signal=22%","Plcb1/Bcl2/Zmiz1/Sirt2/Fbxo5/Foxo3/Taf4b/Wdr77/Rps6ka2/Pde3a/Igf1/Tut4/Spire2/Spire1/Sgo2a/Bmpr1b/Cntrl/Etv6/Adamts1"
"GO:0046323","GO:0046323","D-glucose import",49,0.247346334276659,0.911402722708287,0.608620689655172,0.845616164467339,0.725755960715422,1120,"tags=18%, list=14%, signal=16%","Prkcd/Erbb4/Capn10/Rhoq/Appl2/Enpp1/Slc27a1/Irs1/Igf1"
"GO:0009116","GO:0009116","nucleoside metabolic process",23,-0.280926163716187,-0.89451843752107,0.608597285067873,0.845616164467339,0.725755960715422,951,"tags=17%, list=12%, signal=15%","Hprt1/Pgm2/Upp1/Tk2"
"GO:0031100","GO:0031100","animal organ regeneration",31,0.27580167419911,0.904659206879328,0.612612612612613,0.848404654654655,0.728149201833412,561,"tags=13%, list=7%, signal=12%","Angpt2/Egfr/Gas6/mt-Cytb"
"GO:0019724","GO:0019724","B cell mediated immunity",37,0.262459027381308,0.898431392168322,0.616487455197133,0.850669508754113,0.730093028633209,626,"tags=14%, list=8%, signal=13%","Prkcd/Irf7/C8b/Shld2/Enpp1"
"GO:0046434","GO:0046434","organophosphate catabolic process",125,0.212660439187172,0.931021085000244,0.620472440944882,0.853510719333906,0.732531517395106,1619,"tags=25%, list=20%, signal=20%","Plcb1/Prkcd/Arnt/Smpd3/Plcg1/Pde1a/Pde8a/Samhd1/Ep300/Enpp1/Entpd5/Ogdh/Smpd4/Smpdl3b/Hdac4/Fkrp/Ppargc1a/Plbd2/Smpd1/Igf1/Lipa/Dpyd/Pde7b/Pla2g4d/Plpp6/Mtch2/Gpd1l/Pla2g15/Nudt13/Ncor1/Cbfa2t3"
"GO:0010565","GO:0010565","regulation of ketone metabolic process",67,-0.216715759700121,-0.909876704341387,0.632850241545894,0.863123295144572,0.740781577511701,854,"tags=15%, list=11%, signal=13%","Abcb11/Acadl/Prkag2/Pdk1/Sox9/Egr1/Dbi/Fabp5/Eif6/Cpt1a"
"GO:0044839","GO:0044839","cell cycle G2/M phase transition",91,-0.20440268485719,-0.907848510709248,0.632978723404255,0.863123295144572,0.740781577511701,2286,"tags=37%, list=29%, signal=27%","Nop53/Ensa/Brcc3dc/Paxip1/Hspa2/Ctc1/Nabp1/Pbx1/Rcc2/Arpp19/Ccng1/Zfyve19/Rab11a/Orc1/Etaa1/Mbtps1/Babam2/Kdm8/Ccnd1/Rrm2b/Mre11a/Calm2/Kcnh5/Cdc25a/Syf2/Rint1/Mbd4/Chek2/Tpd52l1/Fzr1/Mbtps2/Pkia/Macroh2a1/Abraxas1"
"GO:0043001","GO:0043001","Golgi to plasma membrane protein transport",27,0.275280153285926,0.88687597322098,0.632142857142857,0.863123295144572,0.740781577511701,2697,"tags=48%, list=34%, signal=32%","Golga4/Ank3/Kif13a/Rab34/Lyplal1/Prepl/Vamp2/Gga1/Pkdcc/Bbs2/Rab10/Cnst/Acsl3"
"GO:0048066","GO:0048066","developmental pigmentation",28,-0.263880414660648,-0.891345337073269,0.636363636363636,0.865519646593815,0.742838262827494,718,"tags=18%, list=9%, signal=16%","Tpcn2/Kitl/Adamts9/Kit/Sod2"
"GO:0002460","GO:0002460","adaptive immune response based on somatic recombination of immune receptors built from immunoglobulin superfamily domains",92,0.217231621060594,0.910116175784831,0.63751987281399,0.865763708790807,0.743047730907334,1647,"tags=25%, list=21%, signal=20%","Prkcd/Emp2/Fbxo38/Irf7/Bach2/Rc3h1/Ep300/C8b/Dennd1b/Shld2/Enpp1/Gba1/Ctsh/Rora/B2m/Cyrib/Sanbr/Ctsc/Rab27a/Atad5/Adam17/Loxl3/Rsad2"
"GO:0150115","GO:0150115","cell-substrate junction organization",65,0.229821827531082,0.900569092989722,0.641914191419142,0.869096971289666,0.745908526654657,528,"tags=11%, list=7%, signal=10%","Dlc1/Bcl2/Epha3/Dst/Iqsec1/Peak1/Arf6"
"GO:0014074","GO:0014074","response to purine-containing compound",65,-0.219946095623416,-0.911638949716091,0.643939393939394,0.870149802039158,0.746812125975691,1299,"tags=22%, list=16%, signal=18%","Pkd2/Prkaa2/Trpm2/Rap1b/Ssh1/Atf1/Dmtn/P2rx5/Fos/Tmem38a/Pdxp/Fkbp1a/Rplp0/Inpp5k"
"GO:1901136","GO:1901136","carbohydrate derivative catabolic process",117,-0.197911223154886,-0.922326099894817,0.652173913043478,0.874266533703318,0.750345339589,1516,"tags=25%, list=19%, signal=20%","Hk1/Npl/Adpgk/Psen1/Pfkp/Nudt9/Psap/Prkaa2/Insr/Fgf2/Dut/Gapdh/Hprt1/Pgam1/Nudt4/Ampd3/Nudt3/Ppp2ca/Prkag2/Man1b1/Eno1/Gnpda2/Ddit4/Upp1/Gns/Pkm/Eif6/Ogt/Lct"
"GO:0032922","GO:0032922","circadian regulation of gene expression",49,-0.230201013386635,-0.896676473683935,0.654028436018957,0.876101567443026,0.751920270072438,471,"tags=12%, list=6%, signal=12%","Cry1/Egr1/Pasd1/Id2/Prkg2/Ogt"
"GO:0002367","GO:0002367","cytokine production involved in immune response",41,-0.238717015689341,-0.895118064331601,0.654545454545455,0.876352650370777,0.752135763743333,1822,"tags=29%, list=23%, signal=23%","Ddx1/Tgfb3/Traf2/Il18/Hk1/Atg5/Mif/Rabgef1/Prkcz/Kit/Ddx21/Cd226"
"GO:0043604","GO:0043604","amide biosynthetic process",89,0.219793610357982,0.908704341008612,0.657937806873977,0.878682384971324,0.754135274684915,1948,"tags=26%, list=24%, signal=20%","Prkcd/B3galt1/Smpd3/St8sia6/St6galnac6/Cers6/St6galnac3/Gcdh/Gba1/Smpd4/Sptlc3/Smpd1/Acsl4/Pemt/Coasy/Pdk3/Tpk1/Cebpa/Ggt5/St3gal1/Sptlc2/Slc25a16/Slc7a11"
"GO:0022412","GO:0022412","cellular process involved in reproduction in multicellular organism",169,0.200152731130852,0.915876833980109,0.662650602409639,0.878996943261437,0.754405246527502,1528,"tags=21%, list=19%, signal=17%","Plcb1/Angpt2/Bcl2/Pacrg/Osbp2/Sirt2/Fbxo5/Strbp/Fndc3a/Foxo3/Cfap61/Map7/Taf4b/Vps13b/Eif4g3/Vps54/Arid4b/Wdr77/Qki/Rps6ka2/Pde3a/Igf1/Aff4/Smchd1/Tut4/Yif1b/Armc2/Zbtb16/Eed/Celf1/Epc1/Acvr1/Bmpr1b/Cntrl/Cdyl"
"GO:0034205","GO:0034205","amyloid-beta formation",30,0.264240746520369,0.867455310864157,0.661921708185053,0.878996943261437,0.754405246527502,1120,"tags=17%, list=14%, signal=14%","Slc2a13/Abcg1/Abca2/Prnp/Igf1"
"GO:0002889","GO:0002889","regulation of immunoglobulin mediated immune response",21,-0.279156919264312,-0.865118606472203,0.659817351598174,0.878996943261437,0.754405246527502,603,"tags=48%, list=8%, signal=44%","Nsd2/Susd4/Trp53bp1/Ndfip1/Paxip1/Rif1/Mlh1/Slc15a4/Supt6/Cd226"
"GO:0006506","GO:0006506","GPI anchor biosynthetic process",20,-0.281735654485125,-0.864623186705652,0.660592255125285,0.878996943261437,0.754405246527502,1217,"tags=25%, list=15%, signal=21%","Pigv/Pgap1/Pigp/Pigb/Pigk"
"GO:0180046","GO:0180046","GPI anchored protein biosynthesis",20,-0.281735654485125,-0.864623186705652,0.660592255125285,0.878996943261437,0.754405246527502,1217,"tags=25%, list=15%, signal=21%","Pigv/Pgap1/Pigp/Pigb/Pigk"
"GO:0034446","GO:0034446","substrate adhesion-dependent cell spreading",51,-0.227894595104033,-0.895716013034355,0.670588235294118,0.88373773997118,0.758474068311205,1658,"tags=25%, list=21%, signal=20%","Rac3/Enpp2/St6gal1/Cspg5/Ap1ar/Dmtn/Nedd9/Itgav/Rab1a/Dock1/P4hb/Prex1/Nrp1"
"GO:1904951","GO:1904951","positive regulation of establishment of protein localization",200,0.196446074364889,0.913574473904861,0.675149700598802,0.885533893013252,0.760015629165191,2009,"tags=28%, list=25%, signal=21%","Plcb1/Prkcd/Frmd4a/Chrm3/Egfr/Abcg1/Cacna1c/Fyn/Cask/Gas6/Ank3/Capn10/Cacna1d/Arf6/Ep300/Vegfc/Rapgef4/Apbb3/Tgfb2/Myo1c/Adcy8/Prkce/Abcc8/Lrp2/Prnp/Igf1/Ptpn5/Tenm1/Mff/Acsl4/Wipf1/Dkc1/Rab34/Kif5b/Pck2/Fbxw7/Pdcd10/Anxa7/Sybu/Efcab7/Atg7/Ptp4a3/Prkn/Kcnb1/Lepr/Itpr1/Edem1/Vamp2/Adam9/Atp13a2/Ptbp1/Myh10/Cacnb3/Ripor1/Cemip"
"GO:0043616","GO:0043616","keratinocyte proliferation",26,0.272040793599909,0.862424756488452,0.675675675675676,0.885533893013252,0.760015629165191,390,"tags=12%, list=5%, signal=11%","Bcl11b/Cask/Cdh13"
"GO:0007498","GO:0007498","mesoderm development",47,-0.226865038063021,-0.87720228669833,0.677647058823529,0.88581408972868,0.760256109947063,1615,"tags=32%, list=20%, signal=26%","Nf2/Crb2/Itga3/Itgb1/Twsg1/Nckap1/Prkar1a/Gja1/Cited2/Ppp2ca/Rpl38/Ext2/Mesd/Taf10/Nup133"
"GO:0048332","GO:0048332","mesoderm morphogenesis",29,-0.254637115874086,-0.864884822919375,0.679723502304147,0.887273718506821,0.761508846508497,1983,"tags=45%, list=25%, signal=34%","Nr4a3/Axin1/Gpi1/Nf2/Crb2/Itga3/Itgb1/Twsg1/Nckap1/Prkar1a/Gja1/Ext2/Taf10"
"GO:0002685","GO:0002685","regulation of leukocyte migration",76,0.220495663596773,0.887416773116335,0.687813021702838,0.891611674446054,0.76523192739615,584,"tags=11%, list=7%, signal=10%","Plcb1/Pdgfd/Fut9/Smpd3/Gas6/Pecam1/Dapk2/Vegfc"
"GO:0048678","GO:0048678","response to axon injury",55,0.232781056361888,0.870003734913432,0.686746987951807,0.891611674446054,0.76523192739615,1898,"tags=35%, list=24%, signal=27%","Bcl2/Flrt3/Kcnk2/Ntrk3/Igf1r/Drd2/Enpp1/Matn2/Ptprs/Gap43/Grn/Adam17/Kcnb1/Pum2/Mapk8ip3/Chl1/Tnc/Inpp5f/Dag1"
"GO:0150116","GO:0150116","regulation of cell-substrate junction organization",45,0.23688180710886,0.859638532581546,0.687179487179487,0.891611674446054,0.76523192739615,528,"tags=11%, list=7%, signal=10%","Dlc1/Epha3/Iqsec1/Peak1/Arf6"
"GO:0003016","GO:0003016","respiratory system process",23,0.276148536287835,0.855434240045331,0.694642857142857,0.896238941962035,0.769203311958865,426,"tags=13%, list=5%, signal=12%","Nlgn1/Hipk2/Gls"
"GO:0045740","GO:0045740","positive regulation of DNA replication",26,-0.256713073822783,-0.852272919455713,0.693512304250559,0.896238941962035,0.769203311958865,1166,"tags=38%, list=15%, signal=33%","Rac1/Ctc1/Jun/Brpf3/Tnfaip1/Pcna/Atf1/Cacybp/Ssbp1/Smarca5"
"GO:0001906","GO:0001906","cell killing",42,-0.229207377472454,-0.867602362708963,0.69683257918552,0.8977121259953,0.770467682412387,2061,"tags=40%, list=26%, signal=30%","Hspa8/Romo1/Cxcl12/Oga/Ppp3cb/Il18/Cxcl14/Tac1/Stx7/Lamp1/Rpl30/Gapdh/Hprt1/Rnf19b/Prdx1/Cebpg/Cd226"
"GO:0001678","GO:0001678","intracellular glucose homeostasis",99,0.209222346424053,0.886298311266778,0.699367088607595,0.900255301743287,0.772650380704834,1740,"tags=27%, list=22%, signal=22%","Abcg1/Ppp3ca/Gas6/Tjp1/Cacna1d/Foxo3/Igf1r/Cacna1e/Epha5/Adcy5/Adcy8/Prkce/Abcc8/Sidt2/Igf1/Ptprn/Brsk2/Rab34/Kif5b/Pck2/Klf7/Sybu/Atg7/Prkn/Kcnb1/Foxk1/Lepr"
"GO:0000086","GO:0000086","G2/M transition of mitotic cell cycle",83,-0.204048037447329,-0.885123927821159,0.70360824742268,0.900365178343518,0.772744683061993,2286,"tags=39%, list=29%, signal=28%","Nop53/Ensa/Brcc3dc/Hspa2/Ctc1/Nabp1/Pbx1/Rcc2/Arpp19/Ccng1/Zfyve19/Rab11a/Orc1/Etaa1/Mbtps1/Babam2/Kdm8/Ccnd1/Rrm2b/Mre11a/Calm2/Kcnh5/Cdc25a/Syf2/Rint1/Mbd4/Chek2/Tpd52l1/Fzr1/Mbtps2/Pkia/Abraxas1"
"GO:0045023","GO:0045023","G0 to G1 transition",24,-0.267752801232717,-0.856944620185455,0.701594533029613,0.900365178343518,0.772744683061993,1681,"tags=29%, list=21%, signal=23%","Smarcb1/Orc1/Smarcd2/Smarcd1/Rrm2b/Ccn2/Smarcc2"
"GO:0071684","GO:0071684","organism emergence from protective structure",23,0.271936617453281,0.842386843032827,0.707142857142857,0.90138679632927,0.77362149381123,1578,"tags=30%, list=20%, signal=25%","St8sia6/Stmn3/Plpp4/Rbbp8/Pemt/Grn/Bcor"
"GO:0045445","GO:0045445","myoblast differentiation",55,0.228963436822434,0.855735635482521,0.714285714285714,0.906147764449291,0.777707627848247,1300,"tags=18%, list=16%, signal=15%","Plcb1/Mkx/Igfbp3/Ddx17/Arid1a/Flot2/Mbnl1/Igf1/Pbrm1/Ilk"
"GO:0010171","GO:0010171","body morphogenesis",40,0.240393129942393,0.843628769391964,0.716814159292035,0.90796852074163,0.779270304613073,2465,"tags=42%, list=31%, signal=30%","Crebbp/Gatad2a/Ep300/Tgfb2/Vps13b/Ssbp3/Csrnp1/Tiparp/Rab3gap1/Grem2/Dag1/Ski/Gpc3/Arid5b/Dlx5/Cdon/Clasp2"
"GO:0046631","GO:0046631","alpha-beta T cell activation",51,0.231101736491796,0.857777712936757,0.717504332755633,0.908064740979166,0.779352886301867,2488,"tags=39%, list=31%, signal=27%","Bcl2/Bcl11b/Tox/Rc3h1/Ep300/Mapk8ip1/Rora/Ap3d1/Ncor1/Loxl3/Rsad2/Itpkb/Abl1/Prr7/Mtor/Lgals1/Prkcq/Nkap/Cd81/Fosl2"
"GO:0098773","GO:0098773","skin epidermis development",60,0.224296085525758,0.855678156174402,0.721453287197232,0.911273085808991,0.782106470590009,753,"tags=13%, list=9%, signal=12%","Bcl2/Ext1/Ncor2/Egfr/Lgr4/Mreg/Tgfb2/Gba1"
"GO:0060071","GO:0060071","Wnt signaling pathway, planar cell polarity pathway",20,-0.272452332749899,-0.836133447852422,0.724373576309795,0.913280862687409,0.78382965907496,1131,"tags=20%, list=14%, signal=17%","Abl2/Med12/Wnt7b/Mks1"
"GO:0008361","GO:0008361","regulation of cell size",125,0.200013949624248,0.875655129398342,0.72755905511811,0.913825193127839,0.784296834465333,913,"tags=14%, list=11%, signal=12%","Ret/Cdh4/Epha7/Cdkl5/Bcl11a/Golga4/Ntrk3/Dbn1/Fgf13/Ep300/Bmpr2/Ist1/Ptprs/Kcnma1/Aqp1/Slit2/Adnp"
"GO:1901657","GO:1901657","glycosyl compound metabolic process",33,-0.241202163905665,-0.84935459762581,0.728070175438597,0.913825193127839,0.784296834465333,951,"tags=15%, list=12%, signal=13%","Hprt1/Pgm2/Upp1/Tk2/Lcmt2"
"GO:0051294","GO:0051294","establishment of spindle orientation",20,-0.271168537365558,-0.832193587069395,0.726651480637813,0.913825193127839,0.784296834465333,2113,"tags=40%, list=26%, signal=30%","Hdac3/Ska2/Pafah1b1/Itgb1/Cdk5rap2/Spry2/Ubxn2b/Gja1"
"GO:0034063","GO:0034063","stress granule assembly",26,-0.247769185638861,-0.82257971536491,0.727069351230425,0.913825193127839,0.784296834465333,2503,"tags=46%, list=31%, signal=32%","Atxn2/G3bp2/Ddx3x/Ogfod1/Hif1a/Eif2s1/Bicd1/Dync1h1/Atg5/Prkaa2/Csde1/Cirbp"
"GO:0034109","GO:0034109","homotypic cell-cell adhesion",34,0.24436709032877,0.81881864300177,0.734432234432234,0.915980190984673,0.786146376380029,2283,"tags=35%, list=29%, signal=25%","Prkcd/Ubash3b/Ank3/Serpine2/Stxbp1/Tnfsf11/Bloc1s4/Slc7a11/Tyro3/Cxadr/Lgals1/Prkcq"
"GO:0071216","GO:0071216","cellular response to biotic stimulus",73,0.216059705181607,0.860614263154896,0.74036850921273,0.91906623062402,0.788794991386898,1516,"tags=25%, list=19%, signal=20%","Dab2ip/Akap8/Nfkb1/Prkce/Cmpk2/Capn2/Plscr1/B2m/Cdc73/Cyrib/Notch2/Tut4/Ccdc47/Mtdh/Epsti1/Sash1/Rbm14/Efnb2"
"GO:0001909","GO:0001909","leukocyte mediated cytotoxicity",27,-0.249573098783008,-0.833446727899203,0.739819004524887,0.91906623062402,0.788794991386898,1089,"tags=26%, list=14%, signal=22%","Stx7/Lamp1/Hprt1/Rnf19b/Prdx1/Cebpg/Cd226"
"GO:0019748","GO:0019748","secondary metabolic process",20,-0.266057442817538,-0.816508064895286,0.740318906605923,0.91906623062402,0.788794991386898,82,"tags=30%, list=1%, signal=30%","Arl1/Cbr4/Appl1/Nfe2l2/Slc24a5/Cpt1a"
"GO:0043030","GO:0043030","regulation of macrophage activation",24,0.267477088006207,0.831935012336356,0.742451154529307,0.919849662762358,0.789467377474235,2046,"tags=38%, list=26%, signal=28%","Mfhas1/Rora/Lrfn5/Ctsc/Grn/Cebpa/Wnt5a/Pla2g4a/Gpr137b"
"GO:0034394","GO:0034394","protein localization to cell surface",43,0.231520134419825,0.827238217923955,0.743816254416961,0.92033849255221,0.78988691904483,1067,"tags=21%, list=13%, signal=18%","Erbb4/Emp2/Arf6/Abca2/Ank2/Vps54/Astn2/Usp4/Gbf1"
"GO:0090140","GO:0090140","regulation of mitochondrial fission",25,-0.247387106073691,-0.801741884878422,0.757369614512472,0.929753372570943,0.79796730537155,1887,"tags=44%, list=24%, signal=34%","Pgam5/Mfn1/Mcu/Ddhd2/Dnm1l/Ddhd1/Mapt/Rala/Myo19/Vps35/Bnip3"
"GO:0048041","GO:0048041","focal adhesion assembly",57,-0.209875525692937,-0.848151391293017,0.759615384615385,0.930791386033321,0.798858187652755,575,"tags=11%, list=7%, signal=10%","Itgav/Ptpn11/Gpm6b/Cttn/Nrp1/Lrp1"
"GO:0018958","GO:0018958","phenol-containing compound metabolic process",54,-0.210690609627666,-0.844923662546657,0.759433962264151,0.930791386033321,0.798858187652755,977,"tags=19%, list=12%, signal=16%","Comt/Hprt1/Maob/Cpq/Mtpn/Ctsb/Tph2/Vps35/Slc24a5/Park7"
"GO:1990830","GO:1990830","cellular response to leukemia inhibitory factor",77,-0.199784153271588,-0.856689273692596,0.763092269326683,0.933338292891975,0.801044088196909,1971,"tags=29%, list=25%, signal=22%","Lrat/Rif1/Bclaf1/Chchd4/B3gnt2/Jarid2/Mrpl15/Nup35/Kdm5b/Pfkp/Spry2/Mpc1/Enah/Xbp1/Cacybp/Eif4a2/Ubtf/Nrp2/Mcf2/Smarca5/Nfyb/Rps16"
"GO:0071456","GO:0071456","cellular response to hypoxia",83,0.205530745113318,0.841612860953248,0.765472312703583,0.935381837995785,0.802797975010337,1062,"tags=16%, list=13%, signal=14%","Kcnd2/Bcl2/Kcnk2/Sirt2/Slc8a3/Foxo3/Ep300/Drd2/Aqp1/Prkce/Rora/Gad2/Ak4"
"GO:0070050","GO:0070050","neuron cellular homeostasis",50,0.222070060774631,0.821791736154654,0.768965517241379,0.937066595025127,0.804243929460809,1513,"tags=24%, list=19%, signal=20%","Kcnh1/Rimbp2/Erc2/Cacna1d/Calb1/Erc1/Cacnb2/Taok1/Cnr1/Map1a/Fggy/Atp2b2"
"GO:0002440","GO:0002440","production of molecular mediator of immune response",91,-0.193531216518105,-0.859563203949426,0.776595744680851,0.939057451957112,0.805952596283929,1938,"tags=27%, list=24%, signal=21%","Gpi1/Rif1/Phb2/Ddx1/Mlh1/Nipal3/Tgfb3/Traf2/Il18/Hk1/Rnf8/Atg5/Itm2a/Msh6/Mif/Mcm3ap/Xbp1/Slc15a4/Rabgef1/Polb/Prkcz/Supt6/Kit/Ddx21/Cd226"
"GO:0045428","GO:0045428","regulation of nitric oxide biosynthetic process",24,0.258993628473106,0.805548875624859,0.77797513321492,0.939057451957112,0.805952596283929,2898,"tags=50%, list=36%, signal=32%","Smpd3/Nfatc3/Igf1/Cd47/Ddah1/Rock2/Mtor/App/Atp2b4/Hsp90ab1/Agt/Ptk2b"
"GO:0061053","GO:0061053","somite development",39,0.227972630393834,0.798946374072922,0.775618374558304,0.939057451957112,0.805952596283929,1988,"tags=33%, list=25%, signal=25%","Nrarp/Palb2/Axin2/Ep300/Meox2/Ppp2r3a/Rbbp6/Plxna2/Bmpr1a/Loxl3/Mib1/Nle1/Wnt5a"
"GO:0050777","GO:0050777","negative regulation of immune response",55,0.218393396032393,0.816230810179098,0.790017211703959,0.942607535765143,0.808999480429457,870,"tags=16%, list=11%, signal=15%","Parp14/Stat2/Samhd1/Rc3h1/Drd2/Usp18/Gigyf2/Parp1/Smpdl3b"
"GO:0060688","GO:0060688","regulation of morphogenesis of a branching structure",26,0.251234870339717,0.796465739593442,0.789189189189189,0.942607535765143,0.808999480429457,1000,"tags=15%, list=12%, signal=14%","Sulf1/Bcl11a/Lgr4/Map3k13"
"GO:0007595","GO:0007595","lactation",24,0.252319878918657,0.784791486798412,0.793960923623446,0.943738084897069,0.809969782093325,1129,"tags=21%, list=14%, signal=18%","Erbb4/Kalrn/mt-Co2/Ncoa1/Chuk"
"GO:0006809","GO:0006809","nitric oxide biosynthetic process",32,0.2369483010276,0.784118038007179,0.793906810035842,0.943738084897069,0.809969782093325,1723,"tags=25%, list=22%, signal=20%","Smpd3/Nfatc3/Rora/Igf1/Cd47/Ddah1/Por/Rock2"
"GO:2000027","GO:2000027","regulation of animal organ morphogenesis",34,0.232245693108552,0.778202592739882,0.796703296703297,0.945729493720565,0.811678922581178,820,"tags=15%, list=10%, signal=13%","Robo1/Sulf1/Robo2/Lgr4/Bmp2"
"GO:0000266","GO:0000266","mitochondrial fission",34,-0.226591522108211,-0.806907202844817,0.798245614035088,0.946763485393472,0.812566353133567,2120,"tags=38%, list=26%, signal=28%","Mfn1/Ppp2r2b/Mcu/Ddhd2/Dnm1l/Mtfr1l/Ddhd1/Mapt/Gdap1/Rala/Myo19/Vps35/Bnip3"
"GO:0007019","GO:0007019","microtubule depolymerization",33,0.234444236409006,0.778356317895757,0.805860805860806,0.950090757071191,0.815422007216936,1671,"tags=30%, list=21%, signal=24%","Mid1/Fgf13/Taok1/Stmn3/Ccdc88c/Nav3/Map1a/Ttbk2/Mid1ip1/Map2"
"GO:0045732","GO:0045732","positive regulation of protein catabolic process",134,-0.183471285795803,-0.875014135228389,0.809917355371901,0.953329016349661,0.818201265788906,1385,"tags=19%, list=17%, signal=16%","Nsf/Sorl1/Nub1/Psen1/Bbs7/Sgta/Stub1/Paqr3/Vip/Gja1/Snx1/Atxn3/Oaz2/Sgsm3/Trib2/Msn/Rnf41/Gga3/Rab7/Zer1/Vps11/Sox9/Fzr1/Vps35/Lrp1"
"GO:0051647","GO:0051647","nucleus localization",27,0.239766503465827,0.772460886005757,0.814285714285714,0.955931882686849,0.820435193945128,1571,"tags=26%, list=20%, signal=21%","Dmd/Tacc2/Cdc42bpa/Ptk2/Syne2/Tlk2/Nudc"
"GO:0031113","GO:0031113","regulation of microtubule polymerization",37,-0.216350882988886,-0.788711101405274,0.81981981981982,0.957838797367756,0.822071816746817,1354,"tags=19%, list=17%, signal=16%","Cdk5rap2/Camsap1/Mapt/Drg1/Stmn1/Pak1/Sgk1"
"GO:0051653","GO:0051653","spindle localization",30,-0.22943559957959,-0.786909614940557,0.820454545454545,0.957838797367756,0.822071816746817,2113,"tags=33%, list=26%, signal=25%","Hdac3/Ska2/Pafah1b1/Dync1h1/Itgb1/Cdk5rap2/Spry2/Ubxn2b/Aspm/Gja1"
"GO:0001881","GO:0001881","receptor recycling",39,-0.214286336977314,-0.787842532970295,0.830275229357798,0.959568132518241,0.823556030680132,2432,"tags=38%, list=30%, signal=27%","Psen2/Optn/Caml/Tbc1d16/Anxa2/Lmtk2/Nsf/Sorl1/Psen1/Pex5/Ap1ar/Plekha3/Ctsd/Pex10/Eps15"
"GO:1902882","GO:1902882","regulation of response to oxidative stress",22,-0.239627179955929,-0.755843768722717,0.834467120181406,0.960124652774712,0.824033668064993,1200,"tags=23%, list=15%, signal=19%","Trpm2/Nfe2l2/Rnf146/Pnpla8/Macroh2a1"
"GO:0045190","GO:0045190","isotype switching",27,-0.228488346679044,-0.763034420902552,0.839366515837104,0.961836475610964,0.82550285193269,2384,"tags=37%, list=30%, signal=26%","Trp53bp1/Swap70/Ndfip1/Paxip1/Rif1/Mlh1/Rnf8/Msh6/Slc15a4/Supt6"
"GO:0006970","GO:0006970","response to osmotic stress",43,-0.20476984101795,-0.774614962874689,0.841743119266055,0.963493307846939,0.826924839734829,1533,"tags=21%, list=19%, signal=17%","Ryr1/Mlc1/Pkd2/Tspo/Letm1/Casp3/Lrrc8d/Prkg2/Mylk"
"GO:0033627","GO:0033627","cell adhesion mediated by integrin",36,-0.214054866508766,-0.770784003368193,0.845102505694761,0.963832235255395,0.827215726542902,1658,"tags=31%, list=21%, signal=24%","Rac3/Emilin2/Itga3/Itgb1/Itga11/Plpp3/Itga6/Itgav/Ptpn11/Itgax/Dpp4"
"GO:0014046","GO:0014046","dopamine secretion",21,0.241473188093664,0.726123762627789,0.845744680851064,0.963832235255395,0.827215726542902,1073,"tags=14%, list=13%, signal=12%","Syt1/Drd2/Cnr1"
"GO:0032886","GO:0032886","regulation of microtubule-based process",158,-0.173664115049407,-0.848082846968091,0.849431818181818,0.96425158252615,0.827575634257712,1667,"tags=21%, list=21%, signal=17%","Bicd1/Kif3a/Spice1/Dync1h1/Wdr47/Chmp4b/Cdk5rap2/Camsap1/Prkaa2/Dync1li1/Cfap69/Spast/Tac1/Lamp1/Dixdc1/Mapt/Rnf4/Cfap20/Tppp/Anxa5/Drg1/Gen1/Stmn1/Rae1/Cyld/Ccnl2/Cltc/Chmp2b/Mkks/Spag6l/Pak1/Sgk1/Apc2"
"GO:0098732","GO:0098732","macromolecule deacylation",41,0.212979921254765,0.750024058317632,0.848754448398576,0.96425158252615,0.827575634257712,891,"tags=15%, list=11%, signal=13%","Ncor2/Sirt2/Ep300/Spred2/Hdac9/Hdac4"
"GO:0006334","GO:0006334","nucleosome assembly",30,0.227491055551957,0.746812620351974,0.852313167259786,0.965204732429205,0.828393681798268,1821,"tags=30%, list=23%, signal=23%","H1f0/Smyd3/Kat6b/Hira/Baz1a/Nasp/Rsf1/Atad2b/Atrx"
"GO:1902459","GO:1902459","positive regulation of stem cell population maintenance",34,0.221650019478188,0.742698895854875,0.853479853479853,0.965292611826002,0.828469104902426,1030,"tags=15%, list=13%, signal=13%","Sap130/Tead1/Arid1a/Arid4b/Ncoa3"
"GO:0046677","GO:0046677","response to antibiotic",20,0.245046672321007,0.726032433016381,0.856127886323268,0.966033711387628,0.829105158761061,2158,"tags=35%, list=27%, signal=26%","Gria1/Ehmt1/Vps54/Cdkn1b/Cyb5r4/Pla2g4a/Kdm1a"
"GO:0034103","GO:0034103","regulation of tissue remodeling",36,-0.207663007968598,-0.747767744056229,0.865603644646925,0.970337306541388,0.832798749265347,1528,"tags=25%, list=19%, signal=20%","Il18/Def8/Abr/Dlk1/Gja1/Inpp4b/Nf1/Itgav/Lrp1"
"GO:0010762","GO:0010762","regulation of fibroblast migration",28,0.228036458064664,0.741270887078542,0.866548042704626,0.970577609752149,0.833004991169082,1381,"tags=25%, list=17%, signal=21%","Appl2/Slc8a1/Aqp1/Ptk2/Prkce/Rffl/Gna13"
"GO:0034976","GO:0034976","response to endoplasmic reticulum stress",172,-0.172566908734587,-0.846172248531432,0.86890243902439,0.971986363216598,0.834214063638323,1952,"tags=29%, list=24%, signal=22%","Usp14/Rnf145/Ubxn6/Uggt2/Hspa5/Jun/Sel1l/Ufd1/Ube4a/Ern1/Rnft1/Ufl1/Eif2s1/Psmc6/Sec16a/Derl1/Eif4g1/Tmed2/Cops5/Pik3r2/Usp19/Sec61b/Canx/Uba5/Dnm1l/Pdia6/Aup1/Sgta/Stub1/Ufm1/Man1c1/Ccnd1/Nfe2l2/Marcks/Xbp1/Tor1a/Atxn3/Rasgrf1/Casp3/Man1b1/Rnf103/Txndc12/Trim13/Get4/P4hb/Bfar/Mbtps2/Ube2j2/Bok/Park7"
"GO:0090398","GO:0090398","cellular senescence",61,-0.18822884808674,-0.777797387981463,0.875586854460094,0.972359745257331,0.834534521374436,1837,"tags=26%, list=23%, signal=20%","Nuak1/Pnpt1/Smc6/Arg2/Vash1/Pot1b/Kras/Mif/Nek4/Pla2r1/Cited2/Nsmce2/Fzr1/Map2k1/Ndufs6/Id2"
"GO:0001947","GO:0001947","heart looping",30,-0.21719154552423,-0.744915417528866,0.877272727272727,0.972359745257331,0.834534521374436,2236,"tags=37%, list=28%, signal=27%","Hif1a/Ift172/Rbpj/Mical2/Tmed2/Kif3a/Psen1/Pkd2/Cluap1/Gja1/Cited2"
"GO:0061371","GO:0061371","determination of heart left/right asymmetry",30,-0.21719154552423,-0.744915417528866,0.877272727272727,0.972359745257331,0.834534521374436,2236,"tags=37%, list=28%, signal=27%","Hif1a/Ift172/Rbpj/Mical2/Tmed2/Kif3a/Psen1/Pkd2/Cluap1/Gja1/Cited2"
"GO:1901568","GO:1901568","fatty acid derivative metabolic process",21,0.233750068253789,0.702899897147617,0.872340425531915,0.972359745257331,0.834534521374436,2232,"tags=33%, list=28%, signal=24%","Far2/Gcdh/Acsl4/Hmgcl/Ggt5/Elovl6/Elovl5"
"GO:0046683","GO:0046683","response to organophosphorus",54,-0.190351090153339,-0.763356945743012,0.882075471698113,0.97426148692375,0.836166704400424,1908,"tags=26%, list=24%, signal=20%","Tyms/Pnpt1/Inhbb/Ryr1/Pkd2/Errfi1/Rap1b/Ssh1/Dmtn/P2rx5/Fos/Pdxp/Rplp0/Inpp5k"
"GO:0072089","GO:0072089","stem cell proliferation",56,-0.18902959910416,-0.762285388378125,0.897374701670644,0.979465365494284,0.840632969415335,1085,"tags=18%, list=14%, signal=16%","Fgf2/Gja1/N4bp2l2/Nf1/Runx2/Ccne1/Trim71/Sox9/Kitl/Ndufs6"
"GO:0050817","GO:0050817","coagulation",65,0.190857316699337,0.747884578400754,0.897689768976898,0.979465365494284,0.840632969415335,424,"tags=8%, list=5%, signal=7%","Prkcd/Angpt2/Gas6/Ubash3b/Adra2c"
"GO:0097006","GO:0097006","regulation of plasma lipoprotein particle levels",21,0.22623239894907,0.680293833241189,0.898936170212766,0.979619375653994,0.840765149707194,1178,"tags=19%, list=15%, signal=16%","Lmf1/Abcg1/Abcc8/Lipa"
"GO:1904035","GO:1904035","regulation of epithelial cell apoptotic process",28,0.218183864469626,0.709243373337089,0.900355871886121,0.979686373221954,0.840822650836364,1612,"tags=25%, list=20%, signal=20%","Bcl2/Capn10/Igf1r/Ppargc1a/Igf1/Cdkn1b/Atg7"
"GO:0022405","GO:0022405","hair cycle process",54,0.195239201009055,0.726808725862282,0.91522491349481,0.985593797137706,0.845892738542209,735,"tags=11%, list=9%, signal=10%","Bcl2/Ext1/Egfr/Lgr4/Mreg/Tgfb2"
"GO:2001057","GO:2001057","reactive nitrogen species metabolic process",36,0.203607420459191,0.693424262628222,0.914742451154529,0.985593797137706,0.845892738542209,1723,"tags=22%, list=22%, signal=18%","Smpd3/Nfatc3/Rora/Igf1/Cd47/Ddah1/Por/Rock2"
"GO:0051602","GO:0051602","response to electrical stimulus",28,-0.201634905082098,-0.68109007888012,0.918181818181818,0.987240377899496,0.847305927945254,2569,"tags=39%, list=32%, signal=27%","Crhr1/Palm/Myo6/Slc9a1/Adss2/Fbxo32/Neurod2/Rab3a/Xbp1/Cyfip1/Sod2"
"GO:0001919","GO:0001919","regulation of receptor recycling",20,0.221268777382492,0.655582494844592,0.928952042628774,0.992296839109706,0.851645670984281,1971,"tags=30%, list=25%, signal=23%","Gria3/Gria1/Ramp3/Kif16b/Inpp5f/Gria2"
"GO:0046503","GO:0046503","glycerolipid catabolic process",31,0.204635357843779,0.671226021611359,0.933333333333333,0.993885996529168,0.853009576403966,310,"tags=6%, list=4%, signal=6%","Plcb1/Plcg1"
"GO:0098727","GO:0098727","maintenance of cell number",119,-0.167895850139007,-0.786483793133026,0.936170212765957,0.994352338291207,0.853409817468117,692,"tags=11%, list=9%, signal=10%","Med12/Kdm2b/Ptn/Taf5l/Raf1/Mettl3/Sox9/Yme1l1/Leo1/Kit/Ldb2/Ogt/Tuba3b"
"GO:0032259","GO:0032259","methylation",112,-0.165024564856362,-0.759731783096006,0.938888888888889,0.994352338291207,0.853409817468117,751,"tags=24%, list=9%, signal=22%","Mtr/Wdr4/Tyms/Prdm11/Eef1akmt2/Setd7/Mto1/Ezh1/Etf1/Snrpb/Ramac/Trmt44/Thada/Nsun2/Comt/Gspt1/Lcmt1/Rab6a/Dph5/Mettl3/Mettl5/Smyd2/Trmt13/Fam98a/Lcmt2/Bud23/Snrpd3"
"GO:1990823","GO:1990823","response to leukemia inhibitory factor",79,-0.176530642013237,-0.75308931397562,0.937984496124031,0.994352338291207,0.853409817468117,1971,"tags=28%, list=25%, signal=21%","Lrat/Rif1/Bclaf1/Chchd4/B3gnt2/Jarid2/Mrpl15/Nup35/Kdm5b/Pfkp/Spry2/Mpc1/Enah/Xbp1/Cacybp/Eif4a2/Ubtf/Nrp2/Mcf2/Smarca5/Nfyb/Rps16"
"GO:0065004","GO:0065004","protein-DNA complex assembly",85,-0.166454660517385,-0.729530589563869,0.941624365482233,0.994352338291207,0.853409817468117,1806,"tags=24%, list=23%, signal=18%","Gtf2f2/Psmc6/Med17/Smarcb1/Hmgb1/Sugt1/Med23/Rrn3/Nap1l4/Gtf2a2/Taf7/Rnf4/Asf1a/Gtf2h5/Med9/Sox9/Taf10/Cenpv/Macroh2a1/Smarca5"
"GO:0006986","GO:0006986","response to unfolded protein",75,0.179869545594017,0.722096923573701,0.936454849498328,0.994352338291207,0.853409817468117,2595,"tags=35%, list=32%, signal=24%","Tmtc4/Pacrg/Dab2ip/Creb3l3/Creb3l2/Parp6/Elp6/Atf4/Stt3b/Derl2/Atad3a/Rpap2/Pmp22/Edem1/Bak1/Hsf1/Vapb/Tmbim6/Ptpn1/Upf2/Jkamp/Crebrf/Abcb10/Tbl2/Qrich1/Dnajc10"
"GO:0010463","GO:0010463","mesenchymal cell proliferation",27,-0.19650889518744,-0.656239380348675,0.941176470588235,0.994352338291207,0.853409817468117,1899,"tags=26%, list=24%, signal=20%","Ctnnbip1/Fgfr2/Hmgb1/Prkar1a/Fat4/Ptn/Sox9"
"GO:0002931","GO:0002931","response to ischemia",32,0.19770328394434,0.65424698316767,0.948028673835125,0.997447483020826,0.856066246982107,2501,"tags=38%, list=31%, signal=26%","Bcl2/Faim2/Panx2/Panx1/Rcan1/Rock2/Cpeb4/Pink1/Slc26a5/Rest/Per2/Map3k5"
"GO:0007097","GO:0007097","nuclear migration",22,0.203909150226248,0.623488905944957,0.948306595365419,0.997447483020826,0.856066246982107,997,"tags=18%, list=12%, signal=16%","Tacc2/Cdc42bpa/Ptk2/Syne2"
"GO:0050868","GO:0050868","negative regulation of T cell activation",39,0.184091006411985,0.645160087060471,0.948763250883392,0.997533208421882,0.856139821404422,2603,"tags=36%, list=33%, signal=24%","Nrarp/Rc3h1/Prnp/Tmem131l/Pag1/Loxl3/Glmn/Pawr/Peli1/Ildr2/Lgals1/Cd276/Tsc2/Scrib"
"GO:0043045","GO:0043045","epigenetic programming of gene expression",20,-0.201445297230495,-0.618218787950723,0.954441913439636,0.99837296620776,0.856860549370924,2403,"tags=35%, list=30%, signal=25%","Dnmt1/Trim28/Axin1/Ddb1/Tet3/Pik3ca/Dcaf13"
"GO:1902692","GO:1902692","regulation of neuroblast proliferation",28,-0.187903909874486,-0.634708999149668,0.959090909090909,0.999695306653362,0.857995457265094,1435,"tags=21%, list=18%, signal=18%","Itgb1/Fgf2/Aspm/Nf1/Ptn/Id4"
"GO:0050821","GO:0050821","protein stabilization",126,-0.146492707339942,-0.68839196046522,0.989189189189189,1,0.858256962451258,2343,"tags=28%, list=29%, signal=20%","Ppib/Gtpbp4/Nop53/Caml/Sav1/Wdr81/Zfp207/Creb1/Cdc37/Rpl23/Phb2/Ubr4/Dvl3/Ift80/Ufl1/Sec16a/Usp19/Nckap1/Stub1/Cct2/Lamp1/Gapdh/Mcm8/Plpp3/Coa8/Rab21/Lamp2/Rpl5/Cep63/Chek2/Ube2b/Cct8/Bag1/Pfn2/Park7"
"GO:0031507","GO:0031507","heterochromatin formation",86,-0.149841772343932,-0.660518118309689,0.989847715736041,1,0.858256962451258,2301,"tags=28%, list=29%, signal=20%","Spty2d1/Trim28/Hells/Wdhd1/Hdac3/Hat1/Smarcad1/Rlim/Rif1/Lrif1/Rb1/Ezh1/Jarid2/Suz12/Pcgf5/Mbd3l2/Cbx1/Piwil1/Cbx3/Mettl3/Cenpv/Macroh2a1/Znfx1/Smarca5"
"GO:0035050","GO:0035050","embryonic heart tube development",45,-0.169123312181167,-0.639395967668887,0.990407673860911,1,0.858256962451258,1884,"tags=31%, list=24%, signal=24%","Hif1a/Ift172/Rbpj/Mical2/Tmed2/Kif3a/Nckap1/Psen1/Pkd2/Cluap1/Gja1/Ift122/Cited2/Tmem94"
"GO:0045995","GO:0045995","regulation of embryonic development",52,0.169565948643431,0.630260376440194,0.984402079722704,1,0.858256962451258,79,"tags=4%, list=1%, signal=4%","Plcb1/Tenm4"
"GO:0006509","GO:0006509","membrane protein ectodomain proteolysis",27,-0.186880722438229,-0.624086199125985,0.968325791855204,1,0.858256962451258,6511,"tags=100%, list=81%, signal=19%","Bace1/Sh3d19/Rbmxl1/Adam9/Dag1/App/Prkcq/Adam10/Tspan5/Timp2/Rgma/Ptpn3/Bace2/Nrdc/Adra2a/Myh9/Gpld1/Lrig2/Psen2/Sppl2a/Sppl2b/Timp3/Ncstn/Snx9/Psen1/Timp4"
"GO:0044788","GO:0044788","modulation by host of viral process",26,-0.187423900543695,-0.622236773972886,0.970917225950783,1,0.858256962451258,2343,"tags=27%, list=29%, signal=19%","Ppib/Rab5a/Hspa8/Smc6/Eea1/Fbxl2/Eef1a1"
"GO:0070613","GO:0070613","regulation of protein processing",26,-0.180259805353702,-0.598452382192944,0.982102908277405,1,0.858256962451258,2440,"tags=31%, list=30%, signal=21%","Snx12/Rnf139/Anxa2/Spon1/Timm23/Clec3b/Eno1/Rfx4"
"GO:0035821","GO:0035821","modulation of process of another organism",51,-0.144020503500347,-0.566057615941451,1,1,0.858256962451258,2068,"tags=24%, list=26%, signal=18%","Rab5a/Hspa8/Jun/Smc6/Smarcb1/Trim26/Eea1/Snx3/Mre11a/Fbxl2/Eef1a1/Inpp5k"
"GO:0140719","GO:0140719","constitutive heterochromatin formation",33,-0.152553479421798,-0.537192523618464,0.995614035087719,1,0.858256962451258,2403,"tags=30%, list=30%, signal=21%","Dnmt1/Trim28/Hells/Hat1/Rif1/Ezh1/Mbd3l2/Piwil1/Cenpv/Smarca5"
"GO:0010464","GO:0010464","regulation of mesenchymal cell proliferation",23,-0.165835739311939,-0.528050233741611,0.984162895927602,1,0.858256962451258,1899,"tags=30%, list=24%, signal=23%","Ctnnb1/Lrp6/Ctnnbip1/Fgfr2/Hmgb1/Ptn/Sox9"
"GO:0006739","GO:0006739","NADP metabolic process",20,0.177031274739938,0.524514150312785,0.985790408525755,1,0.858256962451258,1576,"tags=25%, list=20%, signal=20%","Prps2/Me1/Rpe/Nudt13/Cyb5r4"
"GO:2000772","GO:2000772","regulation of cellular senescence",33,0.151736756900523,0.503766973330456,0.996336996336996,1,0.858256962451258,2751,"tags=39%, list=34%, signal=26%","Fbxo5/Cdk6/B2m/Ilk/Bmpr1a/Abl1/Pawr/Mtor/Icmt/Terf2/Morc3/Zfp277/Akt3"
"GO:0050433","GO:0050433","regulation of catecholamine secretion",32,0.146544540309557,0.484950585971111,1,1,0.858256962451258,2034,"tags=25%, list=25%, signal=19%","Syt1/Drd2/Cnr1/Plcd1/Kcnb1/Kcna2/Pink1/Grk2"
"GO:0046685","GO:0046685","response to arsenic-containing substance",20,-0.157718149894556,-0.48402382585322,0.997722095671982,1,0.858256962451258,2572,"tags=35%, list=32%, signal=24%","Nefl/Ddx3x/Zfand1/Uros/Alad/Rnf4/Ppif"
"GO:0007164","GO:0007164","establishment of tissue polarity",23,-0.146689759308756,-0.46708605763675,0.995475113122172,1,0.858256962451258,1058,"tags=39%, list=13%, signal=34%","Celsr1/Fzd6/Intu/Exoc5/Ttc8/Pafah1b1/Fat4/Wdr1/Spag6l"
